idINS,distance,tt_bike,tt_car,tt_walk,tt_transit,part_transit,walktime
CRS3035RES200mN2612400E3466800,30123.62194870391,176.9094547204843,52.037750120332866,256.3779825345529,80.6292480115691,0.5325448669462982,27.662132011155915
CRS3035RES200mN2612400E3467800,29825.658933243878,184.91013753773902,45.01657162026166,261.16951358604496,74.75290452723233,0.5255015095605502,23.78075990092692
CRS3035RES200mN2615200E3503000,37862.316643369166,249.00220087440178,70.18810040745909,351.51460309906855,16.921052631578945,5.650893733456264e-4,16.921052631578945
CRS3035RES200mN2615200E3503600,38358.93467497205,251.3081122678631,70.9637292909933,354.84222677179076,4.111111111111111,3.9203728710197325e-4,4.111111111111111
CRS3035RES200mN2618200E3480000,30156.207369412725,208.42298230922134,57.099131162985444,292.8384277190409,27,1.5701873756934968e-4,27
CRS3035RES200mN2618200E3482800,33871.43026402146,230.53207290815075,63.013126230584014,324.2864972538542,NA,NA,NA
CRS3035RES200mN2618200E3484200,34344.04071807781,235.14406550886324,62.51283406820824,331.0172433186351,NA,NA,NA
CRS3035RES200mN2624000E3465200,26130.832153771917,149.25359230068094,41.93679963540829,216.78538684252854,43.79808873384759,0.545627580290601,17.833130251068617
CRS3035RES200mN2624000E3466000,25749.817308882804,146.36047103492868,43.86379331691681,212.49911268245037,46.917685551920094,0.559202652322846,13.71655637285051
CRS3035RES200mN2624000E3466200,25300.065000277424,144.921045330966,43.215974033179826,210.43659490650836,47.452778666141846,0.563848970759585,13.860168761839168
CRS3035RES200mN2626400E3497000,38607.18948909936,256.7581935936303,66.24935544417644,362.6966049955651,17.296296296296298,2.784481158344164e-4,17.296296296296298
CRS3035RES200mN2628200E3465800,26727.231647812456,168.73614556358186,47.75746217800191,245.46768433964834,56.61033696478338,0.5379582935804825,24.2733772485432
CRS3035RES200mN2628200E3468600,34890.351885795644,218.6752420589568,54.64945118926963,315.3749595669903,63.03883135180559,0.4362128824962807,18.006646563017537
CRS3035RES200mN2635200E3491800,38954.58803514055,242.21896451563185,63.50807971830652,341.56190498772924,24.669172932330827,0.0015768195667895716,24.669172932330827
CRS3035RES200mN2635400E3465200,27925.21901873685,181.94673671621433,51.866777720826896,252.81518024944515,83.17581638245053,0.44166809043795324,28.244276457883295
CRS3035RES200mN2620000E3472200,30661.973749938177,204.6026633364657,51.48261536178842,286.5389361491666,62.580265471666,0.4359513329046936,27.2710675591355
CRS3035RES200mN2622600E3484800,34061.660526377396,230.43153108814303,59.935210574421596,324.46891185638145,19,3.046708383135289e-4,19
CRS3035RES200mN2622600E3485200,35370.83723297146,237.4205808965155,60.41692566976011,334.348362808615,12,2.845386097005778e-4,12
CRS3035RES200mN2622800E3463000,29079.948913453085,186.5687853284763,38.929581710840345,271.61060168320563,38.40689807867352,0.5106016832056275,18.022135845900262
CRS3035RES200mN2625200E3472400,32194.154565568377,205.34279734497366,53.143491000418535,292.2874484243258,59.41534571899322,0.4210010165640135,16.295778648940406
CRS3035RES200mN2625200E3477200,30563.02609932973,202.7972714904452,53.705143727298825,283.94257148919706,81.8260814928843,0.3973064393324763,12.782771512047994
CRS3035RES200mN2625200E3484600,35101.00842591728,229.86789282046493,58.504423023060404,323.61522033423586,NA,NA,NA
CRS3035RES200mN2628600E3483000,35951.275271844584,238.20902952036982,56.21144704898283,336.0404451516821,18.107142857142858,0.0017136911683701562,18.107142857142858
CRS3035RES200mN2610200E3497200,38824.88005215124,253.11360173418578,69.14242628925088,356.9945963776881,2,5.654953582256013e-4,2
CRS3035RES200mN2613200E3473600,28497.323802077517,182.96705015078746,53.97027532670613,255.21795766782085,88.38646934460888,0.4292555567966045,24.21507887461376
CRS3035RES200mN2613200E3480000,29099.983410626366,197.43945379594697,55.467851826405635,276.81335165464327,26.999999999999996,7.156761708462164e-5,26.999999999999996
CRS3035RES200mN2616200E3485200,32340.060829748905,219.00493964201485,63.37063965589017,307.4155126959898,13.394736842105265,0.0010545303177466347,13.394736842105265
CRS3035RES200mN2616200E3488200,35024.46682587332,230.4608487991259,64.97495906113532,324.6133187772926,27.201892744479498,0.004325873362445411,27.201892744479498
CRS3035RES200mN2616200E3492000,36652.88594294347,239.7376351909108,69.7153610454297,338.1701481678388,79.06036454610437,0.3914765016159947,27.57918155825591
CRS3035RES200mN2616200E3501000,39317.78146923952,257.017650209686,71.39948786956343,362.57926916896344,11.933333333333332,1.9596827926786226e-4,11.933333333333332
CRS3035RES200mN2620000E3495600,38565.94949118414,251.23410494402404,71.24661721400065,354.61407040170843,NA,NA,NA
CRS3035RES200mN2625800E3488400,37102.1489278474,238.04337209440143,64.08788212842126,335.53913445467833,4.557046979865772,0.0017661771155601373,4.557046979865772
CRS3035RES200mN2626000E3457200,32504.016997742037,199.52945429636955,48.79179034426773,291.59924651800026,50.10184752392428,0.5156277748179722,15.789104283008195
CRS3035RES200mN2632200E3482400,33605.559204942,227.25860605489012,51.60248278789022,319.8607705366406,23.333333333333332,2.475714420447043e-4,23.333333333333332
CRS3035RES200mN2610200E3486400,36101.728899209855,223.75619623479213,62.97260073902049,314.51062524646164,21.5,2.336823964129752e-4,21.5
CRS3035RES200mN2619400E3464200,26673.569429554816,165.31234836088697,47.25332900750437,238.92537945043165,45.08888287534749,0.57339333070022,19.905636055007513
CRS3035RES200mN2619400E3464600,27296.984543549497,165.913154156646,48.08691616387494,240.14245531130894,47.70648724445866,0.5716917710926402,20.669312898226305
CRS3035RES200mN2619400E3465200,30144.638837594855,176.9398579342508,50.93747220013209,254.7583130029249,58.39290187891441,0.5487862409187099,26.242507675303933
CRS3035RES200mN2619400E3466200,27302.77677172446,159.8445901912116,46.43310362040518,223.7438400421522,79.8789638502935,0.4560656692411147,36.50383691587364
CRS3035RES200mN2619400E3471000,24539.339802430295,163.83425124573833,46.081708774077065,227.6072209109189,54.46257018091069,0.5138269662266519,17.83394771167697
CRS3035RES200mN2619400E3472600,31628.46015813987,210.94014995607225,52.44525881262712,296.12166179249255,62.970315029969036,0.42366802662141506,22.73373007982272
CRS3035RES200mN2622400E3462200,29425.78733341955,185.9722085651435,41.16219433303144,271.5906585586748,45.167802405963286,0.5259283219045144,20.47096115525599
CRS3035RES200mN2625000E3461800,36497.73354658543,235.55041381061184,49.12160446813912,341.7778420919015,32.974513518167726,0.4127849708047728,17.637742625894855
CRS3035RES200mN2628600E3462400,33447.74699025631,212.45057269515516,47.9278449110016,310.6508809829204,48.773401559693966,0.45735727626634265,17.2331767079141
CRS3035RES200mN2628600E3463000,33989.31969172662,217.62358771709586,48.410809217636206,316.8589409106291,45.05062855174789,0.44373246585959586,12.334933208689026
CRS3035RES200mN2628600E3465200,27322.450055032074,173.4294112909716,45.878687820461266,252.25908029314604,47.36563958421728,0.5061877533489032,20.364247454391126
CRS3035RES200mN2636800E3476600,36180.80426475885,228.47424536300318,58.36053007514421,321.891685346279,NA,NA,NA
CRS3035RES200mN2611000E3485600,32501.852445298457,214.43979730986177,63.04094092853158,300.879982024422,NA,NA,NA
CRS3035RES200mN2614200E3495600,38075.77174287573,253.13313084648783,70.36248548347989,357.3848441149074,29.818181818181813,2.8075907043224115e-4,29.818181818181813
CRS3035RES200mN2619800E3489000,36298.43200665119,248.51377134451798,64.42576051503973,350.61536165767876,13.166666666666666,6.395361231320225e-4,13.166666666666666
CRS3035RES200mN2620000E3469600,23967.11015924207,157.90996918823956,44.69772799262825,223.77442623894956,67.11926631921455,0.5000287960376651,31.399838751475716
CRS3035RES200mN2620000E3472000,30413.523979661917,203.3569153122543,51.740240108936064,284.08887278723756,63.328152476033765,0.4404662260921713,28.454296897158063
CRS3035RES200mN2622800E3464000,30162.411303403947,189.79432390569926,40.32242996353347,275.3567987511129,44.230485374793965,0.4957618333272353,22.129265172574996
CRS3035RES200mN2622800E3467800,30473.19200158432,187.38397841343678,51.58770160042589,270.6537980715676,60.129633317213255,0.4351103464494812,21.78781327340482
CRS3035RES200mN2625600E3461400,36718.966046959926,240.77144049523545,48.219686205149095,349.6926141952921,35.315702723314224,0.40390902135355083,16.961647272995634
CRS3035RES200mN2625600E3462000,36434.81493205148,242.06186191467097,47.17726193616449,350.53077952655894,31.290929666166477,0.3971296540539485,14.874525818593305
CRS3035RES200mN2627000E3477400,33575.63084012835,217.2088296813301,60.11330715971493,305.1675558985709,82.27355400807662,0.35176671923760855,19.31535183948616
CRS3035RES200mN2627000E3478600,34287.63888369215,221.6086100075929,61.706418989556575,311.55993661344,NA,NA,NA
CRS3035RES200mN2627000E3492600,37930.43927969198,250.66294422703646,63.30038284920399,353.62038539446104,10.399999999999999,2.1210482220313242e-4,10.399999999999999
CRS3035RES200mN2631800E3463400,34111.00267767995,221.41869383679767,53.89832758464192,315.9401833529999,65.06260150597963,0.46108287192520647,21.55056597273488
CRS3035RES200mN2611400E3477200,29321.07360621538,190.3606071505647,56.692712754478094,266.4818502266024,10.557692307692308,0.0014962952305589525,10.557692307692308
CRS3035RES200mN2614400E3475200,33517.725599855665,212.4828552528714,53.6466534367671,298.3979553791567,NA,NA,NA
CRS3035RES200mN2617200E3494200,38293.274684031916,251.0300371580894,68.41748791430008,354.4128027638652,NA,NA,NA
CRS3035RES200mN2619800E3472400,32019.361401786355,211.0968367615718,52.39851775580087,296.3641435789373,61.00093585162498,0.42218816599219366,23.114026430718607
CRS3035RES200mN2622800E3474200,33041.3948475975,214.58235426620342,52.28309760637365,301.3000509786725,67.69746562109322,0.4172663576331677,15.132736674622096
CRS3035RES200mN2622800E3474600,32965.959898146495,216.1253034878898,53.078924616568976,303.1709717534197,64.06792227714347,0.4169124178362049,11.177166070109667
CRS3035RES200mN2625400E3462600,37479.27033447538,244.4937723598781,49.513609949080994,353.91920157489255,31.043838716819604,0.3847224062541407,16.498804398632185
CRS3035RES200mN2625400E3463800,26270.504866935902,168.7505695350523,37.248860929895415,245.94696852024438,3,1.0355182768975873e-4,3
CRS3035RES200mN2625400E3464200,26273.063957824354,169.21728172817282,36.59290214735759,246.2952295229523,40.05257201899186,0.5226822682268227,23.46111589460995
CRS3035RES200mN2632000E3491200,37456.60343467699,249.05263489993584,57.58060343467699,351.56612226440495,NA,NA,NA
CRS3035RES200mN2611200E3480800,30908.67772974084,200.49778010684585,58.17808637931789,281.2296897972263,NA,NA,NA
CRS3035RES200mN2611200E3482000,30823.436090341405,200.32265474446913,60.933384722115115,280.8242503661448,NA,NA,NA
CRS3035RES200mN2614400E3492400,36502.151900083976,243.50988363568504,67.21469416045746,343.7099156258747,82.10814491964042,0.342521626701145,33.26091372533763
CRS3035RES200mN2617400E3498600,38838.771654620774,258.14930274795677,71.0241083757324,364.33418338786123,2.8405797101449277,0.0017166954855884658,2.8405797101449277
CRS3035RES200mN2627000E3471000,31796.70757276021,198.0019189538143,52.33323462171729,287.006775565321,58.91238661710027,0.3983013705120751,19.56629888475836
CRS3035RES200mN2631800E3475000,36519.49974509322,232.51972342594993,56.68506245220496,327.39487212167654,31.79591836734694,0.0015613051236298798,31.79591836734694
CRS3035RES200mN2631800E3491000,37492.49752592254,249.0260539779587,57.64976309790192,351.5124754430746,25.43783783783784,0.0019435427106642682,25.43783783783784
CRS3035RES200mN2636200E3487400,39454.79524831685,235.83653283247136,67.66174748755967,332.3795126353789,NA,NA,NA
CRS3035RES200mN2608400E3468000,30212.685760033055,194.80149527400445,45.648894685191884,272.0138939104385,77.18254536161513,0.5052683229172047,12.985244058267314
CRS3035RES200mN2617400E3477400,28443.194656888423,202.18107647983237,52.84049240440021,283.8066134101624,13.229007633587786,0.00857778941854374,13.229007633587786
CRS3035RES200mN2620600E3465800,25525.61687318448,149.18370497186405,43.16984044568556,216.59592203308975,64.10059856639651,0.5696945033047536,27.456565756090363
CRS3035RES200mN2620600E3467000,25475.894424413604,155.05785339237485,42.88822779430519,221.81540380845354,69.51793191782849,0.5565715695817286,30.46506478151635
CRS3035RES200mN2623200E3475200,33387.81482305289,219.33247093806006,52.81867456480257,307.4193933576054,68.7098488292794,0.41198300183795566,13.356419072516495
CRS3035RES200mN2623200E3475800,33718.986808539965,222.38313837244007,54.162296325236184,311.9155539723759,69.62579563537182,0.40438489646772185,13.024661854967029
CRS3035RES200mN2627600E3461600,32824.791815278455,205.8106394386554,42.353439634473276,299.9669324195165,47.24194937144825,0.47379770147096534,21.391613569829484
CRS3035RES200mN2629800E3466400,28867.970439930323,184.57971526986498,48.94410173798017,263.7411365630689,55.452928641678504,0.4794048694877739,12.261271992132011
CRS3035RES200mN2629800E3467200,30983.740897667813,199.54243708191188,52.30461702825092,282.8263667156333,62.432826098285474,0.4659277155240442,19.378685705352023
CRS3035RES200mN2638800E3468000,28507.145168933057,189.26183536033795,53.59068391654589,264.9885128440766,20.111111111111114,6.461525207127791e-4,20.111111111111114
CRS3035RES200mN2613800E3492800,37154.10520693893,244.22027069051666,68.18038372611849,344.75221406454875,19.126126126126124,0.0105058207926013,19.126126126126124
CRS3035RES200mN2613800E3495200,37650.68998873636,252.26817730073478,69.71422513748081,356.1731928708656,23.272727272727273,2.9152587292122093e-4,23.272727272727273
CRS3035RES200mN2617000E3468400,25216.681434043945,158.6034447466154,45.706129192619294,219.9422171535514,67.27667274760198,0.49691493405854376,18.910110045312784
CRS3035RES200mN2620200E3489000,37132.901956607675,251.44848816805157,63.704125206666056,354.8838207102224,12.551724137931036,5.883009260668026e-4,12.551724137931036
CRS3035RES200mN2629400E3459800,33279.24647120093,212.7643157302429,45.005124091611094,311.285476552492,52.708479034041666,0.40057705891508133,18.436271257359714
CRS3035RES200mN2632400E3495400,36511.22943361717,245.49233582899979,58.61977481854043,346.5347202377542,NA,NA,NA
CRS3035RES200mN2632600E3464800,29253.774844741147,191.81383565833744,51.06113275795577,268.2014841017594,66.71739930108515,0.4338204981581712,11.35585494451597
CRS3035RES200mN2638000E3489200,38701.059474671725,236.85934959349566,67.67545966228884,333.7177235772356,11.894736842105264,2.3764853033145727e-4,11.894736842105264
CRS3035RES200mN2638200E3476600,35566.95490793254,230.7272040360822,57.879103505998195,325.29824235097135,20.817391304347833,0.00802101739049565,20.817391304347833
CRS3035RES200mN2610600E3481800,31173.881054087233,200.60344191763969,60.27516902274119,281.3717271051015,NA,NA,NA
CRS3035RES200mN2613400E3465600,29241.90581947579,172.5863090705177,50.86435069160794,253.05901167218198,64.07858457040602,0.549367929883832,26.57402273357357
CRS3035RES200mN2613400E3465800,29344.992644838956,174.29116008452905,50.68935422784521,254.67751186980254,66.19893804406097,0.5375442544666128,23.592076174916393
CRS3035RES200mN2613400E3466000,29457.595460207613,174.20649134948096,51.38708650519031,253.71810380622838,66.21011921476527,0.5421868512110727,16.231238352947173
CRS3035RES200mN2613400E3466400,29456.84700297896,174.41253932459148,52.302820234416465,253.3185361507844,69.66862379700304,0.5452963612572734,19.02138207438798
CRS3035RES200mN2613400E3467600,29857.41132196026,187.02160884288543,43.59113155708901,264.3723468149,80.37868527435178,0.496287777138841,26.626188943533244
CRS3035RES200mN2625400E3459400,36238.014003473785,232.32655232305672,50.18976335214931,338.2352583586621,49.23410169991879,0.44126139817629184,21.453096017122196
CRS3035RES200mN2627200E3467800,37201.56190967188,237.3663317218373,53.883067614758424,342.18585060747245,61.79248486638122,0.39529974806182755,26.306132191544876
CRS3035RES200mN2629200E3478600,34798.67760074977,228.87950640424867,57.552920962199316,322.2720608143289,6.4363636363636365,5.72737686139748e-4,6.4363636363636365
CRS3035RES200mN2638200E3490400,40294.06598752518,241.89950148110782,63.183428461334955,341.0787154107383,26.193548387096776,7.465741877995353e-4,26.193548387096776
CRS3035RES200mN2607800E3491800,37056.21050367392,234.4677955018671,65.83569941321227,329.495242028462,NA,NA,NA
CRS3035RES200mN2621800E3479200,29197.349396425525,197.49212728930164,53.63652937764143,276.4877489572111,87.93195105370489,0.4063423662329771,33.16008157715841
CRS3035RES200mN2622000E3463400,30885.524126414744,193.87442637145153,40.58388273857381,280.4597192157833,41.36128810056828,0.502801657492733,19.075086718000424
CRS3035RES200mN2626800E3460400,31556.688448185665,200.2936105959005,45.88027298235602,293.26291197032384,45.0680951560924,0.483295287011937,21.68551255873455
CRS3035RES200mN2631200E3475600,37186.823983097784,237.38994071916474,58.19553445057537,334.4863900227688,21.35593220338983,6.051157924965642e-4,21.35593220338983
CRS3035RES200mN2611000E3468400,29782.299980220254,190.08358937166236,44.867383134436714,266.56807542691394,NA,NA,NA
CRS3035RES200mN2615000E3484800,32058.839298840827,214.44221091320327,61.32913486005089,300.8234944868533,15.105263157894736,8.057675996607295e-4,15.105263157894736
CRS3035RES200mN2620800E3473000,31859.539895138783,213.72509546107406,51.70767308523185,300.9091397409998,66.80915444936925,0.410990576503147,18.166214910785328
CRS3035RES200mN2623600E3462400,29444.35221984656,187.51787196579048,39.70328260596151,273.5691108036725,37.45799404659401,0.5112438686957615,18.661462766611745
CRS3035RES200mN2629400E3479800,35698.19713993872,231.63527900340196,55.78583237682051,326.2876909954408,13.566265060240962,8.740246201152036e-4,13.566265060240962
CRS3035RES200mN2629400E3480200,35439.904214799244,233.05736259378642,55.584833401162385,328.3194440096419,11.698795180722893,8.661261204854471e-4,11.698795180722893
CRS3035RES200mN2632200E3483600,34461.669363658686,234.38027587438341,54.4185545610785,330.3063634131643,25.719101123595507,9.932370600183023e-4,25.719101123595507
CRS3035RES200mN2637200E3479600,36722.33966391455,234.88828188100223,61.00501435879012,331.0892264201741,11,1.346136587992461e-4,11
CRS3035RES200mN2608200E3468000,30371.024081722397,194.8649481466131,46.00161839532854,272.058132760205,79.0607155671742,0.5051723914704084,14.634960787328923
CRS3035RES200mN2608200E3476600,31294.158248072763,196.25247372109274,58.06259285213713,272.98533987386054,NA,NA,NA
CRS3035RES200mN2614600E3492400,36407.95345163355,242.94869874300343,67.98895531738141,342.9031172969808,80.93999921823085,0.3484045812962181,32.502599382402394
CRS3035RES200mN2614600E3492800,37048.577085587676,247.0816844437574,67.25981604575668,348.8514582367187,84.61555042922512,0.340637398876694,35.42126838860948
CRS3035RES200mN2617600E3476800,33399.48156843271,226.13038669044428,53.85358585972601,318.6018307411008,20.63135135135136,0.010440416262218111,20.63135135135136
CRS3035RES200mN2620400E3483000,34337.01370230458,231.20909985023582,59.78173547622773,325.5330487068869,35,6.258801439524331e-4,35
CRS3035RES200mN2623400E3462800,29349.96708721887,188.89984042287938,39.00691916421483,273.4698050167057,36.86860685379714,0.5067695606642397,17.375517232896257
CRS3035RES200mN2625800E3462800,38145.403970346415,249.65270033162773,47.17284143417511,361.1500592520463,33.78144603803292,0.37341650054658865,17.55923392949397
CRS3035RES200mN2625800E3463600,38063.10212121765,247.19518667809655,48.43320809090412,357.1604136648002,38.18032423921868,0.3707023911576413,20.486435090654137
CRS3035RES200mN2627600E3478400,34571.75048200504,224.05938303341915,60.12305055698388,315.2480612682087,17.924528301886795,5.676949443016277e-4,17.924528301886795
CRS3035RES200mN2630000E3469000,34098.43560819503,222.6701999851154,56.17948690687562,313.55313267486736,NA,NA,NA
CRS3035RES200mN2630000E3469200,32729.357466616246,215.14998777967824,56.47117115115424,302.5272179883124,NA,NA,NA
CRS3035RES200mN2630000E3478800,35020.82086698949,229.08786487820763,58.83280989044463,322.60186128588384,20.125,8.403096541075387e-4,20.125
CRS3035RES200mN2634000E3483200,36369.326923277185,240.9371217250899,57.147080577113265,339.5893431949573,NA,NA,NA
CRS3035RES200mN2600800E3492400,38064.0737099219,241.3963608817988,64.27826732214109,340.6918653186171,24.333333333333336,0.004684166589370208,24.333333333333336
CRS3035RES200mN2601400E3491600,36879.561942405424,236.0111801242236,64.5873840445269,332.80732435266594,28.956521739130434,3.7105751391465676e-4,28.956521739130434
CRS3035RES200mN2613800E3472200,27872.075982397255,176.3246636012297,51.36632909249901,245.66506812603953,73.10492046063888,0.5523851166464493,15.636539590940437
CRS3035RES200mN2616600E3468400,25699.281985618574,159.13741915881747,45.83334056744365,222.02760536481588,70.14750484923297,0.49229567255523243,26.41867983306882
CRS3035RES200mN2616600E3477400,31132.715361999333,214.1759892196499,53.44889133896866,301.17640573318675,13.293233082706767,0.00814651476172976,13.293233082706767
CRS3035RES200mN2616600E3480600,30962.173320783993,215.43160398356716,58.98396143622095,302.92840517405847,18.681159420289855,8.776057896544269e-4,18.681159420289855
CRS3035RES200mN2620200E3472400,31191.56964971209,209.17366842610366,50.90022792706334,293.56467130518234,62.564864711554826,0.4229606525911708,27.149160474218643
CRS3035RES200mN2623000E3474600,33011.49665659925,216.37557730953193,52.61567931557237,303.65191026288886,63.141980569285835,0.4136885525248845,10.128481336287706
CRS3035RES200mN2623000E3475600,33654.42606108824,221.61075558937816,53.64535842355898,310.98615194806695,65.95892045454545,0.40587129728919485,10.472230113636364
CRS3035RES200mN2625400E3464800,23666.96305038319,140.44708162135385,42.31482938485299,203.02673602004836,45.19702139317112,0.5850307427805461,23.835312429955376
CRS3035RES200mN2625400E3465600,24704.924151134637,146.53132214651725,43.51427445239034,213.8451067064587,48.56057499938252,0.5699504476603412,18.4696445772717
CRS3035RES200mN2625400E3467200,27610.701212137148,165.02656973075304,47.36394352124527,241.6762200252419,52.8335794615472,0.4629259570887674,24.435388503919132
CRS3035RES200mN2627200E3462600,33245.681905467805,212.68727329897018,44.22789700052785,308.9764960864242,38.23722600801983,0.4564790171703221,16.320807399936065
CRS3035RES200mN2629200E3466000,28870.380103581665,183.7961780165268,48.96952951306337,262.7851258787092,59.445890323405344,0.502679500854613,21.27695257573821
CRS3035RES200mN2629200E3466400,28654.076643334767,184.86772507462297,47.45396837810712,263.59577158200705,53.1928557908115,0.4820318304461737,13.566707228036025
CRS3035RES200mN2629200E3466600,28551.63256013634,183.69252084769798,49.873352674099415,262.0232089193022,58.468713624253084,0.5029336386225558,16.13593471119271
CRS3035RES200mN2632000E3464000,27531.249022740885,178.4271121636662,50.34763317830362,249.5398464918542,65.50613023340293,0.47126715553399817,15.041785487240016
CRS3035RES200mN2632000E3469400,32090.929929728,206.56178481553596,53.248444993115214,288.31868144912494,18.21978021978022,0.0010801956222401604,18.21978021978022
CRS3035RES200mN2636400E3479600,36943.86963372292,232.35643496528962,62.47999634636437,327.47089651077687,19,1.370113262696378e-4,19
CRS3035RES200mN2610000E3477000,30306.70024295837,192.83904003164096,57.249470294092696,269.99345989773116,19.462962962962962,7.627765064835994e-4,19.462962962962962
CRS3035RES200mN2614000E3491800,36312.856499338384,240.23701399251104,68.19464230411893,339.0495650215378,84.00802542709575,0.354317407584673,34.64594755661501
CRS3035RES200mN2614000E3495200,37580.47554522129,251.7669847124225,69.91263096001711,355.4384621552277,23.272727272727273,2.9399187513363267e-4,23.272727272727273
CRS3035RES200mN2614000E3495400,38145.33452202922,252.96153993634726,70.13212418676585,357.1417487889362,26.818181818181817,2.811968761583394e-4,26.818181818181817
CRS3035RES200mN2616800E3473000,31357.399573289415,205.4545216349753,53.18608075061137,287.7333557917852,77.73421995793963,0.42123321854569046,30.383868961227446
CRS3035RES200mN2616800E3479000,29963.97701225135,206.5925833223554,56.65556580160717,290.2355552628112,24.79815100154083,0.00854959820840469,24.79815100154083
CRS3035RES200mN2619400E3496800,38840.413674511416,257.7891660308704,69.02291214273139,364.111555842479,14.578947368421053,2.230177827337285e-4,14.578947368421053
CRS3035RES200mN2619600E3464400,26169.325122723458,162.52932291515376,48.64626601214157,234.33340110959432,49.28878939211296,0.5903651203996866,17.748195527565226
CRS3035RES200mN2622600E3463400,29000.738607190713,187.32949294328327,38.913879253127625,271.2404418118292,40.06477404118183,0.5090478754711782,16.803018524440912
CRS3035RES200mN2625000E3477400,30832.947664958592,207.0030842460597,52.172802778249995,289.98170094955924,71.74196087930721,0.40102484396629184,11.551671410403925
CRS3035RES200mN2625000E3477600,30738.206652713965,204.28337193030254,53.946550421677046,286.19447918859674,71.74150669169745,0.4089957770374865,11.926097620056932
CRS3035RES200mN2626600E3462800,38213.33533740381,249.59116027265333,48.01995343574975,360.5811555040253,37.49391128933061,0.38007835510383453,19.04633570321533
CRS3035RES200mN2626600E3463400,37408.18524029303,245.42855653591366,48.13212089047263,355.26199569737577,42.953947206573346,0.385236502175005,24.21706561047013
CRS3035RES200mN2626600E3463600,37514.43239521068,247.82021398189912,47.248337049598,358.312747100376,42.50530148343132,0.38082969514137366,24.353750399763847
CRS3035RES200mN2628800E3467400,33381.29790587457,213.5437672214262,54.81050369227378,301.5637606083985,64.01990276079725,0.3876446599801609,25.754772397714017
CRS3035RES200mN2631200E3478200,38341.62458312533,240.7515526709928,59.00104842735902,339.6409585621567,27,1.9970044932601117e-5,27
CRS3035RES200mN2631400E3460000,33906.399601480916,216.87285519243306,49.00821638110232,314.99276761663447,66.32393923819313,0.43076960922989876,17.617734566843684
CRS3035RES200mN2610400E3487800,35962.20499541298,228.48504039537156,64.90712023911692,321.41761119824804,18.36,3.699209848776301e-4,18.36
CRS3035RES200mN2610600E3468600,29892.04500895284,191.1898388488838,44.512398716974324,268.07275631529455,81.75314887466446,0.49909183423720516,22.49320669006815
CRS3035RES200mN2614200E3472000,27406.343330062668,174.57419336490196,50.96405159051814,242.5689745886841,76.93790045619973,0.5548398105882857,19.447496027474497
CRS3035RES200mN2617200E3468800,25313.41342675344,162.90867233860075,45.98016729820545,225.09491670837178,68.12933697718636,0.48136126403088575,17.257961026615977
CRS3035RES200mN2620200E3480800,32045.794013033825,220.34655415244325,58.216669451672196,309.8838413979136,NA,NA,NA
CRS3035RES200mN2623400E3472800,31173.9845478468,202.3896586558248,51.25670029806817,285.1695621266353,62.16609851712971,0.43902074005711933,11.93039884097496
CRS3035RES200mN2627400E3465200,27532.76783344177,175.56350032530904,46.81470396877033,254.6781522446324,45.10618368279433,0.5126089785296031,16.604551454536224
CRS3035RES200mN2632600E3489200,39426.76727607995,242.2347028266878,67.18885066001049,341.53757673885195,28.93333333333333,5.059704513256417e-4,28.93333333333333
CRS3035RES200mN2637800E3488800,38382.873666998436,240.19203516754348,61.499514194985544,338.6161429451633,4.2631578947368425,2.2512915304042847e-4,4.2631578947368425
CRS3035RES200mN2637800E3489200,38169.50115197746,239.89663240578255,61.73112965416801,338.17302343348973,9,2.2681421528250307e-4,9
CRS3035RES200mN2607800E3487600,35168.12350016045,223.40803657362872,63.33830606352259,313.92811998716746,NA,NA,NA
CRS3035RES200mN2614800E3468000,26512.238963856144,164.95301011353035,43.43436065019573,232.56655492013437,74.81891275958313,0.5500887398935118,26.707789414385548
CRS3035RES200mN2618200E3464600,26520.325902058114,162.2735928473976,48.72177711980029,236.1995268367732,53.57627493911289,0.5899880983482829,21.07721223154323
CRS3035RES200mN2621000E3497400,38282.766679439206,255.58525672812524,66.48223865121945,360.78719064148265,13.5,9.015913086597852e-5,13.5
CRS3035RES200mN2626000E3459600,36753.701952842166,236.43692875956222,50.89707965623262,344.1861023956683,42.65211936332997,0.4265506784054063,16.3335383404266
CRS3035RES200mN2626000E3460800,31506.48777459408,198.2771848137536,45.42461795606495,290.20139684813756,39.09660754262097,0.48530324737344793,20.173876356121887
CRS3035RES200mN2629400E3485800,34899.68672822702,239.40984820436876,54.040867216934906,337.6921946120173,16.848484848484848,0.001796720169000588,16.848484848484848
CRS3035RES200mN2629600E3460000,33560.09489688492,213.21773769079812,45.54228671228269,311.859873678166,53.865744269214964,0.40808172639839124,19.970964999706872
CRS3035RES200mN2637600E3491600,37947.17109943717,246.3318135262825,61.7426349930066,347.4501602405256,22.125,6.167332958888109e-4,22.125
CRS3035RES200mN2637800E3475200,36782.27121363852,224.932446943282,61.562588226777656,316.78972768842914,NA,NA,NA
CRS3035RES200mN2611800E3483200,30325.199192851036,209.01108388584655,56.97525223407322,292.9780484289432,15.818181818181818,3.1709426347650664e-4,15.818181818181818
CRS3035RES200mN2611800E3486600,33122.95220644615,217.93489527431106,63.8900916924777,306.09394645650076,23.049999999999997,6.13327608942318e-4,23.049999999999997
CRS3035RES200mN2611800E3486800,33118.109718540676,218.71898509200648,63.91121087226316,307.2159130954382,22.333333333333332,6.435105030107086e-4,22.333333333333332
CRS3035RES200mN2615400E3501600,38435.2978917249,251.9256338348972,70.60204706250806,355.10246700926695,20.166666666666664,5.978903013651825e-4,20.166666666666664
CRS3035RES200mN2618200E3475400,33188.171483048325,217.05739140797235,55.23317642852887,304.7782637192397,6.547794117647059,0.0032413752010963474,6.547794117647059
CRS3035RES200mN2621000E3477200,33671.57957410733,226.19562875349652,53.521604089304724,318.5240911383134,78.50987310430207,0.370306697840738,16.644401114206136
CRS3035RES200mN2626200E3466600,27304.560998690707,166.9799458135103,48.17836170130022,238.86826719902515,50.66564408464707,0.4563720978468,26.363130237182236
CRS3035RES200mN2626200E3467200,27942.257715618867,171.43331727233544,48.94358785788543,245.45786523977327,50.988125337348336,0.44633936043415334,25.261998238686445
CRS3035RES200mN2612200E3479200,29052.478724639335,194.1208167648675,56.836095550459866,271.90067628363215,NA,NA,NA
CRS3035RES200mN2612200E3483000,31497.931658144633,207.22312636961286,60.29459459459459,290.214784514244,12.772727272727273,3.214024835646457e-4,12.772727272727273
CRS3035RES200mN2612200E3484200,32055.103156732606,212.37612040036592,61.20053169080589,297.4722896116919,23.555555555555557,1.307436407745836e-4,23.555555555555557
CRS3035RES200mN2618200E3501000,40048.524504996734,261.02275380592135,70.90220183057812,368.64142616979547,18,7.004763239002522e-5,18
CRS3035RES200mN2624400E3464000,27254.57449104104,170.2613961852161,40.62820628090682,247.45634833986256,39.273635267780264,0.5221116177509473,18.00762872395385
CRS3035RES200mN2624400E3464400,27609.108780580314,173.51386307604778,36.92466021872432,251.57264049560655,40.03515461634973,0.5139262911688476,17.645484513764178
CRS3035RES200mN2626200E3473200,33814.59062781349,211.92142360596705,54.46679734241997,303.248321918199,73.4902506963788,0.36820932432278514,27.569111730114482
CRS3035RES200mN2627600E3495800,38251.456603773586,255.49651423089222,60.03538002345166,360.8460505276623,13.928571428571429,0.00029847564225562307,13.928571428571429
CRS3035RES200mN2627800E3462200,32595.922666974275,206.75433152612757,42.435575037489905,301.85593494059293,43.39922261310242,0.4689006805859961,17.04455214150409
CRS3035RES200mN2629800E3471600,33775.794621790476,211.7455702058757,55.16915336571842,302.1479990747169,82.38703933352421,0.363740458015268,32.64926070781269
CRS3035RES200mN2633200E3464000,28753.789087535846,182.42061618035666,52.59889244954177,256.7129083038176,66.49922734296888,0.46386405801990205,13.472154046601828
CRS3035RES200mN2633200E3465200,29634.479882506526,195.88177545691906,50.53712793733681,274.71738903394254,66.81886456992214,0.4258746736292428,10.961412543682172
CRS3035RES200mN2639000E3476200,31428.49754826417,206.49380761579198,55.71346913614839,290.1938272296786,19.258225324027915,0.014051948779736053,19.258225324027915
CRS3035RES200mN2611400E3478000,29194.143576570266,191.3747387669802,57.19244165795888,267.97126436781576,15.225490196078429,0.0014803204458376856,15.225490196078429
CRS3035RES200mN2615400E3468400,26324.459754024596,160.6555487308412,47.69507334980788,229.00368534575114,65.8581493299298,0.5595868984530118,16.252763241863434
CRS3035RES200mN2618400E3487800,34894.299897985205,233.07406273909717,64.06769956643713,328.1314078041316,16.857142857142858,1.7852588625350677e-4,16.857142857142858
CRS3035RES200mN2618400E3488400,34890.14084710391,232.55895207969655,64.18875428211422,327.40322093740565,26.15625,8.400162753153342e-4,26.15625
CRS3035RES200mN2621200E3497600,38189.71792276549,257.3296814521511,66.09153801663923,363.33354095297415,12.5,8.897984606486631e-5,12.5
CRS3035RES200mN2624200E3471600,31378.30027264841,199.173900111538,52.3510348246375,281.7186516296939,63.15308789273337,0.43626223819556326,16.822672007272313
CRS3035RES200mN2626200E3497200,38807.95095997195,257.1233630983069,66.55007114722319,363.2181023282671,21.555555555555557,2.784021777237013e-4,21.555555555555557
CRS3035RES200mN2626200E3497600,38987.522453771715,256.7762170321605,67.23889890561443,362.81108222566996,24.185185185185183,2.830307350413015e-4,24.185185185185183
CRS3035RES200mN2627600E3489200,38228.455409017864,249.50620949525026,60.08132022056275,352.01595036349477,24.629139072847682,0.0014894897264665548,24.629139072847682
CRS3035RES200mN2629800E3461400,31302.263723641994,199.85331901771556,50.32929250053059,293.1497272125744,59.188598002066826,0.5073970960935842,24.023050046749674
CRS3035RES200mN2632800E3491600,37450.47879912639,245.59759644219127,58.352216274938044,346.3188561599656,NA,NA,NA
CRS3035RES200mN2633000E3464200,28301.56803437407,181.04907351132846,51.98124408135574,254.66031575525435,66.44547465381935,0.4664669050614126,13.701918007453859
CRS3035RES200mN2638800E3479400,33537.4034130745,212.48500995596964,59.195627786970405,298.49627001710655,NA,NA,NA
CRS3035RES200mN2638800E3487400,39824.22483447836,235.2281074328543,69.04117426608379,331.50084946908146,27.499999999999996,1.9987507807620218e-4,27.499999999999996
CRS3035RES200mN2607000E3496600,37998.45356068535,249.09296312569674,68.6378139047553,351.3078379017805,NA,NA,NA
CRS3035RES200mN2607200E3478600,32314.271081310097,201.2152856548026,59.9854982985629,280.7395867733002,NA,NA,NA
CRS3035RES200mN2614800E3478600,27161.668763195565,187.41056532459254,53.297839984645066,262.18800844517193,5.630434782608695,6.791572544329761e-4,5.630434782608695
CRS3035RES200mN2618000E3465400,26880.289002966612,163.2715665173636,49.78298237449824,235.88350008725484,55.08800196487783,0.5920976092141235,26.837335134471278
CRS3035RES200mN2618000E3466400,26269.647120315265,157.80701803952599,47.443585867860776,221.7616155052333,59.7570050920262,0.49658845300823584,22.26780644610697
CRS3035RES200mN2626000E3497200,38830.58444685575,257.06972562393406,66.59967963623222,363.19689970547165,23.703703703703706,2.790265075182144e-4,23.703703703703706
CRS3035RES200mN2626000E3497400,38764.852008059395,256.9656432366975,67.22412803140236,363.05202058691503,23.33333333333334,2.8186952572842403e-4,23.33333333333334
CRS3035RES200mN2627200E3476400,32030.05352683411,208.47323658295207,57.63294538943587,292.1182796965554,82.27078762440777,0.37045893605993446,11.627476231358722
CRS3035RES200mN2632200E3484200,35732.3442572707,235.67597112175656,54.13045156310311,332.2589620178457,25.75652173913044,0.002610847503802761,25.75652173913044
CRS3035RES200mN2632400E3463200,28886.06507948838,185.76741235565194,52.03653358189645,264.1202423489199,68.84585420144687,0.4187509709492003,29.598927224386333
CRS3035RES200mN2638400E3489000,38208.90134768913,238.8727654972104,67.2914727363316,336.7218097194038,14.421052631578949,2.3089355806972962e-4,14.421052631578949
CRS3035RES200mN2611400E3469600,28606.087269022475,175.49995813096623,47.50178641210295,244.7636353486292,79.08423114593549,0.45598168927594424,21.81493633692461
CRS3035RES200mN2614200E3491200,35748.504036094215,236.84994378297344,67.18179721509499,334.1061636924496,86.38023278753205,0.3653385994753078,37.52857762872364
CRS3035RES200mN2620600E3472200,31362.635862744923,209.68449485472505,51.40675758046609,294.38254311632886,64.29954337899544,0.41879310138761205,29.38728881278539
CRS3035RES200mN2620600E3472400,31287.492955737063,209.91487439217224,51.76357432440466,295.5332715102662,66.21538505796727,0.41327531476263507,25.367049279364775
CRS3035RES200mN2627200E3458800,39886.99967529912,255.9669395465995,45.84567852644836,372.950045261335,51.385495338138696,0.39996261020151136,22.51668429727672
CRS3035RES200mN2627200E3460800,31388.626643944728,195.95072796650985,47.727596043418664,287.66325837562823,54.004625756606465,0.5018832042875313,25.15298213670587
CRS3035RES200mN2629200E3471000,32566.58979248064,206.1264885478324,53.321538029618885,298.9845003860281,67.38992614475627,0.3959712701494982,21.34475036927622
CRS3035RES200mN2638000E3484000,37717.03951571355,229.08988923235447,66.44944616177229,322.0816460587326,7,1.2879958784131891e-4,7
CRS3035RES200mN2613200E3465400,29031.091460078285,171.02299479495488,51.83146035888155,253.51550991203334,67.69384525055523,0.5495882262160304,19.155211497715264
CRS3035RES200mN2613200E3466000,29434.77765899123,174.5400082236842,50.49971217105263,254.95100054824562,64.96466954279734,0.5369106359649123,12.915352411099475
CRS3035RES200mN2615800E3493000,37505.65596933187,250.48981380065717,66.12869660460022,353.9555677254472,84.901776504298,0.3185469149324571,35.18934861509071
CRS3035RES200mN2615800E3496400,39506.396099393605,253.98975050743184,72.35663947756584,358.4811084076096,NA,NA,NA
CRS3035RES200mN2618800E3493400,38520.29658853273,252.71267567961786,69.47690025774433,356.59354179837476,18.277027027027028,0.0017993483441132098,18.277027027027028
CRS3035RES200mN2621600E3475800,33123.369718556605,219.542064696952,52.3740044376971,307.89727899100825,79.90806583328089,0.3718089454630395,26.905798102895876
CRS3035RES200mN2624600E3462000,29878.511198758566,185.26040346566663,43.91629380576749,270.415492047071,34.06233855691407,0.5256562782878572,18.861868680656354
CRS3035RES200mN2626400E3467000,28495.60562398905,174.15076521089958,48.67418190867239,249.2303969142715,48.71589262888794,0.4380365808137365,23.313154381479897
CRS3035RES200mN2626400E3470800,32053.322838168802,199.1455939148455,52.342160418236624,288.4974095704597,58.72043743786394,0.4145275998492841,19.210961511148998
CRS3035RES200mN2628200E3483400,36189.465635429784,241.0273997242041,56.223054939344884,340.04265843275977,16.44047619047619,0.0016787577192877272,16.44047619047619
CRS3035RES200mN2630000E3493000,36444.660436636485,250.26321076309833,52.190544887207665,353.22448412571214,15,1.0686158219258601e-5,15
CRS3035RES200mN2630000E3493200,36560.523602398076,250.6748244648453,52.387759027903854,353.7731882741443,18,1.0687071849184023e-5,18
CRS3035RES200mN2630200E3461000,32371.972561910487,206.52212096309287,46.50391885096101,302.59625409363537,58.62644554893952,0.49849746715892507,13.553956498203839
CRS3035RES200mN2633400E3469600,31992.92738576761,211.21304175618423,51.852491088253295,294.92951018399606,10.659340659340659,0.0010922140739584958,10.659340659340659
CRS3035RES200mN2633400E3469800,32036.67841600868,210.85774214935807,51.84113073353023,294.6560424326442,10.175824175824175,0.0010969802905189561,10.175824175824175
CRS3035RES200mN2633400E3470000,32286.10417617927,213.40600376991793,52.436608010490204,297.9493285565429,15.2,0.001346399260065798,15.2
CRS3035RES200mN2633400E3487000,37009.88552043689,240.730928346848,60.33994153014521,339.44405096806213,28.82178217821782,0.0011142368580727023,28.82178217821782
CRS3035RES200mN2608200E3496400,38031.80744316901,247.2603893510243,68.16129760519624,348.62629595540415,26,6.946494625149796e-5,26
CRS3035RES200mN2614600E3478200,26777.24012956316,187.23092299162508,52.26064373048528,261.97345997840614,22.864406779661017,0.0034433452974991976,22.864406779661017
CRS3035RES200mN2614600E3478600,26994.31990899421,187.45922467793406,53.3179440964425,262.25731296537055,4.630434782608695,6.795887010991609e-4,4.630434782608695
CRS3035RES200mN2614600E3490600,35777.37140090641,240.0386503314999,66.75005043101709,338.7028604472895,80.042700729927,0.4053308947134846,29.394618447246184
CRS3035RES200mN2617400E3473800,31729.547812281577,211.82737580417748,50.5290333281992,296.9796571211924,75.07800605472767,0.40310178548155906,27.544464039032444
CRS3035RES200mN2625600E3463000,38170.73475170801,249.31710761612177,47.2827639965152,360.85634371131187,35.34355088686068,0.37277270851483335,18.210625107628708
CRS3035RES200mN2625600E3463600,39050.45504960478,250.37749149246474,47.089792758241956,361.45182664434003,38.71738542153558,0.3659500531158285,23.17191812836724
CRS3035RES200mN2629000E3468200,34539.87444894693,219.1493298303431,54.181079396179385,312.3343055617405,67.83941605839411,0.36450772587611935,31.472595669303345
CRS3035RES200mN2629000E3472600,35801.09604803448,229.7731019477395,54.00872403188351,329.2922864495073,81.59718513398887,0.33296721688738257,19.33033206622476
CRS3035RES200mN2629000E3472800,36268.31962479727,231.78101465893948,54.018481214037045,332.2388198469024,82.05163916181755,0.32488300740694825,22.13468154790295
CRS3035RES200mN2631600E3472200,35240.921510457505,227.78726875887352,55.945709987073805,321.9499057023585,27.321428571428573,0.0014833336865080207,27.321428571428573
CRS3035RES200mN2636400E3490400,39241.47682613382,242.0750826157509,63.29001385812595,341.3498288462222,24.065573770491802,0.00216755303398202,24.065573770491802
CRS3035RES200mN2612400E3486600,33092.654319916786,221.0947258848027,63.9895616470046,310.60257633587787,28.949999999999996,5.783021050196633e-4,28.949999999999996
CRS3035RES200mN2612400E3489000,34255.43937418508,228.4389246054938,65.46506016874213,321.49290413463507,NA,NA,NA
CRS3035RES200mN2615200E3484800,32058.43588981792,214.17987351979966,61.07218142976387,300.4454253498012,10.543859649122806,8.064173846610925e-4,10.543859649122806
CRS3035RES200mN2615200E3491000,35569.752949360045,237.6581246521981,66.63727045075125,335.1904145798553,73.45658523176304,0.40488313856427377,22.6572071607738
CRS3035RES200mN2617800E3477200,32665.416282887236,225.83596279239433,52.933735351785145,318.2512197346222,16.796536796536795,0.007899776571975742,16.796536796536795
CRS3035RES200mN2620800E3486000,35991.89898346175,243.17975908145885,61.956486308597334,342.6106334297983,16,5.850580356676457e-4,16
CRS3035RES200mN2623800E3462000,29523.599741654423,187.54622359556254,41.5271896053898,273.8583278456005,37.654997662919136,0.5147788865812268,19.73987551969298
CRS3035RES200mN2626000E3465600,27250.537168969015,161.57942768347445,46.28318211148716,233.77657795277665,48.14025409979283,0.527582074614483,21.11443726131344
CRS3035RES200mN2627400E3470400,31312.124402029996,191.021514776232,51.34451567470435,280.5952138121947,61.63822050509926,0.4273937009786062,20.023860117610294
CRS3035RES200mN2629600E3466200,28772.249138497962,181.87590424832302,49.566526371169275,260.0153492042615,61.29155895542073,0.4986189661975536,17.818926404642546
CRS3035RES200mN2632800E3480400,34076.98385208558,216.10729646501912,51.54860916702728,303.7591937495226,NA,NA,NA
CRS3035RES200mN2615200E3468800,26164.930162570017,159.55720189497026,44.53367316082768,226.00165593906144,70.9469607893257,0.5633360692326522,23.378053269260302
CRS3035RES200mN2618000E3494000,38182.43234621857,249.51627609072415,67.00521186547108,351.9876171099892,11.37125748502994,0.002097304900409414,11.37125748502994
CRS3035RES200mN2621200E3463800,31426.839898144957,194.97711951975595,40.346602371697095,281.9814741918024,41.32502644591503,0.5000369040003937,17.302110753032068
CRS3035RES200mN2626000E3473200,33166.942803839855,210.92322678915124,54.04037028727948,298.6269261196584,73.37117303061582,0.37757258740598115,26.59375488632455
CRS3035RES200mN2627400E3480600,36768.19680845484,231.9050085450371,57.7903163236421,326.8117156127799,NA,NA,NA
CRS3035RES200mN2629400E3466600,29379.46575699959,190.43195516285775,50.49901204190434,270.2365258671041,54.84663759001927,0.49007692403285735,11.903803631199919
CRS3035RES200mN2629400E3466800,30703.65739178305,198.26025921803756,51.390430713627495,281.9875896073433,56.90009891196835,0.4718701755645711,13.540234345278856
CRS3035RES200mN2629400E3467800,34832.09778147255,224.56126149529888,56.11712994232878,318.6713461838215,65.54556569706274,0.36544916090819407,27.744016036850642
CRS3035RES200mN2632400E3485200,36687.837009066614,241.94854665034526,57.17352019751435,341.2900786323368,26.693333333333335,0.001556048880682172,26.693333333333335
CRS3035RES200mN2637600E3484400,37985.2413915688,232.26322370275963,66.63380609730704,326.724530198463,7,1.225835713497681e-4,7
CRS3035RES200mN2612200E3488400,34341.4999217161,230.19800162261467,64.33590958908022,324.1317164126002,NA,NA,NA
CRS3035RES200mN2617600E3498400,38803.44043438597,257.42486347333823,71.44330863148423,363.2695667387311,3.6231884057971016,0.0017245473063320878,3.6231884057971016
CRS3035RES200mN2617600E3498600,39166.562349849846,257.66671671671673,71.11606606606607,363.6688188188188,4.543478260869565,0.0017267267267267268,4.543478260869565
CRS3035RES200mN2620800E3497200,38258.96027164689,255.39074136955273,66.46276174306746,360.53451046972185,24.956521739130437,2.603282399547255e-4,24.956521739130437
CRS3035RES200mN2623400E3498000,41554.936220671625,258.9401627421633,72.39011741889243,365.91053397137256,NA,NA,NA
CRS3035RES200mN2629400E3465200,28349.397506580583,179.23622005997825,48.41911446942811,257.7764434724532,54.47484260633669,0.5117009992011629,23.994643496954495
CRS3035RES200mN2608600E3467600,31802.963973785212,195.08450577778905,45.307716971694695,272.7684523733187,79.06097185914184,0.5004168216388148,14.972963760315732
CRS3035RES200mN2615000E3491600,36148.30005483208,241.35736806031528,67.87403701165182,340.6395476353667,71.56225856529116,0.379698423577793,21.284338784793707
CRS3035RES200mN2615000E3491800,36324.73087135913,242.14807249751487,67.74880509824747,341.7737516510751,72.33329774361164,0.38261366885902204,21.830600042707665
CRS3035RES200mN2615000E3492200,37419.53072074611,247.61397934868944,67.81859642829691,349.7341720259294,75.87600113402793,0.36150042276256117,25.604490041817293
CRS3035RES200mN2626000E3462600,37060.01363162769,243.65820598904068,47.17514663888246,352.816826811762,35.38527393047799,0.3921528903295516,19.01369283377204
CRS3035RES200mN2627400E3462800,32381.85286578607,208.87570432292628,45.07687511546278,303.1705269721042,41.9610568525671,0.46934463329022724,20.107008782503883
CRS3035RES200mN2629600E3467000,30420.244997993115,197.23599742145785,51.89077684663756,280.5153557050245,59.192186627405185,0.47914664850335087,16.185870944813924
CRS3035RES200mN2632800E3472600,37313.87294310353,235.90623637156486,56.1267484284088,331.8601363641197,19.400000000000002,0.0020209970961462755,19.400000000000002
CRS3035RES200mN2611400E3494000,36678.324901655826,244.6024913853567,68.23523312902125,344.98392949714815,NA,NA,NA
CRS3035RES200mN2614200E3466000,29093.82701730104,171.0432525951557,51.01468512110726,251.94743252595157,61.03580222099392,0.5508927335640138,27.884377669463834
CRS3035RES200mN2619600E3472800,31373.844530883078,210.2922241356471,51.78300557569335,295.5827623165019,60.55539168415679,0.4245956719131974,19.08246071813492
CRS3035RES200mN2622600E3483800,33963.57375925748,225.4450682889295,61.067567567567565,317.1785851687987,31,3.125901702414158e-4,31
CRS3035RES200mN2625800E3458800,32458.172169240377,201.21791644478847,47.36279469429239,292.4416662632517,50.930330389431454,0.49195188071839985,21.67184678589881
CRS3035RES200mN2625800E3459200,36321.77617639158,231.04066684592698,50.39063189029322,335.519967733262,48.48753966887251,0.43720354934122135,19.710721050948354
CRS3035RES200mN2627000E3497400,38705.9289788058,255.78018559471786,66.90882156877268,361.3310230988181,24.925925925925927,2.8569312326071083e-4,24.925925925925927
CRS3035RES200mN2627200E3458200,40435.161235889645,259.01191861592673,46.26660266108048,376.6322200240497,55.57150238669355,0.3941386399782759,25.29496087790955
CRS3035RES200mN2629200E3459800,33365.20718165937,212.64047431019216,44.73392442625697,310.6410486514945,53.91403077105505,0.4036303156484074,26.21078765600453
CRS3035RES200mN2629200E3460200,33586.9253859147,214.0206681368179,44.781025665087036,312.8090953877915,52.789167877152934,0.395685731713039,23.97917173094596
CRS3035RES200mN2632000E3475400,37855.11387648019,239.3673078676277,57.11264067422342,337.6184702342974,15.7,2.0259114068941792e-4,15.7
CRS3035RES200mN2635800E3482400,37618.42130753341,235.69456643222384,63.40694747061956,331.82485690739253,NA,NA,NA
CRS3035RES200mN2609400E3489800,37066.23135148711,232.9605829328807,66.02190709507202,327.8044850654854,14.930232558139537,6.75272464587455e-4,14.930232558139537
CRS3035RES200mN2614600E3491400,35582.363796817044,235.4523004666744,67.6720563599379,332.1060637788672,78.2802074463968,0.3864724183319369,29.51909203498726
CRS3035RES200mN2618000E3482000,33253.50823578888,227.37354267423657,62.12350178734142,320.06628349804913,16,1.6354758066400318e-4,16
CRS3035RES200mN2621000E3467200,25277.399253886586,153.05842705978614,44.50875781824234,219.55255384359356,61.446816884778116,0.5637732813735143,24.913881235855563
CRS3035RES200mN2621000E3468200,22306.859187118134,144.12769802978468,45.10258861487444,206.55222788175726,67.69722105988623,0.606853182368142,14.860225958106676
CRS3035RES200mN2623600E3468200,30334.17887471498,187.3933074505454,50.16519381278117,271.81783447340854,57.216389717369694,0.4339064522092808,18.869120863513707
CRS3035RES200mN2623600E3475400,33920.05426888079,220.8199365507302,55.230788002742486,309.10060079253503,78.09727150373193,0.3799054071328129,18.462348586810258
CRS3035RES200mN2627200E3485200,37434.59543585359,241.32042669272423,59.451539025283985,340.3500773584137,24,1.3232360245918326e-4,24
CRS3035RES200mN2629600E3489200,37036.202603742735,245.2099832745675,58.51380978211723,345.9299227013814,16.143617021276594,0.00212458186420757,16.143617021276594
CRS3035RES200mN2639200E3487000,39594.1776582097,235.5438353946369,69.17393416283664,331.8763466975557,NA,NA,NA
CRS3035RES200mN2639200E3487800,39878.01806149178,236.04240251682725,68.83422533622456,332.62369176390985,30.77777777777778,2.2561197247533934e-4,30.77777777777778
CRS3035RES200mN2603600E3491800,35680.57461780174,222.70197220026532,63.09242158431481,313.4306645331679,1,1.5422875980798485e-4,1
CRS3035RES200mN2613800E3486400,32990.602278700404,220.48054438777686,62.42100552627467,309.6302084073248,NA,NA,NA
CRS3035RES200mN2613800E3491600,36227.44856257655,238.57971035377187,68.21658620938108,336.6066431299085,86.14924245603727,0.3433532675264789,38.213266462416634
CRS3035RES200mN2616200E3476400,28773.70030008491,197.82539303165473,49.28453632887185,277.1770368599952,63.019974414142,0.4566868493732737,19.3188259580159
CRS3035RES200mN2616200E3479400,29307.887324134015,204.16502007000852,56.94049276263329,286.55258071927665,28.864583333333332,0.002594910191780081,28.864583333333332
CRS3035RES200mN2616200E3479800,30770.99120810012,214.52826866234827,57.662247657380036,301.67169360417586,22.014492753623188,8.6786994528646e-4,22.014492753623188
CRS3035RES200mN2620200E3467800,23383.907110125645,145.2428972653363,44.11841832963784,209.23815225424983,74.9780435661871,0.5116629711751663,23.13511007106953
CRS3035RES200mN2620200E3469600,23497.09453425484,153.62055143753935,45.812773545145056,217.55923311572505,68.66788562872529,0.5117817828143645,33.12876558495778
CRS3035RES200mN2625400E3484400,36995.9120107851,239.79054450401892,59.88822796925008,338.11408753640535,NA,NA,NA
CRS3035RES200mN2628400E3478600,35079.542379688966,226.42782399137437,60.81760720438858,318.8775697872297,10.509090909090908,5.813400416450858e-4,10.509090909090908
CRS3035RES200mN2628400E3483600,36153.30592846838,239.60371265511682,56.75817982411609,338.0460730751258,20.87762237762238,0.002904319922009866,20.87762237762238
CRS3035RES200mN2630800E3459200,34088.18869766569,214.2755116089868,49.26323299330371,311.3791601476938,72.15949519230769,0.41654671756680645,29.99559495192307
CRS3035RES200mN2640600E3469200,30080.12008151529,200.0668453303184,54.80695950755831,280.43196125232055,34.36585365853659,0.0034336920564465474,34.36585365853659
CRS3035RES200mN2612800E3465400,29595.830727904628,171.74031098987828,51.32750861937664,254.60469946414477,68.68565083092946,0.5424045637695407,19.424738978377967
CRS3035RES200mN2615600E3504000,38394.6449520046,250.29507954997862,70.92823545024255,353.4375470001032,10.518518518518519,3.981185213583214e-4,10.518518518518519
CRS3035RES200mN2618600E3479600,30583.073020627508,212.92492794845012,57.50056005134853,299.4064462539487,23.84942084942085,0.0032596247026693685,23.84942084942085
CRS3035RES200mN2621800E3477800,29940.070895570487,201.49084324616885,51.75036407923394,282.29380227597824,80.34215555130893,0.40464990398618433,23.3308299891713
CRS3035RES200mN2626400E3497400,38928.87696241818,256.4389213775182,66.8292670146094,362.25811691714483,22.555555555555557,2.829654782116587e-4,22.555555555555557
CRS3035RES200mN2626600E3458200,38772.21303449701,247.70027886800247,52.189681883908285,360.70879983474487,50.293906369160375,0.41984094195414173,20.374498757657015
CRS3035RES200mN2626600E3458600,31874.209797537518,196.21735713483775,47.93319860783653,288.1837381335529,46.23218283352604,0.5070793258735327,15.749014735909862
CRS3035RES200mN2628000E3478200,34311.39001282618,223.35271990428868,61.259455264661185,314.4025911035902,12.924528301886792,5.712499595813708e-4,12.924528301886792
CRS3035RES200mN2628000E3482800,36842.788098246565,237.17200324612082,58.91554952900471,334.44016764769395,15.712962962962967,0.001109433264507383,15.712962962962967
CRS3035RES200mN2628000E3483400,36234.737412019495,240.74058032043956,56.7777878040466,339.6078826525497,15.260162601626016,0.0012332310653913252,15.260162601626016
CRS3035RES200mN2630000E3480400,34369.134003153704,230.65908412887728,54.654491987725734,324.71372101943336,9.265060240963855,8.8433344698261e-4,9.265060240963855
CRS3035RES200mN2633200E3470400,32877.223599393306,212.10226087780833,53.933524504692386,295.72389562991754,12.527472527472527,0.0010783012607830126,12.527472527472527
CRS3035RES200mN2638600E3476600,35261.537473432334,231.31294642338594,57.52196838596541,326.2256884356746,19.218201754385973,0.010592211472572916,19.218201754385973
CRS3035RES200mN2605800E3488000,35358.747317642774,222.52246313368104,64.45070470893224,313.2237558153524,11.309523809523808,7.210176649327934e-4,11.309523809523808
CRS3035RES200mN2616000E3481000,28910.106424221383,198.59584255522284,56.81388418753345,278.2451359053364,12.565217391304348,9.98133923534262e-4,12.565217391304348
CRS3035RES200mN2616000E3484800,31862.757077100116,213.01882911392406,61.87407940161105,298.68551495972383,9.842105263157896,8.199079401611047e-4,9.842105263157896
CRS3035RES200mN2622400E3465200,24628.668334018224,143.8775559365745,44.99265987445268,208.46340564821244,52.558562326256485,0.5760014736931601,23.373920637654077
CRS3035RES200mN2622400E3465400,24483.977914740626,142.83774182502995,45.433986760257945,207.30702505278776,54.710767792565626,0.5799377960394909,25.787950503087423
CRS3035RES200mN2622400E3465600,25250.713435597212,149.58173057009097,45.75324119458222,216.8727822497128,54.711186007035835,0.5612409736700402,29.317754434303406
CRS3035RES200mN2622400E3466000,25412.48825942137,150.78935777796096,45.60947779888244,218.16973600902878,57.05503210411084,0.5594874335893408,33.24780929420155
CRS3035RES200mN2622400E3480400,31800.04039101803,212.28318772373385,56.706223245800764,297.64099932410386,NA,NA,NA
CRS3035RES200mN2625200E3465600,24931.614248272545,146.51682574387863,44.1574373852472,214.17469060533398,50.42044140442391,0.5696365751447119,21.31493492114264
CRS3035RES200mN2625200E3471200,32606.01807539218,202.89639428705192,52.80084289393593,292.1575743385631,57.46502314749064,0.4121868414891124,15.203686557414292
CRS3035RES200mN2626800E3470600,32225.067071448742,197.43810599642285,52.1926597947849,289.30432787348207,58.049595227950576,0.4142544478960746,18.037809970174685
CRS3035RES200mN2631200E3459800,33679.669722951876,216.64630519898895,49.248314913019776,313.89465728304504,67.2782350251486,0.4335629677355405,18.664371856424324
CRS3035RES200mN2637600E3476600,34878.98543145763,226.67739553056674,59.20694954019162,319.30210368323236,22.552941176470586,0.003037594701481873,22.552941176470586
CRS3035RES200mN2637600E3477200,35883.435388119804,228.10227903079226,59.30668366202837,321.6020252806004,25.080508474576266,0.00278535094241641,25.080508474576266
CRS3035RES200mN2612600E3466400,30114.61770959906,173.82497514636037,51.91752733900357,255.365265657793,74.10265907175153,0.5405528554070473,21.558571100155817
CRS3035RES200mN2615400E3492800,36999.18052639865,245.8894851474756,68.07452503411358,347.2216857352787,80.1127412255953,0.34878503201427524,30.59289771658579
CRS3035RES200mN2618200E3484800,35392.92968809738,239.1503796362047,62.675533948762656,336.735707652809,NA,NA,NA
CRS3035RES200mN2621200E3490000,37504.90099033471,242.86616197686044,67.24026329571966,342.2340856068181,26.333333333333332,1.4283673760891302e-4,26.333333333333332
CRS3035RES200mN2624200E3465600,25285.27748603817,145.5768386541079,43.41182517851676,210.88517962824025,48.088168820321314,0.5655024867327944,19.750046676165674
CRS3035RES200mN2630400E3489000,36131.489643360874,249.573604674592,56.048055611525285,352.24341124319966,10.74468085106383,0.0018940157163006247,10.74468085106383
CRS3035RES200mN2630400E3489600,37061.360355376935,246.1928044072159,59.314612449481835,347.3374274683344,6.132978723404255,0.0021223273351245174,6.132978723404255
CRS3035RES200mN2634000E3488200,37518.96333276535,240.56436644516364,61.1286306582609,339.1900039756917,NA,NA,NA
CRS3035RES200mN2639800E3475600,32564.105453537522,207.24443212528584,55.59279329221814,291.3264084263045,17.147777777777776,0.012473148083985863,17.147777777777776
CRS3035RES200mN2607000E3487800,34689.15509865928,221.16319767343572,63.2186733848472,310.9190774901522,23.38235294117647,5.748778384593295e-4,23.38235294117647
CRS3035RES200mN2607000E3489200,35430.637786876665,225.3975673536792,64.14907270412519,316.9282248907534,27.324324324324326,6.365481884182619e-4,27.324324324324326
CRS3035RES200mN2614200E3479400,29217.134857635898,194.0492809893585,55.76619211964328,271.99591601955717,13.782608695652172,6.614897900488926e-4,13.782608695652172
CRS3035RES200mN2616600E3486000,34293.82741929084,225.52283397918293,62.807303170173654,316.8920262924707,22.157894736842106,0.001005144754070175,22.157894736842106
CRS3035RES200mN2616600E3497800,38986.98563531453,251.40073168435353,72.14337785309823,354.48862795733635,17.074626865671643,0.0018023107237488062,17.074626865671643
CRS3035RES200mN2622600E3472800,32366.087562444227,206.6902275475425,53.25435735834755,290.6699766711853,67.46641282109573,0.42983645402025,25.75710104569219
CRS3035RES200mN2626800E3462400,32155.386149338137,207.03821815818577,44.13344430889211,300.7636562646083,37.12716179979827,0.46346357759357865,18.636094368865162
CRS3035RES200mN2628600E3465400,28142.30714192793,176.03654221412773,47.931494731364644,255.88878626252114,49.871665483314736,0.5130219851697672,22.15847449031343
CRS3035RES200mN2628600E3471600,36496.64641505254,234.99307208048384,54.523901322328825,337.23753727521864,70.41926516106845,0.35033183730433576,25.77418319385534
CRS3035RES200mN2631200E3472200,36804.11767290886,236.1587116104869,56.944279650436954,335.3293283395755,12.74074074074074,2.696629213483146e-4,12.74074074074074
CRS3035RES200mN2631200E3472400,37532.703355571044,240.29998008563177,57.54334362242358,341.24572338942545,11.962962962962964,2.688439709250224e-4,11.962962962962964
CRS3035RES200mN2636000E3487800,37437.56553182523,238.83672539489646,60.70341854378901,336.7222988129731,NA,NA,NA
CRS3035RES200mN2621400E3475400,32667.196601970474,217.15106173600614,51.990111805366126,304.3879990040663,85.399006892947,0.36293468337621343,33.363914932540624
CRS3035RES200mN2624400E3473800,32399.816950925688,209.61325758497273,53.47132673170965,296.2035351937903,76.05338904363974,0.39305613002116646,34.47207056638814
CRS3035RES200mN2627800E3468000,33322.73227195649,210.22168421992117,53.759271242413504,303.2945822920388,61.70951466824182,0.4533202427704401,22.799798188619842
CRS3035RES200mN2630400E3480600,31693.922744521984,216.68538376790326,48.73417798996207,304.27659444240396,17.962962962962965,9.915534337128179e-4,17.962962962962965
CRS3035RES200mN2615000E3468400,26545.441764993386,163.85977797947336,43.09886197025765,233.46825385743213,69.00888366987468,0.5469943447601757,21.238340183289523
CRS3035RES200mN2618200E3471800,31521.650417439116,205.26802137482258,49.29396439953002,287.2572127909657,63.067048613080694,0.4272298762829137,26.114274774519302
CRS3035RES200mN2618200E3472000,31848.020534787433,208.0833681346872,49.87156510637283,291.33688506007707,64.30468994119819,0.4200384206946748,25.855776496321347
CRS3035RES200mN2618200E3472400,32219.623350314654,211.39857356907402,53.41963440215763,296.043020677255,67.46796625298742,0.4162900809109979,25.574776123700655
CRS3035RES200mN2621200E3471600,30835.116914277474,204.5077070357,51.87960786214595,288.97804221904477,62.69227059991483,0.42721940815782566,15.828835626152282
CRS3035RES200mN2626200E3458400,31941.878948088623,197.28314279672085,48.280816549939665,288.8473633796509,45.65986863145465,0.5056663390846778,15.734468252601534
CRS3035RES200mN2626200E3458600,31605.328431131238,199.36103180072857,47.63345476026386,290.99922467263957,44.931019213264776,0.5002584424534804,15.421574946493147
CRS3035RES200mN2626200E3459200,36383.04794879753,234.3389166568557,50.686149433283745,341.1806963278499,43.300671603237475,0.4350604176254642,16.20669143152352
CRS3035RES200mN2630000E3467200,31439.054833386806,201.30284791718614,52.60569583437209,285.3258069494408,64.16420039222673,0.46610159431128956,19.912918014415606
CRS3035RES200mN2634200E3470800,32730.11028547185,214.75097884720287,52.71244317837445,300.6458815685799,20.150442477876105,0.0013697799866658586,20.150442477876105
CRS3035RES200mN2640400E3468200,29912.350568961574,195.156635978957,55.5432296431839,273.4479500228728,16.884848484848487,0.002358760292772187,16.884848484848487
CRS3035RES200mN2640400E3469000,29981.672149276295,198.9207004675383,55.09485147960469,278.79082561101933,35.4390243902439,0.003443545452000336,35.4390243902439
CRS3035RES200mN2605400E3488800,35459.4942680172,225.2556635411676,64.63592498802268,317.1626685374032,14.974358974358976,6.673054547943328e-4,14.974358974358976
CRS3035RES200mN2618400E3493800,37576.35533852448,248.90480401214202,68.87187541243236,351.0038669658176,13.378378378378379,0.00195327966213541,13.378378378378379
CRS3035RES200mN2618400E3494200,37799.86571377249,251.25008339962534,69.07898586055583,354.50306654007034,16.466216216216218,0.001898945315507198,16.466216216216218
CRS3035RES200mN2621400E3465800,25325.773244175016,147.9988739364957,42.948437413112494,214.79926875382338,52.82048758887059,0.5651031529778121,19.096174567640066
CRS3035RES200mN2621400E3466400,25407.839096171258,148.94108375758438,43.864286212427515,214.9349187530511,56.66368176338902,0.5669711974335723,19.596270510959716
CRS3035RES200mN2630200E3462400,33319.11287112382,211.77352757593215,50.25797599839821,307.60672939901696,58.20335063593209,0.4787247824192379,24.96115525597185
CRS3035RES200mN2639800E3481000,38910.508236022804,239.45840693753027,67.31037647112791,337.94601849090293,NA,NA,NA
CRS3035RES200mN2611600E3470000,28475.48428237581,173.58710955312384,51.586382808937586,240.93113030095813,78.52324142526261,0.44911365709074397,23.765412317162184
CRS3035RES200mN2615000E3492600,37359.75545424101,247.8673337969762,67.64634366226214,350.13642686036553,81.11212559848572,0.34699791360791266,31.245874624206653
CRS3035RES200mN2620600E3493000,38471.39682963761,252.90089277763002,68.53942915664803,356.67236619467525,22.14814814814815,3.005610472882719e-4,22.14814814814815
CRS3035RES200mN2620600E3493200,37838.925747279136,257.28311276889275,65.10688263246641,363.0780440447601,12,9.197281692299832e-5,12
CRS3035RES200mN2620600E3493400,37947.95330638834,258.92078372178474,63.28199882819094,365.5014647613184,22.814814814814813,2.681258006534325e-4,22.814814814814813
CRS3035RES200mN2623800E3468400,30992.12071281245,191.34498968676527,48.85731759965483,277.8471122943361,59.671694361596415,0.4221830479205648,24.424027836954945
CRS3035RES200mN2626000E3466600,28223.78397155009,170.3766812726229,48.9939417031813,243.99391630151652,48.60683857775766,0.4472216930208912,23.446387595138034
CRS3035RES200mN2630000E3461400,33008.65495889826,211.30476969977343,48.59989561462819,308.91825913668555,57.96700457654643,0.4820943501417506,23.44205255646867
CRS3035RES200mN2630000E3462000,32090.43223461038,206.4385691879339,48.83106982625506,301.62633287536323,55.909542670176386,0.49423079261249653,22.721109990405683
CRS3035RES200mN2633800E3490400,37767.09955040266,241.0793591784103,61.54613892212809,339.747493523242,NA,NA,NA
CRS3035RES200mN2634000E3472600,34343.64046822744,221.14878298030453,55.05311687105166,310.89816750278646,20.93586005830904,0.003983184689706428,20.93586005830904
CRS3035RES200mN2608600E3492800,36488.156144247165,236.0261562323752,66.88594543147236,332.14784263959467,NA,NA,NA
CRS3035RES200mN2615800E3465800,30069.816579730254,176.4755399618458,50.583252177857226,258.3197748102296,55.62038688752462,0.5758481303112368,19.99491717826942
CRS3035RES200mN2630400E3461400,32035.046142780513,205.407909494319,47.6696128151363,300.8598039693763,58.678048660483654,0.49555029989759597,16.70191886639278
CRS3035RES200mN2640200E3485000,39461.9003279328,236.28855648612077,68.12321252240062,332.8592449011935,32,1.2190810566994599e-4,32
CRS3035RES200mN2640400E3467200,29539.636246020556,192.6241659519414,55.787850154816766,270.00039249320406,21.3625,0.0011629428268232762,21.3625
CRS3035RES200mN2609600E3487200,35264.73945776316,224.60694618367253,64.27783225962192,315.6830464235603,13.5,2.41396478628868e-4,13.5
CRS3035RES200mN2609600E3490000,37375.61478492156,234.9216270751171,66.22160567427933,330.6947017640402,10.976744186046512,6.573114433336394e-4,10.976744186046512
CRS3035RES200mN2614800E3494200,38236.069350101665,251.10451681351827,70.61319204544002,354.5765115346302,25.778571428571425,0.003622766499760644,25.778571428571425
CRS3035RES200mN2614800E3497600,38358.50209907633,251.2515673103831,71.2285474391266,354.3615729079204,NA,NA,NA
CRS3035RES200mN2617800E3477800,28932.3873565928,203.37627691340563,53.50434805385301,285.52043061449,14.671850699844478,0.008421080203258421,14.671850699844478
CRS3035RES200mN2623000E3476400,32294.21931780445,213.70724417666872,53.54347929218654,299.48749940699275,71.3948955784442,0.4168366620807439,14.696708017982143
CRS3035RES200mN2627000E3462400,32535.61339937435,207.99189599673574,44.306025298091306,302.26918891961736,38.454722133385815,0.46072675341161534,18.549044256931293
CRS3035RES200mN2627000E3462600,32168.093065234778,206.61538900948247,44.89448189192277,300.2811264709243,38.48104504415853,0.4644007768764995,19.160820684395684
CRS3035RES200mN2627000E3462800,33253.49713882488,213.54945588056935,44.810633207272566,310.2741987055801,40.007380255356836,0.4481846147061094,19.845147482102856
CRS3035RES200mN2628800E3486600,35810.9312666793,238.16797099327675,55.083529451507,335.81802110193934,24.834645669291344,0.001430067449637975,24.834645669291344
CRS3035RES200mN2629000E3460000,32811.5844508902,209.60305593650256,45.93651467893248,304.9898539995388,51.16639492485103,0.40939597315436244,20.87160940325499
CRS3035RES200mN2631000E3475800,37577.22374124376,239.02883705172533,57.35529160895603,336.95883695208107,21.72972972972973,7.373675976762957e-4,21.72972972972973
CRS3035RES200mN2634200E3484600,37825.716358233476,231.5563635485118,64.05180952841128,326.02715500579825,12.674887892376681,0.005387514495554697,12.674887892376681
CRS3035RES200mN2634200E3489800,37719.43338394914,243.61435239862777,61.07974804566655,343.58333052134304,14.10077519379845,0.0014509870086046887,14.10077519379845
CRS3035RES200mN2640000E3488400,38326.01300320636,236.99670466690472,66.60788080818361,334.0524835869519,NA,NA,NA
CRS3035RES200mN2606000E3487400,36579.181522187675,227.83891529983634,63.9278649933506,320.8707256301682,13.710526315789474,5.808710007795897e-4,13.710526315789474
CRS3035RES200mN2613800E3480000,28799.762193173545,195.1081626724765,56.36299201161946,273.350675381263,23.521739130434785,6.681190994916484e-4,23.521739130434785
CRS3035RES200mN2613800E3484000,31992.408974727197,210.98961803561167,62.04409821941409,295.59995692130974,32.22727272727273,3.159103963239517e-4,32.22727272727273
CRS3035RES200mN2616200E3465200,28099.496429742172,166.81172412810125,52.08270740988834,244.81237974430906,55.72606619540287,0.6088964268916652,20.12481859463512
CRS3035RES200mN2616200E3465600,28050.938247292164,167.76926431284286,49.98372485581657,246.31989027992685,55.200424104022,0.6036573357715572,19.229016171878623
CRS3035RES200mN2622000E3479000,29996.108393507846,202.20965882742595,54.46555813183165,283.31560119244716,88.78877627884671,0.3869625703875457,33.40743340409498
CRS3035RES200mN2622000E3479400,29129.324251061837,197.26581712497153,54.95565057008713,276.10420858484207,90.42690958551084,0.39036999776436326,36.54688954112677
CRS3035RES200mN2624800E3477800,30613.59928198352,204.3083357225664,53.977375001558194,286.2688822128869,82.2772743171484,0.39202951845526735,13.06743934624312
CRS3035RES200mN2626600E3469400,33305.548578677844,201.8503457876771,52.09684300341275,292.9597853421934,53.41658855276229,0.39524205137416807,20.54408180656155
CRS3035RES200mN2628600E3495000,38223.78035885754,254.3497513028278,59.60139399889942,359.14863567212933,29.214285714285708,3.021050246539279e-4,29.214285714285708
CRS3035RES200mN2634400E3484600,37705.992453857194,229.1580731357316,64.5025236280865,322.4921198475927,12.751121076233185,0.005517343757731704,12.751121076233185
CRS3035RES200mN2634400E3484800,37546.55169446483,228.03782490951886,64.98453595201336,321.083179367771,10.508968609865471,0.0056439978740097695,10.508968609865471
CRS3035RES200mN2640600E3478400,33846.10264236251,213.68396213084588,59.362441712589984,300.6312137911539,25.149750415973383,0.00849229899675002,25.149750415973383
CRS3035RES200mN2640600E3478600,33878.39586835717,213.1771477418423,59.938296053568635,299.90038467017985,25.685096153846157,0.005926770195184477,25.685096153846157
CRS3035RES200mN2610800E3474200,30074.872726236714,183.9017990684159,56.155107331595644,257.37192142785943,NA,NA,NA
CRS3035RES200mN2618000E3477200,29069.261740763905,201.29396263828025,53.07255792110197,282.4517454602369,20.307359307359306,0.009040388227927352,20.307359307359306
CRS3035RES200mN2623600E3465600,25241.81114234956,144.56502035164237,44.62148741834871,209.2527520176799,49.48490737779527,0.5685731470213866,20.722231789219926
CRS3035RES200mN2623600E3465800,25579.100423052918,145.2760801719953,44.065621749081075,210.51928705180666,48.33481758468843,0.5638255080102642,18.862904376491432
CRS3035RES200mN2623600E3466400,24872.72789327593,144.11597178949754,44.267815668724865,209.2422959270379,50.16900784767153,0.5756670254347703,17.786668798740436
CRS3035RES200mN2623600E3467000,25077.569363195722,149.79065686110647,45.30395843779598,217.59595242074766,55.58313857659475,0.5661736029862388,19.78152722084186
CRS3035RES200mN2627600E3468200,37351.010199638076,238.4259171448755,53.96618829654432,343.8578437539313,60.75837885722723,0.39325701346081265,22.236763620256898
CRS3035RES200mN2627600E3468400,36794.64949641137,235.65450768427982,54.47732128264944,339.6577861791263,61.24233476056891,0.40009451516673017,19.319565431369696
CRS3035RES200mN2633800E3473000,34891.45992368599,222.3339368174995,56.16150840485385,312.51445497358804,17.008982035928145,0.003827159079190109,17.008982035928145
CRS3035RES200mN2640200E3476400,33088.92793865234,210.34004207961908,56.82298876031228,295.6855517413211,10.231111111111112,0.01245778196113172,10.231111111111112
CRS3035RES200mN2613600E3472800,27971.412621359155,179.46606138608297,52.727148093226106,250.17889818415787,76.3080504608802,0.44468537533924507,21.33377795954323
CRS3035RES200mN2619400E3480400,31831.682083542444,217.64525683233975,58.624218243234914,306.1902162605403,22,6.119426732103732e-5,22
CRS3035RES200mN2624800E3478200,31161.073295489197,207.7527681132873,54.48276872367687,291.334969175364,83.00032031775514,0.38111456998107734,15.340001281271002
CRS3035RES200mN2630200E3489600,36711.40715258783,244.87263173560186,57.38089132599915,345.38818357698165,8.808510638297872,0.002152187102904309,8.808510638297872
CRS3035RES200mN2630400E3460800,32463.685621116103,207.1398880206731,46.65912754568387,303.53252937919154,60.79944392500369,0.5001169014951086,13.434894936272823
CRS3035RES200mN2633600E3469800,32653.372890183116,212.49171460360347,52.65590748763125,296.6411831546063,12.78651685393258,0.0010534289704803193,12.78651685393258
CRS3035RES200mN2640200E3478400,33783.84526852373,210.87095842539256,59.77137575993884,296.32183858250687,27.031545741324923,0.004577683432251733,27.031545741324923
CRS3035RES200mN2640200E3480000,34101.05377224353,213.9707584701335,59.74643457279514,300.79887112758,NA,NA,NA
CRS3035RES200mN2613000E3486000,32587.8027815614,218.85994694960212,62.765760986450644,307.212474012474,NA,NA,NA
CRS3035RES200mN2613000E3486200,32557.065963511974,219.8842502850627,61.80711231470924,308.7774230330673,NA,NA,NA
CRS3035RES200mN2613000E3498000,38181.425819466844,258.36528572558814,69.47850795073983,364.7570475462151,7.083333333333334,1.5822367553598293e-4,7.083333333333334
CRS3035RES200mN2616000E3468200,25394.249778787165,154.3390160453044,47.77962777253421,220.5703161868806,69.15601407875944,0.5782208588957055,18.70980157110794
CRS3035RES200mN2616000E3469000,25607.148108405974,161.0535359540623,47.192117512289265,224.93293505212964,75.08080355810274,0.4857822310514331,26.268365123429152
CRS3035RES200mN2624800E3460600,36759.40278725472,236.84472634038417,49.98701486673697,344.166728697558,43.95867057000172,0.4202489506440874,26.060392629584985
CRS3035RES200mN2626400E3457200,40181.72697315705,254.89827724358975,49.637369791666664,371.22628205128206,51.99249544805866,0.4070713141025641,16.57673096796419
CRS3035RES200mN2626400E3458200,36334.12104536162,230.3264821260843,50.95508039118183,335.9690259130339,47.58773893576718,0.4491850378473949,18.479340205171123
CRS3035RES200mN2626400E3458600,31607.81693052272,196.99924494671305,47.821646511282474,288.93114161581406,44.77992078525917,0.5031501813365681,14.122376934241926
CRS3035RES200mN2627800E3468800,36558.05220243201,233.87363640950602,53.13393208537262,337.53702003128313,54.85946421976649,0.35522478429789595,16.828161131786036
CRS3035RES200mN2627800E3469200,35585.233049165225,224.32889320712977,55.250893248918686,324.0220648153955,82.54834811917704,0.3285588917444996,36.95011288117268
CRS3035RES200mN2627800E3470000,34799.90256708845,217.15641668139614,50.622526747002986,316.0619469946662,54.399715949439,0.36603624491832937,17.267694929697473
CRS3035RES200mN2630200E3471200,31605.39493484811,198.89178314273565,53.937389441163994,286.38026010912563,26.25,1.4948800358771175e-4,26.25
CRS3035RES200mN2633600E3473000,33735.5547830227,215.85321745341963,57.07677837966535,302.7578189177921,18.595744680851066,0.003916899815465197,18.595744680851066
CRS3035RES200mN2639400E3491400,38357.34223828655,235.4986329140943,66.82896088133708,331.9148538885271,32,6.668711738266425e-5,32
CRS3035RES200mN2639600E3475600,32425.862210039122,207.36131467298475,55.303501570334454,291.4508512865723,17.53,0.012397377265965067,17.53
CRS3035RES200mN2639600E3475800,32868.16409311216,209.25612669806813,56.076155368967164,294.2222131203495,16.586666666666666,0.012287528158918698,16.586666666666666
CRS3035RES200mN2611600E3491800,36134.369917180426,236.97506071361866,66.71693442929195,333.936390808892,NA,NA,NA
CRS3035RES200mN2615400E3476800,32053.7255887197,216.0236088905985,51.11524360191853,303.7948046015703,83.37979724837072,0.39841806008005876,39.389099082790246
CRS3035RES200mN2618800E3463000,27319.933359737097,167.7344804318492,50.81791644663504,240.72896497095553,57.90635212418304,0.574546734729801,27.097607741013086
CRS3035RES200mN2626600E3488000,37521.714553429025,248.0926036682621,59.13726076555041,350.07469098883655,17.416107382550337,0.0014852472089314226,17.416107382550337
CRS3035RES200mN2626600E3488600,37442.628834143215,248.28790593172448,58.471430126790075,350.4226044955601,13.126582278481013,0.0015638454762305354,13.126582278481013
CRS3035RES200mN2626600E3488800,37390.144305004884,248.27178783994592,59.058445365208996,350.3978100376583,14.178807947019868,0.0015003825478681649,14.178807947019868
CRS3035RES200mN2628400E3462800,33093.81962115107,210.28914185837996,46.12562848290186,307.1528788205518,48.251986518733545,0.4613490108842456,15.825985879111418
CRS3035RES200mN2630400E3466800,30886.35382161698,198.67667770825665,51.132155563734514,283.63724696356275,62.01559127570147,0.4319960741013373,18.96051630126094
CRS3035RES200mN2630400E3467000,28654.28566683482,187.5063508091297,50.86331145537152,265.5969494858225,66.21590586095161,0.46743549544282825,22.530055141833923
CRS3035RES200mN2630400E3469400,34574.16596900933,224.68709281465397,56.639568186825294,316.2174697594394,NA,NA,NA
CRS3035RES200mN2615000E3503600,37941.82485546477,247.42995598767058,71.58001196153911,349.2032234814209,6.370370370370371,4.1405327485469803e-4,6.370370370370371
CRS3035RES200mN2617600E3478600,29324.02449900325,205.23531109012694,55.12253436155702,288.3919709369426,18.104333868378813,0.008170706116881754,18.104333868378813
CRS3035RES200mN2620400E3468600,23056.439507942196,145.01900453839724,45.55843186432581,209.59784426131614,78.03383691412296,0.48223456347784543,16.685452913132334
CRS3035RES200mN2627000E3458600,40267.03401689248,256.94660700825295,45.54078161541584,374.07536867740004,51.6506433122586,0.39282746090956533,21.38387660213041
CRS3035RES200mN2630800E3475200,37141.05876261447,238.4463136307336,56.504436638307375,335.8599971573027,18.68918918918919,7.512842900363459e-4,18.68918918918919
CRS3035RES200mN2630800E3489000,35936.12641320773,247.99763274968413,58.688441288110774,349.9709807762955,9.446808510638295,0.0019182890494265565,9.446808510638295
CRS3035RES200mN2612800E3466800,29841.672280339048,177.57780468229276,51.31203493354734,256.86184380568864,70.69194240196072,0.5328182176817086,17.19198835784311
CRS3035RES200mN2618600E3463800,26717.217950021055,164.67769243055656,49.59096255209165,238.79507470705252,50.753499471081696,0.5902365360321771,19.85210214273414
CRS3035RES200mN2618600E3464000,26750.150110761337,164.0837851230034,50.342398274454936,237.3588813104815,48.125587345322145,0.5924128483152618,18.540527442249495
CRS3035RES200mN2621600E3463800,31172.22916381819,193.70275578316668,40.56880756752722,279.5977078646103,42.050284139831234,0.505276634886698,20.29917587148516
CRS3035RES200mN2626200E3461000,31444.460358603632,199.29819033577476,45.67972985827071,291.45526966612766,41.070014022485175,0.48331827261485777,22.21825875175281
CRS3035RES200mN2627600E3469600,35092.13107745816,217.70730899417225,52.063349446727464,316.3419213928597,52.63890151084858,0.3644870454521929,17.844376916960147
CRS3035RES200mN2629800E3480400,34942.52804512716,230.95200458920263,54.89131450910404,325.17828839739093,9.662650602409638,8.817218008371046e-4,9.662650602409638
CRS3035RES200mN2629800E3480600,35079.42516963529,231.4741306191688,55.03877226463104,325.90259754028835,12.710843373493976,8.79983036471586e-4,12.710843373493976
CRS3035RES200mN2633200E3487600,37517.00778995968,240.44781170935298,60.01623463092024,339.0867992365403,30.000000000000004,6.65808513471527e-5,30.000000000000004
CRS3035RES200mN2640400E3477200,32280.617720778715,212.1470186871641,56.20644999582263,298.29041691035195,15.688775510204085,0.013646364218676045,15.688775510204085
CRS3035RES200mN2623400E3466600,25505.515140660733,150.1886038630039,45.338825668861766,217.82528311244593,52.12676818617924,0.5600115724795415,20.319077960097424
CRS3035RES200mN2625800E3466000,27012.33296673082,161.16608403053274,47.86197415452296,232.16956675438942,49.69320670226115,0.5321366379931131,19.715208030903216
CRS3035RES200mN2627400E3469000,38428.64384635723,244.70484942972018,55.43534549565566,352.2504034353546,48.70112199971595,0.32097043297502803,15.429265729299821
CRS3035RES200mN2612000E3488000,33666.78548223973,223.12640595789023,64.23126666462349,313.7226393698857,1,3.064758343804591e-5,1
CRS3035RES200mN2621200E3472800,31390.249684756927,205.31718962329984,51.07240184616138,288.6801782500643,66.28481731916587,0.4309097364200629,19.259136882777423
CRS3035RES200mN2621200E3473000,31551.81386753026,204.65459737434165,52.026948846638746,287.1767869063221,72.95805325563285,0.4284990234133553,23.519066439719605
CRS3035RES200mN2626200E3470400,32162.119024310654,198.81381255390065,52.0385753909983,289.59418921753723,51.74579688742474,0.4103675733631681,12.356253549926162
CRS3035RES200mN2628000E3463400,33829.49786906854,216.29262961335678,47.07394551845343,314.65616212653777,48.55622524539349,0.44649604569420037,22.41009372924303
CRS3035RES200mN2630200E3479800,34480.35581843482,229.39355529386492,54.792923669842544,322.96470399314774,8.855421686746988,8.885558291403477e-4,8.855421686746988
CRS3035RES200mN2640000E3475400,32613.324042788845,206.02651169963687,56.23760988125114,289.6006140732121,18.913333333333334,0.012617942714540076,18.913333333333334
CRS3035RES200mN2611600E3496600,37908.781734754346,251.22833037300185,69.48362936648911,354.3279455298995,NA,NA,NA
CRS3035RES200mN2611800E3475600,29121.36991898261,189.72410859955656,54.40422238645713,265.50727204272584,19.303030303030305,0.0013805028377002774,19.303030303030305
CRS3035RES200mN2615600E3477600,29351.616574142376,204.83934417743967,54.32367974947272,287.55060367250337,74.46538692261542,0.4314349677135504,26.45778944211157
CRS3035RES200mN2618800E3469000,24507.566939831424,160.37423578892583,44.470667302605804,224.54407492520482,69.99312644417786,0.49413924178698965,18.882734212758493
CRS3035RES200mN2621800E3465400,31169.00330005968,194.60865036920882,40.834037424081075,281.2271775127848,50.01835223498733,0.47568839010918285,22.70281679746119
CRS3035RES200mN2625000E3461200,36785.01899851973,236.35952222959523,49.29294063600633,343.1042417436578,39.20384265295579,0.4149762646113011,23.86896602622451
CRS3035RES200mN2628400E3470600,32104.18198641368,204.15756617474761,50.51537830873748,296.48628484422613,64.52001363597623,0.4122862497071924,22.070801965853207
CRS3035RES200mN2637200E3491000,37822.41004812819,246.56994925847667,61.46453537751248,347.80162895533323,16.571428571428573,8.384328927023655e-4,16.571428571428573
CRS3035RES200mN2609000E3485800,34744.619289558024,224.19724639340484,62.094472750171754,314.9986976185016,24.999999999999996,1.1449507671170121e-4,24.999999999999996
CRS3035RES200mN2618400E3479600,29861.22971815633,209.42948717948718,58.32484688051501,294.3886380151564,25.51181102362205,0.0016479808989930456,25.51181102362205
CRS3035RES200mN2621400E3462600,30055.112335773967,187.42500129822838,42.69516279794345,270.893791867892,49.599129129867926,0.5277171937477269,27.44778715343555
CRS3035RES200mN2630600E3491400,35890.05520107154,249.46082453568488,56.98808230591569,351.9655441534745,25.971428571428575,0.0018456605882911288,25.971428571428575
CRS3035RES200mN2609400E3495400,37421.4721104877,244.8329564091493,67.63602934829501,345.00236512731937,27,7.250755287009054e-4,27
CRS3035RES200mN2609400E3495600,37418.597727351116,245.47613373398218,67.51378095534109,345.9541498290328,24.80952380952381,7.253134390218604e-4,24.80952380952381
CRS3035RES200mN2615600E3482000,31100.327315405117,201.5206473861134,58.33296626869132,282.21261736409,NA,NA,NA
CRS3035RES200mN2618400E3466600,27278.757032363414,158.95813097560594,46.938344886748844,225.21301177479842,56.837851676954976,0.4863918752507853,22.870059454385096
CRS3035RES200mN2624400E3461600,30274.630718870016,187.5395520272186,43.17525839626775,273.58406577828185,38.8978572658614,0.5238678248318169,23.522721346158573
CRS3035RES200mN2626400E3461000,31423.94139533792,201.21569755158572,44.38392920021597,294.24505270076764,38.4356318728628,0.4771121387826005,20.902371522054636
CRS3035RES200mN2626400E3461200,31601.178040600178,200.8231479847014,45.520447190350104,293.71872903795236,39.938670077984696,0.47836422477199175,21.955228910920326
CRS3035RES200mN2626400E3461600,31263.55676346895,201.61411852910513,44.10674413973267,294.15719925494653,39.37543359000222,0.47618991834869906,22.804155083765895
CRS3035RES200mN2628400E3460200,32889.51017260018,210.478191159859,45.647584690692184,303.3029066307134,54.40998572764405,0.49360492657508304,21.154119297209498
CRS3035RES200mN2628400E3460600,32792.5899789702,209.46123673826222,43.067259752841395,304.3296944779189,50.61280082681233,0.4801162543418157,18.531389340026582
CRS3035RES200mN2630600E3466800,30986.976796434752,200.49211201551816,50.96765005586043,285.03572612426797,64.26047938202885,0.4322983806612402,20.51108144950586
CRS3035RES200mN2634600E3475000,34824.04441826215,219.52140206185567,57.625731958762884,308.75853902798235,14.492610837438423,0.0023917525773195876,14.492610837438423
CRS3035RES200mN2634600E3476200,35764.52528747681,222.90592196474466,59.57892652010299,313.74135821886705,24.091603053435115,0.0015262195192991014,24.091603053435115
CRS3035RES200mN2640800E3489800,37565.53977962001,239.37454508694017,65.21057420137511,337.22769662353625,NA,NA,NA
CRS3035RES200mN2640800E3490000,38734.3706343269,237.12476539223752,67.45850559777396,333.9940937906044,NA,NA,NA
CRS3035RES200mN2614600E3475000,32779.74919050189,209.33747485649806,53.507346808615026,293.5993107000932,74.54812129202374,0.037212382868076335,14.343309162821358
CRS3035RES200mN2617400E3483800,34038.10917787813,232.12437735673385,62.85408035007681,326.4725338671384,27.333333333333332,3.1423118104371306e-4,27.333333333333332
CRS3035RES200mN2617400E3494800,38582.20559186812,252.9328831643197,67.77692603450761,357.1846493968376,16.333333333333332,0.001766232517902629,16.333333333333332
CRS3035RES200mN2617400E3495000,38503.52870340022,252.56330043580127,68.04303385653762,356.6166041492164,19.25170068027211,0.0017844786773007029,19.25170068027211
CRS3035RES200mN2617400E3495600,38776.98296503898,251.5247646230745,70.66478967828584,355.08973382066273,23.09523809523809,0.0018985134768626766,23.09523809523809
CRS3035RES200mN2620200E3492600,38171.64100204137,252.557152465574,68.29219913389265,356.1354738220822,18.043478260869566,2.7139603761785076e-4,18.043478260869566
CRS3035RES200mN2625200E3495600,41095.674391657034,254.5972275867988,71.71513025192051,359.39012274151304,NA,NA,NA
CRS3035RES200mN2625200E3498400,39069.94130808403,257.36460326210374,65.50325886053392,363.6587437984382,6,2.161764864835656e-5,6
CRS3035RES200mN2608600E3490200,36862.58797232918,233.02804607452848,65.57289695229393,327.89678914050774,13.771428571428572,5.710370031978072e-4,13.771428571428572
CRS3035RES200mN2614400E3490000,35330.65835920675,235.18750524460836,66.18881989314981,331.6097871388215,86.89497415975868,0.403219490363906,37.61226804481289
CRS3035RES200mN2614400E3491200,35515.93892764427,236.38743455497382,67.37609316761178,333.3922640715871,84.78980473875126,0.3758321126597149,36.043273905996756
CRS3035RES200mN2614400E3491400,35962.748321147155,238.39748704479308,67.3621211045645,336.3304039185064,83.24393495067982,0.3727834173351317,33.94303614274293
CRS3035RES200mN2617600E3465800,27454.513915491323,165.43494979395206,49.62313541122526,238.3595101282721,62.9379789742582,0.590748157176853,23.053318431911947
CRS3035RES200mN2617600E3468600,24756.10535630014,157.4954725106182,45.966700094384144,217.31331111373288,66.52449381409974,0.5018434403020292,15.01607452467014
CRS3035RES200mN2620400E3480800,32413.713256971118,223.0692270942332,57.98764842284331,313.8814947738842,NA,NA,NA
CRS3035RES200mN2623000E3470200,30304.557518001897,190.78395186061763,49.56048894707682,274.03465683065616,71.39521278175381,0.42390100206455633,31.990479018798343
CRS3035RES200mN2623000E3472800,31919.633517024926,205.95809155383623,51.606121431091324,290.96508643236865,61.785040622691895,0.42823254625743584,22.481259587523414
CRS3035RES200mN2625600E3484600,37532.8574267312,244.01531940719246,59.72383954266916,344.22844025920614,1,6.852131012744962e-5,1
CRS3035RES200mN2630800E3466600,30049.59122989707,195.39388329669507,51.979443865941576,274.86361474282273,71.85815277267719,0.4200701916772724,28.6851297588444
CRS3035RES200mN2630800E3469000,34237.7245645801,221.47537290912226,56.058523021210554,311.1782096051043,NA,NA,NA
CRS3035RES200mN2630800E3472000,32646.099653799345,208.18354542554323,55.25413254876939,295.2791464322427,17.444444444444443,3.1902449399170534e-4,17.444444444444443
CRS3035RES200mN2634800E3466400,29741.106426875318,200.13763348774444,51.1367251871748,278.4731986453346,67.01781115879828,0.42326806544954393,11.113488657265476
CRS3035RES200mN2634800E3466800,30176.346426899672,200.00642325895876,52.92042440318303,278.28991782389346,72.62624131082423,0.41899412284807824,16.45953947368421
CRS3035RES200mN2615200E3465400,28523.071793074443,168.61507079770084,50.83458572830506,248.9234543670265,51.81467253381761,0.602144960044862,15.296998905729776
CRS3035RES200mN2615200E3465600,28611.671878237088,170.3602336919741,49.8462218416364,250.47049155421738,51.67632434944238,0.5944505061944947,15.256006040892188
CRS3035RES200mN2617800E3488200,35856.36254631189,230.65529134388683,64.81367463792523,324.96859548669585,NA,NA,NA
CRS3035RES200mN2617800E3491800,37044.01976091411,242.41836074235505,67.34600092464166,341.85959976223535,23.76190476190476,5.547850208044381e-4,23.76190476190476
CRS3035RES200mN2620600E3481000,30137.299376214058,204.56179037509233,55.29622992530984,286.8350660720637,NA,NA,NA
CRS3035RES200mN2625600E3460800,36643.755355755355,240.27136499863772,48.509581327763144,349.08992018082927,38.33299712170041,0.41018577382213744,17.262345937169425
CRS3035RES200mN2627000E3469600,33836.96071865613,204.04479919902101,53.30701969073312,298.24335298698406,49.77411109848915,0.39172321726554676,14.395109621719852
CRS3035RES200mN2631400E3487000,36644.806950643484,242.7511808293977,58.33093556354802,342.4230944230189,NA,NA,NA
CRS3035RES200mN2631600E3460200,34118.184653924436,219.6965832038636,49.91551348291602,318.7543929375775,66.02943863857004,0.4217942696101456,17.44466049911484
CRS3035RES200mN2635400E3492400,39318.03114805123,245.2607698248931,62.889886681960185,345.96341083841514,28,2.3055552353395507e-5,28
CRS3035RES200mN2643000E3478600,35135.037299587406,222.66841580594246,59.3207432226622,313.33289950987177,27.555555555555557,3.73826599839393e-4,27.555555555555557
CRS3035RES200mN2606200E3485400,35802.62660382301,216.04673998428913,62.347833202408985,303.94694291699443,23.88888888888889,7.364493322859389e-4,23.88888888888889
CRS3035RES200mN2613000E3466200,29728.65417248269,175.1170731039768,50.95642773079344,255.32226236417878,66.77374722385316,0.5360730218682431,13.43298955913513
CRS3035RES200mN2613000E3466800,29817.6632565606,177.25481926891317,50.93772021712218,256.1418232277198,69.69826155770556,0.5329152325628852,16.101421897735722
CRS3035RES200mN2624800E3496200,41090.578773959576,255.19492798729328,71.97165639957933,360.27062182060115,NA,NA,NA
CRS3035RES200mN2626600E3461400,31513.536787686524,201.69304429561743,44.34040653272236,294.2985783104218,40.48537479396787,0.4776054517682998,20.190139978843263
CRS3035RES200mN2626600E3461800,31563.155176588607,204.0608115119859,43.90108040172034,297.44302235751263,39.53064036015646,0.46870063532694545,21.609970724987086
CRS3035RES200mN2626600E3462200,32332.249773468648,207.07278452337803,44.08692007973904,301.0555341609279,37.36173091588969,0.4604136462486408,19.259371694260608
CRS3035RES200mN2628800E3473200,36616.337378840995,234.23532687151965,54.07959373066607,335.14785522788196,82.04706031988297,0.32428335739327696,23.526042163502808
CRS3035RES200mN2628800E3475000,35882.46744293884,232.05898294605595,57.4314390231336,329.326281621928,82.01583516169036,0.3240661548766036,14.573601704346716
CRS3035RES200mN2630800E3492800,36159.86124483631,250.6246384082491,57.0700767481827,353.60258531430463,10,1.0674295229657463e-5,10
CRS3035RES200mN2616000E3490000,35567.28629967646,234.4741981636594,67.24680862885658,330.42435860038074,26.854671280276815,0.00401439068772486,26.854671280276815
CRS3035RES200mN2619000E3465000,28069.51199753753,167.95657101283,49.81374784883802,243.19800484098892,49.36716770400256,0.5687322485414072,17.286882826145796
CRS3035RES200mN2619000E3467800,25297.65365798157,154.90327397883718,45.03821538286495,220.50162134486288,66.91666666666667,0.4932301740812379,24.759913494809688
CRS3035RES200mN2619000E3468000,24042.028085703045,153.66359958521383,45.64857088609441,214.9096671486367,68.00871170599426,0.5063021221282632,24.366454162580077
CRS3035RES200mN2626800E3477000,32793.73998108114,212.415914911289,60.37679671457906,298.1493666797407,82.2693249387898,0.3627921463673488,12.620022894209672
CRS3035RES200mN2626800E3477400,33893.124797747936,218.42439656892049,60.122315313517994,306.97231642174773,82.27714712709465,0.34852716271028583,18.121466501319574
CRS3035RES200mN2626800E3478800,34135.75419106806,220.2328557378513,61.88988108543075,309.6869886897044,NA,NA,NA
CRS3035RES200mN2628600E3475400,32731.262165389035,214.05377207958134,56.853914906437254,301.8504223434763,80.81101843722564,0.35586203818386725,12.524256866925857
CRS3035RES200mN2635200E3482400,37852.57355885249,238.60482204114317,62.93120799922085,336.2365354023959,NA,NA,NA
CRS3035RES200mN2635200E3483800,38740.92850580585,225.85586321296424,65.25287737654729,317.9678320786009,NA,NA,NA
CRS3035RES200mN2615400E3468000,25824.88279177246,160.77553989672782,43.39662796336975,227.58967848686274,70.49523931078494,0.5587966793141814,20.88054371410339
CRS3035RES200mN2615400E3468200,26661.598680230185,161.69912625047488,47.5711873707315,230.294711071715,66.63162731333759,0.5511938429502061,16.92801786853861
CRS3035RES200mN2618800E3468000,24352.820880096664,154.27635850182693,44.43038269502304,216.7538174883915,67.32652292354959,0.5022926765360934,25.7456442357851
CRS3035RES200mN2625200E3463800,26365.55823501897,168.29821734837066,37.57598357673717,244.75925107842627,38.93392211370514,0.5281560209968297,24.00760166301754
CRS3035RES200mN2625200E3464000,26386.990840825234,168.39244140726498,37.4844618822429,245.07861300213065,40.32008167482595,0.5281011276827937,24.354739353981653
CRS3035RES200mN2628600E3472600,37132.7473630385,237.1312765701451,53.9069944653886,339.12529076762655,71.13121949810859,0.34720662549129727,15.175315487019521
CRS3035RES200mN2635000E3486600,38730.770532900395,234.19826186610638,68.40183602330245,330.04584089389743,23.723150357995227,0.0050019100372457265,23.723150357995227
CRS3035RES200mN2642800E3477400,33529.839453158,218.55897840227522,59.01719088784389,307.2997212288458,14.24,3.519837805873905e-4,14.24
CRS3035RES200mN2601600E3491800,37705.091699460056,241.06875934230195,64.82242762575882,340.11894084988256,26.434782608695652,3.508129709282816e-4,26.434782608695652
CRS3035RES200mN2613600E3486800,33569.90202808557,222.01475489218674,62.89987751730424,311.9602073660524,28.95,5.696869570171191e-4,28.95
CRS3035RES200mN2613600E3496800,38662.28218246052,256.4212740540686,69.80069857428543,362.05874256628726,21.166666666666664,1.558158256940302e-4,21.166666666666664
CRS3035RES200mN2626600E3493000,37794.49978519569,250.9872835846544,64.24227778493793,354.151780727757,6.2,2.148043132706105e-4,6.2
CRS3035RES200mN2628400E3465200,27368.90913968399,172.79759637309868,45.864863052284214,251.34117552378098,49.05315343748356,0.5099927569278642,21.15344537373101
CRS3035RES200mN2634600E3466000,30681.632933350724,199.01192122081648,53.95598017477501,276.84349810877785,68.63228838187102,0.42188600495630624,15.104782662462133
CRS3035RES200mN2640600E3478800,33778.86360621708,212.6001326451169,60.88076357449756,299.0923757893821,27.70662460567823,0.0045704893451368285,27.70662460567823
CRS3035RES200mN2608800E3490400,37165.43054381948,234.57642332158744,66.00526122793846,330.1615834701773,11.542857142857141,5.580090238030682e-4,11.542857142857141
CRS3035RES200mN2613000E3467800,29626.925231236957,186.1215829747765,43.84077499806766,263.24125937185994,85.6712774613507,0.49080205085924816,30.85198036693878
CRS3035RES200mN2621600E3465400,31163.123580022464,195.922611948076,39.70888289310652,282.62409532521974,46.20800019680681,0.47070880183424624,18.012671898447685
CRS3035RES200mN2621600E3467200,24944.127282713198,155.75640532747477,46.44657421392281,223.00734587395291,62.85570205647932,0.5581765755869826,29.256914788940254
CRS3035RES200mN2621600E3470800,31413.42035203127,202.69701953213448,50.386638542299764,290.09291766472415,59.97706005784608,0.4202686115381407,13.98184937333409
CRS3035RES200mN2624600E3464400,25771.862753127352,166.3139109414422,35.62193043868803,241.61750525078267,37.97495633348914,0.5369536213888485,18.08189131343945
CRS3035RES200mN2624600E3469000,31042.147753264515,193.7003908944585,49.61363168786533,278.121140976147,66.01312574578101,0.42596604180029285,31.59631513154158
CRS3035RES200mN2626400E3458800,36478.07349547499,235.2413089021939,51.026979890038604,343.08277944976766,44.970995596447636,0.432284410791956,15.347491943221222
CRS3035RES200mN2626400E3459400,31154.107407133342,195.71445661289528,47.0451630407972,286.80261210596416,42.114393958030945,0.5013196191603769,13.783163177445946
CRS3035RES200mN2630600E3469000,34600.51306037504,223.36724075686467,56.292722291830366,314.6633077788868,NA,NA,NA
CRS3035RES200mN2611200E3475400,29311.900759317312,189.52686868686868,55.540271682340645,265.2728526645768,22.97938144329897,0.0013514454893765238,22.97938144329897
CRS3035RES200mN2614000E3483600,31644.125443090652,209.09840559119405,60.55659361949455,292.98696918815716,27.307692307692303,1.8656448673239474e-4,27.307692307692303
CRS3035RES200mN2614000E3491000,35854.36755271712,237.54185489924015,67.52457762734915,334.94148386274503,21.236192714453587,0.012051605228499018,21.236192714453587
CRS3035RES200mN2616600E3501400,38700.22358615207,257.5737997203729,68.70490373391843,363.55939508215636,16.800000000000004,1.9240389425481986e-4,16.800000000000004
CRS3035RES200mN2619600E3472600,31264.294885758543,209.51196872882176,51.774627263045794,294.16208006583406,61.542316637358894,0.42668699777325975,23.257084916898293
CRS3035RES200mN2622800E3468200,30654.849309844252,187.98643062766035,51.481251384002164,273.23376719238246,59.639973828691716,0.4324606943385085,16.401251671265612
CRS3035RES200mN2622800E3472800,31738.83656423743,204.17443159253327,53.41362192216031,286.90793784749746,64.60403409090902,0.4368546465448763,24.228338068181845
CRS3035RES200mN2625400E3477400,31090.825069596955,205.10481843489768,54.692375614721705,287.4053298340716,82.27806925498427,0.3856832758980153,15.61893541925021
CRS3035RES200mN2627000E3473200,34176.638905452855,217.5015017999514,55.664226241745624,310.6882771262616,81.7198956991612,0.3514984871574019,13.342383211334866
CRS3035RES200mN2627000E3473400,34330.089499031295,218.409986161085,56.44452809299754,311.36486022695766,82.23298038093425,0.34817603099916983,17.318175458679143
CRS3035RES200mN2629000E3478400,34408.39997895383,227.11627906976594,57.63422077238744,319.84598547826863,3.6545454545454548,5.787646006524227e-4,3.6545454545454548
CRS3035RES200mN2629000E3483200,35571.123566318514,235.86269128845382,56.56823538037729,332.58745587665277,19.52068965517241,0.003037571618606696,19.52068965517241
CRS3035RES200mN2631400E3475200,37558.63817675279,239.9393223168757,55.993261387751815,338.17397688756574,12.961538461538462,2.614983857503495e-4,12.961538461538462
CRS3035RES200mN2635600E3477600,35747.10196713725,226.9503471418653,60.10452441564445,319.5138046748437,NA,NA,NA
CRS3035RES200mN2643600E3476600,33721.69413540574,219.75332643819578,57.80463465086399,309.03983339855796,10.84,3.494157768211561e-4,10.84
CRS3035RES200mN2612200E3495000,37454.73812961078,253.31261009496265,66.68844946558403,357.65271578612766,18.076923076923077,3.44357177860482e-4,18.076923076923077
CRS3035RES200mN2612200E3495200,37453.49385925468,250.1896323984037,67.58307571243887,353.10253780001125,19.384615384615383,3.653532685065483e-4,19.384615384615383
CRS3035RES200mN2612200E3495400,37473.384571149225,249.28350441358253,68.21905460191482,351.721627993905,22.384615384615383,3.7378878058598567e-4,22.384615384615383
CRS3035RES200mN2621200E3476800,33223.29780575116,223.64068599145372,54.50295646148511,314.68298879778206,79.90382561718712,0.36768679986141534,22.700609334757242
CRS3035RES200mN2621200E3478000,34172.05012322538,225.38595577770835,54.43544262788249,317.3572031888183,78.50928505106778,0.37384150786212644,16.64368926029093
CRS3035RES200mN2624000E3466400,24818.182561613667,144.35536042417698,42.29856503625984,209.92879886661711,47.17820856601639,0.5701841747205117,13.228143373760755
CRS3035RES200mN2624000E3466600,25033.790440870092,147.25534072283807,43.06363030252519,214.2221990721448,48.44694826440996,0.5646164958190962,14.200585500258304
CRS3035RES200mN2626400E3488800,36306.839599866005,240.17033417657183,61.93780827297825,338.58129165655936,9.690140845070422,0.0016402721465617817,9.690140845070422
CRS3035RES200mN2628200E3482800,36678.87254713058,238.34213915565573,56.60165907777184,336.2101836546354,14.878048780487804,0.0012473506475068196,14.878048780487804
CRS3035RES200mN2630600E3460800,33067.41509180091,210.33848299144987,49.121500128435656,307.9160275463897,62.65437232419664,0.4971316037331963,15.027712710988661
CRS3035RES200mN2630600E3461600,32599.333108067338,207.77839860013273,51.61372111265311,303.5534182103421,63.5777028689533,0.49046038737705905,21.787185669996592
CRS3035RES200mN2630600E3462000,32893.003428248296,211.1993921044261,51.11342671677485,307.6898436671654,59.17100051661787,0.47888269735989536,19.288289994833807
CRS3035RES200mN2635200E3490800,38253.76985388838,243.52436547634244,63.042185523460255,343.4739517448675,15.021857923497267,0.002123782886719974,15.021857923497267
CRS3035RES200mN2635200E3491000,38409.93395460964,243.93808099775006,62.74108074274957,344.0532953149241,15.262295081967213,0.0021211488976980225,15.262295081967213
CRS3035RES200mN2608800E3493800,36594.3375596432,241.13425840063366,67.77560654853237,339.55011717893854,NA,NA,NA
CRS3035RES200mN2609000E3467800,30605.92039017021,192.75529712060634,46.45183429486762,269.8129761548179,83.62247965583373,0.5025069347676039,19.779199709739284
CRS3035RES200mN2614000E3465400,29043.55083220559,170.25321930326325,50.780557221981944,251.4221995898266,61.89030701974775,0.5552966781533826,25.07280789910054
CRS3035RES200mN2617000E3494200,38441.70125325013,251.64910226866593,68.25067468483876,355.37050364144847,NA,NA,NA
CRS3035RES200mN2617000E3501200,40449.88579034718,261.84301693984577,71.51033223106968,369.87213341769547,20.933333333333337,1.790681294543203e-4,20.933333333333337
CRS3035RES200mN2622600E3484200,34171.249539895165,230.00670937682003,59.18419336051252,323.90193360512524,26,3.02853814793244e-4,26
CRS3035RES200mN2622800E3462600,29533.01531506362,186.73616437660326,39.46155995225154,271.84656998450714,40.207803389997295,0.5162039976633733,18.458082609658298
CRS3035RES200mN2625200E3484400,34980.27780435721,229.30868058391775,58.20652998354668,322.85228187684515,1,3.5007059757051004e-5,1
CRS3035RES200mN2626800E3459600,31278.43350476699,198.02896581839354,47.39481089735814,290.23854346085733,45.73049767521956,0.4930617888940103,15.938532313218017
CRS3035RES200mN2628600E3486000,36727.7986410308,243.33802093819207,58.20505335212402,343.3188041071069,25.454545454545453,0.0016609623515200323,25.454545454545453
CRS3035RES200mN2635000E3466000,30408.000039859166,196.05268052879825,54.28880621802963,273.2176177506145,71.4418135551142,0.42814056998604927,17.038800273088384
CRS3035RES200mN2613200E3473400,28517.924003525648,181.58863690417897,53.60280929529791,253.06232774179134,85.96258580129536,0.4341396533150529,29.547703908994215
CRS3035RES200mN2616200E3485000,32223.65697449768,218.67779863104437,62.600877677191434,306.9270948332965,14.447368421052632,0.0010487966438507397,14.447368421052632
CRS3035RES200mN2616200E3489800,35646.32975882328,234.43478915868945,67.01392826328127,330.3779530794211,26.681547619047613,0.00460166810468796,26.681547619047613
CRS3035RES200mN2616200E3495600,38786.3297187725,253.90682736808668,71.34114859996829,358.5032421145179,26.523364485981304,0.00130661489052521,26.523364485981304
CRS3035RES200mN2623400E3467400,24309.34890785271,148.51555568114358,46.12991324987995,215.62903727146832,57.81906073950157,0.5743168781259718,16.80177126128563
CRS3035RES200mN2623400E3468000,29948.474896066517,187.43631152985165,50.167818749846255,271.49185751888024,58.04543777214692,0.4999754003591548,14.079906024748457
CRS3035RES200mN2623400E3472400,31862.349805561622,204.6804118668521,51.85309511580688,288.5197740112986,65.03485597409235,0.4304791253943791,14.452036816089992
CRS3035RES200mN2625800E3489200,37377.27347328701,238.24115082184048,65.15125052053983,335.78806065208335,11.08450704225352,0.0017392156382431444,11.08450704225352
CRS3035RES200mN2625800E3497800,39122.70344361922,257.79231288630376,66.44708876538739,364.29809380356363,27.666666666666664,2.8047577000986926e-4,27.666666666666664
CRS3035RES200mN2627200E3468800,35084.54038165494,219.40902375269917,51.6603229705855,315.3039085019992,52.752393125976425,0.3637293494095403,20.55540406192302
CRS3035RES200mN2627200E3470400,31807.39396677804,194.7025956885174,51.80512716852356,285.255026694094,59.63010935946598,0.4186038215954626,20.325473654310468
CRS3035RES200mN2627200E3471400,32396.6294176848,202.8914595328369,51.28046154566302,293.019297383326,70.81218074656184,0.3871764265318542,27.340151125887907
CRS3035RES200mN2636600E3490600,38572.48805926818,247.1803528994312,61.62963839098504,348.74312104170923,21.721311475409838,0.001967720777195944,21.721311475409838
CRS3035RES200mN2613600E3497600,38573.197890370175,255.39387033827754,70.75126564141762,360.53589509163106,14.25,1.6374875482717694e-4,14.25
CRS3035RES200mN2616400E3485800,32875.51302087009,218.84958528210686,63.727727458987594,307.1204448149659,18.64912280701754,8.054146472425139e-4,18.64912280701754
CRS3035RES200mN2619400E3464800,27649.83011496506,166.3722851581645,48.613921834960024,240.70328931707112,51.26942852222687,0.5692100877991402,18.20600998794558
CRS3035RES200mN2619400E3465000,29783.816771031856,175.11758780288594,50.98024775387966,252.25481894908793,56.09481168048414,0.5533487612306017,23.52285911092523
CRS3035RES200mN2619400E3471400,25658.624887627822,172.90142150803462,48.291240588830206,240.57179177435668,47.22844424281947,0.49540678727946963,10.686325101363808
CRS3035RES200mN2622400E3462000,29425.78164057442,185.9722085651446,41.162142579894,271.591279596326,45.16898324682036,0.5259283219045158,20.47214199611307
CRS3035RES200mN2622400E3463800,28953.681158696465,188.33243850667998,38.41387189411912,270.77702584592333,38.2362419739723,0.507541515794731,15.076867819626575
CRS3035RES200mN2625000E3462400,30687.236895974922,197.31870766999262,42.11721975926727,286.70192656365145,29.829835912322565,0.47548807448911556,14.604600359172398
CRS3035RES200mN2631200E3462200,32740.48106411811,208.34082210018306,52.607695599457955,304.04652544992035,62.952167708282076,0.48310867032784155,20.61036366320555
CRS3035RES200mN2631200E3462600,33900.178576317594,215.92279260780288,52.44202600958248,313.3114191193247,63.13633679444909,0.46363221537759525,19.569546282171146
CRS3035RES200mN2611000E3480400,30399.710883276213,200.04247904846932,57.76912997148864,280.59682343115514,5.887096774193548,8.927800017279613e-4,5.887096774193548
CRS3035RES200mN2611000E3482400,31219.649141679,204.61679590037772,58.92372969984908,287.13020483169726,NA,NA,NA
CRS3035RES200mN2611000E3482800,31297.457865760047,205.54885826890086,59.6993742290682,288.50204578958414,NA,NA,NA
CRS3035RES200mN2611000E3497200,38264.319497502336,253.5335586247439,68.72609462239224,357.70997649133227,18.340425531914892,6.905671466353238e-4,18.340425531914892
CRS3035RES200mN2614200E3492800,36660.54359798072,244.01635936614204,68.01000188969576,344.3979834246686,86.23209133624599,0.3274842750317199,38.21834556095953
CRS3035RES200mN2614200E3503400,37460.06008057452,245.18578321310832,70.05254860746197,345.90714820299655,13.333333333333334,4.2994315196101784e-4,13.333333333333334
CRS3035RES200mN2614200E3503600,38155.60617690608,249.64585536852923,70.26647728989764,352.3923876582744,13.481481481481483,4.0796591218155955e-4,13.481481481481483
CRS3035RES200mN2614400E3465800,28836.018706016523,170.60204166782566,50.26430419181664,251.40272871408305,59.35530877845334,0.5535590108759144,25.809014622380847
CRS3035RES200mN2617200E3477000,29566.746867648515,203.4620154444098,51.97901963792577,285.58610770174784,15.311450381679387,0.008374245678633516,15.311450381679387
CRS3035RES200mN2617200E3477200,31246.07959357508,213.442552932587,53.58211243611584,300.14507179362374,13.195419847328244,0.007970309077634461,13.195419847328244
CRS3035RES200mN2622800E3463800,29430.355098300148,185.97566977176288,39.544843950084115,270.2065809626635,41.93894068734778,0.510319632410174,21.112686658958395
CRS3035RES200mN2625600E3461800,36557.248059273195,241.42370732857708,47.192303912898204,350.0886052316093,32.621835715515736,0.3994359609299762,16.320969765553873
CRS3035RES200mN2625600E3462400,29902.080554025906,193.33538439437834,41.21896473292312,281.8859985155745,32.057787399444024,0.48661622812268057,15.765667052079998
CRS3035RES200mN2627000E3476800,32569.696693890735,212.12854143595422,58.448874123292725,297.6854581949059,82.2667493402016,0.36278377630121816,12.11792425832301
CRS3035RES200mN2627000E3487800,37526.62641132932,246.2793235800169,59.786394225385095,347.4399071500565,20.774647887323944,0.0014456899096952852,20.774647887323944
CRS3035RES200mN2631600E3486600,35422.32154431739,244.64922713459296,58.00458368249413,345.18403384251883,NA,NA,NA
CRS3035RES200mN2631600E3490600,37208.46137990085,247.9220621346489,58.880899779072024,349.8374012959679,21.611702127659576,0.001987294003234634,21.611702127659576
CRS3035RES200mN2631800E3468800,31560.073280076336,204.2417193275305,52.55742220102537,285.83386192917607,21.178082191780817,8.703946583999036e-4,21.178082191780817
CRS3035RES200mN2636400E3492200,39225.410779185186,242.98789337591273,64.50566604306428,342.62346730853994,16,2.3831937179013592e-5,16
CRS3035RES200mN2636400E3492800,39281.525147929126,240.5696530622574,66.47591412532266,339.38190967480983,27,2.5287007535528307e-5,27
CRS3035RES200mN2636600E3482800,38135.69409333563,235.52416049595337,64.1609207278572,331.55237931232324,NA,NA,NA
CRS3035RES200mN2611400E3477400,29369.32231961273,191.32468276474464,56.651886224972074,267.83704276589043,10.23076923076923,0.0014895018761994787,10.23076923076923
CRS3035RES200mN2614400E3478800,27318.378144481114,189.2085808580858,53.65999266593326,264.81447744774476,3.9347826086956523,6.747341400806748e-4,3.9347826086956523
CRS3035RES200mN2617200E3480600,31380.931841705133,214.56267010823026,60.01515480647592,301.65794349531745,24.855072463768114,8.816877292068644e-4,24.855072463768114
CRS3035RES200mN2617200E3483800,33549.19971138596,230.91334484634783,63.072472853729366,324.7038986539231,29.14814814814815,3.1936788815026815e-4,29.14814814814815
CRS3035RES200mN2617200E3494400,38582.38627210007,252.26533467992164,67.63184600221457,356.22145699232203,13.17687074829932,0.001788691091831644,13.17687074829932
CRS3035RES200mN2619800E3479200,32062.060859980596,218.4643373551096,56.2732002749662,307.24501623722915,25.0875,9.481593855927185e-4,25.0875
CRS3035RES200mN2622800E3475800,33619.38781626419,222.35591032217164,53.58189153362918,311.92355483833785,70.4996587224845,0.4053022880525618,13.453668733291625
CRS3035RES200mN2627000E3460800,38114.329703057025,247.01247724994403,49.95487946120081,359.41549631619415,46.25476641491796,0.3956222566108986,24.312787522448282
CRS3035RES200mN2629000E3460400,32896.52013972787,212.09163665944882,45.20570396334517,307.41028340371435,52.62357335546794,0.403548228876313,26.406338007292565
CRS3035RES200mN2629000E3460600,32856.2686184422,209.22612814759432,47.623665871235005,306.39224276097923,56.36158063691373,0.4179102705654694,30.384074316070535
CRS3035RES200mN2629000E3461200,32922.518715950966,210.58984242282204,48.653611387733434,307.48307656259055,60.63535259091586,0.4761525393942935,29.705080950740626
CRS3035RES200mN2629000E3462000,34089.36825625378,213.08361616784958,46.592409750077266,312.1197504199667,54.91570296737362,0.4644428445724348,23.412344372816307
CRS3035RES200mN2632200E3464000,29511.552165317044,192.51640200979637,51.47663421944064,271.4788631297932,63.5952802795412,0.5117427056704977,15.270429154978116
CRS3035RES200mN2632200E3464200,28383.118102306664,184.3801180885122,49.75121399404058,258.65704668359007,56.87321809406225,0.49161240481183255,13.12438545291281
CRS3035RES200mN2637000E3490400,37591.93161010046,246.13288080369264,61.0187021449905,347.18666304642954,12.792207792207792,8.362747759978279e-4,12.792207792207792
CRS3035RES200mN2614400E3493000,37237.64790706187,246.93237898155863,67.58232921207025,348.69730982816304,16.274336283185836,0.010359911986588416,16.274336283185836
CRS3035RES200mN2614400E3503400,38213.01243858634,250.6109008327025,69.94555520921465,353.77503673687494,9.925925925925926,4.007659081800775e-4,9.925925925925926
CRS3035RES200mN2614600E3465400,28662.981373429084,169.34116921005386,51.15636220825853,249.5383611983842,58.617093319244994,0.5840720377019749,23.37847605782624
CRS3035RES200mN2620400E3472400,31111.813674865516,209.38960307666503,52.334922783854694,294.67015706806285,66.34515692874199,0.41646399175722143,30.51654440321051
CRS3035RES200mN2620400E3472800,31928.42622352512,212.11637763571505,51.617961125042676,299.0245352547122,66.48399067920946,0.40924663582100096,23.310612467995757
CRS3035RES200mN2620400E3473000,32104.462490558682,209.62136052432814,54.28973271934313,294.13254391735495,64.81653614799683,0.4293545793436152,18.377587674497775
CRS3035RES200mN2623200E3473000,32164.192387401512,209.4103067691637,52.10059763356393,294.85897775742865,63.86648485881501,0.42415114345615323,14.585773535594578
CRS3035RES200mN2623200E3473200,32150.215643948515,208.23024496725688,51.420130972592716,293.3983628425904,67.4838902147972,0.42682512733446465,18.14287419024887
CRS3035RES200mN2627000E3472400,32921.193441042305,204.29785757960607,53.319434645595194,294.0455528902689,73.30590129419784,0.3797798786510514,32.632159886061004
CRS3035RES200mN2631800E3472400,33416.52044277191,216.38591539480174,53.982670104769326,306.1109368829425,27.299999999999997,0.0016261295792970498,27.299999999999997
CRS3035RES200mN2617400E3478800,28618.44717758942,199.9846260595094,54.50536727391464,280.7556223724847,19.076775431861805,0.007088338934164161,19.076775431861805
CRS3035RES200mN2620400E3500400,39392.56583123423,254.65477329974843,70.92414357682621,359.63017632241827,23,5.037783375314864e-5,23
CRS3035RES200mN2620600E3467200,25104.493832813023,154.5372181755115,44.83833506763784,220.35691987512976,67.03795817958195,0.5639958376690936,30.248696186961887
CRS3035RES200mN2627600E3464400,33947.020166537935,223.9097161237076,45.35317892776651,324.0055759525144,49.6396221309257,0.43008898246801974,20.54307117026248
CRS3035RES200mN2629800E3466200,28751.76048023613,182.72338558493877,49.03822477497241,260.9937909669871,57.80115005476451,0.48555435895390425,15.927645125958374
CRS3035RES200mN2629800E3467400,30914.400517742448,198.29366009719882,52.4467970791511,282.1377268175935,65.27100895334834,0.46643221725645345,22.37489659144459
CRS3035RES200mN2633000E3465600,31478.790911943957,202.44365781711056,50.20217159354831,282.9585388815676,69.51679851093537,0.404631896064773,20.60999224445481
CRS3035RES200mN2633000E3470000,32361.51950296632,211.82035081982528,53.093345634605505,295.8326481991872,8.989010989010989,0.0010627364880646517,8.989010989010989
CRS3035RES200mN2638600E3489200,37873.486206981856,237.66205250006166,66.81241495336351,335.00831292214,17.315789473684212,2.3503797718894563e-4,17.315789473684212
CRS3035RES200mN2614000E3465200,28941.938634616727,170.25015722171756,51.07541052337363,251.99893787995248,61.726270036681576,0.5562434490951017,25.031091402442105
CRS3035RES200mN2617000E3465600,27321.502041172196,164.59278253163478,49.94203361759623,240.0673223599144,63.44118871019068,0.593479871573228,29.390453110082955
CRS3035RES200mN2617000E3467600,26282.55054188939,157.74885568319365,47.21017039246376,216.28872220417583,72.71836502621765,0.4674423411983579,22.675377471729085
CRS3035RES200mN2623000E3462600,29247.3593473708,187.20745181153512,38.66228570711948,272.9951090432536,37.61440625845654,0.509775643035403,16.031624394204027
CRS3035RES200mN2623000E3463200,29044.824871090368,187.74403753748103,38.97579886333697,271.5315342441693,37.5643681271372,0.5099803028592219,16.502957022313
CRS3035RES200mN2625600E3464200,31517.999577244937,204.96578935958027,42.26477474743095,296.76810258856176,41.26327830942951,0.440630013441443,22.773987059952297
CRS3035RES200mN2625600E3464400,31550.035856356008,203.671719269103,42.986164539255114,294.889928309145,42.8365273438461,0.44423194614443084,21.943440183030347
CRS3035RES200mN2625600E3464800,22856.348233436605,136.6255958055291,41.50382805052431,197.76885724499525,45.62019797017918,0.594390490943756,24.610695401578752
CRS3035RES200mN2627200E3465800,28670.210642509137,182.4660601908242,47.558452598457166,264.73600537961835,49.96633794562087,0.49790651644336176,18.697520576918166
CRS3035RES200mN2629400E3460200,32594.970824478623,208.6923363229238,47.92126211144329,305.88000816434345,53.765345605909594,0.4095858996986397,23.590264993844183
CRS3035RES200mN2638200E3481600,35512.51886142683,221.8097697952266,61.93997191978602,312.07201515271936,NA,NA,NA
CRS3035RES200mN2638200E3484000,37764.62799362049,230.18551834130787,65.9899202551836,323.69631897926644,7,1.2759170653907522e-4,7
CRS3035RES200mN2610600E3477400,29352.65273750878,193.5046868402534,55.76738916256154,271.03255453905734,18.471153846153847,0.0014637579169598874,18.471153846153847
CRS3035RES200mN2610600E3487800,36176.63040176923,228.7301732399561,64.52738665683765,321.68942130482844,18.279999999999998,3.685956505713238e-4,18.279999999999998
CRS3035RES200mN2610800E3468600,29656.206420361028,188.24960190550107,45.26248812407167,263.87457681551166,75.21088782779664,0.5240529365323627,16.71463626382045
CRS3035RES200mN2616400E3465200,28393.84418282553,167.9090395160835,51.49150602069082,245.59135621007388,56.745417182355226,0.6052207586635769,21.131130467272257
CRS3035RES200mN2616400E3468000,25532.560056172377,155.86136832404426,46.73168912098999,219.93115957929172,70.36176132737718,0.5730606632436617,20.062317804722404
CRS3035RES200mN2616400E3469000,26027.98530074589,160.39341950304626,46.24091655883348,224.20699632155174,74.83825169555392,0.4823419939225641,27.62009344385833
CRS3035RES200mN2625400E3460000,36282.40570175439,232.72696303866462,50.32667986714359,339.153051013456,42.94071194863342,0.43273079543518994,18.181874092843632
CRS3035RES200mN2625400E3460200,35842.78205567452,230.8745931477516,50.636605995717346,336.51777301927194,43.17009028512386,0.43521413276231263,19.16168663435755
CRS3035RES200mN2625400E3460400,36051.22525959344,233.3007854777698,51.179716885093065,340.23852591648006,43.82378410292996,0.4355918944695078,20.564065536667563
CRS3035RES200mN2627200E3468400,32483.555597705505,200.10120587187146,52.196491591084104,286.0687772298285,61.4296471283036,0.4671517743214817,23.02542447955116
CRS3035RES200mN2629200E3475200,31882.117889924284,206.6341073698693,55.207870213783245,291.9998600436192,82.06439309665316,0.36695396601392544,20.81670533642691
CRS3035RES200mN2632400E3464400,28720.540903274985,186.9803446492255,50.691408270492474,261.9597909236926,57.88730497249972,0.4850679225764299,13.70296048939276
CRS3035RES200mN2632400E3480000,33415.09391682349,214.37937871778004,50.95919975596135,301.30467995322664,NA,NA,NA
CRS3035RES200mN2632400E3482000,34955.70143159182,224.33830262760554,54.09478707339192,315.6969133192403,25.454545454545457,1.328903654485055e-4,25.454545454545457
CRS3035RES200mN2608000E3488200,35490.264335966094,223.34721576956318,63.99220149996694,313.7520408840514,31,8.296276631047999e-5,31
CRS3035RES200mN2608000E3494600,37002.113745658564,246.2978893935346,67.60861942292279,346.8369623296821,5.333333333333333,1.0018701576275714e-4,5.333333333333333
CRS3035RES200mN2612800E3480000,28910.591188524526,196.8947991226044,55.79951223735863,275.90744054490875,29.200000000000003,7.215423689679053e-5,29.200000000000003
CRS3035RES200mN2612800E3498000,38622.96768545456,259.58470015706644,69.17393207508306,366.53615109302973,1.8333333333333335,1.5449185055488296e-4,1.8333333333333335
CRS3035RES200mN2618600E3468600,24332.801237059073,155.52124641750018,44.96870796046081,218.788252324969,66.6035417210098,0.5045183365502716,28.726673042923842
CRS3035RES200mN2625200E3459400,36006.065226195555,229.732385424534,50.34586630764347,335.2295011985683,46.818642525031365,0.44493700675357656,19.069312898226293
CRS3035RES200mN2625200E3460800,36747.781943389644,237.13011350807693,49.365678687986204,344.64826864262403,42.71790203941056,0.41717810299883,24.700415754385087
CRS3035RES200mN2626800E3461400,31688.491866287408,201.981945978984,44.3816497802017,295.0575236841487,41.07540160889567,0.4777850913279579,21.295948239809096
CRS3035RES200mN2628800E3472000,37206.657956855604,239.14418398512396,57.37553352410132,342.367546319045,71.18002252447371,0.33364164522935513,15.94013110398799
CRS3035RES200mN2631200E3475000,36221.142533960876,232.44430625395339,55.43402416665766,327.03373039273396,12.782608695652176,2.4659854828506774e-4,12.782608695652176
CRS3035RES200mN2631200E3475800,37196.64121616028,236.90255815878797,58.49565361370975,334.11036716615615,14.999999999999998,2.0697077572646744e-4,14.999999999999998
CRS3035RES200mN2631200E3476000,37555.07609711025,238.91262291953348,57.441656538465395,336.8540333678184,23.13559322033898,5.926253302128424e-4,23.13559322033898
CRS3035RES200mN2611000E3477000,29083.818044485368,189.6263631916669,54.032097948378556,265.4543061030702,14.586538461538462,0.00149627370298967,14.586538461538462
CRS3035RES200mN2611000E3477800,29646.201247318488,193.36511769970602,57.062579022886425,270.80525919506744,16.692307692307693,0.001477461607307751,16.692307692307693
CRS3035RES200mN2615000E3468600,26286.721192724777,160.41869668957438,44.1023274420997,227.75245388692832,70.01184489316621,0.5596862453744053,22.478714931202624
CRS3035RES200mN2615000E3478000,30132.20031858781,205.53200240246574,55.452525199770236,288.6632501175126,81.76374972857263,0.42091450357758436,37.550941464776514
CRS3035RES200mN2617800E3468800,24807.150140857426,157.96089564874703,45.555080354406066,219.1439372929106,66.0882798833819,0.5006641463165427,13.521600583090368
CRS3035RES200mN2620800E3477800,34090.75348620311,227.88488136672837,53.87514502149735,321.0742168839144,69.35666587873781,0.38494961213858436,9.24238860654769
CRS3035RES200mN2620800E3480600,31855.62928930537,217.13731878752404,58.719468443403194,305.3295138380434,NA,NA,NA
CRS3035RES200mN2623600E3462800,29906.45466939332,189.29321435211006,39.40089235917457,274.27867633389104,35.96587861940023,0.5037987234306253,16.669640089547087
CRS3035RES200mN2623600E3464800,25972.43382804367,159.9599871873582,37.74430771694739,232.43405493420175,45.04387559573527,0.5432827056028615,18.042052768633628
CRS3035RES200mN2625800E3464800,23368.47702025383,140.388340123692,42.27379312366269,203.02746431397836,47.9540959040959,0.5868042324940645,24.954867632367634
CRS3035RES200mN2625800E3465400,26345.364484215355,157.6411844893442,45.98240002159507,227.64795994115346,45.579684413213634,0.5397281721126722,16.77453549726174
CRS3035RES200mN2627200E3493000,37870.947851127414,250.02568867155665,64.68131486009237,352.7438630806846,10.2,2.1733224667209997e-4,10.2
CRS3035RES200mN2632200E3483200,34575.845691113376,233.4475797869361,53.56371192687271,328.8619565582677,25.79268292682927,9.185719566702886e-4,25.79268292682927
CRS3035RES200mN2637000E3490800,37651.5214822713,246.26774232154335,61.57810103032206,347.3654978077091,12.545454545454547,8.37748740656925e-4,12.545454545454547
CRS3035RES200mN2637200E3475400,36806.8953215479,226.64570188576945,60.37802648803572,319.25055134268234,NA,NA,NA
CRS3035RES200mN2608200E3488600,35436.75116448843,221.94648567853284,64.67269187986668,311.6090100111241,NA,NA,NA
CRS3035RES200mN2614600E3494000,37542.35193517046,249.18510660054184,69.43201339536787,351.7623983843755,23.23275862068965,0.0059307735569303155,23.23275862068965
CRS3035RES200mN2614600E3494400,37868.4647663385,250.3007326566435,69.33982039736448,353.35799689638503,24.379432624113477,0.003586964817217431,24.379432624113477
CRS3035RES200mN2614800E3465200,28811.67060049572,170.55827512392966,52.198569175304215,251.62036671924292,57.47561639942206,0.5945949752140608,22.800788707041516
CRS3035RES200mN2620400E3492400,38023.06964249277,254.07022057990008,66.09969168688072,358.2740359547503,6,1.0201537031579416e-4,6
CRS3035RES200mN2623400E3460800,30062.957538334344,189.99824314373927,43.563111185748795,278.3121778558603,46.217545327068315,0.5251062510495924,17.555029644025684
CRS3035RES200mN2625800E3462400,37639.082470572874,247.46948159755254,47.969537560393235,357.79726528251905,32.288051366577285,0.3791389184248326,15.905441708283096
CRS3035RES200mN2625800E3462600,37165.66446290494,243.80735289890484,47.4137993810304,352.79598915365966,33.170336293635756,0.3894813494687018,16.852857388865655
CRS3035RES200mN2627600E3480400,37043.3199675723,229.90029547612198,58.3688438030016,323.8699585053374,NA,NA,NA
CRS3035RES200mN2627600E3484800,36342.652696741156,241.0103376771229,57.25065563438981,339.8868039602347,25.88095238095238,8.538494378824536e-4,25.88095238095238
CRS3035RES200mN2630000E3479800,34750.67656884303,230.56280657983763,54.169570365358595,324.6913692489851,6.072289156626506,8.774526387009472e-4,6.072289156626506
CRS3035RES200mN2600800E3492600,34877.42335251722,222.3069901284438,60.0870335785338,312.91906467964947,24.818481848184817,0.005774288218927444,24.818481848184817
CRS3035RES200mN2613800E3476000,33175.323843459795,212.62497711935762,53.51912821701832,298.63359244389665,NA,NA,NA
CRS3035RES200mN2616600E3472800,31431.230193798947,205.23380341295223,52.507262792347724,287.39485443297883,79.56297298960202,0.40460039083407023,31.777453393219673
CRS3035RES200mN2620200E3469800,23744.44025628589,155.10382224573468,45.83000484944668,219.33214301459225,67.09217080825817,0.5103528339872734,32.928834691468204
CRS3035RES200mN2620200E3472600,31210.14951258896,209.59905508043778,52.133365229352314,294.95512230129776,64.32394966338096,0.42106333353268344,27.878572848904906
CRS3035RES200mN2620200E3473400,32470.95970557705,215.13895442106258,53.66350146267812,302.0805298669435,65.78870162297129,0.41573086722657354,14.728742480989672
CRS3035RES200mN2623000E3474400,32806.90266165982,215.2970100609324,52.28384346511738,302.4551154881678,66.87544039095351,0.4156157007226867,13.711160359131707
CRS3035RES200mN2632000E3461400,33003.61024189023,213.78993873416573,53.00626083136029,307.48273084527364,74.4356950506083,0.3942859235031376,30.830120407342058
CRS3035RES200mN2636400E3483400,38771.88235294101,222.4402648935591,67.06883747117794,313.0172127191788,NA,NA,NA
CRS3035RES200mN2610000E3492000,35940.40620940703,238.07349615921237,66.63606331285969,335.28036948538227,23.909090909090907,1.7640361146302716e-4,23.909090909090907
CRS3035RES200mN2614000E3492600,36695.96420724264,243.36743523667434,68.30771734707717,343.46613318866133,16.83691529709229,0.010728333107283331,16.83691529709229
CRS3035RES200mN2619400E3488800,35427.87986083175,241.06941847530268,63.26656173818377,339.74857399824873,22.201923076923077,0.001230740100826017,22.201923076923077
CRS3035RES200mN2619400E3499000,38851.13166304991,253.88769645557966,72.13584533438548,358.0455448148879,18,1.0521470375484974e-4,18
CRS3035RES200mN2619400E3499200,39201.974026463606,256.0959902489288,71.55676606225104,361.3271132556766,28.288732394366196,0.0017843455096065643,28.288732394366196
CRS3035RES200mN2622600E3463600,29071.102496863237,187.36629861982433,38.85228356336261,270.4802383939774,37.768063174985855,0.5100250941028858,13.927329085586356
CRS3035RES200mN2626600E3463200,37301.78180620902,244.2205033259212,47.99053281543762,353.50712424725384,41.48709685355113,0.38793506580265885,22.570400255848863
CRS3035RES200mN2631200E3486200,35794.12548611789,241.09911930064018,57.479477430047766,340.06307887296447,28.57142857142857,1.5165794633475242e-4,28.57142857142857
CRS3035RES200mN2631200E3491000,37294.611266442145,248.45761580987482,58.981497955984835,350.6316430492894,25.45945945945946,0.0019592891487153416,25.45945945945946
CRS3035RES200mN2614200E3472600,27157.374760337672,174.11695521533838,51.0694519959937,242.48759479181572,76.90694038648829,0.5582772928888253,19.282728484289315
CRS3035RES200mN2617200E3469200,24817.749780804326,160.39598433481427,46.65378770166006,221.84301204115025,72.06048300261497,0.47499707739069463,22.54302722658056
CRS3035RES200mN2620200E3480400,32477.70414042454,222.15484021460227,57.37188010263588,312.58803358992304,1,3.498950314905528e-4,1
CRS3035RES200mN2623400E3475600,33951.84754495169,221.79918165053024,55.4592208390965,310.8978792070084,78.50857319715261,0.37240663900415005,19.347709687403263
CRS3035RES200mN2623400E3483200,33210.78991917673,224.5123980755226,58.07414968422812,315.9026897317431,16.727272727272727,1.3132289913207501e-4,16.727272727272727
CRS3035RES200mN2625800E3471200,32793.31667222291,205.10313947740508,52.3449861476738,296.013105105243,56.80556107813347,0.4047523250066097,16.215121133801006
CRS3035RES200mN2625800E3476000,30232.822950404858,199.3410678137652,54.71995192307692,278.4025556680162,89.92531417089535,0.37149544534412954,28.3948608793379
CRS3035RES200mN2627400E3467200,32369.267810367506,210.37724140256995,49.35178918730537,303.63244932603345,56.49127107198239,0.4494834234578588,20.931829323195437
CRS3035RES200mN2629600E3480400,35751.632158792716,235.6272782037799,54.84885489947825,331.98174373844944,10.156626506024097,8.474662800314482e-4,10.156626506024097
CRS3035RES200mN2629600E3485200,36331.44543554275,247.24867791124424,51.51049483205379,349.0939477714737,8.927272727272728,0.0015893963183801643,8.927272727272728
CRS3035RES200mN2632600E3495600,38266.1118528563,244.50339000730156,62.263956978779134,345.10815572013024,1,4.404112049882364e-4,1
CRS3035RES200mN2632800E3464200,28312.566592783794,182.21634588406937,51.69217496212334,255.83205207339657,65.43601852692761,0.46339992144099657,15.372306481397384
CRS3035RES200mN2637800E3484000,37455.81711811555,228.72387309605452,66.0473183680835,321.52788587922953,3,1.2886265817891313e-4,3
CRS3035RES200mN2637800E3484200,37814.94149968902,230.2873875360076,65.52826669035429,323.81783688438304,1,1.2689872212986807e-4,1
CRS3035RES200mN2607800E3487400,35019.77246536316,222.03186909232153,63.52994302732105,311.9834099443226,NA,NA,NA
CRS3035RES200mN2614800E3465800,29289.540261175982,172.1365577281835,50.43912112208941,252.17153319975125,55.94038736905569,0.5500863677192013,21.67236918129976
CRS3035RES200mN2618000E3498400,38891.35264257605,255.57772621809744,71.71202779095256,360.64128135775724,8.398550724637682,0.0017689812975093255,8.398550724637682
CRS3035RES200mN2618200E3465000,26761.36756121,163.89470589079016,48.689252571035155,238.21599563963912,53.66371116296205,0.5839871484100461,21.822613287486185
CRS3035RES200mN2621000E3497000,37955.143749116185,258.1844753130065,65.09284137015806,364.5534694499135,15.5,8.702178808019058e-5,15.5
CRS3035RES200mN2621000E3497200,38280.58474005467,260.68605556724884,64.41377604714792,368.26523889707477,24.913043478260867,2.420543043569776e-4,24.913043478260867
CRS3035RES200mN2623800E3482800,33454.899535609205,224.28320748697223,57.970541316601086,315.53734623701655,6.7272727272727275,1.2998215699481253e-4,6.7272727272727275
CRS3035RES200mN2624000E3461800,29484.98246311228,186.69168151576145,42.293396746445794,272.83834784057836,37.25966198430468,0.5210942607714688,17.4112056877168
CRS3035RES200mN2626000E3461000,31651.57181835437,199.27920660529563,45.34880658631489,291.4649568188289,39.4689906270757,0.48221742431432096,20.618841791926002
CRS3035RES200mN2627400E3458800,35818.79281293178,229.77667067321192,50.74925017692455,335.7452286539131,50.440921055868536,0.45662259466867366,19.655332234495315
CRS3035RES200mN2627400E3460600,31652.073074601863,197.26828096710227,47.704277567710704,289.11306671921767,54.48038974459919,0.5005727235777364,23.322567787018375
CRS3035RES200mN2627400E3461600,32549.28828892333,203.3434606889429,43.069046947694986,296.55957751774093,47.80560407390088,0.47757178438836495,26.716723658638585
CRS3035RES200mN2629600E3460600,32546.970750051394,208.23877583100585,48.67935091474116,305.5704888695421,53.89090323336455,0.41286078765674017,24.618222820993378
CRS3035RES200mN2632800E3464400,29161.925075145464,186.5218542315859,52.48371618454072,261.29779665223504,66.41253825409811,0.4550506025425365,14.835027118746776
CRS3035RES200mN2632800E3464600,29128.141726209808,189.34118220201364,51.06346757605283,264.9662904622713,65.4072594072594,0.44702013640792465,10.468555686737504
CRS3035RES200mN2611800E3488800,34638.86128189027,230.9614177022942,63.794821618937746,325.1626823605006,NA,NA,NA
CRS3035RES200mN2615400E3501000,39076.8511551775,255.79192046582767,70.78439369951968,360.6470604019642,11.31578947368421,2.549172189873078e-4,11.31578947368421
CRS3035RES200mN2615400E3501400,38413.778371216824,253.53285306173146,69.61524448308698,357.4182779226873,19.55263157894737,5.244345077906127e-4,19.55263157894737
CRS3035RES200mN2618200E3477600,29366.79800437433,204.3362020991601,54.26116553857304,286.830268283529,19.360446570972886,0.008114509052789605,19.360446570972886
CRS3035RES200mN2618200E3478200,29859.13006320207,207.68940149944987,54.11515826104757,291.7198510785292,17.86464968152866,0.008034594815895192,17.86464968152866
CRS3035RES200mN2621000E3476800,33414.83276062177,225.68359010536403,53.574482852786666,317.59743303825456,78.51129681213249,0.36763534578886375,20.843664500154784
CRS3035RES200mN2624200E3462600,25604.047331665337,160.90922713150587,38.60123450001375,234.63285309724782,35.44483259120766,0.5588105908553519,17.617742133877826
CRS3035RES200mN2626200E3465400,26530.05589341816,159.96814951657913,45.65982551005267,231.78949284645117,48.66402883137165,0.5350530616648013,20.762055495350154
CRS3035RES200mN2626200E3465800,27632.19228110449,166.03839883133992,46.68245314273044,240.37775372053895,49.714726018745424,0.5162842869999609,22.188361165146638
CRS3035RES200mN2626200E3466800,28339.24253298942,172.69532603142562,48.37009208378503,247.40050839220964,49.157449225962225,0.4386751897125341,26.208390853571927
CRS3035RES200mN2626200E3467000,28690.90619410074,174.76618842600018,48.83315034356843,250.54514501424853,48.05513421389007,0.4343025622679217,22.349296974861524
CRS3035RES200mN2635200E3465800,28319.717940779112,183.3413645575325,50.704050326503044,254.37488741274518,75.72702157380114,0.4533748029723034,19.928123544932504
CRS3035RES200mN2635200E3474800,34358.940904043,220.02664161999985,56.77571418444776,309.480943266937,14.970443349753692,0.0023983365232390615,14.970443349753692
CRS3035RES200mN2635200E3475000,34050.12961083709,220.3490194227456,56.87374035352701,309.9211880206735,16.17241379310345,0.00239539329289878,16.17241379310345
CRS3035RES200mN2612000E3495200,37655.59466170079,251.59976550106921,66.77751569073742,355.18010897303355,20.30769230769231,3.5864542382233253e-4,20.30769230769231
CRS3035RES200mN2618200E3493800,37745.67150066202,251.44004346848536,69.14646881011267,354.739326488296,11.527027027027026,0.0018486597217017662,11.527027027027026
CRS3035RES200mN2618400E3464400,26558.5368522598,164.2552373547579,48.26306998977726,238.50261327804415,50.669044748948316,0.5852734943055016,19.011363133164433
CRS3035RES200mN2621400E3477200,33119.18744913968,221.822150935831,53.133363210718045,312.0437546437712,78.51098731043015,0.3810545930582257,18.4449148870319
CRS3035RES200mN2621400E3477800,34335.93211365307,225.99714029768467,54.29805218669607,318.22185088202866,77.26867767838061,0.37615995957368614,12.563084297621588
CRS3035RES200mN2621400E3484400,35058.182480945485,234.3349828786033,62.61355351817073,329.8390367833866,NA,NA,NA
CRS3035RES200mN2624400E3463400,25912.31698654372,162.50767972980216,40.12770063796708,237.16588484426097,36.32721592167089,0.544805125180936,19.604423233043864
CRS3035RES200mN2624400E3466400,23945.82961278266,139.91296663817704,46.013819878025814,204.54510292477292,50.9046224999385,0.5888513856093639,19.67216905704936
CRS3035RES200mN2624400E3466600,24232.382338154814,141.1620821902067,45.34928683261753,206.9520245909881,50.67958040583698,0.5846967063588963,19.986527784601773
CRS3035RES200mN2627600E3495600,38774.46835593499,255.2696093792206,60.00242044410833,360.5418445080777,13.714285714285714,3.0255551353395666e-4,13.714285714285714
CRS3035RES200mN2627800E3461600,32310.24980394452,204.82566863697548,42.38826008076315,299.36755428103237,46.348889271568794,0.47578861122490784,18.72981869172671
CRS3035RES200mN2629800E3476600,37232.088980702865,238.46264521460165,57.846624216205704,336.46945997180774,24,5.152384192874156e-4,24
CRS3035RES200mN2633200E3469800,32128.975387989998,211.70904287938112,52.61943959620737,296.08127741874614,8.54945054945055,0.0010731638284824756,8.54945054945055
CRS3035RES200mN2639000E3476600,31218.358863667927,207.65294527224657,55.56781785266659,291.8560646149559,16.885343968095707,0.013967414009190916,16.885343968095707
CRS3035RES200mN2639000E3477200,32694.838245561197,211.15824994181986,55.048091007405986,296.7001190981396,18.56929212362911,0.01373050965790086,18.56929212362911
CRS3035RES200mN2639000E3482800,36914.93217592605,223.52455065359527,65.107638888889,314.37563997821354,30,1.3616557734204832e-4,30
CRS3035RES200mN2611400E3480200,30409.21745797446,199.3378093695811,57.71045730090715,279.5688387623784,NA,NA,NA
CRS3035RES200mN2615400E3471200,25843.70095240869,167.176020853964,48.247014621075316,232.15582221704432,71.9012405928133,0.5669744276810159,20.760437161277085
CRS3035RES200mN2618400E3484800,36271.509533259574,238.75238742640383,62.62950212154772,336.20011621914915,28,6.139879614503279e-4,28
CRS3035RES200mN2621200E3494600,37955.25520410922,258.4309064820014,64.21161644519309,364.7663401750993,NA,NA,NA
CRS3035RES200mN2621200E3499600,40216.71662444189,259.4229672464526,69.46408243487349,366.5058224741823,NA,NA,NA
CRS3035RES200mN2624200E3467800,26113.84823438959,155.05828161897963,47.703072656378716,227.14436542369157,54.7672513468966,0.5580894063375254,16.692696007281853
CRS3035RES200mN2624200E3468000,27519.743612010177,167.46063261493146,46.91252861766799,244.17521907318266,59.93028118772909,0.5348411883897792,22.101645796944602
CRS3035RES200mN2626200E3488400,38508.2706153816,248.9646160464616,60.369483173311956,351.39353526662626,6.87248322147651,0.0014568137820450146,6.87248322147651
CRS3035RES200mN2629800E3462200,33320.773952544565,213.86136924389513,48.45875896418936,311.5797149906611,51.960687839799256,0.4686628081259944,20.00433959014982
CRS3035RES200mN2633000E3463400,30397.11421377886,192.10001017268107,53.2179624119426,271.75296915134334,56.781538461538574,0.4297957834236153,12.385958579881663
CRS3035RES200mN2633000E3464400,29057.865502387736,186.7104578671401,51.73959236475235,262.2912624031488,67.10388694745878,0.44894925890755955,15.409977929004985
CRS3035RES200mN2633000E3464600,29427.16259898477,189.47675126903553,51.92311336717428,265.5775025380711,66.94019373428975,0.44158375634517766,14.009138005027278
CRS3035RES200mN2633000E3464800,29009.89186133624,188.45895253013688,52.194905673227545,263.8336852141933,66.98936300655998,0.4443506095484574,14.645999632150078
CRS3035RES200mN2638800E3477400,35616.057244625365,232.65914584080213,58.30266794647917,327.9971898093002,19.00767543859649,0.010546888552231385,19.00767543859649
CRS3035RES200mN2638800E3482800,37403.460074995055,225.96543648444143,64.82056443655017,317.9312282086697,28,1.3157029142819548e-4,28
CRS3035RES200mN2607400E3478400,31908.34769497754,200.4907471942885,59.17356300584629,280.5508157546632,NA,NA,NA
CRS3035RES200mN2607600E3478200,32299.40937331544,199.97262333683153,59.3853442650853,279.36071945303325,NA,NA,NA
CRS3035RES200mN2614800E3490800,35947.44960592792,239.98430447962278,66.94143482654093,338.6031795217245,78.15308256697985,0.4058066689120916,28.02663258191963
CRS3035RES200mN2618000E3468400,24593.58505123749,153.00900401510157,46.00112362917241,212.21221609636243,68.20527498876068,0.49986516449931084,16.119013936760076
CRS3035RES200mN2618000E3468800,24220.046988130565,155.13185459940652,45.67241839762611,215.28342729970328,65.72098435045669,0.5100593471810089,12.277724125894458
CRS3035RES200mN2618000E3472200,31859.53332934633,207.77735781352789,49.99040727229233,291.1266072603313,66.72994529225454,0.4154057771664374,27.715142528073724
CRS3035RES200mN2623800E3466600,24276.194649832087,141.54555281705365,43.76894250587337,204.84570703794986,50.17198455066546,0.5858808607543852,15.267893429112648
CRS3035RES200mN2638600E3468200,29087.339873891,191.4248353105476,54.46651902216099,268.3306625664761,18.17647058823529,2.3980477070432128e-4,18.17647058823529
CRS3035RES200mN2617200E3494600,38210.065435553515,252.3441367331677,67.56530287313343,356.3252599329361,15.97278911564626,0.001773092417919089,15.97278911564626
CRS3035RES200mN2623200E3476200,34076.90147180004,224.1152147042666,55.612067386925474,314.57798480131845,70.50127979068313,0.4024217176341329,14.149647346567304
CRS3035RES200mN2623200E3484000,34079.33629880759,228.5116086041619,59.19658639233095,321.6796118774836,24.999999999999996,3.039513677811548e-4,24.999999999999996
CRS3035RES200mN2625800E3461000,36743.50315957341,241.06045051330608,47.64532044253962,350.6386723811422,35.52572018991857,0.4051529951161168,15.666520701616276
CRS3035RES200mN2627200E3461800,31966.505725234896,206.17682434148256,44.445783410670174,299.9878223330332,41.88722969814756,0.46920377680818154,21.284198873281
CRS3035RES200mN2627200E3462200,32435.305146346742,208.54406352895603,44.38210798555331,303.3811623429151,39.97313587050112,0.46312563375146687,18.582929469359616
CRS3035RES200mN2629200E3472600,35438.23988089387,222.78227152252904,54.2869016066229,317.9823413282723,82.08362746033258,0.3430188802722424,21.285331807052717
CRS3035RES200mN2632600E3469600,31644.039020712862,208.3168922233792,53.5400198633496,289.73655933278246,11.516483516483516,0.0010888944729631083,11.516483516483516
CRS3035RES200mN2609800E3483400,32535.973189985678,209.19233140365347,60.33567400947299,293.9834749266973,27,9.021878054281626e-5,27
CRS3035RES200mN2613200E3466400,29224.60567716901,173.1194904888439,52.84295696430329,251.94360791260704,68.68131110714012,0.550747254910231,17.62440201158959
CRS3035RES200mN2613200E3467000,29750.45909592668,178.50406792133975,51.198462775453486,255.45496667984102,68.69780205753968,0.5338448329903661,14.924363719909126
CRS3035RES200mN2624600E3462800,31008.147351667027,194.07029511021756,39.80309231468849,281.81891290299416,32.93023198602672,0.4864531724946746,16.52341016999188
CRS3035RES200mN2626400E3467200,28358.055132889476,173.80056559387288,48.46162220331347,248.89213674358032,50.88295787051508,0.44047499874868534,25.85745575409788
CRS3035RES200mN2633400E3486600,37531.913491595136,240.55736988217865,59.755328218243775,339.2852864668731,26.0873786407767,0.004503027520930344,26.0873786407767
CRS3035RES200mN2608200E3494800,36579.750244618284,243.27863782499207,67.47277746715106,342.53882443388267,8,1.0483645512999696e-4,8
CRS3035RES200mN2620400E3492800,37518.255431303485,257.9867568216377,63.28428822917505,364.1136972873485,20.48148148148148,2.700648155557335e-4,20.48148148148148
CRS3035RES200mN2620400E3496200,39211.37666607237,258.63161413988263,72.09353407925815,365.17776267106467,NA,NA,NA
CRS3035RES200mN2623000E3463600,29523.639759488913,187.3146060378304,39.948240010021294,271.63885757234124,42.28337720485129,0.5091945383940875,21.53169573667249
CRS3035RES200mN2623000E3468600,30012.482343659998,187.0237922312104,50.72230709509379,272.2930326329234,56.4678690296703,0.44019384407323,13.833809347708572
CRS3035RES200mN2627000E3464000,31388.598690644667,204.35438887163025,41.09280544912729,296.3507185346266,43.59169967280868,0.46769758264011135,21.28224556569659
CRS3035RES200mN2627000E3465800,29585.168124719657,188.6246572952502,47.072429091271594,272.94593988335595,50.31001291826029,0.49198693983350866,19.330031155804328
CRS3035RES200mN2629000E3471000,32814.32109059686,209.60239133460084,51.54662058728025,301.95271837454175,75.66844379078961,0.3784965440460167,31.488644789655893
CRS3035RES200mN2629000E3472400,37708.94614581521,241.19189722173888,55.89757941341376,344.9904394563347,80.75821522638907,0.30829611584788197,18.59758560140474
CRS3035RES200mN2631600E3472400,35279.029808834646,227.03399935198186,54.84047953342694,321.6931094070634,14.703703703703704,2.916081650286208e-4,14.703703703703704
CRS3035RES200mN2636400E3490800,38803.63049720417,243.51757129073133,63.37375757082573,343.4763255484126,21.349726775956285,0.0021273874984015532,21.349726775956285
CRS3035RES200mN2612400E3488400,34227.26008287095,228.76859219751387,64.26568884683212,322.0377077150272,NA,NA,NA
CRS3035RES200mN2615200E3479400,28063.790898884763,188.0280517925302,53.837272659232006,263.1465758551004,18.847826086956523,6.885712147294359e-4,18.847826086956523
CRS3035RES200mN2615200E3484600,32099.544626722385,213.85602552518637,61.300993901061666,299.91818669527896,10.578947368421053,8.047210300429185e-4,10.578947368421053
CRS3035RES200mN2615200E3490400,35487.98589422824,233.99516866534324,66.88652115146785,329.95913496103105,76.9970798760728,0.40377591809737323,26.910220433745238
CRS3035RES200mN2617800E3472400,31950.9240651416,209.24728974640624,50.50210134199341,293.5051339605521,67.79651598042038,0.41465686040403077,19.60168154333429
CRS3035RES200mN2620800E3486200,35406.73781150792,240.14656634627983,63.55559300656741,338.2026051406951,17,6.088809637715827e-4,17
CRS3035RES200mN2620800E3492800,38335.25293646396,252.24352623918148,68.37673620905578,355.63358795852196,9,1.0154918929897179e-4,9
CRS3035RES200mN2626000E3464000,38060.81433890633,248.02961414908373,48.12143170037234,356.23587281886546,37.96806809515609,0.37096626998612836,19.57670791409383
CRS3035RES200mN2626000E3465800,26776.396960173253,158.9579151700824,47.84845763786182,230.1867737164589,49.292693162182175,0.5349408409042891,19.519015058010364
CRS3035RES200mN2632800E3481400,35324.8976556863,223.8107477759065,53.10807886511153,315.00048088482737,NA,NA,NA
CRS3035RES200mN2612000E3489200,36711.28865860214,242.09069779387056,65.2744048077659,341.3070986465295,NA,NA,NA
CRS3035RES200mN2612000E3494400,37290.54865536233,243.92432073812338,69.64522549488535,344.02536528165706,20.23076923076923,4.0115408945736163e-4,20.23076923076923
CRS3035RES200mN2615200E3468400,26418.433328218507,163.81362032167618,43.34792919218268,233.22864675603665,66.98670070197831,0.546472861188221,18.069942565411615
CRS3035RES200mN2615200E3468600,26188.846240403378,160.05526514450125,44.17239021749968,227.68162718817211,68.00827100298675,0.5579643055535772,20.052750619048833
CRS3035RES200mN2615200E3472800,26815.625928805955,174.0695668452278,50.11341512585681,241.44245723172583,86.77000418935894,0.4468492598352628,32.330330959363195
CRS3035RES200mN2624000E3463600,26957.371956076127,167.97273688746128,41.45170851449984,244.48324128115743,40.43634529754721,0.5307558724065443,22.172651233732683
CRS3035RES200mN2629400E3467200,31127.011804681897,201.3269450094649,52.17825775123161,286.27688093026535,61.86139643409673,0.4635924327756287,17.462279033198914
CRS3035RES200mN2612200E3491400,36180.54723961298,237.83660845340444,66.60861815894317,335.24928856004556,NA,NA,NA
CRS3035RES200mN2615200E3500400,38634.125099601595,252.5572516949745,71.02282798630041,355.8901516740057,1,5.5916684140630464e-5,1
CRS3035RES200mN2615200E3500600,38932.313032805476,255.87088597462545,70.44512186987205,360.7152500767107,NA,NA,NA
CRS3035RES200mN2623400E3483400,32737.503256146054,222.55625315458383,59.050214819465474,313.0604572146102,18.727272727272727,1.354162819613202e-4,18.727272727272727
CRS3035RES200mN2625800E3459600,36366.15766766339,231.084322938915,50.51973515591627,335.72874839812044,44.47073728751015,0.4340986757795814,17.644003542522565
CRS3035RES200mN2627000E3495600,38204.087055919204,252.80939143500999,65.20605345068134,356.9185682086495,7.82142857142857,3.005259203606305e-4,7.82142857142857
CRS3035RES200mN2629400E3465800,28945.672997264657,181.10579653510501,48.77891103295565,261.32274325908526,60.13448069362358,0.5002865702748478,20.825117817064598
CRS3035RES200mN2632600E3483400,36503.24277235898,240.18501315993188,57.726201166331215,338.7665686122723,24.44943820224719,9.186148526603706e-4,24.44943820224719
CRS3035RES200mN2638400E3470600,30335.67895229709,194.83749143919383,53.27123429354131,273.236893231023,34,1.9567556990509737e-4,34
CRS3035RES200mN2608600E3487400,34888.33451733213,221.28233527616771,63.849282335276165,310.67236062450553,26,1.2916350485170415e-4,26
CRS3035RES200mN2615000E3490800,35499.215317754344,235.6847107438024,67.18083499572555,332.3618267312627,75.67745438748919,0.3936164149330299,25.608011149724852
CRS3035RES200mN2615000E3492000,37122.193050847454,250.38622276029056,65.7439588377724,353.7234745762712,74.43006904529516,0.3349031476997579,24.23937027798864
CRS3035RES200mN2618000E3477800,28885.389990857417,201.0330458056737,53.60530534907448,282.00751281949357,15.354587869362364,0.008519828808416478,15.354587869362364
CRS3035RES200mN2621000E3472200,31839.07160428957,209.029568415773,51.64533425684874,294.346795958824,66.05942617135398,0.4208005923236762,17.72864886341062
CRS3035RES200mN2623600E3496400,41558.27097998482,256.1575778135869,71.85856797557472,361.97908362310267,21.956521739130434,4.876600797218224e-4,21.956521739130434
CRS3035RES200mN2627400E3464800,32700.37630836048,214.32368078175895,44.3500651465798,310.5070141150923,48.31152057861202,0.441357220412595,18.383315702723344
CRS3035RES200mN2632800E3469600,32117.57913248732,211.9353922737152,51.4205870667695,295.7976582766599,8.538461538461538,0.001063357404940522,8.538461538461538
CRS3035RES200mN2639000E3488600,38241.020670553306,239.17476233097096,66.58585113331247,337.2753816009101,20.5,1.9352185587459802e-4,20.5
CRS3035RES200mN2611400E3491800,36558.36615890276,236.6059983566147,66.93973200176977,333.36696479362894,NA,NA,NA
CRS3035RES200mN2614200E3466200,29263.73642743,172.45353991523658,51.47021468769541,251.94622385882025,64.25440932616452,0.5530744111720975,32.086259484448
CRS3035RES200mN2617000E3478600,28705.32027152532,199.5420399912585,56.19148819930058,279.9889368444049,22.374407582938392,0.008645651223776201,22.374407582938392
CRS3035RES200mN2617000E3480600,31302.918635837857,215.1621436107333,59.54646566078987,302.49592607186895,20.391304347826086,8.770703308716045e-4,20.391304347826086
CRS3035RES200mN2619600E3474800,32067.25985389458,217.34217325941933,53.5216104481819,304.6562999154374,76.89419278182088,0.39538898806727424,34.15983068468739
CRS3035RES200mN2619600E3479000,31497.30803887586,214.4424922468321,56.52131816072892,301.4036653561581,26.218749999999993,0.0015628433982076172,26.218749999999993
CRS3035RES200mN2625800E3458600,35679.6739583217,226.93653586981944,50.880534176848556,329.6179343528286,48.84228394302446,0.45274717931011477,19.594998646953183
CRS3035RES200mN2629200E3460600,32101.15823388438,205.1791793015749,48.937224885063095,301.1547613225081,57.7032875818931,0.4124645407414653,28.89545252423444
CRS3035RES200mN2632000E3475600,37323.48880787463,237.7004947658979,58.137201187438215,335.24143534191035,19.849999999999998,2.0832248320400008e-4,19.849999999999998
CRS3035RES200mN2632000E3483000,34263.537343678276,232.85871986923274,53.449154155330895,328.06301010983105,15.761904761904763,2.351123501158768e-4,15.761904761904763
CRS3035RES200mN2609400E3489600,36777.653087417435,231.82434124003763,65.91018998272895,326.193674636751,15.953488372093025,6.813392277099081e-4,15.953488372093025
CRS3035RES200mN2618000E3484400,34816.83746419914,237.54191451861604,61.966523463317806,334.4980942938966,NA,NA,NA
CRS3035RES200mN2621000E3467400,23483.962678201886,148.01310646125546,45.35237985743849,212.96083869855138,63.869698907802814,0.5842147620142562,26.61247909081964
CRS3035RES200mN2621000E3467800,23827.967707872544,151.26470126571442,45.19878993707102,216.4649609726166,65.08809348093482,0.5800596469698484,27.422555965559656
CRS3035RES200mN2623600E3479600,30937.23633444743,204.6181145879935,55.83781614337965,286.53742400715765,NA,NA,NA
CRS3035RES200mN2626000E3463200,37329.8103119518,243.25414728090917,47.156509800930515,352.18186065136143,36.325297055278114,0.3875467164975974,19.228482865507146
CRS3035RES200mN2626000E3463600,38214.59646601591,248.59662870571222,47.58841287057122,359.6805314533623,39.027405348225045,0.3673987707881417,22.609311422175207
CRS3035RES200mN2627200E3478800,34218.25107545321,221.7057405420953,61.51630597056193,311.73322127240885,NA,NA,NA
CRS3035RES200mN2627200E3487800,37569.471732794525,246.45637801992538,59.341745285414206,347.7019223933964,21.774647887323944,0.0014420489281108185,21.774647887323944
CRS3035RES200mN2629600E3485800,34552.68294579672,237.9229777920967,54.06038016730917,335.50377167742437,15.848484848484848,0.0018330685567640229,15.848484848484848
CRS3035RES200mN2613800E3490200,35525.61806825334,233.42838962596747,66.63851791173607,328.92219475447286,26.078031212484984,0.012184953849304462,26.078031212484984
CRS3035RES200mN2613800E3491000,36005.46947821305,236.45024688862526,67.57143888423651,333.4174439086356,21.359030837004404,0.01310964165054427,21.359030837004404
CRS3035RES200mN2613800E3491200,35700.49170681099,235.5276810197884,67.91964722448688,332.05886014970713,21.549941245593413,0.012613947973023051,21.549941245593413
CRS3035RES200mN2616200E3476000,29029.701219676102,195.20960159041408,49.643043279692655,273.3525911398865,66.52855813412444,0.46189184106600784,22.980820682836054
CRS3035RES200mN2620200E3464400,25732.354246478473,160.68286968821843,49.39685860788597,232.06938468792367,59.98024551649485,0.5989420640066013,31.40254126792785
CRS3035RES200mN2620200E3468000,23714.267035881196,147.85435072451006,43.73045873441454,212.23535961789196,74.70442595481592,0.5071425431849148,24.32671462414054
CRS3035RES200mN2623200E3461600,29488.796724124684,188.0585636349666,40.83730758394591,274.9244038624081,40.16831902383822,0.5205670670798863,16.81658589387195
CRS3035RES200mN2623200E3463000,29690.563847637175,188.16627432320755,40.097931431719715,272.6205579624853,35.949617456764,0.5089905086273823,15.98740682427612
CRS3035RES200mN2623200E3463200,29769.730291952652,188.34535710733115,39.42488560628668,273.15797523127424,37.18054564687938,0.5054337013826719,17.701987748776087
CRS3035RES200mN2625400E3488000,37711.06996895726,241.69539049065355,60.518480469884096,340.85049244031535,12.006711409395974,0.0016638006119212981,12.006711409395974
CRS3035RES200mN2626800E3492600,38029.60509762821,249.303804656446,64.3663019263532,351.6620036692444,12.4,2.1840737343292754e-4,12.4
CRS3035RES200mN2628400E3483000,36420.35438389469,238.461420302534,56.999552404300985,336.35457717465385,20.49785407725322,0.0023702226788602588,20.49785407725322
CRS3035RES200mN2630600E3493000,36033.622872819236,250.2450169317159,51.68251961078486,353.0164601997514,9,1.071627587980625e-5,9
CRS3035RES200mN2634600E3485200,38268.78918982858,232.93591957421665,66.00132465996481,328.26053222945063,8.031460674157302,0.005263157894736853,8.031460674157302
CRS3035RES200mN2634600E3486400,39274.49590480814,233.9109567528396,69.46559555448201,329.60358782314734,23.886198547215496,0.004989127808649449,23.886198547215496
CRS3035RES200mN2640600E3467600,30061.5270242915,194.06844997108155,56.528383458646616,272.01927414690573,22.57983193277311,0.0017206477732793523,22.57983193277311
CRS3035RES200mN2640600E3468200,29187.732647109777,194.3486314026679,55.83109083559508,272.29524455737135,18.721212121212123,0.0023820523185309234,18.721212121212123
CRS3035RES200mN2640600E3468800,30060.278667262326,195.1668516089983,56.079448343445115,273.3745730714358,15.170454545454545,0.0025363519764811,15.170454545454545
CRS3035RES200mN2612600E3480800,29749.868012691095,200.0154744736084,56.58654456302277,280.4060571098927,30.07142857142857,2.0190366310931634e-4,30.07142857142857
CRS3035RES200mN2612600E3486400,33210.72574509467,220.87515016303416,62.9971540529718,310.33361935816026,30,2.860248269549797e-5,30
CRS3035RES200mN2612600E3488400,34605.016882618525,226.58309967238262,64.78024556536096,319.08858947492723,26,4.427260116289361e-5,26
CRS3035RES200mN2615600E3501200,38953.032301535444,254.38333061091146,70.92588206468474,358.6213519546989,10.789473684210526,2.58630077316781e-4,10.789473684210526
CRS3035RES200mN2618600E3487800,34639.7091319053,231.64940615086127,64.61041923389529,326.0282635484125,21.5,2.6218505020843714e-4,21.5
CRS3035RES200mN2625000E3485800,36405.169677040605,232.98095126247824,59.90480328831484,328.32095126247896,NA,NA,NA
CRS3035RES200mN2625000E3495400,41051.65606135125,255.13430493508147,70.45567633734727,360.25516577562496,21.605633802816897,7.428254569422798e-4,21.605633802816897
CRS3035RES200mN2626600E3458000,38712.35349808783,248.25639133688077,52.296017625540465,361.087109245095,52.211431524039185,0.42236863984037293,21.946641405442627
CRS3035RES200mN2628000E3474400,35013.017879298044,223.98383773484562,58.93834190003528,315.979174051754,85.21136453008256,0.33804501949663124,26.70063573207502
CRS3035RES200mN2630000E3480200,31584.241693218024,214.22889935907688,52.11126966748269,300.8199141335236,7.903614457831325,0.0010210483583264647,7.903614457831325
CRS3035RES200mN2633200E3480600,33591.14880670147,214.13222432959307,52.05149886728838,300.81219377272095,NA,NA,NA
CRS3035RES200mN2638600E3477800,35648.33433573445,231.90988880341257,59.43159195281719,326.86719351003586,22.863344051446944,0.007249924237126141,22.863344051446944
CRS3035RES200mN2613400E3495600,38295.635703448155,253.67582638465612,70.78391451506225,358.164498852333,28.923076923076923,3.3716753336013354e-4,28.923076923076923
CRS3035RES200mN2613400E3497400,38773.67011178814,259.13492622992163,69.84535978649495,365.95732413515367,13.166666666666668,1.5106500830857567e-4,13.166666666666668
CRS3035RES200mN2613400E3497600,38585.467880777585,257.92583497053045,71.4611079516079,364.1346163788646,12.166666666666666,1.551028849136594e-4,12.166666666666666
CRS3035RES200mN2622400E3466200,25185.917029716755,150.56198761222072,46.31434337810565,216.2472405873759,60.01062756771383,0.5657874591133696,34.90977391817752
CRS3035RES200mN2625200E3465200,25888.07964140962,149.69550776852049,42.6788307813556,217.16966899347037,50.10905373168235,0.49555280342265295,26.58734806316028
CRS3035RES200mN2625200E3465400,24528.98741454764,143.3775921741369,44.313906924859126,211.62672692428706,45.286322844484836,0.5035897142530248,20.80589571736908
CRS3035RES200mN2628800E3460200,33247.909477237634,212.67497037240992,44.714234411099234,308.27196332164186,51.35066552041027,0.4038090905826161,23.762627101058314
CRS3035RES200mN2628800E3462400,33102.57432252538,208.9026010858115,48.48160024077697,305.7164966951046,50.76944082265246,0.47054533668260273,19.13341533617065
CRS3035RES200mN2631000E3489600,36463.21653686291,250.4800451959158,57.648581574593415,353.5983414712886,9.212765957446807,0.001896614341632702,9.212765957446807
CRS3035RES200mN2631000E3493400,35864.62393688219,250.13530199024328,57.59783922635247,352.9483011699694,1,1.0793075162975446e-5,1
CRS3035RES200mN2637400E3484000,37622.66796535158,229.9327835987442,65.58181084591028,323.4028192810573,10,1.260859149424418e-4,10
CRS3035RES200mN2626400E3464400,39357.88601239166,255.52074558808172,45.959274600577814,369.2409412092311,40.95702231297203,0.3537279404086463,16.48070555241212
CRS3035RES200mN2628200E3462800,33142.14709554394,210.87020180237351,47.03613828797126,307.1551426690562,44.56151442839921,0.46136471976936755,18.96567197225027
CRS3035RES200mN2628200E3465600,27376.8437050072,171.61947421745853,47.56797579054018,250.0801871700528,53.41811687818223,0.5262757958726604,21.833249740355136
CRS3035RES200mN2630400E3489800,37363.65434273585,248.05618530756942,57.96662800621485,350.0492154846051,6.457446808510638,0.0020570278136420334,6.457446808510638
CRS3035RES200mN2630400E3492800,36278.107936975364,252.11592023055601,57.424574541935556,355.82119191366553,11,1.051812272545592e-5,11
CRS3035RES200mN2639800E3476400,32827.034369503075,210.3070717897977,56.79280727792436,295.6855073658751,12.166500498504487,0.013783531222515391,12.166500498504487
CRS3035RES200mN2639800E3477200,32820.53082308259,209.06473555920866,57.57227481435293,293.840584433989,13.853439680957129,0.014214046822742474,13.853439680957129
CRS3035RES200mN2607000E3488000,34442.38947786432,220.57889011671952,63.8824331790868,310.01688652531175,21.756756756756754,6.388562746045976e-4,21.756756756756754
CRS3035RES200mN2607000E3496400,38444.73027781418,250.6765496003145,68.50368562442668,353.60760385270606,28,6.552221202987813e-5,28
CRS3035RES200mN2614200E3479200,28491.190888402354,193.10919225672615,55.92268249121396,270.5904822261905,11.782608695652176,6.625568934723738e-4,11.782608695652176
CRS3035RES200mN2616600E3481000,33148.98336278659,227.1605241129145,60.82119936753011,319.96285402036926,14.73913043478261,8.022136446077291e-4,14.73913043478261
CRS3035RES200mN2619800E3488800,36423.59529119677,248.7110124558155,64.20530003366437,350.90044815687594,10.883333333333333,6.312068675307187e-4,10.883333333333333
CRS3035RES200mN2622600E3465000,30838.136713856915,193.92269149866465,40.15095365271442,279.62471934012433,49.49479691997343,0.4803597173311905,27.26902506826739
CRS3035RES200mN2625200E3461600,36710.19288333532,240.00218223125674,47.95256885487664,347.9435310295349,34.085487957883345,0.40504802901670056,19.384653989028028
CRS3035RES200mN2626800E3461800,31867.05787747939,204.936776964463,44.63528990694345,298.4384164222874,39.98221358459003,0.4693121204424227,20.79365298039312
CRS3035RES200mN2628600E3467200,32524.35318598837,207.33312543234038,54.07264438724042,293.44433734393397,65.50924896679483,0.39786580179853454,28.390993301980878
CRS3035RES200mN2628600E3470400,34798.32375543295,217.45939237597685,56.18533291423245,319.5266797455046,76.23403602442542,0.3532261735727989,36.054303599373995
CRS3035RES200mN2628600E3471800,36140.37589246499,233.0209186643923,55.2779281533763,333.9324126941973,70.28465910730257,0.35401366658835787,15.294249689835253
CRS3035RES200mN2636000E3490800,38494.55314906899,242.2984465305057,63.277084841508135,341.6537863593748,19.584699453551913,0.0021717717147502463,19.584699453551913
CRS3035RES200mN2611600E3480200,30435.908120278888,198.16551423590948,58.5977629285298,277.90068274259164,NA,NA,NA
CRS3035RES200mN2618400E3471800,31282.198805794804,204.6186007243537,50.03041797180878,285.9581538762715,62.364626467752025,0.43140661707125977,24.974822735265757
CRS3035RES200mN2618400E3477800,29572.252625460147,205.0998256151909,54.23906219724853,287.99923787379714,15.451790633608812,0.004689013757023828,15.451790633608812
CRS3035RES200mN2621400E3473200,31521.820538910873,203.47880158281515,52.8416305508448,285.264041203442,73.2267651556684,0.43536210037057976,25.561162247165093
CRS3035RES200mN2624400E3472000,31556.13919476524,201.99056327367728,51.28285763117416,286.6188807774007,57.69516316850805,0.42982884488610007,12.052043511602157
CRS3035RES200mN2624400E3478600,31066.063205921375,207.31748019390776,54.56960958131344,290.70807245496366,89.43503752345221,0.37006087506354113,23.01258710801394
CRS3035RES200mN2624400E3482800,33023.756702833816,219.9936327696835,57.72622141212114,309.43662943212155,NA,NA,NA
CRS3035RES200mN2626200E3463800,38267.76885552795,249.43185009180257,47.923542859200055,360.7598372754437,41.534797904007476,0.36585124383482737,22.58752490836184
CRS3035RES200mN2626200E3464200,39057.562299753954,252.6046235816827,48.26646664188483,365.3848706919441,42.43344239710694,0.3597702370205158,23.394482029078198
CRS3035RES200mN2627800E3468400,37348.51960026288,239.25595353152664,53.98445896315769,344.6614218888932,58.93434716275407,0.3927591139289442,14.011164427383248
CRS3035RES200mN2630400E3475000,35775.76074135628,231.97484165714985,54.21732945696205,326.92089087322313,17.564102564102562,4.049423735852995e-4,17.564102564102562
CRS3035RES200mN2630400E3482600,32169.527897901065,215.34139331294168,53.70949794325493,302.6697605737791,NA,NA,NA
CRS3035RES200mN2639400E3476200,32181.127088746067,209.46778339942568,55.088253794612335,294.5091344181594,16.450648055832502,0.013715301517844935,16.450648055832502
CRS3035RES200mN2639400E3476400,32471.280940149696,208.82218907945978,56.02536802275803,293.52895848869,14.430707876370887,0.01385091280691579,14.430707876370887
CRS3035RES200mN2615000E3465600,28719.358154604488,170.43835066391594,50.46590421333924,250.76137795439126,53.60151406079465,0.5962505019176717,16.897436314237268
CRS3035RES200mN2615000E3466400,31366.718956029654,183.80500181695479,50.69812594092283,266.9044022218759,59.26574041505457,0.5165602450293305,25.708291040651208
CRS3035RES200mN2618200E3472800,31369.5953308797,208.86589208823457,50.39562435351567,291.69802266002745,71.23355832467982,0.4169733708594934,24.92591150340371
CRS3035RES200mN2621200E3466400,24568.013432237407,146.44002749455882,43.16410814526296,210.93760740061936,63.06004926108377,0.5813953488372103,26.75050738916252
CRS3035RES200mN2621200E3467600,23348.37098853972,147.63768997841237,45.68250242679764,211.3175265498906,65.86580565805659,0.5889511887686356,28.245104551045586
CRS3035RES200mN2626200E3459600,36455.64046088891,236.83521557371935,50.666437886067264,344.6842515754664,39.228394302442865,0.4227137538736715,11.829014243892832
CRS3035RES200mN2634200E3473000,33534.89863285314,213.95816555083655,56.51284530555794,300.4966157913418,18.799392097264437,0.0040267799224018705,18.799392097264437
CRS3035RES200mN2640400E3467800,29596.964313623343,193.3139417093574,56.28265462649416,270.8477033949813,20.880281690140844,0.00205493328702498,20.880281690140844
CRS3035RES200mN2640400E3468800,29837.680154223624,197.89250613389416,54.641345951629866,277.34355415352263,14.272727272727273,0.00246757798808272,14.272727272727273
CRS3035RES200mN2605600E3488800,35708.35666097425,226.06699017635214,64.14383781681681,318.36457399861337,16.642857142857142,7.101432122144629e-4,16.642857142857142
CRS3035RES200mN2605600E3489200,35283.73099908477,223.24497047791678,64.75890597799754,314.20380108038347,21.952380952380953,7.53755316666966e-4,21.952380952380953
CRS3035RES200mN2615600E3488200,34825.072145008366,228.352104114282,64.11417203172039,321.558799148959,24.323076923076922,0.004490066591141434,24.323076923076922
CRS3035RES200mN2621400E3465200,31287.61846307501,195.66451043469172,40.20163285214907,281.9347904351563,48.87273979679697,0.4720754410210552,21.57088489261728
CRS3035RES200mN2621400E3466200,25133.155786432577,148.70638646591487,42.88361853436309,214.35031112839624,49.98194297522687,0.5646008111561753,15.73060099879458
CRS3035RES200mN2621400E3471400,31167.863388899594,203.2403642320293,51.59656243977645,289.13945365195605,57.821414393466796,0.42476874156870303,11.657324335053593
CRS3035RES200mN2624400E3467600,25963.789316695398,155.62648113181731,47.224584735790714,227.36996141531893,53.31300054046086,0.5569602933530361,16.61893332678229
CRS3035RES200mN2626400E3477000,31688.383946204674,205.8839159144597,57.2131338220147,288.66005936875183,82.27205952494504,0.3810383473677823,14.020808292791507
CRS3035RES200mN2630200E3466000,29501.041476766724,188.12792707842212,49.52234271046152,267.00988789355125,59.597756000568104,0.4610639635392111,15.730151967050118
CRS3035RES200mN2633800E3476000,34679.0587076863,218.54503644463557,59.37302016162925,307.40701514223537,28.136363636363637,0.0013208929236163622,28.136363636363637
CRS3035RES200mN2639800E3490000,37526.35933287126,237.30637084970328,66.33736486659998,334.40776262743134,NA,NA,NA
CRS3035RES200mN2611600E3470200,28544.054911514337,176.62350190412187,51.915392585125446,245.58765961021504,73.68508619326269,0.4426383288530466,18.665256998260325
CRS3035RES200mN2615000E3494000,38141.50254093003,250.88926153018937,70.03728830916118,354.2598021018663,24.696428571428573,0.0035841835101957115,24.696428571428573
CRS3035RES200mN2615000E3494200,38142.86873942695,251.27356846260244,70.44216178807615,354.81571999795045,25.48214285714286,0.003588455426257245,25.48214285714286
CRS3035RES200mN2618000E3464800,26920.895343712233,165.58913769815882,48.209269922513684,241.28701215611005,55.45902728234397,0.5779341721760148,22.00268395286476
CRS3035RES200mN2623800E3475400,33801.42965001236,223.32753053009742,54.534009505833005,312.53966070088364,78.51361807489948,0.36738453141700456,22.246685236768805
CRS3035RES200mN2623800E3475600,34137.755146638585,225.39090919278772,54.40934407674303,315.87491174789653,78.51386567626129,0.3620857754418213,22.747078303930667
CRS3035RES200mN2626000E3469000,32129.24349111043,195.09404465919206,50.78771637660084,283.8880353708307,51.0900545268658,0.4129567950462075,14.207684880154488
CRS3035RES200mN2627600E3465000,28526.8125,183.5895906644587,47.29867004760919,267.817183295384,46.295817550923104,0.4884211343407162,18.189688236696433
CRS3035RES200mN2627600E3465400,27156.86592305637,172.37889393534599,46.27627571466738,250.71421319796954,48.24387343604591,0.516751269035533,18.44721073311964
CRS3035RES200mN2627600E3465600,29671.24870569247,191.18449314048047,47.507070581662425,277.5190266310758,48.964831764181376,0.47341237817369175,19.535700611051375
CRS3035RES200mN2630000E3461200,32879.85221089048,210.23593643014163,47.77691688589378,308.4801854721492,58.997908567491756,0.4882097853376098,20.50988632449189
CRS3035RES200mN2634000E3464200,30358.110333563494,194.1735539384931,52.47749243108304,274.1203325011954,71.80328326713011,0.42789610665533484,24.768172790466753
CRS3035RES200mN2634000E3466200,30386.675219272955,199.9512783963222,51.27334951393988,277.5790217154024,68.65571591927548,0.41552054038088737,14.58293723151093
CRS3035RES200mN2640200E3468400,29701.597369605297,192.76436773266363,57.11918068721239,269.97176535485653,18.963636363636365,0.002395226965900678,18.963636363636365
CRS3035RES200mN2640200E3469000,30323.503935047513,199.94564240169296,55.074758986984605,280.2140416879902,13.721590909090908,0.00243433519135811,13.721590909090908
CRS3035RES200mN2615800E3465400,28447.434344558864,169.09391873086557,50.22918174227665,248.41530754244363,51.01377609196472,0.5980100194823268,16.315521373885936
CRS3035RES200mN2618600E3478800,30565.422786340372,211.1941674221825,56.90404956180137,296.80103505590813,18.584239130434785,0.0046338269366374635,18.584239130434785
CRS3035RES200mN2618600E3479400,29970.155932728823,209.44644656281486,57.53829858689194,294.3503061303573,22.978102189781023,0.003539228603167222,22.978102189781023
CRS3035RES200mN2621600E3477400,33878.34710934082,225.37738585867888,53.2586742799254,317.0935809177354,78.09571148904931,0.3763497801211061,13.647978098617399
CRS3035RES200mN2621600E3478200,29735.869227561867,202.66272281872222,54.19579380798514,284.1368445741696,78.51064685855775,0.42101011153966517,19.24352212937172
CRS3035RES200mN2624600E3477800,29994.829763880072,201.6266624122528,54.95421825143588,282.37683471601804,82.99967968224477,0.39845564773452496,14.739456741087148
CRS3035RES200mN2624600E3480400,32442.928639644128,216.03093531267808,55.261771496959845,303.1332309812518,NA,NA,NA
CRS3035RES200mN2626400E3462600,37500.91509352725,244.60031574415154,48.335760417165,354.2144572549395,36.39073531944205,0.388929818686313,18.872636473221952
CRS3035RES200mN2626400E3463000,37314.16259204995,243.5089296829364,47.89074664598236,352.72338571442253,39.42620974685724,0.38925756748733564,21.699599006125585
CRS3035RES200mN2626400E3463400,37030.42021454112,242.94601191895114,47.48021930870083,351.69558998808105,40.55447858495904,0.3875947556615018,23.844315973332662
CRS3035RES200mN2628000E3469600,33136.82547153684,206.75509715653314,51.61086101772181,300.61911220012536,77.21060211429447,0.3719300245028207,34.05891221081659
CRS3035RES200mN2630400E3462400,33432.444376591506,214.19598105750728,50.34613833550335,310.71466430077544,55.70105045634579,0.4683658067266589,21.514298014711297
CRS3035RES200mN2640400E3467000,30005.933335274607,192.4621544105877,56.51760886339487,269.765457801332,23.25974025974026,0.0011210272686243414,23.25974025974026
CRS3035RES200mN2609600E3473400,30009.364390997354,182.4120746654344,56.7421068587678,255.41129509593023,NA,NA,NA
CRS3035RES200mN2614800E3492600,37229.475524016896,247.06488890054828,67.9674309399512,348.97705868464544,83.91933005531654,0.34145701618615387,34.29510986478182
CRS3035RES200mN2620600E3482800,33556.962161444484,223.40528894896985,58.62449910684115,314.28527977598606,39,6.759040216289295e-4,39
CRS3035RES200mN2620600E3483000,34373.764792614194,229.53454161893575,60.687758736063586,323.1610997062453,38,6.351438714287326e-4,38
CRS3035RES200mN2623000E3492200,39360.31784908933,249.07402139346632,67.5262677074299,350.6913211910957,NA,NA,NA
CRS3035RES200mN2625400E3461400,36565.546075359525,239.43661123162207,48.33512091266972,347.48272676146865,36.55140347856036,0.4082208564312686,21.042773499963097
CRS3035RES200mN2625400E3461600,36681.61715365289,240.8879206314665,48.038952303705315,349.614937980969,35.94831361165096,0.40207521414864783,19.762284435041472
CRS3035RES200mN2627000E3463000,33178.50009533958,212.40656160619147,44.58667489204195,308.8868263137233,41.07254791015769,0.45593629072962816,20.37374105144038
CRS3035RES200mN2631000E3472400,37654.73034952082,239.33846742369332,57.843319642425705,339.88848957074975,12.666666666666666,2.718047837641942e-4,12.666666666666666
CRS3035RES200mN2631000E3475400,37455.483668113455,239.97922680932675,56.20739880892298,338.11625113556073,18.796610169491526,5.955385081255678e-4,18.796610169491526
CRS3035RES200mN2640000E3477200,32098.559466902585,209.11667927112913,58.36039725460539,293.90368288123744,14.438683948155534,0.014312010387979624,14.438683948155534
CRS3035RES200mN2640200E3468200,29461.2766199982,191.96002981322872,58.09782831087575,268.8168824715745,19.466666666666665,0.0024113641013649755,19.466666666666665
CRS3035RES200mN2606000E3490400,36031.137722313644,224.01744881183674,64.03590644148862,314.72470482738044,26,5.6045434165296715e-5,26
CRS3035RES200mN2613800E3479400,28521.77080342785,193.34191714878162,55.773021880029674,270.9003146432356,15.782608695652174,6.669856598083148e-4,15.782608695652174
CRS3035RES200mN2613800E3479600,28603.539960675444,194.250115660421,55.27746934998837,272.22240053203717,15.782608695652177,6.650474207726108e-4,15.782608695652177
CRS3035RES200mN2616200E3467800,25589.513227282634,155.38378731749836,46.54254376407351,220.95371540640662,69.14264945929402,0.5695939565627951,19.270758518669673
CRS3035RES200mN2619200E3499400,39990.963282733566,259.25900239434793,71.57578759892903,365.9744170411521,27.37323943661972,0.0016748640647299576,27.37323943661972
CRS3035RES200mN2619200E3501400,39858.61489006192,257.38866960480357,70.454027024409,363.6215250871745,5,7.264626113909323e-5,5
CRS3035RES200mN2622000E3484400,34931.43375392608,234.68824346950663,61.150220510183026,330.58524387441355,26,2.845292682126095e-4,26
CRS3035RES200mN2624800E3473000,32481.286130833145,207.91074709305772,52.23543565612147,295.60216672395603,63.265183796375204,0.4172484502234286,20.28066871200499
CRS3035RES200mN2624800E3474000,33352.44722482877,216.27799209907437,52.72316639442063,305.88160196480396,75.91658929124094,0.3743092482535706,35.116694521819824
CRS3035RES200mN2624800E3477400,30844.400068985906,205.1296565487336,52.777902335665715,287.3306888735587,83.71094683152016,0.3816029368286193,16.93260160764438
CRS3035RES200mN2626600E3472400,30587.57475907298,191.75558215207408,53.07757040804881,273.67314956801516,73.4912812969262,0.4068145266858661,33.66496583003887
CRS3035RES200mN2630800E3489600,36258.19416491791,249.39465629318715,58.41994164917847,352.01213082868423,7.143617021276597,0.0019245534114756633,7.143617021276597
CRS3035RES200mN2640600E3476800,32183.67936534524,211.56507723866517,56.29557220803491,297.48023332077435,14.907142857142853,0.01367549992324974,14.907142857142853
CRS3035RES200mN2610800E3477400,29194.859174305486,193.77723654842288,55.22519196484973,271.45563401041596,15.451923076923077,0.0014599154933531732,15.451923076923077
CRS3035RES200mN2610800E3477600,29648.483855103448,194.03604147931628,56.0893379046761,271.779746515288,15.576923076923078,0.001461330935251799,15.576923076923078
CRS3035RES200mN2614800E3491400,35678.379906823626,236.29928133680173,67.59887130197082,333.31463927222495,72.48671419313027,0.38550622400540835,23.592428805611675
CRS3035RES200mN2618000E3477000,32469.97525718134,223.2694076121032,53.19284536609154,314.4019808188004,22.967567567567567,0.010740078489654692,22.967567567567567
CRS3035RES200mN2620800E3466200,25567.37278654046,148.28940764107932,43.16189274447952,215.0954504030845,58.78124077536157,0.5699544339291971,23.077752632096846
CRS3035RES200mN2620800E3467200,25212.73006485011,153.27170252442312,43.8954883241948,219.09015001809112,65.25810578105782,0.5656990175067486,29.076541205412017
CRS3035RES200mN2623600E3466200,24680.434533012656,142.80107942507016,45.032511595945714,206.9108973257745,52.165219316588356,0.5819303670617878,20.554306379000707
CRS3035RES200mN2626000E3497600,39113.34934967766,258.2056023040577,66.21007102811402,364.82608873902035,24.037037037037038,2.767329117426999e-4,24.037037037037038
CRS3035RES200mN2626200E3457600,31754.75858095738,197.40193831696732,48.23916578115198,289.37247948379826,48.613274619301826,0.520413780742296,15.41228074491378
CRS3035RES200mN2629800E3485400,34233.448796640325,234.99554653067847,53.12505480305517,331.2922214274181,17.206060606060607,0.0019036850728015343,17.206060606060607
CRS3035RES200mN2629800E3486800,36011.79512703207,243.05482894143418,54.7722977471381,342.9338960118547,27.522727272727273,9.449562957713192e-4,27.522727272727273
CRS3035RES200mN2629800E3487000,36041.82399094673,243.5382658834931,54.965985881338405,343.5810314167162,28.234042553191486,5.065473945141982e-4,28.234042553191486
CRS3035RES200mN2633800E3472800,34943.34988379702,224.5698233263386,56.40023466233444,315.8066517746339,19.4251497005988,0.0037681355626255106,19.4251497005988
CRS3035RES200mN2633800E3473400,34248.405420837364,218.65160749035738,54.208245452532715,307.2413507813137,15.138235294117647,0.00396191896710442,15.138235294117647
CRS3035RES200mN2640200E3476800,32208.07677384736,212.23209642134807,55.04135881454575,298.4262186816362,10.429710867397807,0.013800030269258816,10.429710867397807
CRS3035RES200mN2640200E3477400,33157.044530383595,209.87782580259903,58.80694969715927,295.05508004663466,17.420408163265307,0.013933517217846277,17.420408163265307
CRS3035RES200mN2619400E3474800,33473.12209531769,219.713698725538,54.299463750957585,308.2760173642547,77.69410707646549,0.37463147387236806,34.93150948072873
CRS3035RES200mN2624800E3478000,30205.637189443943,203.07284843724264,54.57664289062599,284.51086391911923,82.27791026741708,0.39843660919030544,13.318709656904815
CRS3035RES200mN2624800E3485200,36377.04915207493,233.33328737533893,58.84901649891984,328.8171676088053,NA,NA,NA
CRS3035RES200mN2626600E3459400,30981.94001437672,196.08334779267778,47.29829214485785,287.71277545051186,44.928362321336316,0.5037924794883871,16.747019606878396
CRS3035RES200mN2626600E3460000,31269.13619993716,196.92740434582942,46.7536436806613,289.2111522007106,43.58943639449925,0.4912503323423489,16.48223572535609
CRS3035RES200mN2626600E3460800,31577.795289149948,199.7292381727469,45.595720840262786,292.54713798756825,41.62181111466457,0.47944753075498625,19.528300819208344
CRS3035RES200mN2633400E3492600,38190.261976797214,245.98325750682392,59.15660828025479,347.0289240218385,NA,NA,NA
CRS3035RES200mN2640200E3478000,33449.041664278826,210.30925841022406,60.07835692589823,295.7515616940795,23.181818181818176,0.009140924981374284,23.181818181818176
CRS3035RES200mN2640200E3484600,39107.50304870609,235.7209336357652,68.25442062388716,331.9935123533567,NA,NA,NA
CRS3035RES200mN2610800E3482800,31680.220272088503,206.16552548960982,59.375631634026014,289.43876513679174,NA,NA,NA
CRS3035RES200mN2610800E3497400,39135.5861630947,255.39527051977018,68.33087160096304,360.37847658154,14.97872340425532,6.942085284256237e-4,14.97872340425532
CRS3035RES200mN2613000E3497200,37727.40466125574,253.0268994476381,68.87438000225447,357.00697497463665,14.499999999999998,1.6909029421711193e-4,14.499999999999998
CRS3035RES200mN2616000E3467400,25936.15938446589,156.26590272618137,45.22652454706517,224.60214608218513,64.9616349491929,0.5638538035091727,28.9051237868383
CRS3035RES200mN2619200E3464800,26396.56920012793,161.9653127089815,48.59940976361469,234.9559212630477,50.93222465497306,0.5909487395690983,18.819720042313477
CRS3035RES200mN2619200E3465400,27463.7046527215,163.82876253246602,46.90964057307232,222.96986622727417,10.186915887850468,0.0014941212612059095,10.186915887850468
CRS3035RES200mN2622200E3478600,29218.28520562095,197.81373161914502,53.867399635780345,277.10431899105674,86.21948499594497,0.40216357261286617,30.815115571776172
CRS3035RES200mN2624800E3460200,37009.56128604299,238.33016521216393,49.97108268899898,346.74736220227607,44.1196339393343,0.4213117472689206,22.787790597554668
CRS3035RES200mN2624800E3460400,36823.16525999123,237.21684041197486,49.76630037395283,345.0966532266488,44.2511746906443,0.4246035891114964,23.125552904130483
CRS3035RES200mN2626400E3457400,40726.767700646895,260.6805772616669,46.937891946428216,377.2498862489861,59.34300161927218,0.3481869077528735,29.91990284366921
CRS3035RES200mN2633600E3471800,35483.386782159476,228.1120488098154,55.37501391703222,320.3318265826449,20.775193798449614,0.0014362377251775813,20.775193798449614
CRS3035RES200mN2639600E3467800,29144.412847557855,193.0531926991528,53.622803775516005,270.564223574231,18.50943396226415,0.0015067947916074373,18.50943396226415
CRS3035RES200mN2611600E3486400,32854.755935363566,216.39146985705423,63.15745804847736,303.8171224362959,26,6.215040397762584e-4,26
CRS3035RES200mN2615400E3480200,27183.87142963909,191.4669905089308,54.70534339735447,268.09062102981835,20.47826086956522,0.0010313130558254246,20.47826086956522
CRS3035RES200mN2615400E3484800,32491.24439230146,215.5128914215481,61.05783681108411,302.39682672700354,7.614035087719298,7.961116232296991e-4,7.614035087719298
CRS3035RES200mN2621800E3462800,30133.99989669021,189.08905303666234,41.69407389232532,273.3674470860177,56.15690422888633,0.5249299430504795,32.55469261236441
CRS3035RES200mN2621800E3464200,32615.636031913644,200.83946967030388,42.48501701278892,289.7874340021119,46.262810893256905,0.4769330048105127,19.910607887032906
CRS3035RES200mN2624800E3464600,27430.721905027072,174.07937613145768,38.812662202022956,252.09099770859922,42.02152574479081,0.5146029294476577,21.752286649118048
CRS3035RES200mN2626600E3488200,37553.252015248385,248.45786840328793,58.93357622205456,350.61217885081203,15.272151898734178,0.0015685184449827265,15.272151898734178
CRS3035RES200mN2628400E3462400,33420.1867816092,211.61934409779238,44.66558337894545,309.38703019521984,48.15953651996359,0.46352171136653897,19.89712662058107
CRS3035RES200mN2628400E3462600,33944.36624545109,214.46575204840258,45.6156147440334,313.2701658815387,46.46402125513543,0.4537630327521154,16.651140249452617
CRS3035RES200mN2633600E3485000,36475.366076093,236.8963543441221,57.12195343554779,333.8841340147635,11.880794701986757,0.005144804088586018,11.880794701986757
CRS3035RES200mN2615000E3500600,39305.172772695005,255.7723065382503,70.5718055536951,360.64403305962253,NA,NA,NA
CRS3035RES200mN2615000E3500800,38945.47220113985,253.9394620999903,71.12983840920708,358.08802627402906,12.200000000000003,2.069907682117378e-4,12.200000000000003
CRS3035RES200mN2620400E3466200,25275.59495657047,155.16358924068368,44.31609694592323,218.96760997478285,77.98216837527183,0.4509666573269823,30.441506679092882
CRS3035RES200mN2623000E3493200,40069.741005123484,251.32941108744458,68.81053479937827,354.1892924989926,NA,NA,NA
CRS3035RES200mN2623000E3493400,40050.34567333215,251.03712617235888,69.72415501681118,353.6584911225152,NA,NA,NA
CRS3035RES200mN2623200E3460400,30234.44869547149,190.94726042518928,45.507798600018184,279.98406514201116,47.316981967576076,0.5279022350359086,16.74732957760338
CRS3035RES200mN2625600E3459800,36158.63639807349,230.57846203798906,50.522073705287085,335.79258617890576,43.211345912568575,0.43994804913685803,16.547959359393843
CRS3035RES200mN2627000E3459000,30693.6776440624,192.89311684177014,48.408150270614456,284.5865520534862,48.74260129400477,0.5176567971983445,20.583576471745943
CRS3035RES200mN2628800E3483000,35953.82418797092,238.79644258754095,55.32619079007413,336.8538398353125,20.161943319838056,0.0025047915546947096,20.161943319838056
CRS3035RES200mN2628800E3483400,36009.22508339968,240.07636488243415,56.38645044899769,338.68807006581267,19.08157099697885,0.0033359873413894236,19.08157099697885
CRS3035RES200mN2634200E3493400,41107.44414516747,245.40596784204322,63.74637842395559,346.38182009813636,NA,NA,NA
CRS3035RES200mN2640400E3478400,33732.20702816709,211.7196338121133,59.63484524544048,297.7583475628129,25.593750000000004,0.005969206927723797,25.593750000000004
CRS3035RES200mN2640600E3467200,29743.72335419785,193.42660876889775,56.16904599387126,271.1321434276834,22.311688311688307,0.0011182595814514134,22.311688311688307
CRS3035RES200mN2604200E3488400,36101.64257795831,224.84353718274775,65.01461025107092,316.5166840191835,20.512820512820515,6.656539623478798e-4,20.512820512820515
CRS3035RES200mN2612800E3466000,30062.91604978889,174.75647036244996,51.79386686406755,256.25723803257114,68.13792663314017,0.5369989581619784,16.587585837183774
CRS3035RES200mN2612800E3467800,29780.747024046235,185.73105066412154,44.438134627111005,262.91095999363716,85.69442767526706,0.5050372491317373,30.890852778288146
CRS3035RES200mN2612800E3473400,29404.984854169274,183.67667125210167,54.23887337251796,256.0349326774772,90.83679505499984,0.4181221948948824,35.345216177594644
CRS3035RES200mN2618400E3501400,39517.902434519165,257.88661076015586,70.2959104510694,364.2953316832289,11,7.388525619712587e-5,11
CRS3035RES200mN2618600E3464600,26645.34530204234,164.10646884784418,48.604659179042315,238.15948065377876,47.567615439494205,0.5838192629190245,16.695837535978765
CRS3035RES200mN2621600E3465000,31083.026312089973,194.9919985941893,40.252612464854735,280.91512417994375,46.86607296612463,0.4762066541705717,19.684125070727465
CRS3035RES200mN2626200E3461400,31543.766628507346,201.368081676518,44.01860850874939,294.2222858210873,36.53878324190017,0.4748382122748405,18.324032571526978
CRS3035RES200mN2627600E3469800,34876.72075584574,218.00717888417861,50.272931687140925,317.04685872244744,53.97824172702741,0.363121576879042,17.563192728305648
CRS3035RES200mN2640400E3476000,32755.93797735226,208.36979013948732,55.974601711836094,292.90933970035894,13.935555555555558,0.012566497717086213,13.935555555555558
CRS3035RES200mN2614000E3478200,28100.064461810718,189.8290517104903,53.24099420002004,265.7518961472582,7.717391304347827,6.620324395895384e-4,7.717391304347827
CRS3035RES200mN2614000E3482800,31504.60159513303,205.0822163035408,60.67688366880605,287.11046587783267,24.866666666666667,2.1831201152687404e-4,24.866666666666667
CRS3035RES200mN2616800E3488800,35369.42817947272,232.54767332341487,66.24803778375349,327.6550730968206,28.54074074074075,0.0036855539933660013,28.54074074074075
CRS3035RES200mN2616800E3489400,36552.32425020267,234.99490678195076,66.69379897325051,331.27487165630964,26.552631578947366,0.0010267495271548235,26.552631578947366
CRS3035RES200mN2620000E3486400,35920.93760254033,243.09195025138936,62.994855781952964,342.5073829055297,17.326530612244895,0.0010373114580576874,17.326530612244895
CRS3035RES200mN2625800E3465600,26242.592522300245,156.86979096060514,45.714922864192175,227.13136133177886,47.57895921378379,0.5421061193503782,17.291710220310613
CRS3035RES200mN2625800E3466200,26668.42694764238,161.589756868369,48.54279037034086,231.16056513829687,48.22392934226968,0.46756695746856286,23.336234806316025
CRS3035RES200mN2625800E3467000,28703.144329515613,173.28348106961892,49.22720155831988,249.85452393574397,47.88439142167306,0.4340241391638825,23.709785541826445
CRS3035RES200mN2627400E3467800,37309.318467055135,236.8718063648588,54.3685031083741,341.9397618537213,57.22410314453029,0.39602050162726793,20.334225677870187
CRS3035RES200mN2629400E3484800,36274.962210720674,247.36178212327914,50.46211026816038,349.2854956135735,3.7454545454545456,0.0015785395161058864,3.7454545454545456
CRS3035RES200mN2639200E3476800,31869.704344879006,212.0558666034027,53.90345014573307,298.17482545922866,14.256231306081755,0.013597234460787637,14.256231306081755
CRS3035RES200mN2639200E3477000,32407.105376940133,209.79255820399112,56.02034368070954,294.70030487804877,16.042871385842474,0.013899667405764966,16.042871385842474
CRS3035RES200mN2612000E3488400,34431.22175941353,225.95762018721032,65.01329859743721,317.8827966435431,NA,NA,NA
CRS3035RES200mN2615200E3491800,36757.2760576438,241.86206661485815,68.77108811539668,341.3568107761735,71.55385009890834,0.3721760944551243,20.701509268078254
CRS3035RES200mN2618200E3466400,26322.813389555104,157.8673092009417,47.21982517090674,223.01409279390344,57.73322333797965,0.49244928835593405,23.49378431428329
CRS3035RES200mN2624000E3467200,25043.800148359645,149.2419941775837,46.644426715933264,216.79415798902698,54.35233339073532,0.5689312506998097,18.213978203645855
CRS3035RES200mN2624000E3467800,25586.21797943774,152.20528823381906,48.909392326767154,222.91984062856983,56.746389825087945,0.566284026636204,19.076046151196827
CRS3035RES200mN2626200E3470000,32461.196169760293,198.4920944961975,50.42140727213888,290.3377869212455,55.74309894354197,0.4069716372714454,19.024025900261286
CRS3035RES200mN2626200E3470600,31470.55928133698,194.51197572600972,52.15940557393891,283.809212648278,53.89185504941497,0.42063767007920105,15.484386004771098
CRS3035RES200mN2628000E3462200,33003.22405107712,210.0387832957877,42.68364332046594,306.73885234952513,44.706118231690816,0.46015825758176077,18.914071686880355
CRS3035RES200mN2634200E3474800,34169.699449082196,216.54739336492938,57.031202636707164,304.3595279909546,17.3103448275862,0.0024418408833930816,17.3103448275862
CRS3035RES200mN2611600E3494000,36588.48195141015,245.56159344124515,67.9675215471938,346.36796900807934,NA,NA,NA
CRS3035RES200mN2611600E3494200,37664.7484691142,248.28310805090723,70.0887490476056,350.335553235319,NA,NA,NA
CRS3035RES200mN2611600E3494400,36367.72110123395,243.59445306743186,68.4152046783627,343.5034727121653,25.07692307692308,4.0763212768292543e-4,25.07692307692308
CRS3035RES200mN2615600E3468200,26298.910909787995,160.6689007852548,47.07733268960425,228.67330275620182,68.02675175494575,0.5562813285432316,18.245028717294193
CRS3035RES200mN2615600E3468800,25590.177144780948,159.24273606862127,47.9595561866007,224.135427492425,73.37640667442763,0.4903757483496055,24.779517029342408
CRS3035RES200mN2615600E3476600,29362.6982649904,198.33789542154,49.74817804091274,278.17089909864484,57.49148156762407,0.4565982132189933,12.304637167112455
CRS3035RES200mN2618800E3468400,24443.155029257687,156.16867311649082,44.91138058340265,218.127989610238,67.77154697733728,0.5035240555093464,28.380299078421103
CRS3035RES200mN2618800E3472800,31607.99625945762,210.86285082765573,52.61289029766459,295.05920501329837,66.72692668238503,0.427526991413755,14.428838451268378
CRS3035RES200mN2626600E3464200,38853.973784996124,255.26803666731686,44.89578715934673,368.1700562066696,44.263696523899796,0.3603698647139125,18.590887844719422
CRS3035RES200mN2628400E3475000,31874.720535236804,207.0036271478062,54.09933967309167,291.4467785812279,82.09370727209135,0.36560952358808596,15.33719037171296
CRS3035RES200mN2628400E3475200,32059.076570321708,207.70966989113057,55.072602947525645,292.1271193362816,81.67340014451321,0.3714279046429947,10.966931607552386
CRS3035RES200mN2609000E3486000,34442.51879654449,221.60193625260618,63.25999404229962,311.2446827524571,23,1.1915400655347023e-4,23
CRS3035RES200mN2613200E3495800,38715.63824429337,252.24758333107658,70.76319352305639,356.09200942297815,29.000000000000004,3.520077983266089e-4,29.000000000000004
CRS3035RES200mN2615800E3479400,29359.80893803576,208.18929529542567,56.63911535693252,292.4570699469999,29.014388489208628,0.001819014591376038,29.014388489208628
CRS3035RES200mN2615800E3480200,28069.489694013777,194.92694362190088,54.74461475933357,273.1870754224003,17.594202898550723,0.001001567671137432,17.594202898550723
CRS3035RES200mN2615800E3481000,28796.022191219374,198.32874104430974,55.779599191989554,277.81510223656153,13.405797101449275,0.0010027466538780135,13.405797101449275
CRS3035RES200mN2615800E3481400,28910.316790736117,199.82386487310066,56.99940504694316,279.8310913760822,9.724637681159422,0.0010012624613643275,9.724637681159422
CRS3035RES200mN2618400E3481400,33445.08283626857,224.96699961176014,61.49551171190245,316.84619819056604,NA,NA,NA
CRS3035RES200mN2618400E3484000,34524.4788436239,234.93420889883376,60.35299607569754,330.73197800591424,39,6.296875175694061e-4,39
CRS3035RES200mN2624600E3473600,33111.464063212276,213.56492466658094,53.34521290895702,301.575105490164,75.05695583017251,0.3821256998585672,30.221210081977265
CRS3035RES200mN2626200E3461800,31652.52762787694,202.93909413772428,44.169134265024674,295.92430007840966,36.24165416123398,0.46871684885383513,19.769278457034627
CRS3035RES200mN2628000E3465800,27292.039185642145,172.2733268490267,47.607317495636416,250.51294418610848,54.34197127441295,0.5259883016002025,23.322218000354642
CRS3035RES200mN2630600E3492200,36502.59132574392,250.46368302109866,56.92745052484847,353.4600819481704,16,1.056033117198555e-5,16
CRS3035RES200mN2635000E3485000,38329.251149590425,231.93731139531522,65.808485414571,326.7889663265797,9.417977528089887,0.005328830770704595,9.417977528089887
CRS3035RES200mN2618400E3467000,26154.2059371577,158.0227444063549,47.34657127007383,220.83985036200403,64.63651624651449,0.49992176720765763,27.391412963068326
CRS3035RES200mN2634600E3484600,37617.00884688845,228.24027344928052,64.18908967527886,321.1947320800241,12.737668161434978,0.005604704936161653,12.737668161434978
CRS3035RES200mN2640800E3476800,32640.52481379307,213.3589103448277,55.34791724137927,300.03049655172373,12.602272727272727,0.008496551724137926,12.602272727272727
CRS3035RES200mN2640800E3488400,38586.459613108076,236.79740857823094,66.48811614565035,333.71526883399,NA,NA,NA
CRS3035RES200mN2609200E3490200,37504.19361503497,236.6591114308015,65.97903307264964,333.2328094152217,12.581395348837209,6.580860409237691e-4,12.581395348837209
CRS3035RES200mN2614600E3466000,29166.061806217946,171.49556947151606,50.429325813185145,251.82681541077426,58.44801768755339,0.5502149601183317,24.16404954524899
CRS3035RES200mN2614600E3472200,27012.237320587974,173.71892950203718,50.52010422815033,241.11247714610664,77.82804871781696,0.5602694959906718,20.597759391541228
CRS3035RES200mN2622800E3495400,41553.75782775095,254.31019840963478,72.879277828633235,359.2581641318606,27.347826086956523,5.073286938491907e-4,27.347826086956523
CRS3035RES200mN2625200E3487800,37525.30893782372,239.7873829651848,60.552199800018244,338.1652463412409,15.818791946308727,0.001693027906553948,15.818791946308727
CRS3035RES200mN2626800E3463400,37514.832000379036,245.79520515493223,48.28842983037999,355.68650620676584,42.90843563187286,0.38518904576897567,24.070038623336362
CRS3035RES200mN2628600E3460200,33366.90415108629,212.90469541345198,43.96672504378284,308.52644720026507,55.246148924651806,0.4808775500544327,20.057564348639193
CRS3035RES200mN2631000E3462000,32638.04413966581,207.37307300712703,51.42950230580344,302.82140504282205,55.87833693059184,0.4217763670120381,17.341420538452798
CRS3035RES200mN2634800E3474800,34259.86964015867,219.4127668114847,57.221146581035136,308.56778900642234,11.566502463054187,0.002396581035134114,11.566502463054187
CRS3035RES200mN2634800E3475200,34500.213183397864,219.39273809947335,57.65899196944333,308.5301946549938,13.954838709677418,0.0018386059808073209,13.954838709677418
CRS3035RES200mN2634800E3481000,38600.63966997624,231.34469670670546,64.817896734477,325.5003934365534,NA,NA,NA
CRS3035RES200mN2608600E3491400,36673.018891163374,232.49061513374772,66.15541407903439,327.01323595739507,24.514285714285716,6.071540089511863e-4,24.514285714285716
CRS3035RES200mN2614400E3492000,36559.625546598865,240.51413123960924,69.12799843529535,339.4267173332964,80.62927909786546,0.34688945081658074,31.71687877567457
CRS3035RES200mN2623000E3473200,32411.179329462713,210.7277994574787,51.64674249274259,297.4359920049493,65.54798295454546,0.41878836910483985,16.285315340909097
CRS3035RES200mN2625600E3488000,37328.79581879902,238.98953540925478,62.47305049194006,336.9373515198572,10.169014084507042,0.0016455945579492632,10.169014084507042
CRS3035RES200mN2626800E3493400,38055.3330337225,251.7877780424938,63.85921899027546,355.3314959606685,4.4,2.165861688072601e-4,4.4
CRS3035RES200mN2641200E3492000,36371.44534078128,235.12233415133494,64.2836612118172,331.3281857993149,NA,NA,NA
CRS3035RES200mN2641400E3476800,36897.78753724431,230.8388975724132,59.67613442094483,325.26017193376805,18.230519480519476,0.007522102281053117,18.230519480519476
CRS3035RES200mN2641400E3477400,35594.015581866144,230.8551499907981,60.24913808968775,325.3659775473897,23.883040935672515,0.006294092386970125,23.883040935672515
CRS3035RES200mN2611800E3481400,30840.43219567529,200.12729633332916,58.3002581742753,280.6580907042352,NA,NA,NA
CRS3035RES200mN2620600E3473400,32802.754216510235,218.9444982951504,53.04989109486731,307.33645414010556,66.60347129506,0.4014437057394711,16.21747862398088
CRS3035RES200mN2620600E3481200,30468.5739035981,206.32635437881873,55.49498981670061,289.3559266802444,NA,NA,NA
CRS3035RES200mN2623200E3463400,29522.91601721821,187.8668599324826,40.204472723165594,272.3807211073884,41.45339368742162,0.5101339056009438,20.703547442741545
CRS3035RES200mN2623200E3465400,24689.211561062624,143.29165276185745,46.8713599628559,204.57802411456584,57.173288395778485,0.5897912102262007,32.96180225835812
CRS3035RES200mN2623200E3467800,24747.76482986217,153.31402701128707,46.9118943952966,221.66057017665491,55.30737111205794,0.4881582961257938,20.366013350376367
CRS3035RES200mN2625600E3461000,31214.313162019665,199.8567781313827,43.93008122357859,291.6588847195174,38.218603163669464,0.48269842777751387,18.45902728234399
CRS3035RES200mN2629000E3473200,36656.552066829994,234.36532170119904,54.811968889528885,335.72023209398924,82.06858723647814,0.3235427254583232,25.593169894114318
CRS3035RES200mN2635600E3470400,30232.40550616956,195.00213612843305,49.7755605678652,272.34277564017515,NA,NA,NA
CRS3035RES200mN2635600E3475200,35061.58623687402,225.46257235020897,56.60125597675634,317.49108919951505,16.935483870967737,0.001773009082382008,16.935483870967737
CRS3035RES200mN2642800E3478200,34570.66828200504,222.04375180693035,58.58336660379696,312.3811556094002,22.14814814814815,3.7171138675881437e-4,22.14814814814815
CRS3035RES200mN2615800E3501400,39280.727697869996,258.0316749194374,69.9152846550866,364.0253215960602,22.105263157894743,4.977861615447089e-4,22.105263157894743
CRS3035RES200mN2616000E3465600,30050.617386083126,176.46716925745548,50.35724864900927,258.30747881779973,56.230173410404625,0.5770898659016612,19.96142427745663
CRS3035RES200mN2616000E3465800,29700.84265767413,174.48311867712184,51.0601985400669,255.014138869703,57.94248897144184,0.5832960901420658,21.364889714418375
CRS3035RES200mN2616000E3466200,29389.755947960504,174.7341364799076,52.347539675990866,253.70128173391643,59.95625237371819,0.5793657342465,26.08820262058489
CRS3035RES200mN2619000E3499000,39405.36801158602,260.4247926366563,70.57831930962669,367.66489126141545,23.795774647887324,0.0016996014314952903,23.795774647887324
CRS3035RES200mN2626600E3462400,31871.016260162603,205.16234970800411,44.432692087484256,298.2332875300584,36.96518979556693,0.46546433069964505,19.55383404265788
CRS3035RES200mN2631000E3459600,34297.21950108355,216.10043587470454,48.58643617021268,314.3595104412922,68.79304412650168,0.42943508668242636,20.640023511196485
CRS3035RES200mN2634400E3466800,30008.314811914308,198.88712245803643,52.07892813323929,276.1894040253738,71.42323561346369,0.4207455556425715,16.836838839770436
CRS3035RES200mN2634400E3473000,33386.85026262127,211.9892479762714,57.07045665204227,297.64461471914973,19.419452887537993,0.004065995180127294,19.419452887537993
CRS3035RES200mN2642000E3472600,36244.52452561466,212.60335944372284,62.149555285608486,298.82983565813595,NA,NA,NA
CRS3035RES200mN2613400E3473800,28216.476253580116,179.95035551945713,54.0987902363955,250.68477749754234,90.72377122727727,0.428774989669274,35.33026818650093
CRS3035RES200mN2613400E3477000,32745.2628236021,212.06387395736795,52.81953660797034,298.2386901451962,NA,NA,NA
CRS3035RES200mN2613400E3490000,34879.68033116435,231.8786276933157,66.46604225918382,326.5892312044911,28.152173913043477,0.001369924207454176,28.152173913043477
CRS3035RES200mN2616000E3489800,35934.42665170588,236.15946675215758,66.45416900430129,332.83044802436586,24.561046511627907,0.004595121690577335,24.561046511627907
CRS3035RES200mN2619000E3463400,26768.086436483638,164.5320527928352,50.45407141173703,236.76624734857407,55.52348151246042,0.5987656139523916,23.765278358631235
CRS3035RES200mN2619000E3469000,23854.37362361622,157.14714391143883,44.9635129151291,218.7579188191878,67.98350437757306,0.5091365313653123,26.92182118629329
CRS3035RES200mN2624800E3462200,30164.689667193747,189.93036343488924,42.58392370232952,276.2116986441227,32.07594282762184,0.5061070508111608,16.389510197052815
CRS3035RES200mN2624800E3463800,26379.351244201873,166.78855836449895,36.49017457150031,242.59071506918107,37.92120347364019,0.5371806900926379,19.601505572092776
CRS3035RES200mN2628600E3478200,33972.9889839835,224.3293692769604,59.514910621747816,315.8090628372386,5.581818181818182,5.876633436975778e-4,5.581818181818182
CRS3035RES200mN2628600E3478600,34374.6766647501,225.6526863859963,59.579271279201,317.7668178623906,9.436363636363636,5.856172405715624e-4,9.436363636363636
CRS3035RES200mN2631000E3476000,37466.22046818188,239.06612042110336,57.092043713000855,337.0635160718405,23.118644067796613,5.909869482035005e-4,23.118644067796613
CRS3035RES200mN2631000E3478800,36687.762352709055,241.4760735591377,52.52378839422155,340.62686979243625,26.111111111111107,8.874426859931952e-5,26.111111111111107
CRS3035RES200mN2631000E3480400,32475.190596681794,215.30727809839465,50.23938325002791,302.45554489136964,26.000000000000004,0.0010096351602328368,26.000000000000004
CRS3035RES200mN2635200E3486000,40038.385439047175,235.77962400747313,68.21558851004204,332.33663007940214,24.761363636363637,0.004110228865016347,24.761363636363637
CRS3035RES200mN2644400E3475600,33879.71925764064,217.16753399844734,61.23183634743095,305.1166585204561,NA,NA,NA
CRS3035RES200mN2612000E3475800,29725.216714865746,190.25763305711638,55.49304821756301,266.35673766753797,19.43137254901961,0.0014181636171514398,19.43137254901961
CRS3035RES200mN2612000E3481400,30750.398853262883,199.10020369671864,59.12098076197648,279.17736703130953,1,3.017729158807999e-5,1
CRS3035RES200mN2612000E3482800,31492.09888043124,206.4024227704884,58.477549388383736,289.2369013417054,11.181818181818182,3.258004324260285e-4,11.181818181818182
CRS3035RES200mN2615400E3466000,30383.44631104953,176.8388931816365,50.780581386054195,259.26520742852574,52.85559809722706,0.5741253896778663,17.05837568163361
CRS3035RES200mN2618800E3465000,27722.351908105742,166.2311485369541,49.33410571230767,241.08815010526018,50.02061551329676,0.574324992582336,17.74350660532858
CRS3035RES200mN2618800E3467400,26144.84746567588,161.3771526739947,46.845845496319676,224.3369414919617,67.00350527215738,0.4901043339804741,32.379521231119966
CRS3035RES200mN2622000E3463800,30940.608944701475,194.1330567183178,40.3830383589141,280.81251376955277,38.46493148662944,0.49752760030354215,16.44849811803488
CRS3035RES200mN2625200E3463200,26517.423606421115,168.08856304223596,37.46567354148267,244.37755208062757,34.10757952225147,0.5279365161826588,19.38317547787151
CRS3035RES200mN2626800E3466400,29254.694118379328,189.94756955249895,44.95053214663592,273.9715317109603,54.82349367088616,0.491691043754279,19.8642506329114
CRS3035RES200mN2626800E3466800,30354.02631706594,194.4664669641987,48.93339478024644,280.8804695837768,57.131241262232955,0.4857863587852901,22.772318753744766
CRS3035RES200mN2631000E3467600,31114.25022231,202.7198646378815,52.90717320422875,284.73552514573606,76.47910651876609,0.40639511905938097,30.50538519981764
CRS3035RES200mN2602600E3491800,35875.550419934305,224.5707213971851,64.08715723900092,316.121586295122,14,1.4832118953593985e-4,14
CRS3035RES200mN2603000E3491800,36578.78427819785,230.023276072337,64.33065612042232,324.03467019756783,7,1.3937767866476183e-4,7
CRS3035RES200mN2603000E3492000,35971.21655337245,225.77670501232376,65.37256293418947,317.8722267871796,9,1.4939867035183298e-4,9
CRS3035RES200mN2616000E3501600,38558.41353486401,254.55708437726744,69.90592954641912,359.0177023863309,17.526315789473685,2.6012787338618035e-4,17.526315789473685
CRS3035RES200mN2619200E3479000,31035.525930144264,210.73834472285492,56.9527841052898,296.02775246772944,26.59,0.0025310048089091357,26.59
CRS3035RES200mN2622200E3465000,31008.844880868128,194.24280490681764,40.8566053314461,280.3446213729653,47.32615808506974,0.4794644963434772,20.134057418386675
CRS3035RES200mN2622200E3465400,25279.02825147402,149.04723767967855,45.34699879869099,216.22398199417296,52.42106816895865,0.5612874718658952,25.641014539103022
CRS3035RES200mN2622200E3475000,33170.12494583609,217.66022555598508,52.42617901603255,305.44337092599756,77.27496717857898,0.38357399665062275,21.32482826000669
CRS3035RES200mN2625000E3464000,26074.448652946314,167.80455665185147,36.2860941308343,244.14505428619842,38.196954414622745,0.5298150489422989,22.28126645181922
CRS3035RES200mN2625000E3464400,27422.345946694182,174.2991090529283,37.51270983816978,252.97958875493921,40.94742798100814,0.5115269423401203,24.923791483185315
CRS3035RES200mN2626600E3495800,38429.66543078385,256.0285140726786,66.3084518005655,361.56286615592666,7,2.8677946659019245e-4,7
CRS3035RES200mN2628400E3466000,27929.072816292348,177.8867649356733,48.92903276212296,256.7735949789044,57.667316949581874,0.5139590603677262,25.758011147707112
CRS3035RES200mN2634400E3490600,37994.06043994259,241.82535580177066,61.68361457512418,340.8813337351084,14.984496124031008,0.0014950628158175363,14.984496124031008
CRS3035RES200mN2634600E3466400,30231.514784055315,199.5498628819485,52.27414512418606,277.27059695091043,67.01459138005028,0.4239872109798417,10.846183557108697
CRS3035RES200mN2640600E3490400,37480.93837166958,237.27540851373914,66.29199625312246,334.32147689425557,NA,NA,NA
CRS3035RES200mN2608800E3489800,36648.11198680961,230.45792250618356,65.56103874690855,324.21582852432124,13.885714285714286,5.770816158285264e-4,13.885714285714286
CRS3035RES200mN2615800E3488000,34422.85048931035,224.1749953020425,66.15443993119287,315.48125876349815,28.574074074074073,0.003902918515734544,28.574074074074073
CRS3035RES200mN2618800E3494800,38966.898861884576,254.63390994830826,67.77310238505503,359.52328375804854,NA,NA,NA
CRS3035RES200mN2626400E3460400,31450.50793461401,198.78441713399354,45.50637155470707,291.91882830211193,41.47149991389702,0.48501372151294597,17.55931019213265
CRS3035RES200mN2630600E3472000,33317.26817188301,212.81823466493023,56.31747895642477,300.7620215783843,20.555555555555557,3.139096870204162e-4,20.555555555555557
CRS3035RES200mN2634400E3485200,36507.71373347142,231.8948192393844,58.72952142392639,326.69094872227174,7.404494382022472,0.005358992268599918,7.404494382022472
CRS3035RES200mN2641600E3489200,39838.906881052615,237.653968628377,67.78904745056423,334.7378883778223,NA,NA,NA
CRS3035RES200mN2611000E3497400,38199.6457923819,253.2112553978545,68.36423718057844,357.1889055704309,15.808510638297873,7.274528316488407e-4,15.808510638297873
CRS3035RES200mN2611200E3476800,32308.503756425383,209.75485616844594,52.10594602609708,294.73272538552766,17.519230769230766,0.0012850929221035958,17.519230769230766
CRS3035RES200mN2614000E3486400,32879.81965398319,220.50440681814948,63.14230971203128,309.66604692090493,NA,NA,NA
CRS3035RES200mN2614000E3486800,33207.661297869025,221.98916788362564,63.57692362223703,311.91772412130837,NA,NA,NA
CRS3035RES200mN2616800E3469000,25485.091115420528,162.51194426488544,45.92129569776628,226.116512245924,74.17945624668981,0.48819938231702936,27.331798387571343
CRS3035RES200mN2619600E3464600,25731.298137742317,159.9565326115732,48.85646200464829,230.8401929922625,49.933528500086084,0.5979376893883671,18.809296661664515
CRS3035RES200mN2619600E3467200,24757.087759484653,151.37693629205447,45.08065855404432,214.74929133858288,73.06418082349559,0.49720830350751566,26.579861790958837
CRS3035RES200mN2625400E3468400,27748.506101443894,174.12822778723563,47.391843948589404,249.32129072502542,59.61113478199122,0.45751081885404604,31.29477915068885
CRS3035RES200mN2627000E3472800,30938.587371277055,194.37059875439354,52.85648393660973,277.15931429980884,76.24196849417018,0.39770611087130786,27.68456958571074
CRS3035RES200mN2627000E3473800,34853.06381352703,221.28779955237798,56.8483869206836,315.4867405426069,82.24449108079753,0.34334843605000415,19.810028935737197
CRS3035RES200mN2627000E3476400,31856.28258958272,207.05964261952263,59.01266514589866,290.44268605645874,82.27247289261977,0.3736455660108357,14.919733536837416
CRS3035RES200mN2629000E3478000,34423.221503324174,226.74935508902917,56.79047209580336,319.30693567668465,3.7636363636363637,5.767496487070322e-4,3.7636363636363637
CRS3035RES200mN2631400E3473800,35836.13263997115,231.1081920634419,54.50507299386153,325.5494206079114,21.342857142857145,0.0014842615268810357,21.342857142857145
CRS3035RES200mN2643600E3480200,35524.7626268737,229.75258452645022,62.160516233111515,323.4863077233313,7,2.6887141224709283e-5,7
CRS3035RES200mN2612200E3494400,37611.3252007725,247.13038237557876,70.01395605512704,348.67251920591326,16.384615384615383,3.7758317721721147e-4,16.384615384615383
CRS3035RES200mN2618200E3482000,33395.68932591442,227.62365978602975,62.10534691649141,320.4042073716122,18,1.626261804918279e-4,18
CRS3035RES200mN2621200E3477200,33454.04057688162,227.076240511069,53.93667237799136,319.67488567894793,78.50869699783348,0.3666216568893327,15.144769421231809
CRS3035RES200mN2621200E3477400,33596.79944337158,226.94356469385437,53.46042258321027,319.4709644439396,70.97083345696228,0.38285811655117574,11.623015755274011
CRS3035RES200mN2621200E3481400,32486.05208994239,214.0915920107606,57.37111387457808,300.5928101921173,NA,NA,NA
CRS3035RES200mN2624000E3464400,26810.472350140746,169.3794315661119,38.381208732763426,245.38943299303403,41.29289773426161,0.5272996147310252,16.335019311668177
CRS3035RES200mN2626400E3488200,38414.4162900009,247.69633890898888,61.19940067549284,349.53783862335763,12.456375838926174,0.0014933001934274747,12.456375838926174
CRS3035RES200mN2635200E3489800,38160.240793752535,242.56895525122493,62.28121421701077,342.14991068565877,22.322834645669293,0.0014542206751248098,22.322834645669293
CRS3035RES200mN2608800E3492800,35688.303768067664,238.4807084969512,66.38554599381764,335.73185729802145,NA,NA,NA
CRS3035RES200mN2614000E3465800,29158.19156769925,171.35175649862967,50.96592198876063,252.41261799961242,62.98316667504145,0.5509232345043324,30.25238681473293
CRS3035RES200mN2614000E3471800,27601.37797913545,175.2162223290266,50.987857284215885,243.50733651861694,71.90682531981717,0.553603234287976,14.90525240660827
CRS3035RES200mN2617000E3494400,37976.12195601184,251.76588768405153,67.43253797693752,355.4893468089548,15.843537414965986,0.0018052093183185765,15.843537414965986
CRS3035RES200mN2617000E3498800,39787.99351619772,260.40213694825894,71.43662701074369,367.5372142008212,10.65942028985507,0.0016238923994775318,10.65942028985507
CRS3035RES200mN2622600E3484400,34134.49828803264,229.5678806782205,59.26108674749654,323.2043573086935,23,3.048708989001196e-4,23
CRS3035RES200mN2622600E3484600,34124.68922884734,229.47712942119335,59.48776032152012,323.0212735865736,22,3.064339340224173e-4,22
CRS3035RES200mN2625200E3477400,30862.77812162295,204.99799832989487,53.84328028293545,287.19049022497296,71.74211227517713,0.40556537970331075,11.742324229395022
CRS3035RES200mN2625200E3477800,30415.500859074305,203.35721183390413,55.07035629632419,284.9836964019209,85.16715821208545,0.38270815305316314,19.091106304889212
CRS3035RES200mN2625200E3482200,33333.96597484663,217.73235858992692,58.372913698036314,306.07206492782433,NA,NA,NA
CRS3035RES200mN2626600E3496600,38638.523285154726,255.20167446181784,66.68497735359017,360.44454532977187,12.16,2.639441705290497e-4,12.16
CRS3035RES200mN2626800E3458600,30988.92808479384,194.6528213960085,47.97183669334414,285.93708844088746,48.39093212625157,0.5147528112653227,18.556800905311324
CRS3035RES200mN2626800E3458800,31281.033780495414,195.95209334248455,47.9858239221314,288.66737380670116,48.4351644566902,0.5072565046484058,19.330042559472556
CRS3035RES200mN2630800E3462400,33360.74741383256,215.1415755023573,51.40605117407424,312.4230100242596,58.26519717582228,0.4651553989106056,18.50415016359566
CRS3035RES200mN2634800E3486400,39669.02366698827,236.40884838480943,68.18091994373859,333.2190591325979,22.058426966292135,0.005172794587745708,22.058426966292135
CRS3035RES200mN2610400E3484400,31821.888298024038,216.53770921844264,58.28336802486382,304.0229962076931,10,8.554076017222204e-5,10
CRS3035RES200mN2613200E3490000,36283.13857581621,238.53702526079368,67.93179450405228,336.2298637513699,26.523809523809526,5.682663816314657e-4,26.523809523809526
CRS3035RES200mN2623400E3467000,25059.522837214598,149.11569074136557,46.118011024862334,216.03868545393158,58.21840635685996,0.5716194172572844,22.658397500553555
CRS3035RES200mN2625800E3488600,37041.730263709665,237.82683344715682,64.68278159184321,335.21899524340165,4.23943661971831,0.001701352695206262,4.23943661971831
CRS3035RES200mN2627200E3469400,35265.53739575202,218.43607493529436,52.224477219506184,316.05920052586174,52.05408322681437,0.36158128260958877,17.502709842351937
CRS3035RES200mN2627200E3470200,34925.86402355665,214.7868335261327,51.874981596382455,315.18889473130633,63.00857930172439,0.3701861394468394,21.661930058805133
CRS3035RES200mN2632200E3482200,33367.238053738234,223.11837631491736,51.57267181381864,313.9052523045567,26.05263157894737,2.3321754286906654e-4,26.05263157894737
CRS3035RES200mN2636600E3490400,38877.556924917735,241.50168112473827,63.421513610529466,340.52228537241996,10.876923076923077,7.777445408315884e-4,10.876923076923077
CRS3035RES200mN2636600E3491200,38854.52416249079,243.6381774313289,63.23812175204168,343.6406018002969,24.551912568306008,0.0021227728285077947,24.551912568306008
CRS3035RES200mN2610200E3491400,35903.05237809526,234.52050529456602,66.57294825433385,330.14536137642494,26.033333333333335,4.864838568440174e-4,26.033333333333335
CRS3035RES200mN2613600E3504800,37282.07200369909,246.405841929878,67.70831805354045,347.69079545273314,28.407407407407405,4.3049155758223204e-4,28.407407407407405
CRS3035RES200mN2613800E3470400,26942.928616356807,168.1135116949224,49.49851527873268,232.65513508769382,80.77825078628835,0.46043912642803814,27.942313435206664
CRS3035RES200mN2619400E3472400,31504.475361895038,208.56852853731087,52.02467466003826,292.2996417604924,62.72706903397805,0.4296193400594641,27.013267910828752
CRS3035RES200mN2622400E3463000,29410.985807720885,186.42173168800016,39.932411026800644,270.7142254924504,45.49157420846771,0.5192636876932123,21.744389775886294
CRS3035RES200mN2622400E3463600,29351.585518828557,185.86402721226068,39.22329986596191,269.1377051667889,40.25119929149549,0.5140107736273741,16.68774631602257
CRS3035RES200mN2622400E3464400,30409.255913611978,191.29311793136196,41.84560694415698,275.9551989871067,51.29703067726139,0.4948685796374523,28.777487761076554
CRS3035RES200mN2626600E3476600,31239.143182954642,204.20648104106448,56.73170880441013,285.819911455856,82.26875258354796,0.3835571329259815,14.716487010715767
CRS3035RES200mN2631200E3460200,34053.72122215242,218.3340380805103,49.33709466969506,316.7267554245397,63.275141339729316,0.42311409655439036,14.79918051510479
CRS3035RES200mN2631200E3460400,34177.551218635796,218.70641355769774,49.13288220851553,317.81367746571635,61.4926175642229,0.42099526917779534,12.967571335097146
CRS3035RES200mN2631200E3462000,32583.327771713706,207.6466432366947,52.00930801616908,303.38166464753084,63.14061807981891,0.48749535198934857,16.889899611239578
CRS3035RES200mN2636800E3470400,29600.00714931268,196.19145319898016,49.37142702979767,274.7603631311285,NA,NA,NA
CRS3035RES200mN2611000E3480800,30460.034173487045,199.6616099575236,58.26702384300027,280.0087024731007,11.09090909090909,9.768082051889238e-4,11.09090909090909
CRS3035RES200mN2611000E3482600,31466.805840673787,206.16583235543143,58.95392225308596,289.2389001945901,1,4.4562617905259875e-5,1
CRS3035RES200mN2611000E3488200,37369.26523007786,235.80599202706955,66.07423592750379,332.082058166773,20.307692307692303,8.90447552639148e-4,20.307692307692303
CRS3035RES200mN2614200E3493000,36788.50140404363,244.98935601198173,68.26409392383411,345.8150941377841,16.63320463320463,0.010389922978177172,16.63320463320463
CRS3035RES200mN2614400E3465200,28816.245569157683,170.06864467525895,51.84280875346105,251.49805338093296,60.52923384695992,0.5901558700754754,25.17250470361285
CRS3035RES200mN2614400E3465400,28892.973221990258,170.08140570633265,50.529491997216425,251.15919276270006,58.51724220566033,0.5807794015309673,21.069996884660558
CRS3035RES200mN2617200E3478200,28386.31747901229,197.48306605130156,54.9126665662361,276.97760856763284,16.42706766917293,0.009107218669113503,16.42706766917293
CRS3035RES200mN2617200E3478400,28705.58800368035,199.85844180445432,55.13238438015858,280.44930046275,18.94436090225564,0.008997916272021216,18.94436090225564
CRS3035RES200mN2620000E3464200,26630.790821983996,162.7675073213728,48.00716499388702,236.82506894884995,53.609879701837734,0.5778766597480874,26.548259489778378
CRS3035RES200mN2622800E3463600,29559.921397653063,187.09087497185178,39.74920559461556,271.47272750018766,42.45641959211789,0.508532038932119,19.643887918521997
CRS3035RES200mN2629000E3465800,29964.64337121898,191.07377300425406,49.361949951569954,273.7518421794716,58.597245430148334,0.48427557288409745,20.335158742214784
CRS3035RES200mN2629000E3467000,30627.655333365496,197.6503159976843,50.97997877267464,280.1604110382092,60.7914324775938,0.47638460054033194,18.416745151653235
CRS3035RES200mN2611400E3475800,29386.168144978463,188.15652629789165,56.09901382906371,263.3095811607345,18.682692307692307,0.0014735887553842667,18.682692307692307
CRS3035RES200mN2617200E3492000,36905.846848303554,242.13478588945483,67.36145471204894,341.5064812569057,21.867469879518072,0.0011183873662651252,21.867469879518072
CRS3035RES200mN2619800E3473000,31703.148949607323,211.34496729066592,51.64353379964455,297.6493726242529,67.08888568960562,0.4138415891135698,23.463233515692483
CRS3035RES200mN2637000E3488200,37964.475481001755,239.74166873105153,60.84955940121036,337.9531797430725,15.250000000000002,1.887437920987131e-4,15.250000000000002
CRS3035RES200mN2637000E3490200,38589.16647624889,242.022308335592,62.97446437615595,341.2307039964203,13.662337662337663,9.06938669744765e-4,13.662337662337663
CRS3035RES200mN2611200E3480200,30364.146054317007,199.10355348944316,58.40139030814179,279.2238453677984,NA,NA,NA
CRS3035RES200mN2614600E3465600,28822.595338450803,170.0817864619679,51.036273551988835,250.20293091416607,57.968586763789716,0.582470341939986,23.66509320937365
CRS3035RES200mN2620400E3472000,31424.318739220933,209.81290514421647,50.88272375854891,294.7675646743979,61.683316711782304,0.41742491822777283,27.168952842285226
CRS3035RES200mN2620400E3473200,32028.45542263988,211.37457448338688,53.272522414537086,297.41445318118616,64.88320381190084,0.4226159083281392,14.59735095581145
CRS3035RES200mN2623200E3468400,29489.978807576354,184.30692124712198,50.92839606680829,268.403508325595,59.13439445004797,0.5170773281772735,13.01230780585008
CRS3035RES200mN2625600E3469400,31908.968493425757,196.91060733145116,51.6534276837292,283.9846070243006,59.83787852962907,0.41585842715212207,21.766916652462953
CRS3035RES200mN2625600E3479600,31543.331537572773,209.5092550733372,55.725826300984565,293.95695197910385,97.26628828744317,0.26771900743419697,38.256301890332544
CRS3035RES200mN2627000E3469800,35355.1375061963,217.02188326173166,51.97669158955717,316.6211582947786,50.25062478700443,0.3636401189689359,15.79370669090083
CRS3035RES200mN2629000E3483600,35281.26983438277,235.66225726228902,57.39897349066088,332.2831578390391,17.993957703927492,0.0035028308376104556,17.993957703927492
CRS3035RES200mN2631800E3492600,37333.406314138,248.8917484230773,58.67976918365377,351.1633122360608,23.999999999999996,1.0745639956587617e-5,23.999999999999996
CRS3035RES200mN2636200E3487800,38013.24314567721,240.5604208554195,60.154016633156644,339.16400109669166,NA,NA,NA
CRS3035RES200mN2608400E3467200,34655.98647651552,213.6834028914661,46.07626415181354,299.77753695035625,83.26034377116322,0.35750190228043083,22.174301009384354
CRS3035RES200mN2614400E3466000,30087.75586228949,178.71137550628865,50.07712907695587,261.0723326582818,61.72589317119743,0.5302973779577915,27.96595145972564
CRS3035RES200mN2617400E3478200,28152.476451259587,195.60956368627575,55.32912778848427,274.20333578271703,18.264661654135338,0.009219848323096767,18.264661654135338
CRS3035RES200mN2620600E3466400,25201.535511945633,154.6126534706622,44.74991169697227,218.1073340962715,78.21264367816092,0.4547959140423007,32.42924510717614
CRS3035RES200mN2623200E3474200,32616.795258567992,210.615592251508,53.705132276424635,295.63435278598655,70.50233206302248,0.4294647873561806,18.711458392582916
CRS3035RES200mN2623200E3474600,32972.45801036719,213.39635209766456,54.30578432322454,298.6067362658666,66.87816797363331,0.42626683460904985,13.846599045346068
CRS3035RES200mN2627600E3463400,33796.46674484104,216.4429089633859,45.88807548575875,314.210522855045,45.998474747226254,0.44547337505068546,23.14306132992203
CRS3035RES200mN2629800E3466800,29433.833056457177,190.78910982186216,49.85825644695479,270.8695529940961,57.535104052573935,0.4666854090525724,14.815221796276019
CRS3035RES200mN2638600E3489000,38206.50532643981,239.30859684982505,66.1450042082481,337.3553685223037,15.631578947368421,2.2844775760490546e-4,15.631578947368421
CRS3035RES200mN2638800E3476600,35329.781076152445,232.17287227903327,57.745781491655315,327.5084139331964,18.56359649122807,0.010526072805336904,18.56359649122807
CRS3035RES200mN2638800E3477000,35185.40141764596,231.71185413169184,57.81726823353852,326.5932545234098,18.519736842105264,0.010632344711807499,18.519736842105264
CRS3035RES200mN2606800E3488000,34681.80879087088,221.77758037514096,63.72913321261412,311.7792032525878,20.081081081081084,6.320680583552561e-4,20.081081081081084
CRS3035RES200mN2613800E3492000,36886.68429343546,242.26490398978788,68.78572204568293,341.9546701431326,18.861214374225526,0.01095901572557647,18.861214374225526
CRS3035RES200mN2617000E3468200,25177.691211401427,157.2964575818891,46.872393771443654,218.08807659599427,67.48119417019277,0.4989882994633588,18.368097672778575
CRS3035RES200mN2617000E3469200,24801.98424018313,160.0867083406703,47.002421200915656,221.55216587427364,73.53820352647936,0.47685918882432354,29.382967658553095
CRS3035RES200mN2623000E3463400,29704.550965658575,188.25402719990063,39.52134384897224,272.648500279451,38.574036261654655,0.5048624479910576,17.166043445103185
CRS3035RES200mN2627200E3464400,31868.603671462635,208.69928059176374,41.0699900771277,302.5156285237466,45.971389210066555,0.4583577646475118,19.665580949100885
CRS3035RES200mN2632400E3488200,36664.64835728408,245.08925690474925,57.918307601901816,345.73833003899784,28.688888888888894,4.8079491425824045e-4,28.688888888888894
CRS3035RES200mN2632600E3464200,28540.699589160475,184.80517630133764,51.23961488982031,259.1457166175596,56.84884797799792,0.4929105974464318,12.924059158645075
CRS3035RES200mN2622800E3484400,34135.80581689736,229.06559905799264,59.774318516338155,322.4635148660581,24,3.0615248748896144e-4,24
CRS3035RES200mN2627200E3468000,37446.6275964391,239.55849936413705,54.05672665613311,344.576216809896,61.590506422560196,0.3915179775713895,25.100445395934823
CRS3035RES200mN2629200E3478200,34641.49204469227,227.37492663089049,57.137504192520545,320.17975431829615,3.7636363636363637,5.76471574710716e-4,3.7636363636363637
CRS3035RES200mN2638200E3488600,38571.67633499581,235.79052093408973,69.27513912093167,332.2330197093228,12.789473684210526,2.3867247855088202e-4,12.789473684210526
CRS3035RES200mN2638200E3493400,38875.9899780593,245.13014810074563,63.481418841705874,345.8798738401055,1,5.7137633130685214e-5,1
CRS3035RES200mN2607800E3492000,36928.178815948435,234.06944614684113,66.1543014235932,328.9363322768736,NA,NA,NA
CRS3035RES200mN2612800E3477400,28587.82339013087,187.72485873244153,55.56302203628648,262.87485655350747,NA,NA,NA
CRS3035RES200mN2612800E3480600,29234.679498076603,199.23524411853606,56.222364686730074,279.26248685404664,28.928571428571434,2.0169132583233653e-4,28.928571428571434
CRS3035RES200mN2615800E3476000,32247.428112832156,212.7438085124562,52.76020115468649,298.7625813223968,NA,NA,NA
CRS3035RES200mN2626800E3460000,31517.305685073534,199.6743218784835,46.03761282048209,292.28144889666663,46.43172033752368,0.4872286614966019,16.9268149277965
CRS3035RES200mN2631200E3476200,37825.777684987675,238.1557844380521,58.03320858206252,335.89919891126164,14.75,2.0620044745497118e-4,14.75
CRS3035RES200mN2637200E3482800,37400.05186560379,225.3106223872457,64.70452834107967,316.7931477682861,28,1.2982629242074112e-4,28
CRS3035RES200mN2637200E3489800,39306.96731917519,241.06022151260098,62.74850128800172,339.86083642968083,18.794520547945208,8.665819869656541e-4,18.794520547945208
CRS3035RES200mN2637200E3490200,38474.72721547561,241.54461845576063,62.919936310273314,340.55236578816033,15.129870129870133,9.149456973787386e-4,15.129870129870133
CRS3035RES200mN2617800E3465400,27186.137494947186,164.93165675347961,49.46204596639157,239.53557198129036,56.35642883458188,0.5877894554484038,26.640297187768656
CRS3035RES200mN2617800E3468600,23763.615983457,153.31167132952197,46.043638243522686,210.25634046952925,67.83886040231803,0.5011403722174917,17.29776388846749
CRS3035RES200mN2617800E3472200,31492.701997192577,204.5242199620753,50.20817839288786,286.26820498928726,68.2482939330243,0.4276233161770134,24.826211523510604
CRS3035RES200mN2623600E3461800,29394.74890233318,187.5321897176699,41.68696073926584,274.0122147342625,40.5060641098182,0.5188262623168428,19.1823907107186
CRS3035RES200mN2623600E3464600,25894.7945793641,159.4643096739569,38.09586743593189,231.40350194552525,46.84388299835175,0.5454045350865429,19.805422027602166
CRS3035RES200mN2625800E3463800,38929.85866206798,250.82248329381332,47.0130685492563,361.81751634691386,38.8050382543236,0.36510203348422793,22.122667224285955
CRS3035RES200mN2627200E3488200,37879.598662240875,247.85046691595562,60.06477833989883,349.7292287388276,20.940397350993376,0.0015097282489151976,20.940397350993376
CRS3035RES200mN2629400E3472600,35444.4693246844,223.3120386144236,54.483695889573234,317.9528786091818,82.13822379089954,0.34343467435460623,23.884803968329695
CRS3035RES200mN2629400E3478600,35094.37646123916,228.5210899433276,57.88421966164078,321.82503816474554,8.290909090909091,5.750852171730891e-4,8.290909090909091
CRS3035RES200mN2637200E3475000,36123.68952966536,225.94546332614814,60.16450522397729,318.37921245744843,20.870967741935484,7.302967124868958e-4,20.870967741935484
CRS3035RES200mN2608000E3496000,37890.667117528275,250.15680203376638,68.36267192490729,352.8095952024,20,6.51847989048955e-5,20
CRS3035RES200mN2617600E3477000,28657.955622029633,202.48207140359725,52.45118682257867,284.13283607215374,20.7372972972973,0.011978296621472853,20.7372972972973
CRS3035RES200mN2617600E3477200,28093.09390124567,199.9596281505382,52.5462563804184,280.54230250456214,17.054834054834053,0.00916399989421068,17.054834054834053
CRS3035RES200mN2617600E3477400,32893.44562155611,228.05835680698485,52.99850741243673,321.4892432693279,14.184704184704184,0.007777166777020885,14.184704184704184
CRS3035RES200mN2617600E3477600,29145.91628305043,203.96174643723174,53.42146349054035,286.42825836067277,14.654743390357698,0.008337979952539647,14.654743390357698
CRS3035RES200mN2617600E3477800,28783.95809571695,201.25114783598184,53.54974396972624,282.464678407452,15.328149300155522,0.00850787938129325,15.328149300155522
CRS3035RES200mN2620400E3483200,34205.362245423,229.5207606719343,61.319191757481526,323.0365012750294,36,6.40373246120596e-4,36
CRS3035RES200mN2623400E3461000,30050.86590408471,189.19382720820292,43.05008308536538,276.7750640852237,43.860734581416516,0.523618142236993,19.01866712588254
CRS3035RES200mN2623400E3462600,29332.202197306044,188.13950134196202,39.89607946421852,273.3593197381293,37.63044601343206,0.5098076103042617,17.767583458387673
CRS3035RES200mN2627600E3472600,33638.306596718634,213.88311276287163,52.575303662073964,305.0492544416244,76.19023517066847,0.36713651196519215,26.733578174186782
CRS3035RES200mN2627600E3478600,34134.21993679608,222.02960899391095,61.2031778191308,312.28104870233585,22.92452830188679,5.835911778631765e-4,22.92452830188679
CRS3035RES200mN2630000E3470800,31933.93040063599,202.46267074610364,54.482353224601965,290.1768773037171,26.25,1.4454696571827798e-4,26.25
CRS3035RES200mN2630000E3471200,31124.084103638837,195.7195838479099,54.38010054513928,281.8688547085314,84.40260738652744,0.38944400783403815,39.52466126397386
CRS3035RES200mN2634000E3473400,33444.006770201406,212.49310846881824,55.207097791798105,298.2078864353312,14.626470588235295,0.004125212327105072,14.626470588235295
CRS3035RES200mN2639600E3484000,40391.03147168681,234.78552628280642,68.654212518487,330.6916125636083,27,1.253352718522047e-4,27
CRS3035RES200mN2639600E3486400,39649.506929171584,232.33648215374015,68.54248920215166,327.40727099287164,NA,NA,NA
CRS3035RES200mN2639800E3467800,29263.2529271981,191.8445596601138,55.12981925541874,268.7827032476417,21.243697478991596,0.0017138330812990566,21.243697478991596
CRS3035RES200mN2613800E3471800,28135.838755954206,177.47678208306638,51.14964205131062,246.9033538538678,74.08590257733276,0.545265884843589,16.375072160208447
CRS3035RES200mN2613800E3475800,32847.08842517441,210.84027459387121,54.45579360850547,296.0322424753101,NA,NA,NA
CRS3035RES200mN2616600E3465200,28562.78304281367,169.3299443268031,50.48596951296471,247.70055673196933,58.080777896359535,0.5912998359253391,22.4953515949247
CRS3035RES200mN2616600E3468000,25443.464266342206,156.449239880961,46.86056909973176,219.0551654376735,70.97767112388686,0.5711961063140453,23.160421425454953
CRS3035RES200mN2620200E3472800,31873.057672163177,212.79303932299942,52.12195897037534,299.7462542518508,64.7045138198449,0.41433329802384566,21.82702042439567
CRS3035RES200mN2620200E3473000,31965.282795660765,213.0123741585927,52.42406927636015,299.72520140540155,62.48048669805434,0.4171014184145461,16.044784162459585
CRS3035RES200mN2625400E3465200,24113.815350004326,142.6585330679819,42.90503590897292,208.05677655677655,48.74316723245038,0.5819993654639324,25.821911935971453
CRS3035RES200mN2627200E3462800,33234.2661527044,213.44178601889698,44.85972374527852,310.03423830569676,40.35826219587198,0.450259750329534,20.068651135329276
CRS3035RES200mN2629200E3465800,28504.927442491426,182.0692973762462,48.871433415054184,259.85114235042664,60.10749025982403,0.5054118199363647,22.44977939468996
CRS3035RES200mN2636200E3490600,38858.98439562249,243.0990223904133,62.93528154455329,342.86636999661323,20.19672131147541,0.002137425978485585,20.19672131147541
CRS3035RES200mN2610000E3498200,38781.695327501795,257.8649151147564,69.06286384833447,363.8895120241414,20,5.486299490993347e-4,20
CRS3035RES200mN2616800E3472800,31299.49082677805,204.53182176310966,52.52665674516339,286.299521016496,77.66497882526232,0.4075236677880477,30.083529736696722
CRS3035RES200mN2616800E3476800,29404.557643572814,200.91754064485897,48.93897098002513,281.7397559359034,16.389489953632147,0.008408384992267386,16.389489953632147
CRS3035RES200mN2622600E3463800,29117.9677608217,184.43585892654863,39.95424404027034,268.1564230167114,42.546335703215334,0.5173669004314679,22.311621442101917
CRS3035RES200mN2622600E3464400,30544.16290890601,191.0386910164711,41.11810623388879,277.01414757530586,49.3458879677237,0.4919459269747902,28.0979507490959
CRS3035RES200mN2625000E3479800,31277.08928236477,210.56272898925877,55.73241550061908,295.40776031311367,98.24358257728862,0.29081792149654273,37.3596766564905
CRS3035RES200mN2625000E3484600,34680.26219367971,228.58695240798536,59.02831393698551,321.84615384615347,NA,NA,NA
CRS3035RES200mN2626600E3462600,37623.211717003294,246.29985979006403,47.92546136647846,356.39123308954487,35.976309380304556,0.3850941680245557,17.257516790080942
CRS3035RES200mN2628800E3466200,29789.587533449536,191.04054452164092,49.84706503326541,272.7905874843493,56.667704693908554,0.48484030147546214,19.5230416729961
CRS3035RES200mN2610400E3487600,35893.11321588499,228.00730615130803,64.5075418336083,320.6922578364365,19.08,3.6825359415507895e-4,19.08
CRS3035RES200mN2617200E3469000,24913.090210656756,160.77871564982897,46.60685181135653,222.00126831401704,71.60596097710867,0.4744514906334282,23.00838223997541
CRS3035RES200mN2625800E3469200,31723.47193868411,192.88512827859572,51.08531213065441,280.4971049269962,53.25698625468586,0.4203765385671481,15.657361126888567
CRS3035RES200mN2627400E3466600,32096.798993998284,207.52221777650757,49.684481280365816,299.85891969134036,55.97981739548294,0.45200342955130035,19.485563620728886
CRS3035RES200mN2629600E3480600,35697.410028957136,235.92905501855705,54.69855010400098,332.4378645132346,11.662650602409638,8.462824748154493e-4,11.662650602409638
CRS3035RES200mN2632600E3483800,35027.73177731417,239.7465291382944,53.640057609420836,338.1584788571308,25.80075187969925,0.0028169312393438455,25.80075187969925
CRS3035RES200mN2632600E3491600,37302.79426428609,248.49791196147848,57.97771338475319,350.5605637704017,NA,NA,NA
CRS3035RES200mN2632800E3463800,29723.88168802759,192.59485301597007,52.96731003967039,271.28822093378056,65.49172040081133,0.420010680500457,13.696052432416066
CRS3035RES200mN2632800E3464000,28207.31531112614,181.15979032803517,51.5143304024349,255.06357795062564,66.47026027936855,0.46504058167061213,16.091361391388645
CRS3035RES200mN2607600E3493200,35481.20561347237,227.66964715316755,65.44945870088213,319.65334803528447,NA,NA,NA
CRS3035RES200mN2614800E3469800,26812.272834890045,164.17177958394086,49.02159696256614,229.96349016154448,72.46041214750548,0.559037953485686,21.285631649622957
CRS3035RES200mN2614800E3475400,32509.32878955095,211.71825315012677,52.91395515238246,297.2817832324733,NA,NA,NA
CRS3035RES200mN2618000E3495800,39408.6934647494,254.54249567871793,70.19682983340094,359.4397043139278,1,2.4517916467458644e-5,1
CRS3035RES200mN2618000E3498600,39436.09907405078,256.90344211559267,71.33232267317516,362.61586946128875,9.31159420289855,0.001736154794555016,9.31159420289855
CRS3035RES200mN2618000E3501400,38889.51087716625,256.7775743474339,71.06533928367104,362.6015943853229,17,7.628637906701761e-5,17
CRS3035RES200mN2627400E3461800,32832.99153175011,204.50709186768069,42.53241496757337,298.68088928288154,47.471770523260105,0.4741403443288387,23.51388964058159
CRS3035RES200mN2629400E3485600,34899.954974439635,238.47982479136627,53.384257438720674,336.3397889631669,12.133333333333333,0.001802333202254555,12.133333333333333
CRS3035RES200mN2629600E3459800,33283.364670723364,213.30384426121293,44.94833111295143,311.8837960129142,54.616754834274786,0.4015770712562561,20.63680922920588
CRS3035RES200mN2629600E3460200,33859.931640556344,215.5791570486156,45.51326998113495,315.5454928933832,52.66245277122809,0.4124649941998758,17.48679582966392
CRS3035RES200mN2629600E3460400,33390.76706457441,212.6622979467016,47.949984060075806,311.99397825085896,59.05617894581426,0.4798271403775991,20.166199123972635
CRS3035RES200mN2632800E3465200,30447.841795334876,199.02945590517132,51.95495128837789,279.45996235342,66.96773205037844,0.41504082618981,14.082989611742711
CRS3035RES200mN2632800E3466800,32612.126220503374,211.6464188684179,52.66791633546503,296.99703401392867,84.837543836862,0.3653620282599161,33.06239446681384
CRS3035RES200mN2637600E3491200,37934.164292311776,247.16169519152427,61.117185547405406,348.6333713664773,15.517857142857144,6.085302906818794e-4,15.517857142857144
CRS3035RES200mN2611800E3487800,33978.213221629834,223.44964204112753,63.81358720487422,314.1515613099763,10.350877192982455,8.682406702208681e-4,10.350877192982455
CRS3035RES200mN2618200E3478000,29877.455652928173,207.43332950646084,54.255252382228065,291.3353998443736,17.458490566037728,0.006760807725179548,17.458490566037728
CRS3035RES200mN2621000E3476600,33389.65065031811,223.7659313585058,52.942909528447984,314.55981206669486,80.34142302057464,0.35980060734544306,23.529995541117266
CRS3035RES200mN2621000E3477000,33765.22722273248,226.77289065777688,53.381558208887526,319.26383644589583,78.50978025379139,0.36636391468517193,17.644227793252863
CRS3035RES200mN2621000E3477400,33303.687722450995,224.274176420478,53.47387767962359,315.599687255668,78.50872794800377,0.3770436325020703,15.94428040854227
CRS3035RES200mN2626200E3465600,27726.39513016446,166.9787203730081,46.464810257738534,241.07900531019263,47.89530221650656,0.513625178085739,20.547593110926165
CRS3035RES200mN2635200E3466600,27950.087628794136,184.41389791280332,50.95737768916542,256.165971863977,69.46875,0.4492840511411971,13.145922293942412
CRS3035RES200mN2612200E3484400,32352.00136980313,212.94500386167903,61.73201404776824,298.4063360680821,26.555555555555557,1.3115136324555907e-4,26.555555555555557
CRS3035RES200mN2615400E3489800,35618.89480787667,236.1224542129497,65.92172000053992,333.0508280134434,82.7528034300791,0.4092154454536875,31.34720976253299
CRS3035RES200mN2618200E3494000,37563.690025446485,256.0536458561847,65.1012591585136,361.54130654148287,12.491017964071858,0.0018317027157460657,12.491017964071858
CRS3035RES200mN2618400E3464200,26438.69082427482,164.13420624309694,49.05840551066671,238.01710457478256,52.31169278457036,0.5907254548625234,20.319309208098602
CRS3035RES200mN2618400E3465200,28970.108556850308,171.73091084603186,50.08592704957595,249.31470730193752,51.62235048507921,0.5614700406812384,20.929409308608612
CRS3035RES200mN2621400E3476800,33031.85182366372,221.6982963526728,52.630337802236546,311.73248638838476,78.51142061281344,0.37831508693870386,20.743853296193134
CRS3035RES200mN2624400E3463800,27155.58482246761,169.29170653495046,40.948511727740566,246.34887118880758,38.55725848114345,0.5256019033334195,19.096664124578687
CRS3035RES200mN2624400E3464600,26934.706021114507,170.4783763228792,37.79973445737783,247.3777150444075,40.66336195232355,0.5239826237157921,19.114664567394005
CRS3035RES200mN2626200E3487800,38006.440728699105,245.38875986994898,62.04385611807833,346.23526861743443,16.14765100671141,0.001537905764566241,16.14765100671141
CRS3035RES200mN2627800E3461400,31777.975024196785,203.3801609971436,44.9844904511225,296.6772148910554,46.269920539250656,0.4797927338825807,18.94953381386995
CRS3035RES200mN2611400E3477800,29568.968112190472,193.1518582258317,56.53091353880726,270.43620304655167,12.653846153846153,0.0014791847416404727,12.653846153846153
CRS3035RES200mN2611400E3480400,30453.229206949396,200.04218049528066,58.47989802202839,280.5552643263295,NA,NA,NA
CRS3035RES200mN2611400E3481000,30627.18186224827,200.2652212870342,58.267718385992744,280.9015261681282,NA,NA,NA
CRS3035RES200mN2611400E3487400,33539.38004489363,224.20388978441963,62.37929164344144,315.2057879751118,18.583333333333336,7.231202639388953e-4,18.583333333333336
CRS3035RES200mN2615400E3471000,25975.45462341211,166.6790645620767,47.349204964971946,231.54739687799773,69.9034495158349,0.5658701781924944,17.417468471476624
CRS3035RES200mN2618400E3488200,35140.058873655085,234.56248569175676,64.47387632589758,330.2681046981923,27.147058823529413,8.648538651336727e-4,27.147058823529413
CRS3035RES200mN2621200E3499400,40205.65987868293,259.40382393458685,70.41545571701542,366.46392703195113,NA,NA,NA
CRS3035RES200mN2624200E3467600,26075.35151738543,155.91172816753354,47.54322807879756,228.14674202399968,52.71765603089867,0.5549275777805082,14.22651479741198
CRS3035RES200mN2624200E3471000,30793.123241482095,192.50324552319844,49.87466218776037,274.74388149420366,69.65460900204606,0.44442199378678016,24.380634803364416
CRS3035RES200mN2624200E3479200,31900.57326417684,209.577386331282,56.71614077219219,293.9834123516083,97.68280871670677,0.3067477068195043,34.7651291364003
CRS3035RES200mN2626200E3488800,37533.65638731059,240.41136212013188,64.63846649336331,338.9847247463716,6.901408450704224,0.0016333479031033628,6.901408450704224
CRS3035RES200mN2627600E3485000,36566.65964587545,241.24550733776056,57.245873463036624,340.27617032961416,25.891891891891888,3.76295422417037e-4,25.891891891891888
CRS3035RES200mN2629800E3460400,33237.55880480857,212.6226115988322,45.98029231268076,311.03130892190137,59.96714897386687,0.48804448340879253,19.21564791574391
CRS3035RES200mN2629800E3461600,32017.864572498438,203.4607251679536,50.04926638847759,297.4568093099524,57.28824860981251,0.4973384402648099,23.675648344077555
CRS3035RES200mN2629800E3461800,33007.25594240529,212.05479759235217,48.63401392659035,309.07088398442113,55.45641959211789,0.4797474330225422,20.320770498659254
CRS3035RES200mN2638800E3485600,39380.744273784,231.97177496706766,68.15924699141847,326.8756154642983,NA,NA,NA
CRS3035RES200mN2638800E3487000,40399.25448919484,235.2584409290296,68.34303040847009,331.45714605261446,NA,NA,NA
CRS3035RES200mN2614800E3490000,35275.29848653907,233.77893170829398,66.23166824020828,329.60293823133924,22.949864498644985,0.010557033731010215,22.949864498644985
CRS3035RES200mN2614800E3490600,36117.19150806852,238.99485993317907,66.27653559496265,337.1990693773753,76.99978906661977,0.3847610545252874,26.35086306908067
CRS3035RES200mN2618000E3468200,24190.700297140756,150.911630939025,45.95974955277278,208.88481246778454,69.25374689674189,0.49463327370304067,16.512385447635406
CRS3035RES200mN2620800E3468400,23005.55886053725,148.28218821326155,44.86865745888687,212.999473283783,69.32539682539682,0.5936091765669808,15.99705215419501
CRS3035RES200mN2620800E3472600,31878.02997758137,212.23710928788572,51.96105496672418,299.0221017171966,63.56806965794997,0.4138408629411834,18.822221907084927
CRS3035RES200mN2623800E3465200,25548.094024179634,145.85776856649395,43.55694645941278,211.5455751295338,48.98695524001378,0.5624317789291882,20.451614012676284
CRS3035RES200mN2623800E3465600,26048.75977919482,147.88872724306245,43.54335205101361,214.2185481787652,46.15931312337248,0.5534541598118261,16.57374834176781
CRS3035RES200mN2623800E3466400,24382.83098551383,142.54307345728262,42.909204973194974,207.21804779285927,50.074761986764756,0.5795739705714607,15.607119486334257
CRS3035RES200mN2623800E3467200,24869.50788866976,150.02623538235048,46.001694397377854,218.33392127996444,55.16716278383232,0.564553762395489,18.43895790794362
CRS3035RES200mN2623800E3467600,30568.717834237785,185.00631475086305,49.38910952146037,269.45859644795235,56.85694605033337,0.5013443512580162,17.138699599006127
CRS3035RES200mN2626000E3476200,31110.496024653276,203.10334668721072,54.922453004622376,283.90194144838193,85.98873666183648,0.3742865947611701,23.921466209985518
CRS3035RES200mN2627200E3472600,33514.285034331195,212.41816877512213,54.569431001696636,303.41250953644345,76.25524063507814,0.36720146661960124,27.297010667328205
CRS3035RES200mN2627200E3473000,33521.292930092626,214.24338079781037,55.20826311682143,305.33058122306795,82.23374352125664,0.35568951672189736,17.127870520525292
CRS3035RES200mN2627200E3476600,31789.951475964237,207.3531239952846,58.301087176556,290.74305481132166,82.27066043435404,0.3744864787625474,11.320216859041626
CRS3035RES200mN2629200E3494200,38627.50519556585,253.04113065926208,57.31218951341732,357.196683081329,NA,NA,NA
CRS3035RES200mN2632200E3487200,38510.83481578159,246.57424957333674,64.39900612388337,348.0337315530564,21,6.0234916173075095e-5,21
CRS3035RES200mN2632200E3491200,37231.28537786113,247.7935936234602,58.77324069732748,349.72265674949915,NA,NA,NA
CRS3035RES200mN2638400E3486800,39480.39735569518,230.09630145610888,70.32745710037366,324.05548485619755,NA,NA,NA
CRS3035RES200mN2611400E3470000,28932.69686835771,174.67779509706693,51.79992914836335,242.99866798923068,76.5532245286008,0.44714467904208594,20.5684265568056
CRS3035RES200mN2614200E3491800,36526.29021643541,239.28987603891815,69.29388988171218,337.6629223044845,81.48294463597648,0.3496865514991624,32.68890285946057
CRS3035RES200mN2617400E3465200,27693.312584231808,168.0702774034142,48.779410938903865,244.49872248427673,58.825794291868604,0.5735343665768194,25.846010182601496
CRS3035RES200mN2617400E3468200,25243.406950689492,155.44015519497123,46.51226371114486,212.837977653127,72.01308956829008,0.4894205753643024,25.78692579505301
CRS3035RES200mN2620600E3469800,23980.18543923693,152.02449364107395,45.69640544041451,217.88667275082432,72.87060113072575,0.5103038153556289,36.50567670474211
CRS3035RES200mN2620600E3470000,24240.081255771012,159.6636080332412,47.63462315327792,225.23785203139428,73.80184095367437,0.47805574792243755,34.092959106684816
CRS3035RES200mN2620600E3472600,31772.441125259105,210.8768374296713,52.41770802487415,296.9451110453065,65.92320150017048,0.4168907314184187,22.018629957949766
CRS3035RES200mN2623200E3484200,33718.775445209154,227.317795245536,60.004890442167536,319.93764089841,27,3.101256008683517e-4,27
CRS3035RES200mN2625800E3461200,36540.440393842466,240.2861455417833,48.00901639344262,349.25067972810876,35.0869886098059,0.406327469012395,15.668734778223346
CRS3035RES200mN2627200E3462400,32354.411015306006,207.84415702912932,44.71737494012181,302.34184173909074,37.522030062240155,0.46361687082278336,15.987928362321346
CRS3035RES200mN2629200E3467200,30729.9071071795,198.8714449058196,52.30382138773547,282.2280435698389,61.039284192586436,0.42372269362700943,19.335645504899862
CRS3035RES200mN2638000E3474200,31426.095908535302,197.98512979075267,57.16171712087429,277.75815057165414,NA,NA,NA
CRS3035RES200mN2609800E3490200,34671.166082961194,230.05185875397612,65.17742505542522,323.57340230697577,12.302325581395351,6.908074414420211e-4,12.302325581395351
CRS3035RES200mN2609800E3490400,35179.77185866937,233.00792449886904,65.09145932454567,327.93931830590435,14.744186046511627,6.707745105685984e-4,14.744186046511627
CRS3035RES200mN2613000E3498200,38360.35878029349,259.8620441520393,69.20898974583022,366.88712703348665,4.583333333333333,1.541980416848706e-4,4.583333333333333
CRS3035RES200mN2613200E3465600,29419.40240269503,171.65716353917256,51.48429756667966,253.52534940698257,66.23932300308886,0.5453115429589621,16.22339111122455
CRS3035RES200mN2613200E3466600,29757.08801709704,176.8696895035596,50.27092549991152,255.4805548371289,66.77144972302351,0.5332344173257286,12.226306384499534
CRS3035RES200mN2613200E3466800,29636.66437383994,177.51853368271645,50.53324598755323,254.83604924118353,66.77134761187553,0.5346244131455399,11.989337043371743
CRS3035RES200mN2621600E3471000,31286.287046841724,204.73153755547358,50.366655165439205,290.73576128210925,58.058781829524186,0.4195885733322229,11.689080133839958
CRS3035RES200mN2621600E3471400,30785.29704373983,198.28157206962868,49.91047388924503,281.53831549879186,59.3231441048035,0.43476009665170867,12.26018261214767
CRS3035RES200mN2626400E3470400,32103.7086224448,198.82893181844776,52.06364157588664,289.29543779179295,53.800749744405316,0.41201455600669296,15.261689196864724
CRS3035RES200mN2630200E3459200,33624.585629061985,215.2322970220196,45.58344650305558,314.98170288097776,65.28769538838579,0.4057013289358813,29.69305717445231
CRS3035RES200mN2630200E3461600,32453.58683815699,208.06388539347606,49.024876585035365,304.168872809989,60.95133113527872,0.4917481366760237,19.373889080261765
CRS3035RES200mN2639200E3490400,37979.97748619882,235.6987127495369,66.727715130426,332.1057010543959,NA,NA,NA
CRS3035RES200mN2608200E3495600,36971.62296842545,243.9052230257024,67.58520083052885,343.5837151857935,29.8,7.159733657907898e-4,29.8
CRS3035RES200mN2614600E3478400,26995.25737774962,187.1248213575354,52.95426752906163,261.7634847435652,4.478260869565218,6.777363605557439e-4,4.478260869565218
CRS3035RES200mN2614600E3487000,33650.15820320859,222.11473796791438,63.857483065953666,312.0659536541886,NA,NA,NA
CRS3035RES200mN2617400E3468800,25106.815092215777,161.29649031662194,46.007085750570035,222.73328138078332,67.5762422314512,0.48995584033249634,16.34872610526936
CRS3035RES200mN2617400E3473400,31225.84508226252,209.74646331211721,51.09501621232136,293.83847724270447,73.76735214780868,0.41403866938873546,26.20059169881372
CRS3035RES200mN2620400E3498000,39584.15033307125,257.22603737799,69.93561780080486,363.12280843780366,12.5,9.251977610214178e-5,12.5
CRS3035RES200mN2627000E3463400,32640.602232208552,210.96893924815774,44.8964264288059,305.5095140531791,43.31154517946321,0.4601270049692675,22.140160889566754
CRS3035RES200mN2627000E3466200,29639.108055443237,190.48822873389932,46.71233011017568,275.4744046962512,51.19882996696666,0.48601051509246723,18.23661900799355
CRS3035RES200mN2631600E3475000,36840.066817004925,234.0382318550071,56.27299966591497,329.51853127871044,27.959731543624162,0.0015555833959742754,27.959731543624162
CRS3035RES200mN2615200E3485000,32276.987483632984,215.59228180832642,61.48038070029707,302.5003871767075,11.68421052631579,8.025117208948709e-4,11.68421052631579
CRS3035RES200mN2617800E3472600,31837.324940606148,209.1081861919941,49.73810632379438,293.37532084571984,68.4936078318456,0.41462220789608784,19.955349841635467
CRS3035RES200mN2623800E3462200,29439.654016925353,186.66613537753153,41.25687829683883,272.8258383616055,36.19220645034318,0.5141993346236069,18.753634775763242
CRS3035RES200mN2627400E3469800,34927.05329511144,217.94863654111026,50.58714012699623,317.59979861496583,49.77871180279448,0.36179438176849094,16.65238839032149
CRS3035RES200mN2627400E3472800,33408.30816818946,212.3612276869947,55.37259431211334,302.76372514265455,82.25333078953226,0.359626753879404,16.52957804699673
CRS3035RES200mN2629600E3462200,33320.275721875725,213.61650496650498,47.91061446061446,311.57045507045507,52.60247484562966,0.4694964194964195,19.651014785111563
CRS3035RES200mN2629600E3462400,32877.927920124625,211.22216239626397,48.127842871021905,308.03399154893333,53.4830131122537,0.47579974951131315,20.226121183792966
CRS3035RES200mN2629600E3466800,29862.143863625166,193.20075626939942,50.99875597378923,274.78724688377594,57.13632098201831,0.48565058875695916,13.977582490045398
CRS3035RES200mN2638800E3490400,37859.391774234195,234.82310507471482,66.89545376474815,330.7750531781374,NA,NA,NA
CRS3035RES200mN2618000E3493400,37594.494495516854,250.2208981197743,68.51663955409263,353.0072005952144,14.310924369747898,0.001500649440724346,14.310924369747898
CRS3035RES200mN2621200E3464000,33043.90902829664,200.5003151849089,42.88381350392246,289.56385412775546,42.33011882211127,0.4745167164736651,16.539735294841204
CRS3035RES200mN2621200E3465200,24470.89555342295,142.27563543302537,44.56597161635556,204.2089658581983,51.48781027823564,0.5910690397254701,24.475448350512934
CRS3035RES200mN2624000E3462800,25233.86709991207,160.67099912068588,38.702805561661904,233.710540778193,35.67123422470417,0.5584881292591779,17.371157962065514
CRS3035RES200mN2624000E3464200,26788.548897006254,169.05015144227644,39.69296865859841,244.86888868667697,40.60663238948067,0.5284100510873946,17.32039410563604
CRS3035RES200mN2626000E3470000,32135.277749096604,199.02305580325705,51.951706012108716,287.9357840146423,57.01155855958189,0.4131506077814805,16.512367942746803
CRS3035RES200mN2627400E3480400,37166.144488664046,230.64450983297732,57.96712462160499,324.94496073159917,NA,NA,NA
CRS3035RES200mN2629400E3467000,30912.673420596497,198.8352280198434,51.29815312892236,282.6818839280378,58.58241395926856,0.47132867132867134,15.6777219812828
CRS3035RES200mN2632400E3483400,34157.04849574434,232.76362022666234,54.58239269946759,327.95996996040196,24.741573033707866,0.001012698557189021,24.741573033707866
CRS3035RES200mN2637600E3484800,38332.50505297082,233.17416882292702,66.47814040911986,328.06956988722504,13,1.2205243372552878e-4,13
CRS3035RES200mN2612200E3488600,34524.217308688894,230.3932458110209,64.42150342603789,324.3427189497323,NA,NA,NA
CRS3035RES200mN2615200E3494200,37993.041084006625,250.5039879842551,70.68277397969752,353.74023720737466,26.37857142857143,0.0036254402320281746,26.37857142857143
CRS3035RES200mN2620800E3497000,38514.52165838824,255.70228666040225,66.09192509061612,361.07563655076797,24.82608695652174,2.573052311272209e-4,24.82608695652174
CRS3035RES200mN2620800E3497800,39609.639188339395,258.9752504154876,69.46049499169025,365.61513497731664,12,8.983515249517137e-5,12
CRS3035RES200mN2621000E3465800,25547.931701407746,147.18687775874793,42.7392957099294,213.94446997229068,56.301532633029105,0.5660080482337051,25.3345272946444
CRS3035RES200mN2623400E3489200,38192.54176168583,240.26291142790942,64.17265643101913,338.0385727003329,NA,NA,NA
CRS3035RES200mN2625800E3460200,36617.83123159483,239.29632973865932,48.5129439046163,348.63285073723307,40.91997343108071,0.4170882114530213,16.935553150138972
CRS3035RES200mN2625800E3460600,36608.18476674908,240.1942913306043,48.06584120293438,349.91833177967817,38.98209058033408,0.4118773558140477,20.6154542547172
CRS3035RES200mN2627000E3493200,37818.363530111776,251.5672361766331,64.21093119129584,355.026722342641,6.6,2.1250371881507927e-4,6.6
CRS3035RES200mN2627000E3496000,38170.18452405792,254.96497725660393,65.76211242331928,360.06623753286317,6.107142857142857,2.9211701372949963e-4,6.107142857142857
CRS3035RES200mN2608600E3467200,34564.94627858141,212.45618292113863,47.84203219785358,298.3324311712551,89.94882085641319,0.3517148856742883,25.60246774354042
CRS3035RES200mN2618000E3478000,29421.729824967526,206.1587123988837,53.72655838059596,289.53856244453874,15.090189873417721,0.008127885592293941,15.090189873417721
CRS3035RES200mN2618000E3481600,33617.48142192615,228.31126170102772,61.14188250157924,321.67900993510557,12,1.607994027450754e-4,12
CRS3035RES200mN2621000E3468400,22544.987840720903,144.03822340250943,44.69291479553016,206.60948572963133,69.6141427585527,0.6053083085920599,17.082680173518682
CRS3035RES200mN2623600E3497400,41657.36052609502,258.004436566538,71.76622545729157,364.63836214129867,26.956521739130434,4.8246350058734743e-4,26.956521739130434
CRS3035RES200mN2626000E3461200,31049.594073859593,195.95213966001907,46.22808160507679,286.10199428137105,37.36168171418731,0.49041466092390845,19.40430760904328
CRS3035RES200mN2626000E3462400,37319.18788266646,244.74028827142214,46.5199296992158,354.18779670083006,31.904155083765897,0.3882685566370244,16.200757706216645
CRS3035RES200mN2627400E3464600,34117.59539861,225.08741182232131,43.51686446947515,325.76257411092934,45.66338655317474,0.42355503224932534,16.57375089178086
CRS3035RES200mN2629600E3467600,30746.50087759371,198.86619701377703,52.44637060902599,283.0400326993821,66.74830691185795,0.47396071265418,22.913471147748876
CRS3035RES200mN2639000E3489200,37090.12911072457,232.599513507636,67.80271239876056,327.63544327879436,30.000000000000004,5.4356688590530955e-5,30.000000000000004
CRS3035RES200mN2639000E3489600,38391.359814061085,238.78962578550588,66.23123086193547,336.6380215699043,21.499999999999996,1.967608249197583e-4,21.499999999999996
CRS3035RES200mN2614200E3465600,28778.443712323005,170.25140894434318,51.2864853497827,251.1208467685406,61.4205316315763,0.5579980372914622,27.47097884528417
CRS3035RES200mN2614200E3468200,27163.13223915264,167.1119086596986,43.57098882032769,235.16249003064266,79.2921050600674,0.5439141445941597,29.70235639132559
CRS3035RES200mN2617000E3479000,28906.70062732184,201.32646590553432,55.882781988651054,282.57422401241035,25.312796208530806,0.008613768421625593,25.312796208530806
CRS3035RES200mN2622600E3481400,32213.313219864198,215.43418831209456,57.7402173505247,302.2784662906601,NA,NA,NA
CRS3035RES200mN2625600E3489800,38040.40012556641,239.5254825684467,65.7168111089227,337.702124778412,21.084507042253524,0.0017480795745519048,21.084507042253524
CRS3035RES200mN2625800E3458400,36315.61823479986,233.26502013598682,51.31288812249662,338.09139227520245,47.71428571428571,0.4436356095910602,17.373726290929657
CRS3035RES200mN2627000E3497600,38963.7463492635,255.69630319909353,66.96331790793472,361.26827486154207,28.565217391304348,2.4355892537566317e-4,28.565217391304348
CRS3035RES200mN2627200E3458400,40301.20736595478,258.2680614991382,45.900238173615016,375.99052146467045,55.07232650249701,0.3935576941695874,24.316384166892146
CRS3035RES200mN2629200E3459600,33220.110530624035,212.26975394838212,45.04132559707242,310.08043624807397,53.581069368480826,0.4027710901386749,20.30113272960938
CRS3035RES200mN2632000E3472400,35039.60182591777,227.27409078275,56.046855957751596,320.91060700006415,23.8,0.0014966539094738193,23.8
CRS3035RES200mN2609400E3480400,30839.8031742763,201.06295598964462,58.89759355142387,281.91003765591904,28.385964912280702,8.384325723699694e-4,28.385964912280702
CRS3035RES200mN2614600E3492200,36696.94330985436,242.44683170070437,68.27493562582596,342.1818008419733,78.61158590819444,0.3523072521423998,29.474879152326054
CRS3035RES200mN2621000E3466400,24718.710109708958,146.61660129604368,43.01600159163258,212.01118406093667,61.88997536945827,0.5769668030923142,25.3944827586207
CRS3035RES200mN2623600E3478000,30813.67115859084,205.1141432990595,54.68155347101326,287.35411474444953,84.88512075662912,0.3707716006863118,36.49920621516642
CRS3035RES200mN2633200E3463600,29087.256582552647,188.67185094334698,53.45138435844576,265.63780955611804,65.53482880755608,0.43100388820751023,14.392086701177629
CRS3035RES200mN2603600E3489400,37095.30209406097,233.4129919171108,66.13191648722004,328.94753924413925,19,7.802016040944952e-5,19
CRS3035RES200mN2616200E3468400,26252.47162440613,158.5773138343542,47.10384351210577,224.99277373933987,68.85892433631702,0.5611155629328606,19.402509371891988
CRS3035RES200mN2623200E3462000,29291.023031346795,186.24581335869524,41.14802010101919,272.0091508476101,43.62156510615267,0.52243371419024,23.08228492705847
CRS3035RES200mN2623200E3462200,29163.327458457145,186.4909772614235,40.53727060563937,272.41169193883667,41.47769932839676,0.5183961843061737,21.372267460454133
CRS3035RES200mN2623200E3462800,29349.281408352264,188.71256334090512,38.86495594218816,273.3382965976885,35.97175822283451,0.5073388083173161,14.9601613815838
CRS3035RES200mN2626800E3488600,37629.20449739763,247.26537085231024,60.75064045217971,348.90575187052866,17.940397350993376,0.001535052049446978,17.940397350993376
CRS3035RES200mN2628400E3483400,36142.63508779015,239.91050351867372,56.04737336308472,338.4528235210969,19.678321678321677,0.0028876346637319145,19.678321678321677
CRS3035RES200mN2628400E3486000,36656.9539770439,243.30764196536447,58.07242247281514,343.2244462343939,24.386363636363637,8.860249697946033e-4,24.386363636363637
CRS3035RES200mN2612800E3465800,29711.414980658494,172.37418250633146,52.63778420950107,254.50840453065456,68.67949863426347,0.5450839061586843,18.62045796849869
CRS3035RES200mN2618600E3488000,34766.00782584884,231.62591138530632,65.11419217676001,325.9710182733581,24.999999999999996,7.825848778515458e-4,24.999999999999996
CRS3035RES200mN2618600E3488200,34689.783328097124,232.19543931301703,65.48430463922931,326.7740470206311,25.133333333333336,7.85422557335847e-4,25.133333333333336
CRS3035RES200mN2618600E3493400,37805.02624807,250.92579993221446,68.9250718652323,353.9860537514279,15.949640287769784,0.0017448501813891015,15.949640287769784
CRS3035RES200mN2618600E3493600,38092.90171714557,252.75428670044255,69.85860976541795,356.6157686476092,16.216216216216218,0.0018243901236394118,16.216216216216218
CRS3035RES200mN2628000E3470400,30619.607401348403,191.2219413047789,48.49229129486417,280.1508650604799,55.56301661695782,0.43631023200475905,18.32963215452351
CRS3035RES200mN2628000E3471800,29706.917073108725,182.76541939744942,49.60075953868821,263.34988314789354,72.8432031057431,0.4122339074328094,29.672602908553134
CRS3035RES200mN2633200E3477600,38850.124517065364,238.48387372195788,59.171540481120054,336.5673013298037,NA,NA,NA
CRS3035RES200mN2633200E3479800,34242.464370530106,209.10784513292342,52.39419723432248,293.72705559852824,NA,NA,NA
CRS3035RES200mN2638600E3476800,35520.727843046494,231.8327333757742,57.48332658139924,326.9775449968155,19.09210526315789,0.010556166444817397,19.09210526315789
CRS3035RES200mN2638600E3488800,38127.72535616724,238.24604020432946,67.02333615082134,335.90683914593404,17.789473684210527,2.3274901081670406e-4,17.789473684210527
CRS3035RES200mN2605600E3493200,36774.24454541731,226.64877809161243,66.52896148020783,318.6795816447662,1,6.14024315362888e-5,1
CRS3035RES200mN2605800E3488400,35735.43224077373,226.00565978060027,63.982637790687996,318.27141977261,13.547619047619047,6.991493682686065e-4,13.547619047619047
CRS3035RES200mN2613400E3497800,38434.12728859061,256.22406711409394,70.27252348993288,361.65005369127516,11.416666666666666,1.6107382550335572e-4,11.416666666666666
CRS3035RES200mN2616000E3479800,27563.368358999738,193.21219178480976,54.44158830892842,270.68701056737797,22.144927536231883,0.0010043375738697563,22.144927536231883
CRS3035RES200mN2619000E3471000,24791.66449780457,165.69650904980654,45.044256379787555,229.93615140492994,52.66250779787898,0.5110496036633965,15.110534225599743
CRS3035RES200mN2619000E3472800,31451.450565074694,210.64733260420462,52.63634706525699,294.5599708348532,66.86489787802186,0.42779195528010666,13.05207794790218
CRS3035RES200mN2626800E3472600,31093.882089350165,194.28285999187534,53.10201770260137,277.2668439388916,76.64198867679362,0.3979145892577963,28.30545122668072
CRS3035RES200mN2626800E3473400,33865.22773344104,215.64147893726613,55.748145154953924,308.008889786847,82.18588826353783,0.3529986193891637,13.917886101306896
CRS3035RES200mN2628800E3460400,32987.97738274177,211.70253157066267,43.87504290296238,306.9077911779674,55.102490280033464,0.4809629200052075,20.863206850730872
CRS3035RES200mN2628800E3461600,33189.13536768855,208.3627162873801,46.9148956178296,305.11286909911604,55.88509423748831,0.4777365055482415,24.944894444171023
CRS3035RES200mN2628800E3462200,33762.39022484889,212.8658718837041,46.20927020356406,311.65189185517204,52.00211567320226,0.460215565065779,20.72901916406306
CRS3035RES200mN2628800E3462600,33638.855469992275,212.36566943800827,46.60851392485576,310.7318045522693,49.741445053998866,0.46168960974058426,17.354786095598904
CRS3035RES200mN2628800E3462800,32968.43349004425,208.84689574115043,46.8326995759587,305.4999193399705,48.8057516790081,0.4683927912979351,16.05208000196807
CRS3035RES200mN2631200E3459600,34370.67301199355,215.06548578915542,51.05691896795001,312.2449732916751,73.93651986101982,0.4024768191896795,26.611049550818507
CRS3035RES200mN2637600E3477800,35495.92686826868,229.2718572167608,60.02926444998334,322.915827964068,NA,NA,NA
CRS3035RES200mN2615400E3492600,37223.37379001327,250.19207588062682,65.2174384200465,353.47939217572355,78.80187957600262,0.3342668241425075,27.901657378064318
CRS3035RES200mN2615400E3500400,38743.31995269332,253.53390541414018,70.90996603270194,357.37057359352093,NA,NA,NA
CRS3035RES200mN2615400E3500600,38839.70909734421,254.19188412899408,70.6397680401846,358.2984032343687,NA,NA,NA
CRS3035RES200mN2618200E3493600,37879.22901205651,252.2370250745827,68.8857960008876,355.8753544219532,11.776978417266188,0.00171355309549052,11.776978417266188
CRS3035RES200mN2621200E3489800,37162.64572800039,240.7138680084307,67.72493025182442,339.1091117310949,27,2.1929557388433377e-4,27
CRS3035RES200mN2626400E3464200,39360.72772574814,255.54938363026528,47.454571590364594,369.6558173977436,41.75755861152796,0.3541316374090691,21.85298777337699
CRS3035RES200mN2634000E3490000,37742.158103483445,243.07898374997168,61.67731115291345,342.74880447838996,NA,NA,NA
CRS3035RES200mN2634200E3466200,30044.51771851968,198.13992852374034,52.455576064616636,274.8990954194976,68.0039588767838,0.4265666522666876,13.414779806659494
CRS3035RES200mN2639800E3475800,32353.997862023672,206.66913069603007,56.322834425611,290.51484705783713,16.52,0.012576331344409821,16.52
CRS3035RES200mN2639800E3476600,32845.078669382216,211.73245078071963,56.17929395790903,297.7413170400543,10.377866400797608,0.01361846571622539,10.377866400797608
CRS3035RES200mN2614200E3483000,31323.26279537534,206.30989624784735,60.212019042933555,288.7382898982738,26.866666666666664,2.1705471225780352e-4,26.866666666666664
CRS3035RES200mN2622600E3464800,30759.7379229206,193.60654568790332,40.52566342234423,279.1797568540768,49.97675219562597,0.4830712919058315,26.355583163177446
CRS3035RES200mN2622600E3468200,30253.01652944109,185.99172904191556,52.09180389221542,270.4920658682635,59.35496259209748,0.4385354291417152,19.66395471225786
CRS3035RES200mN2622600E3473200,32550.069673350343,209.95241268519064,51.846920925804554,296.67799131314314,68.41134348715616,0.41877789016481193,26.392359058877044
CRS3035RES200mN2626800E3462200,32208.022592883754,207.3778810768933,44.28862608378622,301.11410374725136,39.631995867057,0.46312563375146687,21.356006297817896
CRS3035RES200mN2611600E3477200,29512.6612297901,190.75097392867792,56.8283174222641,267.07400430954493,10.653846153846153,0.0014840817957389705,10.653846153846153
CRS3035RES200mN2611600E3477400,29408.760100794396,191.72576236439738,56.17577802454372,268.4177557586629,10.48076923076923,0.0014805956550212123,10.48076923076923
CRS3035RES200mN2611600E3480400,30686.462788072753,200.15039076452686,58.235044505722165,280.62272292151846,NA,NA,NA
CRS3035RES200mN2615600E3491800,37291.03623160215,244.3984827854503,68.77857744926409,345.1120145237632,72.76531838205847,0.3885625364715036,20.709651581898278
CRS3035RES200mN2618400E3472000,31764.189827856026,207.13883471770797,50.20953412784399,289.6989888046226,66.22168522194413,0.41845431563741425,28.897180748540055
CRS3035RES200mN2618400E3478000,30162.08343330513,208.56492694692446,54.38248999229691,292.9492480016164,14.628571428571428,0.005303766937327154,14.628571428571428
CRS3035RES200mN2621400E3472800,31463.854083244478,206.38064974345758,51.550334912996014,288.641159398993,71.58907260963338,0.42583544567307013,20.83733716750541
CRS3035RES200mN2624400E3473600,32143.20882522763,208.61120597521023,53.40644693684524,293.46239082097696,78.49740018570094,0.3969141186442766,29.629597647787033
CRS3035RES200mN2630400E3475400,36806.47166232875,237.33434215039443,57.1597260052862,334.3868611665961,18.33783783783784,7.465246252244618e-4,18.33783783783784
CRS3035RES200mN2634000E3484800,37967.63955682132,232.07354266556112,64.51974957040028,326.85219366235265,11.526905829596412,0.005359481836643955,11.526905829596412
CRS3035RES200mN2610000E3467800,31735.626291376702,190.10093822475227,47.72431741513808,265.9404517183208,16,9.224119755429036e-5,16
CRS3035RES200mN2615000E3466600,29843.670460221674,180.58085942246163,51.887921374859935,259.0126496834204,64.35782121501433,0.5373347913544746,33.200444701271294
CRS3035RES200mN2615000E3468000,26000.831209690037,162.64943441017076,44.315142934774876,229.87292462139078,71.93549294334218,0.559326154418179,24.037701984045807
CRS3035RES200mN2618200E3472200,31308.657181733546,208.95727005800768,49.97307297510205,292.71431811128883,61.912013392350474,0.4206631496025399,21.990750198615363
CRS3035RES200mN2618200E3472600,32730.114151097427,215.9757772957339,53.09207426585497,302.7367457374105,68.21180535560035,0.40503347094908215,19.328416354736547
CRS3035RES200mN2621200E3468000,23163.50670832298,148.2466823364521,45.527862534125504,211.33198534242396,68.72635126823631,0.5934128501978182,31.6691785371614
CRS3035RES200mN2624000E3491400,38583.31915967596,245.0092781770542,67.27007667716258,345.52419296685275,NA,NA,NA
CRS3035RES200mN2626200E3459400,36263.600847331014,233.44094294922417,50.60741041128637,339.97760015367214,41.96255750448965,0.4337929268136512,14.108597997490723
CRS3035RES200mN2627600E3461400,32529.060602512614,205.43955555035183,42.56893301642684,299.30355114800545,47.133435016851585,0.4759334496364552,20.225912076557858
CRS3035RES200mN2630000E3462400,33971.50180592897,215.01307423349016,49.895302276740004,312.39901222031256,59.18775369627794,0.46906841759078693,25.79494698516571
CRS3035RES200mN2630000E3464400,28001.042600722132,181.20513286749616,47.61963269865184,259.286671688703,62.936625493948355,0.5225991635711874,32.391987474215284
CRS3035RES200mN2630000E3465800,29192.15330720048,185.9154544389015,49.25505619440773,264.55459908578234,58.365402641670194,0.458476044122051,14.27281636131231
CRS3035RES200mN2630000E3466000,28814.90750383253,184.53270867473702,49.096896970978484,262.8578791563144,55.604487998863796,0.4652561188349104,14.474563272262447
CRS3035RES200mN2634200E3466400,29933.197036686142,197.49859203115955,52.455958208326756,273.7071424811832,69.4301845819761,0.4241670614242855,15.798703272840092
CRS3035RES200mN2640400E3469400,30620.23251738678,202.47352280817043,50.819328076228025,283.88390559115055,33.45528455284553,0.003367833086906522,33.45528455284553
CRS3035RES200mN2640400E3470200,31174.38989835505,202.42684026449515,55.97085906333679,283.93852123066785,19.955882352941174,0.0018580250286900901,19.955882352941174
CRS3035RES200mN2605400E3490800,36019.707245443424,223.0780817764988,64.0190041305094,313.96396225700227,NA,NA,NA
CRS3035RES200mN2615600E3484800,32956.01592413654,217.53104312041458,61.93429401158866,305.3071280124413,5.701754385964913,7.845080308848411e-4,5.701754385964913
CRS3035RES200mN2615600E3485000,32151.736935543875,213.8028663058725,61.17939466827002,299.79454800561217,8.999999999999998,8.160810926896319e-4,8.999999999999998
CRS3035RES200mN2615600E3490000,35596.11470953818,235.9753179167065,65.95366816462007,332.88925161519444,82.46168420340359,0.4037234841758752,31.732631863856277
CRS3035RES200mN2618400E3488600,35605.015874461635,232.90427179160216,65.57639909957972,327.9079541462272,25.41176470588235,8.848060583191287e-4,25.41176470588235
CRS3035RES200mN2618400E3501200,39353.88570362068,257.3362821948489,70.86737588652483,363.4285181037696,18,7.465472191116082e-5,18
CRS3035RES200mN2624400E3471400,30838.536608098748,196.5725045657787,50.67462686567164,278.05453743938534,65.06161581728311,0.4433780464764784,19.558635872961766
CRS3035RES200mN2626400E3474000,33549.62486461304,213.6873697082632,56.21278751528565,303.75006114249135,82.24417310566307,0.36626099109066546,19.02441731056633
CRS3035RES200mN2639800E3489400,37939.53778283403,237.91305776766526,65.98189862217166,335.31080773606374,NA,NA,NA
CRS3035RES200mN2611400E3497200,38585.24916620342,256.58349082823736,69.63465814341282,362.3328793774315,27.25,1.667593107281818e-4,27.25
CRS3035RES200mN2611600E3468200,30022.1667393804,189.3716336810375,44.916603868374644,265.5032192387523,73.22927252764086,0.5177620010840959,15.375750070219341
CRS3035RES200mN2611600E3476000,29396.2134390134,188.93076359950444,56.04020723054398,264.4001717535759,15.375,0.0014641288433382138,15.375
CRS3035RES200mN2617800E3494000,37983.4586532633,249.28686350777943,67.43398918973517,351.6362775308142,11.652694610778443,0.002109011921600322,11.652694610778443
CRS3035RES200mN2617800E3498800,39596.50988030917,258.97241108946776,71.85035588714523,365.5998750413461,9.275362318840578,0.0016906170752324587,9.275362318840578
CRS3035RES200mN2618000E3464600,27107.481814810588,165.5260868324966,48.46294500228206,241.0227493153811,55.560161381583804,0.5797723642172524,21.148948313611662
CRS3035RES200mN2623800E3472400,31401.317687167186,203.15321713996207,50.766295687834265,285.7553269019356,61.2552127720015,0.43482342478105557,12.764413953752621
CRS3035RES200mN2626000E3466000,26804.943581000713,160.5956968783866,47.64723918272408,231.05067004995638,50.6710662398424,0.5367007638833823,20.26455060329968
CRS3035RES200mN2626000E3469600,31077.24401838449,192.83344853930953,49.71806065897824,279.50871320988153,57.581506304668764,0.4270139823674225,19.712069748949208
CRS3035RES200mN2627600E3464800,29304.607832891827,191.7953921306535,43.99702286922497,278.86035433932,48.716151632678596,0.48563686295477193,18.91259101714
CRS3035RES200mN2633800E3491600,37967.368136371064,242.33116350949487,63.53296883414892,341.57654482871664,NA,NA,NA
CRS3035RES200mN2608800E3467200,34571.3446574701,212.06351414542843,48.02954173486086,297.9247720364742,92.09074447367522,0.342167407061024,28.308268133520112
CRS3035RES200mN2615800E3465600,28563.404448491874,170.22232800728537,49.776802715456576,248.98777492618044,54.184688661710034,0.5938681458178106,18.01677741635686
CRS3035RES200mN2618600E3477800,30179.80192295606,208.50211776534917,53.94011185822911,292.829648714887,15.43523316062176,0.004851379375353482,15.43523316062176
CRS3035RES200mN2618600E3478200,29774.687298316567,205.25561473763355,55.21072275572477,288.2010419501573,16.804347826086953,0.004769125098816787,16.804347826086953
CRS3035RES200mN2621600E3497400,38402.639355368505,261.89471361116813,63.1979778279614,369.9579347156641,11.5,8.21186614658181e-5,11.5
CRS3035RES200mN2621600E3498800,40612.563393656266,259.56082865812397,69.88030736318191,366.64908642406516,20.5,8.731908576917199e-5,20.5
CRS3035RES200mN2626400E3462800,37542.2329714378,245.31994984754795,47.651079512533364,355.06132277092297,36.82511254889419,0.3861073908376789,19.422268690496683
CRS3035RES200mN2628000E3468400,34554.63333695416,218.01981316532695,55.094633934390615,314.4140669128829,59.60669667695109,0.42952422333260915,15.13084062515805
CRS3035RES200mN2633800E3485400,37851.88442157304,241.64290834394373,58.64222362494547,340.8244016732831,10.986301369863014,0.004686045640800706,10.986301369863014
CRS3035RES200mN2633800E3486200,36871.891052856365,237.71982613383773,58.87692342251292,335.1382280926402,19.530337078651684,0.004998090617067654,19.530337078651684
CRS3035RES200mN2609600E3477800,30258.73521468492,193.4271890931676,58.727126991233604,270.7800725003976,27.400000000000002,6.499039586372239e-4,27.400000000000002
CRS3035RES200mN2609600E3478600,30633.539508163678,196.11904281970828,58.58332133498435,274.9095660437121,28,6.767068851326059e-4,28
CRS3035RES200mN2614800E3494400,37425.49247078508,248.79927322161512,69.66479307730516,351.2349742490392,24.879432624113477,0.0036861781391336174,24.879432624113477
CRS3035RES200mN2620600E3481400,30431.830415665372,206.3115304784798,56.02837557351985,289.29178501201704,NA,NA,NA
CRS3035RES200mN2623000E3476200,34236.98776211988,225.87603667992718,54.8182860225204,317.19571618007325,68.70911002500569,0.3954779403501674,12.081796999318028
CRS3035RES200mN2625400E3462400,30525.12308732184,197.32845039564614,42.1639221993031,287.4310620098125,30.779231961425864,0.47371487839270937,15.54785603581885
CRS3035RES200mN2629000E3459800,33267.90692967328,212.64271342339754,44.81502107885408,309.5871299223915,51.17457682388166,0.4040073775989269,23.7062727892568
CRS3035RES200mN2634200E3485400,36541.18504698889,234.46869531965189,58.053941620218545,330.4160167792623,8.9438202247191,0.0051566103109030445,8.9438202247191
CRS3035RES200mN2640000E3480600,34289.26709173608,213.2606279522093,59.95223819482037,299.82290402304733,NA,NA,NA
CRS3035RES200mN2640200E3468000,29336.590858192823,193.5937150076082,54.76499468833427,271.2163570587719,19.93506493506494,0.0022108013437078257,19.93506493506494
CRS3035RES200mN2606000E3488000,36161.745905390824,225.74695151851972,64.05266599104253,317.9184510771846,12.452380952380953,6.865212985059989e-4,12.452380952380953
CRS3035RES200mN2613800E3483200,31480.466374608495,206.9424103516309,60.33325113148439,289.7517262388307,25.86666666666667,2.175931298595805e-4,25.86666666666667
CRS3035RES200mN2616200E3465400,28329.625670535454,168.62919563612044,49.57102450850622,247.53846261024648,55.26883867821564,0.6000055732816876,18.51638297378262
CRS3035RES200mN2616200E3468000,25438.88106598394,156.38620097753986,47.00315663912487,221.8020045385779,70.3016719846841,0.5698679157453741,18.501329929802175
CRS3035RES200mN2622000E3484600,35007.300966435905,235.58774106482062,61.31331896739372,331.81105524356764,27,2.8296547821165814e-4,27
CRS3035RES200mN2624800E3473200,32717.787035152964,208.1177991358361,53.66406539874797,295.48905432739986,65.9587453119673,0.4212617745275227,23.055318786225687
CRS3035RES200mN2626600E3470800,32482.726327528722,200.4224393303981,52.466293374844625,291.2020538794856,56.206419542678596,0.40897526748062873,16.697045874165607
CRS3035RES200mN2628600E3494800,38507.95793823691,254.94475055527155,59.0108811720487,360.0097706304466,26.714285714285715,7.47479924824878e-5,26.714285714285715
CRS3035RES200mN2628800E3459800,32939.55878950033,212.1219418130981,45.3725865933907,307.35474968062283,51.270002668010555,0.4065490394581435,14.453618118756106
CRS3035RES200mN2630800E3489800,36479.13541952507,247.52341952506598,57.78224802110818,349.26524538258576,9.409574468085106,0.0019841688654353563,9.409574468085106
CRS3035RES200mN2630800E3491000,36016.03811659192,249.9060694545836,55.848701637292784,352.66488684951446,19.84574468085106,0.0019605798310564177,19.84574468085106
CRS3035RES200mN2610800E3477200,29330.89657340025,193.66255046307327,54.67231480576093,271.23997373824886,16.27884615384615,0.0014527777389749556,16.27884615384615
CRS3035RES200mN2618000E3472600,32216.442027075595,212.36786869533964,53.34027794417156,297.46051275907513,69.08914739842783,0.4160656523301785,24.80899536410492
CRS3035RES200mN2618000E3473200,31468.83014114113,210.67511284121102,50.92384113868133,294.98588589305814,72.6888485058267,0.41396604016908345,21.26291969539634
CRS3035RES200mN2620600E3498000,39593.843494127075,258.45359790169897,70.02842969551828,364.87837837837765,11.5,9.123047097730634e-5,11.5
CRS3035RES200mN2620800E3466400,25531.957426167955,150.84339703701644,43.18918469448567,218.0818770181684,60.719718587031345,0.563382624000443,24.343090130866823
CRS3035RES200mN2620800E3468200,23575.360104889092,152.38020863185648,44.245600962916264,218.49722015246175,66.49106571498892,0.5821917808219178,14.334644351464435
CRS3035RES200mN2623600E3466600,24833.56273086052,145.793752896729,42.88050729624584,211.602112329883,51.63878570198529,0.570904903021025,17.296816649856083
CRS3035RES200mN2627600E3467400,36410.85805294035,232.28894421708364,53.160695925649655,334.7098663387295,60.52593631576357,0.40963248190633633,24.843658644618333
CRS3035RES200mN2629800E3486200,35283.17678581058,241.2141786619224,53.85682247021397,340.24854170036116,19.05681818181818,9.488382123025485e-4,19.05681818181818
CRS3035RES200mN2629800E3493200,36913.45042714278,251.15029725762682,53.81723143855792,354.45097625106854,19,1.055977359845403e-5,19
CRS3035RES200mN2640200E3476600,32396.670841934945,210.3023349885622,55.833286838140936,295.6429866651788,10.666001994017947,0.013990403392289238,10.666001994017947
CRS3035RES200mN2613600E3472200,28746.233581278524,176.49643608237238,51.80351169388425,245.96536295501738,75.06585739841547,0.5523013733433088,17.400452338359276
CRS3035RES200mN2616200E3481400,31757.426909377733,221.36851575691097,61.01906604715365,311.53702904891605,16.246376811594203,8.503925362649281e-4,16.246376811594203
CRS3035RES200mN2619400E3479200,31703.661793254065,215.73433632613444,57.16153846153847,303.24737927687454,25.03734439834025,0.002924047561271536,25.03734439834025
CRS3035RES200mN2622200E3463000,29336.503459204578,186.06660740282663,41.27370875687654,270.01884847782117,48.40832492804251,0.5236990942939229,24.767152943491826
CRS3035RES200mN2624800E3484400,34077.34764333956,226.79489390238066,59.521207548977415,319.18298845619694,NA,NA,NA
CRS3035RES200mN2630400E3459200,33434.33662501845,214.57575384918098,47.38670126420384,313.31637070195285,67.98733722496632,0.41080476167051994,30.22536147283342
CRS3035RES200mN2640200E3484800,39163.940753709816,235.924127038543,68.85888143395873,332.390469660611,30,1.2243498702189164e-4,30
CRS3035RES200mN2610800E3482600,31409.678018808285,205.1829162034674,59.45315927049836,288.01632965778214,NA,NA,NA
CRS3035RES200mN2610800E3497200,38104.85360027994,253.79288311451282,68.30728271287529,358.0282210828988,14.97872340425532,7.150355235733531e-4,14.97872340425532
CRS3035RES200mN2613000E3490000,36040.55318040343,237.56926409894334,68.1980913466154,334.8619242845981,27.178571428571427,3.839245314063986e-4,27.178571428571427
CRS3035RES200mN2619200E3463600,26404.16800178672,159.6662447885644,49.8982281119714,231.72395771292418,59.00851139965244,0.5825491363907078,28.625938043144885
CRS3035RES200mN2619200E3464400,26854.81808094459,165.24848139981506,48.18994238566043,239.2336439291557,44.88494181898694,0.5782630343552173,19.364163940072306
CRS3035RES200mN2619200E3469600,25635.51672235949,165.85379921545837,45.522388493389506,225.85555716983941,69.39674492294402,0.5043585645793988,29.669667290796472
CRS3035RES200mN2622200E3479400,30736.036638712016,205.94252471915928,54.73977584511052,288.7534555055133,91.07883967696375,0.35736656830770824,37.34580089088475
CRS3035RES200mN2627800E3474400,35475.85885766053,225.81524341580177,57.653749919113096,320.25917258040147,85.18960545287722,0.3291128319061285,27.28027919779785
CRS3035RES200mN2630200E3468800,32616.81083408834,213.85408767043612,55.88743107054573,300.7737436103934,NA,NA,NA
CRS3035RES200mN2630200E3469400,34835.98464728552,226.27809777144788,56.97057221849883,318.3551545743969,62.71894680021586,0.3492166554959789,11.681344089246073
CRS3035RES200mN2633600E3470000,32140.03978527818,212.13370228735656,53.04767107669639,296.31262915370195,11.393258426966293,0.0010569820194294656,11.393258426966293
CRS3035RES200mN2633600E3470200,32636.43612257752,214.29545931574953,52.25332913547422,299.3903542526649,14.831858407079647,0.0013176613260570459,14.831858407079647
CRS3035RES200mN2633600E3473200,34586.20922216299,218.62852533599448,56.287841507857195,307.1741835147743,15.96048632218845,0.0038183886167916206,15.96048632218845
CRS3035RES200mN2639400E3488800,37965.92620767411,238.0695922589925,66.09495372492667,335.60104320245847,26.250000000000004,1.9823324619330245e-4,26.250000000000004
CRS3035RES200mN2639600E3468000,28976.797058318527,192.32465804383878,54.25268986436219,269.40950323356043,21.441558441558442,0.0022033995307045146,21.441558441558442
CRS3035RES200mN2611600E3482400,31487.75750432655,204.1604553321,59.289162737960254,286.3984454257922,16.318181818181817,3.282210419526168e-4,16.318181818181817
CRS3035RES200mN2611600E3486800,33221.55250290324,219.08433164232017,63.14267159709064,307.7008893099444,20.583333333333332,7.334515005195281e-4,20.583333333333332
CRS3035RES200mN2611600E3491000,36587.778019453166,235.7766868346483,66.43195220954283,332.228720226698,NA,NA,NA
CRS3035RES200mN2615400E3477600,29096.26771489017,203.85410191448796,54.09227675190012,286.1153002324549,75.58561570963917,0.42961057277927234,30.203979086238853
CRS3035RES200mN2618600E3493800,38306.13998010336,253.63021376750055,69.88151796763157,357.8655642637032,13.945945945945946,0.0017955499478319948,13.945945945945946
CRS3035RES200mN2618600E3494200,38185.39626753865,253.48491040358638,69.75199068742197,357.7879407066172,17.716216216216214,0.0018327946403140561,17.716216216216214
CRS3035RES200mN2618800E3462800,26994.972400978877,164.74111000332346,51.51833892262599,237.22262001873122,61.957379313873524,0.5904861174053585,31.32726342449286
CRS3035RES200mN2621800E3464000,31348.60102779157,195.94177463730333,40.5204285696971,282.9600639945696,40.54756574577484,0.49267334892796893,15.89558414721147
CRS3035RES200mN2626600E3486600,38291.84456984749,245.4849715354915,61.04005931764797,346.4192643019231,6.5555555555555545,8.957362952346835e-5,6.5555555555555545
CRS3035RES200mN2626600E3488400,38317.316834168334,247.50845875041415,60.57258461260429,349.2791237035773,14.189873417721518,0.001586329454523549,14.189873417721518
CRS3035RES200mN2628400E3461800,32664.842196558708,206.75825979650284,43.66020163449673,302.9510465901418,50.76688233412876,0.4732240564390323,21.854340820192352
CRS3035RES200mN2628400E3463000,33418.92660798611,212.9979713509676,47.04547554914399,309.8362429419914,45.30724003050509,0.45812530288857045,13.243469704051746
CRS3035RES200mN2633600E3491200,38358.281542814766,242.08168661285868,62.41296734390947,341.2141432414889,NA,NA,NA
CRS3035RES200mN2611800E3489000,36234.40836868492,241.4675022496465,65.1934181771436,340.4118909885589,NA,NA,NA
CRS3035RES200mN2611800E3494400,36897.527560829076,245.99241513968184,67.9938570141184,347.04732652448234,22.07692307692308,3.905076599579459e-4,22.07692307692308
CRS3035RES200mN2615000E3503400,37987.21294698097,247.6641666793956,71.57477813249415,349.5321765164131,8.206896551724137,4.4297126796706744e-4,8.206896551724137
CRS3035RES200mN2617600E3478800,29179.024081638083,203.67910219395696,55.916845172363324,286.1525392158167,18.772994129158512,0.0067987387075744065,18.772994129158512
CRS3035RES200mN2617600E3493800,38078.75888860631,248.93532553407934,66.95626907426247,351.2714013224822,15.593939393939394,0.0020981688708036623,15.593939393939394
CRS3035RES200mN2620400E3466400,25060.511911827045,153.9924120389996,44.593146813621594,217.4675427441006,78.02553588070829,0.45485375158965663,30.56416278347313
CRS3035RES200mN2623200E3460600,30207.00527875173,190.09528923160522,44.38762598491416,279.294161027804,45.2385790548353,0.5259215173823601,14.750138994809209
CRS3035RES200mN2625400E3492800,41182.163440637596,248.680962403249,70.94748645757865,350.75339566872515,23.6,2.300198967210665e-4,23.6
CRS3035RES200mN2628800E3483200,35943.12435038189,238.7861218180154,55.3654540461928,336.83902692037793,19.32758620689655,0.0029493425000254253,19.32758620689655
CRS3035RES200mN2634200E3491000,38367.312615868505,241.39018609344615,62.020897378734205,340.2523995024999,20.472868217054266,0.0015136226034308804,20.472868217054266
CRS3035RES200mN2640400E3480000,33634.55524050337,212.52462035399523,59.935032666364606,298.7457577573481,NA,NA,NA
CRS3035RES200mN2612800E3466400,30090.117225012476,174.60573155251421,52.352351123130454,255.3590153982013,73.12054745550641,0.5403581875379445,20.701736332763055
CRS3035RES200mN2615600E3466000,30253.266746570782,176.02895192435744,50.58182181382341,258.1091490211746,55.8575740155217,0.5559728326008789,20.185002874389212
CRS3035RES200mN2618600E3463200,26764.044353280427,165.50619816284618,51.28150361187904,238.14945450221393,57.663534158281934,0.6041945361039255,25.650075032596146
CRS3035RES200mN2618600E3463400,27009.550379055006,165.7900505406676,50.650387870239776,239.51501527973673,56.67440773450761,0.5972173248707099,25.12795394720654
CRS3035RES200mN2621600E3463600,30562.971268439487,190.02860504541854,42.36337643278252,275.09798588092434,39.24777977318024,0.5142708939551118,16.127648896651824
CRS3035RES200mN2621600E3464800,31173.765432964938,195.29310647254894,40.08821844120921,281.12772028299105,45.71563876110112,0.4753435069870786,18.644628404142797
CRS3035RES200mN2624400E3491000,38619.11321890269,243.5840655769279,67.04305592334937,343.4888297744292,NA,NA,NA
CRS3035RES200mN2624600E3458600,34948.21434410665,220.53560695904474,51.0689802074817,322.2555295851515,52.481682381006486,0.4054299892920054,30.216074065659456
CRS3035RES200mN2627600E3468800,37475.31582391321,241.16842424702222,51.15706319702602,347.3965935816706,57.624442487429334,0.33382330627418255,24.67656884747592
CRS3035RES200mN2633200E3487000,38747.576354353856,239.7706447308937,65.73104786688567,338.06110994718046,27.981012658227847,0.0017422179095590415,27.981012658227847
CRS3035RES200mN2633400E3463600,29325.427922150346,185.72102944456836,52.19423377202766,262.05393988400624,67.15903378088407,0.4548014722284185,16.98180062534485
CRS3035RES200mN2633400E3463800,29467.408937710767,185.9880996962517,51.66267215911461,262.82002524306915,66.5461321698027,0.4577455998002762,13.530118474078106
CRS3035RES200mN2604800E3491800,36412.9902019003,221.80671021377825,63.97488123515477,312.0653998416481,16,1.5835312747426844e-4,16
CRS3035RES200mN2614000E3472600,27319.415109921403,175.21675304704408,51.266872650643585,244.09304875270533,75.03117812420138,0.5571534343319284,17.441794019933532
CRS3035RES200mN2614000E3479400,28627.225372576097,194.16019333678577,55.06165487082111,272.0981356809943,12.521739130434783,6.617181656021635e-4,12.521739130434783
CRS3035RES200mN2614000E3479600,28734.98210416837,194.35150359649873,55.2717739838808,272.3878730103709,14.782608695652172,6.64413438483981e-4,14.782608695652172
CRS3035RES200mN2614000E3483000,31405.968842366292,206.78772149891103,60.046239024179144,289.5641247458797,23.866666666666664,2.1627233011808453e-4,23.866666666666664
CRS3035RES200mN2620000E3480200,31740.55571921868,217.80306908458724,57.843503247772325,306.25419554246287,3,3.622051046772755e-4,3
CRS3035RES200mN2620000E3488400,36620.82995589277,248.79444393037423,64.31833276785612,351.011679672641,9.216666666666667,6.168841183183739e-4,9.216666666666667
CRS3035RES200mN2623400E3464200,30450.929054094733,192.79849676587887,41.535924645571505,278.58381614290295,46.37166965977014,0.48962310740655957,25.099628527147022
CRS3035RES200mN2623400E3466400,24746.884606101907,144.02231781592062,44.17116004372702,208.7920837060068,52.14398878201186,0.5770972642219289,20.685291151073823
CRS3035RES200mN2625800E3465800,27403.667977767174,163.73495995770088,46.333221567388414,236.8011683839934,48.293077947049255,0.5231419986330165,20.157577774490946
CRS3035RES200mN2627400E3468200,37252.07188727243,236.82380455861,54.260137011664476,341.8005437589531,60.84342241252037,0.39600853643087575,21.710047246419627
CRS3035RES200mN2627400E3469200,34825.740237464306,218.3062180316756,49.95667714303322,315.2750046219264,51.46271836386877,0.3615887101744007,18.3372134639966
CRS3035RES200mN2612000E3487600,33352.354255204926,221.36378281348297,63.614032126912036,311.08269534665993,14.755102040816327,7.517758787339477e-4,14.755102040816327
CRS3035RES200mN2618200E3467800,24775.722834340846,152.70248056936958,45.94760430005062,211.29340996396772,72.41190382341348,0.49106637682022575,30.385700858069796
CRS3035RES200mN2618200E3468400,23773.1462088998,152.55328801581123,45.00660298257172,211.740926513745,67.59540504251828,0.501811702701084,13.480274503953456
CRS3035RES200mN2621200E3476200,33016.06107538785,222.5289589527303,52.56331097743696,312.4574892253798,85.39332266178815,0.3527506971813147,29.057028519159733
CRS3035RES200mN2621200E3476400,33207.04867783605,222.43932614150177,53.17698613664503,312.65516204747576,83.92818284242712,0.35918692982760503,27.39053597295994
CRS3035RES200mN2624000E3471600,31975.40558693144,201.99240906054533,52.02246918078581,286.4250197364426,64.07922845292882,0.42754600109309526,17.842247599568193
CRS3035RES200mN2630200E3480400,31488.790138371736,213.91362668294147,52.82996848961893,300.3361397915092,19.518072289156628,0.001033739771580877,19.518072289156628
CRS3035RES200mN2630200E3489400,37400.77245296808,247.36457352924893,57.819900122908614,349.02604333912814,10.48936170212766,0.0020816954745269127,10.48936170212766
CRS3035RES200mN2640000E3476200,33204.15494332665,211.35872335809967,56.16988448397419,297.23149303107544,11.487777777777778,0.012202397093117849,11.487777777777778
CRS3035RES200mN2640000E3476400,32989.34204760209,210.73525786749198,56.10503683821314,296.30793459505355,11.350947158524427,0.013735586535564625,11.350947158524427
CRS3035RES200mN2611800E3468200,30123.571785662632,188.85854678928044,44.309560458354724,265.4860612279808,74.2280213466793,0.51522805909671,15.931407195567257
CRS3035RES200mN2615600E3468600,25690.702909402815,159.69105951117388,47.8313825842941,225.03825406749323,71.47916772910396,0.5702196955377518,21.954227650568665
CRS3035RES200mN2615600E3477800,26688.44335082796,185.78900309669555,51.79361179361179,259.821656513964,76.5106998264893,0.47760347760347754,30.90663602325652
CRS3035RES200mN2618800E3472000,30611.565134429788,203.9796508765019,50.141803722670716,285.983356312783,59.43429559891114,0.43411463462674776,20.789856510889305
CRS3035RES200mN2621800E3464800,31124.19318670338,195.84965201529042,39.58743769388965,281.63871170134894,42.84968879923245,0.47229484006645983,15.88599719550296
CRS3035RES200mN2625000E3460800,36716.16174202829,235.89891640706665,50.36020409219337,342.84022437721865,40.45696081084405,0.4206969355122486,24.504814386577767
CRS3035RES200mN2626600E3466800,28218.13187007924,171.52523986734514,47.8642819169135,245.3075871496924,51.114188325521944,0.44562162983215614,27.685078824030683
CRS3035RES200mN2626600E3469200,33453.91091646613,202.67251716145205,51.4863154141037,293.90277034857775,52.13279363726743,0.3923174645627181,18.969782701320828
CRS3035RES200mN2609000E3494000,37422.18755128375,241.7238642262682,68.05418892442715,340.5974178207225,NA,NA,NA
CRS3035RES200mN2613200E3491400,35576.90135729009,237.61206613052707,66.43956471045469,335.0155460551884,25.256896551724136,0.00866991539358426,25.256896551724136
CRS3035RES200mN2613200E3497600,38433.24870362983,256.3670256614812,70.9529849754022,361.83087355404865,10.166666666666666,1.5955325089748703e-4,10.166666666666666
CRS3035RES200mN2613200E3497800,38897.97819346184,259.6948983078734,70.15768291293838,366.7018718438738,8.5,1.5187374229557162e-4,8.5
CRS3035RES200mN2615800E3480400,30992.237696137177,216.13738735900208,58.72334740689397,303.9935975801883,18.072463768115945,8.696200138635079e-4,18.072463768115945
CRS3035RES200mN2624600E3472600,32339.44144274121,204.54577697625487,52.51222122031861,292.08019236549444,61.48071132322027,0.42322813345356175,18.21819498892112
CRS3035RES200mN2624600E3473800,32571.43964225399,211.75554815537214,51.86357365428986,299.6921695487738,75.24226110363392,0.3888109226707262,30.64099473877399
CRS3035RES200mN2626200E3462200,31785.914884840153,204.39181849432794,44.2279248309843,297.1442878423284,34.67448153706118,0.4657843474275238,17.38938719279688
CRS3035RES200mN2635000E3475400,34256.0391924559,218.5806826069266,57.71111270673273,307.39438979440416,15.058064516129033,0.001854910126612575,15.058064516129033
CRS3035RES200mN2644400E3481800,37525.04795995646,245.7375869740146,63.78312112462739,346.79779429166547,20.333333333333336,3.904955743834908e-4,20.333333333333336
CRS3035RES200mN2644600E3477000,34291.87650194732,224.44318150429484,57.75479932602258,315.8394193851333,26.09375,4.419523243930052e-4,26.09375
CRS3035RES200mN2645400E3482200,38312.36434180032,250.50171223004992,64.94479355232967,353.6479839500052,15.071428571428571,4.8426708482745103e-4,15.071428571428571
CRS3035RES200mN2609400E3490000,37363.24377747508,235.21685963717417,66.53075660949786,331.1421119435329,12.744186046511627,6.655934617051575e-4,12.744186046511627
CRS3035RES200mN2609400E3490400,37172.40231258731,235.6633090175384,66.7462983082415,331.7515287909359,13.813953488372093,6.67390966940866e-4,13.813953488372093
CRS3035RES200mN2615600E3480600,28198.08362191895,196.37271192852782,55.6764543258738,275.1338503623081,16.26086956521739,0.0010039868463172605,16.26086956521739
CRS3035RES200mN2618400E3468200,24150.295647433253,154.98180291153415,44.59220840455001,215.78005834855898,68.36449460956578,0.49475452348676846,14.503016856274934
CRS3035RES200mN2618400E3469000,24662.877450486118,162.21220021606047,44.90677709758728,226.13555635577933,67.1869312029966,0.4922290241267549,15.848280806484656
CRS3035RES200mN2624200E3482800,33147.367083986006,224.2804715747818,57.738195908464554,315.53600998739796,1,4.711036781419671e-5,1
CRS3035RES200mN2624400E3462400,25887.724591813763,165.22198975065217,37.538964736416965,240.6268125057934,33.5396210854276,0.578028788219871,13.154566905683721
CRS3035RES200mN2628400E3460000,33410.54964849036,212.78266285016227,44.680838832532906,306.79705857695484,53.50642256016536,0.48670012096242976,20.267985629214035
CRS3035RES200mN2630600E3462400,32616.393160158776,210.3668155999721,50.56763790194172,304.70407823751754,58.028266378016745,0.4830311096323412,20.493097001156197
CRS3035RES200mN2630600E3464800,28199.562150923477,178.86213597510476,48.788141927242606,254.94795276339573,55.761329305135945,0.4992865587671743,19.51955036607605
CRS3035RES200mN2634600E3473000,33479.93139184369,211.6986123913205,57.323546996836114,297.24014100296444,21.267477203647413,0.004098054358386683,21.267477203647413
CRS3035RES200mN2634600E3473400,33647.309469553795,214.42044526765952,57.21947771833821,301.14023372287056,20.276470588235295,0.004143158305204527,20.276470588235295
CRS3035RES200mN2640800E3490200,38785.8771430808,237.4437384201869,67.35347459617442,334.4999217139422,NA,NA,NA
CRS3035RES200mN2609200E3485800,34667.82488983644,224.60996446339684,61.26658137882013,315.5665955934609,22,1.1371712864250147e-4,22
CRS3035RES200mN2614600E3466200,29867.28759198719,179.0647509114636,50.56421950464813,259.2427654679743,61.75840410029647,0.5354697232648559,27.898854328928202
CRS3035RES200mN2614600E3469800,26707.02045873677,164.11138485477161,48.26622291378509,230.33494698017532,71.53310140445811,0.5590854080221305,17.618010565648756
CRS3035RES200mN2617400E3484200,35092.41646826747,234.97070494070698,63.40542593474367,330.7986418157495,23.48148148148148,3.061016257397456e-4,23.48148148148148
CRS3035RES200mN2623000E3460600,30023.096999039502,190.1214791931679,45.026388203836916,278.77412320552446,47.162316416147945,0.5276212974741049,16.60908509434427
CRS3035RES200mN2623000E3461000,29851.9069425643,188.97382840198543,42.866640881841036,276.97528524463354,45.12145440232232,0.5240636885193064,17.57833649044256
CRS3035RES200mN2625200E3489200,38082.75249609695,238.8537438429607,64.25148555591869,336.7831875007566,20.08450704225352,0.0017185249730724092,20.08450704225352
CRS3035RES200mN2634800E3475000,34316.32458506591,219.85362750756835,56.82896116287562,309.2104178200794,13.798029556650246,0.002391245450154901,13.798029556650246
CRS3035RES200mN2634800E3486200,38892.230331556246,236.1545951821998,66.72662511130899,332.8630523528119,18.291571753986332,0.005076846572839449,18.291571753986332
CRS3035RES200mN2641000E3475600,34336.42528294639,213.7012002959636,59.17835904743632,300.56056287851754,27.47272727272727,0.0015072209585925305,27.47272727272727
CRS3035RES200mN2641000E3479000,34628.037635784676,215.1969373826992,60.058550873002595,302.91363817323537,NA,NA,NA
CRS3035RES200mN2641000E3489600,40426.13982389144,236.57904544440493,67.54450612180652,333.38234715168693,NA,NA,NA
CRS3035RES200mN2641000E3492000,36717.27108203297,236.4774109298119,63.68029705451712,333.2957618287569,NA,NA,NA
CRS3035RES200mN2614400E3491600,36417.757302293736,240.9371722013009,67.93136597055803,340.00130092434097,79.4773943184387,0.36346456692913387,30.37259061110695
CRS3035RES200mN2626800E3493000,38146.03377859337,250.88618129054285,64.0363285250939,353.9703823830659,4.6,2.1338340730624788e-4,4.6
CRS3035RES200mN2628600E3459600,32865.57746755318,210.77640521111903,46.23205917711426,303.18560317966586,50.29776827553889,0.4188522780244854,20.43062910028116
CRS3035RES200mN2634800E3466600,30406.94506909831,201.32199940754478,52.103383434437106,280.16493437914556,68.64589130031534,0.4165990494957691,12.818979162802199
CRS3035RES200mN2634800E3474600,33800.36198088827,216.87518480677926,56.5458140513252,304.69464511088404,17.943037974683545,0.0037983051866097724,17.943037974683545
CRS3035RES200mN2641200E3479600,36494.39502644499,236.1521950525342,61.53342978440813,332.93816853639447,NA,NA,NA
CRS3035RES200mN2641200E3489600,39443.235971837064,236.2289844250059,67.40660337102629,332.70946234265136,NA,NA,NA
CRS3035RES200mN2615000E3503800,37817.10893109171,246.95250659630614,69.98423022642204,348.55465729888994,7.777777777777777,4.1418666012149526e-4,7.777777777777777
CRS3035RES200mN2617800E3479200,28810.365820178507,200.12403568977328,56.167261496225116,280.9431297186003,20.781163434903046,0.004955387783115995,20.781163434903046
CRS3035RES200mN2617800E3492800,37279.20742233199,247.82758351748342,68.05941765241128,349.6828675419212,24.176470588235293,0.0015468607825295723,24.176470588235293
CRS3035RES200mN2617800E3493800,37290.21387341778,254.69552742616034,65.46251476793272,359.5278537271451,14.192857142857147,0.0015752461322081593,14.192857142857147
CRS3035RES200mN2620600E3472800,31592.431905827463,210.45757950866502,52.05571557798515,296.74301323557415,68.32711947297258,0.413742620453247,22.01646385316876
CRS3035RES200mN2623200E3468000,30274.498896761383,188.27810193924833,50.77614062614921,272.82297923459754,58.244532460823145,0.4982838510382701,14.807864892125268
CRS3035RES200mN2629000E3474800,34587.14477045002,223.8412033095376,57.1771235837318,317.0777173794399,82.05341982256985,0.34327722837120966,20.12981016884479
CRS3035RES200mN2629000E3475400,32538.847308606968,210.5214716912101,55.925272111954634,297.8858387450837,80.77101485613991,0.364790085063569,15.001974550241332
CRS3035RES200mN2631400E3486600,35651.89373759142,245.81833328344956,56.56929354603778,346.89247054363307,30,5.9860524976803964e-5,30
CRS3035RES200mN2631400E3488800,36484.62434506756,247.59795333606246,58.05209783053636,349.40995702005733,16.617021276595747,0.0019238641015145328,16.617021276595747
CRS3035RES200mN2635400E3489800,38444.868301998176,243.08429763339177,61.93600381931,342.82560756587196,19.472868217054263,0.0014663423284152106,19.472868217054263
CRS3035RES200mN2643000E3475200,34311.285697902706,213.16688886021822,60.22615003082031,299.5581502028401,NA,NA,NA
CRS3035RES200mN2606200E3487000,36216.07752140156,225.9175692675891,63.711991040471304,318.1006566229932,17.789473684210527,5.829830321254322e-4,17.789473684210527
CRS3035RES200mN2606200E3487200,35994.35874488483,225.50249898478745,63.93858744884885,317.4776340861514,16.526315789473685,5.935088870146501e-4,16.526315789473685
CRS3035RES200mN2613000E3465800,29827.4658647413,173.09879571810882,53.107298171275644,254.08517785459412,65.6980062798356,0.546010816235504,13.751216399050348
CRS3035RES200mN2613000E3467200,30383.320109511806,183.2923992929571,50.19021038501919,261.723721808009,70.23393664003278,0.5206198583256908,16.172843540193515
CRS3035RES200mN2616000E3465200,28497.988157547654,170.03852614918992,50.88796179316664,249.60458981799,54.50316528811053,0.600896860986547,19.276461346518186
CRS3035RES200mN2616000E3466000,29611.23329704723,174.90489862566366,51.72560892638468,254.54995237447375,58.776222942690865,0.5707987481289988,23.087205587870674
CRS3035RES200mN2619000E3493600,38460.40398799097,254.05200699730486,70.10330480828318,358.4504278757504,18.80405405405405,0.0017493262729894531,18.80405405405405
CRS3035RES200mN2622000E3470600,31570.826818752517,202.81388434842347,49.84505957880274,290.7450074621562,60.716453470232864,0.41760831971193707,22.42663017273167
CRS3035RES200mN2625000E3459600,36634.630290170266,236.36750305023662,49.91343695294694,343.53511219563984,45.05786120199753,0.43126624582250384,15.70100371472854
CRS3035RES200mN2625000E3459800,36832.44509635165,237.02964020319914,50.039905117763134,344.76620555019105,44.94231100396074,0.42664469541122635,16.76555634824965
CRS3035RES200mN2628800E3473000,36464.5372491354,233.03467058799168,54.47353105647966,333.264130232174,82.07014531463648,0.3256736325414748,23.425825940411467
CRS3035RES200mN2628800E3475200,32545.19770246469,212.5748325648706,55.521533784314386,300.9205398310504,80.73855512354196,0.3577783013047039,13.549084409883353
CRS3035RES200mN2628800E3475400,32634.244381485605,212.9202671253668,55.80438913060587,301.5165997728985,69.87882533843882,0.37288497644664803,12.546989477492689
CRS3035RES200mN2642200E3473200,36067.68832501379,214.2587909040485,61.858374930671076,301.3822933998883,NA,NA,NA
CRS3035RES200mN2616000E3485000,33153.809493486995,217.72563296834116,62.300225639889945,305.60579465385786,3.43859649122807,7.890474674344889e-4,3.43859649122807
CRS3035RES200mN2616000E3485200,32523.602867655372,216.79413829906628,62.30818166498142,304.18304123132157,5.894736842105263,8.004718570947075e-4,5.894736842105263
CRS3035RES200mN2626800E3477200,33246.43039877058,215.49211837689413,59.74680497643988,302.6892098037222,82.27202772743172,0.3553679785755449,15.519965658685484
CRS3035RES200mN2628600E3475600,32428.344844053736,212.24669403163236,57.22101947763976,299.5281362638853,80.86027843973417,0.3626274915574142,14.241750282202451
CRS3035RES200mN2628600E3478000,34069.813001362156,222.93467966874957,59.69824212415394,313.7600488659211,7.581818181818181,5.946074509719122e-4,7.581818181818181
CRS3035RES200mN2628600E3478400,34630.183513649514,226.89878181741938,60.04316056527026,319.58761060091416,7.4363636363636365,5.765924434939406e-4,7.4363636363636365
CRS3035RES200mN2631000E3489200,36625.81245807091,250.3729611198446,57.61860800432558,353.42988455107087,9.601063829787234,0.0018824283325489881,9.601063829787234
CRS3035RES200mN2635200E3480000,38083.4085306293,230.09612074980123,63.97561514489026,323.85056281687457,NA,NA,NA
CRS3035RES200mN2615400E3466200,31620.599364090252,184.58618620152464,49.72904881692695,269.57082476728004,56.199381099738154,0.5364371177199188,20.015291597238754
CRS3035RES200mN2622000E3464800,31016.770288211865,194.93034977852452,40.61963788464476,280.6238089083667,44.88304755344535,0.4775998402086687,17.14316465349701
CRS3035RES200mN2625200E3464200,26061.205847522273,167.5164083265349,38.21124240111585,243.11870049211797,42.87045191763635,0.5348693386668072,26.17342616054509
CRS3035RES200mN2626800E3465800,29174.961214777708,189.11988728866626,46.098785222291795,271.81476518472135,50.650472403049726,0.4944145272385723,19.892679652473483
CRS3035RES200mN2626800E3467000,30424.146558997214,194.796516813306,48.94062914306374,281.947173677233,59.235354164073165,0.4840906351693384,24.902987675837153
CRS3035RES200mN2626800E3467400,33395.566773924955,200.64922031457428,51.128293692761204,287.712573974483,59.463113342191946,0.45721293400238516,26.713169939465505
CRS3035RES200mN2631000E3463000,33053.01078488718,215.88865364370145,52.03546613639029,310.35373727921547,58.70191734128674,0.4118025500058499,20.369416276097127
CRS3035RES200mN2631000E3469000,32151.279287368197,205.56851046736904,53.59867208544004,287.2488894664706,26.833333333333336,4.25310713104295e-4,26.833333333333336
CRS3035RES200mN2635000E3486200,39559.37637246124,235.2034305640639,68.47617925639696,331.4647401159229,22.912832929782084,0.004865463456010555,22.912832929782084
CRS3035RES200mN2635000E3486400,39479.41051885957,235.43881707101116,68.51987485980757,331.8132459713122,22.330337078651684,0.005253526946461248,22.330337078651684
CRS3035RES200mN2635000E3492000,38298.469701932525,241.22388421831593,64.1790224551443,340.2096298722568,25.781954887218046,0.001613470660309835,25.781954887218046
CRS3035RES200mN2602200E3489600,35740.06217832269,218.52314184075033,63.96813502876143,307.42370572206954,11,2.0814411141386542e-4,11
CRS3035RES200mN2613600E3486600,32918.15389243,220.77380219150612,63.45985819666261,310.13664685239564,30,2.864713886700566e-5,30
CRS3035RES200mN2613600E3491800,36972.99901777677,241.04841945078425,69.3216711627584,340.13028982499765,21.857812499999998,0.008853842429273015,21.857812499999998
CRS3035RES200mN2613600E3495800,38251.50151860773,253.74542136479226,70.75157400769075,358.27958026461505,28.63636363636364,2.867757283451733e-4,28.63636363636364
CRS3035RES200mN2616000E3492600,37595.180930666895,250.51886437779692,66.04231296312017,353.88426695125946,82.14677713590757,0.31909965193979895,32.68744299179083
CRS3035RES200mN2616000E3501000,39364.47881554924,257.4354422123654,71.2415731802764,363.1593660318284,9.066666666666668,1.956691886250975e-4,9.066666666666668
CRS3035RES200mN2619200E3471000,24475.547117917846,164.2786254016959,45.03225152717068,228.86999507831248,52.77992967730953,0.5104947743261631,15.708396188963892
CRS3035RES200mN2625000E3472200,32121.21952364885,201.23860899720603,51.998241980541174,288.37201377516516,54.18144382596849,0.42399576148733104,13.695030103373847
CRS3035RES200mN2626600E3493600,37973.84631686566,251.47248698096928,64.46647000564444,354.8836008136223,4.4,2.1299027699385519e-4,4.4
CRS3035RES200mN2628400E3465400,27051.91094914069,170.86990667276297,47.201420080148466,248.52407143433473,53.5943460749297,0.5308759850461258,22.185254705271415
CRS3035RES200mN2630600E3472600,34969.390438832554,219.25495693065926,55.78454025457253,311.2100223824918,16.22222222222222,3.0521579887409314e-4,16.22222222222222
CRS3035RES200mN2630600E3475200,36944.41049595958,238.6798942593645,55.7920033644748,336.57532518249343,17.986486486486488,7.409855107292693e-4,17.986486486486488
CRS3035RES200mN2630600E3475400,37287.301748775855,239.3364944538823,56.660147896472466,337.32365344259017,18.06756756756757,7.394823623463575e-4,18.06756756756757
CRS3035RES200mN2630600E3479200,37219.450386446915,242.4892165664769,51.97811109376214,342.06892614567784,27.11111111111111,8.78288703255522e-5,27.11111111111111
CRS3035RES200mN2634600E3466200,30164.23602912495,199.5417891041477,52.29009231569367,277.30486282668056,67.06741263028816,0.4241321024574178,12.107293071735123
CRS3035RES200mN2640800E3467600,30025.21921791602,194.63987384806865,56.31092400503459,272.8230256209954,21.69747899159664,0.0017215687976505686,21.69747899159664
CRS3035RES200mN2613000E3473200,28110.39571440746,179.19161625628365,53.76592542103326,249.4465507937858,90.94855604665855,0.4272954474453997,34.987856834269394
CRS3035RES200mN2613000E3473400,28610.578554732878,181.44083026579142,54.0523045054376,252.86581661931223,88.55248007806148,0.43031897770375244,32.120871686453086
CRS3035RES200mN2615800E3485200,33220.23765683446,218.58503222956838,63.2885754116689,306.8202183605019,7.754385964912281,7.867603417576502e-4,7.754385964912281
CRS3035RES200mN2615800E3488400,34695.16734854556,227.8000759205365,65.14964781306676,320.74823906533385,24.464615384615385,0.004569291548919538,24.464615384615385
CRS3035RES200mN2615800E3492400,36326.9089472618,243.04799783915186,66.73851036531839,343.0424471605105,76.9073177779383,0.37390775879532717,26.140663151051086
CRS3035RES200mN2618800E3494600,37895.53156111355,252.8602950594423,68.41040509542253,356.92146109151014,NA,NA,NA
CRS3035RES200mN2618800E3499200,40392.11578068467,258.2148743329421,71.38303948498893,364.6762908554073,22.788732394366196,0.0017183170173888842,22.788732394366196
CRS3035RES200mN2626400E3459000,31182.78180889116,195.56348068846043,47.25844685120331,287.2063761107718,45.167334989790646,0.506611662948515,15.163986813943763
CRS3035RES200mN2626400E3460000,31354.025235871763,199.40163184750168,45.76063829787234,293.17768604987003,41.88356417132033,0.4891811880234909,14.081802750375163
CRS3035RES200mN2626400E3460200,31296.737610587643,198.66901627946007,45.448859958282384,291.665204152581,42.00784767152943,0.4872929104030305,18.38103766390317
CRS3035RES200mN2627800E3484000,36361.16530266903,242.08102839160486,57.45760061751014,341.4771550999006,21.823529411764707,0.0015140869461954887,21.823529411764707
CRS3035RES200mN2630600E3467400,31436.811408988684,205.04407477480694,52.38002594033723,288.855495662728,60.13242644552993,0.41899594236009474,23.084229808019995
CRS3035RES200mN2630600E3468800,32696.334586423454,213.27275721473217,56.19167736146923,300.0148780792511,NA,NA,NA
CRS3035RES200mN2634400E3490200,37535.528721376235,241.79349548680494,60.860550311215235,340.8883300029858,9.669172932330827,0.0015273662693217574,9.669172932330827
CRS3035RES200mN2611200E3477000,29198.025786589842,191.67570468282213,54.52948652770717,268.45952663390386,14.298076923076923,0.0014686776252612551,14.298076923076923
CRS3035RES200mN2616800E3467600,24798.722761612913,155.06829697502957,48.05019873175764,212.25231348038471,74.56011284034359,0.47860978791832276,25.02315762781703
CRS3035RES200mN2619600E3465200,27135.63108100383,162.3229577545304,47.60761447436117,218.13668324472647,17.8411214953271,0.0015291831018121535,17.8411214953271
CRS3035RES200mN2619600E3466400,26483.518747677932,156.83601497527914,47.621388357006055,218.33224257666225,80.78687427772041,0.46986367923180167,36.77730977434461
CRS3035RES200mN2619600E3471200,29139.229886534482,194.87288778093315,50.11035581655337,270.92259158838874,55.075795383655645,0.4531681679752252,19.261090001701362
CRS3035RES200mN2619600E3472400,31277.471378306236,209.32962873089056,51.95794710021839,293.25362776025236,61.67025923194736,0.42778451832079595,23.313633785240228
CRS3035RES200mN2622800E3468400,30545.021244365624,188.4163772506712,51.54485332151038,274.1996231434272,59.647825221176,0.43292938249710583,16.149412567917395
CRS3035RES200mN2622800E3468800,29842.640868526098,184.86515725509122,51.49598281253974,269.16710737077574,58.74500042670609,0.44688667971828805,13.771413535117903
CRS3035RES200mN2625400E3481200,32767.972799595675,218.39313009255378,56.729849434929775,307.00581318377175,NA,NA,NA
CRS3035RES200mN2627000E3472600,31146.619138674396,195.59190558546268,51.82650476213675,279.9081065939152,74.98498360454782,0.3974252795167223,22.7752168183629
CRS3035RES200mN2629000E3477800,34371.96535419782,226.0269268436502,56.70278324785944,318.32731331809737,6.690909090909092,5.791851391623905e-4,6.690909090909092
CRS3035RES200mN2612400E3468600,29499.399585160292,187.53217633313204,44.15324126342322,262.80226849056106,92.07263657794937,0.3842387166224696,33.784068468345325
CRS3035RES200mN2612400E3479200,29399.932879433487,194.77565062183308,56.28483417779828,272.87507197144214,28,1.4394288346384169e-5,28
CRS3035RES200mN2615200E3501600,37848.275804161676,247.24704212020822,71.3238477626979,348.3482435918966,23.1842105263158,5.801261010946065e-4,23.1842105263158
CRS3035RES200mN2621200E3486000,36204.48719456499,242.6168029989604,62.7057637583611,341.72360421282565,21,5.880314596830935e-4,21
CRS3035RES200mN2624000E3466800,22361.706426390647,135.84890907736988,43.828699084071786,198.4475538014744,49.4550189161303,0.6062402263757539,15.228806564142879
CRS3035RES200mN2626400E3488400,38208.82995641715,247.3514207204759,60.654638604543486,349.03258145363407,11.430379746835444,0.0015903211844873228,11.430379746835444
CRS3035RES200mN2628200E3470200,32737.1236108334,204.3862500440998,53.59926146319647,294.751414156856,70.77518512921267,0.38908423788411467,28.386314039594996
CRS3035RES200mN2630600E3461000,33182.45392499728,211.79509178697194,49.86391083897044,309.5679659232547,63.2184685793022,0.49181359439476263,16.641727769302687
CRS3035RES200mN2630600E3461400,32458.284793704548,207.05856914887138,50.78398362792511,302.8531629533079,62.105211357708775,0.495084723051248,17.133908272230702
CRS3035RES200mN2608800E3494000,36917.427064393174,240.35215616316125,67.65710659027724,338.4095680812364,NA,NA,NA
CRS3035RES200mN2614000E3465600,28989.64027536313,170.01469351130055,51.45220402669508,250.58762828781335,62.7510175368072,0.5580449778475688,25.895055524848004
CRS3035RES200mN2614000E3468400,26119.12501991913,164.07422967158743,44.53273261962359,229.64012226745277,83.62626341160005,0.5589824566486551,33.31871922458919
CRS3035RES200mN2620000E3472400,31792.578322642526,210.47784904981717,51.88546250224807,295.34271326659075,62.52683079017528,0.4227324500929201,25.837503545294684
CRS3035RES200mN2622800E3462000,29573.994153313226,188.11843680737704,40.03106768909371,273.99001350215286,41.85207508179785,0.5177820803505456,18.132084430121274
CRS3035RES200mN2622800E3462800,29258.7998821878,186.91983756955932,38.9018148092445,272.5707625206798,39.216856503235014,0.5094625758259388,17.11435705675415
CRS3035RES200mN2626800E3458400,39040.262160928905,250.15984383714527,51.69079754601236,363.90441616387096,50.957120716376856,0.4121989555341481,19.75913060591898
CRS3035RES200mN2626800E3459000,30958.570062448747,193.71732795054564,47.992115057086984,285.4404339872579,47.74006740633226,0.5128240711537249,19.790253142758743
CRS3035RES200mN2630800E3461800,33194.464741909345,210.85855059339403,51.73316333825842,307.3759830322673,55.87620697489492,0.4195700872217721,17.94994604112235
CRS3035RES200mN2630800E3464000,36004.82669122208,232.96137867528935,51.1340557209242,331.55069918838427,56.76499680133855,0.4351671413581172,17.60839279563017
CRS3035RES200mN2634800E3486600,37432.14854016636,239.7824708312399,59.166035839892814,338.1497236643778,23.474157303370788,0.00496845866130743,23.474157303370788
CRS3035RES200mN2634800E3494800,40708.87036519414,244.77096676186426,64.64663061311296,345.5841040286808,NA,NA,NA
CRS3035RES200mN2610400E3472600,30049.819865703066,181.35627098389574,55.50449553291982,253.12123712513514,NA,NA,NA
CRS3035RES200mN2613200E3473800,28682.250824943483,182.38299844138336,54.02267716977688,254.2436496903829,91.45870359813554,0.4187342909698527,35.902675966600725
CRS3035RES200mN2613200E3489800,34685.72405763135,230.69588798245218,66.39240696503958,324.8109403404396,26.142857142857142,4.2066675680954314e-4,26.142857142857142
CRS3035RES200mN2616200E3490000,35734.43986146088,235.20494743182542,66.97197732997489,331.5155240389878,26.85467128027682,0.003956302705070639,26.85467128027682
CRS3035RES200mN2616200E3492200,37185.343002829766,241.61841943377397,69.1408729887493,340.9523451490752,79.40597814740066,0.3928586075378327,27.85518129306143
CRS3035RES200mN2620000E3490800,37472.63777443244,255.04797074067713,63.622255675560986,359.9385008638371,27.333333333333332,2.7279064833244087e-4,27.333333333333332
CRS3035RES200mN2620000E3495800,39206.60424918127,254.00898546954983,70.91039358721216,358.3979380711973,31,4.729194499946791e-5,31
CRS3035RES200mN2623400E3467200,24792.756268426227,148.87777621788572,44.987870279376665,215.76764003930927,57.69610568525671,0.570672469465113,17.089096902752846
CRS3035RES200mN2623400E3467800,30225.02712654965,186.57322940959864,49.72830489750829,269.98000490978274,58.55285492878053,0.49894439671044555,19.304501955767666
CRS3035RES200mN2627200E3469200,33024.84497014501,200.37128234290589,52.91756610747797,290.28465169178276,51.44402783695498,0.4003980665339778,18.952929981536705
CRS3035RES200mN2627200E3469600,35224.504041380445,217.83638065073424,51.7675949158817,317.43500884373327,49.82517323639668,0.362099461149274,14.815057366806764
CRS3035RES200mN2632200E3469200,32101.885841127092,206.75321415887342,52.910441576891266,288.9573931573337,16.967032967032967,0.0010773055522670782,16.967032967032967
CRS3035RES200mN2632200E3472200,36508.06538248805,233.70646485704515,56.10927927161331,329.82000936010746,25.08571428571429,0.0014891082368958454,25.08571428571429
CRS3035RES200mN2636600E3490800,38679.11935353535,243.73280230880232,62.955763347763344,343.7406406926407,23.02185792349727,0.0021125541125541127,23.02185792349727
CRS3035RES200mN2636600E3491000,38686.468712694565,243.56531565466324,63.10703399357912,343.5019645113061,23.83606557377049,0.002120976808335555,23.83606557377049
CRS3035RES200mN2610200E3487600,36747.74381924766,226.51338101021005,64.18737912112626,318.5234711165085,16.22222222222222,2.6986911347996224e-4,16.22222222222222
CRS3035RES200mN2622400E3463200,29474.16743745116,186.26650354219245,40.44167873019126,270.62675668404665,47.18731088095648,0.5207471271730357,23.101227582474376
CRS3035RES200mN2625000E3462000,36085.584041168084,233.0458180916362,50.3751420836175,337.9441378882758,32.050333341533616,0.4200405067476802,17.20375408989151
CRS3035RES200mN2625000E3462800,30551.16919544583,195.8719909105972,40.115108765119416,284.56530641228966,31.342837462176192,0.48108741449096976,14.602516667076685
CRS3035RES200mN2626600E3473200,33584.45298418636,213.65785864082073,54.92560222184436,305.11965085302955,65.63649851632047,0.374380774244743,10.005662205535028
CRS3035RES200mN2626600E3473800,33578.18488275926,213.4342974292071,55.86691749467087,303.3246048294098,82.20544373429998,0.3663292525247819,15.918601545359156
CRS3035RES200mN2628600E3463400,34129.07505366461,218.47757042099215,47.7860647478863,317.4135782187765,50.5076877659968,0.4451855259122966,19.083768358385196
CRS3035RES200mN2631200E3460000,33725.631280857924,216.49239709920093,48.970007018062276,313.8430293404253,64.96941922220319,0.43120452110959256,16.7874193364171
CRS3035RES200mN2631200E3462400,33003.66995942221,209.1962640040696,52.88790829182884,304.99141123164833,63.16330397126126,0.4808054040625111,19.793865951478764
CRS3035RES200mN2636800E3473400,34870.86717393401,219.62355296160524,57.874493536561836,308.8071941925526,NA,NA,NA
CRS3035RES200mN2636800E3478400,35773.73033668542,228.8766886768242,59.978464266548414,322.52525723885293,NA,NA,NA
CRS3035RES200mN2617200E3472800,32969.55819502312,213.23027770665084,51.04443771968626,299.21576386787495,72.94329064266748,0.4035010125934039,24.762492788738864
CRS3035RES200mN2625600E3462200,36603.53967576378,242.25601272884268,47.17620521378053,351.5434497880143,30.6023764422249,0.39437097979102187,13.92973012866244
CRS3035RES200mN2629000E3462400,33452.877865734554,211.12880527283735,48.47173389077368,309.00487760300655,49.882703141528694,0.46433181407993784,17.990277743609944
CRS3035RES200mN2629000E3462800,33567.55185227016,213.55810932911677,47.6101423085611,311.72533318274225,48.920022632783095,0.4591032301784504,15.315176265098765
CRS3035RES200mN2629000E3466200,28396.76677130873,182.4110322631704,47.671511857968184,260.250006595088,52.44275201558357,0.48753528372068483,12.55302743358043
CRS3035RES200mN2631600E3486800,35498.10995956284,245.81337926214448,57.09737906245322,346.86206380110934,NA,NA,NA
CRS3035RES200mN2636600E3490000,39651.594288999564,240.81271559984685,63.38070141816774,339.4669413568411,15.076923076923077,7.785550019164437e-4,15.076923076923077
CRS3035RES200mN2611400E3475600,29288.10512942894,188.6482958054916,55.36164298949969,264.0100510977596,20.09090909090909,0.0013897467572575664,20.09090909090909
CRS3035RES200mN2611400E3477000,29183.835920458223,191.8663889553457,53.99083834105014,268.70171833879846,13.48076923076923,0.0014636137185639697,13.48076923076923
CRS3035RES200mN2614400E3478200,26865.076856951364,187.7369671008538,52.62909053821721,262.60206311740535,3.760869565217391,6.702217559810007e-4,3.760869565217391
CRS3035RES200mN2614400E3483000,30835.006819896687,205.68882407568634,59.86580764989262,287.87300481745893,35,1.305937663242208e-4,35
CRS3035RES200mN2619800E3474200,33367.55037028597,222.1672325395921,53.93252819870115,311.87484334054915,73.11442728067618,0.3909080551441267,25.032197610026245
CRS3035RES200mN2619800E3474800,33453.564021068865,224.44103278265084,53.7963297806627,315.0841073213465,76.51270125223617,0.3766804056558209,33.55407871198573
CRS3035RES200mN2622800E3473000,31909.677985169415,207.58940084919013,52.04641513542284,293.24101515719695,65.29813046937151,0.42575634775666227,24.316911012615073
CRS3035RES200mN2622800E3474800,32789.273241512106,216.22362713757772,53.52071920046589,302.91298767662124,64.07081983978176,0.41832939191196644,11.594187830236919
CRS3035RES200mN2625400E3463200,31431.21118809632,201.91922989550204,41.70879145842799,292.86715129486595,34.71187483086915,0.46171058609722854,20.005768899603922
CRS3035RES200mN2625400E3463400,31535.338834853883,200.91925271632925,43.30963361659836,290.62869203023973,36.55243671431032,0.4539201125615571,21.19753253462571
CRS3035RES200mN2625400E3464000,26310.641695994636,169.17632878266363,36.884144847945755,246.70116409482927,5,1.0313132485078187e-4,5
CRS3035RES200mN2627000E3460400,31185.60785855092,197.7869556278496,46.74849734541101,289.7409266269184,48.05591773475362,0.49160085624100525,23.00685625722651
CRS3035RES200mN2632000E3484200,35799.19622362099,236.75153983373187,53.83478621834796,333.79398202686025,25.115942028985508,0.001548248123590593,25.115942028985508
CRS3035RES200mN2632200E3464800,29102.824670174232,191.04493297728894,50.05134442006187,267.3663908204003,66.9599350131813,0.4312455384289982,17.168585617068256
CRS3035RES200mN2637000E3479800,36819.86306706552,235.42459590998416,60.89647704947306,331.83404402571927,10,1.3395249151634226e-4,10
CRS3035RES200mN2611200E3477200,29249.14213247764,193.2161904628453,53.634516486134366,270.64313439737674,10.711538461538463,0.0014573378361335725,10.711538461538463
CRS3035RES200mN2611200E3477400,29271.89891108877,192.57494229761684,54.65446538565016,269.6579346086858,10.192307692307692,0.0014726497783945284,10.192307692307692
CRS3035RES200mN2623200E3472200,31178.5050994231,201.45070140531288,53.19933425936342,282.96582447973304,67.8104898283896,0.44043998948830476,18.076352426412114
CRS3035RES200mN2625600E3467000,28194.224759856053,169.8640184110475,49.0462652591557,246.21173954372742,48.846352320734844,0.441127176305786,23.343814681448276
CRS3035RES200mN2625600E3469600,31233.008447640423,194.10986766572023,52.12243640099121,280.19427155719535,59.76651894778703,0.42542751827905106,22.298525651951568
CRS3035RES200mN2627000E3470400,31844.855758690195,196.16633072833787,51.84662352511286,286.95750674823483,59.09873597500355,0.4149722408854627,20.0098878000284
CRS3035RES200mN2627000E3471200,32374.40622813156,201.80815255423374,51.926335432703524,292.44541637508746,59.94346468401487,0.39217401446232797,21.49688921933085
CRS3035RES200mN2627000E3471600,32811.99144720721,202.8724898778339,52.48117335449167,293.3872559887052,66.17861710037175,0.3923433252044853,25.954471375464685
CRS3035RES200mN2629000E3483800,35642.72459562521,237.023717733825,57.59294334562521,334.2183204827355,16.299093655589125,0.003467566208514918,16.299093655589125
CRS3035RES200mN2629000E3492400,37814.53490324378,251.00031211658086,55.84886023634747,354.06238026562164,30,1.0762640721527427e-5,30
CRS3035RES200mN2629000E3494800,38451.29571237998,252.78805552186807,59.98067318611296,356.8372159686006,31,3.307498098188593e-5,31
CRS3035RES200mN2631800E3483000,33449.610732124704,230.02909074091232,52.83575756174268,323.9276431412461,17.999999999999993,2.4280825085561022e-4,17.999999999999993
CRS3035RES200mN2636200E3485400,40021.88820207658,233.18077600340047,68.06056226850428,328.14832716011836,21.058823529411768,2.064484789604708e-4,21.058823529411768
CRS3035RES200mN2608400E3488800,34864.35722486471,219.0496054525911,65.2692763289779,307.46325150802807,NA,NA,NA
CRS3035RES200mN2614400E3472800,27693.031665341314,175.94314438259696,50.78873679427476,245.21408894694957,79.966274145233,0.5498693627172553,22.81825224666871
CRS3035RES200mN2617400E3478600,28766.1194309043,199.06926637447262,55.565682218490146,279.4175371045481,20.118483412322274,0.008642936140580837,20.118483412322274
CRS3035RES200mN2620600E3467400,24892.93395747561,151.2683294794428,44.55707517906492,216.787039648074,67.06162361623616,0.5731487225762788,30.3968142681427
CRS3035RES200mN2620600E3467800,24119.519677674652,148.67803439096338,43.92888697028563,214.17851644003164,68.22457866896298,0.584862220303619,28.78652724812399
CRS3035RES200mN2623200E3475400,33634.527697895304,221.99998854275273,53.393510615139604,311.48697883846427,67.79861347880441,0.4032492753291094,11.49597681554721
CRS3035RES200mN2626000E3458400,36487.186962106614,235.9753371868979,51.428355812459856,342.81342324983945,44.72058353219021,0.4351209591093984,14.812206942360197
CRS3035RES200mN2626000E3459000,32690.56229512154,202.04104801388377,47.18677689934442,293.32197261858886,50.661639892740254,0.48988864249903646,21.627186400649475
CRS3035RES200mN2627600E3462400,33129.367350912966,208.4138697335563,42.71477009782584,303.68200875163234,41.95596447637088,0.4656349515452817,17.286818863932663
CRS3035RES200mN2629800E3466600,29146.29249362885,187.9132494143692,49.418037428887686,267.9287203645069,54.26051797617747,0.47113033181455455,11.657092121079659
CRS3035RES200mN2633000E3469800,32273.67893369979,212.9957492401039,51.65721406361,297.2581317619109,7.912087912087912,0.0010597784946487008,7.912087912087912
CRS3035RES200mN2606600E3489400,34670.03607412219,220.53552472297127,63.51921035478142,309.8574541391176,23.83333333333333,3.352267436446581e-4,23.83333333333333
CRS3035RES200mN2606800E3489600,34613.866380713414,219.58301897631247,63.99525113455733,308.0937517951848,26.285714285714285,1.3404055684276993e-4,26.285714285714285
CRS3035RES200mN2606800E3489800,35353.505513359014,225.30764006791227,64.40305602716494,316.4666070949875,23.285714285714285,1.2510052720936496e-4,23.285714285714285
CRS3035RES200mN2617000E3477600,28588.01023951438,196.41465248537202,53.58985891616987,275.3863126811393,14.709923664122137,0.008954448515338753,14.709923664122137
CRS3035RES200mN2620200E3483000,33789.38684175114,231.61965102718221,59.62821835471427,326.1200659370234,34,6.279716515654436e-4,34
CRS3035RES200mN2620200E3488600,35438.9152093462,239.167440679196,63.75105822025494,336.97964588926783,9.333333333333334,7.256367462448298e-4,9.333333333333334
CRS3035RES200mN2620200E3489200,36868.40350243167,250.34581349964378,64.3091990459178,353.2754964015406,15.724137931034482,5.988827738597995e-4,15.724137931034482
CRS3035RES200mN2623000E3462200,29531.575686204615,187.1307735397464,39.86470693079391,273.1432881804756,42.49263204506876,0.5175052197382493,20.551095967920492
CRS3035RES200mN2625600E3464600,32105.80077290097,205.40189770936334,42.27362421468512,297.40354929942356,44.66609264680558,0.4387940154148406,24.29479938005856
CRS3035RES200mN2625600E3465600,25236.539914947847,150.0134781343935,44.10576110595503,217.9674890221773,47.31770691827006,0.5608316826197172,18.59693481858375
CRS3035RES200mN2627200E3466400,32061.816096671228,207.41129730962152,49.63838349293206,299.90038759689924,53.11259349100465,0.4511627906976744,18.35159692743077
CRS3035RES200mN2629400E3460400,33413.782837950515,213.0241917489695,47.189200615362935,312.1153805503036,55.436682886791345,0.40062006036193676,24.72615055402472
CRS3035RES200mN2629400E3461200,32283.305637444362,204.56016818093917,48.445836555190205,299.9905398221533,62.361804222648665,0.4909868548231195,28.325417097298086
CRS3035RES200mN2629400E3461400,32343.348682148073,204.9262099399548,48.53101111673761,299.9066169910044,61.53198661483187,0.4900286961344611,27.250652034840808
CRS3035RES200mN2629400E3461600,32446.38650453599,205.7994231275582,48.610132369485605,300.45120520860763,59.611411839968504,0.4864159705100893,25.89112248412975
CRS3035RES200mN2632400E3491600,37095.10199217473,249.45999303951658,57.627361027620466,352.02913911475304,NA,NA,NA
CRS3035RES200mN2613400E3466200,29511.52818438356,174.87204081348958,51.607823512239875,254.05376927033376,67.66203762795803,0.5445459221263049,17.09384780333393
CRS3035RES200mN2619600E3482400,33307.52346087587,229.6511129748844,59.59970305558074,323.2394256052226,NA,NA,NA
CRS3035RES200mN2619800E3471600,25812.753105459436,173.77127555169236,48.2316546560862,241.240277037826,53.37364600465044,0.4944340072343887,17.350845006521848
CRS3035RES200mN2622800E3477400,30364.115816767502,202.54779094005795,53.768379175352074,283.3882886776145,80.34693292566405,0.39907977019675633,27.544916873686223
CRS3035RES200mN2622800E3485600,33737.89347869574,228.18102370474094,60.359271854370874,320.9796334266853,10,3.250650130026005e-4,10
CRS3035RES200mN2625400E3459600,35807.88062015504,228.17841552586728,49.80569575017868,332.62369564022214,44.40746389825088,0.44696244983231626,16.079283623213357
CRS3035RES200mN2625400E3460800,36076.311260413306,235.69679982527484,50.41822757953636,342.10796559578165,40.275603335875424,0.42276211375856726,21.16772122315432
CRS3035RES200mN2627200E3466600,32047.5691082037,206.26483751702665,49.927337660107824,298.39070315808755,52.50640912193765,0.45274315213534333,18.205592496144416
CRS3035RES200mN2632400E3464200,28573.32569117586,185.19442642410525,50.65374263274855,259.30678132203343,54.850868576880984,0.4918356361026377,10.268924873010972
CRS3035RES200mN2632400E3477000,38589.40871075651,236.86348430262467,59.353523331617716,334.05962643678134,NA,NA,NA
CRS3035RES200mN2632400E3482200,33695.634737053726,226.60614231146747,52.00703634062984,318.9914736107662,26.263157894736842,2.246898688520713e-4,26.263157894736842
CRS3035RES200mN2638200E3484200,39651.976739399135,233.53191824280228,67.34083258663698,328.6448671687704,5,1.210858983362801e-4,5
CRS3035RES200mN2638200E3489000,38238.244045085834,238.19312281896336,66.78828593314925,335.69312889850727,10.68421052631579,2.3102270102014707e-4,10.68421052631579
CRS3035RES200mN2607800E3495800,37627.175664066526,246.64198824782653,68.23975121129858,347.6604927665716,18,6.872616061303735e-5,18
CRS3035RES200mN2608000E3495600,37385.781739249345,246.85892527517547,67.63049497504608,347.9288302454364,30.3,6.836671908115113e-4,30.3
CRS3035RES200mN2613000E3465400,29538.727353254628,172.58765968637113,51.75690301864334,255.57769442637473,69.68036657902127,0.5421793469986574,20.2105914788247
CRS3035RES200mN2615800E3467200,26122.92622085102,160.24165485422034,43.497929347674976,230.34946774507324,63.43329816098878,0.5531560076711409,28.6298839312632
CRS3035RES200mN2615800E3475800,32083.099704105596,211.22083590186276,53.121329059302255,296.58832449759745,NA,NA,NA
CRS3035RES200mN2618600E3465000,28201.491852307347,169.10796042149985,50.24345249741454,245.21710875702266,48.70068144357795,0.5680884367051457,17.50722526999434
CRS3035RES200mN2618600E3465200,27802.25337947595,166.85089342467688,50.05915672010735,242.01728935659298,50.27014613778706,0.5751112366692563,19.944182733636257
CRS3035RES200mN2618600E3468200,24230.646594201833,155.10093106034978,44.09062026563902,216.15070528189213,67.76987520726067,0.5056407842675805,19.603327806382175
CRS3035RES200mN2618600E3471600,31235.34981975671,203.64947895520368,50.24119391232677,284.62673015169923,61.00672111621561,0.43383899900343353,24.08850036866878
CRS3035RES200mN2621800E3490400,37047.94503403608,244.7549754183607,67.16948331284871,344.8222440200442,NA,NA,NA
CRS3035RES200mN2622000E3463000,29440.654753946623,186.78973620609864,41.25587494215046,270.44360312644625,48.042313464045854,0.5225613205121613,26.235631872862836
CRS3035RES200mN2626800E3461200,31669.6189291343,201.14222917333174,45.26458844299105,294.7285749831167,42.38748800708508,0.48162892925271655,20.934487933282508
CRS3035RES200mN2628800E3470600,31646.56272742405,198.31782291245466,50.865305491473784,293.56938663876144,76.73004198461582,0.38803006159773584,36.7429376972818
CRS3035RES200mN2628800E3471800,35812.71476348738,230.64503250350117,56.93360297652641,330.553750966744,72.89474599860822,0.3604439706527874,18.085151356993734
CRS3035RES200mN2637200E3485400,38578.902165977124,233.34712825504988,66.57113652956924,328.1884278413239,19,1.2168410805548795e-4,19
CRS3035RES200mN2611000E3468600,29595.51886475306,190.49941815360773,44.09177657098521,266.9617274372908,71.2187220789829,0.5065037496767524,12.349398820616258
CRS3035RES200mN2611000E3477200,29455.53585195531,193.754469273743,54.03223463687151,271.4143994413408,12.375,0.001452513966480447,12.375
CRS3035RES200mN2611000E3477400,29328.22166310939,192.58251233267842,56.348580151808555,269.7112527739692,12.586538461538462,0.001470026997611206,12.586538461538462
CRS3035RES200mN2611000E3480200,30536.37658784168,201.12738176250414,57.62071849835547,282.1701684246341,2.6440677966101696,8.36452308041283e-4,2.6440677966101696
CRS3035RES200mN2615000E3485000,31935.894043308497,214.9320127795528,62.3379623713169,301.4821725239617,17.842105263157894,8.093716719914801e-4,17.842105263157894
CRS3035RES200mN2623600E3462200,29464.42572017241,187.116592721803,39.840797340512935,273.39157913364426,38.70579842062536,0.5138093612933399,20.90199020886121
CRS3035RES200mN2623600E3462600,29385.895762311196,188.84916764127703,39.192375643864935,273.90718391519647,35.209230239366285,0.5057481275039192,16.908440552043107
CRS3035RES200mN2625800E3464000,39110.38602813593,251.79664184084783,47.12498331598196,363.4506998389436,39.89384732711752,0.36170061308204976,22.21924032571527
CRS3035RES200mN2625800E3464600,32267.419352767432,207.15224091434442,40.5547493686058,299.959558666153,43.00103323574996,0.43500920337314325,21.49286329306994
CRS3035RES200mN2625800E3465000,22483.278834504483,135.61162769566272,42.121759147080205,196.24671371456265,47.81280068512128,0.6012387933123334,22.825082491624894
CRS3035RES200mN2627200E3495400,38359.886532218174,254.6004923566467,59.3675044613103,359.5326696910405,10.178571428571429,3.01004063554858e-4,10.178571428571429
CRS3035RES200mN2614600E3503800,37771.62441087612,248.1841238670689,69.04787009063426,350.3182024169171,13.629629629629628,4.0785498489425906e-4,13.629629629629628
CRS3035RES200mN2617600E3473600,31183.386247652994,209.69371960907077,51.12582446680487,293.75166096962124,73.68312208138765,0.41496557700640396,25.637221916059925
CRS3035RES200mN2620400E3486200,35409.57488635362,239.8465665705042,63.63957732319256,337.7376300375898,17,6.11941603287e-4,17
CRS3035RES200mN2620400E3488600,35607.32340260621,239.62518771496391,64.31302378530252,337.6461149057792,13.266666666666667,7.266385699752943e-4,13.266666666666667
CRS3035RES200mN2620400E3488800,37135.968949624,251.22327565294736,63.933431713430906,354.6092524460257,12.689655172413794,5.862375677205467e-4,12.689655172413794
CRS3035RES200mN2623400E3461200,29887.66458398013,188.59425126772223,43.880549518782985,275.94274552416437,42.66796231149598,0.5258330746145089,17.121941499175872
CRS3035RES200mN2623400E3461400,29775.5410958022,187.70150927346063,42.781252013868254,274.396174616882,41.10472582351358,0.5239150888679809,17.892454918940214
CRS3035RES200mN2623400E3462400,29426.364099203547,187.60351345901805,39.73361730013106,273.65506855529793,39.89699623606977,0.5122618207480593,20.976292159708706
CRS3035RES200mN2625800E3463000,38104.578849161706,250.08243924301877,47.48336671880288,361.64571156783654,35.266943836256736,0.3718043702951641,18.619176363502167
CRS3035RES200mN2627600E3470000,35158.92691057077,218.93362849955997,50.47246364956323,319.07342685944525,53.553362490060316,0.3600482627456588,17.43437464500739
CRS3035RES200mN2627600E3472800,33479.53482431028,212.7129888347794,55.185931138305044,303.5652749107583,76.45804939043454,0.3648369695379945,29.47603938730853
CRS3035RES200mN2627600E3484000,37246.977545309805,242.14541661310903,58.884671287461614,341.5733114488265,21.799999999999997,0.0012359472794328478,21.799999999999997
CRS3035RES200mN2634000E3473600,34382.70846575117,218.68722807922788,54.530789347155604,307.3335287840231,16.844117647058823,0.0039871940708078755,16.844117647058823
CRS3035RES200mN2639600E3486600,40401.05709142819,235.39251443113415,68.1439761653528,331.6095586866114,NA,NA,NA
CRS3035RES200mN2639600E3491200,38237.065929571625,234.54374173494594,67.23511608567048,330.5495357936495,NA,NA,NA
CRS3035RES200mN2601400E3490200,34124.75249672714,219.87310641481204,60.02693098933982,309.35522723022257,4,2.0572283523471104e-4,4
CRS3035RES200mN2613800E3472600,27680.461784249965,176.3606107733635,51.3615156227909,245.85768415099676,76.31121533651135,0.551647108723314,18.714665026398073
CRS3035RES200mN2623000E3474200,32698.770270430625,214.32944122079434,51.92822137576685,301.14534904417786,68.70947942714253,0.41759519656354943,15.810616049102066
CRS3035RES200mN2625400E3465000,22665.38418513493,135.45187697874266,42.04307251620684,195.67314940449268,46.13355940718412,0.6001809136137495,22.663388595830206
CRS3035RES200mN2625400E3465400,24816.41281646016,145.16944201405548,43.924106008862296,213.38113516412182,49.19411169017216,0.5713499477858373,19.937110677501405
CRS3035RES200mN2629200E3462000,32762.030172208666,204.92446838875415,48.727546263260606,301.1682127396413,56.40408936568076,0.48334998334998397,23.431462526450495
CRS3035RES200mN2631800E3492800,37308.342106972785,248.53996318752735,59.261660892161125,350.64040710264305,27,1.0827197921178004e-5,27
CRS3035RES200mN2636200E3490800,38406.522783031076,241.62963580496805,63.52110378010138,340.7239477883894,21.524590163934423,0.0021794535883571877,21.524590163934423
CRS3035RES200mN2610000E3486400,35467.324547566466,225.06949264347378,62.26983967648493,316.3449393409241,22,2.2944331316144206e-4,22
CRS3035RES200mN2616800E3477000,31018.774816473793,210.07470449172578,53.729637924598876,295.1758865248225,14.010687022900765,0.008149807141968396,14.010687022900765
CRS3035RES200mN2616800E3478800,29534.348297763296,205.8571409786061,55.66277433692333,289.12012308177856,22.027067669172936,0.008744592160111525,22.027067669172936
CRS3035RES200mN2622600E3464000,30322.350677155337,189.49271461603396,41.30566804095964,275.28206853521573,44.90895224974784,0.49730238931232335,24.275920686855763
CRS3035RES200mN2628800E3466600,28579.805164349495,182.69558942906107,49.683039338221086,260.1745544975454,57.69879278511575,0.45362006983726116,21.640377787246123
CRS3035RES200mN2628800E3467600,32196.524891525052,204.5948232090096,54.471946547267166,289.9416197378131,65.88402606020394,0.38259324224519803,27.811971406165185
CRS3035RES200mN2636800E3490400,38653.205413827585,243.07121927397037,62.923269226297066,342.7511569498384,12.363636363636363,8.953280156275436e-4,12.363636363636363
CRS3035RES200mN2636800E3491000,38590.61574360683,242.32905138339984,63.70562883946847,341.7321420067629,16.025974025974026,9.167103195390267e-4,16.025974025974026
CRS3035RES200mN2610600E3477200,29382.35420812197,193.36792690787814,55.16881533589305,270.8367338359351,18.153846153846153,0.0014573582578963594,18.153846153846153
CRS3035RES200mN2614200E3471800,27131.47715793335,175.34329411100765,49.896216033183784,243.5906628290866,72.88926920227847,0.5523434634160106,14.857329689136385
CRS3035RES200mN2617200E3468000,24811.775249830924,154.57304079945905,47.79406416710503,212.880952738749,71.02419506095654,0.48072732737245505,25.068340106283223
CRS3035RES200mN2617200E3468400,25003.685905429793,158.3906192690835,46.38040815128886,218.60330687636625,67.09432299012694,0.49928844940655215,17.339521626704272
CRS3035RES200mN2623400E3475200,33472.01487208597,218.0407149950349,54.20058400718775,305.33952806544687,70.5023605028156,0.4156854400151326,15.54224446846025
CRS3035RES200mN2623400E3478000,30992.090864495756,205.2111366866665,55.06583399368595,287.51365357282174,84.01798476663414,0.3748663572443816,35.85192430292254
CRS3035RES200mN2625800E3468400,32443.726093798457,194.50942464305817,53.47680308756131,284.3903904248843,58.77951995455191,0.40438093706566813,30.43842067888085
CRS3035RES200mN2627400E3466800,32221.64224781039,208.30555460643956,49.650459561963984,300.4057584765549,53.57729072612172,0.4515780002505666,18.344639209059498
CRS3035RES200mN2607600E3478400,32052.863756802268,199.74439442719185,59.75467962050214,279.7733268754101,NA,NA,NA
CRS3035RES200mN2614800E3465400,28916.5957581025,169.91621341258272,51.693184366939555,250.9249747672984,55.4821496482221,0.5897723449590669,18.80953841034417
CRS3035RES200mN2614800E3466000,29085.917741445497,172.0469358446795,50.268828191885994,251.53167720732415,56.80046223026101,0.549683780275622,23.0114552716859
CRS3035RES200mN2618000E3495600,38445.09113157257,254.8780954688636,69.5109522655682,359.93524351829416,NA,NA,NA
CRS3035RES200mN2621000E3492800,38399.28618560857,252.3320509092541,68.61281231127134,355.8170532578789,12.000000000000002,1.0065537835238344e-4,12.000000000000002
CRS3035RES200mN2623800E3475800,34270.54268776914,225.69033051842737,54.58407247916783,316.37926290475923,77.29455277004024,0.36138918405010906,24.21268647477561
CRS3035RES200mN2623800E3478200,30727.267123115555,205.18633165829203,55.11180904522611,287.5584045226132,97.68260694108142,0.31130653266331687,35.66474576271185
CRS3035RES200mN2623800E3482600,33396.174559309475,224.15227489210562,57.71443018921178,315.3472488446207,6.363636363636364,1.29355457036349e-4,6.363636363636364
CRS3035RES200mN2626000E3460200,36581.083926279585,239.03426253914472,48.76387904923251,348.26608142101753,39.84403060345888,0.41736228759176547,16.275007995276635
CRS3035RES200mN2629400E3486000,35064.454151304504,240.44511239174426,54.06507800927687,339.1651547751629,17.775757575757574,0.0017839959346516905,17.775757575757574
CRS3035RES200mN2632800E3464800,29099.38388269378,187.8347408986553,52.675030064502025,262.39174046135344,66.82051989454969,0.44580190226303706,12.94612224878916
CRS3035RES200mN2632800E3465000,29820.761607119555,195.0820654017799,51.88815669285174,273.2610329618707,66.79594275733153,0.42582926638306756,11.817782612692678
CRS3035RES200mN2632800E3465400,30334.560378032307,199.0937173175524,51.53252302119735,279.12624033875045,68.0745128126438,0.4155931943983879,17.359450667485074
CRS3035RES200mN2632800E3465800,32007.507773673664,207.62832390512023,52.61045733989407,290.67238903954916,71.6577943229409,0.3955554464800648,22.121240887234418
CRS3035RES200mN2611800E3482400,30842.113804541943,203.28407606982546,58.38770394608465,285.09304594509405,13.909090909090905,3.302162916710442e-4,13.909090909090905
CRS3035RES200mN2611800E3488000,33838.69619576025,223.5976126064166,63.60123496415844,314.45045623366497,NA,NA,NA
CRS3035RES200mN2611800E3488200,33793.22034113847,221.66639642647038,64.88096714197141,311.61357241642395,NA,NA,NA
CRS3035RES200mN2615400E3503800,37865.03717861207,247.6274251042852,70.62395145999223,349.51414486158495,7.666666666666666,4.0955631399317347e-4,7.666666666666666
CRS3035RES200mN2624200E3461800,29585.78893731573,187.03059864119984,42.368081015254454,273.14089219330856,37.97795763733425,0.5210742212536854,19.985581441117855
CRS3035RES200mN2624200E3463800,27096.79534853589,169.4224280901788,40.411414874319775,245.831070225447,38.51514182390711,0.5266778958279347,18.495448842529967
CRS3035RES200mN2624200E3464400,27478.378879922242,171.3668324999041,37.614840582675754,248.87855379775166,42.198725675908385,0.5198680155005052,19.83375482791703
CRS3035RES200mN2626200E3464600,39282.14431386104,256.0107673695126,45.02544936052541,369.938385758728,43.03306354399862,0.3512703076391289,18.54002312480012
CRS3035RES200mN2630600E3480800,31897.198161003555,217.9488369260751,48.88491048593353,306.1307879673614,19.197530864197535,9.864815491413968e-4,19.197530864197535
CRS3035RES200mN2612200E3471800,28658.439697048074,175.32031272455572,52.9500589232847,243.20388893679362,96.86863595514416,0.3678106406829344,37.969909740944885
CRS3035RES200mN2612200E3483200,31882.365391053652,208.51513122461722,60.75998195024672,292.0584142418382,14.500000000000002,3.202375580430573e-4,14.500000000000002
CRS3035RES200mN2615400E3485000,32408.116563123716,215.88480026986758,60.94404464059821,302.86014674050546,9.614035087719298,8.011694262502459e-4,9.614035087719298
CRS3035RES200mN2615400E3492000,37430.72847306393,245.4782087319803,68.87518374294041,346.66509786729245,72.417238164991,0.3873172241277046,20.29304880484721
CRS3035RES200mN2618400E3465400,29489.110904399782,174.05806626833242,49.467354698533406,251.77797392721348,48.97558639322117,0.5528924497555676,18.610593147488615
CRS3035RES200mN2621400E3478200,34771.809619634456,218.96793866742436,56.74829940371114,308.00111109739396,NA,NA,NA
CRS3035RES200mN2626200E3488000,38257.123753490196,247.44230155564384,61.17854008775431,349.17741324291956,9.838926174496645,0.0014858396489828476,9.838926174496645
CRS3035RES200mN2633200E3464400,29640.51663413062,189.48408437720403,52.21342389241383,265.99273358277884,67.18117719190684,0.44222113768233984,16.929169221336597
CRS3035RES200mN2633200E3464600,29690.97377762357,191.27028397565923,51.67549642361482,269.176030212448,67.15012262415696,0.4353047934237216,16.352544451256897
CRS3035RES200mN2633200E3469600,31937.42880794702,210.5183310305398,52.13610700843299,294.1910286340464,9.802197802197803,0.0010839010910476917,9.802197802197803
CRS3035RES200mN2611400E3486800,33389.10205713576,217.51768634952535,63.768854463921734,305.44926150083194,21.38095238095238,6.585342908212868e-4,21.38095238095238
CRS3035RES200mN2615400E3476400,32392.74420923639,215.14451679561728,52.74231101927051,302.4118530443558,NA,NA,NA
CRS3035RES200mN2618400E3487400,36643.5536440379,245.17162036691187,65.46666524370067,345.7192666033444,20.57142857142857,1.494114257051687e-4,20.57142857142857
CRS3035RES200mN2621200E3497200,37897.109078605405,258.062474078277,64.84992687345832,364.4121717491422,14.000000000000002,8.731527362423856e-5,14.000000000000002
CRS3035RES200mN2621200E3497400,38282.35907757169,259.64370835672594,64.42988040634302,366.7289916634005,10.5,8.474306960583879e-5,10.5
CRS3035RES200mN2624200E3472000,31494.237357809874,202.25251248573497,50.960254254966685,286.06546574552414,61.254786659848875,0.43196348152602065,12.986341685131519
CRS3035RES200mN2624200E3472200,31267.943774251504,200.06759277683906,52.04305541737158,283.82527857924646,62.190188057496684,0.43779225947667044,15.763553207204136
CRS3035RES200mN2627600E3493600,37650.16104468705,249.0738187094384,65.19027748096313,351.41465801342866,15,2.2495416558876094e-4,15
CRS3035RES200mN2638800E3487600,40009.09799649333,233.55817131659015,68.85094889381703,329.02886648445184,29.250000000000004,2.062812645041519e-4,29.250000000000004
CRS3035RES200mN2607400E3490000,36947.13131870887,230.84637652058927,65.8184328095979,324.5006609440618,24.874999999999996,2.6772417716647377e-4,24.874999999999996
CRS3035RES200mN2607400E3496800,37963.303261068846,250.5862425222044,68.23017446801435,353.5817266834416,NA,NA,NA
CRS3035RES200mN2607600E3467800,28716.52953188366,182.10355171248327,48.99942260027044,252.76901194231644,84.58169459866144,0.542840243352862,21.32449540808385
CRS3035RES200mN2618000E3472400,31253.153872599578,205.1905358282992,50.52100830018172,287.4730858012868,66.83481140224589,0.42642797505034136,19.515919953930297
CRS3035RES200mN2620800E3469600,23761.177599834165,150.70598857345811,45.855584500162664,215.38693348331878,78.31732200446548,0.47730973032177715,31.05706400396926
CRS3035RES200mN2620800E3470000,24427.764466166056,161.41690771006398,47.09774725353016,228.42145309984184,70.53984782933016,0.4775509040908508,33.887250484857546
CRS3035RES200mN2626000E3488800,37414.91325382669,239.63571503514845,64.70737593117197,337.81756607094974,6.028169014084507,0.00165541682696231,6.028169014084507
CRS3035RES200mN2626000E3489000,37931.02244552976,239.64258546205932,65.42760377535694,337.83304376408717,9.929577464788732,0.0016669797145003789,9.929577464788732
CRS3035RES200mN2627200E3471800,32464.977764960746,201.8212133339609,53.04365789349774,292.1097038466972,71.90112951115735,0.3845402325909883,28.118699684716397
CRS3035RES200mN2629200E3492200,37961.48774831954,251.3541820280185,55.96735378664012,354.64633090757513,27,1.0686158219258572e-5,27
CRS3035RES200mN2629200E3492400,38030.925661903595,251.9055886966822,56.00801434257846,355.3583083440938,26,1.0671561356142017e-5,26
CRS3035RES200mN2632400E3464000,27806.158721829037,179.82676897329344,51.10485483710837,251.55136369438495,55.87208486515309,0.505382444296311,12.216661521623214
CRS3035RES200mN2638600E3468000,29496.27968969794,192.93131014888408,53.4275010097352,270.4859124524735,13.411764705882351,2.3676550465870998e-4,13.411764705882351
CRS3035RES200mN2611200E3492400,35468.48347252325,237.5792904500826,66.69053614688242,334.69691125844713,NA,NA,NA
CRS3035RES200mN2611200E3497400,38490.8621627006,255.33281623591046,68.54325116702725,360.29873050210665,22,1.565524308322896e-4,22
CRS3035RES200mN2611400E3468400,30153.558332456912,190.33728176272612,44.66706983592766,266.9171487168706,NA,NA,NA
CRS3035RES200mN2614200E3492000,36577.90343987568,240.597141137105,69.11152645358197,339.55025410559034,82.68469753790967,0.3434555560222325,33.686495189955984
CRS3035RES200mN2620600E3468200,23645.653028157707,147.55327192841608,43.812603091654864,212.99350431342782,67.48761998523258,0.5930780796123024,12.460780211666243
CRS3035RES200mN2620600E3468400,23890.1439481163,148.89598484296437,44.599548203745535,214.00399329592653,68.37726836234704,0.5918968155651096,13.430839878856505
CRS3035RES200mN2620600E3468600,23711.368381034357,153.02880711570188,44.48906104296679,220.1288429811348,69.32386867790595,0.5820529373789541,14.749997535245983
CRS3035RES200mN2623200E3492000,39319.01443031756,248.67041434625708,67.6394171832859,350.1668593044013,NA,NA,NA
CRS3035RES200mN2623200E3497000,41210.4657959602,257.3272618628425,72.37181087742896,363.67538440197626,30,4.0547606090677305e-4,30
CRS3035RES200mN2627200E3462000,32414.36856832848,208.15229284449774,44.60260407743704,303.1073610873165,41.07117026249108,0.464268174290446,19.226047381239393
CRS3035RES200mN2632600E3467000,32122.442653722348,210.38271900144593,53.50676103824666,294.8093518728844,88.13348806366065,0.36058870649561675,36.813295755968156
CRS3035RES200mN2638000E3483600,37365.894982036305,226.64345216944938,66.780238725045,318.6030110413614,14,1.31601458144156e-4,14
CRS3035RES200mN2638000E3488800,37920.125610993266,241.87720188139815,61.30747947984875,341.0388960619755,6.842105263157895,2.1903532232776907e-4,6.842105263157895
CRS3035RES200mN2609800E3470000,28857.37343226353,174.18388432775757,50.10321815866887,242.68291112379436,NA,NA,NA
CRS3035RES200mN2609800E3484800,34039.71287143098,218.10837646100984,61.13393324417029,306.37845263708664,1,8.72245159039365e-5,1
CRS3035RES200mN2609800E3486400,35286.88392688629,224.32265276789673,62.44263128094186,315.37562972749197,20.5,2.3229140957330914e-4,20.5
CRS3035RES200mN2609800E3488400,36343.67184525157,230.05754321833723,65.58237757977285,323.6375752037159,25.77142857142857,5.330896352143765e-4,25.77142857142857
CRS3035RES200mN2613200E3465800,29364.29195024642,173.27298203956542,51.28043679335146,254.17006502201914,64.95353942766701,0.5407871667794083,13.569088402726363
CRS3035RES200mN2618800E3487400,36297.29043879313,245.17402947959062,64.60757287537598,345.71762717988537,21.299999999999997,2.1254210990552508e-4,21.299999999999997
CRS3035RES200mN2621600E3471200,31756.133825202633,206.94380256413265,50.22453168803444,293.93436008117015,58.78721714966257,0.4136628623039658,12.062244087789951
CRS3035RES200mN2621600E3473200,32338.1258659251,208.70551895061246,52.411255515928076,293.65538294142516,73.07391429393151,0.42035906425678415,29.341443773367907
CRS3035RES200mN2621600E3477000,33080.96673233688,221.3355079217149,53.132988073188876,311.2531763540057,78.5118539151965,0.3811624806823411,20.644351593933774
CRS3035RES200mN2624600E3463800,25854.442945660645,164.78676460873817,34.78792723045012,240.19537329405082,35.95704691382322,0.5370387496531952,15.1183497749022
CRS3035RES200mN2626400E3470000,32820.810574696785,199.7612709709054,50.484141376124796,292.1905772060074,52.448966261501766,0.4015921351261948,17.68440020447575
CRS3035RES200mN2626400E3472400,31304.394713699432,195.24644567129178,52.491816494039476,279.5964065858902,73.12603033552934,0.39861002540551105,31.036675348552194
CRS3035RES200mN2628200E3495400,38468.52418026337,255.94680237133414,59.89305912596401,361.51030900792193,21.36,2.6231572320444885e-4,21.36
CRS3035RES200mN2630200E3461200,33465.169763623264,213.62606168712273,47.83118141117267,312.5780066861186,59.200260813936325,0.48010111868451205,16.03850942374883
CRS3035RES200mN2639400E3469400,30187.57015939378,198.66766602945827,50.704839574766545,278.69176075804876,16,0.0018566143605682616,16
CRS3035RES200mN2639400E3472400,31792.576528653597,202.02814642171606,54.08464491362758,283.47104469426836,NA,NA,NA
CRS3035RES200mN2608200E3494400,37158.2905502295,245.95891404172977,68.07944896479486,346.55251752195204,15.666666666666668,1.4500926448078607e-4,15.666666666666668
CRS3035RES200mN2617400E3468600,24343.825555987893,156.0361579215177,45.79689604597563,214.69699781495967,67.44593679125792,0.5081115866981943,16.653907101410873
CRS3035RES200mN2620400E3492600,37631.13203817586,258.1412127625589,63.12712642760163,364.2400467215079,3,8.984905358996885e-5,3
CRS3035RES200mN2623000E3463800,29481.43821240271,186.8961210143108,39.95774541802661,271.13718302786845,43.77620605672956,0.5102811950790861,22.510602966862653
CRS3035RES200mN2623000E3468000,30515.05404345535,188.4205830810897,50.92552787343293,272.95756179458584,54.58677779990328,0.43079128932243477,17.296535146360185
CRS3035RES200mN2623000E3468200,30260.889212683374,186.66424027479817,51.539465036395875,271.23625699086074,57.510710323443234,0.43591969345618237,14.947825221176002
CRS3035RES200mN2627000E3464200,31416.54640036626,205.91913700354812,41.12615314181069,298.14021975506466,43.76525867795026,0.4652512303994506,20.25674186326847
CRS3035RES200mN2631600E3474800,36277.48078185566,231.7040299866582,54.92431333516863,325.94094788335633,25.532894736842106,0.0016094534211473696,25.532894736842106
CRS3035RES200mN2612400E3489400,35830.711772276656,236.8208143929017,67.04163700093113,333.70914343611355,NA,NA,NA
CRS3035RES200mN2626000E3464400,39419.179503910695,253.8993801088116,47.64037493276429,366.10580475632014,41.5401116878644,0.35843466452688105,23.265667052079987
CRS3035RES200mN2627400E3469400,35209.171657884566,219.99525969930625,50.34335645840539,318.7273309869184,50.955867317959786,0.35818769963176206,16.318561853913447
CRS3035RES200mN2627400E3470200,35755.18447624991,219.70681453139227,51.686159166010214,321.7112238738785,61.07229908241243,0.3601235843555301,20.87079060253969
CRS3035RES200mN2627400E3472600,33575.06661000623,212.9616748824296,53.566264377585135,304.6577483143521,75.3273141871071,0.3677488809564281,25.444074325157125
CRS3035RES200mN2627400E3473000,33677.98438561521,214.66360568866338,55.240058426559116,305.216302821685,82.27333142548243,0.3560962905928702,19.834354033514593
CRS3035RES200mN2629600E3466600,29360.985709381715,189.09292716107458,49.23582062985518,269.57832504799563,54.84433205536069,0.4675854703571383,13.29153275144791
CRS3035RES200mN2632800E3483400,36108.457604554984,240.9244767132272,57.50490517347311,339.8361733502644,23.811764705882354,8.704378814566007e-4,23.811764705882354
CRS3035RES200mN2638800E3492400,37999.34722327933,248.62469960091664,60.770522286621514,350.84963190917756,15,5.437087460988889e-5,15
CRS3035RES200mN2639000E3468200,29741.464039807095,194.61100270398313,54.35812449474544,272.9108382348842,8.411764705882353,2.3694700749867577e-4,8.411764705882353
CRS3035RES200mN2612000E3495000,37436.930695333846,252.53533179053798,67.79853075722511,356.5384936225176,18.846153846153843,3.498197083041814e-4,18.846153846153843
CRS3035RES200mN2615200E3471200,26025.32001570201,167.72560736249835,48.10341518733371,232.82038644393074,70.88906583104307,0.5660429479071255,18.790188272159863
CRS3035RES200mN2615200E3473000,29466.476358047163,185.2856314632798,51.77312623872508,258.0788065094581,89.76597820783867,0.41452628456632823,34.16210115465931
CRS3035RES200mN2618000E3494200,37347.84281408402,254.73150604517832,65.27057110280762,359.6196448528502,13.341317365269465,0.0018852375738008453,13.341317365269465
CRS3035RES200mN2627400E3484600,36968.85419371723,241.57386437982507,57.55511268130165,340.77141649303985,23.44943820224719,8.958138317681755e-4,23.44943820224719
CRS3035RES200mN2627400E3487800,37294.429535533985,245.19620873621102,60.55051750647531,345.86441639922896,25.732394366197184,0.0014653224225288164,25.732394366197184
CRS3035RES200mN2627400E3488000,37406.77423680927,245.87303699760494,60.327532196310536,346.8605577281386,24.867549668874172,0.0015458323949141108,24.867549668874172
CRS3035RES200mN2629400E3469000,34630.43387523881,222.84107483938215,55.27289894078828,315.5120897725304,NA,NA,NA
CRS3035RES200mN2637600E3488400,37851.37959864215,239.23153046169347,61.923350966209654,337.2074082070843,13.368421052631579,2.2790792519821991e-4,13.368421052631579
CRS3035RES200mN2637600E3489600,38462.00619489524,239.16333548772587,62.55417484726175,337.248076289892,15.368421052631577,2.316988402863312e-4,15.368421052631577
CRS3035RES200mN2615200E3494000,37953.49110315719,250.4902692786309,70.06455502957061,353.7060000769734,25.68103448275862,0.0059526100398978815,25.68103448275862
CRS3035RES200mN2617600E3498200,38845.859713210164,257.6098618059339,71.08517014215661,363.5947421863391,5.630434782608695,0.0017088513546981029,5.630434782608695
CRS3035RES200mN2620800E3497400,38320.80161888238,255.4606105952904,66.68553095489119,360.60869072316956,15,9.069369338729617e-5,15
CRS3035RES200mN2620800E3497600,37999.16332223423,258.1796732011731,65.27598182980881,364.52415709276943,12,8.820481157247128e-5,12
CRS3035RES200mN2623400E3495600,41247.65368512761,255.46846176733072,72.11657882432941,360.91575636502756,14.347826086956523,4.88800102010455e-4,14.347826086956523
CRS3035RES200mN2625800E3459400,36496.984288879234,231.5784325267297,50.43267656281785,336.0920513287029,46.40436419100105,0.4350417928657822,18.904583138576587
CRS3035RES200mN2625800E3460800,31058.202076398986,199.28849689381286,44.589250309417096,291.2892418980786,38.97943368840562,0.4884464257819541,20.005832861817023
CRS3035RES200mN2627000E3495800,38389.78999224368,256.03237741861096,59.92932310336876,361.60276083265205,5.5,2.934825901934889e-4,5.5
CRS3035RES200mN2638400E3476800,34986.02279946357,229.5785157996285,58.73522975929973,323.6514670243053,21.26666666666667,0.008117456059857416,21.26666666666667
CRS3035RES200mN2638400E3480600,34822.46985651082,218.53226825889877,60.84354702061552,307.23172092898096,NA,NA,NA
CRS3035RES200mN2608600E3467800,30388.72430725609,194.43537827039566,45.76490527129785,272.12139450960177,79.95618993781798,0.5015852558319371,15.532822858317498
CRS3035RES200mN2615000E3491200,36236.12247262147,241.05044654282904,67.0361275374813,340.161738755607,72.79101940922533,0.39628487142530006,22.52048336109318
CRS3035RES200mN2615000E3491400,36242.92267092181,240.74866003845997,67.13540089739918,339.76479413008195,70.88343666337889,0.38716364578645174,20.077638438776948
CRS3035RES200mN2618000E3479000,29356.045418814967,204.82341420520376,58.05593082590556,287.5962934836189,19.355978260869563,0.004902940431938389,19.355978260869563
CRS3035RES200mN2621000E3472800,33187.77163525352,221.34676134855323,53.339992036103,312.20717193168747,65.02351239435022,0.3899876117157774,16.33318112201486
CRS3035RES200mN2623600E3482600,33428.486641830765,223.62055466855864,58.15018626929211,314.51400863343434,9.727272727272727,1.3009283898054509e-4,9.727272727272727
CRS3035RES200mN2627400E3463000,32962.86140722531,211.89020425271602,44.61869427797854,307.666330588062,43.68597013456666,0.4604918831352735,23.05839504046839
CRS3035RES200mN2627400E3463400,33094.44282181265,213.00688219693154,44.49387316614631,309.1791721220667,44.34086939408103,0.454885240764987,21.500683903663067
CRS3035RES200mN2629600E3467200,30631.57804188026,198.4131444046813,52.01228358642035,282.2760542605668,62.223008445560374,0.4767022922913241,17.686651956681622
CRS3035RES200mN2632800E3469400,32012.301547336196,210.38695225599017,52.299537808669335,293.45734482310246,10.846153846153847,0.0010756882631771812,10.846153846153847
CRS3035RES200mN2632800E3469800,31840.355719443258,209.45670039428055,53.18311481639827,292.1315733219324,10.351648351648352,0.001080708754928507,10.351648351648352
CRS3035RES200mN2639200E3475000,31644.029521129934,203.00797409831918,57.182343875920886,285.0877999123421,21.825,5.655388878677772e-4,21.825
CRS3035RES200mN2639200E3476000,32031.87820720095,205.7028075749694,57.20507809754112,289.0318294928935,18.942173479561312,0.014101140181922983,18.942173479561312
CRS3035RES200mN2611400E3494200,37238.45010421711,247.83582217399922,68.8506410073378,349.72993461439467,NA,NA,NA
CRS3035RES200mN2611400E3494800,37448.97133423612,245.6067282382123,68.30710710101488,346.5054547114401,25.769230769230766,3.9559971395097587e-4,25.769230769230766
CRS3035RES200mN2614200E3471600,26654.620950039545,168.70238826938282,48.54229227031936,233.8335382093839,73.88154868387429,0.5726285597213688,17.201615129057007
CRS3035RES200mN2617000E3478800,28976.786463698965,201.23515697012417,56.219731063276036,282.4400585588028,22.860979462875196,0.008580491243290137,22.860979462875196
CRS3035RES200mN2619600E3479200,31932.991254408542,217.92669907539795,56.531372128491086,306.41156705747784,25.928934010152282,0.0023472500238299497,25.928934010152282
CRS3035RES200mN2622600E3476200,33863.11846975611,224.56057310114696,53.80139630764324,315.13319590446764,71.39532236954412,0.40028245048574645,15.207932623911663
CRS3035RES200mN2622600E3477400,30363.9250421147,203.1818849666247,53.62844042507374,284.39187597370517,82.02684218975773,0.3944851870147299,29.189070476802065
CRS3035RES200mN2627200E3457600,40931.36167516582,255.31140588433718,48.469939603282526,371.4411617426129,58.081616999517074,0.3597334777676719,30.225678247777022
CRS3035RES200mN2629200E3460000,33181.82738585251,212.3167734469141,44.71174105491726,309.82451054082105,52.068805027717666,0.40246012145507476,25.03589067085642
CRS3035RES200mN2635800E3483600,39202.27581651934,225.01516485793422,65.90138309720507,316.6591079800033,NA,NA,NA
CRS3035RES200mN2635800E3483800,39259.94437644148,225.7818350491554,65.82653232144928,317.78332968264806,NA,NA,NA
CRS3035RES200mN2609200E3493200,36341.656924475144,241.49383337119934,66.80863977151023,340.16987439550905,NA,NA,NA
CRS3035RES200mN2614600E3490800,35766.10352386468,238.20460749441654,66.33207874927615,336.06428709294937,78.76954474097329,0.3951939779965258,28.94165707308565
CRS3035RES200mN2614600E3491800,36642.21352284373,242.22261179135876,67.88981336641675,341.8913641512487,76.33802816901408,0.3676573709477318,26.506407717136135
CRS3035RES200mN2621000E3466000,25740.731021607226,149.65204678362574,42.51390604837603,217.49114570463718,52.87214937636842,0.5580127941136095,18.600479716598183
CRS3035RES200mN2621000E3468000,23369.927464145363,148.7348714453516,45.55808523905509,212.82032802099798,64.29953259532596,0.5894807059267101,26.51010332103325
CRS3035RES200mN2623600E3467400,24528.583593113715,149.44033476563598,46.28945151234308,217.22645828067516,56.803734409210556,0.5708006852585166,16.56097566975818
CRS3035RES200mN2623600E3468000,30092.20269204218,185.87668868947873,49.81825017256677,269.6976259737699,57.11396108507317,0.43394389113499604,18.91663116034654
CRS3035RES200mN2626000E3462800,37084.13718681656,244.17736829988874,46.909565284119246,353.60552315543106,36.06821816034835,0.3899109849211526,19.546003591724272
CRS3035RES200mN2627200E3487200,37637.15123965298,246.8356392798295,58.5560970284057,348.29918415149734,27.456375838926178,0.0014788494749588084,27.456375838926178
CRS3035RES200mN2633000E3484400,36742.00293001637,236.7734345180632,56.01787197736815,333.79015020543847,20.912854030501087,0.005152787444711378,20.912854030501087
CRS3035RES200mN2633000E3486800,38798.44464343682,238.9483092490407,66.4467589742441,336.9377651417635,30.276595744680854,0.001052172063712378,30.276595744680854
CRS3035RES200mN2633000E3487800,38552.0667838699,241.32991978903416,64.34976376222393,340.3553675420284,32,6.592682122843644e-5,32
CRS3035RES200mN2603200E3492000,36789.66086925727,230.45216251638323,65.63626864085589,324.6377740781412,8,1.416882150827106e-4,8
CRS3035RES200mN2603600E3487800,33754.54561271134,208.17276652832027,61.146836875865,292.34054416635325,NA,NA,NA
CRS3035RES200mN2613800E3491400,35714.42565631935,236.65272003408296,67.81844892682415,333.7658699261043,20.89793103448276,0.010650957117043005,20.89793103448276
CRS3035RES200mN2623200E3461400,29572.54578268212,187.7150426050301,42.343199309037935,274.4613203047452,41.12448030701862,0.5240096425302618,15.57596988855814
CRS3035RES200mN2626800E3488200,37753.125486274366,247.81608080404038,59.71755587779397,349.6598429921496,16.58278145695364,0.0015100755037751915,16.58278145695364
CRS3035RES200mN2630800E3459400,34492.156854043285,215.67906804733695,48.69323224852071,313.4444526627199,71.67230425055924,0.4132766272189338,28.831412378821767
CRS3035RES200mN2630800E3460200,33406.01664922226,215.2226711778589,47.51058832120334,312.5495095294887,61.43822366362278,0.4278046880704901,12.825475804386796
CRS3035RES200mN2640600E3467400,29390.960885469038,193.06591468835163,56.23755811072735,270.58122385928095,19.4375,0.0011658578527812997,19.4375
CRS3035RES200mN2640600E3468000,29569.07827600092,194.82207777266453,55.17851184997699,272.9948084445467,16.285714285714285,0.00171134376438104,16.285714285714285
CRS3035RES200mN2640600E3468600,29360.87261725977,194.83120090110876,56.621938539741286,272.87794593345666,15.81212121212121,0.0023827402957486156,15.81212121212121
CRS3035RES200mN2612600E3481800,30424.515966650953,204.46951821184874,57.09497046920359,286.82347305046665,14.181818181818182,3.1461381154632666e-4,14.181818181818182
CRS3035RES200mN2621800E3471200,30656.29936943249,195.4630792713442,49.6806625963367,278.20855019517563,59.55846991436511,0.4412220998899009,13.986346622809501
CRS3035RES200mN2626600E3458800,31389.840117796168,196.8377320509953,47.50755485971322,288.7709187604066,45.74663583359984,0.5050945600039762,15.2760141700903
CRS3035RES200mN2626600E3459200,30865.378719636603,192.14619342751922,47.38546919711026,282.6111560226354,45.841201505572094,0.5216024431869217,17.567202145194234
CRS3035RES200mN2628000E3483000,36834.41941125331,239.0175997250359,57.70589959766281,337.10927801702354,16.85,0.0014152564646893512,16.85
CRS3035RES200mN2638600E3480200,34207.81637933423,215.18954257409348,60.384066192545085,302.4700307164407,NA,NA,NA
CRS3035RES200mN2605600E3489600,36093.48445532436,226.84455324357404,64.14556740688931,319.3079034796293,24.80952380952381,7.343941248470012e-4,24.80952380952381
CRS3035RES200mN2613400E3495800,38008.708081153076,252.29198715759242,70.81062914133496,356.153179862012,29.692307692307693,3.552155201858047e-4,29.692307692307693
CRS3035RES200mN2613400E3498000,38884.23405706179,255.76258796574106,71.112950739185,360.9602449402659,16.333333333333332,1.6365719273362043e-4,16.333333333333332
CRS3035RES200mN2616000E3479400,26682.271927458034,187.11681654676258,53.91837529976019,261.77564448441245,28.437869822485208,0.0025329736211031177,28.437869822485208
CRS3035RES200mN2616000E3480000,27456.12913427718,191.7486921053405,55.26284988029431,268.56264593739803,21.318840579710148,0.0010197144799456135,21.318840579710148
CRS3035RES200mN2616000E3481200,28729.067164828706,198.94197620429463,57.09203424260012,278.6489698200801,11.3768115942029,0.0010011607661056284,11.3768115942029
CRS3035RES200mN2619000E3471600,31300.380547460947,209.28223379353173,51.355467443749106,293.57473845124923,54.56777065729031,0.4211770888071466,17.29470594907276
CRS3035RES200mN2619000E3471800,30708.377795204156,204.52175511254353,50.16530454706979,286.37067624030476,58.675324675324674,0.4321125310918604,20.56038393920489
CRS3035RES200mN2619000E3474400,33015.772833177994,218.1948508853683,53.59146085740914,306.0409016775405,79.92674707901611,0.3699091332712029,36.46955248322993
CRS3035RES200mN2625200E3464600,23264.85068181818,145.37313920454545,38.12984375,210.77154829545455,44.66598582537652,0.5772159090909091,25.37197312727631
CRS3035RES200mN2625200E3465000,23754.996973048488,140.76653181209625,42.688020257290916,210.26376680831228,51.61878121878119,0.5826881657838061,23.32390859140859
CRS3035RES200mN2626800E3470800,32004.103103611047,198.0788293603965,51.83419872551333,287.83707812131223,57.130322397386735,0.4154472504130281,16.753336173838946
CRS3035RES200mN2628800E3461400,32687.131293060942,208.08362922378825,48.06812142873936,303.8313071695632,56.78881452684421,0.4778376090483696,26.16971359677188
CRS3035RES200mN2631000E3490800,35823.99814863792,248.7769584765941,56.761713832319685,350.99612800846324,20.601063829787233,0.0019888918275588487,20.601063829787233
CRS3035RES200mN2631000E3491400,36255.72057698159,249.7874791651377,56.76263457486387,352.4564171375248,25.713513513513508,0.0019393456542932891,25.713513513513508
CRS3035RES200mN2631000E3493600,35964.19134120175,250.69739270386324,57.491845493562316,353.67616952789734,5,1.0729613733905587e-5,5
CRS3035RES200mN2612400E3495000,37195.94173950346,252.24884712317015,67.06883747117809,356.11079682556704,17.307692307692307,3.4854415786369244e-4,17.307692307692307
CRS3035RES200mN2612600E3466800,30160.789131808036,174.65805158065302,51.53814990798976,255.26019665467243,77.83848090857694,0.5344557664313763,26.183591140346355
CRS3035RES200mN2618200E3487400,35874.87970925612,230.75996659315422,64.98141744202718,324.71112213073013,11.666666666666666,7.829729482846358e-5,11.666666666666666
CRS3035RES200mN2621200E3494400,38271.24208328722,259.21980106593315,63.742279009545214,365.94015918740257,NA,NA,NA
CRS3035RES200mN2624200E3466800,24023.224152132134,140.88935450775256,46.27182347586087,205.83440024276405,50.19115118164398,0.5882114937213705,15.368419888959869
CRS3035RES200mN2624200E3467000,24741.947748175233,148.34227457329072,45.83587567861778,216.75878190724742,50.13843168083329,0.5680990328388205,14.78142534270132
CRS3035RES200mN2628200E3463400,33202.89524097262,213.60498841854377,48.05542314277082,310.0618460953148,48.42069915619081,0.4548547002808643,18.550444045364003
CRS3035RES200mN2628200E3465200,27476.26457679417,174.03190668723732,45.992286003085596,252.7879847848061,49.75658305578684,0.5111453955418418,20.24549073688593
CRS3035RES200mN2634000E3490200,37852.64461778099,242.51524522942236,60.73203445353102,341.92420910361164,14.069767441860467,0.0014775616796096442,14.069767441860467
CRS3035RES200mN2634000E3494200,40713.546635439554,244.66874713281985,64.35368327015476,345.4023468623995,NA,NA,NA
CRS3035RES200mN2607000E3489000,35182.082804988444,223.77144151048512,64.05995262314491,314.5549536682222,25.729729729729726,6.444645718665079e-4,25.729729729729726
CRS3035RES200mN2614200E3487200,33618.508464747916,223.52853404992607,63.33202743794653,314.27852344247253,NA,NA,NA
CRS3035RES200mN2619800E3482600,34053.618946136354,232.4880855104791,59.79019897970463,327.3439301252184,NA,NA,NA
CRS3035RES200mN2622600E3473000,32539.02510155336,210.0302270011955,52.682043010752835,295.8839187574675,68.70078493828574,0.42009557945041914,26.367891473750092
CRS3035RES200mN2625200E3462600,36888.00681007355,242.87492228673088,47.688171323086344,351.7757362435558,30.134788063667003,0.38879589865233233,14.895038008315083
CRS3035RES200mN2628600E3470800,32514.26255473771,207.81357728500836,51.521906736234136,300.1510877667003,67.02974021742351,0.3931682660952203,24.128570159068648
CRS3035RES200mN2636000E3481400,37408.53446893108,234.93077974449022,63.27420393317426,330.8837781969745,NA,NA,NA
CRS3035RES200mN2636000E3490600,38499.49668585177,242.39185969712696,63.01469547577487,341.8022715478605,19.147540983606557,0.002158324291173279,19.147540983606557
CRS3035RES200mN2611600E3476200,29709.70336874138,188.38857841673422,56.38762567012215,263.63660537804134,13.35576923076923,0.0014788902634984287,13.35576923076923
CRS3035RES200mN2611600E3478000,29672.587679274515,193.80538143362756,56.370261396102514,271.40615183432124,NA,NA,NA
CRS3035RES200mN2615600E3491400,36599.192230238856,241.63333022151687,67.7099209154075,341.0502380539589,62.78527587225523,0.40631876558686636,11.28309974726753
CRS3035RES200mN2615600E3492800,37428.91595551795,250.62256738788832,65.64008219509248,354.11298198960475,80.97729741879894,0.32265200048350057,31.425407410182444
CRS3035RES200mN2618400E3478400,29478.234447207073,205.88051133183197,54.77018706309637,289.106458037725,14.703804347826088,0.0047904815214985874,14.703804347826088
CRS3035RES200mN2621400E3471600,31445.61598321032,207.33725564175725,50.13207725139718,294.0476690169076,58.88992230476946,0.4158039946235291,12.388782396642647
CRS3035RES200mN2621400E3474200,32602.18812564715,213.88010188899372,52.82669348791257,299.17781771868556,73.82439856581077,0.4116505778867557,30.92473108952117
CRS3035RES200mN2626200E3463400,37078.26978362551,243.21625090314484,47.37670646841845,351.6396547134654,38.69160372948904,0.3864414191732897,20.901038155920194
CRS3035RES200mN2627800E3466800,29497.460558068473,189.62893661399664,49.61246862229108,272.2414779961919,60.62864089838068,0.48378060463480493,25.5089186343811
CRS3035RES200mN2634000E3486200,36801.01961072596,237.15054116103641,58.79686952194614,334.2590447970505,20.285393258426968,0.005032741090917316,20.285393258426968
CRS3035RES200mN2634000E3486600,37443.50456860819,237.97160573306678,58.65281966139216,335.4926529551949,25.125842696629213,0.005026033725251019,25.125842696629213
CRS3035RES200mN2639400E3476600,31826.14795820421,210.25608150728135,54.54852864547624,295.60081452431234,12.719840478564308,0.013753668101911526,12.719840478564308
CRS3035RES200mN2639400E3477000,32162.566130665815,209.73467264175812,56.12733604339803,294.80047726736683,14.181455633100699,0.013915673515823356,14.181455633100699
CRS3035RES200mN2610000E3473400,30409.432401097238,184.10662274128333,55.61555863473122,257.6439074739134,NA,NA,NA
CRS3035RES200mN2615000E3466000,28936.009585545824,171.20699262119854,50.14056961588856,250.11509551065444,53.88504534378376,0.5490242052272257,18.40808651744671
CRS3035RES200mN2615000E3466200,31102.805378553407,182.56933860438502,50.306613956149704,265.70189081640615,56.76705102117718,0.5176597570808084,22.971281432913813
CRS3035RES200mN2618200E3471600,31281.883678211198,205.4518813182007,49.49237862365136,286.84245100543814,63.152390946735395,0.428913786601463,26.637219921719893
CRS3035RES200mN2621200E3466000,25401.837073924322,148.87285668961115,42.48261211427305,216.1898114300698,50.936037786907484,0.5607300015173874,17.306347019606868
CRS3035RES200mN2621200E3466200,25318.8751696065,148.93751557610807,42.89793149281423,215.60760667903563,51.96939654112041,0.5628028687730184,18.207222809909247
CRS3035RES200mN2621200E3467200,24977.64319512831,154.54820260317373,45.786109091906575,222.39033890633786,60.22343304142478,0.5575564729601843,23.071716028731686
CRS3035RES200mN2624000E3482400,33318.83937444674,223.1708468574801,57.508149896724696,313.9417527294187,NA,NA,NA
CRS3035RES200mN2624000E3482800,32877.57665196121,222.63735973913816,58.62788913397906,313.12549151242,NA,NA,NA
CRS3035RES200mN2626200E3459800,36152.978122380555,235.25841366303436,50.71197611064543,342.4830050293378,40.461290560653396,0.42591156747694886,14.247231174198626
CRS3035RES200mN2627400E3495600,38589.580613098944,256.8597509939311,60.18199414103368,362.8479388993509,10.714285714285712,2.9294831554718524e-4,10.714285714285712
CRS3035RES200mN2627400E3496000,38024.441891227,251.808122437825,64.90996447116689,355.4789177370854,12.142857142857142,3.060945613555613e-4,12.142857142857142
CRS3035RES200mN2634200E3467000,30936.720530805687,202.22355766192732,52.672240126382306,280.3903570300158,76.40055611097226,0.40452448657187995,22.007016995751062
CRS3035RES200mN2634200E3472800,34406.017226801945,219.7478216961413,55.26776110289109,308.91569787923623,20.58682634730539,0.0039221212334718996,20.58682634730539
CRS3035RES200mN2605600E3488600,35254.730293193556,223.71345496207078,64.2129255125247,314.92190185220585,14.692307692307692,6.770010588990927e-4,14.692307692307692
CRS3035RES200mN2621400E3467800,25278.11610836963,157.30587895699054,46.399513408750344,225.6925677997553,67.8585228244143,0.482385121853996,35.233920328261235
CRS3035RES200mN2621400E3471200,31880.25259247976,206.91477918517043,50.6971983642478,294.9380031168344,59.709606986899566,0.4132266266711974,12.46436511087166
CRS3035RES200mN2626400E3473800,32868.34518420419,208.60429809776065,55.84742354924151,296.7159523236215,82.19431460459792,0.3786299060919817,15.23104391236607
CRS3035RES200mN2628000E3483800,36321.84516897578,241.01900977016106,56.03191318971732,339.974903900057,19.946428571428566,0.001681749018979741,19.946428571428566
CRS3035RES200mN2628200E3459800,33360.284739092414,210.02957681469246,45.08706636867166,302.94642163055096,55.21054185737487,0.4936109221649985,19.347204586839883
CRS3035RES200mN2633800E3473600,34109.09502796328,217.876147438469,54.947141137881395,306.01511433088706,15.954682779456194,0.003905420393137787,15.954682779456194
CRS3035RES200mN2633800E3482200,36781.31938813325,238.0961625999049,57.23850103212837,335.6288360768554,NA,NA,NA
CRS3035RES200mN2633800E3484800,38175.62631578947,241.5710632427844,62.88332979626485,340.66094015280134,12.57847533632287,0.004732597623089983,12.57847533632287
CRS3035RES200mN2639800E3491200,38978.756037489744,236.42933407886727,66.93262241393086,333.0189578507335,NA,NA,NA
CRS3035RES200mN2615000E3493000,37606.3696105018,247.32221043115908,70.3530113063187,349.32420181058296,85.06411290322586,0.324909274325616,35.932891129032335
CRS3035RES200mN2617800E3495800,38777.00486921634,255.03207810320808,69.85194156940466,360.1457216961511,NA,NA,NA
CRS3035RES200mN2620600E3492800,37874.89542140981,257.1692596214931,64.48007138607983,362.94559332116756,21.62962962962963,2.7223504975851785e-4,21.62962962962963
CRS3035RES200mN2627600E3465200,27052.17251926591,172.08957654723127,46.01265856306772,250.1839728820741,45.15045573412547,0.5215301501549218,17.392931677964825
CRS3035RES200mN2627600E3465800,28381.253770058236,180.4360806652595,47.872428349820716,262.1650560740533,52.426646130150175,0.4953208046181624,20.932848158131183
CRS3035RES200mN2608800E3467600,31601.691101914195,193.83224262803938,46.127586652871194,271.45165545783794,81.77702353912868,0.5010863942058976,18.290006194507548
CRS3035RES200mN2608800E3467800,30665.044275693417,194.544269257996,45.936340819872576,272.3653259540511,81.77743650629775,0.4986678679451702,17.583551001445397
CRS3035RES200mN2608800E3487800,35665.985361229024,223.9290397223298,63.979656768222306,314.6041104255061,19,1.2855122766422465e-4,19
CRS3035RES200mN2608800E3488800,36827.52231776904,228.40712046934027,65.059390822149,321.2686811862091,24.94285714285714,5.625652977577761e-4,24.94285714285714
CRS3035RES200mN2615800E3466200,30349.689221012068,177.1064251117236,51.43912066151088,257.9526612967968,59.87945283556569,0.5634081725494394,25.745266932649393
CRS3035RES200mN2615800E3467000,26269.289395742795,159.8553990090514,42.71196058349711,229.82275029756138,61.252436941010956,0.5508899161292108,27.9073635815496
CRS3035RES200mN2618600E3472200,30168.199355151937,203.58851722292027,50.70711698141405,284.2807952296183,62.43678030517901,0.43891994173959575,25.326036644165832
CRS3035RES200mN2618600E3477600,32931.28736619145,226.8814127883674,54.15798271223301,319.636166924265,19.53692614770459,0.005735874978533392,19.53692614770459
CRS3035RES200mN2621600E3499400,40278.89979784155,261.44963686344266,69.31549560920328,369.5040271256063,NA,NA,NA
CRS3035RES200mN2624600E3484800,33750.277449722904,226.74026524043464,59.41493429491058,319.22549067060334,1,2.4200769584472787e-5,1
CRS3035RES200mN2626400E3462200,32029.250383745126,206.03180252191612,43.6658631707012,299.69901874950256,35.93977711628823,0.46218831368179286,18.228628010529146
CRS3035RES200mN2626400E3463200,37314.36343991852,244.76594731982217,47.82208302792031,354.3941493969481,41.16846662894536,0.3869527553808223,23.772634013136862
CRS3035RES200mN2628000E3469800,32637.944681147474,203.20429083901226,51.833927348294,296.64311503767254,56.512768072716945,0.40870938156657416,20.63445249254365
CRS3035RES200mN2630400E3461600,32146.03040333456,205.20430305259288,51.18603653303911,299.9818070369008,62.7444761576694,0.4982469044992031,21.487635943113062
CRS3035RES200mN2630400E3462000,32727.746205916363,208.09044372711506,50.65363027558296,303.1007780882636,58.40552043100691,0.4896054153015995,23.58665157814461
CRS3035RES200mN2630400E3462600,33614.31292108213,214.30052118844833,50.3766886621289,310.30929240867647,58.670766808531575,0.46975142431211214,25.47192304853748
CRS3035RES200mN2630400E3466000,29015.191936172472,185.56686946312252,49.778298110790836,263.36284555448776,62.60282378341517,0.4696472409008426,19.167446947529886
CRS3035RES200mN2640400E3466800,29963.176311835312,192.22963135859013,56.87664298530985,269.47274212607016,24.129032258064516,9.044625012764585e-4,24.129032258064516
CRS3035RES200mN2609400E3497600,38485.0498715052,255.4009189315466,68.40366015107841,360.39090413519097,14.73684210526316,5.918542169612939e-4,14.73684210526316
CRS3035RES200mN2614800E3494000,37275.50793446345,248.7133546292958,68.93160389510011,351.0994255242418,24.39424703891709,0.007612447833479319,24.39424703891709
CRS3035RES200mN2617800E3478000,29417.526925944014,206.38759221653856,53.385998509112405,289.89783564249547,14.132716049382717,0.008328406549623423,14.132716049382717
CRS3035RES200mN2617800E3478200,29141.17461660635,205.18139922409978,53.291131824927746,288.19029083240036,15.30732484076433,0.008175592990861041,15.30732484076433
CRS3035RES200mN2620600E3486000,35738.1015488908,242.8799294813944,61.46826662748966,342.1709761370076,13,5.876550464877118e-4,13
CRS3035RES200mN2620600E3486200,35749.21872988628,241.3400986912681,62.91521132804124,339.9167024243732,17,6.007294571980265e-4,17
CRS3035RES200mN2623000E3484400,34596.89307649685,228.8451082792037,59.9474106121875,322.20422742758944,23,0.00030650618317281146,23
CRS3035RES200mN2627000E3463200,33325.39988287761,212.02438172890672,44.71866975989909,307.27982116311546,41.7679647715811,0.45777962971305014,20.686678639080913
CRS3035RES200mN2628800E3495000,38120.217741493674,253.6586817160705,60.01753328584729,358.1540518327758,28.571428571428566,7.670812558215993e-5,28.571428571428566
CRS3035RES200mN2631000E3472200,37649.53369004767,241.94441093491585,58.1644615234945,343.34632746376104,14.481481481481481,2.626714660959237e-4,14.481481481481481
CRS3035RES200mN2631000E3473000,35329.23535715051,228.56790467413902,55.307151582692185,322.84895308716057,25.1,0.0015001821649771759,25.1
CRS3035RES200mN2631000E3475600,37295.70046236472,238.64846147633662,57.39628089161686,336.29546922952676,20.966101694915253,5.956226780810855e-4,20.966101694915253
CRS3035RES200mN2634200E3484200,38127.032058450735,241.11630507716424,62.512306823870084,339.8258512530488,17.14349775784753,0.004750189049003629,17.14349775784753
CRS3035RES200mN2616200E3467000,26992.259707325185,161.4962445608492,43.79378343172307,231.03864915052245,63.87775240994419,0.5462708904963831,28.975568239472334
CRS3035RES200mN2624800E3477600,31022.62112338199,207.27609677694275,52.381847626237246,290.3688433767205,82.27791026741708,0.382931313697078,15.318391681770496
CRS3035RES200mN2626600E3471000,32621.112505388697,201.35203374229576,52.59564006664561,292.26046582077885,59.02883113194156,0.4101856059282041,19.610160488566954
CRS3035RES200mN2628600E3495800,38248.77849850104,253.89163901720755,60.116042375684145,358.5227507921425,26.36,2.667150309922863e-4,26.36
CRS3035RES200mN2628800E3460000,32862.20465121887,210.88297205410748,45.3878426928363,305.9539338846961,52.128212729374795,0.4066862778193041,24.30227077342658
CRS3035RES200mN2640600E3477800,32886.85917725967,213.03960771108729,57.380727895165215,299.6141089317289,21.38775510204082,0.010999803574936181,21.38775510204082
CRS3035RES200mN2610800E3480600,30529.89943893583,201.3703310422013,57.62038485270278,282.52275107979716,7.084745762711865,8.466185481209363e-4,7.084745762711865
CRS3035RES200mN2614800E3491800,36269.2075961672,241.26740730454102,68.01428968198861,340.5263852242744,73.71282750488264,0.37685043743924457,24.439547481298586
CRS3035RES200mN2614800E3492000,36200.88584347826,240.8351304347826,67.80404869565217,339.8465947826087,75.07433507615367,0.3672208695652174,25.43037432749869
CRS3035RES200mN2620800E3466600,26002.869097364448,153.8354226409938,43.28107333060205,221.4579270790656,62.608152709359565,0.5544175884200457,25.86041133004926
CRS3035RES200mN2623600E3466800,25604.863143873332,150.99295532882,44.0167396767416,218.89294296974774,54.5627444709587,0.5582043641257329,18.966149228763314
CRS3035RES200mN2626200E3457200,31822.00840260673,198.0076072454844,48.69549209770115,290.9117149014778,49.29545622278531,0.5214619252873564,13.969234175502454
CRS3035RES200mN2627600E3466800,31970.088842951347,207.27736138859697,49.79188368306175,298.5159196683258,56.38024073231174,0.4566987331246896,20.789604511202143
CRS3035RES200mN2630000E3459200,33821.57874272487,210.97433278783333,47.76668184223143,308.875195334129,64.36734510893936,0.4116966691685832,28.27140978511018
CRS3035RES200mN2633600E3494800,40638.67430028679,243.58036235377736,66.40451419726472,343.86092009439517,NA,NA,NA
CRS3035RES200mN2613600E3465800,28851.157665932773,174.02427463574023,52.37721746203144,252.7287439173176,67.20320118448932,0.5493415978347754,18.9332703647921
CRS3035RES200mN2619400E3475000,31908.687677818587,219.33341075098954,52.291523927862144,307.75255768583116,78.63533612793054,0.37398534483759566,36.38937742586559
CRS3035RES200mN2619400E3480200,31762.71222783033,216.80320279016033,58.59225828635978,304.96355106902956,24.66666666666667,1.4736764543344503e-4,24.66666666666667
CRS3035RES200mN2622200E3462600,30057.723106497626,188.33748558246765,40.52575932333714,273.0374471357173,52.27043715712566,0.5209406638472375,29.71717631430049
CRS3035RES200mN2622200E3464400,31307.218671951032,195.95618118499584,40.616078233645624,281.2104405332833,41.838052596619846,0.47663660987535617,15.333061083913496
CRS3035RES200mN2626600E3459600,31313.658913038213,197.95957209662959,46.83793705022897,290.57255700128417,44.20681935594972,0.49246444234450343,16.016005313783854
CRS3035RES200mN2626600E3460400,31559.347931815755,199.73343139464538,45.62744214184885,293.20511025966476,42.54060370488819,0.482188823382878,18.063020000492
CRS3035RES200mN2628200E3460800,32652.674297545112,207.7113871635609,43.3515764566696,302.3313220940547,52.78950735764548,0.4807808340727603,25.26660268714011
CRS3035RES200mN2628200E3462000,33154.181793292264,209.6609285877253,43.5337440109514,306.85643394934976,47.96336933257891,0.4637120693588866,18.2161406184654
CRS3035RES200mN2630400E3461000,32886.320546370574,209.47489483467032,49.864348953238114,306.34677656036,61.765981004871804,0.4969917824300528,15.640755868313553
CRS3035RES200mN2633400E3491000,38334.022401579416,241.5780977819071,62.51363372430606,340.4381721054471,NA,NA,NA
CRS3035RES200mN2640200E3480600,38560.11698416647,241.0598568419133,66.74425215756423,340.1299522051322,NA,NA,NA
CRS3035RES200mN2613000E3497400,38426.97191537394,258.2987567838019,69.26361571917909,364.6814723580037,14.000000000000002,1.5395866209922578e-4,14.000000000000002
CRS3035RES200mN2613000E3497600,38125.54064726472,253.23978021669214,71.5214232515004,357.2585826506101,13,1.6863169432694924e-4,13
CRS3035RES200mN2622200E3483400,33452.689485908035,220.54836482330083,60.29947900320136,310.0789278764679,NA,NA,NA
CRS3035RES200mN2622200E3484600,33980.659879073515,227.31415657943785,62.21366493971707,319.883929752017,26,3.1253380774362674e-4,26
CRS3035RES200mN2624800E3458800,35071.15541982653,222.6702579356069,50.625652785977024,324.9015598746651,54.03362936357598,0.4614799509559057,26.683342763659603
CRS3035RES200mN2624800E3461800,36650.92151307438,236.45234831175426,49.158446306169076,342.6887839553186,36.58335998425545,0.4127849708047728,21.942987527368455
CRS3035RES200mN2627800E3469000,32743.239034191527,206.96924805884757,49.248195068791716,298.1533964491668,65.41322513499654,0.37629977750533533,23.602905065009494
CRS3035RES200mN2630200E3467200,31707.24461772582,204.17105309724073,52.60663686017294,289.4412698038198,64.21768055915092,0.4557090445799762,20.20151954439555
CRS3035RES200mN2630200E3479000,34550.047702164746,229.01606036739807,54.095074394942294,322.46121671385,17.40963855421687,8.833734221673506e-4,17.40963855421687
CRS3035RES200mN2633600E3470400,32376.880646478716,214.2365715619343,52.20121360639454,299.364396989322,14.88495575221239,0.0013186300250889757,14.88495575221239
CRS3035RES200mN2633600E3472800,33355.21985627151,213.50312216921313,57.226994383718825,299.2480101455402,19.130699088145896,0.003973669907603116,19.130699088145896
CRS3035RES200mN2615400E3481600,31437.83695525857,199.80851249273675,58.59081929110984,279.66927658338193,NA,NA,NA
CRS3035RES200mN2618600E3503800,37984.75401869159,249.87250951886466,67.15685704395985,352.7011699550017,22,5.5382485289027346e-5,22
CRS3035RES200mN2618800E3463400,27045.751938995905,166.20093071804473,49.66765247394135,240.36495165195208,53.32278776845678,0.5892952927702636,22.08505252281727
CRS3035RES200mN2624800E3464000,26201.103433675158,166.6210651670526,36.27760502811776,242.76351968243466,39.54466284533445,0.5378630499503804,20.374316711358208
CRS3035RES200mN2624800E3467000,25186.024522324136,150.04110315566226,47.53316864157216,217.24936844896655,50.45607527145865,0.5681307485100986,16.813850538004225
CRS3035RES200mN2630400E3467400,32170.220937670827,207.02903034461903,53.020609683759986,294.04148687470195,58.747671512948656,0.4095883878621524,19.55261244888687
CRS3035RES200mN2633600E3473600,33863.28092954801,217.35489460691227,54.289759779718736,305.39245869730314,17.17325227963526,0.0039047664261298836,17.17325227963526
CRS3035RES200mN2633600E3490200,38088.98913155983,241.7453794753253,61.15528643227668,340.7285075159009,NA,NA,NA
CRS3035RES200mN2633600E3490400,37665.6603892401,239.62264150943437,62.41988261014225,337.6536405113826,NA,NA,NA
CRS3035RES200mN2639600E3476200,32641.93473570658,208.7124028434708,56.636572345310206,293.4471828064061,15.028913260219342,0.013871601250242028,15.028913260219342
CRS3035RES200mN2615000E3497800,39086.33080636693,255.73410508253193,71.20858997835859,360.9069162899694,NA,NA,NA
CRS3035RES200mN2615000E3500400,38298.3395983595,251.54129543204638,70.85057276198557,354.55157686324424,NA,NA,NA
CRS3035RES200mN2615000E3503200,38107.002306459566,248.93962767152473,71.11066512902691,351.4228908625255,8.931034482758621,4.343332983869761e-4,8.931034482758621
CRS3035RES200mN2617600E3478400,28194.622639408793,195.40133877005718,55.5245000487078,274.00917099238796,19.16051364365971,0.008669997355859558,19.16051364365971
CRS3035RES200mN2620400E3467800,23575.588506151656,146.00950244159958,43.712287184901676,210.63075388969543,74.94912463165193,0.5075887554441072,22.256456924943652
CRS3035RES200mN2623200E3461000,30101.836460609175,189.95586685516,42.15518570877779,277.67962986762626,43.33299712170041,0.5224135715203702,16.268200939752543
CRS3035RES200mN2625400E3495400,41442.65781259885,254.70584389564976,71.37395870679302,359.58742645042923,NA,NA,NA
CRS3035RES200mN2626800E3498000,39511.337252783465,257.08123854620254,62.16886473660259,363.3106746750578,23,2.1186216247709294e-5,23
CRS3035RES200mN2627000E3458800,40249.86827040959,256.0789643887982,45.41520981552451,373.20180324545566,49.31196339393343,0.3923989535770482,19.54683510049448
CRS3035RES200mN2630800E3473200,35607.83712523688,226.08146476651586,55.625242356858834,320.0190270672903,24.564285714285713,0.001533557524838155,24.564285714285713
CRS3035RES200mN2630800E3475800,37991.55598855333,240.24729702013047,56.632463105668016,338.71314717688887,21.229729729729733,7.227480051178407e-4,21.229729729729733
CRS3035RES200mN2604400E3486000,33621.451554340885,204.4317681135781,60.33828328981749,287.063499510445,28.000000000000004,3.875652741514377e-4,28.000000000000004
CRS3035RES200mN2604600E3495000,36067.161974810915,229.05876070528865,65.48531989924412,322.44443324936873,NA,NA,NA
CRS3035RES200mN2612800E3467600,29782.302972182868,185.7747516567236,44.346688535865944,263.408288250155,67.76700788808617,0.5181545217655843,12.743943532535177
CRS3035RES200mN2615400E3504200,38439.05635629439,249.73982373920475,69.41561293365166,352.6132873522563,12.37037037037037,3.979131665045539e-4,12.37037037037037
CRS3035RES200mN2615600E3466400,32780.27673394496,192.40294801223243,46.49360244648318,279.22178593272173,58.29411489411489,0.5227522935779817,23.852951912951898
CRS3035RES200mN2621600E3464000,31624.929917327114,195.64539803880862,40.12179902062548,282.88722539046756,42.009126915791285,0.4963914567280099,16.233553100937293
CRS3035RES200mN2640400E3476800,32286.490681771193,212.14610761898206,55.26980728051387,298.29058506596596,12.426719840478567,0.013856461974165917,12.426719840478567
CRS3035RES200mN2616800E3494600,38484.33944753082,251.08910916613885,69.49254308511294,354.5115430722225,13.925233644859812,0.001379239227110425,13.925233644859812
CRS3035RES200mN2616800E3499400,39028.51004891684,251.36779874213838,72.30424877707897,354.1605171208945,24.111940298507463,0.0018728162124388539,24.111940298507463
CRS3035RES200mN2623400E3463200,29643.109838527977,187.23478532982853,39.99233946676681,272.1809488046063,37.1849491992423,0.508812116660408,18.49218922974735
CRS3035RES200mN2625800E3466400,26827.962340893155,162.06198417817305,48.331376446275485,232.24071027102434,47.4157105532205,0.4634926485106147,22.97650232875154
CRS3035RES200mN2627400E3468000,37416.31213274088,238.76110126913136,54.022555881470296,344.3084444186294,60.7698951720065,0.3934016786222519,20.97480437029383
CRS3035RES200mN2629400E3480600,35942.72778953611,235.56359211885115,54.957833604286165,331.92769137961005,13.80722891566265,8.4864472459945e-4,13.80722891566265
CRS3035RES200mN2629400E3485000,36163.816392909415,247.4636430600863,50.300574938057835,349.39414347622284,4.569696969696969,0.0015784489108702515,4.569696969696969
CRS3035RES200mN2629400E3485200,36140.05348202747,247.73976930072274,50.63184798736419,349.8290910831379,6.890909090909091,0.0015794763796486862,6.890909090909091
CRS3035RES200mN2633000E3483000,36460.72550496207,240.22964162660702,57.33444057026143,338.81560378798815,20.533333333333335,1.547380800099033e-4,20.533333333333335
CRS3035RES200mN2639200E3476600,31939.87723993642,211.17526865651365,54.17814881736791,296.91605417962967,14.519441674975075,0.013626421400138573,14.519441674975075
CRS3035RES200mN2612000E3488200,34128.495007174875,226.83265529535333,63.93847360089945,319.1507463348965,1,5.62155125227451e-4,1
CRS3035RES200mN2618200E3467000,26329.318324058735,158.23618367953782,46.76660577998669,221.9069141781006,62.628798224650055,0.49768489019158063,25.166646750882
CRS3035RES200mN2621200E3475600,33099.429288558145,220.90620275806444,53.01817552362827,309.92771334602867,85.39828819705336,0.3532513992268201,33.46394760053576
CRS3035RES200mN2621200E3475800,33137.70740424747,221.4251965780432,53.079795697189105,310.6671316899947,85.39443337362385,0.3529296469665875,33.05495410146676
CRS3035RES200mN2626200E3471800,33327.69761414918,207.66182070313786,52.601452652397874,299.6960796571831,62.72895977232973,0.38342976005092255,23.245943141730663
CRS3035RES200mN2628000E3462400,33701.9917466282,213.2440224563287,43.40293900556935,311.2253125768861,43.820118576102736,0.45459527164553,17.84485227188861
CRS3035RES200mN2628000E3463200,34147.24572651907,217.53534018546634,47.258451388813036,316.6651993927015,48.32310757952225,0.4439941891581925,20.591896479618196
CRS3035RES200mN2640000E3475800,32359.354653684197,206.9852408332284,56.40490479987689,290.95000069948657,15.103333333333333,0.012590758383346624,15.103333333333333
CRS3035RES200mN2611800E3470200,28144.70556427445,173.35796832643743,51.61479526323282,240.53528320730413,78.53412444077794,0.4496647167926944,23.39978107053337
CRS3035RES200mN2618800E3471000,25537.836758836944,168.3131984036488,45.38855473204105,233.4792046750285,55.2059490727613,0.5026510832383124,18.640846707877277
CRS3035RES200mN2625000E3460600,36851.06481071108,237.51934117356035,49.86037043526659,345.10081322600263,43.015842948166004,0.41897115057564854,24.988998499348096
CRS3035RES200mN2625000E3461000,37012.153361726174,239.25701915507742,49.15191853541368,347.1261833155037,39.339491746414424,0.4102395898512403,23.238315825727568
CRS3035RES200mN2625000E3461400,36437.414858497796,235.91323855564528,49.19585458336314,342.0879265762497,37.59383994686216,0.4154512842001983,22.41973726290927
CRS3035RES200mN2626600E3464400,38814.49895422626,253.24884074868498,45.58632750963447,365.95567699386777,41.99862235233339,0.3617843125038938,14.916337425274914
CRS3035RES200mN2626600E3467000,28787.836163860913,174.82340480880003,48.00401352707273,250.52666394143225,51.0096861241301,0.4360994462819131,27.62705865644085
CRS3035RES200mN2631400E3462000,32590.290171038734,206.5730950849124,51.73887762657959,302.22943954163077,61.62123410429291,0.42669855181538985,17.84697732639187
CRS3035RES200mN2631400E3469000,31599.36233713167,203.26144285783022,54.01384681955862,283.95300254819995,26.6986301369863,8.774460310591872e-4,26.6986301369863
CRS3035RES200mN2637400E3473200,30832.95834071973,200.3352651602962,53.36339710635048,280.8889585861754,NA,NA,NA
CRS3035RES200mN2637400E3479200,36564.03904715964,234.9262704352414,60.49356507298906,331.09596849298106,17,1.3464537773638698e-4,17
CRS3035RES200mN2609000E3490400,37110.194563685014,234.99952479764303,65.71117200741323,330.76165433780557,9.457142857142857,5.544027498376394e-4,9.457142857142857
CRS3035RES200mN2609000E3496200,37257.86064606523,243.2304557858244,66.62277822848279,342.5330223467798,20.1,7.375175160410042e-4,20.1
CRS3035RES200mN2615800E3480000,27750.9296140597,193.37119752437698,54.791849127109536,270.9862205873771,20.01449275362319,0.0010071816430197952,20.01449275362319
CRS3035RES200mN2618400E3479200,30550.3854036713,210.81281666114995,57.77757975405438,296.3741248058658,19.64666666666667,0.0038190289482394235,19.64666666666667
CRS3035RES200mN2618400E3479400,30621.34195340068,211.23219404068843,58.242754684773054,296.9983694059797,22.469594594594593,0.0037707486719576046,22.469594594594593
CRS3035RES200mN2621400E3464200,33340.31005499994,203.11360530938904,41.15814492886751,292.8987036547978,42.294767398952004,0.4667416839857161,16.736160791163375
CRS3035RES200mN2624600E3477600,31351.484647252364,207.05865724381587,52.857426587059834,290.2112708663335,83.71110824159867,0.3774460826124038,17.532666171675785
CRS3035RES200mN2628000E3465200,27274.52651984492,172.62012870218635,46.34324579985877,250.60266197689756,47.79384367194005,0.5120375181528705,18.957290799333894
CRS3035RES200mN2635000E3486000,39562.32811588567,232.999015652343,69.27871621621621,328.27074421543847,25.765714285714285,0.004253354073497959,25.765714285714285
CRS3035RES200mN2645000E3482000,37996.951958821905,250.34698312839618,64.80629110666294,353.43070060051474,17.642857142857142,4.804117815270239e-4,17.642857142857142
CRS3035RES200mN2615600E3480800,28483.262299116897,197.86814825539284,55.933864195743475,277.16684522947753,14.420289855072465,9.989865353988718e-4,14.420289855072465
CRS3035RES200mN2618400E3468000,24531.188945783168,150.5501204819275,46.26893072289153,208.30912650602409,70.86038431975402,0.4898343373493977,18.505936971560317
CRS3035RES200mN2618400E3468800,24071.129474044224,154.45294353819386,45.560231378905264,215.58783030230933,69.81500283692179,0.4979553599310027,18.203344581479364
CRS3035RES200mN2624400E3461800,29814.630085122273,186.65871247730288,43.48250550526058,272.4956022304354,36.85522399075008,0.5234697951141617,21.803891854658165
CRS3035RES200mN2626400E3460800,31143.325973730527,198.4602425795328,45.60006705061124,291.02211472838513,40.0058304017319,0.4867036243250039,18.503006224015344
CRS3035RES200mN2626400E3461800,31450.886930372428,203.25462641684015,43.9939509599815,296.1608836456165,39.187532288617184,0.47014804533888505,21.73680779354963
CRS3035RES200mN2628200E3495600,38172.65833315632,254.7234535370494,59.814158821904414,359.69555239167767,21.359999999999996,2.6562400390998557e-4,21.359999999999996
CRS3035RES200mN2628400E3459600,32939.7019624521,211.2538550337204,45.22596755574464,303.26853393280254,55.13413553816625,0.49380885837535754,19.35638318814902
CRS3035RES200mN2628400E3461400,32609.669817347276,204.71968012113757,48.02537500591492,299.4675389201722,53.388194478618175,0.48078834051010266,24.447696963732124
CRS3035RES200mN2630600E3464400,28385.998494117703,181.87378823529488,47.989431932773215,257.6165512605045,49.94007887936895,0.4943193277310939,19.009582483340107
CRS3035RES200mN2630600E3467000,28925.339324511307,188.9067088024238,50.894120745276375,268.0030811771684,66.20885680177372,0.46325630390414296,22.21834745040078
CRS3035RES200mN2634600E3484800,37674.93357994142,228.22185890314108,65.27129835370165,321.32899454600545,11.022421524663677,0.0056307443692556304,11.022421524663677
CRS3035RES200mN2640800E3478800,34011.59123047088,214.04131029763903,60.12522807617731,301.17202645683597,28.6984126984127,0.004490249743414294,28.6984126984127
CRS3035RES200mN2609000E3499200,38805.53360735395,257.07667797798274,69.4486450317832,362.7811021364049,29.157894736842106,6.05394382577387e-4,29.157894736842106
CRS3035RES200mN2617400E3484000,34143.65885892838,232.885013308645,63.10733711375984,327.54117578983886,25.629629629629633,3.124638352042589e-4,25.629629629629633
CRS3035RES200mN2617400E3494200,38421.09192721044,251.77656326331117,67.52898143624799,355.431497313141,NA,NA,NA
CRS3035RES200mN2620400E3463800,26754.295788006486,163.6618764999213,48.56052136174866,236.4760084498541,51.94644394696058,0.5841464641384172,28.23167113582129
CRS3035RES200mN2625400E3458200,35901.897734155966,228.5636231071226,50.75393157599543,331.2095008412788,51.639007109646016,0.4559618620302861,21.131457108415955
CRS3035RES200mN2631000E3460400,32869.18276762402,208.92737784408803,50.4390774586597,305.1431804053214,59.58716091464281,0.437709809772473,10.573069166311601
CRS3035RES200mN2631000E3460600,33116.17640768465,210.77480733065377,49.90041422372998,308.27540346866283,60.479445819464594,0.432058704229507,11.013430627862638
CRS3035RES200mN2631000E3462600,32695.396942128173,208.81797478263965,52.67146263062379,303.44884766389504,62.18060134835884,0.48207147686431734,18.639375522858128
CRS3035RES200mN2641000E3478800,35295.60208203037,223.78013602251383,60.21297164894706,315.32734000416895,NA,NA,NA
CRS3035RES200mN2608600E3489400,36844.78471675372,230.91357171554833,65.33788670148665,324.88189634391256,19.400000000000002,5.624748895138606e-4,19.400000000000002
CRS3035RES200mN2608600E3490000,36637.43717820139,230.56273821464492,66.30499832831853,324.38418589100706,14.457142857142856,5.850885991307281e-4,14.457142857142856
CRS3035RES200mN2614400E3491800,36017.66235220732,239.4605319118773,68.3015963027021,337.8855510504976,81.00903356436415,0.36408744222972017,31.684226306362433
CRS3035RES200mN2614400E3492200,36669.3497450277,241.97190493862797,68.13246189160584,341.48928566519595,79.85509960159362,0.3450029552045964,31.276776892430274
CRS3035RES200mN2623000E3468800,29698.20088115766,186.17449706913797,50.180738602554854,270.9297099522706,59.504118162473404,0.5057161305024878,11.24609087495306
CRS3035RES200mN2623000E3469000,29712.69967611121,186.42986661906107,51.096847823314846,271.46479304276784,64.20731742012573,0.44820331029557936,19.68042049560443
CRS3035RES200mN2625600E3482800,33533.81497878391,220.82344068087636,59.77629933040646,310.6204777905866,NA,NA,NA
CRS3035RES200mN2625600E3484000,37368.25946530673,239.14434657188488,60.113985473651624,337.1986091794157,NA,NA,NA
CRS3035RES200mN2626800E3496200,38626.94016976999,254.81980369028562,66.65903825090572,359.8901234307861,8.607142857142858,2.9488583705451174e-4,8.607142857142858
CRS3035RES200mN2641200E3478800,37634.6602230311,239.16044191511855,61.91411686097399,337.5866089120321,NA,NA,NA
CRS3035RES200mN2641400E3479200,36732.55128357072,236.73264275724793,62.186348875245976,333.8941024486227,38,2.3703984639817966e-5,38
CRS3035RES200mN2611800E3481600,30835.579961783253,200.30210793975596,58.764635962866564,280.8696868934595,NA,NA,NA
CRS3035RES200mN2615000E3504000,38032.34001076362,248.7919183160916,69.48105902051067,351.2067810799498,8.222222222222221,4.036357112958201e-4,8.222222222222221
CRS3035RES200mN2615200E3466000,29225.430410958903,173.03913698630137,50.82415068493151,252.98,54.676844665817214,0.5913013698630137,18.04192285416425
CRS3035RES200mN2615200E3466400,31034.806359852282,186.76025940472624,51.10438821978942,266.39180813445194,67.29066056936097,0.519318344924775,36.16765496620518
CRS3035RES200mN2615200E3468000,25842.023144248204,160.8673738916889,43.43103128257114,228.14951669783977,70.4957753669432,0.5593312297434286,21.492400765794518
CRS3035RES200mN2617800E3481600,33129.4977865398,225.316636957112,61.96055909053347,317.2844798073404,11,1.652716948612308e-4,11
CRS3035RES200mN2623200E3466600,25993.551768488745,152.12852158445645,45.65438872545666,220.67785455291784,55.10157691456124,0.556188000273654,22.904307609043272
CRS3035RES200mN2623200E3466800,25084.616852101597,148.3657423016408,45.85522027421892,214.90816756574512,55.7824054712293,0.5710412452236457,21.86823292085907
CRS3035RES200mN2627000E3469000,33089.97916784156,201.8670666922322,52.028749957704065,291.8861167818996,51.227382474080386,0.39707424910614586,17.617420820906098
CRS3035RES200mN2631600E3460400,33014.601703295346,212.7719833873081,50.52589552792267,307.40903809547353,66.69418448198535,0.4134013992237522,20.053499775751234
CRS3035RES200mN2606200E3485600,34972.98022457892,219.48585464753586,63.680910792264505,308.8782283218965,24.53125,9.981285090455397e-4,24.53125
CRS3035RES200mN2606200E3489600,34789.823973098995,221.8901109108805,63.88082189235878,311.6472588106332,26.33333333333334,3.344046668029048e-4,26.33333333333334
CRS3035RES200mN2613000E3466400,29692.769261264155,176.84986056430404,51.29358048993873,255.67999507873972,68.13927960585103,0.5355014216972873,16.01623311975084
CRS3035RES200mN2615800E3501600,38970.100645285565,255.27019441119413,71.36451066991373,360.01589136087836,21.44736842105263,5.228326522750099e-4,21.44736842105263
CRS3035RES200mN2619000E3487600,35987.63134760861,243.76013935164625,65.00108529319198,343.6190837954875,20.599999999999998,2.1705863839116175e-4,20.599999999999998
CRS3035RES200mN2619000E3499200,39084.3173845329,256.3793371971302,71.38408609288432,361.68898562565425,23.711267605633804,0.0018127505297827252,23.711267605633804
CRS3035RES200mN2622000E3465400,31317.21607596724,194.3154005459851,41.233608679280806,281.0302645203803,50.31056114541563,0.4783135649063353,20.525666068045943
CRS3035RES200mN2622000E3467800,23604.309035400147,146.92052046231015,48.39874972741143,210.58501126699184,66.52200593088463,0.49515155920622317,31.662641298922438
CRS3035RES200mN2624800E3487200,36830.011065309496,237.37934091746465,60.012366433308685,334.6706429624169,NA,NA,NA
CRS3035RES200mN2630800E3491600,35818.182519280126,248.00645886889387,58.03552913453281,349.83998500428356,27.29813664596273,0.0017245072836332448,27.29813664596273
CRS3035RES200mN2630800E3493000,36290.45466584079,250.9134112219398,57.19409854973408,354.02634614152373,7,1.0679425019756937e-5,7
CRS3035RES200mN2630800E3493200,36246.45444394819,251.52164018800912,56.76451009166507,354.89356430379206,4,1.063399902167209e-5,4
CRS3035RES200mN2609600E3495200,36031.395300825905,235.7413881242636,66.83765237908,331.72913881242783,29.857142857142858,8.257963035784539e-4,29.857142857142858
CRS3035RES200mN2613400E3483000,31820.328743894923,206.85589646226757,60.18100262322638,289.71064798040493,19.545454545454547,3.188452006550819e-4,19.545454545454547
CRS3035RES200mN2616000E3489400,36039.25499546822,232.6248065258317,66.96334100257967,327.7616956006414,22.97709923664122,0.005480025099351604,22.97709923664122
CRS3035RES200mN2616000E3491000,36859.195487853394,242.01013821336448,67.219806732287,341.5430489072546,76.79096708190407,0.4264979531075549,24.8687097550701
CRS3035RES200mN2624800E3463400,26036.77175343485,165.87021634995062,36.84048797178509,241.98078643996453,38.39127653816815,0.5349397273253687,22.323515953651967
CRS3035RES200mN2624800E3463600,26518.284799152934,166.4557871749057,36.87329759777646,242.6201177949838,39.00730645280327,0.538005426510489,22.07622819749563
CRS3035RES200mN2631000E3489000,36809.61368368369,250.1077577577583,57.533373373373514,353.045735735736,12.101063829787234,0.0018818818818818858,12.101063829787234
CRS3035RES200mN2635200E3486200,39671.70781214532,234.50290909525344,68.93309678267207,330.4542131106412,24.602905569007262,0.00493411227793508,24.602905569007262
CRS3035RES200mN2612000E3476800,29564.933481876757,189.67899009395134,56.12517385257302,265.57416763645654,10.548076923076923,0.0014759728648065624,10.548076923076923
CRS3035RES200mN2615400E3466400,32851.33670225673,193.85882067459355,43.91468090269352,280.76174472215484,61.643359630169336,0.48291676777481196,28.565943922415958
CRS3035RES200mN2618800E3463600,26952.17519400046,165.50868658790827,49.31119701181376,239.49866805652073,50.77185170606903,0.5885018531387538,19.680196314792497
CRS3035RES200mN2618800E3464200,26466.14831770947,163.37059806700094,49.13924860111911,236.36087493641452,47.850057812000294,0.5907855533754814,18.137039041550814
CRS3035RES200mN2618800E3464600,26929.413099528498,165.06695061323913,48.128844318457,239.3919744732981,46.90356466333735,0.5790373356504893,15.807451597825299
CRS3035RES200mN2622000E3464400,31120.777285221357,195.52565647113866,40.41632844025966,280.8102813030002,39.68589633201309,0.47545470495350606,13.56464365667053
CRS3035RES200mN2626800E3469200,33392.50558049457,202.75436868206293,51.77802281453951,293.6752454410102,52.07467689248686,0.3941049379260934,17.76002272404488
CRS3035RES200mN2626800E3469600,33719.35886975086,202.99005219801714,53.05623302446712,296.54218873998235,52.073540690242865,0.3934970436026691,17.084158500213036
CRS3035RES200mN2628600E3472000,37378.979945794264,239.77261365486464,56.99780687052875,343.2936111935796,67.70689207512333,0.33196701686506985,13.09035859562069
CRS3035RES200mN2631000E3464000,34840.53022433429,226.22901978119222,51.05979666261474,321.9722731793579,58.76182274494368,0.4491325008288222,21.248494168594096
CRS3035RES200mN2635000E3491000,38759.43566980712,243.4484941781065,63.00435195259167,343.33000763906574,16.606557377049178,0.0021181045857543023,16.606557377049178
CRS3035RES200mN2635000E3491400,38715.930721061784,242.80902144960052,63.46872517407351,342.43532408056507,19.28082191780822,0.0017056871816440024,19.28082191780822
CRS3035RES200mN2642400E3471400,36892.37692918747,211.22334600544713,63.05510950975942,296.71273547435317,NA,NA,NA
CRS3035RES200mN2642800E3471600,32322.99306836529,206.0569662208905,58.94268791791569,289.00298305280165,NA,NA,NA
CRS3035RES200mN2642800E3476800,33836.47611147976,219.03602632161025,56.652565804025656,308.0423164122982,23.414814814814815,0.0018662906436629064,23.414814814814815
CRS3035RES200mN2613600E3484000,32201.005152184323,210.53514886493198,62.145329119221906,294.97537919787493,30.583333333333332,3.463653288305841e-4,30.583333333333332
CRS3035RES200mN2616000E3501200,40040.2787358805,261.51031417813715,70.95383001049318,369.175384235541,13.105263157894736,2.3455342262823281e-4,13.105263157894736
CRS3035RES200mN2619200E3489000,35450.14537450127,241.8288010764105,63.13003092321126,340.80634043858987,23.01923076923077,0.0012274862497934514,23.01923076923077
CRS3035RES200mN2622200E3471400,31223.700222585685,200.37923189492972,50.69273337678468,283.49313181745515,65.94259201452935,0.43335341933421057,19.62742416073101
CRS3035RES200mN2626600E3493200,37907.703690425755,251.05478603787114,64.34011233147562,354.30103531814575,2.6,2.1727558148377496e-4,2.6
CRS3035RES200mN2634600E3466600,30351.42909109874,199.23193866774452,53.14048789392023,276.78896175860854,68.62206014154587,0.4218809079885784,13.798130234570577
CRS3035RES200mN2640800E3475400,33624.77631747742,207.82297264550283,58.52328482032126,292.0885350590847,23.482404692082113,0.009721608484312845,23.482404692082113
CRS3035RES200mN2608800E3491200,35917.21936161575,227.3262872728604,66.15974346688277,319.64184880763696,22.51428571428571,6.450186133942704e-4,22.51428571428571
CRS3035RES200mN2613000E3473600,28608.5897496359,184.133601498024,53.89954920590897,256.81478604618883,88.49777199544648,0.42645121020875265,24.09770043909578
CRS3035RES200mN2624600E3467400,27436.32199558406,167.4507938176848,46.12367258963306,242.37239774997371,54.7343634844986,0.5349858059089475,18.610069768584466
CRS3035RES200mN2624600E3472000,31848.114784250734,200.05857540495137,52.46021605581646,284.76758672274474,54.757412245825286,0.4317682979166922,9.490670794047483
CRS3035RES200mN2626400E3459200,30941.910485740198,193.86494759649298,47.859341932883204,284.9055729114179,46.03695047848655,0.5120553260102791,18.471711481217252
CRS3035RES200mN2628000E3460200,33766.590603031866,203.4973128575129,45.711431783644876,296.65594692430386,52.76493521721283,0.42146748866458367,26.60119892126399
CRS3035RES200mN2628000E3460800,33500.793132672676,199.49828628404114,46.464323549573194,290.7159344425752,50.97118744156297,0.5065370474231945,23.664583435854496
CRS3035RES200mN2630600E3469400,34446.052374563995,221.43570700295143,55.99466595116716,312.22127180037563,NA,NA,NA
CRS3035RES200mN2634400E3485400,38396.06078631855,234.36476438330718,66.23761501998322,330.27824379589214,8.40449438202247,0.005170090157077801,8.40449438202247
CRS3035RES200mN2641800E3470800,31059.654947678846,203.58211953086595,56.81667251913746,286.0252967202747,49.3883495145631,0.0014467308097478742,49.3883495145631
CRS3035RES200mN2611200E3468400,30159.410830077995,190.00547159636454,44.703928764024255,266.42652145891697,71.22857580476348,0.5152376067027056,13.321729252291133
CRS3035RES200mN2616600E3499600,38926.88982068108,251.35201945921483,72.37369894784479,354.18067654712075,24.149253731343283,0.0018950107478221518,24.149253731343283
CRS3035RES200mN2622800E3468000,30416.33571023221,187.30136445508143,51.12257889412512,272.3946680154945,61.571729297641724,0.43367712008685116,18.752413734247444
CRS3035RES200mN2625400E3471400,33088.61207183444,205.01391932985263,51.28795685351995,296.15778300533594,54.52564466659099,0.40406219519192144,11.85259002612745
CRS3035RES200mN2627000E3473000,33520.47329906395,215.2877842375811,54.79391232126422,306.98707041684435,80.84259375391947,0.3579429392354486,12.977637024959236
CRS3035RES200mN2635600E3479600,37926.33451132604,229.9981461097265,63.13732692196258,323.728103817855,13,1.390417704652104e-4,13
CRS3035RES200mN2635600E3485800,40054.64905705148,234.51772031787422,68.33662673466958,330.4166646898357,7,8.302692444549883e-5,7
CRS3035RES200mN2635600E3494600,40263.81546065352,244.84617894431554,64.97214568832173,345.67652745552977,NA,NA,NA
CRS3035RES200mN2615200E3501000,39418.15806924097,256.6627829560585,70.72936085219705,361.9124900133152,13.578947368421053,2.529960053262317e-4,13.578947368421053
CRS3035RES200mN2618200E3481600,33374.48069564818,227.75787156555398,61.38704361054761,320.8216393140326,14,1.613498063802323e-4,14
CRS3035RES200mN2618200E3481800,33546.847458989105,228.56276474842443,61.454799049488585,321.8704756000964,16,1.6071449070725855e-4,16
CRS3035RES200mN2618200E3482200,32880.430177352035,224.93338834475418,62.751061361652255,316.50828161063873,20,1.6742606345447806e-4,20
CRS3035RES200mN2621200E3477600,33438.69239117885,225.98632952314975,53.58926220990648,318.1078166493476,70.24518150644437,0.39057845514374784,11.227376729336626
CRS3035RES200mN2624000E3465400,23548.70774032279,136.20462656590905,40.792657024375444,198.1563669464954,44.242666928708296,0.5881604993570201,16.210907482926345
CRS3035RES200mN2624000E3465800,25733.6280946444,146.896765265999,43.59745989121649,213.15662634095548,47.03881491671989,0.5577004754141035,17.443941925023335
CRS3035RES200mN2626400E3487800,38521.09158126347,247.92061966023755,61.125498047455665,349.9259619006077,15.033557046979865,0.001476797430967153,15.033557046979865
CRS3035RES200mN2628200E3472200,33106.52752642603,212.04278506795333,52.01050019314756,303.22970489423693,69.34478778960721,0.40571482084118726,14.48827432989984
CRS3035RES200mN2628200E3472400,33424.09498836496,212.41239570917864,53.63672172086968,302.71951870140356,72.9194502435629,0.39148646347692984,17.5778879610299
CRS3035RES200mN2630400E3493200,36364.38950550637,249.8038544590801,51.88572662491902,352.5428093284388,13,1.0796804145972792e-5,13
CRS3035RES200mN2630600E3461200,32956.29542140566,210.20557499756976,50.13710265383494,307.42701953922426,63.10577727474042,0.493851463011568,18.02424585404261
CRS3035RES200mN2635200E3491600,38495.63607353614,242.9391578774476,63.445933104168375,342.64220936917064,22.90506329113924,0.0018536551028309302,22.90506329113924
CRS3035RES200mN2635400E3472400,33398.64353517186,208.8233787969625,55.72966626698633,293.08635591526735,28.083333333333336,2.9976019184652287e-4,28.083333333333336
CRS3035RES200mN2635400E3475000,34402.18456062553,222.24041311704974,56.35265491889363,312.6999649900808,16.353846153846153,0.0022756447660170344,16.353846153846153
CRS3035RES200mN2608800E3496200,37758.62450286659,247.39126766868102,67.38417437115851,348.69021916912004,20.7,6.88669662379698e-4,20.7
CRS3035RES200mN2609000E3477800,32346.726252624347,196.28593315553508,58.29704079895578,274.3758298814045,25,2.837201384554273e-5,25
CRS3035RES200mN2614000E3466000,29180.672170868347,170.99205882352942,51.999901960784314,251.14955182072828,63.10215567056932,0.5574509803921569,30.926893120948684
CRS3035RES200mN2614000E3466200,29901.625708225187,171.00150715900602,51.69789835049822,251.097044293729,63.825335410280786,0.5554439141477591,31.991663735490626
CRS3035RES200mN2614000E3471600,27132.326202672924,172.5644048879604,50.59761611767736,239.47762069656298,74.82522259748235,0.5592536416449646,18.01048510899603
CRS3035RES200mN2614000E3472200,27518.298530142725,175.20130653979976,51.00660370659661,243.72875097635446,71.09113193575568,0.5561741106298373,13.565827439164513
CRS3035RES200mN2617000E3488000,35222.687620889716,229.6764241152917,65.55090309750172,323.4186122537937,NA,NA,NA
CRS3035RES200mN2617000E3494600,38471.1444585066,252.82473332128006,67.96951726631713,357.05321521123363,14.97278911564626,0.001771831495208823,14.97278911564626
CRS3035RES200mN2617000E3499000,39935.48362077997,261.1262009293005,71.55816282563367,368.61685551583196,10.688405797101447,0.0016070617554238343,10.688405797101447
CRS3035RES200mN2620000E3473000,32025.349830572068,213.90670324902976,51.98227162404587,301.3410250096732,64.1712631937351,0.41324000140701395,20.772199523323096
CRS3035RES200mN2620000E3473400,32653.697288856012,215.63027933354468,53.3267110500546,303.0275693637207,65.78631823856543,0.4138222550988059,14.330617977528096
CRS3035RES200mN2625200E3484800,37459.65568052671,244.3041893639535,59.918769839714635,344.66215660148094,NA,NA,NA
CRS3035RES200mN2626800E3458000,40512.5412760988,259.8370370370368,46.49261692704529,376.3755584756896,51.67822752449936,0.34267776317710635,25.671779576764656
CRS3035RES200mN2628600E3483600,36174.83982411432,241.08030779993004,56.00120921401089,340.16168490481186,19.2,0.0028981162244541047,19.2
CRS3035RES200mN2628600E3486200,36720.07009577868,243.1035625601783,59.11158972279943,342.9368367708913,25.78740157480315,0.001287183905133532,25.78740157480315
CRS3035RES200mN2630800E3461600,32608.835378224325,208.860315428461,51.60194667181915,304.6795116413873,64.10900054131194,0.4907979905323157,20.040551646080367
CRS3035RES200mN2610400E3472400,29770.180069455295,180.26521658353911,55.374230060166006,251.6501650636669,NA,NA,NA
CRS3035RES200mN2610400E3477000,30105.146522275416,191.7891394633519,56.730740336503736,268.5089512253905,21.51041666666667,0.0013607563537399558,21.51041666666667
CRS3035RES200mN2610400E3477200,30111.402259823317,192.87855562912998,56.61453387621698,270.0945350033109,19.197916666666668,0.001352512715028389,19.197916666666668
CRS3035RES200mN2610400E3486800,35463.42739358961,224.8557441733779,62.82766743716965,316.12421784131567,26.75,8.244872719777389e-4,26.75
CRS3035RES200mN2616200E3484800,31887.25838721837,213.27955461478237,63.49975353031577,299.02451648447243,9.035087719298245,8.263983530025807e-4,9.035087719298245
CRS3035RES200mN2620000E3489800,36688.60532752091,252.16422599494516,63.37882090483959,355.87479405233506,20.925925925925927,5.526049181837728e-4,20.925925925925927
CRS3035RES200mN2623400E3466800,25768.230565540765,151.5846115852156,45.692560985648925,220.05415306094494,55.02078771925509,0.5577065554427469,19.539612290585282
CRS3035RES200mN2623400E3468200,30339.22131661442,188.20378634212307,50.065990534144696,273.23458110516935,59.129646485768404,0.49971110701333826,14.963489876749739
CRS3035RES200mN2625800E3484400,37699.41561992234,244.3428521390557,59.10878681442708,344.7221611418671,NA,NA,NA
CRS3035RES200mN2626000E3457000,31951.90022170053,196.44414449660945,48.02717788210754,288.4953964527914,50.03980417722454,0.5301121544079286,13.672577431179139
CRS3035RES200mN2627200E3469000,33306.47599653477,202.53194649145505,52.46887481295636,292.5116951498037,49.67623917057236,0.39608249046499333,21.235253515125724
CRS3035RES200mN2627200E3469800,35184.79854426636,217.14049689312566,51.74425409166573,316.6958054610669,50.04157673520393,0.3640574435748177,16.588449960240858
CRS3035RES200mN2629200E3483600,35723.23379377007,237.5790797501377,56.82134430898112,335.03631525885277,15.244712990936556,0.0034402835375676884,15.244712990936556
CRS3035RES200mN2629200E3485800,36464.07834018451,249.65818636458354,50.95191233022031,352.56505143116937,14.06060606060606,0.0015628255886643051,14.06060606060606
CRS3035RES200mN2632200E3467800,31829.592365578355,203.35345308896697,52.30711251365464,284.51286563903454,NA,NA,NA
CRS3035RES200mN2636600E3491800,38994.961202036655,242.84238698268462,64.25336767271568,342.4491614940021,12,2.373690019820316e-5,12
CRS3035RES200mN2613800E3465400,28812.617700214618,170.324988704394,52.13119846379758,251.48127753303964,62.32784784684187,0.5619846379758274,27.28121451183357
CRS3035RES200mN2619400E3471600,31841.36743426542,210.02084674247297,51.89573052992912,294.8656463801284,51.67435991947602,0.4203795084507372,14.846128327993426
CRS3035RES200mN2622400E3462800,29548.278732928102,187.4199496426664,39.7765456903787,272.2568224013836,44.84344018303033,0.5169129428520564,22.519793844867028
CRS3035RES200mN2622400E3463400,29996.70548358697,189.4433530373538,40.61700415042133,274.2262608476921,41.2485916012694,0.5112438686957615,17.618450638392105
CRS3035RES200mN2625000E3463200,26372.593422019312,167.07420235096558,37.58494699832074,243.02541194374476,36.313021230534574,0.5332834802686818,21.63358508204384
CRS3035RES200mN2625000E3463400,26486.533618374742,167.4678546288813,37.08888859921266,243.8973329509607,36.52313710054368,0.5298772062465782,22.412467711382828
CRS3035RES200mN2625000E3463600,26424.79634230414,167.84037253346168,36.646769598980214,244.34533487688446,37.400059042042855,0.528739968001665,22.635560530394336
CRS3035RES200mN2626600E3477000,31936.11489979251,207.22875613178695,57.50276455137508,290.5227340873382,82.2668447327419,0.37719035225541814,10.821059493147636
CRS3035RES200mN2626600E3477200,33176.87837898771,215.720087926953,59.309153421260284,302.9666441212941,82.27186873986454,0.3545147108555969,14.220366307354782
CRS3035RES200mN2626600E3478800,34479.85913291806,219.54377009736692,62.29288749971894,308.7313080434436,NA,NA,NA
CRS3035RES200mN2628600E3462000,33172.673186483684,209.60608926306077,44.08945911659555,306.95978549186947,50.326896110605425,0.4687925268135163,21.234569116091397
CRS3035RES200mN2628600E3462800,33538.93467033336,214.01666778455967,48.02238021776556,311.5780512889306,47.088833673645105,0.45441232365238,14.445049078698117
CRS3035RES200mN2631200E3463000,33381.103487273926,217.41464864927897,52.06885937809711,312.4633259102943,64.67779324451021,0.41041635089601153,23.319848867929878
CRS3035RES200mN2611000E3480600,30559.916268219884,200.6123330145759,57.949766727520355,281.3829290909618,7.590909090909091,9.562722767973573e-4,7.590909090909091
CRS3035RES200mN2614200E3495400,38143.058727383206,253.2377350362366,69.95822563478774,357.5703968374628,27.090909090909093,2.7874917642288716e-4,27.090909090909093
CRS3035RES200mN2617200E3477800,28170.283355835683,200.60833879182428,53.185931797826406,281.509283890545,12.668702290076336,0.008755865092838905,12.668702290076336
CRS3035RES200mN2617200E3478000,28303.52921307161,198.09101021474015,53.76871006687738,277.8488815334319,13.989473684210527,0.009020985661380685,13.989473684210527
CRS3035RES200mN2620000E3467200,25691.748772132592,156.43211303259193,44.92485588894863,223.66635024144676,74.7089870345154,0.4647598607729035,23.395888342904506
CRS3035RES200mN2620000E3469400,23449.240851834013,155.61874735443942,45.33102713432879,219.97739049203778,69.11523510610729,0.5069112989155026,32.490374038987596
CRS3035RES200mN2622800E3463400,29051.262248485302,187.40408158176876,38.262934151145686,270.9846660184008,36.836773352357994,0.506756925225023,16.15584147211495
CRS3035RES200mN2622800E3464200,30368.33377446793,191.86220960309916,40.526871112501354,277.99085648287394,45.562646067553935,0.48904582586412254,22.19183989766043
CRS3035RES200mN2625600E3461600,36719.61806312276,241.5853237127571,47.81872085603495,350.6419771265891,33.95867057000172,0.3990477592892554,16.105931265221745
CRS3035RES200mN2629000E3462600,33491.90767658676,211.01820979149446,46.65431248277763,309.22061862772114,50.55755369135772,0.4667148893175347,17.218216930305772
CRS3035RES200mN2629000E3466800,29407.72244769743,190.22054407237545,50.71169190174028,269.25130363762014,61.10504958279439,0.49543255638625366,18.7533794922519
CRS3035RES200mN2631600E3475400,37194.78888912129,236.21384049028407,57.23100253090419,332.9352109435457,10.35,2.0916563826894522e-4,10.35
CRS3035RES200mN2636400E3494400,39566.75449831908,245.90887352620967,65.83481698944092,346.90293100999185,NA,NA,NA
CRS3035RES200mN2636600E3473800,35209.82305248981,216.3423514726057,58.792327372050806,304.01260644411695,NA,NA,NA
CRS3035RES200mN2636600E3476000,35045.07525711805,227.63099846530898,57.51708775225044,320.6513159401698,27.980392156862745,5.840987699567087e-4,27.980392156862745
CRS3035RES200mN2611400E3470400,28831.251379886224,175.95529168671652,53.27017464406016,244.43873305216698,77.55886925346614,0.44607829262079385,22.869818204892283
CRS3035RES200mN2611400E3476400,29413.509877745146,188.44968076273403,55.871102585392286,263.7370086179741,13.942307692307693,0.0014888195378933208,13.942307692307693
CRS3035RES200mN2611400E3476800,29090.28250894545,191.62661895741223,53.641591243948376,268.3684697958324,13.374999999999996,0.0014593418929348203,13.374999999999996
CRS3035RES200mN2614400E3483200,31687.04501621498,207.85055073788877,59.177993342571824,291.1445490521022,30,3.7144449047816336e-4,30
CRS3035RES200mN2617200E3485800,35641.55540613526,240.19352740820744,63.82955434794598,338.3608976973358,25.52702702702702,8.156876577639133e-4,25.52702702702702
CRS3035RES200mN2619800E3472600,31357.831320358597,209.53744615644493,52.08500343874805,294.36491753037564,62.3331063443423,0.4252464436105648,24.885867097945717
CRS3035RES200mN2637000E3484400,39165.30873278675,232.4544788064662,65.74972202196943,327.0741682042008,11,1.221881453061424e-4,11
CRS3035RES200mN2611200E3480000,30378.348311728976,200.16814411132768,57.23181889326826,280.74575620028725,NA,NA,NA
CRS3035RES200mN2611200E3488000,34000.5820675747,220.83516061396628,64.87562220906224,310.25975127642886,NA,NA,NA
CRS3035RES200mN2614400E3492600,36311.03358583812,243.88435013982792,67.6711330129513,344.2645733213872,84.2567594472982,0.3409220493605939,35.3694062835981
CRS3035RES200mN2614400E3503200,38164.712079886056,248.90062732975753,70.94410097887682,351.3248477134282,10.777777777777779,4.0912810255477763e-4,10.777777777777779
CRS3035RES200mN2617400E3498000,38766.63408307742,256.9789988095979,71.32075684480888,362.7382870747443,7.037313432835822,0.001679092788672385,7.037313432835822
CRS3035RES200mN2617400E3498400,38914.76775719451,258.1629971766804,71.02245034424686,364.373495467829,1.855072463768116,0.0017088513546981029,1.855072463768116
CRS3035RES200mN2617400E3498800,39795.15426298019,261.2484121549831,71.42237858002974,368.8994640285222,6.528985507246377,0.0016291644039383279,6.528985507246377
CRS3035RES200mN2617400E3499000,39913.67779638756,258.66878336205133,71.28717571784892,365.1046860502946,8.601449275362318,0.0016628309093757155,8.601449275362318
CRS3035RES200mN2617600E3465000,27558.07163287625,166.69184823757047,48.68694091584644,243.14011104568016,58.006999877195135,0.5708617256947366,23.46299152646445
CRS3035RES200mN2623200E3472400,31476.662922602,202.88047507469534,52.354359603773815,285.5208093130509,64.06567808647236,0.436419087291256,14.116334299187539
CRS3035RES200mN2623200E3472600,31894.165040393225,205.49093585750438,51.69370498345338,290.03508857309714,60.09133003806602,0.42828985789371227,12.187642747571154
CRS3035RES200mN2625600E3471400,32684.32796980992,203.79224642881948,51.70414187484083,294.43612390896675,54.52919459275247,0.4076123445928738,12.635649778484607
CRS3035RES200mN2625600E3481200,32494.540517252044,216.41277989093618,57.132956657680616,304.1071556064355,NA,NA,NA
CRS3035RES200mN2627000E3470200,33574.44206186033,203.43114468332385,51.50219013990076,297.80713359853485,59.45987785825878,0.3933871184016454,20.466629740093726
CRS3035RES200mN2627000E3470800,32330.761052508165,198.13588842006575,52.12189404594473,289.4073019221761,59.091211895910746,0.3941045475855606,19.898275092936785
CRS3035RES200mN2629000E3486000,36691.07448049757,248.56448580107065,53.89136492936709,350.98153415939555,19.775757575757577,0.0015910515404271755,19.775757575757577
CRS3035RES200mN2629000E3486600,35521.93222436375,240.55098777870253,54.21876779534802,339.2876823338736,24.024242424242424,0.0018069122607210128,24.024242424242424
CRS3035RES200mN2631800E3475200,37337.53369708733,237.61087961052965,57.85856918887713,334.9409501609054,15.950000000000003,2.0628764749566867e-4,15.950000000000003
CRS3035RES200mN2636200E3488200,37693.397496783364,239.26524739735618,61.57696806644074,337.3397590361439,NA,NA,NA
CRS3035RES200mN2608400E3494400,37206.53742795741,241.96680080482793,67.42817924496094,340.78068410462635,5.333333333333334,1.0230876786140523e-4,5.333333333333334
CRS3035RES200mN2614400E3472600,27315.704964985893,173.95869910782054,50.52894929040943,242.27926792593334,77.81240043167686,0.557332913259534,20.443476026517278
CRS3035RES200mN2614400E3475000,32813.59307422206,210.87316866448722,53.693001574040444,295.9522339266255,77.17661027010982,0.04079186342172176,12.740189967349362
CRS3035RES200mN2617400E3478000,29434.199391033948,205.66306037833635,54.1059212231148,288.85128271572944,14.493129770992367,0.008486654573723763,14.493129770992367
CRS3035RES200mN2620600E3467600,24340.165536131706,149.2303709971175,45.31865310980769,213.65649424215914,72.81146631830617,0.5818215714674965,32.393100983461096
CRS3035RES200mN2626000E3457400,32148.10588490437,198.03757000523015,48.79487670149384,289.43207419597667,50.21395360279463,0.5185681299195022,16.2609190878004
CRS3035RES200mN2626000E3458000,31843.648190074025,198.3646816412709,47.44306936989646,289.8725674747526,48.77684567886049,0.517018137417008,16.225390538512634
CRS3035RES200mN2629800E3467600,30823.355008230286,196.33723099433104,52.445272206303834,279.42895811741886,67.80192783417208,0.4288118027190166,24.553271346924834
CRS3035RES200mN2633000E3469200,31532.794248938462,208.6100189927779,52.22890531434862,290.35478993019854,13.404494382022472,0.001076660658335652,13.404494382022472
CRS3035RES200mN2606600E3479000,32218.622852294422,204.86608216078625,59.306285795092975,285.6635225906809,NA,NA,NA
CRS3035RES200mN2606600E3491800,35291.9246519246,223.84724635944167,63.17167056191433,314.1386708215973,NA,NA,NA
CRS3035RES200mN2606800E3487800,34808.88506532328,220.96138673042478,63.763487319613915,310.72065579369854,23.735294117647054,5.806506703099652e-4,23.735294117647054
CRS3035RES200mN2606800E3488200,34561.05670703094,221.04536215014116,64.17797390503645,310.735019718896,20.08108108108108,6.428186730137762e-4,20.08108108108108
CRS3035RES200mN2617000E3477200,30879.69271354611,211.27307212316666,53.5598102086963,297.00369450519577,14.27175572519084,0.00809331405765405,14.27175572519084
CRS3035RES200mN2620200E3483200,34241.95030592116,232.44055990816815,59.94685107378868,327.24075828327454,32,6.241014610660986e-4,32
CRS3035RES200mN2620200E3486200,35481.066612615534,240.929063293876,63.52826333711691,339.31363710069724,20.244897959183675,0.0010594021944759743,20.244897959183675
CRS3035RES200mN2623000E3461400,29684.769939838363,187.3164166386945,42.948152547186865,273.7923003434119,41.56776304460134,0.5247876268429342,16.39902334620779
CRS3035RES200mN2627200E3464800,32376.608545694202,212.31910149384885,41.01319200351494,307.8943431458699,45.85281310733351,0.44649604569420037,17.32628108932569
CRS3035RES200mN2627200E3465000,27051.264908050987,174.90562722819257,42.15145297391572,254.37942753084204,49.730768284582645,0.5212880556054271,19.294698516568683
CRS3035RES200mN2627200E3465600,29691.455987243036,189.1848647045008,48.22030483207041,274.1667923408779,47.90195878392165,0.4846656859957724,18.47492348500306
CRS3035RES200mN2629400E3460600,32738.680192679614,207.88510096459933,48.93453217533364,305.07846529004047,54.96501941718792,0.4052158035725011,23.45895413986304
CRS3035RES200mN2632400E3495200,36309.5782674684,244.30785629047767,59.41611344756873,344.8062516654502,NA,NA,NA
CRS3035RES200mN2610800E3468400,32566.744043378407,189.37361144093495,48.27355603050206,264.8436898071192,27,9.235072165492482e-5,27
CRS3035RES200mN2616200E3504000,37797.92122419413,246.93471568272406,70.74124713268138,348.5683025473863,18.51851851851852,4.074610648315832e-4,18.51851851851852
CRS3035RES200mN2619800E3467200,25826.631661614767,156.80710939652784,45.07172774869106,222.76698815100582,74.21848913622638,0.4654450261780106,24.355869989935492
CRS3035RES200mN2619800E3471400,25257.499461710657,171.57218743802616,48.1445306966598,237.88088222795227,55.03711790393007,0.49956086919568327,19.011027618669534
CRS3035RES200mN2622800E3476400,33842.587728474165,225.51605646476563,52.929104099881656,316.59938136212736,70.50122291109714,0.3955008154771941,14.36804504863205
CRS3035RES200mN2622800E3484000,33844.462371267036,228.64862645740962,59.02632134562601,321.85305088324304,28,3.049710277523635e-4,28
CRS3035RES200mN2627200E3467000,31939.038250542213,205.63092518064045,49.76999802832257,297.3336890084782,55.395210640772774,0.4586585634590181,19.678167197693842
CRS3035RES200mN2629200E3478400,34642.76746896856,227.5579463591876,57.899470732783065,320.449499086384,5.581818181818182,5.775733518156806e-4,5.581818181818182
CRS3035RES200mN2632400E3464800,29285.98187953344,191.13806892153997,50.918790020458594,267.57819433004755,66.94549690392986,0.43337673034513907,16.466301882165418
CRS3035RES200mN2632400E3465000,29372.334667491737,192.37438942503917,51.08369649651758,269.2163048200861,67.09769480718533,0.42950245546588023,14.512675495064677
CRS3035RES200mN2607800E3495600,37580.88463256091,248.68567128136422,68.36047569427215,350.6209662746655,17.333333333333332,9.924080782017565e-5,17.333333333333332
CRS3035RES200mN2608000E3494800,37323.4743598205,247.28200897571318,67.44538674762423,348.37313555966296,7.333333333333334,9.899683210137288e-5,7.333333333333334
CRS3035RES200mN2612800E3480200,29056.47281661123,197.88726062335206,56.32130145967533,277.328578221588,27.200000000000003,7.204714765342444e-5,27.200000000000003
CRS3035RES200mN2612800E3480400,29013.379923742774,197.87932209287115,57.262870232106266,277.3039128985019,26.2,7.248793075952852e-5,26.2
CRS3035RES200mN2612800E3486200,32723.587765196997,219.91972608223216,62.511580030880026,308.8986389889626,NA,NA,NA
CRS3035RES200mN2612800E3498200,38712.99108555976,257.0951099086918,69.28737233682787,362.83671288468065,4.666666666666666,1.623266824484276e-4,4.666666666666666
CRS3035RES200mN2615800E3476600,29126.11844378503,199.09077481041874,49.3561094625783,279.24646224859873,58.44749389463891,0.4536234751071546,13.455765205256425
CRS3035RES200mN2618600E3468400,24192.42164827494,154.7942403944691,44.99282648408608,214.4506245265925,68.67167270844122,0.48754659814944085,15.997508148779966
CRS3035RES200mN2621800E3478800,29903.039229070477,200.25737803653874,53.287492471391246,280.6060630395503,84.3754972934194,0.41043967074884585,27.868241700906523
CRS3035RES200mN2625200E3460000,36350.47237296235,233.31904635480274,50.27987044018478,339.8086337811289,42.2667962311496,0.4316784367864918,16.86215405053017
CRS3035RES200mN2628800E3472600,36154.157494267274,231.5858557431731,54.05648321867835,331.78683552220093,72.80775922059847,0.35947467166979313,17.57325156576203
CRS3035RES200mN2631200E3473800,35725.114271079015,231.14459965637536,54.54061062674079,325.1815446017905,23.940298507462686,0.00142998922172303,23.940298507462686
CRS3035RES200mN2631200E3475400,37442.407369854875,237.46732417734353,58.122940158335126,334.5655820812978,21.16949152542373,6.04254360360914e-4,21.16949152542373
CRS3035RES200mN2637200E3484400,39283.07900439456,233.27623694054742,65.954941103834,328.26003898163503,8,1.2106097841482763e-4,8
CRS3035RES200mN2611000E3477600,29493.50693311582,193.76826798672414,55.8052680429769,271.3754429881312,13.567307692307695,0.001462563987174438,13.567307692307695
CRS3035RES200mN2615000E3468800,25975.560204730784,158.9850500260251,44.33596957955005,225.82078827135504,70.94619395736414,0.5656410849574923,23.791495833546364
CRS3035RES200mN2615000E3477800,29448.41913083883,206.08305690721116,54.57064677259058,289.36838029350645,78.86167022230467,0.4174529215121907,34.73918313081658
CRS3035RES200mN2615000E3484600,31879.6460320825,213.66710479824778,61.13429439615578,299.6927425623625,13.421052631578947,8.055967776128885e-4,13.421052631578947
CRS3035RES200mN2615000E3490600,36098.473285345586,238.69644166779784,66.46478337634095,336.7484313459185,75.03158787364853,0.38438136629091363,24.382782135538115
CRS3035RES200mN2617600E3499000,39900.36690804292,258.1223147901481,71.55952871085725,364.36735608243947,10.311594202898549,0.001671066334067958,10.311594202898549
CRS3035RES200mN2617800E3465000,27272.52943268971,167.39925155451843,48.62122397871342,241.8121202635211,60.25737443202751,0.579333798147384,27.2738818617217
CRS3035RES200mN2623600E3461400,29627.837673265418,187.8984622894801,41.872448389707486,274.82509666893617,41.74139585229649,0.5221921046208394,18.364036015646143
CRS3035RES200mN2623600E3462000,29467.918763852827,187.75527832309544,40.02538154645051,274.09915774808434,39.41171984550665,0.5148375657019821,20.091554527786634
CRS3035RES200mN2627200E3495800,37887.71963249104,251.8187879184673,65.2887586748725,355.4885862686052,8.285714285714285,3.0553009471432995e-4,8.285714285714285
CRS3035RES200mN2627400E3458400,40370.08125200978,258.01194710531144,45.728023075648665,376.3136846003163,51.4009373668513,0.34306512439216835,25.12621786678025
CRS3035RES200mN2629400E3471200,32798.719467210685,206.53369074023558,53.84446869329027,298.4232543796178,82.45934687907405,0.3730118252659793,30.538831123406204
CRS3035RES200mN2637000E3494400,38533.79208288394,244.32830972352906,64.46119754504436,344.75731207870905,20,5.8009351107398716e-5,20
CRS3035RES200mN2608200E3486800,34417.46790928138,217.71404343054826,63.69577001097415,305.81053174154573,NA,NA,NA
CRS3035RES200mN2608200E3487000,34495.24742845829,218.84943294210686,63.688530265066454,307.4367664512712,NA,NA,NA
CRS3035RES200mN2617600E3478000,29570.48148718146,206.74067946596898,53.74135918843702,290.4631474997756,13.141524105754277,0.00824644428199505,13.141524105754277
CRS3035RES200mN2620400E3485800,35725.77665917413,241.96252677789386,62.79732168297084,340.8444085647049,12,5.909604162049789e-4,12
CRS3035RES200mN2623400E3461600,29448.889081611676,187.60719241443107,41.872314729160244,273.84963768115944,38.81089325690669,0.5222659060540652,15.526103963197118
CRS3035RES200mN2623400E3461800,29457.105392188158,187.47856787159876,41.131312486433345,273.5335495486293,41.45285246869542,0.5190316278713434,20.44898521488844
CRS3035RES200mN2623400E3462200,29255.99991064248,185.99209824220995,40.73644637910566,271.8754866793469,40.46884302196856,0.5188991153605576,22.495539865679334
CRS3035RES200mN2634000E3473000,34804.07709768673,222.97239585709724,56.19953688917279,313.6010060683488,17.976047904191617,0.0038098279874070355,17.976047904191617
CRS3035RES200mN2634000E3476200,35400.30156191618,222.28304772132944,59.075679398580455,312.80239073589735,26.816326530612248,5.720022413149034e-4,26.816326530612248
CRS3035RES200mN2639800E3472200,31707.89079858054,203.98908121779147,54.315964809703175,286.26274424486377,NA,NA,NA
CRS3035RES200mN2601600E3490200,34036.66196756101,219.15535470668485,59.19605502501137,308.39284902228286,4,2.0842807336668182e-4,4
CRS3035RES200mN2613800E3478800,28509.903269405928,193.67315900295904,53.739187343501094,271.374530503073,10.847826086956522,6.544502617801055e-4,10.847826086956522
CRS3035RES200mN2620200E3472200,31193.26039715699,209.0973082648994,50.744597320270856,293.0179248907458,61.12075321876241,0.42335398357585363,25.759503147864557
CRS3035RES200mN2623000E3474800,33155.8979501048,217.59759538276052,52.50644470199855,305.160456104614,63.14391227771145,0.41210971797843626,10.229361968069995
CRS3035RES200mN2625400E3465800,24866.66878873477,146.50884663490592,44.329370265750384,213.73884508902847,49.528144836614224,0.5689812667762835,17.640242546990393
CRS3035RES200mN2627200E3463800,31424.797957207415,204.6164922069538,40.859367794890716,296.6073042515909,44.368619154222735,0.4686087798579729,21.094130236906214
CRS3035RES200mN2632000E3463400,34528.668066085804,222.66378861604602,53.917426728527914,317.43889328957846,65.7242236330528,0.4598619440986767,19.320685073084295
CRS3035RES200mN2632000E3472200,34881.156626506025,226.58641741855314,56.2394078556378,319.4748500729375,24.707142857142856,0.0015127775676697824,24.707142857142856
CRS3035RES200mN2610200E3472400,30237.532070117137,180.41517006120185,55.9310152073272,252.08655706689206,NA,NA,NA
CRS3035RES200mN2614000E3491400,35852.25106438629,237.1617867158779,67.63714962437699,334.4864209012046,85.70956041789869,0.3685755387320362,36.534665878178586
CRS3035RES200mN2614000E3492000,36601.53980323865,241.0837692702624,68.1507763608864,340.29135387902926,85.27907170187989,0.3336339794913067,36.654645649642276
CRS3035RES200mN2614000E3492800,36663.858535189,243.5926718556181,68.40142582571121,343.84857076648353,17.71814671814672,0.010591458676953694,17.71814671814672
CRS3035RES200mN2619400E3482200,33535.32525581918,230.39361295400877,59.0135499831328,324.3817609355673,NA,NA,NA
CRS3035RES200mN2619600E3464200,27029.520185159203,164.35115724505542,47.33836442698837,239.8888764202554,47.472582351349274,0.5701921728152625,21.1958891977662
CRS3035RES200mN2625000E3473200,32958.443599314494,209.9464398901329,52.913538512101546,298.1322041458313,65.83250937606556,0.41312768504824143,22.769192521877493
CRS3035RES200mN2626600E3463800,38401.41271111602,251.2255767744784,46.75259410530964,363.1698219082312,42.41167064380428,0.37392832174265006,22.841939531107773
CRS3035RES200mN2628800E3465200,27199.483630274615,172.42026791694573,48.09929002009377,249.8347354320161,49.79513163925243,0.5261085063630274,20.988475836431228
CRS3035RES200mN2628800E3465400,27961.52442418299,177.17169816321663,46.795992472633785,257.2030135969678,49.1792194545845,0.4937316122876302,21.558363753489388
CRS3035RES200mN2628800E3467200,33002.98018458515,210.38196539311318,54.29238670898167,297.83064380474013,63.491861026675345,0.39474953180895767,26.492505894718875
CRS3035RES200mN2631200E3486400,36289.8968125798,244.04705694857697,57.35972163195932,344.3447195070136,29.571428571428573,1.487462813429669e-4,29.571428571428573
CRS3035RES200mN2636800E3490600,37848.94795302737,246.9476621417798,61.07017884076708,348.38132945485887,11.64935064935065,8.295625942684766e-4,11.64935064935065
CRS3035RES200mN2610600E3468400,29566.348881466514,190.69220910361952,44.85534151519846,267.14878825539773,82.65859338612017,0.5003107037439797,24.728222843243785
CRS3035RES200mN2614200E3479000,28808.459542418645,194.16767088247832,54.99648998152622,272.04035810714794,6.804347826086956,6.536876509876368e-4,6.804347826086956
CRS3035RES200mN2617000E3503600,38380.72122219676,249.859822861729,70.16587365283193,352.5151914698463,26.370370370370367,3.8695253382251785e-4,26.370370370370367
CRS3035RES200mN2617200E3465200,27733.18227566181,168.69599109131403,48.97588170618251,245.81434129288715,59.26761149459049,0.5758788869780948,24.99107308953838
CRS3035RES200mN2617200E3468600,25127.721215212077,159.38341833017665,46.55596677837679,219.8964884161448,66.78691225798862,0.4952061780562434,17.18385805920086
CRS3035RES200mN2620200E3481000,32659.918562525483,223.9917409284175,58.20884151668705,315.1635622342594,NA,NA,NA
CRS3035RES200mN2620200E3482600,33979.08212447356,231.2369476569292,59.662042917307275,325.71415201550894,NA,NA,NA
CRS3035RES200mN2625800E3469000,30709.903868798323,190.08756084829488,50.68531264794788,277.070954271217,50.289844371237116,0.4274494094225332,13.002004998296027
CRS3035RES200mN2625800E3476200,31333.26999097143,204.30570264268835,54.44139967301938,285.582025816842,86.95684994725737,0.3701227398062524,24.91505801687762
CRS3035RES200mN2627400E3465000,27190.082783475103,172.38182685428094,44.24343482523783,250.64015422529613,45.514363143631435,0.513355592654424,16.630476190476184
CRS3035RES200mN2627400E3465400,27324.246605825396,174.12401817290754,47.2139290302926,252.46638939295602,46.56518345042935,0.5090268487489569,18.411360915951068
CRS3035RES200mN2629600E3482600,35759.43116449092,236.03837075718042,56.546203655352485,332.6777441253273,25.26404494382022,0.0018590078328981745,25.26404494382022
CRS3035RES200mN2629600E3485000,36180.79244116398,246.72105537736203,51.506202419136734,348.3373555667189,8,0.0015940796846620562,8
CRS3035RES200mN2632600E3484000,36709.71934272398,240.4445870459401,56.62540106670599,339.1848115380979,24.439849624060148,0.0027982621319391134,24.439849624060148
CRS3035RES200mN2637800E3489000,38399.97658178916,236.5398782951343,67.09659076738909,333.27659176496996,10.68421052631579,2.3692545576975833e-4,10.68421052631579
CRS3035RES200mN2607800E3487200,34810.144326842354,220.0794719428489,63.5377195437113,309.2737074286856,NA,NA,NA
CRS3035RES200mN2618200E3464400,26757.994173036124,163.04292481618182,48.45788892440931,237.09222877735476,54.492336834854484,0.5906739515824349,21.4254766414918
CRS3035RES200mN2618200E3466000,26596.149812734086,159.46030509308616,46.519164001202896,226.7089176850105,56.19862458553363,0.5565351704529921,30.162136804617443
CRS3035RES200mN2621000E3492600,38249.9818142281,251.09177577366793,68.36724043215531,353.91728850027505,13.000000000000002,1.0300311298297022e-4,13.000000000000002
CRS3035RES200mN2623800E3478000,31582.622554176272,206.67309810522178,54.11137238400504,289.7220950235758,95.18424322151586,0.3386839271791189,33.856928305196234
CRS3035RES200mN2627400E3459200,38217.540067892085,245.60979916133303,51.62062406070351,357.35721116961463,50.63266009003912,0.42720517913632017,15.40588206351941
CRS3035RES200mN2627400E3462200,33030.43908361969,207.65957617411175,42.1490721649485,301.83650630011374,44.450367782725294,0.4656242840778916,21.286506433122582
CRS3035RES200mN2629400E3486600,35474.365622261364,240.8839066608245,54.75265118317278,339.7556967572312,22.056818181818183,9.640666082383899e-4,22.056818181818183
CRS3035RES200mN2637600E3489800,38168.02812089982,241.61786782349736,62.3221196468045,340.60620101892505,13.368421052631579,2.2458894313171583e-4,13.368421052631579
CRS3035RES200mN2637600E3491800,37943.65589301255,246.49637022593828,61.77315839915397,347.6502528173436,23.944444444444443,5.948643378829439e-4,23.944444444444443
CRS3035RES200mN2637800E3480000,37561.08112531973,234.89866439329361,61.87221369707287,331.0034896277333,22,1.3640238704177316e-4,22
CRS3035RES200mN2611800E3482800,30509.76019215975,206.73193422446687,57.11348166209489,289.9465610078226,15.909090909090908,3.192987039375336e-4,15.909090909090908
CRS3035RES200mN2615400E3501200,38282.85892578228,250.638543414126,70.43315786429119,353.24250882165734,14.105263157894738,2.747729507722563e-4,14.105263157894738
CRS3035RES200mN2618200E3477400,29076.69291135652,203.4188755589346,53.09709676172313,285.5341417213252,18.559875583203734,0.008285762148370552,18.559875583203734
CRS3035RES200mN2618200E3478600,29759.204751145997,206.2554100116232,56.832403912708465,289.71016442256206,16.473809523809525,0.005485105327082055,16.473809523809525
CRS3035RES200mN2621000E3477600,33498.60306011936,226.0490356476254,53.77105560292186,318.23911791137635,77.26913565169603,0.377364794801484,13.168827282996977
CRS3035RES200mN2624200E3463600,27017.89368874138,168.92983456930975,40.69509412435824,245.70991287662707,37.91672611872371,0.5270056526474096,19.590838643017047
CRS3035RES200mN2626200E3467400,27057.846666841717,166.88115367448233,49.70629086039859,239.08542284769086,53.948950313911546,0.46211305694856575,30.18369932672362
CRS3035RES200mN2627800E3463600,31865.99222699914,205.63252507881916,45.692175408426486,298.77893952421897,48.921769293217544,0.46602464889653195,23.945718221850477
CRS3035RES200mN2627800E3464600,32473.22723050866,212.72377205922527,44.384002622520896,308.27069879254765,51.20128416443209,0.4441785499644867,22.18014711309011
CRS3035RES200mN2630600E3488200,37109.15898884319,245.62716834940366,59.610936164226516,346.60628293780945,19.468085106382976,0.0020344338754883203,19.468085106382976
CRS3035RES200mN2630600E3489000,37044.73740027347,247.49078909118316,58.73698037231237,349.2103489486321,8.632978723404255,0.002024138933451049,8.632978723404255
CRS3035RES200mN2630600E3489200,37248.74043561314,248.4715122669598,59.182963919451055,350.6498874150277,6.377659574468085,0.0020062535349546994,6.377659574468085
CRS3035RES200mN2635200E3466200,28081.243763044735,183.86887335583924,50.905195478295035,255.27602291669658,73.68402432969201,0.45138606788160734,17.878106380337595
CRS3035RES200mN2635200E3475200,34719.250223518895,221.0027528116324,57.936414756952615,310.9017575643499,15.058064516129033,0.0018234436026539928,15.058064516129033
CRS3035RES200mN2615400E3485200,32617.063139260456,216.57773687759925,61.0456333595594,303.88203888951347,8.684210526315788,8.008317410363036e-4,8.684210526315788
CRS3035RES200mN2615400E3491400,36109.601878702946,239.20145412163006,68.33927654673863,337.5008533251932,70.50178321678321,0.39683090285968003,15.280870629370611
CRS3035RES200mN2615400E3491600,36759.17627384374,243.64894172981448,68.21379670760386,343.9667232819441,70.59105409391829,0.38088581134047556,14.992789764346705
CRS3035RES200mN2615400E3491800,37208.4759480653,245.10332947679652,68.28286412135236,346.12452757423836,72.50285884258189,0.38895744954364314,17.852159830782973
CRS3035RES200mN2618400E3464600,26583.519991407706,164.65865673779177,47.89215237004153,239.44101389087785,49.90892764889665,0.5821137047114421,18.481411596841244
CRS3035RES200mN2618400E3464800,26935.60012542402,164.93202873350248,48.14644679456116,239.79377725834496,50.14027405348225,0.5793591972862803,18.877982238185442
CRS3035RES200mN2618400E3465000,27928.47496457582,168.76290351997082,48.98947796686261,245.10780173683693,50.83455927575094,0.5702801666690049,19.306639769736034
CRS3035RES200mN2621400E3475800,33263.27496894475,220.35409870322837,52.52323623994324,309.2765594343884,82.0271632685823,0.36157516514389787,29.09331513886659
CRS3035RES200mN2624400E3463200,31164.143903665168,195.00703837590677,37.594251993009514,282.9334346795625,35.16391547147535,0.48656962964736306,16.872958744372546
CRS3035RES200mN2624400E3463600,27081.385826364563,168.9507554705373,40.79014850909279,246.1447478964443,38.259440576643954,0.5253913065956649,21.047737951733104
CRS3035RES200mN2624400E3466200,23955.35276798793,139.31355059536762,46.406300308924,203.62492566969752,49.89876185328945,0.590378395625752,17.084773743428492
CRS3035RES200mN2626200E3481400,36958.56758380263,230.57004022526147,58.060981496379725,324.9393724859212,NA,NA,NA
CRS3035RES200mN2627800E3462400,33169.201850208236,210.21684759108805,42.94962563437336,306.8776655060194,41.85642943245836,0.46254067954757516,15.122475337646687
CRS3035RES200mN2629800E3471200,31921.73173468641,198.80700363476691,54.06475495816359,289.53298124069966,78.35376044568245,0.39409167418827606,37.666935933147634
CRS3035RES200mN2629800E3471400,32035.893708009822,203.39190387675936,53.94049398014853,291.1358384663051,82.70224808419977,0.3820752997776724,35.28862602944449
CRS3035RES200mN2633200E3470000,32222.54454314425,213.23461798512508,52.1780326875102,297.9273390688023,12.626086956521739,0.0013406075866731948,12.626086956521739
CRS3035RES200mN2615400E3476200,31775.117336816573,211.82157952459053,52.88135697650062,297.64785400056695,NA,NA,NA
CRS3035RES200mN2615400E3476600,31973.872584031054,215.36777019038183,51.09897932099498,302.8029462152836,81.49192967718697,0.40214270202446684,37.15261610464422
CRS3035RES200mN2618400E3487600,35937.383209964406,233.15971102449228,65.3328423966179,328.2335165881601,22.4,2.5393278399207786e-4,22.4
CRS3035RES200mN2621200E3494800,38270.39686118788,260.0155344261641,63.75668718634327,367.1204840914306,NA,NA,NA
CRS3035RES200mN2621200E3495200,38382.19646167652,260.3907604903824,63.95457988637509,367.65986245390326,NA,NA,NA
CRS3035RES200mN2626200E3488600,37077.10949355607,237.51837599080352,64.60486476674535,334.7317238458281,6.993288590604027,0.0018031100623222634,6.993288590604027
CRS3035RES200mN2626200E3497400,38724.73812513621,256.92093110140206,66.74135264998598,363.0068805197231,21.555555555555557,2.802021606699945e-4,21.555555555555557
CRS3035RES200mN2629800E3461200,33793.33216319889,214.62507264907592,47.337800767174244,314.818005346972,58.670562472319276,0.4724165988608625,20.305819103390554
CRS3035RES200mN2629800E3466000,28509.689188649347,180.14949998002584,49.389869102627266,257.49442720747834,56.712029541258346,0.46879369348975325,18.136023292146003
CRS3035RES200mN2632800E3491800,37295.95424350864,245.29399860512464,59.41053931376696,345.8546928415449,NA,NA,NA
CRS3035RES200mN2633000E3463600,30114.796671472293,194.5429976983585,53.59650454005109,274.4180893846271,53.71310650887574,0.4274477072109669,9.940263313609476
CRS3035RES200mN2633000E3464000,28153.93376918704,180.10687890847072,52.32716031836271,253.40144968732235,56.461355174981385,0.4771887436043206,11.78348175725988
CRS3035RES200mN2638800E3487200,39739.08979334667,234.50602318548317,69.78821824596763,330.3881552419351,28.999999999999996,5.040322580645151e-5,28.999999999999996
CRS3035RES200mN2614800E3479200,27904.076879204444,190.60453348932464,53.834205908160335,266.90027785902294,13.847826086956523,6.727113190991521e-4,13.847826086956523
CRS3035RES200mN2614800E3488600,34348.49898077005,228.17063192256697,64.59773916266361,321.24343202520384,27.95327102803739,0.00152528117917065,27.95327102803739
CRS3035RES200mN2614800E3491000,35801.14594691584,239.09235207243518,66.57049592138135,337.3769996273343,77.40577889447236,0.3955224910629253,27.742835706309325
CRS3035RES200mN2623800E3465800,26162.684789115647,147.6603537414966,43.49480272108843,213.97855782312925,45.55677295730359,0.5538231292517006,15.509254164005306
CRS3035RES200mN2623800E3467000,24583.578813464548,148.39293502572133,45.910185081637216,215.65200738089914,54.16381706807056,0.5682313800044733,18.18065389062459
CRS3035RES200mN2626000E3488200,38372.82430409172,248.15618289631803,61.2560233249936,350.24894111621126,6.295302013422819,0.0014676621815961073,6.295302013422819
CRS3035RES200mN2626000E3488400,37063.28422959573,237.82177250190693,64.08620566361556,335.20888157894734,1.323943661971831,0.0016924103737604881,1.323943661971831
CRS3035RES200mN2627200E3472800,33866.36149898021,215.06883026649035,53.896967523589666,307.43713158661495,76.24829446787398,0.36138691530134254,27.679775489952828
CRS3035RES200mN2629400E3459600,32881.20584023789,210.20531398009985,46.26119521717325,307.5965438323801,55.65776024388053,0.40948977468822256,20.611934008786875
CRS3035RES200mN2611400E3468200,29686.348698409314,189.275185846367,45.534478164717164,265.1831419359996,71.23830189160901,0.5218752497935041,12.844140096495044
CRS3035RES200mN2617200E3498600,39081.298008272104,258.9829552904158,70.37491209459216,365.48497562487336,4.840579710144927,0.0016448740717784915,4.840579710144927
CRS3035RES200mN2623400E3460600,30351.738976866945,190.8184676292501,44.33069399161621,279.83145733064225,47.12480011808409,0.525914713036278,16.658404880808877
CRS3035RES200mN2625800E3461600,30827.90016442665,198.4487894385664,43.951768182251456,289.2204270326947,34.36478142143718,0.4843318082165666,16.821680730153265
CRS3035RES200mN2625800E3461800,30973.268701537883,199.5032787077551,43.68082161249076,290.58908817905615,34.26996974095304,0.4768378945886659,18.133100445275396
CRS3035RES200mN2632600E3469800,32168.89186953439,209.30411250295438,53.446395651146304,291.6108012290239,11.296703296703297,0.0010753958874970455,11.296703296703297
CRS3035RES200mN2609800E3473400,30173.4752096765,183.45061904490214,56.00897187196896,256.77894106236096,NA,NA,NA
CRS3035RES200mN2609800E3492000,36348.40625536754,239.28480192376722,65.89128839337282,337.0459861651121,27.033333333333335,4.6844989928327053e-4,27.033333333333335
CRS3035RES200mN2613200E3466200,29287.66001784171,173.5789077527808,52.21449081430682,253.3125505282819,66.75220177162842,0.5460260377463689,15.346983891966405
CRS3035RES200mN2615800E3492600,37660.17172681181,251.44017894422905,65.77694005368326,355.23427378467045,79.76629594166606,0.3239367730390695,29.06141268321424
CRS3035RES200mN2621600E3471800,30447.18561597726,198.12860597900615,49.48991447876929,280.94236666916,62.33125336812548,0.4395367392225796,16.53503134129391
CRS3035RES200mN2624600E3459000,35396.506617946514,222.7517987239244,50.58301280600928,324.59603375718325,48.51317732591159,0.39834381646228384,26.272111780075008
CRS3035RES200mN2624600E3462400,30569.395153379435,192.5268429147542,40.42614413912538,280.1573880081867,31.044994956825505,0.4922795586935197,14.81737066102487
CRS3035RES200mN2624600E3463600,25930.529476213105,164.84583399334707,34.88683404614816,240.24024499709594,36.84540825112549,0.536577960821585,19.26363010160149
CRS3035RES200mN2626400E3466800,28227.733340087638,171.93913528026138,48.17778171778831,245.838643904663,50.768584007953415,0.44584736962083027,28.309575344411318
CRS3035RES200mN2626400E3470200,32260.893520233352,198.30707704417088,50.51339244374495,289.98201222335433,54.17834829035561,0.40758403555884865,17.879683062592285
CRS3035RES200mN2626400E3472600,31647.016812927435,196.73210676027355,52.30883011559644,282.26173213096894,73.21703288284147,0.3949766991466441,31.057261499800802
CRS3035RES200mN2628200E3483000,36372.74203594037,238.0420767817031,56.93334694711048,335.7571778639984,17.55952380952381,0.0017153359199509905,17.55952380952381
CRS3035RES200mN2628200E3493800,38782.17144621439,254.3321960102987,56.949584493333056,358.9998116090679,22.8,2.0932325790718606e-4,22.8
CRS3035RES200mN2630200E3459400,33313.49901443456,213.81045311524383,46.519974534458065,312.9209466325494,65.0324875220419,0.40964017678962766,27.359744762246326
CRS3035RES200mN2639400E3468000,29044.367553482567,190.74607699173657,55.36045607670378,267.23434395784744,19.869047619047617,0.0012092942904033874,19.869047619047617
CRS3035RES200mN2608200E3495800,37582.27949164881,247.9113092921332,67.6098184218097,349.50070228284176,27.000000000000004,6.768991251078806e-4,27.000000000000004
CRS3035RES200mN2614600E3483000,30958.985400619178,206.3884241595281,59.3503131524009,288.8301922107842,33,1.295803037938235e-4,33
CRS3035RES200mN2620400E3493800,38697.61201014287,255.72843476256398,69.0319617335179,360.8794144767182,23.31034482758621,3.342554172429696e-4,23.31034482758621
CRS3035RES200mN2623000E3468400,30262.10054749926,188.39900858242083,50.92221564565453,274.13426062937754,60.125587345322145,0.5012454375061656,14.046812959728406
CRS3035RES200mN2627000E3466400,30092.013265467267,192.01944872994085,48.25365954396919,277.9020153306041,51.62229513123623,0.48503990573257694,16.18758014425966
CRS3035RES200mN2631600E3475200,37282.15681773523,237.0667349112304,57.255441469946334,334.11570555572706,10.850000000000003,2.068017081821092e-4,10.850000000000003
CRS3035RES200mN2612400E3488200,34007.91169315268,228.45190570359605,64.06754968771813,321.5184595029108,NA,NA,NA
CRS3035RES200mN2612400E3489200,34443.21584421334,230.27779007154996,65.20233089916658,324.129409161319,NA,NA,NA
CRS3035RES200mN2615200E3477800,29132.30795952075,204.04068898618357,54.86983194819495,286.34817659858953,77.99457510094628,0.4252811787221771,33.62724778842894
CRS3035RES200mN2615200E3484200,32353.477815554008,211.6588190107686,61.323200136563436,296.8905216438824,18.105263157894736,8.108454130332731e-4,18.105263157894736
CRS3035RES200mN2615200E3490800,35589.58754098355,236.81732821764888,66.3974886641087,333.97142657830443,75.08190819081914,0.4030136030694097,24.32031087724161
CRS3035RES200mN2620800E3492600,37546.89601678641,250.1183883250234,68.54465938159406,352.4549398215287,9,1.0609329136754264e-4,9
CRS3035RES200mN2620800E3493200,38807.30805096179,252.16908592486092,69.73567544490395,355.58244202768327,12.000000000000002,1.0111450656120815e-4,12.000000000000002
CRS3035RES200mN2620800E3493400,38686.82581036708,256.09804601562763,68.11012972375454,361.3424837167966,15,9.753665752712072e-5,15
CRS3035RES200mN2623800E3464800,25581.530128076174,158.3944612083417,37.29220143498961,230.29488365855295,42.24880852945512,0.5459129618453699,13.87398417923648
CRS3035RES200mN2623800E3465000,26463.654176291475,162.0517114657707,37.63191673666527,235.276210100798,43.128580553235395,0.5342555648887022,14.113477128678813
CRS3035RES200mN2626000E3465400,27164.28523374842,161.73147952722667,46.26110700717602,233.64390301815112,48.61108066364407,0.5295219501899535,21.402952020327824
CRS3035RES200mN2629600E3466000,28705.474688545317,181.77202570653463,49.26203018410725,260.04046935496615,61.03121200909139,0.4983011562672848,20.979018447063797
CRS3035RES200mN2632800E3484400,36161.97290604509,241.87395692435783,54.79303922588697,341.20905212776955,23.586056644880177,0.0047757777546561225,23.586056644880177
CRS3035RES200mN2639000E3474200,31261.637583800417,204.6397681063853,54.746538081107815,287.34084789537314,30.15,5.495109352676119e-4,30.15
CRS3035RES200mN2639000E3476000,31162.050909401223,204.6630025170289,57.4735000924333,287.5338092461716,20.52083333333333,0.012969098846717214,20.52083333333333
CRS3035RES200mN2612000E3494200,37565.236133216466,245.5091850243213,69.91726784572164,346.3543411325477,NA,NA,NA
CRS3035RES200mN2615200E3468200,26485.258457923665,163.36372917861289,43.43946238514147,232.22472412973246,66.98976335741455,0.5478664634061062,18.77563117453348
CRS3035RES200mN2615200E3469200,26219.944694448957,159.85045660427147,48.30603479866898,225.1753858782492,75.66247250779998,0.573166620248897,26.801235230934495
CRS3035RES200mN2618000E3485000,34868.87347145808,238.5919661267383,62.72045737724818,335.9111047402723,NA,NA,NA
CRS3035RES200mN2618000E3493600,37661.91862750038,250.94164105406358,68.19995465309619,354.0298659747065,13.18705035971223,0.001750894341714113,13.18705035971223
CRS3035RES200mN2618000E3493800,37364.40639691541,254.3821689083304,65.39512283114804,359.07870438223654,12.809859154929578,0.0016009199652758206,12.809859154929578
CRS3035RES200mN2621000E3498000,37917.65224004115,257.596211053703,65.578082712653,363.70543962065875,17,8.946744503343849e-5,17
CRS3035RES200mN2621000E3499600,40574.1708379517,260.7139547772111,69.58219906894226,368.4067501662603,29,4.4336067390822425e-5,29
CRS3035RES200mN2624000E3462000,29364.459875671095,185.69507308176424,42.7404634077423,272.14975981915796,39.1765357081355,0.5220914999100927,22.12959728406604
CRS3035RES200mN2626000E3474000,33001.22184944927,212.98299060377525,55.69733832275615,301.83328445575785,82.24471366339155,0.36891620819500964,18.8258195809088
CRS3035RES200mN2629400E3470800,32240.576375427863,201.7076243807888,53.89118625409828,292.1600497762474,68.04763171113652,0.40494651446622304,23.336947079159668
CRS3035RES200mN2632400E3483600,34643.74313394463,235.50405508292232,54.414390854822514,331.92837675306475,25.083333333333332,0.0015889304511900427,25.083333333333332
CRS3035RES200mN2632400E3483800,35422.9564701993,234.62975163279535,53.678593003772654,330.72967982401053,22.662921348314605,0.0010144415442307898,22.662921348314605
CRS3035RES200mN2637600E3488600,38192.31511435324,240.77442999612379,61.27732553358977,339.4715790957483,8.368421052631579,2.2318544361043646e-4,8.368421052631579
CRS3035RES200mN2637600E3489200,38633.03152638222,239.6094338487463,62.207171650321996,337.7903134588775,10.368421052631579,2.2862643643583447e-4,10.368421052631579
CRS3035RES200mN2612200E3488200,34128.70272190022,228.87525571087625,63.861745652915104,322.08729685191497,NA,NA,NA
CRS3035RES200mN2612200E3489200,34416.54395956644,229.88311242974072,65.18142918909248,323.5980051585586,NA,NA,NA
CRS3035RES200mN2615200E3497600,38261.74176674597,249.1974691163404,71.08302043624064,351.2848175642753,1,4.2993493651294104e-5,1
CRS3035RES200mN2617600E3495000,38605.51493152345,252.59430372076113,67.96962792388801,356.7094412798449,NA,NA,NA
CRS3035RES200mN2625800E3460000,36667.80173442184,237.00271781413056,50.38491301957448,344.336697752098,42.01380107751728,0.42166575035528675,17.53300450195577
CRS3035RES200mN2627000E3493000,37953.85598224291,250.46918369106112,64.37619601758469,353.3735453840186,7.4,2.1549866390828377e-4,7.4
CRS3035RES200mN2629400E3464600,28011.626476390597,180.90068150956904,46.63222822884381,260.0192026850449,54.49854950286384,0.5166534293254071,27.323215392626015
CRS3035RES200mN2629400E3464800,27642.641688732376,176.46727778599174,46.73310125136091,254.03599510746113,49.796275055983394,0.4921840347316496,26.544535474356866
CRS3035RES200mN2629400E3466000,28289.350274198878,179.74147340601255,49.04142715559961,256.81631978856956,60.00663941469003,0.5075256029071689,20.927708490639713
CRS3035RES200mN2632600E3474800,36249.762876558234,230.35171398891973,57.00856994459838,324.36293498961226,30.77310924369748,0.0012876558171745173,30.77310924369748
CRS3035RES200mN2632600E3476800,38790.522703153656,239.71063395736454,58.30890095510897,338.0945011694156,29.61111111111111,1.8545802981752966e-4,29.61111111111111
CRS3035RES200mN2632600E3482000,35152.603691900775,225.0123143527152,54.05738680776882,316.6625458481163,21,8.418014551139461e-5,21
CRS3035RES200mN2638400E3468600,29741.268533703776,193.05271716469724,53.939068797776216,270.7291174426679,26.820512820512818,0.0010840861709520483,26.820512820512818
CRS3035RES200mN2638400E3480800,34786.76378727249,218.74133958527074,61.2003853564547,307.57861406416373,NA,NA,NA
CRS3035RES200mN2618000E3477400,28903.654882132945,202.2445301606745,53.373421597883734,283.82056060151945,19.331738437001594,0.008170552131250081,19.331738437001594
CRS3035RES200mN2618000E3477600,32246.944654516417,222.9341678801259,53.31924937761285,313.9358236648034,16.671755725190838,0.007691765700596552,16.671755725190838
CRS3035RES200mN2618000E3478200,29864.968791984953,207.78364234258441,55.633859224853815,291.8524304889128,16.07253086419753,0.008291428352078615,16.07253086419753
CRS3035RES200mN2618000E3478400,29969.49327962146,208.10953385766354,56.38661039708421,292.4694034145406,17.612040133779264,0.007647547797173733,17.612040133779264
CRS3035RES200mN2618000E3478600,29455.455909348977,204.89365945139255,57.32417226851914,287.82363739616176,17.25968992248062,0.0068146700299792605,17.25968992248062
CRS3035RES200mN2618000E3478800,29571.376306941762,205.65534972641547,57.622519612367356,288.8618102709473,17.383152173913047,0.004852000791087081,17.383152173913047
CRS3035RES200mN2621000E3471800,31238.25345096621,206.72871203937123,51.5253991117513,291.739815148241,66.16841535040204,0.4210058816468608,19.870602155442775
CRS3035RES200mN2621000E3472400,31552.51738801738,210.04807692307696,50.40270034020045,295.7854493479499,59.50158793171889,0.4165800415800417,10.772979640446888
CRS3035RES200mN2621000E3475800,33256.76728150518,220.90383571453322,53.05077326434206,309.9188274563703,85.73688415446072,0.34695833958951733,34.1024067909454
CRS3035RES200mN2623600E3482800,33168.29070463531,224.92862089608295,57.0092848003944,316.4805793903258,9.727272727272727,1.2911858955547988e-4,9.727272727272727
CRS3035RES200mN2623800E3461600,29650.383423353884,186.95758744855956,42.73712705761306,273.3552340534979,39.49666658466385,0.5227494855967071,19.767502275578764
CRS3035RES200mN2626000E3461600,31055.514021778883,199.88350774530738,44.42112528167436,291.18107384292307,36.5627444709587,0.4795719729592619,19.96386134960271
CRS3035RES200mN2626000E3462000,36606.62835868567,238.98061644109075,48.52999361200942,346.4335050105801,33.90801741740264,0.40572723280233164,17.24180422642622
CRS3035RES200mN2629600E3467400,29941.171955994778,193.52134999067687,52.39830940394058,275.44338367828954,65.03579555623737,0.4861831064702592,21.016657717777598
CRS3035RES200mN2629600E3480000,35668.43391291763,233.84158948064837,55.10703357591796,329.4686569632815,9.698795180722891,8.580052927555408e-4,9.698795180722891
CRS3035RES200mN2632800E3470000,32255.520690473364,210.03241191125875,53.56833550836398,292.98144501127064,12.12087912087912,0.0010796061217226243,12.12087912087912
CRS3035RES200mN2632800E3475800,34482.67472318286,215.665891538248,58.211284745231865,303.26132269841116,NA,NA,NA
CRS3035RES200mN2639000E3487600,39474.49151018241,232.4924094154982,69.30927003438252,327.575019836023,NA,NA,NA
CRS3035RES200mN2639200E3468000,29490.23033416864,194.0766613935126,54.245229662191484,272.1739580854251,20.285714285714285,0.0010779633492461257,20.285714285714285
CRS3035RES200mN2611400E3487600,33810.070460328534,221.98885033541563,64.05312668671453,312.0519238183361,14.979591836734691,7.556480838923603e-4,14.979591836734691
CRS3035RES200mN2614200E3465200,29058.620512891946,171.0555516861919,51.09228433325443,253.1239047764986,60.44139585708857,0.5863851007814572,22.863053496769286
CRS3035RES200mN2619600E3473400,32135.78179140582,211.57193999113983,52.590246764286775,297.95280228924463,70.02551182009273,0.4158115922941535,25.391027671398597
CRS3035RES200mN2622600E3481200,31667.030479473964,212.55414671518784,57.90884249505201,298.0396731149836,1,5.1075783694056e-5,1
CRS3035RES200mN2635800E3482000,37989.21817415913,239.02142965155278,62.576386338597246,336.80417359746014,NA,NA,NA
CRS3035RES200mN2635800E3490600,39065.884812860604,242.2392620657906,62.955572866872046,341.55188083519215,19.950819672131153,0.002159980170673839,19.950819672131153
CRS3035RES200mN2609400E3469800,28869.04874413388,174.18249166199345,50.59071455978277,242.35816534340782,NA,NA,NA
CRS3035RES200mN2609400E3476600,30421.312683310585,191.81064453823538,58.799456327348054,267.94586164961623,26.14285714285714,1.0015022533800675e-4,26.14285714285714
CRS3035RES200mN2609400E3487000,35411.85293942019,224.6860985877649,63.89491834114591,315.8403248439968,17,2.388558803332041e-4,17
CRS3035RES200mN2621000E3467000,24878.30023149769,151.66803226937913,44.95804980708522,217.43804980708498,63.733248056676175,0.5703542616625744,25.804066220604103
CRS3035RES200mN2623600E3468400,30362.584918478256,187.00432312252963,50.3299530632411,271.9041625494071,58.210964351654596,0.43484436758893275,20.19808833972447
CRS3035RES200mN2623600E3477800,30930.582466216663,204.9232959136743,54.68109996394809,287.0498017130998,82.89877187698696,0.3714988997874175,34.35760465816679
CRS3035RES200mN2633000E3490400,38594.391032910506,239.29909398016065,61.90499325558373,337.1547992790041,NA,NA,NA
CRS3035RES200mN2633200E3463800,28327.17237415381,180.55004754268197,52.44758241914196,254.3803414557995,56.746538461538464,0.4796843733590679,11.82557100591716
CRS3035RES200mN2639200E3486800,39432.528853754935,233.82601045518194,69.23822516894029,329.3583960219301,NA,NA,NA
CRS3035RES200mN2613800E3486600,32859.16803652968,220.9207049086758,63.502525684931506,310.32542808219176,NA,NA,NA
CRS3035RES200mN2616200E3468200,25715.692354220373,157.88451401990292,46.61589642409666,223.94978181661074,69.46411446643542,0.5646557310943733,16.994947459702114
CRS3035RES200mN2623200E3462400,29291.248257575757,187.1443686868687,39.56393939393939,273.1842297979798,39.692218750768774,0.5132449494949495,20.40100125464341
CRS3035RES200mN2623200E3462600,29422.640624803335,187.60919583632267,39.46315246258606,273.249493385694,36.798420625353636,0.511636395675213,16.19088046446403
CRS3035RES200mN2626800E3488000,37554.7739318658,248.1641098964384,58.64385928331,350.212216893549,17.416107382550337,0.0014794515107285058,17.416107382550337
CRS3035RES200mN2626800E3490200,37398.65052713333,242.10808584741392,63.39573822186669,341.30713747823296,25.7887323943662,0.0016708241163458384,25.7887323943662
CRS3035RES200mN2628400E3478400,34473.00546885136,223.65579741472507,61.823732220829285,314.86845575202204,11.545454545454545,5.944403614197407e-4,11.545454545454545
CRS3035RES200mN2628400E3482800,36223.607520685066,237.13468900506362,56.8351582760467,334.44185567859097,16.008130081300816,0.001265796731568766,16.008130081300816
CRS3035RES200mN2628400E3483200,35919.72084513573,239.40531032327652,55.88099150227312,337.70439402034214,20.31118881118881,0.0028829773293146377,20.31118881118881
CRS3035RES200mN2630600E3493200,37505.61191650859,250.95765790187113,54.2485551640011,353.9692057468158,10,1.0843046896177841e-5,10
CRS3035RES200mN2630800E3460400,32605.29973787843,207.70186466576394,47.389008286023085,303.6645589276619,63.774986467201416,0.5048883809334509,15.923643029378475
CRS3035RES200mN2634600E3485000,37936.60532356532,230.35880341880343,65.67409035409035,324.41278388278386,8.352808988764044,0.005433455433455433,8.352808988764044
CRS3035RES200mN2621800E3470800,31414.516273171288,203.7834471151573,50.03032996728788,290.8056464229848,57.96092553734476,0.41798226899919494,20.250153121987182
CRS3035RES200mN2621800E3471000,30175.217057790247,193.6417459655508,48.61465165358709,275.3704742768321,57.07006748709806,0.44566604744032046,11.05842738047979
CRS3035RES200mN2621800E3471400,30964.841277044598,199.27816072217044,49.92580827159888,283.0434675955453,61.29863316696915,0.43251729382328413,15.262207917422858
CRS3035RES200mN2621800E3471800,30173.516140439577,196.72028289972206,50.90630209648906,278.3277595352359,63.22094573511476,0.4452260671886838,17.01228547925001
CRS3035RES200mN2621800E3478000,29456.610180353313,200.45143275656878,51.78884660153533,280.90642288225354,78.51104921077055,0.4225683681877028,19.843571649644108
CRS3035RES200mN2625000E3492800,41629.316511966725,250.49905440949516,68.96754559485274,353.5000108688579,25.400000000000002,2.173771275786367e-4,25.400000000000002
CRS3035RES200mN2625000E3496200,41107.85708169207,255.19116072957698,71.77790503510874,360.2231974653194,NA,NA,NA
CRS3035RES200mN2626600E3459000,31176.61099026761,195.65854598336918,47.49462419052117,287.6931748971449,45.89928411523039,0.5052515133059053,17.455676646411966
CRS3035RES200mN2630000E3490600,37591.68832094382,248.50383746683323,58.64073635506423,350.62884020788056,17.03723404255319,0.002061267899041729,17.03723404255319
CRS3035RES200mN2605600E3489400,35707.634812641954,226.7353385285584,63.94926844507674,319.14351667042587,22.738095238095237,7.289515247236031e-4,22.738095238095237
CRS3035RES200mN2619000E3487400,36931.936882587244,245.4960010142738,64.05622880326258,346.2248518209384,21.5,2.113070396940274e-4,21.5
CRS3035RES200mN2622400E3464800,30893.71060799924,193.60277461851956,41.006906928253244,279.44565680978104,49.07316293143743,0.4815775755852526,23.997935988585162
CRS3035RES200mN2625200E3464800,23639.528481240202,143.2045098292995,40.6458576009894,207.72483713706373,45.26852841064374,0.5788141564922271,25.557213843822197
CRS3035RES200mN2626800E3471200,31843.210533170688,198.2973228980425,52.30119469078941,287.3464603289245,60.00041635687737,0.3981315935920043,21.36463048327141
CRS3035RES200mN2626800E3473200,33559.65735014407,213.35169303310897,56.24898349677111,304.19650117880207,82.21517377341092,0.35818498650357056,16.21540589525899
CRS3035RES200mN2637400E3488400,37818.68583458519,239.96264976168285,61.38601554091624,338.28358032430214,11.368421052631577,2.2471644333006149e-4,11.368421052631577
CRS3035RES200mN2637400E3492800,39718.516758259255,241.33199418861818,66.1876318615378,340.5816183437566,29,2.5266881435158974e-5,29
CRS3035RES200mN2612600E3477400,28877.92963233508,189.70781592403262,55.00008593649308,265.7192741230907,20.53061224489796,0.0014036293845514866,20.53061224489796
CRS3035RES200mN2618200E3493400,37883.34329646482,251.6324245675039,68.48943883401768,355.01586949284206,13.892086330935252,0.0017139545493779207,13.892086330935252
CRS3035RES200mN2621200E3488400,36461.209462181796,238.09039741163542,65.76338440876626,335.36002686038705,23.666666666666668,6.593004090104389e-4,23.666666666666668
CRS3035RES200mN2621200E3488800,36174.665801109746,239.1266856925881,66.04315128057519,336.87642541307827,24.77777777777778,6.61416165501022e-4,24.77777777777778
CRS3035RES200mN2626400E3463800,37193.13095610172,244.02822370601885,46.62584647440451,353.6443907752048,42.84681049964329,0.38498839797319695,24.744606263376713
CRS3035RES200mN2626400E3464000,39020.13655872025,253.64383889617991,48.16643315716667,366.74324300358245,44.57711136805334,0.3604529493136594,23.034517454303952
CRS3035RES200mN2626400E3466600,28287.391454538432,170.68031000242175,48.00438490267796,244.10785076034657,55.11046726317292,0.44875144994964944,29.594500781139036
CRS3035RES200mN2628200E3462600,33619.89423368911,212.93582490749384,44.16639861437585,310.8437911216582,44.654604049300104,0.4571772406734673,18.431799060247503
CRS3035RES200mN2630400E3489200,36612.713065821124,247.44610758801662,56.42080691012465,349.1382680953422,11.590425531914894,0.0020555434069538595,11.590425531914894
CRS3035RES200mN2634000E3488600,37295.285477178455,241.87898396321611,61.008893125490445,341.1102052259737,NA,NA,NA
CRS3035RES200mN2639800E3476000,32910.79003138118,210.2616728478081,56.22879732648653,295.7051255926424,13.801111111111112,0.012226433549333659,13.801111111111112
CRS3035RES200mN2639800E3476800,32480.51880215042,209.47941983535867,56.647155177241416,294.4479335834687,10.241276171485543,0.014042112336898695,10.241276171485543
CRS3035RES200mN2607000E3489400,35435.04928063782,225.6280291211641,64.16744669786765,316.92586236782637,19.9,1.733402669440104e-4,19.9
CRS3035RES200mN2616600E3486200,34317.81067922533,225.97296365083616,63.5369594056779,317.6115680551876,21.771929824561397,7.561687450252068e-4,21.771929824561397
CRS3035RES200mN2616600E3488600,35399.803699415585,230.9877467195945,65.97808468408867,325.4166942331011,27.50788643533123,0.00436927996471496,27.50788643533123
CRS3035RES200mN2619800E3481000,32838.83649387983,224.75399897997008,58.76778097181001,316.3136591246289,NA,NA,NA
CRS3035RES200mN2619800E3488600,36933.71493152792,249.85525632540867,63.99592730234705,352.53245430942417,12.2,6.109046479661977e-4,12.2
CRS3035RES200mN2622600E3466200,25521.401502021952,152.36333250804654,45.846510412368296,219.38047096365986,58.67317769194814,0.5591180435201233,32.936896356613936
CRS3035RES200mN2628600E3470600,33047.85330583195,211.14309027856478,50.7815566989279,305.85881366304767,64.42223232294538,0.39893243273872936,20.99287236158065
CRS3035RES200mN2631200E3466800,31260.224765537998,202.9579619236272,51.83386522871481,286.6605773816069,71.83008936222306,0.3995451377425614,28.229820051413913
CRS3035RES200mN2631200E3473400,35663.090354600805,229.33123231283767,54.10643383929337,323.73467112597547,21.607142857142858,0.0015007289254780893,21.607142857142858
CRS3035RES200mN2615600E3492200,36903.074507820405,245.3419448551345,66.66888439291365,346.3904884185407,72.98481153765763,0.3722926879879646,21.86659235003136
CRS3035RES200mN2618400E3477400,28766.089702928388,200.4044825034351,53.83494555449819,281.08424516333577,18.177024482109232,0.0070171265461465085,18.177024482109232
CRS3035RES200mN2618400E3477600,29504.785371151145,205.7412418551169,53.8386738213875,288.8250031940718,19.952153110047846,0.008010732081257186,19.952153110047846
CRS3035RES200mN2621400E3475600,32877.155513599624,218.0517434656912,52.82651483863355,305.7323971915747,85.39864754500016,0.36121305091745826,32.86725033484695
CRS3035RES200mN2626200E3463200,37394.81133532232,243.92719543231883,47.37511795712556,353.21197014612386,39.23225663607961,0.3874617532956506,22.566633865531738
CRS3035RES200mN2626200E3464400,39400.52775456192,254.86435262571388,47.73916109486001,368.59156916005014,40.91940761150336,0.35388807633375124,20.473775492632022
CRS3035RES200mN2627800E3467400,35857.24164234881,229.52109762965208,53.66545845492237,330.32636051809743,62.440228357694764,0.4160958378129312,27.05633643387961
CRS3035RES200mN2639400E3477200,32492.791543215102,208.83779169841137,56.292883546375464,293.39965856824404,17.318045862412763,0.014151076497643838,17.318045862412763
CRS3035RES200mN2615000E3465400,28424.05823146798,169.5643433890322,51.467421778625095,249.6813109790288,53.71439219248597,0.6018419872154313,17.132329443551573
CRS3035RES200mN2615000E3465800,28773.115747736756,170.52528039261898,50.226767963843564,249.68946777391136,53.414491017964075,0.578808002107277,18.57999520958084
CRS3035RES200mN2621200E3471800,31358.213824543855,206.61422791880005,50.61832133949152,292.41590586325816,63.39287537580127,0.4207750050720232,16.204716660048796
CRS3035RES200mN2624000E3498400,39597.826358666614,259.3313752813807,66.4119841354916,366.601768678315,26,2.1438525029478003e-5,26
CRS3035RES200mN2630000E3466400,29006.65762914695,183.56848613789035,49.81243268399713,261.8028056645172,57.494106930911734,0.4817365866631212,14.874658422810484
CRS3035RES200mN2634200E3470600,32812.297341068406,215.13112158569012,52.65323906212231,301.16337926033356,22.123893805309734,0.0013657239545564418,22.123893805309734
CRS3035RES200mN2640400E3468000,29566.03646694958,194.12500899086527,55.40526505070848,272.0219089405164,18.098591549295776,0.0020427245918147163,18.098591549295776
CRS3035RES200mN2640400E3468600,29647.15981683048,195.65386096805946,55.41927844905063,274.1331260075037,14.775757575757575,0.002353813891781623,14.775757575757575
CRS3035RES200mN2615600E3491200,36522.14207874851,241.37988863847275,67.44801802996156,340.6695081532547,61.66980027324182,0.4075566750629723,10.3150998633791
CRS3035RES200mN2618400E3493600,37654.19270950208,251.6076121375321,68.97915575834642,355.00604632607775,11.582733812949641,0.001732864587229162,11.582733812949641
CRS3035RES200mN2618400E3494000,37508.92932977694,249.99513611045737,68.85220051776889,352.6915221882273,13.712230215827338,0.001817421092544651,13.712230215827338
CRS3035RES200mN2621400E3465400,31253.384965010577,195.4706251598354,40.19012856578244,282.09690093692603,48.11478757164998,0.4725199358333527,19.309641073581147
CRS3035RES200mN2624400E3467200,25557.728854113666,153.31589224570618,47.24313472036963,224.1134472848283,49.88689628064659,0.5597557789359332,14.676148479339675
CRS3035RES200mN2624400E3471600,30903.823512496405,197.57812285110586,50.11661228010952,279.51533450858307,63.164422475995686,0.44011852518660216,16.803028237031988
CRS3035RES200mN2624400E3471800,31646.398232252228,201.58844240149634,50.33610435335395,285.6600569689116,59.07030850519857,0.4303475592611157,13.005800806772333
CRS3035RES200mN2626400E3473400,33158.42244300235,212.54513294664906,54.32998334577614,302.6080514558089,73.00441917240953,0.37166484810199274,19.720170586235668
CRS3035RES200mN2633800E3485000,36840.97035593049,237.90528686182907,57.019740306299646,335.36091598606305,9.948430493273543,0.0049966950111473354,9.948430493273543
CRS3035RES200mN2639800E3477600,32553.29488582373,208.65919889423205,59.1942004780143,293.24554381317137,22.010204081632654,0.014110058455956477,22.010204081632654
CRS3035RES200mN2640000E3468800,29719.225658713083,195.59757717968998,54.807771683817684,274.03762863281634,16.175757575757576,0.002332353273775865,16.175757575757576
CRS3035RES200mN2611600E3475600,29311.183112489343,187.9386523822947,55.60558218212587,262.9772483789119,21.141414141414145,0.0013955455314350153,21.141414141414145
CRS3035RES200mN2617800E3495600,38546.26601327076,254.92693735922552,69.50388993729841,360.0073172216473,NA,NA,NA
CRS3035RES200mN2617800E3498400,39095.43034773446,257.64193888303475,70.85701357466063,363.6473067625364,6.413043478260869,0.001710779148329511,6.413043478260869
CRS3035RES200mN2620600E3496000,39775.190944336566,257.6121803747802,71.32413689651968,363.63138096556827,NA,NA,NA
CRS3035RES200mN2623800E3472200,30746.830272452127,199.23612512613573,51.17715691220995,280.10895560040404,59.18598375092312,0.44402119071644924,10.736864382705516
CRS3035RES200mN2626000E3466800,28170.062817847032,172.09274244056417,48.507089711150634,246.22902522734674,48.171964209629316,0.4409775283713706,25.102670075273426
CRS3035RES200mN2627600E3466600,32124.569765585788,208.52569891001943,50.10707119076937,300.3474597528154,56.713883962503175,0.45001596205591216,20.641287053458356
CRS3035RES200mN2630000E3459400,33421.19901656946,213.71967349130026,46.30996363991307,312.51257961394845,64.22672524582323,0.40824568681519785,27.323067037269496
CRS3035RES200mN2630000E3462200,33527.63284439217,215.22452086072096,48.595481906870546,313.26350930602644,54.91579128637851,0.46874927927304594,20.20286599916355
CRS3035RES200mN2634000E3467200,31025.814455191274,202.74516397158916,52.542504155962106,280.37514482897666,78.94379716459859,0.39885899954662346,24.938849420605596
CRS3035RES200mN2640200E3468800,29567.907878599894,196.61710765587316,54.87489251328598,275.48268230451504,14.369318181818183,0.0024810048069468116,14.369318181818183
CRS3035RES200mN2640200E3469200,30187.675335814187,200.49746150760166,53.20378491291657,281.0084247513384,35.41056910569106,0.0034031015258621884,35.41056910569106
CRS3035RES200mN2640200E3470200,30706.731669482786,200.1140965624218,56.62935929752623,280.64960804409816,22.072,0.0017312539818841544,22.072
CRS3035RES200mN2608800E3467400,34854.754438655895,212.77942450530784,46.44666104494678,298.840762859684,88.09367574781108,0.3548960944448938,24.252839891937615
CRS3035RES200mN2615800E3466000,30124.927920342154,176.4700080192462,51.03974873028602,257.9609195402299,56.945302907448166,0.5769179363806469,20.589486852774225
CRS3035RES200mN2615800E3466600,27418.62632400719,160.8076409109445,44.72750418477718,232.65358484196273,60.84980654238485,0.5598739643555427,27.24669363348579
CRS3035RES200mN2621600E3477200,33448.810254625605,223.63833884345456,53.1619859636912,314.6834522359492,78.50993500464253,0.37480424569340526,16.944837511606295
CRS3035RES200mN2621600E3499600,39309.43267647909,254.77265904909473,69.88279510022264,359.7925341338241,NA,NA,NA
CRS3035RES200mN2628000E3466000,27525.422356295152,175.42431876947575,47.95600344759003,254.34601869654583,57.061420747844814,0.5060399124842536,27.013198647905075
CRS3035RES200mN2628000E3466600,28363.21276839612,181.33892412317567,49.49821706018696,260.96530908535186,62.032825856051794,0.503578614910471,29.340486065449426
CRS3035RES200mN2630400E3461800,32208.843763686797,204.77238551754343,50.27351695946275,298.88142975327264,61.007750602824665,0.49445228478271447,20.851594409723923
CRS3035RES200mN2640200E3489400,37808.11978774661,238.86016608961899,65.56969742586189,336.6023508455015,NA,NA,NA
CRS3035RES200mN2617800E3477600,28772.406916600103,202.91857739599564,53.042819542472536,284.8315633716134,14.527216174183515,0.008419867220134351,14.527216174183515
CRS3035RES200mN2617800E3478400,29349.299589763625,205.70140001302337,54.937552907468906,289.01522432766814,17.011146496815286,0.008178680731913785,17.011146496815286
CRS3035RES200mN2617800E3478600,28889.93986366616,202.7652708669612,56.058442164801384,284.7157931246082,17.28682170542636,0.006883395808598915,17.28682170542636
CRS3035RES200mN2620600E3492400,37774.89392925496,250.3457777151652,68.15578957254728,352.8280562110395,8,1.0565984573662547e-4,8
CRS3035RES200mN2623000E3484000,33892.71194558521,228.15029949280353,58.99158595855335,321.078044647374,28,3.059651435094197e-4,28
CRS3035RES200mN2625400E3461200,36644.106548736534,239.5047135241499,48.51657012057385,347.34133143252984,37.076065831877784,0.4080938086680655,21.378489015719943
CRS3035RES200mN2631000E3473400,35389.70800505267,229.5084675002141,54.058180611458425,323.6419242956239,27.90909090909091,0.0028260683394707546,27.90909090909091
CRS3035RES200mN2631000E3475200,37076.26799472057,238.40707204027146,56.68951369491578,335.7914198307705,20.689189189189186,7.571339410867939e-4,20.689189189189186
CRS3035RES200mN2634200E3484400,37867.24278618874,231.96982825683682,63.42370893423494,326.6069535036802,13.688340807174887,0.005337801448147926,13.688340807174887
CRS3035RES200mN2634200E3485200,36400.7166296656,234.23118727163407,57.84058322926784,330.0781069330743,8.0695067264574,0.005157023264418852,8.0695067264574
CRS3035RES200mN2640000E3480000,33990.89479162161,212.87037599202108,59.90547436286635,299.23231709961476,NA,NA,NA
CRS3035RES200mN2606000E3485600,35344.85346839389,214.2419082084759,62.7234585855854,301.2849967869592,25.703125000000004,0.0010822876855954284,25.703125000000004
CRS3035RES200mN2606000E3487000,35399.5519507648,222.84851844710067,63.872557526674086,313.63403072374234,18.210526315789476,6.106183314050633e-4,18.210526315789476
CRS3035RES200mN2606000E3487200,35204.132130755774,222.34785811330642,63.85431569298264,312.88263410322327,17.52631578947368,6.220228838945187e-4,17.52631578947368
CRS3035RES200mN2606000E3489600,35145.493980138854,225.6662448369804,64.05390631865717,317.3853238421654,26.952380952380953,7.38201950962299e-4,26.952380952380953
CRS3035RES200mN2613800E3483000,31473.11325349819,206.8500281008171,59.538570172784,289.6652400097993,22.866666666666667,2.161601314253599e-4,22.866666666666667
CRS3035RES200mN2616200E3467400,25550.916835699765,155.88948130976544,45.80088380179663,221.81473485946117,67.5838135550003,0.5682121124311788,23.698044265388354
CRS3035RES200mN2619200E3492200,37630.45524949506,248.83203846201505,68.94137764395376,350.7489436576088,25.39344262295082,7.558578987150416e-4,25.39344262295082
CRS3035RES200mN2619200E3501600,39071.89569954998,254.77362592910958,69.6810183546544,359.8232416443343,1,7.584567932446782e-5,1
CRS3035RES200mN2622000E3480600,31619.236875323946,205.91134615129184,58.60233327575441,288.9528162744659,NA,NA,NA
CRS3035RES200mN2626600E3470400,31875.561107351878,197.49386849009343,52.436304711706256,286.31857734724645,57.17295838659281,0.4179279888884932,17.89711404630024
CRS3035RES200mN2628800E3459400,33229.51252949369,212.84537479581343,45.60295238671438,308.2290882691021,52.304331047585045,0.4076108657511047,20.271665627690215
CRS3035RES200mN2628800E3459600,32972.97758110652,210.33414419480235,45.882221352956996,304.86705131652934,51.34787893161,0.4123536170941007,14.194693623454757
CRS3035RES200mN2634400E3484200,37779.23008243469,228.43176101412098,64.4411376484945,321.4322092994297,16.85201793721973,0.005553756879934251,16.85201793721973
CRS3035RES200mN2640600E3469400,30133.717140554214,200.85356735873705,55.08557769810167,281.5094638539148,33.78389830508475,0.0032796909308207564,33.78389830508475
CRS3035RES200mN2610800E3480800,30985.138076855095,200.4108416337601,58.17274709730658,281.1146048211236,11.032258064516128,9.135380444392061e-4,11.032258064516128
CRS3035RES200mN2614800E3491200,36258.56786613598,240.49536999431402,66.9991877183007,339.39713806081284,73.9220505375229,0.39164162131427177,23.301963427702326
CRS3035RES200mN2620800E3467600,25294.68400658723,154.0609457383651,44.376178021339314,221.00943800943801,66.25020910209102,0.5625441109312077,29.56074046740463
CRS3035RES200mN2626200E3456800,32207.38212687103,197.61023894348125,48.01500737318764,290.71377676858623,52.997195019930146,0.5303736183429253,17.137736823975207
CRS3035RES200mN2633800E3472600,34407.604404434715,220.70108771602926,55.20491917827363,310.27620300927003,22.551020408163264,0.00399450319094424,22.551020408163264
CRS3035RES200mN2633800E3473200,35516.79130357361,225.74822209609027,55.5340723181196,317.5721233570387,15.9209726443769,0.0036615360644608416,15.9209726443769
CRS3035RES200mN2640200E3475600,32440.76878637092,206.63834303224536,57.527241292063756,290.4173905709707,18.124444444444446,0.012650754828371425,18.124444444444446
CRS3035RES200mN2640200E3477000,32323.89095896515,211.19739058997175,55.98624281159057,296.92287341437265,13.22333000997009,0.013966052605928958,13.22333000997009
CRS3035RES200mN2604000E3488600,35787.857147750474,224.74193769374435,65.6174793197349,316.39118669612446,23.128205128205124,6.679340286697851e-4,23.128205128205124
CRS3035RES200mN2613400E3504800,37476.79516806731,245.6054460245638,67.81683904330973,346.5700387847453,28.5,1.2928248222365886e-4,28.5
CRS3035RES200mN2613600E3465600,29317.9490992358,173.4735288437664,51.05910834000055,253.97472894308495,64.98369428671926,0.5490385411206444,28.570732626501194
CRS3035RES200mN2616200E3481000,31692.20811428291,220.70208323097333,59.97211713260944,310.40995184985013,11.826086956521738,8.475409030609738e-4,11.826086956521738
CRS3035RES200mN2616200E3481200,31895.454903158836,221.88826296816822,60.09274760188186,312.15286857701494,12.797101449275363,8.431600171075943e-4,12.797101449275363
CRS3035RES200mN2619400E3474400,32796.482413477046,217.29322619299253,53.9150513380794,304.41402927562694,76.12129993790103,0.39727684969807936,33.67358724901678
CRS3035RES200mN2624800E3484800,34967.086766980734,230.10249378896546,58.33826700417194,324.02105892279565,NA,NA,NA
CRS3035RES200mN2624800E3485000,34757.1047547152,229.67830476886965,57.61531747248729,323.4685830217389,NA,NA,NA
CRS3035RES200mN2626600E3459800,31264.190856533383,197.32593598118947,47.3026773485886,289.6012823154399,43.93180644050284,0.49267334892796977,14.967344830131136
CRS3035RES200mN2630400E3460600,31466.441849185652,203.12672946341954,47.98086741205892,296.32638995251915,64.41275035677381,0.5187369173431351,19.279725407214222
CRS3035RES200mN2633600E3463000,29112.231151839922,181.77312373514238,52.670039620328936,257.78586494883564,71.8933093346574,0.45925376963201553,24.981004841112213
CRS3035RES200mN2610800E3484800,31502.780396002454,216.61422205557858,58.35846444486108,303.9002350633804,19,8.652639776185056e-5,19
CRS3035RES200mN2610800E3488000,36373.278096205315,230.3950518754975,64.13986795327556,324.2254661539557,24.047619047619044,0.001218892839004566,24.047619047619044
CRS3035RES200mN2616000E3466800,27133.853484558622,162.59450669581852,43.38490024596884,234.0063405301995,62.196311928449404,0.5439191035802132,26.71819917596221
CRS3035RES200mN2616000E3476000,29055.33986511603,196.83382454463384,48.916812702458714,275.6248074982741,67.17092252210331,0.45648133397058044,23.945413564448568
CRS3035RES200mN2619200E3464200,26688.094779537943,166.0484321595212,47.70737899051212,239.82239650550977,43.177273733671186,0.5764916112379629,16.818994317203376
CRS3035RES200mN2619200E3465200,28591.1916224123,170.2442007182376,50.4595748811025,245.3610182887095,55.04307994596589,0.5645373746897568,23.01184575709199
CRS3035RES200mN2622200E3479200,30067.468927526254,202.62094627699724,54.53100626349034,283.9169988214574,90.42690958551077,0.3699564336507012,36.34701123917246
CRS3035RES200mN2626400E3457600,31666.370878386122,197.14264063475082,48.29968542645729,289.4383652364396,51.26403720289356,0.5176072033520549,18.910754884110055
CRS3035RES200mN2626400E3458000,31636.756200274867,196.97446760222417,47.817490638120816,288.8862326789474,49.19560136780733,0.5125266356495316,18.350623631577676
CRS3035RES200mN2615400E3484600,32428.870291047442,213.58528594122382,60.95770452740275,299.4994610234879,9.385964912280699,8.084647679564295e-4,9.385964912280699
CRS3035RES200mN2621800E3463400,29913.933767754417,189.4418240594614,42.50047090566614,273.7583999389095,41.93763684223474,0.5173471465662068,20.08549041796845
CRS3035RES200mN2621800E3463800,30563.484601673554,192.69856909442072,41.20326038520576,278.81778234391317,39.45720681935588,0.5031564093677285,16.362882235725362
CRS3035RES200mN2621800E3464600,30821.360989277313,194.29386312317496,41.140045160603876,279.5964746355823,42.774607001402245,0.48055847825315945,16.697010996580463
CRS3035RES200mN2624800E3472400,32352.114423861258,205.42796344678385,51.696579933561104,293.57726181891263,56.060263546518236,0.4162716192412725,14.243155742360546
CRS3035RES200mN2628400E3463200,33503.9653220021,216.77025550466274,47.3446057060868,314.3795375531151,46.77450859799745,0.44863969979581664,14.819626559078939
CRS3035RES200mN2630400E3468600,33812.897937963746,216.7518004509326,55.50551627520066,305.4132500054723,65.13431802446352,0.3793971499244789,13.61790618509116
CRS3035RES200mN2617600E3479200,28452.111688347864,198.1149474915736,56.20375219365442,278.0635254463913,20.28099173553719,0.005055851137914705,20.28099173553719
CRS3035RES200mN2617600E3491600,36764.39612413616,240.6594253963959,67.9279170619326,339.2982924515522,26.928571428571423,5.691828160997438e-4,26.928571428571423
CRS3035RES200mN2620400E3471800,26263.377477254708,174.94396800527798,48.42384761276501,246.5926719991216,61.09889170631646,0.4823809131139884,27.710826519274068
CRS3035RES200mN2623200E3460800,30015.94831536301,189.73132531679977,44.461679847780786,278.14755944445164,45.60483652734385,0.5261529699574149,16.6580186474452
CRS3035RES200mN2625400E3489600,38030.960549375966,240.52945384312844,65.09522276667047,339.18472286801045,17.08450704225352,0.0016929551605326888,17.08450704225352
CRS3035RES200mN2625600E3458400,36302.543153831815,230.5653036832352,50.77468557079729,334.4769674441045,48.535535929543165,0.44572738138315954,18.110344657925147
CRS3035RES200mN2627000E3458200,40379.61979661925,258.9785945778103,45.55562886918047,375.5475751518563,53.614307855051784,0.39442838013545717,22.9114000344412
CRS3035RES200mN2627000E3459200,30869.264628360554,192.48453913110606,47.17988608457526,283.34636203504897,51.865064331225845,0.5226352263522642,23.5301827843243
CRS3035RES200mN2634400E3465800,30198.13177421492,197.57267788525243,52.81714588578243,273.9607923678283,69.45481628599802,0.4269776069961574,15.548172169811313
CRS3035RES200mN2634400E3466400,29833.71865663819,198.15974369725876,52.47651868546569,275.0977907647151,71.42360787963393,0.42238848996278633,16.4637753994106
CRS3035RES200mN2640400E3486600,39952.05638373281,236.44711616167905,68.81937312727702,333.1404557944092,NA,NA,NA
CRS3035RES200mN2604200E3488600,36454.32376828186,228.3471852275523,65.9513358934557,321.6115368902712,20.871794871794872,6.373069695236569e-4,20.871794871794872
CRS3035RES200mN2604400E3488600,35697.003590321634,224.16321221056205,65.6658052207092,315.51325990807203,20.256410256410255,6.764374295377654e-4,20.256410256410255
CRS3035RES200mN2615600E3465200,28583.453163189904,168.5348291934292,52.90126754959359,247.89171829704998,50.57333555815118,0.5961319843119423,15.951126314033038
CRS3035RES200mN2615600E3466200,31431.885557267055,180.6670626321698,51.561731457066024,263.85306633945123,57.08581132433973,0.549617523431585,22.930978054341615
CRS3035RES200mN2618600E3463600,26749.76834005238,164.8889591854751,50.84814466056557,238.67496983786012,54.36086988609806,0.598078450990201,23.520932864277096
CRS3035RES200mN2618600E3464200,26868.16419703065,164.76265447283882,49.35180736839059,238.98914710734235,48.63283229599744,0.5882123115214308,18.73112991709513
CRS3035RES200mN2621600E3464200,32839.66739958108,201.61552081284066,41.96890514158749,290.9538379641952,42.92080986002116,0.4704037586937151,17.537383453467484
CRS3035RES200mN2626200E3460400,31609.965308534385,199.91249537407333,45.24212398677283,293.3425453937708,40.054441683682256,0.4852626929459095,17.40378607099805
CRS3035RES200mN2626200E3460600,31397.87642933101,199.17883216039573,45.01117178258636,291.3689914329753,39.91143693571797,0.4856917543880611,16.74985854510566
CRS3035RES200mN2626200E3461600,31113.869781661433,201.2683666775992,43.612109356697744,293.28467178934545,37.29838372407686,0.4761397179403083,20.626674702944708
CRS3035RES200mN2629800E3480800,35046.31895251248,231.57296292361627,55.30659725910974,326.0604058217359,13.710843373493976,8.817592690959312e-4,13.710843373493976
CRS3035RES200mN2629800E3481200,35482.86024887318,232.85591100509777,55.065194676348455,327.9500036940477,16.83132530120482,8.760171826020862e-4,16.83132530120482
CRS3035RES200mN2633400E3465600,30080.537237766926,197.96828566242314,51.71642507066377,277.31051785390235,69.54828699106257,0.41780981770090714,18.64451650943394
CRS3035RES200mN2605400E3488000,35522.02861759367,224.71962087518523,64.16644179034857,316.4429730314991,10.282051282051281,6.496426965169154e-4,10.282051282051281
CRS3035RES200mN2605400E3488200,36098.74108854911,225.99429667141976,64.40116688791653,318.24827507088213,9.743589743589743,6.39166134028222e-4,9.743589743589743
CRS3035RES200mN2614000E3479000,28131.98274519979,192.3010148186588,54.97950181629476,269.3721530300409,8.826086956521738,6.630917373003517e-4,8.826086956521738
CRS3035RES200mN2614000E3479200,28521.32479564033,193.81002437975047,55.589043453319945,271.5449161049763,10.782608695652174,6.596873655528467e-4,10.782608695652174
CRS3035RES200mN2620000E3474400,33005.76252337926,223.50011267097858,53.98158956216069,313.51412894066755,73.51264937336043,0.3865741262365648,29.440504226173058
CRS3035RES200mN2620000E3486200,35818.65748196119,241.82154152952108,63.045684081869,340.6418500927405,17.46938775510204,0.001050701718647811,17.46938775510204
CRS3035RES200mN2623400E3463000,29874.925305180626,188.6787539698293,39.32748610559746,273.54870484319173,35.44185588821373,0.5042799722111949,17.100888090727942
CRS3035RES200mN2623400E3465600,24756.662727484214,143.80209605209646,47.005203790918166,205.2741583813014,58.78629240571725,0.5908628408628418,33.11260301606435
CRS3035RES200mN2625800E3467200,32565.235518604335,197.36907682522374,52.2492503748126,283.94514106583074,50.25206646783128,0.3998568897369497,25.5126686550206
CRS3035RES200mN2629400E3485400,36084.009709110076,247.9265155508698,50.922422964489385,350.04989696650216,9.709090909090909,0.0015814443858724301,9.709090909090909
CRS3035RES200mN2633000E3480400,33935.45677177552,215.1694753166181,52.07425691393093,302.33261824760706,NA,NA,NA
CRS3035RES200mN2633000E3480600,34229.53865321201,219.4237225101034,52.17562541839189,308.58924453921105,NA,NA,NA
CRS3035RES200mN2639200E3477200,32386.607078103698,208.60428115644632,56.32631519768373,293.0078989163586,17.018943170488534,0.01409717634822696,17.018943170488534
CRS3035RES200mN2612000E3484200,32008.880903339745,211.7001324113583,61.913550095630406,296.5372811534502,23.555555555555554,1.3241135795203767e-4,23.555555555555554
CRS3035RES200mN2612000E3488800,34369.12233739606,231.57297243421803,64.93642499145689,326.0207455291035,1,2.847704749971523e-5,1
CRS3035RES200mN2615200E3491400,36166.26685182916,240.39067924682433,67.62745578564719,339.2125964955275,71.79171255506608,0.39559422184100534,17.808249587004404
CRS3035RES200mN2615200E3492000,37247.21311244543,246.14675645572214,68.32801597767222,347.61187571214583,73.31031248953344,0.3822478843667183,21.9040626988646
CRS3035RES200mN2615200E3492400,37037.81287348693,247.03164104397567,67.11131824914439,348.872235558507,76.40567508574992,0.3685453802543536,26.198745799119997
CRS3035RES200mN2618200E3467200,26144.229148838993,157.289691368589,46.49064407553195,220.482814193622,63.82885676890691,0.5012550630383937,27.16937631593923
CRS3035RES200mN2618200E3468200,23899.232376369317,152.55578138777219,44.91719097933137,211.81178545275208,67.85946436677258,0.4938502234244467,14.198108639733697
CRS3035RES200mN2621200E3476000,33167.95173220053,221.42545113608742,53.29681802923848,310.8737513455951,86.21313192754799,0.34252775109094485,28.214683022438496
CRS3035RES200mN2624000E3472200,31333.42221891362,201.75959701233282,50.671009206183776,284.0443311248418,58.12539407537845,0.43684706816546315,9.680644153483495
CRS3035RES200mN2640000E3476000,33187.69722739667,211.21720525903729,56.17279501093383,297.08174725304394,12.852222222222222,0.012148700089090468,12.852222222222222
CRS3035RES200mN2611600E3496800,38243.83183849955,252.43226503841777,69.13490023079848,356.07801863916615,NA,NA,NA
CRS3035RES200mN2615600E3468400,26688.917197634255,159.417069059116,47.66604760136001,227.14943284093812,69.02552648372681,0.5596588473956405,18.868137843012132
CRS3035RES200mN2621800E3465200,31246.875850419387,195.00229496738118,40.24935927306617,281.6688490214352,47.248099584245615,0.4735438024231128,18.671217004108335
CRS3035RES200mN2621800E3465600,31176.820796018732,194.44797474148757,41.184520945081516,281.1984412962593,52.114615365691655,0.47710653880914095,22.466018844252027
CRS3035RES200mN2621800E3466000,25930.25969571838,151.27126061487402,42.752445365124096,217.20635726338602,51.98506728332808,0.5576529982302826,17.44340574183867
CRS3035RES200mN2625000E3460200,36033.01114603559,231.40235150240835,50.78978083396805,336.6559640408938,46.24940342935866,0.43606852827273995,21.345580457083788
CRS3035RES200mN2625000E3460400,36911.14273241311,237.27632837186096,50.0879864460336,345.232246798603,43.15820807399936,0.422511641443539,24.05020787719255
CRS3035RES200mN2625000E3461600,36239.53267960457,235.15245353464874,50.52620727854594,340.26682189307877,35.43774754606514,0.4169470315513071,20.631631774459386
CRS3035RES200mN2628400E3471800,33060.845197753224,209.89594745149012,51.49908318633367,302.19384226162845,67.49770111660051,0.40638055890817937,22.511365907987557
CRS3035RES200mN2628400E3472200,36671.32977131863,238.40370856613575,53.83145564274013,341.06084938784295,70.2652702039875,0.3527310475376297,15.161611702588093
CRS3035RES200mN2628400E3478200,34116.31392211868,223.5852384483926,59.94272294414171,314.74710605230064,9.581818181818182,5.911499478713228e-4,9.581818181818182
CRS3035RES200mN2631400E3460400,34028.884943147525,218.53575308403543,49.38302392390701,317.1434951596939,63.277397064702186,0.422736161069937,15.301641825138473
CRS3035RES200mN2637200E3490800,38038.14810850148,247.83661606970767,61.124740414052745,349.6461816780493,13.974025974025977,8.242522854267902e-4,13.974025974025977
CRS3035RES200mN2615800E3480800,28642.67034052133,197.20506788644414,55.42835983445874,276.20005808465845,15.84057971014493,0.0010019603572206499,15.84057971014493
CRS3035RES200mN2621400E3463400,26631.32579387815,163.69664287011568,46.48852317020359,237.48781067072736,38.4960269625329,0.5678900236102772,14.635297301286638
CRS3035RES200mN2624600E3473400,32898.32045968798,211.94333690603787,53.934500416815524,298.2142670001191,75.89319096255029,0.38478027867095393,32.213119777158774
CRS3035RES200mN2624600E3474000,32703.668560942435,213.00751790682565,52.041212336470934,301.69406262949155,75.89907149489329,0.38252530633990506,33.9916001238007
CRS3035RES200mN2626200E3462600,37520.24119153473,246.18577507830275,46.839557886920346,356.34173322797767,34.368299343157275,0.38698222598794757,16.684796673964936
CRS3035RES200mN2626200E3462800,37389.756210305146,243.97265651115038,47.31967909841937,353.4369036817726,36.03153829122488,0.38822405806790505,19.127405348225036
CRS3035RES200mN2628000E3464000,33231.657078736534,212.04719528047218,46.866691108667005,307.8857336488581,55.27437133999312,0.451532624515327,30.90067910043801
CRS3035RES200mN2630600E3491600,36768.12874885766,251.42250976156805,57.38073232533024,354.8626215003752,26.875776397515526,0.0016719282213176023,26.875776397515526
CRS3035RES200mN2630600E3492800,36111.717280036355,249.31711988573036,57.769318169521604,351.6790927683335,10,1.0820988389079459e-5,10
CRS3035RES200mN2635000E3475000,34208.54477896341,218.7713533727134,57.46433165015244,307.606719226372,14.51231527093596,0.0024175876524390244,14.51231527093596
CRS3035RES200mN2635000E3480400,38604.63346553669,230.96142594498397,63.89072997005214,325.0599308534635,NA,NA,NA
NA,NA,NA,NA,NA,NA,NA,NA
CRS3035RES200mN2621600E3463000,29777.36347738872,187.99907420503772,40.930205346465925,270.61769811369305,43.98034391989964,0.5226755474405622,21.169785234569154
CRS3035RES200mN2626400E3462000,31974.19198792356,204.7804855734593,44.1408231648045,298.4308292258957,37.38770941474575,0.46486282492595177,20.051334596177036
CRS3035RES200mN2630600E3463000,34114.03429917779,220.70504746154467,51.229163362860106,317.01668516798617,62.018946172418666,0.39877891302870555,22.66812668655016
CRS3035RES200mN2630600E3467200,31270.22712575797,203.18448248514514,52.51098720091756,285.5990068204834,63.18650093861989,0.42897058285240147,24.90540133113376
CRS3035RES200mN2609000E3499000,39060.37422216539,256.5193222069753,68.8629096595078,362.2596770590666,11.999999999999998,3.1911159332418495e-5,11.999999999999998
CRS3035RES200mN2609200E3490000,36878.450801914405,232.82315850740574,67.19318696242658,327.6017105348258,13.697674418604652,6.952079156696653e-4,13.697674418604652
CRS3035RES200mN2614600E3465800,28804.39288240434,170.29106971970654,50.072618337655854,251.0890531600627,56.815811289471704,0.5520852114336435,22.4680935513854
CRS3035RES200mN2622800E3492200,39311.51472786823,250.12088150371395,67.31820412448761,352.2457231548792,NA,NA,NA
CRS3035RES200mN2626800E3463000,38210.212661534875,250.32120363890832,48.07919757406111,361.6909540471192,39.15375531993407,0.3792768836015862,20.157064134419034
CRS3035RES200mN2628600E3461200,32376.710553169272,206.65736016516766,48.15132062934574,301.66991385652244,59.12816790512278,0.4822373573174494,27.468318488263353
CRS3035RES200mN2631000E3460800,32853.483436494185,213.41266402574894,50.60985392423867,308.0664397128002,68.47067901234568,0.4331765288437732,26.06484625057156
CRS3035RES200mN2631000E3461800,32460.97555973338,207.5340356959738,52.28829015797056,302.2303269282418,58.03150120721489,0.42978001318455944,14.573665672489696
CRS3035RES200mN2631000E3462800,33714.15855723055,218.06059908099456,51.76621791254477,314.441237778264,56.77560005681011,0.4054334181705112,19.022280926004836
CRS3035RES200mN2634800E3485600,38724.96374175398,231.89257130384166,67.13911525029104,326.75556606519206,17.471526195899774,0.005323535118354676,17.471526195899774
CRS3035RES200mN2640800E3490600,38592.85895493882,237.14914580012908,67.09346803830398,334.106284329351,NA,NA,NA
CRS3035RES200mN2617600E3468400,24911.63434041108,157.14148972425136,46.144868052571525,215.90881476981465,67.99827057859768,0.48836106624783343,17.65917958675929
CRS3035RES200mN2620400E3481400,32910.407257368424,225.87841088260004,58.03079720569449,317.8377622538583,NA,NA,NA
CRS3035RES200mN2620400E3481800,32757.287435992028,226.3032361489137,58.07880472390078,318.3683743137885,NA,NA,NA
CRS3035RES200mN2623000E3470400,30791.17318767883,193.47258450067514,49.389947856673864,278.3904061234343,72.14753086419736,0.4213577081707721,32.13999412110521
CRS3035RES200mN2623000E3472400,31745.196125847935,202.86067189999628,52.28189292756427,285.5566179297345,63.627663200954494,0.43654897875665016,22.26861826032613
CRS3035RES200mN2623000E3473000,32196.71237619002,208.88298153668623,51.41104913934032,294.59582652178096,63.624112266348504,0.42314164823540723,13.82644167945005
CRS3035RES200mN2625600E3484400,37373.44318112416,240.6718511430956,59.27367113861688,339.4133669917143,NA,NA,NA
CRS3035RES200mN2628400E3495600,38084.888999255105,253.45112879368668,59.82520162814068,357.8841191522445,23.36,2.6991718940629067e-4,23.36
CRS3035RES200mN2628600E3459400,32616.87430917037,209.74552737973062,47.08767201196833,301.9707842385729,51.412830166305966,0.4170695218901849,23.670702279666756
CRS3035RES200mN2628600E3459800,33167.25743494424,212.24542557813933,45.350504514073286,306.56445227634816,51.351762369193374,0.40714768502872595,13.300272729967702
CRS3035RES200mN2630800E3467400,31539.68574086154,204.6799666594187,52.18816892561185,287.70510497451136,63.185249445360945,0.4247058539295982,25.548114227202912
CRS3035RES200mN2634800E3474400,33893.745691365955,216.62645675730954,56.40341804274359,304.330775614274,8.408866995073891,0.0024414591025533126,8.408866995073891
CRS3035RES200mN2615200E3466200,31524.91571463531,184.35500573150784,50.643590371066836,268.49951700776654,57.55429375408271,0.512641516724411,23.206720767800576
CRS3035RES200mN2620600E3473200,32201.382701607556,211.58695625957236,53.74216422860313,297.4992583302179,70.99167146974064,0.4184705924916487,17.267734870316986
CRS3035RES200mN2623200E3463600,29738.8696396664,187.51263152670197,39.5825516180266,272.3330479452046,42.033137346552216,0.5043800873535824,22.06654776255257
CRS3035RES200mN2623200E3466400,24888.902749252844,146.44152349116868,46.4913953060155,212.20203679834563,56.62739550788457,0.57575671732695,23.078186425250312
CRS3035RES200mN2625600E3460200,36661.57583978793,235.96128277347472,50.147692913059686,343.85197572795425,41.27129818691727,0.4209191069875326,18.64219784004526
CRS3035RES200mN2627000E3467000,30520.21601776568,195.95923922776603,48.946177632914264,282.6898408491231,57.1855695638174,0.48202538295306663,22.75496990563
CRS3035RES200mN2627000E3468800,32786.8770929454,201.2940382936747,51.444288256832756,289.7539251584232,53.18108223263747,0.3990908369514688,22.086422383184217
CRS3035RES200mN2627000E3469200,33161.8724981969,201.29863865849262,52.28165569780022,291.9007730796971,50.71756852719784,0.39673864046159396,16.72442266723479
CRS3035RES200mN2627000E3469400,33048.85629048756,199.95241504716446,53.174576656438234,290.2174110694397,51.507143871609145,0.4001022843504944,18.09146712114754
CRS3035RES200mN2629000E3475600,33085.08408975288,213.3125190753394,56.62608941389232,301.14418131464316,71.13760877558528,0.3689142598767859,14.94494116926095
CRS3035RES200mN2629000E3477600,34396.03328329127,224.2712279468916,59.51237742357946,315.7637269620211,9.690909090909091,5.855985349389381e-4,9.690909090909091
CRS3035RES200mN2635400E3490800,38490.85318345136,243.9240731541065,62.65163995979515,344.02267869727393,16.377049180327873,0.002114213755097792,16.377049180327873
CRS3035RES200mN2643000E3479000,35045.92808094435,225.80696121416526,59.794765598650926,317.90845193929175,29.814814814814813,3.642495784148398e-4,29.814814814814813
CRS3035RES200mN2643200E3472400,32279.26174614546,207.0401909251961,59.838504224073475,290.25341513052837,NA,NA,NA
CRS3035RES200mN2643200E3475400,34500.70052094423,214.94637255319444,59.53217220968365,302.1382986273759,NA,NA,NA
CRS3035RES200mN2606200E3486800,35272.26298685315,220.95337042690443,63.509708339488625,310.9214469775314,19.868421052631582,6.23697211416943e-4,19.868421052631582
CRS3035RES200mN2606400E3489400,34511.93519452626,221.87510317882416,63.88930058513832,311.80642735293486,24.000000000000004,3.301722398517884e-4,24.000000000000004
CRS3035RES200mN2613000E3466600,29819.79629881802,176.90348058173103,50.90000817037965,256.00857889863283,68.13899880019402,0.5334304700691759,15.837724963622907
CRS3035RES200mN2613000E3467600,29839.177376871252,185.5770274384191,44.52359333430398,262.79093592407776,70.76644627677227,0.518497438816164,15.661210527659357
CRS3035RES200mN2625000E3460000,35852.48087064811,230.021278899778,50.253549190535495,334.4669229519736,44.80402961942483,0.4401862580540365,20.481478019139455
CRS3035RES200mN2626600E3462000,32014.64189474887,205.39954288326382,44.529798297240156,299.2187760699389,38.542055155108365,0.46453345523112965,20.80483406725874
CRS3035RES200mN2628800E3475600,32721.58441995646,213.6172430818951,56.108983998025,302.2973606840676,69.92836252901981,0.37218618847768026,13.125655018542547
CRS3035RES200mN2634400E3473200,33823.908965014576,215.8067541302235,57.2083211856171,303.1835762876579,17.887537993920972,0.003996598639455782,17.887537993920972
CRS3035RES200mN2641800E3476800,34931.70700534487,230.06449816886044,58.51247154310593,324.1380159358607,22.08116883116884,0.007621498564782726,22.08116883116884
CRS3035RES200mN2609600E3493600,36603.378597927534,243.25410963285123,67.33254445439428,342.7786714852243,NA,NA,NA
CRS3035RES200mN2613400E3473600,28719.044075902282,182.26170066980828,53.55023562149539,254.13162641757444,88.55248007806148,0.42992183239411014,32.52416002602052
CRS3035RES200mN2613400E3483200,31376.792383795808,206.52679721344106,60.96579733052336,289.2053038285915,21.636363636363637,3.2197634937360965e-4,21.636363636363637
CRS3035RES200mN2613400E3493800,37934.20678345519,249.52463753026024,67.35326808444177,352.4513496629092,24.570422535211268,0.005544420438868202,24.570422535211268
CRS3035RES200mN2619000E3465200,29117.232937459292,172.95698507504054,51.31705491886199,249.96651931098515,53.43409062998895,0.564224442565929,22.026361291907147
CRS3035RES200mN2622400E3483800,33523.57047888712,223.53075218515295,61.79835036316629,314.37796380647626,NA,NA,NA
CRS3035RES200mN2622400E3484200,33715.043470202276,224.59342139406147,61.37393270644639,315.92521840131474,29,3.212692607100051e-4,29
CRS3035RES200mN2624800E3463000,26215.225717692378,166.22220620798993,36.637648877766274,241.99634438752113,33.702009889542175,0.5326057048518756,18.464407488499077
CRS3035RES200mN2624800E3463200,26228.31622588125,166.15278814791571,36.56626190382642,242.2796138379116,35.4380427562794,0.5324661715198913,19.730463234027923
CRS3035RES200mN2628600E3475000,31891.4190033331,206.47876605365593,55.24359601892642,291.3685989324756,82.05456453305352,0.3665128312705405,14.418041909122708
CRS3035RES200mN2628600E3475200,31878.973495261627,207.93391794550578,54.59596803192168,293.37147231791766,81.60155194621595,0.3692220250316085,10.412132826489895
CRS3035RES200mN2635200E3475600,34897.10034870204,221.92330902985677,58.197844387305786,312.28861258849537,19.625806451612902,0.0018198255315651653,19.625806451612902
CRS3035RES200mN2644000E3475600,34943.478850656255,217.57462930117106,60.5257183398369,305.79944661227387,23.84,3.547357218871942e-4,23.84
CRS3035RES200mN2644200E3477000,34280.75362936485,223.6818669232884,56.84839153148198,314.77745394555984,20.281250000000004,4.399230134726422e-4,20.281250000000004
CRS3035RES200mN2612000E3477000,29165.896491653908,189.58503848185845,56.50786058001226,265.4780889009462,11.18269230769231,0.0014850142075878488,11.18269230769231
CRS3035RES200mN2612000E3483000,30284.261881529103,208.71459935713466,56.37779818620135,292.43911433819306,12.409090909090908,3.1569280220410974e-4,12.409090909090908
CRS3035RES200mN2612000E3483200,30193.540883513193,208.11589221487472,57.721530920060445,291.7086523958702,16.40909090909091,3.190625362571071e-4,16.40909090909091
CRS3035RES200mN2615400E3465400,28562.748383328468,170.46250017383565,50.492942272657736,250.12359019288803,52.304742707536896,0.6002336351120197,16.01913996431965
CRS3035RES200mN2615400E3466600,32320.00774464933,191.8492515155266,44.217233700358875,277.4823827786717,62.36839857293609,0.49241618211060256,28.900065323350653
CRS3035RES200mN2618800E3463800,26705.097578987,164.62713214213315,49.279169441950714,238.49988416205727,47.32635489187926,0.5885870666936955,17.186604836527337
CRS3035RES200mN2618800E3464000,26400.00042122999,162.98310722482063,48.63912209859687,236.08622142172385,46.30143422962435,0.5904337216396014,15.12903392457377
CRS3035RES200mN2618800E3465200,29000.39457818744,170.90309241029783,50.846897147073975,247.42249481349467,51.632223996070245,0.5668954762534635,21.804303082402058
CRS3035RES200mN2628600E3472200,37321.080643304034,239.78714543430698,57.58825279238476,343.24199708286955,69.30713523183012,0.3325816604613672,13.44401454167749
CRS3035RES200mN2628600E3473200,38174.59170404028,232.14249622999938,54.787195707095385,330.65438397211176,82.41893223949886,0.3079551908501596,29.33783904098696
CRS3035RES200mN2635000E3491600,38672.25726424315,242.62249473349783,63.84091042826378,342.1800496640033,22.006329113924057,0.0018594579327064552,22.006329113924057
CRS3035RES200mN2642800E3477800,34049.351636200765,219.78607619740782,58.94483945917196,309.14707611342834,18.962962962962962,3.7790779049911823e-4,18.962962962962962
CRS3035RES200mN2603000E3489000,35863.85464446553,223.36005515411756,64.5070513491814,314.4093971445533,21.8125,2.7926135371941264e-4,21.8125
CRS3035RES200mN2616000E3496400,39534.03659701793,253.89318850418647,72.3138844886978,358.22883508083777,NA,NA,NA
CRS3035RES200mN2619200E3471600,31493.08137584884,210.1430916162178,51.456154331045816,294.66885904922776,56.285657573867184,0.41943886107113504,18.805506720353897
CRS3035RES200mN2619200E3492000,37696.795416406305,249.3475544776394,68.57935545511306,351.54824287411594,25.655737704918042,7.471919058293193e-4,25.655737704918042
CRS3035RES200mN2622200E3465200,31280.080642877372,194.91501463230435,41.015387520060415,281.84536958368733,53.3360476272479,0.4796681770980836,22.335348963074136
CRS3035RES200mN2625000E3464200,26175.987605915478,167.04119520025262,36.23704015578127,242.99430293142467,40.44945755123127,0.5348271143624019,24.192388496642003
CRS3035RES200mN2625000E3465600,25484.73343667961,147.25195519803418,43.209820680409095,215.2956678397862,50.39636363636363,0.5684039997765501,21.328289926289926
CRS3035RES200mN2626600E3493400,38056.30501918021,251.94183440368948,63.84774363174001,355.55234688159993,2,2.1550795224343778e-4,2
CRS3035RES200mN2626600E3495400,38103.35248832935,252.98437834596876,65.43687095807131,357.1661741402213,11.321428571428571,2.9979870658272385e-4,11.321428571428571
CRS3035RES200mN2628400E3467400,33645.774201734384,212.68967495641772,54.30841626762569,301.7074607763083,64.90275784137063,0.361266191495464,28.60251962251474
CRS3035RES200mN2628400E3470200,32773.255209191724,204.36944647187624,53.65787676877075,295.13254302733503,72.04223264256542,0.38912956466461046,28.73786114052337
CRS3035RES200mN2630600E3480400,31298.567934816652,214.21672203071157,49.668580382325246,300.7478408022569,20.11111111111111,0.0010153556878721404,20.11111111111111
CRS3035RES200mN2608800E3489400,36943.20357795987,231.3631390633708,65.06515067186163,325.51389043492156,17.25714285714286,5.565715194402498e-4,17.25714285714286
CRS3035RES200mN2608800E3491000,37008.01455255545,232.20956019697638,66.05804041433159,326.75695364238345,17.885714285714286,5.943284088979433e-4,17.885714285714286
CRS3035RES200mN2608800E3492600,35453.98118142585,236.42562587044236,66.17468324331634,332.6737830768692,NA,NA,NA
CRS3035RES200mN2613000E3473000,28352.107179082603,179.8901301701793,53.30329369998871,250.61829426349624,88.83411936900299,0.4331257748224955,32.46890551309148
CRS3035RES200mN2613000E3482000,30501.76957606727,201.15696292249356,59.091195014987555,281.8842490734314,14.136363636363637,3.248527088286109e-4,14.136363636363637
CRS3035RES200mN2618800E3497400,39210.50359079068,259.29254382876854,70.32653899410923,366.13694289938746,28.922535211267604,0.0016663146283648995,28.922535211267604
CRS3035RES200mN2621600E3466200,25966.55208319123,151.22172032151934,42.52502149378384,217.77806132892923,51.859037122684484,0.5547306794765066,17.058397500553486
CRS3035RES200mN2621600E3470600,30718.922505840193,197.305133254241,50.934761071904695,283.52288988637616,61.91683920923504,0.4312202639400203,15.628944606744769
CRS3035RES200mN2627800E3489400,38080.71706114101,248.48861688370272,60.57527091917058,350.5973554680063,28.748344370860924,0.0015137389351698696,28.748344370860924
CRS3035RES200mN2634400E3486400,37181.855063356226,237.06156236788885,59.61826304544052,334.24316449766343,26.712230215827336,0.004764570788724992,26.712230215827336
CRS3035RES200mN2634400E3490000,37809.2749913137,244.020028916959,61.12074511606012,344.109604241154,10.669172932330827,0.0014906804451866713,10.669172932330827
CRS3035RES200mN2641600E3479800,35807.13973463422,225.3197115703252,60.3246159352098,317.30320904524075,NA,NA,NA
CRS3035RES200mN2611200E3475600,29013.997440502284,187.99468303236844,55.83414171981278,263.04872944270824,22.927835051546392,0.0013716645219678436,22.927835051546392
CRS3035RES200mN2622800E3470600,30658.18176937677,193.4992384139036,50.096197063523775,277.5244706352381,73.21910509272901,0.4241160607271275,33.84001766264358
CRS3035RES200mN2625400E3477200,31026.660602494114,202.43548104372215,55.653603445685384,283.4340536885862,82.27806925498426,0.39376220764261033,15.525129574867254
CRS3035RES200mN2629000E3483400,35328.575785123096,235.44028202065473,57.434468251535364,331.9893449467776,17.044827586206896,0.003065441899305519,17.044827586206896
CRS3035RES200mN2631400E3474800,36669.30153868966,233.7517644066717,55.19057711463873,328.822912913549,29.60526315789474,0.0016107496344022186,29.60526315789474
CRS3035RES200mN2635600E3490800,38679.54672447005,244.72918387007988,62.474710982658934,345.1992155243601,16.699453551912573,0.002098816405174787,16.699453551912573
CRS3035RES200mN2643200E3476800,33731.3361778545,219.2481693905393,56.815059721023474,308.42926747779603,4.84,3.480246123005819e-4,4.84
CRS3035RES200mN2618200E3479000,30278.67500449421,209.49088317625004,57.4926551786127,294.44221731426074,18.842391304347824,0.004725339633786178,18.842391304347824
CRS3035RES200mN2621200E3480200,30980.88392229086,211.1945030630907,56.78385706429293,296.5049047820026,21,3.836856846871043e-4,21
CRS3035RES200mN2624000E3464800,26604.37271472695,167.3977919432214,37.96133271998423,243.60435039758164,42.45356949835405,0.5350069001774331,14.2567950670663
CRS3035RES200mN2626400E3495600,38654.23680373583,255.9628353232664,65.85908011052553,361.47901138901153,9.75,2.854899721647281e-4,9.75
CRS3035RES200mN2628200E3478400,34629.2715198475,224.1870030073737,61.479253400687064,315.67229256076206,11.849056603773585,5.672271155966046e-4,11.849056603773585
CRS3035RES200mN2628200E3480400,36731.73355016514,231.69312649819923,57.72314856859238,326.5407985469429,NA,NA,NA
CRS3035RES200mN2608800E3496000,38010.00373076592,247.56159202269407,67.78119143815009,349.1113900111751,22.5,6.876987879308863e-4,22.5
CRS3035RES200mN2620000E3473200,32295.525608942287,213.9702321368985,54.06091806091815,299.97599980933387,66.64551316649165,0.41950283616950285,15.483186092094419
CRS3035RES200mN2625200E3477600,30590.00257142154,204.83248849627205,53.88688205910579,287.01343536996484,80.97663990969522,0.392381702305667,12.685002508466082
CRS3035RES200mN2626800E3459200,30041.830107639526,188.38269648796586,47.679058743419844,277.40456485870675,48.10723511033482,0.532291857632978,19.105333464537882
CRS3035RES200mN2626800E3459800,31530.985683031206,199.7478722892725,45.97963648603164,292.29436938019904,45.59999015965953,0.4886401884887243,15.996004821766837
CRS3035RES200mN2628600E3483200,36310.502887171184,238.6062550283625,56.957420590062426,336.5716293422138,19.61888111888112,0.0029126312466265414,19.61888111888112
CRS3035RES200mN2628600E3483800,36093.61651114438,240.5558926042367,56.749520375262264,339.35974366443384,20.809782608695656,0.0036963749409885793,20.809782608695656
CRS3035RES200mN2630800E3462800,34298.286380607475,222.51870746392493,51.882945206247406,320.06279922411954,61.46097632990502,0.455683996905448,19.10073323163229
CRS3035RES200mN2630800E3464200,34632.88863866063,225.6014632860219,50.87047941292789,320.98954167948324,54.67201417253088,0.44647800676714855,19.383836917474508
CRS3035RES200mN2635000E3466200,27710.236655028813,182.97700472524852,50.49871703192698,254.09235967974874,69.44373758689176,0.4518291058483714,14.801942651439935
CRS3035RES200mN2635000E3474400,33198.67660388135,212.11722271197814,56.71077366244914,297.77798333726463,13.339901477832512,0.0025205180099082446,13.339901477832512
CRS3035RES200mN2635000E3474800,34234.45355204149,219.82257493509488,56.21790181732341,309.13922586735896,12.610837438423646,0.002395562898277079,12.610837438423646
CRS3035RES200mN2613200E3470400,25460.926205075117,162.46355815713457,53.96531113410651,224.38553137597066,88.23103582302257,0.4768406258205012,35.042527693204605
CRS3035RES200mN2613200E3482800,31418.038143867616,206.42831932651558,59.967222599916106,289.1915004411786,17.454545454545453,3.182271852805462e-4,17.454545454545453
CRS3035RES200mN2623400E3468400,29985.801240212964,186.2050735984967,50.296924522392736,270.6603445036016,57.586806246977496,0.4403758221108675,15.64273319489089
CRS3035RES200mN2623400E3468600,29715.985449268046,184.46210247349822,49.94793033821303,268.76723876829885,58.74906835831935,0.44362695608278646,15.64959747389981
CRS3035RES200mN2625800E3488800,37108.29564509466,237.5384577997035,64.81875622736884,334.7860822863253,7.112676056338028,0.0017254368271403923,7.112676056338028
CRS3035RES200mN2629200E3485000,36155.70598094656,246.98977970003784,51.329342182578586,348.7661468216901,24.08805031446541,0.001531600088620889,24.08805031446541
CRS3035RES200mN2629200E3485400,36318.06007492768,248.94709536681367,51.11942903210509,351.53358941527955,10.672727272727272,0.001564945226917058,10.672727272727272
CRS3035RES200mN2632200E3467200,32707.188416801742,213.11112645106337,55.013610372875654,298.47767461659623,NA,NA,NA
CRS3035RES200mN2636600E3492400,39407.26093707076,243.23259563592057,64.88543993120662,343.16101947951125,19,2.388658648735802e-5,19
CRS3035RES200mN2613600E3501200,39118.629423011036,254.173196552905,70.85816402237191,358.66489270631297,NA,NA,NA
CRS3035RES200mN2613800E3465600,29055.583936626386,172.1636687642702,51.27622932561118,252.48461602717603,64.70481382845084,0.5541293089046054,33.53521682327521
CRS3035RES200mN2616400E3477400,29288.51510891556,201.0240166066693,49.58010352891725,282.0472317839034,13.990977443609024,0.008736894658012981,13.990977443609024
CRS3035RES200mN2616400E3480400,29989.32696040245,210.00941415688536,58.08720968615078,294.99003129249905,17.7536231884058,9.110474404848363e-4,17.7536231884058
CRS3035RES200mN2616400E3480600,30083.372418685303,211.09031317324366,57.85292417634386,296.5439677368504,16.18840579710145,9.064158478272293e-4,16.18840579710145
CRS3035RES200mN2616400E3484400,31785.34218174485,211.66069578729275,61.13124424493541,296.6854857274401,17.63157894736842,8.200966850828712e-4,17.63157894736842
CRS3035RES200mN2626600E3473400,33608.498778197616,214.41977962305134,54.90740321741295,306.1194538090821,80.81685062084536,0.36079371903070345,11.62070425184999
CRS3035RES200mN2626600E3477400,33329.57209793058,215.30301552005798,60.24259166817925,302.4226152659281,82.27606601163781,0.3567911599201303,17.62102133613149
CRS3035RES200mN2631200E3462800,33263.615143248535,214.61748486728865,52.08137125194655,311.37509220123866,65.88585699522667,0.4758403484328712,20.71767137444029
CRS3035RES200mN2611000E3491600,36468.46211933645,237.20654865065558,66.65826937360718,334.30674362465874,25.909090909090907,1.7021539985144813e-4,25.909090909090907
CRS3035RES200mN2614400E3465600,28632.084580451337,170.2865367148746,50.43142597638511,250.5536365541815,60.16841600766834,0.5831062670299727,25.389774742391538
CRS3035RES200mN2625600E3462800,38185.41706030727,249.37017197890393,47.11536803485439,360.79856913551936,32.33466997958129,0.3728410914927769,15.565393982631797
CRS3035RES200mN2627000E3477000,32915.78766579753,214.74059630427388,59.125121868268906,301.5891962362544,82.26811663327928,0.35652420360503345,14.11775255175045
CRS3035RES200mN2629000E3466400,28987.392816846055,185.20043357547635,49.28693315077524,264.3351082037044,56.85581560643753,0.4994231671294007,17.160090369091744
CRS3035RES200mN2631800E3461200,33323.48784551214,214.73506986246397,53.20927121715127,307.92797295489646,73.13541569250911,0.39009886541899236,26.17166370522773
CRS3035RES200mN2631800E3471200,36260.9080442041,228.45525060323254,57.14780577560841,318.9672766937343,NA,NA,NA
CRS3035RES200mN2611400E3476000,29325.758933483812,189.89831417084008,55.583889398321226,265.8389645199972,17.567307692307693,0.001467165126613529,17.567307692307693
CRS3035RES200mN2614400E3478000,27973.436810332725,192.6403060508213,52.512410501193315,269.7624596377931,7.739130434782608,6.457953109644813e-4,7.739130434782608
CRS3035RES200mN2614400E3478400,27058.9673735488,188.52731754273378,52.48557552068141,263.7679540283531,2.1956521739130435,6.70906014818272e-4,2.1956521739130435
CRS3035RES200mN2617200E3478600,28717.734339314844,199.8866095704187,55.296655791190865,280.5241979336596,20.85243328100471,0.008659597607395323,20.85243328100471
CRS3035RES200mN2617200E3478800,28355.034539542023,197.87797689061122,55.732401577527085,277.61704836366124,20.9404990403071,0.007209575866602086,20.9404990403071
CRS3035RES200mN2617200E3484000,34258.48559552336,233.4940700994844,63.161673268238864,328.45988393515165,25.296296296296298,3.108879882092858e-4,25.296296296296298
CRS3035RES200mN2619800E3474400,32961.04331014017,223.47989613659612,53.6276879152007,313.61355844564594,73.22101133391456,0.3867900138259726,27.804922987503634
CRS3035RES200mN2622800E3475600,33229.32648203723,219.96447331394748,53.20730935184315,308.4051214707802,68.70967833598561,0.4126254572741752,13.363568424641985
CRS3035RES200mN2625400E3463600,26411.17162595736,168.8143112192093,37.19739701925067,246.2195715172842,1.75,1.0349824052991099e-4,1.75
CRS3035RES200mN2627000E3459800,31126.8273849498,198.3415548419394,47.77345266730974,291.8682645697747,56.80903990945327,0.49624537540140873,25.68800009842036
CRS3035RES200mN2627000E3460200,31418.115797851173,199.033124721147,46.22000747627489,291.5054926503394,48.29648945853526,0.4901662868236684,17.947851115648604
CRS3035RES200mN2627000E3461400,31659.335542358447,203.79698748089464,45.375841510226465,297.32961532627843,42.99335777017885,0.4742675798340898,21.278356171123495
CRS3035RES200mN2629000E3460200,33405.83750721157,213.34674390401847,43.9350664641541,310.3517125263443,51.60350398719355,0.3971718884297034,25.619067382088748
CRS3035RES200mN2632200E3465000,29311.35390295371,191.89614978903035,50.12325949367107,268.17461761603414,67.21778050275903,0.4301160337552762,16.197305334150798
CRS3035RES200mN2611200E3480600,30552.626381446145,199.94677529444226,58.41589334727487,280.43271032109095,1,1.4522429892969692e-4,1
CRS3035RES200mN2614400E3492800,36764.85838407242,244.83195484670512,67.98326957271405,345.64723314833776,85.61039064682176,0.3375855380139016,37.241538645704466
CRS3035RES200mN2614400E3503600,38283.35745719798,249.50610380998313,70.06771461297323,352.213648420545,10.777777777777779,4.069206655413552e-4,10.777777777777779
CRS3035RES200mN2620400E3473400,32294.124178215014,213.998545617935,53.54139667975216,300.84905169559664,64.82069317601679,0.41689921014047204,14.157655000283635
CRS3035RES200mN2623200E3468600,29943.774724036946,187.43041475807865,50.4986984055468,272.6203974869215,57.591016413961825,0.4399514405146304,14.809879668876059
CRS3035RES200mN2625600E3466000,24513.703055293638,146.04369731342445,45.47166359401607,212.7894647958681,44.41599454731342,0.49554582940456254,19.31756787458819
CRS3035RES200mN2625600E3482200,34092.69776024594,220.25158815628728,57.76325883619915,309.7639727502641,NA,NA,NA
CRS3035RES200mN2627000E3470000,35163.03439972471,215.11111111111106,52.071436761839244,314.4872564655842,53.75151256923734,0.3669825186853046,20.013489561141878
CRS3035RES200mN2629000E3486800,35992.75953824211,239.5115885184525,54.602101533250135,337.76432964877876,24.056818181818183,9.805669459796754e-4,24.056818181818183
CRS3035RES200mN2631800E3491200,37240.53861259338,247.94772678762007,58.337993596584845,349.9057203842049,27.906832298136646,0.0017182497331910353,27.906832298136646
CRS3035RES200mN2636200E3474000,34705.833517719715,214.7345084341243,58.270961005382446,301.53496090593796,NA,NA,NA
CRS3035RES200mN2636200E3479400,37377.667770720815,232.287611828177,62.37430854333122,327.1790389036851,4,1.3658403332650402e-4,4
CRS3035RES200mN2614400E3466200,29962.031156211728,178.06936462861526,50.3929316447519,259.21969503250205,63.011481835083664,0.5356715072069769,29.96695643435005
CRS3035RES200mN2614400E3471200,26454.28192007083,166.4666420881877,49.54935850169598,230.93387405987292,80.41719613616407,0.5709777318979503,23.76701017614549
CRS3035RES200mN2617400E3477600,28676.681282671452,204.14339028893917,53.31306077865335,286.6349899872565,13.850381679389313,0.008517333749447348,13.850381679389313
CRS3035RES200mN2617400E3477800,29579.319508331748,208.26619780776784,52.997554330608885,292.6287397833112,13.678195488721805,0.008426788316543116,13.678195488721805
CRS3035RES200mN2620400E3500600,38953.32079719258,251.90371449380928,71.50258888962455,355.6895583658867,26.000000000000004,5.296960868701579e-5,26.000000000000004
CRS3035RES200mN2620600E3468000,23480.4335357378,146.52906576925892,43.43957860853025,211.24117345819008,66.94439658355282,0.5944399736630331,19.782285179806564
CRS3035RES200mN2626000E3459200,36302.71048741307,233.8907552222819,50.64447777182651,340.5225816818426,45.07328593569336,0.43544724156400694,18.872023912027377
CRS3035RES200mN2627600E3461800,32649.732142648143,204.33259208108518,42.637387202865135,298.24366521927413,47.657187138675,0.47575519949438794,21.21772983345223
CRS3035RES200mN2627600E3462000,32821.93264362501,205.64466535660617,42.423511732747656,300.11651832158134,45.9081158208074,0.46987631487689285,20.251789711924037
CRS3035RES200mN2633000E3465200,29751.40962327782,195.15834880133852,52.21449112441505,273.8829965229667,67.16039961999326,0.4265378682910251,17.141102019551965
CRS3035RES200mN2633000E3465400,29934.280527025792,196.74210239651526,50.68523705778622,275.40792613341677,68.09329446064136,0.4225671750181572,17.202789627129057
CRS3035RES200mN2633000E3466200,30814.61510773135,201.97174904943031,53.484803548795966,282.3728643852976,78.1261405827197,0.4028136882129273,29.364533383676328
CRS3035RES200mN2633000E3469600,31634.019016440798,208.66673085718412,52.27809739306261,291.2801675372506,9.76923076923077,0.0010952507040897384,9.76923076923077
CRS3035RES200mN2606800E3489400,34406.31094316909,219.6899216062256,63.68061587050906,308.6098170811947,19.300000000000004,1.8799466095162837e-4,19.300000000000004
CRS3035RES200mN2620200E3486000,35615.32018568881,241.86990099430562,62.90497790430867,340.677445398147,10.129032258064516,6.586215687940844e-4,10.129032258064516
CRS3035RES200mN2620200E3488800,35688.02392640961,241.23760783566084,64.24388732662885,339.985129402793,10.233333333333333,7.149325580286926e-4,10.233333333333333
CRS3035RES200mN2623000E3461600,29479.327087780664,187.24362799310717,41.66387181399655,273.73317301509735,41.58599227533273,0.5227360407396929,17.38836871755763
CRS3035RES200mN2623000E3461800,29621.605055312408,187.4636418154211,40.63348347007262,273.8956783586183,42.06324878840807,0.5186607632730655,17.682843366380467
CRS3035RES200mN2623000E3462400,29367.582892205555,188.1205944851693,39.11553985238461,274.221548830016,39.1100642082216,0.5111088757842853,16.77258235134934
CRS3035RES200mN2623000E3463000,29229.109545855106,188.20481823033674,38.05761521180603,272.6045625488712,35.91001008634899,0.5045240725341013,14.576257718517056
CRS3035RES200mN2625600E3465800,24589.391187201796,145.42444569183272,44.31770979511648,212.11662924501823,49.77377057246181,0.5704322200392927,20.381352554798372
CRS3035RES200mN2627200E3464000,31348.271245258657,204.2881815142327,40.79173824319495,296.64867357644374,45.10979359885852,0.46864659833750305,20.128637850869623
CRS3035RES200mN2627200E3464200,31140.607648856363,205.2479859246231,41.435213908695204,296.27901889063764,45.66872493788282,0.47051810352810436,19.24685724126058
CRS3035RES200mN2629400E3460000,33203.57267539042,212.93440469936482,44.94374134390372,311.0798987535221,51.26543740550796,0.40275323558909215,21.87828535855096
CRS3035RES200mN2632400E3495600,36268.06104272755,245.741887231953,58.499223549293326,346.91017150425847,NA,NA,NA
CRS3035RES200mN2638000E3489000,38353.109860412216,237.04342597872738,67.14636897825618,334.0059132720112,9.210526315789473,2.3553913668708087e-4,9.210526315789473
CRS3035RES200mN2638200E3483600,37774.5812394667,229.3999285021194,65.1287217200346,322.65004340942687,12,1.2767478678310594e-4,12
CRS3035RES200mN2610600E3484800,32321.300012286036,212.7434806646799,61.77571643578943,298.37423595540014,20,9.214608225573592e-5,20
CRS3035RES200mN2610600E3487600,35771.701878323074,226.07451535645856,64.66610432451155,317.89239181189566,20.040000000000003,3.7656840741689013e-4,20.040000000000003
CRS3035RES200mN2610600E3497200,38921.34762094925,256.00940675333896,69.49274526334472,361.2735501619559,13.148936170212766,6.951531555516114e-4,13.148936170212766
CRS3035RES200mN2610800E3468800,28445.983707468207,180.47009185781064,44.68417762800305,252.4810305467986,78.10659093235083,0.5310903359060768,19.566067956196928
CRS3035RES200mN2613200E3498000,38933.78813226856,260.1021753711035,70.18687437516589,367.2734083344922,7.750000000000001,1.51858366763265e-4,7.750000000000001
CRS3035RES200mN2613200E3498200,38993.16752235732,259.70803577173024,70.58989898989891,366.6874477256649,9.916666666666668,1.5441034549314823e-4,9.916666666666668
CRS3035RES200mN2613200E3498400,38635.285894095745,261.0194464373374,68.98816851061704,368.5717378444042,7.416666666666668,1.5104028999735715e-4,7.416666666666668
CRS3035RES200mN2613200E3498600,39384.06048402179,261.87116442028355,70.2503522312133,369.85701282994404,11.166666666666666,1.4962033839133198e-4,11.166666666666666
CRS3035RES200mN2616200E3501400,38331.972823808894,251.8520609193802,68.64114852591881,355.14008662847647,19.133333333333336,2.0958502165711927e-4,19.133333333333336
CRS3035RES200mN2619800E3470200,23928.793325297367,159.73458036220006,45.24530548818564,224.2031892182354,63.184428555215064,0.5118433855671904,30.958526273975696
CRS3035RES200mN2622800E3477600,32526.267629748527,216.7634147791451,54.146947268295584,304.2381665774924,83.01544835560124,0.3702039117769455,29.686899409044205
CRS3035RES200mN2622800E3484200,34226.13118634089,228.7069885192817,59.416190756549895,321.9635796290845,26,3.0615248748896084e-4,26
CRS3035RES200mN2625400E3459800,36312.00364415863,232.60698821007503,50.2316934619507,339.02101822079317,43.56754163694064,0.4356806002143623,17.917707692686133
CRS3035RES200mN2625400E3461000,36789.3041187257,239.8895963890624,48.64069961915892,348.073024764745,38.33038943147433,0.4095452072460556,21.865674432335364
CRS3035RES200mN2632400E3467000,32962.38605931661,214.40627524146473,54.52866292761168,301.00729229474024,86.45398067188228,0.3460939010932751,38.7339556899612
CRS3035RES200mN2638200E3488800,38524.045031422764,240.53395076312432,66.55545055048906,339.1129093228748,9.789473684210526,2.2444832963190473e-4,9.789473684210526
CRS3035RES200mN2638200E3489200,38497.85456536409,236.0554133720419,67.56862370602387,332.56844544609464,14.68421052631579,2.419241885990042e-4,14.68421052631579
CRS3035RES200mN2608000E3490000,36761.72058205073,230.50932795020614,66.16849188325341,324.0349062158302,21.771428571428572,5.887795441164103e-4,21.771428571428572
CRS3035RES200mN2615800E3467400,26492.287408567732,160.33669459168428,43.210612438986985,228.70508104781743,64.63694331728705,0.554915315869709,30.04852433399697
CRS3035RES200mN2615800E3468800,26077.723563399322,162.03462429564414,47.119104144618326,227.3289951660427,72.37330228948387,0.47911959040073304,23.884895973254526
CRS3035RES200mN2625200E3459800,36100.68396639528,230.87615556780952,50.673813617048886,336.7627450344373,44.472016531772,0.4395104176803226,16.617710152771302
CRS3035RES200mN2626800E3460600,38190.54869567769,247.3601240255485,50.397615344738206,359.3778475502998,44.87372383084455,0.39759578234885606,21.568587173116153
CRS3035RES200mN2626800E3460800,31659.629096138433,201.15538214908764,45.29263520203687,294.41224244424535,43.386528573888654,0.47914800320618606,21.316664616595734
CRS3035RES200mN2628800E3472200,37601.78396571098,241.24542356239965,57.552863872813376,345.53638964153265,72.07450957732638,0.3267751102215766,16.828864877358217
CRS3035RES200mN2637200E3479800,36458.19960972712,233.53993449806566,62.16830801885177,329.1419246613642,11,1.36937841631386e-4,11
CRS3035RES200mN2637200E3488600,38323.17691954355,240.48341048019546,61.23195882359878,338.9982097216819,14.368421052631579,2.237847897011886e-4,14.368421052631579
CRS3035RES200mN2620800E3473200,33195.757947518025,221.79833974037552,54.17716864449272,312.0965179118614,73.01133839185258,0.38621650231210636,22.960171374166936
CRS3035RES200mN2620800E3475800,32980.5440473534,219.21966716384605,53.86632529625236,307.6080543060824,88.791412723413,0.34300680000469774,37.407779223447235
CRS3035RES200mN2625800E3464200,32042.504544316613,204.62418773742013,41.87767896988234,295.8015086042689,40.55445398410785,0.44244772675323546,21.195798174616836
CRS3035RES200mN2627200E3493400,37748.7786473307,251.60729572605837,64.28528077684797,355.00405673033936,9.799999999999999,2.1295172384420462e-4,9.799999999999999
CRS3035RES200mN2627200E3496000,37889.905194474326,251.57057240027046,65.7101330467824,355.112729730029,11.285714285714285,3.101840055833123e-4,11.285714285714285
CRS3035RES200mN2629400E3478200,34391.31773240132,226.65446720314736,57.514439497922226,319.131557520065,6.654545454545454,5.815982319413752e-4,6.654545454545454
CRS3035RES200mN2629400E3480000,35961.28764744564,234.34292671900045,54.99658871398627,330.20509843409644,11.566265060240964,8.52821503431836e-4,11.566265060240964
CRS3035RES200mN2632200E3482800,34059.26103264656,229.89470942347822,53.34268349154899,323.745207223895,20.736842105263158,2.1995832368603877e-4,20.736842105263158
CRS3035RES200mN2632200E3483800,35233.26495608602,233.59761116475866,54.04992642663374,329.22797397342237,24.87640449438202,0.0010231296270750009,24.87640449438202
CRS3035RES200mN2617600E3478200,28573.25633787814,201.75922720494248,53.771024179804,283.2420110779719,16.325038880248833,0.008561461440136343,16.325038880248833
CRS3035RES200mN2620400E3486000,35995.88214339203,241.00010697704272,63.259312351569356,339.4123751043026,11,5.990714392691329e-4,11
CRS3035RES200mN2623400E3462000,29418.120935966854,187.61175932280943,40.32991433437556,273.8760009151224,42.13087652832788,0.5166501436233762,22.730084380919592
CRS3035RES200mN2625800E3463400,37919.23835077197,246.32985488947276,48.080326057691416,356.61916610188376,36.64978228246697,0.3773894959660573,19.472058353219037
CRS3035RES200mN2630000E3477600,37282.3652727723,242.11194058310932,50.59081288255813,341.69294281410185,29.890909090909094,5.243788494174626e-4,29.890909090909094
CRS3035RES200mN2630000E3480000,34663.83850819516,230.35087793841154,54.39584240660286,324.35400091352335,5.746987951807229,8.816562390456868e-4,5.746987951807229
CRS3035RES200mN2634000E3473200,34172.70509421289,218.0237918478453,54.39073308115624,306.2681090253473,15.474164133738602,0.003876928153097418,15.474164133738602
CRS3035RES200mN2601600E3490400,34089.81831431113,219.76732345314483,59.360286184770885,309.24102360267256,5,2.0820320632937748e-4,5
CRS3035RES200mN2601600E3491600,36879.901685891746,235.9587642171493,64.58856174881019,332.7491489876583,28.434782608695652,3.7105751391465676e-4,28.434782608695652
CRS3035RES200mN2613800E3472400,27795.390199076868,177.2249610684774,51.46333422186058,247.0059624854445,74.08723083603668,0.5492361003942255,16.541140259010447
CRS3035RES200mN2616400E3486200,34375.74929291849,225.5603153850253,63.254829499973226,316.9796280484548,21.52631578947369,7.604461283953238e-4,21.52631578947369
CRS3035RES200mN2616600E3465400,28236.853271184547,169.63171262699564,49.47961091883443,247.85779278776377,57.74363602702953,0.6030478955007257,22.51749514023882
CRS3035RES200mN2616600E3477000,28847.166526672234,198.18827246910146,49.308427662893486,277.83428662853464,67.59571993486865,0.4585416583336661,23.33158001860902
CRS3035RES200mN2620200E3471800,26423.03229203711,177.9524851601608,49.11679021801576,249.05063325765306,61.02387532408339,0.4800585387203545,27.49227613322318
CRS3035RES200mN2623000E3475400,33648.82503263439,219.24444627380007,54.44140510154896,307.4592334740634,71.396545837364215,0.4133218867968905,15.573055255221083
CRS3035RES200mN2625400E3467400,27789.95503178389,166.69134381458164,47.08684960891527,244.28370000261643,55.13018037210627,0.4604729641352979,27.221173128816915
CRS3035RES200mN2627200E3463400,33316.66620410972,214.30596476426248,44.77972668435484,310.7049034736176,43.81446038032916,0.4512594500382997,22.622135845900267
CRS3035RES200mN2627200E3463600,32373.358094891508,209.69412728017105,41.47949551926489,303.5721011690852,44.04659401215282,0.46227766910794704,21.803739329380797
CRS3035RES200mN2629200E3462400,33140.890661808226,209.52203126269248,48.78062734267114,307.0359277267822,52.3309306502005,0.47171387789678904,20.318974636522434
CRS3035RES200mN2632000E3461600,33337.88719030693,214.67592983302308,52.462234010489,309.64094279341805,73.58844555786385,0.39462294291398065,29.807371990712426
CRS3035RES200mN2636400E3478000,36246.13528055347,229.38351669783313,59.451569974875845,323.1446418942952,NA,NA,NA
CRS3035RES200mN2636400E3487000,38900.77045565584,234.00056377554222,67.9925957478796,329.6360515666698,NA,NA,NA
CRS3035RES200mN2636400E3487400,39280.54950274245,236.84694111265145,67.23277680670243,333.7299379181484,NA,NA,NA
CRS3035RES200mN2636400E3490200,38749.848287369045,240.1751320896156,63.68695063415116,338.57346842544405,11.507692307692308,7.858878719365499e-4,11.507692307692308
CRS3035RES200mN2610000E3484800,33663.25646108547,216.33445271239785,62.065431897865125,303.9093746763907,3,8.876133556222881e-5,3
CRS3035RES200mN2614000E3491600,36177.182836308704,237.88851444591316,68.42384846680127,335.58486701625435,83.8479565129857,0.36074836947837835,34.817378699416146
CRS3035RES200mN2614000E3495600,37891.06723118667,252.3522264022336,70.40730642687674,356.21041041303465,30.727272727272727,2.8837709237242593e-4,30.727272727272727
CRS3035RES200mN2619400E3489000,35382.23778315321,241.27714159745474,63.58008126690578,340.00595798429475,22.96153846153846,0.001239260733308707,22.96153846153846
CRS3035RES200mN2622600E3461800,29357.710109321582,185.46194543020187,43.43489451312249,271.1269872219839,45.0088563064282,0.5283963134838617,18.321378139683613
CRS3035RES200mN2622600E3462000,29425.81015655318,185.97220856514494,41.16209082675643,271.5910725837756,45.16858963320136,0.5259283219045157,20.471748382494017
CRS3035RES200mN2622600E3463200,29137.292145912852,186.02513000486718,40.287637369674925,269.62759689525325,42.82383330463234,0.5206470784127879,21.054712293045363
CRS3035RES200mN2625000E3477800,30866.308442946298,206.48861124342017,53.841339049084624,289.4212435423002,71.74226367104706,0.40335128665469777,10.307945255253438
CRS3035RES200mN2628800E3463000,33705.08020158873,215.86812184322358,47.764913334668314,313.8772111341032,46.10585746266825,0.45222837816790135,12.32206942360206
CRS3035RES200mN2628800E3466400,29805.343400034457,191.44491619286717,50.191722661153364,272.82121144994954,59.62663932351005,0.4860813704496788,23.027778621702375
CRS3035RES200mN2631200E3489000,36592.23045280029,248.22298738497167,57.869949418002314,350.3031466471652,12.617021276595745,0.0019095211977167002,12.617021276595745
CRS3035RES200mN2636800E3490200,39037.013387764964,240.98686438134177,63.36114546436916,339.7470612955518,13.876923076923077,7.804526625442771e-4,13.876923076923077
CRS3035RES200mN2636800E3493400,39059.30304996745,244.2419208306295,64.05941832340267,344.73366763022824,NA,NA,NA
CRS3035RES200mN2614200E3478200,27486.005711415655,190.20664418454473,52.960464949415226,266.2642175504054,5.478260869565218,6.601133672956877e-4,5.478260869565218
CRS3035RES200mN2617200E3465400,27795.06010564277,168.2478346065369,49.514483287422365,244.97473944281947,61.35680716698477,0.5800982591656493,25.55932099672001
CRS3035RES200mN2617200E3468200,24976.939284075943,156.50819065658433,47.06255086789884,215.87784305310979,69.65176999210638,0.48741435695576896,26.645594753779864
CRS3035RES200mN2620200E3480600,32452.74076067876,222.2297366881217,57.59266237565828,312.57942656524284,NA,NA,NA
CRS3035RES200mN2623400E3477800,31089.113909022795,205.37950512371947,54.47031992002008,287.69507623094273,82.6396949042518,0.3850287428142969,33.02116196040248
CRS3035RES200mN2625800E3471600,32882.763440486524,207.61080799305006,53.448502751230976,296.0374862438463,64.60629687824246,0.3907442803359412,25.241300287569235
CRS3035RES200mN2625800E3478200,31517.274403897623,206.4781121582711,57.0330470730087,289.4943035015625,89.9278343493512,0.36126627131573064,27.89788509348501
CRS3035RES200mN2627400E3465600,27380.33256415357,173.04465221139182,47.33992440819574,251.16798620781114,49.5973498278941,0.5124196008222266,19.1642175004529
CRS3035RES200mN2627400E3465800,27912.552874710065,176.85527321731695,47.41232037111425,256.64408536664376,51.9761388286334,0.5077553030204864,21.252203649355646
CRS3035RES200mN2627400E3467000,29542.684915861733,185.7270396695219,49.42834578701172,268.23886762651114,55.031584715787375,0.48777109531620194,18.942407711851743
CRS3035RES200mN2627400E3467400,36047.19087220686,231.5222240164712,52.01746028542016,333.95906420944266,56.13225234978594,0.410185502916776,19.45395403769502
CRS3035RES200mN2629600E3484800,36574.1567397512,246.3806785731574,51.345220463675524,347.83685204007537,10,0.0015972121388122544,10
CRS3035RES200mN2637800E3481000,35827.87654320996,218.45618428315623,63.00183098401928,307.0713410611625,NA,NA,NA
CRS3035RES200mN2637800E3489400,38383.12835314892,241.14052702077916,62.292623368618,339.9872334372509,9.947368421052632,2.2522255544623663e-4,9.947368421052632
CRS3035RES200mN2607600E3492800,36158.66522082012,231.98216163436967,65.51934054378833,325.80233213159033,NA,NA,NA
CRS3035RES200mN2607800E3490000,37009.5972995499,231.07516252708766,66.03857309551589,324.8783797299551,23.771428571428576,5.834305717619604e-4,23.771428571428576
CRS3035RES200mN2621000E3484000,34905.22598171004,232.10502694008,61.676167872127515,326.6627372020564,29,6.299141741937668e-4,29
CRS3035RES200mN2621000E3486000,36002.468007943164,243.04462792642136,61.80791178929778,342.41001254180594,18,5.852842809364555e-4,18
CRS3035RES200mN2623800E3492200,39719.12819108891,248.80668674286497,68.67279218853375,350.6757237697625,NA,NA,NA
CRS3035RES200mN2623800E3497200,41593.02642799893,256.74616083355596,72.54619289340101,362.8304782260219,NA,NA,NA
CRS3035RES200mN2626000E3459400,36282.49012350946,233.2864928859404,50.64328377311803,339.8847458350221,43.783143496764986,0.433552336867254,16.8479938005855
CRS3035RES200mN2626000E3460000,36982.08805618208,239.92301619848269,48.578265327045315,349.7784088579044,39.75527073236734,0.416741849497642,14.071593397131549
CRS3035RES200mN2626000E3460600,31494.146129409797,198.79320228342132,45.470274918193326,291.26845725750593,40.39467145563236,0.48545393746865073,19.416123397869516
CRS3035RES200mN2627400E3462000,32855.307504322765,207.07549279538904,42.246028818443804,300.9838847262248,45.47782233265271,0.4685763688760807,22.071135821299382
CRS3035RES200mN2615400E3500800,38619.67612974771,253.09780981425007,70.80937066814528,356.6825478236762,12.157894736842104,2.633767673967286e-4,12.157894736842104
CRS3035RES200mN2615400E3503600,38460.723220978936,254.01224911243438,71.4482665950012,358.81653205844435,6.25925925925926,3.8190073409807715e-4,6.25925925925926
CRS3035RES200mN2624200E3464000,26901.582648058316,169.36501595372124,40.164504915821425,245.63747438325248,39.31594873182612,0.5272380606500817,16.370124726315552
CRS3035RES200mN2624200E3464600,26890.453351396685,170.15042900458036,37.30668989097477,247.15321592155345,42.25779231961426,0.5244693890716728,18.377549263204532
CRS3035RES200mN2627800E3463200,33395.25918121613,213.7220772849912,46.177548108011685,311.1472227796731,48.246131516150456,0.4531964233950989,21.7482791704593
CRS3035RES200mN2627800E3465000,29174.42271178342,188.24431953927598,46.94161731235933,273.9393790788034,47.53621652362734,0.4864259936876784,18.643346086237205
CRS3035RES200mN2630600E3490000,36159.09788865549,248.50812256453548,55.958943178612586,350.71875554998246,8.500000000000002,0.001964041328444118,8.500000000000002
CRS3035RES200mN2630600E3491200,36146.9813984853,250.66975827367958,56.55270256250644,353.752775184147,22.77297297297298,0.0019192862330117215,22.77297297297298
CRS3035RES200mN2612200E3482800,30231.557891996574,206.70168917941723,56.913559714227794,289.93223035316487,12,3.1816735602927096e-4,12
CRS3035RES200mN2626200E3474000,33664.54129913628,215.8412039320494,55.05181174797261,306.4394076691022,82.22255079652771,0.3607322696459091,17.520773315526732
CRS3035RES200mN2626200E3475200,30473.749240500027,197.11390009462622,53.7297176154191,277.6731659943224,86.04745751547885,0.3780566761292893,31.73431695428799
CRS3035RES200mN2627800E3461800,32534.931776891677,203.44542623221574,43.35181558643796,297.0967958851426,46.375950207877196,0.4795436849680296,20.762144210189675
CRS3035RES200mN2629800E3471000,30983.803517569162,196.4355629476082,54.15436841386666,281.7066540891419,83.34203529901659,0.38749115642880994,39.52658957686029
CRS3035RES200mN2629800E3480000,35568.19381307274,234.27236086629352,54.82520538907959,330.0871241405614,5.9879518072289155,8.555730793415179e-4,5.9879518072289155
CRS3035RES200mN2633200E3465000,29491.664132642247,191.74229104318167,52.34960185976931,268.49589835399786,66.98013610446938,0.4358433091064571,12.591156274906512
CRS3035RES200mN2639000E3477000,32690.81569713256,210.87969461045074,54.93239760951809,296.30405998135967,18.291126620139583,0.013748012500685372,18.291126620139583
CRS3035RES200mN2618400E3488000,35081.738088557875,233.84112125695046,64.66543386216395,329.2338800183645,29.057692307692307,0.0013263276029179206,29.057692307692307
CRS3035RES200mN2624200E3472400,30605.211624062063,199.17982958158464,51.78354317690449,280.15926491161133,62.18649508550651,0.44769172071728347,13.305155957047893
CRS3035RES200mN2624200E3482400,32893.670296277465,221.03753813503087,58.21712549289134,310.84698959350766,NA,NA,NA
CRS3035RES200mN2627600E3485400,36460.39526718629,242.87524953103213,57.74335670649132,342.6600158496093,NA,NA,NA
CRS3035RES200mN2627600E3489400,37874.663635723555,248.20397509530372,60.63706132630584,350.1959182852372,26.721854304635762,0.0015188243695873022,26.721854304635762
CRS3035RES200mN2627600E3493400,38921.20759546129,254.57831200455786,56.808279363763454,359.414413760944,13.799999999999997,2.0724314802341825e-4,13.799999999999997
CRS3035RES200mN2629800E3462000,32365.08327625365,208.01809726378025,48.66832498167442,303.6109088287249,53.9398263179906,0.4884699039859644,19.75023739821398
CRS3035RES200mN2638800E3488600,38236.45548268439,239.01818687834287,66.80260642288421,337.03363906972277,20.42105263157895,2.2990731105249147e-4,20.42105263157895
CRS3035RES200mN2607200E3491200,35462.17887249214,224.00408716668932,63.59939871490032,314.3120787565574,NA,NA,NA
CRS3035RES200mN2614800E3490400,35437.98779328266,236.3766883861399,65.8262395480854,333.3356637489851,78.08810741243168,0.4019827176375159,27.852746182475958
CRS3035RES200mN2618000E3468600,25173.728668338004,155.71269724229464,46.23416900162218,216.54455095118715,67.33697402711488,0.5036277835127563,13.931562765365571
CRS3035RES200mN2620800E3468600,22475.44610412823,145.0757282420922,44.97477214511232,208.51596473461638,77.52827071349904,0.4867456960743433,15.79033166075144
CRS3035RES200mN2623800E3466800,25879.17047007662,150.46902740387935,46.4974804997584,218.87229930282322,51.13471426111344,0.5611789880582592,16.120111195847375
CRS3035RES200mN2627200E3472400,30915.058111261205,192.63843792214172,51.81236644971141,277.107073560113,73.37036923548338,0.40077367063735725,22.393874674429284
CRS3035RES200mN2629200E3486200,35162.06191052522,240.13606577039255,53.36293655206993,338.69910481611066,18.775757575757574,0.0017990906414575903,18.775757575757574
CRS3035RES200mN2638400E3488800,38371.578952414,239.5893779434143,66.92153291231752,337.74138695490626,12.631578947368421,2.276839746431952e-4,12.631578947368421
CRS3035RES200mN2638600E3468600,30198.97956673656,193.4781271837876,54.34849755415796,271.348413696715,25.32051282051282,0.0010901467505241092,25.32051282051282
CRS3035RES200mN2611200E3497200,38433.57129259471,253.53236978137036,68.76573093763271,357.6690682247507,25,1.610801153919372e-4,25
CRS3035RES200mN2614200E3491000,35843.850628997134,237.82929229039286,66.56547895143723,335.46704617330846,20.094874591057792,0.012889170004919535,20.094874591057792
CRS3035RES200mN2614200E3491600,36228.346075974456,239.23881125316797,67.91667728553428,337.5390703535375,81.08707646875972,0.3643829022073086,32.00930214485545
CRS3035RES200mN2614200E3492600,36802.742449754114,243.9698391062647,67.90486690186016,344.33366741500964,85.0154375299952,0.33413512935642503,36.43375459926415
CRS3035RES200mN2617200E3498800,39688.1568116577,261.23006421415477,71.10417219077483,368.79820384823785,7.688405797101449,0.0015909431526037283,7.688405797101449
CRS3035RES200mN2623200E3483400,33915.289633188615,227.72428074502315,58.322219249159495,320.55054271321603,NA,NA,NA
CRS3035RES200mN2625800E3461400,30920.306465804242,199.29555074669457,44.03152049843052,290.3039094454485,36.61273340057566,0.48331827261485777,19.48789392112965
CRS3035RES200mN2625800E3462200,37512.799638820274,247.6651695486189,48.21033572872221,358.07732614716673,32.87716795001107,0.3803521970207351,16.46020812320107
CRS3035RES200mN2627200E3460600,31410.20431186067,196.67719246105443,47.781695024395084,287.3430789806085,51.83746217619124,0.5033682542041269,20.658882137321925
CRS3035RES200mN2629200E3467000,30716.28695516175,198.68953694012345,51.23693170197664,281.893636987043,63.69469172436531,0.4743566607716462,19.96183012503485
CRS3035RES200mN2632600E3467200,32345.634213007655,210.71431470142332,53.13177212017026,295.1066948353436,89.6148456539399,0.35263365202134084,38.47592066070941
CRS3035RES200mN2637800E3491600,37750.5778483836,247.50968956399655,61.09572048790561,349.08489385547887,22.016393442622952,6.637432945605687e-4,22.016393442622952
CRS3035RES200mN2609800E3488600,36177.43202387843,226.28280056486344,65.57569484562573,318.1356633930304,25.40740740740741,4.332755632582336e-4,25.40740740740741
CRS3035RES200mN2615800E3501000,38604.303982967715,252.73561168484636,70.77412799137328,356.19602394481143,11.526315789473681,2.6267402153926984e-4,11.526315789473681
CRS3035RES200mN2618800E3479000,30931.946423318255,215.037642184742,56.860303490880604,302.2953152578937,18.68333333333333,0.003677191606197293,18.68333333333333
CRS3035RES200mN2624600E3464000,26358.43625513547,167.6484866607728,35.497698788288524,243.7845571792605,37.74289650421905,0.5284856206771023,17.10376147014688
CRS3035RES200mN2624600E3464200,26388.31515929848,168.11124948111265,35.18812266500628,244.07112650477407,38.20113655932487,0.5273064549605655,18.533474378213484
CRS3035RES200mN2630200E3460800,31298.945555174647,202.4563895553265,47.29955443847828,296.0292978915163,60.64059347473054,0.5159120047729657,16.88312336991288
CRS3035RES200mN2630200E3461400,33785.28549085519,215.47533176931967,47.89229314751917,315.1532383253382,58.237094631169725,0.4743630145780081,16.008966094188295
CRS3035RES200mN2639400E3475000,32261.492305794894,206.91517875494944,56.036586869835574,290.77291475396294,19.825,5.481179001603239e-4,19.825
CRS3035RES200mN2608200E3490200,36210.054274926144,229.0541197565548,65.06517129014975,322.0451716349703,19.74285714285714,6.034378717608286e-4,19.74285714285714
CRS3035RES200mN2608200E3496000,37922.98072229141,249.21235367372353,68.20229140722292,351.3993524283935,30.9,6.641760066417601e-4,30.9
CRS3035RES200mN2614600E3475400,33187.52571530972,213.67231348187084,53.43103757242697,300.09032913207096,NA,NA,NA
CRS3035RES200mN2614600E3477000,32686.42835503657,213.7029879553393,54.0244313600939,300.28993916591315,64.06135865595324,0.016723265984217365,36.88013148283419
CRS3035RES200mN2614600E3490400,36147.93971826563,241.02796358962365,66.59127515018008,340.15411453005106,81.09728308501312,0.40406862359329665,31.09595221865161
CRS3035RES200mN2620400E3497800,39381.182716403026,255.00325767881512,70.96786472876549,359.80740316460344,14.5,9.546311543877253e-5,14.5
CRS3035RES200mN2623000E3466000,24596.266004605623,146.3938687392051,46.21200345423152,207.8557426597581,59.08698739066216,0.506793321819229,32.71755367488351
CRS3035RES200mN2627000E3465400,28503.083372057,183.46773027674516,47.658095828170175,265.64052819083025,46.83625611223471,0.504195064023131,18.217621156652417
CRS3035RES200mN2629000E3470800,33118.97754451989,211.94387830285993,50.88456001541618,305.86544848615375,66.43689807976367,0.3837041907072173,21.191311669128496
CRS3035RES200mN2631600E3460600,32505.95926904723,210.16676895329468,50.82793301687103,303.2238949912952,66.38146210195843,0.41889505391966536,19.67414561219912
CRS3035RES200mN2636400E3491000,38773.070124679005,243.36751838812006,63.23040633968929,343.24000418307946,21.770491803278688,0.002126398717188971,21.770491803278688
CRS3035RES200mN2615200E3491200,35883.41855828221,238.06896263245957,67.31730340211935,335.7978109313999,71.37024099361349,0.3951617401003904,19.753163261705662
CRS3035RES200mN2617800E3472800,31842.293212109893,212.65093018370254,50.89521719847809,297.8229849910133,71.24111572631821,0.40461240400550874,24.59340313834083
CRS3035RES200mN2617800E3473000,31728.599132458738,212.14126345982038,50.47303333803546,297.1100531339634,71.44017537787008,0.4075327972915785,25.696550132687204
CRS3035RES200mN2620800E3485800,35429.044008262266,240.72105268790722,62.63893318492664,339.04927384226846,17,5.993343108190544e-4,17
CRS3035RES200mN2620800E3493000,37680.97354063806,254.24772849852772,66.4339708749949,358.63500394141806,12,9.3349375596398835e-05,12
CRS3035RES200mN2623800E3464400,25576.432248500776,157.6753453271343,39.18071558520315,228.7483457988006,44.56817176828969,0.5485614176942255,20.673686925760354
CRS3035RES200mN2623800E3464600,25611.52195594027,158.1377706689606,38.42639013965241,229.68296616890012,44.52282218837518,0.5471310098254009,16.768400235837472
CRS3035RES200mN2626000E3464200,39146.362562354654,252.6507961868243,47.32519394294438,363.91251708650657,39.727791581588725,0.3608048854094548,21.420025092868226
CRS3035RES200mN2627400E3476200,32073.371360588848,208.90626611655492,57.397240845796766,292.4899784331193,82.27450793347965,0.3686178442496133,14.622239180896042
CRS3035RES200mN2632800E3483600,36070.923468758985,240.93588505935998,57.59250092429035,339.8459413383724,24.864285714285714,0.0014377849895247095,24.864285714285714
CRS3035RES200mN2632800E3483800,36002.32553020789,240.66634439347476,57.49273856787273,339.4880278937732,25.72413793103448,0.002386192993643673,25.72413793103448
CRS3035RES200mN2612000E3489000,34498.86206014075,232.34038529892658,65.11470818227056,327.1788298855477,1,8.530603540200469e-5,1
CRS3035RES200mN2612000E3489400,34695.67516099882,233.14943031150634,64.29376110965389,328.2990646035479,NA,NA,NA
CRS3035RES200mN2612000E3494800,37223.73797434919,247.0532386346961,68.57635077627447,348.52239309717373,19,3.8153376573826786e-4,19
CRS3035RES200mN2615200E3477600,29147.246361023244,203.294990090433,55.075115830369214,285.2696583496305,77.99244829393089,0.42582262531336545,32.83510772739881
CRS3035RES200mN2618000E3495400,38343.79105583911,255.67745958538205,67.32551709532414,361.1215732875256,NA,NA,NA
CRS3035RES200mN2621000E3497800,38034.25377221538,258.2793858877354,64.73822144993841,364.70555824388526,14,8.798169980644026e-5,14
CRS3035RES200mN2624000E3462600,25603.08002324607,162.14407157627278,38.00206781905907,235.87582273519752,33.16438288764791,0.5493776270086902,15.673522103864789
CRS3035RES200mN2627400E3478400,34304.702074085326,222.79662893300195,60.90948261827496,313.337529982526,20.92452830188679,5.752303634804693e-4,20.92452830188679
CRS3035RES200mN2629400E3466400,28611.7647893864,182.41906467661693,49.35721393034826,259.9444776119403,57.24937165337121,0.4856252072968491,16.92850234947002
CRS3035RES200mN2632400E3482600,33970.306993180624,227.89197622058634,53.073772913687264,320.8315821819865,22.684210526315788,2.245570906856085e-4,22.684210526315788
CRS3035RES200mN2612200E3489400,36830.20340360681,243.08708407416816,65.1758826517653,342.7938658877318,1,1.27000254000508e-5,1
CRS3035RES200mN2615200E3497400,39240.078358960556,252.26534613576806,71.73261263680912,355.90852078157457,NA,NA,NA
CRS3035RES200mN2617600E3495200,38496.39783118698,253.34084598075464,67.64042227222687,357.7482884090593,NA,NA,NA
CRS3035RES200mN2625800E3459800,36224.415727104155,230.3420043052921,50.499872120036656,334.90304567446026,42.236561785037765,0.4331827191542872,15.906292897734286
CRS3035RES200mN2627000E3493400,37957.38003878503,251.0852072166296,63.855787248877846,354.3250751732253,7.2,2.1789340654551794e-4,7.2
CRS3035RES200mN2627000E3496200,38223.82988902848,254.99519472361808,66.15263819095478,360.08368927973197,8.357142857142858,2.931323283082077e-4,8.357142857142858
CRS3035RES200mN2629400E3465000,27824.869123252858,177.99834146993913,46.70694843844045,255.9629372032368,49.762192124952215,0.48982812813482246,28.37823439462618
CRS3035RES200mN2632600E3481800,35303.35871858819,224.79974342988655,53.79443218875883,316.38843995779814,23,8.392480337617502e-5,23
CRS3035RES200mN2632600E3482200,34440.52364832422,225.60982665898467,53.76298857197761,317.5034092000396,24.454545454545453,1.320464803610874e-4,24.454545454545453
CRS3035RES200mN2638400E3473600,31651.110788863214,201.66843442713534,54.28292453872502,283.14223566456855,NA,NA,NA
CRS3035RES200mN2638400E3478000,35523.991623255075,231.59049088651918,59.60748802079083,326.36835632490494,24.524390243902438,0.005708252601779748,24.524390243902438
CRS3035RES200mN2621000E3469400,24529.99605923937,159.53109217396215,46.56779673073363,227.03533880582088,71.2228157537348,0.4713974762060564,31.04912026558024
CRS3035RES200mN2621000E3471600,31495.332764874107,205.41617226719197,51.62676242403874,291.3532173996599,65.31324099407198,0.4213964883625983,18.96280209758322
CRS3035RES200mN2627400E3464400,33817.598882562655,222.34442611610706,45.26736550843399,321.8994093545469,48.85350193116682,0.4325972436545522,19.758682870427343
CRS3035RES200mN2632800E3469200,31715.357257900956,209.02445746191222,52.01879048902988,291.23902695092994,12.274725274725277,0.0010856726995072718,12.274725274725277
CRS3035RES200mN2639000E3487800,40953.59435790321,235.60549362055514,68.17541585927474,332.008518509198,25.25,2.0132370334952312e-4,25.25
CRS3035RES200mN2614200E3465400,29059.921738646328,171.0645659647316,50.954265195061865,252.4050160753803,60.354598098324715,0.5840443151609626,22.229468817768034
CRS3035RES200mN2619600E3474400,32511.211995655907,216.87324409188585,53.9600892414476,303.6640224756246,75.08788508235553,0.4034870269376969,31.691290483016868
CRS3035RES200mN2632000E3482800,33530.9555614597,229.8330349201214,52.721701763911,323.63452275063884,17.476190476190478,2.4258106250505437e-4,17.476190476190478
CRS3035RES200mN2632000E3483200,33858.393872832436,230.71567630057825,54.06830057803475,324.91093641618477,15.31578947368421,2.196531791907518e-4,15.31578947368421
CRS3035RES200mN2635800E3477800,35281.70187502974,224.7610169894823,60.92467758054546,316.27029695902576,NA,NA,NA
CRS3035RES200mN2609400E3488000,35228.26823973402,221.31087286876007,64.72718467678617,310.7508140874694,23.999999999999996,2.6718768264782916e-4,23.999999999999996
CRS3035RES200mN2614600E3491200,35402.37242389534,235.91241606358224,67.33758756218202,332.75399921683635,76.03872802859016,0.3977027164218079,26.036372255852932
CRS3035RES200mN2618000E3484000,34586.888235561724,234.12246661965744,63.659827582285104,329.52530537042514,NA,NA,NA
CRS3035RES200mN2621000E3466200,25577.421846568417,148.3228786131985,43.12681788507216,215.51111913658272,56.60791596969399,0.5646660091953384,21.24429056380988
CRS3035RES200mN2627200E3478600,34563.23289875893,223.6166816085374,60.7290048714099,314.4734448752984,NA,NA,NA
CRS3035RES200mN2629800E3459400,33292.118854857625,213.29173575887657,46.05978101833782,311.5289333788534,61.563734720105224,0.40795698400312147,28.915093099016666
CRS3035RES200mN2603200E3489000,35765.887775056915,223.67033702718442,64.59702965064062,314.8894135057531,22.5625,2.8188368774334586e-4,22.5625
CRS3035RES200mN2603200E3491600,36202.27177730808,228.85230747724086,64.47171789539937,322.35439565240307,8,1.3979415310954687e-4,8
CRS3035RES200mN2603400E3491800,36248.84821903243,228.3502923976608,64.34928229665071,321.58651426546163,3,1.417685628211944e-4,3
CRS3035RES200mN2616200E3479600,29535.91841618912,206.5467019451942,57.33996356915877,290.06546914680035,24.72463768115942,9.174189945619657e-4,24.72463768115942
CRS3035RES200mN2620200E3466800,25205.26226932006,153.03636641773403,43.917866132643354,218.85012585700954,68.16198365929353,0.48850598689974434,33.3574714606998
CRS3035RES200mN2620200E3468200,24080.796007485926,149.39202657807297,44.072030640224014,215.49001146106835,72.9662010044449,0.5026331442498801,21.201160307106104
CRS3035RES200mN2620200E3469400,23744.178311930267,156.31688503040724,44.67706241784268,221.87838560099303,69.24184399205275,0.5016684241697591,31.631506809870682
CRS3035RES200mN2625400E3487600,37275.073920490395,239.9843820427286,60.311547822951326,338.44878526998957,16.583892617449663,0.0016789867483998882,16.583892617449663
CRS3035RES200mN2634600E3490200,37903.61180427718,243.18402990841116,61.66490534306038,342.96055771459737,8.669172932330827,0.0015113292879707278,8.669172932330827
CRS3035RES200mN2640600E3467800,29859.31927911731,193.83364022560207,56.918588972176714,271.6537820243291,21.57983193277311,0.0017253628336547245,21.57983193277311
CRS3035RES200mN2640600E3468400,29757.6191753559,194.76130316272221,55.789512395621436,272.8226394958104,17.29090909090909,0.002379613204690001,17.29090909090909
CRS3035RES200mN2612600E3486200,32625.774855499705,219.17249992738712,64.3719393534521,307.72578349647114,NA,NA,NA
CRS3035RES200mN2612600E3486600,33164.38905159796,221.4145490567669,63.76521089958965,311.08552272662115,29.950000000000003,5.742670916243155e-4,29.950000000000003
CRS3035RES200mN2615600E3493000,37375.88871197627,247.79224181101452,67.71824240167439,350.00006420215976,82.84044646235338,0.33937261649481887,33.364332198259525
CRS3035RES200mN2615600E3501000,38458.22264362185,252.22118816038125,71.21099993002606,355.4682107620182,11.842105263157897,2.6590161640193153e-4,11.842105263157897
CRS3035RES200mN2615600E3501400,38646.62446527472,255.3512893752263,69.69982969250778,360.12770379906397,21.552631578947363,5.095814726904562e-4,21.552631578947363
CRS3035RES200mN2615600E3501600,38554.52039177446,252.81070926664182,71.13542891559354,356.4407749447902,21.710526315789473,5.449278687584249e-4,21.710526315789473
CRS3035RES200mN2618600E3487600,36255.1846810304,245.82280988252649,64.58331138386978,346.7002159827214,21.3,2.1071485012906285e-4,21.3
CRS3035RES200mN2625000E3484800,34734.28266086874,228.58069575135443,58.72022621423819,321.7972032126224,NA,NA,NA
CRS3035RES200mN2628000E3470200,35594.78193271002,223.74788781682727,50.0313153027047,327.87487876818506,71.46423214668337,0.32664100384942263,28.412338914567314
CRS3035RES200mN2630000E3483600,32838.9907457278,224.23182196543047,54.125973167507276,315.5455736179793,13.77586206896552,0.003549919208735243,13.77586206896552
CRS3035RES200mN2633200E3472200,36428.98392853233,231.8226664623065,55.89516323268595,325.7051411179961,23.944723618090453,0.0021786253859122856,23.944723618090453
CRS3035RES200mN2638600E3471000,32128.177550712167,198.00769093431197,52.504703830359944,277.79470698913684,22,1.9227335777951776e-4,22
CRS3035RES200mN2605800E3488200,35344.07022727663,223.06990087784095,64.43027950043806,314.02795004380613,11.357142857142858,7.215131160777172e-4,11.357142857142858
CRS3035RES200mN2606000E3485400,35784.074443955345,213.62791563695384,62.75506956904408,300.4142828125521,23.62222222222222,7.61704864755067e-4,23.62222222222222
CRS3035RES200mN2613400E3498400,39139.33776825125,260.47881893359084,70.50332301760454,367.8558292324091,10,1.521992795900768e-4,10
CRS3035RES200mN2613400E3501200,38397.230756578945,251.67851375598087,70.50436602870813,355.01523624401915,NA,NA,NA
CRS3035RES200mN2616000E3479600,26825.74810002086,188.99363693261407,53.1960927487855,264.4598098530683,29.207100591715978,0.0025184037194885705,29.207100591715978
CRS3035RES200mN2616000E3484600,31825.479622510575,211.89238951354116,61.58815793276872,297.08434257305527,11.964912280701755,8.237708471832804e-4,11.964912280701755
CRS3035RES200mN2619000E3471400,31162.146095657008,205.3358266669889,49.39086932353723,288.16129733910145,52.80139511143878,0.4261546269666723,14.665195939431765
CRS3035RES200mN2622400E3464600,30710.998525674833,192.17207652107206,41.977561490147195,277.416598743827,50.24062092548402,0.4872345016061754,25.974931732637938
CRS3035RES200mN2625200E3467200,27383.398892838955,167.12888457451777,47.36533693641701,242.38560428172323,52.04859791885219,0.4626595479529334,25.17034222688484
CRS3035RES200mN2626800E3472800,31061.846713266095,194.38856061815903,52.85518961217645,278.28884684839625,76.61934226402252,0.3970738179182585,29.15314791325066
CRS3035RES200mN2631000E3491200,37511.97944052997,249.31637396150984,58.63338942054876,351.8113681775145,25.71351351351351,0.0019455252918287916,25.71351351351351
CRS3035RES200mN2637400E3484400,37664.178755806446,232.3300600041893,65.21855324601711,326.8317172040757,7,1.2321188748290446e-4,7
CRS3035RES200mN2612400E3495200,37770.8398708444,253.1826516782269,68.0676738685589,357.4755109091404,20.615384615384617,3.4547822158441675e-4,20.615384615384617
CRS3035RES200mN2612600E3466200,29902.41739673722,172.76015272474817,52.56623394654622,254.21784102742066,72.12077726425463,0.5437417563346049,20.031570615121385
CRS3035RES200mN2615400E3492200,37034.46797671994,244.1274464519024,67.82654771488525,344.69589431591726,74.90390217464942,0.3896110751850923,23.77051690264889
CRS3035RES200mN2615400E3492400,36942.695110283334,246.96516092819147,66.12777302937913,348.71725624768783,75.83986975397974,0.35260049241602776,25.762007959479035
CRS3035RES200mN2618200E3487800,35485.37099613736,231.49662348582396,66.44085188007463,325.7855979189104,18.857142857142858,1.839346243792205e-4,18.857142857142858
CRS3035RES200mN2621200E3488600,36729.346189218566,241.06718388907197,65.4978540772533,339.7146040654625,20.851851851851855,6.367023534405503e-4,20.851851851851855
CRS3035RES200mN2621200E3491400,37591.64506654857,248.26822218596303,67.02772662641897,349.7016969301415,22,1.0489265984475887e-4,22
CRS3035RES200mN2626400E3465400,27445.415451689503,179.55114445085638,41.26333269218444,260.56192857600854,46.95017784680121,0.5119189587741242,17.29016081358646
CRS3035RES200mN2628200E3463200,33666.00561318807,215.16732172314832,47.24709099564891,313.4251076691426,48.45934709340948,0.4500404105266643,17.87241506556124
CRS3035RES200mN2630400E3493000,36332.840499525744,251.39319211718848,51.74813995152275,354.6645589630102,10,1.0538518284329216e-5,10
CRS3035RES200mN2634200E3466000,29842.055293919224,198.13807911363665,50.995874362666875,276.14386538486485,66.94897802837619,0.423370827332996,10.899549535746013
CRS3035RES200mN2614200E3486800,33248.98898439815,222.43685373025133,62.79769558672507,312.6430832430606,NA,NA,NA
CRS3035RES200mN2614200E3487000,33558.16627455427,222.77298109356855,63.54168202046566,313.0582641231327,NA,NA,NA
CRS3035RES200mN2628600E3468200,33875.1024561247,216.83653835384857,53.82984085029174,309.84145508304726,66.54019440029336,0.3664139236395,31.955184007824897
CRS3035RES200mN2631200E3473200,31748.95359113286,205.12028042804718,53.25570545180752,287.98652168009886,20.928571428571427,0.0017279897308038828,20.928571428571427
CRS3035RES200mN2636000E3483600,38972.84120850864,223.81223542444206,66.52942805522962,314.9442297801629,NA,NA,NA
CRS3035RES200mN2611600E3477800,29443.104667977786,191.12281640444237,57.64573692734845,267.52451122165667,NA,NA,NA
CRS3035RES200mN2615600E3492000,37332.74826196408,244.7149099351742,68.89783087899617,345.55480193564375,72.64770704996577,0.38112877770096654,21.456834360027386
CRS3035RES200mN2615600E3492400,36688.2258806728,245.08587220988045,66.5245424732889,346.04251295884904,75.8641461649783,0.36549243626362,25.017977568740957
CRS3035RES200mN2621400E3473000,31807.59151054305,203.9086145226243,52.544148177793176,285.48519222591847,73.32132036817954,0.4334400560294155,27.029996826038044
CRS3035RES200mN2624400E3472400,31240.29238127265,199.70120439910824,52.358554721070135,284.2990696110302,62.18158059201182,0.43844113141277136,15.790185216749048
CRS3035RES200mN2624400E3473400,32987.72365209152,212.25249437137134,53.71365090650562,298.6397203460125,76.05233673785195,0.3828652683967304,29.289953574744644
CRS3035RES200mN2630400E3472000,33433.422366815794,211.51514552954208,56.21811421599967,300.2695172253528,21.851851851851855,3.1371637715680054e-4,21.851851851851855
CRS3035RES200mN2630400E3480400,31398.268526254145,214.4760277815882,49.48220008229751,301.1308901829246,20.000000000000004,0.001010012843373195,20.000000000000004
CRS3035RES200mN2634000E3485000,37955.79162745218,231.45425655442156,64.57978365825338,325.97038440383795,10.668161434977579,0.005451323107009717,10.668161434977579
CRS3035RES200mN2634000E3485400,37086.37330492487,238.2386976496438,58.585791330980754,335.8479814457243,10.462921348314607,0.004938189404532037,10.462921348314607
CRS3035RES200mN2609800E3493400,36433.10356065375,241.89219624735864,66.91008825000388,340.75407773099045,NA,NA,NA
CRS3035RES200mN2621200E3467800,22969.369284447304,146.7711579904123,45.611877501356126,209.5069268321289,68.29015990159891,0.5959274625071472,29.712164821648145
CRS3035RES200mN2624000E3472400,30875.503617251918,199.98156083789178,51.09585087343401,281.5202288825588,60.27765467871142,0.44367422046331084,11.537881370376686
CRS3035RES200mN2624000E3498000,41396.14936106582,256.6443030653552,73.56818752250739,362.6996518873378,NA,NA,NA
CRS3035RES200mN2626200E3459000,36551.42338811899,236.43532406625,50.916469494676335,343.3609409329046,45.03569583507592,0.4293666553996961,17.723535634332936
CRS3035RES200mN2626200E3460000,31503.26960383171,199.100823144315,45.71729084432464,292.20442620583424,40.56525375778002,0.4891811880234909,14.323693079780561
CRS3035RES200mN2627400E3495800,38312.19088879155,255.47670381093815,60.34620027991752,360.8139403198752,10.285714285714286,2.9914849517623053e-4,10.285714285714286
CRS3035RES200mN2630000E3466200,29349.27998158618,185.91833486781488,49.81345521504658,265.1186110745748,57.498937315410274,0.4765092726555294,15.479049932374608
CRS3035RES200mN2630000E3466600,29909.526222424956,192.17920452097667,50.04667959098339,274.4831286983186,55.25818771293549,0.46117003079028396,13.13126991977141
CRS3035RES200mN2634200E3466600,30063.295133316074,198.87817758219,51.254698420916384,276.7037665027181,72.60425003877772,0.41722754336008283,17.377636109818507
CRS3035RES200mN2634200E3466800,30754.49908161585,201.69488111675514,52.38430259807709,279.8224795105329,73.65484721575926,0.408332594403557,18.790677834651767
CRS3035RES200mN2605600E3487600,35410.68321537252,221.4680821964646,64.46314151878825,311.63709098369065,8.179487179487179,6.667350497486922e-4,8.179487179487179
CRS3035RES200mN2618400E3494400,37463.079369881125,255.00825742552072,64.37336560115627,360.01019573571756,NA,NA,NA
CRS3035RES200mN2621400E3466000,25183.328644430294,148.35793040242166,42.926208792734776,214.0951620518229,48.038795542325744,0.564459688393923,13.217009028512392
CRS3035RES200mN2621400E3467200,25352.057749032567,157.57966876843537,45.92537818309736,226.38823640841062,60.56725376365255,0.5500500635942949,27.25753714454395
CRS3035RES200mN2628000E3489400,38376.578037427484,253.88614040087398,59.132744371615665,358.40099743516663,11,1.4249073810202316e-4,11
CRS3035RES200mN2628200E3460600,32306.694041385592,208.14687451323405,44.46518649875987,302.01631939035934,53.44672474039077,0.4869217220431589,19.357483143855482
CRS3035RES200mN2630200E3462200,33404.20503078276,211.96898270301963,49.74134271474641,308.33509234828495,56.231051194371325,0.4766813251245969,22.52252453934905
CRS3035RES200mN2630200E3462800,32026.47725151527,209.25954892903187,49.71703507673413,300.80513450610204,59.157136770344955,0.4159233486525772,28.36084078966053
CRS3035RES200mN2633800E3478400,36219.36125577282,219.39801758868035,62.30150093347745,308.5051832563624,NA,NA,NA
CRS3035RES200mN2633800E3484600,36368.87811628467,241.16651644168246,56.33178159761628,340.15191457323783,15.320627802690582,0.0047294359670424025,15.320627802690582
CRS3035RES200mN2633800E3485200,37106.749953942024,240.28604714169603,58.462324573286374,338.81021945272283,10.585201793721973,0.004833378488214576,10.585201793721973
CRS3035RES200mN2640000E3468000,29434.496959377284,193.50698985505207,54.18538497860832,271.1392247485236,20.831168831168835,0.0022035571708615372,20.831168831168835
CRS3035RES200mN2615000E3492400,37269.0198606136,247.45778973092456,68.31823530172349,349.5007952003519,78.61947958077336,0.35777550782916734,28.770466208890518
CRS3035RES200mN2615000E3497400,38962.42519795122,255.3886325796571,71.17408268832374,360.39039920692414,NA,NA,NA
CRS3035RES200mN2620600E3493600,38754.8612358155,256.2561080154307,68.47447379700841,361.5711304622464,23.172413793103445,3.2711439980147484e-4,23.172413793103445
CRS3035RES200mN2620600E3495800,39297.9536606412,258.3583539721855,70.68743626236935,364.6463191868476,NA,NA,NA
CRS3035RES200mN2620600E3497800,39365.027671608026,254.86034410906709,70.61845567660892,359.549383818539,12.5,9.52551050782878e-5,12.5
CRS3035RES200mN2623800E3467800,30145.36558096724,184.59656257384103,50.32814734669015,267.89907846136543,56.07220565260618,0.43782412416520516,20.712810680301107
CRS3035RES200mN2623800E3468200,30185.52125411568,186.43701164676398,49.98465526561502,270.734372696447,57.914813236756146,0.43251511130768094,23.264612981110666
CRS3035RES200mN2623800E3472000,30716.7700213375,198.84707649962695,51.131169273890976,279.5603070590754,61.253849213112794,0.444452861634028,12.512439634111711
CRS3035RES200mN2640200E3469400,30526.549760372473,201.67116253594406,50.681692455155385,282.7627550321789,34.13821138211381,0.0033684787073805273,34.13821138211381
CRS3035RES200mN2640200E3470800,30939.263443020438,200.74928992033253,56.76967093869068,281.5549151368202,27.24074074074074,0.0014963630065812261,27.24074074074074
CRS3035RES200mN2615800E3466800,26136.476996973648,158.76143210150752,42.94298525696206,228.8451703362303,61.097452517334915,0.5525723963683813,25.460941111446107
CRS3035RES200mN2618600E3478600,29826.215254039074,206.47372525572902,57.389890429832235,289.9760453357946,17.059782608695656,0.004783134252700271,17.059782608695656
CRS3035RES200mN2624600E3479800,31631.53845208694,212.34152874537702,55.99015813336282,297.9080197083072,97.25126973502894,0.3120768673129615,34.56530178353478
CRS3035RES200mN2624600E3480200,31718.524062654134,213.33093241243185,55.533386778490154,299.1794770596934,NA,NA,NA
CRS3035RES200mN2624600E3484600,33619.48559214693,225.65482048034298,59.657390266478295,317.6523115896137,NA,NA,NA
CRS3035RES200mN2626400E3463600,37326.0578961777,244.93617543495293,46.38980090813832,354.5808875588827,41.16310364338606,0.3837309191832419,23.117380501365346
CRS3035RES200mN2628000E3467800,33696.48506032374,212.62699001805888,53.54594905996938,304.97996964426227,59.98241539482403,0.36730443260250717,27.236960849369595
CRS3035RES200mN2628000E3468600,34040.086079554865,215.83531502886981,53.04119056293401,311.7575486591815,60.659036935981,0.43698870599145495,16.97434439896921
CRS3035RES200mN2628000E3470000,35071.87542653373,220.49031140804803,50.93560749674656,320.7796677904272,56.46078682005397,0.3607476252446485,20.087802868910668
CRS3035RES200mN2630400E3462200,32067.55322612229,203.97972046800803,50.34117834238997,297.3225755128017,59.94617333759748,0.49749106574631613,26.53691357720977
CRS3035RES200mN2633800E3486400,37218.38266437673,236.92503667982155,59.54347554109851,333.9182580212226,22.220224719101125,0.005061246772744329,22.220224719101125
CRS3035RES200mN2633800E3487000,37562.67028061226,239.28394647332678,59.044374328678856,337.40495211242387,26.507042253521128,0.0015887934121016857,26.507042253521128
CRS3035RES200mN2614800E3492800,37504.05989704022,249.76505880731992,67.81165374450443,352.78680311133934,83.68800393685883,0.3308866816137881,33.67719271681114
CRS3035RES200mN2620600E3488800,36419.65247565172,242.7639003907389,64.86966816352715,342.25128593923137,14.96551724137931,6.765031783985537e-4,14.96551724137931
CRS3035RES200mN2623000E3480800,31971.172061307443,212.71829388187342,57.6782248103053,298.31638054904425,NA,NA,NA
CRS3035RES200mN2625400E3461800,36576.887661032975,240.18254343458221,47.92031083796242,348.5092384666903,33.459347093409434,0.4003565378402868,17.124241678762083
CRS3035RES200mN2629000E3459400,32658.421223337748,208.63563549932533,47.431708736181434,303.7840775449065,54.677934188110825,0.41420418673170006,22.37665799934248
CRS3035RES200mN2640000E3477000,32866.20715997181,209.73369978858352,58.106793516560955,294.79147286821706,12.296111665004984,0.014136715997181113,12.296111665004984
CRS3035RES200mN2616200E3466800,26788.555864600945,160.89447334019425,43.87969015103044,230.26711261925288,63.48924677151902,0.5535282173949312,29.55979850258783
CRS3035RES200mN2619200E3499000,39389.9999279807,259.9166256556757,70.31518046836553,366.9305853968864,25.56338028169014,0.0017044567944209047,25.56338028169014
CRS3035RES200mN2619400E3464000,26232.25665401978,163.39681761133303,48.307520304678235,237.03300682352554,46.34399370218208,0.5864048817784434,22.92871411350836
CRS3035RES200mN2622000E3483200,33652.86722552731,222.34490387924703,59.3022395398004,312.6693298588923,NA,NA,NA
CRS3035RES200mN2622000E3487400,35965.173700131454,235.49966526989166,63.24765069053589,331.2761151471579,28,3.223326969328806e-4,28
CRS3035RES200mN2624800E3472800,32146.225547828995,206.01762372452026,52.01632136114895,293.27932707243053,61.48480199988637,0.4206036275001792,19.534523606613252
CRS3035RES200mN2624800E3473600,32949.779026609525,213.13444331972067,51.88596460609464,302.06944977718985,69.45788066662877,0.40911259264430505,27.01212388373814
CRS3035RES200mN2624800E3473800,33078.68177749881,214.46272855133614,52.27129755553231,303.9017447199265,74.11492077061644,0.3807116039567133,28.77868286874485
CRS3035RES200mN2630800E3490000,36432.784930918475,248.27987681607246,57.35931787947653,350.33957283668616,9.138297872340427,0.0019692668670849576,9.138297872340427
CRS3035RES200mN2630800E3491400,35814.43112536517,248.82447394047165,56.46662644481138,351.07641094034466,24.886486486486486,0.0019581692705025614,24.886486486486486
CRS3035RES200mN2634400E3474800,34340.20091792341,217.83612087977627,56.90961435298334,306.26404005483704,22.4746835443038,0.0037670620492340776,22.4746835443038
CRS3035RES200mN2634400E3475000,34512.48833674434,217.54810718944861,57.7575790216988,305.88246980958195,16.964102564102564,0.002333847976733331,16.964102564102564
CRS3035RES200mN2634400E3476600,35339.0294754785,222.47399883992088,59.727630005800314,313.03091965860494,27.941176470588236,6.037146205476038e-4,27.941176470588236
CRS3035RES200mN2634400E3483600,36621.54323636443,241.25658904945175,56.760196462001375,339.9660608737736,NA,NA,NA
CRS3035RES200mN2634400E3484400,37463.737827762525,228.1040024180751,64.76911160927936,320.93925845696583,14.298206278026905,0.005616986977657994,14.298206278026905
CRS3035RES200mN2640600E3478000,33044.52572873509,213.30755074805188,57.49580670085007,300.01621128046696,20.56268656716418,0.009412095244784742,20.56268656716418
CRS3035RES200mN2610800E3480200,30611.163735947062,199.5221821850677,59.21366388008075,279.8145863361203,5.6440677966101696,8.503891611415402e-4,5.6440677966101696
CRS3035RES200mN2618000E3472800,31793.68682121463,210.3615521355866,53.545439049335215,294.61527784541954,71.23707742009923,0.4221010081332489,23.055858428521958
CRS3035RES200mN2618000E3473000,31082.610606500974,208.42458702707967,51.01475076297044,291.54525747226666,72.15160955347882,0.4198517657317249,23.369649244259843
CRS3035RES200mN2618000E3475000,32725.98804994693,216.0146334482224,54.78544764994216,303.33810778900164,6.930599369085174,0.0037806056124700354,6.930599369085174
CRS3035RES200mN2623600E3466000,25537.81340529441,145.41363283201065,44.49922304234419,210.87343914756644,50.09107235110335,0.5639741384094566,21.108998991365095
CRS3035RES200mN2626200E3457000,32013.891918545083,197.08099385245902,48.5547899590164,289.2863985655738,50.1569534305887,0.5206070696721311,14.529388176830906
CRS3035RES200mN2626200E3457400,31751.423738590915,197.19289047277204,48.46149112911496,289.535598912932,49.404462594405764,0.5210875807609476,14.927806342099426
CRS3035RES200mN2626200E3458000,32054.42771356217,199.12254594689466,47.66587267758193,291.840684000702,46.63745725602106,0.5096030890354286,16.012398828999487
CRS3035RES200mN2629800E3489200,37683.4323185114,248.19239757141608,57.451089805189135,350.21519830523283,13.553191489361701,0.0020529396348388223,13.553191489361701
CRS3035RES200mN2629800E3489400,36968.70326362123,244.65664697698816,58.25697311104523,345.1674344881064,14.393617021276595,0.002143818277191142,14.393617021276595
CRS3035RES200mN2640200E3476200,33016.97029060531,210.02751432318553,56.95895630565322,295.3053082073574,12.152222222222221,0.012424932698281184,12.152222222222221
CRS3035RES200mN2640200E3477200,33360.30156608367,210.77379729558598,58.111117364814476,296.30958645823074,14.166500498504487,0.014113045068876725,14.166500498504487
CRS3035RES200mN2603800E3490200,37074.99984118171,234.67691574684386,66.09141586595739,330.81022790439175,28.89473684210526,3.017549432224259e-4,28.89473684210526
CRS3035RES200mN2603800E3490600,36630.152433327996,227.14332046604216,64.60966280647934,319.970934024289,23,1.4101140429732242e-4,23
CRS3035RES200mN2604000E3490400,36177.069489967704,228.44307441513695,65.0230130239497,321.765083328999,25,1.387371451363965e-4,25
CRS3035RES200mN2604000E3490600,36336.6811465316,229.99088452592687,65.01571692433969,323.98761800519793,22,1.3681762210972735e-4,22
CRS3035RES200mN2613600E3483000,31325.658484804422,206.39070815762688,60.199171150210844,289.0115748145994,21.59090909090909,3.19906936164025e-4,21.59090909090909
CRS3035RES200mN2616200E3480800,30766.668112009764,212.99145776266081,59.56791597969596,299.2575523504135,13.318840579710145,8.957665294888938e-4,13.318840579710145
CRS3035RES200mN2624800E3485600,36461.82550878129,232.65038488125498,59.88959707560538,327.8179400358516,NA,NA,NA
CRS3035RES200mN2628200E3461400,32313.567211566835,204.65749188551194,46.19258778400708,299.4874122159929,51.64583435854535,0.4796931248155798,23.443088430687467
CRS3035RES200mN2628200E3461800,32820.46727270632,208.5465187284689,43.35220582305025,305.4054820089178,50.18357155157568,0.46834422130817,22.587620851681482
CRS3035RES200mN2628200E3462200,32955.31453767732,208.72624167154046,47.23053634706024,305.3321750897352,46.3843390981328,0.46615291109046914,19.576572609412324
CRS3035RES200mN2628200E3462400,33331.239114474505,211.1588185463376,47.26891060032755,308.6182187835319,45.17011488597505,0.45912915796012876,18.326254028389386
CRS3035RES200mN2630200E3489800,37241.102661299235,245.97807223526695,57.49623168958947,347.03508889634196,8.856382978723406,0.0021022028402102127,8.856382978723406
CRS3035RES200mN2630200E3493000,36447.046134117016,250.25570932407157,52.22476088698913,353.16449906492164,12.000000000000002,1.0686615014694102e-5,12.000000000000002
CRS3035RES200mN2633600E3465600,30353.651973287917,199.03650486432497,50.86047912634445,279.81957778432945,69.53069141012914,0.41303818398554304,18.278190168818266
CRS3035RES200mN2610800E3492000,35908.47204813628,238.55034773775103,67.22316167851841,336.0449480346956,30,1.2502930374306477e-4,30
CRS3035RES200mN2613000E3497800,38239.22191114135,258.36091632215187,69.29194358679156,364.7522240828929,6.916666666666667,1.5699408655607305e-4,6.916666666666667
CRS3035RES200mN2616000E3468000,25219.180778780537,153.2818061523365,48.314604736912536,219.00391025736334,70.16734704291473,0.5827324224267384,20.78867428688064
CRS3035RES200mN2616000E3475800,32156.500791254908,212.12576082193175,51.495374202658674,297.9819228709162,NA,NA,NA
CRS3035RES200mN2627800E3469600,33695.487352126154,210.86438452207395,50.59057168612351,307.1069922209733,54.892288027268854,0.39178917613541514,20.188774321829314
CRS3035RES200mN2627800E3469800,34837.4702901358,216.51238129142368,52.47626875516978,314.95978305255113,54.3935236472092,0.3686117247950412,17.66575770487146
CRS3035RES200mN2627800E3474600,35336.29479142725,225.52120734735783,58.52460971260392,318.54902797378674,85.22011403853728,0.333847517148576,27.51660112727752
CRS3035RES200mN2630200E3467000,30430.180331092517,196.02239237037196,51.807870512615715,278.7367237332099,63.46518105849575,0.4720955669989075,19.279998958685862
CRS3035RES200mN2630200E3469000,33510.93940838664,218.14139126665958,56.0350958933796,307.25792610250414,NA,NA,NA
CRS3035RES200mN2611600E3483000,30430.462765802287,207.14565528104242,57.82244844383511,290.61275267625246,19.499999999999996,3.2085873464982614e-4,19.499999999999996
CRS3035RES200mN2611600E3486600,33115.64490516094,218.76500920249987,62.67967692377877,307.2649559648928,22.333333333333336,6.38851284547403e-4,22.333333333333336
CRS3035RES200mN2611600E3489000,36909.75959266479,241.67368245325576,65.74423412779916,340.6929319909585,NA,NA,NA
CRS3035RES200mN2624800E3467200,27127.930681652506,165.85660512399105,46.497992021100345,239.63754324112978,53.33891809561244,0.5395167596654694,18.34812067017148
CRS3035RES200mN2624800E3472200,32434.901067486884,201.7096073819432,52.991062058983175,288.4598878234123,55.13333522662729,0.4247270972800193,15.25552652504828
CRS3035RES200mN2630400E3469600,34590.36809267258,222.76957475351819,56.86734737335226,314.05640850918786,NA,NA,NA
CRS3035RES200mN2639600E3476400,32478.9715395101,209.66245335756673,55.96353973040329,294.7742162005866,13.162512462612163,0.013810290938631639,13.162512462612163
CRS3035RES200mN2611800E3494000,37581.88429547772,246.41307256070937,69.86911443943603,347.763777810092,NA,NA,NA
CRS3035RES200mN2611800E3494600,37383.31786938955,244.60888516345307,68.63992989407886,344.975173359749,20.923076923076923,3.9625085727348805e-4,20.923076923076923
CRS3035RES200mN2615000E3503000,37923.570390691006,248.98308814662923,70.68628662727605,351.45719281321635,15.026315789473689,5.727722175328587e-4,15.026315789473689
CRS3035RES200mN2617600E3479000,29137.80072424456,201.36453642923018,55.99846742255737,282.7787799056041,20.10843373493976,0.005628492377800684,20.10843373493976
CRS3035RES200mN2617600E3494000,37880.75792716526,249.9194760306567,66.68153584130641,352.55923458398036,12.233532934131736,0.0020913690327105145,12.233532934131736
CRS3035RES200mN2620400E3466800,25868.89180489538,154.7535030887446,43.34126864547232,221.4607503390083,64.57810899988623,0.48154286575259836,30.231249288883824
CRS3035RES200mN2620400E3467400,25428.217225157616,155.76179176955867,44.95443320871329,222.62594672148109,72.68898967242612,0.5597003600645633,32.75838160262254
CRS3035RES200mN2620400E3468000,23653.644954047882,147.24181935257272,43.86252414681262,212.51381490370545,75.16520628508628,0.49269741848621434,17.34623815605786
CRS3035RES200mN2620400E3468400,24036.586333439704,149.36523454497984,44.345913956659224,216.01602796553624,65.3160847420093,0.5894955179716284,17.199589084914244
CRS3035RES200mN2623000E3497400,41441.180027621376,258.25341548921705,72.35200254966536,364.93847869967067,NA,NA,NA
CRS3035RES200mN2625400E3488200,37346.93039318575,236.64447318966108,62.01830473726598,333.5835428208811,11.169014084507044,0.0017328484611817516,11.169014084507044
CRS3035RES200mN2625600E3459600,36209.43912682047,231.90828808014942,50.45170414673907,337.38350588921156,45.012718640064946,0.43884612478003177,17.1629142168319
CRS3035RES200mN2628800E3483800,35928.10283253739,239.42478878413144,57.46705236520947,337.7277662136246,19.37160120845921,0.0033774131668095173,19.37160120845921
CRS3035RES200mN2630800E3472400,34438.83216597319,217.03476652797042,56.38110263522885,308.0316343042071,14.074074074074074,3.1206657420249653e-4,14.074074074074074
CRS3035RES200mN2634200E3490000,37845.3273559238,243.81981202077662,61.318417916488606,343.86046590065763,13.116279069767444,0.0014503181705754042,13.116279069767444
CRS3035RES200mN2640400E3477800,33587.40558006675,211.82836981729736,58.68198144691442,297.9242462808982,21.61122448979592,0.0138582499010125,21.61122448979592
CRS3035RES200mN2604800E3488600,36316.26301735651,227.85305510227658,65.3017850961777,320.95552918294413,19.1025641025641,6.428324185333543e-4,19.1025641025641
CRS3035RES200mN2612800E3466200,30093.587408532378,174.3394311749275,52.13646279166091,255.25927102029544,72.12054745550647,0.540701366836946,19.74850241299184
CRS3035RES200mN2612800E3467400,29970.82629314955,184.1225553061878,50.138372341562366,261.44871486587544,69.7660633599673,0.5233114246019023,14.658976846297168
CRS3035RES200mN2615600E3465600,28777.127213992848,170.1375402073526,50.51531675801041,249.66906415229786,52.10329052783132,0.5944890042381655,16.85150361098855
CRS3035RES200mN2615600E3467000,26300.60235785172,161.23924040135992,43.135072007076424,231.45183403820104,62.71400934626405,0.5501008928324629,27.123312898849324
CRS3035RES200mN2618600E3464400,26682.442239281034,164.60492849221552,48.2819840709749,238.66116976077657,48.9207114566164,0.5854420808549249,17.89400477256514
CRS3035RES200mN2621600E3464400,32734.931913411874,201.0759329116128,41.79336080320353,289.55180778828856,41.04155083765898,0.4718124310835123,16.880550567049628
CRS3035RES200mN2621600E3464600,31174.991756566604,195.30890009380863,40.67920966228893,280.91980534709194,42.943811655883295,0.47665337711069417,17.485089424094074
CRS3035RES200mN2624400E3483000,33861.93590597362,225.59069082752094,58.194723867605994,317.5902468659815,NA,NA,NA
CRS3035RES200mN2626200E3460200,31380.303555951465,198.82893152927582,44.986204738058554,292.13222265023114,40.90659056803366,0.4893225154083205,17.977755910354507
CRS3035RES200mN2629800E3483800,32771.7718084573,222.96778324628423,54.2379344114103,313.6870982322219,15.069252077562325,0.004532442748091609,15.069252077562325
CRS3035RES200mN2633400E3464000,28844.293350315565,183.60549778157184,52.29655548868382,258.7925175304769,67.11112132916439,0.45659019972846804,16.624471215744
CRS3035RES200mN2614000E3478800,28099.25961745419,192.40230445825142,54.44718830265027,269.5341579257006,8.826086956521738,6.60056535277152e-4,8.826086956521738
CRS3035RES200mN2616800E3488000,34740.892585434056,229.23367739989865,65.6225411577634,322.76942056997103,NA,NA,NA
CRS3035RES200mN2629400E3483800,35764.201190862455,237.4923242745478,57.01079938468651,334.84552275509964,16.510344827586206,0.0030347108129885714,16.510344827586206
CRS3035RES200mN2633000E3470200,32904.0971363223,213.09528088314266,53.77598198240252,297.2643125539724,11.208791208791208,0.0010619179872569861,11.208791208791208
CRS3035RES200mN2633000E3478600,34987.82000083133,203.3826541216895,52.31761054221448,285.53649174830565,NA,NA,NA
CRS3035RES200mN2633000E3479000,35419.85009027454,207.13628769301175,52.008784930879166,290.8991215069112,NA,NA,NA
CRS3035RES200mN2633000E3479200,34859.18202527226,208.11840218687584,52.02221716000908,292.35949455291,NA,NA,NA
CRS3035RES200mN2639200E3476200,31780.589194912303,207.15132138030955,55.81071592761316,291.1443139549463,17.611166500498506,0.013973056937072485,17.611166500498506
CRS3035RES200mN2612000E3484400,32220.249296082908,213.05214092931632,61.48560799474787,298.55190021153976,24.555555555555554,1.3130060544168064e-4,24.555555555555554
CRS3035RES200mN2615200E3492200,37440.290567637974,250.35275943539105,65.8768643605743,353.73394317562247,73.24192745376956,0.34070394378142604,22.905675675675685
CRS3035RES200mN2618200E3468000,24879.789892706736,152.65021800919658,45.97831812973407,211.78946115269574,70.08183632734531,0.4846054256759773,17.71855059112545
CRS3035RES200mN2624000E3467600,27581.437249427738,165.54214906651495,48.248938169019674,241.72060282890297,56.82070899653128,0.5378488164388637,17.262609166277155
CRS3035RES200mN2624000E3471000,30600.101447260316,192.52823105605765,49.97152246729444,274.53656070277447,71.42346212940306,0.4442393983441825,26.052188015705923
CRS3035RES200mN2628000E3461600,32370.079561267088,205.43812486114197,42.23987651866837,300.62864392708053,48.606878397992574,0.47532127363509863,20.209520529410327
CRS3035RES200mN2630200E3489000,36513.3269558752,246.8266825556474,56.463746884156016,348.2374272969781,11.537234042553193,0.0020553636244369563,11.537234042553193
CRS3035RES200mN2615600E3471000,25888.691113591234,167.03694577710783,47.65496499644892,231.76946936645746,73.86808106233786,0.5643036250054353,22.5338093648062
CRS3035RES200mN2615600E3471200,26043.36668210368,167.79798257547253,48.33309213001824,232.95324032533503,72.90247348008117,0.5634461200034734,22.423879485269573
CRS3035RES200mN2618800E3469200,23875.062122977506,157.1035235468506,44.88483945664515,219.67938525980446,71.41033497333757,0.5006268344124725,14.802318592935212
CRS3035RES200mN2618800E3471800,31173.253851620753,206.4049652480817,49.687991616175,289.4914776491562,56.959819656326204,0.4248045581025573,17.654091759768615
CRS3035RES200mN2621800E3466400,25550.46009669335,150.4172496432876,43.61652375081398,216.38071952013595,55.498708455312524,0.5631069306107759,19.51588230952793
CRS3035RES200mN2621800E3467200,24932.642931616952,153.49725438950162,46.54591077808513,219.79343277772358,66.09118900411355,0.5643724020963953,33.28045668399138
CRS3035RES200mN2631400E3462200,32512.289491770665,206.78469886055345,52.72274672936637,302.20068728522335,65.90539075588843,0.4893953095797914,18.87607420912584
CRS3035RES200mN2631400E3472000,36582.50472956581,230.0419913739477,56.99710004323596,325.03944995729233,16.88888888888889,2.8472302776576806e-4,16.88888888888889
CRS3035RES200mN2609000E3490000,36650.226292745814,231.15816444989784,66.06162725131817,325.21367209525863,11.485714285714286,5.804504295333151e-4,11.485714285714286
CRS3035RES200mN2609000E3490600,36416.939539959734,231.4938213566155,65.62318670248476,325.6241437206176,11.514285714285716,5.87642713230356e-4,11.514285714285716
CRS3035RES200mN2613200E3491600,35585.75082611147,234.93696614502247,66.58759897749248,331.12552216472454,25.256896551724132,0.009040463869318565,25.256896551724132
CRS3035RES200mN2613200E3495600,38330.883848973914,252.3085591374577,70.86311061809232,356.1729143274577,27.999999999999996,3.517268435221386e-4,27.999999999999996
CRS3035RES200mN2615800E3479600,27369.30524586828,192.97635071296713,54.454191316481825,270.3145195284678,10,2.0349724551942672e-4,10
CRS3035RES200mN2615800E3479800,26939.913180400345,190.1611766988557,55.10586409158079,266.24030984612153,24.797101449275363,0.0010298353755914108,24.797101449275363
CRS3035RES200mN2624600E3472800,32471.281308444613,206.4080669946514,52.31331673555934,293.7044206463602,62.439548889267655,0.41933600962512063,19.96214419635248
CRS3035RES200mN2626200E3463000,37384.40355666708,243.69235688853678,47.32693464170827,352.9943872242533,38.117616669536766,0.3880165328700566,20.617545327068317
CRS3035RES200mN2628000E3465000,27369.52055664321,173.62822106989788,46.008783533520294,252.10212180538653,48.89235532889259,0.508386687126303,21.275049437968363
CRS3035RES200mN2628000E3465400,26963.45780235307,170.6464554520012,46.46671466999973,248.58624296932317,50.09498582894074,0.5129065565307176,20.14336609011204
CRS3035RES200mN2630600E3492400,36429.16068738733,250.34488172271134,57.476970404158386,353.26811286729696,14,1.0607828577490206e-5,14
CRS3035RES200mN2635000E3484200,38219.9354990166,226.93628576866948,64.94061290527236,319.49225302963015,20.20601851851852,0.005481885667153095,20.20601851851852
CRS3035RES200mN2635000E3484600,38325.28981027773,228.66391506470646,64.4895715542153,321.8071742681239,17.266203703703702,0.005427817565020733,17.266203703703702
CRS3035RES200mN2644600E3480400,36918.357247300366,233.13021664766202,63.92163122945887,328.2124354416798,NA,NA,NA
CRS3035RES200mN2609400E3493200,36363.61470344965,241.40104445417538,66.79154705720167,339.9968860993537,NA,NA,NA
CRS3035RES200mN2621400E3494600,37805.82716548079,257.05217040052173,65.57544873587506,362.70064941117994,NA,NA,NA
CRS3035RES200mN2621400E3494800,38032.480665293384,258.47615794089455,65.16550753604862,364.8006465297465,NA,NA,NA
CRS3035RES200mN2621400E3499600,40091.32137140106,260.5897638313272,69.78774422735347,368.23543407231966,NA,NA,NA
CRS3035RES200mN2624400E3462000,29586.0098178898,184.9449006553895,44.17180011916172,270.00774551200686,34.58687790597555,0.5265005310468098,18.37330069620409
CRS3035RES200mN2624400E3462600,25905.330371609954,165.319480967939,38.09603686880761,240.4790554360241,33.651661258626206,0.5812149706483917,14.004675289063586
CRS3035RES200mN2626400E3461400,31442.666388392438,201.03419245602484,44.81222368544822,293.72780077132916,39.48820389185466,0.47795362618756465,21.33062559964575
CRS3035RES200mN2628400E3459800,32906.68853100984,209.81359831611925,46.13816143717265,301.169942238974,54.297160293321525,0.49730774878848694,19.6377602244205
CRS3035RES200mN2630600E3464600,28450.30541301332,180.2495589047369,48.304995488033185,257.2006815090172,52.82983644923395,0.49492908804396135,20.665719650583718
CRS3035RES200mN2634600E3474800,34486.33881531576,217.03668250083845,58.30026150376622,305.08369320090054,13.403940886699507,0.002435103881771496,13.403940886699507
CRS3035RES200mN2640800E3479400,34102.25662417697,212.34675368090532,60.11068153079165,298.7730701588631,NA,NA,NA
CRS3035RES200mN2609200E3489800,36648.737736872434,228.69926099189803,65.9350316959897,321.64215736126647,11,5.932404488287738e-4,11
CRS3035RES200mN2614600E3466400,30322.743426762954,180.06117216606287,50.29451039566274,260.81564223429905,61.79850258780964,0.5314941178041575,28.188269433696817
CRS3035RES200mN2614600E3470000,26877.361297165357,164.10481351795082,48.303761605184015,229.79603934502447,71.69352339634335,0.5626280384151569,12.769287780187993
CRS3035RES200mN2620200E3489400,36909.64931334805,250.93167452490218,64.13216249047724,354.13565237085373,16.620689655172413,5.970886779633095e-4,16.620689655172413
CRS3035RES200mN2620200E3492400,37754.2446202467,257.48704631922215,63.91566519717354,363.30886526964156,6,9.058518026450862e-5,6
CRS3035RES200mN2622800E3489800,38404.30716005964,239.92270346725792,64.8075614511258,337.4186194681244,NA,NA,NA
CRS3035RES200mN2625200E3495400,41138.99490570814,254.71722988651226,71.03017550521031,359.64443319411043,23.582089552238806,7.066616040163693e-4,23.582089552238806
CRS3035RES200mN2626800E3463800,38402.73940560104,252.34205750658845,43.78900571782911,365.14308252095196,41.597431671135794,0.3706922494687982,19.471920588452342
CRS3035RES200mN2626800E3464000,37966.697872419034,253.34558416134192,44.45411480072406,364.53583828907045,50.86548254569612,0.37536475455250623,24.07895889197765
CRS3035RES200mN2628600E3461600,33094.44591489104,210.13877244644607,47.39900687106638,307.280893816041,53.31567812246304,0.4694150932501871,23.636544564441916
CRS3035RES200mN2631000E3460200,33817.84672965559,217.0073636086559,48.303175861017984,314.4018652849741,63.274427502712584,0.426967387991466,15.298672263148886
CRS3035RES200mN2631000E3462200,32343.242546655216,206.0856786928073,51.61936841596014,301.1316989392968,60.29115107382715,0.4916365307628113,16.39701345666561
CRS3035RES200mN2631000E3462400,33306.60158644519,213.75087529989784,51.77305339042393,310.8201990518063,59.546700457654644,0.4665434550526328,17.3830643177009
CRS3035RES200mN2641200E3478400,36826.86496899648,233.25651676599853,61.00937932695206,328.9616880380472,NA,NA,NA
CRS3035RES200mN2608600E3492600,36878.38636402726,236.8815751010228,67.20400653426182,333.45791419482424,29,1.3756340813343663e-4,29
CRS3035RES200mN2617600E3473000,32766.609337801914,214.35941292037478,50.47507222928466,300.3794984398477,72.05088265835931,0.4006471743903847,22.104150801892207
CRS3035RES200mN2617600E3473200,31450.296688475326,210.85204027306176,50.56975024549531,295.2909977165979,72.60539979231568,0.4101605480165162,20.649616360909196
CRS3035RES200mN2617600E3473400,31639.405476541753,211.39272941870757,50.44732959575096,296.27556211271764,72.77460482289143,0.40918264974918855,22.569248298142384
CRS3035RES200mN2620400E3480400,31531.085239110867,216.7727861132004,57.10115517857814,304.6820115148006,5,3.6985440065094403e-4,5
CRS3035RES200mN2620400E3481000,32777.839809056066,225.2656117320359,57.64098180065637,317.01809606866635,NA,NA,NA
CRS3035RES200mN2620400E3482800,34003.72301918359,229.57840178157605,60.20473428968698,323.2223352663886,37,6.330473315924531e-4,37
CRS3035RES200mN2626800E3493200,37854.81547148021,251.19746775883826,63.8467609128045,354.42928331586717,3.2,2.1387171974249846e-4,3.2
CRS3035RES200mN2626800E3495800,38463.167237042806,255.6003896425192,66.25089679627285,360.9818682224887,6.071428571428572,2.886240877417229e-4,6.071428571428572
CRS3035RES200mN2628400E3495400,38413.89453433832,255.45034522742864,59.629262636378,360.76947240815997,23.36,2.6353238813050183e-4,23.36
CRS3035RES200mN2630800E3472200,34059.40493615872,216.97017362127593,56.294818384488934,307.97500394082016,15.25925925925926,3.0400612516044766e-4,15.25925925925926
CRS3035RES200mN2634800E3466000,30828.329131671013,198.72411850260093,54.094105006616964,276.7516345864071,70.43079692154916,0.42222775455653244,16.120881951340614
CRS3035RES200mN2611800E3475800,29308.416592041085,189.08956456036233,54.78128672972499,264.5740891028152,17.774509803921568,0.001427212178877257,17.774509803921568
CRS3035RES200mN2611800E3476200,29186.59255520319,188.07766134421507,56.84435028650234,263.18410089434235,18.07843137254902,0.0014502850805476935,18.07843137254902
CRS3035RES200mN2620600E3480600,32498.294105113637,220.9229403409091,58.27354403409091,310.7552675189394,NA,NA,NA
CRS3035RES200mN2620600E3480800,30798.465843457532,207.1944765318999,56.176817367058604,290.7233618801037,NA,NA,NA
CRS3035RES200mN2629000E3475000,35024.78215636485,226.56467701670363,56.76679202425723,321.54475908842534,82.02512003561321,0.3369547748384816,17.243508537632362
CRS3035RES200mN2631400E3486800,35664.8433970075,246.81354111222737,56.28468074201111,348.3630019516233,NA,NA,NA
CRS3035RES200mN2642800E3480200,36245.508056053666,228.90223816165238,61.64557348741449,322.47504815036194,NA,NA,NA
CRS3035RES200mN2643000E3476800,33769.75250260326,219.0498715723707,56.75876431794516,308.1029642485248,1.92,3.471017007983339e-4,1.92
CRS3035RES200mN2643000E3479200,35083.65117065451,225.91366507513558,60.21925256651292,318.04272787523837,10,2.7051519619114605e-5,10
CRS3035RES200mN2613000E3465600,29702.82754010695,173.52060477424334,52.465943547053314,256.21893434037156,67.67344854874531,0.5399002150063399,17.90245832588773
CRS3035RES200mN2613000E3467400,30313.703868533587,184.0668358264468,50.06990461513925,262.05341817891957,69.76560385980135,0.520405452081727,14.37356852934417
CRS3035RES200mN2619000E3493800,37829.771595015474,251.04693869677635,70.3661989943542,354.0307609212835,21.127659574468083,0.0018132482864160668,21.127659574468083
CRS3035RES200mN2622000E3471200,30661.008278311325,196.1514605842337,49.81752701080432,278.7080582232893,61.90115438069036,0.4408888555422169,16.42176021782911
CRS3035RES200mN2624800E3494400,42175.3361069869,253.3502707783678,71.30959527446363,357.6795095012766,17.652173913043477,4.913532509426505e-4,17.652173913043477
CRS3035RES200mN2628800E3472800,36445.92619136262,233.0249751799454,54.46718581947547,333.87467940762804,82.04620178702025,0.32523579051873913,21.446182708512193
CRS3035RES200mN2642000E3474800,34308.85643289516,217.29894240795184,59.86348802253306,305.491055831652,NA,NA,NA
CRS3035RES200mN2619000E3462200,26243.971125806722,156.3640666082384,53.79956975539802,227.20933790136235,27.060465116279072,0.0034260218309298063,25.700000000000003
CRS3035RES200mN2619000E3462800,26401.828287197273,161.513763593673,51.47872899159659,232.14327422145345,62.90984675995797,0.6038216757291155,31.960124331653414
CRS3035RES200mN2619000E3464600,27235.772915758844,167.05999353396774,48.022209415105216,242.11979027564976,47.45691160914168,0.5713864016530552,16.780961401264477
CRS3035RES200mN2622400E3485000,34183.96874708896,231.87199580810434,59.79006753609688,326.4884839310666,17,3.027480204937122e-4,17
CRS3035RES200mN2626800E3473600,34171.65317809586,217.4045234248788,56.738889198373265,310.39703637680424,82.20763776272692,0.3503871650604421,15.817809787274632
CRS3035RES200mN2626800E3480800,36231.61911666048,228.62352037393686,57.96149185258906,322.10152344679864,NA,NA,NA
CRS3035RES200mN2628600E3482800,36464.92594910518,238.97757073495742,55.791837847113655,337.09149363562045,15.235772357723576,0.0012415839785195884,15.235772357723576
CRS3035RES200mN2631000E3489400,36202.19281954441,248.87036600006044,58.21798910310987,351.23110230968734,8.936170212765958,0.001929016304292054,8.936170212765958
CRS3035RES200mN2643800E3474200,33688.45216298949,213.41215201570984,60.502555735243156,299.4504014092642,NA,NA,NA
CRS3035RES200mN2644200E3474600,34151.310006864995,214.05290448855536,62.0157311248412,300.68010458203645,NA,NA,NA
CRS3035RES200mN2612000E3476200,29943.107894293895,189.49361779722898,55.7581355551816,265.3494220950463,16.09803921568627,0.001430735566402964,16.09803921568627
CRS3035RES200mN2615400E3465800,28698.993456563454,170.74571708610003,50.43994257237124,250.0128245834426,50.39180403993499,0.5945692237606814,14.807771070350574
CRS3035RES200mN2618800E3464800,27737.592099529065,166.81813453293034,48.510747170872285,241.87076685176075,47.703608944869494,0.5714345961903423,16.16058205613912
CRS3035RES200mN2622000E3464000,31194.375785045264,196.82534325011753,39.47021951131309,283.70600431548877,40.77022804989053,0.4900008438106489,15.696189328150737
CRS3035RES200mN2625200E3462800,31457.09376506508,200.46703473290327,41.91496981244691,291.2814673675995,32.39602450244779,0.466575606620601,17.902199316096358
CRS3035RES200mN2628600E3472400,37747.395393474086,241.1159980806142,55.64753358925144,345.2052207293666,69.27761908883696,0.3326199616122841,13.627738826855929
CRS3035RES200mN2631000E3464200,34492.84186356081,225.14968386023315,51.155263449806064,320.3183804769836,56.79105358988231,0.45082640044370603,19.96221396584811
CRS3035RES200mN2631000E3466800,30969.97310435422,202.30140063587143,51.45408344892799,286.37355609295065,68.88726066636517,0.40711734161521307,25.35209709030605
CRS3035RES200mN2631000E3472000,35424.96702923542,227.89780866981482,56.91602907624556,322.7167612882687,15.11111111111111,2.8651774818273465e-4,15.11111111111111
CRS3035RES200mN2642400E3473800,34256.589780516515,214.45851969812367,61.04573841999584,301.34110641833416,NA,NA,NA
CRS3035RES200mN2616000E3492400,36636.49607144799,242.5596623348377,67.21390897721712,342.37663802947094,78.91088780918727,0.3693110760698168,28.62992859246173
CRS3035RES200mN2622200E3464600,31252.863384521675,195.64266554216303,40.46376404165349,281.4533975237493,44.63039681172969,0.47614529524077265,18.146867081601016
CRS3035RES200mN2622200E3471600,31022.23508929564,198.49296741423,51.392913749422696,280.6605388945045,66.76146371952949,0.4392776467358061,20.680805727598138
CRS3035RES200mN2630600E3472400,35217.95291687601,221.22546753754256,56.432188913079884,314.1359906213365,16.14814814814815,3.0145704237146206e-4,16.14814814814815
CRS3035RES200mN2630600E3475600,37507.8094628148,240.21445040003152,56.06029046624364,338.7586410751586,17.594594594594593,7.291215071138612e-4,17.594594594594593
CRS3035RES200mN2634600E3472800,33735.658640051406,212.9976006728003,57.29468437716421,299.20232264766923,22.817629179331306,0.004068962105471448,22.817629179331306
CRS3035RES200mN2640600E3479600,34070.37984757925,211.5760120996754,60.818358027047935,297.3632252096152,NA,NA,NA
CRS3035RES200mN2640600E3491000,37993.366087158465,234.9823279570624,64.46434863362599,331.12908512352686,NA,NA,NA
CRS3035RES200mN2608800E3490200,37042.301547184965,233.35583637099955,65.773624949372,328.35222357229526,12.114285714285714,5.67031186715267e-4,12.114285714285714
CRS3035RES200mN2613000E3480600,29069.728376902323,197.49742954926063,56.746231704652985,276.761843734071,31.642857142857146,2.0388844389426913e-4,31.642857142857146
CRS3035RES200mN2621600E3467800,24290.951727944277,153.06225411112018,47.19301746341739,218.64205655090433,71.97332539446258,0.4753615804817296,33.401941053885025
CRS3035RES200mN2624600E3464600,27961.606984119117,175.43032111466277,37.687325209748295,254.21559129045227,41.179143398361525,0.5075034958050351,21.37199193092079
CRS3035RES200mN2624600E3467200,24742.64967956359,149.55872330280891,46.83578510426454,218.0579169529793,52.757455903306635,0.5708395854660702,17.780870141993816
CRS3035RES200mN2624600E3472200,31857.7601264284,202.1562606370046,51.97298808655483,288.2531485533674,56.70541292741111,0.42805737904206176,11.063645916164957
CRS3035RES200mN2627800E3483200,36406.29987420325,236.61987586680073,59.71070934741684,333.5940199819088,15.57407407407407,0.0011228128541278936,15.57407407407407
CRS3035RES200mN2628000E3461400,31935.103594852066,203.86864012622584,45.496850236085,298.15496838461144,49.154936160791166,0.47863459206141595,20.86368668355926
CRS3035RES200mN2630600E3469600,34603.47818040652,222.67459397368668,56.52573361270358,313.2026143095694,NA,NA,NA
CRS3035RES200mN2641600E3476400,36141.88004173352,226.04222968674503,60.02716492353106,318.3912512405526,23.652094717668486,0.006985266050843577,23.652094717668486
CRS3035RES200mN2641600E3477400,35222.292865110125,228.9187502349893,60.50852853078678,322.5514907696363,25.457471264367822,0.005451742677745609,25.457471264367822
CRS3035RES200mN2614000E3491200,36053.27943945383,237.27271289974848,67.50214876033058,334.6090980955803,86.3729380733042,0.3650880344951491,37.58919333884493
CRS3035RES200mN2616800E3468000,25347.37223956276,156.8664292727248,47.13381984437508,218.4090649316391,69.7389859188977,0.48495772336278786,22.52866984951953
CRS3035RES200mN2616800E3472600,32095.13812274902,208.17184365104376,51.25870821146274,291.7372066039794,75.92009500898328,0.3969034784500479,27.358515789153174
CRS3035RES200mN2619600E3467400,24319.85429991855,150.24454878474242,45.240173275962285,212.72589836027487,72.49570976101354,0.5048552157227585,23.181891736251092
CRS3035RES200mN2622800E3468600,30529.576712429698,189.49409337623106,51.30172900753985,276.08689245278384,58.72542883964384,0.43167473045656607,14.289685090888403
CRS3035RES200mN2627000E3476600,32055.05714922101,209.28296777370082,58.127346048790784,293.6209043058275,82.26846640592706,0.36867402084334666,13.419208877865751
CRS3035RES200mN2629000E3478200,34596.074438656746,227.71095128239924,57.21021535121142,320.68972932346526,1.8,5.741307139054459e-4,1.8
CRS3035RES200mN2629000E3481400,35655.45130236065,235.13797061286897,56.20451043853219,331.3761800866506,25.23456790123457,8.375642391090787e-4,25.23456790123457
CRS3035RES200mN2631400E3472200,36388.25089092626,234.41528839612968,57.235255297330774,331.83624216949426,15.333333333333334,2.741311565288904e-4,15.333333333333334
CRS3035RES200mN2631400E3475000,36573.868772756854,233.72431755519528,55.85802832908879,328.9817944562537,28.01973684210526,0.0015995622250752411,28.01973684210526
CRS3035RES200mN2631400E3475400,37364.530930881185,236.74494334262982,56.61752905439731,333.6436339508797,8.549999999999999,2.0734627865266406e-4,8.549999999999999
CRS3035RES200mN2635600E3492400,39065.00931863356,243.78653033850568,63.74913814403856,343.8654210445802,26,2.3531903378004637e-5,26
CRS3035RES200mN2612200E3494800,37344.23368184614,252.27042276118405,66.78504960290933,356.15955825333583,16.53846153846154,3.476214669625906e-4,16.53846153846154
CRS3035RES200mN2615200E3501400,38625.74303575029,251.51022671621567,71.34507245124293,354.4922795494481,22.289473684210535,5.473453749315814e-4,22.289473684210535
CRS3035RES200mN2615200E3503800,38384.14282218832,251.87220415095425,70.43832580097298,355.69088056651026,4.666666666666667,3.886122225740522e-4,4.666666666666667
CRS3035RES200mN2618200E3483000,34095.103197740595,232.05040313396805,62.85648886257017,326.4716553546211,NA,NA,NA
CRS3035RES200mN2618200E3484000,34500.86821592067,234.97997817846436,63.10086273804028,330.78909598101274,NA,NA,NA
CRS3035RES200mN2624000E3465600,23517.29697847982,135.685863343236,41.085689442794,197.43685240199986,46.530609738122145,0.5898992826606768,17.384621431729954
CRS3035RES200mN2626400E3488600,36411.3782142898,240.5434422199609,61.82085729639496,339.12555310366906,11.259493670886076,0.0018065194772527184,11.259493670886076
CRS3035RES200mN2628200E3478200,34267.75630397244,223.19894214162343,61.23408894645942,314.240015112263,11.58181818181818,5.936960276338522e-4,11.58181818181818
CRS3035RES200mN2630600E3461800,31762.507544853754,203.10077990353497,51.422239029894236,296.835513508822,63.60245558781556,0.5039243158795303,22.729243147482887
CRS3035RES200mN2630600E3462200,32257.62149201351,206.95348725406535,51.294809081403315,300.4086270927731,59.44274151885655,0.48855209547732653,19.116605574552903
CRS3035RES200mN2614000E3472400,27525.73146554789,174.95515892768256,51.03262461779137,243.70169949512905,73.10405229425733,0.5569650856858422,15.044414370707045
CRS3035RES200mN2617000E3486000,34239.39662363446,225.07418735517948,63.030188679245285,316.3188348229058,26.82539682539683,8.341608738828181e-4,26.82539682539683
CRS3035RES200mN2617000E3487800,35335.075424737544,229.36040471810344,65.04777621469522,323.0101585326249,NA,NA,NA
CRS3035RES200mN2620000E3472600,31210.883875001502,209.79940843343073,52.72055693828229,295.0456540297467,64.33945970513876,0.42327068980028615,27.45746101184562
CRS3035RES200mN2620000E3474000,32862.439360224096,221.70505246749735,53.4110085732682,310.92962916944344,73.0035558146312,0.38754786458980534,24.907991839113976
CRS3035RES200mN2625200E3472600,32162.059907005776,205.63514128897705,53.591328523835905,292.8283920139972,61.392477700130726,0.4218536538599816,18.485497983069155
CRS3035RES200mN2628600E3483400,35930.59444287956,240.1199348114764,55.57263289203654,338.7906824675063,18.91238670694864,0.003329845881453463,18.91238670694864
CRS3035RES200mN2628600E3484200,36176.90107672969,240.37769689350358,56.807293778895435,339.0191722767459,20.219251336898395,0.003791872820180068,20.219251336898395
CRS3035RES200mN2630800E3462000,32500.38491987563,207.98862712269792,51.1338674958144,302.7607031810572,59.83546950724495,0.4861157617794786,17.55690914905656
CRS3035RES200mN2630800E3462200,32789.09212779779,209.66267052501033,51.382873678615724,305.5083092186854,59.2164136879136,0.4801157503100455,19.07165981942977
CRS3035RES200mN2630800E3462600,34141.0188851557,220.61169864928857,51.736724017408164,318.6545313098969,57.857536470761886,0.45830608609376056,17.122175207262178
CRS3035RES200mN2635000E3466600,27333.782804162445,183.4641951793398,49.87792888054801,254.11390596770434,67.10432250153274,0.4568563465497702,10.660502759043506
CRS3035RES200mN2613200E3486200,32782.12289550229,219.34822541588457,62.83153988336605,308.12316774369185,NA,NA,NA
CRS3035RES200mN2620000E3488800,36476.8831961249,249.30885410170055,63.9412706332377,351.73963660554654,10.4,6.236746912810278e-4,10.4
CRS3035RES200mN2620000E3489200,36512.756925090915,249.5926547588897,64.46437167468991,352.16328857359997,14.655172413793105,6.12279368296598e-4,14.655172413793105
CRS3035RES200mN2620000E3491600,37182.45688768886,254.56035100472525,64.93995534555255,359.0397632275813,18,9.346279661456977e-5,18
CRS3035RES200mN2629200E3483400,35870.19272086271,237.2931459975114,56.476420572376604,334.63762961426795,16.637931034482758,0.0030070510161758607,16.637931034482758
CRS3035RES200mN2629200E3486000,36706.8030985357,250.23132334475693,50.96451128671368,353.41334579545133,16.527272727272727,0.0015577647491998754,16.527272727272727
CRS3035RES200mN2632200E3467400,31269.56141650435,203.89527951349436,52.559935005197154,285.068196752649,NA,NA,NA
CRS3035RES200mN2632200E3472400,35762.77083022337,229.51514149836837,56.29558977202452,323.8628628094945,23.278571428571425,0.0014928237828154675,23.278571428571425
CRS3035RES200mN2632200E3475400,37799.09511863163,239.54078979442582,57.56665921833118,337.9280389209397,17.849999999999998,2.031364264239865e-4,17.849999999999998
CRS3035RES200mN2636600E3491600,38818.22976026785,242.1122137860956,64.52400310874627,341.3598254319364,11,2.391343337119628e-5,11
CRS3035RES200mN2610200E3484400,31442.99616006757,217.95860468387434,56.77880301005705,306.0441521907315,8,8.439412054293568e-5,8
CRS3035RES200mN2610200E3486800,35387.30527747794,224.39221021189775,63.042616114865474,315.4899818119977,18.000000000000004,2.3659189377024e-4,18.000000000000004
CRS3035RES200mN2610200E3487200,34086.758014314335,222.1084638111641,63.04322752911062,312.05918505995794,23,2.5279256789850334e-4,23
CRS3035RES200mN2613600E3497800,38745.61247294446,257.10009909510484,70.51821524499952,362.8946853730408,13.25,1.5646595561582386e-4,13.25
CRS3035RES200mN2613600E3505600,36961.93593750003,243.1949898097829,67.38425611413064,343.0231487771743,NA,NA,NA
CRS3035RES200mN2613800E3465200,29143.41533078703,170.781134126962,51.126543812205526,252.83220887117008,61.102172819394866,0.5818812902506343,25.44563639412593
CRS3035RES200mN2616400E3481000,32424.15385081868,222.35343844754397,61.108623408126135,312.8630927835052,13.072463768115941,8.368708308065494e-4,13.072463768115941
CRS3035RES200mN2616400E3486000,33362.48200796594,222.34877077324543,64.06389232248317,312.2326878176075,17.70175438596491,7.828594973217965e-4,17.70175438596491
CRS3035RES200mN2625000E3462600,30276.8817531327,195.64663861088516,41.666065471348915,284.4914359137579,30.198349137719255,0.47984816871190955,14.765781457279031
CRS3035RES200mN2625000E3463000,26185.409301161,166.54247987032667,38.20998115519945,241.45621548963535,33.87365002829098,0.5356799283106888,17.886639277719024
CRS3035RES200mN2626600E3473600,33574.255706715,214.3510174585331,55.53861065865241,304.4795246507146,82.18140481414353,0.36074468329165615,14.229991414671373
CRS3035RES200mN2626600E3476800,31826.626160286356,205.52009949645088,57.55572407935448,287.8604137596311,82.26992909154504,0.381593156585573,15.517867022798834
CRS3035RES200mN2628600E3463600,33099.049815912214,211.62317034841922,47.92104436063211,307.3955190373553,53.39073531944216,0.45627918462643563,21.271932888877956
CRS3035RES200mN2636600E3493600,39152.70415347932,246.6298678959689,63.463958075317876,348.19174579147835,NA,NA,NA
CRS3035RES200mN2617200E3477400,26945.65343690297,192.46483606900287,52.57495084161954,269.6624457863254,15.035114503816798,0.009134394131674738,15.035114503816798
CRS3035RES200mN2619800E3490800,37354.1658782555,253.2042522222798,65.08823621146742,357.283256224983,28.384615384615387,1.3515620938815817e-4,28.384615384615387
CRS3035RES200mN2619800E3493600,39221.57473432756,255.82288131809216,69.70588497946055,361.0120780496508,20.65671641791045,7.479014109662426e-4,20.65671641791045
CRS3035RES200mN2620000E3469800,23917.851704903154,159.7055034185907,45.57685606781547,221.9663704376089,66.35433342931184,0.5084696133405561,33.65907284768212
CRS3035RES200mN2622800E3464600,30863.144350843006,194.3834939343892,40.44121526086285,279.501586207716,48.6250092253192,0.48297945653077956,27.75870993136365
CRS3035RES200mN2622800E3466200,25758.015612781066,153.2920330914128,45.889242546886386,220.13703027891702,58.524342542251965,0.5576836010920713,32.0510123250265
CRS3035RES200mN2627000E3477200,33475.47184812951,217.07163595756532,59.802400893355646,304.97277498604046,82.27081942192117,0.35118927973199277,16.61619129384083
CRS3035RES200mN2627000E3488000,37683.45103108159,247.95110068208484,59.31584703800187,349.8747887127886,19.344370860927153,0.0015013820669357886,19.344370860927153
CRS3035RES200mN2629000E3466600,29018.86554005338,185.5640740225407,49.52396372237752,264.7327118408237,58.14256418046483,0.4996142024109187,16.51309686566409
CRS3035RES200mN2636600E3479200,36704.90169977,229.46817626895856,64.21433770014546,323.2494013241301,2,1.408649105507818e-4,2
CRS3035RES200mN2611400E3476200,29036.95127224823,187.82669645030563,56.33714220255722,262.8315219725933,16.173076923076923,0.001489181952260263,16.173076923076923
CRS3035RES200mN2614400E3475400,32863.93074980575,212.14159625097125,53.68366355866356,297.8954933954934,NA,NA,NA
CRS3035RES200mN2619800E3474600,32668.44814081159,223.0793480106401,53.8512875657932,312.959069556851,75.0874462420643,0.38690361650348065,31.467452678388597
CRS3035RES200mN2622800E3476000,33856.37451482553,224.17858972170114,54.044732798360826,314.6218769563482,68.70848488292806,0.40056911957202185,11.427733575812697
CRS3035RES200mN2625400E3462800,31457.541285983196,200.6428882971397,41.84064092557734,291.7067742527891,32.32308297867106,0.46656489601028417,16.11152795886737
CRS3035RES200mN2627000E3460000,31417.604270462634,199.60995234935763,46.79426985946076,291.66385186078776,49.078771925508626,0.49036733216719947,19.889734064798642
CRS3035RES200mN2627000E3460600,38607.209058096116,251.04086510770614,49.33704834312488,364.70460392427793,46.581662525523335,0.3902104212264334,24.227614455460156
CRS3035RES200mN2627000E3461600,31898.684619469845,205.9862842892768,44.94238939687818,299.8405606354484,42.58129351275554,0.4693012838274684,22.067271027577558
CRS3035RES200mN2627000E3461800,31902.861869627177,206.34633154047717,44.33019583505723,299.6736657012826,40.44945755123127,0.4671654484438928,20.21963639941944
CRS3035RES200mN2629000E3461000,33033.80621224992,210.01578425820995,48.22976830879579,307.04343620234044,59.740833702445954,0.4794026047565113,28.85363206850731
CRS3035RES200mN2632200E3464400,28291.85522319757,184.3834089112618,50.82700281510449,257.2546906851937,58.91448937782393,0.4941409771047413,15.254362529116298
CRS3035RES200mN2632200E3464600,28373.638665212773,181.96053514510987,51.063593916009616,253.91847005535985,66.89687940653546,0.4560476430129173,17.5732450493532
CRS3035RES200mN2636800E3494400,38840.73072275988,244.71663809074462,63.71678768281891,345.35638585549304,20,5.753541304673029e-5,20
CRS3035RES200mN2611200E3477600,29370.52480016102,191.61144976709414,56.908706653631604,268.23572373339465,11.653846153846153,0.001495198113750072,11.653846153846153
CRS3035RES200mN2611200E3484600,31253.379766119066,214.2308049445762,58.822195461667874,300.4131507167306,NA,NA,NA
CRS3035RES200mN2617600E3465200,27196.642201052182,166.14228636428265,48.81838475757145,240.7828807052467,57.953849932457324,0.5789136925920659,28.594309222645187
CRS3035RES200mN2617600E3465400,26811.43680594565,164.5561220815509,49.27464027999833,239.02042374224035,58.086380940685274,0.5864264212360829,27.527019525973213
CRS3035RES200mN2620400E3472600,31311.14813352004,209.61970246430408,52.259200746831354,294.97230500400946,66.35729697074308,0.4160353308678324,30.957423549380106
CRS3035RES200mN2620400E3476600,33229.119167363584,223.9713709631225,52.30515872561262,314.9494438016245,83.92895541606309,0.3558867669465798,27.49124094640269
CRS3035RES200mN2623200E3470200,30843.295814930705,188.88161075184465,49.23237449221069,273.0745896556521,71.91435274552317,0.42613801743884383,32.536691117512504
CRS3035RES200mN2623200E3472800,32173.937798813156,208.710232323475,51.55316771977032,294.6126180236888,61.143713425373555,0.42286716478869857,10.745645133799226
CRS3035RES200mN2625600E3476200,31185.272594519636,203.32161833822173,54.06922236811426,284.12839454663725,88.45011049353775,0.3664944595108664,27.314926672470378
CRS3035RES200mN2627000E3470600,32617.768785794124,201.27919705926413,51.91995943812586,293.7532063470114,59.07819911944326,0.40567635772807414,19.408086919471675
CRS3035RES200mN2636200E3485600,39576.230806269705,230.838746056083,69.37866673424654,324.825200522055,23.823529411764707,2.1541073759170782e-4,23.823529411764707
CRS3035RES200mN2608400E3467800,30418.411780523722,195.55596389013382,45.153594980472505,273.1572827965939,75.22008017771877,0.5014789679236827,11.280713939177282
CRS3035RES200mN2608400E3468400,30583.117457847005,194.02783398184232,45.823839169909476,271.8071076524004,85.43729484707958,0.4978728923476022,21.98412702547808
CRS3035RES200mN2608400E3487200,34964.64558970177,225.54171577070727,62.16072885504471,316.92731091167303,26.000000000000004,1.2087148339527994e-4,26.000000000000004
CRS3035RES200mN2608400E3494200,37112.03929554387,245.77164039009165,67.85414512305695,346.33884849738257,NA,NA,NA
CRS3035RES200mN2608400E3494600,37014.38269495732,237.95666391108676,66.63365481767241,334.9728667217786,5.666666666666667,1.1022320198401769e-4,5.666666666666667
CRS3035RES200mN2614400E3471800,27087.898838061912,175.5594788200118,49.6131197473066,243.74732077387327,76.63276632920496,0.5487901178859488,19.3397630916285
CRS3035RES200mN2614400E3474800,33223.13571058693,211.54974288570173,53.861194407312375,296.81816539614954,74.54812129202374,0.03653792887507983,14.443309162821363
CRS3035RES200mN2617400E3478400,28705.640450203708,198.7971903146248,55.213874013816785,278.94272983689655,18.090352220520675,0.008897791222117757,18.090352220520675
CRS3035RES200mN2617400E3479000,28231.151077205643,195.75141626050726,56.98707353252802,274.5320477502299,20.08847184986595,0.005269477996750725,20.08847184986595
CRS3035RES200mN2623200E3474400,32721.799800485438,213.264885459484,52.23896060190851,299.13053772745735,67.7988407773611,0.4230186774356375,14.70271905898398
CRS3035RES200mN2626000E3457600,32210.815082225155,198.60472287077454,48.82168054004669,289.7265886712009,52.02674573101717,0.5157090650695361,17.374986467201428
CRS3035RES200mN2626000E3457800,32233.20353847327,197.9959963395104,48.73186913749714,288.4863367142022,51.05816642881748,0.5165611733902743,20.259492643078588
CRS3035RES200mN2626000E3458600,32896.41029599464,203.21687230292287,47.71787515954542,294.0706618853694,52.252281728947786,0.4941226524038168,22.32350611331149
CRS3035RES200mN2629800E3468600,34019.47720040153,221.0654727579504,56.31292582388245,311.97900514726325,NA,NA,NA
CRS3035RES200mN2633000E3465000,29968.25279966548,195.72267304350098,52.124322134671424,274.1158153331504,66.94891674072258,0.4264246605773126,12.840612263659477
CRS3035RES200mN2633000E3469400,31656.38235010138,208.17937143960606,52.43650429661099,290.2537293617843,12.285714285714286,0.0010982910109104953,12.285714285714286
CRS3035RES200mN2638600E3489400,38542.60009643674,237.92537276526284,66.61975470438388,335.41112979402044,17.526315789473685,2.3491011597141456e-4,17.526315789473685
CRS3035RES200mN2638800E3470400,30595.936628818188,197.6969867759053,51.96949660462444,277.4251230308201,29.88135593220339,8.11041156902099e-4,29.88135593220339
CRS3035RES200mN2606800E3489200,34680.444634356936,220.8053151017255,63.77896013673694,310.1899432100124,19.1,1.8378636672731588e-4,19.1
CRS3035RES200mN2613800E3495400,38055.49229931564,253.39850394109123,69.15506378344753,357.753513275255,24.727272727272727,2.852105372329399e-4,24.727272727272727
CRS3035RES200mN2613800E3495800,38176.19552367576,254.27516000669547,69.12392309376305,359.0273910859838,28.363636363636363,2.833116556990709e-4,28.363636363636363
CRS3035RES200mN2617000E3469000,25640.62647794695,163.67871899349473,45.851426120523215,226.97275001787102,71.85973146387822,0.4812924440631925,27.224735622623555
CRS3035RES200mN2617000E3474600,31946.0865921457,213.64915067388927,51.386138144403255,299.7599009020759,83.75651715693873,0.38241604532900336,38.21080251697101
CRS3035RES200mN2620200E3485800,35362.3574685749,239.79369864504622,63.79838929096171,337.68287533329755,12,6.094574740164347e-4,12
CRS3035RES200mN2620200E3488400,36707.906732594856,249.46673300098487,63.309703424678396,352.0283579210283,7.533333333333333,6.091927181163761e-4,7.533333333333333
CRS3035RES200mN2623000E3462800,29222.97337155877,187.05912840993028,38.637104548242924,271.94209847640747,35.05301483431327,0.508894925948646,14.121833255430644
CRS3035RES200mN2625600E3465000,24065.158221831236,144.8812236616201,42.85711650609419,209.24487421428267,46.28964305163622,0.5732082807156945,21.0252982820932
CRS3035RES200mN2625600E3465200,25893.301925273292,154.4361369445804,45.402417468863874,222.9991298199815,46.59470765879499,0.5492739435470713,18.82233773949204
CRS3035RES200mN2625600E3465400,26375.605106224375,156.64349608647038,45.30488259411107,226.75770725733454,46.06350186479611,0.5389356264309675,19.20549559117739
CRS3035RES200mN2632600E3464000,27755.75671667332,179.42335006559807,51.77847812446523,251.30594375677373,57.91053237167794,0.5081427186127432,13.768116633457758
CRS3035RES200mN2632600E3464400,29383.03584710605,190.2210974316287,51.36999046762349,266.756857269444,66.96057875053644,0.43797913617872536,17.400757157746302
CRS3035RES200mN2638200E3480400,34864.61808976106,215.62993588508948,62.1767837979143,302.9854984728002,NA,NA,NA
CRS3035RES200mN2638200E3483800,37674.618032556245,229.68902727516732,65.8505428180502,322.9751671930733,9,1.2787233226346784e-4,9
CRS3035RES200mN2613400E3465400,29168.532359400695,171.6487726223906,51.0416585582832,252.83845319841,62.80333694583766,0.5515137193850616,25.856042543539075
CRS3035RES200mN2616400E3465400,28131.450717514683,167.54481826247377,50.402315199481755,245.83137348786772,55.90511985105888,0.6051345604078356,19.588177798464045
CRS3035RES200mN2619600E3488800,35621.922559427745,242.47089776136707,63.08784906531277,341.7824717285947,22.89423076923077,0.0012000923147934472,22.89423076923077
CRS3035RES200mN2619800E3470000,24126.13005247071,159.0766159257338,44.894150377673995,225.46292452286218,62.30478189347094,0.5082454016029527,29.11185262919056
CRS3035RES200mN2619800E3472200,31266.906771488215,207.80101810369032,52.02536713990991,290.4741628721755,59.041824987239835,0.43050892977037736,22.948874269834967
CRS3035RES200mN2622800E3476200,33760.28966013759,223.74605169931203,53.435273009850754,313.95320320892284,70.50110915192538,0.4018238749342902,14.247858483590221
CRS3035RES200mN2622800E3489600,37831.27123679164,240.1196555484526,64.34915203248976,337.76904949924165,NA,NA,NA
CRS3035RES200mN2627200E3467200,32529.059961250296,210.70070891803206,48.997278561109184,303.8283925591605,57.41589847360664,0.448298260742964,22.677368907542014
CRS3035RES200mN2627200E3468600,32497.684634227688,200.25048014444585,52.60609754695065,286.85977482088026,58.76812164755671,0.46740192977815603,20.93631711037845
CRS3035RES200mN2629200E3477800,34515.30298145794,226.1462705436155,56.79510113780019,318.48698904340495,9.654545454545456,5.794353139485874e-4,9.654545454545456
CRS3035RES200mN2629200E3478800,34565.34379512444,227.21573728021724,58.34822262804718,319.9264524760038,9.399999999999999,5.839633058693616e-4,9.399999999999999
CRS3035RES200mN2632400E3464600,29035.98405636393,188.2950992589387,51.07118515713745,263.72317033591173,65.47588774861502,0.4467057932601287,15.455674628401901
CRS3035RES200mN2632400E3465200,29632.557682250743,194.17674667921708,51.25470662064624,271.3869365129167,67.21781115879817,0.42647212634661624,16.77190987124462
CRS3035RES200mN2615800E3471400,25910.404467813238,166.45403674710298,48.58892299557918,230.76029197937933,76.81734995501864,0.5714012954014717,26.33923917234286
CRS3035RES200mN2615800E3476400,28899.578036551837,195.828306108146,50.426357216022424,274.4776807375061,55.562307379194046,0.4635559868456521,10.861455486422038
CRS3035RES200mN2618600E3464800,27088.082049737543,164.52321945902534,48.48630353096406,239.08741359033934,47.92912494772319,0.5829819579496888,16.496976555388816
CRS3035RES200mN2618600E3472000,31002.361197769238,206.92812661856638,50.227267799713324,290.10074559448816,60.190137250453724,0.4247600004818058,23.19072425136116
CRS3035RES200mN2621800E3479400,30185.75031277196,200.41084638816395,54.818388272410814,280.79988033072226,90.36638300915321,0.38033072236727644,36.44389659610982
CRS3035RES200mN2622000E3462800,29494.729072122656,186.04931671922674,40.239917442248036,270.92999256467454,49.22689365052031,0.52110094095326,26.915016359566042
CRS3035RES200mN2622000E3463600,30633.395581759647,193.55593107446376,40.604874619170374,279.6108075438185,39.04701222662304,0.5013876383012841,16.613058131811346
CRS3035RES200mN2625200E3459600,36164.697685714906,231.21715852421147,49.640659743960626,336.80205522333284,43.958965780216,0.43877506962284923,15.665755615144274
CRS3035RES200mN2625200E3460200,37086.87472144775,237.49191032431256,50.034524932370104,345.6385920543941,44.094910083888905,0.42131611405354424,21.224632832295985
CRS3035RES200mN2625200E3460600,36306.245546699196,234.46652926454814,50.809386106963345,341.555353424888,42.84676129794091,0.4274432690487707,22.79668380525966
CRS3035RES200mN2625200E3461000,36981.02289023438,239.1876958651535,49.501262664678855,347.40065516576914,40.783856921449484,0.4122574821756372,24.230175404068984
CRS3035RES200mN2625200E3461200,36526.60815094955,236.7990193579955,49.14930835176709,343.58037288861254,38.70205909124456,0.41436711893087597,23.05347487023047
CRS3035RES200mN2626800E3460200,31423.2349515724,199.536111443262,45.74889393758221,292.4389573119694,46.73000565819577,0.48605763482004066,19.72218258751752
CRS3035RES200mN2626800E3461000,31441.152749635614,200.28094747194697,45.58369770004625,293.29094830139985,44.530369750793376,0.48166317111608864,22.470021402740553
CRS3035RES200mN2628800E3470800,32760.965320857158,207.96764281175996,50.68017096979148,301.14605209957836,66.18973056015126,0.391012533934038,23.036569368943525
CRS3035RES200mN2628800E3471600,36343.537117501204,234.34352647004442,56.828544198725155,335.7338341087494,80.83974037376142,0.32682256973622154,18.66798256616079
CRS3035RES200mN2628800E3472400,38145.67698905593,243.31337334797593,55.780569545953725,348.7910875904116,71.13566663778914,0.32783920930056426,15.880071616275377
CRS3035RES200mN2631200E3478000,38184.423282976,239.77113047673626,59.205419694639694,338.2329302736987,27,2.0102724924363517e-5,27
CRS3035RES200mN2637200E3486000,38071.05072646454,228.63712598686394,68.57505473362967,321.7807602998739,NA,NA,NA
CRS3035RES200mN2615000E3477600,29016.705839425744,202.13791181816975,55.30818528002972,283.67840036090064,79.86218742262936,0.42872875396393645,35.542507427581086
CRS3035RES200mN2617600E3498800,39865.474868122226,260.041648141695,71.82999483303493,367.167974429531,7.369565217391305,0.0016582353011859988,7.369565217391305
CRS3035RES200mN2617800E3464600,26382.24730126148,163.56644177178055,49.72474332648875,238.03518627163405,57.62360697680148,0.5962012320328535,24.68713129474283
CRS3035RES200mN2617800E3465800,27249.766997752482,165.573348800116,50.05320089900674,237.8032480243602,58.6612550657006,0.5903719277894585,32.344698514061136
CRS3035RES200mN2617800E3466800,25426.67870369015,154.86845148352532,47.67466370010393,215.70046986840757,66.69998861760855,0.5143961239515786,29.837823686756614
CRS3035RES200mN2620800E3476600,32969.77353173143,222.65943356838088,52.887722675821244,313.209199294861,80.34126377476282,0.3641445537205429,23.130103828269323
CRS3035RES200mN2620800E3476800,32785.13988380484,220.52955166660826,52.6153017878907,310.148048229267,79.2137157107232,0.37958657247997385,21.56137780548629
CRS3035RES200mN2620800E3477000,32895.66952971491,221.65774023131914,52.51865491640298,311.8175100893039,79.213559850374,0.3774517301831963,21.26141832917705
CRS3035RES200mN2623600E3461600,29458.14415709427,187.169081691587,41.648937945196685,273.59681704421484,38.93662820733597,0.521709555284605,18.157268321483905
CRS3035RES200mN2625800E3464400,39355.52511976524,252.6675299192137,46.433974438296595,364.8565733882515,42.02420723757042,0.35928688857855007,23.222982115181146
CRS3035RES200mN2627200E3495600,38797.06859729253,257.8120021957769,60.05390009218111,364.2263099566036,8.571428571428573,2.9000818237371733e-4,8.571428571428573
CRS3035RES200mN2629400E3479600,35560.23240042029,230.68933677205717,56.16897506925208,324.95880960720007,16.53012048192771,8.809076532832384e-4,16.53012048192771
CRS3035RES200mN2632200E3482600,33895.15829959985,227.2894977385769,53.027243913151864,319.9103977967447,22.68421052631579,2.2554873633352684e-4,22.68421052631579
CRS3035RES200mN2632200E3483000,34363.56996029503,232.01247872943836,53.64559273964843,326.78301758366496,17.947368421052634,2.1554169030062412e-4,17.947368421052634
CRS3035RES200mN2637000E3491200,39038.5750562936,243.3453308654489,63.50831731959486,343.2305860438786,15.353846153846156,7.663015927283861e-4,15.353846153846156
CRS3035RES200mN2637200E3479400,36490.65002370042,234.2027853644222,61.10501546170689,330.1384669209754,14.000000000000002,1.3543100918673672e-4,14.000000000000002
CRS3035RES200mN2608200E3488800,35031.6092061159,220.54344046317374,65.07365251214397,309.5229704780512,NA,NA,NA
CRS3035RES200mN2614600E3492600,36404.69729584286,244.17979281582134,67.35322211758375,344.696461724741,83.33170982814603,0.33975514597067136,34.25127504553734
CRS3035RES200mN2614600E3494200,37219.185531754476,248.02918961129885,69.20350598467815,350.09481238134987,24.558189655172413,0.006247223082412182,24.558189655172413
CRS3035RES200mN2625800E3463200,38280.77176930382,249.44591460296587,47.460524873986415,361.16617357001974,35.72287141135083,0.3711830666958872,19.180100371472854
CRS3035RES200mN2627600E3478800,34181.70263084702,221.30050614605923,61.810367651148596,311.23980199121127,NA,NA,NA
CRS3035RES200mN2627600E3484600,36373.59030756604,240.94355713749744,57.048279638587296,339.82578361879274,26.464285714285715,8.518146694654873e-4,26.464285714285715
CRS3035RES200mN2630000E3471400,32843.72994721407,207.89225806451614,54.51691495601173,296.8380175953079,83.42573432845383,0.3662052785923754,36.10335052371958
CRS3035RES200mN2634000E3476000,34980.735431249035,220.362232793116,59.511006976002925,310.0553830899793,26.740458015267173,0.0015462883178507735,26.740458015267173
CRS3035RES200mN2601200E3490200,32938.1222090187,211.28888610920006,57.676882023057516,296.8915087455959,NA,NA,NA
CRS3035RES200mN2613800E3472000,27705.378465014473,175.94481395184636,51.49387841558992,244.78498905599096,72.09082552409161,0.5530325496010732,15.192906569976763
CRS3035RES200mN2613800E3472800,27267.34159271634,174.67069551688337,52.91728131842793,243.24932292266882,78.70512655457425,0.5594819638123769,21.54702216958052
CRS3035RES200mN2620200E3473200,32559.828225532365,215.2328336868752,53.44086865822073,302.4672495224255,62.99897895513075,0.413210355456069,11.607567076975439
CRS3035RES200mN2623000E3475800,33890.88666161382,224.26005950293555,53.91613027296689,314.7084469281327,67.79614160700079,0.39814930033145174,11.088859529492002
CRS3035RES200mN2625400E3464600,23306.7422603778,139.83908582089552,41.828154151119406,202.43913246268656,44.35581918081918,0.5836054104477612,22.19782717282717
CRS3035RES200mN2625400E3466000,24673.290294184364,145.14210870059063,45.058368355292984,211.98886869604658,45.44877938132641,0.5007524988641516,19.850177209447388
CRS3035RES200mN2627200E3463000,33180.51264736565,212.6506074100663,44.72324984015525,308.96098666277805,42.5410465202096,0.45596697663462293,20.957720977145843
CRS3035RES200mN2629200E3465200,26984.307014645958,172.21590408545333,46.37632144036993,249.7594978526598,54.482713419629654,0.5040469111331348,28.45598612704134
CRS3035RES200mN2632000E3464200,27857.054847583153,178.93907539437487,49.913111210913364,253.17694941896374,65.50691732509918,0.46360803907258674,15.279889807162569
CRS3035RES200mN2614000E3493000,37211.91934960668,244.5936393371719,68.66941042900008,345.26054929310953,18.272844272844274,0.010501986862379369,18.272844272844274
CRS3035RES200mN2616800E3478600,28724.702719523746,201.0085780002706,55.09645514815316,282.0637938032743,22.300462249614792,0.008780949803815451,22.300462249614792
CRS3035RES200mN2616800E3481000,31911.028124229728,220.11571358146415,60.6458343603648,309.76059896475226,16.92753623188406,8.503820557061868e-4,16.92753623188406
CRS3035RES200mN2616800E3484000,31091.01167359646,210.9404889479479,60.459385314415485,295.54105762498654,27.666666666666668,3.8578593167302425e-4,27.666666666666668
CRS3035RES200mN2619400E3488600,35392.4876678783,235.8306068868011,65.25508684237079,332.0944410784601,26.596153846153847,0.0013127335150964314,26.596153846153847
CRS3035RES200mN2619400E3501000,40320.72514420201,256.4980427545337,71.39943660597784,362.3366462202609,16,7.316805482726244e-5,16
CRS3035RES200mN2622600E3464600,30715.656078703592,193.2093496421476,41.59943270220456,278.5532350336309,51.19956210484883,0.4864997486655337,26.340616005313805
CRS3035RES200mN2631400E3459800,34543.95920883892,216.6876541383053,49.481824011048595,315.48432721712516,68.80431229750268,0.43007053368846787,20.671582991656386
CRS3035RES200mN2631400E3460200,34302.24484050266,217.99607298211697,48.95836152730788,317.63757854035765,63.276654674204785,0.42317544707588206,15.300899434641083
CRS3035RES200mN2636800E3493600,38885.763976941715,243.6692992653493,64.66759746407658,343.87611605805427,NA,NA,NA
CRS3035RES200mN2610600E3469600,28569.730553578953,174.67397182296835,48.644997865376254,243.70651771737462,85.35416558120154,0.5462644087092628,26.70679414369828
CRS3035RES200mN2625800E3471800,33122.955519551375,208.0584071609963,53.11849196226459,297.62145081411444,64.47715751089501,0.3875923563951419,27.096949393732793
CRS3035RES200mN2627400E3467600,36936.77526652032,234.7785937177001,53.975459458395264,338.6031677281542,58.08794724149811,0.4000315000935159,21.183234903292472
CRS3035RES200mN2629600E3485400,34640.002183236735,237.21417884809327,52.8756995777598,334.5357020158922,14.672727272727272,0.0018285992929416067,14.672727272727272
CRS3035RES200mN2637800E3491400,37759.088364680385,247.09151939220072,61.2770360990734,348.4815138250622,19.125,6.112936501872103e-4,19.125
CRS3035RES200mN2607600E3490000,37098.19121686479,231.5241254922734,65.9175629612471,325.5635238441946,25.828571428571426,5.791441903564235e-4,25.828571428571426
CRS3035RES200mN2614800E3468600,26051.718034014488,160.07368845494736,44.31353235120462,227.2929249290765,72.88279811822458,0.5632407367405423,24.902763857639563
CRS3035RES200mN2618200E3465200,27117.961211898226,164.86446098548083,48.25822885121553,239.72067189313103,52.377084612550625,0.5761610958593952,22.395313766425126
CRS3035RES200mN2621000E3488600,36453.6071230025,240.87912659829883,65.11756147759134,339.54387708030197,19.379310344827587,6.860414227079709e-4,19.379310344827587
CRS3035RES200mN2632800E3465600,31248.69105650261,201.57047114636498,51.45577198222867,281.7511358216828,69.50296261827215,0.4045658776575736,19.48568946796961
CRS3035RES200mN2618200E3477800,29124.528890300215,201.22723243228938,54.088701888090604,282.36540573439714,18.07017543859649,0.00829595522565792,18.07017543859649
CRS3035RES200mN2618200E3478800,29823.68306162654,205.26448772361272,57.94136157497389,288.19217801753206,16.78804347826087,0.004865600994274986,16.78804347826087
CRS3035RES200mN2621000E3477800,33588.512794078466,226.13369783039303,54.27981327248086,318.44274809160305,77.26904405703294,0.37939742149219846,11.982761884407536
CRS3035RES200mN2624200E3462400,25493.348234757774,163.31441826787702,37.14178253932072,237.7342281339251,33.089891510246254,0.5450461926279516,15.138441290068627
CRS3035RES200mN2624200E3463200,31289.33696482268,194.40598300797097,37.50801871032409,282.64369242518256,35.28325420059534,0.4850484463748747,18.764948707225244
CRS3035RES200mN2624200E3463400,27021.369244135534,168.58206361761998,40.687954666286295,245.50616595562587,37.86184161972004,0.5271081603278136,20.775234323107586
CRS3035RES200mN2627800E3462600,33095.56213302199,207.96655564330575,46.869747851068425,303.1370508990598,41.73841914930258,0.4652565555288484,17.15626214667027
CRS3035RES200mN2627800E3463800,33450.44270443024,212.52981044743223,46.08073616927485,308.9631474542649,51.539914881054884,0.44797222834472117,27.571554035769637
CRS3035RES200mN2627800E3465200,29565.301470588234,190.7262768282989,47.275573827503976,276.7857959062003,46.117335332437186,0.48047496025437203,17.590197497673454
CRS3035RES200mN2630600E3489600,36032.49415949276,250.07578741172225,56.49091190267539,353.0033506881798,5.3138297872340425,0.0019382442393937832,5.3138297872340425
CRS3035RES200mN2635200E3466000,28056.904819448395,181.9660079613307,51.06721637759454,252.33717657094115,73.68458291956306,0.458117713960762,18.179431479642485
CRS3035RES200mN2635200E3474200,33848.945739796996,216.65936449409025,56.18701273662784,304.42179083975066,16.266009852216744,0.0024461073154273525,16.266009852216744
CRS3035RES200mN2612200E3476800,29569.25352273213,189.04516505905653,56.992277772237024,264.63259577984525,14.173076923076923,0.0014817558807186516,14.173076923076923
CRS3035RES200mN2615400E3491000,35885.37519351734,237.19693440633762,67.56571221355946,334.6011659855786,71.97045149292282,0.4049847278204717,20.526266487584806
CRS3035RES200mN2615400E3491200,36051.38153939494,238.88777198643172,68.1721960232757,337.1056231212598,70.50875512995896,0.40318799812470696,15.50529411764706
CRS3035RES200mN2621400E3477000,33426.1960396726,223.53151153650512,52.97735469551926,314.4561312248571,78.51021355617453,0.3734914689970867,18.14433611884863
CRS3035RES200mN2621400E3477400,34231.65971407706,229.72070507004227,54.64733219731339,323.484851837918,70.24595010050845,0.3743111956978777,11.224665957195223
CRS3035RES200mN2621400E3478000,29689.774252204745,202.3664618861455,54.087176756328496,283.7418986141597,78.50875889817394,0.4196485394776148,16.243398328690798
CRS3035RES200mN2624400E3464200,26832.110336056223,167.9773820918615,41.40885310815949,244.1787667011945,40.12566114787572,0.5329828103898148,19.181970036163268
CRS3035RES200mN2626200E3473800,33580.12182282189,215.52255066890973,54.84875430585596,306.12702990352597,82.19383764189641,0.35990661585470524,14.821482400076306
CRS3035RES200mN2629800E3468800,33148.028379387644,215.70021526160906,56.193197293854034,303.8962241356576,NA,NA,NA
CRS3035RES200mN2629800E3476400,37235.6678880002,238.39692690464858,57.88558988463736,336.34483395371785,26,5.150982088188701e-4,26
CRS3035RES200mN2633200E3469400,31820.73342629439,209.91681592518225,52.18030028008513,292.88948058036556,11.912087912087912,0.0010938946254913516,11.912087912087912
CRS3035RES200mN2639000E3476800,32334.832616551495,210.28383187457894,54.246403495513945,295.4848239189879,15.254237288135597,0.01378144794514901,15.254237288135597
CRS3035RES200mN2639000E3477400,33049.81825037706,211.32687508569902,54.861771561771626,296.9305498423146,19.191425722831504,0.013752913752913749,19.191425722831504
CRS3035RES200mN2611400E3480000,30130.828150218982,198.47287871800717,58.744639151487064,278.3105401198976,NA,NA,NA
CRS3035RES200mN2615400E3468600,26248.83448226339,160.84156254488008,47.466853367801235,227.4046675283642,68.76556477345245,0.5626166882091053,19.991231652839833
CRS3035RES200mN2615400E3470800,26414.148743186564,168.10706877065516,47.934333824518134,233.70171247085094,74.7730776124754,0.5587061331349518,21.731160218165048
CRS3035RES200mN2618400E3484600,34029.80516482394,235.29174918238684,61.62327565720251,331.09876990279207,1,1.1316441658085043e-4,1
CRS3035RES200mN2624200E3471800,31373.987866030937,199.75056026744204,52.09095524051244,281.83829629170924,61.24933242429397,0.43585711632513985,15.16695642293054
CRS3035RES200mN2629800E3461000,32068.672435365334,206.5942172614994,48.95330946570357,302.7039133828024,61.0024605088332,0.5034748460785646,21.078423798041452
CRS3035RES200mN2614800E3478000,27133.421106601712,188.05072285850397,52.10457978884726,263.12400525715225,82.62985901465875,0.46405927295310373,38.333768012200075
CRS3035RES200mN2618000E3465600,26932.804611051444,164.3400650425388,49.396759487789964,236.7477423850868,57.71636988824755,0.5911176282702758,28.384280977526657
CRS3035RES200mN2618000E3472000,31559.13689112197,204.62453281048906,50.12278659395875,286.1259481649409,67.83569927150221,0.4255744133325169,25.337084281148375
CRS3035RES200mN2620800E3472200,31327.611917154434,207.6698440937117,51.892356144294375,293.02918584942967,69.56206439721218,0.41737687971054394,26.04580093312598
CRS3035RES200mN2620800E3472400,31386.51749997015,209.76229655015942,52.25412273264631,295.03667172181554,65.73883395840437,0.42028587464026845,21.681881463802704
CRS3035RES200mN2620800E3472800,31685.405244129313,212.67331250658148,51.24851697146267,299.8212994489101,65.093926413435085,0.41245158950238103,17.016010893307993
CRS3035RES200mN2623800E3465400,25609.902002920353,146.26416783756233,43.66625340937267,211.18376174339477,45.12966147496684,0.5607350469735791,17.258868471478422
CRS3035RES200mN2627200E3472200,30745.579793340992,190.85886942458885,51.493858252163456,274.9082256212734,72.55110852523279,0.40314556251003003,29.929636207741325
CRS3035RES200mN2627200E3473200,33422.70790319467,213.98688290007155,55.68620035660341,305.1054705688619,82.23504721930745,0.3571598923375694,17.428509650545326
CRS3035RES200mN2629400E3459200,33612.59938849269,209.42369776193328,48.344734105763514,305.5865022776786,61.028246205733595,0.4110714993067932,23.032778246205748
CRS3035RES200mN2632200E3490000,38732.62255405671,243.49173571787753,66.18126762718904,343.3764621001771,25.470238095238095,0.0018365071383283412,25.470238095238095
CRS3035RES200mN2632400E3463400,28881.179412107733,185.91765879442008,52.256428858286796,263.92795792255663,67.34705702023298,0.4225881255586808,22.63622624156959
CRS3035RES200mN2638400E3489200,38424.37912945357,239.4174829539998,66.51181215787958,337.47362671660426,14.473684210526315,2.2808028426005955e-4,14.473684210526315
CRS3035RES200mN2611400E3470200,28817.801554798785,173.15582474745318,52.34758805017893,240.56425399836215,76.57553478054182,0.45343507062694904,21.821128188876564
CRS3035RES200mN2614200E3491400,35848.390510739584,237.87294600097502,67.43154770439621,335.5285050615124,83.42048302574618,0.3775916951048149,33.86324143692564
CRS3035RES200mN2614200E3492200,36492.605208874134,240.88303888413307,69.19319983722268,339.99159451608756,84.03418523819253,0.3431654575305557,34.93231649969331
CRS3035RES200mN2617200E3494800,38413.49956521217,252.06627147913744,68.36391137674701,355.89131526411876,18.34013605442177,0.0018003894720082347,18.34013605442177
CRS3035RES200mN2625800E3462000,36522.47101572764,238.20285482302694,48.632932709174945,345.38905985304837,32.24854239956703,0.4074638385741925,14.920512189721759
CRS3035RES200mN2629200E3474800,38484.58796466701,245.55941150262515,55.767148364101295,351.0652616081983,89.8178660218643,0.2843984270577072,32.565797091577835
CRS3035RES200mN2629200E3475000,35097.325753171106,225.61710489480427,56.807502637982736,320.4614639188591,82.05322903748923,0.3386200658957309,21.411253140004458
CRS3035RES200mN2632600E3465000,29382.53927639727,192.27647632348678,51.116024137658435,269.344989327782,67.08279962001654,0.42995862868586787,14.51069163117091
CRS3035RES200mN2632600E3468600,32025.297944672544,207.01402937550165,52.46352003255971,288.5001616011688,NA,NA,NA
CRS3035RES200mN2638000E3484200,37933.43416232167,231.45434312364804,66.05192742913587,325.5262888080323,2,1.2503594783500255e-4,2
CRS3035RES200mN2615800E3500600,39107.682321517306,254.3287250177845,70.51270418640824,358.53209937854854,NA,NA,NA
CRS3035RES200mN2618800E3479600,30679.263382163896,212.82090718842187,57.89823756334948,299.2365421951041,24.819819819819813,0.002798719144751775,24.819819819819813
CRS3035RES200mN2618800E3493800,38469.444577381386,253.4468131390037,70.15201943296353,357.5946752713122,16.033783783783782,0.0017886060957629372,16.033783783783782
CRS3035RES200mN2621600E3472000,30521.226009511676,197.21801163098738,51.63817789607801,279.02152111112514,65.07573823504383,0.44471496511965286,19.15952401214081
CRS3035RES200mN2621600E3473000,31900.699566038467,204.9635072097652,52.861932692187565,286.6762171558637,73.50714141443282,0.43342379409962456,29.066869607871418
CRS3035RES200mN2624600E3463400,25804.764394915455,163.8360009032104,35.04275638556457,239.16828934610226,35.92779650175896,0.539920570616441,19.464053236241973
CRS3035RES200mN2628200E3483600,36416.583844233646,241.11449825262108,55.920599101347975,340.1371842236645,17.458333333333332,0.0016774837743384922,17.458333333333332
CRS3035RES200mN2628200E3483800,36240.305446535785,241.23669403283935,55.98850620744908,340.25475570684836,18.625,0.0016820184221065305,18.625
CRS3035RES200mN2630200E3461800,32931.41839461691,208.79558090147702,50.318606981793884,304.53657925505263,58.30977806210324,0.4848839151494906,23.772095369322376
CRS3035RES200mN2633400E3469400,31405.873229931036,207.90546543303805,52.43803224777284,289.84549782806084,12.640449438202245,0.0010921049402409999,12.640449438202245
CRS3035RES200mN2633400E3480200,34139.57445052106,215.28334279228153,51.92852904757007,302.68704210091835,NA,NA,NA
CRS3035RES200mN2633400E3487200,37547.20989595538,239.5747326397025,59.35153279136419,337.8181726941228,30.202127659574472,0.0010482530973648714,30.202127659574472
CRS3035RES200mN2639200E3491600,38102.764702685046,234.35115229916298,66.85184530927283,330.2436542015425,30,6.794216762691592e-5,30
CRS3035RES200mN2639400E3467800,28801.681657647394,191.89014525776133,53.35317573340929,268.8748789518656,20.91509433962264,0.0015095414411848476,20.91509433962264
CRS3035RES200mN2639400E3474200,31192.147595944203,206.37245148277304,54.404968927169534,289.9298953336243,23.625,5.451373746184041e-4,23.625
CRS3035RES200mN2639400E3476000,32502.608993170787,208.69101231452785,55.71376265050328,293.33042154630976,16.58823529411765,0.013754422533666108,16.58823529411765
CRS3035RES200mN2617400E3477200,29449.11917419029,206.09904665698593,52.6188143190858,289.47843929541006,14.05648854961832,0.008270724161878906,14.05648854961832
CRS3035RES200mN2620400E3496000,39481.82161821426,260.02497943310146,70.63963588576557,367.16374456446255,NA,NA,NA
CRS3035RES200mN2623000E3467800,30233.86570823582,187.0802654878215,51.41528288569412,270.0375323501368,56.49191876153955,0.4359374419554961,19.659366567248977
CRS3035RES200mN2625600E3463200,37874.29572674848,247.7282640839864,47.88842784267337,358.53422112967615,36.692218750768774,0.3756561437231998,21.519754483505128
CRS3035RES200mN2625600E3463800,38675.66764705882,247.9161125319693,47.47965838509317,357.9205699671173,3.25,7.307270734380708e-5,3.25
CRS3035RES200mN2627000E3463600,32455.724800110125,208.29319858212978,44.57836715496771,301.43181948539115,44.14398878201186,0.46630263957876866,21.88007823070678
CRS3035RES200mN2627000E3463800,31273.339225215543,202.23562466412767,41.230519404658985,293.27023995887754,44.36852075081798,0.4748825907147363,20.42338064897046
CRS3035RES200mN2629000E3472200,37352.69608126603,239.562674685326,57.76935754351469,342.59528903795365,80.79518374513977,0.3073690703367453,18.825658472344166
CRS3035RES200mN2636400E3491400,38755.89535530442,242.38437962250754,64.1840482811668,341.8082243654222,17.046153846153846,7.691852553103367e-4,17.046153846153846
CRS3035RES200mN2636400E3491600,38963.38768985758,243.43104235710263,63.77548511002087,343.2941693113028,8,2.3421123511294882e-5,8
CRS3035RES200mN2636400E3491800,39123.68746998958,243.56079965334303,63.67266679939569,343.46926347102016,10,2.3422769274011266e-5,10
CRS3035RES200mN2612400E3483000,31639.311864308387,207.50790034967585,60.12511426125574,290.73246180409507,12.181818181818183,3.19206047503664e-4,12.181818181818183
CRS3035RES200mN2612400E3486400,33376.24962744443,217.2658070010038,64.23880052309856,305.1172561661753,24.9,6.082540068732713e-4,24.9
CRS3035RES200mN2617800E3473200,31549.69110840729,210.89926281133697,51.03218341444794,295.3777435824029,72.60626514364832,0.4135413684511881,20.453366216683975
CRS3035RES200mN2617800E3477000,32643.1908036492,224.82723605189565,53.13828909365974,316.7873745014441,21.261034047919292,0.009088616879842295,21.261034047919292
CRS3035RES200mN2626000E3464600,38984.0670816654,253.44401925688186,46.00695681309186,365.754651101275,42.69440822652464,0.35841254166152325,20.750896701025855
CRS3035RES200mN2627400E3469600,34991.35806985275,218.19473073089532,50.13963357617732,316.7848518788726,50.645064182665,0.3618204050596492,15.246486993070544
CRS3035RES200mN2629600E3465000,28392.364427259545,178.50976447689837,47.90161064883153,256.65307695322196,55.2879675297986,0.5085104437448565,25.118544492396218
CRS3035RES200mN2629600E3466400,28740.737641983615,183.43157741982296,49.08319151462382,261.9788393292964,57.39700579171675,0.4828960040105012,15.283846027756525
CRS3035RES200mN2632800E3483200,36761.23408123037,240.97627631001103,57.38375596155982,339.9637659698316,27.188235294117643,8.680644205925297e-4,27.188235294117643
CRS3035RES200mN2639000E3467800,28603.189820573352,190.1975123311174,53.037958395882605,266.43548502394754,20.09677419354839,8.864107513045979e-4,20.09677419354839
CRS3035RES200mN2639000E3468000,29263.56495548513,193.63409691260532,53.77555241862218,271.4282938964901,21.048387096774192,8.6653901522034e-4,21.048387096774192
CRS3035RES200mN2612000E3494600,37128.83469316889,247.48138182449506,68.58639296357369,349.2037004889617,18.076923076923077,3.761247576888575e-4,18.076923076923077
CRS3035RES200mN2615200E3471400,25813.72092475335,166.68153438374318,49.66192018848476,231.24853482550435,73.89250764133254,0.5733029008982476,22.082439061978256
CRS3035RES200mN2624000E3462400,25292.918631271976,161.49257311057207,38.36072878907634,235.3239622795781,34.3309306502005,0.5539369327628029,16.22477797731801
CRS3035RES200mN2624000E3463800,27012.31368965247,169.0060967649286,40.98224496723152,245.4045144781848,42.81382075819823,0.5306796522102405,22.47281605943566
CRS3035RES200mN2624000E3464000,26850.50811910631,168.9063922473947,40.863168603513714,245.11026333294205,41.993160963369334,0.5301743814480051,19.290336785652787
CRS3035RES200mN2626000E3469800,30856.471653975015,191.1146999695401,50.27379835516296,276.9968199817239,58.91546655304642,0.4289369479134936,18.890410453060667
CRS3035RES200mN2626000E3470400,32198.095016329324,198.796090406405,51.47892521546401,288.56749236591696,54.254799500170435,0.415152622705355,13.897691128024519
CRS3035RES200mN2626000E3471800,32987.30320410937,206.86326676341187,53.41403496648469,297.2149471356506,62.63881066018439,0.38851265749890584,24.75993833931168
CRS3035RES200mN2626000E3475800,30209.68489006473,198.25431323654115,54.38018506094873,277.39693168440937,92.33772051673839,0.36450171516816304,31.890606334213107
CRS3035RES200mN2627400E3478600,34147.979755886314,222.30849792185367,61.11026791099614,312.6271727329554,21.92452830188679,5.812232006755359e-4,21.92452830188679
CRS3035RES200mN2632400E3482400,33605.618082153276,228.11213792941894,52.689143446127176,321.12041884816756,23.842105263157894,2.2254237089614298e-4,23.842105263157894
CRS3035RES200mN2637600E3488800,38136.08175567609,239.6914078353671,62.03277866641202,337.86686800200556,6.368421052631579,2.2680067801465886e-4,6.368421052631579
CRS3035RES200mN2612200E3488000,33826.908506907705,223.95208440400253,64.07538015054868,314.9230629704646,NA,NA,NA
CRS3035RES200mN2620800E3493600,38454.42686075258,254.71448503158587,68.10837681955529,359.3326668497671,17,9.887393573194194e-5,17
CRS3035RES200mN2629400E3466200,29109.03989837087,184.90301823195955,49.61756294366988,264.0484908840202,58.78711981093301,0.4970124099892753,17.64173345663791
CRS3035RES200mN2632600E3483600,36152.094602911944,242.20762998314987,57.126890595203264,341.6983825888668,24.70138888888889,0.0014529457466022258,24.70138888888889
CRS3035RES200mN2608600E3468000,30161.140088593576,194.7002111823637,45.37177109892091,272.45005022019626,78.13238153720192,0.5032836282160241,13.863982703919753
CRS3035RES200mN2608600E3468200,30266.93260468893,194.30744841274955,45.19495534045652,272.00881590988183,81.77743650629775,0.4993620065217111,17.767680156927547
CRS3035RES200mN2608600E3476200,31158.777242291224,193.0942551285886,58.47319486501478,269.04998507271796,NA,NA,NA
CRS3035RES200mN2615000E3491000,35868.9298380879,237.49371276372048,67.3495338893951,335.0009392303918,74.7173630186497,0.387860096726712,24.234744108717653
CRS3035RES200mN2626000E3461400,31064.837482809315,199.88131313131314,44.36942191871769,291.5919049651444,38.65342320844301,0.4819201403708446,20.849238603655685
CRS3035RES200mN2626000E3461800,31032.515338148547,198.92447365621268,44.167306987575806,290.0560211837859,34.737189106743095,0.48052439327131086,18.41104824226918
CRS3035RES200mN2629600E3470800,35455.52695851798,224.40845369809423,56.73412407401509,323.53694905886863,77.24017159491349,0.34685244821392425,35.7374873601962
CRS3035RES200mN2629600E3480200,35656.76609734831,234.80526234805356,54.934584807919165,330.8413294352977,8.698795180722891,8.514130379032672e-4,8.698795180722891
CRS3035RES200mN2639200E3467800,28691.60745288404,191.03672187321558,53.67233009708741,267.6400342661335,20.16883116883117,0.001099371787549973,20.16883116883117
CRS3035RES200mN2611400E3496600,38346.48769620241,252.88969258589486,68.31001808318251,356.737880650994,NA,NA,NA
CRS3035RES200mN2614200E3465800,28933.275864956526,170.938409791908,50.817671770107886,251.58098281950006,62.52904376664489,0.5554981786716165,29.747118235264594
CRS3035RES200mN2614200E3469600,26475.760951062588,164.13174438388558,44.27477867174206,230.72067941286713,75.39910649726264,0.5583527986850068,27.815959095134808
CRS3035RES200mN2617000E3477800,28838.60277490895,197.73454911126814,54.136027613197804,277.28644615969995,13.162406015037593,0.009036799478175789,13.162406015037593
CRS3035RES200mN2617000E3478400,28980.52071695535,201.53071039129793,54.76784685662233,282.87572505994723,19.360902255639097,0.008908357781082132,19.360902255639097
CRS3035RES200mN2617000E3481200,33043.994631076595,226.5250315819024,60.95699012773125,319.1025593037945,18.507246376811594,8.070930613390726e-4,18.507246376811594
CRS3035RES200mN2622600E3476000,33735.7994836488,223.00554216867428,54.14239816408483,312.8294320137687,71.39481022022429,0.4032816982214567,14.647604279292093
CRS3035RES200mN2622600E3477600,32503.589327284666,216.17054855846715,54.214110905509465,303.39257446427507,83.92950265572188,0.37085895063570706,27.00824078544988
CRS3035RES200mN2627200E3458600,40058.557762848024,257.563515965867,45.29137225375502,375.2194293215946,53.19926689463456,0.3923800146723815,22.76804595439
CRS3035RES200mN2632000E3481200,33101.140897494326,219.88583506908037,50.07005435251479,309.218137224692,NA,NA,NA
CRS3035RES200mN2635800E3492400,38807.16817729958,244.01403426700165,63.436442313315005,344.1866206654577,22,2.3390445003216145e-5,22
CRS3035RES200mN2626000E3463400,37008.97832483139,242.52468428192049,47.11945702221968,351.15303490571443,38.62567344830131,0.3883093559542233,21.762719870107503
CRS3035RES200mN2629600E3485600,34579.20431055387,238.18643806333688,52.61768076338244,335.88354232320495,13.206060606060607,0.00181810168146859,13.206060606060607
CRS3035RES200mN2629600E3486000,35269.601131526535,240.66216929791509,53.54697990193442,339.47687914219597,18.775757575757574,0.0017781130448838874,18.775757575757574
CRS3035RES200mN2633000E3484200,35710.620084200804,237.63251852093543,56.79209773397291,335.0400008702933,21.768939393939387,0.0028719689305179296,21.768939393939387
CRS3035RES200mN2639200E3478600,32974.1743994499,208.8097577745622,58.92930913466349,293.3264098780984,27.257142857142853,5.013536548681427e-4,27.257142857142853
CRS3035RES200mN2639200E3481400,34943.10828414993,216.74467752257624,62.19604636279587,304.5198890706102,NA,NA,NA
CRS3035RES200mN2639200E3487200,39664.04901948602,235.97978116966092,68.96815658416008,332.5224108595488,NA,NA,NA
CRS3035RES200mN2603200E3491800,36198.40286196783,227.99240956359435,64.12548217936184,321.0825526619856,5,1.4220958137054485e-4,5
CRS3035RES200mN2613800E3486800,33116.124528034066,222.13274662881477,63.11632363378283,312.1050248403123,NA,NA,NA
CRS3035RES200mN2613800E3491800,36286.203094418335,239.66118547937768,67.87322313813449,338.1865222795263,85.40207210940737,0.3447290598168493,36.924413593037734
CRS3035RES200mN2616200E3469000,25890.1257553464,162.39388008742728,46.60224853930658,227.17539749432183,74.47992831541214,0.4782788817302616,25.275104540023886
CRS3035RES200mN2623200E3461800,29508.24984437925,187.9624096446762,40.23636571515675,274.5190111411761,42.46126595980221,0.5163941715258448,19.245068759379077
CRS3035RES200mN2625400E3482600,34039.137638296816,222.32806887303045,58.163860817088825,312.7232865558698,NA,NA,NA
CRS3035RES200mN2625400E3482800,34127.12659188467,223.76026276472163,58.43285033319897,314.7940925368179,NA,NA,NA
CRS3035RES200mN2625400E3484600,37237.06470719487,241.31005699912777,59.015730542201666,340.26371731678125,1,2.231282581796791e-4,1
CRS3035RES200mN2625400E3484800,37330.75488120904,243.3172142984312,60.24413958180851,343.2559395462006,NA,NA,NA
CRS3035RES200mN2626800E3487800,37499.27316907324,247.43378264869406,58.94121235150594,349.1246150153994,20.22818791946309,0.0014899404023839046,20.22818791946309
CRS3035RES200mN2626800E3488800,37677.50485044862,248.93518618828642,59.79904862266985,351.37767513320347,14.880794701986751,0.0014871426179619291,14.880794701986751
CRS3035RES200mN2626800E3492800,38186.77842779568,250.05115114358765,64.14861787213816,352.77855731971755,7.3999999999999995,2.1587315293533453e-4,7.3999999999999995
CRS3035RES200mN2630800E3460800,32912.1951349278,210.0904096707539,50.39351158733498,306.599262567897,64.04551424818685,0.433327971690526,17.1372108960082
CRS3035RES200mN2630800E3461000,32310.350328681732,205.0271519640128,51.06914120263933,299.4489331825574,65.96960185848809,0.5028146086264956,19.950937893878336
CRS3035RES200mN2634600E3488000,37781.397767795046,239.25487426480717,63.00270921131818,337.22325522159895,NA,NA,NA
CRS3035RES200mN2634600E3488200,38032.091136687995,241.1382400253751,62.37073203887883,340.0036250764669,NA,NA,NA
CRS3035RES200mN2634600E3492000,39129.03333104096,245.14503816793896,62.53997891020811,345.67777319304105,NA,NA,NA
CRS3035RES200mN2612600E3480400,29055.711867597227,198.23625148417327,56.9332628652514,277.7980510266136,29.2,7.239871419883573e-5,29.2
CRS3035RES200mN2612800E3465600,29581.510756138392,171.64829799107142,52.56533203125,253.704296875,68.68008577336431,0.5464983258928572,18.960669338575027
CRS3035RES200mN2615600E3493200,37350.13922717997,247.52055524506426,68.25097804754415,349.6810070315445,85.57632933104631,0.33340698475415587,36.53026664587559
CRS3035RES200mN2615600E3503800,38335.787439258915,250.48073168225247,70.39765403643733,353.6843519238957,10.814814814814815,3.9637682223233543e-4,10.814814814814815
CRS3035RES200mN2615800E3465200,28196.669446475782,168.7053074196996,51.20849974686393,247.9363081509816,52.6187295756506,0.5895679810991731,18.28539465210028
CRS3035RES200mN2618600E3487400,35905.16354871649,244.9434725237299,64.18855616566623,345.4072276848413,22.1,2.128293534244239e-4,22.1
CRS3035RES200mN2621800E3471600,30661.929824561405,195.38308949268477,51.31238203812781,277.2854012287035,63.15522083226959,0.44655139654189624,17.489090290188052
CRS3035RES200mN2621800E3477400,33858.179811771704,225.55482749551157,52.931592850526606,317.2961336581015,78.51005880532342,0.3694809427424611,17.04489631692973
CRS3035RES200mN2625000E3485000,34854.11391322941,229.05528246776421,58.91347866353215,322.5745885873058,NA,NA,NA
CRS3035RES200mN2628000E3472400,33487.55566180573,213.34066459478947,52.55576426123884,303.81367894994605,72.87920436093715,0.3926095420238387,16.878276501971715
CRS3035RES200mN2628000E3483200,37001.529371168755,238.75226322413022,58.15441683919945,336.78328867779,16.557142857142857,0.0014208581983518045,16.557142857142857
CRS3035RES200mN2630000E3483800,33008.14510951774,224.29815154161224,55.142588333681914,315.5926996347361,15.185595567867036,0.004439743700114382,15.185595567867036
CRS3035RES200mN2630000E3489400,37344.53801680672,245.77703081232494,57.55850980392157,346.7497142857143,11.313829787234043,0.0021064425770308125,11.313829787234043
CRS3035RES200mN2633200E3480200,34211.48029540979,216.18871840580616,51.77969058381634,303.8653975934294,NA,NA,NA
CRS3035RES200mN2633200E3480400,34159.31495610901,216.56537715627232,51.994156374400326,304.39307951413696,NA,NA,NA
CRS3035RES200mN2638600E3468800,30064.78399855775,194.47758855019026,53.70333952791727,272.82380107064665,24.101123595505623,0.0012342939561201588,24.101123595505623
CRS3035RES200mN2605800E3489600,33879.24097506866,217.154082259054,62.43369175627224,305.12667577575695,26.428571428571427,8.316996376165842e-4,26.428571428571427
CRS3035RES200mN2616000E3476400,28990.68638724773,198.45092985447522,49.220825568024175,278.16261548832273,61.29174904058609,0.45463076780734174,16.96664728456794
CRS3035RES200mN2616000E3476600,29067.129361612548,199.34665280774695,48.96392295142361,279.5904952370928,59.38550994301663,0.452555128677438,14.500058146296096
CRS3035RES200mN2619000E3471200,30513.14243506855,202.3576205604935,49.6089896529984,282.94720185924615,55.36031872058073,0.4359586119936212,18.294739976181027
CRS3035RES200mN2622400E3465000,24435.039644613855,146.2500595580095,42.44472316035819,211.5966731596575,47.5333464537873,0.5696408301685842,21.656161283180403
CRS3035RES200mN2622400E3465800,25412.295924687263,150.69755150914602,45.468351294438364,217.96428423964738,55.30785505178472,0.5594643324111934,30.86423774262584
CRS3035RES200mN2625200E3467400,27301.322255964238,165.91752973782997,47.64648781975638,240.6245673593343,55.42701320835106,0.46685408903446646,28.253523647209196
CRS3035RES200mN2626800E3469800,32669.2864683684,199.2854422947563,51.18117040803529,292.19708595077066,53.389575344411384,0.4013658180657366,18.287533020877706
CRS3035RES200mN2626800E3471000,31981.93294587296,198.858964424093,51.840882940002345,289.0534812727486,58.8047436443687,0.413349771046143,18.7859679022866
CRS3035RES200mN2637600E3468800,30719.228687640076,193.32814531972,51.887772889516064,270.7996043274951,NA,NA,NA
CRS3035RES200mN2612400E3494800,37283.16983938539,251.43359124466124,66.80487438763114,355.0138644396231,15.307692307692307,3.5479865176512334e-4,15.307692307692307
CRS3035RES200mN2612600E3465800,30037.262135250035,172.90257177282004,52.62981428393365,255.14170371293645,70.66962826797385,0.5424404836096226,19.19908598856207
CRS3035RES200mN2612600E3471200,28420.484112596085,176.84711272257164,51.614570597411344,245.4942170130836,88.93195641567738,0.4320727405596076,32.93641892990731
CRS3035RES200mN2624200E3465800,25348.04391901304,145.01559584482135,44.25241596346116,210.69624307238132,50.17166473960002,0.5660316929846547,22.449164801102135
CRS3035RES200mN2624200E3466400,24221.03244693124,140.55426568989387,46.290421665897554,205.3843879787725,50.06351939777116,0.5861934702353484,18.116384166892175
CRS3035RES200mN2624200E3467200,25706.039316639362,153.59488443165705,47.703996365688795,224.62492256439202,52.01063725249349,0.5603722415715643,16.915970618582026
CRS3035RES200mN2624200E3467400,25772.29913554966,154.24153759465662,47.62622486703407,225.69788216538626,54.204088661467686,0.558649313524731,16.583359984255452
CRS3035RES200mN2626400E3464600,39387.48568893991,255.47234760525652,45.28097685704595,368.73733051547646,42.28047430441093,0.3535279741870396,17.673359738246937
CRS3035RES200mN2628200E3465400,27454.867034321847,173.23835721766335,46.98541752283484,251.6953322816274,50.93636801175368,0.5233385918629777,20.19041467183424
CRS3035RES200mN2630400E3488800,36894.222031429956,247.02732192927112,56.131360445149575,348.59452909339865,13.484042553191488,0.0020431673440998075,13.484042553191488
CRS3035RES200mN2630400E3489400,36603.9904159132,245.82253616636527,55.335929023508136,346.76454566003616,6.388297872340425,0.0021247739602169983,6.388297872340425
CRS3035RES200mN2634200E3465800,30246.588642443447,199.06589096953485,51.83387008804509,276.5587746409371,67.10434862554013,0.42374620159468096,13.143927553553372
CRS3035RES200mN2607000E3488200,34621.250389799556,221.0420810089747,64.20186410727307,310.7131249783463,22.08108108108108,6.410034302345755e-4,22.08108108108108
CRS3035RES200mN2607000E3491000,36400.73391242352,226.35848561029604,64.10997711155292,317.93047165209583,27,5.628306630145212e-5,27
CRS3035RES200mN2616600E3480800,31529.045360436663,217.5999247129682,59.746420729029424,306.05089403350274,16.144927536231883,8.658008658008658e-4,16.144927536231883
CRS3035RES200mN2616600E3487800,35237.10857706821,230.88495445391354,64.70398378212577,325.2245428720041,NA,NA,NA
CRS3035RES200mN2619800E3482400,33197.34230897148,228.57134829527817,58.688941386942446,321.68761109645715,NA,NA,NA
CRS3035RES200mN2625200E3461400,36554.89174769032,238.68920200104893,48.56568967603986,346.304181627466,36.26465595709612,0.40998305563400167,21.039467145563222
CRS3035RES200mN2626800E3461600,31532.6511975349,203.21531117232365,45.0868971473925,295.91830851113497,41.36817633890133,0.4744502544469863,21.004615119683134
CRS3035RES200mN2626800E3462600,32112.638709898154,206.4604313264829,44.63772909229839,299.99097886705516,36.893379910944915,0.46359043372147396,18.782693301188225
CRS3035RES200mN2626800E3462800,33192.41686329857,212.87675039142613,44.48503759895914,309.02679339316825,37.982311987994784,0.44819943987474364,18.634271445792034
CRS3035RES200mN2631200E3465000,29384.255757218307,188.5073322431034,49.191978767325274,263.0472105305488,68.30800476437712,0.4389024422937723,33.39495770088262
CRS3035RES200mN2631200E3472000,35641.74879399678,230.03733092307854,57.15523021786882,325.7212372174169,16.333333333333332,2.8376546259025316e-4,16.333333333333332
CRS3035RES200mN2636000E3488200,37996.38908579543,240.88416948687487,60.68456736485871,339.6707559681703,NA,NA,NA
CRS3035RES200mN2611600E3477600,29723.67856239638,193.80391716076096,56.5394245089499,271.48528957203473,10.836538461538462,0.0014612077444010453,10.836538461538462
CRS3035RES200mN2611600E3482200,31126.7903964451,202.13691942626522,59.69635596934837,283.46367304989127,19.318181818181817,3.3251212913561917e-4,19.318181818181817
CRS3035RES200mN2615600E3491600,36792.47238137403,242.93158497838428,67.40283348091046,342.9050992239179,66.56657145489726,0.4239673941351112,13.661835437206303
CRS3035RES200mN2618400E3472600,32341.98035433633,213.4585655093581,53.32414154403005,298.70507691574926,71.15559016960887,0.41277325332190284,26.028928695050148
CRS3035RES200mN2621400E3471800,30281.631459327156,197.85987412273033,49.824633482354706,280.06996927995203,62.68637072755637,0.4402582482079972,15.65906112608143
CRS3035RES200mN2624400E3472200,31459.753538245128,200.75158866280864,51.641017731327814,285.3384006021495,61.252315209363104,0.4343620053551818,14.612067496165002
CRS3035RES200mN2624400E3472600,31911.823792464784,203.3045888775162,52.635972608081104,289.8664522103621,64.07675700244305,0.4289369790905103,17.46134310550538
CRS3035RES200mN2626200E3463600,36690.653290022135,242.63206561838234,46.737478559998465,351.33859391918435,42.17178774385594,0.389503741819262,25.15574060862504
CRS3035RES200mN2626200E3464000,38820.93025076975,251.51692562336484,48.284131560681296,363.8693025076975,42.76316760559915,0.36172958157580937,24.474776747275456
CRS3035RES200mN2627800E3465400,29989.06086764055,192.27936402537995,47.45848703949633,279.14533225124194,48.31785751214973,0.4756775367665142,18.784647399441628
CRS3035RES200mN2627800E3466600,28980.67961885907,185.53765623066457,49.587959410964096,266.58349214206237,60.15986112159405,0.4918574433857205,27.137097139406745
CRS3035RES200mN2627800E3468600,34558.58759510634,217.876178021788,53.18788907141622,314.7111685111534,57.65102138244679,0.43012925817049974,16.292087740898
CRS3035RES200mN2630400E3479200,36977.04287438438,242.49085086916685,51.60508847404173,342.09591987697314,23.11111111111111,8.75980611629128e-5,23.11111111111111
CRS3035RES200mN2634000E3484600,38142.201399491096,241.61335877862595,62.622953774385074,340.6964694656489,13.594170403587444,0.004728583545377438,13.594170403587444
CRS3035RES200mN2634000E3485200,38096.198030269305,237.50491876251948,62.43150456265302,334.75942577342533,8.295964125560538,0.004963276207433786,8.295964125560538
CRS3035RES200mN2639400E3476800,32009.487580832883,212.68850618252688,53.67561351768184,299.11926729619404,12.2073778664008,0.013569090072783374,12.2073778664008
CRS3035RES200mN2639400E3477400,32356.77026028643,208.46332973403045,57.070754716981135,292.9679046374176,18.478564307078763,0.014250397817685837,18.478564307078763
CRS3035RES200mN2639400E3478200,33089.687753925704,210.9144560190067,57.11139696062302,296.52162849872735,24.9421768707483,0.008266205558601485,24.9421768707483
CRS3035RES200mN2609800E3493600,36589.61558772082,243.42700811197784,66.79479879115665,342.98927946556546,NA,NA,NA
CRS3035RES200mN2615000E3468200,26639.127750901745,164.17372277061565,43.24975532004134,233.01754704846002,69.01044086488149,0.5477056010737946,21.3920149082276
CRS3035RES200mN2621200E3467400,24121.053153280543,149.98233880090498,45.35698529411765,216.24005938914027,62.85636623044377,0.5748303167420814,25.46908885171705
CRS3035RES200mN2626200E3458800,36232.781028378275,234.4123140115738,51.37842694706216,341.174858536481,43.335949223843144,0.4348091178452619,14.907476198676472
CRS3035RES200mN2627400E3489400,37870.09740460759,248.73201250262136,60.40610551333646,350.9263323979668,25.721854304635762,0.0015079040134213443,25.721854304635762
CRS3035RES200mN2630000E3467000,30633.67883050951,196.69086794299346,52.00226313535996,279.3479845862132,62.653637069634996,0.4725671294880421,18.45447579601345
CRS3035RES200mN2640400E3469200,30381.88502367444,201.35147223257547,54.97604947474497,282.2518463301169,34.1219512195122,0.0033958669814055575,34.1219512195122
CRS3035RES200mN2605600E3488000,35936.95435737673,227.2965732087226,63.95031552040903,320.19292275740816,7.615384615384614,6.230529595015569e-4,7.615384615384614
CRS3035RES200mN2605600E3488200,35400.84729038756,223.66778391504275,64.41614651914406,314.90598012893855,9.153846153846153,6.669288780204161e-4,9.153846153846153
CRS3035RES200mN2615600E3488400,34944.22149703158,229.66885138007223,63.91678435781788,323.52006691256173,23.342245989304818,0.005128134812356899,23.342245989304818
CRS3035RES200mN2624400E3467000,24521.767628702946,146.42342774843976,47.09977125751885,214.0911157549914,50.72153982213924,0.5747649035610404,16.547152753893773
CRS3035RES200mN2626400E3472800,30542.036912459134,191.26720733515225,52.907538214299194,274.1062276538227,73.5427231198455,0.4063360366757616,34.028552595272394
CRS3035RES200mN2626400E3473600,33550.19639326379,214.66366673484694,54.81495875093748,305.4896479625463,74.17859711667761,0.36336674166496213,19.913963161021975
CRS3035RES200mN2628200E3460000,32762.352316082957,208.49300528272354,45.45753032674623,300.7646253179417,50.45059161199625,0.4175308158873019,18.730465089034677
CRS3035RES200mN2630200E3466600,30512.954031135378,193.3201493481841,50.63437539551968,276.1212251613722,59.366604065399954,0.45827110492342843,16.79977629253207
CRS3035RES200mN2630200E3466800,29881.589888494676,192.68743030917383,50.18950836289914,274.7136847440446,60.1495085217104,0.4602002027369488,17.29531374762521
CRS3035RES200mN2640000E3469400,30481.131050848373,200.86283143354825,50.506906437320865,281.6717007530556,35.64383561643837,0.003003991605283732,35.64383561643837
CRS3035RES200mN2611600E3475800,29202.225384345384,188.9748122148122,54.923832923832926,264.4022744822745,16.76923076923077,0.0014601614601614601,16.76923076923077
CRS3035RES200mN2615000E3492800,37207.18517063029,248.78557121849803,67.63564220881294,351.4193119010192,82.68955348028281,0.33528979260686576,32.82407274377104
CRS3035RES200mN2615000E3497600,39077.02579017097,256.15597754084916,71.18379912939247,361.5006371837739,NA,NA,NA
CRS3035RES200mN2617800E3498600,38878.0293537372,256.75056279246235,71.14625015808777,362.35296572657137,6.420289855072464,0.0017452889844441633,6.420289855072464
CRS3035RES200mN2626000E3469200,32255.169778193947,195.91192134371158,51.20640252823784,285.01032363785333,53.22171418834488,0.41214958740563,15.274531409746691
CRS3035RES200mN2627600E3466400,32032.673429086553,208.7731087612957,49.455148738791586,300.4950573485355,57.62732997799642,0.45395469523186427,24.510189939047507
CRS3035RES200mN2630000E3461000,32738.697240612768,208.48988788479195,48.23375054366211,305.78710191852315,59.712046651247476,0.49101145314840766,17.554042616012996
CRS3035RES200mN2630000E3461600,31626.45744363889,201.34770086403813,50.572586652100505,294.21820687257923,57.281285369814476,0.5045436488231204,22.571177599527587
CRS3035RES200mN2634000E3464000,29555.928288964184,189.0050144726654,53.08116922826072,267.1928601519302,72.88071002979147,0.4379034340304688,26.007131330685223
CRS3035RES200mN2640200E3468600,29721.91516462724,194.42101040203957,55.77735908530817,272.3832421125022,16.73333333333333,0.0023641000659082394,16.73333333333333
CRS3035RES200mN2608600E3493800,36739.944175845274,244.34269339139357,67.80907402663941,344.2546266649595,NA,NA,NA
CRS3035RES200mN2615800E3466400,31554.720109371152,182.33312401062358,52.25990031005954,264.5368473383316,59.84031734074104,0.5557256302575987,26.104727152879157
CRS3035RES200mN2621600E3478000,29943.713307215676,203.41789573411188,51.84365237875762,285.240167460439,78.50987310430207,0.41365801198340796,17.443806870937784
CRS3035RES200mN2624600E3484400,33630.34105808643,226.23511689563716,58.635104844540855,318.3754639672209,NA,NA,NA
CRS3035RES200mN2624600E3485000,35246.038443484795,230.44727515959445,58.86869836650394,324.609815058205,NA,NA,NA
CRS3035RES200mN2633800E3488200,37396.082355722625,240.9057891063025,60.651719168674376,339.75218977280326,NA,NA,NA
CRS3035RES200mN2640400E3466600,30088.449266431962,191.55963908450727,57.12837441314551,268.57442781690185,24.43181818181818,6.455399061032868e-4,24.43181818181818
CRS3035RES200mN2640400E3467400,29494.585092395937,193.35169693554678,55.627728894860795,271.0074119023883,20.31958762886598,0.001401470821955413,20.31958762886598
CRS3035RES200mN2640400E3467600,29424.16577727233,192.47356603388445,56.913582946957106,269.764193858805,21.084033613445378,0.00173504796897326,21.084033613445378
CRS3035RES200mN2609400E3497400,38341.250557444306,254.86237052265318,67.7588835296906,359.57449197437984,10.894736842105264,6.009330275954752e-4,10.894736842105264
CRS3035RES200mN2609600E3483400,34176.26613466649,206.48525872909906,62.70773625622965,290.16110602226365,23,9.315179084317898e-5,23
CRS3035RES200mN2609600E3490200,37734.6715767129,239.52147846416432,66.86354183101217,337.4033504969808,12.325581395348838,6.167438791755712e-4,12.325581395348838
CRS3035RES200mN2614800E3497800,38676.584245017366,253.53986135182038,71.21491821923757,357.70970537261786,30.249999999999993,1.624783362218374e-4,30.249999999999993
CRS3035RES200mN2617800E3477400,32854.892163414166,227.15754720186655,53.0771426306192,320.1630404004938,16.002886002886004,0.007849044636486165,16.002886002886004
CRS3035RES200mN2620600E3492600,37886.17062243502,251.50989512083905,67.4905494756042,354.5421682626539,6,1.0259917920656635e-4,6
CRS3035RES200mN2623000E3477600,32570.739280304435,216.53652747462453,54.41632375568041,303.91452869121343,84.4274056665361,0.3654059469710529,32.16291944118023
CRS3035RES200mN2634200E3485000,38063.73868410478,230.90144789878104,65.31019617871625,325.1503549726616,8.612107623318385,0.00543114261011459,8.612107623318385
CRS3035RES200mN2634200E3486400,37338.640170189596,237.906316832128,58.69310686387057,335.4245739627651,23.242696629213476,0.005008892190630546,23.242696629213476
CRS3035RES200mN2606000E3488200,35924.88818009367,224.57066595041044,64.17352985613323,316.20839698500896,12.261904761904763,7.050647148684719e-4,12.261904761904763
CRS3035RES200mN2606000E3488400,35838.708924725615,224.66079937596373,64.10839226060244,316.3406759254541,13.692307692307693,6.613420155669711e-4,13.692307692307693
CRS3035RES200mN2613800E3483400,31942.669909659486,208.05268415566366,61.72962995135511,291.46648424832057,28.866666666666667,2.171646977067408e-4,28.866666666666667
CRS3035RES200mN2616000E3504000,38170.80632817157,248.1829362715906,70.42814175104239,350.41022930315694,15.518518518518519,4.020250148898159e-4,15.518518518518519
CRS3035RES200mN2622000E3480800,31713.032544572154,208.20846577456888,57.81178301874479,292.2432471320751,NA,NA,NA
CRS3035RES200mN2626600E3469600,33447.85332179036,200.80183938027724,53.36514396860911,294.32613021822965,55.14046300241443,0.3958152974376848,19.825993466837097
CRS3035RES200mN2626600E3470600,32474.357746511574,200.69256576350676,52.201875972231896,291.8126349515916,55.868370970032665,0.4086856585637668,15.6468995881267
CRS3035RES200mN2626600E3472600,31282.97817807766,194.67279362241462,52.749464248539695,278.8375968944784,73.54023975227642,0.39941955156072056,33.260986602078674
CRS3035RES200mN2630800E3489200,36236.35229639817,249.69309563775354,58.37226727607337,352.4502902097195,8.659574468085106,0.0019010253402633123,8.659574468085106
CRS3035RES200mN2634400E3476800,35540.42872837443,224.34034138218135,59.732028864834724,315.7190188731609,27.94117647058824,5.897862892034402e-4,27.94117647058824
CRS3035RES200mN2640600E3478200,33164.0399378247,214.07211774096427,56.89609443923205,301.1700718376721,21.610759493670887,0.00885017714357732,21.610759493670887
CRS3035RES200mN2610800E3476000,29864.880317763444,186.44920993227947,57.100480407478145,260.8804769346529,25.44791666666666,0.001389130057301615,25.44791666666666
CRS3035RES200mN2614800E3491600,35820.38167245679,237.94928716610687,67.6077179224748,335.6895965172767,75.45737903837403,0.38015885600611204,26.10412937964503
CRS3035RES200mN2614800E3492200,36634.644215343345,245.3649896115509,67.37619335665255,346.4393787970439,77.16485294117648,0.3576782473765879,26.876613970588206
CRS3035RES200mN2618000E3476800,32576.073523318362,223.9036416371257,52.93856176050822,315.24867639611404,22.69297297297297,0.010646379080152837,22.69297297297297
CRS3035RES200mN2620800E3467800,23855.312525328547,146.93307474092515,43.498697388988596,211.35106814102934,65.46482164821649,0.5883459734846291,26.210521525215245
CRS3035RES200mN2626200E3457800,31681.56830782172,196.80482022915842,47.86221179949274,289.04388167369774,48.48854830377131,0.5180790456405093,18.04455706167434
CRS3035RES200mN2627600E3467200,35685.232898472,229.77063712479142,53.500906957439646,330.04178153086247,63.30035440047244,0.41640106990233616,27.515842193345133
CRS3035RES200mN2627600E3467600,35985.196309351864,231.31798761703718,52.722423667013445,333.75231044269594,58.888700231310594,0.4104558263557122,21.575879718490103
CRS3035RES200mN2627600E3468000,37475.50439734997,237.99480841501685,54.288026422842975,343.76322110727983,59.05979624981544,0.3936112510170083,19.585922043407642
CRS3035RES200mN2627600E3468600,36981.95859644943,236.64873505699165,53.14707692918693,341.18083521982635,59.14236538606493,0.3951606497478051,17.319897484861446
CRS3035RES200mN2633800E3470400,32170.35079651442,213.4688528069612,52.51080689094053,298.5363118610487,15.690265486725664,0.0013324371808930847,15.690265486725664
CRS3035RES200mN2640200E3475800,32715.705883990933,207.85337361811094,55.93095430369509,292.20142853164714,15.779999999999998,0.012530979365653956,15.779999999999998
CRS3035RES200mN2604000E3491400,35173.44513313145,219.4973094706638,63.759606186224644,308.7836415816328,12,1.594387755102044e-4,12
CRS3035RES200mN2604000E3491600,35828.67519703655,224.04265814889774,63.692471980192515,315.37407624411867,10,1.5120300893987847e-4,10
CRS3035RES200mN2613600E3465400,29131.591861503264,174.21441325818873,51.362200770046314,253.79455666536467,65.69385286185951,0.5534986886892472,29.59715704312322
CRS3035RES200mN2613600E3469800,26630.57939324051,164.17886395221632,44.96231408379908,229.12864070492924,78.94025057237342,0.4649457405600403,25.73517234800305
CRS3035RES200mN2613600E3482800,31335.905819273215,205.23157618672917,59.80553370049824,287.40545502229224,21.181818181818183,3.2054083981700014e-4,21.181818181818183
CRS3035RES200mN2616200E3480000,31052.751695136703,216.36336265349593,57.94140114709435,304.3412418975581,19.94202898550725,8.584545330131765e-4,19.94202898550725
CRS3035RES200mN2616200E3480600,31669.49622212893,218.8376626583371,59.203881577322925,307.85329267389335,15.246376811594205,8.518728857502652e-4,15.246376811594205
CRS3035RES200mN2622200E3462800,29611.1516183769,187.1957362115819,39.73317513172835,271.75959735139895,47.85940613545229,0.5186078258761689,24.985726586139894
CRS3035RES200mN2622200E3463600,30235.004169007054,190.08651313736505,40.12977594707608,275.25654371840477,39.054417082831065,0.5073831367409349,16.769831976186374
CRS3035RES200mN2624800E3480200,31659.215113618106,213.03814895906766,55.70104278769434,298.75920634331567,NA,NA,NA
CRS3035RES200mN2626600E3460200,31412.1941030468,198.4288660535498,46.03309392198947,290.7918680080097,43.552904130482915,0.48740392570654323,19.10807891953064
CRS3035RES200mN2626600E3460600,31456.61951358203,200.29654200182438,45.52275123499935,292.9919088292088,43.5725356097321,0.4815490505017,21.797451351816797
CRS3035RES200mN2626600E3461000,31632.855629076137,198.38781643877928,46.26115777094049,290.08859691847135,41.47130310708751,0.4828876560662398,21.551514182390708
CRS3035RES200mN2628200E3461600,32477.606683174097,206.48842533112196,42.91063794996379,302.3094442757364,50.865359541440135,0.4747716601649186,22.63524563949911
CRS3035RES200mN2633400E3492400,38254.981790417456,245.3622627645041,59.3703112621559,346.09612271375545,NA,NA,NA
CRS3035RES200mN2633400E3494600,40666.561436921205,241.2388651737041,67.90059762264401,340.6022854140667,NA,NA,NA
CRS3035RES200mN2610800E3485000,31562.76017260847,217.1785021286453,58.99775550986123,304.72735961076086,17,8.688348924092772e-5,17
CRS3035RES200mN2616000E3467200,26094.657317572626,157.41361973760397,44.38270558827268,226.47986837831348,63.132924542644304,0.5573585278707509,27.62305782192266
CRS3035RES200mN2619200E3462200,25752.761181966627,154.45387388261167,54.161841488450314,223.5889142136661,25.953488372093027,0.0034754214958860703,25.158139534883727
CRS3035RES200mN2619200E3464600,26511.803033801923,162.84953670294144,48.573506913373556,236.10732326877002,48.273463061821936,0.5866841786219438,16.78445718221846
CRS3035RES200mN2619200E3465000,28605.961371846053,170.28348995889456,49.7141295171134,246.1113448576522,52.12531673595912,0.5625925567104477,19.661416024994484
CRS3035RES200mN2622200E3478800,30224.40876929952,202.2464951734663,54.161787527289036,283.36924958573337,87.99057502551892,0.3865172676819487,32.66305886355902
CRS3035RES200mN2622200E3479000,30021.947663724502,202.33665921211139,54.45115060408373,283.5353914965127,89.33153835464155,0.38089692863475755,34.30652098387995
CRS3035RES200mN2622200E3484400,34272.408734151744,228.31245486723574,61.21822357439662,321.3373503959845,24.999999999999996,3.077906550021904e-4,24.999999999999996
CRS3035RES200mN2624800E3459000,35900.127799911366,227.10709384683508,50.035602036299174,330.7188357680386,52.1998081133607,0.4498561310314296,25.153809441806672
CRS3035RES200mN2624800E3461600,36269.906295799054,234.75764811986969,50.34187736361504,340.39235239256755,36.2947181972496,0.41660090393859023,21.04793475854263
CRS3035RES200mN2626400E3457800,31619.469600639586,196.84948160556337,48.22683722287788,289.0318650778543,51.171202204615916,0.5157548762071548,20.305061266669956
CRS3035RES200mN2626400E3458400,32807.01579645484,204.58032075244182,48.07520800675268,299.1177499095623,45.72525769391621,0.4901603762209092,16.058249895446398
CRS3035RES200mN2627800E3469400,32801.49834880606,204.43709297492032,52.60325158191308,297.1615398826844,54.969436159636416,0.4065054731883054,21.69886947876722
CRS3035RES200mN2630200E3479200,34524.361845056315,228.88672917957163,54.6112309631117,322.2968045795333,14.686746987951805,8.86430142896811e-4,14.686746987951805
CRS3035RES200mN2611600E3488800,38615.66266509716,242.1789969341432,66.61297750410743,341.41051446903833,NA,NA,NA
CRS3035RES200mN2615400E3477800,29307.79589586603,205.29512407092733,54.652562489460784,288.16819944742065,77.18853690698887,0.4229826313673096,31.853739765095554
CRS3035RES200mN2615400E3481800,30829.710467116518,199.41905224001314,58.786717245232595,279.1984473556521,NA,NA,NA
CRS3035RES200mN2618600E3495000,38859.93607656842,255.1566880909132,67.22869218946487,360.2323948581815,NA,NA,NA
CRS3035RES200mN2618600E3503200,37730.89622878521,249.32894149173697,68.3363248101832,351.86687695399837,27.599999999999998,1.3957123715944622e-4,27.599999999999998
CRS3035RES200mN2621800E3464400,30709.87498661845,194.1328757835639,40.94322655850412,279.3849722258567,42.1121798814239,0.48350798729645184,16.283982385790537
CRS3035RES200mN2624800E3464200,26041.473413083022,166.04684077058909,36.9527078160889,241.39606208260864,40.29614504661861,0.5396911801802998,21.376904720903354
CRS3035RES200mN2626600E3490400,37275.4344596886,243.02304174415443,63.26152964431502,342.69249213422734,27.7887323943662,0.0016608769898358996,27.7887323943662
CRS3035RES200mN2639600E3478200,33708.311837416986,207.5477353040366,61.66732650038842,291.62354286719693,25.64690026954178,0.005439962462792705,25.64690026954178
CRS3035RES200mN2611800E3494200,36784.48162375411,246.04971523493077,68.48270645467483,347.05686402468007,NA,NA,NA
CRS3035RES200mN2611800E3495200,37574.84033128973,250.6711851060233,67.07347151133352,353.80142302716644,23.384615384615383,3.655998650092804e-4,23.384615384615383
CRS3035RES200mN2612000E3472800,29266.381865995536,181.72544500841224,55.00896379137277,253.1868540485513,67.05797101449276,0.02633997370244172,27.804455179817484
CRS3035RES200mN2623200E3461200,29633.37337749875,188.73139981255378,41.8812926087124,276.10371169228006,41.66749489532338,0.521883706299991,15.742074835789307
CRS3035RES200mN2625600E3458200,36148.99659049531,230.75855410519813,50.77360447538867,334.3442717011111,48.982877807572144,0.44852089287093533,18.765849098378823
CRS3035RES200mN2627000E3458400,40249.51552921747,257.46718803128186,45.4053043182591,374.11509204838006,51.49364067996753,0.3948996939816389,20.329548082363637
CRS3035RES200mN2628800E3478400,34309.54873390263,226.25531464609588,57.74262192734622,318.61234034898365,7.4363636363636365,5.819921060707067e-4,7.4363636363636365
CRS3035RES200mN2628800E3483600,36141.044016729604,239.72279408778982,57.31933447029683,338.1994558817558,17.803625377643506,0.0033601331871523127,17.803625377643506
CRS3035RES200mN2630800E3475600,37126.192668388634,238.95331810053645,57.26790184780449,336.84179415855357,18.445945945945947,7.351480230478839e-4,18.445945945945947
CRS3035RES200mN2634400E3466000,29145.713374275445,195.34356886100463,51.43665689538539,271.48606597604487,67.03402611734413,0.4327041689326312,12.15000613083195
CRS3035RES200mN2634400E3466200,29821.949078069832,198.1452726559435,52.42210017000131,275.4948607296979,67.01259461281525,0.42674251340394925,12.608476082493178
CRS3035RES200mN2640400E3478000,33527.11740660838,211.7279011013966,59.4575621664585,297.78806631088906,22.86172839506173,0.011496536845690927,22.86172839506173
CRS3035RES200mN2604600E3492000,35812.81432595897,223.24686274896055,65.15401587833179,314.1507850515159,14,1.5760130809085738e-4,14
CRS3035RES200mN2612800E3473200,28046.819210406382,179.0490151428895,53.79875896618455,249.28169475122385,90.94855604665844,0.4282562905613113,29.49603868266259
CRS3035RES200mN2615600E3465800,29249.13768734847,171.7025429799427,51.572404672691206,251.79486720299758,53.304737605917325,0.5885221512012343,17.472948363840636
CRS3035RES200mN2615600E3466600,33041.81730977281,195.12915013823778,43.55355210962856,282.1961774251713,61.643359630169336,0.4784469287173939,28.36065775589169
CRS3035RES200mN2618400E3503400,37830.58057715478,251.10917478917887,67.47435932537522,354.460573869236,25.399999999999995,1.3689628737268645e-4,25.399999999999995
CRS3035RES200mN2624400E3484000,34067.95170854323,225.51765073790312,58.867826944588025,317.3401570825467,NA,NA,NA
CRS3035RES200mN2624400E3484600,33998.46978691577,226.64690267622308,59.55971427881974,319.0990009411438,NA,NA,NA
CRS3035RES200mN2624400E3485000,34155.99629114517,229.15105262532182,60.39917739500482,322.7061326866611,NA,NA,NA
CRS3035RES200mN2624400E3485200,36707.22425072775,234.02438773762623,58.57483587372255,329.8076953816286,NA,NA,NA
CRS3035RES200mN2627600E3469000,37240.396429700144,239.21607592633384,51.47081413946005,344.9577559209707,52.33270842209913,0.3371577425131923,20.06932537991766
CRS3035RES200mN2627600E3469400,33136.28718873239,207.6406985915493,49.507087323943665,301.76792112676054,52.955773327652324,0.39667605633802816,17.206019031387605
CRS3035RES200mN2629800E3480200,34745.204445394316,230.15939303269928,54.68538149177174,324.041130583458,7.27710843373494,8.869416541996153e-4,7.27710843373494
CRS3035RES200mN2629800E3483600,32669.166266737946,222.72033171289715,54.44026556924581,313.35256306648057,14.505415162454874,0.0034439457423132923,14.505415162454874
CRS3035RES200mN2633200E3486600,37435.44152040373,240.084302325582,59.893374286968196,338.5885476086011,27.740291262135923,0.004519526107942088,27.740291262135923
CRS3035RES200mN2633200E3487400,37526.50756954451,240.26945583508933,59.81142635487098,338.79171007425407,29.000000000000004,1.329934611548267e-4,29.000000000000004
CRS3035RES200mN2640400E3476600,32110.569403993766,210.83248561196172,56.042627611097814,296.436490572873,14.309183673469386,0.013656442914675073,14.309183673469386
CRS3035RES200mN2605200E3486800,35008.78794872219,220.00700773208888,64.40326465980493,309.61041389417574,18.767441860465116,7.24356922662263e-4,18.767441860465116
CRS3035RES200mN2616800E3494400,37807.0184996522,251.41735413974794,67.72909005069096,354.9989936388048,17.972789115646258,0.0018263592088261665,17.972789115646258
CRS3035RES200mN2616800E3495000,38146.65967390166,250.35299615744051,70.38364575760687,353.31150690621905,17.035398230088493,0.001466922837262432,17.035398230088493
CRS3035RES200mN2623400E3464400,30473.562366005754,192.8774359839091,41.574434514489376,278.44618553224257,47.351423159241406,0.48959362127526196,25.276742355285513
CRS3035RES200mN2623400E3466000,25126.115547245765,142.30050337983604,45.11733064864085,206.5044441248378,54.804595439002256,0.5846253415791746,23.150138994809218
CRS3035RES200mN2625800E3466600,27401.340932064963,166.08182784272074,48.711645628677395,237.4957751224695,47.15778711802793,0.456338612270288,22.94604680222652
CRS3035RES200mN2625800E3466800,28023.99845872023,169.34882193165308,48.98036763312488,243.04723643484303,45.75886061569919,0.444848714547407,21.842868908326707
CRS3035RES200mN2627400E3468800,37637.56789666847,241.28849564236063,51.89047578404317,347.6740447807903,53.23834682573498,0.3338644058152437,20.273444113052122
CRS3035RES200mN2639200E3476400,31891.62355281704,208.50534663314087,54.915628194855316,293.0797988450178,15.566301096709877,0.013857036279738073,15.566301096709877
CRS3035RES200mN2612000E3488600,34279.60120452971,232.05727171193078,64.69538970494678,326.72809014180086,NA,NA,NA
CRS3035RES200mN2615200E3492600,37053.19329992221,247.3403471186095,66.47846767920221,349.2689340321614,78.81767435116717,0.35181146945177705,28.669892706974057
CRS3035RES200mN2618200E3466800,26388.34866340098,159.1918824352694,46.79897830650805,224.0082155353394,59.6447244900862,0.49199440167949615,24.82793218217507
CRS3035RES200mN2624000E3472000,30977.653573172105,199.92410529873447,50.71731320490193,281.40677456907883,60.27748423385035,0.44064741447294303,12.444497471734556
CRS3035RES200mN2626200E3473000,33515.521435635594,209.1958416706916,54.292440028519515,299.1398146231514,73.4143433546704,0.37906805584305064,31.475545308376027
CRS3035RES200mN2628000E3461800,32320.308554613606,205.2465727831103,42.44542142506831,300.41730306639573,48.247558365519446,0.47466078142880497,20.1178946591552
CRS3035RES200mN2628000E3462000,32518.169276201505,205.99678054429646,42.346543138390274,301.4827909669948,45.806219095180694,0.4707469600463231,18.294543531206177
CRS3035RES200mN2628000E3462600,33408.971116474604,211.82535042095842,43.626973065461016,308.85431326557205,43.649634677359835,0.460606678677862,17.589556938670107
CRS3035RES200mN2630200E3484000,34524.374871102285,227.3044438988452,52.299496685489636,320.02613552663837,14.833795013850413,0.004431622882396257,14.833795013850413
CRS3035RES200mN2630200E3489200,37361.48761223626,247.1075574270882,57.88569168727581,348.6561058752757,11.696808510638299,0.0020943341576989062,11.696808510638299
CRS3035RES200mN2634200E3473600,33474.599609281366,214.96716045831536,55.30762500599262,301.85796298959684,14.467647058823529,0.004074979625101874,14.467647058823529
CRS3035RES200mN2615600E3478000,28833.650571994192,202.30022720327372,55.40035608466321,283.7954506198267,77.98804277481594,0.4311414639331412,33.135252241979735
CRS3035RES200mN2621800E3465000,30806.59432677406,195.3089395576011,40.38856666510121,280.4781618372235,45.54658171172723,0.47725778424834453,18.564058156412194
CRS3035RES200mN2626600E3467200,28852.089979448803,174.26804417262932,48.477591799341305,250.33117092133645,55.819081952640936,0.5013865847921348,24.205585323094436
CRS3035RES200mN2628400E3470400,30166.486146984338,186.7803550504605,49.218888986884046,277.51482316773553,75.89299508698205,0.40775365696934573,31.806732997558925
CRS3035RES200mN2628400E3475400,32605.27763745444,212.60605069685562,56.61282756754314,299.12724956023516,81.67076120762778,0.3589260746019571,13.382435361754261
CRS3035RES200mN2631400E3460600,32990.14114088265,212.31153548196698,50.52512819251626,306.8222274141387,63.73929019537552,0.411617869483418,17.136496982732872
CRS3035RES200mN2631400E3462400,33584.49222828185,212.61400660975607,52.886559773913646,308.61830411883534,66.86580384823587,0.4746178369982845,22.442923576595586
CRS3035RES200mN2631400E3469400,31590.352276129634,203.72236128244094,54.19012659137453,284.9436865995179,25.315068493150683,8.742829083679643e-4,25.315068493150683
CRS3035RES200mN2609000E3489800,36600.04196893795,229.63400740529718,65.92911354231238,322.9893444133562,11.514285714285712,5.863923467421709e-4,11.514285714285712
CRS3035RES200mN2613200E3497400,38551.83393225173,256.27991069069316,71.14115098028837,361.79511705332067,13,1.585372298261372e-4,13
CRS3035RES200mN2618400E3479000,30039.615229496252,207.81443848875938,58.155001040799334,292.0236521648626,20.036666666666665,0.0039029975020815986,20.036666666666665
CRS3035RES200mN2621400E3463000,26204.823184277993,162.47324124181125,47.501538023355124,235.19188265451422,43.40480700632242,0.5788806607804033,21.183911043322095
CRS3035RES200mN2621400E3463600,31077.027062854857,191.7659138090593,41.83609714614442,277.70923688752157,38.147285296071246,0.5083539681348641,14.52374720165321
CRS3035RES200mN2621400E3463800,31037.906014332344,192.67848522367714,40.854225290461365,278.8922697882665,41.84139831238161,0.5083730411836066,17.009589411793637
CRS3035RES200mN2621400E3464000,31533.714742921606,194.88219641696608,40.4773577270665,281.76050569582225,41.621048488277694,0.4984488234356415,16.095303697507934
CRS3035RES200mN2621400E3464400,32926.63723301409,201.7869407107338,42.052787239918885,290.42703921929467,42.312529213510814,0.4677890812005141,17.652011119584728
CRS3035RES200mN2624600E3472400,31874.93443599154,202.66171645237344,52.18048027611015,289.1675376127166,60.1411283449804,0.4278005979145906,13.787250724390667
CRS3035RES200mN2628000E3465600,28006.867747197266,175.86773425161172,47.62276363824664,255.76806566035782,51.40828837044355,0.5110555886388939,20.109729716037187
CRS3035RES200mN2645400E3480000,37185.38828738062,228.82297682734742,63.03929275872345,322.8685558598572,NA,NA,NA
CRS3035RES200mN2609400E3490200,37546.51873124602,237.25934289091626,66.35533294941351,334.103915982178,11.44186046511628,6.516533810202164e-4,11.44186046511628
CRS3035RES200mN2609400E3490600,36903.910005463935,234.30099958216826,66.07602931250612,329.6808408060951,14.930232558139535,6.910294732105567e-4,14.930232558139535
CRS3035RES200mN2615600E3480400,28001.852772578422,194.91783165652845,55.811958937763286,273.1343881609742,17.217391304347828,0.0010090079550772125,17.217391304347828
CRS3035RES200mN2615600E3484400,32311.119369497992,212.12412827254988,60.87657196753173,297.38971933234194,12.140350877192983,8.145649937121286e-4,12.140350877192983
CRS3035RES200mN2618400E3468400,24393.393218787824,155.5471319339887,44.85073657485313,215.97551146931184,67.32461790712654,0.5041478463673132,12.625947180418123
CRS3035RES200mN2618400E3468600,24347.019954615327,156.5248810482395,44.946987775419075,218.88387380133227,68.21517346998881,0.49709391698997146,13.929554691641636
CRS3035RES200mN2621400E3487400,36864.988131687765,244.75461633155518,63.7237250507665,344.96603642561786,NA,NA,NA
CRS3035RES200mN2624200E3482600,32735.10698985891,221.13682019507687,58.23585933151001,310.98230752474785,1,8.471089382094535e-5,1
CRS3035RES200mN2626400E3460600,31560.096902218473,200.11501122901245,44.99530639162518,293.3649013153986,40.97072498708455,0.4830138907042789,17.865667052079985
CRS3035RES200mN2628400E3461600,32602.691763907256,206.6480729392212,47.29429664914971,302.6172680563196,53.06354399862235,0.47575519949438794,23.769312898226293
CRS3035RES200mN2620200E3490600,37049.45053403603,254.8705288259223,62.862152575997435,359.6854597919965,25.11111111111111,2.705248181472056e-4,25.11111111111111
CRS3035RES200mN2620200E3493600,39115.8590908589,256.67742825911733,68.64427121862889,362.2386246949839,23.904761904761905,6.956022480098047e-4,23.904761904761905
CRS3035RES200mN2626800E3465400,29096.27992435154,187.5390203273925,45.871873551845496,270.64990042959306,45.88212658227848,0.49472088974612677,17.01445063291139
CRS3035RES200mN2628600E3460400,33104.68418623913,210.56550908122819,43.60976158078448,306.2098799029758,53.423322998179046,0.48083772111459505,19.728185442196963
CRS3035RES200mN2631000E3460000,34140.74800742574,214.26080445544554,49.17476485148515,311.0845297029703,64.20889726457655,0.43344059405940594,16.052923876420518
CRS3035RES200mN2634800E3477000,35756.37277223647,223.2310529963929,59.740445728920555,314.15875421468775,31,1.0573432488633546e-4,31
CRS3035RES200mN2634800E3486000,39090.58829177978,235.78806039220126,66.7660091398159,332.3685196968809,16.04044943820225,0.0051483773934170056,16.04044943820225
CRS3035RES200mN2641000E3489800,39689.69389398238,237.91675973300752,67.28397787185432,335.13922291769484,1,2.597200218164821e-5,1
CRS3035RES200mN2608600E3488000,35131.540224653414,223.47455174992317,63.785148820651074,313.85691760001293,NA,NA,NA
CRS3035RES200mN2617600E3472600,32609.65983082168,211.40185764382434,51.135117524405246,296.3818832338159,71.43423329871938,0.4107193630935445,25.22857967001268
CRS3035RES200mN2620400E3480600,32530.092450578402,221.239338760945,58.100651077053975,311.1711706389065,NA,NA,NA
CRS3035RES200mN2620400E3481200,32691.708368623174,224.59846155631098,57.79494378763444,315.9843487139028,NA,NA,NA
CRS3035RES200mN2623000E3472600,32264.4354032052,205.8055464291364,52.22264812178294,290.4281385755485,61.78202943014601,0.4283576096082941,20.62504403158911
CRS3035RES200mN2625600E3482600,33842.45272001064,221.10871544597006,58.55530465819279,311.0130385693998,NA,NA,NA
CRS3035RES200mN2628400E3486200,36639.16652113884,242.9932684888119,59.20217885716627,342.7890488567608,26.920454545454543,8.934735816106908e-4,26.920454545454543
CRS3035RES200mN2630800E3464400,29469.478354473853,182.80689749742913,49.27643469317808,254.05827905382233,50.98518990145049,0.49535824477202695,21.071938323552196
CRS3035RES200mN2630800E3466800,31123.633754305454,201.49061973276048,51.198927620490096,286.7015902484309,66.21559320106881,0.429709065148888,22.60440850434879
CRS3035RES200mN2630800E3467600,31698.037387333097,205.66473981492587,52.649320995072564,289.1590914553529,65.98253075671516,0.4210191082802539,29.05904147518054
CRS3035RES200mN2611800E3476000,29329.055481028565,188.44424361382153,56.05084937232586,263.69621701003996,17.92156862745098,0.0014403321236426282,17.92156862745098
CRS3035RES200mN2611800E3477200,29400.87307648629,190.8578303333144,56.04001760263472,267.3134262676736,10.586538461538462,0.001476350008517404,10.586538461538462
CRS3035RES200mN2611800E3477600,29755.789928319384,193.95073360586886,56.157403259226065,271.7181917455336,12.346153846153848,0.001456011648093184,12.346153846153848
CRS3035RES200mN2615200E3465800,29056.864814559493,170.59033503377913,50.08189714600855,250.11027161174687,51.845381946869686,0.5921825451537295,16.139577658261768
CRS3035RES200mN2617800E3493600,37207.91266308314,249.69334581980922,68.39222075406312,352.2098241202788,16.084033613445378,0.0015266000436171387,16.084033613445378
CRS3035RES200mN2620600E3476600,33054.54675122515,223.50496396656072,52.70332660709145,314.3534736235237,82.02392037245136,0.3591236667627556,24.779800931128616
CRS3035RES200mN2623200E3468200,30509.898368609374,190.17514706774213,50.35010006671114,276.1261932197222,59.08927648896652,0.49304384741342716,13.542010873576213
CRS3035RES200mN2625600E3460400,36568.1641775576,236.10811819208806,50.04605801817861,343.8819944655757,40.04981672365864,0.4212899147035352,18.550781077025256
CRS3035RES200mN2625600E3460600,36559.24036135354,238.3472975042107,48.58064614913489,346.5726943296075,39.47381239390883,0.4149339049660593,20.48634160741962
CRS3035RES200mN2625600E3461200,31266.049550132313,200.31097912378712,43.611349603057924,292.1071096736254,35.88137469556447,0.47808291678917963,16.50088317055768
CRS3035RES200mN2627000E3466800,30449.845673366228,194.69488506438802,48.706884101576605,281.2526056083765,52.90385620752321,0.48343964375977855,19.04272946799768
CRS3035RES200mN2631400E3486400,35634.28343689009,245.77676544390016,56.67240211893112,346.85378579678917,29.28571428571429,1.3940335364639339e-4,29.28571428571429
CRS3035RES200mN2635400E3492600,39103.84497211648,243.91362580614668,64.02293172359327,343.9971114281334,27,2.358017850195127e-5,27
CRS3035RES200mN2635600E3472600,32554.9743521745,208.5907081881091,56.2670227812295,292.55480628378035,NA,NA,NA
CRS3035RES200mN2606200E3490400,36843.36407513451,226.53694599023822,64.49586687557382,318.42566679272977,24,5.4027770273920585e-5,24
CRS3035RES200mN2613000E3466000,30147.04862776817,173.11659786913594,53.40239582752273,254.01712500697272,72.66575594310957,0.5461454788865956,21.744462885887177
CRS3035RES200mN2615800E3501200,39964.89106138299,261.9869816299099,71.32957883208044,369.7950042315926,11.368421052631579,2.3647134962911335e-4,11.368421052631579
CRS3035RES200mN2616000E3465400,28404.855929021403,169.7363195149425,51.11477005659931,248.31460596031096,50.68218999814092,0.5984230068558873,16.139686744748108
CRS3035RES200mN2619000E3494000,38469.46910882293,252.46261451465597,70.6686421216387,356.2634639602936,19.81756756756757,0.0018272958490752444,19.81756756756757
CRS3035RES200mN2622000E3465200,31180.482619192724,194.5071257793821,40.29829825137124,281.05384182644974,48.99006125611946,0.47640757582860627,21.03546212698959
CRS3035RES200mN2622000E3471000,29998.652740979782,192.71771045322507,50.239565334254905,273.10357229709865,61.00473664804151,0.45126649515544853,14.846495731344124
CRS3035RES200mN2622000E3471400,31234.990194641854,200.59447578577186,49.878696852028234,284.5426893301097,63.08555300258134,0.43047109678364714,16.459912631549088
CRS3035RES200mN2622000E3471600,31133.658478979687,198.3433234716456,51.10532531138901,281.18201029261866,65.80626578506768,0.4380453969122144,19.393067340162897
CRS3035RES200mN2625000E3457400,34869.740956172354,221.15426058142643,52.3356973431707,321.8531055937635,51.285470862206026,0.41970511460481214,20.2673151198455
CRS3035RES200mN2626600E3461600,31506.995671549746,203.17814132622786,44.369035290832294,296.3407025586726,40.4521882457133,0.4729762749729472,21.64173288395776
CRS3035RES200mN2628800E3474800,35072.85468508651,225.19794705680346,56.92762141753902,320.5894649905607,82.02432509777734,0.33731980435901787,18.14004896817066
CRS3035RES200mN2630800E3493400,36104.06052045244,251.0692088739166,57.481178640341994,354.3192221997164,2,1.0660639851603894e-5,2
CRS3035RES200mN2634400E3466600,30034.163235675394,199.2007000259269,51.484067928441796,276.94153487166193,69.42357685745309,0.41787658802177857,14.539941057856366
CRS3035RES200mN2634400E3474000,33430.366116820915,213.2727039976589,55.923972544286286,299.37708935298707,15.688235294117646,0.004145178791314631,15.688235294117646
CRS3035RES200mN2641800E3480200,37448.2863423343,244.7583909841553,63.653023878598525,345.61027672394556,NA,NA,NA
CRS3035RES200mN2642000E3476800,34942.68750463937,230.55193616231597,58.49166151181492,324.80399604107384,23.318761384335154,0.006792032661140666,23.318761384335154
CRS3035RES200mN2609600E3495600,36765.69242672827,240.56230889700922,67.08680736818545,338.7629017823845,25.857142857142858,7.830561563129227e-4,25.857142857142858
CRS3035RES200mN2609600E3497400,39026.19229282312,255.76021773083505,68.51335302395314,360.8641965763048,8.157894736842106,5.876258369802193e-4,8.157894736842106
CRS3035RES200mN2616000E3488800,35621.44962216628,233.10143278892727,64.8704395872268,328.62766447279375,22.034,0.006771214214132878,22.034
CRS3035RES200mN2616000E3489200,35029.32632370039,230.3919202518361,65.59545957289923,324.59718952950817,21.22259136212625,0.008536343268767189,21.22259136212625
CRS3035RES200mN2619000E3464200,26474.88936752917,164.53908367329473,47.44705160756568,238.50560579693607,42.06620089055081,0.5798219838530225,11.49960146621073
CRS3035RES200mN2619000E3464800,27173.028840552943,166.58100217369685,48.58293434867234,241.14302356969327,48.516667076680854,0.5775072101382358,17.103714728529607
CRS3035RES200mN2622400E3483400,33650.07019961264,221.4332017478521,60.26912954963004,311.4417175629366,NA,NA,NA
CRS3035RES200mN2622400E3484000,34051.04694700461,226.32964909754224,61.2982910906298,318.4759984639017,30,3.120199692780338e-4,30
CRS3035RES200mN2622400E3484600,34309.23397386443,228.5668166118714,61.461206129158604,321.6910258388425,20,3.0859435272334514e-4,20
CRS3035RES200mN2622400E3484800,34405.0314318166,231.68028093924573,58.929684059247585,326.10385711967734,18,3.013374747919612e-4,18
CRS3035RES200mN2624800E3462000,36444.857131176024,234.52713669535353,49.63025613769701,339.47506081481635,33.30182784324337,0.4154725157914103,17.59010061748137
CRS3035RES200mN2624800E3462600,30008.661756743455,190.13298631620398,40.80090815121087,277.02085794447726,31.358828015449333,0.5002091947233708,15.816445669020156
CRS3035RES200mN2626800E3476800,32564.87714167281,212.28152634487842,58.152162398673546,297.8201570560059,82.26452351426119,0.3621154200442152,10.619005373779771
CRS3035RES200mN2644000E3474400,34338.66404263924,214.029726138202,60.730269239657964,300.69173214698407,NA,NA,NA
CRS3035RES200mN2644000E3481400,36612.40369493855,238.09705575489224,63.65567346107846,335.619423874596,35,2.5447235157900096e-5,35
CRS3035RES200mN2644200E3481600,37099.001056902765,242.89407891539966,63.8550099616114,342.5876621798922,11,1.4577967831284346e-4,11
CRS3035RES200mN2612000E3481600,30662.074360285125,199.96627777610766,58.54349460264015,280.41252969299785,19.636363636363637,3.307574345250631e-4,19.636363636363637
CRS3035RES200mN2615400E3465600,28796.603735382836,170.68559150448328,51.00393923116125,251.3887304932303,47.67815720160806,0.596146164759032,12.650170971766544
CRS3035RES200mN2622000E3464600,31086.945613664626,195.14641843222824,40.10833861242111,280.47860209755754,42.56508155182169,0.47686586424532507,15.980351300154986
CRS3035RES200mN2625200E3463000,30811.525893508388,195.10381317932345,40.01267472587916,282.5406966316318,33.355482299687566,0.4860518228886418,17.922472877561574
CRS3035RES200mN2625200E3463400,26500.63704251099,168.60123423178146,37.290161150221046,244.8826701930432,35.98201677778051,0.5269988202196206,21.186777042485677
CRS3035RES200mN2625200E3463600,26441.498017158705,169.01518882351417,37.20284596044685,244.97641326041315,36.574060862505846,0.5268007568492263,21.392959236389558
CRS3035RES200mN2626800E3466600,29626.290346233123,189.7676907016624,48.821005145030135,274.23307981010515,52.314171224073156,0.4931151045161918,17.23070137856298
CRS3035RES200mN2626800E3469400,33242.287440104876,200.42258837356476,53.039994123496975,291.4709226109755,52.003976707854,0.3978505560075942,16.46087771623349
CRS3035RES200mN2628600E3472800,36836.7990558167,235.25133793215718,54.04744317603728,336.32234499318315,80.73623479242443,0.3244816148790265,18.544964254358458
CRS3035RES200mN2642800E3472600,32683.89869934974,206.0984021422482,60.321587264220405,289.01372745196153,NA,NA,NA
CRS3035RES200mN2602800E3491800,36052.106589288436,226.10264153689494,64.01762843836437,318.3316293116,10,1.4553922282055056e-4,10
CRS3035RES200mN2613600E3484200,32131.64070633565,211.46722843749063,61.915159184377714,296.3506945443045,35.72727272727273,1.5817779183802583e-4,35.72727272727273
CRS3035RES200mN2616000E3501400,39144.213831052664,257.90112274372956,70.538825497654,363.84276359644,14.894736842105265,2.4833679697813376e-4,14.894736842105265
CRS3035RES200mN2619200E3471400,25214.27336182336,170.3991737891738,48.22222222222222,237.0616524216524,49.65471093594942,0.5024074074074074,12.770220306784998
CRS3035RES200mN2622200E3464800,30978.620699459767,194.28528101601745,41.363389726092315,279.9429911856696,46.5139855839012,0.4815775755852526,20.256500774926828
CRS3035RES200mN2625000E3463800,25701.29976463121,165.71849628434666,35.77345092957449,240.45483034935074,38.759354473664786,0.5375003305741411,23.452156264606757
CRS3035RES200mN2625000E3467600,26278.602014529715,163.3725380620715,49.01248517725955,235.49447299194392,63.527541831197965,0.4797933675903335,34.225218033578585
CRS3035RES200mN2625000E3472000,32781.47043010754,205.40766360771192,51.66690999258436,295.4198530774925,56.092695671930045,0.40799962921764915,14.916502896739738
CRS3035RES200mN2626600E3496000,39265.70241767702,256.3441525831941,66.35725046887971,362.10381970422145,6,2.8696463160915415e-4,6
CRS3035RES200mN2628400E3463400,34321.377484663906,219.8447857282206,47.96851494591724,319.1515617887413,48.48448916332505,0.4405631543580517,16.50883662574725
CRS3035RES200mN2628400E3463600,33369.49733945462,215.6912992975275,47.699894905691686,312.94009624426127,50.36020566311594,0.449681951435367,19.982976210976904
CRS3035RES200mN2634400E3490400,37612.221560947095,241.03887752119337,61.60004676995046,339.8263080970482,8.669172932330827,0.001555100847705351,8.669172932330827
CRS3035RES200mN2608800E3490000,36679.476463739185,230.50575515635396,65.67704590818363,324.2879075182967,13.485714285714286,5.82168995342648e-4,13.485714285714286
CRS3035RES200mN2621600E3465600,30849.53316032967,194.47677367840075,41.030471336981165,280.80835349099374,49.08509434426435,0.4773138254150904,17.764992988757424
CRS3035RES200mN2627800E3485400,36787.285685912335,243.96134977854575,56.45302786549882,344.2757750898727,27.46153846153846,6.454944487477407e-4,27.46153846153846
CRS3035RES200mN2630600E3469200,34262.2009174807,220.4501807976685,55.920168384694264,310.5674780074478,NA,NA,NA
CRS3035RES200mN2630600E3472200,34173.906304827025,217.37264384362769,56.471579918124974,308.17772954248954,17.85185185185185,3.036573844977282e-4,17.85185185185185
CRS3035RES200mN2634400E3485000,37909.64002567806,229.67207387380714,66.515622878165,323.4525881757466,9.533632286995516,0.0055059689147315535,9.533632286995516
CRS3035RES200mN2634400E3489800,38034.85649082093,243.5879661456291,61.51100492488713,343.5197389922581,14.069767441860465,0.0014537996010503468,14.069767441860465
CRS3035RES200mN2611200E3469400,28455.503237394973,175.88175501622192,45.90759847946864,245.456103708036,78.60295515158947,0.45422393026720653,21.07993623739307
CRS3035RES200mN2611200E3470600,28780.86670167173,176.0397212840235,53.339298385036756,244.6535918031391,81.69858347922967,0.44581784122839385,18.220264204997598
CRS3035RES200mN2614000E3486600,32980.118153907104,221.5153864655697,63.15353924079288,311.2187071124379,NA,NA,NA
CRS3035RES200mN2614000E3487000,33379.30658582301,222.6559269567196,63.78172214017962,312.9298818584567,NA,NA,NA
CRS3035RES200mN2616600E3499400,39337.86101567029,253.3255723082317,71.96752765538889,357.04458547233173,22.111940298507463,0.001805516256383309,22.111940298507463
CRS3035RES200mN2619600E3472200,32015.520061285075,210.60966676242458,52.358050847457605,295.788734080245,59.705762250453716,0.42210092885186246,23.765423661524505
CRS3035RES200mN2625400E3471200,32254.187322255388,201.57650363127834,52.76723388252991,290.8789573883,53.1248154038396,0.41380120807577503,13.901644325798015
CRS3035RES200mN2631400E3472400,37357.90415228983,240.3031877352572,57.703232826223335,341.1696792659975,14.444444444444445,2.6466436637390215e-4,14.444444444444445
CRS3035RES200mN2635600E3492600,38684.93690505679,243.37539662880295,63.70863559691907,343.27396581620087,25,2.3591304245255252e-5,25
CRS3035RES200mN2643600E3473400,34034.645263957034,210.4538221209994,60.16692945573467,295.2836953982705,NA,NA,NA
CRS3035RES200mN2612200E3494600,37087.96896632299,246.66672021497212,68.45588106434559,347.95646522767765,17.153846153846153,3.7970616584396996e-4,17.153846153846153
CRS3035RES200mN2615200E3500800,39214.295517966486,256.81813973787575,70.58557390924841,362.199833361988,8.533333333333333,1.983785856929364e-4,8.533333333333333
CRS3035RES200mN2615200E3503400,38077.721236303085,249.19740054788025,71.24565269175801,351.8141079085284,7.275862068965517,4.3175321581705634e-4,7.275862068965517
CRS3035RES200mN2615200E3504000,38023.25734221563,248.05951969202536,70.7233341854764,350.1354306079787,8.37037037037037,4.0602114317508524e-4,8.37037037037037
CRS3035RES200mN2621200E3477800,33631.321496222925,227.76568455165804,53.792877193783234,320.70238720131454,70.96943892235113,0.38458817353995023,11.993917455419389
CRS3035RES200mN2624000E3464600,26966.114435641262,169.58506417133034,37.54172752064727,246.38060772123922,43.255957352724415,0.5261144356412609,16.387869110204875
CRS3035RES200mN2626400E3488000,38577.085972493536,248.49003532034965,60.8866098383946,350.71699323191064,12.268456375838927,0.0014700368989127646,12.268456375838927
CRS3035RES200mN2626400E3497200,38584.21402467593,256.56878546514656,66.6458326825967,362.44659274298505,19.85185185185185,2.8111822583164143e-4,19.85185185185185
CRS3035RES200mN2628200E3470400,30751.300708829698,191.74098336062826,49.072645672638245,278.90867722618856,63.972017840402344,0.4400620069757851,22.928431010482665
CRS3035RES200mN2630600E3460600,32536.51992639522,207.4428266212194,46.89030911538414,303.2844651921011,62.607573446188674,0.5019203932174923,14.518854879189007
CRS3035RES200mN2635400E3485600,39615.92054554082,232.43603056784505,68.890513973698,327.4458663936518,4,8.531695247845735e-5,4
CRS3035RES200mN2609000E3467400,35528.28490237085,211.75957694095706,46.88619246861915,297.68057880055636,90.86501047590538,0.34947698744769756,27.177282250823097
CRS3035RES200mN2609000E3477000,30346.21711188976,194.33510193079803,58.09883811658566,271.1050944118941,29.244444444444447,6.383974804579439e-4,29.244444444444447
CRS3035RES200mN2614000E3472000,27429.419627797542,175.53580995847094,50.78572137258515,244.008901109804,68.91630923202614,0.5551571159270335,11.77659824346405
CRS3035RES200mN2620000E3472800,32050.20180458519,213.52135191751805,52.004447097098854,300.94445809781274,63.77447944777434,0.4119767346604407,22.371897281481694
CRS3035RES200mN2620000E3474200,32403.6665128566,219.36808287286445,53.482794421308846,307.40849262288464,73.32340425531915,0.39579175654942494,27.434607986009908
CRS3035RES200mN2622600E3485600,33573.97708137259,226.7296950118277,61.09892402004429,318.99605728385006,13,3.306794190216974e-4,13
CRS3035RES200mN2626800E3459400,30623.677004027544,190.12239833701443,47.5434584903209,279.1673898921658,50.21038647937219,0.5281148499415357,22.322657383945458
CRS3035RES200mN2635000E3465800,29815.811243331966,192.72998221857475,56.14396115442484,267.9481466283682,75.7144808319106,0.4406373957051019,21.115759739251896
CRS3035RES200mN2635000E3466400,27738.06758783055,183.30619823708292,50.66166846508499,254.30485292675064,70.44761668321748,0.4515758348631567,14.363930610724925
CRS3035RES200mN2610400E3481800,31327.087007791743,203.32110338239247,59.19518165805893,285.1830910230767,NA,NA,NA
CRS3035RES200mN2610400E3486600,35311.33276182945,224.19350537067172,63.22997904485592,315.1225509591014,20,2.3446315265016692e-4,20
CRS3035RES200mN2610400E3487000,34364.899376971,222.80023075148065,62.41744481193754,313.1410353049765,26.142857142857142,8.614721944465811e-4,26.142857142857142
CRS3035RES200mN2613200E3474800,29630.68653622948,188.34366882219643,54.90870778754214,263.11076106781627,68.62318113396888,0.027538274470789808,28.83196186653287
CRS3035RES200mN2620000E3488600,36699.43018619045,250.05129115722187,63.33547765207245,352.8848358784435,8.8,6.087971183603065e-4,8.8
CRS3035RES200mN2620000E3489000,36632.45179998955,249.67003500705366,64.01798422070118,352.31698625842523,13.275862068965518,6.060922723235279e-4,13.275862068965518
CRS3035RES200mN2623400E3467600,24629.093828680176,150.0722738208474,45.894337828008716,218.6710261287973,59.72402765135673,0.568581099983215,18.39279195060149
CRS3035RES200mN2625800E3489000,37612.84514695877,239.03793099330042,64.70897278188481,336.95000656865346,9.04225352112676,0.0016959071311700579,9.04225352112676
CRS3035RES200mN2627200E3471200,32612.28399403734,201.9422252760051,52.420680579494096,292.6303978199095,62.882289962825205,0.3915894163134115,22.189701115241657
CRS3035RES200mN2629200E3483200,35874.5735019369,235.49675424059805,57.10390652212929,332.05150993782945,19.59655172413793,0.0030610413873906213,19.59655172413793
CRS3035RES200mN2629200E3483800,35923.83164492927,238.60147464295693,56.52339498332264,336.51044538761084,14.30211480362538,0.0034181149767134526,14.30211480362538
CRS3035RES200mN2629200E3485600,36799.36196447033,249.2293020211888,55.27817666195593,351.9528136351996,13.418181818181818,0.00156497491297791,13.418181818181818
CRS3035RES200mN2632200E3482000,33537.37820528303,224.00922687251284,51.30221927391171,315.2439271499227,24.454545454545453,1.326739838378968e-4,24.454545454545453
CRS3035RES200mN2636600E3490200,39199.82796195626,241.92288194814566,63.239775432612035,341.10163569389726,11.87692307692308,7.698776486752189e-4,11.87692307692308
CRS3035RES200mN2610200E3480800,31064.614492630477,203.85769301561663,57.6256636792251,286.17470160981986,13.915254237288135,8.35350918178084e-4,13.915254237288135
CRS3035RES200mN2610200E3486600,35160.82916794776,224.24930820925024,62.722390594574016,315.17725948375573,18,2.3425718510709947e-4,18
CRS3035RES200mN2610200E3487800,35889.47777540815,226.3992200828665,65.10440531318558,318.37222763831477,20.916666666666668,3.655861564708758e-4,20.916666666666668
CRS3035RES200mN2613800E3471600,27298.70476910352,173.21045951110972,50.815582304115914,240.65155880087826,73.40692335945145,0.46595738612054,18.632088638589632
CRS3035RES200mN2616400E3472600,27730.520414279545,178.98947573844058,50.543637352067954,248.8959701138852,78.42297171277588,0.4484311183596095,33.80986944358096
CRS3035RES200mN2616400E3480800,31566.331730466634,217.47922357472842,59.58132450497854,305.82939540036,13.63768115942029,8.685691267733286e-4,13.63768115942029
CRS3035RES200mN2616400E3485000,31363.6810271371,213.4136566485175,61.570991175748475,299.2456059271241,14.618421052631579,0.001097615574587311,14.618421052631579
CRS3035RES200mN2619400E3464400,27204.450439076398,166.72136183822911,48.058328423533375,241.03723031170216,46.48013481266452,0.5702241674382067,17.503399837634383
CRS3035RES200mN2622200E3484800,35075.43119047366,236.41657366373727,61.28544495129535,333.01770486829685,21,2.817176106012503e-4,21
CRS3035RES200mN2628600E3462200,33150.78724985706,210.23020011435105,44.4642081189251,307.9352544311035,48.66481340254373,0.4648256146369354,17.168319023838208
CRS3035RES200mN2628600E3462600,34344.40378796245,216.60808393152953,46.241038100496965,316.5239315295417,49.34709340943196,0.44891220320265046,17.39257300302592
CRS3035RES200mN2631200E3460600,32553.64847194389,208.855247995992,51.186047094188375,305.1240480961924,62.27068463427168,0.43870240480961925,12.880460229543754
CRS3035RES200mN2636600E3492800,39454.285671191734,241.1171945701361,66.0955882352942,340.1139265962802,27,2.5138260432378136e-5,27
CRS3035RES200mN2636600E3493800,39264.394898785424,246.1547021399653,63.499606709080396,347.5897050318103,NA,NA,NA
CRS3035RES200mN2636800E3481600,38314.96611334629,236.16365214059584,62.468046023642955,332.6421785726369,36,1.352310761012884e-4,36
CRS3035RES200mN2617200E3477600,27597.553100479545,196.51851296861446,52.404628923278224,275.55401318657465,13.890076335877861,0.008922733217088074,13.890076335877861
CRS3035RES200mN2619800E3491000,37269.53832821145,245.95520590043077,68.5664658881378,346.78658881376765,30.000000000000004,4.9170251997541485e-5,30.000000000000004
CRS3035RES200mN2622800E3463200,29008.493088822357,186.92113273453094,38.55835828343314,271.7641342315369,37.11289330610839,0.5070983033932136,16.850131614553863
CRS3035RES200mN2625600E3462600,38023.55152825863,247.93417303247725,47.745528462830784,358.76457484429676,32.12972028832198,0.3772984211552206,15.534478092942015
CRS3035RES200mN2627000E3478800,34369.081767770076,220.07446367557216,62.1370974065983,309.5263541141534,NA,NA,NA
CRS3035RES200mN2629000E3466000,28730.77084055515,183.425451604206,48.84332832620781,261.5693230109515,57.781634881535844,0.5055784513859467,18.44901343355598
CRS3035RES200mN2631800E3472200,35140.55464611909,227.36397352687277,55.86291310973985,321.27754153744496,25.857142857142858,0.0014920442071383658,25.857142857142858
CRS3035RES200mN2611400E3477600,29430.935126514687,192.50359538082557,56.51868886072705,269.4971308149055,10.653846153846153,0.001480869726181492,10.653846153846153
CRS3035RES200mN2614400E3478600,27212.33564954239,188.32529270908316,53.146435339571916,263.46757062478883,2.347826086956522,6.757650100630224e-4,2.347826086956522
CRS3035RES200mN2614400E3479000,27692.605387482028,189.8008010798439,54.43082250066023,265.7042606884005,7.8478260869565215,6.749024325831157e-4,7.8478260869565215
CRS3035RES200mN2619800E3472800,31538.15767430697,209.8534381375255,52.17194287771511,295.3598223928957,62.228861650209964,0.4229449177967119,21.950987402110968
CRS3035RES200mN2622800E3473200,32372.695980705426,210.7143366322519,52.091672706103225,297.5795007663158,65.97550858052047,0.4181587045111622,17.655117058756634
CRS3035RES200mN2622800E3474400,33110.81482488063,215.53491752138777,52.71433804414615,302.89893415890754,65.9584375,0.41593798742732907,13.19716761363637
CRS3035RES200mN2625400E3463000,31339.142950526388,200.70716071469528,41.29170393816372,291.50200692676435,33.417648650643315,0.4661689488291016,18.363999114369353
CRS3035RES200mN2629000E3460800,32907.45003141936,209.03961206027793,47.64152330365304,305.8437451833587,59.07662778680059,0.4818182896031681,28.53746493429793
CRS3035RES200mN2629000E3462200,32125.028770507593,203.51180082509808,49.12792622085769,298.00416146982565,52.872739796796914,0.4874916051040968,20.465804816846674
CRS3035RES200mN2632000E3489400,37171.22145883168,245.14365520117644,58.98066158877875,345.73559496893915,23.672514619883046,0.0018767697609587957,23.672514619883046
CRS3035RES200mN2637000E3476200,36076.35888198038,228.46032889766926,59.35023534197223,321.86224649892574,NA,NA,NA
CRS3035RES200mN2637000E3490600,37750.0695925372,247.0936938487858,61.214759901442854,348.6021669661398,12.441558441558442,8.284825857264286e-4,12.441558441558442
CRS3035RES200mN2611200E3480400,30225.795013325955,198.93906470733873,58.57620552553777,278.950468228886,1,1.456388447926831e-5,1
CRS3035RES200mN2614600E3465200,28538.52739911401,168.65172428528686,52.27504522598754,249.1175733230776,58.85473709426274,0.5946327080039318,24.77825847406875
CRS3035RES200mN2617400E3498200,38839.20880179076,257.484361126049,71.41565263065749,363.3780342917175,2.9855072463768115,0.0017258413476569832,2.9855072463768115
CRS3035RES200mN2620400E3472200,31077.797110537613,208.682207375606,51.97377053134271,292.60140855261574,63.83347110971751,0.4230602252719423,29.68655112454035
CRS3035RES200mN2623200E3468800,29582.37763651389,184.63706058101837,50.34890343906935,269.1761744326489,58.75009245299121,0.4469264509567097,14.180582027138506
CRS3035RES200mN2623200E3470400,29732.30958003904,188.62113666700924,50.14905277749253,270.86572029982557,72.38759228387703,0.43115309580039046,33.80644498690167
CRS3035RES200mN2625600E3471200,33011.283199562204,205.385158245166,51.60471771251368,296.74265778912803,52.96995342496876,0.4014502006566946,13.666838009769391
CRS3035RES200mN2629000E3485600,36890.79250462553,243.1071816426675,58.11587965569946,343.1659460220417,28,3.8210924302147853e-4,28
CRS3035RES200mN2629000E3492200,37816.216480596566,251.096952878908,55.23545546103242,354.1431954057471,29,1.0714209184220113e-5,29
CRS3035RES200mN2631800E3492400,37248.54055424859,248.21831092310018,59.07101849653595,350.1983683335851,27,1.0791444542766495e-5,27
CRS3035RES200mN2636200E3481200,37318.54235995018,235.50370810847187,62.642237655532966,331.7618508005252,NA,NA,NA
CRS3035RES200mN2636200E3489200,40637.505101022674,236.0256298328756,64.82293589423789,332.765053629334,NA,NA,NA
CRS3035RES200mN2608400E3487400,34824.010020667745,223.480365754369,63.737067075843825,313.86126072524587,24,1.252583453372583e-4,24
CRS3035RES200mN2614400E3472000,26915.33433636609,174.99351340610053,49.75971214852455,242.91523426965495,76.01151366287995,0.5547528139326927,18.49699365469247
CRS3035RES200mN2617400E3480600,31374.41473487706,214.33815801250495,59.94826682351136,301.27083839455815,25.18840579710145,8.822514032911813e-4,25.18840579710145
CRS3035RES200mN2620600E3466200,25193.71900709616,154.84604619603653,44.69469339289248,218.0039439088516,78.22286424355393,0.4550337847389106,32.5948648648649
CRS3035RES200mN2623200E3475600,33738.690349813536,222.54028918529366,53.437953281932785,312.4629710128349,65.959375,0.40266306710288496,10.123573863636375
CRS3035RES200mN2623200E3476000,34106.483590711636,224.23291409856944,55.410675703336445,314.64730833086946,68.70913844055467,0.4001910436898724,12.176281541259364
CRS3035RES200mN2626000E3458200,32673.74320692376,200.8324169050202,47.954692277344904,292.6483504290364,45.63194666535462,0.5011465627773942,14.595352899210313
CRS3035RES200mN2627600E3462200,32685.747710538428,206.8253106304648,42.266923607915324,301.0744707777266,43.57642254422003,0.4676599171652094,19.014357056754175
CRS3035RES200mN2627600E3463200,33203.861559997764,213.5477910297329,46.01331541519682,310.0470015118428,48.68045954390022,0.45522145696847527,23.75284262835494
CRS3035RES200mN2627600E3463600,33241.002431496214,210.90756983612278,45.78002176133579,306.31009903628296,48.58387660213039,0.45131456233068257,25.174912051956994
CRS3035RES200mN2629800E3467000,30457.338545949995,198.5799752052928,52.3488811695246,281.0972639899839,61.099091052382704,0.46724520983441553,17.878834130194925
CRS3035RES200mN2629800E3468200,33718.828835690874,218.36242655059797,56.21713819368861,308.17509249183837,77.28114109483425,0.3528291621327522,35.83999691595989
CRS3035RES200mN2638800E3467800,28671.783485669148,191.03623617693523,52.548662830060934,267.64998025276464,10,2.3978785827127058e-4,10
CRS3035RES200mN2638800E3476800,35288.418229692266,232.03933372771456,57.53285543608124,327.19459233740474,18.628115653040876,0.011634246209880409,18.628115653040876
CRS3035RES200mN2613800E3492600,37087.78938880389,243.12534167942346,68.84650393614703,343.17096271594164,20.754316069057108,0.01029138421167725,20.754316069057108
CRS3035RES200mN2613800E3495600,38058.579908321015,253.8914873229223,69.23389791003018,358.53077978918884,26.454545454545457,2.8487814984590654e-4,26.454545454545457
CRS3035RES200mN2617000E3465200,26992.91936467377,164.32847934028283,49.77569035105549,240.04152269229652,60.3984677142997,0.5931356891895816,25.93981005531894
CRS3035RES200mN2617000E3468000,25125.946377112916,155.52217700008896,47.45338819405239,215.37678619173528,70.04710265652932,0.4903746175098774,23.421824735710178
CRS3035RES200mN2623000E3462000,29644.104869487524,187.2085774459123,40.28230263577765,273.45410683515223,42.73303156289207,0.5188461292998915,19.16158577086768
CRS3035RES200mN2627200E3465200,27084.93226548741,174.7254110478345,42.20662304438931,254.0837522014681,50.543875618096386,0.5225546028358765,20.85611208147799
CRS3035RES200mN2627200E3465400,29544.40591059293,188.17018517363925,48.0097761705842,272.38950059230626,45.96103200122493,0.4886339547353326,16.53699280355232
CRS3035RES200mN2629400E3461000,33305.74172302264,212.09145545427816,46.25414877977065,310.8238165245516,61.14388011221025,0.47795354307556603,26.577604704955952
CRS3035RES200mN2629400E3462200,33277.89701004332,212.2843914125128,47.779726803648806,310.94545287017445,54.56596718246447,0.4681770017506685,21.885620802479732
CRS3035RES200mN2632600E3464600,29148.01512408994,189.74271616856387,51.10185967311586,266.3030047061663,66.82907240512537,0.4373918989582076,15.746048678805739
CRS3035RES200mN2638000E3491600,37862.838110749246,247.81513572204227,60.98630836047782,349.58985884907815,23.08196721311476,6.623235613463637e-4,23.08196721311476
CRS3035RES200mN2610600E3483200,32120.639685640712,208.95385252937885,58.984592842553994,293.33999348784886,24,8.880206020779686e-5,24
CRS3035RES200mN2616200E3501200,40193.75621129327,262.26196721311476,70.99787492410454,370.2850273224047,10.600000000000001,1.8214936247723133e-4,10.600000000000001
CRS3035RES200mN2616400E3465600,27746.46775998077,167.74186741442557,50.028834034357246,245.53939187945207,57.83424682985731,0.6097916755179789,21.706091783176184
CRS3035RES200mN2619600E3482200,33150.14756689881,228.26790460043972,59.53608412756589,321.291697214076,NA,NA,NA
CRS3035RES200mN2619600E3489000,35407.21271402128,242.9058769088385,63.280483572420174,342.4168093475243,24.173076923076923,0.0012031466913465989,24.173076923076923
CRS3035RES200mN2625400E3460600,36519.159449168015,235.5885347660529,50.406770643158936,343.10897710082935,40.515289429014246,0.4240676021073496,19.62508056778764
CRS3035RES200mN2627200E3466800,32277.77167289614,207.9822629969419,49.323841884698155,300.7657945407181,52.4209026128266,0.4529958092649224,16.9491136392049
CRS3035RES200mN2629200E3475400,33005.95290153261,214.58522209123953,56.8569251985143,303.44759669921655,82.05234054723995,0.34995217865166156,20.895303015857856
CRS3035RES200mN2629200E3478000,34020.85068827471,224.93661022029073,57.037357367643594,316.71589133180623,3.981818181818182,5.887264241827407e-4,3.981818181818182
CRS3035RES200mN2638400E3468400,29538.059155047133,192.55136233336134,53.62262391806519,269.9782082324456,27.016129032258064,8.627647435362224e-4,27.016129032258064
CRS3035RES200mN2607800E3493000,36389.68825910922,234.36382536382476,65.91366670314022,329.4404931247031,NA,NA,NA
CRS3035RES200mN2612800E3486400,33126.67392486976,220.57021989348942,62.989506384928255,309.890983794308,29,2.86319647254195e-5,29
CRS3035RES200mN2615800E3474400,32200.55042788764,210.8309360344245,51.45255765604591,295.60242711405493,68.11378923766819,0.02156360295895178,30.638789237668167
CRS3035RES200mN2615800E3476200,32336.55520561597,214.62856868095497,51.86006563367744,301.59701402829603,NA,NA,NA
CRS3035RES200mN2618600E3467800,23614.752627504688,150.6326554917081,45.40130109863935,211.735701313008,69.94498466168895,0.5143954506207759,30.555819876135903
CRS3035RES200mN2618600E3468800,23795.153038101922,153.09767846691759,45.692122994732536,212.7963443732457,71.19447216426262,0.49625583384606126,17.963551967099075
CRS3035RES200mN2618600E3471800,31059.796504037524,206.1022194284609,50.58661331657076,288.9873192785649,58.66874610106051,0.42630917267056717,20.848627573300078
CRS3035RES200mN2621800E3479000,29475.09077518957,198.82798265233757,53.209058425617805,278.47697888822216,86.16595773411653,0.4039877802629426,30.418401863479833
CRS3035RES200mN2621800E3481200,31971.424686867114,211.0259277891718,57.51186099609154,296.2030236187963,NA,NA,NA
CRS3035RES200mN2625200E3460400,36723.38782908483,235.75263267864605,50.30720852486419,343.12657751776015,44.155403576963764,0.42466569160050144,22.78809318802433
CRS3035RES200mN2628800E3470400,35917.64962089647,227.31904057657005,56.32687260456565,327.59246375603993,73.73598824573754,0.3402453757707042,30.136481067678865
CRS3035RES200mN2631200E3475200,37419.38120035928,239.98879772321294,56.24446193748928,338.2444720296305,21.152542372881356,5.954363337269268e-4,21.152542372881356
CRS3035RES200mN2637200E3487600,39114.808716387866,236.94304510377222,68.21577673393088,333.8613094952787,27.25,1.9172698077937018e-4,27.25
CRS3035RES200mN2611000E3468800,28364.75224401937,180.654576716353,44.15490841151864,252.52842424488557,74.19679289124947,0.5302113372053665,14.566807956489559
CRS3035RES200mN2615000E3477400,28514.161711841047,194.69640928910226,51.35069230874364,272.7200010934792,23.094736842105263,0.00129850603463594,23.094736842105263
CRS3035RES200mN2617800E3464800,27422.382114740405,167.23941711071217,48.753727862503716,243.83813656344051,58.20851681468182,0.5745360489604381,26.162139290019425
CRS3035RES200mN2617800E3465200,27155.915385936314,167.60779599896966,48.64647548725003,241.70898085343867,59.41910843669414,0.582624996422542,28.00160383151176
CRS3035RES200mN2620800E3477400,33565.37807523233,224.76382912089846,53.61316738774898,316.4414647442957,78.50974930362113,0.3747694663217843,15.54480037140206
CRS3035RES200mN2620800E3477600,33297.548862837044,224.42446658851114,54.009355216881595,315.93991793669403,77.27087595029462,0.3839742086752638,12.54210911977529
CRS3035RES200mN2625800E3465200,25603.57239010989,152.6918543956044,45.089381868131866,220.6967445054945,46.5638179250192,0.5543543956043956,18.029340634834124
CRS3035RES200mN2629400E3480400,35623.36094151413,233.56878815930423,55.43562193815459,329.0361960829181,12.590361445783133,8.632973799444584e-4,12.590361445783133
CRS3035RES200mN2632200E3483400,34441.61063499117,234.56285523978673,54.08164964476034,330.46442051509877,24.58426966292135,9.880106571936063e-4,24.58426966292135
CRS3035RES200mN2632200E3484000,35746.879851835285,236.2911662363904,53.85743630037047,333.15480974295707,22.876404494382022,9.989897856100582e-4,22.876404494382022
CRS3035RES200mN2608000E3495800,37791.61431466771,249.6540649210552,68.06649014416004,352.0513713183616,29.7,6.537870615540519e-4,29.7
CRS3035RES200mN2614600E3493000,36811.65395305531,246.01289979386877,68.29865017620843,347.3325221091826,16.384999999999998,0.010639005253008831,16.384999999999998
CRS3035RES200mN2620400E3487800,36044.63839481481,244.2311838882531,64.41849471106025,344.33321924767637,22.3265306122449,0.0010481619731114366,22.3265306122449
CRS3035RES200mN2634000E3472800,34682.88211903688,221.95325449942783,55.556056455248466,312.02612384552253,20.05389221556886,0.0038607807099675187,20.05389221556886
CRS3035RES200mN2634000E3484400,35833.746309610644,234.78121635233234,54.75390457666169,330.7653896472277,15.094170403587444,0.005163650677873873,15.094170403587444
CRS3035RES200mN2639600E3478600,33158.11602381427,212.01354363590193,58.219985327727755,298.02337687988484,26.698224852071007,0.002384244236900765,26.698224852071007
CRS3035RES200mN2639600E3479400,33484.04848946061,211.3839526735967,59.287648612945745,296.95215668255656,NA,NA,NA
CRS3035RES200mN2639800E3469400,30339.28467644474,200.11864150736105,50.77603823335531,280.6465337288508,12.237762237762238,0.0019638540980004395,12.237762237762238
CRS3035RES200mN2601600E3490000,35568.102165364835,223.4456879526004,62.42561784958098,314.5652901090689,1,1.9571908972830632e-4,1
CRS3035RES200mN2620200E3472000,28510.242571168594,191.3299623033927,49.47385935265826,267.6552970232679,58.89097147394091,0.4584167424931756,24.3941445017864
CRS3035RES200mN2623000E3475000,33359.434208832994,218.26204153261187,52.59537876572097,306.0913600467973,65.96247159090909,0.4118163205615677,12.636392045454546
CRS3035RES200mN2623000E3476000,33953.44225814799,225.25098158335865,53.54920292056206,316.1711161362179,65.95741477272728,0.39600841517882257,8.927167613636362
CRS3035RES200mN2625400E3464400,23430.77144850035,139.14996512438967,41.698500348756106,202.42139909323413,41.792632367632365,0.5818414322250639,21.938261738261737
CRS3035RES200mN2627200E3463200,33381.70763747002,215.0344896508839,44.36556142844452,311.3871813094075,43.11896971635218,0.45137470018655057,21.350134074638984
CRS3035RES200mN2629200E3461200,33824.72204749902,213.9512637883588,46.211456189441066,313.15867308003607,60.15709434519415,0.46987951807228917,28.229565923519857
CRS3035RES200mN2629200E3466200,28138.011274854423,181.126464073008,47.81404448924909,258.3532743503694,53.302048245137456,0.4882940482033188,13.344841356079527
CRS3035RES200mN2629200E3466800,29919.93585404417,191.6966253273383,50.33902366717723,273.0876772567815,59.24296837353217,0.48704234398932755,16.27797813791879
CRS3035RES200mN2610000E3491800,35898.90699349959,237.59249415607357,66.47963431425924,334.58090236639043,23.909090909090907,1.7611835153222977e-4,23.909090909090907
CRS3035RES200mN2610200E3472600,29728.113375108325,181.77408812538158,55.429515324608765,253.78316779629654,NA,NA,NA
CRS3035RES200mN2610200E3475800,30296.021667417586,186.32427012337814,57.73211457137461,260.85714908520305,28.727272727272727,7.992675802537313e-4,28.727272727272727
CRS3035RES200mN2616800E3486000,34189.53337044843,225.24070465661907,62.73949178828489,316.4835434312907,23.86842105263158,0.001007409763921475,23.86842105263158
CRS3035RES200mN2622600E3462800,29360.57413312833,187.3016877371215,39.15764397443822,272.5522391822224,40.77539422864032,0.5123586724983302,19.812069177593514
CRS3035RES200mN2625000E3472600,32471.098208719992,207.28851016783693,52.01479599637745,295.4974536301942,59.378586443952045,0.4140291450548675,16.729731265269034
CRS3035RES200mN2625000E3477200,30761.99015262208,205.24844369681864,52.534877153346514,287.41227607038053,80.97679668882478,0.39158675392605874,12.597620092813235
CRS3035RES200mN2625000E3478000,31008.671418798458,207.09990471303988,54.15270346209287,290.37569938185686,82.2780692549842,0.38418969434875083,13.218884543228732
CRS3035RES200mN2626600E3463000,37300.38066389962,244.59007122111134,48.87164862973649,353.29389492250033,40.14253733179168,0.38964561985372353,21.15225466801152
CRS3035RES200mN2636800E3490800,37835.50420195402,246.49553779589823,61.575510469642865,347.728114596774,13.051948051948056,8.34968932649453e-4,13.051948051948056
CRS3035RES200mN2610400E3487200,34157.12892625723,223.26072199938264,61.82588707189142,313.7895711200244,26.296296296296294,8.330762110459735e-4,26.296296296296294
CRS3035RES200mN2610600E3476200,30345.34167086414,187.660315175937,56.802201914082154,262.6376771965165,24.19791666666667,0.0013815931496006313,24.19791666666667
CRS3035RES200mN2614200E3472200,27397.131763618283,177.35941899065736,49.877747118064796,246.5784040452145,72.09189796491586,0.548555180479879,15.116584531317843
CRS3035RES200mN2614200E3472400,26802.200494695604,173.81577592862658,49.81274484572932,241.79620256784193,74.08820148662801,0.559735209173315,16.74633834836139
CRS3035RES200mN2614200E3475000,33321.87779319586,212.57258720512883,53.48909038709982,298.48170965117873,73.90266393442623,0.035025599310971746,15.769672131147543
CRS3035RES200mN2614200E3478400,26890.467763674333,186.6800509501311,53.947198483344934,261.15101381874194,5.173913043478261,6.813098923234149e-4,5.173913043478261
CRS3035RES200mN2614200E3478800,26869.850041523314,187.76448867006764,53.65218293985052,262.75625815636494,6.391304347826087,6.821687032862735e-4,6.391304347826087
CRS3035RES200mN2620200E3481400,32804.696860030686,224.34559572748674,58.956302776899385,315.5672557769111,NA,NA,NA
CRS3035RES200mN2620200E3482800,34031.332736692355,231.82364254902845,60.375550317961554,326.4068461777917,37,6.225819362298218e-4,37
CRS3035RES200mN2623400E3472600,31757.67387742125,204.5171933085502,50.56069017804735,288.2769027587556,61.150985739446625,0.4304685971434162,10.860016476336568
CRS3035RES200mN2623400E3475400,34109.641245154125,221.60935480893502,54.717498153959774,310.7587571534063,71.39640357366413,0.40550581502676797,15.475325783872975
CRS3035RES200mN2623400E3483000,33519.89729037413,225.40710189885317,57.352380616657264,317.1343532618913,12.727272727272727,1.2925361910133483e-4,12.727272727272727
CRS3035RES200mN2629600E3480800,35193.464941266764,231.1165604280811,55.065896348093034,325.3959963331699,14.25301204819277,8.847293580915429e-4,14.25301204819277
CRS3035RES200mN2632600E3491000,37095.04676963724,246.4171925229203,59.23841582872422,347.4909134204302,NA,NA,NA
CRS3035RES200mN2637800E3488600,37907.64206134681,240.90635797391,61.22301092960395,339.638265366083,5.578947368421052,2.2329298389940064e-4,5.578947368421052
CRS3035RES200mN2607800E3477400,32165.9009213968,197.39378341485585,59.75649812308025,275.51174496644217,NA,NA,NA
CRS3035RES200mN2614800E3465600,28783.213844784917,170.52067402608236,50.75445596863443,251.34865000139033,55.479959158474614,0.5855184495175597,19.33574820724699
CRS3035RES200mN2614800E3466200,29983.925002331187,179.1758515499074,50.03939042747339,260.4148583303361,57.61300939651274,0.5302055442326393,23.65178382995829
CRS3035RES200mN2614800E3468800,25785.232269917182,158.323559430771,44.886533302227924,225.15750029161322,73.84484612627375,0.5694914265717952,26.01213835833886
CRS3035RES200mN2618200E3464800,26727.9418377816,162.899079519674,48.28056587142176,236.95729953903734,56.49428030209845,0.5873878300073696,22.219360869886128
CRS3035RES200mN2621000E3483800,34692.02159094792,230.3140906340269,62.16720139753153,324.1211079775749,30.999999999999996,6.393934896041463e-4,30.999999999999996
CRS3035RES200mN2623800E3482400,32708.518731403103,221.73324331106653,57.51245772737599,311.82850758218484,12.399999999999999,1.792478759126704e-4,12.399999999999999
CRS3035RES200mN2626000E3459800,36761.540605302915,237.4103766213471,50.31696619263427,345.64717403761006,41.63708824325322,0.42349325415429495,15.384622007921473
CRS3035RES200mN2626000E3460400,36668.202872440044,239.28686739139286,48.49223362240951,349.0643907007044,37.30305788580285,0.41375554741256465,16.166282073359724
CRS3035RES200mN2627400E3460800,31451.022851046408,196.36608815392822,48.00153828976913,288.29458249078886,56.481349343044144,0.5041868773958242,25.211579154569165
CRS3035RES200mN2637800E3478800,35865.371411217784,230.9832620833037,60.58241642721975,325.4063470927647,26,1.401639918704883e-4,26
CRS3035RES200mN2611800E3483000,30340.754204810044,207.9860008387927,56.57924421883813,291.51621906951857,14,3.1816275471097805e-4,14
CRS3035RES200mN2615400E3503400,38829.80393886351,256.6109786518552,71.12602158243632,362.59648010584556,6.518518518518518,3.721109717609115e-4,6.518518518518518
CRS3035RES200mN2615400E3504000,38706.12129326299,252.6798746617287,70.93395527702602,356.8653468166924,9.37037037037037,3.845606039025774e-4,9.37037037037037
CRS3035RES200mN2618200E3478400,30421.06145026145,210.5036351036351,56.74925974925975,295.9162225162225,16.316981132075473,0.006678006678006678,16.316981132075473
CRS3035RES200mN2621000E3476000,33317.959544099875,220.7019418832079,53.8804018813449,309.796113905188,87.11294532388729,0.3434502188693306,36.185217450255905
CRS3035RES200mN2624200E3464200,26894.620427187507,167.99725827088284,40.94128782933389,244.2781941144215,41.30999532583827,0.5307073661122281,19.288398238579056
CRS3035RES200mN2626200E3466000,27758.952519254206,164.2884760003112,47.62360293545627,237.41224749111842,52.264971611947665,0.5252444052589269,22.985248086892117
CRS3035RES200mN2627800E3463400,33211.30472837022,213.1816566063045,46.22091437513973,309.82143974960877,48.03212871165342,0.45438184663536774,25.289205146498066
CRS3035RES200mN2627800E3464800,29185.41962593125,191.03703256499114,44.88268392518625,277.50853065117906,52.13983123816084,0.4908173245269805,22.232399321016526
CRS3035RES200mN2630600E3489400,37246.87437363804,247.2483214052631,58.81841310575977,348.9030894992423,5.170212765957447,0.002079577005187881,5.170212765957447
CRS3035RES200mN2630600E3489800,35863.03522608869,248.45190664721773,55.811262763075575,350.6120337570318,6.170212765957446,0.001958741404459258,6.170212765957446
CRS3035RES200mN2635200E3466400,27712.11127600625,182.70164800994996,51.84124830393488,253.5190524649473,74.74664846077454,0.4554500226142009,19.25013654419067
CRS3035RES200mN2612200E3472000,28494.657409014653,175.07886362321378,53.211942371116116,242.86405716600134,27,2.748365445813808e-4,27
CRS3035RES200mN2612200E3482600,30247.34319432837,206.34803596645438,56.113029193924895,289.4360644398974,10.045454545454545,3.1701201763739586e-4,10.045454545454545
CRS3035RES200mN2621400E3477600,33767.227150659994,227.42562585343651,54.75278789258079,320.18772189349113,69.35589764803214,0.3851160673645881,10.255489894811475
CRS3035RES200mN2626200E3473400,33553.51739525377,213.99539003065743,54.18196888838424,305.0121380719882,73.48028474156608,0.36686726467582603,27.330659238625806
CRS3035RES200mN2626200E3473600,33173.67606208674,211.75469673823045,54.192219332719155,300.9436741262493,73.33727366544704,0.37290527224172315,29.021149576257972
CRS3035RES200mN2627800E3462000,32603.378637183698,205.88970486191423,42.50859277420549,300.71805754730076,45.7059214248813,0.4701045473469954,19.551268173878828
CRS3035RES200mN2629800E3479800,34691.431893581015,229.29879497442235,54.92266860726423,322.87220949894044,3.602409638554217,8.882515357119911e-4,3.602409638554217
CRS3035RES200mN2633200E3464800,29481.61689973865,190.57803195645755,52.557648263411814,267.1363403659096,67.18175965665239,0.4394686497992622,16.154451256897588
CRS3035RES200mN2639000E3476400,34812.425824554964,232.5766939601633,56.90657343944071,328.0703574221449,16.64905284147557,0.011534569207415241,16.64905284147557
CRS3035RES200mN2639000E3487400,39390.95648813257,231.82139477857584,69.54006690032922,326.5956528112795,NA,NA,NA
CRS3035RES200mN2611400E3480800,30476.96560160345,199.1561928904078,59.08352001414825,279.26758238519125,NA,NA,NA
CRS3035RES200mN2615400E3468800,26489.28311475174,160.91395419144004,47.83160819429049,227.5048011171415,71.5012636254563,0.5639405150943668,22.25873433232072
CRS3035RES200mN2615400E3471400,25911.330242489836,167.21958639248837,48.697633603416506,232.08124433264106,72.90809852824083,0.5694123497235791,22.5117766419233
CRS3035RES200mN2618400E3484400,34007.77291300484,234.3147670463628,61.11316684548146,329.68958157372174,NA,NA,NA
CRS3035RES200mN2626200E3488200,38441.222531032094,248.2587903664507,60.88527768161812,350.32956827060974,7.899328859060403,0.0014737154443400426,7.899328859060403
CRS3035RES200mN2626200E3493400,40864.868765406754,251.16039180340363,70.75883675220204,354.4015441919061,11.399999999999999,2.1718592200853585e-4,11.399999999999999
CRS3035RES200mN2633000E3463800,28692.42070410258,182.45356128560582,51.562241655653345,257.305654753536,55.41632166790767,0.47204960211455727,11.797471332836928
CRS3035RES200mN2607400E3486800,35052.105042287054,220.73978197253737,63.58155127504254,310.44237386243,29.999999999999996,6.43148856802907e-5,29.999999999999996
CRS3035RES200mN2618000E3467800,24716.939117199396,152.44754827349533,46.3935744769749,211.11936311815447,73.46433121019118,0.49198674903751477,29.783011828935408
CRS3035RES200mN2620800E3469800,24117.794772799014,159.85841203318282,47.1799379969572,226.08493842753393,70.05794477138977,0.4755719493641805,34.5043277501132
CRS3035RES200mN2623800E3466000,25587.4392631608,145.46324076882772,43.32553842759838,211.09537269393044,47.04187064872445,0.5604748641866365,13.212605476149472
CRS3035RES200mN2623800E3466200,25465.24064912208,145.11833589711608,43.536800676284315,210.68157818151582,47.62208172402765,0.5633254341107832,13.70742453688899
CRS3035RES200mN2623800E3467400,25301.160484386783,150.82953313127396,47.1840502738926,220.11977588076672,55.883514969617934,0.565150293357062,16.279962606706206
CRS3035RES200mN2626000E3476000,30218.71401289996,199.06599215884683,54.44570633615791,278.36888832679915,90.44560930039444,0.3655242190464147,29.711282956196822
CRS3035RES200mN2626000E3488600,37447.01052060863,239.73342023602154,64.39769515613645,337.9721642230092,5.315436241610739,0.0017188275058543957,5.315436241610739
CRS3035RES200mN2638400E3493000,38635.285364037394,244.62332588646484,63.15408145729523,345.1088732313699,7,5.728361115884756e-5,7
CRS3035RES200mN2638400E3493200,38459.35592082816,245.36430440222915,62.942862017972956,346.19828233420475,4,5.6876350813331796e-5,4
CRS3035RES200mN2617200E3495800,38752.93392412928,252.06205949419592,70.8823979063017,355.8485437396353,23.860869565217392,0.001489946102819235,23.860869565217392
CRS3035RES200mN2617200E3498400,38942.58781335039,257.7534454434872,71.09309908079706,363.6914838920031,2.9565217391304346,0.0017305594221436365,2.9565217391304346
CRS3035RES200mN2620600E3468800,23275.095752476973,149.03878173184037,44.94373277833141,214.73922729671077,78.00380781375762,0.4734419886263705,17.708612469816092
CRS3035RES200mN2620600E3470200,25218.42084772636,163.62176510561164,47.41512826320853,231.79627951752636,74.5137820999848,0.46583894897785794,34.70840297827075
CRS3035RES200mN2627200E3461600,32192.48104205468,207.27795405946057,44.80539651881998,302.0343634315146,43.47381239390883,0.467326573314019,23.217533026642716
CRS3035RES200mN2629200E3470800,35512.87576129207,223.0016732835852,56.286412105842984,327.7655116506267,60.483959507717735,0.35214824668980854,22.992426880736637
CRS3035RES200mN2629200E3472400,37039.92069333386,238.15750736495943,58.2070997230188,339.48218218120246,82.10159305542307,0.30780147397061847,22.085497154122546
CRS3035RES200mN2632600E3465200,29979.673061561058,196.41100832324065,51.229121034864846,275.5514340196356,66.99037783838446,0.4204524956837684,13.409122667238668
CRS3035RES200mN2632600E3470000,32320.054808065768,210.36114936845905,53.54079410483685,293.2213158173531,12.43956043956044,0.00107120575390519,12.43956043956044
CRS3035RES200mN2638000E3488400,39059.63890648708,238.81053587864676,68.18857955700052,336.5866932832866,12.421052631578947,2.2711787417669722e-4,12.421052631578947
CRS3035RES200mN2638000E3488600,38675.6486381559,238.28105550500456,68.69640279041553,335.8041977555353,9.578947368421053,2.305125872004853e-4,9.578947368421053
CRS3035RES200mN2615800E3492800,37325.981132075474,248.85598564342862,66.3475112783829,351.58522968021737,86.13658845408143,0.3149597467660328,36.78507102441338
CRS3035RES200mN2615800E3493200,37144.08538683382,248.85505743055117,66.90379750037914,351.5823129079586,85.95179891171928,0.3115164701715315,37.32127832372296
CRS3035RES200mN2615800E3500800,38606.9495198227,253.34909299844045,70.6514952529481,357.0407808695176,7.4,2.0520397274891242e-4,7.4
CRS3035RES200mN2618800E3487600,36229.76748771623,245.24886221928526,64.68119757415559,345.8453470897328,19.6,2.131673470257826e-4,19.6
CRS3035RES200mN2618800E3487800,36505.02397102537,246.91285642507248,64.60858141774496,348.2340262948528,17.1,2.0935393376041528e-4,17.1
CRS3035RES200mN2618800E3488000,34964.91134238922,232.84528175197505,65.40016011569638,327.7107200041316,22.633333333333333,7.747533701771584e-4,22.633333333333333
CRS3035RES200mN2618800E3493600,38454.304674487874,253.0905112151237,70.18838976354021,357.0314509756246,17.824324324324323,0.0017992827183757826,17.824324324324323
CRS3035RES200mN2621600E3471600,30284.11653684463,195.7556904975319,50.705785812576536,277.16382825617654,59.4988090512108,0.4452159422302458,13.48844779674472
CRS3035RES200mN2624600E3462600,30361.57362885049,192.1206223794867,39.997685465694,279.4353990451031,31.74488917316539,0.49258379583626183,15.00262491082191
CRS3035RES200mN2626400E3470600,32162.496100954915,199.06031846092785,52.37846419649319,289.27495272115993,54.35746336476201,0.41105741168779625,15.161740315801431
CRS3035RES200mN2628200E3483200,36705.06361672488,239.25135773555954,57.5525024731986,337.4986574064727,20.20164609053498,0.002453009226544992,20.20164609053498
CRS3035RES200mN2633400E3470200,32377.067422281303,213.9115184589193,52.32560227617248,298.762925907787,13.878260869565217,0.001340982765456284,13.878260869565217
CRS3035RES200mN2639400E3475800,32477.73207338179,207.14357909311116,56.6374800969193,291.15231568016634,18.284444444444443,0.012461059190031145,18.284444444444443
CRS3035RES200mN2608200E3494600,36860.510366373186,240.52698097131497,66.60250994035785,338.5627307583073,3.6666666666666665,1.0650383413802897e-4,3.6666666666666665
CRS3035RES200mN2614600E3475200,33160.765264767266,211.0051934184342,53.60557928457021,296.1896568460904,NA,NA,NA
CRS3035RES200mN2617400E3468400,24554.318756711644,156.69060971244463,46.53242453167872,214.89409080061998,68.30961124093352,0.4914538837847512,19.346022882461817
CRS3035RES200mN2617400E3472600,32318.24127760589,209.80873078675393,51.114823873582345,294.0227921252664,72.15088842736809,0.41565355010430965,23.202189338871595
CRS3035RES200mN2617400E3473600,31509.008697818972,211.41450506680556,50.59321973562429,296.33986757481586,73.68318009107524,0.4091060113439492,25.99998839806246
CRS3035RES200mN2623000E3465400,24915.86026887466,142.56995932262078,46.46090932694807,204.70954620200197,55.51307535240719,0.5863456711767594,31.86637063642399
CRS3035RES200mN2625600E3463400,37913.267192552856,245.39737742303308,48.27479110978186,355.030225993981,37.51639646731777,0.37991850010280953,22.351841373711498
CRS3035RES200mN2625600E3464000,38444.115062345045,248.58413413685145,47.32119912409288,359.2529996199577,42.0452409653374,0.36781765206218214,22.15306403601562
CRS3035RES200mN2627000E3465200,29123.28581829146,186.85720382597412,46.537657218888974,270.293211658676,45.9024810126582,0.49582004870333773,15.891101265822787
CRS3035RES200mN2629000E3471800,36088.257273216295,233.16971527892747,56.828153451415346,333.6071532031125,81.70088907040304,0.32932254593610316,19.34238321133486
CRS3035RES200mN2631600E3466000,31027.881009463767,201.0618548895902,51.85563406940066,280.0526309148271,26.9504132231405,0.001526813880126185,26.9504132231405
CRS3035RES200mN2631600E3472000,36406.83263683413,234.38756876023143,57.0808854182554,331.3711578155345,17.703703703703702,2.7453253210505443e-4,17.703703703703702
CRS3035RES200mN2636400E3490600,39021.485920036874,244.27030763912893,62.58685332411568,344.5608019357069,20.043715846994534,0.0021085378499827168,20.043715846994534
CRS3035RES200mN2617800E3476800,32186.791006944204,221.1848480918649,53.718984685396364,311.2103606418241,21.494054054054054,0.010905318258450177,21.494054054054054
CRS3035RES200mN2623800E3462400,29655.409450408064,187.0239665981306,40.1927166769681,272.7296063170907,36.24298260719821,0.5127464460057772,18.265964722379394
CRS3035RES200mN2623800E3462600,29371.339551110887,187.4982744722656,39.951357751020204,272.6488488085042,37.442298703535144,0.5119779333971485,18.684609707495873
CRS3035RES200mN2623800E3462800,29824.054544775747,188.50192891632236,40.17268156702673,273.55624968888446,36.59391374941573,0.5058614166957042,18.856899308716095
CRS3035RES200mN2626000E3464800,22436.94957804309,135.2978636052613,42.1170987607391,196.16843305709764,50.52978111761149,0.6029955143313326,26.201379362517624
CRS3035RES200mN2626000E3465200,28061.630064698486,167.91695515189232,46.67915256654609,242.5031571304472,50.64411021233569,0.5129202484214348,22.999368048533874
CRS3035RES200mN2629600E3464800,28007.32425606823,181.12789377686533,47.53094986033346,260.3312202650482,55.438670005702804,0.5144194589354744,26.2338970023059
CRS3035RES200mN2632800E3484000,36154.037017699164,239.48705872324143,56.113610451053304,337.78569373554865,23.496240601503757,0.0028344006734365565,23.496240601503757
CRS3035RES200mN2621000E3497600,38174.91591046582,255.0916344211211,66.33154128000548,360.0775376958988,11.5,9.131481925372963e-5,11.5
CRS3035RES200mN2621200E3463600,30949.74801689892,190.85975156062804,41.5690901065641,276.2929314584778,40.07119486334227,0.5126300523362128,15.896410735811475
CRS3035RES200mN2624000E3462200,29758.325142721515,188.2402343506015,40.1338022010968,274.64054165469514,35.269600728185196,0.5077887846497857,16.627368446948267
CRS3035RES200mN2626000E3470200,31732.02857346613,197.112724938788,51.70361566073165,285.7762616777989,55.123310235147116,0.41852283262414686,16.659164489378615
CRS3035RES200mN2626000E3471600,33364.0252868366,208.24216356751256,52.252540552760976,300.4742440513197,59.79177659858299,0.3813146442095744,19.689668870245757
CRS3035RES200mN2627400E3476400,31575.436837620215,206.13841112858137,58.01901172629839,288.69520025925107,82.27479411110045,0.37746198254857977,14.524808419981559
CRS3035RES200mN2629400E3471000,33765.43411810552,214.40504257805992,57.0954750375689,310.615506205822,76.22867007905018,0.36752935938108794,27.92323651452283
CRS3035RES200mN2632400E3483000,34642.76035244499,224.42127399346086,54.00408107231116,315.9023413124332,26,8.73624042133641e-5,26
CRS3035RES200mN2637600E3484200,37742.2372111075,230.93134186343465,65.19824974334568,324.7714024588724,3,1.251971855672683e-4,3
CRS3035RES200mN2615200E3492800,36969.90053155097,245.72640913636124,68.0521156781222,346.9949871059418,81.7509619414073,0.3453634019262144,31.737349994285466
CRS3035RES200mN2615200E3497800,38301.22777622768,251.32586495535713,71.17053571428572,354.378515625,NA,NA,NA
CRS3035RES200mN2617600E3495600,38743.22291979952,252.38716791979957,70.16595238095256,356.31456140350946,NA,NA,NA
CRS3035RES200mN2617600E3498000,39241.104120420096,257.11404733993436,71.34434938767353,362.908911780111,8.037313432835822,0.0016711146584191747,8.037313432835822
CRS3035RES200mN2623400E3484000,34158.73816967711,227.53149443729976,60.57307016198481,320.29321268035994,24.000000000000004,3.067448472764596e-4,24.000000000000004
CRS3035RES200mN2623400E3497000,41348.97992693113,257.8592275574118,71.33920668058474,364.4327035490612,29.130434782608692,4.801670146137797e-4,29.130434782608692
CRS3035RES200mN2623600E3461200,29834.33949108499,188.4850001286441,42.42839684050739,275.6651400931383,43.608551255873465,0.5229243316952682,20.51136559324952
CRS3035RES200mN2625800E3460400,36691.50817106386,239.23200130086587,48.427019391032154,348.59966868571894,38.673399099608844,0.4131163868449937,17.937117764274635
CRS3035RES200mN2627000E3492800,37983.0694459306,250.4678558435166,63.97527125644694,353.34574229032376,9,2.1400903118111593e-4,9
CRS3035RES200mN2629400E3462400,33295.37173935516,213.09723067734117,47.75472369947508,311.2402338590184,53.574380673571305,0.4669025166262735,19.728829737508907
CRS3035RES200mN2632600E3470200,31911.04638091921,208.31818127229275,54.45672355194735,290.01730577539723,14.67032967032967,0.00109286992445987,14.67032967032967
CRS3035RES200mN2608400E3495800,37231.69100317728,243.54296867907294,67.47880163413504,343.14672719019427,28.200000000000003,7.262823422605505e-4,28.200000000000003
CRS3035RES200mN2608600E3487600,35298.66350726025,223.10352640816978,63.741917983086005,313.40899952130206,24,1.276527844263603e-4,24
CRS3035RES200mN2621000E3472600,31725.56198858967,209.51577555711717,51.54180016436594,295.42261103633916,62.27250297770971,0.4199907097511881,15.872744030400998
CRS3035RES200mN2623600E3483000,32990.865086555685,222.8750286908507,58.13481680136236,313.48280360961064,15.727272727272725,1.3288394399545755e-4,15.727272727272725
CRS3035RES200mN2623600E3494600,41026.497905137934,254.9594468304051,70.38740772631357,359.72102107462734,20.04347826086957,4.830258418825409e-4,20.04347826086957
CRS3035RES200mN2623800E3461400,29974.56646235241,187.38229563197626,43.273991870443254,273.9887863733144,41.779059755467536,0.5245370669075424,21.07395261876059
CRS3035RES200mN2623800E3461800,29438.943844990645,186.60136607119972,41.78900222979727,272.757362175462,37.621934118920514,0.520913960581285,17.42001771261286
CRS3035RES200mN2627400E3463600,33313.18241179335,214.09627473549074,46.35272699101333,310.6321771658772,47.201751580604686,0.4498760458630307,23.90024108834163
CRS3035RES200mN2629600E3469400,34136.11489708492,221.3840842262919,55.09650562206097,312.4915476360914,29.041666666666668,2.6430844795876784e-4,29.041666666666668
CRS3035RES200mN2611400E3490800,35782.349489670174,230.95779300823494,67.0742566934569,325.306312969447,NA,NA,NA
CRS3035RES200mN2611400E3494400,37038.703272107545,247.66670998671435,68.72572633281318,349.4950470744511,29.07692307692308,3.7544042049326954e-4,29.07692307692308
CRS3035RES200mN2617000E3478000,28327.665889781703,198.71426442092712,52.95105624737462,278.7892925378393,14.929323308270677,0.009010962208160002,14.929323308270677
CRS3035RES200mN2619600E3474200,32286.4813144485,214.83413881379127,53.036485872191875,301.0953417709415,73.43124453512098,0.4104361557049563,28.255144272806756
CRS3035RES200mN2619600E3474600,32297.09374673159,218.70236255243984,53.30214640155257,306.5412371733042,74.82953024040981,0.3992748486362738,31.552130508178564
CRS3035RES200mN2622600E3484000,34082.93305714867,226.56657766496247,61.451585866689015,318.83671978831165,29,3.1130640932003497e-4,29
CRS3035RES200mN2625600E3488200,37345.802789190384,239.6039349574675,62.58792893929755,337.8015739829865,9.154929577464788,0.001643423412996932,9.154929577464788
CRS3035RES200mN2625600E3489600,37587.06064609407,238.3599007926614,65.77729448128011,336.02143676155333,18.08450704225352,0.0017697791515030644,18.08450704225352
CRS3035RES200mN2625600E3496200,38867.142958719436,257.19991264423857,65.89393385340476,363.37426864944075,20.333333333333332,2.742564602632866e-4,20.333333333333332
CRS3035RES200mN2625800E3459000,36228.819179059436,231.3144237420025,50.40863306242436,335.5955386477616,48.95084749932349,0.43931566660902727,20.243585328052383
CRS3035RES200mN2629200E3460400,32846.51661028295,209.23121705139087,48.05125936906028,306.67611442506546,54.827527939999406,0.40324913631310294,27.45034535914391
CRS3035RES200mN2629200E3461000,33813.37096248715,212.5568509727258,48.29398212789717,311.3292143721495,60.70958216447658,0.4728427813459928,27.662072444510027
CRS3035RES200mN2635800E3490800,38671.05178319332,244.07454465504873,62.663796894165564,344.2494272026661,17.628415300546447,0.002117614385891828,17.628415300546447
CRS3035RES200mN2635800E3492600,38491.93853991856,242.54076959961637,64.3732558139535,342.01896427715224,24,2.397506593143133e-5,24
CRS3035RES200mN2609200E3490400,37155.27619379685,235.01098308952882,65.98093411731143,330.7883417595131,13.930232558139535,6.814904036641996e-4,13.930232558139535
CRS3035RES200mN2609200E3490600,36090.920152550505,229.6675985366186,65.97225098364034,322.94807413543157,12.514285714285712,6.03989783944225e-4,12.514285714285712
CRS3035RES200mN2614600E3491000,35794.90933288506,237.90116555994535,67.09632680507698,335.65278361491715,76.39649772209566,0.3936006276092014,27.006990318906603
CRS3035RES200mN2614600E3491600,36237.76650923854,240.2424254978319,67.7425221642224,339.01752423564506,79.50463890744452,0.372110365398956,30.226408372300156
CRS3035RES200mN2618000E3481800,33081.67394557903,225.86252165407686,62.3473844232061,317.88213111469884,16,1.6498344273306858e-4,16
CRS3035RES200mN2618000E3482200,33830.79145777643,229.79222641596056,61.93484919751749,323.512349857171,19,1.6061124049238817e-4,19
CRS3035RES200mN2618000E3484200,34885.42591475006,236.2700663850336,63.65748005096226,332.635586401127,NA,NA,NA
CRS3035RES200mN2618000E3484800,35624.34858192426,240.12714602128463,62.711663335314135,338.2253578953055,NA,NA,NA
CRS3035RES200mN2621000E3467600,23441.620057553955,148.92945323741006,45.44107913669065,213.47025899280575,65.84494464944649,0.5848920863309353,27.840851168511712
CRS3035RES200mN2623600E3478200,33261.436235605805,220.33492139113864,54.831313401271224,309.7306034232329,97.2508760187409,0.29513473314818905,35.36475058073155
CRS3035RES200mN2626000E3463000,37452.88385426996,245.65127943551786,46.75219851322878,355.9636713990195,35.672267460454144,0.38396289684226387,18.984791753794685
CRS3035RES200mN2626000E3463800,38343.4771872313,249.93870915735167,47.33699663227286,361.413066064775,38.9018180029029,0.3640817569504156,20.902241137543353
CRS3035RES200mN2627200E3478000,33418.54787639949,216.51305823528685,61.3989453182836,304.20077677422194,89.92558662262027,0.33443433296506697,27.3954228110207
CRS3035RES200mN2627200E3488000,37353.66644542317,247.18903236187387,59.17966974396116,348.7580200728088,21.986754966887414,0.0015185341619903835,21.986754966887414
CRS3035RES200mN2629600E3489400,37276.57164596621,245.7053485509679,58.168166051247624,346.64015889000785,16.372340425531913,0.002103614188206333,16.372340425531913
CRS3035RES200mN2629800E3460200,33074.552638602465,211.73524202353516,46.04724008249423,309.24007036273133,56.26289025879946,0.42704112580371184,19.66491008778161
CRS3035RES200mN2633000E3489000,39134.43815345204,239.6415997205725,68.26802887414121,337.79058097566633,NA,NA,NA
CRS3035RES200mN2633000E3490200,38822.07983753926,240.28565241818444,61.21200664825123,338.5797204925321,NA,NA,NA
CRS3035RES200mN2639200E3478000,32778.762158684774,208.4504932094353,58.127576840600426,292.9090350250179,23.980625931445605,0.009592566118656182,23.980625931445605
CRS3035RES200mN2639200E3481200,34685.064200906556,214.83915953083374,62.11143412247208,301.8387133913789,NA,NA,NA
CRS3035RES200mN2603200E3488800,34296.67317004276,212.78756758937934,62.32253248325402,299.08431522879465,24.875000000000004,3.228149463320152e-4,24.875000000000004
CRS3035RES200mN2603800E3488400,34548.04700422095,216.28731592719168,64.90425349045964,304.0964722959675,26.40625,6.111885707737252e-4,26.40625
CRS3035RES200mN2616200E3475200,32332.827782359866,211.86430234814733,51.1068188433925,297.20359499320904,NA,NA,NA
CRS3035RES200mN2616200E3476200,28992.71240435648,198.32641934336894,48.74615779700534,277.8524752084077,63.82752805721919,0.45295194447736836,19.836698261324614
CRS3035RES200mN2620000E3501200,40149.21676343791,254.36215704353503,71.49196341797695,359.2054374641785,23,7.475890253931078e-5,23
CRS3035RES200mN2620200E3466200,25423.795498527525,155.18880942364316,44.42548029729339,218.9955546206698,78.13233923578754,0.4514093395035752,31.22472506989751
CRS3035RES200mN2625400E3482400,33955.60852923123,221.21756400534431,57.41263135088285,311.14485008245157,NA,NA,NA
CRS3035RES200mN2625400E3487800,37380.903012640214,240.33480181187662,60.6193703615846,338.9592440724299,14.771812080536913,0.0016831023303624884,14.771812080536913
CRS3035RES200mN2628400E3484200,36120.456513475176,241.83524739401003,56.106020287709576,341.11407334787225,21.550802139037437,0.0037414217402613023,21.550802139037437
CRS3035RES200mN2630800E3460600,32553.712222542883,208.30707554864048,50.804986385936736,304.2220911703075,63.275826623265374,0.4394393766390203,14.945805493689681
CRS3035RES200mN2634600E3490000,37408.4828521967,241.48296916670566,62.47198568287091,340.4731553829598,14.069767441860465,0.0015089131146773967,14.069767441860465
CRS3035RES200mN2634600E3490400,37933.82932603699,244.52527779328818,61.05473225752404,344.90538835222515,8.675000000000002,0.0017868111005639605,8.675000000000002
CRS3035RES200mN2640600E3469000,30082.629062565244,199.81890180249147,54.74227851625026,280.0812304266128,34.6260162601626,0.003424037859280395,34.6260162601626
CRS3035RES200mN2618600E3487200,36692.43457013383,243.83432901691074,64.093411265756,343.7501749173849,21.28571428571429,1.5069805491867678e-4,21.28571428571429
CRS3035RES200mN2625000E3489200,37800.26582661161,239.28345809197864,63.99244192374176,337.3851111944163,22.084507042253524,0.0017171949258099185,22.084507042253524
CRS3035RES200mN2626600E3458400,39005.36983022884,248.6089458300659,51.808648450468986,362.0980130561864,47.44670225589805,0.41397887790123333,17.007901793402034
CRS3035RES200mN2630000E3489200,37156.43609664092,245.66415933177655,57.69941171187354,346.564352433986,11.611702127659575,0.002110652056763068,11.611702127659575
CRS3035RES200mN2633200E3470200,32619.664836253833,213.0316300001166,53.64048127032982,297.7730987606823,9.626373626373626,0.0010609399228195353,9.626373626373626
CRS3035RES200mN2605800E3489400,34617.99924933177,222.18938811380886,64.41651104031646,312.4968142370654,24.23809523809524,7.689772602438765e-4,24.23809523809524
CRS3035RES200mN2605800E3490400,36473.24465331944,226.26835843427628,64.41256604723051,318.16451601308364,28,5.391610653822652e-5,28
CRS3035RES200mN2613400E3501400,38339.985255906686,250.88676052933747,70.62304368844042,353.87466010030823,NA,NA,NA
CRS3035RES200mN2619000E3482000,34372.92203209041,229.6237886662281,61.00503824070091,323.1637655175543,25,1.5886344552118556e-4,25
CRS3035RES200mN2622400E3477600,30869.616649200223,204.01960883344566,53.78955542367969,285.7387088220814,83.0148381294965,0.3931362769731943,26.49612024665987
CRS3035RES200mN2625200E3464400,27235.91573489516,173.57294439796175,38.29773585862429,251.6086052584873,41.797682599817925,0.5153140133363767,25.320096435336676
CRS3035RES200mN2626800E3473000,32158.13879177654,200.70400553639823,53.848142800892504,287.78189693231036,64.65887445887446,0.39965874786717415,14.946000895656075
CRS3035RES200mN2637400E3484200,37745.805650845294,231.10154057256983,65.30067984781411,325.1085012162441,7,1.2474271814382894e-4,7
CRS3035RES200mN2615400E3500200,39363.45641635293,255.75259229905507,70.6783435704379,360.6494815401888,NA,NA,NA
CRS3035RES200mN2618200E3484600,34301.35258205992,236.88406120603995,61.07567048739374,333.4281855824279,1,1.0044754963783063e-4,1
CRS3035RES200mN2618200E3492400,37610.76843795318,245.2110653615082,68.1590920861819,345.95178164491404,23.844660194174757,0.0013336440853532214,23.844660194174757
CRS3035RES200mN2624200E3466000,24415.304680010875,140.8492409826449,43.4923812112801,205.2557766872219,48.56070358178155,0.5824045326427539,18.582705252296986
CRS3035RES200mN2624200E3466200,24436.551597139623,141.26904171622647,46.140511027357014,206.24687235780513,48.20687367955584,0.5833393043951792,15.728639512602562
CRS3035RES200mN2624200E3466600,22015.38906727945,130.52788726392842,44.03723881846266,191.36598134254538,49.00906500270231,0.6194701039399796,18.11882032132855
CRS3035RES200mN2628200E3463600,33875.6583468962,217.63986499033305,47.77548635157129,316.1935793946411,48.965657211739526,0.44401358835159316,19.396907673005487
CRS3035RES200mN2634000E3489800,37867.12517124433,243.43603880791366,60.990578749971924,343.2843780178309,NA,NA,NA
CRS3035RES200mN2639800E3476200,32882.71003849895,209.8604173231583,56.34116099686254,295.08553343654523,12.357777777777779,0.012330625162695749,12.357777777777779
CRS3035RES200mN2639800E3477000,32590.601702534135,209.64550205090745,57.05128673371917,294.6711383941114,12.259222333000997,0.014089453278642469,12.259222333000997
CRS3035RES200mN2614200E3483600,31690.964145650236,209.27466865141844,60.286233647267714,293.2532848595892,28.307692307692307,1.8607047777173454e-4,28.307692307692307
CRS3035RES200mN2614200E3486600,33041.55484261331,221.78897378530118,62.46890962049896,311.5857008175384,NA,NA,NA
CRS3035RES200mN2616600E3484400,31796.795284091695,211.56002130508037,60.941554982941426,296.48801589243743,16.70175438596491,8.205334907222122e-4,16.70175438596491
CRS3035RES200mN2616600E3495000,38056.80991009877,250.21823971902526,70.58925903598632,353.10695096060476,16.415929203539825,0.0014808796162818082,16.415929203539825
CRS3035RES200mN2619800E3481200,33443.787590742184,224.98333931527944,59.01624387815349,316.72277732109166,NA,NA,NA
CRS3035RES200mN2619800E3482200,33841.59269716861,229.49191899797867,59.2013078686711,323.0748918580096,NA,NA,NA
CRS3035RES200mN2622600E3465200,24674.923461440427,144.59647681894134,45.16097878727803,209.10568127106404,51.73590986248124,0.5756181143617775,25.51837929592364
CRS3035RES200mN2625200E3461800,36571.49979834545,241.2161343314414,47.414670614505354,349.51862599474714,33.67101281704347,0.3998563826124593,18.616103717188594
CRS3035RES200mN2625200E3462000,36360.86152206053,236.6426466594925,48.62784242338908,343.58615522322015,31.402322320352283,0.4088161639730064,16.391761174936654
CRS3035RES200mN2625200E3462200,36288.937327941756,235.59112406344852,48.94658505349562,341.9046356146702,30.28495165932741,0.40990450452267385,15.233250510467663
CRS3035RES200mN2625200E3462400,36995.998755659355,243.5761680051305,47.847003532013055,352.64563092856525,30.673595906418363,0.38908617537545587,15.615973332677319
CRS3035RES200mN2626800E3462000,32118.81378501213,207.14338599628664,43.69688236835211,300.58285017826427,39.82339048931093,0.4630201273479058,21.341299908976858
CRS3035RES200mN2628600E3468600,35421.5762804622,223.454688858127,55.40811683782414,320.6396248484258,63.29807897871298,0.3513612121602333,29.106138716672202
CRS3035RES200mN2636000E3485600,39905.63244312802,232.6129511964305,68.91220027775364,327.3320264972281,22.58823529411765,2.0892991016013845e-4,22.58823529411765
CRS3035RES200mN2611600E3481200,30937.893934474658,200.48360389610443,58.29948347107441,281.19363931523054,NA,NA,NA
CRS3035RES200mN2615600E3492600,37118.15652966418,247.62442247566486,66.46265237148897,349.76543334894495,80.88615431650553,0.3312236553967671,31.32822639202046
CRS3035RES200mN2618400E3472200,30878.966599631713,206.69262453963947,50.277585287846485,289.5585384764489,62.416359407793976,0.42714188796278346,24.738918826932917
CRS3035RES200mN2618400E3478200,29796.393134840317,206.60613015950767,54.58860620752797,290.1570966202883,14.514285714285712,0.005415790898892339,14.514285714285712
CRS3035RES200mN2624400E3477600,31310.8855203119,205.75513793400282,54.29276692043736,288.32379745901284,86.96172863924046,0.3731044067546454,21.317157832278458
CRS3035RES200mN2627800E3465600,29998.789763346176,193.66995658289,47.78547055586131,280.7249556656271,50.74490953141915,0.47450620681220573,20.12169699469045
CRS3035RES200mN2627800E3465800,32117.076559546313,207.75279568178195,49.91226911426424,300.62923907349625,53.27355168832485,0.44955246316077163,22.003738885933576
CRS3035RES200mN2630400E3475200,37033.654805609534,237.77020939054086,56.618988538944194,335.07556974769295,16.864864864864867,7.52544923881098e-4,16.864864864864867
CRS3035RES200mN2609800E3495200,37464.86672721276,244.37853368560135,68.09886063408211,344.3911492734492,29.285714285714285,6.935270805812438e-4,29.285714285714285
CRS3035RES200mN2609800E3497200,39004.68637251412,254.84394752625883,68.7456592282729,359.536179505712,2,5.536502468357329e-4,2
CRS3035RES200mN2609800E3498200,38628.717725409726,256.8255091902621,69.31028005464456,362.39516579731713,21,5.588673621460494e-4,21
CRS3035RES200mN2618200E3469000,24121.56468840114,158.16090449008433,44.38109809921736,219.91144883187212,66.4712736502076,0.5100923909845239,13.465092870327627
CRS3035RES200mN2624000E3482600,33263.13177738304,223.92518263201853,58.10983801334008,315.035067700307,NA,NA,NA
CRS3035RES200mN2624000E3492200,41198.85185057598,248.19037447893362,69.05741780641011,350.1048678816274,NA,NA,NA
CRS3035RES200mN2626200E3458200,31604.78704905432,196.7075515681506,48.13509154370534,288.11423747180606,47.358286796723164,0.5122037272715818,16.51963885950454
CRS3035RES200mN2627600E3461000,32439.243986952355,205.1468940054722,43.52485870980856,298.15385994049666,52.55329462132764,0.4856081153740462,24.91680281482211
CRS3035RES200mN2627600E3461200,32470.734157281877,204.87554876884988,43.52958579881658,297.7864215499133,52.58099995078988,0.4848492078640955,25.959598444958424
CRS3035RES200mN2630000E3466800,29935.85078787118,194.29839914621132,50.97323121350995,276.1552388724967,58.974173297722956,0.45601104903007095,16.27809686390043
CRS3035RES200mN2640400E3468400,29876.98536627111,195.6269682793245,55.3985908261068,274.0926374942948,15.27878787878788,0.002353377453217709,15.27878787878788
CRS3035RES200mN2605600E3487800,35712.46160118477,224.17136771337667,64.07295358860412,315.6142645566026,8,6.489940592082252e-4,8
CRS3035RES200mN2615600E3485200,33655.72546071972,222.07564796048442,63.20405889695718,311.87455538703165,6.894736842105264,7.650698629585394e-4,6.894736842105264
CRS3035RES200mN2615600E3490800,36531.29997431166,238.4262401471006,67.10061787650604,336.4393007314471,72.49790978356147,0.401038357016347,21.071927044703692
CRS3035RES200mN2618400E3493400,37845.44676443058,251.32335725429016,68.72138533541342,354.4492106084243,13.381294964028777,0.001734789391575663,13.381294964028777
CRS3035RES200mN2624400E3466800,24091.483475656292,142.9559638840488,45.52637414858229,208.82340912690984,54.35400186704663,0.5861785925147243,18.872689529799036
CRS3035RES200mN2624400E3467400,25248.82626641651,151.33976791049963,47.83028281564867,221.74875964144258,53.19029135753943,0.5657146827878535,17.15438755957353
CRS3035RES200mN2624400E3467800,27277.25634813457,165.90262663171566,46.79568141499186,241.71059390473195,55.683339065493925,0.5389096301003523,19.399938583992537
CRS3035RES200mN2626400E3473200,32725.352160519134,209.2345237955794,54.62143769107329,297.06226793014184,74.18603996622572,0.3745563585676971,19.14224911655252
CRS3035RES200mN2626400E3477200,32174.772279248467,207.47133681493435,57.982423915000865,290.93437781379373,82.27212311997191,0.37756167837205074,14.720032433463718
CRS3035RES200mN2628000E3483600,36138.76540930891,239.72148124106138,56.93787591411134,338.1118334973066,17.55714285714286,0.0014199791060217225,17.55714285714286
CRS3035RES200mN2628000E3484000,36337.92442402792,241.1175213889528,56.214872468681406,340.06014984804585,19.915032679738566,0.0015345884193739294,19.915032679738566
CRS3035RES200mN2628000E3485400,36564.03498056072,242.82973849971322,57.58142875799907,342.62392381028883,27.983870967741932,6.228589224540628e-4,27.983870967741932
CRS3035RES200mN2630200E3462000,32835.92747755258,210.30801200371545,48.86954295377141,306.79072093743304,58.731653915225465,0.4840664967728106,23.853105857462634
CRS3035RES200mN2630200E3466200,29991.680126754138,190.49033175968438,50.124232037767534,270.43205070167414,59.6433461156085,0.4553450171376829,18.358855276239158
CRS3035RES200mN2633800E3484400,36991.94306123936,242.84947882498724,56.120437766184544,342.53308758447616,16.70198675496689,0.004717128487082565,16.70198675496689
CRS3035RES200mN2611600E3468400,30149.313793807614,191.4314776527048,43.59772315389141,268.59781249202376,78.10577218299055,0.4988130791025358,19.47697011564833
CRS3035RES200mN2611600E3470400,28647.664776094134,175.96556054064732,52.68782979203702,244.45825220801942,76.59755981619395,0.44520161404102826,21.5597813341784
CRS3035RES200mN2618000E3464400,26395.25970314632,164.28466450879137,49.06364272592059,238.49533432478864,56.5681566582203,0.5926719738722184,22.836399419419887
CRS3035RES200mN2626000E3466200,26063.686892117297,157.35202593632553,48.190914146963365,226.41236316282038,45.855163012609296,0.47765162305511366,20.548080199931853
CRS3035RES200mN2626000E3467000,28670.874260646688,174.94470869479494,49.10023166403786,251.07911080441642,48.64289163471098,0.43381555599369087,25.274225252094872
CRS3035RES200mN2626000E3469400,31861.992257042544,195.5845164493516,50.432033383376876,284.44539146265055,55.094825627626946,0.4162519357393638,17.02964614336021
CRS3035RES200mN2627600E3464600,34005.60336520876,223.82619010294195,44.513006218320534,324.0593509954538,48.357770178848185,0.4248210273292575,19.168038574134656
CRS3035RES200mN2630000E3461800,33212.36272791024,213.34566386161757,48.61081112669472,311.26491351098645,55.93234765922901,0.4750935016362786,21.246190558193312
CRS3035RES200mN2633800E3495000,41901.229374410876,244.9661159894828,65.35682393213303,345.88770650394497,NA,NA,NA
CRS3035RES200mN2640200E3475400,32701.602865586403,206.69373520637492,57.06061709547751,290.54615610862857,19.560000000000002,0.012605218560484029,19.560000000000002
CRS3035RES200mN2608800E3468000,30905.1774062883,194.48438243425767,45.63493859705532,272.1135086478496,79.95636980317589,0.5004565035684446,16.654368158692623
CRS3035RES200mN2608800E3486000,34473.393572946596,219.60098454388427,62.67675161670075,308.323783461498,26,1.223035880815157e-4,26
CRS3035RES200mN2618600E3479200,30383.101662231507,209.48682941879727,57.800532222607856,294.4093486058086,21.38926174496644,0.003830974327329762,21.38926174496644
CRS3035RES200mN2624600E3485200,35079.249973360485,229.78237292951778,58.601733344383796,323.65326008453604,NA,NA,NA
CRS3035RES200mN2630400E3461200,33176.23721698853,211.28762529703388,49.781346875263864,308.9414255213925,60.142217410560505,0.4902355765171345,17.559086659121107
CRS3035RES200mN2630400E3464400,27325.97161775986,176.73428591343134,48.858214260821015,249.29758137589795,53.37196338297568,0.5101414929950518,21.07295532176528
CRS3035RES200mN2630400E3465600,29665.102482051385,182.64250256410315,50.32716581196598,257.1519452991461,67.62031730711212,0.45338803418803647,29.2966278578753
CRS3035RES200mN2633800E3488400,37351.31440980652,242.70492526125443,60.55562414568525,342.302250981083,NA,NA,NA
CRS3035RES200mN2633800E3490200,38117.89418401982,241.91368911109072,61.1722663058435,340.98789101917254,NA,NA,NA
CRS3035RES200mN2640200E3486800,39674.13742906813,234.6912734522777,69.82663207402483,330.58193599509303,NA,NA,NA
CRS3035RES200mN2609600E3483600,34278.462818970016,207.93637569810818,62.8607331296861,292.2420161066377,20,9.256687957048965e-5,20
CRS3035RES200mN2614800E3493000,36543.66588359903,244.66293691100188,68.43389641780506,345.390252844844,15.94859241126071,0.011094212541756063,15.94859241126071
CRS3035RES200mN2617800E3478800,29413.834424213575,204.40166871619925,55.6234942546974,287.15959908498286,19.40508806262231,0.006756846099937853,19.40508806262231
CRS3035RES200mN2617800E3479000,28936.853600976538,201.18943442289435,56.01679099416791,282.53185948731857,19.265060240963855,0.00562864505628645,19.265060240963855
CRS3035RES200mN2623000E3492000,39252.08066530412,249.7013169845591,67.36379427792924,351.63254995458624,NA,NA,NA
CRS3035RES200mN2625400E3462000,36548.74184133203,240.88546523016652,47.221400587659154,349.5274632713026,31.59932593667741,0.39812928501469147,16.94609461487369
CRS3035RES200mN2625400E3462200,29803.420907889995,193.51764140746968,43.10295424522637,282.5123213642368,30.654677851853673,0.4881590008406389,15.37331299662968
CRS3035RES200mN2627000E3462000,31952.575141928395,207.17808579800385,43.69293105027012,300.46007691603336,41.09286821324018,0.46526188078014835,21.709090014514484
CRS3035RES200mN2627000E3462200,32228.283376865456,208.1201946863961,44.06338814161939,302.1556800791633,39.76968683116436,0.4677191084927913,18.481778149523965
CRS3035RES200mN2628800E3486200,37077.81188198167,244.16399338776736,58.14692180533988,344.6912788659019,29,6.0111205730601616e-5,29
CRS3035RES200mN2628800E3494800,38623.44035258094,254.7347533321246,59.41448526822406,359.6862841349295,27.571428571428577,7.469933517591709e-5,27.571428571428577
CRS3035RES200mN2629000E3459600,33303.40840491386,212.76184077930802,44.63429147271942,310.2360957819473,53.58453629815595,0.40139881952109024,21.019797363937954
CRS3035RES200mN2631000E3473200,35771.51764488781,227.6415878770774,55.718213692563204,321.50741942837294,22.42142857142857,0.0015197073477850266,22.42142857142857
CRS3035RES200mN2634200E3484800,37873.48952558505,230.04129666879263,65.19860913506353,323.9095079232694,10.867713004484305,0.0054702448118530145,10.867713004484305
CRS3035RES200mN2640000E3476600,32842.26427383592,210.09334811529934,57.03407705099778,295.33134700665187,10.161515453639083,0.013899667405764966,10.161515453639083
CRS3035RES200mN2640000E3476800,32174.077410506103,212.23962419421204,54.64768893155946,298.44209299135923,9.59222333000997,0.013756686325606912,9.59222333000997
CRS3035RES200mN2613800E3482800,31629.485781304313,205.53638654002114,59.59093015174336,287.78030522414,23.86666666666667,2.1718985289007298e-4,23.86666666666667
CRS3035RES200mN2616200E3467200,25853.391739976978,157.39685630231799,44.90762190355727,224.8679845941759,64.95971588026383,0.5602376248880804,28.366329274479952
CRS3035RES200mN2616200E3467600,25575.621047265326,155.08697108732082,46.114616561066185,219.99681013764462,68.04967106940676,0.5712329764765868,24.262073537661266
CRS3035RES200mN2619200E3499200,39268.12436587423,260.5895260838056,70.18962588064772,367.84178636347434,25.45774647887324,0.0016870418552708177,25.45774647887324
CRS3035RES200mN2619400E3462200,26178.949196650887,154.8522128471211,54.50237610319082,224.31299906248972,24.111627906976743,0.0034752529660879963,24.111627906976743
CRS3035RES200mN2622000E3478800,29889.835662944617,201.37755616263948,54.08325597432564,282.1389279367689,86.21884293052175,0.3924356152030344,30.515031089483664
CRS3035RES200mN2622000E3479200,29831.325595866136,200.17894921948977,54.1087574060547,280.4082325568812,89.27379051849795,0.38976814652490327,34.306063024918444
CRS3035RES200mN2626600E3472800,31756.875535807,197.45552349098637,52.43074656781656,283.57274296960844,73.2879784235886,0.3984472162185006,26.510742749780295
CRS3035RES200mN2626600E3473000,32361.841461689033,202.67854868759287,54.102374831969435,290.59223404004433,73.04620043882692,0.38156498360965024,21.823331994190195
CRS3035RES200mN2630800E3489400,36486.07947947746,250.2905511652286,58.04604467381663,353.32237319571004,6.8936170212765955,0.001895008467059108,6.8936170212765955
CRS3035RES200mN2630800E3491200,35882.67672256368,250.20997380805792,55.76597343239661,353.0802245619893,22.01063829787234,0.0019617868956809384,22.01063829787234
CRS3035RES200mN2640600E3477000,32315.962076481657,213.29553857190174,56.041055071184196,300.0016968325791,10.654220779220783,0.00849795828275025,10.654220779220783
CRS3035RES200mN2610800E3480400,30401.70745394484,200.04838500266828,57.85090667782265,280.5812403525727,7.241935483870966,8.944156724707502e-4,7.241935483870966
CRS3035RES200mN2614800E3492400,37074.83126489471,246.99186081339775,67.88672856789384,348.79904673846517,78.85184224182667,0.3513263618487023,28.903391652457564
CRS3035RES200mN2620800E3467400,25327.880175979855,154.09858745728476,43.86719884893679,220.59743224360483,65.2469372693727,0.5623884561641372,29.16792865928659
CRS3035RES200mN2620800E3468000,22846.014423722994,142.29367058366805,43.90739551759664,204.7702059038717,64.65047970479705,0.6069610141400266,27.094059040590434
CRS3035RES200mN2623600E3465000,25836.74677085851,159.39094766239694,38.09733075539086,231.46852761889417,45.09804451432221,0.5465506592550821,16.448142779934155
CRS3035RES200mN2623600E3467200,24171.518908778016,147.83727589465815,45.13057706684722,214.54774096173105,53.8064405028414,0.5733852425486297,12.996420576151936
CRS3035RES200mN2627600E3467800,33715.05301394276,211.59636532775048,53.30434012204155,305.30963376413195,58.0972488803583,0.4500481743579499,22.127653919976357
CRS3035RES200mN2633600E3491400,38489.95218698366,243.09173627684964,61.78244905452543,342.7140972094731,NA,NA,NA
CRS3035RES200mN2603800E3490400,37078.01536499755,235.85064781725845,65.62165268179055,332.56069646258896,26.894736842105264,2.991136789408242e-4,26.894736842105264
CRS3035RES200mN2613600E3472600,27845.88143729383,178.51178328303763,52.90421783984854,248.83941329216088,74.32604523861953,0.4461646431328519,19.75812439047404
CRS3035RES200mN2616200E3480400,31487.04036692723,218.51705175942593,58.5835573200503,307.3730796735137,16.463768115942027,8.507385396888023e-4,16.463768115942027
CRS3035RES200mN2619400E3472800,31460.871746451812,211.3680538850137,52.32068799615096,296.51805388501293,63.668652820338245,0.4239114746211214,20.584686755192383
CRS3035RES200mN2622200E3463200,29394.615170959365,185.82752324250632,41.02408476603177,269.57728856712987,44.75426209746864,0.5227024316226669,23.370014022485194
CRS3035RES200mN2622200E3463800,29254.87148528988,186.93776536452788,38.967173077163935,270.4203123630124,37.96366454279318,0.5091116315769698,14.630755984157048
CRS3035RES200mN2622200E3464000,30138.91423317124,192.35628594702672,39.40484066056133,276.70257460936534,40.57283081994637,0.5017032410950112,16.535171836945544
CRS3035RES200mN2622200E3464200,30701.137500445544,194.48460798175057,40.489158458778384,279.7922344862001,40.80065930281188,0.48295650314256183,16.716450589190387
CRS3035RES200mN2624800E3484600,33616.00435975906,225.97535946759933,59.41812396774507,318.0582434664335,NA,NA,NA
CRS3035RES200mN2630200E3490600,37247.58336256755,247.2633109645011,60.108038068510034,348.81229418221915,19.20212765957447,0.0021274910317199925,19.20212765957447
CRS3035RES200mN2633400E3487800,38441.8181546433,240.84370709888896,64.45586997918609,339.65042513617607,33,6.642752756742405e-5,33
CRS3035RES200mN2640200E3477600,33184.00352364846,209.44687312000394,59.68615177471551,294.467456384105,20.420408163265307,0.014037299109061183,20.420408163265307
CRS3035RES200mN2616000E3467000,26962.08376631431,161.30785981063687,43.65204867762786,232.39617414793477,62.38317733302894,0.5433233644344603,29.07447682824745
CRS3035RES200mN2619000E3501600,39402.43816272438,254.40264325040795,69.6268224918435,359.26918077079995,3,7.646818923327903e-5,3
CRS3035RES200mN2619200E3463400,27225.86705363705,167.92637766348312,50.69913299044828,239.71922116091096,57.68668355925105,0.5973401910360033,25.793645600137765
CRS3035RES200mN2619200E3466000,26909.321511439863,158.936099900156,46.95414211584699,221.661374470898,9.66355140186916,0.0015046898510778918,9.66355140186916
CRS3035RES200mN2624800E3460000,37031.109533658295,238.54869721566874,50.267354001891555,346.9006204724737,44.75167900809368,0.4224721203113795,18.223980909739474
CRS3035RES200mN2630200E3469200,35137.01111741362,228.50061362347265,56.88293714226794,321.8327747125256,NA,NA,NA
CRS3035RES200mN2633600E3472000,36386.14989021397,234.37646919533302,55.74138933138158,329.6072996943213,24.698347107438018,0.0026047272570715115,24.698347107438018
CRS3035RES200mN2639400E3483200,39809.074054260454,232.33256909947724,68.70406317666544,326.92532161508063,26,1.2737230925996678e-4,26
CRS3035RES200mN2639600E3476000,32870.24005689589,209.40051425132665,56.29041523059248,294.4540866568193,15.776666666666667,0.012309207287050714,15.776666666666667
CRS3035RES200mN2618600E3494000,38181.52598701869,253.61784441950124,69.7391171733932,357.9009565174955,15.932432432432432,0.001805670782294666,15.932432432432432
CRS3035RES200mN2621800E3463600,30401.49784423676,192.00721495327102,41.47369470404984,277.72282866043616,39.90164579694457,0.5065295950155764,17.338500332111476
CRS3035RES200mN2624800E3464400,25987.713281475837,167.07528972748534,35.75406669644969,242.96868840827267,40.77364756820586,0.5341103198170972,22.169502324780424
CRS3035RES200mN2624800E3472000,31314.340384038405,197.36104860486049,52.819244424442445,281.11262376237624,57.673236956459995,0.44015651565156516,11.955394927433339
CRS3035RES200mN2624800E3472600,32350.847194376962,206.54726749534166,51.499398542349695,294.77243672901386,58.36355888869951,0.41514729815788853,15.74849156297937
CRS3035RES200mN2628400E3462000,32823.46267711093,208.30718811196866,43.44972929386015,305.0765810390508,47.92932175453271,0.46825250547171987,17.23933676105192
CRS3035RES200mN2628400E3462200,33492.945942297956,212.55227490017435,43.24854620100107,310.4994432259153,47.41526236807793,0.45721837916877567,17.00107751728208
CRS3035RES200mN2630400E3469000,34101.442156852136,220.61372266880159,55.99238350769763,310.6450000540944,NA,NA,NA
CRS3035RES200mN2633600E3473400,34244.05016043397,218.14813604807162,54.34423895922045,306.5928592264163,15.975830815709967,0.0038620850592147407,15.975830815709967
CRS3035RES200mN2633600E3486600,36764.47184683349,234.48377025036783,60.54899558173759,330.4434639175251,25.366292134831458,0.005243004418262138,25.366292134831458
CRS3035RES200mN2639600E3476600,32179.755898503292,210.53036548126036,55.557369192216576,295.98789488819205,11.853439680957129,0.013734646089802401,11.853439680957129
CRS3035RES200mN2639600E3476800,31826.09580126058,211.82727881762622,54.03293638315035,297.8542267674765,11.36889332003988,0.01371323881270423,11.36889332003988
CRS3035RES200mN2639600E3477000,32140.018501728406,208.3703179010599,57.110231200770755,292.8446053153514,13.403788634097708,0.014209214030713457,13.403788634097708
CRS3035RES200mN2639600E3477200,32577.3409450599,208.8708597106034,56.894260117567164,293.61547592132075,15.543369890329014,0.014173072575175206,15.543369890329014
CRS3035RES200mN2639600E3477400,32585.60237243844,207.89470509672154,59.040756537848495,292.20099665388614,18.21136590229312,0.014404090014791867,18.21136590229312
CRS3035RES200mN2611800E3491800,35993.53031759807,237.23875690093666,66.55768872898689,334.2163482414237,NA,NA,NA
CRS3035RES200mN2620400E3467600,24409.446595574816,150.09958086222628,44.84988024635037,215.18383610857666,70.28941801966613,0.4987454379562044,34.15164360850672
CRS3035RES200mN2620400E3468200,23284.86896807171,144.7196533076524,43.92320912660197,209.08590265945625,67.99953185827626,0.6013186161937921,20.57587098999655
CRS3035RES200mN2628800E3478200,34605.701505564044,227.8250470164064,57.04085491931881,320.8784638882828,3.5090909090909093,5.714701328927818e-4,3.5090909090909093
CRS3035RES200mN2628800E3481400,36287.033542912046,235.30989768843986,56.530265018944625,331.69792795862094,29,9.291665376157591e-5,29
CRS3035RES200mN2630800E3472600,35362.289376881,221.8719986623569,55.80751309775937,314.9331401181592,13.555555555555555,3.009697915505515e-4,13.555555555555555
CRS3035RES200mN2630800E3475400,37131.13649860562,238.6818108861826,56.414090243364164,336.2800393234757,19.405405405405407,7.423309190859298e-4,19.405405405405407
CRS3035RES200mN2634200E3490200,37691.96792039238,241.63069018707304,61.01287359521226,340.61804854853057,12.116279069767442,0.0014961205246859868,12.116279069767442
CRS3035RES200mN2640400E3477400,32634.487756415754,211.98680491422513,56.570523045924084,298.05525704530885,17.190816326530616,0.013712814485209775,17.190816326530616
CRS3035RES200mN2640400E3477600,32784.56121186853,213.1404488916684,56.24957264957265,299.76249044541726,18.84591836734694,0.013619623375720936,18.84591836734694
CRS3035RES200mN2640400E3491000,38672.360812999206,234.62639639886916,67.20304394367743,330.402396179288,NA,NA,NA
CRS3035RES200mN2604400E3488400,36258.57040900811,227.19415466136778,65.64085113429375,319.94552078158637,17.76923076923077,6.458022851465474e-4,17.76923076923077
CRS3035RES200mN2604600E3486000,33911.241641367546,206.63100978232833,60.12915451316547,290.24441931067327,27,3.77006567851261e-4,27
CRS3035RES200mN2604600E3486200,34585.43591116403,207.19559785841744,60.8496133254016,291.08001189768015,25,3.7675986515962737e-4,25
CRS3035RES200mN2615600E3465400,28563.11670896257,169.73546338284035,49.91027721152113,249.4577803663796,47.69049996516731,0.5971765750024268,13.673654877737269
CRS3035RES200mN2621600E3465200,31228.21753772799,195.8056429960189,39.63454772706231,282.33400842514584,45.19710201972988,0.47043097861309136,17.448542399567028
CRS3035RES200mN2626200E3460800,31016.177014403664,197.13570782860242,45.77513409268969,289.1625384198156,41.63957292922335,0.4899535948894112,20.773898496887988
CRS3035RES200mN2626200E3461200,31247.754736978462,200.32734317038992,44.402263386601035,292.6424155351696,37.419419911928955,0.47869095705218034,18.909431966346055
CRS3035RES200mN2627600E3469200,33178.09083009325,208.39541671772818,48.9682044540502,301.9624558549927,52.46879704587417,0.39220819732400486,19.599440420394814
CRS3035RES200mN2640400E3475800,32648.574859158936,206.4827860923007,57.10348261537586,290.1923262960223,16.194444444444443,0.01280373299948785,16.194444444444443
CRS3035RES200mN2640400E3476400,32493.27270057477,210.20856699344122,56.18265344651573,295.55028179059394,11.175555555555555,0.012586180373949405,11.175555555555555
CRS3035RES200mN2640400E3477000,32167.099817103608,212.18033309316556,55.483899573241594,298.3723466164169,13.29611166500498,0.013897356315468599,13.29611166500498
CRS3035RES200mN2604800E3492000,36129.06090155328,223.9377359959514,64.99577640235121,315.15117365409304,15,1.5570866908015105e-4,15
CRS3035RES200mN2605000E3492200,35674.76708150822,220.7587915012075,65.23650059360541,310.51971179432593,19,1.6375322389159522e-4,19
CRS3035RES200mN2605400E3486800,35074.714454936766,220.4869698688645,63.82355100270279,310.2739163802596,17.05263157894737,6.339884547365612e-4,17.05263157894737
CRS3035RES200mN2614000E3483200,31931.91290486198,207.1063546119843,61.449851460039284,290.0841388305196,26.866666666666664,2.1737555249619597e-4,26.866666666666664
CRS3035RES200mN2620000E3481000,33026.25985228752,225.51726950069516,58.285765153168505,317.41816657286296,NA,NA,NA
CRS3035RES200mN2620000E3482600,33199.074571906174,230.10919215650804,59.23879501197283,323.85693308634177,NA,NA,NA
CRS3035RES200mN2620000E3486000,35467.87455185557,241.1772767890784,63.416965429626586,339.6724158349754,7,6.029090360991793e-4,7
CRS3035RES200mN2623400E3466200,24900.94638285632,142.3606356968215,45.736214583632965,206.57474471451172,54.259243769834434,0.5846253415791745,22.24997170902112
CRS3035RES200mN2627400E3468600,32893.744982170145,202.91353370691118,52.4723269372276,290.81047150053774,68.54737613782149,0.37061187524763683,34.361378214918446
CRS3035RES200mN2629400E3483400,35406.92875180954,235.81310425714054,57.06421107131174,332.48904808698126,18.020689655172415,0.003064211071311593,18.020689655172415
CRS3035RES200mN2639200E3477400,33167.57173702733,209.22075627777855,56.22834148872033,294.00723469287607,19.232303090727818,0.014062784795928382,19.232303090727818
CRS3035RES200mN2615200E3491600,36709.56951240198,244.1764851711225,67.60095771192965,344.6981511201576,71.53740635222117,0.3709633225036208,18.48764728641271
CRS3035RES200mN2618200E3468600,23769.056784461827,153.2279621137188,45.44594311063154,212.85089770104608,67.60957763236169,0.5038515721008303,15.124747174301005
CRS3035RES200mN2618200E3468800,24304.475072099387,155.5325149744879,45.21020483620499,216.43531760703985,66.73667209870796,0.5082304222435851,13.041645326504486
CRS3035RES200mN2621200E3475400,32934.05348807564,220.07396597055612,52.766125762998314,308.6282706139876,NA,NA,NA
CRS3035RES200mN2624000E3467000,24476.855714705758,147.61194886657987,45.86862407415186,215.23782920989626,51.29160320345895,0.5699444141078954,16.761524099641353
CRS3035RES200mN2624000E3467400,27675.561560020527,166.24905590863037,47.62085027434571,242.42724246371662,53.83601072597112,0.5348623008197476,14.506307658244994
CRS3035RES200mN2626200E3469600,30724.180120886624,192.19150131265687,50.370364491116774,278.31679589718556,58.541815805919995,0.4298430917638449,20.673038463723646
CRS3035RES200mN2626200E3469800,30994.332770023815,193.0295068812909,50.300588435539495,278.9993921120464,57.8500781139043,0.4280139084763895,18.138784263598897
CRS3035RES200mN2626200E3470200,31801.031098050324,196.87678799036965,50.68930274276543,286.4061983666147,52.94007724639327,0.4155690884199594,14.235709417244122
CRS3035RES200mN2626200E3470800,32462.015074495976,201.48938358165313,52.89031843412199,291.11693835816436,60.79656298821194,0.4113935144609978,20.841991194432605
CRS3035RES200mN2630200E3484200,34770.106258879845,226.39872628929012,52.8320621152074,318.80237543308704,17.134730538922156,0.004162616216755162,17.134730538922156
CRS3035RES200mN2634200E3473200,33773.900086521004,214.43375050267483,57.26494924507379,301.17880601016316,17.641337386018236,0.004009212658875714,17.641337386018236
CRS3035RES200mN2634200E3473400,33579.313603348215,215.10828172715438,56.844451473969805,302.1063107563904,15.882352941176471,0.004136605307021279,15.882352941176471
CRS3035RES200mN2634200E3473800,33989.12868764331,217.40892514844114,56.49154939454862,305.41232642947415,15.27058823529412,0.00397400532984245,15.27058823529412
CRS3035RES200mN2634200E3474000,34171.37308145018,218.10638992156862,56.776649923666035,306.4127868355726,15.599999999999998,0.00396238069155197,15.599999999999998
CRS3035RES200mN2634200E3474200,34199.02855466228,217.82797957866322,57.368452555601195,306.03471627251923,16.370253164556964,0.0037087025409306964,16.370253164556964
CRS3035RES200mN2640000E3475200,32848.87913991213,205.2596316323082,57.75708291089332,288.5389208065788,21.232412060301506,0.011208741692013068,21.232412060301506
CRS3035RES200mN2640000E3475600,32614.199838839646,207.1826947122732,56.59558476201062,291.2496596182167,16.92111111111111,0.012503820611853622,16.92111111111111
CRS3035RES200mN2611800E3470400,28424.441121175867,174.70392525494216,51.76835868512505,242.45062097647127,77.54798692851931,0.4489118669173361,23.770601859196024
CRS3035RES200mN2618800E3471600,31044.082864727887,205.7384457584168,49.79517316278508,288.67645710148423,55.42647309022855,0.42555810305297453,17.967365167583495
CRS3035RES200mN2618800E3478800,30171.573943076368,209.10232171410294,56.1884617844578,293.7404413175563,20.119999999999997,0.003837543971858008,20.119999999999997
CRS3035RES200mN2626600E3464600,22845.34931783198,140.70205771156122,40.71425155785344,206.67596646692203,44.62359493670892,0.5902658437812864,17.134460759493688
CRS3035RES200mN2628400E3472000,32868.54312301677,208.77596472671524,52.002293714272135,300.08669764567463,66.17136427891411,0.4119534601808825,12.01771629691602
CRS3035RES200mN2637400E3475400,35769.695359648176,225.22359253815173,60.806164031596936,317.20153204507704,NA,NA,NA
CRS3035RES200mN2637400E3475600,35795.31771270851,224.9528741149646,61.260698427937115,316.7538821552862,1,4.800192007680307e-5,1
CRS3035RES200mN2637400E3482800,37026.77775748722,225.1604794949386,64.7823619951997,316.5580976729621,26,1.3043931962850865e-4,26
CRS3035RES200mN2609000E3487800,36004.55210902627,225.5114895875612,63.898623122795065,316.9867151643832,21.5,2.497736426363609e-4,21.5
CRS3035RES200mN2618400E3478600,30272.323111623606,210.10569332336505,57.259639874805174,295.2700938961187,16.425692695214106,0.00503060177148143,16.425692695214106
CRS3035RES200mN2618400E3478800,30496.014417604652,210.76769950676615,57.29619324649045,296.28775768306565,18.27445652173913,0.004654103958517769,18.27445652173913
CRS3035RES200mN2624600E3475600,30033.13433737216,199.7581373696198,52.91410309641551,277.43008845103793,81.42758440027505,0.38423986210193933,32.519908968859504
CRS3035RES200mN2626200E3462000,31868.165099364298,204.2093236355306,43.86090143748926,297.59154687589484,36.303279293463554,0.4655976175476777,20.30610101109498
CRS3035RES200mN2628000E3463600,33732.37771975631,216.24382236617421,47.05208712033579,314.19063357239645,49.91229796550961,0.4478192374216435,24.366200890550807
CRS3035RES200mN2628000E3464600,29303.972638714626,185.3786594910672,46.799842171308924,269.44964359176777,51.37635235468807,0.48787177065680165,22.24827906236738
CRS3035RES200mN2628000E3464800,26500.410304584617,168.46441942429345,45.68896995296167,245.49770293064972,50.03754713449047,0.5128018760542534,21.85152301232849
CRS3035RES200mN2630600E3492600,36089.000021762076,248.55643450159408,58.15445632895553,350.5771737592897,12,1.0881037615747038e-5,12
CRS3035RES200mN2635000E3475200,34559.41576740022,220.58265397483623,57.18112954149192,310.26268790349184,12.948387096774194,0.0018260213939022666,12.948387096774194
CRS3035RES200mN2644800E3480800,37275.63701413202,238.93641869617448,63.85373489049626,336.77645600674686,NA,NA,NA
CRS3035RES200mN2615600E3480200,28126.588541894173,194.7531629904635,55.56677586081393,272.93627429569807,19.028985507246375,0.0010045861541821365,19.028985507246375
CRS3035RES200mN2615600E3481000,28599.448957237364,198.89171699119382,55.8106452589251,278.5273337849329,13.971014492753623,9.944799158295259e-4,13.971014492753623
CRS3035RES200mN2615600E3484600,32350.596741950558,213.07378106701753,61.23257198758025,298.81870897310483,9.140350877192983,8.081323635744956e-4,9.140350877192983
CRS3035RES200mN2618400E3465600,25970.77678597014,150.65471243946428,47.68460039544942,218.5803507464826,55.71951369274221,0.5833596011118439,29.21027139874736
CRS3035RES200mN2618400E3465800,26675.786333194068,159.84301095554451,45.03463191796139,228.16479133258773,49.07373203978878,0.5486531283267527,23.063207663023455
CRS3035RES200mN2621400E3499400,40340.922738590125,259.8175845389433,70.43290081275845,367.11610051441795,NA,NA,NA
CRS3035RES200mN2621600E3463400,30227.53708538577,188.3444111481229,43.499299062415595,272.6919089938652,41.82705601613816,0.5227965480431623,18.97700066422298
CRS3035RES200mN2624200E3495400,41077.92647682469,254.84696365718239,71.08292693270005,359.7915376786406,3.478260869565217,4.8768075993384626e-4,3.478260869565217
CRS3035RES200mN2630600E3462600,33102.224721082515,212.82255087525422,50.95251642938597,307.81307532241567,61.48225973131243,0.47779828593597534,25.17161064908223
CRS3035RES200mN2634600E3475200,34746.462081318285,218.27084602065764,58.30889008298994,306.8915278524089,13.477419354838709,0.0018508567675682111,13.477419354838709
CRS3035RES200mN2640800E3477000,33399.23930579649,220.41713962898746,56.91815124283993,310.3179489200697,11.82305194805195,0.008092910820326883,11.82305194805195
CRS3035RES200mN2640800E3479200,33934.03495074777,211.69488507843792,60.538226924480014,297.8201094491057,NA,NA,NA
CRS3035RES200mN2609200E3486000,34398.42070630493,222.31395092078742,62.67798207004152,312.27666308460044,24,1.1776655724190722e-4,24
CRS3035RES200mN2614600E3468000,26591.801312607004,165.1841044427784,43.56265293709969,232.6022716021439,76.69383141073406,0.5505452693814625,29.120753795956112
CRS3035RES200mN2620200E3495400,39331.73691284584,256.96022720632175,70.97342247051822,362.7507392386719,NA,NA,NA
CRS3035RES200mN2623000E3460800,29793.75599393806,189.64882193697136,44.54122249135396,278.0340401279743,46.09144136387119,0.5265209901169644,17.96993775984649
CRS3035RES200mN2623000E3461200,29705.923023408614,188.5564731193878,42.16428543821904,275.77390139266436,43.92228591109252,0.5236856005462439,17.39196044183131
CRS3035RES200mN2625200E3487600,37495.20492943293,239.2246631250148,60.88281766570168,337.33301032855366,17.657718120805367,0.0016986251396520719,17.657718120805367
CRS3035RES200mN2626800E3463200,38180.32108842268,250.295435676906,48.13708827343029,361.4557326890607,40.73918177568944,0.3791848956632867,19.678717803635998
CRS3035RES200mN2626800E3463600,38078.52825520833,249.5896019345238,46.891629464285714,360.8185360863095,41.87217397721961,0.3780598958333333,21.173657408546312
CRS3035RES200mN2628600E3460000,33223.15425563658,213.28973658140674,44.18028717042837,308.3495219793992,55.27727742507013,0.4850387310074836,21.343717702642827
CRS3035RES200mN2628600E3460600,32531.938524541216,209.29367097675419,44.97725563236503,304.22893608892394,55.20517742014865,0.48518929761094576,21.79231261380974
CRS3035RES200mN2628600E3461400,32249.886299661463,205.33645703426498,47.96890551695459,300.2130292772725,54.77998130013295,0.4827127501633102,24.86012007283106
CRS3035RES200mN2608600E3489200,36044.570466135665,225.98951066841772,65.65516535621087,317.667138544456,21.97142857142857,5.969538298852143e-4,21.97142857142857
CRS3035RES200mN2617600E3468800,24678.314644770144,157.3993760668668,45.860203661192536,217.86923891930073,66.22036429659131,0.5025016186944493,14.208343094763972
CRS3035RES200mN2617600E3469000,24098.424353419396,156.4504548770864,46.08792305057995,216.34144816187967,67.88013628219814,0.5069459954437844,16.344779275707108
CRS3035RES200mN2625600E3482400,36120.13794587604,232.09169849895042,58.61648463980178,326.9152525959,NA,NA,NA
CRS3035RES200mN2626800E3495400,38500.84464518058,253.15378708700413,65.54323528784435,357.417795362925,10.214285714285715,2.986157029200354e-4,10.214285714285715
CRS3035RES200mN2626800E3496000,38692.87674268964,256.35366513803626,66.27263070810632,362.0670520585451,3.999999999999999,2.85979838421391e-4,3.999999999999999
CRS3035RES200mN2628400E3493800,38518.68169855469,254.6891657615512,57.18499874676246,359.5437066588701,NA,NA,NA
CRS3035RES200mN2634800E3465800,30687.388463864132,198.5709703709546,54.1885663958777,276.14263743197415,72.60973187686197,0.4235875594815574,17.234250868917577
CRS3035RES200mN2634800E3466200,30601.89817424014,198.52064956682437,54.47452717669109,276.3950745114487,67.99809664149322,0.4269368389320681,12.29904832074662
CRS3035RES200mN2641400E3489400,39193.28831765415,234.65851075535014,68.59696319524684,330.4546267260825,NA,NA,NA
CRS3035RES200mN2611800E3477800,29785.74257648686,194.05097244504492,55.58139829435122,271.8407075909823,13.211538461538462,0.0014635931211123315,13.211538461538462
CRS3035RES200mN2625600E3460000,36177.8344740366,232.67597296320702,50.16386804684677,339.0184071247901,41.87355162488622,0.43200416604671926,16.467438313365623
CRS3035RES200mN2627000E3466600,30470.38951576117,194.21549468225578,48.31846445634168,281.1106522939524,50.146843721139206,0.48091373970662377,15.872143873399395
CRS3035RES200mN2629000E3473000,36117.70455047606,230.616981429849,54.847914145930936,329.2258088273972,82.1010842952081,0.3308853700878535,26.78459728449234
CRS3035RES200mN2629000E3475200,31909.79154535792,207.25740561024077,54.75234530246315,293.42992975645825,81.56190924791962,0.36791210314709555,16.48795415292824
CRS3035RES200mN2631400E3486200,35495.86033591985,245.52457561189658,56.70791526201349,346.45563623306936,26.71428571428571,1.396341585047176e-4,26.71428571428571
CRS3035RES200mN2635600E3475000,33818.19600855306,217.83131787815432,56.97748166761292,306.24782246276067,16.93548387096774,0.0018725008154439002,16.93548387096774
CRS3035RES200mN2643200E3471400,31734.04112753477,205.54284544643795,59.01831951693773,288.0594031901983,NA,NA,NA
CRS3035RES200mN2619000E3499400,40046.50367437079,256.5934838619604,71.19344070872837,362.06329563771595,27.401408450704224,0.001802282044447829,27.401408450704224
CRS3035RES200mN2622000E3465600,31103.28292116455,194.07114502731318,41.445142254505754,280.7977746442157,52.98231198799475,0.481674586152551,23.370451917636338
CRS3035RES200mN2626600E3461200,31627.2759138297,202.36408945387169,44.18128833276653,295.6281003365661,40.4757558611528,0.476692505247851,20.292108046938385
CRS3035RES200mN2634400E3473400,33701.82742135611,214.6384692114931,56.87671216212929,301.43012675473807,18.341176470588234,0.004135951147118215,18.341176470588234
CRS3035RES200mN2634400E3473600,32827.42726218534,209.91912617364238,55.83679347622772,294.497412685943,17.81764705882353,0.004239454357286249,17.81764705882353
CRS3035RES200mN2634400E3473800,33244.75132842606,212.94047677082852,55.41226295519918,298.9178082191791,15.776470588235295,0.004143713742504762,15.776470588235295
CRS3035RES200mN2641800E3474800,35001.74754624028,221.5155307029556,60.6054823446606,311.71399522934365,NA,NA,NA
CRS3035RES200mN2642000E3480400,37643.87461388353,245.46139949818797,64.00659046557035,346.64405910231517,NA,NA,NA
CRS3035RES200mN2642200E3476800,34954.51608377718,230.62708729065017,58.35222913330105,324.9365587793462,24.439672801635993,0.006070989608551529,24.439672801635993
CRS3035RES200mN2609600E3490400,36808.835739021175,235.71629738592137,66.69433973828568,331.8431246360823,10.742857142857142,5.362998375777635e-4,10.742857142857142
CRS3035RES200mN2609600E3490600,35312.25130009909,233.51674024729394,65.55703938789287,328.6426809533537,17.627906976744182,6.755801348018043e-4,17.627906976744182
CRS3035RES200mN2609600E3493400,36500.143870726395,241.43284893655215,66.88683666661261,340.1658231761896,NA,NA,NA
CRS3035RES200mN2609600E3498200,39382.3012888527,256.30831044813334,69.31110348271108,361.64672013481305,16.578947368421055,5.929347147671933e-4,16.578947368421055
CRS3035RES200mN2616000E3492200,37049.25631936302,241.88611512556923,68.98586153300793,341.2924631200065,77.36921695898357,0.3948954271534917,25.948549924043657
CRS3035RES200mN2619000E3464400,26775.799147255766,164.7619613117381,48.46134035368855,238.5813683969553,45.66060665699033,0.5815973215818692,14.791190435189062
CRS3035RES200mN2626800E3476600,31257.08732491357,203.2560473209776,57.020610696410266,284.55609528142924,82.27015167413909,0.38674569893134203,15.916315304143218
CRS3035RES200mN2635200E3475400,34796.5635647372,221.8087488715105,57.82864546083409,312.12966198074827,16.89677419354839,0.0018173078050439085,16.89677419354839
CRS3035RES200mN2635200E3485000,38452.62585852265,231.9268677003017,66.08887739514286,326.7563178849367,11.49886104783599,0.005280440718332386,11.49886104783599
CRS3035RES200mN2644000E3476800,33872.032267437804,222.2546664637266,57.391595522408544,312.67162485644326,15.839999999999998,3.459202169611602e-4,15.839999999999998
CRS3035RES200mN2618800E3464400,26210.354781054513,163.53465075384128,47.505837585401714,237.1413992908415,47.88002164874905,0.5859061950474214,17.27098329602204
CRS3035RES200mN2622000E3464200,31258.708685205056,196.16767368077265,40.974175337097,281.68942751831287,40.96450097173362,0.4741403443288387,15.966975817363272
CRS3035RES200mN2622000E3465000,31210.57071383278,194.5685410941207,40.35167829375438,280.91858689779934,49.25614406258458,0.4774035186620638,21.590740239612323
CRS3035RES200mN2628600E3473600,34361.2109792154,221.69830325228418,55.27140240942593,313.6345814394777,82.97700118517567,0.344413309209656,35.78225119318365
CRS3035RES200mN2642600E3476600,33592.19362803552,216.6264221882409,57.92306505239826,304.512464752178,22.362962962962964,0.0018939128238941653,22.362962962962964
CRS3035RES200mN2613600E3495600,38046.56940875742,252.75977388623252,70.45938253547868,356.8252098404305,NA,NA,NA
CRS3035RES200mN2619200E3471200,25880.375792387542,174.881384083045,47.61428373702422,243.70757093425607,50.1713402704925,0.4881522491349481,12.624418044174773
CRS3035RES200mN2619200E3474400,32837.49376459132,217.3317612829808,53.59322610542123,304.6273536761342,77.70352583963316,0.37865296401881765,35.66540153674558
CRS3035RES200mN2625000E3472400,32175.86056561653,204.724903601657,52.35327754366278,292.20334976780833,56.04498466431898,0.4203564649563671,14.752138475519715
CRS3035RES200mN2628400E3470000,35543.05590504325,223.33109472297195,56.108579686736235,322.8932799183899,66.3024538656203,0.3737168724629673,25.072711763200534
CRS3035RES200mN2634600E3466800,30223.36316836317,199.96125996125997,51.77043277043277,277.8155428155428,71.43068093686986,0.41905541905541904,16.8308918876997
CRS3035RES200mN2640600E3490800,38846.96374368764,235.45704886072863,67.17788337868757,331.63164236491883,NA,NA,NA
CRS3035RES200mN2640600E3491200,37914.05479847638,234.45508175080096,64.71478665034854,330.35764084652345,NA,NA,NA
CRS3035RES200mN2613000E3472400,28899.11443380051,178.71208247886042,52.81602382223206,248.75045649914244,83.87781042411851,0.43981234373683115,27.790115610628487
CRS3035RES200mN2613000E3480400,29026.2314005557,198.43410462052353,55.9019020604454,278.1192495428427,32.42857142857143,2.015809707563602e-4,32.42857142857143
CRS3035RES200mN2615800E3481800,28583.376431026827,197.40104618143826,57.58478553280535,276.4254670452856,NA,NA,NA
CRS3035RES200mN2615800E3489800,36081.19359575818,238.21440174661086,66.35416964482964,335.8628832083583,23.241730279898217,0.0051072788470285435,23.241730279898217
CRS3035RES200mN2615800E3491400,36647.11497953895,243.3717368157736,67.85250086590638,343.53697740946467,74.12093078264984,0.4338639949713289,19.963117589663227
CRS3035RES200mN2615800E3492000,37152.35322731517,242.57555793131016,68.39873045569963,342.3246558866762,72.84431217371065,0.40188427101429836,21.04821268247266
CRS3035RES200mN2618800E3494000,38494.02974662141,252.00612467278717,70.42305331847047,355.55966232887863,17.33108108108108,0.0018536841973422176,17.33108108108108
CRS3035RES200mN2618800E3494200,38251.57627752279,251.4832413757539,70.93194709431228,354.7612411694942,21.439716312056742,0.0018176661682050206,21.439716312056742
CRS3035RES200mN2618800E3500200,39676.98302115441,256.00451803261325,71.87965963276174,361.36690903343055,10,5.268842698701228e-5,10
CRS3035RES200mN2621600E3467400,25144.32392734494,155.52932820279403,46.52870757306191,222.74529355786365,67.38608202980663,0.5598769773952859,32.21737652420249
CRS3035RES200mN2624600E3467000,25152.510918659096,151.97475103247282,46.71795190541306,221.0785093716764,50.88303935537758,0.562245334880316,16.024134034294697
CRS3035RES200mN2624600E3471800,31410.276488919666,199.80339829837752,50.926172338741594,283.27992679066085,59.069939207999546,0.4353235061337554,12.514243508891527
CRS3035RES200mN2626400E3459600,31180.226668127,197.22294427610043,46.644262714030155,289.6454796587687,41.75704199365298,0.49467586676889,14.325001845063836
CRS3035RES200mN2641400E3489600,39778.70129853241,237.856406786719,67.47687883834709,335.07700114499886,NA,NA,NA
CRS3035RES200mN2641600E3479600,35434.62941136428,222.56025859135684,61.04273562436195,313.3193603266415,NA,NA,NA
CRS3035RES200mN2616800E3465200,28124.061943821634,168.82695280404417,48.93153870792541,246.77596891667943,57.73645175503011,0.5689417466263734,20.89700396533997
CRS3035RES200mN2622800E3472600,31674.288505106735,203.5235530795424,52.783720210461155,286.4595852677195,64.41252840909087,0.43577839678118263,23.0450681818182
CRS3035RES200mN2625400E3468200,27799.713284902118,173.7698613107493,47.13985470649943,249.44445307745116,60.25115750603609,0.4558874946583271,31.77050987075702
CRS3035RES200mN2625400E3471000,31704.725671973967,199.73707190449485,52.851525772456185,286.9359666016731,57.46502314749068,0.42117540103113876,15.077164929421476
CRS3035RES200mN2643200E3480000,35737.46806022114,227.45435134436752,61.370955677351795,320.2714983203906,1,2.7200152320852997e-5,1
CRS3035RES200mN2643400E3473200,33442.39264754428,211.15118164468913,59.63150191559891,296.2558436526961,NA,NA,NA
CRS3035RES200mN2643800E3473800,33135.99939027932,212.4879217234765,60.57679577260308,298.1377823587483,NA,NA,NA
