idINS,km_pa,f_i,ind_18_64,IRIS,COMMUNE
CRS3035RES200mN2600800E3492600,8688.436431492353,3.335705400413886,4.3,173210000,17321
CRS3035RES200mN2601200E3490200,6802.287826951633,1.163618162934903,1.5000000000000002,173210000,17321
CRS3035RES200mN2601400E3490200,6778.803408796235,0.38787272097830683,0.5,173210000,17321
CRS3035RES200mN2601400E3491600,10611.606547597537,2.327236325870204,3,173210000,17321
CRS3035RES200mN2601600E3490000,7341.695689725284,0.7757454419565468,1,173210000,17321
CRS3035RES200mN2601600E3490200,6684.650501172343,4.266599930761135,5.5,173210000,17321
CRS3035RES200mN2601600E3490400,6661.799665101766,0.387872720978325,0.5,173210000,17321
CRS3035RES200mN2601600E3491600,10767.978473192206,0.3878727209783675,0.5,173210000,17321
CRS3035RES200mN2601600E3491800,10983.748644728592,0.7757454419483091,1,173210000,17321
CRS3035RES200mN2602200E3489600,8214.161256662324,1.8617890606959495,2.4,173210000,17321
CRS3035RES200mN2602600E3491800,8546.07150249579,1.7842145165004533,2.3,173210000,17321
CRS3035RES200mN2602800E3491800,8649.383259216742,4.576898107544707,5.9,173210000,17321
CRS3035RES200mN2603000E3489000,8941.405657105783,7.6023053311746995,9.8,173210000,17321
CRS3035RES200mN2603000E3491800,8661.90054995091,16.29065428109118,21,173210000,17321
CRS3035RES200mN2603000E3492000,8485.51771310697,2.9478326794355794,3.8,173210000,17321
CRS3035RES200mN2603200E3488800,11268.628866041567,0.8725407293915958,1.1,171740000,17174
CRS3035RES200mN2603200E3489000,10283.001945039388,15.204610662351994,19.6,173210000,17321
CRS3035RES200mN2603200E3491600,9031.681910386273,11.481032540959566,14.8,173210000,17321
CRS3035RES200mN2603200E3491800,8857.587843557409,15.514908839134206,20,173210000,17321
CRS3035RES200mN2603200E3492000,8924.626389761746,4.887196284327377,6.299999999999999,173210000,17321
CRS3035RES200mN2603400E3491800,8878.074302145482,6.205963535653809,8,173210000,17321
CRS3035RES200mN2603600E3487800,10906.090855846918,1.0311844983718894,1.3,171740000,17174
CRS3035RES200mN2603600E3489400,11945.206168414108,0.543021809369714,0.7000000000000001,173210000,17321
CRS3035RES200mN2603600E3491800,8211.993175709775,1.7842145165004868,2.3,173210000,17321
CRS3035RES200mN2603800E3490200,11834.880795238398,3.6460035771966597,4.7,173210000,17321
CRS3035RES200mN2603800E3490400,11983.317885262471,6.516261712436569,8.4,173210000,17321
CRS3035RES200mN2603800E3490600,10205.749922271521,2.792683591044244,3.6,173210000,17321
CRS3035RES200mN2604000E3488600,12767.489027226018,0.8725407293487586,1.1,171740000,17174
CRS3035RES200mN2604000E3490400,12940.60106553498,1.6657595742930624,2.1,171740000,17174
CRS3035RES200mN2604000E3490600,10676.276050803815,22.03117055157124,28.4,173210000,17321
CRS3035RES200mN2604000E3491400,8227.337050124022,3.413279944609589,4.3999999999999995,173210000,17321
CRS3035RES200mN2604000E3491600,8654.052946806252,1.6290654281091208,2.1,173210000,17321
CRS3035RES200mN2604200E3488400,12921.474015916798,3.6488066861278745,4.6,171740000,17174
CRS3035RES200mN2604200E3488600,12427.583190652102,6.266428873809488,7.9,171740000,17174
CRS3035RES200mN2604400E3486000,11374.239348440116,7.456257142073631,9.4,171740000,17174
CRS3035RES200mN2604400E3488400,12860.573597494447,11.10506382653349,14,171740000,17174
CRS3035RES200mN2604400E3488600,13010.925258398125,2.617622188052441,3.3,171740000,17174
CRS3035RES200mN2604600E3486000,11183.770400068335,17.847424010281262,22.499999999999996,171740000,17174
CRS3035RES200mN2604600E3486200,11208.536689998227,2.4589784191943718,3.0999999999999996,171740000,17174
CRS3035RES200mN2604600E3492000,10907.031696178841,4.679991184918481,5.9,171740000,17174
CRS3035RES200mN2604800E3488600,13104.78453445058,0.8725407292393218,1.1,171740000,17174
CRS3035RES200mN2604800E3491800,11325.659682267651,1.665759574292946,2.1,171740000,17174
CRS3035RES200mN2604800E3492000,11124.002643444246,5.790497567780177,7.3,171740000,17174
CRS3035RES200mN2605000E3492200,10591.181490578932,0.7138969604112584,0.9000000000000001,171740000,17174
CRS3035RES200mN2605200E3486800,12908.284649345842,0.9518626137499859,1.2000000000000002,171740000,17174
CRS3035RES200mN2605400E3486800,12857.12371728052,12.691501516484506,16,171740000,17174
CRS3035RES200mN2605400E3488000,12719.14151561916,4.600669299561696,5.799999999999999,171740000,17174
CRS3035RES200mN2605400E3488200,12767.525211981325,2.6969440722188196,3.4,171740000,17174
CRS3035RES200mN2605400E3488800,13216.91927852431,3.6488066858012065,4.6000000000000005,171740000,17174
CRS3035RES200mN2605400E3490800,11990.903954850135,1.665759574293054,2.1,171740000,17174
CRS3035RES200mN2605600E3487600,12706.786124171409,0.396609422365457,0.5,171740000,17174
CRS3035RES200mN2605600E3487800,12636.809484277273,0.951862613668544,1.2000000000000002,171740000,17174
CRS3035RES200mN2605600E3488000,12841.909755951105,9.042694830242562,11.4,171740000,17174
CRS3035RES200mN2605600E3488200,12666.839812766635,2.2210127652890566,2.8,171740000,17174
CRS3035RES200mN2605600E3488600,13155.029531276223,2.6969440723480447,3.4,171740000,17174
CRS3035RES200mN2605600E3488800,12938.435357118093,4.6006692995958245,5.799999999999999,171740000,17174
CRS3035RES200mN2605600E3489200,13174.404117492682,6.980325834868405,8.799999999999999,171740000,17174
CRS3035RES200mN2605600E3489400,13352.227176515678,2.617622188019265,3.3000000000000003,171740000,17174
CRS3035RES200mN2605600E3489600,13395.767411477642,3.96609422416476,5.000000000000001,171740000,17174
CRS3035RES200mN2605600E3493200,10676.72990559485,0.5954579956702167,0.9000000000000001,174570000,17457
CRS3035RES200mN2605800E3488000,12771.223061401266,8.566763523249822,10.8,171740000,17174
CRS3035RES200mN2605800E3488200,12794.713895846084,23.0033464978248,29,171740000,17174
CRS3035RES200mN2605800E3488400,12784.971825273602,23.00334649795579,29,171740000,17174
CRS3035RES200mN2605800E3489400,12782.245044141046,3.49016291742742,4.3999999999999995,171740000,17174
CRS3035RES200mN2605800E3489600,12023.065029183339,4.44202553124644,5.6000000000000005,171740000,17174
CRS3035RES200mN2605800E3490400,12482.023859266777,0.396609422450728,0.5,171740000,17174
CRS3035RES200mN2606000E3485400,13110.862802788191,14.039973554281296,17.7,171740000,17174
CRS3035RES200mN2606000E3485600,13115.451281047679,4.521347415791058,5.7,171740000,17174
CRS3035RES200mN2606000E3487000,12847.190732909728,10.86709817261356,13.7,171740000,17174
CRS3035RES200mN2606000E3487200,12872.309547473884,4.997278721843656,6.300000000000001,171740000,17174
CRS3035RES200mN2606000E3487400,13213.329797735089,0.4759313068569371,0.6,171740000,17174
CRS3035RES200mN2606000E3488000,12743.278826211861,8.725407292387535,11,171740000,17174
CRS3035RES200mN2606000E3488200,12704.336209005953,16.65759574015457,21,171740000,17174
CRS3035RES200mN2606000E3488400,12903.297569521725,0.555253191336445,0.7,171740000,17174
CRS3035RES200mN2606000E3489600,12639.461175770935,3.569484801849112,4.5,171740000,17174
CRS3035RES200mN2606200E3485400,12945.785157739083,4.521347415717533,5.7,171740000,17174
CRS3035RES200mN2606200E3485600,13115.914619970947,6.345750758998305,8,171740000,17174
CRS3035RES200mN2606200E3486800,13007.087169205772,1.2691501517774681,1.5999999999999999,171740000,17174
CRS3035RES200mN2606200E3487000,12691.912236607766,6.821682065070266,8.6,171740000,17174
CRS3035RES200mN2606200E3487200,13231.31062229727,0.8725407291837495,1.1,171740000,17174
CRS3035RES200mN2606200E3489600,12503.909106120578,2.221012765638574,2.8000000000000003,171740000,17174
CRS3035RES200mN2606200E3490400,12595.615375409263,0.9518626138817466,1.2,171740000,17174
CRS3035RES200mN2606400E3489400,12469.340516646478,2.221012765655584,2.8000000000000003,171740000,17174
CRS3035RES200mN2606600E3479000,11996.586014659806,1.3473336377983707,2,171070000,17107
CRS3035RES200mN2606600E3489400,12386.455396155268,0.4759313069264058,0.6,171740000,17174
CRS3035RES200mN2606600E3491800,11003.294301000504,1.348472036332467,1.6999999999999997,171740000,17174
CRS3035RES200mN2606800E3487800,12814.352808823654,4.521347415450446,5.7,171740000,17174
CRS3035RES200mN2606800E3488000,12614.567801572133,4.600669299552701,5.799999999999999,171740000,17174
CRS3035RES200mN2606800E3488200,12822.642644285497,6.107785105404481,7.7,171740000,17174
CRS3035RES200mN2606800E3489200,12655.934905928301,4.04541610884183,5.1000000000000005,171740000,17174
CRS3035RES200mN2606800E3489400,12201.417905301609,2.2210127656588865,2.8000000000000003,171740000,17174
CRS3035RES200mN2606800E3489600,11878.801895493034,2.221012765657262,2.8000000000000003,171740000,17174
CRS3035RES200mN2606800E3489800,12797.456963784247,8.566763524647643,10.8,171740000,17174
CRS3035RES200mN2607000E3487800,12951.606708239875,1.6657595741869933,2.0999999999999996,171740000,17174
CRS3035RES200mN2607000E3488000,12988.42745038327,6.821682065748873,8.6,171740000,17174
CRS3035RES200mN2607000E3488200,13083.875427780431,8.963372947099682,11.3,171740000,17174
CRS3035RES200mN2607000E3489000,12905.134337672614,12.612179633043883,15.9,171740000,17174
CRS3035RES200mN2607000E3489200,12883.137269325094,5.235244375897392,6.6,171740000,17174
CRS3035RES200mN2607000E3489400,12923.724470627594,2.617622188089029,3.3,171740000,17174
CRS3035RES200mN2607000E3491000,12331.181234562326,2.6969440726649405,3.4,171740000,17174
CRS3035RES200mN2607000E3496400,13578.453221274169,2.315669983162325,3.5,174570000,17457
CRS3035RES200mN2607000E3496600,13171.898703393226,6.020741956222083,9.100000000000001,174570000,17457
CRS3035RES200mN2607200E3478600,12468.647105653645,1.7653798455737555,2.6,171070000,17107
CRS3035RES200mN2607200E3491200,11688.921205741677,1.521725988935255,2.3000000000000003,174570000,17457
CRS3035RES200mN2607400E3478400,12043.175816499162,3.999054468304633,5.9,171070000,17107
CRS3035RES200mN2607400E3486800,13227.893238336133,0.8725407293915962,1.0999999999999999,171740000,17174
CRS3035RES200mN2607400E3490000,12387.364375730736,1.5217259889351837,2.3000000000000003,174570000,17457
CRS3035RES200mN2607400E3496800,12388.07425021952,3.6142448489852024,5.700000000000001,170630000,17063
CRS3035RES200mN2607600E3467800,10395.654529972655,0.9883521908054719,1.3000000000000003,174830000,17483
CRS3035RES200mN2607600E3478200,12266.261362595516,0.4734306735188704,0.7000000000000001,171070000,17107
CRS3035RES200mN2607600E3478400,12117.82956836225,3.511795609668048,5.2,171070000,17107
CRS3035RES200mN2607600E3490000,11926.079426071492,2.911127978832141,4.4,174570000,17457
CRS3035RES200mN2607600E3492800,12364.346472132627,1.8525359865298714,2.8,174570000,17457
CRS3035RES200mN2607600E3493200,11776.674627804452,0.5954579956703157,0.9000000000000001,174570000,17457
CRS3035RES200mN2607800E3477400,12126.58742261618,0.47343067351888146,0.7000000000000001,171070000,17107
CRS3035RES200mN2607800E3487200,13194.912226705621,1.6657595742930429,2.0999999999999996,171740000,17174
CRS3035RES200mN2607800E3487400,13229.315840628575,7.694222795544081,9.700000000000001,171740000,17174
CRS3035RES200mN2607800E3487600,13115.066197261385,0.872540729362392,1.0999999999999999,171740000,17174
CRS3035RES200mN2607800E3490000,11785.74742276022,1.124753991821053,1.6999999999999997,174570000,17457
CRS3035RES200mN2607800E3491800,13337.597802153457,3.7712339725786643,5.7,174570000,17457
CRS3035RES200mN2607800E3492000,13234.911170861937,4.366691968249036,6.6,174570000,17457
CRS3035RES200mN2607800E3493000,12152.922704248444,1.5217259887834333,2.3,174570000,17457
CRS3035RES200mN2607800E3495600,11754.530467445456,0.6340780436815451,1,170630000,17063
CRS3035RES200mN2607800E3495800,11985.764230193272,0.634078043681616,1,170630000,17063
CRS3035RES200mN2608000E3488200,13181.385192704127,0.8725407293915979,1.1,171740000,17174
CRS3035RES200mN2608000E3490000,12283.077604767652,0.860105993745979,1.3,174570000,17457
CRS3035RES200mN2608000E3494600,12596.12559351338,19.84859985550831,30,174570000,17457
CRS3035RES200mN2608000E3494800,12617.346587676619,0.7277819946845385,1.1,174570000,17457
CRS3035RES200mN2608000E3495600,11569.612615625972,4.818993131979718,7.6,170630000,17063
CRS3035RES200mN2608000E3495800,11334.897641151872,9.511170655221514,15,170630000,17063
CRS3035RES200mN2608000E3496000,11616.867841005893,5.5798867843977185,8.8,170630000,17063
CRS3035RES200mN2608200E3476600,11491.612556299027,0.8147906979571201,1.2000000000000002,171070000,17107
CRS3035RES200mN2608200E3486800,12988.561254934586,1.0311844983718848,1.3,171740000,17174
CRS3035RES200mN2608200E3487000,13114.719376330673,1.5071158053127613,1.9,171740000,17174
CRS3035RES200mN2608200E3488600,13130.137602697952,2.1416908812339135,2.7,171740000,17174
CRS3035RES200mN2608200E3488800,13196.781929753597,0.39660942245072545,0.5,171740000,17174
CRS3035RES200mN2608200E3490200,11726.669006735343,0.46313399663233956,0.7,174570000,17457
CRS3035RES200mN2608200E3494400,12599.530736460689,12.04148391186756,18.2,174570000,17457
CRS3035RES200mN2608200E3494600,11399.148683794727,17.86373987010893,27,174570000,17457
CRS3035RES200mN2608200E3494800,12186.779114897992,4.035881970653919,6.1000000000000005,174570000,17457
CRS3035RES200mN2608200E3495600,12023.62216226479,5.770110197502702,9.100000000000001,170630000,17063
CRS3035RES200mN2608200E3495800,11449.12941626376,7.989383350386645,12.600000000000001,170630000,17063
CRS3035RES200mN2608200E3496000,11990.799127453567,3.487429240248913,5.5,170630000,17063
CRS3035RES200mN2608200E3496400,12321.445144548017,1.7120107179403632,2.7,170630000,17063
CRS3035RES200mN2608400E3467200,9916.419864118796,0.9883521908178572,1.2999999999999998,174830000,17483
CRS3035RES200mN2608400E3467800,9048.41545980044,19.608808058408872,26,174830000,17483
CRS3035RES200mN2608400E3468000,9493.656868821236,15.001481240505118,20,174830000,17483
CRS3035RES200mN2608400E3468400,10282.83177370951,1.5831074072470892,2.1,174830000,17483
CRS3035RES200mN2608400E3487200,13135.637548479113,1.0311844983719023,1.3,171740000,17174
CRS3035RES200mN2608400E3487400,13173.467023854308,6.66303829717206,8.399999999999999,171740000,17174
CRS3035RES200mN2608400E3488800,12825.534399673592,2.1416908812339197,2.7,171740000,17174
CRS3035RES200mN2608400E3494400,11821.046822162483,4.03588197065407,6.1000000000000005,174570000,17457
CRS3035RES200mN2608400E3495800,11875.081253157316,12.491337460527838,19.700000000000003,170630000,17063
CRS3035RES200mN2608600E3467200,10744.608618347513,1.4445147404260974,1.9,174830000,17483
CRS3035RES200mN2608600E3467600,9772.14356266349,10.408948840902394,13.8,174830000,17483
CRS3035RES200mN2608600E3467800,8945.342491930885,34.26880985953222,46,174830000,17483
CRS3035RES200mN2608600E3468000,9100.896718755508,25.465889458686966,34,174830000,17483
CRS3035RES200mN2608600E3468200,9329.134043085716,0.7573011076926464,1,174830000,17483
CRS3035RES200mN2608600E3476200,11467.306111326898,2.4925672299269768,3.7,171070000,17107
CRS3035RES200mN2608600E3487400,13195.173786235055,1.9830471122536335,2.5,171740000,17174
CRS3035RES200mN2608600E3487600,13088.588147345032,1.9830471122536293,2.5,171740000,17174
CRS3035RES200mN2608600E3488000,13020.197644217451,0.8725407293915971,1.1,171740000,17174
CRS3035RES200mN2608600E3489200,13312.07683730746,1.3232399903784955,2,174570000,17457
CRS3035RES200mN2608600E3489400,12769.710037854114,3.837395971667171,5.8,174570000,17457
CRS3035RES200mN2608600E3490000,12024.201587408043,5.2267979619936185,7.8999999999999995,174570000,17457
CRS3035RES200mN2608600E3490200,10248.40413443079,4.300529968721861,6.5,174570000,17457
CRS3035RES200mN2608600E3491400,12626.127974451021,1.7202119874918662,2.6,174570000,17457
CRS3035RES200mN2608600E3492600,13181.615405590219,1.4555639892596295,2.2,174570000,17457
CRS3035RES200mN2608600E3492800,12890.820667057365,3.4404239746134473,5.199999999999999,174570000,17457
CRS3035RES200mN2608600E3493800,11909.053330572713,1.3949716960991674,2.2,170630000,17063
CRS3035RES200mN2608800E3467200,10626.36501480401,0.9883521907398954,1.2999999999999998,174830000,17483
CRS3035RES200mN2608800E3467400,9806.587007176451,3.2691649388590434,4.3,174830000,17483
CRS3035RES200mN2608800E3467600,9780.518407962129,4.670273982033609,6.2,174830000,17483
CRS3035RES200mN2608800E3467800,9091.037838948765,37.61185257432981,51,174830000,17483
CRS3035RES200mN2608800E3468000,9470.938112409352,8.207878535594674,10.8,174830000,17483
CRS3035RES200mN2608800E3486000,12442.054582252762,2.302541193146221,3.2,173400000,17340
CRS3035RES200mN2608800E3487800,13498.823274868135,2.5383003036846485,3.2,171740000,17174
CRS3035RES200mN2608800E3488800,12955.818893802123,0.7277819945929993,1.1,174570000,17457
CRS3035RES200mN2608800E3489400,12718.170801307231,1.0585919921218594,1.6,174570000,17457
CRS3035RES200mN2608800E3489800,12388.78600851769,7.145495947575466,10.8,174570000,17457
CRS3035RES200mN2608800E3490000,12388.13941229485,9.26267993191813,14,174570000,17457
CRS3035RES200mN2608800E3490200,10392.768921938887,9.06419393405561,13.700000000000001,174570000,17457
CRS3035RES200mN2608800E3490400,10927.210411995551,0.4631339966317071,0.7,174570000,17457
CRS3035RES200mN2608800E3491000,12434.152950602953,1.2570779908594123,1.9000000000000001,174570000,17457
CRS3035RES200mN2608800E3492600,12719.978554912474,0.7939439941537366,1.2000000000000002,174570000,17457
CRS3035RES200mN2608800E3492800,12842.267707514591,4.8959879639382935,7.3999999999999995,174570000,17457
CRS3035RES200mN2608800E3493800,11591.612761569499,3.9312838708252333,6.199999999999999,170630000,17063
CRS3035RES200mN2608800E3494000,11138.469258588875,7.101674089232742,11.2,170630000,17063
CRS3035RES200mN2608800E3496000,12651.810833744243,16.48602913572214,26,170630000,17063
CRS3035RES200mN2608800E3496200,10021.261772719237,3.804468262063019,6,170630000,17063
CRS3035RES200mN2609000E3467800,9473.986916310545,1.885828248705896,2.5,174830000,17483
CRS3035RES200mN2609000E3477000,11198.743056136116,1.2126002739962538,1.8,171070000,17107
CRS3035RES200mN2609000E3477800,11980.691089102316,0.8115954403042713,1.2000000000000002,171070000,17107
CRS3035RES200mN2609000E3485800,10813.788541622682,7.4832588777149125,10.399999999999999,173400000,17340
CRS3035RES200mN2609000E3486000,12169.607434465026,15.68606187463148,21.799999999999997,173400000,17340
CRS3035RES200mN2609000E3489800,12420.835335463707,3.506585974467761,5.3,174570000,17457
CRS3035RES200mN2609000E3490000,11399.096716724813,2.8449659793133235,4.3,174570000,17457
CRS3035RES200mN2609000E3490400,10583.120186854303,8.33641193935743,12.600000000000001,174570000,17457
CRS3035RES200mN2609000E3490600,10640.98866352453,4.7636639653547155,7.2,174570000,17457
CRS3035RES200mN2609000E3494000,12231.114793460767,1.0145248697728015,1.5999999999999999,170630000,17063
CRS3035RES200mN2609000E3496200,9521.53417664695,1.8388263266688711,2.9000000000000004,170630000,17063
CRS3035RES200mN2609000E3499000,11588.917886063226,1.7754185223085304,2.8,170630000,17063
CRS3035RES200mN2609000E3499200,11724.830766306552,0.31703902184080895,0.5,170630000,17063
CRS3035RES200mN2609200E3485800,10164.266530260846,2.374495605428533,3.3,173400000,17340
CRS3035RES200mN2609200E3486000,11381.96787675097,7.627167701172532,10.6,173400000,17340
CRS3035RES200mN2609200E3489800,12302.138429464267,2.646479980756817,3.9999999999999996,174570000,17457
CRS3035RES200mN2609200E3490000,11602.264193127668,3.903557971616098,5.9,174570000,17457
CRS3035RES200mN2609200E3490200,10602.747856764418,17.863739870066233,27,174570000,17457
CRS3035RES200mN2609200E3490400,10596.360207555528,15.166093540611957,23,174570000,17457
CRS3035RES200mN2609200E3490600,12428.577525242881,5.756093958145685,8.7,174570000,17457
CRS3035RES200mN2609200E3493200,12361.448750385132,5.643294587955005,8.9,170630000,17063
CRS3035RES200mN2609400E3469800,10512.221724127428,0.7559718465926261,1,174830000,17483
CRS3035RES200mN2609400E3476600,11170.542031096014,0.47715847409776613,0.7,171070000,17107
CRS3035RES200mN2609400E3480400,11461.088484857495,2.4108658743633296,3,170180000,17018
CRS3035RES200mN2609400E3487000,12162.06321447383,4.173355911658029,5.8,173400000,17340
CRS3035RES200mN2609400E3488000,13206.394335987794,3.0142316106255045,3.8,171740000,17174
CRS3035RES200mN2609400E3489600,10933.944088381459,1.9186979860483289,2.9,174570000,17457
CRS3035RES200mN2609400E3489800,10686.007936494547,20.973353847461272,31.7,174570000,17457
CRS3035RES200mN2609400E3490000,10656.064134217679,9.924299927824666,15,174570000,17457
CRS3035RES200mN2609400E3490200,10593.799188570234,29.772899783444377,45,174570000,17457
CRS3035RES200mN2609400E3490400,10635.228430375031,20.51021985080102,31,174570000,17457
CRS3035RES200mN2609400E3490600,10445.12166906137,1.4555639894128178,2.1999999999999997,174570000,17457
CRS3035RES200mN2609400E3493200,12318.238334919417,3.931283870298995,6.2,170630000,17063
CRS3035RES200mN2609400E3495400,12366.217879769149,3.360613631512553,5.300000000000001,170630000,17063
CRS3035RES200mN2609400E3495600,12298.98573436096,5.453071175661918,8.6,170630000,17063
CRS3035RES200mN2609400E3497400,9337.862202959228,4.81899313196038,7.6,170630000,17063
CRS3035RES200mN2609400E3497600,9445.830455521213,2.7265355878097934,4.3,170630000,17063
CRS3035RES200mN2609600E3473400,11083.179698870634,1.1681637486786924,1.4000000000000001,170320000,17032
CRS3035RES200mN2609600E3477800,11082.315150897222,1.2078073875599649,1.8,171070000,17107
CRS3035RES200mN2609600E3483400,12662.199481308735,1.3046115414104615,1.8,172030000,17203
CRS3035RES200mN2609600E3483600,12486.950176750835,1.7280905653564143,2.4000000000000004,172030000,17203
CRS3035RES200mN2609600E3487200,11679.818481989678,3.237948552255157,4.5,173400000,17340
CRS3035RES200mN2609600E3490000,11065.887035983687,0.7277819947072363,1.1,174570000,17457
CRS3035RES200mN2609600E3490200,10791.672881914632,12.570779908575101,19,174570000,17457
CRS3035RES200mN2609600E3490400,10531.781206511685,22.49507983639773,34,174570000,17457
CRS3035RES200mN2609600E3490600,10387.64016823571,0.7277819947074793,1.1,174570000,17457
CRS3035RES200mN2609600E3493400,12688.563391862726,1.7120107179403585,2.6999999999999997,170630000,17063
CRS3035RES200mN2609600E3493600,12225.018408734226,6.721227262017922,10.600000000000001,170630000,17063
CRS3035RES200mN2609600E3495200,10651.381176204957,1.3315638917313897,2.1,170630000,17063
CRS3035RES200mN2609600E3495600,11185.037397091544,4.882400936348421,7.700000000000001,170630000,17063
CRS3035RES200mN2609600E3497400,9868.848879527008,1.2047482829878908,1.9,170630000,17063
CRS3035RES200mN2609600E3498200,9663.836705414738,0.8877092611469707,1.4,170630000,17063
CRS3035RES200mN2609800E3470000,10577.274795988773,2.033019798257462,2.7,174830000,17483
CRS3035RES200mN2609800E3473400,11128.993430631168,9.953149058996386,12,170320000,17032
CRS3035RES200mN2609800E3483400,11794.257373114819,1.3046115414104575,1.8,172030000,17203
CRS3035RES200mN2609800E3486400,11200.219918689878,0.5036808860003603,0.7000000000000001,173400000,17340
CRS3035RES200mN2609800E3488400,13602.644033752324,2.8449659793137627,4.300000000000001,174570000,17457
CRS3035RES200mN2609800E3488600,13698.670167841688,1.0585919923027853,1.6,174570000,17457
CRS3035RES200mN2609800E3490200,10369.3879336202,2.580317981236728,3.9000000000000004,174570000,17457
CRS3035RES200mN2609800E3490400,10174.818199267142,14.555639894120208,22,174570000,17457
CRS3035RES200mN2609800E3492000,12033.747894229547,1.8525359865294773,2.8000000000000003,174570000,17457
CRS3035RES200mN2609800E3493400,12617.953365876685,3.360613631512555,5.3,170630000,17063
CRS3035RES200mN2609800E3493600,12500.426428105062,4.692177522523067,7.4,170630000,17063
CRS3035RES200mN2609800E3495200,11757.377651287314,1.6486029135721998,2.6,170630000,17063
CRS3035RES200mN2609800E3497200,9684.554446045615,0.88770926114902,1.4,170630000,17063
CRS3035RES200mN2609800E3498200,11578.465930762688,3.043574609671762,4.8,170630000,17063
CRS3035RES200mN2610000E3467800,10840.196661480764,0.4544787550359927,0.6000000000000001,174830000,17483
CRS3035RES200mN2610000E3473400,11010.525505294394,16.243483742000002,19.6,170320000,17032
CRS3035RES200mN2610000E3477000,10687.823733986845,1.145233592106979,1.7,171070000,17107
CRS3035RES200mN2610000E3484800,11853.918660203406,1.0073617718367152,1.4,173400000,17340
CRS3035RES200mN2610000E3486400,11095.96716314863,1.7988603071425373,2.5,173400000,17340
CRS3035RES200mN2610000E3491800,12206.225435824563,8.336411939062415,12.600000000000001,174570000,17457
CRS3035RES200mN2610000E3492000,12306.955229280842,6.682361951025228,10.100000000000001,174570000,17457
CRS3035RES200mN2610000E3498200,9817.223586912332,4.05809947953883,6.4,170630000,17063
CRS3035RES200mN2610200E3472400,11114.77703112171,3.352784785580678,4.1,170320000,17032
CRS3035RES200mN2610200E3472600,10743.99649424758,11.730881749177522,14.2,170320000,17032
CRS3035RES200mN2610200E3475800,11051.929185726003,3.2208197001598795,4.8,171070000,17107
CRS3035RES200mN2610200E3480800,10727.82316931492,0.5625353706195282,0.7000000000000001,170180000,17018
CRS3035RES200mN2610200E3484400,11029.032975706323,8.47276965121897,11.799999999999999,172030000,17203
CRS3035RES200mN2610200E3486400,12208.282315347808,1.5829970699715146,2.2,173400000,17340
CRS3035RES200mN2610200E3486600,10947.116499878026,22.305867808589905,31,173400000,17340
CRS3035RES200mN2610200E3486800,11641.734351527817,0.7914985350139679,1.1,173400000,17340
CRS3035RES200mN2610200E3487200,10642.503921520327,1.0073617718644736,1.4,173400000,17340
CRS3035RES200mN2610200E3487600,11694.897385716451,2.5184044299994897,3.5,173400000,17340
CRS3035RES200mN2610200E3487800,12101.475480804615,1.511042657733228,2.0999999999999996,173400000,17340
CRS3035RES200mN2610200E3491400,13074.97705910097,1.455563989416329,2.2,174570000,17457
CRS3035RES200mN2610200E3497200,9611.936746941203,0.31703902183958244,0.5,170630000,17063
CRS3035RES200mN2610400E3472400,10841.351363691318,0.997356612317268,1.2000000000000002,170320000,17032
CRS3035RES200mN2610400E3472600,10917.877140708284,2.086006694069113,2.5,170320000,17032
CRS3035RES200mN2610400E3477000,10691.495414707688,3.2806399195295386,4.9,171070000,17107
CRS3035RES200mN2610400E3477200,10818.533858430468,4.531407874849344,6.7,171070000,17107
CRS3035RES200mN2610400E3481800,11387.248030682265,2.009054895278044,2.5,170180000,17018
CRS3035RES200mN2610400E3484400,11536.116054728162,5.9908213259611935,8.3,172030000,17203
CRS3035RES200mN2610400E3486600,11375.728765136211,9.210164770673709,12.799999999999999,173400000,17340
CRS3035RES200mN2610400E3486800,11225.956050645607,10.793161842862569,15,173400000,17340
CRS3035RES200mN2610400E3487000,10442.005158694292,15.829970702870511,22,173400000,17340
CRS3035RES200mN2610400E3487200,10108.014162420337,6.619805930288946,9.200000000000001,173400000,17340
CRS3035RES200mN2610400E3487600,12078.391595515834,3.597720613418805,5,173400000,17340
CRS3035RES200mN2610400E3487800,12113.999832985792,6.1161250430714755,8.5,173400000,17340
CRS3035RES200mN2610600E3468400,9533.706850319762,4.16345233367698,5.6,174830000,17483
CRS3035RES200mN2610600E3468600,8822.657012025407,1.5205418320274093,2,174830000,17483
CRS3035RES200mN2610600E3469600,10245.308261581245,1.817522658574585,2.4,174830000,17483
CRS3035RES200mN2610600E3476200,11087.490536846737,1.5633055641379092,2.3,171070000,17107
CRS3035RES200mN2610600E3477200,9764.077558334955,44.88738941931887,67,171070000,17107
CRS3035RES200mN2610600E3477400,9825.517716579438,3.270521674590545,4.9,171070000,17107
CRS3035RES200mN2610600E3481800,11587.047709393097,3.5359366156760883,4.3999999999999995,170180000,17018
CRS3035RES200mN2610600E3483200,10813.40144218492,0.6472096318336366,0.8999999999999999,172030000,17203
CRS3035RES200mN2610600E3484800,11260.059344352687,9.117084307302083,12.700000000000001,172030000,17203
CRS3035RES200mN2610600E3487600,12037.158708192832,1.0073617717989978,1.4,173400000,17340
CRS3035RES200mN2610600E3487800,12146.860938953796,7.123486814849178,9.9,173400000,17340
CRS3035RES200mN2610600E3497200,9462.872618303149,0.3170390218385733,0.5,170630000,17063
CRS3035RES200mN2610800E3468400,10847.317762567975,20.7008042322135,27.9,174830000,17483
CRS3035RES200mN2610800E3468600,7634.797372557008,38.304223640150056,51,174830000,17483
CRS3035RES200mN2610800E3468800,8698.080432819503,2.6369578675468586,3.5000000000000004,174830000,17483
CRS3035RES200mN2610800E3474200,10988.51830384125,2.567363556776459,3.1,170320000,17032
CRS3035RES200mN2610800E3476000,10851.179131400986,0.4057977201590391,0.6,171070000,17107
CRS3035RES200mN2610800E3477200,9416.122190035487,11.209641307597723,16.8,171070000,17107
CRS3035RES200mN2610800E3477400,9838.937818599254,28.450161620457052,42,171070000,17107
CRS3035RES200mN2610800E3477600,9812.3367007818415,4.9044622022403,7.2,171070000,17107
CRS3035RES200mN2610800E3480200,10458.795803603458,3.535936615338467,4.3999999999999995,170180000,17018
CRS3035RES200mN2610800E3480400,10411.055413672651,13.018675720137201,16.2,170180000,17018
CRS3035RES200mN2610800E3480600,10495.178526831181,12.77758913252226,15.9,170180000,17018
CRS3035RES200mN2610800E3480800,10345.888189290017,3.134125636466911,3.9000000000000004,170180000,17018
CRS3035RES200mN2610800E3482600,11531.232376503307,5.705715902573781,7.1,170180000,17018
CRS3035RES200mN2610800E3482800,11465.113078955053,1.0827705622637251,1.5,172030000,17203
CRS3035RES200mN2610800E3484800,11236.962263762178,5.6091501428871915,7.8,172030000,17203
CRS3035RES200mN2610800E3485000,11384.685156009591,1.014697865541471,1.4,172030000,17203
CRS3035RES200mN2610800E3488000,11307.884085747306,9.857754483152839,13.7,173400000,17340
CRS3035RES200mN2610800E3492000,12870.247775938418,0.6616199951892326,1,174570000,17457
CRS3035RES200mN2610800E3497200,12313.177331891193,0.76851065314577,1.1,173590000,17359
CRS3035RES200mN2610800E3497400,12972.14099061895,1.0479690724714972,1.5,173590000,17359
CRS3035RES200mN2611000E3468400,7626.1393480787,10.176884180972136,13.8,174830000,17483
CRS3035RES200mN2611000E3468600,7457.017131431968,8.936548668132,11.899999999999999,174830000,17483
CRS3035RES200mN2611000E3468800,7657.697408700424,3.649300396865593,4.8,174830000,17483
CRS3035RES200mN2611000E3477000,9785.901681300098,8.82689922687706,13,171070000,17107
CRS3035RES200mN2611000E3477200,9383.50753562371,17.585116655844644,26,171070000,17107
CRS3035RES200mN2611000E3477400,9759.263691710295,50.97200157564331,76,171070000,17107
CRS3035RES200mN2611000E3477600,9630.733605523477,4.572537152959757,6.799999999999999,171070000,17107
CRS3035RES200mN2611000E3477800,9750.580586885106,0.405797720121731,0.6,171070000,17107
CRS3035RES200mN2611000E3480200,10254.426693984626,6.911148838854858,8.6,170180000,17018
CRS3035RES200mN2611000E3480400,10405.89013671699,36.966610068906355,46,170180000,17018
CRS3035RES200mN2611000E3480600,10352.243488715641,38.57385398553706,48,170180000,17018
CRS3035RES200mN2611000E3480800,10022.860427161086,9.964912279828367,12.4,170180000,17018
CRS3035RES200mN2611000E3482400,11396.351403357537,3.2948500282490603,4.1,170180000,17018
CRS3035RES200mN2611000E3482600,11381.772020718548,8.036219581101644,10,170180000,17018
CRS3035RES200mN2611000E3482800,11297.18369633515,1.3046115414104573,1.7999999999999998,172030000,17203
CRS3035RES200mN2611000E3485600,11168.11811841275,0.7247348058492498,1,172030000,17203
CRS3035RES200mN2611000E3488200,12001.353748415551,1.654951482401971,2.3,173400000,17340
CRS3035RES200mN2611000E3497200,12367.687090777246,3.6329594512345342,5.199999999999999,173590000,17359
CRS3035RES200mN2611000E3497400,12412.014977062321,4.052147080223128,5.8,173590000,17359
CRS3035RES200mN2611200E3468400,7763.022344642059,6.806121879585281,9,174830000,17483
CRS3035RES200mN2611200E3469400,8460.653161420547,1.8246501984326167,2.4,174830000,17483
CRS3035RES200mN2611200E3470600,10456.572187858485,1.520541832027476,2,174830000,17483
CRS3035RES200mN2611200E3475400,9738.86570611523,8.28321649013595,10,170320000,17032
CRS3035RES200mN2611200E3475600,9768.814024774825,15.396377175999623,18.5,170320000,17032
CRS3035RES200mN2611200E3476800,9523.060234219742,7.888138817222226,11.7,171070000,17107
CRS3035RES200mN2611200E3477000,9110.438227552713,19.58037135861735,29,171070000,17107
CRS3035RES200mN2611200E3477200,8336.410802484354,6.748384133659274,9.899999999999999,171070000,17107
CRS3035RES200mN2611200E3477400,9224.01680236032,52.92151711613126,79,171070000,17107
CRS3035RES200mN2611200E3477600,9251.831867431534,17.565340603388375,26,171070000,17107
CRS3035RES200mN2611200E3480000,10376.264333713,14.384833048699786,17.9,170180000,17018
CRS3035RES200mN2611200E3480200,10513.282081134437,25.714775329758467,32,170180000,17018
CRS3035RES200mN2611200E3480400,10314.269957242423,23.305036782868246,29,170180000,17018
CRS3035RES200mN2611200E3480600,10491.903550761877,24.10865874059641,30,170180000,17018
CRS3035RES200mN2611200E3480800,10372.741870523902,16.956423314923033,21.099999999999998,170180000,17018
CRS3035RES200mN2611200E3482000,11581.235449598154,0.4821731748726646,0.6,170180000,17018
CRS3035RES200mN2611200E3484600,11305.903429689606,1.014697865541466,1.4,172030000,17203
CRS3035RES200mN2611200E3488000,9234.565260313944,2.8781764914243775,4,173400000,17340
CRS3035RES200mN2611200E3497200,12469.007340351425,12.575628869658011,18,173590000,17359
CRS3035RES200mN2611200E3497400,12502.813820451018,11.807118216512292,16.9,173590000,17359
CRS3035RES200mN2611400E3468200,7581.49706911063,4.098661943815162,5.5,174830000,17483
CRS3035RES200mN2611400E3468400,7673.921131971851,8.099735212549994,10.799999999999999,174830000,17483
CRS3035RES200mN2611400E3469600,8615.644680306717,0.91232509921638,1.2,174830000,17483
CRS3035RES200mN2611400E3470000,10365.601461000146,0.98835219081786,1.3,174830000,17483
CRS3035RES200mN2611400E3470400,10865.508149281084,2.4233635447937902,3.2,174830000,17483
CRS3035RES200mN2611400E3475600,9293.887975799747,7.07887616909511,8.5,170320000,17032
CRS3035RES200mN2611400E3475800,9465.235232710598,25.07949298756205,31,170320000,17032
CRS3035RES200mN2611400E3476000,9225.144819344154,37.52922609847627,46,170320000,17032
CRS3035RES200mN2611400E3476200,9158.671968119164,2.113130385288978,3.1,171070000,17107
CRS3035RES200mN2611400E3476400,8488.775698379124,0.879228393676877,1.3,171070000,17107
CRS3035RES200mN2611400E3476800,7971.129994568502,2.908216994465085,4.3,171070000,17107
CRS3035RES200mN2611400E3477000,8464.462912223575,12.925719323446348,19,171070000,17107
CRS3035RES200mN2611400E3477200,9281.729642042832,1.6974806207437916,2.5,171070000,17107
CRS3035RES200mN2611400E3477400,9326.404845095038,23.63134779231153,35,171070000,17107
CRS3035RES200mN2611400E3477600,9149.264077863167,36.87877543052583,55,171070000,17107
CRS3035RES200mN2611400E3477800,9292.486049884566,16.937020178692645,25,171070000,17107
CRS3035RES200mN2611400E3478000,9935.491994022937,3.2719438218858437,4.8,171070000,17107
CRS3035RES200mN2611400E3480000,10489.148094751745,1.5268817202325549,1.9,170180000,17018
CRS3035RES200mN2611400E3480200,10470.591568668327,26.51952461448241,33,170180000,17018
CRS3035RES200mN2611400E3480400,10619.741666649012,17.679683076615564,22,170180000,17018
CRS3035RES200mN2611400E3480800,10323.555159653575,1.5268817202812843,1.9,170180000,17018
CRS3035RES200mN2611400E3481000,10235.219612159945,15.268817202961694,19,170180000,17018
CRS3035RES200mN2611400E3486800,11670.791192796109,1.2232250088589425,1.7,173400000,17340
CRS3035RES200mN2611400E3487400,9463.072645260889,2.014723544000745,2.8,173400000,17340
CRS3035RES200mN2611400E3487600,9519.441011237606,1.5110426580013907,2.1,173400000,17340
CRS3035RES200mN2611400E3490800,10484.773336189859,1.3894043333445003,2.2,174340101,17434
CRS3035RES200mN2611400E3491800,10769.63648935159,0.7578569090969985,1.2000000000000002,174340101,17434
CRS3035RES200mN2611400E3494000,11651.258819926945,0.4191876289538409,0.6000000000000001,173590000,17359
CRS3035RES200mN2611400E3494200,11899.99130415453,2.654854983293418,3.8,173590000,17359
CRS3035RES200mN2611400E3494400,11655.994898383999,2.654854983372243,3.8,173590000,17359
CRS3035RES200mN2611400E3494800,11352.289559751824,0.41918762897360884,0.6000000000000001,173590000,17359
CRS3035RES200mN2611400E3496600,12261.128321370505,5.30970996718896,7.6,173590000,17359
CRS3035RES200mN2611400E3497200,13340.907572393533,1.3274274917972342,1.9,173590000,17359
CRS3035RES200mN2611600E3468200,7782.411887828814,4.958712168907322,6.6000000000000005,174830000,17483
CRS3035RES200mN2611600E3468400,7194.521863170289,1.367315524171562,1.7999999999999998,174830000,17483
CRS3035RES200mN2611600E3470000,10387.070755228087,0.9844914400724744,1.3,174830000,17483
CRS3035RES200mN2611600E3470200,10037.850559490815,36.38590832775549,48,174830000,17483
CRS3035RES200mN2611600E3470400,10444.407040423977,9.883521908178698,13,174830000,17483
CRS3035RES200mN2611600E3475600,9807.818850453146,4.005132851813203,4.8,170320000,17032
CRS3035RES200mN2611600E3475800,8605.08567181153,50.960836757242156,62,170320000,17032
CRS3035RES200mN2611600E3476000,8606.00481393202,48.40388977618058,60,170320000,17032
CRS3035RES200mN2611600E3476200,8676.542194448308,14.94223241712139,22,171070000,17107
CRS3035RES200mN2611600E3477200,8710.878861336301,3.772534185830867,5.6,171070000,17107
CRS3035RES200mN2611600E3477400,8619.539592879633,26.58610525407446,40,171070000,17107
CRS3035RES200mN2611600E3477600,9253.424490342793,13.557850832522156,20,171070000,17107
CRS3035RES200mN2611600E3477800,9988.332930853801,33.590267050643554,50,171070000,17107
CRS3035RES200mN2611600E3478000,9219.180934175474,16.908238339955904,25,171070000,17107
CRS3035RES200mN2611600E3480200,10419.730399929089,9.72382569216626,12.100000000000001,170180000,17018
CRS3035RES200mN2611600E3480400,10671.296310559013,18.483305034629808,23,170180000,17018
CRS3035RES200mN2611600E3481200,10349.360053063374,2.4912280699691682,3.1000000000000005,170180000,17018
CRS3035RES200mN2611600E3482200,11417.369910120366,1.9286926994704765,2.4,170180000,17018
CRS3035RES200mN2611600E3482400,11470.913628572354,25.715902659279507,32,170180000,17018
CRS3035RES200mN2611600E3483000,10553.969988294311,2.100384253771603,2.9,172030000,17203
CRS3035RES200mN2611600E3486400,11684.301020482531,0.7914985351440219,1.1,173400000,17340
CRS3035RES200mN2611600E3486600,11889.924320006741,5.108763272293161,7.1000000000000005,173400000,17340
CRS3035RES200mN2611600E3486800,9791.371994399968,14.390882457142729,20,173400000,17340
CRS3035RES200mN2611600E3488800,10441.398618536581,0.7914985351419624,1.1,173400000,17340
CRS3035RES200mN2611600E3489000,9670.144183709495,2.3744956054247695,3.3,173400000,17340
CRS3035RES200mN2611600E3491000,10538.440825609245,0.37892845454849905,0.6000000000000001,174340101,17434
CRS3035RES200mN2611600E3491800,10540.680410962363,3.2208918636622514,5.1,174340101,17434
CRS3035RES200mN2611600E3494000,11569.399993103689,4.820657732925382,6.8999999999999995,173590000,17359
CRS3035RES200mN2611600E3494200,11990.481425048598,14.67156701324017,21,173590000,17359
CRS3035RES200mN2611600E3494400,11059.895191841177,0.9082398627499777,1.3,173590000,17359
CRS3035RES200mN2611600E3496600,12249.117042793943,3.0740426125830647,4.4,173590000,17359
CRS3035RES200mN2611600E3496800,12482.03061617107,1.5370213062915303,2.2,173590000,17359
CRS3035RES200mN2611800E3468200,7530.189232062159,1.3684876488246462,1.7999999999999998,174830000,17483
CRS3035RES200mN2611800E3470200,9892.45945896045,5.792814813194353,7.8,174830000,17483
CRS3035RES200mN2611800E3470400,10174.759094259298,13.384032918850718,18,174830000,17483
CRS3035RES200mN2611800E3475600,8269.397274958617,14.129218674475853,17,170320000,17032
CRS3035RES200mN2611800E3475800,8707.49165612919,11.720761710437113,14.2,170320000,17032
CRS3035RES200mN2611800E3476000,8683.999717819614,26.287293792676678,32,170320000,17032
CRS3035RES200mN2611800E3476200,8744.53312986701,9.53704825647535,11.7,170320000,17032
CRS3035RES200mN2611800E3477200,7820.528768261633,12.827452836567836,19,171070000,17107
CRS3035RES200mN2611800E3477600,8306.054959122468,5.296139536707891,7.8,171070000,17107
CRS3035RES200mN2611800E3477800,8733.15328463182,1.2173931604743613,1.7999999999999998,171070000,17107
CRS3035RES200mN2611800E3481400,10498.823148926098,11.893604979160546,14.8,170180000,17018
CRS3035RES200mN2611800E3481600,11375.374566120216,3.214487832444784,3.9999999999999996,170180000,17018
CRS3035RES200mN2611800E3482400,11238.732695391607,1.9286926994707425,2.4,170180000,17018
CRS3035RES200mN2611800E3482800,10239.691428089125,11.401999911621713,15.8,172030000,17203
CRS3035RES200mN2611800E3483000,9870.626612356926,23.550994960585314,33,172030000,17203
CRS3035RES200mN2611800E3483200,10268.768906015695,1.733302718347275,2.4000000000000004,172030000,17203
CRS3035RES200mN2611800E3486600,11813.158798878263,4.964854447721601,6.9,173400000,17340
CRS3035RES200mN2611800E3486800,11704.583876598448,4.38921914943508,6.1,173400000,17340
CRS3035RES200mN2611800E3487800,9259.784736165191,0.7914985351425364,1.1,173400000,17340
CRS3035RES200mN2611800E3488000,9027.323574729691,1.223225008855078,1.7,173400000,17340
CRS3035RES200mN2611800E3488200,9175.874902956302,11.440751553433023,15.900000000000002,173400000,17340
CRS3035RES200mN2611800E3488800,9183.964931728993,13.671338334266833,19,173400000,17340
CRS3035RES200mN2611800E3489000,9594.08147336452,15.110426580009115,21,173400000,17340
CRS3035RES200mN2611800E3491800,10497.589043005091,5.431307848528505,8.600000000000001,174340101,17434
CRS3035RES200mN2611800E3494000,12002.163191504456,10.549555328849893,15.1,173590000,17359
CRS3035RES200mN2611800E3494200,11742.096454784489,6.357679038977838,9.100000000000001,173590000,17359
CRS3035RES200mN2611800E3494400,11425.29406309915,1.8164797254717815,2.6,173590000,17359
CRS3035RES200mN2611800E3494600,11259.710304557755,2.6548549834992317,3.8,173590000,17359
CRS3035RES200mN2611800E3495200,9568.959124446148,3.074042612574871,4.3999999999999995,173590000,17359
CRS3035RES200mN2612000E3472800,10670.850920549547,2.1910739929628633,2.9000000000000004,174430000,17443
CRS3035RES200mN2612000E3475800,8802.228878498192,2.2440523777119266,2.7,170320000,17032
CRS3035RES200mN2612000E3476200,8945.585596585184,3.2158860845912463,3.9,170320000,17032
CRS3035RES200mN2612000E3476800,8321.335123008948,2.036976744889334,3,171070000,17107
CRS3035RES200mN2612000E3477000,8501.218061660249,1.2850261138362133,1.9,171070000,17107
CRS3035RES200mN2612000E3481400,11236.006739788123,13.581211092060691,16.900000000000002,170180000,17018
CRS3035RES200mN2612000E3481600,11078.146004666552,10.688172042475294,13.3,170180000,17018
CRS3035RES200mN2612000E3482800,10013.617794028189,10.847202451292828,15,172030000,17203
CRS3035RES200mN2612000E3483000,9675.20378635855,39.34031540415599,55,172030000,17203
CRS3035RES200mN2612000E3483200,10310.178149725536,2.3193094067814264,3.2,172030000,17203
CRS3035RES200mN2612000E3484200,11455.702598509471,2.6092230828209146,3.6,172030000,17203
CRS3035RES200mN2612000E3484400,11583.684412350607,12.059481350776212,16.8,172030000,17203
CRS3035RES200mN2612000E3487600,9558.18519421934,0.43172647371418904,0.6,173400000,17340
CRS3035RES200mN2612000E3488000,9045.893125412118,10.073617720001529,14,173400000,17340
CRS3035RES200mN2612000E3488200,9362.164986423888,9.354073597137619,13,173400000,17340
CRS3035RES200mN2612000E3488400,8993.131725708421,15.829970702847097,22,173400000,17340
CRS3035RES200mN2612000E3488600,9448.60046283256,23.025411931411917,32,173400000,17340
CRS3035RES200mN2612000E3488800,10083.67383458779,45.331279739989974,63,173400000,17340
CRS3035RES200mN2612000E3489000,9800.965163467254,27.34267666859864,38,173400000,17340
CRS3035RES200mN2612000E3489200,9416.628836614105,14.31892804484526,19.900000000000002,173400000,17340
CRS3035RES200mN2612000E3489400,10607.529588960215,2.014723544002865,2.8000000000000003,173400000,17340
CRS3035RES200mN2612000E3494200,11744.848583079962,1.8863443302716756,2.7,173590000,17359
CRS3035RES200mN2612000E3494400,11613.477100033791,2.864448797932471,4.1000000000000005,173590000,17359
CRS3035RES200mN2612000E3494600,10004.31940417075,7.126189692787962,10.2,173590000,17359
CRS3035RES200mN2612000E3494800,11675.727471417304,9.7810446756045355,14,173590000,17359
CRS3035RES200mN2612000E3495000,12017.211884387336,2.934313402603875,4.199999999999999,173590000,17359
CRS3035RES200mN2612000E3495200,9370.626253084598,2.0260735401072743,2.9,173590000,17359
CRS3035RES200mN2612200E3471800,10360.480022912529,0.5289938181078291,0.7,174430000,17443
CRS3035RES200mN2612200E3472000,10377.965723648847,1.7216616512827967,2.3,174430000,17443
CRS3035RES200mN2612200E3476800,8626.155727903475,2.4952922176185623,3,170320000,17032
CRS3035RES200mN2612200E3479200,10795.484233785395,0.9643463497453343,1.2000000000000002,170180000,17018
CRS3035RES200mN2612200E3482600,9727.585996963435,9.059802370381494,12.5,172030000,17203
CRS3035RES200mN2612200E3482800,9868.50601684796,4.764889809047793,6.6000000000000005,172030000,17203
CRS3035RES200mN2612200E3483000,10350.073300713253,27.000404851962717,38,172030000,17203
CRS3035RES200mN2612200E3483200,10605.785404960592,4.5387057531413255,6.3,172030000,17203
CRS3035RES200mN2612200E3484200,11314.322538311866,6.94756142706594,9.600000000000001,172030000,17203
CRS3035RES200mN2612200E3484400,11572.035600923162,18.54291404820198,26,172030000,17203
CRS3035RES200mN2612200E3488000,9569.531629836838,10.793161842863759,15,173400000,17340
CRS3035RES200mN2612200E3488200,10046.184258254169,23.74495605431132,33,173400000,17340
CRS3035RES200mN2612200E3488400,9493.106644061805,10.289480956842567,14.299999999999999,173400000,17340
CRS3035RES200mN2612200E3488600,9586.230223783707,10.073617720008103,14,173400000,17340
CRS3035RES200mN2612200E3489200,9255.402129736678,27.34267666854797,38,173400000,17340
CRS3035RES200mN2612200E3489400,9557.79579342209,13.671338334288293,19,173400000,17340
CRS3035RES200mN2612200E3491400,10439.676250917666,0.3157737121219376,0.5,174340101,17434
CRS3035RES200mN2612200E3494400,10189.095062842494,2.375396564263762,3.4000000000000004,173590000,17359
CRS3035RES200mN2612200E3494600,9502.634398296163,12.575628869646737,18,173590000,17359
CRS3035RES200mN2612200E3494800,10158.350914355922,15.370213062870851,22,173590000,17359
CRS3035RES200mN2612200E3495000,10552.384234203337,6.776866668626153,9.7,173590000,17359
CRS3035RES200mN2612200E3495200,9360.545375442163,23.75396564262711,34,173590000,17359
CRS3035RES200mN2612200E3495400,11285.033425003054,5.868626805534223,8.4,173590000,17359
CRS3035RES200mN2612400E3466800,8835.969201266662,1.519191339100764,2.0999999999999996,174830000,17483
CRS3035RES200mN2612400E3467800,8293.849754520792,0.3786505538740292,0.5,174830000,17483
CRS3035RES200mN2612400E3468600,7611.201209864978,0.7483916829509231,1,174830000,17483
CRS3035RES200mN2612400E3479200,11036.862390146996,1.4202920205565963,2.1,171070000,17107
CRS3035RES200mN2612400E3483000,10343.413321925134,13.955437457910811,19.6,172030000,17203
CRS3035RES200mN2612400E3486400,11865.5861816995,0.9354073597156688,1.3,173400000,17340
CRS3035RES200mN2612400E3486600,12171.963072151995,2.6623132545753805,3.6999999999999997,173400000,17340
CRS3035RES200mN2612400E3488200,9722.522390855176,8.13084858828145,11.3,173400000,17340
CRS3035RES200mN2612400E3488400,9888.10778318044,26.623132545739423,37,173400000,17340
CRS3035RES200mN2612400E3489000,9404.26583936652,1.7269058948576497,2.4,173400000,17340
CRS3035RES200mN2612400E3489200,9441.024269566316,1.223225008857146,1.7,173400000,17340
CRS3035RES200mN2612400E3489400,11340.811596885955,0.7914985349611191,1.1,173400000,17340
CRS3035RES200mN2612400E3494800,10348.11744618949,2.3753965642631947,3.4000000000000004,173590000,17359
CRS3035RES200mN2612400E3495000,10354.717686724945,2.445261169097107,3.5,173590000,17359
CRS3035RES200mN2612400E3495200,11967.493689588026,8.80294020792039,12.600000000000001,173590000,17359
CRS3035RES200mN2612600E3465800,7263.649616901943,0.961555000637029,1.3,174830000,17483
CRS3035RES200mN2612600E3466200,7338.131463184192,1.0394352743560382,1.4000000000000001,174830000,17483
CRS3035RES200mN2612600E3466400,8776.248649021063,3.0318772581124556,4.1,174830000,17483
CRS3035RES200mN2612600E3466800,8836.163330910127,1.0354040878809156,1.4000000000000001,174830000,17483
CRS3035RES200mN2612600E3471200,9344.798851390104,0.9087135530792771,1.2,174430000,17443
CRS3035RES200mN2612600E3477400,10504.39231895443,7.619091840308846,11.4,171070000,17107
CRS3035RES200mN2612600E3480400,10756.336928433773,0.43487051380348724,0.6,172030000,17203
CRS3035RES200mN2612600E3480800,10922.206377642731,1.2321331224432217,1.7,172030000,17203
CRS3035RES200mN2612600E3481800,9968.029269017532,1.3046115413343757,1.8,172030000,17203
CRS3035RES200mN2612600E3486200,11979.863702653744,0.9354073597156528,1.3,173400000,17340
CRS3035RES200mN2612600E3486400,12099.031057549799,17.26905894859675,24,173400000,17340
CRS3035RES200mN2612600E3486600,12112.109651307654,2.6623132545753103,3.6999999999999997,173400000,17340
CRS3035RES200mN2612600E3488400,10306.839509379717,1.7269058948592522,2.4,173400000,17340
CRS3035RES200mN2612800E3465400,6455.442707628551,15.460943030441458,26,170940102,17094
CRS3035RES200mN2612800E3465600,6224.814270195848,18.47423122711472,31,170940102,17094
CRS3035RES200mN2612800E3465800,7062.136792324199,17.272239613299256,23.8,174830000,17483
CRS3035RES200mN2612800E3466000,7025.73567454167,29.096727594843827,40,174830000,17483
CRS3035RES200mN2612800E3466200,8553.620093308125,22.92395000062899,31,174830000,17483
CRS3035RES200mN2612800E3466400,8584.85296737685,10.131831503243417,13.799999999999999,174830000,17483
CRS3035RES200mN2612800E3466800,8716.915038441228,4.712717578432681,6.4,174830000,17483
CRS3035RES200mN2612800E3467400,8410.032836576323,1.252071164708069,1.7,174830000,17483
CRS3035RES200mN2612800E3467600,7464.97781553772,5.744797109128801,7.800000000000001,174830000,17483
CRS3035RES200mN2612800E3467800,7733.52212300562,15.430101864721042,21,174830000,17483
CRS3035RES200mN2612800E3473200,10231.995365943394,2.1892819371978702,2.9000000000000004,174430000,17443
CRS3035RES200mN2612800E3473400,10578.167732924965,8.323043838938391,11,174430000,17443
CRS3035RES200mN2612800E3477400,11103.740258480007,3.9303491856040758,5.7,174470000,17447
CRS3035RES200mN2612800E3480000,10752.858614492403,3.762529467887549,5.2,172030000,17203
CRS3035RES200mN2612800E3480200,10779.359116331698,15.746557200039591,22.1,172030000,17203
CRS3035RES200mN2612800E3480400,10774.63566311428,2.4563993637953887,3.4,172030000,17203
CRS3035RES200mN2612800E3480600,11017.886703779399,2.093663704151544,2.9,172030000,17203
CRS3035RES200mN2612800E3486200,12058.577872786995,9.857754483157343,13.700000000000001,173400000,17340
CRS3035RES200mN2612800E3486400,12046.031647005362,2.6623132545753543,3.6999999999999997,173400000,17340
CRS3035RES200mN2612800E3498000,12109.218850681465,7.475512716960124,10.700000000000001,173590000,17359
CRS3035RES200mN2612800E3498200,12277.929630145765,11.387930587521499,16.3,173590000,17359
CRS3035RES200mN2613000E3465400,6329.789142826231,8.904298249167596,15,170940102,17094
CRS3035RES200mN2613000E3465600,6426.513887581593,20.993927531491423,35,170940102,17094
CRS3035RES200mN2613000E3465800,6657.056620334148,15.678168186740649,26,170940102,17094
CRS3035RES200mN2613000E3466000,7183.834422450179,9.336301683596247,16,170940102,17094
CRS3035RES200mN2613000E3466200,6804.194779323782,30.130480697608714,41,174830000,17483
CRS3035RES200mN2613000E3466400,8741.256828900736,10.29082762119419,14.2,174830000,17483
CRS3035RES200mN2613000E3466600,7155.594138989198,33.80819120550962,46,174830000,17483
CRS3035RES200mN2613000E3466800,7288.539761236673,25.23914471982665,34,174830000,17483
CRS3035RES200mN2613000E3467200,6997.2828520376215,3.0684059000990898,4.1000000000000005,174830000,17483
CRS3035RES200mN2613000E3467400,7934.035229939889,8.282201291324528,11.2,174830000,17483
CRS3035RES200mN2613000E3467600,8098.375795478345,18.320047328070512,25,174830000,17483
CRS3035RES200mN2613000E3467800,6958.21761745762,1.449785587745624,2,174830000,17483
CRS3035RES200mN2613000E3473000,10007.337178526504,0.8220901425482797,1.1,174430000,17443
CRS3035RES200mN2613000E3473200,10187.831929440918,5.784450517270395,7.700000000000001,174430000,17443
CRS3035RES200mN2613000E3473400,10236.774430946383,21.26063881249901,29,174430000,17443
CRS3035RES200mN2613000E3473600,10208.64483854869,2.826037902882355,3.6999999999999997,174430000,17443
CRS3035RES200mN2613000E3480400,10555.124632413655,8.807826617465198,12.2,172030000,17203
CRS3035RES200mN2613000E3480600,10163.091036436086,0.7972626086135867,1.1,172030000,17203
CRS3035RES200mN2613000E3482000,10433.040181256929,0.8675670146422323,1.2,172030000,17203
CRS3035RES200mN2613000E3486000,12065.829080007843,1.4390882457164091,2,173400000,17340
CRS3035RES200mN2613000E3486200,11933.512985784027,15.110426580021926,21,173400000,17340
CRS3035RES200mN2613000E3490000,10233.245815445194,1.389404333282937,2.2,174340101,17434
CRS3035RES200mN2613000E3497200,12628.151268880149,0.9082398627813814,1.3,173590000,17359
CRS3035RES200mN2613000E3497400,12370.190430711822,4.611063918873821,6.6000000000000005,173590000,17359
CRS3035RES200mN2613000E3497600,12835.432372831847,1.8863443303958054,2.7,173590000,17359
CRS3035RES200mN2613000E3497800,11861.019044839459,20.260735401110022,29,173590000,17359
CRS3035RES200mN2613000E3498000,11848.46092750089,9.501586257072274,13.600000000000001,173590000,17359
CRS3035RES200mN2613000E3498200,12054.55086387017,9.082398628082988,13,173590000,17359
CRS3035RES200mN2613200E3465400,6153.724629398162,9.588658233212753,16,170940102,17094
CRS3035RES200mN2613200E3465600,6343.346386741122,27.93305629041368,47,170940102,17094
CRS3035RES200mN2613200E3465800,6294.494900462739,17.147321897922286,29,170940102,17094
CRS3035RES200mN2613200E3466000,6210.086898107262,10.675175412293068,18,170940102,17094
CRS3035RES200mN2613200E3466200,6311.006939473067,10.05613150721289,17,170940102,17094
CRS3035RES200mN2613200E3466400,6573.794678205247,2.673027847391019,4.5,170940102,17094
CRS3035RES200mN2613200E3466600,7076.3771307302895,23.106532966410125,32,174830000,17483
CRS3035RES200mN2613200E3466800,7085.624757361264,19.516560506740934,27,174830000,17483
CRS3035RES200mN2613200E3467000,8697.28114029445,4.009241158246973,5.4,174830000,17483
CRS3035RES200mN2613200E3470400,9502.811366485967,1.4330642026304785,1.9,174430000,17443
CRS3035RES200mN2613200E3473400,10187.473477657679,8.598385215782919,11.4,174430000,17443
CRS3035RES200mN2613200E3473600,10146.859199804428,17.88949623458507,22,170320000,17032
CRS3035RES200mN2613200E3473800,10276.78169493688,14.00610185656801,17,170320000,17032
CRS3035RES200mN2613200E3474800,10651.920278362542,0.8283476779986686,1,170320000,17032
CRS3035RES200mN2613200E3482800,10267.933012333095,2.1648247189063348,3.0000000000000004,172030000,17203
CRS3035RES200mN2613200E3486200,12001.796747103714,0.7195441228582022,1,173400000,17340
CRS3035RES200mN2613200E3489800,10134.1655641561,11.367853636219262,18,174340101,17434
CRS3035RES200mN2613200E3490000,10444.688764769044,11.052079924100832,17.5,174340101,17434
CRS3035RES200mN2613200E3491400,10175.20578538335,0.8210116515171947,1.3,174340101,17434
CRS3035RES200mN2613200E3491600,9490.158262008938,2.020951757591713,3.1999999999999997,174340101,17434
CRS3035RES200mN2613200E3495600,12695.915416841959,0.7685106531164634,1.1,173590000,17359
CRS3035RES200mN2613200E3495800,12922.60111168907,8.313887974595602,11.9,173590000,17359
CRS3035RES200mN2613200E3497400,12254.6328194069,10.270096910218946,14.7,173590000,17359
CRS3035RES200mN2613200E3497600,11951.142520958436,12.575628869654754,18,173590000,17359
CRS3035RES200mN2613200E3497800,12053.653451593254,25.84990378760826,37,173590000,17359
CRS3035RES200mN2613200E3498000,12029.181325172824,8.17415876527585,11.700000000000001,173590000,17359
CRS3035RES200mN2613200E3498200,12373.926632496376,1.1876982821340594,1.7,173590000,17359
CRS3035RES200mN2613200E3498400,12215.530562578091,1.1876982821342692,1.7,173590000,17359
CRS3035RES200mN2613200E3498600,12317.716389625335,2.0959381449428665,3,173590000,17359
CRS3035RES200mN2613400E3465400,6084.2804163111405,1.8960534184584408,3.2,170940102,17094
CRS3035RES200mN2613400E3465600,6006.525108934947,13.611630928273946,23,170940102,17094
CRS3035RES200mN2613400E3465800,6151.918617448294,6.974108500882866,11.7,170940102,17094
CRS3035RES200mN2613400E3466000,6232.8033992396095,14.147367045258438,24,170940102,17094
CRS3035RES200mN2613400E3466200,6184.905694925602,11.787201855810762,20,170940102,17094
CRS3035RES200mN2613400E3467600,7320.121404537804,2.545247077115309,3.5,174830000,17483
CRS3035RES200mN2613400E3473600,10281.701449017623,19.925002224046388,27,174430000,17443
CRS3035RES200mN2613400E3473800,10252.051963258276,1.7453740715551922,2.1,170320000,17032
CRS3035RES200mN2613400E3477000,10975.953868246912,5.171512086321195,7.5,174470000,17447
CRS3035RES200mN2613400E3483000,10328.954905947463,11.240928747526405,15.6,172030000,17203
CRS3035RES200mN2613400E3483200,11155.61623550687,3.261528853526147,4.5,172030000,17203
CRS3035RES200mN2613400E3490000,10227.065137528813,2.147261242397909,3.4,174340101,17434
CRS3035RES200mN2613400E3493800,9059.606590492916,1.3274274917924487,1.9000000000000001,173590000,17359
CRS3035RES200mN2613400E3495600,12840.645456891474,8.313887974543428,11.9,173590000,17359
CRS3035RES200mN2613400E3495800,12710.090950004405,10.409826119363956,14.9,173590000,17359
CRS3035RES200mN2613400E3497400,12136.870457931162,3.3535010319070326,4.8,173590000,17359
CRS3035RES200mN2613400E3497600,11942.766769477996,15.370213062906313,22,173590000,17359
CRS3035RES200mN2613400E3497800,12335.210756127932,24.45261169099313,35,173590000,17359
CRS3035RES200mN2613400E3498000,13425.74494758617,2.5151257738606665,3.6,173590000,17359
CRS3035RES200mN2613400E3498400,12463.283652502842,1.187698282133985,1.7,173590000,17359
CRS3035RES200mN2613400E3501200,12402.553982575291,9.018162201043028,17,172210000,17221
CRS3035RES200mN2613400E3501400,12359.153108194028,4.137745009890313,7.8,172210000,17221
CRS3035RES200mN2613400E3504800,12514.262122814378,1.167056284840855,2.2,172210000,17221
CRS3035RES200mN2613600E3465400,6307.705816265279,5.986762029474415,10,170940102,17094
CRS3035RES200mN2613600E3465600,6412.85640857943,2.7116320339269424,4.5,170940102,17094
CRS3035RES200mN2613600E3465800,5914.999759434853,3.875132878386573,6.5,170940102,17094
CRS3035RES200mN2613600E3469800,8551.54919882618,2.7631385540802094,3.9000000000000004,174130000,17413
CRS3035RES200mN2613600E3472200,8763.74100867092,1.6593374977818436,2.2,174430000,17443
CRS3035RES200mN2613600E3472600,8459.201343077148,0.8329874238868225,1.1,174430000,17443
CRS3035RES200mN2613600E3472800,8530.971234356066,2.815093585023149,3.8000000000000003,174430000,17443
CRS3035RES200mN2613600E3482800,10450.497799764868,5.522987839711049,7.700000000000001,172030000,17203
CRS3035RES200mN2613600E3483000,10642.017942019027,16.49441789522555,23,172030000,17203
CRS3035RES200mN2613600E3484000,12112.52075305141,1.5430060816680935,2.4,170800000,17080
CRS3035RES200mN2613600E3484200,11936.155670441007,0.5786272806255455,0.9,170800000,17080
CRS3035RES200mN2613600E3486600,12030.8582796358,1.0793161842873025,1.5,173400000,17340
CRS3035RES200mN2613600E3486800,12266.154986353764,0.7195441228581984,1,173400000,17340
CRS3035RES200mN2613600E3491800,9803.307475305202,1.6420233030432734,2.6,174340101,17434
CRS3035RES200mN2613600E3495600,12882.77094838097,7.894700345573748,11.3,173590000,17359
CRS3035RES200mN2613600E3495800,12911.938052367248,5.868626805577308,8.399999999999999,173590000,17359
CRS3035RES200mN2613600E3496800,12310.78170802422,1.8863443304481433,2.7,173590000,17359
CRS3035RES200mN2613600E3497600,13384.128109189895,3.3535010318303473,4.8,173590000,17359
CRS3035RES200mN2613600E3497800,13663.326069497147,3.9124178704602013,5.6000000000000005,173590000,17359
CRS3035RES200mN2613600E3501200,12911.08317097098,1.5383923754720437,2.9,172210000,17221
CRS3035RES200mN2613600E3504800,12318.624364368818,4.93346520409999,9.3,172210000,17221
CRS3035RES200mN2613600E3505600,12446.456861827399,4.933465204100034,9.3,172210000,17221
CRS3035RES200mN2613800E3465200,5942.15936616959,9.45707684702404,16,170940102,17094
CRS3035RES200mN2613800E3465400,7053.07948017116,2.671705179672773,4.5,170940102,17094
CRS3035RES200mN2613800E3470400,8837.723733918912,0.8943732239958742,1.2,174430000,17443
CRS3035RES200mN2613800E3471600,8518.347050100761,8.397617804485211,11.2,174430000,17443
CRS3035RES200mN2613800E3471800,8399.103875027546,28.546638916395473,38,174430000,17443
CRS3035RES200mN2613800E3472000,8584.406922029852,22.429402761349717,30,174430000,17443
CRS3035RES200mN2613800E3472200,8435.388790829546,15.734997092949955,21.2,174430000,17443
CRS3035RES200mN2613800E3472400,8475.052130943017,33.36431432129484,45,174430000,17443
CRS3035RES200mN2613800E3472600,8551.688467679274,33.169105941950924,45,174430000,17443
CRS3035RES200mN2613800E3472800,8939.566790814704,1.2780322512438582,1.7000000000000002,174430000,17443
CRS3035RES200mN2613800E3475800,11104.293517146974,0.6895349448428181,1,174470000,17447
CRS3035RES200mN2613800E3476000,10830.86058043282,2.413372306949855,3.5,174470000,17447
CRS3035RES200mN2613800E3478800,10372.363355212705,9.515582237664885,13.8,174470000,17447
CRS3035RES200mN2613800E3479400,10072.761965070988,10.618838149308685,15.4,174470000,17447
CRS3035RES200mN2613800E3479600,10320.8222425565,4.550930635424479,6.6,174470000,17447
CRS3035RES200mN2613800E3480000,10674.780824632062,1.5859303730674517,2.3,174470000,17447
CRS3035RES200mN2613800E3482800,10723.085184016914,0.858249700054383,1.2,172030000,17203
CRS3035RES200mN2613800E3483000,11780.967394217447,5.786272806255422,9,170800000,17080
CRS3035RES200mN2613800E3483200,11852.547160524497,8.87228496959166,13.8,170800000,17080
CRS3035RES200mN2613800E3483400,11926.99760293591,1.9287576020851425,3,170800000,17080
CRS3035RES200mN2613800E3484000,11923.962779675127,6.814943527367537,10.6,170800000,17080
CRS3035RES200mN2613800E3486400,12082.285542176764,0.3597720614290985,0.5,173400000,17340
CRS3035RES200mN2613800E3486600,11951.56456121662,12.232250088589428,17,173400000,17340
CRS3035RES200mN2613800E3486800,12027.420240525267,5.756352982865578,8,173400000,17340
CRS3035RES200mN2613800E3490200,9720.184304162201,2.147261242441484,3.4,174340101,17434
CRS3035RES200mN2613800E3491200,9943.47314326552,0.82101165152174,1.3,174340101,17434
CRS3035RES200mN2613800E3491400,9710.876305639584,6.820712181872698,10.799999999999999,174340101,17434
CRS3035RES200mN2613800E3491600,9363.170527373799,20.209517575916006,32,174340101,17434
CRS3035RES200mN2613800E3491800,8412.71492877972,4.420831969732452,7,174340101,17434
CRS3035RES200mN2613800E3492000,9535.248656169058,9.788985075834757,15.5,174340101,17434
CRS3035RES200mN2613800E3492600,9730.04958472505,2.7788086666889975,4.4,174340101,17434
CRS3035RES200mN2613800E3492800,9197.938061111254,0.8210116515217538,1.3,174340101,17434
CRS3035RES200mN2613800E3495200,12437.08798182579,1.9562089351980037,2.8000000000000003,173590000,17359
CRS3035RES200mN2613800E3495400,12534.32536201857,3.7726886606452954,5.4,173590000,17359
CRS3035RES200mN2613800E3495600,12415.212519187919,4.6809285234597615,6.700000000000001,173590000,17359
CRS3035RES200mN2613800E3495800,12718.37418349609,2.515125773768247,3.5999999999999996,173590000,17359
CRS3035RES200mN2614000E3465200,5744.886233597828,9.469795321417841,16,170940102,17094
CRS3035RES200mN2614000E3465400,6091.999497974776,34.481449006873724,58,170940102,17094
CRS3035RES200mN2614000E3465600,6070.878659271116,20.06061009725623,34,170940102,17094
CRS3035RES200mN2614000E3465800,6001.529611724539,20.62752179085564,35,170940102,17094
CRS3035RES200mN2614000E3466000,7459.015299124714,0.8941164742924286,1.5,170940102,17094
CRS3035RES200mN2614000E3466200,7762.9648033280555,8.895354951507343,14.8,170940101,17094
CRS3035RES200mN2614000E3468400,8051.527318779471,3.975094267459386,5.6,174130000,17413
CRS3035RES200mN2614000E3471600,8443.676508509005,12.635126625275728,17,174430000,17443
CRS3035RES200mN2614000E3471800,8424.095784739575,68.31007713102386,91,174430000,17443
CRS3035RES200mN2614000E3472000,8248.397660591596,17.02645449394912,23,174430000,17443
CRS3035RES200mN2614000E3472200,8403.983703871629,41.99130695381988,56,174430000,17443
CRS3035RES200mN2614000E3472400,8527.632893551447,44.81463520156231,60,174430000,17443
CRS3035RES200mN2614000E3472600,8372.1063378503,17.137717561539585,23,174430000,17443
CRS3035RES200mN2614000E3478200,10308.367028857701,9.44662874307095,13.7,174470000,17447
CRS3035RES200mN2614000E3478800,10055.206133954798,22.065118232387945,32,174470000,17447
CRS3035RES200mN2614000E3479000,10083.513096346529,20.68604834242439,30,174470000,17447
CRS3035RES200mN2614000E3479200,10066.907820345243,11.37732658827237,16.5,174470000,17447
CRS3035RES200mN2614000E3479400,10484.709239446274,25.16802548393854,36.5,174470000,17447
CRS3035RES200mN2614000E3479600,10196.99499393609,3.654535207166936,5.300000000000001,174470000,17447
CRS3035RES200mN2614000E3482800,11208.80392415508,8.342131815917197,11.600000000000001,172030000,17203
CRS3035RES200mN2614000E3483000,11771.234244746303,0.3857515204170303,0.6,170800000,17080
CRS3035RES200mN2614000E3483200,11984.327215199331,5.593397046046939,8.700000000000001,170800000,17080
CRS3035RES200mN2614000E3483600,11677.05240187546,1.157254561251058,1.7999999999999998,170800000,17080
CRS3035RES200mN2614000E3486400,11907.675547834882,4.964854447721567,6.9,173400000,17340
CRS3035RES200mN2614000E3486600,11948.688930969303,25.184044300036906,35,173400000,17340
CRS3035RES200mN2614000E3486800,12059.612671449162,16.549514825738672,23,173400000,17340
CRS3035RES200mN2614000E3487000,12082.522321358192,1.5110426580022178,2.1,173400000,17340
CRS3035RES200mN2614000E3491000,8641.206730521622,0.6947021666722495,1.1,174340101,17434
CRS3035RES200mN2614000E3491200,9459.722533654109,15.788685606186501,25,174340101,17434
CRS3035RES200mN2614000E3491400,9347.93639742954,30.314276363876708,48,174340101,17434
CRS3035RES200mN2614000E3491600,9299.829138811954,20.84106500016712,33,174340101,17434
CRS3035RES200mN2614000E3491800,7613.441085911571,49.89224651555004,79,174340101,17434
CRS3035RES200mN2614000E3492000,7580.361736880864,7.5785690909700545,12,174340101,17434
CRS3035RES200mN2614000E3492600,9077.470078125076,2.210415984866064,3.5,174340101,17434
CRS3035RES200mN2614000E3492800,8901.814065695891,33.472013485117635,53,174340103,17434
CRS3035RES200mN2614000E3493000,9333.212856144988,10.736306212207422,17,174340103,17434
CRS3035RES200mN2614000E3495200,12517.093359969384,3.143907217269242,4.5,173590000,17359
CRS3035RES200mN2614000E3495400,12896.082097581584,16.068859110480954,23,173590000,17359
CRS3035RES200mN2614000E3495600,12589.740625334292,3.1439072172764977,4.5,173590000,17359
CRS3035RES200mN2614200E3465200,5806.393629722928,8.013973665334616,13.4,170940102,17094
CRS3035RES200mN2614200E3465400,5907.2868555717205,25.46117438683873,42.5,170940102,17094
CRS3035RES200mN2614200E3465600,6591.80853626327,13.806651742834598,23,170940102,17094
CRS3035RES200mN2614200E3465800,6844.8322702696705,41.05738818552782,69,170940102,17094
CRS3035RES200mN2614200E3466000,6467.974540771743,13.180776741865069,22,170940101,17094
CRS3035RES200mN2614200E3466200,7806.896431703377,8.40892537828133,14,170940101,17094
CRS3035RES200mN2614200E3468200,8011.408898205724,0.7035630035117871,1,174130000,17413
CRS3035RES200mN2614200E3469600,7902.499503744878,4.028377001025016,5.7,174130000,17413
CRS3035RES200mN2614200E3471600,8303.135094455352,1.9688793655507566,2.5999999999999996,174430000,17443
CRS3035RES200mN2614200E3471800,7888.873783166481,36.324193464118615,49,174430000,17443
CRS3035RES200mN2614200E3472000,8281.400733412434,11.736717736844273,15.8,174430000,17443
CRS3035RES200mN2614200E3472200,7853.96829102541,31.205287390652998,42,174430000,17443
CRS3035RES200mN2614200E3472400,8122.9477141746665,21.159785520467345,29,174430000,17443
CRS3035RES200mN2614200E3472600,8444.116000898453,24.312860095952967,33,174430000,17443
CRS3035RES200mN2614200E3475000,10409.822577038873,0.5795008400308089,0.7,170320000,17032
CRS3035RES200mN2614200E3478200,10201.385258885268,26.202327900789996,38,174470000,17447
CRS3035RES200mN2614200E3478400,9666.46444455863,4.481977140850128,6.5,174470000,17447
CRS3035RES200mN2614200E3478800,10024.101113405226,8.619186809509547,12.5,174470000,17447
CRS3035RES200mN2614200E3479000,9953.039092758881,28.270932734945628,41,174470000,17447
CRS3035RES200mN2614200E3479200,10043.032809325397,3.171860745834689,4.6,174470000,17447
CRS3035RES200mN2614200E3479400,10289.448127406575,3.6545352071630157,5.300000000000001,174470000,17447
CRS3035RES200mN2614200E3483000,10816.057286668081,2.938647303531495,4.1000000000000005,170800000,17203
CRS3035RES200mN2614200E3483600,11712.851398131565,1.5430060816681135,2.4,170800000,17080
CRS3035RES200mN2614200E3486600,11815.514129046183,16.549514825738452,23,173400000,17340
CRS3035RES200mN2614200E3486800,11952.989617675072,7.986939763726135,11.1,173400000,17340
CRS3035RES200mN2614200E3487000,12081.557230102064,12.30420450087528,17.1,173400000,17340
CRS3035RES200mN2614200E3487200,12084.480924934584,6.9076235794388,9.6,173400000,17340
CRS3035RES200mN2614200E3491000,7927.659015931014,5.494462590953197,8.7,174340101,17434
CRS3035RES200mN2614200E3491200,9388.909837369745,17.683327878930076,28,174340101,17434
CRS3035RES200mN2614200E3491400,9280.154798375028,39.78748772758846,63,174340101,17434
CRS3035RES200mN2614200E3491600,8038.316538527328,30.945823788127086,49,174340101,17434
CRS3035RES200mN2614200E3491800,7516.532623074397,4.862915166705555,7.7,174340101,17434
CRS3035RES200mN2614200E3492000,7291.173512773663,17.683327878930022,28,174340101,17434
CRS3035RES200mN2614200E3492200,7138.18895889948,3.599820318210702,5.699999999999999,174340101,17434
CRS3035RES200mN2614200E3492600,8291.492673104756,20.841065000167465,33,174340103,17434
CRS3035RES200mN2614200E3492800,8466.627502521427,25.261896969899848,40,174340103,17434
CRS3035RES200mN2614200E3493000,8749.792214211833,9.031128166739185,14.3,174340103,17434
CRS3035RES200mN2614200E3495400,12836.917919499176,4.611063918675709,6.6000000000000005,173590000,17359
CRS3035RES200mN2614200E3495600,12839.01877947823,3.28363642693181,4.7,173590000,17359
CRS3035RES200mN2614200E3503400,11307.33879918345,1.7505844272610913,3.3,172210000,17221
CRS3035RES200mN2614200E3503600,10174.163179351579,1.750584427259464,3.3,172210000,17221
CRS3035RES200mN2614400E3465200,6229.0064117564525,5.997678035668003,10,170940102,17094
CRS3035RES200mN2614400E3465400,5337.930642528556,28.25847407817217,47,170940102,17094
CRS3035RES200mN2614400E3465600,5707.187306481845,38.451059943462575,66,170940102,17094
CRS3035RES200mN2614400E3465800,5485.9998499813255,11.251573672275057,19,170940102,17094
CRS3035RES200mN2614400E3466000,5869.964966917671,18.00016500641531,30,170940101,17094
CRS3035RES200mN2614400E3466200,6614.287829363082,14.36400119166836,24,170940101,17094
CRS3035RES200mN2614400E3471200,8696.06824719318,0.9609072598477045,1.2999999999999998,174430000,17443
CRS3035RES200mN2614400E3471800,7696.120473504129,9.432391768657064,12.7,174430000,17443
CRS3035RES200mN2614400E3472000,7719.588737532692,2.944569814243619,4,174430000,17443
CRS3035RES200mN2614400E3472600,8881.420570905733,6.058090354461206,8,174430000,17443
CRS3035RES200mN2614400E3472800,9053.712812435282,0.9829721430542654,1.3,174430000,17443
CRS3035RES200mN2614400E3474800,10738.324797235096,1.2164452347381323,1.6,174430000,17443
CRS3035RES200mN2614400E3475000,10348.36921294112,37.42550618060528,46,170320000,17032
CRS3035RES200mN2614400E3475200,10768.594209077488,10.411977667126557,15.100000000000001,174470000,17447
CRS3035RES200mN2614400E3475400,10466.431866767614,1.3790698896856481,2,174470000,17447
CRS3035RES200mN2614400E3478000,9961.042036899735,17.238373618908085,25,174470000,17447
CRS3035RES200mN2614400E3478200,9681.053196345458,33.097677347864824,48,174470000,17447
CRS3035RES200mN2614400E3478400,9708.927096997235,35.855817127901815,52,174470000,17447
CRS3035RES200mN2614400E3478600,9576.1483746232,43.28410820800865,63,174470000,17447
CRS3035RES200mN2614400E3478800,10008.387632630782,14.480233839584487,21,174470000,17447
CRS3035RES200mN2614400E3479000,9808.148966417102,35.762331964972184,52,174470000,17447
CRS3035RES200mN2614400E3483000,11535.727089664493,10.286707211120717,16,170800000,17080
CRS3035RES200mN2614400E3483200,11707.991475219635,5.7862728062554245,9,170800000,17080
CRS3035RES200mN2614400E3490000,10483.182905644151,4.989224651368529,7.8999999999999995,174340101,17434
CRS3035RES200mN2614400E3491200,9146.426757142377,7.894342803093442,12.5,174340101,17434
CRS3035RES200mN2614400E3491400,8025.148065231411,23.367254697155328,37,174340101,17434
CRS3035RES200mN2614400E3491600,7816.150508069858,35.68242946998374,56.5,174340101,17434
CRS3035RES200mN2614400E3491800,7450.792431934173,9.473211363711783,15,174340101,17434
CRS3035RES200mN2614400E3492000,7238.467664380114,3.5998203182106137,5.699999999999999,174340101,17434
CRS3035RES200mN2614400E3492200,6735.909937555526,24.630349545652425,39,174340101,17434
CRS3035RES200mN2614400E3492400,6870.968466088064,19.577970151672353,31,174340103,17434
CRS3035RES200mN2614400E3492600,7190.005028442874,5.241843621254237,8.299999999999999,174340103,17434
CRS3035RES200mN2614400E3492800,9039.707036992242,32.840466060869915,52,174340103,17434
CRS3035RES200mN2614400E3493000,7524.094279763661,1.452559075769239,2.3000000000000003,174340103,17434
CRS3035RES200mN2614400E3503200,10104.986622859804,2.440208595570829,4.6,172210000,17221
CRS3035RES200mN2614400E3503400,10281.190185554517,11.14008271892062,21,172210000,17221
CRS3035RES200mN2614400E3503600,10305.704786380602,8.487682071552026,16,172210000,17221
CRS3035RES200mN2614600E3465200,6576.356481400617,4.145578130052604,6.9,170940102,17094
CRS3035RES200mN2614600E3465400,6041.811785190702,30.335436021622552,51,170940102,17094
CRS3035RES200mN2614600E3465600,6077.451176512389,29.592954284291533,50.5,170940102,17094
CRS3035RES200mN2614600E3465800,5441.681617162013,15.978864683402618,27,170940102,17094
CRS3035RES200mN2614600E3466000,6428.613368039286,21.237162683172095,36,170940101,17094
CRS3035RES200mN2614600E3466200,7131.244981778593,17.300182692462748,29,170940101,17094
CRS3035RES200mN2614600E3466400,7459.082189999684,3.910637299856001,6.6,170940101,17094
CRS3035RES200mN2614600E3468000,7776.710765300443,0.8435508463947489,1.2,174130000,17413
CRS3035RES200mN2614600E3469800,7883.083606083003,5.582473739549939,7.9,174130000,17413
CRS3035RES200mN2614600E3470000,8158.691026303016,3.187697778434437,4.5,174130000,17413
CRS3035RES200mN2614600E3472200,8833.193915910657,0.984439682531324,1.3,174430000,17443
CRS3035RES200mN2614600E3475000,10647.01468725466,23.754472355117898,32,174430000,17443
CRS3035RES200mN2614600E3475200,10550.392086396443,14.367107014810957,21,174470000,17447
CRS3035RES200mN2614600E3475400,10533.382159955689,3.1029072517926983,4.5,174470000,17447
CRS3035RES200mN2614600E3477000,10945.148397033641,1.4480233841699364,2.0999999999999996,174470000,17447
CRS3035RES200mN2614600E3478200,9414.149236464851,20.686048342071565,30,174470000,17447
CRS3035RES200mN2614600E3478400,9766.990015060035,41.986995149903514,61,174470000,17447
CRS3035RES200mN2614600E3478600,9829.850461438342,25.512792955351276,37,174470000,17447
CRS3035RES200mN2614600E3487000,12146.071780351023,1.5110426580022231,2.1,173400000,17340
CRS3035RES200mN2614600E3490400,8842.634896298472,4.357677227307718,6.9,174340101,17434
CRS3035RES200mN2614600E3490600,8522.82735867547,1.5788685606187534,2.5,174340101,17434
CRS3035RES200mN2614600E3490800,7693.728024837967,5.936545787926314,9.4,174340101,17434
CRS3035RES200mN2614600E3491000,8064.946325540524,6.18916475762548,9.8,174340101,17434
CRS3035RES200mN2614600E3491200,7930.1461924442765,2.020951757591997,3.1999999999999997,174340101,17434
CRS3035RES200mN2614600E3491400,7696.165268819742,2.5893444394147425,4.1,174340101,17434
CRS3035RES200mN2614600E3491600,7531.507453012092,9.473211363712064,15,174340101,17434
CRS3035RES200mN2614600E3491800,6714.205295269316,7.578569090969974,12,174340101,17434
CRS3035RES200mN2614600E3492200,6356.997347433471,39.787487727591596,63,174340103,17434
CRS3035RES200mN2614600E3492400,7289.713870671047,14.525590757692157,23,174340103,17434
CRS3035RES200mN2614600E3492600,6151.410599946128,9.473211363712155,15,174340103,17434
CRS3035RES200mN2614600E3492800,5907.4992633345355,3.7892845454848207,6,174340103,17434
CRS3035RES200mN2614600E3493000,8302.014611401984,1.452559075769251,2.3000000000000003,174340103,17434
CRS3035RES200mN2614600E3494000,10053.058978953954,0.37892845454849866,0.6000000000000001,174340103,17434
CRS3035RES200mN2614600E3494200,9830.677579700812,6.637137458983342,9.5,173590000,17359
CRS3035RES200mN2614600E3494400,11712.909766945399,15.370213062914608,22,173590000,17359
CRS3035RES200mN2614600E3503800,10085.89366041722,0.3713360906305642,0.7,172210000,17221
CRS3035RES200mN2614800E3465400,5995.4721923031075,37.98676397153209,64,170940102,17094
CRS3035RES200mN2614800E3465600,5323.411627747263,29.238385455230695,49,170940102,17094
CRS3035RES200mN2614800E3465800,6198.403695502698,9.55431450225928,16,170940101,17094
CRS3035RES200mN2614800E3466000,5950.375179349836,15.907734608388061,27,170940101,17094
CRS3035RES200mN2614800E3466200,6344.959032252195,12.574182542005541,21,170940101,17094
CRS3035RES200mN2614800E3468000,7765.830641824849,0.8435015703525677,1.2,174130000,17413
CRS3035RES200mN2614800E3468600,7444.737063057008,5.622176435081601,7.999999999999999,174130000,17413
CRS3035RES200mN2614800E3468800,7863.9736025617,12.446091894303017,18,174130000,17413
CRS3035RES200mN2614800E3469800,8383.048443787893,1.9591665496833492,2.8000000000000003,174130000,17413
CRS3035RES200mN2614800E3475400,10307.748228109805,6.8263959539439325,9.899999999999999,174470000,17447
CRS3035RES200mN2614800E3478000,9571.790348965797,0.8963954281764724,1.3000000000000003,174470000,17447
CRS3035RES200mN2614800E3479200,10181.85112320965,0.896395428175518,1.3000000000000003,174470000,17447
CRS3035RES200mN2614800E3488600,10629.414821747281,1.7051780454682584,2.7,174340101,17434
CRS3035RES200mN2614800E3490000,9906.342634787325,1.578868560499877,2.5,174340101,17434
CRS3035RES200mN2614800E3490400,8197.69024764464,3.5366655757859813,5.6000000000000005,174340101,17434
CRS3035RES200mN2614800E3490600,6400.964188074886,0.8210116515216945,1.3,174340101,17434
CRS3035RES200mN2614800E3490800,7877.574884880025,16.420233030435025,26,174340101,17434
CRS3035RES200mN2614800E3491000,7945.792075301918,25.893444394147483,41,174340101,17434
CRS3035RES200mN2614800E3491200,6607.955387314244,10.104758787959911,16,174340101,17434
CRS3035RES200mN2614800E3491400,7117.545136950359,3.789284545484988,6.000000000000001,174340101,17434
CRS3035RES200mN2614800E3491600,7023.27217617798,16.420233030434993,26,174340101,17434
CRS3035RES200mN2614800E3491800,6701.689180911672,24.946123257776108,39.5,174340101,17434
CRS3035RES200mN2614800E3492000,6788.632227586148,71.99640636421461,114,174340103,17434
CRS3035RES200mN2614800E3492200,6019.07860974321,26.524991818394806,42,174340103,17434
CRS3035RES200mN2614800E3492400,5798.314805540118,15.157138181939422,24,174340103,17434
CRS3035RES200mN2614800E3492600,6951.478321753378,11.367853636454837,18,174340103,17434
CRS3035RES200mN2614800E3492800,6509.833183361057,32.20891863662186,51,174340103,17434
CRS3035RES200mN2614800E3493000,7380.740329789739,19.577970151672258,31,174340103,17434
CRS3035RES200mN2614800E3494000,10039.3092163014,5.2418436212540005,8.3,174340103,17434
CRS3035RES200mN2614800E3494200,11039.51879627978,3.0314276363880026,4.8,174340103,17434
CRS3035RES200mN2614800E3494400,10956.742854577169,3.7892845454849655,6,174340103,17434
CRS3035RES200mN2614800E3497600,14054.15561397999,11.649350648723836,16.9,173940000,17394
CRS3035RES200mN2614800E3497800,14340.47334209265,5.790209789961831,8.399999999999999,173940000,17394
CRS3035RES200mN2615000E3465400,5544.538357223329,43.67327708279771,74,170940102,17094
CRS3035RES200mN2615000E3465600,5469.049445996052,44.5380298029637,74.5,170940102,17094
CRS3035RES200mN2615000E3465800,5442.0219388352725,13.124968574510664,22,170940101,17094
CRS3035RES200mN2615000E3466000,5836.999244855914,21.890329960492213,37,170940101,17094
CRS3035RES200mN2615000E3466200,5818.328148351933,32.136357481633944,54.5,170940101,17094
CRS3035RES200mN2615000E3466400,7244.728924305228,5.179458930924667,8.6,170940101,17094
CRS3035RES200mN2615000E3466600,7336.2055457608,0.5984430370033036,1,170940101,17094
CRS3035RES200mN2615000E3468000,7630.5219538604015,1.4878438367880225,2.0999999999999996,174130000,17413
CRS3035RES200mN2615000E3468200,7350.731142091279,3.865857497096257,5.6,174130000,17413
CRS3035RES200mN2615000E3468400,7549.8474194163155,4.101319503147372,5.8,174130000,17413
CRS3035RES200mN2615000E3468600,7428.204485591235,25.146811846544644,36,174130000,17413
CRS3035RES200mN2615000E3468800,7781.540521733141,14.363596186237007,21,174130000,17413
CRS3035RES200mN2615000E3477400,10023.417017330235,3.3097677348394257,4.8,174470000,17447
CRS3035RES200mN2615000E3477600,9937.818501432537,13.790698895391714,20,174470000,17447
CRS3035RES200mN2615000E3477800,8786.352176249075,38.59915352285841,56,174470000,17447
CRS3035RES200mN2615000E3478000,10089.962314978882,3.309767734821973,4.8,174470000,17447
CRS3035RES200mN2615000E3484600,10161.246977963572,2.1216333622929233,3.3000000000000003,170800000,17080
CRS3035RES200mN2615000E3484800,11089.420299329231,8.357949607515707,13,170800000,17080
CRS3035RES200mN2615000E3485000,11537.933019409853,1.3501303214315004,2.0999999999999996,170800000,17080
CRS3035RES200mN2615000E3490600,6778.906173201604,1.1999401060702404,1.9000000000000001,174340101,17434
CRS3035RES200mN2615000E3490800,7116.767828277486,2.778808666688985,4.3999999999999995,174340101,17434
CRS3035RES200mN2615000E3491000,6652.136878805079,41.05058257608709,65,174340101,17434
CRS3035RES200mN2615000E3491200,6484.277018454137,56.20772075802646,89,174340101,17434
CRS3035RES200mN2615000E3491400,6014.665899887066,9.473211363712283,15,174340101,17434
CRS3035RES200mN2615000E3491600,6193.394011291564,23.99880212140469,38,174340101,17434
CRS3035RES200mN2615000E3491800,6674.576856662859,47.366056818562065,75,174340101,17434
CRS3035RES200mN2615000E3492000,6624.351259915146,90.31128166739113,143,174340102,17434
CRS3035RES200mN2615000E3492200,6658.058127454671,19.577970151672172,31,174340103,17434
CRS3035RES200mN2615000E3492400,6405.007882890761,2.652499181839475,4.2,174340103,17434
CRS3035RES200mN2615000E3492600,6470.700027091942,7.199640636421355,11.399999999999999,174340103,17434
CRS3035RES200mN2615000E3492800,6328.589613699875,21.472612424414766,34,174340103,17434
CRS3035RES200mN2615000E3493000,8583.874427871278,5.494462590953223,8.7,174340103,17434
CRS3035RES200mN2615000E3494000,10221.627829013656,0.8841663939464911,1.4,174340103,17434
CRS3035RES200mN2615000E3494200,10984.826654213157,0.18946422727425188,0.30000000000000004,174340103,17434
CRS3035RES200mN2615000E3497400,14549.699000081777,15.16483516419143,22,173940000,17394
CRS3035RES200mN2615000E3497600,14730.792114355098,17.232767232080345,25,173940000,17394
CRS3035RES200mN2615000E3497800,14553.944231528207,3.7912087910473433,5.5,173940000,17394
CRS3035RES200mN2615000E3500400,11261.229229078674,4.509081100517608,8.5,172210000,17221
CRS3035RES200mN2615000E3500600,11550.147925279714,10.079122459979336,19,172210000,17221
CRS3035RES200mN2615000E3500800,11421.116617120293,2.228016543786204,4.2,172210000,17221
CRS3035RES200mN2615000E3503000,10427.359396932057,1.4322963495766257,2.7,172210000,17221
CRS3035RES200mN2615000E3503200,10182.01758740035,1.1670562848387656,2.1999999999999997,172210000,17221
CRS3035RES200mN2615000E3503400,10058.769549811277,0.3182880776835181,0.6,172210000,17221
CRS3035RES200mN2615000E3503600,10026.913275617957,1.1670562848402657,2.1999999999999997,172210000,17221
CRS3035RES200mN2615000E3503800,9742.915711687596,4.933465204090078,9.3,172210000,17221
CRS3035RES200mN2615000E3504000,10229.20758744598,7.957201942089373,15,172210000,17221
CRS3035RES200mN2615200E3465400,5389.671364512739,38.840197665899076,67,170940102,17094
CRS3035RES200mN2615200E3465600,4979.354858084882,39.14210408467076,67,170940102,17094
CRS3035RES200mN2615200E3465800,5444.985684134152,20.234750510047494,34,170940101,17094
CRS3035RES200mN2615200E3466000,5486.817320413691,15.665623457586495,26,170940101,17094
CRS3035RES200mN2615200E3466200,5982.514999028273,30.452619931680434,51,170940101,17094
CRS3035RES200mN2615200E3466400,7446.880742471159,2.259610322443474,3.8000000000000003,170940101,17094
CRS3035RES200mN2615200E3468000,7166.886192955236,28.490111932465645,41,174130000,17413
CRS3035RES200mN2615200E3468200,7112.814686474541,13.353497434649926,19,174130000,17413
CRS3035RES200mN2615200E3468400,6994.004356846625,41.22940752459577,57.5,174130000,17413
CRS3035RES200mN2615200E3468600,7550.266948781166,27.588333808748406,40,174130000,17413
CRS3035RES200mN2615200E3468800,7810.138056067379,19.92945270446047,28,174130000,17413
CRS3035RES200mN2615200E3469200,8475.308798294709,0.4254084414895908,0.6,174130000,17413
CRS3035RES200mN2615200E3471200,8147.8811570050775,14.800156176606498,20,174430000,17443
CRS3035RES200mN2615200E3471400,8566.2297780963,4.8709081048696845,6.5,174430000,17443
CRS3035RES200mN2615200E3472800,9238.3455878899,4.938761522835621,6.6000000000000005,174430000,17443
CRS3035RES200mN2615200E3473000,9933.56467600014,1.4733554501337238,2,174430000,17443
CRS3035RES200mN2615200E3477600,9804.304694790213,21.30307018408517,31,174470000,17447
CRS3035RES200mN2615200E3477800,9197.456390639565,28.960467681455988,42,174470000,17447
CRS3035RES200mN2615200E3479400,10552.60812341946,0.8274419337784206,1.2,174470000,17447
CRS3035RES200mN2615200E3484200,11418.50951619001,5.143353604880896,8,170800000,17080
CRS3035RES200mN2615200E3484600,10098.851918265267,9.643788010424407,15,170800000,17080
CRS3035RES200mN2615200E3484800,10100.951517398586,11.572545612509987,18,170800000,17080
CRS3035RES200mN2615200E3485000,9779.819098819038,10.929626411811592,17,170800000,17080
CRS3035RES200mN2615200E3490400,7352.2288774778435,1.1999401060702184,1.9000000000000001,174340101,17434
CRS3035RES200mN2615200E3490800,6812.508269948439,0.8210116515217298,1.3,174340101,17434
CRS3035RES200mN2615200E3491000,6521.074735729522,4.4208319697322995,7,174340101,17434
CRS3035RES200mN2615200E3491200,5970.704196144053,30.945823788126994,49,174340101,17434
CRS3035RES200mN2615200E3491400,5452.92771572133,28.419634091134768,45,174340101,17434
CRS3035RES200mN2615200E3491600,5846.466409240152,45.4714145458189,72,174340102,17434
CRS3035RES200mN2615200E3491800,7202.882246790507,19.57797015167245,31,174340102,17434
CRS3035RES200mN2615200E3492000,7386.166174467405,38.52439287909757,61,174340102,17434
CRS3035RES200mN2615200E3492200,6882.819007765822,29.682728939632607,47,174340102,17434
CRS3035RES200mN2615200E3492400,6367.254203446742,2.2735707272909464,3.6,174340103,17434
CRS3035RES200mN2615200E3492600,5969.21093078586,29.05118151538245,46,174340103,17434
CRS3035RES200mN2615200E3492800,8114.928729934362,33.47201348511742,53,174340103,17434
CRS3035RES200mN2615200E3494000,10031.944542999809,2.841963409113754,4.5,174340103,17434
CRS3035RES200mN2615200E3494200,10942.707225971762,2.3998802121404994,3.8000000000000003,174340103,17434
CRS3035RES200mN2615200E3497400,14244.227702210239,2.8261738260255105,4.1,173940000,17394
CRS3035RES200mN2615200E3497600,13819.487440252957,15.164835163984618,22,173940000,17394
CRS3035RES200mN2615200E3497800,14045.550874963941,1.0339660339194605,1.5,173940000,17394
CRS3035RES200mN2615200E3500400,12097.698182712016,4.243841035784696,8,172210000,17221
CRS3035RES200mN2615200E3500600,12177.017636251592,19.09728466101715,36,172210000,17221
CRS3035RES200mN2615200E3500800,11680.458121671116,4.509081100520862,8.5,172210000,17221
CRS3035RES200mN2615200E3501000,10815.023399922076,1.9097284661001879,3.5999999999999996,172210000,17221
CRS3035RES200mN2615200E3501400,10287.480009321192,0.636576155366108,1.2,172210000,17221
CRS3035RES200mN2615200E3501600,11904.832453101833,0.6365761553038484,1.2,172210000,17221
CRS3035RES200mN2615200E3503000,10435.749828074626,0.6365761553668432,1.2,172210000,17221
CRS3035RES200mN2615200E3503400,10241.718076734884,2.3341125696794265,4.4,172210000,17221
CRS3035RES200mN2615200E3503600,10055.481307108725,17.505844272590387,33,172210000,17221
CRS3035RES200mN2615200E3503800,10151.929783872205,14.853443625217036,28,172210000,17221
CRS3035RES200mN2615200E3504000,9901.874342422536,4.933465204095001,9.3,172210000,17221
CRS3035RES200mN2615400E3465400,5219.723695563493,27.242733318448998,46,170940102,17094
CRS3035RES200mN2615400E3465600,4463.0337081890675,24.469850500331102,41,170940102,17094
CRS3035RES200mN2615400E3465800,5108.68306225367,11.335714170775423,19,170940101,17094
CRS3035RES200mN2615400E3466000,4336.809753395583,31.900076119610272,54.5,170940101,17094
CRS3035RES200mN2615400E3466200,4912.931075028374,41.823713252014876,70,170940101,17094
CRS3035RES200mN2615400E3466400,5730.76392652441,23.7483817809651,40,170940101,17094
CRS3035RES200mN2615400E3466600,6210.061186930141,3.433596408907088,5.7,170940101,17094
CRS3035RES200mN2615400E3468000,7171.455580567525,20.27048441104286,29,174130000,17413
CRS3035RES200mN2615400E3468200,6553.391340268017,47.74462342474197,67.5,174130000,17413
CRS3035RES200mN2615400E3468400,7581.717397597029,31.295738390604676,45,174130000,17413
CRS3035RES200mN2615400E3468600,8143.137808248229,43.71923572787099,64,174130000,17413
CRS3035RES200mN2615400E3468800,8237.297990485084,30.046029031811887,43,174130000,17413
CRS3035RES200mN2615400E3470800,8142.533466303411,5.82566947410844,7.799999999999999,174430000,17443
CRS3035RES200mN2615400E3471000,8105.996613163609,38.951305381484445,53,174430000,17443
CRS3035RES200mN2615400E3471200,8459.848284419299,52.78100375679155,70.5,174430000,17443
CRS3035RES200mN2615400E3471400,8468.999063165671,8.304186979779937,11,174430000,17443
CRS3035RES200mN2615400E3476200,10233.487024749134,0.896395428243542,1.3,174470000,17447
CRS3035RES200mN2615400E3476400,10081.700192784452,8.619186809847063,12.5,174470000,17447
CRS3035RES200mN2615400E3476600,9948.165774180428,5.930000525232361,8.6,174470000,17447
CRS3035RES200mN2615400E3476800,10027.315939735283,0.8963954282298624,1.3,174470000,17447
CRS3035RES200mN2615400E3477600,9970.178646930779,2.758139779037685,4,174470000,17447
CRS3035RES200mN2615400E3477800,8830.997926004375,35.16628218698375,51,174470000,17447
CRS3035RES200mN2615400E3480200,9366.479859320121,0.7101947306160358,1.2,171660000,17166
CRS3035RES200mN2615400E3481600,10617.951109919317,0.7101947308002146,1.2000000000000002,171660000,17166
CRS3035RES200mN2615400E3481800,10433.683452220426,0.7074205325081484,1.2000000000000002,171660000,17166
CRS3035RES200mN2615400E3484600,10044.91148124893,4.757602085140234,7.3999999999999995,170800000,17080
CRS3035RES200mN2615400E3484800,10040.287576444567,9.32232841007674,14.5,170800000,17080
CRS3035RES200mN2615400E3485000,9943.878912929256,17.358818418760343,27,170800000,17080
CRS3035RES200mN2615400E3485200,9630.911143683727,2.635968722847055,4.1,170800000,17080
CRS3035RES200mN2615400E3489800,6535.18331947406,0.7578569090961417,1.2,174340102,17434
CRS3035RES200mN2615400E3491000,5942.220095113675,3.157737121236913,5,174340102,17434
CRS3035RES200mN2615400E3491200,6478.455449193178,18.946422727423474,30,174340102,17434
CRS3035RES200mN2615400E3491400,6092.459303330521,26.524991818393577,42,174340102,17434
CRS3035RES200mN2615400E3491600,6200.52919180819,15.157138181939809,24,174340102,17434
CRS3035RES200mN2615400E3491800,7103.5763180375625,29.051181515384936,46,174340102,17434
CRS3035RES200mN2615400E3492000,7792.505828531928,39.155940303343655,62,174340102,17434
CRS3035RES200mN2615400E3492200,7741.258270279441,21.472612424414926,34,174340102,17434
CRS3035RES200mN2615400E3492400,6657.011020417558,11.367853636454768,18,174340102,17434
CRS3035RES200mN2615400E3492600,6308.544831093807,20.84106500016659,33,174340102,17434
CRS3035RES200mN2615400E3492800,8028.317810866254,25.261896969900004,40,174340103,17434
CRS3035RES200mN2615400E3500200,12627.240886498286,3.342024815679609,6.300000000000001,172210000,17221
CRS3035RES200mN2615400E3500400,12159.282473783,1.4853443625241851,2.8000000000000003,172210000,17221
CRS3035RES200mN2615400E3500600,11998.828457819147,2.2280165437864596,4.2,172210000,17221
CRS3035RES200mN2615400E3500800,11566.444553652938,4.509081100517854,8.5,172210000,17221
CRS3035RES200mN2615400E3501000,10290.297780444704,9.548642330493943,18,172210000,17221
CRS3035RES200mN2615400E3501200,11227.506261668741,0.9018162201042075,1.6999999999999997,172210000,17221
CRS3035RES200mN2615400E3501400,10120.298763243336,10.079122459952888,19,172210000,17221
CRS3035RES200mN2615400E3501600,10378.267176359413,2.1749685308357747,4.1000000000000005,172210000,17221
CRS3035RES200mN2615400E3503400,11784.316798455942,0.6365761553671179,1.2,172210000,17221
CRS3035RES200mN2615400E3503600,11357.395475367552,1.7505844272591367,3.3,172210000,17221
CRS3035RES200mN2615400E3503800,10394.021981776332,4.084696996937514,7.700000000000001,172210000,17221
CRS3035RES200mN2615400E3504000,10886.432793993872,6.471857579555528,12.2,172210000,17221
CRS3035RES200mN2615400E3504200,10919.592110472859,2.652400647362241,5,172210000,17221
CRS3035RES200mN2615600E3465200,5462.797353701218,0.591346874650903,1,170940102,17094
CRS3035RES200mN2615600E3465400,4941.442092291386,29.26965373049995,50,170940102,17094
CRS3035RES200mN2615600E3465600,5008.560416200724,11.81671992462581,20,170940101,17094
CRS3035RES200mN2615600E3465800,4974.615387349217,19.496625326296982,33,170940101,17094
CRS3035RES200mN2615600E3466000,4521.120365256631,17.448741968846225,29,170940101,17094
CRS3035RES200mN2615600E3466200,4855.428675994947,19.785379136986148,33,170940101,17094
CRS3035RES200mN2615600E3466400,4758.141110551578,65.88671721448142,111.5,170940101,17094
CRS3035RES200mN2615600E3466600,5304.259258086025,0.3528258477046101,0.5,174130000,17413
CRS3035RES200mN2615600E3467000,5310.070909924425,1.7079537328542214,2.4,174130000,17413
CRS3035RES200mN2615600E3468200,7553.648459556738,14.10169236000036,20,174130000,17413
CRS3035RES200mN2615600E3468400,7805.705060098746,5.5975966521028635,7.8999999999999995,174130000,17413
CRS3035RES200mN2615600E3468600,8096.52773853659,8.86325399943036,12.6,174130000,17413
CRS3035RES200mN2615600E3468800,8101.744612687909,47.34583646884401,67.5,174130000,17413
CRS3035RES200mN2615600E3471000,8271.47180348093,24.790502211896563,33,174430000,17443
CRS3035RES200mN2615600E3471200,8420.600281928044,8.543626232963922,11.5,174430000,17443
CRS3035RES200mN2615600E3476600,7559.934955913551,8.205465843626136,11.9,174470000,17447
CRS3035RES200mN2615600E3477600,8708.470111206689,7.1711634263652915,10.399999999999999,174470000,17447
CRS3035RES200mN2615600E3477800,8843.809788445675,3.309767735245448,4.8,174470000,17447
CRS3035RES200mN2615600E3478000,10102.978925235462,1.6548838676227662,2.4,174470000,17447
CRS3035RES200mN2615600E3480200,9463.54152919907,3.1584246125449864,5.4,171660000,17166
CRS3035RES200mN2615600E3480400,9270.935194709,1.5939279674066003,2.7,171660000,17166
CRS3035RES200mN2615600E3480600,9578.449460700453,2.3081328744373697,3.9,171660000,17166
CRS3035RES200mN2615600E3480800,9031.744125795525,0.7000106793972135,1.2,171660000,17166
CRS3035RES200mN2615600E3481000,9501.129498171455,1.7416771469475485,3,171660000,17166
CRS3035RES200mN2615600E3482000,10330.69930703925,0.3540982981800462,0.6,171660000,17166
CRS3035RES200mN2615600E3484400,10011.29843215154,1.8001737619447475,2.8000000000000003,170800000,17080
CRS3035RES200mN2615600E3484600,10083.714069711956,1.8001737619455325,2.8000000000000003,170800000,17080
CRS3035RES200mN2615600E3484800,9858.93837869172,3.278887923541258,5.1,170800000,17080
CRS3035RES200mN2615600E3485000,9732.720853952913,1.9930495221531463,3.1,170800000,17080
CRS3035RES200mN2615600E3485200,10133.166762850471,6.300608166803979,9.799999999999999,170800000,17080
CRS3035RES200mN2615600E3488200,9579.553107981226,2.399880212140505,3.8,174340102,17434
CRS3035RES200mN2615600E3488400,10491.374520628458,7.7680333175710645,12.3,174340102,17434
CRS3035RES200mN2615600E3490000,6369.08586972576,1.5788685606166213,2.5,174340102,17434
CRS3035RES200mN2615600E3490800,6068.147238868005,0.3789284545482255,0.6,174340102,17434
CRS3035RES200mN2615600E3491200,6061.818944128752,2.5261896969896966,4,174340102,17434
CRS3035RES200mN2615600E3491400,6484.5612205518655,10.104758787959515,16,174340102,17434
CRS3035RES200mN2615600E3491600,7667.983890460893,12.63094848494998,20,174340102,17434
CRS3035RES200mN2615600E3491800,7841.1468338302375,12.630948484949954,20,174340102,17434
CRS3035RES200mN2615600E3492000,7367.01891662871,21.472612424415033,34,174340102,17434
CRS3035RES200mN2615600E3492200,5772.846420998107,6.947021666721785,11,174340102,17434
CRS3035RES200mN2615600E3492400,7245.910562641236,15.788685606187396,25,174340102,17434
CRS3035RES200mN2615600E3492600,8344.981290015148,6.947021666722462,11,174340102,17434
CRS3035RES200mN2615600E3492800,7236.616808873204,25.261896969899766,40,174340102,17434
CRS3035RES200mN2615600E3493000,8121.518094894901,53.049983636790095,84,174340102,17434
CRS3035RES200mN2615600E3493200,8741.695453262548,6.9470216667225415,11,174340103,17434
CRS3035RES200mN2615600E3501000,11956.242244117695,2.864592699153284,5.3999999999999995,172210000,17221
CRS3035RES200mN2615600E3501200,9976.845430085816,10.60960258941581,20,172210000,17221
CRS3035RES200mN2615600E3501400,10287.405204948467,9.973026434073068,18.8,172210000,17221
CRS3035RES200mN2615600E3501600,10906.145095506221,1.5914403884161241,3,172210000,17221
CRS3035RES200mN2615600E3503800,10815.644149387388,0.9018162201029963,1.6999999999999997,172210000,17221
CRS3035RES200mN2615600E3504000,10573.718801818248,7.161481747878834,13.5,172210000,17221
CRS3035RES200mN2615800E3465200,5095.502201319344,5.97141782800784,10,170940102,17094
CRS3035RES200mN2615800E3465400,4850.92596661638,21.15997549004808,36,170940102,17094
CRS3035RES200mN2615800E3465600,4432.994813543766,21.64083382754802,36,170940101,17094
CRS3035RES200mN2615800E3465800,5159.8467681283955,11.415360068260973,19,170940101,17094
CRS3035RES200mN2615800E3466000,5124.695499493737,19.148386783884032,32,170940101,17094
CRS3035RES200mN2615800E3466200,5640.851834008339,27.955687723033744,47,170940101,17094
CRS3035RES200mN2615800E3466400,6635.030881646559,7.735810181305178,10.299999999999999,174200000,17420
CRS3035RES200mN2615800E3466600,6451.024274354966,2.858660187513564,3.8000000000000003,174200000,17420
CRS3035RES200mN2615800E3466800,4266.24512470641,6.397394224363895,9.1,174130000,17413
CRS3035RES200mN2615800E3467000,4362.907043134391,2.4697809339321095,3.5,174130000,17413
CRS3035RES200mN2615800E3467200,5212.536709990442,1.727708505856466,2.4,174130000,17413
CRS3035RES200mN2615800E3467400,5627.014447947733,0.5578641941553663,0.8,174130000,17413
CRS3035RES200mN2615800E3468800,8056.864619487194,5.607365162001923,7.8999999999999995,174130000,17413
CRS3035RES200mN2615800E3471400,8445.417518751861,1.5024546795482876,2,174430000,17443
CRS3035RES200mN2615800E3474400,9867.296459514502,2.827093273855571,4.1,174470000,17447
CRS3035RES200mN2615800E3475800,10150.36054924897,1.1032559117485137,1.6,174470000,17447
CRS3035RES200mN2615800E3476000,10341.124632843623,18.554111449489074,27,174470000,17447
CRS3035RES200mN2615800E3476200,9995.1904493373,3.1718607461044925,4.6,174470000,17447
CRS3035RES200mN2615800E3476400,8539.204924818121,11.7220940623278,17,174470000,17447
CRS3035RES200mN2615800E3476600,6979.6502814938,17.238373621052194,25,174470000,17447
CRS3035RES200mN2615800E3479400,10194.733898481427,4.337381957717501,6.299999999999999,174470000,17447
CRS3035RES200mN2615800E3479600,9707.658175965666,12.320891251549266,21,171660000,17166
CRS3035RES200mN2615800E3479800,9516.034212014902,3.189670111188408,5.4,171660000,17166
CRS3035RES200mN2615800E3480000,9320.047654917493,2.8637011827029557,4.9,171660000,17166
CRS3035RES200mN2615800E3480200,9280.937450456137,1.5979381439226765,2.7,171660000,17166
CRS3035RES200mN2615800E3480400,9680.231690401104,1.2867655828569091,2.2,171660000,17166
CRS3035RES200mN2615800E3480800,9680.136111754087,1.2918516128776707,2.2,171660000,17166
CRS3035RES200mN2615800E3481000,9156.590254179946,4.229857142081317,7.199999999999999,171660000,17166
CRS3035RES200mN2615800E3481400,9362.983317077082,0.7046463344121374,1.2000000000000002,171660000,17166
CRS3035RES200mN2615800E3481800,9516.337684970997,0.7076303241837424,1.2000000000000002,171660000,17166
CRS3035RES200mN2615800E3485200,10017.843460047054,8.357949609028132,13,170800000,17080
CRS3035RES200mN2615800E3488000,12438.514183152933,0.7715030408340602,1.2,170800000,17080
CRS3035RES200mN2615800E3488400,10452.449483282227,0.9473211362950554,1.5,174340102,17434
CRS3035RES200mN2615800E3489800,7965.930911888872,2.3998802121402143,3.8,174340102,17434
CRS3035RES200mN2615800E3491400,9148.70909741345,3.1577371212374685,5,174340102,17434
CRS3035RES200mN2615800E3492000,8815.391981891402,3.5998203182107065,5.699999999999999,174340102,17434
CRS3035RES200mN2615800E3492400,7917.127789471401,7.578569090969999,12,174340102,17434
CRS3035RES200mN2615800E3492600,6671.695285323347,20.209517575914468,32,174340102,17434
CRS3035RES200mN2615800E3492800,8838.110428399135,8.525890227341321,13.5,174340102,17434
CRS3035RES200mN2615800E3493000,7931.159843328995,29.68272893963219,47,174340102,17434
CRS3035RES200mN2615800E3493200,8925.314443659696,2.0841065000167434,3.3,174340102,17434
CRS3035RES200mN2615800E3496400,14602.0433908709,2.412587412587432,3.5,173940000,17394
CRS3035RES200mN2615800E3500600,11999.250652974864,2.2280165437866977,4.2,172210000,17221
CRS3035RES200mN2615800E3500800,11649.36180748437,6.365761553674996,12,172210000,17221
CRS3035RES200mN2615800E3501000,11954.460616268096,1.9097284661023413,3.5999999999999996,172210000,17221
CRS3035RES200mN2615800E3501200,12754.517923333426,6.3657615536736465,12,172210000,17221
CRS3035RES200mN2615800E3501400,12267.447793214147,6.153569501886945,11.6,172210000,17221
CRS3035RES200mN2615800E3501600,11557.642926386801,7.426721812619743,14,172210000,17221
CRS3035RES200mN2616000E3465200,4699.198905629638,7.1282924345594925,12,170940102,17094
CRS3035RES200mN2616000E3465400,4676.390624752294,28.74960946153803,48,170940102,17094
CRS3035RES200mN2616000E3465600,4868.563504948706,26.26725902534837,44,170940101,17094
CRS3035RES200mN2616000E3465800,4894.798897150024,15.561289479088703,26,170940101,17094
CRS3035RES200mN2616000E3466000,5625.930805034575,1.6227002537824864,2.7,170940101,17094
CRS3035RES200mN2616000E3466200,6159.30904470219,2.692993667160187,4.5,170940101,17094
CRS3035RES200mN2616000E3466800,6235.073834897859,32.56014191256309,44,174200000,17420
CRS3035RES200mN2616000E3467000,6404.816194309612,20.197495425783526,27,174200000,17420
CRS3035RES200mN2616000E3467200,7603.1393132925505,12.529853778405826,17,174200000,17420
CRS3035RES200mN2616000E3467400,5464.001270388003,7.735558492695055,11.4,174130000,17413
CRS3035RES200mN2616000E3468000,6531.825680756368,3.959331992588384,5.500000000000001,174130000,17413
CRS3035RES200mN2616000E3468200,7012.350558341881,21.10659515468871,30,174130000,17413
CRS3035RES200mN2616000E3469000,8115.41292137401,1.9837917824015987,2.8,174130000,17413
CRS3035RES200mN2616000E3475800,9939.75232290699,1.7927908565913482,2.6,174470000,17447
CRS3035RES200mN2616000E3476000,7537.464087038593,21.720350762545387,31.5,174470000,17447
CRS3035RES200mN2616000E3476400,7401.753636690838,6.7574424594564775,9.8,174470000,17447
CRS3035RES200mN2616000E3476600,6467.996670597038,19.306978455588354,28,174470000,17447
CRS3035RES200mN2616000E3479400,9627.169062650128,9.469263076134906,16,171660000,17166
CRS3035RES200mN2616000E3479600,9611.364976717288,41.60101114375286,72,171660000,17166
CRS3035RES200mN2616000E3479800,9640.17024040667,25.644194569457028,44,171660000,17166
CRS3035RES200mN2616000E3480000,9746.803112702204,4.482312963109161,7.6,171660000,17166
CRS3035RES200mN2616000E3481000,9379.369530047186,19.96549246782008,34,171660000,17166
CRS3035RES200mN2616000E3481200,8980.389251396851,3.96525391370648,6.699999999999999,171660000,17166
CRS3035RES200mN2616000E3484600,10453.325707204367,0.900086880874948,1.4,170800000,17080
CRS3035RES200mN2616000E3484800,10594.08669049484,4.500434404383997,7,170800000,17080
CRS3035RES200mN2616000E3485000,9906.478832631376,8.743701129435644,13.6,170800000,17080
CRS3035RES200mN2616000E3485200,10131.319589501241,4.9504778453489475,7.699999999999999,170800000,17080
CRS3035RES200mN2616000E3488800,8168.113856176862,0.8210116515216278,1.3,174340102,17434
CRS3035RES200mN2616000E3489200,9762.081391746524,1.1367853636454957,1.8,174340102,17434
CRS3035RES200mN2616000E3489400,10959.991351506544,0.6947021666037942,1.1,174340102,17434
CRS3035RES200mN2616000E3489800,8999.184260429083,10.231068272809425,16.2,174340102,17434
CRS3035RES200mN2616000E3490000,8715.121573511535,0.6947021666722194,1.1,174340102,17434
CRS3035RES200mN2616000E3491000,9576.82432704602,0.3157737121237467,0.5,174340102,17434
CRS3035RES200mN2616000E3492200,10433.427337621752,0.31577371212375044,0.5,174340102,17434
CRS3035RES200mN2616000E3492400,8771.17693217141,1.2630948484949884,2,174340102,17434
CRS3035RES200mN2616000E3492600,8771.52366033638,0.3157737121237438,0.5,174340102,17434
CRS3035RES200mN2616000E3496400,14689.053722308237,1.7232767232766937,2.5,173940000,17394
CRS3035RES200mN2616000E3501000,12406.35793079951,1.11400827189342,2.1,172210000,17221
CRS3035RES200mN2616000E3501200,13013.422378812429,7.957201942093218,15,172210000,17221
CRS3035RES200mN2616000E3501400,12527.45210279468,1.962776479050051,3.7,172210000,17221
CRS3035RES200mN2616000E3501600,12536.556571536014,2.8645926991546227,5.4,172210000,17221
CRS3035RES200mN2616000E3504000,11115.805411729038,0.42438410357827905,0.8,172210000,17221
CRS3035RES200mN2616200E3465200,4927.482770769065,1.662394334018566,2.8000000000000003,170940102,17094
CRS3035RES200mN2616200E3465400,5311.811845245095,8.18120749355261,14,170940101,17094
CRS3035RES200mN2616200E3465600,5085.834429138805,26.06459402267253,44,170940101,17094
CRS3035RES200mN2616200E3466800,7406.867399670807,4.537487409495138,6.1,174200000,17420
CRS3035RES200mN2616200E3467000,7451.249518345789,5.891097544645708,8,174200000,17420
CRS3035RES200mN2616200E3467200,7667.214081938622,2.998191350954082,4,174200000,17420
CRS3035RES200mN2616200E3467400,7979.807838243947,7.545268047903462,10.2,174200000,17420
CRS3035RES200mN2616200E3467600,7828.9155067953125,5.43049658344614,7.4,174200000,17420
CRS3035RES200mN2616200E3467800,7753.1765596679525,3.3071056755918353,4.5,174200000,17420
CRS3035RES200mN2616200E3468000,7645.929588052692,18.71684214622433,26,174130000,17413
CRS3035RES200mN2616200E3468200,7871.328525346664,21.891129791549947,31,174130000,17413
CRS3035RES200mN2616200E3468400,7553.769160065435,2.5710760965892847,3.5999999999999996,174130000,17413
CRS3035RES200mN2616200E3469000,7856.249848369965,1.973197394585959,2.8,174130000,17413
CRS3035RES200mN2616200E3475200,10283.361021940374,2.1998966456086153,3.2,174470000,17447
CRS3035RES200mN2616200E3476200,6494.384095789369,2.3444188124637337,3.4,174470000,17447
CRS3035RES200mN2616200E3476400,9022.081434010744,1.5169768784502335,2.2,174470000,17447
CRS3035RES200mN2616200E3479400,9575.641034083763,1.4384679873668038,2,170030000,17003
CRS3035RES200mN2616200E3479600,9671.598797020153,20.381857413178373,35,171660000,17166
CRS3035RES200mN2616200E3479800,9724.031245055625,19.783749040396565,34,171660000,17166
CRS3035RES200mN2616200E3480000,9305.289875279004,1.5916145518811875,2.7,171660000,17166
CRS3035RES200mN2616200E3480400,9411.803791883953,17.049345818207208,29,171660000,17166
CRS3035RES200mN2616200E3480600,9811.187529179695,8.344499604051329,14.200000000000001,171660000,17166
CRS3035RES200mN2616200E3480800,9433.69115931833,13.975769577281401,24,171660000,17166
CRS3035RES200mN2616200E3481000,8945.016453610622,31.78159300780758,55,171660000,17166
CRS3035RES200mN2616200E3481200,9094.706100235035,4.834040306411842,8.2,171660000,17166
CRS3035RES200mN2616200E3481400,10406.68721612018,0.2959144711499633,0.5,171660000,17166
CRS3035RES200mN2616200E3484800,10184.077428084714,5.786272806049408,9,170800000,17080
CRS3035RES200mN2616200E3485000,10377.114378436789,31.824500432078626,49.5,170800000,17080
CRS3035RES200mN2616200E3485200,10319.352570385787,1.4787141614472195,2.3,170800000,17080
CRS3035RES200mN2616200E3488200,11846.26565532873,2.282401892585854,3.0999999999999996,172930000,17293
CRS3035RES200mN2616200E3489800,10665.463236690828,7.136485893279731,11.3,174340102,17434
CRS3035RES200mN2616200E3490000,9210.341555619927,1.8314875303177467,2.9,174340102,17434
CRS3035RES200mN2616200E3492200,10438.799924784013,1.8946422727425103,3,174340102,17434
CRS3035RES200mN2616200E3501000,12460.522665758268,0.31828807768383,0.6,172210000,17221
CRS3035RES200mN2616200E3501200,13296.388841722364,1.1140082718934015,2.1,172210000,17221
CRS3035RES200mN2616200E3501400,12278.700466653403,1.1140082718935396,2.1,172210000,17221
CRS3035RES200mN2616200E3504000,10956.541784442486,0.4243841035780587,0.8,172210000,17221
CRS3035RES200mN2616400E3465200,6434.334113825889,1.9074484788739516,3.2,170940102,17094
CRS3035RES200mN2616400E3465400,5114.56786579039,22.45545227835023,38,170940101,17094
CRS3035RES200mN2616400E3465600,5077.227830512718,0.3590658222880218,0.6000000000000001,170940101,17094
CRS3035RES200mN2616400E3468000,8123.738084275259,0.5235863510158623,0.7,174200000,17420
CRS3035RES200mN2616400E3469000,8656.60359121465,0.6009818719242063,0.8,174430000,17443
CRS3035RES200mN2616400E3472600,8714.769734308176,1.4064788828252655,2.1,171360000,17136
CRS3035RES200mN2616400E3477400,5711.806581884926,1.5823147862147096,2.2,170030000,17003
CRS3035RES200mN2616400E3480400,10242.285438547,8.766460230785185,14.899999999999999,171660000,17166
CRS3035RES200mN2616400E3480600,9556.262723944894,34.157258637310875,58,171660000,17166
CRS3035RES200mN2616400E3480800,9417.122313898954,36.315149196322196,62,171660000,17166
CRS3035RES200mN2616400E3481000,10329.455723409927,27.480536552481006,47,171660000,17166
CRS3035RES200mN2616400E3484400,11474.731343572043,0.9000868809350673,1.4,170800000,17080
CRS3035RES200mN2616400E3485000,10092.119145684126,1.9287576019145298,3,170800000,17080
CRS3035RES200mN2616400E3485800,11598.508043644479,1.4787141615986192,2.3,170800000,17080
CRS3035RES200mN2616400E3486000,11517.884435299817,14.787141614546035,23,170800000,17080
CRS3035RES200mN2616400E3486200,12160.85547485235,6.879235447437053,10.7,170800000,17080
CRS3035RES200mN2616600E3465200,6160.104660673972,7.480537964333846,12.500000000000002,170940101,17094
CRS3035RES200mN2616600E3465400,5083.704944759946,8.870203119763595,15,170940101,17094
CRS3035RES200mN2616600E3468000,8091.639476866888,6.5514522471806504,8.799999999999999,174200000,17420
CRS3035RES200mN2616600E3468400,8638.248292196631,2.553185616941638,3.4000000000000004,174200000,17420
CRS3035RES200mN2616600E3472800,8554.072104047838,1.4407176104906372,2.1,171360000,17136
CRS3035RES200mN2616600E3477000,6282.105427401661,0.4315403962404243,0.6,170030000,17003
CRS3035RES200mN2616600E3477400,6188.7513467519875,0.7880669345406124,1.1,170030000,17003
CRS3035RES200mN2616600E3480600,10400.221368555796,3.802398172250631,6.5,171660000,17166
CRS3035RES200mN2616600E3480800,10122.260129573056,24.027153565125133,41,171660000,17166
CRS3035RES200mN2616600E3481000,9363.67177468142,12.333224525819654,21,171660000,17166
CRS3035RES200mN2616600E3484400,11351.79509661008,0.90008688094214,1.4,170800000,17080
CRS3035RES200mN2616600E3486000,11992.421937088468,15.430060816096729,24,170800000,17080
CRS3035RES200mN2616600E3486200,12035.535219246342,7.264986967853986,11.3,170800000,17080
CRS3035RES200mN2616600E3487800,12297.634623877904,0.9571362777327846,1.3,172930000,17293
CRS3035RES200mN2616600E3488600,12657.07259825984,0.9571362777327899,1.3,172930000,17293
CRS3035RES200mN2616600E3495000,10437.483517915442,4.168212999912541,6.6000000000000005,174340102,17434
CRS3035RES200mN2616600E3497800,14332.28624648865,0.3446553446553423,0.5,173940000,17394
CRS3035RES200mN2616600E3499400,14536.850755592535,1.6543456543456592,2.3999999999999995,173940000,17394
CRS3035RES200mN2616600E3499600,14124.783695765718,0.6893106893106893,0.9999999999999999,173940000,17394
CRS3035RES200mN2616600E3501400,12992.279473047807,0.5835281424204175,1.1,172210000,17221
CRS3035RES200mN2616800E3465200,5233.959066082002,7.081264912354855,12,170940101,17094
CRS3035RES200mN2616800E3467600,8723.87847449407,0.3662057895070725,0.5,174200000,17420
CRS3035RES200mN2616800E3468000,8182.980245480476,0.9597621937114839,1.3,174200000,17420
CRS3035RES200mN2616800E3469000,8648.662119292592,1.496819459820801,2,174200000,17420
CRS3035RES200mN2616800E3472600,8227.496377677082,1.4635861434668387,2.1,171360000,17136
CRS3035RES200mN2616800E3472800,8522.892068653311,3.801894182611672,5.7,171360000,17136
CRS3035RES200mN2616800E3473000,8788.757847224251,0.6710727835461954,1,171360000,17136
CRS3035RES200mN2616800E3476800,6165.176049268337,0.42816898689440724,0.6,170030000,17003
CRS3035RES200mN2616800E3477000,7115.842958227967,2.4453955786965476,3.4,170030000,17003
CRS3035RES200mN2616800E3478600,8809.784659788787,3.95578696553825,5.5,170030000,17003
CRS3035RES200mN2616800E3478800,8603.677238114275,13.348814916337641,18.6,170030000,17003
CRS3035RES200mN2616800E3479000,9341.510655763866,9.350041916357847,13,170030000,17003
CRS3035RES200mN2616800E3481000,10278.042885444445,1.4678850717972283,2.5,171660000,17166
CRS3035RES200mN2616800E3484000,11116.263909089042,0.9000868809403326,1.4,170800000,17080
CRS3035RES200mN2616800E3486000,12028.226640833595,1.9287576020851478,3,170800000,17080
CRS3035RES200mN2616800E3488000,12218.016684371216,0.9571362777327679,1.3,172930000,17293
CRS3035RES200mN2616800E3488800,12591.24381928402,3.8285451109311235,5.199999999999999,172930000,17293
CRS3035RES200mN2616800E3489400,12926.624555437602,0.441755205045335,0.6000000000000001,172930000,17293
CRS3035RES200mN2616800E3494400,10127.488138651544,1.0104758787643169,1.5999999999999999,174340102,17434
CRS3035RES200mN2616800E3494600,10003.070172877895,2.0841065000167567,3.3,174340102,17434
CRS3035RES200mN2616800E3495000,11985.441604265287,2.15186635062733,3.3,173380000,17338
CRS3035RES200mN2616800E3499400,14182.769825555704,0.34465534465534453,0.5,173940000,17394
CRS3035RES200mN2617000E3465200,5702.06259952435,20.427486437940512,34,170940101,17094
CRS3035RES200mN2617000E3465600,6228.26420639314,1.3763749682749153,2.3000000000000003,170940101,17094
CRS3035RES200mN2617000E3467600,8871.34043803852,0.8952225343301637,1.2000000000000002,174200000,17420
CRS3035RES200mN2617000E3468200,8244.24939648677,15.29825005548947,21,174200000,17420
CRS3035RES200mN2617000E3468400,8301.02452070709,9.786970499419235,13.3,174200000,17420
CRS3035RES200mN2617000E3469000,8475.463923383868,5.049186508314719,6.799999999999999,174200000,17420
CRS3035RES200mN2617000E3469200,8507.764259350977,1.5018738925248276,2,174200000,17420
CRS3035RES200mN2617000E3477200,7401.811977611483,4.298546915677556,6,170030000,17003
CRS3035RES200mN2617000E3477600,8160.67790887984,9.850416313818142,13.700000000000001,170030000,17003
CRS3035RES200mN2617000E3477800,7437.63871018626,29.924796994614,42,170030000,17003
CRS3035RES200mN2617000E3478000,7884.188847600351,5.373400613019354,7.5,170030000,17003
CRS3035RES200mN2617000E3478400,8129.028746275545,16.50922105653504,23,170030000,17003
CRS3035RES200mN2617000E3478600,9113.194214504923,8.760377681892075,12.2,170030000,17003
CRS3035RES200mN2617000E3478800,9291.128806082705,16.455821365801224,23,170030000,17003
CRS3035RES200mN2617000E3479000,9089.0523040331591,1.432848971561547,2,170030000,17003
CRS3035RES200mN2617000E3480600,10527.636382211786,0.2901348916571262,0.5,171660000,17166
CRS3035RES200mN2617000E3481200,10460.554076753426,0.884275665618562,1.5,171660000,17166
CRS3035RES200mN2617000E3486000,12021.40454209506,2.443092962641186,3.8,170800000,17080
CRS3035RES200mN2617000E3487800,12462.963018895734,2.797782965680425,3.8,172930000,17293
CRS3035RES200mN2617000E3488000,12453.512834164101,0.9571362777327791,1.3,172930000,17293
CRS3035RES200mN2617000E3494200,9735.5408508709,1.3693694958505724,2.0999999999999996,173380000,17338
CRS3035RES200mN2617000E3494400,9490.85668295222,29.343632053974172,45,173380000,17338
CRS3035RES200mN2617000E3494600,9596.381091401321,23.47490564314876,36,173380000,17338
CRS3035RES200mN2617000E3498800,12265.31111901927,1.171828171826665,1.7000000000000002,173940000,17394
CRS3035RES200mN2617000E3499000,12426.29583562013,2.619380619377988,3.8000000000000003,173940000,17394
CRS3035RES200mN2617000E3501200,13455.560285398142,3.6603128933637725,6.9,172210000,17221
CRS3035RES200mN2617200E3465200,5383.451049696014,19.675027365164855,33,170940101,17094
CRS3035RES200mN2617200E3465400,5623.639467557349,3.6703246633111686,6.300000000000001,170940101,17094
CRS3035RES200mN2617200E3468200,8276.177177793315,31.09700775236303,42,174200000,17420
CRS3035RES200mN2617200E3468400,8095.9797327108145,41.059435370145174,57,174200000,17420
CRS3035RES200mN2617200E3468600,7893.634130154766,10.29908806953922,13.9,174200000,17420
CRS3035RES200mN2617200E3468800,8328.17292696456,7.209606869796196,9.600000000000001,174200000,17420
CRS3035RES200mN2617200E3469200,8626.848696855095,0.9839047862839956,1.3,174200000,17420
CRS3035RES200mN2617200E3472800,7475.240160663197,1.4178520425311683,2.1,171360000,17136
CRS3035RES200mN2617200E3477000,7410.214195462221,5.138027842739226,7.199999999999999,170030000,17003
CRS3035RES200mN2617200E3477200,7367.661290368671,32.90341791798534,46,170030000,17003
CRS3035RES200mN2617200E3477400,7921.7659757570045,0.7849764759740235,1.1,170030000,17003
CRS3035RES200mN2617200E3477600,7365.454680782973,10.28504611040006,14.3,170030000,17003
CRS3035RES200mN2617200E3477800,7801.192038328476,37.72157680893209,53,170030000,17003
CRS3035RES200mN2617200E3478000,7182.416240499293,39.386380241131235,55,170030000,17003
CRS3035RES200mN2617200E3478200,7553.6318395702565,8.77465472355706,12.2,170030000,17003
CRS3035RES200mN2617200E3478400,7910.783769890162,47.874323754111714,67,170030000,17003
CRS3035RES200mN2617200E3478600,8131.112103278915,22.905795770272746,32,170030000,17003
CRS3035RES200mN2617200E3478800,8606.40816133935,5.659753438975332,7.9,170030000,17003
CRS3035RES200mN2617200E3480600,10310.43895238769,2.5938752857517127,4.4,171660000,17166
CRS3035RES200mN2617200E3483800,11233.514222781678,1.8001737619461153,2.8000000000000003,170800000,17080
CRS3035RES200mN2617200E3484000,11309.20726114997,5.529105125767386,8.600000000000001,170800000,17080
CRS3035RES200mN2617200E3485800,11777.449597832792,2.314509122502179,3.6,170800000,17080
CRS3035RES200mN2617200E3492000,12028.187620262694,1.3041614245723312,2,173380000,17338
CRS3035RES200mN2617200E3494200,10263.479404319154,5.021021484793336,7.699999999999999,173380000,17338
CRS3035RES200mN2617200E3494400,9770.054316757438,9.781210684654004,15,173380000,17338
CRS3035RES200mN2617200E3494600,9664.792834530186,33.25611632783184,51,173380000,17338
CRS3035RES200mN2617200E3494800,12024.239821573785,8.672673473740431,13.3,173380000,17338
CRS3035RES200mN2617200E3495800,14316.063972088501,1.2407592407592352,1.7999999999999998,173940000,17394
CRS3035RES200mN2617200E3498400,11983.306577265697,8.96103896102043,13,173940000,17394
CRS3035RES200mN2617200E3498600,12253.819958474382,4.342657342651877,6.3,173940000,17394
CRS3035RES200mN2617200E3498800,12301.849254989214,19.99000998999396,29,173940000,17394
CRS3035RES200mN2617400E3465200,5099.507589074079,27.00923430819419,46,170940101,17094
CRS3035RES200mN2617400E3468200,8684.135366681629,9.092150128549628,12.3,174200000,17420
CRS3035RES200mN2617400E3468400,8422.911890546213,9.82644082039678,13.3,174200000,17420
CRS3035RES200mN2617400E3468800,8453.426091997611,22.442444053395295,30,174200000,17420
CRS3035RES200mN2617400E3472600,7428.677008161407,1.434541236260815,2.1,171360000,17136
CRS3035RES200mN2617400E3473400,7201.8001492999765,9.040788650641794,13,171360000,17136
CRS3035RES200mN2617400E3473600,6785.834005083042,1.215299208849188,1.7999999999999998,171360000,17136
CRS3035RES200mN2617400E3473800,7132.5813224942185,0.8167333392802617,1.2,171360000,17136
CRS3035RES200mN2617400E3477200,6980.838476030278,15.709317836246422,22,170030000,17003
CRS3035RES200mN2617400E3477400,7479.279029439188,43.64181251102897,61,170030000,17003
CRS3035RES200mN2617400E3477600,7356.965000668217,26.05648279442775,36.5,170030000,17003
CRS3035RES200mN2617400E3477800,7020.052350585928,25.110926261387355,35,170030000,17003
CRS3035RES200mN2617400E3478000,7126.313615007618,12.946211887217052,18,170030000,17003
CRS3035RES200mN2617400E3478200,7822.619336259441,0.7911573931076367,1.0999999999999999,170030000,17003
CRS3035RES200mN2617400E3478400,7592.882589999644,30.92706173057397,43,170030000,17003
CRS3035RES200mN2617400E3478600,7664.691304646716,42.13948555593925,59,170030000,17003
CRS3035RES200mN2617400E3478800,7876.14723255884,15.823147862153771,22,170030000,17003
CRS3035RES200mN2617400E3479000,9219.62426681577,4.85258185038293,6.8,170030000,17003
CRS3035RES200mN2617400E3480600,10358.134870922684,1.1744105572381385,2,171660000,17166
CRS3035RES200mN2617400E3483800,11487.485511998742,3.5360556038228084,5.5,170800000,17080
CRS3035RES200mN2617400E3484000,11265.32112549476,8.615117288980697,13.399999999999999,170800000,17080
CRS3035RES200mN2617400E3484200,11174.240903379985,16.715899214672607,26,170800000,17080
CRS3035RES200mN2617400E3494200,9424.183111141196,1.825825994467911,2.8,173380000,17338
CRS3035RES200mN2617400E3494800,9695.670740497655,25.431147780104375,39,173380000,17338
CRS3035RES200mN2617400E3495000,10894.5880294161,11.08537210929083,17,173380000,17338
CRS3035RES200mN2617400E3495600,12645.840006007316,1.564993709533097,2.4,173380000,17338
CRS3035RES200mN2617400E3498000,11781.638656840842,3.170829170821615,4.6,173940000,17394
CRS3035RES200mN2617400E3498200,12005.969646683167,1.1718281718277748,1.7000000000000002,173940000,17394
CRS3035RES200mN2617400E3498400,11970.397738924425,8.961038961017072,13,173940000,17394
CRS3035RES200mN2617400E3498600,11871.115255738338,8.961038961013136,13,173940000,17394
CRS3035RES200mN2617400E3498800,12051.332565612487,8.961038961002064,13,173940000,17394
CRS3035RES200mN2617400E3499000,12294.026232645196,10.339660339640169,15,173940000,17394
CRS3035RES200mN2617600E3465000,5530.547198544776,16.219350193139075,25,170100000,17010
CRS3035RES200mN2617600E3465200,5108.5053931422335,24.946797654411355,38,170100000,17010
CRS3035RES200mN2617600E3465400,5495.813874479741,1.5198573592012743,2.3000000000000003,170100000,17010
CRS3035RES200mN2617600E3465800,6024.639869218547,0.33544429974567574,0.5,170100000,17010
CRS3035RES200mN2617600E3468400,8639.380815247367,1.9831433815032256,2.7,174200000,17420
CRS3035RES200mN2617600E3468600,7855.879072688909,42.39238101689184,58,174200000,17420
CRS3035RES200mN2617600E3468800,7758.520520024993,5.124968486319675,7,174200000,17420
CRS3035RES200mN2617600E3469000,7901.064338837741,1.492622289345102,2,174200000,17420
CRS3035RES200mN2617600E3472600,7520.990915625581,0.4707106478718588,0.7000000000000001,171360000,17136
CRS3035RES200mN2617600E3473000,7543.258485269965,2.4600008179125576,3.5999999999999996,171360000,17136
CRS3035RES200mN2617600E3473200,6803.581163101637,17.078439368473997,25,171360000,17136
CRS3035RES200mN2617600E3473400,6859.814699012324,21.114459957430228,31,171360000,17136
CRS3035RES200mN2617600E3473600,7469.654745361029,0.816733339043704,1.2,171360000,17136
CRS3035RES200mN2617600E3476800,8033.5396752861425,0.4315403962405637,0.6,170030000,17003
CRS3035RES200mN2617600E3477000,7650.383189385537,2.0138551824559867,2.8,170030000,17003
CRS3035RES200mN2617600E3477200,7610.115990744656,20.776310092436972,29,170030000,17003
CRS3035RES200mN2617600E3477400,7231.376778219122,24.45395578696545,34,170030000,17003
CRS3035RES200mN2617600E3477600,7372.598373803483,24.97414247585237,35,170030000,17003
CRS3035RES200mN2617600E3477800,7287.804666955024,22.705419235764403,32,170030000,17003
CRS3035RES200mN2617600E3478000,6998.012193976019,28.76935974937134,40,170030000,17003
CRS3035RES200mN2617600E3478200,7420.263854964603,8.630807924811373,12,170030000,17003
CRS3035RES200mN2617600E3478400,7688.987136833839,6.49946358235236,9.1,170030000,17003
CRS3035RES200mN2617600E3478600,7709.047220596653,23.015487799496434,32,170030000,17003
CRS3035RES200mN2617600E3478800,8297.021805100607,13.665445880949092,19,170030000,17003
CRS3035RES200mN2617600E3479000,8997.926044483409,22.98010099748181,32,170030000,17003
CRS3035RES200mN2617600E3479200,9169.17018754563,1.4384679871177857,2,170030000,17003
CRS3035RES200mN2617600E3491600,12496.44212148184,1.108537210803249,1.7,173380000,17338
CRS3035RES200mN2617600E3493800,10356.500209180502,0.3260403561554074,0.5,173380000,17338
CRS3035RES200mN2617600E3495000,10297.175408522307,1.9562421369332055,3,173380000,17338
CRS3035RES200mN2617600E3495200,9726.216663609928,1.5649937095459037,2.4,173380000,17338
CRS3035RES200mN2617600E3495600,12204.484313528608,0.7824968547735747,1.2,173380000,17338
CRS3035RES200mN2617600E3498000,12235.359201887775,6.617382617365459,9.600000000000001,173940000,17394
CRS3035RES200mN2617600E3498200,11735.703262696625,12.40759240754798,18,173940000,17394
CRS3035RES200mN2617600E3498400,12138.011955342938,13.786213786201584,20,173940000,17394
CRS3035RES200mN2617600E3498600,12015.401828955017,15.164835164818266,22,173940000,17394
CRS3035RES200mN2617600E3498800,11808.45446835859,19.99000998994385,29,173940000,17394
CRS3035RES200mN2617600E3499000,12050.81898515087,4.342657342653921,6.300000000000001,173940000,17394
CRS3035RES200mN2617800E3464600,5536.781092301699,1.1744496894624454,1.8000000000000003,170100000,17010
CRS3035RES200mN2617800E3464800,5260.886330121236,18.70009937081014,28.199999999999996,170100000,17010
CRS3035RES200mN2617800E3465000,5961.635971600408,7.3534053449318435,11,170100000,17010
CRS3035RES200mN2617800E3465200,5922.763995517044,2.701554896626822,4.1,170100000,17010
CRS3035RES200mN2617800E3465400,5263.959556043684,6.520015800954566,9.9,170100000,17010
CRS3035RES200mN2617800E3465800,5975.713423537671,0.3321944364926661,0.5,170100000,17010
CRS3035RES200mN2617800E3466800,6520.183839139792,1.0102793025509842,1.5,170100000,17010
CRS3035RES200mN2617800E3468600,7924.246701700894,4.835182010997038,6.499999999999999,174200000,17420
CRS3035RES200mN2617800E3468800,7792.976916994189,12.538260193580419,17.2,174200000,17420
CRS3035RES200mN2617800E3472200,7558.590401094678,5.3217026818974595,7.8,171360000,17136
CRS3035RES200mN2617800E3472400,6958.4434405972515,31.1239262758604,46,171360000,17136
CRS3035RES200mN2617800E3472600,7081.552210202499,19.575057793144463,29.2,171360000,17136
CRS3035RES200mN2617800E3472800,6535.817302740028,21.97260398861578,32,171360000,17136
CRS3035RES200mN2617800E3473000,6515.5377654184995,36.23653847779717,53,171360000,17136
CRS3035RES200mN2617800E3473200,6792.3892487501325,22.626162437261517,34,171360000,17136
CRS3035RES200mN2617800E3477000,7994.519857411894,24.343986466184823,34,170030000,17003
CRS3035RES200mN2617800E3477200,7597.302234829725,32.36552971804181,45,170030000,17003
CRS3035RES200mN2617800E3477400,7400.9943471575525,34.27804088703117,48,170030000,17003
CRS3035RES200mN2617800E3477600,7217.830270560528,17.885154902776183,25,170030000,17003
CRS3035RES200mN2617800E3477800,7555.966854161159,19.285065047314117,27,170030000,17003
CRS3035RES200mN2617800E3478000,7266.17114438802,23.011550654814595,32,170030000,17003
CRS3035RES200mN2617800E3478200,7324.747588344982,52.55068707394996,74,170030000,17003
CRS3035RES200mN2617800E3478400,7731.666631151111,24.453955786962098,34,170030000,17003
CRS3035RES200mN2617800E3478600,8105.65512460597,0.7911573931077062,1.0999999999999999,170030000,17003
CRS3035RES200mN2617800E3478800,7912.000767330221,14.384679874684906,20,170030000,17003
CRS3035RES200mN2617800E3479000,8378.552894597695,9.990609694214697,14,170030000,17003
CRS3035RES200mN2617800E3479200,9311.580731454227,3.0806252888736174,4.3,170030000,17003
CRS3035RES200mN2617800E3481600,10671.839973201691,1.46003968476825,2.5,171660000,17166
CRS3035RES200mN2617800E3488200,12500.477407243825,4.4175520509371005,6,172930000,17293
CRS3035RES200mN2617800E3491800,12507.166662348067,1.4997856381466799,2.3,173380000,17338
CRS3035RES200mN2617800E3492800,11842.49887865204,0.3260403561556541,0.5,173380000,17338
CRS3035RES200mN2617800E3493600,10900.397098740936,3.6516519889426147,5.6,173380000,17338
CRS3035RES200mN2617800E3493800,9766.642243488019,6.586015194343108,10.100000000000001,173380000,17338
CRS3035RES200mN2617800E3494000,9875.45829430531,0.45645649861738735,0.7,173380000,17338
CRS3035RES200mN2617800E3495600,11689.689535653393,3.129987419094265,4.800000000000001,173380000,17338
CRS3035RES200mN2617800E3495800,12705.341165413996,3.52123584648109,5.3999999999999995,173380000,17338
CRS3035RES200mN2617800E3498400,12146.377640295264,13.096903096883038,19,173940000,17394
CRS3035RES200mN2617800E3498600,11982.980724125244,18.61138861133535,27,173940000,17394
CRS3035RES200mN2617800E3498800,12017.026965126524,7.030969030962853,10.2,173940000,17394
CRS3035RES200mN2618000E3464400,5353.007936629159,3.5445857982195688,5.3,170100000,17010
CRS3035RES200mN2618000E3464600,5329.1533536271145,31.34364893308731,48,170100000,17010
CRS3035RES200mN2618000E3464800,4783.225747181392,36.16151478981331,54.5,170100000,17010
CRS3035RES200mN2618000E3465400,4723.901091781786,2.513494845000657,3.8,170100000,17010
CRS3035RES200mN2618000E3465600,5035.636617474049,3.202513722141199,4.800000000000001,170100000,17010
CRS3035RES200mN2618000E3466400,6281.192201204713,1.4817429772292843,2.2,170100000,17010
CRS3035RES200mN2618000E3467800,8204.267817157743,2.4219194735040865,3.1999999999999997,174200000,17420
CRS3035RES200mN2618000E3468200,7760.620167530277,4.250589297912323,5.8,174200000,17420
CRS3035RES200mN2618000E3468400,7568.475961053083,14.690109510709616,20,174200000,17420
CRS3035RES200mN2618000E3468600,7668.903685797758,33.22611120035905,44,174200000,17420
CRS3035RES200mN2618000E3468800,7439.092440329442,24.319902487217803,33,174200000,17420
CRS3035RES200mN2618000E3472000,7668.015702656818,9.052127842422182,13.3,171360000,17136
CRS3035RES200mN2618000E3472200,7115.321608390793,31.093330397195547,47,171360000,17136
CRS3035RES200mN2618000E3472400,7213.515334460732,35.39161721164199,53,171360000,17136
CRS3035RES200mN2618000E3472600,6764.159639774046,69.05982351330054,102,171360000,17136
CRS3035RES200mN2618000E3472800,7116.555716809708,19.198988220665534,29,171360000,17136
CRS3035RES200mN2618000E3473000,6576.027973001342,1.6596021454174672,2.4,171940000,17136
CRS3035RES200mN2618000E3473200,6660.589314491678,3.063740951621804,4.7,171940000,17194
CRS3035RES200mN2618000E3475000,6453.6322985634615,0.3596169968671386,0.5,170030000,17003
CRS3035RES200mN2618000E3476800,8177.733740374803,2.364200803622661,3.3,170030000,17003
CRS3035RES200mN2618000E3477000,8265.806559672228,17.91147125519641,25,170030000,17003
CRS3035RES200mN2618000E3477200,8505.086914785215,3.308476370841776,4.6,170030000,17003
CRS3035RES200mN2618000E3477400,8371.400890178924,26.507705976175167,37,170030000,17003
CRS3035RES200mN2618000E3477600,7881.028762504852,22.93532496037395,32,170030000,17003
CRS3035RES200mN2618000E3477800,7619.805114008649,9.286404648204911,13,170030000,17003
CRS3035RES200mN2618000E3478000,7550.065421167447,12.180505604264354,17,170030000,17003
CRS3035RES200mN2618000E3478200,7936.971366445903,43.00633871994995,60,170030000,17003
CRS3035RES200mN2618000E3478400,7814.935788698331,22.251916060711206,31,170030000,17003
CRS3035RES200mN2618000E3478600,8353.515003999777,5.178484754886074,7.199999999999999,170030000,17003
CRS3035RES200mN2618000E3478800,9175.000144639002,4.746944358646127,6.6,170030000,17003
CRS3035RES200mN2618000E3479000,9721.607442284241,1.006927591214,1.4000000000000001,170030000,17003
CRS3035RES200mN2618000E3481600,10718.799359616565,3.5678500253806367,6.1,171660000,17166
CRS3035RES200mN2618000E3481800,10752.076692663199,2.060673538566859,3.5,171660000,17166
CRS3035RES200mN2618000E3482000,10713.638459601203,14.629769249036194,25,171660000,17166
CRS3035RES200mN2618000E3482200,11004.429093697485,2.1222615975013674,3.6,171660000,17166
CRS3035RES200mN2618000E3484000,10947.227109041234,12.215464810805724,19,170800000,17080
CRS3035RES200mN2618000E3484200,11007.046975700689,5.2719374445875244,8.2,170800000,17080
CRS3035RES200mN2618000E3484400,10804.250382299548,0.7072111206112366,1.1,170800000,17080
CRS3035RES200mN2618000E3484800,10648.030492888822,12.215464810279252,19,170800000,17080
CRS3035RES200mN2618000E3485000,10765.636828896782,0.38575152033357274,0.6,170800000,17080
CRS3035RES200mN2618000E3493400,11683.853783282435,5.086229556028182,7.799999999999999,173380000,17338
CRS3035RES200mN2618000E3493600,10350.216280549637,6.520807123110048,10,173380000,17338
CRS3035RES200mN2618000E3493800,9653.184338404775,3.586443917711638,5.5,173380000,17338
CRS3035RES200mN2618000E3494000,9958.980706904753,3.586443917705113,5.5,173380000,17338
CRS3035RES200mN2618000E3494200,9833.66301752896,0.782496854773394,1.2000000000000002,173380000,17338
CRS3035RES200mN2618000E3495400,10538.535994845184,2.1518663506270324,3.3,173380000,17338
CRS3035RES200mN2618000E3495600,11332.484773604625,8.47704926004658,13,173380000,17338
CRS3035RES200mN2618000E3495800,13565.322789945669,8.998713829095994,13.8,173380000,17338
CRS3035RES200mN2618000E3498400,11759.76966702893,1.3786213786105606,2,173940000,17394
CRS3035RES200mN2618000E3498600,12223.134511953438,1.7232767232699717,2.5,173940000,17394
CRS3035RES200mN2618000E3501400,14610.966344961536,0.8271728271728223,1.2,173940000,17394
CRS3035RES200mN2618200E3464400,5579.360268776439,10.447191554290205,16,170100000,17010
CRS3035RES200mN2618200E3464600,5049.933327470568,30.8752954874581,47,170100000,17010
CRS3035RES200mN2618200E3464800,5248.37735966487,21.669838671405806,33,170100000,17010
CRS3035RES200mN2618200E3465000,4501.770277722806,9.871081223338864,15,170100000,17010
CRS3035RES200mN2618200E3465200,4277.89567909064,11.683264030528205,17.900000000000002,170100000,17010
CRS3035RES200mN2618200E3466000,5671.418630986895,2.222614466079581,3.3,170100000,17010
CRS3035RES200mN2618200E3466400,6388.629518850048,0.6061675814799815,0.8999999999999999,170100000,17010
CRS3035RES200mN2618200E3466800,7444.043977245771,7.9284557829547895,10.5,174200000,17420
CRS3035RES200mN2618200E3467000,7529.360377209369,3.4058242595019124,4.5,174200000,17420
CRS3035RES200mN2618200E3467200,7763.009754668484,0.983904786277764,1.3,174200000,17420
CRS3035RES200mN2618200E3467800,7881.8697389843055,1.8857063288546418,2.5,174200000,17420
CRS3035RES200mN2618200E3468000,7422.99705881932,10.437712316263436,14,174200000,17420
CRS3035RES200mN2618200E3468200,7567.803901214601,18.212361081129682,25,174200000,17420
CRS3035RES200mN2618200E3468400,7241.953136751807,22.64974280242735,31,174200000,17420
CRS3035RES200mN2618200E3468600,7446.897180778227,28.212442680580224,39,174200000,17420
CRS3035RES200mN2618200E3468800,7332.6221985955835,26.927940225637986,37,174200000,17420
CRS3035RES200mN2618200E3469000,7449.490514559962,8.212271830505248,11.200000000000001,174200000,17420
CRS3035RES200mN2618200E3471600,8933.720811241166,2.7754316305761866,3.7,174200000,17420
CRS3035RES200mN2618200E3471800,7624.255220451434,12.8597382174869,19.3,171360000,17136
CRS3035RES200mN2618200E3472000,6902.026993220888,24.688242981377424,36,171360000,17136
CRS3035RES200mN2618200E3472200,6409.594238404951,19.664562104160645,29,171360000,17136
CRS3035RES200mN2618200E3472400,6958.050825555744,30.535898915936585,45,171360000,17136
CRS3035RES200mN2618200E3472600,6608.879855557466,26.5779929731229,39,171360000,17136
CRS3035RES200mN2618200E3472800,6771.642192211136,13.709178998415965,21,171940000,17194
CRS3035RES200mN2618200E3477400,8226.276822382946,17.915543918891967,25,170030000,17003
CRS3035RES200mN2618200E3477600,8572.45845045218,28.629322846937015,40,170030000,17003
CRS3035RES200mN2618200E3477800,7983.983776492882,27.22413046595642,38,170030000,17003
CRS3035RES200mN2618200E3478000,8017.875398343536,12.514671490976063,17.4,170030000,17003
CRS3035RES200mN2618200E3478200,8202.417288390408,17.943148895292772,25,170030000,17003
CRS3035RES200mN2618200E3478400,8239.384543294731,30.927061730574064,43,170030000,17003
CRS3035RES200mN2618200E3478600,8767.705680030049,23.734721793230364,33,170030000,17003
CRS3035RES200mN2618200E3478800,9682.43363356207,27.330891761581178,38,170030000,17003
CRS3035RES200mN2618200E3479000,9423.867620080739,19.419317830821523,27,170030000,17003
CRS3035RES200mN2618200E3480000,10291.588212142946,0.7633668623520442,1.3,171660000,17166
CRS3035RES200mN2618200E3481600,10755.19424822192,5.515584102730798,9.4,171660000,17166
CRS3035RES200mN2618200E3481800,10732.155189775724,1.1794274360356358,2,171660000,17166
CRS3035RES200mN2618200E3482000,10860.775151454065,1.8175625334243466,3.1,171660000,17166
CRS3035RES200mN2618200E3482200,11231.293888552747,1.1836578846888102,2,171660000,17166
CRS3035RES200mN2618200E3482800,11227.42453201252,2.2587541205351642,3.1,174800000,17480
CRS3035RES200mN2618200E3483000,11241.948653845153,10.304000374365762,14.2,174800000,17480
CRS3035RES200mN2618200E3484000,10906.369835870939,6.364900085525532,9.9,174800000,17080
CRS3035RES200mN2618200E3484200,11082.671984420029,0.7072111206779775,1.1,170800000,17080
CRS3035RES200mN2618200E3484600,10253.423709289778,10.158123368639249,15.8,170800000,17080
CRS3035RES200mN2618200E3484800,10830.348218437877,8.229365767132728,12.799999999999999,170800000,17080
CRS3035RES200mN2618200E3487400,12565.824784289762,1.6933949528599215,2.3000000000000003,172930000,17293
CRS3035RES200mN2618200E3487800,12221.289539853806,1.6933949528492076,2.3000000000000003,172930000,17293
CRS3035RES200mN2618200E3492400,11812.830735813353,1.3041614246226065,2,173380000,17338
CRS3035RES200mN2618200E3493400,11196.450090754557,20.214502081648586,31,173380000,17338
CRS3035RES200mN2618200E3493600,11381.690507344782,8.477049260045897,13,173380000,17338
CRS3035RES200mN2618200E3493800,10059.517717823946,5.868726410791465,9,173380000,17338
CRS3035RES200mN2618200E3494000,9613.287321048749,2.8039470629374454,4.3,173380000,17338
CRS3035RES200mN2618200E3501000,14759.353947013713,2.4125874123271935,3.5,173940000,17394
CRS3035RES200mN2618400E3464200,5132.365515370098,8.90089479336877,13.7,170100000,17010
CRS3035RES200mN2618400E3464400,4999.699158920105,45.440884167558316,69.5,170100000,17010
CRS3035RES200mN2618400E3464600,4355.21808095015,33.45380551862469,51,170100000,17010
CRS3035RES200mN2618400E3464800,4227.129247052386,33.441684060390905,50,170100000,17010
CRS3035RES200mN2618400E3465000,4097.333848486586,24.487039339378274,37,170100000,17010
CRS3035RES200mN2618400E3465200,4526.921725778779,29.753650919756964,46,170100000,17010
CRS3035RES200mN2618400E3465400,4775.4758568611305,8.456070419302051,13,170100000,17010
CRS3035RES200mN2618400E3465600,4319.06911582522,0.4041117211053778,0.6000000000000001,170100000,17010
CRS3035RES200mN2618400E3465800,4901.856761705728,0.7408714886932077,1.1,170100000,17010
CRS3035RES200mN2618400E3466600,7826.515654816593,1.665069638002416,2.2,174200000,17420
CRS3035RES200mN2618400E3467000,7703.047876776419,1.4380146873508024,1.9,174200000,17420
CRS3035RES200mN2618400E3468000,7817.561181633984,4.718334503746993,6.3,174200000,17420
CRS3035RES200mN2618400E3468200,7337.186414790309,15.184163024922105,21,174200000,17420
CRS3035RES200mN2618400E3468400,7480.343763766238,24.367615613040197,33,174200000,17420
CRS3035RES200mN2618400E3468600,7198.024492376021,53.54260205324652,71,174200000,17420
CRS3035RES200mN2618400E3468800,7511.665408468126,41.28148907748858,56,174200000,17420
CRS3035RES200mN2618400E3469000,7507.426465176018,3.2036034440184618,4.300000000000001,174200000,17420
CRS3035RES200mN2618400E3471800,9019.824218631886,6.384032420541889,8.6,174200000,17420
CRS3035RES200mN2618400E3472000,7088.121340039629,28.084540427863974,41,171360000,17136
CRS3035RES200mN2618400E3472200,6199.916704230342,19.797965074450186,29,171360000,17136
CRS3035RES200mN2618400E3472600,6957.656395241927,1.2403542903328548,1.9,171940000,17194
CRS3035RES200mN2618400E3477400,8973.4828464499,6.616952741728985,9.2,170030000,17003
CRS3035RES200mN2618400E3477600,8513.149695276757,26.387335163273203,37,170030000,17003
CRS3035RES200mN2618400E3477800,8587.574138477732,5.1065613555122615,7.1000000000000005,170030000,17003
CRS3035RES200mN2618400E3478000,8083.056575844075,29.321276200388077,41,170030000,17003
CRS3035RES200mN2618400E3478200,8264.11765011186,6.32925914486167,8.8,170030000,17003
CRS3035RES200mN2618400E3478400,8546.366557194842,18.679236259246053,26,170030000,17003
CRS3035RES200mN2618400E3478600,9169.296373989462,14.384679874684746,20,170030000,17003
CRS3035RES200mN2618400E3478800,9157.012921404445,29.488593743104445,41,170030000,17003
CRS3035RES200mN2618400E3479000,9754.887871158482,16.542381855704267,23,170030000,17003
CRS3035RES200mN2618400E3479200,9489.407364014385,8.774654723554743,12.2,170030000,17003
CRS3035RES200mN2618400E3479400,9922.108316915212,13.638158857518698,19,170030000,17003
CRS3035RES200mN2618400E3479600,9764.937761647183,2.948859374310541,4.1,170030000,17003
CRS3035RES200mN2618400E3481400,10982.409233733824,1.825240890980332,3.0999999999999996,171660000,17166
CRS3035RES200mN2618400E3484000,11089.362234547363,1.6690885773527246,2.3,174800000,17480
CRS3035RES200mN2618400E3484400,10228.949923978087,1.0929626409266662,1.7,170800000,17080
CRS3035RES200mN2618400E3484600,10276.07137869207,1.4787141612307262,2.3,170800000,17080
CRS3035RES200mN2618400E3484800,11215.890503196224,1.864465681645136,2.9000000000000004,170800000,17080
CRS3035RES200mN2618400E3487400,12699.018577508828,0.4417552050949181,0.6,172930000,17293
CRS3035RES200mN2618400E3487600,12377.513935632414,9.055981704434794,12.3,172930000,17293
CRS3035RES200mN2618400E3487800,12035.706710384491,22.824018929783364,31,172930000,17293
CRS3035RES200mN2618400E3488000,12042.481294718742,12.516397477698776,17,172930000,17293
CRS3035RES200mN2618400E3488200,12121.303115026112,4.343926183417958,5.9,172930000,17293
CRS3035RES200mN2618400E3488400,12207.012926929423,18.406466878832582,25,172930000,17293
CRS3035RES200mN2618400E3488600,12634.844533924701,0.3681293375784075,0.5,172930000,17293
CRS3035RES200mN2618400E3493400,11595.722504585821,22.1707442185824,34,173380000,17338
CRS3035RES200mN2618400E3493600,11421.221554490608,11.08537210929199,17,173380000,17338
CRS3035RES200mN2618400E3493800,11108.178596235563,34.88631810865298,53.5,173380000,17338
CRS3035RES200mN2618400E3494000,11334.477771345853,16.954098520093773,26,173380000,17338
CRS3035RES200mN2618400E3494200,11426.089783327861,1.6302017807782774,2.5,173380000,17338
CRS3035RES200mN2618400E3494400,9853.720310043947,1.6302017807780091,2.5,173380000,17338
CRS3035RES200mN2618400E3501200,14882.6620680903,0.41358641358641784,0.6,173940000,17394
CRS3035RES200mN2618400E3501400,14684.179371183729,3.9980019976522487,5.8,173940000,17394
CRS3035RES200mN2618600E3463200,5755.084951379875,1.4185228718623675,2.2,170100000,17010
CRS3035RES200mN2618600E3463400,5366.365275403865,16.177453329627568,24.5,170100000,17010
CRS3035RES200mN2618600E3463600,5592.76619163371,7.854203222632809,12,170100000,17010
CRS3035RES200mN2618600E3463800,5247.013915351893,8.24708225440403,12.5,170100000,17010
CRS3035RES200mN2618600E3464000,4736.461717675496,15.840387658805483,24,170100000,17010
CRS3035RES200mN2618600E3464200,4847.42355054218,27.692698088168452,42.5,170100000,17010
CRS3035RES200mN2618600E3464400,4704.97417412749,55.12300992698148,83,170100000,17010
CRS3035RES200mN2618600E3464600,4419.451805344547,81.11317211423459,124,170100000,17010
CRS3035RES200mN2618600E3464800,4557.6994619512625,35.43691344613878,54,170100000,17010
CRS3035RES200mN2618600E3465000,4509.256614678215,41.111207407721274,62,170100000,17010
CRS3035RES200mN2618600E3465200,4317.3206660085,23.512945992072645,36,170100000,17010
CRS3035RES200mN2618600E3467800,7506.115851773817,1.8661040922749939,2.5,174200000,17420
CRS3035RES200mN2618600E3468200,7505.820789913882,7.483440185709781,10,174200000,17420
CRS3035RES200mN2618600E3468400,7405.383073346803,28.10312672940109,38,174200000,17420
CRS3035RES200mN2618600E3468600,7465.37220592999,4.340121760462346,5.8,174200000,17420
CRS3035RES200mN2618600E3468800,7563.141334466433,7.250905936444127,9.8,174200000,17420
CRS3035RES200mN2618600E3471600,8690.91703464938,1.658565460019399,2.2,174200000,17420
CRS3035RES200mN2618600E3471800,8084.78428533194,21.195786424569047,29,174200000,17420
CRS3035RES200mN2618600E3472000,6396.0880897448515,16.31644027770289,25,171940000,17194
CRS3035RES200mN2618600E3472200,7350.128596523751,13.80644449426279,21.2,171940000,17194
CRS3035RES200mN2618600E3477600,8695.233929440064,1.2131454628681575,1.6999999999999997,170030000,17003
CRS3035RES200mN2618600E3477800,8062.520442300407,0.9350041918544654,1.3,170030000,17003
CRS3035RES200mN2618600E3478600,9210.030967767672,0.4315403962405302,0.6,170030000,17003
CRS3035RES200mN2618600E3478800,9278.334013658989,0.856684243038081,1.2,170030000,17003
CRS3035RES200mN2618600E3479200,9385.820386262258,7.264263336716213,10.100000000000001,170030000,17003
CRS3035RES200mN2618600E3479400,9548.474211580728,14.376094593647858,20,170030000,17003
CRS3035RES200mN2618600E3479600,9727.848598099064,12.226977893347314,17,170030000,17003
CRS3035RES200mN2618600E3487200,12758.25665066597,7.141709149018759,9.700000000000001,172930000,17293
CRS3035RES200mN2618600E3487400,12500.371338361565,6.920831546446316,9.4,172930000,17293
CRS3035RES200mN2618600E3487600,12588.999241735779,21.351501579461317,29,172930000,17293
CRS3035RES200mN2618600E3487800,12140.02806671405,12.516397477561885,17,172930000,17293
CRS3035RES200mN2618600E3488000,12238.53781411395,4.34392618341951,5.9,172930000,17293
CRS3035RES200mN2618600E3488200,12036.759895285375,3.9021709783001635,5.300000000000001,172930000,17293
CRS3035RES200mN2618600E3493400,11468.063806574668,28.03947062938161,43,173380000,17338
CRS3035RES200mN2618600E3493600,12098.267278931771,23.47490564320702,36,173380000,17338
CRS3035RES200mN2618600E3493800,12092.105704237083,39.124842738677636,60,173380000,17338
CRS3035RES200mN2618600E3494000,12038.604967188241,20.214502081650174,31,173380000,17338
CRS3035RES200mN2618600E3494200,11918.484133376229,2.8039470629385796,4.3,173380000,17338
CRS3035RES200mN2618600E3495000,10857.179840262637,1.8910340657024018,2.9000000000000004,173380000,17338
CRS3035RES200mN2618600E3503200,13472.747019435268,0.8271728271728366,1.2,173940000,17394
CRS3035RES200mN2618600E3503800,13621.345866024189,2.412587412587403,3.5,173940000,17394
CRS3035RES200mN2618800E3462800,5921.588881141394,4.708266007556618,7.1,170100000,17010
CRS3035RES200mN2618800E3463000,5451.038022586714,1.714864310872862,2.6,170100000,17010
CRS3035RES200mN2618800E3463400,5455.996841344862,6.007305801481677,9.2,170100000,17010
CRS3035RES200mN2618800E3463600,5262.821348708336,12.544787872923447,19,170100000,17010
CRS3035RES200mN2618800E3463800,4922.188308954548,21.89902878583902,33,170100000,17010
CRS3035RES200mN2618800E3464000,4758.669627812346,14.452544231814938,22,170100000,17010
CRS3035RES200mN2618800E3464200,4919.598893187518,31.314286523914,49,170100000,17010
CRS3035RES200mN2618800E3464400,4588.1899563402785,49.161621455013716,75,170100000,17010
CRS3035RES200mN2618800E3464600,4401.086530380712,15.796369938265247,24,170100000,17010
CRS3035RES200mN2618800E3464800,4481.645319761818,32.019423031276425,49,170100000,17010
CRS3035RES200mN2618800E3465000,4194.717348049006,31.12329663532917,47,170100000,17010
CRS3035RES200mN2618800E3465200,4406.471947329262,25.43329132987503,39,170100000,17010
CRS3035RES200mN2618800E3467400,7625.552775369349,0.9826238559287652,1.3,174200000,17420
CRS3035RES200mN2618800E3468000,6211.968435996407,1.4734280288593944,2.3,171930000,17193
CRS3035RES200mN2618800E3468400,6568.078955345341,8.294531314700022,13,171930000,17193
CRS3035RES200mN2618800E3469000,7585.1871519344995,3.656785523828054,4.9,174200000,17420
CRS3035RES200mN2618800E3469200,7588.682744914519,1.5620910964930697,2.1,174200000,17420
CRS3035RES200mN2618800E3471000,8161.834736241101,0.7511549316596494,1,174200000,17420
CRS3035RES200mN2618800E3471600,7466.693548435884,26.79189551718825,36,174200000,17420
CRS3035RES200mN2618800E3471800,6476.986121717482,29.240882873271634,45,171940000,17194
CRS3035RES200mN2618800E3472000,7150.31552111135,5.592304601029314,8.6,171940000,17194
CRS3035RES200mN2618800E3472800,7620.706781756704,2.5843198304759096,4,171940000,17194
CRS3035RES200mN2618800E3478800,9352.425945201958,1.5823147862151712,2.2,170030000,17003
CRS3035RES200mN2618800E3479000,9087.339474808005,2.373472179322105,3.3000000000000003,170030000,17003
CRS3035RES200mN2618800E3479600,10080.612802339809,5.825795349185003,8.1,170030000,17003
CRS3035RES200mN2618800E3487400,12738.679027024331,6.0373211363006405,8.2,172930000,17293
CRS3035RES200mN2618800E3487600,12657.20302575785,15.461432178208502,21,172930000,17293
CRS3035RES200mN2618800E3487800,12692.03357805369,1.6933949528544663,2.3000000000000003,172930000,17293
CRS3035RES200mN2618800E3488000,12122.45458374783,1.0307621452120272,1.4,172930000,17293
CRS3035RES200mN2618800E3493400,12112.155732502697,3.064779347862988,4.7,173380000,17338
CRS3035RES200mN2618800E3493600,12017.271898167885,14.997856383160075,23,173380000,17338
CRS3035RES200mN2618800E3493800,11999.795563337144,25.431147780140936,39,173380000,17338
CRS3035RES200mN2618800E3494000,11664.529873767666,20.86658279396164,32,173380000,17338
CRS3035RES200mN2618800E3494200,12466.476418717313,5.673102196431902,8.7,173380000,17338
CRS3035RES200mN2618800E3494600,13224.17059784785,2.02145020816507,3.1,173380000,17338
CRS3035RES200mN2618800E3494800,13594.536854363416,6.912055550090556,10.6,173380000,17338
CRS3035RES200mN2618800E3497400,14041.82866780681,0.3446553445567955,0.5,173940000,17394
CRS3035RES200mN2618800E3499200,14572.026283211608,0.6893106892255924,1,173940000,17394
CRS3035RES200mN2618800E3500200,14785.306004914262,1.5854145853245525,2.3,173940000,17394
CRS3035RES200mN2619000E3462200,6096.004221612142,1.8563882184147613,2.8,170100000,17010
CRS3035RES200mN2619000E3462800,6208.534412874309,0.9429273490841911,1.4000000000000001,170100000,17010
CRS3035RES200mN2619000E3463400,5778.120082816725,2.7735323983677795,4.2,170100000,17010
CRS3035RES200mN2619000E3464200,4374.941504831025,29.256459010266454,45,170100000,17010
CRS3035RES200mN2619000E3464400,4666.402092170799,8.618945301700785,13,170100000,17010
CRS3035RES200mN2619000E3464600,4410.603666747705,17.188782555334388,26,170100000,17010
CRS3035RES200mN2619000E3464800,4658.158222560306,28.09190945641241,42.5,170100000,17010
CRS3035RES200mN2619000E3465000,4339.547339312524,25.315442923051613,39,170100000,17010
CRS3035RES200mN2619000E3465200,4614.943875335244,21.976299965610046,34,170100000,17010
CRS3035RES200mN2619000E3467800,6008.003507453092,1.6013052486153718,2.5,171930000,17193
CRS3035RES200mN2619000E3468000,6392.325379248983,1.7164795036077722,2.7,171930000,17193
CRS3035RES200mN2619000E3469000,7325.014929310194,0.39511724688725874,0.6,171930000,17193
CRS3035RES200mN2619000E3471000,7090.232453182034,8.763184167181166,12,174200000,17420
CRS3035RES200mN2619000E3471200,8157.960717563251,6.43705597068578,9,174200000,17420
CRS3035RES200mN2619000E3471400,8186.270884385685,27.434038742488166,37,174200000,17420
CRS3035RES200mN2619000E3471600,6947.837763900973,19.370307753218878,30,171940000,17194
CRS3035RES200mN2619000E3471800,6865.868731730401,4.50444452649301,6.9,171940000,17194
CRS3035RES200mN2619000E3472800,7558.220711050174,2.350144970284738,3.6,171940000,17194
CRS3035RES200mN2619000E3474400,7549.830895414975,2.089017752139629,3.1999999999999997,171940000,17194
CRS3035RES200mN2619000E3482000,10924.001381167509,2.9676627883614244,4.1,174800000,17480
CRS3035RES200mN2619000E3487400,12686.314182883676,2.9450347006044253,4,172930000,17293
CRS3035RES200mN2619000E3487600,12746.353831791152,11.191131862620992,15.2,172930000,17293
CRS3035RES200mN2619000E3493600,11822.149855554873,6.32518290941944,9.700000000000001,173380000,17338
CRS3035RES200mN2619000E3493800,12647.566015010854,10.62891560879364,16.299999999999997,173380000,17338
CRS3035RES200mN2619000E3494000,11841.121476685958,3.8472762026366967,5.9,173380000,17338
CRS3035RES200mN2619000E3499000,15052.39712396843,1.3786213785662902,2,173940000,17394
CRS3035RES200mN2619000E3499200,14514.83663945743,9.65034964987639,14,173940000,17394
CRS3035RES200mN2619000E3499400,14790.838380665984,2.4125874124256166,3.5,173940000,17394
CRS3035RES200mN2619000E3501600,14027.186870554757,1.792207792018317,2.6,173940000,17394
CRS3035RES200mN2619200E3462200,6586.7189746388885,0.45857848889125563,0.7,170100000,17010
CRS3035RES200mN2619200E3463400,6039.330966832496,1.3812412342469218,2.1,170100000,17010
CRS3035RES200mN2619200E3463600,5905.153363101816,0.4622553997235032,0.7,170100000,17010
CRS3035RES200mN2619200E3464200,4556.321034653964,22.695524722498124,34,170100000,17010
CRS3035RES200mN2619200E3464400,4954.110886521072,21.031659602164364,32,170100000,17010
CRS3035RES200mN2619200E3464600,4581.6358210674625,36.81801898344981,57,170100000,17010
CRS3035RES200mN2619200E3464800,4524.547928254505,75.65112350278154,116.5,170100000,17010
CRS3035RES200mN2619200E3465000,4334.27446451218,1.5695752692864926,2.4000000000000004,170100000,17010
CRS3035RES200mN2619200E3465200,5405.621629349699,3.759666660857707,5.7,170100000,17010
CRS3035RES200mN2619200E3465400,6210.217427815277,3.500420849802827,5.2,170100000,17010
CRS3035RES200mN2619200E3466000,6534.834094201357,0.47146367462294164,0.7,170100000,17010
CRS3035RES200mN2619200E3469600,8443.76335782634,4.654626488855096,6.4,174200000,17420
CRS3035RES200mN2619200E3471000,6596.46218121048,10.173271401794931,13.600000000000001,174200000,17420
CRS3035RES200mN2619200E3471200,6141.507019504149,42.24337147870958,66,171940000,17194
CRS3035RES200mN2619200E3471400,6531.6888312732945,12.258610130134928,19,171940000,17194
CRS3035RES200mN2619200E3471600,6937.0190143735235,3.7210628697739914,5.699999999999999,171940000,17194
CRS3035RES200mN2619200E3474400,7883.046804322412,1.3056360946635865,2,171940000,17194
CRS3035RES200mN2619200E3479000,10186.68770703592,0.5034637956139979,0.7000000000000001,170030000,17003
CRS3035RES200mN2619200E3489000,14133.356214874604,2.6627218930518683,4.6,174820000,17482
CRS3035RES200mN2619200E3492000,13432.530338676186,1.6954098520094274,2.6,173380000,17338
CRS3035RES200mN2619200E3492200,13430.775637812398,1.304161424622634,2,173380000,17338
CRS3035RES200mN2619200E3499000,14290.352243498812,1.0339660336809604,1.5,173940000,17394
CRS3035RES200mN2619200E3499200,14301.728901522874,22.057942052887203,32,173940000,17394
CRS3035RES200mN2619200E3499400,14666.323816399554,1.3786213785502583,2,173940000,17394
CRS3035RES200mN2619200E3501400,14343.086988155306,1.2407592406235162,1.7999999999999998,173940000,17394
CRS3035RES200mN2619200E3501600,13996.881194201145,4.480519480029945,6.5,173940000,17394
CRS3035RES200mN2619400E3462200,6434.957142195555,1.8453752370871659,2.8,170100000,17010
CRS3035RES200mN2619400E3464000,5049.7788400739955,0.7206500788511185,1.1,170100000,17010
CRS3035RES200mN2619400E3464200,4716.831376816491,26.563608708413234,41,170100000,17010
CRS3035RES200mN2619400E3464400,4796.430937172559,32.313646353558696,50,170100000,17010
CRS3035RES200mN2619400E3464600,4580.905556260017,38.52988022756539,58.5,170100000,17010
CRS3035RES200mN2619400E3464800,4690.5402312903325,23.116356568969366,35,170100000,17010
CRS3035RES200mN2619400E3465200,5335.021889011699,0.6621214853561145,1,170100000,17010
CRS3035RES200mN2619400E3466200,6223.922736079257,1.1984088330165468,1.9,171930000,17193
CRS3035RES200mN2619400E3471000,6156.272131762112,1.1750724855785175,1.8000000000000003,171940000,17194
CRS3035RES200mN2619400E3471400,6662.468056114318,14.06488247795962,22,171940000,17194
CRS3035RES200mN2619400E3471600,7321.443783373288,1.1750724852864918,1.8000000000000003,171940000,17194
CRS3035RES200mN2619400E3472400,7215.024281916948,2.084459116792317,3.1999999999999997,171940000,17194
CRS3035RES200mN2619400E3472600,6876.947314556094,12.395024190105126,19,171940000,17194
CRS3035RES200mN2619400E3472800,7125.475842098622,2.076861853349668,3.1999999999999997,171940000,17194
CRS3035RES200mN2619400E3474400,8516.05146329257,6.655589979901032,10.2,171940000,17194
CRS3035RES200mN2619400E3474800,8170.438221687431,2.9376812128772465,4.5,171940000,17194
CRS3035RES200mN2619400E3475000,7570.348930092267,3.8688865225913593,6.1000000000000005,173150000,17315
CRS3035RES200mN2619400E3479200,9632.876023932919,2.517318978069617,3.4999999999999996,170030000,17003
CRS3035RES200mN2619400E3480200,10043.655563718523,2.0138551821091863,2.8000000000000003,170030000,17003
CRS3035RES200mN2619400E3480400,10253.425435866786,4.303809016432649,7.4,171660000,17166
CRS3035RES200mN2619400E3482200,10247.909591937881,2.5476137094763947,3.5,174800000,17480
CRS3035RES200mN2619400E3488800,14052.695595961546,9.66683817635578,16.7,174820000,17482
CRS3035RES200mN2619400E3489000,14035.26019537636,20.838693075516893,36,174820000,17482
CRS3035RES200mN2619400E3496800,13487.349349950891,1.368078175895763,2,173820000,17382
CRS3035RES200mN2619400E3499000,14439.17902155584,0.3446553446346803,0.5,173940000,17394
CRS3035RES200mN2619400E3499200,14557.386857115756,6.548451548116233,9.5,173940000,17394
CRS3035RES200mN2619400E3501000,14751.689734545465,0.8271728271728209,1.2,173940000,17394
CRS3035RES200mN2619600E3464200,5378.478490920571,0.732189400935009,1.1,170100000,17010
CRS3035RES200mN2619600E3464400,4825.132444061277,2.881135214192838,4.4,170100000,17010
CRS3035RES200mN2619600E3464600,5014.336339640174,0.7182409472145953,1.1,170100000,17010
CRS3035RES200mN2619600E3465200,6694.904669163316,0.6735195351756348,1,170100000,17010
CRS3035RES200mN2619600E3466400,6309.690310601594,1.2023321679795307,1.9,171930000,17193
CRS3035RES200mN2619600E3467400,6039.186712419618,0.8393669117631598,1.3,171930000,17193
CRS3035RES200mN2619600E3471200,6868.567350042357,2.892085887697796,4.5,171940000,17194
CRS3035RES200mN2619600E3472200,7155.625358360532,1.539185024536364,2.4,171940000,17194
CRS3035RES200mN2619600E3472400,6746.981672754028,37.11452986780059,57.5,171940000,17194
CRS3035RES200mN2619600E3472600,6888.851822865867,63.593753740098876,100,171940000,17194
CRS3035RES200mN2619600E3472800,6791.9284583449535,23.099448469899208,36,171940000,17194
CRS3035RES200mN2619600E3473400,7058.435193363167,0.5847392451376326,0.9000000000000001,171940000,17194
CRS3035RES200mN2619600E3474200,7946.743619487369,2.089017751477583,3.1999999999999997,171940000,17194
CRS3035RES200mN2619600E3474400,7832.469799751039,9.531143491124467,14.6,171940000,17194
CRS3035RES200mN2619600E3474600,7907.618252084356,20.78314467767527,32,171940000,17194
CRS3035RES200mN2619600E3474800,8379.553098323517,8.756411474164178,14,173150000,17315
CRS3035RES200mN2619600E3479000,9812.496768640072,13.184630433270256,21.2,173150000,17315
CRS3035RES200mN2619600E3479200,9432.940628586066,13.930494563664519,22,173150000,17315
CRS3035RES200mN2619600E3482200,10603.277817078097,10.110414608134354,13.8,174800000,17480
CRS3035RES200mN2619600E3482400,10617.84306249174,13.669191503228607,19,174800000,17480
CRS3035RES200mN2619600E3488800,14116.732509739848,3.125803961256678,5.4,174820000,17482
CRS3035RES200mN2619600E3489000,13985.396451438604,4.9202469760626855,8.5,174820000,17482
CRS3035RES200mN2619800E3467200,5392.478589403787,3.6216508586755918,5.699999999999999,171930000,17193
CRS3035RES200mN2619800E3470000,6531.948293887556,1.1810813436912462,1.6,174200000,17420
CRS3035RES200mN2619800E3470200,6368.826220451892,1.1778475566572584,1.6,174200000,17420
CRS3035RES200mN2619800E3471400,6738.2645962611,4.137393832444864,6.4,171940000,17194
CRS3035RES200mN2619800E3471600,6936.17335477303,0.8330336547025161,1.3,171940000,17194
CRS3035RES200mN2619800E3472200,7063.162415357737,9.747719209623284,15,171940000,17194
CRS3035RES200mN2619800E3472400,6815.060677448459,33.02511468724967,51,171940000,17194
CRS3035RES200mN2619800E3472600,6574.123006598963,33.7840136938986,53,171940000,17194
CRS3035RES200mN2619800E3472800,6486.553546219812,22.03379794019958,34,171940000,17194
CRS3035RES200mN2619800E3473000,6096.190083731872,0.905083013176295,1.4,171940000,17194
CRS3035RES200mN2619800E3474200,7785.209479653436,20.180941798809606,31,171940000,17194
CRS3035RES200mN2619800E3474400,8050.3244387710865,40.543527109694956,65,173150000,17315
CRS3035RES200mN2619800E3474600,8405.89689819063,8.907853458540359,14,173150000,17315
CRS3035RES200mN2619800E3474800,8672.440346852505,5.355710192177679,8.4,173150000,17315
CRS3035RES200mN2619800E3479200,9428.156128286391,1.8501046525275902,2.9,173150000,17315
CRS3035RES200mN2619800E3481000,9996.35519679869,2.042774001683772,2.8000000000000003,174800000,17480
CRS3035RES200mN2619800E3481200,10380.77037724521,2.021145382211512,2.8000000000000003,174800000,17480
CRS3035RES200mN2619800E3482200,10810.239875186442,1.7614408343261032,2.4,174800000,17480
CRS3035RES200mN2619800E3482400,10240.505654181057,10.207029412467605,14.099999999999998,174800000,17480
CRS3035RES200mN2619800E3482600,10595.193840492151,14.47531788428496,20.2,174800000,17480
CRS3035RES200mN2619800E3488600,14280.07629540505,3.1258039612122714,5.4,174820000,17482
CRS3035RES200mN2619800E3488800,13573.952905036382,14.47131462963079,25,174820000,17482
CRS3035RES200mN2619800E3489000,14183.039711317233,5.267558527287141,9.1,174820000,17482
CRS3035RES200mN2619800E3490800,14950.56883106583,0.636737844095724,1.1,174820000,17482
CRS3035RES200mN2619800E3491000,14573.723114058546,1.3313609467455154,2.3,174820000,17482
CRS3035RES200mN2619800E3493600,13717.185835779168,0.8477049259084584,1.3,173380000,17338
CRS3035RES200mN2620000E3464200,5611.519530530627,0.7292953716822875,1.1,170100000,17010
CRS3035RES200mN2620000E3467200,5592.1617849850545,0.2572377909422257,0.4,171930000,17193
CRS3035RES200mN2620000E3469400,5315.849880876085,2.2386776843879574,3.5,171930000,17193
CRS3035RES200mN2620000E3469600,5217.1548447158575,0.9219402427369396,1.4,171930000,17193
CRS3035RES200mN2620000E3469800,6790.331121610954,1.490187929718274,1.9999999999999998,174200000,17420
CRS3035RES200mN2620000E3472000,6767.024995963773,10.788895637853308,16.6,171940000,17194
CRS3035RES200mN2620000E3472200,6601.4195540662,17.795434791784505,28,171940000,17194
CRS3035RES200mN2620000E3472400,6288.997975117703,29.241661709696242,45,171940000,17194
CRS3035RES200mN2620000E3472600,6304.761700220789,39.96593331486299,62,171940000,17194
CRS3035RES200mN2620000E3472800,5808.541372761015,13.056360950872444,20,171940000,17194
CRS3035RES200mN2620000E3473000,6175.3614597918695,9.091579513350881,14,171940000,17194
CRS3035RES200mN2620000E3473200,8208.898631227721,7.311962793698354,11.399999999999999,171940000,17194
CRS3035RES200mN2620000E3473400,7571.056789920698,7.800864753632793,12,171940000,17194
CRS3035RES200mN2620000E3474000,6892.223401322216,0.8486634618067066,1.3,171940000,17194
CRS3035RES200mN2620000E3474200,8354.901033452445,4.734217491896841,7.5,173150000,17315
CRS3035RES200mN2620000E3474400,8220.652932465771,9.980982327871288,15.8,173150000,17315
CRS3035RES200mN2620000E3480200,9978.508285180107,0.8630807923402516,1.2,170030000,17003
CRS3035RES200mN2620000E3481000,9976.252277059046,7.348352183815285,10.3,174800000,17480
CRS3035RES200mN2620000E3482600,10592.6050295446,1.9098334253860298,2.5999999999999996,174800000,17480
CRS3035RES200mN2620000E3486000,11145.543953635142,6.331824605354253,8.600000000000001,172930000,17293
CRS3035RES200mN2620000E3486200,11122.445707927573,9.350485173225591,12.700000000000001,172930000,17293
CRS3035RES200mN2620000E3486400,11072.934442739848,3.4604157728174605,4.7,172930000,17293
CRS3035RES200mN2620000E3488400,13618.634583339046,9.20375610457631,15.9,174820000,17482
CRS3035RES200mN2620000E3488600,13635.177830470362,19.10213531149104,33,174820000,17482
CRS3035RES200mN2620000E3488800,13616.342089388745,29.52148184340538,51,174820000,17482
CRS3035RES200mN2620000E3489000,13930.983197597192,6.367378438301741,11,174820000,17482
CRS3035RES200mN2620000E3489200,13988.420944580002,1.0419346535539964,1.7999999999999998,174820000,17482
CRS3035RES200mN2620000E3490800,14624.08673799569,0.8682788781305141,1.5,174820000,17482
CRS3035RES200mN2620000E3495600,13383.590788996748,0.717288783542435,1.1,173380000,17338
CRS3035RES200mN2620000E3495800,13442.71996118708,0.45645649861791865,0.7,173380000,17338
CRS3035RES200mN2620000E3501200,14513.843790505136,0.7582417582417609,1.1,173940000,17394
CRS3035RES200mN2620200E3464400,5413.001142727319,1.3922911637379987,2.0999999999999996,170100000,17010
CRS3035RES200mN2620200E3466800,5756.92998972918,0.7693023758945012,1.2,171930000,17193
CRS3035RES200mN2620200E3467800,5516.470609858309,2.611919674151564,4,171930000,17193
CRS3035RES200mN2620200E3468000,5541.52981072219,10.365478048340647,16.4,171930000,17193
CRS3035RES200mN2620200E3468200,5437.7429142519495,1.4940370897924276,2.4,171930000,17193
CRS3035RES200mN2620200E3469400,5048.099029685351,3.978879043237449,6.1,171930000,17193
CRS3035RES200mN2620200E3469600,5105.94302253729,0.9003322682978016,1.4,171930000,17193
CRS3035RES200mN2620200E3469800,5875.8808333077,2.676553994928954,4.1,171940000,17194
CRS3035RES200mN2620200E3471800,6759.159672334498,2.667441693578938,4.1,171940000,17194
CRS3035RES200mN2620200E3472000,6564.091798956074,17.302477857778623,27,171940000,17194
CRS3035RES200mN2620200E3472200,6514.038308992006,17.546041449950252,27,171940000,17194
CRS3035RES200mN2620200E3472400,5902.857618445455,49.63486769640714,78.5,171940000,17194
CRS3035RES200mN2620200E3472600,5978.746466009848,34.67687400032096,54,171940000,17194
CRS3035RES200mN2620200E3472800,5969.762162360394,24.983224659609082,39,171940000,17194
CRS3035RES200mN2620200E3473000,5870.879076890761,22.759997316742997,35,171940000,17194
CRS3035RES200mN2620200E3473200,6875.380855305868,25.92782017817777,40,171940000,17194
CRS3035RES200mN2620200E3473400,7040.545395811124,22.693060478247972,35,171940000,17194
CRS3035RES200mN2620200E3480400,10020.199968843523,0.3596169968061734,0.5,173150000,17003
CRS3035RES200mN2620200E3480600,9784.494818139681,7.60108934847177,12,173150000,17315
CRS3035RES200mN2620200E3480800,9800.23058987188,0.3613997439051452,0.5,174800000,17480
CRS3035RES200mN2620200E3481000,9817.945507206403,32.0938362079335,44,174800000,17480
CRS3035RES200mN2620200E3481400,10110.330259618604,2.1684784282733953,3,174800000,17480
CRS3035RES200mN2620200E3482600,10437.579724363513,0.9455758615142908,1.3,174800000,17480
CRS3035RES200mN2620200E3482800,11116.330999487574,10.925016343349125,15.299999999999999,174800000,17480
CRS3035RES200mN2620200E3483000,10845.843034674159,16.74031455032185,23,174800000,17480
CRS3035RES200mN2620200E3483200,11003.425969385002,10.991458652264674,15.1,174800000,17480
CRS3035RES200mN2620200E3485800,11127.456150289738,3.165912302756298,4.300000000000001,172930000,17293
CRS3035RES200mN2620200E3486000,11088.837726923028,12.369145740597224,16.8,172930000,17293
CRS3035RES200mN2620200E3486200,11204.751836500287,8.098845425336336,11,172930000,17293
CRS3035RES200mN2620200E3488400,13636.210119963747,12.15590428916103,21,174820000,17482
CRS3035RES200mN2620200E3488600,13230.814751847403,20.83869306472109,36,174820000,17482
CRS3035RES200mN2620200E3488800,13106.660499784739,19.680987895680286,34,174820000,17482
CRS3035RES200mN2620200E3489000,13946.40744914181,6.251607919406319,10.8,174820000,17482
CRS3035RES200mN2620200E3489200,14169.051130408354,4.341394389786547,7.5,174820000,17482
CRS3035RES200mN2620200E3489400,14134.761767364698,3.0100334435153417,5.2,174820000,17482
CRS3035RES200mN2620200E3490600,14498.596081362955,0.8682788781214171,1.5,174820000,17482
CRS3035RES200mN2620200E3492400,13554.174253189924,1.1085372107959877,1.7,173380000,17338
CRS3035RES200mN2620200E3492600,13353.97907720731,0.32604035612251214,0.5,173380000,17338
CRS3035RES200mN2620200E3493600,13680.690789611574,0.32604035612211996,0.5,173380000,17338
CRS3035RES200mN2620200E3495400,14303.835739274517,0.7172887835424511,1.1,173380000,17338
CRS3035RES200mN2620400E3463800,5311.424358806959,0.8415650246306572,1.3,170280102,17028
CRS3035RES200mN2620400E3466200,5836.366129361236,20.561246859021022,32,171930000,17193
CRS3035RES200mN2620400E3466400,5695.508104254669,16.01305248603821,25,171930000,17193
CRS3035RES200mN2620400E3466800,5179.458395134409,0.7624528123527612,1.2,171930000,17193
CRS3035RES200mN2620400E3467400,5073.476922696678,11.436858931590315,18,171930000,17193
CRS3035RES200mN2620400E3467600,5170.293874897268,12.072082055705051,19,171930000,17193
CRS3035RES200mN2620400E3467800,5384.013454956507,50.20286360106352,79,171930000,17193
CRS3035RES200mN2620400E3468000,5405.272402580922,46.809452077369464,74,171930000,17193
CRS3035RES200mN2620400E3468200,5471.868298763491,33.69475786416067,52.5,171930000,17193
CRS3035RES200mN2620400E3468400,5080.147785036258,26.456009966956508,41,171930000,17193
CRS3035RES200mN2620400E3468600,5505.318870665652,3.8431325966768624,6,171930000,17193
CRS3035RES200mN2620400E3471800,7151.738960718847,2.676553994658104,4.1,171940000,17194
CRS3035RES200mN2620400E3472000,6151.66054960341,11.394071478377304,17.5,171940000,17194
CRS3035RES200mN2620400E3472200,6346.336689956298,1.6256699426135102,2.5,171940000,17194
CRS3035RES200mN2620400E3472400,6160.029820224628,18.564861140235582,29,171940000,17194
CRS3035RES200mN2620400E3472600,6152.238516145677,25.12476222956027,39,171940000,17194
CRS3035RES200mN2620400E3472800,5768.271635898159,34.75359044885365,54,171940000,17194
CRS3035RES200mN2620400E3473000,7045.08450595119,12.630893499777768,19.5,171940000,17194
CRS3035RES200mN2620400E3473200,6699.4173962848035,34.0632235980231,53,171940000,17194
CRS3035RES200mN2620400E3473400,6630.419320680859,36.87880529266414,58,171940000,17194
CRS3035RES200mN2620400E3476600,8731.224643930631,1.898890373824327,3,173150000,17315
CRS3035RES200mN2620400E3480400,10080.452267575354,3.072086866625984,4.8,173150000,17315
CRS3035RES200mN2620400E3480600,10046.904155618542,4.241805624168597,6.699999999999999,173150000,17315
CRS3035RES200mN2620400E3480800,9762.527773024078,9.296927816330383,12.9,174800000,17480
CRS3035RES200mN2620400E3481000,9746.208525293085,27.7981965219482,38,174800000,17480
CRS3035RES200mN2620400E3481200,9822.155581034724,17.235370127838443,24,174800000,17480
CRS3035RES200mN2620400E3481400,9933.58726603059,13.644003849059983,19,174800000,17480
CRS3035RES200mN2620400E3481800,9980.248247507987,1.3039380413247406,1.8,174800000,17480
CRS3035RES200mN2620400E3482800,11532.888026240442,21.66488793422849,29,170570000,17057
CRS3035RES200mN2620400E3483000,11466.320171292287,20.91782283215471,28,170570000,17057
CRS3035RES200mN2620400E3483200,11955.363511530237,8.292422625400222,11.1,170570000,17057
CRS3035RES200mN2620400E3485800,10955.487076484103,6.626328075380288,9,172930000,17293
CRS3035RES200mN2620400E3486000,11063.72971407168,30.18660567748832,41,172930000,17293
CRS3035RES200mN2620400E3486200,12430.186209029394,0.809884542696974,1.1,172930000,17293
CRS3035RES200mN2620400E3487800,13813.265675664361,0.8682788780483846,1.5,174820000,17482
CRS3035RES200mN2620400E3488600,12885.756253135572,1.4471314630780054,2.5,174820000,17482
CRS3035RES200mN2620400E3488800,14057.59115039163,9.26164136446532,16,174820000,17482
CRS3035RES200mN2620400E3492400,13439.017737902204,2.2170744216110085,3.4,173380000,17338
CRS3035RES200mN2620400E3492600,13493.986627707722,14.345775669302341,22,173380000,17338
CRS3035RES200mN2620400E3493800,13763.356992098245,1.0433291396981035,1.6,173380000,17338
CRS3035RES200mN2620400E3496000,14052.577645061205,1.3680781758957643,2,173820000,17382
CRS3035RES200mN2620400E3496200,13861.513282829234,0.8208469055374604,1.2,173820000,17382
CRS3035RES200mN2620400E3497800,13351.567209927378,1.641693811048781,2.4,173820000,17382
CRS3035RES200mN2620400E3498000,12510.497297698254,1.4364820846862434,2.1,173820000,17382
CRS3035RES200mN2620400E3500400,14853.175522584339,0.758241758241762,1.1,173940000,17394
CRS3035RES200mN2620400E3500600,14323.27364900251,2.136863136863138,3.1,173940000,17394
CRS3035RES200mN2620600E3465800,4257.7427389808,0.7286669467779778,1.1,170280101,17028
CRS3035RES200mN2620600E3466200,5315.3017606793655,1.9935928798022524,3.0999999999999996,171930000,17193
CRS3035RES200mN2620600E3466400,5609.061774086541,9.540185269839046,15,171930000,17193
CRS3035RES200mN2620600E3467000,4794.616969583168,0.5124176795569173,0.8,171930000,17193
CRS3035RES200mN2620600E3467200,4954.275028218685,1.8012633843416814,2.8,171930000,17193
CRS3035RES200mN2620600E3467400,5165.178032862296,39.55290067542837,62,171930000,17193
CRS3035RES200mN2620600E3467600,5434.093471194675,28.190427337453816,45,171930000,17193
CRS3035RES200mN2620600E3467800,5187.409251146873,65.34101396309703,103,171930000,17193
CRS3035RES200mN2620600E3468000,5274.687813932704,45.63397737763608,72,171930000,17193
CRS3035RES200mN2620600E3468200,5242.012995372489,40.96730311198576,66,171930000,17193
CRS3035RES200mN2620600E3468400,5349.81274669402,34.20421202245895,54,171930000,17193
CRS3035RES200mN2620600E3468600,4438.627821551736,22.7167589291052,35,171930000,17193
CRS3035RES200mN2620600E3468800,4794.987013039897,0.381333960653691,0.6,171930000,17193
CRS3035RES200mN2620600E3469800,5440.06764933908,1.2821762705530537,1.9999999999999998,171930000,17193
CRS3035RES200mN2620600E3470000,6233.984473609233,11.910094145600498,18.4,171940000,17194
CRS3035RES200mN2620600E3470200,6773.439235114754,0.3843815591017917,0.6,171940000,17194
CRS3035RES200mN2620600E3472200,5886.480868807193,3.8215356486284917,5.9,171940000,17194
CRS3035RES200mN2620600E3472400,5455.17233340656,37.85991710058887,59,171940000,17194
CRS3035RES200mN2620600E3472600,5661.261683096196,38.34035713336782,60,171940000,17194
CRS3035RES200mN2620600E3472800,5551.211222329534,35.14960466691953,54,171940000,17194
CRS3035RES200mN2620600E3473200,6773.499044439544,15.586895539940581,24,171940000,17194
CRS3035RES200mN2620600E3473400,6984.207631269255,6.457339341855701,10.1,173150000,17315
CRS3035RES200mN2620600E3476600,8863.57382481721,0.8293572581343236,1.3,173150000,17315
CRS3035RES200mN2620600E3480600,9871.782798420205,7.897249456730595,11,174800000,17480
CRS3035RES200mN2620600E3480800,9976.67366875898,0.874298260446232,1.2,174800000,17480
CRS3035RES200mN2620600E3481000,9929.101107273515,13.155448418860583,18,174800000,17480
CRS3035RES200mN2620600E3481200,9972.573483698174,40.19705783150778,56,174800000,17480
CRS3035RES200mN2620600E3481400,10101.169494257152,6.247011663709772,8.8,174800000,17480
CRS3035RES200mN2620600E3482800,11293.031052202949,5.453575238557103,7.3,170570000,17057
CRS3035RES200mN2620600E3483000,11792.809320870309,1.3447171824973423,1.8,170570000,17057
CRS3035RES200mN2620600E3486000,11024.036630988967,17.670208201506057,24,172930000,17293
CRS3035RES200mN2620600E3486200,12564.164777967208,6.847205679165243,9.299999999999999,172930000,17293
CRS3035RES200mN2620600E3488800,13844.327394072045,4.341394390739194,7.5,174820000,17482
CRS3035RES200mN2620600E3492400,13785.310964882809,1.7606179230248689,2.7,173380000,17338
CRS3035RES200mN2620600E3492600,13698.978273168075,24.779067064945917,38,173380000,17338
CRS3035RES200mN2620600E3492800,13627.931511155624,2.2170744216132916,3.4,173380000,17338
CRS3035RES200mN2620600E3493000,13716.439123178716,1.0433291396148308,1.6,173380000,17338
CRS3035RES200mN2620600E3493200,13691.6718936783,12.389533532721266,19,173380000,17338
CRS3035RES200mN2620600E3493400,13657.415096550578,12.389533532649043,19,173380000,17338
CRS3035RES200mN2620600E3493600,13593.577849013705,5.151437626712019,7.8999999999999995,173380000,17338
CRS3035RES200mN2620600E3495800,13976.417773189718,3.557003257328995,5.199999999999999,173380000,17382
CRS3035RES200mN2620600E3496000,14216.441920794003,3.488599348534195,5.1,173820000,17382
CRS3035RES200mN2620600E3497800,13204.60592049395,15.04885993459323,22,173820000,17382
CRS3035RES200mN2620600E3498000,13239.62944030728,5.0618892506854545,7.4,173820000,17382
CRS3035RES200mN2620800E3466200,2976.477212061797,4.887518027901667,7.6000000000000005,171930000,17193
CRS3035RES200mN2620800E3466400,3172.0018389248908,0.7655396658440462,1.2,171930000,17193
CRS3035RES200mN2620800E3467200,5128.528589446777,1.4137119412716432,2.2,171930000,17193
CRS3035RES200mN2620800E3467400,4875.874981037447,35.198346598945406,55,171930000,17193
CRS3035RES200mN2620800E3467600,5115.4951547584,43.36990622858847,68,171930000,17193
CRS3035RES200mN2620800E3467800,5381.868836065677,3.8431325966767584,6,171930000,17193
CRS3035RES200mN2620800E3468000,5351.0120432471695,26.942477000391552,42,171930000,17193
CRS3035RES200mN2620800E3468200,4627.279371975878,47.40131703223475,75,171930000,17193
CRS3035RES200mN2620800E3468400,4460.120441127119,15.94937924770883,25,171930000,17193
CRS3035RES200mN2620800E3468600,4598.528546461094,2.352182360375718,3.6,171930000,17193
CRS3035RES200mN2620800E3469600,5753.555118641034,0.8879919889837841,1.4,171930000,17193
CRS3035RES200mN2620800E3469800,6102.4322331213625,0.8931296101514133,1.4,171930000,17193
CRS3035RES200mN2620800E3470000,6557.9319723538665,24.849103872425804,38.5,171940000,17194
CRS3035RES200mN2620800E3472200,5926.082511868398,2.9973159563395595,4.6,171940000,17194
CRS3035RES200mN2620800E3472400,5382.720919568843,42.04235163853883,65,171940000,17194
CRS3035RES200mN2620800E3472600,4996.723003865477,32.92317705861338,51,171940000,17194
CRS3035RES200mN2620800E3472800,5592.476669409487,12.826784783595018,20,171940000,17194
CRS3035RES200mN2620800E3473000,5586.816832988064,1.275934243378106,2,173150000,17315
CRS3035RES200mN2620800E3473200,5500.554279375412,6.421146929333897,10.1,173150000,17315
CRS3035RES200mN2620800E3475800,9178.181686555847,1.5833738658739978,2.5,173150000,17315
CRS3035RES200mN2620800E3476600,8912.55413257059,1.7051911054172741,2.7,173150000,17315
CRS3035RES200mN2620800E3476800,9335.26929360623,3.3671926675519543,5.3,173150000,17315
CRS3035RES200mN2620800E3477000,9258.964590570235,2.458800341755955,3.9000000000000004,173150000,17315
CRS3035RES200mN2620800E3477400,9165.963596746406,4.257617441366224,6.7,173150000,17315
CRS3035RES200mN2620800E3477600,9202.841096915952,5.3567036433742174,8.5,173150000,17315
CRS3035RES200mN2620800E3477800,9371.944856564229,8.016053235087103,12.600000000000001,173150000,17315
CRS3035RES200mN2620800E3480600,9910.246317306766,2.5872622499573836,3.6,174800000,17480
CRS3035RES200mN2620800E3485800,11123.875958386068,2.1351501576100493,2.9,172930000,17293
CRS3035RES200mN2620800E3486000,11320.24990994335,6.331824605564127,8.600000000000001,172930000,17293
CRS3035RES200mN2620800E3486200,12416.415034005317,1.693394952911847,2.3,172930000,17293
CRS3035RES200mN2620800E3492600,13673.516304970688,2.217074421635309,3.4,173380000,17338
CRS3035RES200mN2620800E3492800,13931.67720441443,3.651651988545931,5.6,173380000,17338
CRS3035RES200mN2620800E3493000,13857.665762950797,1.043329139594677,1.6,173380000,17338
CRS3035RES200mN2620800E3493200,13837.994705893716,7.238095905852089,11.100000000000001,173380000,17338
CRS3035RES200mN2620800E3493400,13600.090363636815,1.0433291395938085,1.6,173380000,17338
CRS3035RES200mN2620800E3493600,13660.623221816311,1.7606179230757333,2.7,173380000,17338
CRS3035RES200mN2620800E3497000,12541.104021870606,1.6416938110493553,2.4,173820000,17382
CRS3035RES200mN2620800E3497200,12890.309471222166,0.820846905537459,1.2000000000000002,173820000,17382
CRS3035RES200mN2620800E3497400,12664.158944177434,1.6416938110240857,2.4,173820000,17382
CRS3035RES200mN2620800E3497600,13080.355179665597,5.814332247473521,8.5,173820000,17382
CRS3035RES200mN2620800E3497800,13278.597080911846,30.781758956876246,45,173820000,17382
CRS3035RES200mN2621000E3465800,2799.4942403797,5.602006270641501,8.5,170280101,17028
CRS3035RES200mN2621000E3466000,2638.200873442281,2.6455980102549446,4,170280101,17028
CRS3035RES200mN2621000E3466200,2604.2161990020777,22.300343776874104,34,170280101,17028
CRS3035RES200mN2621000E3466400,3822.6425525333934,0.9259593035894965,1.4000000000000001,170280101,17028
CRS3035RES200mN2621000E3467000,5479.4618943273845,0.37813955268507293,0.6000000000000001,171930000,17193
CRS3035RES200mN2621000E3467200,4883.244755326739,10.298341947316638,16,171930000,17193
CRS3035RES200mN2621000E3467400,4687.270771766999,28.684640767448172,45,171930000,17193
CRS3035RES200mN2621000E3467600,4564.430240900082,11.873083314283567,18.5,171930000,17193
CRS3035RES200mN2621000E3467800,4714.285693077869,45.198983963566356,70,171930000,17193
CRS3035RES200mN2621000E3468000,4802.092022856116,23.636052900896427,37,171930000,17193
CRS3035RES200mN2621000E3468200,4907.428746902069,14.5802460126173,22.9,171930000,17193
CRS3035RES200mN2621000E3468400,5101.433619333304,1.5905793410187292,2.5,171930000,17193
CRS3035RES200mN2621000E3469400,5528.730314410509,1.7646729432154924,2.8,173910000,17193
CRS3035RES200mN2621000E3471600,6448.335968374306,2.0808575265453726,3.1999999999999997,171940000,17194
CRS3035RES200mN2621000E3471800,6010.480552636556,1.2212375549890535,1.9,171940000,17194
CRS3035RES200mN2621000E3472200,5967.709496306394,11.314435628405464,17.5,171090000,17194
CRS3035RES200mN2621000E3472400,7029.299257019797,8.645282345699956,11.9,171090000,17109
CRS3035RES200mN2621000E3472600,7366.91769439078,14.686836254721333,20,171090000,17109
CRS3035RES200mN2621000E3472800,5617.2352464916175,2.9003786837473577,3.4999999999999996,173730000,17373
CRS3035RES200mN2621000E3475800,8480.182894639946,13.778986821130617,22,173150000,17315
CRS3035RES200mN2621000E3476000,9253.367460459673,4.0669386640899035,6.4,173150000,17315
CRS3035RES200mN2621000E3476600,9373.335778112652,1.7292661745099722,2.7,173150000,17315
CRS3035RES200mN2621000E3476800,8957.22052964149,11.033769247555348,17.6,173150000,17315
CRS3035RES200mN2621000E3477000,8968.29987822696,19.787628937963223,31,173150000,17315
CRS3035RES200mN2621000E3477200,8915.815479413177,3.4117614576114637,5.4,173150000,17315
CRS3035RES200mN2621000E3477600,9137.664373961887,25.30835842840566,40,173150000,17315
CRS3035RES200mN2621000E3477800,9184.651191932628,33.438312996896954,53,173150000,17315
CRS3035RES200mN2621000E3483800,12177.14944594967,0.9711846318036124,1.3,170570000,17057
CRS3035RES200mN2621000E3484000,12185.24405275703,3.212379935965862,4.300000000000001,170570000,17057
CRS3035RES200mN2621000E3486000,11256.406279448194,0.8098845425496858,1.1,172930000,17293
CRS3035RES200mN2621000E3488600,14096.03727849703,1.6207872391199054,2.8,174820000,17482
CRS3035RES200mN2621000E3492600,13933.566036581738,0.7172887834697285,1.1,173380000,17338
CRS3035RES200mN2621000E3492800,13967.765843447596,7.2380959057903995,11.100000000000001,173380000,17338
CRS3035RES200mN2621000E3497000,12919.50566601257,1.3680781758767702,2,173820000,17382
CRS3035RES200mN2621000E3497200,13252.88108820391,2.257328990196882,3.3,173820000,17382
CRS3035RES200mN2621000E3497400,12720.392659465195,8.413680781494623,12.3,173820000,17382
CRS3035RES200mN2621000E3497600,12134.197486126213,21.205211725837977,31,173820000,17382
CRS3035RES200mN2621000E3497800,12481.83876221183,11.628664494842337,17,173820000,17382
CRS3035RES200mN2621000E3498000,12942.989630135427,3.6254071661237854,5.300000000000001,173820000,17382
CRS3035RES200mN2621000E3499600,14295.497308990412,4.172638436482088,6.1000000000000005,173820000,17382
CRS3035RES200mN2621200E3463600,4636.660154291062,15.13137295500461,23,170280102,17028
CRS3035RES200mN2621200E3463800,3996.832804339303,12.615871295962503,19,170280102,17028
CRS3035RES200mN2621200E3464000,4819.876128336081,2.1124663376854844,3.1999999999999997,170280102,17028
CRS3035RES200mN2621200E3465200,3793.226468857178,1.0540892464391534,1.6,170280104,17028
CRS3035RES200mN2621200E3466000,2616.012105763246,4.367267750824745,6.6000000000000005,170280101,17028
CRS3035RES200mN2621200E3466200,2317.9469818644493,6.536556408690475,10.100000000000001,170280101,17028
CRS3035RES200mN2621200E3466400,3794.115999217097,1.7835420470863288,2.7,170280101,17028
CRS3035RES200mN2621200E3467200,3225.8859250586315,16.72052906940042,26,171930000,17193
CRS3035RES200mN2621200E3467400,4308.391644947967,13.775802821104644,24,171930000,17391
CRS3035RES200mN2621200E3467600,5284.111199778475,6.497127828270559,11,171930000,17391
CRS3035RES200mN2621200E3467800,5500.806490409025,1.969672280377807,3.4000000000000004,171930000,17391
CRS3035RES200mN2621200E3468000,5662.101519155675,2.6153664766480857,4.4,171930000,17391
CRS3035RES200mN2621200E3471600,6428.294217113983,7.623532808602846,10.3,171090000,17109
CRS3035RES200mN2621200E3471800,6641.582503627275,3.7860576656237677,5.199999999999999,171090000,17109
CRS3035RES200mN2621200E3472800,5344.100689249394,11.508602281028642,14,173730000,17373
CRS3035RES200mN2621200E3473000,5629.918784363891,4.241182739883772,5.1,173730000,17373
CRS3035RES200mN2621200E3475400,8899.659747611257,2.0887794113628715,3.3,173150000,17315
CRS3035RES200mN2621200E3475600,8929.120813283427,10.84209535476208,17.1,173150000,17315
CRS3035RES200mN2621200E3475800,8933.86620591505,25.836689458159388,41,173150000,17315
CRS3035RES200mN2621200E3476000,8979.236616693004,18.95932655288278,30,173150000,17315
CRS3035RES200mN2621200E3476200,9048.31364393743,9.84384213641049,15.6,173150000,17315
CRS3035RES200mN2621200E3476400,9249.489315785959,1.7258848326611351,2.7,173150000,17315
CRS3035RES200mN2621200E3476800,9785.233397737598,1.166159610776238,1.4,173730000,17373
CRS3035RES200mN2621200E3477200,8834.032660446339,15.054124083728457,24,173150000,17315
CRS3035RES200mN2621200E3477400,8920.27292899319,21.866572929005798,35,173150000,17315
CRS3035RES200mN2621200E3477600,8931.03607239299,39.62135068272692,63,173150000,17315
CRS3035RES200mN2621200E3477800,9084.125152339211,20.601854826152632,33,173150000,17315
CRS3035RES200mN2621200E3478000,9378.440592270774,4.083228634031812,6.5,173150000,17315
CRS3035RES200mN2621200E3480200,10591.39186941304,1.5838995798120734,2.5,173150000,17315
CRS3035RES200mN2621200E3481400,10621.631661689991,2.197345846437996,3,174800000,17480
CRS3035RES200mN2621200E3486000,11645.657419286286,0.8098845425290297,1.1,172930000,17293
CRS3035RES200mN2621200E3488400,14434.431460525737,0.2894262927707538,0.5,174820000,17482
CRS3035RES200mN2621200E3488600,14024.785890270217,1.0419346538030598,1.7999999999999998,174820000,17482
CRS3035RES200mN2621200E3488800,14393.475399325258,1.041934653974715,1.7999999999999998,174820000,17482
CRS3035RES200mN2621200E3489800,14971.941725032122,0.5788525855415471,1,174820000,17482
CRS3035RES200mN2621200E3490000,14981.931686756134,1.73655775662475,3,174820000,17482
CRS3035RES200mN2621200E3491400,13947.72103623172,2.9343632054009086,4.5,173380000,17338
CRS3035RES200mN2621200E3494400,13933.587541218434,1.4997856381564907,2.3,173380000,17338
CRS3035RES200mN2621200E3494600,14097.404024697016,2.2822824930896117,3.5,173380000,17338
CRS3035RES200mN2621200E3494800,13899.229237143423,6.846847478570448,10.5,173380000,17338
CRS3035RES200mN2621200E3495200,14381.66237008608,0.7172887835424397,1.1,173380000,17338
CRS3035RES200mN2621200E3497200,12793.670122448548,6.635179152994091,9.7,173820000,17382
CRS3035RES200mN2621200E3497400,12851.434951812525,8.892508143102443,13,173820000,17382
CRS3035RES200mN2621200E3497600,12808.55333650348,1.7100977198398364,2.5,173820000,17382
CRS3035RES200mN2621200E3499400,13550.839956196116,6.224755700214959,9.1,173820000,17382
CRS3035RES200mN2621200E3499600,14121.357676805927,14.364820846905564,21,173820000,17382
CRS3035RES200mN2621400E3462600,5375.340781536524,1.2270906065042144,1.9000000000000001,170280102,17028
CRS3035RES200mN2621400E3463000,4141.55793911885,0.8564475125541933,1.3,170280102,17028
CRS3035RES200mN2621400E3463400,3626.1227092624454,3.7256244920895707,5.7,170280102,17028
CRS3035RES200mN2621400E3463600,4186.428982191204,35.687935341328355,54,170280102,17028
CRS3035RES200mN2621400E3463800,4174.001822005473,28.413138756226335,43,170280102,17028
CRS3035RES200mN2621400E3464000,4206.413455563517,33.06997512818018,50,170280102,17028
CRS3035RES200mN2621400E3464200,4191.3396171271215,23.22922041686486,35,170280102,17028
CRS3035RES200mN2621400E3464400,3755.8977470040413,1.8591810330893168,2.8,170280102,17028
CRS3035RES200mN2621400E3465200,3626.5795148556326,30.680369072689157,47,170280104,17028
CRS3035RES200mN2621400E3465400,3528.4596053571677,6.515503797381885,10,170280104,17028
CRS3035RES200mN2621400E3465800,2544.7410666888695,3.1871674852955394,4.8,170280101,17028
CRS3035RES200mN2621400E3466200,2414.270199155171,2.239939648682683,3.4,170280101,17028
CRS3035RES200mN2621400E3466400,2902.7835748195394,3.5054173635882053,5.300000000000001,170280101,17028
CRS3035RES200mN2621400E3467200,3989.230955600114,1.0145160426090143,1.7000000000000002,171930000,17391
CRS3035RES200mN2621400E3467800,5726.821917452576,1.3125399764809664,2.2,171930000,17391
CRS3035RES200mN2621400E3471200,6217.266083707121,12.289062489808222,17,171090000,17109
CRS3035RES200mN2621400E3471400,6464.169520950791,25.661453226282937,35,171090000,17109
CRS3035RES200mN2621400E3471600,6222.36558172616,37.93082324243762,52,171090000,17109
CRS3035RES200mN2621400E3471800,6269.164454892616,13.23953133973192,18,171090000,17109
CRS3035RES200mN2621400E3472800,5002.087620198724,3.5184709542344086,4.2,172450000,17245
CRS3035RES200mN2621400E3473000,6023.361030300934,21.30789728778618,25.8,173730000,17373
CRS3035RES200mN2621400E3473200,5998.547067862094,1.2335780303933364,1.5,173730000,17373
CRS3035RES200mN2621400E3474200,8122.940761814885,1.575586699956763,1.9000000000000004,173730000,17373
CRS3035RES200mN2621400E3475400,9128.194360838539,15.207092739552762,18.2,173730000,17373
CRS3035RES200mN2621400E3475600,9483.307061965776,30.832855135232624,37,173730000,17373
CRS3035RES200mN2621400E3475800,9659.337593777276,13.185240772783704,15.8,173730000,17373
CRS3035RES200mN2621400E3476800,9819.87558150621,4.010661820498734,4.8,173730000,17373
CRS3035RES200mN2621400E3477000,9694.617666007785,2.1724418193994803,2.6,173730000,17373
CRS3035RES200mN2621400E3477200,9529.954012858114,2.1724418193871418,2.6,173730000,17373
CRS3035RES200mN2621400E3477400,8918.299180876598,12.635232753332676,20,173150000,17315
CRS3035RES200mN2621400E3477600,8960.073779605023,11.337918333582149,18,173150000,17315
CRS3035RES200mN2621400E3477800,9501.808924084537,17.272982562208718,27,173150000,17315
CRS3035RES200mN2621400E3478000,9164.24191966407,40.38798986315739,64,173150000,17315
CRS3035RES200mN2621400E3478200,10262.380650569392,3.0742509765425665,4.8,173150000,17315
CRS3035RES200mN2621400E3484400,12281.98421379271,4.258271077908193,5.7,170570000,17057
CRS3035RES200mN2621400E3487400,14462.26483137661,2.0259840493953933,3.5,174820000,17482
CRS3035RES200mN2621400E3494600,14089.082781987385,1.1737452821603616,1.8,173380000,17338
CRS3035RES200mN2621400E3494800,14025.043707744358,4.564564986179161,7,173380000,17338
CRS3035RES200mN2621400E3499400,13725.60426830523,15.732899022560987,23,173820000,17382
CRS3035RES200mN2621400E3499600,13997.844790684663,8.276872964169353,12.100000000000001,173820000,17382
CRS3035RES200mN2621600E3463000,3929.4908255632554,0.3937272332910028,0.6000000000000001,170280102,17028
CRS3035RES200mN2621600E3463400,4421.317207185169,23.030337626463304,35,170280102,17028
CRS3035RES200mN2621600E3463600,4588.144714577081,8.180898473760111,12.399999999999999,170280102,17028
CRS3035RES200mN2621600E3463800,4439.6866994193,3.7739798070126214,5.7,170280102,17028
CRS3035RES200mN2621600E3464000,4373.910034727066,25.78386702556237,39,170280102,17028
CRS3035RES200mN2621600E3464200,3539.9372120419393,163.02054387005796,249.5,170280102,17028
CRS3035RES200mN2621600E3464400,4550.542820390605,67.34081647457728,102,170280104,17028
CRS3035RES200mN2621600E3464600,4444.025020592707,13.141736645786377,20,170280104,17028
CRS3035RES200mN2621600E3464800,3578.361579147698,4.515629214419467,6.9,170280104,17028
CRS3035RES200mN2621600E3465000,3349.4696803371535,29.798488909252995,46,170280104,17028
CRS3035RES200mN2621600E3465200,2781.876736907209,33.89609550524925,52,170280104,17028
CRS3035RES200mN2621600E3465400,3040.429379425028,16.234838176117997,25,170280104,17028
CRS3035RES200mN2621600E3465600,3386.0301377160217,9.770461441885317,14.899999999999999,170280104,17028
CRS3035RES200mN2621600E3466200,2385.1293600212766,3.4916706288287185,5.300000000000001,170280101,17028
CRS3035RES200mN2621600E3467200,4396.31205560495,1.8446561812685107,2.8,170280101,17028
CRS3035RES200mN2621600E3467400,5520.562281582531,0.3593803313022113,0.6000000000000001,173910000,17391
CRS3035RES200mN2621600E3467800,5595.014712804647,2.0044406327075763,3.4000000000000004,173910000,17391
CRS3035RES200mN2621600E3470600,6252.776338407407,0.7342488569691686,1,171090000,17109
CRS3035RES200mN2621600E3470800,6427.867903763465,18.28620759513711,25,171090000,17109
CRS3035RES200mN2621600E3471000,6101.129043028593,9.763047584612627,13.5,171090000,17109
CRS3035RES200mN2621600E3471200,6284.9186437563885,17.414127272642414,24,171090000,17109
CRS3035RES200mN2621600E3471400,6441.798217314118,30.466201083798268,42,171090000,17109
CRS3035RES200mN2621600E3471600,6241.519431067639,36.93585663974032,51,171090000,17109
CRS3035RES200mN2621600E3471800,6526.350708644485,54.764704971574695,77,171090000,17109
CRS3035RES200mN2621600E3472000,7010.057842661207,19.481598528569116,27,171090000,17109
CRS3035RES200mN2621600E3473000,6030.84024648154,4.875085938022924,5.8999999999999995,173730000,17373
CRS3035RES200mN2621600E3473200,6905.3539458603955,0.5826034628291887,0.7000000000000001,173730000,17373
CRS3035RES200mN2621600E3475800,9431.337077046184,2.255997274487712,2.7,173730000,17373
CRS3035RES200mN2621600E3477000,9596.893435207523,13.4524281894437,16.1,173730000,17373
CRS3035RES200mN2621600E3477200,9529.663132785752,18.342700081878657,22,173730000,17373
CRS3035RES200mN2621600E3477400,9603.176551632552,20.87292907904298,25,173730000,17373
CRS3035RES200mN2621600E3478000,9141.271331306163,5.4124350678454105,8.6,173150000,17315
CRS3035RES200mN2621600E3478200,9273.540931673493,3.367966035623797,5.300000000000001,173150000,17315
CRS3035RES200mN2621600E3497400,13839.469750690667,1.3680781758729068,2,173820000,17382
CRS3035RES200mN2621600E3498800,13638.543600185203,0.6840390879362918,1,173820000,17382
CRS3035RES200mN2621600E3499400,14154.437638081612,0.41042345276737874,0.6000000000000001,173820000,17382
CRS3035RES200mN2621600E3499600,13576.107845520515,0.8208469055374609,1.2,173820000,17382
CRS3035RES200mN2621800E3462800,5140.961747373225,0.3863893463405029,0.6000000000000001,170280102,17028
CRS3035RES200mN2621800E3463400,3771.723368314664,48.62499577633771,75.5,170280102,17028
CRS3035RES200mN2621800E3463600,3892.574656252311,59.098266947101834,91,170280102,17028
CRS3035RES200mN2621800E3463800,4068.5614658523127,4.232956816407101,6.4,170280102,17028
CRS3035RES200mN2621800E3464000,3865.3042637015305,5.746769840414565,8.7,170280102,17028
CRS3035RES200mN2621800E3464200,4804.0557780132385,47.49168808044052,72,170280102,17028
CRS3035RES200mN2621800E3464400,3797.7149732662065,48.19651891558257,74,170280104,17028
CRS3035RES200mN2621800E3464600,3853.90615180111,35.70629789675336,54,170280104,17028
CRS3035RES200mN2621800E3464800,3357.655636640606,64.17693373964234,98,170280104,17028
CRS3035RES200mN2621800E3465000,3419.400062508986,5.9371942524074095,9,170280104,17028
CRS3035RES200mN2621800E3465200,3256.45819679352,47.484404312958766,73,170280104,17028
CRS3035RES200mN2621800E3465400,3943.2731836567386,16.936669934763703,26,170280104,17028
CRS3035RES200mN2621800E3465600,3526.165471960983,23.510816859515586,36,170280104,17028
CRS3035RES200mN2621800E3466000,2193.4741043648078,2.2575769687510485,3.4,170280101,17028
CRS3035RES200mN2621800E3466400,2610.9545677700776,1.0499392887758272,1.5999999999999999,170280101,17028
CRS3035RES200mN2621800E3467200,5294.84241274564,0.39528346731138636,0.6000000000000001,170280101,17028
CRS3035RES200mN2621800E3470800,6257.535191501271,3.8452593553701586,5.199999999999999,171090000,17109
CRS3035RES200mN2621800E3471000,6156.2452400161155,25.856510564909204,36,171090000,17109
CRS3035RES200mN2621800E3471200,6639.717860785143,36.21192601408424,49.5,171090000,17109
CRS3035RES200mN2621800E3471400,6728.365108170704,43.6175858383891,61,171090000,17109
CRS3035RES200mN2621800E3471600,6415.3989367370295,22.38995720913423,31,171090000,17109
CRS3035RES200mN2621800E3471800,6617.860842445352,12.967215773217161,17.8,171090000,17109
CRS3035RES200mN2621800E3477400,9791.915360365032,1.6711090918740865,2,173730000,17373
CRS3035RES200mN2621800E3477800,10141.518870278469,1.9217754559246942,2.3,173730000,17373
CRS3035RES200mN2621800E3478000,9694.70379495697,1.754664546463684,2.1,173730000,17373
CRS3035RES200mN2621800E3478800,9616.140548267984,1.3305307652230574,2.1,173150000,17315
CRS3035RES200mN2621800E3479000,10052.175279648789,13.356734437989719,21,173150000,17315
CRS3035RES200mN2621800E3479200,10045.328765109556,11.912882916904238,18.9,173150000,17315
CRS3035RES200mN2621800E3479400,10403.988915800743,1.3927059108977493,2.1999999999999997,173150000,17315
CRS3035RES200mN2621800E3481200,10832.234648504067,1.3114473907625095,1.7999999999999998,174800000,17480
CRS3035RES200mN2621800E3490400,14242.240646137552,1.7324211452169238,2.2,170410000,17041
CRS3035RES200mN2622000E3462800,4057.018496426543,6.385902440871109,10,170280102,17028
CRS3035RES200mN2622000E3463400,3937.727246801591,59.27408666355431,91,170280103,17028
CRS3035RES200mN2622000E3463600,3843.0449563937204,121.82679690848555,187,170280103,17028
CRS3035RES200mN2622000E3463800,4313.617123901291,22.56236497820942,34,170280103,17028
CRS3035RES200mN2622000E3464000,3880.662312156157,37.231277302888564,57,170280103,17028
CRS3035RES200mN2622000E3464200,4141.935259044261,57.24871080951895,89,170280103,17028
CRS3035RES200mN2622000E3464400,3290.9911498748584,40.64885624922734,62,170280104,17028
CRS3035RES200mN2622000E3464600,3330.8925795139944,49.21954085477519,75,170280104,17028
CRS3035RES200mN2622000E3464800,3656.6319834917626,52.13555604995196,80,170280104,17028
CRS3035RES200mN2622000E3465000,4412.440051212195,20.45887784600954,31.6,170280104,17028
CRS3035RES200mN2622000E3465200,3684.8570795979913,40.95996528284247,63,170280104,17028
CRS3035RES200mN2622000E3465400,3784.348113173527,52.138250197133544,81,170280104,17028
CRS3035RES200mN2622000E3465600,4184.0291914139525,3.320225502870953,5.1000000000000005,170280101,17028
CRS3035RES200mN2622000E3467800,5808.289193659816,1.8868089096503347,3.2,173910000,17391
CRS3035RES200mN2622000E3470600,6436.5071567032255,0.3657152063668592,0.5,171090000,17109
CRS3035RES200mN2622000E3471000,6555.912393245451,3.8076611549557713,5.199999999999999,171090000,17109
CRS3035RES200mN2622000E3471200,6497.427301973689,66.14011312681114,93,171090000,17109
CRS3035RES200mN2622000E3471400,6536.628874962,25.266308242632338,35,171090000,17109
CRS3035RES200mN2622000E3471600,6528.156890472217,50.30331760963933,69.5,171090000,17109
CRS3035RES200mN2622000E3478800,10877.595359790661,9.525321825886241,11.4,173730000,17373
CRS3035RES200mN2622000E3479000,10820.781870220058,6.93510273288206,8.299999999999999,173730000,17373
CRS3035RES200mN2622000E3479200,10942.592268170627,29.24440911456325,35,173730000,17373
CRS3035RES200mN2622000E3479400,10207.760081479875,2.678364472148997,4.199999999999999,173150000,17315
CRS3035RES200mN2622000E3480600,11215.719974581825,0.7655605460269195,1.2,174800000,17315
CRS3035RES200mN2622000E3480800,10858.527545800076,3.5259651078315173,4.8,174800000,17480
CRS3035RES200mN2622000E3483200,11752.871939661838,0.8217716115261525,1.1,170570000,17057
CRS3035RES200mN2622000E3484400,10417.958556390633,2.390608324438952,3.1999999999999997,170570000,17057
CRS3035RES200mN2622000E3484600,10608.508030319179,8.143009605119865,10.9,170570000,17057
CRS3035RES200mN2622000E3487400,12663.914860563924,0.522945570971181,0.7000000000000001,170570000,17057
CRS3035RES200mN2622200E3462600,4596.441365450062,1.5157405793852055,2.3,170280102,17028
CRS3035RES200mN2622200E3462800,4633.864183499555,25.021130959324225,38,170280103,17028
CRS3035RES200mN2622200E3463000,4512.564248073166,10.240562415553633,16,170280103,17028
CRS3035RES200mN2622200E3463200,4154.419114487325,0.45934843883898197,0.7,170280103,17028
CRS3035RES200mN2622200E3463600,3844.9205380551325,67.60260143341318,104,170280103,17028
CRS3035RES200mN2622200E3463800,3291.204644677049,35.43635871782104,54,170280103,17028
CRS3035RES200mN2622200E3464000,3680.6161041157507,40.03222438560134,61,170280103,17028
CRS3035RES200mN2622200E3464200,3897.341663325431,22.861793916211724,35,170280101,17028
CRS3035RES200mN2622200E3464400,3699.662631426128,15.803091427820258,24,170280104,17028
CRS3035RES200mN2622200E3464600,3526.9357119018996,33.32088689843503,51,170280104,17028
CRS3035RES200mN2622200E3464800,3982.1276178440908,26.594988523647658,41,170280101,17028
CRS3035RES200mN2622200E3465000,3769.5061491620086,32.76548418375081,50,170280104,17028
CRS3035RES200mN2622200E3465200,4328.067908561742,40.97286413829367,63,170280104,17028
CRS3035RES200mN2622200E3465400,3959.54182440264,59.98706360616432,93,170280104,17028
CRS3035RES200mN2622200E3471400,6560.958526884407,3.330788333390671,4.5,171090000,17109
CRS3035RES200mN2622200E3471600,6727.136106027219,2.4328749873489968,3.3000000000000003,171090000,17109
CRS3035RES200mN2622200E3475000,9207.554240746356,0.9987487933616973,1.2000000000000002,173730000,17373
CRS3035RES200mN2622200E3478600,10739.858416612467,4.762660912943179,5.700000000000001,173730000,17373
CRS3035RES200mN2622200E3478800,10899.272366480078,14.789315466507498,17.700000000000003,173730000,17373
CRS3035RES200mN2622200E3479000,10909.967113638253,4.67910545833015,5.6,173730000,17373
CRS3035RES200mN2622200E3479200,11165.10338451402,20.053309107129355,24,173730000,17373
CRS3035RES200mN2622200E3479400,11098.643599126788,30.079963660693554,36,173730000,17373
CRS3035RES200mN2622200E3483400,11915.867376499044,1.1953041622198441,1.6,170570000,17057
CRS3035RES200mN2622200E3484400,10176.575472501867,2.3906083244386895,3.1999999999999997,170570000,17057
CRS3035RES200mN2622200E3484600,10063.117274362583,9.78655282816218,13.1,170570000,17057
CRS3035RES200mN2622200E3484800,10598.770402803611,0.8964781216647488,1.2000000000000002,170570000,17057
CRS3035RES200mN2622400E3462000,2654.6135640127154,1.4249616255818303,2.3,173001001,17300
CRS3035RES200mN2622400E3462200,1857.4498476913454,5.924323936480145,9.1,170280102,17028
CRS3035RES200mN2622400E3462800,3866.1695213600015,4.265378360650286,6.500000000000001,170280103,17028
CRS3035RES200mN2622400E3463000,4287.078413708942,7.414874882171581,11.399999999999999,170280103,17028
CRS3035RES200mN2622400E3463200,4360.208024939856,30.670692551654053,48,170280103,17028
CRS3035RES200mN2622400E3463400,4552.898426834401,19.023724885215728,29,170280103,17028
CRS3035RES200mN2622400E3463600,3960.8187455523203,55.598559789727574,86,170280103,17028
CRS3035RES200mN2622400E3463800,3379.9386400830936,50.9927445723914,79,170280103,17028
CRS3035RES200mN2622400E3464400,4346.911383068531,3.1875375284143237,4.9,170280101,17028
CRS3035RES200mN2622400E3464600,4348.14343283959,11.693465376724786,18,170280101,17028
CRS3035RES200mN2622400E3464800,4073.541123198916,39.68809058709122,61,170280104,17028
CRS3035RES200mN2622400E3465000,3495.1795000014827,122.43011039660573,189,170280104,17028
CRS3035RES200mN2622400E3465200,3780.2770199523625,104.17184731372421,163,170280104,17028
CRS3035RES200mN2622400E3465400,4192.081481489372,35.17799579144249,54,170280104,17028
CRS3035RES200mN2622400E3465600,4969.587207374657,0.39683970153835146,0.6000000000000001,170280101,17028
CRS3035RES200mN2622400E3465800,4493.830389886021,2.0849209304732788,3.1999999999999997,170280101,17028
CRS3035RES200mN2622400E3466200,5262.524891080123,2.1081784928782654,3.2,170280101,17028
CRS3035RES200mN2622400E3477600,10378.8978241349,4.010661821084117,4.8,173730000,17373
CRS3035RES200mN2622400E3480400,10671.68244179716,1.459970864781451,2.3,173150000,17315
CRS3035RES200mN2622400E3483400,12044.022221887479,0.8217716115261563,1.1,170570000,17057
CRS3035RES200mN2622400E3483800,12107.522553540317,3.1376734258270953,4.2,170570000,17057
CRS3035RES200mN2622400E3484000,12046.346531174253,27.641408751334318,37,170570000,17057
CRS3035RES200mN2622400E3484200,12186.124964017306,49.3062966915692,66,170570000,17057
CRS3035RES200mN2622400E3484600,10283.376490035134,16.43543223051576,22,170570000,17057
CRS3035RES200mN2622400E3484800,10244.077772230976,13.447171824965654,18,170570000,17057
CRS3035RES200mN2622400E3485000,10088.057405103906,1.8676627534662225,2.5,170570000,17057
CRS3035RES200mN2622600E3461800,2385.2165011577354,0.31129901088116674,0.5,173001001,17300
CRS3035RES200mN2622600E3462000,2307.3780910553382,7.761875788591783,12.399999999999999,173001001,17300
CRS3035RES200mN2622600E3462800,3232.9213976692035,4.7151903327434574,7.3,170280103,17028
CRS3035RES200mN2622600E3463200,4234.056675874214,2.6074707738743172,4,170280103,17028
CRS3035RES200mN2622600E3463400,3054.481631784604,37.33204750746003,58,170280103,17028
CRS3035RES200mN2622600E3463600,3545.117154099777,90.35492252922772,138,170280101,17028
CRS3035RES200mN2622600E3463800,4130.079176405504,29.921935789428083,47,170280101,17028
CRS3035RES200mN2622600E3464000,3916.462398978581,15.006382598423645,23,170280103,17028
CRS3035RES200mN2622600E3464400,4372.936910190697,5.886656326842481,9.200000000000001,170280101,17028
CRS3035RES200mN2622600E3464600,4409.893051130686,44.35662259811483,69,170280101,17028
CRS3035RES200mN2622600E3464800,4110.034479704704,39.062866678537844,60,170280104,17028
CRS3035RES200mN2622600E3465000,3985.0979418961842,40.141912224745795,61,170280104,17028
CRS3035RES200mN2622600E3465200,4471.318991141095,32.309493781338666,50,170280101,17028
CRS3035RES200mN2622600E3466200,4728.060921704919,1.6405301387121007,2.5,170280101,17028
CRS3035RES200mN2622600E3472800,7118.500840565974,9.278296536546115,10.899999999999999,172450000,17245
CRS3035RES200mN2622600E3473000,6670.384758367098,32.65968859976405,39.2,172450000,17245
CRS3035RES200mN2622600E3473200,6834.5946272281435,1.1107236268189746,1.3,172450000,17245
CRS3035RES200mN2622600E3476000,9811.381988534999,2.005330910592246,2.4000000000000004,173730000,17373
CRS3035RES200mN2622600E3476200,9582.891582300603,21.4737518342399,25.7,173730000,17373
CRS3035RES200mN2622600E3477400,10234.07439795646,8.522656368236436,10.2,173730000,17373
CRS3035RES200mN2622600E3477600,9878.509354065614,19.217754556055475,23,173730000,17373
CRS3035RES200mN2622600E3481200,11494.24481161868,8.510416945995868,10.7,170070000,17007
CRS3035RES200mN2622600E3481400,11395.176744479646,3.8177571346507175,4.8,170070000,17007
CRS3035RES200mN2622600E3483800,12158.798862445525,14.941302027748135,20,170570000,17057
CRS3035RES200mN2622600E3484000,12101.583480360705,55.28281750266752,74,170570000,17057
CRS3035RES200mN2622600E3484200,11899.022659133705,38.84738527214458,52,170570000,17057
CRS3035RES200mN2622600E3484400,12083.18821602854,20.170757737460193,27,170570000,17057
CRS3035RES200mN2622600E3484600,10076.436181307481,9.03948772678437,12.099999999999998,170570000,17057
CRS3035RES200mN2622600E3484800,10023.986282013746,3.8847385272089676,5.2,170570000,17057
CRS3035RES200mN2622600E3485200,10426.781903819572,1.8676627534667263,2.5,170570000,17057
CRS3035RES200mN2622600E3485600,9826.75511936284,6.648879402342591,8.9,170570000,17057
CRS3035RES200mN2622800E3462000,2350.128968272528,3.203948375410154,5.1000000000000005,173001001,17300
CRS3035RES200mN2622800E3462600,2660.5143581159414,21.99099088655143,34,170280103,17028
CRS3035RES200mN2622800E3462800,4028.3716504087124,69.49745910380555,113,170280103,17300
CRS3035RES200mN2622800E3463000,3275.503262818481,24.90481595273877,39,170280103,17028
CRS3035RES200mN2622800E3463200,3273.3626871642455,11.132805643828283,17,170280103,17028
CRS3035RES200mN2622800E3463400,2954.4559656463575,45.24151078260159,69,170280103,17028
CRS3035RES200mN2622800E3463600,3255.5240845750523,58.92712940631138,90.5,170280103,17028
CRS3035RES200mN2622800E3463800,3540.0799082597523,24.364769156598783,38,170280103,17028
CRS3035RES200mN2622800E3464000,3938.4755577819697,26.500629022241494,41,170280103,17028
CRS3035RES200mN2622800E3464200,3747.3938558738428,43.5277643389021,67,170280103,17028
CRS3035RES200mN2622800E3464600,4734.825453174123,15.741458877516532,24,170280101,17028
CRS3035RES200mN2622800E3466200,5255.916759951329,0.788420477906454,1.2000000000000002,170280101,17028
CRS3035RES200mN2622800E3468000,5188.123664286523,15.32112786139528,25.7,173910000,17391
CRS3035RES200mN2622800E3468200,5327.134781376236,45.47970117419214,77,173910000,17391
CRS3035RES200mN2622800E3468400,5607.130102803884,35.54714056567682,60.5,173910000,17391
CRS3035RES200mN2622800E3468600,5491.7004461558,47.07305482523543,80,173910000,17391
CRS3035RES200mN2622800E3468800,5606.503380768219,2.843197689727827,4.8,173910000,17391
CRS3035RES200mN2622800E3470600,6984.061853094497,0.7981368535423176,1.1,171090000,17109
CRS3035RES200mN2622800E3472600,6971.543382493412,22.672926586634812,26.799999999999997,172450000,17245
CRS3035RES200mN2622800E3472800,6720.400408788156,8.885789014360777,10.399999999999999,172450000,17245
CRS3035RES200mN2622800E3473000,6560.749352132917,28.821741862742158,34,172450000,17245
CRS3035RES200mN2622800E3473200,8051.792580109536,1.086220909969358,1.3,173730000,17373
CRS3035RES200mN2622800E3474200,9024.280829342517,0.9191100005835758,1.1,173730000,17373
CRS3035RES200mN2622800E3474400,8942.550798670642,6.350214549428181,7.6,173730000,17373
CRS3035RES200mN2622800E3474600,8862.834663988779,34.8997989013688,42.1,173730000,17373
CRS3035RES200mN2622800E3474800,9094.940019631931,1.8286623396621458,2.2,173730000,17373
CRS3035RES200mN2622800E3475600,9498.078394333483,15.75203245810927,18.9,173730000,17373
CRS3035RES200mN2622800E3475800,9603.304134126916,30.707617648052313,37,173730000,17373
CRS3035RES200mN2622800E3476000,9282.920916815321,5.598215458717134,6.7,173730000,17373
CRS3035RES200mN2622800E3476200,9467.486147169006,31.40322442812429,38,173730000,17373
CRS3035RES200mN2622800E3476400,9697.155070938463,5.096882731088,6.1,173730000,17373
CRS3035RES200mN2622800E3477400,10308.914477525484,12.533318191743257,15,173730000,17373
CRS3035RES200mN2622800E3477600,9898.73720459357,22.460249573719093,27,173730000,17373
CRS3035RES200mN2622800E3484000,11799.525546131381,3.3617929562433133,4.5,170570000,17057
CRS3035RES200mN2622800E3484200,12138.68748105535,10.458911419423712,14,170570000,17057
CRS3035RES200mN2622800E3484400,11998.464011925393,8.665955176093934,11.6,170570000,17057
CRS3035RES200mN2622800E3485600,10114.51993742124,9.711846318028675,13,170570000,17057
CRS3035RES200mN2622800E3489600,14592.631689184915,2.362392470750356,3,170410000,17041
CRS3035RES200mN2622800E3489800,14877.446027278142,3.5435887061254627,4.5,170410000,17041
CRS3035RES200mN2622800E3492200,15042.938004819089,2.999571276632003,4.6,173380000,17338
CRS3035RES200mN2622800E3495400,15475.418434625819,0.8892508143322458,1.3,173820000,17382
CRS3035RES200mN2623000E3460600,2217.068809679497,4.66198599468248,7.6,173001001,17300
CRS3035RES200mN2623000E3460800,1898.3358866259045,7.479755831489511,12,173001001,17300
CRS3035RES200mN2623000E3461000,2145.96147197072,19.034057925558194,31,173001001,17300
CRS3035RES200mN2623000E3461200,1921.092273436125,31.539735976304584,51,173001001,17300
CRS3035RES200mN2623000E3461400,1779.5126229708617,69.30588198152093,113,173001001,17300
CRS3035RES200mN2623000E3461600,1700.3280709489427,40.40995923842905,65,173001001,17300
CRS3035RES200mN2623000E3461800,1717.2338071211595,3.791815898495042,6.1,173001002,17300
CRS3035RES200mN2623000E3462000,1945.04015656482,44.563863514315756,72,173001002,17300
CRS3035RES200mN2623000E3462200,1513.5959097129025,67.3141371846838,108,173001002,17300
CRS3035RES200mN2623000E3462400,2786.881378834975,14.93998067895861,24,173001003,17300
CRS3035RES200mN2623000E3462600,3001.1491743708625,46.192341307548936,74.5,173001003,17300
CRS3035RES200mN2623000E3462800,3632.390797087857,63.2148978187093,102,173001003,17300
CRS3035RES200mN2623000E3463000,2645.8169803698024,92.55412336317713,144,173001003,17028
CRS3035RES200mN2623000E3463200,3335.3832338231555,87.91860218841909,134.5,170280103,17028
CRS3035RES200mN2623000E3463400,2875.268879776092,40.21699811279612,62,170280103,17028
CRS3035RES200mN2623000E3463600,3509.171344382985,49.21459391185037,75,170280103,17028
CRS3035RES200mN2623000E3463800,4020.66978660748,10.20161000374505,16,170280103,17028
CRS3035RES200mN2623000E3465400,5282.204051756983,0.5249696443859435,0.8,170280101,17028
CRS3035RES200mN2623000E3466000,5039.899999453426,0.7936794027548576,1.2000000000000002,170280101,17028
CRS3035RES200mN2623000E3467800,5114.018314479442,26.000513030627054,44,173910000,17391
CRS3035RES200mN2623000E3468000,5208.503782562726,51.509108895789545,89,173910000,17391
CRS3035RES200mN2623000E3468200,5068.467293684703,35.87491870493491,60,173910000,17391
CRS3035RES200mN2623000E3468400,5230.353427536625,29.288621305723183,50,173910000,17391
CRS3035RES200mN2623000E3468600,5666.864635458621,29.46373950791015,49.5,173910000,17391
CRS3035RES200mN2623000E3468800,5318.066057295313,14.659502956699649,25,173910000,17391
CRS3035RES200mN2623000E3469000,6354.592912628242,0.8385541064387074,1.4000000000000001,173910000,17391
CRS3035RES200mN2623000E3470200,6570.179132098576,6.809019928449459,9.3,171090000,17109
CRS3035RES200mN2623000E3470400,6810.037864468968,5.248551290278708,8.899999999999999,173910000,17391
CRS3035RES200mN2623000E3472400,6694.33096262269,18.561547573095144,22,172450000,17245
CRS3035RES200mN2623000E3472600,6835.7680386003085,77.84287808878429,94.5,172450000,17245
CRS3035RES200mN2623000E3472800,6721.891431906078,52.803121245135415,63,172450000,17245
CRS3035RES200mN2623000E3473000,6653.764972726706,34.894434833999675,41,172450000,17245
CRS3035RES200mN2623000E3473200,8275.911144888318,9.95684809689471,12,173730000,17373
CRS3035RES200mN2623000E3474200,8595.114623387692,4.587516150325891,5.5,173730000,17373
CRS3035RES200mN2623000E3474400,8274.176766492017,29.625352101600626,36,173730000,17373
CRS3035RES200mN2623000E3474600,8884.653637944533,36.33879681470122,44,173730000,17373
CRS3035RES200mN2623000E3474800,8585.166839085496,6.491867155522723,7.8,173730000,17373
CRS3035RES200mN2623000E3475000,8998.558196929196,4.177772729505291,5,173730000,17373
CRS3035RES200mN2623000E3475400,9527.089164372344,3.9949951732784736,4.800000000000001,173730000,17373
CRS3035RES200mN2623000E3475600,9483.22336320664,33.04758104830031,40,173730000,17373
CRS3035RES200mN2623000E3475800,9297.298323132096,45.11994548661321,54,173730000,17373
CRS3035RES200mN2623000E3476000,9457.64926514639,29.935442800200367,36,173730000,17373
CRS3035RES200mN2623000E3476200,9864.048083252714,35.8587975732603,43,173730000,17373
CRS3035RES200mN2623000E3476400,9847.421041943673,7.51353394009276,9,173730000,17373
CRS3035RES200mN2623000E3477600,10070.775520027497,5.681770912105816,6.8,173730000,17373
CRS3035RES200mN2623000E3480800,11360.727390938446,0.954439283666439,1.2,170070000,17007
CRS3035RES200mN2623000E3484000,11952.193754706655,4.258271077908204,5.699999999999999,170570000,17057
CRS3035RES200mN2623000E3484400,12365.74459064386,0.44823906083244675,0.6,170570000,17057
CRS3035RES200mN2623000E3492000,15013.998416203347,11.672244750372657,17.9,173380000,17338
CRS3035RES200mN2623000E3492200,15115.592475084433,3.912484273867873,6,173380000,17338
CRS3035RES200mN2623000E3493200,15397.546545021489,1.304161424622648,2,173380000,17338
CRS3035RES200mN2623000E3493400,15579.331839514289,1.3041614246226123,2,173380000,17338
CRS3035RES200mN2623000E3497400,15437.878695421752,0.6840390879478829,1,173820000,17382
CRS3035RES200mN2623200E3460400,2603.241785773963,49.93667876718764,81,173001001,17300
CRS3035RES200mN2623200E3460600,2111.3835116914834,101.37754917516615,167,173001001,17300
CRS3035RES200mN2623200E3460800,1813.9490248965215,99.49251587505381,162,173001001,17300
CRS3035RES200mN2623200E3461000,1763.6765888862117,47.57259550100773,78,173001001,17300
CRS3035RES200mN2623200E3461200,1750.6971207041222,26.49768940077077,43,173001001,17300
CRS3035RES200mN2623200E3461400,1461.7404995827796,161.30363602525813,265.5,173001001,17300
CRS3035RES200mN2623200E3461600,1600.0321921289942,29.76971259975505,48,173001002,17300
CRS3035RES200mN2623200E3461800,1820.2818605224325,6.616721728091641,10.7,173001002,17300
CRS3035RES200mN2623200E3462000,1730.319531536675,11.857540348684237,19,173001002,17300
CRS3035RES200mN2623200E3462200,2439.971181144101,47.01466314447499,77,173001002,17300
CRS3035RES200mN2623200E3462400,2534.5562887100264,40.69221403382604,65,173001003,17300
CRS3035RES200mN2623200E3462600,2838.316592334161,68.36158830075863,109,173001003,17300
CRS3035RES200mN2623200E3462800,3544.0644244020814,29.682375906622944,47,173001003,17300
CRS3035RES200mN2623200E3463000,3715.9214255055545,59.73664860019504,95,173001003,17300
CRS3035RES200mN2623200E3463200,3688.9121076071333,44.178889871378075,71,170280103,17300
CRS3035RES200mN2623200E3463400,3328.430410629921,13.272036335537788,20.8,170280103,17028
CRS3035RES200mN2623200E3463600,3247.1336458496644,4.724726799490783,7.2,170280103,17028
CRS3035RES200mN2623200E3465400,5473.776452184486,0.7905669348293645,1.2,170280101,17028
CRS3035RES200mN2623200E3466400,5230.151257449997,14.10810940697599,20,172740103,17274
CRS3035RES200mN2623200E3466600,5232.42002339244,24.064543771016112,35,172740103,17274
CRS3035RES200mN2623200E3466800,5360.836891848752,3.1704782436862735,4.5,172740103,17274
CRS3035RES200mN2623200E3467800,5119.880045095831,16.63047555631434,28,173910000,17391
CRS3035RES200mN2623200E3468000,4977.813848208665,29.83253968830059,50,173910000,17391
CRS3035RES200mN2623200E3468200,4859.950998938421,40.62239762604496,69,173910000,17391
CRS3035RES200mN2623200E3468400,5073.5222467043295,32.03406676006552,54,173910000,17391
CRS3035RES200mN2623200E3468600,5715.81155200825,60.30744904947608,102,173910000,17391
CRS3035RES200mN2623200E3468800,5709.261009495061,25.707498502409642,43,173910000,17391
CRS3035RES200mN2623200E3470200,7021.236860600057,1.5451333867983599,2.5999999999999996,173910000,17391
CRS3035RES200mN2623200E3470400,6853.009865708909,2.1872243612897235,3.7,173910000,17391
CRS3035RES200mN2623200E3472200,6434.475743718256,0.5909400583499947,0.7,172450000,17245
CRS3035RES200mN2623200E3472400,6348.198401786797,1.2640837521223751,1.5,172450000,17245
CRS3035RES200mN2623200E3472600,6696.108931327146,39.63622411668875,47,172450000,17245
CRS3035RES200mN2623200E3472800,6609.315138085541,31.287870041732738,37,172450000,17245
CRS3035RES200mN2623200E3473000,6621.511290374186,6.1036399298031965,7.199999999999999,172450000,17245
CRS3035RES200mN2623200E3473200,6520.881239755173,4.834498982891522,5.7,172450000,17245
CRS3035RES200mN2623200E3474200,8799.631737781756,2.738669914222905,3.3,173730000,17373
CRS3035RES200mN2623200E3474400,8340.22996001006,2.7311959062591997,3.3,173730000,17373
CRS3035RES200mN2623200E3474600,9297.124710624428,0.9155197272303434,1.1,173730000,17373
CRS3035RES200mN2623200E3475200,9323.794789232288,2.0053309103369044,2.4000000000000004,173730000,17373
CRS3035RES200mN2623200E3475400,9211.022456685836,38.35144105396208,46.5,173730000,17373
CRS3035RES200mN2623200E3475600,9281.612026767327,64.72910104645533,79,173730000,17373
CRS3035RES200mN2623200E3475800,9653.307650701729,1.0026654552590735,1.2000000000000002,173730000,17373
CRS3035RES200mN2623200E3476000,9752.037066907964,17.80842550233535,21.5,173730000,17373
CRS3035RES200mN2623200E3476200,9780.263938241538,2.9244409113262204,3.5,173730000,17373
CRS3035RES200mN2623200E3483400,11508.434859594523,2.3159018141978107,3.1,170570000,17057
CRS3035RES200mN2623200E3484000,11992.234629944944,21.366061899679696,28.599999999999998,170570000,17057
CRS3035RES200mN2623200E3484200,11938.787905894218,2.9882604055495743,4,170570000,17057
CRS3035RES200mN2623200E3492000,15089.932126616071,0.45645649861791354,0.7,173380000,17338
CRS3035RES200mN2623200E3497000,15536.326144574761,1.0944625407166118,1.6,173820000,17382
CRS3035RES200mN2623400E3460600,1928.751630997219,18.629450795547015,30,173001001,17300
CRS3035RES200mN2623400E3460800,1872.2307970376196,9.386859957363468,15,173001001,17300
CRS3035RES200mN2623400E3461000,1718.598488119409,61.231055144641694,99,173001001,17300
CRS3035RES200mN2623400E3461200,1681.273247179915,37.21528501737168,60,173001001,17300
CRS3035RES200mN2623400E3461400,1775.513355300344,2.8898357895236106,4.6000000000000005,173001001,17300
CRS3035RES200mN2623400E3461600,1423.1260801394292,147.22759721566646,239,173001002,17300
CRS3035RES200mN2623400E3461800,1665.24031213928,50.75543236220773,83,173001002,17300
CRS3035RES200mN2623400E3462000,1925.0133936175187,10.533012528201567,17,173001002,17300
CRS3035RES200mN2623400E3462200,2928.721233282903,31.97335552011734,52,173001003,17300
CRS3035RES200mN2623400E3462400,2780.3292467342944,56.984968780093986,92,173001003,17300
CRS3035RES200mN2623400E3462600,2899.8084445008853,50.13812435827058,80.5,173001003,17300
CRS3035RES200mN2623400E3462800,3376.872564520913,60.88874263326955,97.5,173001003,17300
CRS3035RES200mN2623400E3463000,3764.8887165428505,14.506065479230454,23,173001003,17300
CRS3035RES200mN2623400E3463200,3444.1913194813083,18.859377188212722,30,173001003,17300
CRS3035RES200mN2623400E3464200,3921.863777324347,0.46102651308883497,0.7,170280103,17028
CRS3035RES200mN2623400E3465600,5570.197907291659,0.5249696443880046,0.8,170280101,17028
CRS3035RES200mN2623400E3466000,5322.767756776628,2.735050089833084,3.9000000000000004,172740103,17274
CRS3035RES200mN2623400E3466200,5583.3222289004225,3.1364845413262987,4.5,172740103,17274
CRS3035RES200mN2623400E3466400,5166.211670681289,55.91050758375945,79.5,172740103,17274
CRS3035RES200mN2623400E3466600,4647.404494041333,108.42716805281195,158,172740103,17274
CRS3035RES200mN2623400E3466800,4923.39093083988,9.454424626652932,13.3,172740103,17274
CRS3035RES200mN2623400E3467000,5538.306107536129,0.633700206144954,0.9000000000000001,172740103,17274
CRS3035RES200mN2623400E3467200,5018.476510187148,22.78207167406676,33,172740103,17274
CRS3035RES200mN2623400E3467400,4957.898660766954,1.2598111464905257,1.7999999999999998,172740103,17274
CRS3035RES200mN2623400E3467600,5129.663648732014,2.193560611406195,3.0999999999999996,172740103,17274
CRS3035RES200mN2623400E3467800,5130.022321788733,17.086379455212303,24,172740103,17274
CRS3035RES200mN2623400E3468000,5263.064980912277,24.11893474736007,41,173910000,17391
CRS3035RES200mN2623400E3468200,5023.573351703569,61.182954323013234,104.5,173910000,17391
CRS3035RES200mN2623400E3468400,5394.41252599874,50.393543704239526,86,173910000,17391
CRS3035RES200mN2623400E3468600,5417.603883684623,44.297302646329754,75,173910000,17391
CRS3035RES200mN2623400E3472400,6433.205135615255,3.6452294026222365,4.300000000000001,172450000,17245
CRS3035RES200mN2623400E3472600,6092.750173039728,18.650010897994783,22,172450000,17245
CRS3035RES200mN2623400E3472800,6332.700120692216,16.112901387488638,19,172450000,17245
CRS3035RES200mN2623400E3475400,9652.8070424309,6.097532594679344,7.300000000000001,173730000,17373
CRS3035RES200mN2623400E3475600,9507.622575251336,6.054431355463582,7.300000000000001,173730000,17373
CRS3035RES200mN2623400E3477800,10439.240395053945,12.357695754216975,14.799999999999999,173730000,17373
CRS3035RES200mN2623400E3478000,10546.292984546257,0.6683824572168767,0.8,173730000,17373
CRS3035RES200mN2623400E3483000,11832.566926806043,9.146709801483938,11.5,170070000,17007
CRS3035RES200mN2623400E3483200,12198.082923248829,1.9884151743764213,2.5,170070000,17007
CRS3035RES200mN2623400E3483400,12338.94965266324,1.5907321395011753,2,170070000,17007
CRS3035RES200mN2623400E3484000,12184.511986476818,0.8217716115261493,1.1,170570000,17057
CRS3035RES200mN2623400E3489200,14653.7723546473,2.36239247075034,3,170410000,17041
CRS3035RES200mN2623400E3497000,15562.599534839761,1.0944625407166162,1.6,173820000,17382
CRS3035RES200mN2623400E3498000,15625.608826604092,2.7361563517857435,4,173820000,17382
CRS3035RES200mN2623600E3461200,1458.4645124787228,5.50597882801496,8.9,173001001,17300
CRS3035RES200mN2623600E3461400,1156.850344901505,39.58387058804227,65,173001002,17300
CRS3035RES200mN2623600E3461600,1649.352768812857,151.2193258334181,247,173001002,17300
CRS3035RES200mN2623600E3461800,1440.1011869810493,39.43167129641985,64,173001002,17300
CRS3035RES200mN2623600E3462000,1748.3877186309023,10.56470578486428,17,173001002,17300
CRS3035RES200mN2623600E3462200,2409.112931605022,41.97900188076196,68.5,173001003,17300
CRS3035RES200mN2623600E3462400,1924.6882077780033,69.07445733790938,113,173001003,17300
CRS3035RES200mN2623600E3462600,2522.0077969137833,67.33677306033775,108,173001003,17300
CRS3035RES200mN2623600E3462800,3274.1979763960776,69.73866072221783,113,173001003,17300
CRS3035RES200mN2623600E3464600,4290.331918611192,42.065633182056764,66.7,173000903,17300
CRS3035RES200mN2623600E3464800,4063.366480466646,81.76084454123874,130.5,173000903,17300
CRS3035RES200mN2623600E3465000,4738.132908399852,17.728811143177005,28,173000903,17300
CRS3035RES200mN2623600E3465600,4745.75486327404,1.5854700746939387,2.3000000000000003,172740102,17274
CRS3035RES200mN2623600E3465800,4643.664019699268,34.63946149252475,49,172740102,17274
CRS3035RES200mN2623600E3466000,4820.093033299271,6.413567068712125,9,172740102,17274
CRS3035RES200mN2623600E3466200,5080.251931472001,37.46717263437341,53,172740102,17274
CRS3035RES200mN2623600E3466400,4927.194185200827,35.36917377141354,50,172740103,17274
CRS3035RES200mN2623600E3466600,4697.048396594964,52.72543738379806,75,172740102,17274
CRS3035RES200mN2623600E3466800,4970.215983181868,72.84331202741824,105,172740102,17274
CRS3035RES200mN2623600E3467000,4920.924622951086,28.683111447976046,42,172740103,17274
CRS3035RES200mN2623600E3467200,4667.430032364715,55.496279379308184,78.5,172740103,17274
CRS3035RES200mN2623600E3467400,5304.79630090865,18.22256935235428,26,172740103,17274
CRS3035RES200mN2623600E3468000,5281.272130255348,3.679029711530511,5.3,173910000,17274
CRS3035RES200mN2623600E3468200,4928.006326064582,53.634234426433,92,173910000,17391
CRS3035RES200mN2623600E3468400,5161.061913516575,4.6316443958422155,6.500000000000001,172740103,17274
CRS3035RES200mN2623600E3475400,9865.627561195794,0.9948321314864876,1.2000000000000002,173730000,17373
CRS3035RES200mN2623600E3477800,10837.692429851859,6.099548186751758,7.3,173730000,17373
CRS3035RES200mN2623600E3478000,10561.032007113126,4.248027820552926,5.1,173730000,17373
CRS3035RES200mN2623600E3478200,10834.287969412595,25.811064255303805,31,173730000,17373
CRS3035RES200mN2623600E3479600,11608.966272200587,1.0862209099694962,1.3,173730000,17373
CRS3035RES200mN2623600E3482600,12003.62144639616,14.63473568241923,18.400000000000002,170070000,17007
CRS3035RES200mN2623600E3482800,11564.402777533065,6.522001771526416,8.2,170070000,17007
CRS3035RES200mN2623600E3483000,12196.697663414383,2.4656348162268267,3.1,170070000,17007
CRS3035RES200mN2623600E3494600,15016.745809468131,2.6677524429242427,3.9,173820000,17382
CRS3035RES200mN2623600E3496400,15653.274286989626,1.0944625407166113,1.6,173820000,17382
CRS3035RES200mN2623800E3461400,1565.0784563897541,1.8585971570683208,3,173001001,17300
CRS3035RES200mN2623800E3461600,1648.2118076742224,2.840538918471255,4.6000000000000005,173001002,17300
CRS3035RES200mN2623800E3461800,1479.926138677508,79.50947891308486,132,173001002,17300
CRS3035RES200mN2623800E3462000,1462.1060624351499,31.05850823791131,50,173001002,17300
CRS3035RES200mN2623800E3462200,2096.9418081499666,106.98610694984676,175,173001003,17300
CRS3035RES200mN2623800E3462400,1689.3039998927723,133.03272582516453,214,173001003,17300
CRS3035RES200mN2623800E3462600,2250.4787136517457,65.71662975814752,106,173001003,17300
CRS3035RES200mN2623800E3462800,3105.8723513174564,24.54808894148456,39,173001003,17300
CRS3035RES200mN2623800E3464400,3574.4040439895025,212.3391539841853,342,173000903,17300
CRS3035RES200mN2623800E3464600,4472.8623284979385,51.61226519338739,82,173000903,17300
CRS3035RES200mN2623800E3464800,4103.660672278768,48.11988516675635,76,173000903,17300
CRS3035RES200mN2623800E3465000,4103.88711776538,2.21610139290263,3.4999999999999996,173000903,17300
CRS3035RES200mN2623800E3465200,3965.1350274318997,7.281356191286521,10.3,172740102,17274
CRS3035RES200mN2623800E3465400,3718.7554650058646,43.835331732807326,62,172740102,17274
CRS3035RES200mN2623800E3465600,3690.6027688290155,47.996018194926755,69,172740102,17274
CRS3035RES200mN2623800E3465800,3903.9617734397143,64.2224872300789,90,172740102,17274
CRS3035RES200mN2623800E3466000,4422.325104851029,41.51697827112202,59,172740102,17274
CRS3035RES200mN2623800E3466200,4698.712735469006,25.173395046294097,36,172740102,17274
CRS3035RES200mN2623800E3466400,4620.2854883642585,3.9882915196102195,5.699999999999999,172740102,17274
CRS3035RES200mN2623800E3466600,4807.517041119786,9.928088285030748,14,172740102,17274
CRS3035RES200mN2623800E3466800,4940.493200544465,38.50716938025127,55,172740102,17274
CRS3035RES200mN2623800E3467000,4732.607193458769,47.89789252275452,68.5,172740102,17274
CRS3035RES200mN2623800E3467200,4742.523586609263,36.40400754610983,51,172740103,17274
CRS3035RES200mN2623800E3467400,5150.932208708559,1.5447432563834549,2.2,172740103,17274
CRS3035RES200mN2623800E3467600,4872.657229090796,2.201937134976159,3.0999999999999996,172740103,17274
CRS3035RES200mN2623800E3467800,5688.74599172232,0.6287703951897022,0.9000000000000001,172740103,17274
CRS3035RES200mN2623800E3468200,5196.493112804396,2.035767913272762,3.5,172740103,17391
CRS3035RES200mN2623800E3468400,5793.210771415148,6.270533951293903,8.8,172740103,17274
CRS3035RES200mN2623800E3472000,6105.307502560155,5.479847666981085,6.6000000000000005,172450000,17245
CRS3035RES200mN2623800E3472200,6049.007164248389,7.368876218305585,8.8,172450000,17245
CRS3035RES200mN2623800E3472400,6694.032740493915,3.4505811510252213,5.1,170590000,17059
CRS3035RES200mN2623800E3475400,9405.649062303472,0.5848881822912639,0.7,173730000,17373
CRS3035RES200mN2623800E3475600,9488.155301835195,0.9995624898959036,1.2000000000000002,173730000,17373
CRS3035RES200mN2623800E3475800,9496.851591564402,2.5066636383492735,3,173730000,17373
CRS3035RES200mN2623800E3478000,11230.4590531037,6.600880914430001,7.8999999999999995,173730000,17373
CRS3035RES200mN2623800E3478200,11009.546739874084,6.0995481867517665,7.299999999999999,173730000,17373
CRS3035RES200mN2623800E3482400,11653.203025623208,6.044782129695876,7.6,170070000,17007
CRS3035RES200mN2623800E3482600,11862.812497310457,10.021612478185775,12.6,170070000,17007
CRS3035RES200mN2623800E3482800,12026.599206740879,18.293419602787115,23,170070000,17007
CRS3035RES200mN2623800E3492200,15905.09247019916,1.5749283138335501,2,170410000,17041
CRS3035RES200mN2623800E3497200,15420.286706714132,0.6840390879478813,1,173820000,17382
CRS3035RES200mN2624000E3461800,1491.1416069157065,13.391089465682509,21.4,173001002,17300
CRS3035RES200mN2624000E3462200,1887.2978586647962,14.934814448101491,24,173001002,17300
CRS3035RES200mN2624000E3462400,1718.6392072195913,83.22601188399467,134,173001003,17300
CRS3035RES200mN2624000E3462600,1996.3797202254161,96.06043759527624,153,173001003,17300
CRS3035RES200mN2624000E3462800,2600.8520919430266,2.1857516552524534,3.5000000000000004,173001003,17300
CRS3035RES200mN2624000E3463600,3786.8331788740984,2.1527842102470585,3.4000000000000004,173000903,17300
CRS3035RES200mN2624000E3463800,3444.19939475373,100.72434684927785,161,173000903,17300
CRS3035RES200mN2624000E3464000,3525.1972047620197,53.519669178626586,85.5,173000903,17300
CRS3035RES200mN2624000E3464200,3493.044970176822,129.62912187342386,209,173000903,17300
CRS3035RES200mN2624000E3464400,3537.4522119348903,161.13476309487007,263,173000902,17300
CRS3035RES200mN2624000E3464600,3184.709950371301,269.3552584995225,432,173000902,17300
CRS3035RES200mN2624000E3464800,3509.660848935762,54.11450348037302,87,173000903,17300
CRS3035RES200mN2624000E3465200,2667.3460001044705,13.485140387529453,19,172740102,17274
CRS3035RES200mN2624000E3465400,3704.200972866946,30.42759210702075,43,172740102,17274
CRS3035RES200mN2624000E3465600,3733.6702302419912,38.36091561525357,54.5,172740102,17274
CRS3035RES200mN2624000E3465800,3492.696892037341,39.64756540815557,56.5,172740102,17274
CRS3035RES200mN2624000E3466000,4364.173481595533,63.21006600989429,89,172740102,17274
CRS3035RES200mN2624000E3466200,4487.0730231911375,32.81691693232569,47,172740102,17274
CRS3035RES200mN2624000E3466400,3832.381453897813,32.010227159419564,45.5,172740102,17274
CRS3035RES200mN2624000E3466600,4879.667506029095,10.643386746648503,15.1,172740102,17274
CRS3035RES200mN2624000E3466800,4398.607986778705,51.663598211843016,72.5,172740102,17274
CRS3035RES200mN2624000E3467000,4631.91918575601,38.2239586188085,54.5,172740103,17274
CRS3035RES200mN2624000E3467200,5032.54412210591,44.3842356804452,64,172740103,17274
CRS3035RES200mN2624000E3467400,5099.178192170662,40.91049445284492,59,172740103,17274
CRS3035RES200mN2624000E3467600,5327.177032763379,21.48528553492831,31,172740103,17274
CRS3035RES200mN2624000E3467800,5455.833175012462,12.706910999685986,18,172740103,17274
CRS3035RES200mN2624000E3471000,6059.318005762841,0.8358366359097575,1,172450000,17245
CRS3035RES200mN2624000E3471600,6446.040586983705,0.8510652789886686,1,172450000,17245
CRS3035RES200mN2624000E3472000,5906.851034362757,22.543197359575206,27,172450000,17245
CRS3035RES200mN2624000E3472200,6502.149405757784,18.87770798514196,28,170590000,17059
CRS3035RES200mN2624000E3472400,6527.431476702284,1.4152116491631868,2.1,170590000,17059
CRS3035RES200mN2624000E3482400,12023.771846965612,23.860982090666553,30,170070000,17007
CRS3035RES200mN2624000E3482600,11982.191367169304,23.444024508141492,29.5,170070000,17007
CRS3035RES200mN2624000E3482800,11751.082868360752,5.647099094839812,7.1,170070000,17007
CRS3035RES200mN2624000E3491400,15125.183110041262,0.5512249098417525,0.7000000000000001,170410000,17041
CRS3035RES200mN2624000E3498400,14064.439111873202,0.38975152473726227,0.6,171320000,17132
CRS3035RES200mN2624200E3461800,1211.2369291655568,140.30876072140228,228,173001002,17300
CRS3035RES200mN2624200E3462400,2021.9879348756656,47.34223436988649,76.5,173001003,17300
CRS3035RES200mN2624200E3462600,2406.433473040543,2.1752276068979204,3.5000000000000004,173001003,17300
CRS3035RES200mN2624200E3463200,4048.040696085859,11.962731097442084,19,173000901,17300
CRS3035RES200mN2624200E3463400,4287.655235466295,42.456314522955374,68,173000901,17300
CRS3035RES200mN2624200E3463600,3490.077115930068,75.00456784598578,120,173000901,17300
CRS3035RES200mN2624200E3463800,3054.188921853906,196.18242550521495,321.5,173000903,17300
CRS3035RES200mN2624200E3464000,3050.9311094537734,218.0388448392169,354,173000904,17300
CRS3035RES200mN2624200E3464200,3360.234527758107,161.8301792260246,262.5,173000904,17300
CRS3035RES200mN2624200E3464400,4165.293347478771,32.18683265067989,51,173000902,17300
CRS3035RES200mN2624200E3464600,3386.8257354922534,10.083580365497433,16,173000902,17300
CRS3035RES200mN2624200E3465600,4251.127382556983,4.166820277469144,5.9,172740102,17274
CRS3035RES200mN2624200E3465800,3930.39125741473,14.055685324018176,20.1,172740102,17274
CRS3035RES200mN2624200E3466000,3560.183671861205,44.182018125258175,63,172740102,17274
CRS3035RES200mN2624200E3466200,3528.1171670557314,32.82929016820828,47,172740102,17274
CRS3035RES200mN2624200E3466400,3993.2711435680394,45.681554440333194,65,172740103,17274
CRS3035RES200mN2624200E3466600,4248.704567095711,60.6712397534725,86.5,172740103,17274
CRS3035RES200mN2624200E3466800,4581.047083111853,76.61486625277246,109.5,172740103,17274
CRS3035RES200mN2624200E3467000,4492.818974103868,55.47472151022105,79,172740103,17274
CRS3035RES200mN2624200E3467200,4772.420257738262,48.36834481159266,67.5,172740103,17274
CRS3035RES200mN2624200E3467400,4905.560314230353,40.15972424045307,57,172740103,17274
CRS3035RES200mN2624200E3467600,5119.82763316556,70.6164781248174,101,172740103,17274
CRS3035RES200mN2624200E3467800,4989.232899156668,52.342887347335676,75,172740103,17274
CRS3035RES200mN2624200E3468000,5630.843119064344,3.3710263360120685,4.8,172740103,17274
CRS3035RES200mN2624200E3471600,6477.471494801773,8.443810724959148,10,172450000,17245
CRS3035RES200mN2624200E3471800,5942.896823195032,8.5537428616748,10.2,172450000,17245
CRS3035RES200mN2624200E3472000,6324.205636695418,24.731960450551327,37,170590000,17059
CRS3035RES200mN2624200E3472200,6323.438571948149,3.6556207538988907,5.4,170590000,17059
CRS3035RES200mN2624200E3472400,6708.843469636367,1.0256455466393786,1.5,170590000,17059
CRS3035RES200mN2624200E3479200,11585.992474756547,2.840885456843316,3.4000000000000004,173730000,17373
CRS3035RES200mN2624200E3482400,11795.69968882789,3.8177571345151273,4.8,170070000,17007
CRS3035RES200mN2624200E3482600,11693.56082131681,1.8293419603151582,2.3,170070000,17007
CRS3035RES200mN2624200E3482800,10901.49810956806,7.139735223952251,9,171860000,17186
CRS3035RES200mN2624200E3495400,13160.92348662128,4.377850162865337,6.4,173820000,17382
CRS3035RES200mN2624400E3461600,1638.7447220440465,22.893033104849362,37,173001002,17300
CRS3035RES200mN2624400E3461800,1990.9228558154286,37.90825045942321,63,173001002,17300
CRS3035RES200mN2624400E3462000,1556.42324286096,45.242672122151355,72.5,173001002,17300
CRS3035RES200mN2624400E3462400,2028.722479541233,45.656927747878846,74,173000104,17300
CRS3035RES200mN2624400E3462600,2363.4712968656936,5.613489437394121,9,173000104,17300
CRS3035RES200mN2624400E3463200,4560.306072865004,6.015418325516604,9.6,173000901,17300
CRS3035RES200mN2624400E3463400,3264.803476268691,37.17136060791631,60,173000901,17300
CRS3035RES200mN2624400E3463600,3379.246819225481,60.701736689510064,98,173000901,17300
CRS3035RES200mN2624400E3463800,3365.7824945218113,90.1645791804568,143,173000904,17300
CRS3035RES200mN2624400E3464000,3244.9843139975533,34.777840001185034,55,173000904,17300
CRS3035RES200mN2624400E3464200,3420.781736006875,30.27490136528012,48,173000904,17300
CRS3035RES200mN2624400E3464400,3405.5391093345074,44.11505987861835,70,173000902,17300
CRS3035RES200mN2624400E3464600,3253.9703883918846,19.628326622873903,31,173000902,17300
CRS3035RES200mN2624400E3466200,2947.37178369123,0.6260958037067469,0.9,172740103,17274
CRS3035RES200mN2624400E3466400,3792.744236721456,8.996643343811089,13,172740103,17274
CRS3035RES200mN2624400E3466600,3332.6550273564367,29.610870131338782,42,172740103,17274
CRS3035RES200mN2624400E3466800,4438.212712365185,37.54720141425733,54,172740103,17274
CRS3035RES200mN2624400E3467000,4271.815795610571,151.19391713132563,218,172740103,17274
CRS3035RES200mN2624400E3467200,4530.3341401747975,42.0660922864676,59,172740103,17274
CRS3035RES200mN2624400E3467400,5248.734126787025,42.12453136019004,60,172740103,17274
CRS3035RES200mN2624400E3467600,4996.316797922056,34.616382173418096,49,172740103,17274
CRS3035RES200mN2624400E3467800,5377.618302678895,3.411532517737542,4.8,172740103,17274
CRS3035RES200mN2624400E3471400,6514.697621582202,0.6793892547185779,1,170590000,17059
CRS3035RES200mN2624400E3471600,6305.871412852379,13.66427697378465,20,170590000,17059
CRS3035RES200mN2624400E3471800,6064.741255793001,50.05626766698451,73,170590000,17059
CRS3035RES200mN2624400E3472000,6193.339109246071,37.026714385900405,54.5,170590000,17059
CRS3035RES200mN2624400E3472200,6429.846703876448,24.84412303725949,37,170590000,17059
CRS3035RES200mN2624400E3472400,6222.17545823694,1.0437391373948037,1.5,170590000,17059
CRS3035RES200mN2624400E3472600,6459.045720523147,4.780177670448244,7,170590000,17059
CRS3035RES200mN2624400E3473400,7746.613919482584,7.176127478322484,8.6,172450000,17245
CRS3035RES200mN2624400E3473600,8600.071645841881,4.3799304917701045,5.300000000000001,173730000,17373
CRS3035RES200mN2624400E3473800,8791.45662291096,2.718294715592036,3.3,173730000,17373
CRS3035RES200mN2624400E3477600,10327.081855617513,3.8552829255250316,5.2,174660000,17466
CRS3035RES200mN2624400E3478600,10825.468961141263,2.255997274552023,2.7,173730000,17373
CRS3035RES200mN2624400E3482800,11019.891911144172,1.3486166534084933,1.7,171860000,17186
CRS3035RES200mN2624400E3483000,11108.263105077229,3.3318764377752426,4.2,171860000,17186
CRS3035RES200mN2624400E3484000,11124.785324255805,0.8726343051129494,1.1,171860000,17186
CRS3035RES200mN2624400E3485000,8778.405854284783,3.2525460465557496,4.1000000000000005,171860000,17186
CRS3035RES200mN2624400E3485200,9744.290895469101,1.6659382189688623,2.1,171860000,17186
CRS3035RES200mN2624400E3491000,15222.387459549771,3.0711102119754043,3.9,170410000,17041
CRS3035RES200mN2624600E3458600,3222.6008540142093,1.136365499315878,1.7999999999999998,173000401,17300
CRS3035RES200mN2624600E3459000,3622.1557026407786,3.4173352742912253,5.3999999999999995,173000302,17300
CRS3035RES200mN2624600E3462000,1924.697203592972,22.017426198921875,36,173001002,17300
CRS3035RES200mN2624600E3462400,2535.0280561213353,34.43606436986949,55,173000104,17300
CRS3035RES200mN2624600E3462600,1963.3345453503337,73.83468489793036,118.5,173000104,17300
CRS3035RES200mN2624600E3462800,2405.940151261159,12.61243334726419,20,173000104,17300
CRS3035RES200mN2624600E3463400,3920.7121575155293,12.447214180609775,20,173000901,17300
CRS3035RES200mN2624600E3463600,3478.613143818259,44.43120794312603,72,173000901,17300
CRS3035RES200mN2624600E3463800,3473.654916427622,36.78591798201264,59,173000901,17300
CRS3035RES200mN2624600E3464000,3715.362714541342,33.03371308958035,53,173000901,17300
CRS3035RES200mN2624600E3464200,3737.0506233210895,8.421185293041718,13.3,173000901,17300
CRS3035RES200mN2624600E3464400,3693.365225743189,21.48561469720139,34,173000901,17300
CRS3035RES200mN2624600E3464600,4601.257795731511,1.3929780183980338,2.2,173000901,17300
CRS3035RES200mN2624600E3467000,3991.02942066271,41.75929291655191,60,172740103,17274
CRS3035RES200mN2624600E3467200,4312.156600438562,92.34524492196192,130.5,172740103,17274
CRS3035RES200mN2624600E3467400,4555.628334164669,24.996521445952688,36,172740103,17274
CRS3035RES200mN2624600E3469000,6126.6145913322725,1.0718767630968018,1.5,172740103,17274
CRS3035RES200mN2624600E3471800,6524.896929383902,28.192876012136693,41.5,170590000,17059
CRS3035RES200mN2624600E3472000,6430.286844155365,26.976926624450204,40,170590000,17059
CRS3035RES200mN2624600E3472200,6385.630670468442,27.62897016714842,40.5,170590000,17059
CRS3035RES200mN2624600E3472400,6352.946371291282,15.758503608710232,23,170590000,17059
CRS3035RES200mN2624600E3472600,6815.6906600435095,21.753644754109377,32,170590000,17059
CRS3035RES200mN2624600E3472800,6952.856691027417,20.710585518069372,30,170590000,17059
CRS3035RES200mN2624600E3473400,7640.826199973513,1.3550604526231227,1.9999999999999998,170590000,17059
CRS3035RES200mN2624600E3473600,8929.87578802061,19.78452573834414,24,173730000,17373
CRS3035RES200mN2624600E3473800,8767.726936069623,15.581781432587846,19,173730000,17373
CRS3035RES200mN2624600E3474000,9066.02440003602,2.8153196582282103,3.4000000000000004,173730000,17373
CRS3035RES200mN2624600E3475600,9917.155580975872,0.9191100007433969,1.1,173730000,17373
CRS3035RES200mN2624600E3477600,10275.500963878563,4.225983206841076,5.7,174660000,17466
CRS3035RES200mN2624600E3477800,10421.761125835703,4.670823544402994,6.3,174660000,17466
CRS3035RES200mN2624600E3479800,10985.66349520775,1.4828011252341728,2,174660000,17466
CRS3035RES200mN2624600E3480200,10467.351259306253,0.556756248767391,0.7000000000000001,170070000,17007
CRS3035RES200mN2624600E3480400,10640.821435076929,2.942854457729601,3.6999999999999997,170070000,17007
CRS3035RES200mN2624600E3484400,9722.593127380776,0.8726343051741242,1.1,171860000,17186
CRS3035RES200mN2624600E3484600,9785.579092053726,19.039293931075058,24,171860000,17186
CRS3035RES200mN2624600E3484800,9659.975054548422,28.558940896609887,36,171860000,17186
CRS3035RES200mN2624600E3485000,8952.95220821226,42.045107431078925,53,171860000,17186
CRS3035RES200mN2624600E3485200,10475.439032038652,32.52546046558323,41,171860000,17186
CRS3035RES200mN2624800E3458800,3596.958322645399,0.3153492495486327,0.5,173000401,17300
CRS3035RES200mN2624800E3459000,3430.7717967558415,4.852780604639903,7.7,173000302,17300
CRS3035RES200mN2624800E3460000,3485.274465306326,5.679912637589954,9,173000301,17300
CRS3035RES200mN2624800E3460200,3169.5503198451365,17.09563931669866,27,173000301,17300
CRS3035RES200mN2624800E3460400,3592.573415414156,15.708491779338198,25,173000202,17300
CRS3035RES200mN2624800E3460600,3451.875612798926,7.580963071641491,12,173000202,17300
CRS3035RES200mN2624800E3461600,3246.734519938581,4.8121058817368745,7.6,173000103,17300
CRS3035RES200mN2624800E3461800,3429.0923484692544,62.684010827868974,99,173000103,17300
CRS3035RES200mN2624800E3462000,3064.002027650959,5.380660098466955,8.5,173000103,17300
CRS3035RES200mN2624800E3462200,1909.4790317723998,18.07888661571115,29,173000102,17300
CRS3035RES200mN2624800E3462600,2236.7323295374385,64.45711645752515,104,173000104,17300
CRS3035RES200mN2624800E3463000,3001.563817896864,0.3160671090740245,0.5,173000104,17300
CRS3035RES200mN2624800E3463200,2803.479044419141,2.1316523605113975,3.4000000000000004,173000901,17300
CRS3035RES200mN2624800E3463400,3152.537649477079,2.4597241464784605,3.9,173000901,17300
CRS3035RES200mN2624800E3463600,4760.076470698252,10.681207703210312,17,173000901,17300
CRS3035RES200mN2624800E3463800,4062.0641044838617,29.325416308903513,47,173000901,17300
CRS3035RES200mN2624800E3464000,3272.7737259077326,44.97177822274367,71.5,173000901,17300
CRS3035RES200mN2624800E3464200,4274.3929857669045,23.101191298502183,37,173000901,17300
CRS3035RES200mN2624800E3464400,4021.336749626966,33.38330423871823,53,173000901,17300
CRS3035RES200mN2624800E3464600,3398.606959519728,0.978118397391789,1.4,172740101,17274
CRS3035RES200mN2624800E3467000,3873.515803451274,2.5973936206394423,3.7,172740103,17274
CRS3035RES200mN2624800E3467200,4700.708632698377,7.471160543456512,10.5,172740103,17274
CRS3035RES200mN2624800E3472000,6558.678971521058,7.875984303771669,11.5,170590000,17059
CRS3035RES200mN2624800E3472200,6430.886237893447,50.51252481383239,77,170590000,17059
CRS3035RES200mN2624800E3472400,6674.3449784590775,9.045739190754922,13,170590000,17059
CRS3035RES200mN2624800E3472600,6696.32874008953,26.60305035293794,39,170590000,17059
CRS3035RES200mN2624800E3472800,6826.185203064319,23.27367450663987,34,170590000,17059
CRS3035RES200mN2624800E3473000,6913.670246633816,12.229006585366408,18,170590000,17059
CRS3035RES200mN2624800E3473200,6929.403660788852,3.615846241789831,5.300000000000001,170590000,17059
CRS3035RES200mN2624800E3473600,7247.6469640626665,7.26351186105189,8.6,172450000,17245
CRS3035RES200mN2624800E3473800,8088.095517077423,27.04944648849726,32.5,173730000,17373
CRS3035RES200mN2624800E3474000,9089.32049006527,1.9171591105928114,2.3,173730000,17373
CRS3035RES200mN2624800E3477400,10266.051603856704,3.7599954575867227,4.5,173730000,17373
CRS3035RES200mN2624800E3477600,10108.177205597938,1.4086610689389096,1.9000000000000001,174660000,17466
CRS3035RES200mN2624800E3477800,10383.514579008694,21.500616315428864,29,174660000,17466
CRS3035RES200mN2624800E3478000,10613.404679658934,17.793613502472542,24,174660000,17466
CRS3035RES200mN2624800E3478200,10742.917843015652,0.9638207313817848,1.3,174660000,17466
CRS3035RES200mN2624800E3480200,10546.420593137289,0.95443928359238694,1.2000000000000002,170070000,17007
CRS3035RES200mN2624800E3484400,10005.038969019817,14.438131231062743,18.2,171860000,17186
CRS3035RES200mN2624800E3484600,10390.148489790054,19.83259784244841,25,171860000,17186
CRS3035RES200mN2624800E3484800,8933.33882529035,26.972333068986572,34,171860000,17186
CRS3035RES200mN2624800E3485000,8795.957341611957,40.45849960345883,51,171860000,17186
CRS3035RES200mN2624800E3485200,9455.814414324408,24.671751719002703,31.099999999999998,171860000,17186
CRS3035RES200mN2624800E3485600,12268.101379294569,2.22125095860111,2.8000000000000003,171860000,17186
CRS3035RES200mN2624800E3487200,13754.313115858686,0.8662105726027375,1.1,170410000,17041
CRS3035RES200mN2624800E3494400,16342.240926331142,0.7145444621626406,1.1,171320000,17132
CRS3035RES200mN2624800E3496200,13346.51222227133,0.8208469055371472,1.2000000000000002,173820000,17382
CRS3035RES200mN2625000E3459600,3245.757300055211,2.469370123524386,3.9000000000000004,173000302,17300
CRS3035RES200mN2625000E3459800,3316.5499768861537,47.22286341469526,75,173000302,17300
CRS3035RES200mN2625000E3460000,4108.668554502006,2.216101392900971,3.5,173000301,17300
CRS3035RES200mN2625000E3460200,3176.0995657218423,10.130749224712348,16,173000301,17300
CRS3035RES200mN2625000E3460400,3210.3265078145414,26.593216714871698,42,173000301,17300
CRS3035RES200mN2625000E3460800,3443.651532638479,19.94491253614787,31.5,173000202,17300
CRS3035RES200mN2625000E3461000,2725.682698150564,36.09079411303251,57,173000202,17300
CRS3035RES200mN2625000E3461200,3271.405287525693,34.82445045995554,55,173000202,17300
CRS3035RES200mN2625000E3461400,2885.5132086282288,11.369117659924624,18,173000202,17300
CRS3035RES200mN2625000E3461600,2618.703671476348,1.0763921051255643,1.6999999999999997,173000201,17300
CRS3035RES200mN2625000E3461800,2377.5773900870336,104.38985075402418,165,173000103,17300
CRS3035RES200mN2625000E3462000,3017.000996461396,97.7093479792954,155,173000103,17300
CRS3035RES200mN2625000E3462400,1885.87441737226,99.35073721962002,164,173000102,17300
CRS3035RES200mN2625000E3462600,1586.9488571689496,95.582693537138,152,173000102,17300
CRS3035RES200mN2625000E3462800,2101.0124474097893,22.62217334471667,36,173000104,17300
CRS3035RES200mN2625000E3463000,2230.444192691742,63.4900139155616,104.5,173000104,17300
CRS3035RES200mN2625000E3463200,2869.742017383759,15.654049362990586,25,173000802,17300
CRS3035RES200mN2625000E3463400,2983.98178065423,72.50548666534503,116,173000802,17300
CRS3035RES200mN2625000E3463600,2816.662910608739,51.80468365739587,83,173000802,17300
CRS3035RES200mN2625000E3463800,2773.5567113871502,103.87751877552454,165,173000802,17300
CRS3035RES200mN2625000E3464000,3332.857585469546,23.245251039835395,37,173000901,17300
CRS3035RES200mN2625000E3464200,3947.89499704222,29.406060401240754,47,173000901,17300
CRS3035RES200mN2625000E3464400,4232.992650892874,23.8236943884812,38,173000901,17300
CRS3035RES200mN2625000E3465600,2700.264983677921,2.2482731507988656,3.2,172740101,17274
CRS3035RES200mN2625000E3467600,5184.7905839637315,2.168694479037784,3.4000000000000004,171420000,17142
CRS3035RES200mN2625000E3472000,6578.254782551139,6.941081743486269,10.1,170590000,17059
CRS3035RES200mN2625000E3472200,6627.409236274239,8.35539204476153,12.2,170590000,17059
CRS3035RES200mN2625000E3472400,6621.113243890199,26.710718587412256,39,170590000,17059
CRS3035RES200mN2625000E3472600,6738.076941364989,13.066379806102084,19,170590000,17059
CRS3035RES200mN2625000E3473200,7165.717939253856,0.6089630476064026,0.8999999999999999,170590000,17059
CRS3035RES200mN2625000E3477200,9548.13138855508,29.97437740271043,41,174070000,17407
CRS3035RES200mN2625000E3477400,10072.06915961594,29.65602250411297,40,174660000,17466
CRS3035RES200mN2625000E3477600,10103.612414032666,23.684697761107433,32,174660000,17466
CRS3035RES200mN2625000E3477800,10302.23733963076,32.94221048749138,44.5,174660000,17466
CRS3035RES200mN2625000E3478000,10498.494628256956,5.486364163255938,7.4,174660000,17466
CRS3035RES200mN2625000E3479800,10996.813846997611,2.0017815190661383,2.7,174660000,17466
CRS3035RES200mN2625000E3484600,10164.827190137756,7.298396006914315,9.2,171860000,17186
CRS3035RES200mN2625000E3484800,10151.001014326457,23.799117413852397,30,171860000,17186
CRS3035RES200mN2625000E3485000,10267.1826897337,20.30858019315155,25.6,171860000,17186
CRS3035RES200mN2625000E3485800,12272.874901579971,3.411206829266388,4.3,171860000,17186
CRS3035RES200mN2625000E3489200,14607.179553079017,1.0237034039918134,1.3,170410000,17041
CRS3035RES200mN2625000E3492800,16661.349652637116,0.4724784941500722,0.6,170410000,17041
CRS3035RES200mN2625000E3495400,16087.207185980305,6.04114863464781,9.3,171320000,17132
CRS3035RES200mN2625000E3496200,16109.049010308312,0.3247929373466527,0.5,171320000,17132
CRS3035RES200mN2625200E3459400,3281.9676804417913,23.189005474045196,37,173000302,17300
CRS3035RES200mN2625200E3459600,3748.4093708327846,51.71839173817618,82,173000302,17300
CRS3035RES200mN2625200E3459800,3148.6661112761985,131.3506857610971,208,173000302,17300
CRS3035RES200mN2625200E3460000,2798.284281544938,95.68217431235706,153,173000301,17300
CRS3035RES200mN2625200E3460200,2986.380119130468,117.64292384075671,186,173000301,17300
CRS3035RES200mN2625200E3460400,3662.495462426794,85.9453212765008,137,173000301,17300
CRS3035RES200mN2625200E3460600,3467.7827782056283,16.37148225314259,26,173000202,17300
CRS3035RES200mN2625200E3460800,3257.2301137636796,36.090794113028046,57,173000202,17300
CRS3035RES200mN2625200E3461000,3207.976943021028,63.95035448100317,101,173000202,17300
CRS3035RES200mN2625200E3461200,3432.328917061498,80.41282197115164,127,173000202,17300
CRS3035RES200mN2625200E3461400,2941.9018553529377,55.08594890934325,87,173000201,17300
CRS3035RES200mN2625200E3461600,3085.0233362490612,5.065374612352755,8,173000201,17300
CRS3035RES200mN2625200E3461800,2331.995940763947,78.19672057821798,123.5,173000103,17300
CRS3035RES200mN2625200E3462000,2117.2329924091914,145.6295201050526,230,173000103,17300
CRS3035RES200mN2625200E3462200,2318.5653299757296,195.64370458957117,309.5,173000102,17300
CRS3035RES200mN2625200E3462400,2261.495789689946,118.40313156366217,187,173000102,17300
CRS3035RES200mN2625200E3462600,2331.111961877816,86.11136840990999,136,173000102,17300
CRS3035RES200mN2625200E3462800,2839.586580433498,20.050742279891406,32,173000104,17300
CRS3035RES200mN2625200E3463000,2438.382197179793,11.970599600069393,19,173000802,17300
CRS3035RES200mN2625200E3463200,2166.186854628778,39.65723374909295,64,173000802,17300
CRS3035RES200mN2625200E3463400,2538.2846211078195,72.88447766815268,119,173000802,17300
CRS3035RES200mN2625200E3463600,2885.678970013149,43.070048884252095,69.5,173000802,17300
CRS3035RES200mN2625200E3463800,3096.7347755693067,63.32777678264441,101.5,173000802,17300
CRS3035RES200mN2625200E3464000,3040.257745121506,40.24772456385748,64,173000802,17300
CRS3035RES200mN2625200E3464200,3782.862749191463,12.976176043188286,20.8,173000802,17300
CRS3035RES200mN2625200E3464400,3966.0291297500657,2.0261498449430495,3.2,173000802,17300
CRS3035RES200mN2625200E3464600,3979.759875510636,11.310844568987767,16,172740101,17274
CRS3035RES200mN2625200E3464800,3759.814277043125,19.057338122149456,27,172740101,17274
CRS3035RES200mN2625200E3465000,3452.9662573133346,8.204371831141401,11.6,172740101,17274
CRS3035RES200mN2625200E3465200,4341.924001533771,4.0647985071048,5.8,172740101,17274
CRS3035RES200mN2625200E3465400,3273.4670221717697,17.88442804110583,25,172740101,17274
CRS3035RES200mN2625200E3465600,3076.7899011531167,8.069679247775268,11.6,172740101,17274
CRS3035RES200mN2625200E3467200,4900.165089859009,0.5123385232631433,0.8,171420000,17142
CRS3035RES200mN2625200E3467400,5235.004128902094,0.5146801922979105,0.8,171420000,17142
CRS3035RES200mN2625200E3471200,6622.178859071152,3.075120550445169,4.8,171420000,17142
CRS3035RES200mN2625200E3472400,6737.620566418984,3.825673767090359,5.7,170590000,17059
CRS3035RES200mN2625200E3472600,7008.9469786853915,1.2960445822752473,1.9,170590000,17059
CRS3035RES200mN2625200E3477200,10110.445858793359,22.983417440638043,31,174660000,17466
CRS3035RES200mN2625200E3477400,10293.831548424188,22.242016878016795,30,174660000,17466
CRS3035RES200mN2625200E3477600,9960.553018611716,6.67260506338597,9,174660000,17466
CRS3035RES200mN2625200E3477800,10224.429273867408,2.3724818003235755,3.2,174660000,17466
CRS3035RES200mN2625200E3482200,11383.435929961932,3.331876437845551,4.2,171860000,17186
CRS3035RES200mN2625200E3484400,8864.79601799225,13.089514577607451,16.5,171860000,17186
CRS3035RES200mN2625200E3484600,9184.53800988051,40.458499603495284,51,171860000,17186
CRS3035RES200mN2625200E3484800,10674.534712880439,5.870448962083705,7.3999999999999995,171860000,17186
CRS3035RES200mN2625200E3487600,12170.498289685544,1.3386890667583486,1.7,170410000,17041
CRS3035RES200mN2625200E3487800,12138.638617269306,1.811167560906929,2.3000000000000003,170410000,17041
CRS3035RES200mN2625200E3489200,14791.559691881313,1.496181898141882,1.9000000000000001,170410000,17041
CRS3035RES200mN2625200E3495400,15992.995623573745,14.94047511794625,23,171320000,17132
CRS3035RES200mN2625200E3495600,16026.353098592122,2.9880950235892723,4.6000000000000005,171320000,17132
CRS3035RES200mN2625200E3498400,15083.27949523057,1.5590060992296264,2.4,171320000,17132
CRS3035RES200mN2625400E3458200,2440.5048236064727,0.7598061918507193,1.2,173000401,17300
CRS3035RES200mN2625400E3459400,3584.683315659256,9.617543994674575,15.2,173000302,17300
CRS3035RES200mN2625400E3459600,3391.341870975042,106.54009759006836,171.5,173000302,17300
CRS3035RES200mN2625400E3459800,3500.8283725942956,104.84370475537982,169,173000302,17300
CRS3035RES200mN2625400E3460000,2919.8669807482997,74.95081163230438,119,173000302,17300
CRS3035RES200mN2625400E3460200,3335.33769014223,41.7049004185024,66,173000301,17300
CRS3035RES200mN2625400E3460400,3478.3591139293403,41.72426416199169,66,173000301,17300
CRS3035RES200mN2625400E3460600,3062.1195353898866,38.48464098746706,61,173000301,17300
CRS3035RES200mN2625400E3460800,3128.6036809347765,45.732394065632405,72.5,173000202,17300
CRS3035RES200mN2625400E3461000,3283.732993516286,72.18158822600454,114,173000202,17300
CRS3035RES200mN2625400E3461200,2652.3554989846184,64.58352630752874,102,173000201,17300
CRS3035RES200mN2625400E3461400,3288.85941061695,85.47819658349985,135,173000201,17300
CRS3035RES200mN2625400E3461600,2834.068508212093,54.1361911695552,85.5,173000201,17300
CRS3035RES200mN2625400E3461800,2509.6880233896213,10.763921051252076,17,173000201,17300
CRS3035RES200mN2625400E3462000,2259.6465433517674,72.18158822601974,114,173000103,17300
CRS3035RES200mN2625400E3462200,1957.578685033612,112.94060321609902,181,173000103,17300
CRS3035RES200mN2625400E3462400,1761.5219359720224,200.33237316829587,327,173000101,17300
CRS3035RES200mN2625400E3462600,2386.0556355984622,180.10714809418386,284.5,173000101,17300
CRS3035RES200mN2625400E3462800,1783.4160470033466,118.5351306067673,190.5,173000104,17300
CRS3035RES200mN2625400E3463000,1994.564422266315,39.04812383295538,62,173000104,17300
CRS3035RES200mN2625400E3463200,2148.6568248867225,58.482907484897204,93,173000802,17300
CRS3035RES200mN2625400E3463400,3108.610624122644,70.71819939515295,112,173000802,17300
CRS3035RES200mN2625400E3463600,3194.5461706718465,14.441497969893147,23,173000801,17300
CRS3035RES200mN2625400E3463800,3632.092048092282,7.518065938659288,12,173000801,17300
CRS3035RES200mN2625400E3464000,3000.4963418106718,110.24492401225791,176,173000801,17300
CRS3035RES200mN2625400E3464200,2780.2369603377824,78.62446382722078,126,173000801,17300
CRS3035RES200mN2625400E3464400,3474.6201388079935,31.464239048413805,50,173000802,17300
CRS3035RES200mN2625400E3464600,4159.853021803672,21.752019322671643,35,172740101,17300
CRS3035RES200mN2625400E3464800,3942.6579798998837,20.743556734728795,29,172740101,17274
CRS3035RES200mN2625400E3465000,4141.301944960042,32.848249429878464,47,172740101,17274
CRS3035RES200mN2625400E3465200,3911.3408925932454,1.7479131925479754,2.5,172740101,17274
CRS3035RES200mN2625400E3465400,3200.649609595407,41.73038567630505,58.5,172740101,17274
CRS3035RES200mN2625400E3465600,3607.610577484722,38.78245261826971,54,172740101,17274
CRS3035RES200mN2625400E3465800,3110.0647739789633,15.49899068108033,22,172740101,17274
CRS3035RES200mN2625400E3466000,3153.7026714153144,1.9691555981404358,2.8000000000000003,172740101,17274
CRS3035RES200mN2625400E3467200,5192.399511499331,0.32149756730877976,0.5,171420000,17142
CRS3035RES200mN2625400E3467400,4867.100144904107,1.6673619074263502,2.6,171420000,17142
CRS3035RES200mN2625400E3468200,4973.970916605164,6.8451442552968285,10.6,171420000,17142
CRS3035RES200mN2625400E3468400,5124.153977448189,3.063411028595451,4.8,171420000,17142
CRS3035RES200mN2625400E3471000,7002.581764053353,2.4076309820619737,3.7,171420000,17142
CRS3035RES200mN2625400E3471200,6336.6784307901,30.84235453270477,44.5,170590000,17059
CRS3035RES200mN2625400E3471400,6416.019234028783,3.2700452310148598,4.8,170590000,17059
CRS3035RES200mN2625400E3477200,10429.67792688868,20.69494493990244,28,174660000,17466
CRS3035RES200mN2625400E3477400,9874.330044367152,8.748526637204952,11.8,174660000,17466
CRS3035RES200mN2625400E3481200,10996.316931153766,3.4200740995745282,4.300000000000001,170070000,17007
CRS3035RES200mN2625400E3482400,11346.40878486566,5.077145047979657,6.4,171860000,17186
CRS3035RES200mN2625400E3482600,11656.630712916494,8.488351877430341,10.7,171860000,17186
CRS3035RES200mN2625400E3482800,10254.05192892652,10.788933227602154,13.6,171860000,17186
CRS3035RES200mN2625400E3484400,10721.597874954441,1.824599001728203,2.3,171860000,17186
CRS3035RES200mN2625400E3484600,9511.45285179583,13.48616653450457,17,171860000,17186
CRS3035RES200mN2625400E3484800,10863.505971065912,4.0458499603550315,5.1000000000000005,171860000,17186
CRS3035RES200mN2625400E3487600,12064.192173896005,17.954182777696083,22.8,170410000,17041
CRS3035RES200mN2625400E3487800,12188.67316953005,18.899139766000484,24,170410000,17041
CRS3035RES200mN2625400E3488000,12016.878022129684,1.4174354824488593,1.8,170410000,17041
CRS3035RES200mN2625400E3488200,11960.269242382343,6.614698918097547,8.399999999999999,170410000,17041
CRS3035RES200mN2625400E3489600,12521.66999786297,2.5198853021324927,3.2,170410000,17041
CRS3035RES200mN2625400E3492800,16549.940958892195,0.866210572608447,1.1,170410000,17041
CRS3035RES200mN2625400E3495400,16159.914711490072,7.924947671258416,12.200000000000001,171320000,17132
CRS3035RES200mN2625600E3458200,2574.3570435225042,5.6854909594795116,9,173000401,17300
CRS3035RES200mN2625600E3458400,2356.7676538052647,8.832638922757264,14,173000401,17300
CRS3035RES200mN2625600E3459600,3493.0896831541013,28.384340738524966,45,173000302,17300
CRS3035RES200mN2625600E3459800,2769.5555524691435,93.08268931475902,148,173000302,17300
CRS3035RES200mN2625600E3460000,3393.630868509604,111.00726087904947,178,173000302,17300
CRS3035RES200mN2625600E3460200,2778.3713660658555,98.64767166312966,157,173000301,17300
CRS3035RES200mN2625600E3460400,2871.2813305997925,55.0859489093845,87,173000301,17300
CRS3035RES200mN2625600E3460600,2745.4456776460056,55.79436319948016,89,173000202,17300
CRS3035RES200mN2625600E3460800,3372.645773095819,60.151323521726106,95,173000202,17300
CRS3035RES200mN2625600E3461000,2439.3473093755883,113.18535041091761,182,173000202,17300
CRS3035RES200mN2625600E3461200,2343.8756747360085,63.17717810121807,102,173000201,17300
CRS3035RES200mN2625600E3461400,2645.1334803867326,47.17130107755553,74.5,173000201,17300
CRS3035RES200mN2625600E3461600,2460.8736116810933,50.02057429695541,79,173000201,17300
CRS3035RES200mN2625600E3461800,3197.0974004825503,9.054357119577235,14.3,173000202,17300
CRS3035RES200mN2625600E3462000,2198.458831079739,5.6352292562459665,8.9,173000101,17300
CRS3035RES200mN2625600E3462200,2846.416365851297,110.17189781863469,174,173000101,17300
CRS3035RES200mN2625600E3462400,1823.0290559693524,168.10949671864503,273,173000101,17300
CRS3035RES200mN2625600E3462600,2644.0809597578914,151.96123837059508,240,173000101,17300
CRS3035RES200mN2625600E3462800,2889.688303042922,30.39224767408548,48,173000104,17300
CRS3035RES200mN2625600E3463000,2900.8229109810522,150.69489471748486,238,173000104,17300
CRS3035RES200mN2625600E3463200,3562.3053869468345,63.31718265443358,100,173000801,17300
CRS3035RES200mN2625600E3463400,3542.1991827534484,49.387402470435376,78,173000801,17300
CRS3035RES200mN2625600E3463600,3613.0103837608417,64.26694039423545,101.5,173000801,17300
CRS3035RES200mN2625600E3463800,4462.068028907448,13.92978018397562,22,173000801,17300
CRS3035RES200mN2625600E3464000,3615.087972107763,97.50846128786746,154,173000801,17300
CRS3035RES200mN2625600E3464200,3764.499847912315,153.34040893667677,243,173000801,17300
CRS3035RES200mN2625600E3464400,3592.72681706783,39.88982507226123,63,173000801,17300
CRS3035RES200mN2625600E3464600,3748.1802849941946,36.090794113034065,57,173000801,17300
CRS3035RES200mN2625600E3464800,4181.544828821388,65.76796510957618,106.5,173000801,17300
CRS3035RES200mN2625600E3465000,4204.413891145929,65.00385546759834,104,173000801,17300
CRS3035RES200mN2625600E3465200,4186.963866207674,16.947504574097646,24,172740101,17274
CRS3035RES200mN2625600E3465400,3576.9216728155507,66.33268833299071,94,172740101,17274
CRS3035RES200mN2625600E3465600,3984.210036143211,22.517986410575023,32,172740101,17274
CRS3035RES200mN2625600E3465800,3257.3609517242485,44.76442108070907,64,172740101,17274
CRS3035RES200mN2625600E3466000,3631.235107964457,26.385136208869056,38,172740101,17274
CRS3035RES200mN2625600E3467000,4655.907139565393,5.01536205001638,7.8,171420000,17142
CRS3035RES200mN2625600E3469400,5848.949018863434,2.7766460507432345,4.300000000000001,171420000,17142
CRS3035RES200mN2625600E3469600,6040.2313570007245,2.05823030976717,3.1999999999999997,171420000,17142
CRS3035RES200mN2625600E3471200,8017.695951945559,13.540172850432516,21,174070000,17142
CRS3035RES200mN2625600E3471400,7212.936524689989,10.971797226211324,15,174070000,17407
CRS3035RES200mN2625600E3476200,9637.181417546963,6.147846052117127,8.4,174070000,17407
CRS3035RES200mN2625600E3479600,11247.434072248341,1.1293002055661878,1.3,170090000,17009
CRS3035RES200mN2625600E3481200,10950.759440744305,0.9544392835715232,1.2000000000000002,170070000,17007
CRS3035RES200mN2625600E3482200,12007.198519362419,2.1024582293066976,2.9,173960000,17396
CRS3035RES200mN2625600E3482400,11904.375660453052,2.8558940894901625,3.5999999999999996,171860000,17186
CRS3035RES200mN2625600E3482600,11623.851176289738,0.6346431310255592,0.8,171860000,17186
CRS3035RES200mN2625600E3482800,11611.659661957141,0.6346431310360956,0.8,171860000,17186
CRS3035RES200mN2625600E3484000,10924.605469821441,1.8245990017286762,2.3,171860000,17186
CRS3035RES200mN2625600E3484400,10744.973953131503,7.933039137950259,9.999999999999998,171860000,17186
CRS3035RES200mN2625600E3484600,10617.815760832007,4.045849960354567,5.1000000000000005,171860000,17186
CRS3035RES200mN2625600E3488000,11905.764704063911,3.7010815375051145,4.7,170410000,17041
CRS3035RES200mN2625600E3488200,11822.733289162621,3.0711102119747,3.9,170410000,17041
CRS3035RES200mN2625600E3489600,14621.530621589545,0.551224909841742,0.7000000000000001,170410000,17041
CRS3035RES200mN2625600E3489800,14741.414110559605,2.5198853021337486,3.2,170410000,17041
CRS3035RES200mN2625600E3496200,13623.98327172103,1.559006098950697,2.4000000000000004,171320000,17132
CRS3035RES200mN2625800E3458400,2413.160440247184,1.5196123837061681,2.4,173000401,17300
CRS3035RES200mN2625800E3458600,2159.9449008705305,1.519612383705914,2.4,173000401,17300
CRS3035RES200mN2625800E3458800,2333.330598072719,2.2722882384868646,3.5999999999999996,173000401,17300
CRS3035RES200mN2625800E3459000,2721.9276178292453,0.25326873061787203,0.4,173000401,17300
CRS3035RES200mN2625800E3459200,3274.350428424971,2.4693701235242926,3.9000000000000004,173000401,17300
CRS3035RES200mN2625800E3459400,2812.2038879607253,0.25326873061784577,0.4,173000401,17300
CRS3035RES200mN2625800E3459600,3299.822996506273,26.593216714876228,42,173000401,17300
CRS3035RES200mN2625800E3459800,2916.97971337109,33.99746527299498,54,173000302,17300
CRS3035RES200mN2625800E3460000,2856.1238618275815,75.85529022515581,120,173000302,17300
CRS3035RES200mN2625800E3460200,3692.6138602194164,79.77965014452973,126,173000601,17300
CRS3035RES200mN2625800E3460400,3047.689691251632,54.45277708284121,86,173000601,17300
CRS3035RES200mN2625800E3460600,3278.839397746361,65.84986996061448,104,173000601,17300
CRS3035RES200mN2625800E3460800,2960.7550612320097,23.821393065448643,38,173000202,17300
CRS3035RES200mN2625800E3461000,3251.125201445991,64.58352630753207,102,173000202,17300
CRS3035RES200mN2625800E3461200,2733.9653741204947,168.40975530925732,266.5,173000202,17300
CRS3035RES200mN2625800E3461400,2824.4489384084754,67.21395868746545,108,173000202,17300
CRS3035RES200mN2625800E3461600,2334.7333324466895,67.2202160537099,107.5,173000202,17300
CRS3035RES200mN2625800E3461800,2566.68523692686,40.96126676198415,65.5,173000202,17300
CRS3035RES200mN2625800E3462000,3075.0059945137714,16.525784672808914,26.099999999999998,173000202,17300
CRS3035RES200mN2625800E3462200,2630.1426318890385,52.86984751643684,83.5,173000104,17300
CRS3035RES200mN2625800E3462400,2948.3173676221045,42.42251237844029,67,173000104,17300
CRS3035RES200mN2625800E3462600,2438.5589366335635,82.312337450691345,130,173000104,17300
CRS3035RES200mN2625800E3462800,3467.602307052637,63.9503544809779,101,173000104,17300
CRS3035RES200mN2625800E3463000,3908.092265549686,107.00603868597696,169,173000702,17300
CRS3035RES200mN2625800E3463200,3141.345405369691,61.41766717478738,97,173000801,17300
CRS3035RES200mN2625800E3463400,3639.8622952765145,47.80447290405791,75.5,173000801,17300
CRS3035RES200mN2625800E3463600,3903.692866015357,80.41282197109201,127,173000801,17300
CRS3035RES200mN2625800E3463800,4174.220553134996,65.21669813399885,103,173000801,17300
CRS3035RES200mN2625800E3464000,3994.3921075908142,58.88497986858088,93,173000801,17300
CRS3035RES200mN2625800E3464200,4102.578318711861,31.33097071896916,49.5,173000801,17300
CRS3035RES200mN2625800E3464400,4081.3555002408857,27.859560367918196,44,173000801,17300
CRS3035RES200mN2625800E3464600,4024.3546750815485,55.32584152945618,87.5,173000801,17300
CRS3035RES200mN2625800E3464800,4518.20503821678,32.85177609174133,53,173000801,17300
CRS3035RES200mN2625800E3465000,3961.078271081937,35.74599404649735,57,173000801,17300
CRS3035RES200mN2625800E3465200,4408.2439285865885,12.690711485746323,18,172740101,17274
CRS3035RES200mN2625800E3465400,4446.23326084498,39.809553662439555,56,172740101,17274
CRS3035RES200mN2625800E3465600,4737.138837671821,52.038135567650905,74,172740101,17274
CRS3035RES200mN2625800E3465800,4613.574966538727,25.675180339719397,36,172740101,17274
CRS3035RES200mN2625800E3466000,4757.599277543622,20.768793143852232,29,172740101,17274
CRS3035RES200mN2625800E3466200,4733.471092812163,17.26574388926839,24,172740101,17274
CRS3035RES200mN2625800E3466400,4607.7909127387675,4.001770288488218,5.6000000000000005,172740101,17274
CRS3035RES200mN2625800E3466600,5078.548000035722,11.252051179110667,15.7,172740101,17274
CRS3035RES200mN2625800E3466800,5055.95601168697,14.372084438447429,20,172740101,17274
CRS3035RES200mN2625800E3467000,4438.0270695250465,20.01258056983386,31,171420000,17142
CRS3035RES200mN2625800E3467200,4892.397450753359,15.62776934845767,24.5,171420000,17142
CRS3035RES200mN2625800E3468400,5655.942196916742,0.3232066979954395,0.5,171420000,17142
CRS3035RES200mN2625800E3469000,5117.394815477507,1.5265327160595967,2.4,171420000,17142
CRS3035RES200mN2625800E3469200,5752.062182863112,4.085491801955268,6.3,171420000,17142
CRS3035RES200mN2625800E3471200,8204.988976491022,1.3510669307828616,2.1,174070000,17142
CRS3035RES200mN2625800E3471600,8165.412495137569,0.8050750783686991,1.1,174070000,17407
CRS3035RES200mN2625800E3471800,8147.280173521038,1.9024971773948083,2.5999999999999996,174070000,17407
CRS3035RES200mN2625800E3476000,9458.754507744163,26.295102683774594,36,174070000,17407
CRS3035RES200mN2625800E3476200,9588.323713292679,13.537692464878639,18.6,174070000,17407
CRS3035RES200mN2625800E3478200,10674.345199312633,0.9638207313813321,1.3,174660000,17466
CRS3035RES200mN2625800E3484400,10717.848135963479,4.0458499603532845,5.1000000000000005,171860000,17186
CRS3035RES200mN2625800E3488400,11956.711167398746,10.788258949757118,13.700000000000001,170410000,17041
CRS3035RES200mN2625800E3488600,11950.438578031217,13.15065142050781,16.7,170410000,17041
CRS3035RES200mN2625800E3488800,11936.081411424602,7.087177412248431,9,170410000,17041
CRS3035RES200mN2625800E3489000,12202.970412980709,10.709512534067198,13.599999999999998,170410000,17041
CRS3035RES200mN2625800E3489200,12390.314829240293,3.622335121813772,4.6,170410000,17041
CRS3035RES200mN2625800E3497800,15048.18684779457,0.7795030496132953,1.2000000000000002,171320000,17132
CRS3035RES200mN2626000E3457000,1504.8257722884107,2.0794611492292243,3.3000000000000003,173000402,17300
CRS3035RES200mN2626000E3457200,1657.582178656555,1.6397022600554716,2.6,173000401,17300
CRS3035RES200mN2626000E3457400,1855.5871702202116,8.940629182673653,14.200000000000001,173000401,17300
CRS3035RES200mN2626000E3457600,1503.7301385535511,16.335782402478085,26,173000401,17300
CRS3035RES200mN2626000E3457800,1433.3056846042693,50.00935761002809,80,173000401,17300
CRS3035RES200mN2626000E3458000,1874.2312956830579,27.012164259102946,43,173000401,17300
CRS3035RES200mN2626000E3458200,1871.1298888344952,15.813914973044813,25,173000401,17300
CRS3035RES200mN2626000E3458400,2317.573624737651,13.296608357429154,21,173000401,17300
CRS3035RES200mN2626000E3458600,2491.9143194877215,5.240849186471345,8.299999999999999,173000401,17300
CRS3035RES200mN2626000E3459000,2490.6518336870477,0.25326873061772326,0.4,173000601,17300
CRS3035RES200mN2626000E3459200,3179.9098273293303,18.09081432043313,28.7,173000601,17300
CRS3035RES200mN2626000E3459400,3745.2971499185396,57.61863621554983,91,173000601,17300
CRS3035RES200mN2626000E3459600,3668.4408667627376,52.86984751643452,83.5,173000601,17300
CRS3035RES200mN2626000E3459800,3198.1473958282254,93.16217463247833,147.5,173000601,17300
CRS3035RES200mN2626000E3460000,3746.217773767333,57.301176500321844,90.5,173000601,17300
CRS3035RES200mN2626000E3460200,3793.976414027665,34.82445045991047,55,173000601,17300
CRS3035RES200mN2626000E3460400,3517.4835476637268,36.72396593957786,58,173000601,17300
CRS3035RES200mN2626000E3460600,3102.298413974726,81.11061060084218,131,173000602,17300
CRS3035RES200mN2626000E3460800,2963.483425148949,8.16706814820503,13,173000602,17300
CRS3035RES200mN2626000E3461000,3087.230809356963,20.614123798639994,33,173000602,17300
CRS3035RES200mN2626000E3461200,2885.486450710753,25.757232037636022,41,173000602,17300
CRS3035RES200mN2626000E3461400,3151.1746407015967,35.5818629833445,57.5,173000603,17300
CRS3035RES200mN2626000E3461600,2989.8264671621623,78.7477169310841,127,173000603,17300
CRS3035RES200mN2626000E3461800,2513.649153661419,62.28133208091667,100,173000202,17300
CRS3035RES200mN2626000E3462000,3452.770325837376,11.397092877801851,18,173000202,17300
CRS3035RES200mN2626000E3462400,2984.1314941812334,11.397092877788946,18,173000104,17300
CRS3035RES200mN2626000E3462600,2399.396062363511,26.59321671484771,42,173000104,17300
CRS3035RES200mN2626000E3462800,3045.166621910112,37.99030959266748,60,173000702,17300
CRS3035RES200mN2626000E3463000,3514.3593638475477,8.73777120631358,13.799999999999999,173000702,17300
CRS3035RES200mN2626000E3463200,3818.689349990593,45.58837151119768,72,173000702,17300
CRS3035RES200mN2626000E3463400,3755.971135383591,41.7893405519039,66,173000703,17300
CRS3035RES200mN2626000E3463600,3688.3195887051234,9.497577398161727,15,173000703,17300
CRS3035RES200mN2626000E3463800,4217.215346801956,55.71912073586999,88,173000703,17300
CRS3035RES200mN2626000E3464000,4710.888046357971,91.17674302214768,144,173000703,17300
CRS3035RES200mN2626000E3464200,4328.7953253542355,23.427357582136903,37,173000801,17300
CRS3035RES200mN2626000E3464400,4089.144930499594,18.361982969759097,29,173000801,17300
CRS3035RES200mN2626000E3464600,4476.005763593669,94.97577398165562,150,173000801,17300
CRS3035RES200mN2626000E3464800,4177.506387697085,7.419612335418374,12.1,172910000,17291
CRS3035RES200mN2626000E3465200,4446.67376629012,53.802522532621964,76,172740101,17274
CRS3035RES200mN2626000E3465400,4153.130555369188,53.538727826679725,76,172740101,17274
CRS3035RES200mN2626000E3465600,4531.855119220069,61.29886738983429,86,172740101,17274
CRS3035RES200mN2626000E3465800,4202.095477485347,77.27434501012688,108,172740101,17274
CRS3035RES200mN2626000E3466000,4734.658901649035,46.35457614976927,65,172740101,17274
CRS3035RES200mN2626000E3466200,4723.716629115542,4.786898856058639,6.7,172740101,17274
CRS3035RES200mN2626000E3466600,5382.915638661285,5.275298525041848,8.100000000000001,171420000,17142
CRS3035RES200mN2626000E3466800,5157.746375586108,40.36727671099001,62,171420000,17142
CRS3035RES200mN2626000E3467000,5367.1440866052535,32.35258846673111,50,171420000,17142
CRS3035RES200mN2626000E3469000,5311.56723583146,0.7802020087480391,1.2,171420000,17142
CRS3035RES200mN2626000E3469200,5616.678168654635,10.368176805955152,16,171420000,17142
CRS3035RES200mN2626000E3469400,5362.873061645457,6.797291371780312,10.500000000000002,171420000,17142
CRS3035RES200mN2626000E3469600,5547.777705776633,0.7822402315646668,1.2,171420000,17142
CRS3035RES200mN2626000E3469800,6020.813741449549,1.9992177859719849,3.1,171420000,17142
CRS3035RES200mN2626000E3470000,6205.123180537989,8.382308566607621,13.1,171420000,17142
CRS3035RES200mN2626000E3470200,6193.8568610401435,1.6812590120987037,2.6,171420000,17142
CRS3035RES200mN2626000E3470400,6580.862013527903,3.8088692114594065,5.9,171420000,17142
CRS3035RES200mN2626000E3471600,7638.3038980962565,16.80086964912829,23,174070000,17407
CRS3035RES200mN2626000E3471800,7844.188819723653,0.364513751747188,0.5,174070000,17407
CRS3035RES200mN2626000E3473200,8363.876657237419,0.9440191437403955,1.3,174070000,17407
CRS3035RES200mN2626000E3474000,8882.693528090309,4.865329432638817,6.7,174070000,17407
CRS3035RES200mN2626000E3475800,9620.493989874101,4.592881336653711,6.3,174070000,17407
CRS3035RES200mN2626000E3476000,9421.463880388628,16.80476818582823,23.299999999999997,174070000,17407
CRS3035RES200mN2626000E3476200,9460.981436394544,1.8954715088352163,2.5999999999999996,174070000,17407
CRS3035RES200mN2626000E3488200,12369.447785207307,22.836460550586967,29,170410000,17041
CRS3035RES200mN2626000E3488400,11745.456973334507,16.536747295248198,21,170410000,17041
CRS3035RES200mN2626000E3488600,11879.22977665052,23.623924707487763,30,170410000,17041
CRS3035RES200mN2626000E3488800,12141.862964983937,56.15657671176236,71.5,170410000,17041
CRS3035RES200mN2626000E3489000,12431.893927834712,0.9449569882996082,1.2,170410000,17041
CRS3035RES200mN2626000E3497200,14930.761512488456,4.287266772882729,6.6000000000000005,171320000,17132
CRS3035RES200mN2626000E3497400,14904.59232338014,1.4290889243007185,2.2,171320000,17132
CRS3035RES200mN2626000E3497600,14922.958726679539,2.9231364360474816,4.5,171320000,17132
CRS3035RES200mN2626200E3456800,1838.0774897535644,0.4397576200460751,0.7000000000000001,173000402,17300
CRS3035RES200mN2626200E3457000,1417.4881776838754,21.40101729431322,34,173000402,17300
CRS3035RES200mN2626200E3457200,1473.8815206345676,40.3810506215771,64.5,173000402,17300
CRS3035RES200mN2626200E3457400,1746.1753419726813,53.97499662480575,86.5,173000402,17300
CRS3035RES200mN2626200E3457600,1484.6138758603568,90.39562693632527,144,173000402,17300
CRS3035RES200mN2626200E3457800,1577.32778861838,178.01982966110452,288,173000402,17300
CRS3035RES200mN2626200E3458000,1878.3716469587769,95.2688837080016,153.5,173000402,17300
CRS3035RES200mN2626200E3458200,2286.598094310594,32.05515814270845,51,173000402,17300
CRS3035RES200mN2626200E3458400,2020.6181330787795,43.462251258578455,69.5,173000403,17300
CRS3035RES200mN2626200E3458600,2076.535624341163,88.49304450233583,142,173000403,17300
CRS3035RES200mN2626200E3458800,2983.6102869987917,18.049000801878535,29,173000401,17300
CRS3035RES200mN2626200E3459000,3310.713683627925,2.3337032951379975,3.7,173000401,17300
CRS3035RES200mN2626200E3459200,2972.331563093865,81.67582686935886,129.5,173000601,17300
CRS3035RES200mN2626200E3459400,3182.535172702111,55.0656794385393,88,173000601,17300
CRS3035RES200mN2626200E3459600,3099.3544426601898,41.789340551943525,66,173000601,17300
CRS3035RES200mN2626200E3459800,3032.0852702638426,75.84051601252388,120,173000501,17300
CRS3035RES200mN2626200E3460000,2656.951351375759,75.46276516361938,120,173000505,17300
CRS3035RES200mN2626200E3460200,2282.0407247365106,269.5923692250669,436.5,173000505,17300
CRS3035RES200mN2626200E3460400,2831.6891205208235,103.71248937332952,169,173000601,17300
CRS3035RES200mN2626200E3460600,3025.938807643423,53.12691726965028,85,173000602,17300
CRS3035RES200mN2626200E3460800,3106.998782346388,39.233373388304315,63.5,173000602,17300
CRS3035RES200mN2626200E3461000,3173.549689108635,66.04791589091656,105,173000602,17300
CRS3035RES200mN2626200E3461200,2866.1239489294803,76.30169748021974,121.5,173000602,17300
CRS3035RES200mN2626200E3461400,2723.6958327847788,58.37203877164984,94,173000602,17300
CRS3035RES200mN2626200E3461600,2845.089493347713,62.68579465184101,100.5,173000603,17300
CRS3035RES200mN2626200E3461800,2560.83877387777,79.38919898129636,126,173000603,17300
CRS3035RES200mN2626200E3462000,3289.377860290913,34.86805179477877,56,173000603,17300
CRS3035RES200mN2626200E3462200,3588.2983852168863,11.342019349357168,18,173000603,17300
CRS3035RES200mN2626200E3462600,3356.4917510495975,40.52299689882412,64,173000701,17300
CRS3035RES200mN2626200E3462800,3618.4575796476092,21.8444280157742,34.5,173000702,17300
CRS3035RES200mN2626200E3463000,3824.9042776048286,75.98061918525576,120,173000702,17300
CRS3035RES200mN2626200E3463200,3908.2522185843413,61.417667174732664,97,173000702,17300
CRS3035RES200mN2626200E3463400,4345.19131289475,22.161013929032954,35,173000702,17300
CRS3035RES200mN2626200E3463600,3904.236416421732,24.06052940867019,38,173000703,17300
CRS3035RES200mN2626200E3463800,4137.120005589559,42.42251237845735,67,173000703,17300
CRS3035RES200mN2626200E3464000,4444.590721893849,29.125904021050356,46,173000703,17300
CRS3035RES200mN2626200E3464200,4168.993607586381,45.58837151120216,72,173000703,17300
CRS3035RES200mN2626200E3464400,4294.832999748885,81.6791656242403,129,173000703,17300
CRS3035RES200mN2626200E3464600,3930.459314157636,43.43299007583688,70,172910000,17291
CRS3035RES200mN2626200E3465600,3866.9384262488866,19.422702902947062,31.4,172910000,17291
CRS3035RES200mN2626200E3465800,4401.995434508284,96.54545968736454,136,172740101,17274
CRS3035RES200mN2626200E3466000,5247.284101455541,31.644035626679266,51,172910000,17291
CRS3035RES200mN2626200E3466600,5480.458108984876,0.7210100123657724,1,172740101,17274
CRS3035RES200mN2626200E3466800,5394.543750324424,39.564614631372294,62,171420000,17142
CRS3035RES200mN2626200E3467000,5183.999169905869,41.87944983242205,65,171420000,17142
CRS3035RES200mN2626200E3467200,6049.233240372523,2.4922491413709458,3.8,171420000,17142
CRS3035RES200mN2626200E3467400,5506.867197246293,2.106966456819805,3.2,171420000,17142
CRS3035RES200mN2626200E3469600,5497.136794066317,3.1278027254698118,4.9,171420000,17142
CRS3035RES200mN2626200E3469800,5973.2432347922095,3.0462537497640807,4.699999999999999,171420000,17142
CRS3035RES200mN2626200E3470000,6350.936867481844,18.818259249962832,29,171420000,17142
CRS3035RES200mN2626200E3470200,6023.994155099905,19.659341242671417,31,171420000,17142
CRS3035RES200mN2626200E3470400,6290.451165681721,35.50619133357807,55,171420000,17142
CRS3035RES200mN2626200E3470600,6666.907941683595,19.797036357138865,30.5,171420000,17142
CRS3035RES200mN2626200E3470800,7955.251654878183,1.024641008824333,1.4,174070000,17407
CRS3035RES200mN2626200E3471800,7605.561875873285,2.707979809058247,3.7,174070000,17407
CRS3035RES200mN2626200E3473000,8107.900232987049,1.4580550069887608,2,174070000,17407
CRS3035RES200mN2626200E3473200,7841.412500214398,4.28572953941569,5.9,174070000,17407
CRS3035RES200mN2626200E3473400,7854.138286916749,17.45121681209337,24,174070000,17407
CRS3035RES200mN2626200E3473600,8070.937033570591,31.348182650257574,43,174070000,17407
CRS3035RES200mN2626200E3473800,8376.745184395188,27.77427320229773,38,174070000,17407
CRS3035RES200mN2626200E3474000,8123.540181180185,32.31298702859526,44.5,174070000,17407
CRS3035RES200mN2626200E3475200,9155.724948710507,2.9275457389245303,4,174070000,17407
CRS3035RES200mN2626200E3481400,12693.992249321009,3.2624351834069483,4.5,173960000,17396
CRS3035RES200mN2626200E3487800,14242.635840365047,0.94495698829152,1.2,170410000,17041
CRS3035RES200mN2626200E3488000,12294.632435327492,11.10324461252647,14.100000000000001,170410000,17041
CRS3035RES200mN2626200E3488200,12184.23846566052,43.31052863042079,55,170410000,17041
CRS3035RES200mN2626200E3488400,12182.369585785782,12.599426510668374,16,170410000,17041
CRS3035RES200mN2626200E3488600,11923.528752012622,3.386095874740911,4.3,170410000,17041
CRS3035RES200mN2626200E3488800,12124.209950295992,11.969455185131498,15.2,170410000,17041
CRS3035RES200mN2626200E3493400,16075.405816473927,1.716692556379099,2.4000000000000004,172010000,17201
CRS3035RES200mN2626200E3497200,14966.133164859113,13.966096305595187,21.5,171320000,17132
CRS3035RES200mN2626200E3497400,14993.268525609437,26.633020861814504,41,171320000,17132
CRS3035RES200mN2626200E3497600,15090.10740329649,4.2872667728685645,6.6000000000000005,171320000,17132
CRS3035RES200mN2626400E3457200,1955.0003005695785,16.462467489776504,26,173000402,17300
CRS3035RES200mN2626400E3457400,3160.1522540379137,13.296608357437636,21,173000402,17300
CRS3035RES200mN2626400E3457600,1791.181098415839,34.117810872237385,54,173000402,17300
CRS3035RES200mN2626400E3457800,2078.1142053448834,38.99483465955556,63,173000402,17300
CRS3035RES200mN2626400E3458000,1774.7553703810281,64.11026166286328,102,173000402,17300
CRS3035RES200mN2626400E3458200,2753.012112629185,65.21669813399443,103,173000402,17300
CRS3035RES200mN2626400E3458400,1990.012762575042,139.21395494945097,223,173000403,17300
CRS3035RES200mN2626400E3458600,2190.7227181253775,63.13186013241963,102,173000403,17300
CRS3035RES200mN2626400E3458800,2836.273679918327,55.08594890937664,87,173000403,17300
CRS3035RES200mN2626400E3459000,2278.524788291327,65.6311597174847,106,173000403,17300
CRS3035RES200mN2626400E3459200,2741.8540567894975,37.19172859874736,60,173000403,17300
CRS3035RES200mN2626400E3459400,2894.3029741276205,69.78130947646397,112,173000501,17300
CRS3035RES200mN2626400E3459600,2920.5236921686715,36.58113284157207,58,173000501,17300
CRS3035RES200mN2626400E3460000,2984.612643579548,109.04085754911792,175,173000505,17300
CRS3035RES200mN2626400E3460200,2532.71742668768,146.81687092050686,234,173000505,17300
CRS3035RES200mN2626400E3460400,2620.5435826420758,295.13425186327174,482.5,173000503,17300
CRS3035RES200mN2626400E3460600,2501.6375836716356,138.60586700346556,223,173000503,17300
CRS3035RES200mN2626400E3460800,3127.5430861444493,84.6435717931714,136,173000602,17300
CRS3035RES200mN2626400E3461000,2776.076038928587,35.811008328659774,57,173000602,17300
CRS3035RES200mN2626400E3461200,2892.5755081372263,131.69792489656913,211,173000602,17300
CRS3035RES200mN2626400E3461400,3220.074448855946,75.09130049023749,120,173000602,17300
CRS3035RES200mN2626400E3461600,3179.0319256197336,68.39595022442468,109.5,173000603,17300
CRS3035RES200mN2626400E3461800,3484.9246156756476,81.39829373253558,130.5,173000603,17300
CRS3035RES200mN2626400E3462000,3496.5800037998333,47.72756017603331,77,173000603,17300
CRS3035RES200mN2626400E3462200,3146.006049080979,47.78916226262907,76,173000603,17300
CRS3035RES200mN2626400E3462600,3621.3439865236383,45.58837151112257,72,173000701,17300
CRS3035RES200mN2626400E3462800,4535.401537895352,32.92493498019025,52,173000702,17300
CRS3035RES200mN2626400E3463000,4061.8154875055625,50.02057429687815,79,173000702,17300
CRS3035RES200mN2626400E3463200,3789.4628831635814,93.07625850185615,147,173000702,17300
CRS3035RES200mN2626400E3463400,4138.408407513241,57.61863621546645,91,173000702,17300
CRS3035RES200mN2626400E3463600,3981.856901246902,31.658591327214296,50,173000703,17300
CRS3035RES200mN2626400E3463800,3770.7392072396888,12.663436530884168,20,173000703,17300
CRS3035RES200mN2626400E3464000,4645.008732254841,17.728811143227343,28,173000703,17300
CRS3035RES200mN2626400E3464200,4199.836900313615,32.9249349803159,52,173000703,17300
CRS3035RES200mN2626400E3464400,4706.894076906065,22.957437611513303,37,172910000,17291
CRS3035RES200mN2626400E3464600,4131.900885928618,14.270839596341215,23,172910000,17291
CRS3035RES200mN2626400E3465400,3802.346547586049,0.7445655441571997,1.2000000000000002,172910000,17291
CRS3035RES200mN2626400E3466600,5930.061154632118,1.7119102464055294,2.6,171420000,17142
CRS3035RES200mN2626400E3466800,5349.824125902325,14.428810817093103,22,171420000,17142
CRS3035RES200mN2626400E3467000,5379.964853141364,31.018965305251108,48,171420000,17142
CRS3035RES200mN2626400E3467200,6005.229928804989,14.588275579998298,22.3,171420000,17142
CRS3035RES200mN2626400E3470000,5669.340801561611,0.916233890698794,1.4,171420000,17142
CRS3035RES200mN2626400E3470200,6519.5442167599995,5.040275092406159,7.8,171420000,17142
CRS3035RES200mN2626400E3470400,6853.428154021378,17.938310964239335,28,171420000,17142
CRS3035RES200mN2626400E3470600,6840.342153503898,22.456875805445243,35,171420000,17142
CRS3035RES200mN2626400E3470800,7803.303734980491,22.559355345456964,31,174070000,17407
CRS3035RES200mN2626400E3472400,8147.406720452493,21.14018977611038,29,174070000,17407
CRS3035RES200mN2626400E3472600,7900.720184987157,32.8673500150604,45,174070000,17407
CRS3035RES200mN2626400E3472800,8059.832948034897,2.3147576974430004,3.2,174070000,17407
CRS3035RES200mN2626400E3473200,7965.37558366895,10.573108965690738,14.499999999999998,174070000,17407
CRS3035RES200mN2626400E3473400,7796.74537493051,50.74479040502679,70,174070000,17407
CRS3035RES200mN2626400E3473600,8275.985806135322,45.60356306943623,63,174070000,17407
CRS3035RES200mN2626400E3473800,8512.074606653865,12.335769431928133,17,174070000,17407
CRS3035RES200mN2626400E3474000,8215.046281970152,12.617145959001466,17.3,174070000,17407
CRS3035RES200mN2626400E3477000,10112.29269339165,10.661962642169037,14.4,174660000,17466
CRS3035RES200mN2626400E3477200,10491.005119630685,12.158969224638945,16.4,174660000,17466
CRS3035RES200mN2626400E3487800,12351.47721078935,1.4174354824501956,1.7999999999999998,170410000,17041
CRS3035RES200mN2626400E3488000,12199.82703651483,27.56124549208675,35,170410000,17041
CRS3035RES200mN2626400E3488200,12083.187253304952,16.53674729525249,21,170410000,17041
CRS3035RES200mN2626400E3488400,12183.101652309007,48.03531357192027,61,170410000,17041
CRS3035RES200mN2626400E3488600,11737.754776595546,37.01081537507632,47,170410000,17041
CRS3035RES200mN2626400E3488800,11595.76221754224,15.74928313832334,20,170410000,17041
CRS3035RES200mN2626400E3495600,13241.861909261183,1.23421316170795,1.9,171320000,17132
CRS3035RES200mN2626400E3497000,14746.6626545771,1.4290889242237996,2.2,171320000,17132
CRS3035RES200mN2626400E3497200,14928.490631943387,14.94047511755438,23,171320000,17132
CRS3035RES200mN2626400E3497400,15221.154864182703,4.287266772883203,6.6000000000000005,171320000,17132
CRS3035RES200mN2626600E3458000,3206.7066231061203,8.294550927734175,13.1,173000402,17300
CRS3035RES200mN2626600E3458200,3099.460001630714,18.995154796333228,30,173000402,17300
CRS3035RES200mN2626600E3458400,3003.472581888685,70.28207274643243,111,173000403,17300
CRS3035RES200mN2626600E3458600,1960.7349446794449,59.684774802282426,95,173000403,17300
CRS3035RES200mN2626600E3458800,2189.936751031882,92.34713563507447,148,173000403,17300
CRS3035RES200mN2626600E3459000,2657.71454597338,44.61718229270604,71,173000403,17300
CRS3035RES200mN2626600E3459200,3143.997442174777,51.6441413850207,83,173000403,17300
CRS3035RES200mN2626600E3459400,2960.339593850609,40.67104068246621,65,173000501,17300
CRS3035RES200mN2626600E3459600,3034.9030975636347,171.00592893129675,274,173000501,17300
CRS3035RES200mN2626600E3459800,2824.1083493793494,34.968224600678624,56,173000504,17300
CRS3035RES200mN2626600E3460000,2580.8275129379767,253.5729648092674,409.5,173000504,17300
CRS3035RES200mN2626600E3460200,2880.3130914689914,116.2385107550037,187,173000504,17300
CRS3035RES200mN2626600E3460400,3193.3399038323555,406.7911078516779,660.5,173000503,17300
CRS3035RES200mN2626600E3460600,3070.783599947373,171.70818513119798,279,173000503,17300
CRS3035RES200mN2626600E3460800,3061.0829486431853,131.83122966396348,212,173000503,17300
CRS3035RES200mN2626600E3461000,3442.0314125405253,32.512480116468055,53,172000103,17200
CRS3035RES200mN2626600E3461200,2733.3636939168923,28.935675785868728,48,172000103,17200
CRS3035RES200mN2626600E3461400,2853.4229432481716,60.666094460226255,97,173000602,17300
CRS3035RES200mN2626600E3461600,3159.8091630295103,71.98534724952363,116,173000603,17300
CRS3035RES200mN2626600E3461800,3347.0758159248758,65.20267027591706,105,173000603,17300
CRS3035RES200mN2626600E3462000,3243.06044126238,62.46947355203843,99.5,173000603,17300
CRS3035RES200mN2626600E3462200,3759.178006780444,72.81226208097793,117,173000603,17300
CRS3035RES200mN2626600E3462400,3598.2850350748963,32.829142486181524,53,173000603,17300
CRS3035RES200mN2626600E3462600,3744.0132707530647,37.67372367934488,59.5,173000701,17300
CRS3035RES200mN2626600E3462800,4051.8273408274117,55.719120735810854,88,173000701,17300
CRS3035RES200mN2626600E3463000,4493.686334609339,89.27722754248221,141,173000702,17300
CRS3035RES200mN2626600E3463200,3988.7198901119737,62.05083900123838,98,173000702,17300
CRS3035RES200mN2626600E3463400,4216.684379501855,26.593216714828447,42,173000702,17300
CRS3035RES200mN2626600E3463600,4098.936779822573,3.7357137766105577,5.9,173000703,17300
CRS3035RES200mN2626600E3464200,4412.659141366852,4.591487522302373,7.4,172910000,17291
CRS3035RES200mN2626600E3464400,4642.093019278992,1.5511782169940733,2.5,172910000,17291
CRS3035RES200mN2626600E3464600,3663.039547564306,6.621202165883976,10.7,172910000,17291
CRS3035RES200mN2626600E3466800,5726.499822285781,0.6584270178482716,1,171420000,17142
CRS3035RES200mN2626600E3467000,5413.269939234431,25.870576252242074,40,171420000,17142
CRS3035RES200mN2626600E3467200,5522.082827315191,1.241644653096038,1.9000000000000001,171420000,17142
CRS3035RES200mN2626600E3469200,5539.478933778338,2.853844817257265,4.3999999999999995,171420000,17142
CRS3035RES200mN2626600E3469400,6226.4585319338275,9.075794858399187,14.200000000000001,171420000,17142
CRS3035RES200mN2626600E3469600,6208.6375826125995,14.190260614633408,22.5,171420000,17142
CRS3035RES200mN2626600E3470400,6944.360150562283,16.921215265897292,26,171420000,17142
CRS3035RES200mN2626600E3470600,6910.752221005762,21.80595145153247,34,171420000,17142
CRS3035RES200mN2626600E3470800,7997.680914835229,24.784297445486384,34,174070000,17407
CRS3035RES200mN2626600E3471000,7993.759552517676,7.24567570515877,9.9,174070000,17407
CRS3035RES200mN2626600E3472400,8243.772132853182,1.2393914111435782,1.6999999999999997,174070000,17407
CRS3035RES200mN2626600E3472600,7951.792699458447,33.60262709088332,46,174070000,17407
CRS3035RES200mN2626600E3472800,7662.33562508799,21.956593046417783,30,174070000,17407
CRS3035RES200mN2626600E3473000,7885.711150980455,37.7456144914906,52,174070000,17407
CRS3035RES200mN2626600E3473200,8059.999731664724,8.049381872143327,11,174070000,17407
CRS3035RES200mN2626600E3473400,7841.932033545081,17.536499248561874,24,174070000,17407
CRS3035RES200mN2626600E3473600,8046.9899852118215,21.62223015181313,30,174070000,17407
CRS3035RES200mN2626600E3473800,8526.606154114697,13.690621492169058,19,174070000,17407
CRS3035RES200mN2626600E3476600,10071.169794347012,14.086610686745447,19,174660000,17466
CRS3035RES200mN2626600E3476800,10328.299662328256,15.569411812082004,21,174660000,17466
CRS3035RES200mN2626600E3477000,10228.507089027633,22.146422627684196,30,174660000,17466
CRS3035RES200mN2626600E3477200,10479.508120960754,50.2026153269916,68,174660000,17466
CRS3035RES200mN2626600E3477400,10357.600208328899,1.9201116129770535,2.6,174660000,17466
CRS3035RES200mN2626600E3478800,11821.821691812705,2.084861917968355,2.4000000000000004,170090000,17009
CRS3035RES200mN2626600E3486600,13840.970744206348,0.9449569882420886,1.2,170410000,17041
CRS3035RES200mN2626600E3488000,13400.558433407738,11.103244612098038,14.100000000000001,170410000,17041
CRS3035RES200mN2626600E3488200,11656.450222338231,40.94813615967175,52,170410000,17041
CRS3035RES200mN2626600E3488400,12328.050231439118,19.686603922919293,25,170410000,17041
CRS3035RES200mN2626600E3488600,11956.361378832202,2.9136173805919654,3.7,170410000,17041
CRS3035RES200mN2626600E3488800,13432.233575647899,5.2760098506425575,6.700000000000001,170410000,17041
CRS3035RES200mN2626600E3493000,14031.926717233246,17.166925561181632,24,172010000,17201
CRS3035RES200mN2626600E3493200,13947.551538795751,13.590482735111333,19,172010000,17201
CRS3035RES200mN2626600E3493400,13935.609863967678,14.305771300467914,20,172010000,17201
CRS3035RES200mN2626600E3493600,14039.192259530839,1.5736348431026748,2.2,172010000,17201
CRS3035RES200mN2626600E3495400,13021.853571852209,4.092391009959308,6.300000000000001,171320000,17132
CRS3035RES200mN2626600E3496000,13546.72183075147,0.9743788118777036,1.5,171320000,17132
CRS3035RES200mN2626600E3496600,13807.516580328882,0.3247929372716869,0.5,171320000,17132
CRS3035RES200mN2626800E3458000,3519.619486903353,0.5065374612357093,0.8,173000403,17300
CRS3035RES200mN2626800E3458400,3209.97026004848,3.0392247674142587,4.8,173000403,17300
CRS3035RES200mN2626800E3458600,2129.198943022231,131.5360507443777,211,173000403,17300
CRS3035RES200mN2626800E3458800,2374.7933772735946,57.325500939024415,92.5,173000403,17300
CRS3035RES200mN2626800E3459000,2881.318970381873,22.52706639128401,36,173000403,17300
CRS3035RES200mN2626800E3459200,3074.2862908083644,89.3799963783916,144.5,173000403,17300
CRS3035RES200mN2626800E3459400,3493.111047309498,43.45779355132054,69,173000403,17300
CRS3035RES200mN2626800E3459600,3574.9651601239602,79.85006852605049,128,173000501,17300
CRS3035RES200mN2626800E3459800,3437.951511380191,54.733937757722686,88,173000501,17300
CRS3035RES200mN2626800E3460000,3331.4455003040885,108.45522022623454,177,173000504,17300
CRS3035RES200mN2626800E3460200,3194.167260048289,89.26456506506626,141.5,173000504,17300
CRS3035RES200mN2626800E3460400,2950.8208800312486,143.4301582562499,231.5,173000502,17300
CRS3035RES200mN2626800E3460600,3866.5349983648102,41.472754638544686,65.5,173000503,17300
CRS3035RES200mN2626800E3460800,2857.962385972862,95.6391420690908,159,172000103,17200
CRS3035RES200mN2626800E3461000,2845.870213560109,5.86806390683892,9.8,172000103,17200
CRS3035RES200mN2626800E3461200,3068.358351638693,1.3069952329417007,2.2,172000103,17200
CRS3035RES200mN2626800E3461400,2718.0843978148055,50.32931004107759,84,172000103,17200
CRS3035RES200mN2626800E3461600,3130.2075615488957,38.16184584509985,64,172000103,17200
CRS3035RES200mN2626800E3461800,3621.479220430352,55.003712038208675,88,173000603,17300
CRS3035RES200mN2626800E3462000,3370.312980712115,53.8414977142388,86,173000603,17300
CRS3035RES200mN2626800E3462200,3493.8374974195476,64.56158018632901,103,173000603,17300
CRS3035RES200mN2626800E3462400,3522.6310081879255,75.54183519328285,120,173000603,17300
CRS3035RES200mN2626800E3462600,3342.2318525000696,13.728739319385268,22,173000701,17300
CRS3035RES200mN2626800E3462800,3388.931101803882,22.765202931967245,36,173000701,17300
CRS3035RES200mN2626800E3463000,3679.8406771707832,25.96004488822134,41,173000701,17300
CRS3035RES200mN2626800E3463200,3946.3610606695042,27.8595603678773,44,173000702,17300
CRS3035RES200mN2626800E3463400,4695.776217740108,52.869847516226265,83.5,173000702,17300
CRS3035RES200mN2626800E3463600,4665.107406913844,10.130749224680494,16,173000703,17300
CRS3035RES200mN2626800E3463800,4729.901866042428,4.6221543337719595,7.300000000000001,173000703,17300
CRS3035RES200mN2626800E3464000,4121.674128784527,3.9089691068250207,6.3,172910000,17291
CRS3035RES200mN2626800E3465400,3568.3149976922523,1.5511782169940649,2.5,172910000,17291
CRS3035RES200mN2626800E3465800,4279.029517799264,27.300736619092866,44,172910000,17291
CRS3035RES200mN2626800E3466600,5615.130795607601,9.555257816681472,15.4,172910000,17291
CRS3035RES200mN2626800E3466800,6071.320809298072,2.5439322758692806,4.1000000000000005,172910000,17291
CRS3035RES200mN2626800E3467000,6420.053376003706,1.251011333911317,1.9000000000000001,172910000,17142
CRS3035RES200mN2626800E3467400,5811.557644125633,1.2417754352512882,1.9000000000000001,171420000,17142
CRS3035RES200mN2626800E3469200,5446.715558115683,34.299530801356845,54,171420000,17142
CRS3035RES200mN2626800E3469400,5569.085676655272,60.394049325762914,95.5,171420000,17142
CRS3035RES200mN2626800E3469600,5812.424375773746,69.84472018923873,109.5,171420000,17142
CRS3035RES200mN2626800E3469800,5864.880419579758,1.8147894679444387,2.8,171420000,17142
CRS3035RES200mN2626800E3470600,6906.342691561376,18.079239130274683,28,171420000,17142
CRS3035RES200mN2626800E3470800,7795.118564575921,42.905468790741466,59,174070000,17407
CRS3035RES200mN2626800E3471000,7811.913293932015,13.173955827378167,18,174070000,17407
CRS3035RES200mN2626800E3471200,8071.919968402086,9.29495772290488,12.7,174070000,17407
CRS3035RES200mN2626800E3472600,8092.20295919343,22.761668119543106,31.1,174070000,17407
CRS3035RES200mN2626800E3472800,8249.483917522806,26.162802823141448,36,174070000,17407
CRS3035RES200mN2626800E3473000,7790.480290232137,53.79558560931792,74,174070000,17407
CRS3035RES200mN2626800E3473200,8107.091275630805,32.806237657242576,45,174070000,17407
CRS3035RES200mN2626800E3473400,8123.803558997558,1.902904730689633,2.6,174070000,17407
CRS3035RES200mN2626800E3473600,8099.586157209527,0.43913186092830525,0.6,174070000,17407
CRS3035RES200mN2626800E3476600,10215.811169745195,9.415787143466698,12.7,174660000,17466
CRS3035RES200mN2626800E3476800,10250.19391126664,46.99904983295116,63.5,174660000,17466
CRS3035RES200mN2626800E3477000,10584.929684014012,40.3480316884172,55,174660000,17466
CRS3035RES200mN2626800E3477200,10580.943181034803,65.03235789633575,88,174660000,17466
CRS3035RES200mN2626800E3477400,10442.84710126409,5.857064443591166,7.8999999999999995,174660000,17466
CRS3035RES200mN2626800E3478800,11553.837113792222,0.5191794815253281,0.6000000000000001,170090000,17009
CRS3035RES200mN2626800E3480800,12385.532418337394,0.94248127520645,1.3,173960000,17396
CRS3035RES200mN2626800E3487800,13286.266378172171,5.512249098208309,7,170410000,17041
CRS3035RES200mN2626800E3488000,13318.481204637363,20.4740680791009,26,170410000,17041
CRS3035RES200mN2626800E3488200,13740.59006833514,2.6773781334124127,3.4000000000000004,170410000,17041
CRS3035RES200mN2626800E3488600,13810.177744202545,0.9449569882629412,1.2,170410000,17041
CRS3035RES200mN2626800E3488800,11941.39392956059,3.3860958747421495,4.3,170410000,17041
CRS3035RES200mN2626800E3490200,14252.845941494701,2.519885302075804,3.2,170410000,17041
CRS3035RES200mN2626800E3492600,14090.698567186628,0.4291731390232419,0.6,172010000,17201
CRS3035RES200mN2626800E3492800,13854.738366502892,8.726520493466921,12.2,172010000,17201
CRS3035RES200mN2626800E3493000,14011.62022451869,17.166925561575177,24,172010000,17201
CRS3035RES200mN2626800E3493200,13979.283688271145,17.166925562001346,24,172010000,17201
CRS3035RES200mN2626800E3493400,13886.212649867624,3.1472696862213376,4.4,172010000,17201
CRS3035RES200mN2626800E3495400,13366.627548771847,0.7795030494883112,1.2,171320000,17132
CRS3035RES200mN2626800E3495800,12892.137509662729,2.4684263233195334,3.8,171320000,17132
CRS3035RES200mN2626800E3496000,13246.871132492848,6.755693095654022,10.399999999999999,171320000,17132
CRS3035RES200mN2626800E3496200,13837.421715888007,0.9743788118479749,1.5,171320000,17132
CRS3035RES200mN2626800E3498000,15836.382309976792,1.5590060992639347,2.4000000000000004,171320000,17132
CRS3035RES200mN2627000E3458200,3299.018537699056,8.104599379768777,12.8,173000403,17300
CRS3035RES200mN2627000E3458400,3060.0645182428784,13.296608357435575,21,173000403,17300
CRS3035RES200mN2627000E3458600,3162.611004062716,74.0811037057239,117,173000403,17300
CRS3035RES200mN2627000E3458800,3430.465748786944,62.05083900137916,98,173000403,17300
CRS3035RES200mN2627000E3459000,2748.457684994102,33.00632888794814,53,173000403,17300
CRS3035RES200mN2627000E3459200,3076.275933411371,10.484636382016484,16.700000000000003,173000403,17300
CRS3035RES200mN2627000E3459800,4264.649631227134,5.510804044621742,8.799999999999999,173000403,17300
CRS3035RES200mN2627000E3460000,4047.1322481105944,14.374539412025362,23,173000403,17300
CRS3035RES200mN2627000E3460200,3638.2151823576664,13.664650083955708,22,173000501,17300
CRS3035RES200mN2627000E3460400,3411.4137724076463,26.4959760677683,42,173000503,17300
CRS3035RES200mN2627000E3460600,3921.5863061037116,0.25326873061507976,0.4,173000503,17300
CRS3035RES200mN2627000E3461400,3125.3160384209227,9.482214023740065,16,172000103,17200
CRS3035RES200mN2627000E3461600,2774.335441696719,37.45664302245356,64.5,172000103,17200
CRS3035RES200mN2627000E3461800,2870.818977646856,49.235031091281755,83,172000103,17200
CRS3035RES200mN2627000E3462000,2956.4150623326436,45.54890519937364,76,172000102,17200
CRS3035RES200mN2627000E3462200,2814.066339118666,79.67455065725228,132,172000102,17200
CRS3035RES200mN2627000E3462400,3604.758497094009,44.794367522866644,72,173000603,17300
CRS3035RES200mN2627000E3462600,3585.316959613862,13.875366980108293,22,173000701,17300
CRS3035RES200mN2627000E3462800,3272.497377958614,25.866965795140377,41,173000701,17300
CRS3035RES200mN2627000E3463000,3686.9663032088056,49.935273836549705,80,173000701,17300
CRS3035RES200mN2627000E3463200,3949.8890229445515,37.377864848782046,60,173000701,17300
CRS3035RES200mN2627000E3463400,3832.8880236040404,14.473876343781754,23,173000701,17300
CRS3035RES200mN2627000E3463600,4668.259957443909,22.406864264598806,35.5,173000701,17300
CRS3035RES200mN2627000E3463800,4220.237417739067,51.19122338218863,86,172910000,17291
CRS3035RES200mN2627000E3464000,4604.119808165765,32.204677607689575,53,172910000,17291
CRS3035RES200mN2627000E3464200,4176.338866912901,6.066547298838191,10,172910000,17291
CRS3035RES200mN2627000E3465400,4232.006505563657,35.95299232810676,58,172910000,17291
CRS3035RES200mN2627000E3465800,4924.819632585417,9.182975044605548,14.8,172910000,17291
CRS3035RES200mN2627000E3466200,4399.765248252138,4.219204750223855,6.8,172910000,17291
CRS3035RES200mN2627000E3466400,4797.894201305686,27.300736619096728,44,172910000,17291
CRS3035RES200mN2627000E3466600,4779.705339501102,22.33696632471533,36,172910000,17291
CRS3035RES200mN2627000E3466800,5576.959052111453,17.373196030331314,28,172910000,17291
CRS3035RES200mN2627000E3467000,5671.856994830537,3.412592077386036,5.5,172910000,17291
CRS3035RES200mN2627000E3468800,5630.506330189162,1.4837501700896227,2.3000000000000003,171420000,17142
CRS3035RES200mN2627000E3469000,5381.510601451184,32.29092725001952,51,171420000,17142
CRS3035RES200mN2627000E3469200,5448.5785768624655,40.09315887670977,64,171420000,17142
CRS3035RES200mN2627000E3469400,5788.06214647718,45.27924325472475,70.5,171420000,17142
CRS3035RES200mN2627000E3469600,5814.321225381906,46.01080363278758,72,171420000,17142
CRS3035RES200mN2627000E3469800,6566.307509437764,48.06517230290094,73,171420000,17142
CRS3035RES200mN2627000E3470000,6687.955701751082,1.5143821410463518,2.3000000000000003,171420000,17142
CRS3035RES200mN2627000E3470200,6898.754985691083,0.39351302238587765,0.6000000000000001,171420000,17142
CRS3035RES200mN2627000E3470400,7109.710557960883,16.598853589845007,26,171420000,17142
CRS3035RES200mN2627000E3470600,8056.912669932808,41.622987965152596,57,174070000,17407
CRS3035RES200mN2627000E3470800,7886.020727207762,0.8748330041101594,1.2000000000000002,174070000,17407
CRS3035RES200mN2627000E3471000,7714.975894816127,7.320469601704356,10.2,174070000,17407
CRS3035RES200mN2627000E3471200,8063.485145771431,16.074093982168264,22,174070000,17407
CRS3035RES200mN2627000E3471600,8250.043518285947,3.657784548024634,5,174070000,17407
CRS3035RES200mN2627000E3472400,7938.173001769812,0.9514523653447469,1.3,174070000,17407
CRS3035RES200mN2627000E3472600,7881.73248099353,37.9891685257378,52,174070000,17407
CRS3035RES200mN2627000E3472800,7821.227636733779,53.42770974628316,73,174070000,17407
CRS3035RES200mN2627000E3473000,8008.721355504774,38.70087197636084,53,174070000,17407
CRS3035RES200mN2627000E3473200,7948.434399112606,41.68377895313206,57,174070000,17407
CRS3035RES200mN2627000E3473400,8717.97699627824,4.155602741699678,5.699999999999999,174070000,17407
CRS3035RES200mN2627000E3473800,8591.149152289148,1.976093374177555,2.6999999999999997,174070000,17407
CRS3035RES200mN2627000E3476400,9955.319049726135,2.520761912391219,3.4000000000000004,174660000,17466
CRS3035RES200mN2627000E3476600,10057.083377587966,22.2021295433289,30,174660000,17466
CRS3035RES200mN2627000E3476800,9964.71938197641,29.2456506586379,39.5,174660000,17466
CRS3035RES200mN2627000E3477000,10191.127492115696,43.93262098852053,59.5,174660000,17466
CRS3035RES200mN2627000E3477200,10325.342448452222,17.97273632641642,24.299999999999997,174660000,17466
CRS3035RES200mN2627000E3477400,10886.648601259734,3.4735548149698503,4.699999999999999,174660000,17466
CRS3035RES200mN2627000E3478600,11552.172827230834,2.6824273212141736,3.1,170090000,17009
CRS3035RES200mN2627000E3478800,11448.03581538765,3.634256370677272,4.2,170090000,17009
CRS3035RES200mN2627000E3487800,13384.227322507075,22.836460550376597,29,170410000,17041
CRS3035RES200mN2627000E3488000,11725.786856232411,31.498566276670026,40,170410000,17041
CRS3035RES200mN2627000E3492600,13852.064653940455,10.514741906711127,14.7,172010000,17201
CRS3035RES200mN2627000E3492800,13951.59233562419,3.8625582514665284,5.4,172010000,17201
CRS3035RES200mN2627000E3493000,14073.080714190633,39.34087107726132,55,172010000,17201
CRS3035RES200mN2627000E3493200,13912.284664337372,21.45865695097176,30,172010000,17201
CRS3035RES200mN2627000E3493400,13982.413342321173,4.291731389954529,6,172010000,17201
CRS3035RES200mN2627000E3495600,13240.073218114421,10.588249755327375,16.3,171320000,17132
CRS3035RES200mN2627000E3495800,13345.263828730238,26.633020858095158,41,171320000,17132
CRS3035RES200mN2627000E3496000,13438.857009850371,14.290889240428596,22,171320000,17132
CRS3035RES200mN2627000E3496200,13332.463073525729,0.3247929372832016,0.5,171320000,17132
CRS3035RES200mN2627000E3497400,15272.215208671509,0.3247929373466605,0.5,171320000,17132
CRS3035RES200mN2627000E3497600,15250.152482341562,0.3247929373466514,0.5,171320000,17132
CRS3035RES200mN2627200E3457600,3883.812680234269,1.6462467490162107,2.6,173000403,17300
CRS3035RES200mN2627200E3458200,4411.150008842344,1.3296608357437605,2.1,173000403,17300
CRS3035RES200mN2627200E3458400,3920.7621004844195,4.242251237849132,6.699999999999999,173000403,17300
CRS3035RES200mN2627200E3458600,3347.105540113685,11.143824147186574,17.6,173000403,17300
CRS3035RES200mN2627200E3458800,3412.353900237842,17.095639316704492,27,173000403,17300
CRS3035RES200mN2627200E3460600,4197.8627356391535,1.319348469959809,2.0999999999999996,173000403,17300
CRS3035RES200mN2627200E3460800,4138.481314302711,1.5601118421523168,2.5,173000403,17300
CRS3035RES200mN2627200E3461600,3038.8198931481406,20.89015007499665,34.5,172000103,17200
CRS3035RES200mN2627200E3461800,3041.685673960722,33.01808676360439,54,172000103,17200
CRS3035RES200mN2627200E3462000,3183.6690005965893,36.54136832674,61.5,172000102,17200
CRS3035RES200mN2627200E3462200,3123.336512161159,17.50416276640708,29,172000102,17200
CRS3035RES200mN2627200E3462400,2896.6661938185352,12.539410024443228,21,172000102,17200
CRS3035RES200mN2627200E3462600,2877.335604670274,6.124985828260538,10.1,172000102,17200
CRS3035RES200mN2627200E3462800,3336.140173161092,51.17559596110053,83,173000701,17300
CRS3035RES200mN2627200E3463000,3360.1194091482894,20.81269614662512,33,173000701,17300
CRS3035RES200mN2627200E3463200,3896.068506904729,43.61037427945975,70,173000701,17300
CRS3035RES200mN2627200E3463400,3536.127166464633,37.80172648658162,60,173000701,17300
CRS3035RES200mN2627200E3463600,3029.3546689164723,37.28782354090592,61,173000701,17291
CRS3035RES200mN2627200E3463800,4297.154508227603,23.002487613681883,38,172910000,17291
CRS3035RES200mN2627200E3464000,4002.032211377141,35.8565135483044,59.5,172910000,17291
CRS3035RES200mN2627200E3464200,4897.262924144651,5.154425389845068,8.4,172910000,17291
CRS3035RES200mN2627200E3464400,4167.3430677886645,2.0341367931416032,3.3,172910000,17291
CRS3035RES200mN2627200E3464800,4084.2442128293756,65.45127737577374,107,172910000,17291
CRS3035RES200mN2627200E3465000,4345.68765971536,36.432795341430264,59.5,172910000,17291
CRS3035RES200mN2627200E3465200,4687.53557529396,7.83754760932756,13,172910000,17291
CRS3035RES200mN2627200E3465400,4818.053643497959,40.95110492863999,66,172910000,17291
CRS3035RES200mN2627200E3465600,3833.8522908144378,41.88181185884021,67.5,172910000,17291
CRS3035RES200mN2627200E3465800,4461.943635636944,63.28807125336335,102,172910000,17291
CRS3035RES200mN2627200E3466400,4832.580771464414,20.47555246432286,33,172910000,17291
CRS3035RES200mN2627200E3466600,4597.587511896026,68.25184154774479,110,172910000,17291
CRS3035RES200mN2627200E3466800,5313.760083166381,52.740059377789294,85,172910000,17291
CRS3035RES200mN2627200E3467000,6587.581516474549,19.85508117751621,32,172910000,17291
CRS3035RES200mN2627200E3467200,6224.540645733122,7.571910705255538,11.5,171420000,17142
CRS3035RES200mN2627200E3467800,6740.107297163645,3.2262923863993116,4.9,171420000,17142
CRS3035RES200mN2627200E3468000,6835.726091137191,1.5143821410493497,2.3000000000000003,171420000,17142
CRS3035RES200mN2627200E3468400,5748.969317164555,6.784225436603315,10.6,171420000,17142
CRS3035RES200mN2627200E3468600,5191.63736659192,23.606705418364935,37,171420000,17142
CRS3035RES200mN2627200E3468800,6216.491700888987,39.50562107088753,60,171420000,17142
CRS3035RES200mN2627200E3469000,5642.209144675583,31.886603301917784,51,171420000,17142
CRS3035RES200mN2627200E3469200,5431.003605534148,34.323423509972606,54,171420000,17142
CRS3035RES200mN2627200E3469400,6128.630497492211,39.505621070896176,60,171420000,17142
CRS3035RES200mN2627200E3469600,6609.8939303585175,30.287642820983482,46,171420000,17142
CRS3035RES200mN2627200E3469800,6693.95284786158,11.083950130531475,16.9,171420000,17142
CRS3035RES200mN2627200E3470200,7210.6795110763605,5.530786948882963,8.4,171420000,17142
CRS3035RES200mN2627200E3470400,7627.829532457232,32.62213541675894,45,174070000,17407
CRS3035RES200mN2627200E3471200,7767.526691862798,0.8748330041488385,1.2,174070000,17407
CRS3035RES200mN2627200E3471400,7805.576332653524,0.8748330041626822,1.2,174070000,17407
CRS3035RES200mN2627200E3471800,8175.027837689843,0.874833004190278,1.2,174070000,17407
CRS3035RES200mN2627200E3472200,8039.316808550598,0.9477357545425948,1.3,174070000,17407
CRS3035RES200mN2627200E3472400,8065.146902959033,15.309577573380308,21,174070000,17407
CRS3035RES200mN2627200E3472600,8349.66196073899,64.01979346541913,87.5,174070000,17407
CRS3035RES200mN2627200E3472800,7669.846204210307,38.789981048673546,53,174070000,17407
CRS3035RES200mN2627200E3473000,8265.1965719795,42.222551474848835,58,174070000,17407
CRS3035RES200mN2627200E3473200,8406.079787973891,7.274041742511999,9.999999999999998,174070000,17407
CRS3035RES200mN2627200E3476400,10025.474978309421,9.910376616841317,13.4,174660000,17466
CRS3035RES200mN2627200E3476600,10205.585670159327,7.103540242895352,9.6,174660000,17466
CRS3035RES200mN2627200E3478000,11168.955384633387,1.5595137819053964,1.8000000000000003,170090000,17009
CRS3035RES200mN2627200E3478600,11409.916442491194,39.091160961906965,45,170090000,17009
CRS3035RES200mN2627200E3478800,11572.937192032734,6.341455000487123,7.3,170090000,17009
CRS3035RES200mN2627200E3485200,12904.222400204793,1.0874783944689828,1.5,173960000,17396
CRS3035RES200mN2627200E3487200,13527.164051697862,1.4174354824501916,1.7999999999999998,170410000,17041
CRS3035RES200mN2627200E3487800,13544.578482459698,13.938115577298355,17.7,170410000,17041
CRS3035RES200mN2627200E3488000,13541.596685507917,21.104039405228612,26.799999999999997,170410000,17041
CRS3035RES200mN2627200E3488200,13863.981000805146,4.567292109957292,5.8,170410000,17041
CRS3035RES200mN2627200E3493000,13938.115681134752,15.736348430446114,22,172010000,17201
CRS3035RES200mN2627200E3493400,14025.937461979833,10.08556876696695,14.1,172010000,17201
CRS3035RES200mN2627200E3495400,13571.393300430458,2.468426323382959,3.8,171320000,17132
CRS3035RES200mN2627200E3495600,13550.409633665746,6.885610270649873,10.6,171320000,17132
CRS3035RES200mN2627200E3495800,13424.366278166211,10.133539642939036,15.6,171320000,17132
CRS3035RES200mN2627200E3496000,14574.176604614902,3.9624738354571476,6.1,171320000,17132
CRS3035RES200mN2627400E3458400,3262.5606228145257,3.0392247674141784,4.8,173000403,17300
CRS3035RES200mN2627400E3458800,2507.438103318502,29.125904021051987,46,173000403,17300
CRS3035RES200mN2627400E3460600,4367.653955896467,10.130749224539723,16,173000403,17300
CRS3035RES200mN2627400E3460800,4611.599727669619,3.1170262722830833,5,173000403,17300
CRS3035RES200mN2627400E3461600,3881.9036123927385,3.7802053493109926,6.300000000000001,172000103,17200
CRS3035RES200mN2627400E3461800,3679.304138076448,19.872058111463044,33,172000103,17200
CRS3035RES200mN2627400E3462000,4266.805848124349,17.60846170072853,29,172000102,17200
CRS3035RES200mN2627400E3462200,4239.046475286643,5.895126900328973,9.700000000000001,172000101,17200
CRS3035RES200mN2627400E3462800,3068.764053784126,66.26411233042263,111,172000102,17200
CRS3035RES200mN2627400E3463000,3531.598136131026,12.796651779813208,21,172000102,17200
CRS3035RES200mN2627400E3463400,3172.6803897974482,37.918403469979914,62.5,172000102,17200
CRS3035RES200mN2627400E3463600,3746.4345004443544,6.935610337488355,11.5,172000102,17200
CRS3035RES200mN2627400E3464400,4590.9823524210215,33.4207129910383,54,172910000,17291
CRS3035RES200mN2627400E3464600,4500.20615941883,62.97783560995018,101.5,172910000,17291
CRS3035RES200mN2627400E3464800,4737.984902850833,33.39788653739012,54,172910000,17291
CRS3035RES200mN2627400E3465000,3915.433823794715,19.403181579266633,32,172910000,17291
CRS3035RES200mN2627400E3465200,3496.9553852253066,23.860404573168733,39,172910000,17291
CRS3035RES200mN2627400E3465400,4051.9879572620457,34.7272075923216,57,172910000,17291
CRS3035RES200mN2627400E3465600,4366.944169985323,47.104445205110636,77,172910000,17291
CRS3035RES200mN2627400E3465800,4063.2050239868727,19.046642725669084,31,172910000,17291
CRS3035RES200mN2627400E3466600,5169.158142913189,10.548011875559924,17,172910000,17291
CRS3035RES200mN2627400E3466800,5727.512196372514,34.12592077385853,55,172910000,17291
CRS3035RES200mN2627400E3467000,5229.507888012402,9.881760939687494,16,172910000,17291
CRS3035RES200mN2627400E3467200,6618.177260489583,17.119102464055022,26,171420000,17142
CRS3035RES200mN2627400E3467400,6197.636802425212,11.851686321267094,18,171420000,17142
CRS3035RES200mN2627400E3467600,6458.976597583884,11.193259298705895,17,171420000,17142
CRS3035RES200mN2627400E3467800,6354.393967933337,27.65393474961933,42,171420000,17142
CRS3035RES200mN2627400E3468000,6669.952909429141,18.43595649372982,28,171420000,17142
CRS3035RES200mN2627400E3468200,6870.612614088231,0.7901124214160009,1.2,171420000,17142
CRS3035RES200mN2627400E3468600,5636.120672124477,15.444224542238853,24,171420000,17142
CRS3035RES200mN2627400E3468800,6692.213077974953,26.337080713891257,40,171420000,17142
CRS3035RES200mN2627400E3469000,6340.811713181006,30.94606983886262,47,171420000,17142
CRS3035RES200mN2627400E3469200,5841.199002936426,74.0950931592826,113,171420000,17142
CRS3035RES200mN2627400E3469400,6062.651336719093,32.262923874564585,49,171420000,17142
CRS3035RES200mN2627400E3469600,6368.846415958604,13.15681463415003,20,171420000,17142
CRS3035RES200mN2627400E3469800,6088.058034643142,8.29618042488591,12.6,171420000,17142
CRS3035RES200mN2627400E3470200,8432.844526968833,5.596629651708428,8.5,174070000,17142
CRS3035RES200mN2627400E3470400,8086.118086188185,7.611618922509674,10.4,174070000,17407
CRS3035RES200mN2627400E3472600,7716.635243081408,27.811684525462415,38,174070000,17407
CRS3035RES200mN2627400E3472800,8418.312017880702,11.307692994203398,15.5,174070000,17407
CRS3035RES200mN2627400E3473000,8548.002989356477,6.331332934030375,8.7,174070000,17407
CRS3035RES200mN2627400E3476200,9967.867669786037,0.8123549131922342,1.1,174660000,17466
CRS3035RES200mN2627400E3476400,10076.595269579811,0.4439079577413707,0.6,174660000,17466
CRS3035RES200mN2627400E3478400,11485.972757504605,10.383589630506531,12,170090000,17009
CRS3035RES200mN2627400E3478600,11583.620859082925,8.320824408462599,9.6,170090000,17009
CRS3035RES200mN2627400E3480400,12693.301291170905,2.3199539082004854,3.2,173960000,17396
CRS3035RES200mN2627400E3480600,12242.33092752667,2.7549452659881006,3.8000000000000003,173960000,17396
CRS3035RES200mN2627400E3484600,12236.568719160978,2.174956788783163,3,173960000,17396
CRS3035RES200mN2627400E3487800,13617.783958770082,1.8111675609085665,2.3000000000000003,170410000,17041
CRS3035RES200mN2627400E3489400,13858.58867619609,39.37320784089261,50,170410000,17041
CRS3035RES200mN2627400E3495600,13644.120051674603,6.106107220924464,9.4,171320000,17132
CRS3035RES200mN2627400E3495800,14785.809019014467,15.590060991955387,24,171320000,17132
CRS3035RES200mN2627400E3496000,13544.770174392084,10.003622468244275,15.399999999999999,171320000,17132
CRS3035RES200mN2627600E3461000,4192.982321779961,3.781197912149718,6.300000000000001,172000103,17200
CRS3035RES200mN2627600E3461200,4568.1565969352305,0.8448423702144678,1.4,172000103,17200
CRS3035RES200mN2627600E3461400,3773.974644117658,12.588940426666095,21,172000103,17200
CRS3035RES200mN2627600E3461600,3910.6935991932514,33.59826143857174,56,172000103,17200
CRS3035RES200mN2627600E3461800,4364.744033900012,23.27608584821283,39,172000103,17200
CRS3035RES200mN2627600E3462000,4002.493434801318,32.4945647641743,54,172000101,17200
CRS3035RES200mN2627600E3462200,3589.854585802484,23.478137704210074,39,172000101,17200
CRS3035RES200mN2627600E3462400,3740.517695289281,16.029451363762586,27,172000101,17200
CRS3035RES200mN2627600E3463200,3952.0634441454945,7.808646670317354,13,172000102,17200
CRS3035RES200mN2627600E3463400,3017.058104773747,29.765161614631527,49,172000102,17200
CRS3035RES200mN2627600E3463600,3897.0106652368895,2.4935969825571553,4.1,172000102,17200
CRS3035RES200mN2627600E3464400,5443.2202164157325,5.211958809097177,8.4,172910000,17291
CRS3035RES200mN2627600E3464600,4472.662253973563,47.15581779660564,76,172910000,17291
CRS3035RES200mN2627600E3464800,4494.375624071225,43.42873265547128,70,172910000,17291
CRS3035RES200mN2627600E3465000,4229.36338917062,41.571576215437034,67,172910000,17291
CRS3035RES200mN2627600E3465200,3683.281082771236,31.697665270392044,51.5,172910000,17291
CRS3035RES200mN2627600E3465400,3926.356211888501,14.067799711944122,23,172910000,17291
CRS3035RES200mN2627600E3465600,4294.29401331307,29.782621766286532,48,172910000,17291
CRS3035RES200mN2627600E3465800,4334.603935768693,29.95589155985397,48.5,172910000,17291
CRS3035RES200mN2627600E3466400,5671.722308808224,1.054801187555266,1.7,172910000,17291
CRS3035RES200mN2627600E3466600,5092.51171985604,9.120927915923101,14.7,172910000,17291
CRS3035RES200mN2627600E3466800,6100.9767335437455,9.307069300380164,15,172910000,17291
CRS3035RES200mN2627600E3467200,6128.320483065483,0.7901124214175397,1.2000000000000002,171420000,17142
CRS3035RES200mN2627600E3467400,6853.979209993954,13.826967374799528,21,171420000,17142
CRS3035RES200mN2627600E3467600,6355.775385481905,9.217978249873427,14,171420000,17142
CRS3035RES200mN2627600E3467800,5937.992050042613,4.407996579439133,6.7,171420000,17142
CRS3035RES200mN2627600E3468000,6787.957490471862,30.946069827146914,47,171420000,17142
CRS3035RES200mN2627600E3468200,6961.742082319347,2.6337080713922782,4,171420000,17142
CRS3035RES200mN2627600E3468400,6328.189646352975,1.5143821410501659,2.3000000000000003,171420000,17142
CRS3035RES200mN2627600E3468600,6980.960266888008,1.5143821410491165,2.3000000000000003,171420000,17142
CRS3035RES200mN2627600E3468800,6359.099527426196,19.09438351759833,29,171420000,17142
CRS3035RES200mN2627600E3469000,6512.534036950635,45.43146423150328,69,171420000,17142
CRS3035RES200mN2627600E3469200,6108.1698049925935,34.238204928105084,52,171420000,17142
CRS3035RES200mN2627600E3469400,6192.261299735031,44.95390882072225,68.5,171420000,17142
CRS3035RES200mN2627600E3469600,6663.436139295856,42.1393291422787,64,171420000,17142
CRS3035RES200mN2627600E3469800,6300.053293884514,14.485394392658323,22,171420000,17142
CRS3035RES200mN2627600E3470000,6280.306609312295,9.810562565934074,14.9,171420000,17142
CRS3035RES200mN2627600E3472600,7769.821075742706,13.816081935052607,19,174070000,17407
CRS3035RES200mN2627600E3478400,11344.20230104727,5.710974296628519,6.6,170090000,17009
CRS3035RES200mN2627600E3478600,11410.040563549044,8.339447671873453,9.6,170090000,17009
CRS3035RES200mN2627600E3478800,11396.902754670846,2.6929466440424727,3.1,170090000,17009
CRS3035RES200mN2627600E3484000,12232.127344488405,1.594968311720708,2.2,173960000,17396
CRS3035RES200mN2627600E3484600,11955.701322228486,2.7549452657849423,3.8000000000000003,173960000,17396
CRS3035RES200mN2627600E3484800,12040.452994163932,1.5949683118120381,2.2,173960000,17396
CRS3035RES200mN2627600E3485000,12114.325745573356,1.5949683118878502,2.2,173960000,17396
CRS3035RES200mN2627600E3485400,12152.960854178706,4.349913577875935,6,173960000,17396
CRS3035RES200mN2627600E3489200,13864.251871819133,3.6223351213588746,4.6,170410000,17041
CRS3035RES200mN2627600E3489400,14099.671682992479,3.149856627401419,4,170410000,17041
CRS3035RES200mN2627600E3493400,14530.028795698821,0.5007019954891331,0.7,172010000,17201
CRS3035RES200mN2627600E3493600,15435.83232494544,0.9298751349695168,1.2999999999999998,172010000,17201
CRS3035RES200mN2627600E3495600,13905.479908146734,2.7932192605732666,4.3,171320000,17132
CRS3035RES200mN2627600E3495800,14920.222948225746,6.4958587466134885,10.000000000000002,171320000,17132
CRS3035RES200mN2627800E3461400,3148.934706168505,12.4587712213502,21,172000103,17200
CRS3035RES200mN2627800E3461600,3426.9826860792573,26.05211134283044,43,172000103,17200
CRS3035RES200mN2627800E3461800,4132.110953458741,20.4887310064191,34,172000103,17200
CRS3035RES200mN2627800E3462000,3659.0259227715123,16.153039809654818,27,172000103,17200
CRS3035RES200mN2627800E3462200,3163.851032680218,19.761136445616323,33,172000101,17200
CRS3035RES200mN2627800E3462400,3150.1753446094567,22.60440256005075,38,172000101,17200
CRS3035RES200mN2627800E3462600,3037.6763298112373,1.0381415354223777,1.7,172000102,17200
CRS3035RES200mN2627800E3463200,2869.4707853465156,26.85110503692594,45,172000102,17200
CRS3035RES200mN2627800E3463400,3476.66849437921,41.822997007054624,69,172000102,17200
CRS3035RES200mN2627800E3463600,3736.3189533584327,9.169902455501948,15,172000102,17200
CRS3035RES200mN2627800E3463800,4748.32068565078,1.5326892747372374,2.5,172000102,17200
CRS3035RES200mN2627800E3464600,5357.239202997786,46.29126261232411,75,172910000,17291
CRS3035RES200mN2627800E3464800,5387.03094371855,46.987709813573026,76,172910000,17291
CRS3035RES200mN2627800E3465000,5011.576061954332,31.023564339871513,50,172910000,17291
CRS3035RES200mN2627800E3465200,4593.978354524918,76.31796827607744,123,172910000,17291
CRS3035RES200mN2627800E3465400,4040.750770516292,65.14948511375468,105,172910000,17291
CRS3035RES200mN2627800E3465600,4287.411553611761,58.944772245776306,95,172910000,17291
CRS3035RES200mN2627800E3465800,5150.1370490625295,32.88497820026306,53,172910000,17291
CRS3035RES200mN2627800E3466600,5365.611595188202,3.580023945613873,5.8,172910000,17291
CRS3035RES200mN2627800E3466800,5175.610964440105,7.327432879472509,11.9,172910000,17291
CRS3035RES200mN2627800E3467400,6334.145740956477,6.71595558204774,10.2,171420000,17142
CRS3035RES200mN2627800E3468000,6607.771037668023,0.783939668125523,1.2,171420000,17142
CRS3035RES200mN2627800E3468400,6399.693205289163,11.193259303414173,17,171420000,17142
CRS3035RES200mN2627800E3468600,6165.536720428693,25.62424400540071,39,171420000,17142
CRS3035RES200mN2627800E3468800,6444.498994614462,17.119102464036867,26,171420000,17142
CRS3035RES200mN2627800E3469000,6380.405160610579,7.571910705250637,11.5,171420000,17142
CRS3035RES200mN2627800E3469200,6565.351284479962,2.8312361767448175,4.3,171420000,17142
CRS3035RES200mN2627800E3469400,6076.203961880115,19.70591807505392,30,171420000,17142
CRS3035RES200mN2627800E3469600,6301.260617454206,63.208993713422906,96,171420000,17142
CRS3035RES200mN2627800E3469800,6670.198861437642,25.631091232625966,39,171420000,17142
CRS3035RES200mN2627800E3470000,6571.72179337628,43.45618317796264,66,171420000,17142
CRS3035RES200mN2627800E3474400,9349.26653489349,2.483839849796082,3.4000000000000004,174070000,17407
CRS3035RES200mN2627800E3474600,9616.001705981476,1.6833388002254543,2.3,174070000,17407
CRS3035RES200mN2627800E3483200,11759.762395965874,9.352314192433248,12.9,173960000,17396
CRS3035RES200mN2627800E3484000,11647.984185312698,9.13481851291524,12.600000000000001,173960000,17396
CRS3035RES200mN2627800E3485400,12177.102899232992,1.0874783944689899,1.5,173960000,17396
CRS3035RES200mN2627800E3489400,14004.764005445859,19.214125427032172,24.4,170410000,17041
CRS3035RES200mN2628000E3460200,4334.660302182955,1.1063434540737158,1.6,173000403,17190
CRS3035RES200mN2628000E3460800,4889.492010996082,4.345500150962693,6.3,171900000,17190
CRS3035RES200mN2628000E3461400,3973.0983874050553,4.301627686840455,7.1,172000103,17200
CRS3035RES200mN2628000E3461600,3836.893533880634,46.34197439577867,77,172000103,17200
CRS3035RES200mN2628000E3461800,3608.0012758710263,39.29958203658298,66,172000103,17200
CRS3035RES200mN2628000E3462000,3267.933934180393,29.395538702099884,49,172000103,17200
CRS3035RES200mN2628000E3462200,2839.3576137627656,24.4154373183472,41,172000101,17200
CRS3035RES200mN2628000E3462400,3135.579723573178,22.669137471240404,37.5,172000101,17200
CRS3035RES200mN2628000E3462600,3121.1679514766693,7.29337321686851,12,172000102,17200
CRS3035RES200mN2628000E3463200,3131.10046630152,18.388708639455633,30,172000102,17200
CRS3035RES200mN2628000E3463400,3051.4488247034665,29.734598081965714,50,172000102,17200
CRS3035RES200mN2628000E3463600,3500.4283916704294,16.953788347853028,28,172000102,17200
CRS3035RES200mN2628000E3464000,4832.22791978642,0.3631148209530567,0.6,172000102,17200
CRS3035RES200mN2628000E3464600,5247.317854012142,6.080618608090385,9.8,172910000,17291
CRS3035RES200mN2628000E3464800,4776.7686785574215,10.409653753106197,17.1,172910000,17291
CRS3035RES200mN2628000E3465000,4002.9376331809194,17.192069898370065,28,172910000,17291
CRS3035RES200mN2628000E3465200,4316.012738153015,66.28877599708527,108,172910000,17291
CRS3035RES200mN2628000E3465400,4122.885282415917,56.05765073082462,92,172910000,17291
CRS3035RES200mN2628000E3465600,5236.968544899947,41.72015766216801,68,172910000,17291
CRS3035RES200mN2628000E3465800,5239.459807409353,17.17119740753933,28,172910000,17291
CRS3035RES200mN2628000E3466000,5253.81754554139,3.4952407917558035,5.7,172910000,17291
CRS3035RES200mN2628000E3466600,5573.955804409525,2.4770100472271315,3.9999999999999996,172910000,17291
CRS3035RES200mN2628000E3467800,6039.487913120442,0.7870260447717781,1.2000000000000002,171420000,17142
CRS3035RES200mN2628000E3468400,5725.946011449308,10.1763162704223,15.5,171420000,17142
CRS3035RES200mN2628000E3468600,6449.438751610836,13.393026014926463,20.5,171420000,17142
CRS3035RES200mN2628000E3469600,6533.136807561771,17.777529481897343,27,171420000,17142
CRS3035RES200mN2628000E3469800,6294.479243281275,39.89408238132364,61,171420000,17142
CRS3035RES200mN2628000E3470000,6570.930766346544,16.460675446203982,25,171420000,17142
CRS3035RES200mN2628000E3470200,6838.289014433405,3.81887670352013,5.800000000000001,171420000,17142
CRS3035RES200mN2628000E3470400,6854.328248737142,22.464085425641635,31,174070000,17407
CRS3035RES200mN2628000E3471800,8773.169794438132,0.65612475314494,0.9,174070000,17407
CRS3035RES200mN2628000E3472400,8508.643526847327,2.2688479481298622,3.0999999999999996,174070000,17407
CRS3035RES200mN2628000E3474400,9516.700808001793,0.5123205044164428,0.7000000000000001,174070000,17407
CRS3035RES200mN2628000E3478200,9931.23767605125,3.4747698632800588,4,170090000,17009
CRS3035RES200mN2628000E3482800,12277.291000890877,0.43499135773450304,0.6,173960000,17396
CRS3035RES200mN2628000E3483000,11507.324836218586,20.299596696754346,28,173960000,17396
CRS3035RES200mN2628000E3483200,11465.741507024859,50.02400614557328,69,173960000,17396
CRS3035RES200mN2628000E3483400,10834.545468901017,21.749567889378213,30,173960000,17396
CRS3035RES200mN2628000E3483600,11372.923582565269,4.494910697138459,6.199999999999999,173960000,17396
CRS3035RES200mN2628000E3483800,10904.585704572957,9.859804109851902,13.6,173960000,17396
CRS3035RES200mN2628000E3484000,10912.310913918898,24.50451315536787,33.800000000000004,173960000,17396
CRS3035RES200mN2628000E3485400,12113.689237304434,0.9424812752064586,1.2999999999999998,173960000,17396
CRS3035RES200mN2628200E3459800,5264.824802479617,34.82879577780817,55.5,171900000,17300
CRS3035RES200mN2628200E3460000,3836.4935151151276,6.739202610721658,10,171900000,17190
CRS3035RES200mN2628200E3460600,4131.213341823955,0.6902907937297862,1,171900000,17190
CRS3035RES200mN2628200E3460800,3713.141788284984,1.863785143070427,2.7,172000103,17190
CRS3035RES200mN2628200E3461400,4117.1549928538525,2.715564762061661,4.5,172000103,17200
CRS3035RES200mN2628200E3461600,4058.794340902897,49.90083182736074,83,172000103,17200
CRS3035RES200mN2628200E3461800,3853.3167128534756,53.080197866512364,88,172000103,17200
CRS3035RES200mN2628200E3462000,3002.505917937962,40.64313944010225,67.5,172000103,17200
CRS3035RES200mN2628200E3462200,2963.84298746853,40.920862345148116,68,172000101,17200
CRS3035RES200mN2628200E3462400,2558.12555094678,21.600778582128676,36,172000101,17200
CRS3035RES200mN2628200E3462600,2908.829753920213,16.701584425635215,28,172000102,17200
CRS3035RES200mN2628200E3462800,3217.011386430148,1.696420978600018,2.8,172000102,17200
CRS3035RES200mN2628200E3463200,2704.7700534537266,12.39414745064606,20.4,172000102,17200
CRS3035RES200mN2628200E3463400,3114.9867256331377,18.93561110999238,32,172000102,17200
CRS3035RES200mN2628200E3463600,3302.5998575432004,15.023163506645579,25,172000102,17200
CRS3035RES200mN2628200E3465200,4929.262871349696,31.366971408510338,51,172910000,17291
CRS3035RES200mN2628200E3465400,5077.651911494153,49.08433325347592,80.5,172910000,17291
CRS3035RES200mN2628200E3465600,4890.556940106961,27.64934034868628,46,172910000,17291
CRS3035RES200mN2628200E3465800,5118.757203310909,1.5351790462454522,2.5,172910000,17291
CRS3035RES200mN2628200E3468600,6879.200188838143,0.7870260447714992,1.2,171420000,17142
CRS3035RES200mN2628200E3470200,7362.001038905128,3.028764282055358,4.6000000000000005,171420000,17142
CRS3035RES200mN2628200E3470400,7357.119791120834,5.248998025159044,7.2,174070000,17407
CRS3035RES200mN2628200E3472200,7771.9027912056235,1.6101501567374013,2.2,174070000,17407
CRS3035RES200mN2628200E3472400,8462.671164969088,0.8050750781985679,1.1,174070000,17407
CRS3035RES200mN2628200E3478200,11456.842492521779,9.343422389049882,10.799999999999999,170090000,17009
CRS3035RES200mN2628200E3478400,10238.18337029754,1.216169452148182,1.4000000000000001,170090000,17009
CRS3035RES200mN2628200E3480400,12261.485049970124,2.2474553485692526,3.0999999999999996,173960000,17396
CRS3035RES200mN2628200E3482800,11223.664168019019,0.7974841559439032,1.1,173960000,17396
CRS3035RES200mN2628200E3483000,10880.012253594577,30.449395045131098,42,173960000,17396
CRS3035RES200mN2628200E3483200,11342.894456359065,28.274438256193456,39,173960000,17396
CRS3035RES200mN2628200E3483400,10645.5911543708,48.57403495294651,67,173960000,17396
CRS3035RES200mN2628200E3483600,10787.918061337554,24.6495102746303,34,173960000,17396
CRS3035RES200mN2628200E3483800,10922.186195554066,4.929902054926039,6.8,173960000,17396
CRS3035RES200mN2628200E3493800,15783.018423021724,4.291731392167095,6,172010000,17201
CRS3035RES200mN2628200E3495400,13929.49452843865,3.897515247412906,6,171320000,17132
CRS3035RES200mN2628200E3495600,14894.449739081216,1.7538818615793217,2.6999999999999997,171320000,17132
CRS3035RES200mN2628400E3459600,3874.307465303616,4.433819695650466,6.3999999999999995,171900000,17190
CRS3035RES200mN2628400E3459800,3916.1568924716184,50.012875899983804,73,171900000,17190
CRS3035RES200mN2628400E3460000,3789.858757473169,69.12353088762579,100,171900000,17190
CRS3035RES200mN2628400E3460200,3935.021097971134,2.909589337681597,4.300000000000001,171900000,17190
CRS3035RES200mN2628400E3460600,3594.3899249007623,5.051094574677344,7.3,171900000,17190
CRS3035RES200mN2628400E3461400,4481.112913642529,12.622146968423408,21,172000103,17200
CRS3035RES200mN2628400E3461600,4158.455518206783,10.766611794979049,18,172000103,17200
CRS3035RES200mN2628400E3461800,4168.478355418442,21.68508975613726,36,172000103,17200
CRS3035RES200mN2628400E3462000,3302.098818835343,30.19140300048534,51,172000103,17200
CRS3035RES200mN2628400E3462200,3163.052479565956,27.893568069040125,46,172000101,17200
CRS3035RES200mN2628400E3462400,2933.433369863365,31.998705852141036,54,172000101,17200
CRS3035RES200mN2628400E3462600,2967.29604994993,18.52203928173305,31,172000101,17200
CRS3035RES200mN2628400E3462800,3046.4116184995987,31.734312058797915,52.5,172000102,17200
CRS3035RES200mN2628400E3463000,2895.9525968240805,7.580739907104021,12.9,172000102,17200
CRS3035RES200mN2628400E3463200,3338.5943176824135,5.371450117464858,8.799999999999999,172000102,17200
CRS3035RES200mN2628400E3463400,3050.8141464799933,36.031972622180035,60,172000102,17200
CRS3035RES200mN2628400E3463600,3623.137049804904,12.643101737865106,21,172000102,17200
CRS3035RES200mN2628400E3465200,4908.944799614427,0.7971601805763546,1.3,172910000,17291
CRS3035RES200mN2628400E3465400,4912.587862101471,22.140455015931888,37,172910000,17291
CRS3035RES200mN2628400E3466000,5185.233163010565,1.4174255200711137,2.3,172910000,17291
CRS3035RES200mN2628400E3467400,6556.281755607354,0.4590985261168836,0.7,171420000,17142
CRS3035RES200mN2628400E3470000,7729.4242533825645,1.3168540356950615,2,171420000,17142
CRS3035RES200mN2628400E3470200,7554.803407905251,1.3168540356948624,2,171420000,17142
CRS3035RES200mN2628400E3470600,7761.353141370512,11.051485165698466,15.1,174070000,17407
CRS3035RES200mN2628400E3471800,8167.277272212655,28.47149409923566,39,174070000,17407
CRS3035RES200mN2628400E3472000,8129.986180546237,40.00638840792557,55,174070000,17407
CRS3035RES200mN2628400E3472200,8616.229850275164,7.099298416819896,9.7,174070000,17407
CRS3035RES200mN2628400E3475000,9629.092906201471,2.2983417435982862,3.1,174660000,17466
CRS3035RES200mN2628400E3475200,9516.247719471325,11.114115488930816,15,174660000,17466
CRS3035RES200mN2628400E3475400,9561.390956650172,12.434794091271403,16.8,174660000,17466
CRS3035RES200mN2628400E3478200,9677.809913708074,3.4747698632805606,4,170090000,17009
CRS3035RES200mN2628400E3478400,10269.79326960005,15.288987398433527,17.599999999999998,170090000,17009
CRS3035RES200mN2628400E3478600,10627.730225760464,7.731362945799261,8.9,170090000,17009
CRS3035RES200mN2628400E3482800,11346.590750091493,0.4349913577504312,0.6,173960000,17396
CRS3035RES200mN2628400E3483000,10785.12805857765,20.299596696754396,28,173960000,17396
CRS3035RES200mN2628400E3483200,10736.025966944346,32.624351834068,45,173960000,17396
CRS3035RES200mN2628400E3483400,10567.661578591242,34.07432302669335,47,173960000,17396
CRS3035RES200mN2628400E3483600,10733.822030069789,4.494910697138471,6.199999999999999,173960000,17396
CRS3035RES200mN2628400E3484200,10857.517720929387,0.4349913577875923,0.6,173960000,17396
CRS3035RES200mN2628400E3486000,12447.085910850588,2.174956788937966,3,173960000,17396
CRS3035RES200mN2628400E3486200,13168.93489924994,3.1464833421470235,3.4,171580000,17158
CRS3035RES200mN2628400E3493800,15428.42785078844,9.261945907175656,12.6,171820000,17182
CRS3035RES200mN2628400E3495400,15013.200159315606,4.936852647396451,7.6000000000000005,171320000,17132
CRS3035RES200mN2628400E3495600,15255.689567032927,0.38975152481598296,0.6,171320000,17132
CRS3035RES200mN2628600E3459400,4664.5547127884465,1.7029569567741578,2.7,173000403,17300
CRS3035RES200mN2628600E3459600,3812.1125216247156,21.40234678379196,31,171900000,17190
CRS3035RES200mN2628600E3459800,3889.40976897722,42.97264822626211,63,171900000,17190
CRS3035RES200mN2628600E3460000,3660.125212324218,103.45813482930373,153,171900000,17190
CRS3035RES200mN2628600E3460200,3541.378006971575,9.520964106733913,14,171900000,17190
CRS3035RES200mN2628600E3460400,3895.767902702769,0.6948977883344126,1,171900000,17190
CRS3035RES200mN2628600E3460600,4148.7707949090245,2.1652757861816654,3.1,171900000,17190
CRS3035RES200mN2628600E3461200,4517.450381187888,1.2021092350214324,2,172000103,17200
CRS3035RES200mN2628600E3461400,4404.374636080005,7.01849205876176,11.7,172000103,17200
CRS3035RES200mN2628600E3461600,3896.523132253187,3.8863678022694645,6.6,172000103,17200
CRS3035RES200mN2628600E3462000,3674.1668447499023,35.713262799555686,59,172000103,17200
CRS3035RES200mN2628600E3462200,3375.807652174167,30.33136949276316,50.5,172000103,17200
CRS3035RES200mN2628600E3462400,2897.7681926745263,27.21492744086561,45.5,172000101,17200
CRS3035RES200mN2628600E3462600,3042.975161617869,55.38798318735715,93,172000101,17200
CRS3035RES200mN2628600E3462800,3210.3898533776974,27.9141557889792,47,172000101,17200
CRS3035RES200mN2628600E3463000,2803.749812390049,10.06652802427642,16.5,172000102,17200
CRS3035RES200mN2628600E3463400,3467.004867342942,2.8834823458268577,4.8,172000102,17200
CRS3035RES200mN2628600E3463600,3692.911540466004,0.8541957222389768,1.4,172000102,17200
CRS3035RES200mN2628600E3465200,4527.778384086032,9.703346862082205,15.7,172910000,17291
CRS3035RES200mN2628600E3465400,5430.666161954783,11.06594717035588,18,172910000,17291
CRS3035RES200mN2628600E3467200,6519.415675890268,1.1149535634264547,1.7000000000000002,171420000,17142
CRS3035RES200mN2628600E3468200,6937.492522362879,2.4922491417765693,3.8,171420000,17142
CRS3035RES200mN2628600E3468600,7363.452909572654,1.7052495779157095,2.6,171420000,17142
CRS3035RES200mN2628600E3470400,7756.3816074414635,1.3168540356859013,2,171420000,17142
CRS3035RES200mN2628600E3470600,7789.627442878592,22.68847948128793,31,174070000,17407
CRS3035RES200mN2628600E3470800,8128.616588680369,1.9029047306329143,2.6,174070000,17407
CRS3035RES200mN2628600E3471600,7981.631955810106,5.781902835556553,7.9,174070000,17407
CRS3035RES200mN2628600E3471800,8429.426912968991,36.59432173547461,50,174070000,17407
CRS3035RES200mN2628600E3472000,8684.485066195022,38.424037823333485,52.5,174070000,17407
CRS3035RES200mN2628600E3472200,8799.510344418619,47.206675039403656,64.5,174070000,17407
CRS3035RES200mN2628600E3472400,8488.470315632412,19.760933741775393,27,174070000,17407
CRS3035RES200mN2628600E3472600,7118.487702379118,1.6101501567373797,2.2,174070000,17407
CRS3035RES200mN2628600E3472800,7629.200906457159,6.221034696485345,8.5,174070000,17407
CRS3035RES200mN2628600E3473200,9654.14480565169,2.7079798090581493,3.6999999999999997,174070000,17407
CRS3035RES200mN2628600E3473600,7718.723426774022,2.1224706611538005,2.9000000000000004,174070000,17407
CRS3035RES200mN2628600E3475000,9234.136198294073,35.497193347242636,48,174660000,17466
CRS3035RES200mN2628600E3475200,9511.171832298742,27.32466526007661,37,174660000,17466
CRS3035RES200mN2628600E3475400,9530.220953578095,35.95247916731591,49,174660000,17466
CRS3035RES200mN2628600E3475600,9661.030396060769,10.4733991306797,14.200000000000001,174660000,17466
CRS3035RES200mN2628600E3478000,9676.660658916962,7.73136294579918,8.9,170090000,17009
CRS3035RES200mN2628600E3478200,9732.315996928604,53.746847921327095,62,170090000,17009
CRS3035RES200mN2628600E3478400,9952.131833122638,26.06077397460434,30,170090000,17009
CRS3035RES200mN2628600E3478600,10289.677250069997,9.555617124021616,11,170090000,17009
CRS3035RES200mN2628600E3482800,10832.190899580448,0.7974841559439084,1.1,173960000,17396
CRS3035RES200mN2628600E3483000,10730.22844302634,5.364893412713627,7.3999999999999995,173960000,17396
CRS3035RES200mN2628600E3483200,10981.776181698575,13.049740733627704,18,173960000,17396
CRS3035RES200mN2628600E3483400,10758.499253264235,32.62435183406963,45,173960000,17396
CRS3035RES200mN2628600E3483600,10804.953575921454,18.12463990781548,25,173960000,17396
CRS3035RES200mN2628600E3483800,10678.646575377657,0.7974841559439223,1.1,173960000,17396
CRS3035RES200mN2628600E3484200,11645.09072907098,0.43499135773005115,0.6,173960000,17396
CRS3035RES200mN2628600E3486000,12410.28611439318,9.424812752064604,13,173960000,17396
CRS3035RES200mN2628600E3486200,13118.14127056999,9.069275515600244,9.799999999999999,171580000,17158
CRS3035RES200mN2628600E3494800,14943.089047637855,0.38975152479799674,0.6,171320000,17132
CRS3035RES200mN2628600E3495000,15116.46790471374,0.7145444621626428,1.1,171320000,17132
CRS3035RES200mN2628600E3495800,15004.059544549244,1.3641303367894901,2.0999999999999996,171320000,17132
CRS3035RES200mN2628800E3459400,4439.806616249621,3.7211211446720287,5.8999999999999995,173000403,17300
CRS3035RES200mN2628800E3459600,3926.023460294982,43.62812705724731,64,171900000,17190
CRS3035RES200mN2628800E3459800,3669.4475880282675,27.675733929456857,41,171900000,17190
CRS3035RES200mN2628800E3460000,3631.438475459199,19.939308776985495,29,171900000,17190
CRS3035RES200mN2628800E3460200,3936.574934050235,7.989603457029671,11.600000000000001,171900000,17190
CRS3035RES200mN2628800E3460400,3717.057152823581,0.6902907937297931,1,171900000,17190
CRS3035RES200mN2628800E3461400,4440.706550731388,5.95609319418168,8.6,171900000,17190
CRS3035RES200mN2628800E3461600,4593.791534355024,0.9088581031822337,1.5,172000103,17200
CRS3035RES200mN2628800E3462200,3754.9737839644567,9.88248440927781,16.2,172000103,17200
CRS3035RES200mN2628800E3462400,3231.449091074295,24.389056673303244,40.5,172000101,17200
CRS3035RES200mN2628800E3462600,3030.873703759683,46.024072227516676,76,172000101,17200
CRS3035RES200mN2628800E3462800,2902.9640789853675,55.37864105983781,92.5,172000102,17200
CRS3035RES200mN2628800E3463000,3114.0563640497803,1.6553044167165931,2.7,172000102,17200
CRS3035RES200mN2628800E3465200,5513.964489299031,1.5435430235313365,2.5,172910000,17291
CRS3035RES200mN2628800E3465400,5127.484981796971,7.403279344095367,12,172910000,17291
CRS3035RES200mN2628800E3466200,5533.897861872249,9.286402008502805,15,172910000,17291
CRS3035RES200mN2628800E3466400,5984.613281415435,51.39255547300504,81,174140000,17414
CRS3035RES200mN2628800E3466600,6108.054866502043,24.85245762428787,39,174140000,17414
CRS3035RES200mN2628800E3467200,6883.625567928027,1.1193259303420606,1.7000000000000002,171420000,17142
CRS3035RES200mN2628800E3467400,6818.291114358045,2.286490698699951,3.5,171420000,17142
CRS3035RES200mN2628800E3467600,6646.413983458492,1.5084665858127797,2.3,171420000,17142
CRS3035RES200mN2628800E3470400,7711.3008623372625,0.8559551231897082,1.3,171420000,17142
CRS3035RES200mN2628800E3470600,7989.46104436019,2.7811684524052946,3.8000000000000003,174070000,17407
CRS3035RES200mN2628800E3470800,7813.675749964225,8.048824663270613,11,174070000,17407
CRS3035RES200mN2628800E3471600,8564.49245628078,21.297895253742613,29.1,174070000,17407
CRS3035RES200mN2628800E3471800,8647.213751081501,19.394990523094712,26.5,174070000,17407
CRS3035RES200mN2628800E3472000,8936.452547460256,8.782637216824478,12,174070000,17407
CRS3035RES200mN2628800E3472200,7317.599661648592,9.002203149031633,12.3,174070000,17407
CRS3035RES200mN2628800E3472400,7352.216294844391,18.297160872015535,25,174070000,17407
CRS3035RES200mN2628800E3472600,7532.375387691562,7.83118485322279,10.7,174070000,17407
CRS3035RES200mN2628800E3472800,7009.788768296178,54.89148261604721,75,174070000,17407
CRS3035RES200mN2628800E3473000,7100.9364870680465,5.342770974628585,7.300000000000001,174070000,17407
CRS3035RES200mN2628800E3473200,7232.225659688977,0.5855091479045007,0.8,174070000,17407
CRS3035RES200mN2628800E3474800,9542.064104798847,2.817322137184299,3.8,174660000,17466
CRS3035RES200mN2628800E3475000,9478.92870690848,32.54477482487087,44,174660000,17466
CRS3035RES200mN2628800E3475200,8389.845466085355,47.055572900293285,64,174660000,17466
CRS3035RES200mN2628800E3475400,8391.045140546352,20.678224882747784,28,174660000,17466
CRS3035RES200mN2628800E3475600,8427.151962762026,18.09360278828425,24.5,174660000,17466
CRS3035RES200mN2628800E3478200,9735.003539434801,23.454696577138336,27,170090000,17009
CRS3035RES200mN2628800E3478400,10006.23807510591,10.42430958984086,12,170090000,17009
CRS3035RES200mN2628800E3481400,11928.588249685869,4.059919339350878,5.6,173960000,17396
CRS3035RES200mN2628800E3483000,10815.356820471245,10.874783944689629,15,173960000,17396
CRS3035RES200mN2628800E3483200,11042.008080961003,20.662089494910425,28.5,173960000,17396
CRS3035RES200mN2628800E3483400,10730.045253241064,32.62435183406963,45,173960000,17396
CRS3035RES200mN2628800E3483600,10666.026514252939,13.774726329940412,19,173960000,17396
CRS3035RES200mN2628800E3483800,10810.241924799746,7.757345880545403,10.7,173960000,17396
CRS3035RES200mN2628800E3486200,12492.286574316237,5.089899524061325,5.5,171580000,17158
CRS3035RES200mN2628800E3486600,12986.621831563682,1.2030671602326735,1.3,171580000,17158
CRS3035RES200mN2628800E3494800,15253.220473203815,0.3897515248159888,0.6,171320000,17132
CRS3035RES200mN2628800E3495000,15265.556830998368,0.714544462162637,1.1,171320000,17132
CRS3035RES200mN2629000E3459400,3859.677910186375,9.62587320268263,14,171900000,17190
CRS3035RES200mN2629000E3459600,3648.1411168883014,30.232471768630138,44.5,171900000,17190
CRS3035RES200mN2629000E3459800,3500.1246619326234,26.921340955461893,39,171900000,17190
CRS3035RES200mN2629000E3460000,3871.202925095356,9.440464041482253,14,171900000,17190
CRS3035RES200mN2629000E3460200,3497.5256905797455,46.09894468545892,66,171900000,17190
CRS3035RES200mN2629000E3460400,3726.1574771231835,7.640339670720272,11.2,171900000,17190
CRS3035RES200mN2629000E3460600,4148.085397384544,2.3468153426512526,3.4,171900000,17190
CRS3035RES200mN2629000E3460800,4049.0311913502073,4.5875491112167195,6.700000000000001,171900000,17190
CRS3035RES200mN2629000E3461000,3694.2620536737627,2.937852120953492,4.3,171900000,17190
CRS3035RES200mN2629000E3461200,3925.6996578796297,4.2118196060271105,6.1,171900000,17190
CRS3035RES200mN2629000E3462000,4152.15070860591,0.7302201193406477,1.2,172000103,17200
CRS3035RES200mN2629000E3462200,3799.6001975063873,0.7356908518740892,1.2,172000103,17200
CRS3035RES200mN2629000E3462400,3477.403916641962,11.571286092869892,19,172000103,17200
CRS3035RES200mN2629000E3462600,3204.429137624377,17.685840971111162,29,172000102,17200
CRS3035RES200mN2629000E3462800,3346.841275052337,7.210545817643845,12,172000102,17200
CRS3035RES200mN2629000E3465800,5411.533792395872,3.773614687568633,6.1,172910000,17291
CRS3035RES200mN2629000E3466000,5694.078655992061,48.44725510439744,77,174140000,17414
CRS3035RES200mN2629000E3466200,5771.288359683573,43.820039740998865,69,174140000,17414
CRS3035RES200mN2629000E3466400,5788.195900814308,27.401427638477863,43,174140000,17414
CRS3035RES200mN2629000E3466600,5857.063414681511,37.52420602797915,59,174140000,17414
CRS3035RES200mN2629000E3466800,6825.3487622455295,19.904681586488195,31.5,174140000,17414
CRS3035RES200mN2629000E3467000,6622.571280695422,11.426650653313098,18,174140000,17414
CRS3035RES200mN2629000E3468200,7693.049887377769,1.251011333908783,1.9,171420000,17142
CRS3035RES200mN2629000E3470800,8127.082532962943,19.740457706428103,27,174070000,17407
CRS3035RES200mN2629000E3471000,8281.621753533487,1.5369615131465317,2.1,174070000,17407
CRS3035RES200mN2629000E3471800,8601.805439476577,3.073923026303689,4.2,174070000,17407
CRS3035RES200mN2629000E3472200,8958.260836651623,1.244206939039385,1.7000000000000002,174070000,17407
CRS3035RES200mN2629000E3472400,8323.484555293635,14.637728697612594,20,174070000,17407
CRS3035RES200mN2629000E3472600,7082.441966683049,33.66677600450866,46,174070000,17407
CRS3035RES200mN2629000E3472800,7144.076643867106,51.963936876524016,71,174070000,17407
CRS3035RES200mN2629000E3473000,7584.3368551860485,3.2203003134747497,4.4,174070000,17407
CRS3035RES200mN2629000E3473200,7405.315680791578,3.7326208178910636,5.1,174070000,17407
CRS3035RES200mN2629000E3474800,9406.899420107235,16.533232541870554,22.3,174660000,17466
CRS3035RES200mN2629000E3475000,9437.375746253829,22.890797151712714,31,174660000,17466
CRS3035RES200mN2629000E3475200,9527.954890895995,32.59804734392664,44,174660000,17466
CRS3035RES200mN2629000E3475400,8393.163108017694,20.601328569199385,28,174660000,17466
CRS3035RES200mN2629000E3475600,8560.223458361994,10.676168101685553,14.4,174660000,17466
CRS3035RES200mN2629000E3477600,10199.274241236099,2.4323389042963783,2.8,170090000,17009
CRS3035RES200mN2629000E3477800,9829.074491073801,3.1272928769525445,3.6,170090000,17009
CRS3035RES200mN2629000E3478000,9892.389207539134,64.2832424706888,74,170090000,17009
CRS3035RES200mN2629000E3478200,10004.439184404793,62.30216117793842,72,170090000,17009
CRS3035RES200mN2629000E3478400,10074.853271026472,1.5636464384762672,1.7999999999999998,170090000,17009
CRS3035RES200mN2629000E3481400,11410.469595427765,1.304974073362782,1.7999999999999998,173960000,17396
CRS3035RES200mN2629000E3483200,10967.70496835781,7.757345880545243,10.700000000000001,173960000,17396
CRS3035RES200mN2629000E3483400,10689.2131379076,11.59976954100266,16,173960000,17396
CRS3035RES200mN2629000E3483600,10523.336500995716,15.224697522565824,21,173960000,17396
CRS3035RES200mN2629000E3483800,10362.412699081577,31.17438064144415,43,173960000,17396
CRS3035RES200mN2629000E3485600,12136.65715381939,8.328926493918328,9,171580000,17158
CRS3035RES200mN2629000E3486000,12930.729250984887,3.0539397144368037,3.3000000000000003,171580000,17158
CRS3035RES200mN2629000E3486600,11948.96795618766,27.763088313061985,30,171580000,17158
CRS3035RES200mN2629000E3486800,12968.986590358505,1.8508725542041318,2,171580000,17158
CRS3035RES200mN2629000E3492200,15033.32012175103,22.737763723078665,31,171820000,17182
CRS3035RES200mN2629000E3492400,15019.89091778542,21.905237145541946,29.800000000000004,171820000,17182
CRS3035RES200mN2629000E3494800,15338.847677696634,0.7145444621626477,1.1,171320000,17132
CRS3035RES200mN2629200E3459600,3906.618177521149,9.577246263075356,14,171900000,17190
CRS3035RES200mN2629200E3459800,3618.5169921611237,14.392912171115018,21,171900000,17190
CRS3035RES200mN2629200E3460000,3363.0723077714733,23.49200366001875,34,171900000,17190
CRS3035RES200mN2629200E3460200,3462.6556362906044,15.799096770278576,23,171900000,17190
CRS3035RES200mN2629200E3460400,4103.376200718472,31.98122335918258,46,171900000,17190
CRS3035RES200mN2629200E3460600,4242.756152487343,9.002746619686356,13,171900000,17190
CRS3035RES200mN2629200E3461000,3942.127687094976,1.6383341970406768,2.4,171900000,17190
CRS3035RES200mN2629200E3461200,3696.378465902548,16.487958794024518,24,171900000,17190
CRS3035RES200mN2629200E3462000,4542.494063253461,0.7364950242034172,1.2,172000103,17200
CRS3035RES200mN2629200E3462400,3679.266324182918,1.839227129685255,3,172000102,17200
CRS3035RES200mN2629200E3465200,5477.627743134479,0.7416570849898554,1.2,172910000,17291
CRS3035RES200mN2629200E3465800,5945.836074441485,5.289112776728605,8.3,174140000,17414
CRS3035RES200mN2629200E3466000,5628.243621707066,42.55939098847139,67,174140000,17414
CRS3035RES200mN2629200E3466200,5501.128899674942,46.1451557762248,73,174140000,17414
CRS3035RES200mN2629200E3466400,5751.005959642807,75.65928507879343,119,174140000,17414
CRS3035RES200mN2629200E3466600,6186.985114776076,21.523409669862474,34,174140000,17414
CRS3035RES200mN2629200E3466800,5827.339894299124,47.94060457341478,75.5,174140000,17414
CRS3035RES200mN2629200E3467000,6389.444611383129,21.283719933513197,33.5,174140000,17414
CRS3035RES200mN2629200E3467200,6961.2578587768285,7.367004446622959,11.599999999999998,174140000,17414
CRS3035RES200mN2629200E3470800,8052.936504007437,16.1015015665528,22,174070000,17407
CRS3035RES200mN2629200E3471000,8051.018786621544,1.8225687586071195,2.5,174070000,17407
CRS3035RES200mN2629200E3472400,8870.840729518193,2.9275457389558697,4,174070000,17407
CRS3035RES200mN2629200E3472600,7611.237418795885,13.226689010671276,18.2,174070000,17407
CRS3035RES200mN2629200E3474800,8458.665373505719,3.1880224192534476,4.3,174660000,17466
CRS3035RES200mN2629200E3475000,9806.407848263598,2.001152101447766,2.6999999999999997,174660000,17466
CRS3035RES200mN2629200E3475200,9280.837152074339,0.4448403374513572,0.6,174660000,17466
CRS3035RES200mN2629200E3475400,8457.510433983165,17.12635299645248,23.099999999999998,174660000,17466
CRS3035RES200mN2629200E3477800,10102.019724516053,1.2161694521481425,1.4,170090000,17009
CRS3035RES200mN2629200E3478000,9994.10726394566,4.343462329100704,5,170090000,17009
CRS3035RES200mN2629200E3478200,9922.862479801383,48.64677808592779,56,170090000,17009
CRS3035RES200mN2629200E3478400,9923.638142840417,70.36408973142889,81,170090000,17009
CRS3035RES200mN2629200E3478600,10018.629745865317,17.373849316402392,20,170090000,17009
CRS3035RES200mN2629200E3478800,10374.41176434575,3.2141621235345466,3.6999999999999997,170090000,17009
CRS3035RES200mN2629200E3483200,11372.094083816028,1.2324755136831411,1.7,173960000,17396
CRS3035RES200mN2629200E3483400,10557.994530572041,45.31159976954048,62.5,173960000,17396
CRS3035RES200mN2629200E3483600,9740.402063645664,31.174380641444504,43,173960000,17396
CRS3035RES200mN2629200E3483800,9698.294991607147,12.107259458421456,16.7,173960000,17396
CRS3035RES200mN2629200E3485000,9526.23053287349,6.292966684293885,6.8,171580000,17158
CRS3035RES200mN2629200E3485400,10378.450939882448,35.16657852987836,38,171580000,17158
CRS3035RES200mN2629200E3485600,11254.965182430506,56.45161290322582,61,171580000,17158
CRS3035RES200mN2629200E3485800,10505.980044321452,30.539397144367808,33,171580000,17158
CRS3035RES200mN2629200E3486000,10427.491583267696,27.763088313061914,30,171580000,17158
CRS3035RES200mN2629200E3486200,11029.516671942712,3.053939714436798,3.3000000000000003,171580000,17158
CRS3035RES200mN2629200E3492200,15049.207649398591,2.719777766392829,3.6999999999999997,171820000,17182
CRS3035RES200mN2629200E3492400,15058.21306002171,5.513063039960498,7.499999999999999,171820000,17182
CRS3035RES200mN2629200E3494200,15534.384824912762,1.9847026943947583,2.6999999999999997,171820000,17182
CRS3035RES200mN2629400E3459200,4432.166459544996,2.1217631705715645,3.1000000000000005,171900000,17190
CRS3035RES200mN2629400E3459600,4284.959937959239,12.701350604628315,18.4,171900000,17190
CRS3035RES200mN2629400E3459800,3636.233036417671,22.44965201805878,33,171900000,17190
CRS3035RES200mN2629400E3460000,3716.7051197411174,41.84740755414802,61,171900000,17190
CRS3035RES200mN2629400E3460200,3941.142208447508,16.50308294371975,24,171900000,17190
CRS3035RES200mN2629400E3460400,3759.7248823435875,26.82515495927042,39,171900000,17190
CRS3035RES200mN2629400E3460600,3996.397076903997,17.947560636973392,26,171900000,17190
CRS3035RES200mN2629400E3461000,3689.8663501030346,4.724906514499353,7,171900000,17190
CRS3035RES200mN2629400E3461200,3820.8821770923078,3.5104930687256095,5.1,171900000,17190
CRS3035RES200mN2629400E3461400,4698.944312537784,0.5699724694309126,0.8999999999999999,172640102,17264
CRS3035RES200mN2629400E3461600,4382.689515154438,8.787730399345607,14,172640102,17264
CRS3035RES200mN2629400E3462200,4299.710411721218,0.3692879570190894,0.6,172000103,17200
CRS3035RES200mN2629400E3464600,5704.462819728961,0.7972227597147942,1.3,172000102,17200
CRS3035RES200mN2629400E3464800,5455.2850459515485,43.33509298114004,69,172640102,17264
CRS3035RES200mN2629400E3465000,5421.4681461031405,20.92626064026306,34,172640102,17291
CRS3035RES200mN2629400E3465200,5685.463656340296,6.410343271091273,10,172640102,17264
CRS3035RES200mN2629400E3465800,5710.675998895952,0.764691003864409,1.2,174140000,17414
CRS3035RES200mN2629400E3466000,5836.664292906625,53.41475485720729,84,174140000,17414
CRS3035RES200mN2629400E3466200,5624.3539689015915,54.86844821509345,87,174140000,17414
CRS3035RES200mN2629400E3466400,5851.517361923254,54.781043404581986,87,174140000,17414
CRS3035RES200mN2629400E3466600,6115.778477920503,60.13176413560205,95,174140000,17414
CRS3035RES200mN2629400E3466800,5911.668599361326,34.86883600535231,55,174140000,17414
CRS3035RES200mN2629400E3467000,6649.260211534511,44.88684162053193,71,174140000,17414
CRS3035RES200mN2629400E3467200,6419.339619429237,19.05112788391745,30,174140000,17414
CRS3035RES200mN2629400E3469000,7972.53196676848,4.078352020598397,6.4,174140000,17414
CRS3035RES200mN2629400E3470800,7698.76190531378,10.27146147823223,15.6,171420000,17142
CRS3035RES200mN2629400E3471000,9061.58168115122,0.8782637218567511,1.2,174070000,17407
CRS3035RES200mN2629400E3471200,8778.87506662627,0.8782637218567652,1.2,174070000,17407
CRS3035RES200mN2629400E3472600,7727.546263688652,2.9275457395225226,4,174070000,17407
CRS3035RES200mN2629400E3478200,10196.897013581865,20.265575879496357,23.400000000000002,170090000,17009
CRS3035RES200mN2629400E3478600,10413.068219000284,1.129300205566193,1.3,170090000,17009
CRS3035RES200mN2629400E3479600,12068.544655851802,3.0274058801424477,4,172670000,17267
CRS3035RES200mN2629400E3479800,10536.432189990735,0.45411088202135286,0.6,172670000,17267
CRS3035RES200mN2629400E3480000,10174.534840800747,9.839069110462694,12.999999999999998,172670000,17267
CRS3035RES200mN2629400E3480200,10110.42401987331,3.859942497181601,5.1,172670000,17267
CRS3035RES200mN2629400E3480400,10261.867234300002,6.206182054291875,8.200000000000001,172670000,17267
CRS3035RES200mN2629400E3480600,10068.457872627883,26.489801451245516,35,172670000,17267
CRS3035RES200mN2629400E3483400,10969.64822268755,2.8274438256192735,3.8999999999999995,173960000,17396
CRS3035RES200mN2629400E3483800,11109.687560480139,1.2324755136782308,1.7,173960000,17396
CRS3035RES200mN2629400E3484800,9249.056947347926,13.881544156530692,15,171580000,17158
CRS3035RES200mN2629400E3485000,9014.792759713342,28.688524590163286,31,171580000,17158
CRS3035RES200mN2629400E3485200,9335.938895055671,30.539397144367133,33,171580000,17158
CRS3035RES200mN2629400E3485400,10340.953458147207,34.24114225277622,37,171580000,17158
CRS3035RES200mN2629400E3485600,10616.949631440883,37.017451084082694,40,171580000,17158
CRS3035RES200mN2629400E3485800,10998.931111936818,32.30355624361661,35,171580000,17158
CRS3035RES200mN2629400E3486000,11627.866468637592,13.603913273400336,14.700000000000001,171580000,17158
CRS3035RES200mN2629400E3486600,12939.198662015348,1.1105235325224725,1.2000000000000002,171580000,17158
CRS3035RES200mN2629600E3459800,3857.123742165905,11.044652699676625,16,171900000,17190
CRS3035RES200mN2629600E3460000,4223.97253635116,1.9257308588069035,2.8,171900000,17190
CRS3035RES200mN2629600E3460200,3379.676206804023,28.194506155192215,41,171900000,17190
CRS3035RES200mN2629600E3460400,3689.356093256913,16.98135740218414,25,171900000,17190
CRS3035RES200mN2629600E3460600,4244.005905173364,5.719090978339023,8.4,171900000,17190
CRS3035RES200mN2629600E3462200,4599.742871919305,9.529881549343907,15,172640102,17264
CRS3035RES200mN2629600E3462400,5298.525790482575,0.7606076352561522,1.2,172640102,17264
CRS3035RES200mN2629600E3464800,5621.473180518588,26.161465446137402,40.7,172640102,17264
CRS3035RES200mN2629600E3465000,6051.023571734068,12.770251838266484,20,172640102,17264
CRS3035RES200mN2629600E3466000,5908.214015354031,38.219176362345806,60,174140000,17414
CRS3035RES200mN2629600E3466200,6169.970395217469,42.27740370343315,67,174140000,17414
CRS3035RES200mN2629600E3466400,6173.70360229785,29.848834247192823,47,174140000,17414
CRS3035RES200mN2629600E3466600,5628.799538826484,59.90079530273362,94,174140000,17414
CRS3035RES200mN2629600E3466800,5779.177429878095,31.584665070478934,50,174140000,17414
CRS3035RES200mN2629600E3467000,6237.414396786889,21.663865448353402,34,174140000,17414
CRS3035RES200mN2629600E3467200,6314.563168024395,31.083170123175737,49,174140000,17414
CRS3035RES200mN2629600E3467400,6404.406901761361,26.764185135260618,42,174140000,17414
CRS3035RES200mN2629600E3467600,6937.833684494606,51.8546800733801,82,174140000,17414
CRS3035RES200mN2629600E3469400,8204.389111628869,2.039176010305976,3.2,174140000,17414
CRS3035RES200mN2629600E3470800,8090.061781161102,0.9217978249725206,1.4,171420000,17142
CRS3035RES200mN2629600E3480000,10226.478158305063,18.921286750890285,25,172670000,17267
CRS3035RES200mN2629600E3480200,9907.214376768266,39.35627644185091,52,172670000,17267
CRS3035RES200mN2629600E3480400,9787.771530299908,23.46239557110341,31,172670000,17267
CRS3035RES200mN2629600E3480600,10003.901853714182,48.438494082275874,64,172670000,17267
CRS3035RES200mN2629600E3480800,10009.397114149842,16.650732340782376,22,172670000,17267
CRS3035RES200mN2629600E3482600,12640.846458344986,0.8325366170391859,1.1,172670000,17267
CRS3035RES200mN2629600E3484800,10612.699604810523,8.1438392384981,8.8,171580000,17158
CRS3035RES200mN2629600E3485000,9295.009304428702,16.84294024325723,18.2,171580000,17158
CRS3035RES200mN2629600E3485200,9798.470478858504,17.58328926493885,19,171580000,17158
CRS3035RES200mN2629600E3485400,10810.695374165189,24.847660501083137,27,171580000,17158
CRS3035RES200mN2629600E3485600,9830.81623563441,12.57424972009781,13.6,171580000,17158
CRS3035RES200mN2629600E3485800,10827.388088479967,23.135906927551606,25,171580000,17158
CRS3035RES200mN2629600E3486000,11105.817197948549,4.90481226864097,5.3,171580000,17158
CRS3035RES200mN2629600E3489200,10768.3896522806,0.6059602232174589,0.9000000000000001,171270000,17127
CRS3035RES200mN2629600E3489400,10927.371032571862,12.119204464349249,18,171270000,17127
CRS3035RES200mN2629800E3459400,4558.954852443473,1.7889038750905386,2.5999999999999996,171900000,17190
CRS3035RES200mN2629800E3461000,4425.82299565967,1.5249587588618496,2.4,172640102,17264
CRS3035RES200mN2629800E3461200,4357.483332337675,13.801695590183362,22,172640102,17264
CRS3035RES200mN2629800E3461400,4370.392375291926,26.924443363971744,42,172640102,17264
CRS3035RES200mN2629800E3461600,4389.682490581122,37.865204826589675,60,172640102,17264
CRS3035RES200mN2629800E3461800,4087.3459393510266,25.308758678598704,40,172640102,17264
CRS3035RES200mN2629800E3462000,4430.857278631037,21.439052925210074,34,172640102,17264
CRS3035RES200mN2629800E3462200,3860.622835026116,24.950757309601862,40,172640102,17264
CRS3035RES200mN2629800E3466000,5882.556478448145,27.073870180391637,42.5,174140000,17414
CRS3035RES200mN2629800E3466200,5912.762994751382,40.02605091375102,63,174140000,17414
CRS3035RES200mN2629800E3466400,5699.3608043687045,29.705544624017847,47,174140000,17414
CRS3035RES200mN2629800E3466600,5805.224284471399,41.524825038614544,66,174140000,17414
CRS3035RES200mN2629800E3466800,5985.372811188309,27.982937312188664,44,174140000,17414
CRS3035RES200mN2629800E3467000,6230.608574723107,18.959523256645035,30,174140000,17414
CRS3035RES200mN2629800E3467200,6455.733482972679,28.26889546675868,45,174140000,17414
CRS3035RES200mN2629800E3467400,6848.973342831548,45.72817134595705,72,174140000,17414
CRS3035RES200mN2629800E3468200,7990.138101686496,1.6568305083736112,2.6,174140000,17414
CRS3035RES200mN2629800E3468600,7904.103861546708,2.0391760103059724,3.2,174140000,17414
CRS3035RES200mN2629800E3468800,8039.229773203967,0.4460697522544214,0.7,174140000,17414
CRS3035RES200mN2629800E3471000,8166.925693235103,2.3636734296610107,3.6,171420000,17142
CRS3035RES200mN2629800E3471200,8363.989213256767,1.8225687587359425,2.5,174070000,17407
CRS3035RES200mN2629800E3471400,8387.50425111056,6.608134006183915,9.100000000000001,174070000,17407
CRS3035RES200mN2629800E3471600,8612.069324239332,7.538430279017026,10.3,174070000,17407
CRS3035RES200mN2629800E3476400,11665.713896431287,0.3281106301541996,0.4,172080000,17208
CRS3035RES200mN2629800E3476600,11952.65544695988,0.8202765753854864,1,172080000,17208
CRS3035RES200mN2629800E3479800,10000.701049606538,2.119184116099604,2.8000000000000003,172670000,17267
CRS3035RES200mN2629800E3480000,10080.030010344452,41.62683085195837,55,172670000,17267
CRS3035RES200mN2629800E3480200,9931.266528747557,48.4384940822772,64,172670000,17267
CRS3035RES200mN2629800E3480400,9934.49694447111,23.4623955711027,31,172670000,17267
CRS3035RES200mN2629800E3480600,10174.476199153854,27.246652921281502,36,172670000,17267
CRS3035RES200mN2629800E3480800,11449.079933586185,47.681642602658734,63,172670000,17267
CRS3035RES200mN2629800E3481200,10720.862808377995,0.9839069110462563,1.3,172670000,17267
CRS3035RES200mN2629800E3483800,8717.776762767342,0.43499135778752457,0.6,173960000,17396
CRS3035RES200mN2629800E3485400,10776.750485461409,1.2956107879428584,1.4000000000000001,171580000,17158
CRS3035RES200mN2629800E3486200,11683.770039135989,0.6478053939714457,0.7,171580000,17158
CRS3035RES200mN2629800E3486800,12944.252924860482,2.4061343204653736,2.6,171580000,17158
CRS3035RES200mN2629800E3487000,12876.8813714938,1.203067160232675,1.3,171580000,17158
CRS3035RES200mN2629800E3489200,9791.61404525715,27.604854613238885,41,171270000,17127
CRS3035RES200mN2629800E3489400,9746.779950424545,55.209709226478736,82,171270000,17127
CRS3035RES200mN2629800E3493200,15193.8138197035,0.9555975935974821,1.3,171820000,17182
CRS3035RES200mN2630000E3459200,4449.593953918108,2.465587331044896,3.5999999999999996,171900000,17190
CRS3035RES200mN2630000E3459400,4538.208310657819,5.282471759933731,7.7,171900000,17190
CRS3035RES200mN2630000E3461000,4167.876033162023,24.259994901132515,38,172640102,17264
CRS3035RES200mN2630000E3461200,4273.430218386244,41.60783655843969,66,172640102,17264
CRS3035RES200mN2630000E3461400,4369.338091364855,6.706573378878007,10.5,172640102,17264
CRS3035RES200mN2630000E3461600,4392.262844971396,55.28703890439998,89,172640102,17264
CRS3035RES200mN2630000E3461800,4214.4350001386165,28.681985515073006,45,172640102,17264
CRS3035RES200mN2630000E3462000,4199.094504381619,40.89547497226922,64,172640102,17264
CRS3035RES200mN2630000E3462200,4268.147099169966,32.801846231367236,52,172640102,17264
CRS3035RES200mN2630000E3462400,5302.181707114234,0.7042938234662368,1.1,172640102,17264
CRS3035RES200mN2630000E3464400,6290.938131285957,4.142076270439734,6.499999999999999,174140000,17414
CRS3035RES200mN2630000E3465800,5876.595997788825,15.753857932408433,24.9,174140000,17414
CRS3035RES200mN2630000E3466000,5944.297396481849,17.075777207114378,27,174140000,17414
CRS3035RES200mN2630000E3466200,5942.001632535932,2.4146616532769043,3.8,174140000,17414
CRS3035RES200mN2630000E3466400,6119.432124012671,2.995039765136549,4.7,174140000,17414
CRS3035RES200mN2630000E3466600,6148.429463631331,16.52359196713311,26,174140000,17414
CRS3035RES200mN2630000E3466800,6246.993477979099,39.41580038785946,63,174140000,17414
CRS3035RES200mN2630000E3467000,6618.872934852369,27.944458892129443,44,174140000,17414
CRS3035RES200mN2630000E3467200,6759.077876614145,6.43614928252701,10.1,174140000,17414
CRS3035RES200mN2630000E3469000,8196.852461307544,1.9117275096618633,3,174140000,17414
CRS3035RES200mN2630000E3469200,7706.967461694584,0.446069752254445,0.7,174140000,17414
CRS3035RES200mN2630000E3470800,8112.457804547486,2.740142763848709,4.3,174140000,17414
CRS3035RES200mN2630000E3471200,8884.597003991295,11.487193734951646,15,173760000,17376
CRS3035RES200mN2630000E3471400,8311.202968958245,12.28391739966633,16.5,174070000,17376
CRS3035RES200mN2630000E3477600,10895.209791479341,2.2967744110793653,2.8,172080000,17208
CRS3035RES200mN2630000E3478800,10418.589022074522,0.4343462329100542,0.5,170090000,17009
CRS3035RES200mN2630000E3479800,9627.734816489185,32.5446132115306,43,172670000,17267
CRS3035RES200mN2630000E3480000,9712.104925116004,34.05831615159875,45,172670000,17267
CRS3035RES200mN2630000E3480200,8958.935301740068,23.462395571079238,31,172670000,17267
CRS3035RES200mN2630000E3480400,9847.956252538223,11.655512638548323,15.4,172670000,17267
CRS3035RES200mN2630000E3483600,8897.369828268194,2.6099481467245957,3.6000000000000005,173960000,17396
CRS3035RES200mN2630000E3483800,9169.71015709378,1.5887379669194817,2.2,173960000,17396
CRS3035RES200mN2630000E3489200,9672.837424113894,4.37637938990373,6.5,171270000,17127
CRS3035RES200mN2630000E3489400,9685.255983636476,22.21854151797301,33,171270000,17127
CRS3035RES200mN2630000E3490600,11129.898732090129,2.087196324415698,3.1,171270000,17127
CRS3035RES200mN2630000E3493000,15296.16737830631,0.2940300287980456,0.4,171820000,17182
CRS3035RES200mN2630000E3493200,15230.231788021096,1.0291051007972785,1.4000000000000001,171820000,17182
CRS3035RES200mN2630200E3459200,4364.508893369978,1.0436214569235083,1.5,171900000,17190
CRS3035RES200mN2630200E3459400,4790.344336905278,0.3438797667146222,0.5,171900000,17190
CRS3035RES200mN2630200E3460800,4491.066721105511,4.442352280591933,7.1,172640102,17264
CRS3035RES200mN2630200E3461000,4069.3699674419045,8.257933305926594,13,172640102,17264
CRS3035RES200mN2630200E3461200,4689.266591948604,31.56210738780409,50,172640102,17264
CRS3035RES200mN2630200E3461400,4187.338176571636,29.163754038670316,47,172640102,17264
CRS3035RES200mN2630200E3461600,4194.467796056996,3.3594862309576317,5.300000000000001,172640102,17264
CRS3035RES200mN2630200E3461800,4265.917191052251,17.927479142776207,28,172640102,17264
CRS3035RES200mN2630200E3462000,4408.135029166423,36.44909126210009,58,172640102,17264
CRS3035RES200mN2630200E3462200,4582.376647510749,39.72509497372388,63,172640102,17264
CRS3035RES200mN2630200E3462400,5412.58000493832,4.941839653568101,7.7,172640102,17264
CRS3035RES200mN2630200E3462800,5478.084069690109,1.4113175416941712,2.2,172640102,17264
CRS3035RES200mN2630200E3466000,6209.293990766749,0.9548876441674569,1.5,174140000,17414
CRS3035RES200mN2630200E3466200,6662.750491825598,1.6568305083732,2.6,174140000,17414
CRS3035RES200mN2630200E3466600,6220.6094226824725,3.36166305950468,5.300000000000001,174140000,17414
CRS3035RES200mN2630200E3466800,6163.646860524202,12.699615052655147,20,174140000,17414
CRS3035RES200mN2630200E3467000,6292.677786854201,3.9989456305606557,6.300000000000001,174140000,17414
CRS3035RES200mN2630200E3467200,6763.807017823791,1.5931062580514213,2.5,174140000,17414
CRS3035RES200mN2630200E3468800,7462.223949555838,1.5931062580515722,2.5,174140000,17414
CRS3035RES200mN2630200E3469000,8131.619732296507,1.210760756119188,1.9,174140000,17414
CRS3035RES200mN2630200E3469200,8251.911686702248,5.92635527993517,9.3,174140000,17414
CRS3035RES200mN2630200E3469400,8134.5953825737415,6.754770534138699,10.6,174140000,17414
CRS3035RES200mN2630200E3471200,8471.428239112021,9.540268269895304,13.200000000000001,173760000,17376
CRS3035RES200mN2630200E3479000,9568.340140057002,1.824254178222289,2.1,170090000,17009
CRS3035RES200mN2630200E3479200,9325.515999899993,7.644493699217218,8.799999999999999,172670000,17009
CRS3035RES200mN2630200E3479800,9870.140511556643,1.5893880870747399,2.1,172670000,17267
CRS3035RES200mN2630200E3480400,9240.77301785478,1.2109623520566262,1.6,172670000,17267
CRS3035RES200mN2630200E3484000,9208.266713702093,4.784904935662304,6.6000000000000005,173960000,17396
CRS3035RES200mN2630200E3484200,8906.802576450154,1.0126430464241905,1.1,171580000,17158
CRS3035RES200mN2630200E3489200,11283.942426357178,16.158939285797704,24,171270000,17127
CRS3035RES200mN2630200E3489400,9889.443909347066,22.89183065488131,34,171270000,17127
CRS3035RES200mN2630200E3489600,9631.905326171465,5.184326354193445,7.699999999999999,171270000,17127
CRS3035RES200mN2630200E3489800,9910.637572094613,3.1644589434686976,4.7,171270000,17127
CRS3035RES200mN2630200E3490600,12306.101362624331,0.40397348214496975,0.6,171270000,17127
CRS3035RES200mN2630200E3493000,15238.758035437164,0.2940300287978292,0.4,171820000,17182
CRS3035RES200mN2630400E3459200,4881.689652571743,1.0231582909080958,1.5,171900000,17190
CRS3035RES200mN2630400E3460600,4817.318651661292,8.37241765942134,13.2,172640102,17264
CRS3035RES200mN2630400E3460800,4293.199462120134,38.451017358146174,61,172640102,17264
CRS3035RES200mN2630400E3461000,4282.621519410027,24.177120209075078,38,172640102,17264
CRS3035RES200mN2630400E3461200,4243.666887364396,54.27367427302276,85,172640102,17264
CRS3035RES200mN2630400E3461400,3942.168623985437,39.65098008772027,63,172640102,17264
CRS3035RES200mN2630400E3461600,4351.539321944588,50.469912561966396,81,172640102,17264
CRS3035RES200mN2630400E3461800,4524.427472840659,33.828773652874965,53.5,172640102,17264
CRS3035RES200mN2630400E3462000,4320.17667996584,63.010852345447375,101,172640102,17264
CRS3035RES200mN2630400E3462200,4601.702943052628,28.28332554358935,45,172640102,17264
CRS3035RES200mN2630400E3462400,4862.099148335823,5.7329194800518835,9,172640102,17264
CRS3035RES200mN2630400E3462600,5544.320731519828,25.527292062465992,40,172640101,17264
CRS3035RES200mN2630400E3464400,6421.008374997669,1.8480032590724897,2.9,174140000,17414
CRS3035RES200mN2630400E3465600,7449.04068256794,0.6990075892757232,1.1,174140000,17414
CRS3035RES200mN2630400E3466000,6344.256891992794,0.7637318771801975,1.2,174140000,17414
CRS3035RES200mN2630400E3466800,5911.674448687805,19.730503663141246,31,174140000,17414
CRS3035RES200mN2630400E3467000,7062.557762230547,1.2107607561192155,1.9,174140000,17414
CRS3035RES200mN2630400E3467400,6684.325911085125,1.5931062580511215,2.5,174140000,17414
CRS3035RES200mN2630400E3468600,8027.138604335939,0.8284152541868163,1.3,174140000,17414
CRS3035RES200mN2630400E3469000,8239.392563706151,21.66624510950102,34,174140000,17414
CRS3035RES200mN2630400E3469400,7978.8243170646465,1.5931062580470639,2.5,174140000,17414
CRS3035RES200mN2630400E3469600,8548.993220093127,0.828415254186798,1.3,174140000,17414
CRS3035RES200mN2630400E3472000,8739.8041190529475,0.8274156084468014,1.0999999999999999,173760000,17376
CRS3035RES200mN2630400E3475000,10616.10713186335,2.520761912898088,3.4,174660000,17466
CRS3035RES200mN2630400E3475200,10751.861189244577,4.003563038132259,5.4,174660000,17466
CRS3035RES200mN2630400E3475400,10168.913563375085,13.944701781553219,17,172080000,17208
CRS3035RES200mN2630400E3479200,11640.736629039553,1.5893880870747883,2.1,172670000,17267
CRS3035RES200mN2630400E3480400,10768.122376681114,1.2109623518804657,1.6,172670000,17267
CRS3035RES200mN2630400E3480600,9270.42460444954,2.194869263102231,2.9,172670000,17267
CRS3035RES200mN2630400E3482600,11892.635121759502,6.054811760284896,8,172670000,17267
CRS3035RES200mN2630400E3488800,11291.113206149948,4.107063735140579,6.1,171270000,17127
CRS3035RES200mN2630400E3489000,10518.656503723805,18.178806696523882,27,171270000,17127
CRS3035RES200mN2630400E3489200,11318.836317085073,18.178806696523868,27,171270000,17127
CRS3035RES200mN2630400E3489400,9358.81409139932,29.624722023962978,44,171270000,17127
CRS3035RES200mN2630400E3489600,9361.881034715583,35.34767968768158,52.5,171270000,17127
CRS3035RES200mN2630400E3489800,9703.989532749525,12.792493601257311,19,171270000,17127
CRS3035RES200mN2630400E3492800,14476.943886423782,5.292540518354676,7.2,171820000,17182
CRS3035RES200mN2630400E3493000,15253.013705314008,5.072017996766279,6.9,171820000,17182
CRS3035RES200mN2630400E3493200,15328.659874998828,0.735075071995044,1,171820000,17182
CRS3035RES200mN2630600E3460600,4473.103364839843,27.187947806313417,43,172640102,17264
CRS3035RES200mN2630600E3460800,4423.202319661822,41.9389603662171,67,172640102,17264
CRS3035RES200mN2630600E3461000,4183.784331237356,33.95905730471332,54,172640102,17264
CRS3035RES200mN2630600E3461200,4619.059723425657,12.084008535381669,19,172640101,17264
CRS3035RES200mN2630600E3461400,4690.2852074383545,16.41346273933937,26,172640101,17264
CRS3035RES200mN2630600E3461600,4434.843489608506,29.489509882603354,47,172640101,17264
CRS3035RES200mN2630600E3461800,4301.252284672511,36.84343618311652,58,172640101,17264
CRS3035RES200mN2630600E3462000,4622.328297713364,48.62620604190513,76.5,172640101,17264
CRS3035RES200mN2630600E3462200,4703.667050531711,34.87211385159517,56,172640101,17264
CRS3035RES200mN2630600E3462400,5202.583733505654,0.7042938234663935,1.1,172640101,17264
CRS3035RES200mN2630600E3462600,5228.443003565282,3.854054215955749,6,172640101,17264
CRS3035RES200mN2630600E3463000,5844.921468924029,1.086522476993321,1.7,172640101,17264
CRS3035RES200mN2630600E3464400,5908.691375284436,6.537958729331815,10.299999999999999,174140000,17414
CRS3035RES200mN2630600E3464600,6440.753364860186,4.4606975207454855,7,174140000,17414
CRS3035RES200mN2630600E3464800,6334.385251325716,1.3382092565741883,2.1,174140000,17414
CRS3035RES200mN2630600E3466800,6316.619503241625,19.716116866557552,31,174140000,17414
CRS3035RES200mN2630600E3467000,7077.364086479883,3.1107491259429834,4.9,174140000,17414
CRS3035RES200mN2630600E3467200,7789.049858837974,7.399842363294233,11.7,174140000,17414
CRS3035RES200mN2630600E3467400,7052.435480215746,17.487077814394837,27.5,174140000,17414
CRS3035RES200mN2630600E3468800,8464.58105273702,1.2107607561192057,1.9,174140000,17414
CRS3035RES200mN2630600E3469000,8643.294520294772,16.56830508368259,26,174140000,17414
CRS3035RES200mN2630600E3469200,8500.787712762738,13.3820925675916,21,174140000,17414
CRS3035RES200mN2630600E3469400,8823.933227767066,7.6469100386227895,12,174140000,17414
CRS3035RES200mN2630600E3469600,8412.651736889213,4.715594523818121,7.4,174140000,17414
CRS3035RES200mN2630600E3472000,8622.28866354041,10.392563365531517,13.799999999999999,173760000,17376
CRS3035RES200mN2630600E3472200,8771.036725768976,17.31357066616391,23,173760000,17376
CRS3035RES200mN2630600E3472400,8066.258110953118,41.914499740480565,55,173760000,17376
CRS3035RES200mN2630600E3472600,9314.008888547827,1.6768316568594783,2.1999999999999997,173760000,17376
CRS3035RES200mN2630600E3475200,10385.953869670224,15.503227274187811,18.900000000000002,172080000,17208
CRS3035RES200mN2630600E3475400,10052.878738266012,20.50691438446484,25,172080000,17208
CRS3035RES200mN2630600E3475600,10101.403587408091,31.170509864648352,38,172080000,17208
CRS3035RES200mN2630600E3479200,11696.569992412326,1.9678138220926005,2.6,172670000,17267
CRS3035RES200mN2630600E3480400,11014.678082629665,1.6639096761072005,2.2,172670000,17267
CRS3035RES200mN2630600E3480800,10760.650356451948,1.2109623518145092,1.6,172670000,17267
CRS3035RES200mN2630600E3488200,12803.904245912052,0.7406180504918816,1.1,171270000,17127
CRS3035RES200mN2630600E3489000,9770.8022637674,29.62472202396394,44,171270000,17127
CRS3035RES200mN2630600E3489200,9690.961229253428,37.70419166686337,56,171270000,17127
CRS3035RES200mN2630600E3489400,9311.174354611956,50.49668526811705,75,171270000,17127
CRS3035RES200mN2630600E3489600,9544.940445883296,28.951432887054704,43,171270000,17127
CRS3035RES200mN2630600E3489800,9828.746655140714,6.665562455392114,9.899999999999999,171270000,17127
CRS3035RES200mN2630600E3490000,10110.73298633873,2.0871963244157095,3.1,171270000,17127
CRS3035RES200mN2630600E3491200,11521.63679885604,3.0971300297781323,4.6,171270000,17127
CRS3035RES200mN2630600E3491400,13486.457582515457,12.051875550658457,17.9,171270000,17127
CRS3035RES200mN2630600E3491600,13691.384324587105,5.857615491102067,8.7,171270000,17127
CRS3035RES200mN2630600E3492200,13699.405677188124,1.0772626190472647,1.6,171270000,17127
CRS3035RES200mN2630600E3492400,13714.044360743068,0.7406180505941301,1.1,171270000,17127
CRS3035RES200mN2630600E3492600,14751.994644295415,25.72762751993219,35,171820000,17182
CRS3035RES200mN2630600E3492800,14724.580831846804,20.58210201586692,28,171820000,17182
CRS3035RES200mN2630600E3493000,15238.410096572225,15.436576511894293,21,171820000,17182
CRS3035RES200mN2630600E3493200,15436.723012929522,5.733585561561765,7.8,171820000,17182
CRS3035RES200mN2630800E3459200,6065.918837746969,0.3164947479301097,0.5,172640101,17264
CRS3035RES200mN2630800E3459400,6219.986907426956,2.3013314667352036,3.5999999999999996,172640101,17264
CRS3035RES200mN2630800E3460200,5358.037985965333,6.222902071988706,9.700000000000001,172640102,17264
CRS3035RES200mN2630800E3460400,5017.44898941521,34.54166632619521,55,172640102,17264
CRS3035RES200mN2630800E3460600,5056.163129920994,36.253413039227844,57.5,172640102,17264
CRS3035RES200mN2630800E3460800,4998.571849763875,24.685689296762007,39.5,172640102,17264
CRS3035RES200mN2630800E3461000,4858.35669794836,9.300762094821367,14.700000000000001,172640101,17264
CRS3035RES200mN2630800E3461600,4523.903520927091,13.067342119659699,21,172640101,17264
CRS3035RES200mN2630800E3461800,4941.3630129858975,6.986867180414229,11,172640101,17264
CRS3035RES200mN2630800E3462000,4846.691525454719,6.388761769286589,10,172640101,17264
CRS3035RES200mN2630800E3462200,4754.3025854241905,15.12483299387824,24,172640101,17264
CRS3035RES200mN2630800E3462400,5201.004264151896,41.349941602951,65,172640101,17264
CRS3035RES200mN2630800E3462600,5668.804163522378,44.694012958092706,70.5,172640101,17264
CRS3035RES200mN2630800E3462800,5927.9541582889615,38.60424229908647,61,172640101,17264
CRS3035RES200mN2630800E3464000,6099.769536963265,2.4331708168642585,3.8,172640101,17264
CRS3035RES200mN2630800E3464200,6356.384519610838,29.557998740644425,47,174140000,17414
CRS3035RES200mN2630800E3464400,7245.408523595264,1.338209256177525,2.1,174140000,17414
CRS3035RES200mN2630800E3466800,6522.6296158870455,0.38234550193233313,0.6,174140000,17414
CRS3035RES200mN2630800E3467400,6996.939792767238,1.5931062580511373,2.5,174140000,17414
CRS3035RES200mN2630800E3467600,7677.7963731536665,1.2107607561191955,1.9,174140000,17414
CRS3035RES200mN2630800E3469000,8720.545227882496,3.186212516093392,5,174140000,17414
CRS3035RES200mN2630800E3472000,8497.429998803847,20.692723010996552,28,173760000,17376
CRS3035RES200mN2630800E3472200,8629.36722270011,37.965054714845536,50,173760000,17376
CRS3035RES200mN2630800E3472400,8682.537978047387,78.44039766693463,105,173760000,17376
CRS3035RES200mN2630800E3472600,8672.360862784517,7.592271295984842,9.9,173760000,17376
CRS3035RES200mN2630800E3473200,8312.877611894457,1.5296445844165458,2,173760000,17376
CRS3035RES200mN2630800E3475200,10131.17465311933,15.585254932324117,19,172080000,17208
CRS3035RES200mN2630800E3475400,10223.696180888757,33.63133959080514,41,172080000,17208
CRS3035RES200mN2630800E3475600,10154.78415208534,52.49770082467101,64,172080000,17208
CRS3035RES200mN2630800E3475800,10558.127005085751,2.7889403563106545,3.4,172080000,17208
CRS3035RES200mN2630800E3489000,10669.673133913642,5.790286577411324,8.6,171270000,17127
CRS3035RES200mN2630800E3489200,10005.303698367243,20.198674107248472,30,171270000,17127
CRS3035RES200mN2630800E3489400,10067.670430506143,22.891830654881712,34,171270000,17127
CRS3035RES200mN2630800E3489600,10082.130024446906,3.972405907758885,5.9,171270000,17127
CRS3035RES200mN2630800E3489800,10361.665516162178,31.644589434689692,47,171270000,17127
CRS3035RES200mN2630800E3490000,10399.68902505179,7.002207023846189,10.4,171270000,17127
CRS3035RES200mN2630800E3491000,11035.96433082622,0.4713023958358044,0.7000000000000001,171270000,17127
CRS3035RES200mN2630800E3491200,11103.321117880572,16.158939285798986,24,171270000,17127
CRS3035RES200mN2630800E3491400,11919.888848350802,30.971300297781156,46,171270000,17127
CRS3035RES200mN2630800E3491600,13652.744810662734,3.501103511923093,5.2,171270000,17127
CRS3035RES200mN2630800E3492800,14590.162001329369,8.08582579194234,11,171820000,17182
CRS3035RES200mN2630800E3493000,14605.230173484484,12.49627622390278,17,171820000,17182
CRS3035RES200mN2630800E3493200,14594.422693493634,35.28360345575921,48,171820000,17182
CRS3035RES200mN2630800E3493400,14618.88372867308,8.82090086394866,12,171820000,17182
CRS3035RES200mN2631000E3459600,6102.701504665214,18.348190876819373,28.9,172640101,17264
CRS3035RES200mN2631000E3460000,5990.2548015676475,2.550985502319269,4,172640101,17264
CRS3035RES200mN2631000E3460200,5588.120734131238,8.508813468156276,13.5,172640101,17264
CRS3035RES200mN2631000E3460400,5460.065288979306,5.062117165098481,8,172640102,17264
CRS3035RES200mN2631000E3460600,5130.022593620971,32.39966181027266,51.5,172640102,17264
CRS3035RES200mN2631000E3460800,5693.781946579396,1.600667779886394,2.5,172640101,17264
CRS3035RES200mN2631000E3461800,5188.4184347305645,3.8416026734519817,6,172640101,17264
CRS3035RES200mN2631000E3462000,4863.24300609737,26.52814622685036,42,172640101,17264
CRS3035RES200mN2631000E3462200,4984.015713051385,25.63459872795697,40.5,172640101,17264
CRS3035RES200mN2631000E3462400,5129.760242886084,70.71634473930433,112.5,172640101,17264
CRS3035RES200mN2631000E3462600,5616.869100149968,21.857312590275253,35,172640101,17264
CRS3035RES200mN2631000E3462800,5819.330799547479,28.008542400466983,44,172640101,17264
CRS3035RES200mN2631000E3463000,5957.3490481965855,1.4141332673768225,2.2,172640101,17264
CRS3035RES200mN2631000E3464000,6371.637794181068,1.0940158935628421,1.7000000000000002,172640101,17264
CRS3035RES200mN2631000E3464200,6639.770487605279,4.855795606711602,6.799999999999999,172220000,17222
CRS3035RES200mN2631000E3466800,6848.356648105428,2.039176010305505,3.2,174140000,17414
CRS3035RES200mN2631000E3467600,7775.861590965418,0.8256897014996942,1.3000000000000003,174140000,17414
CRS3035RES200mN2631000E3469000,8710.95497558476,0.9655825078564536,1.3,174720000,17472
CRS3035RES200mN2631000E3472000,9283.461372408623,19.172402260382377,25,173760000,17376
CRS3035RES200mN2631000E3472200,9633.042209190564,49.08134978547367,64,173760000,17376
CRS3035RES200mN2631000E3472400,9531.703283377707,53.682726328806964,70,173760000,17376
CRS3035RES200mN2631000E3473000,9433.917840777322,5.7517206783545065,7.5,173760000,17376
CRS3035RES200mN2631000E3473200,7821.836346006712,33.743427982155076,44,173760000,17376
CRS3035RES200mN2631000E3473400,9229.411775460803,24.540674895375403,32,173760000,17376
CRS3035RES200mN2631000E3475200,9938.529031066935,12.058065658166749,14.7,172080000,17208
CRS3035RES200mN2631000E3475400,9882.80427312396,29.529956713877322,36,172080000,17208
CRS3035RES200mN2631000E3475600,10738.956425072825,34.451616166189766,42,172080000,17208
CRS3035RES200mN2631000E3475800,10010.440602067792,42.65438192004544,52,172080000,17208
CRS3035RES200mN2631000E3476000,10199.862056234426,7.218433863392265,8.8,172080000,17208
CRS3035RES200mN2631000E3478800,11522.454309061208,1.72258080830952,2.1,172080000,17208
CRS3035RES200mN2631000E3480400,11123.805958940682,0.5297960289461388,0.7,172670000,17267
CRS3035RES200mN2631000E3489000,11018.957045526131,9.493376830406987,14.100000000000001,171270000,17127
CRS3035RES200mN2631000E3489200,10708.561417381905,21.54525238106509,32,171270000,17127
CRS3035RES200mN2631000E3489400,10351.284432699405,8.348785297662799,12.4,171270000,17127
CRS3035RES200mN2631000E3489600,10201.303749994864,1.0772626190532657,1.5999999999999999,171270000,17127
CRS3035RES200mN2631000E3490800,11484.31085827934,0.7406180505990918,1.1,171270000,17127
CRS3035RES200mN2631000E3491200,14056.067762477263,3.433774598232322,5.1,171270000,17127
CRS3035RES200mN2631000E3491400,11671.005180579166,4.8476817857396695,7.199999999999999,171270000,17127
CRS3035RES200mN2631000E3493400,14585.147895637248,9.77649845753295,13.299999999999999,171820000,17182
CRS3035RES200mN2631000E3493600,14612.63528150164,1.9847026943843504,2.6999999999999997,171820000,17182
CRS3035RES200mN2631200E3459600,6299.476480271837,5.0818051109787135,8,172640101,17264
CRS3035RES200mN2631200E3459800,6012.377920086651,15.800817326788248,25,172640101,17264
CRS3035RES200mN2631200E3460000,5805.361789078043,40.46320331249295,64,172640101,17264
CRS3035RES200mN2631200E3460200,6065.060029641832,62.7425652642457,100,172640101,17264
CRS3035RES200mN2631200E3460400,5557.082110574819,6.738235371097528,10.6,172640101,17264
CRS3035RES200mN2631200E3460600,5284.854426530456,0.3181353514441427,0.5,172640101,17264
CRS3035RES200mN2631200E3462000,5250.104883903745,19.749962756325694,31,172640101,17264
CRS3035RES200mN2631200E3462200,5404.604633860169,31.938247588387995,50,172640101,17264
CRS3035RES200mN2631200E3462400,5272.179823960666,22.007153738101294,35,172640101,17264
CRS3035RES200mN2631200E3462600,5639.010976447408,0.3213939244371057,0.5,172640101,17264
CRS3035RES200mN2631200E3462800,5951.730723671228,5.2422221960612205,8.2,172640101,17264
CRS3035RES200mN2631200E3463000,5875.795234017344,2.2958869517370735,3.6,172640101,17264
CRS3035RES200mN2631200E3465000,6734.407596285801,2.488424797418173,3.5,172220000,17222
CRS3035RES200mN2631200E3466800,6904.2812594080115,0.446069752254344,0.7,174140000,17414
CRS3035RES200mN2631200E3472000,9796.416668157359,12.270337446726208,16,173760000,17376
CRS3035RES200mN2631200E3472200,9597.918540563045,46.78066151569514,61,173760000,17376
CRS3035RES200mN2631200E3472400,9136.404744714631,28.375155343983295,37,173760000,17376
CRS3035RES200mN2631200E3473200,7800.433866226312,10.49889368503055,13.700000000000001,173760000,17376
CRS3035RES200mN2631200E3473400,9568.447756912083,6.1351687235036705,8,173760000,17376
CRS3035RES200mN2631200E3473800,9637.52187705262,0.8435856994604345,1.1,173760000,17376
CRS3035RES200mN2631200E3475000,10029.863256392293,5.82396368523696,7.1,172080000,17208
CRS3035RES200mN2631200E3475200,9881.408312472591,23.788020686178935,29,172080000,17208
CRS3035RES200mN2631200E3475400,10221.383312428341,23.78802068617912,29,172080000,17208
CRS3035RES200mN2631200E3475600,10243.729870727908,10.253457192318539,12.500000000000002,172080000,17208
CRS3035RES200mN2631200E3475800,11692.061500356862,5.33179773974183,6.500000000000001,172080000,17208
CRS3035RES200mN2631200E3476000,10204.473697682408,1.8866361233866262,2.3,172080000,17208
CRS3035RES200mN2631200E3476200,11956.918639637643,1.5585254932324288,1.9000000000000001,172080000,17208
CRS3035RES200mN2631200E3478000,12633.762537684217,1.3124425206167942,1.6,172080000,17208
CRS3035RES200mN2631200E3478200,12609.6560018647,2.624885041233582,3.2,172080000,17208
CRS3035RES200mN2631200E3486200,13462.454616733692,6.062917805076737,8.1,173220000,17322
CRS3035RES200mN2631200E3486400,13655.141808953838,1.2724642306951615,1.7,173220000,17322
CRS3035RES200mN2631200E3489000,11248.261381393893,24.238408928698508,36,171270000,17127
CRS3035RES200mN2631200E3491000,13951.393871236965,1.0099337053624389,1.5,171270000,17127
CRS3035RES200mN2631400E3459800,6585.035515224305,1.3164138070315825,2.1,172640101,17264
CRS3035RES200mN2631400E3460000,6160.540776902429,5.408435279578316,8.5,172640101,17264
CRS3035RES200mN2631400E3460200,6047.740961538564,15.957845000435766,25,172640101,17264
CRS3035RES200mN2631400E3460400,5935.664792707108,17.543528386978497,28,172640101,17264
CRS3035RES200mN2631400E3460600,5866.820295235113,10.773355046790067,17,172640101,17264
CRS3035RES200mN2631400E3462000,5255.384170459171,7.015210131377933,11,172640101,17264
CRS3035RES200mN2631400E3462200,5796.498774344279,11.509244718613871,18,172640101,17264
CRS3035RES200mN2631400E3462400,6337.583907396058,4.004968906681234,6.300000000000001,172640101,17264
CRS3035RES200mN2631400E3469000,8671.98862534002,1.262684817965967,1.6999999999999997,174720000,17472
CRS3035RES200mN2631400E3469400,9544.544422687924,0.8284152541836599,1.3,174720000,17414
CRS3035RES200mN2631400E3472000,10082.009729868596,7.132133640885209,9.299999999999999,173760000,17376
CRS3035RES200mN2631400E3472200,9459.955174571296,44.0965251991144,57.5,173760000,17376
CRS3035RES200mN2631400E3472400,9324.133373139815,39.87859669997651,52,173760000,17376
CRS3035RES200mN2631400E3473800,9179.171508174928,3.5277220159837923,4.6000000000000005,173760000,17376
CRS3035RES200mN2631400E3474800,10570.848856310487,1.0736545267049322,1.4,173760000,17376
CRS3035RES200mN2631400E3475000,10231.012970296128,8.941014671701778,10.9,172080000,17208
CRS3035RES200mN2631400E3475200,10073.610260000809,34.45161616619058,42,172080000,17208
CRS3035RES200mN2631400E3475400,10272.499212599645,2.624885041233534,3.2,172080000,17208
CRS3035RES200mN2631400E3486200,12558.770210707837,8.189900211378935,11.100000000000001,173490000,17349
CRS3035RES200mN2631400E3486400,13719.131552061672,4.565901063082628,6.1,173220000,17322
CRS3035RES200mN2631400E3486600,13793.16735847232,14.521062397345066,19.4,173220000,17322
CRS3035RES200mN2631400E3486800,13760.170866681588,10.329415519049917,13.8,173220000,17322
CRS3035RES200mN2631400E3487000,14004.473742707942,2.919182646888853,3.9000000000000004,173220000,17322
CRS3035RES200mN2631400E3488800,12132.36420918271,1.0772626190532695,1.5999999999999999,171270000,17127
CRS3035RES200mN2631600E3460200,5903.476202672486,4.128969531875056,6.5,172640101,17264
CRS3035RES200mN2631600E3460400,6074.7046647894285,17.355271920423164,27,172640101,17264
CRS3035RES200mN2631600E3460600,5972.862236831105,2.8313369776216324,4.5,172640101,17264
CRS3035RES200mN2631600E3466000,8241.995280569474,2.063317439328566,2.9,172220000,17222
CRS3035RES200mN2631600E3472000,9797.565602300985,13.804129627609296,18,173760000,17376
CRS3035RES200mN2631600E3472200,8896.512903199175,43.7130771532705,57,173760000,17376
CRS3035RES200mN2631600E3472400,9210.788915080635,40.64549279668641,53,173760000,17376
CRS3035RES200mN2631600E3474800,10843.318666324289,0.5368272633524691,0.7000000000000001,173760000,17376
CRS3035RES200mN2631600E3475000,10064.730202325127,15.85010665679411,23,170080000,17008
CRS3035RES200mN2631600E3475200,10313.397767786553,6.726267918161039,8.2,172080000,17208
CRS3035RES200mN2631600E3475400,10189.995514320877,1.3944701781553408,1.7,172080000,17208
CRS3035RES200mN2631600E3486600,13928.661844039118,1.7964200903932779,2.4,173220000,17322
CRS3035RES200mN2631600E3486800,13875.904806485143,10.179713845561277,13.6,173220000,17322
CRS3035RES200mN2631600E3490600,13297.258220293785,3.5011035112408515,5.2,171270000,17127
CRS3035RES200mN2631800E3461200,6372.494939230153,0.6352256389174477,1,172640101,17264
CRS3035RES200mN2631800E3463400,6703.562011016022,1.7690320795480798,2.5,172220000,17222
CRS3035RES200mN2631800E3468800,7872.526749257459,0.5219679801154427,0.7,174720000,17472
CRS3035RES200mN2631800E3471200,10307.868705894092,0.4601376542497195,0.6,173760000,17376
CRS3035RES200mN2631800E3472200,9344.014476956958,33.743427976691144,44,173760000,17376
CRS3035RES200mN2631800E3472400,9274.286912875457,13.574060800118314,17.7,173760000,17376
CRS3035RES200mN2631800E3475000,11105.031590599945,1.171529622607853,1.7,170080000,17008
CRS3035RES200mN2631800E3475200,10584.276473994403,1.3944701780116446,1.7,172080000,17208
CRS3035RES200mN2631800E3483000,11262.27624919825,1.1805261565940803,1.6,173490000,17349
CRS3035RES200mN2631800E3491000,12795.11726957976,1.750551755961566,2.6,171270000,17127
CRS3035RES200mN2631800E3491200,14101.052362402594,1.0099337053624458,1.5,171270000,17127
CRS3035RES200mN2631800E3492600,14386.906462058965,2.221854151797343,3.3,171270000,17127
CRS3035RES200mN2631800E3492800,15231.44999787434,1.984702694394762,2.6999999999999997,171820000,17182
CRS3035RES200mN2632000E3461400,6323.170736437696,0.5082680675404896,0.8,172640101,17264
CRS3035RES200mN2632000E3461600,6174.988822900229,1.0244273792852008,1.6,172640101,17264
CRS3035RES200mN2632000E3463400,6802.356765839263,0.27977271270911824,0.4,172220000,17222
CRS3035RES200mN2632000E3464000,7087.271150598652,3.331274020724107,4.7,172220000,17222
CRS3035RES200mN2632000E3469400,8517.240137995814,1.2676365230012747,1.7,174720000,17472
CRS3035RES200mN2632000E3472200,9448.378052154345,28.37515534548855,37,173760000,17376
CRS3035RES200mN2632000E3472400,9552.494895564541,18.405506170012703,24,173760000,17376
CRS3035RES200mN2632000E3475400,10461.461822058105,2.3788020686178895,2.9000000000000004,172080000,17208
CRS3035RES200mN2632000E3475600,11799.881057019515,1.9686637809251828,2.4,172080000,17208
CRS3035RES200mN2632000E3481200,11783.473917232473,1.3623326460640914,1.7999999999999998,172670000,17267
CRS3035RES200mN2632000E3482800,11286.951396524117,1.6232234653139128,2.2,173490000,17349
CRS3035RES200mN2632000E3483000,11417.109223705778,6.27154520660679,8.5,173490000,17349
CRS3035RES200mN2632000E3483200,11544.754315948498,3.6153613545673275,4.9,173490000,17349
CRS3035RES200mN2632000E3484200,10369.668651444223,0.8853946174780555,1.2000000000000002,173490000,17349
CRS3035RES200mN2632000E3489400,12571.213757847308,3.501103511923122,5.199999999999999,171270000,17127
CRS3035RES200mN2632000E3491200,13128.42235999557,0.6732891369082865,1,171270000,17127
CRS3035RES200mN2632200E3464000,6896.714778559552,4.93739893791205,7.1000000000000005,172220000,17222
CRS3035RES200mN2632200E3464200,6673.170140240456,11.306905904540084,16.099999999999998,172220000,17222
CRS3035RES200mN2632200E3464400,6626.867980544807,16.27767671173991,23,172220000,17222
CRS3035RES200mN2632200E3464600,7070.472109552443,11.981871037379085,17,172220000,17222
CRS3035RES200mN2632200E3464800,6662.739555615768,13.099496833861085,19,172220000,17222
CRS3035RES200mN2632200E3465000,6763.363840548098,1.5562244487024475,2.2,172220000,17222
CRS3035RES200mN2632200E3467200,8046.00016370412,2.102900260463675,3.3,174140000,17414
CRS3035RES200mN2632200E3467400,7992.342419603911,8.127787118150154,10.899999999999999,174720000,17472
CRS3035RES200mN2632200E3467800,8887.700847800086,3.5792090063055753,4.8,174720000,17472
CRS3035RES200mN2632200E3469200,9064.453407377798,1.2577331127043603,1.7,174720000,17472
CRS3035RES200mN2632200E3472200,9465.552839914115,4.908134978535599,6.3999999999999995,173760000,17376
CRS3035RES200mN2632200E3472400,10026.26077739561,1.8405506170008463,2.4,173760000,17376
CRS3035RES200mN2632200E3475400,11450.72804435383,0.984331890406822,1.2,172080000,17208
CRS3035RES200mN2632200E3482000,11311.157095333634,1.6232234653193192,2.2,173490000,17349
CRS3035RES200mN2632200E3482200,11373.393797095314,7.5258542485635465,10.2,173490000,17349
CRS3035RES200mN2632200E3482400,11392.439453940027,12.543090413832784,17,173490000,17349
CRS3035RES200mN2632200E3482600,11626.042141867023,3.3940127001967837,4.6,173490000,17349
CRS3035RES200mN2632200E3482800,11535.000093580327,0.8853946174436583,1.2000000000000002,173490000,17349
CRS3035RES200mN2632200E3483000,11611.838920310644,0.8853946174506766,1.2,173490000,17349
CRS3035RES200mN2632200E3483200,11555.243538229626,10.329603869642972,14,173490000,17349
CRS3035RES200mN2632200E3483400,11494.352723456814,2.729966736954284,3.7,173490000,17349
CRS3035RES200mN2632200E3483600,11569.578767825726,2.213486543482225,3,173490000,17349
CRS3035RES200mN2632200E3484000,10834.993095843833,2.3610523130557737,3.2,173490000,17349
CRS3035RES200mN2632200E3484200,10388.946992669767,0.8853946174780688,1.2000000000000002,173490000,17349
CRS3035RES200mN2632200E3487200,15460.843709775252,2.170674274526672,2.9000000000000004,173220000,17322
CRS3035RES200mN2632200E3490000,14643.982128055688,0.6732891369082953,1,171270000,17127
CRS3035RES200mN2632200E3491200,14089.463161305988,0.6732891369082901,1,171270000,17127
CRS3035RES200mN2632400E3463200,6952.639640365583,1.6915965872559477,2.4,172220000,17222
CRS3035RES200mN2632400E3463400,6903.895529051692,0.5616152436307722,0.8,172220000,17222
CRS3035RES200mN2632400E3464000,7167.587504559307,17.60875038707361,25,172220000,17222
CRS3035RES200mN2632400E3464200,6737.923980442097,28.346716839659937,40,172220000,17222
CRS3035RES200mN2632400E3464400,6466.069654613752,48.37480143075637,69,172220000,17222
CRS3035RES200mN2632400E3464600,7125.2517337027075,37.9489273138928,55,172220000,17222
CRS3035RES200mN2632400E3464800,6974.762633557782,40.01362868285662,57,172220000,17222
CRS3035RES200mN2632400E3465000,6696.336672443311,33.43532250742659,48,172220000,17222
CRS3035RES200mN2632400E3465200,6526.002706654888,7.70687412831249,10.9,172220000,17222
CRS3035RES200mN2632400E3467000,8145.376560466128,1.6568305078535035,2.6,174140000,17414
CRS3035RES200mN2632400E3477000,12687.361391910817,1.1483872055396853,1.4000000000000001,172080000,17208
CRS3035RES200mN2632400E3480000,11990.9687527577,4.463094249260281,5.9,172670000,17267
CRS3035RES200mN2632400E3482000,12075.330050553628,5.75506501360747,7.8,173490000,17349
CRS3035RES200mN2632400E3482200,11383.548914578356,30.25098276260293,41,173490000,17349
CRS3035RES200mN2632400E3482400,11395.098053355126,11.765128423843565,16,173490000,17349
CRS3035RES200mN2632400E3482600,11579.752329124873,0.8853946174442855,1.2000000000000002,173490000,17349
CRS3035RES200mN2632400E3483000,12147.566085118531,0.4426973087223322,0.6,173490000,17349
CRS3035RES200mN2632400E3483400,11656.475990659299,1.4018748109565486,1.9,173490000,17349
CRS3035RES200mN2632400E3483600,11579.929321320253,25.824009673387152,35,173490000,17349
CRS3035RES200mN2632400E3483800,11505.927569542891,14.313879647192802,19.4,173490000,17349
CRS3035RES200mN2632400E3485200,12898.36628275012,3.2464469306615054,4.4,173490000,17349
CRS3035RES200mN2632400E3488200,14295.599317512144,0.9730608822345275,1.3,173220000,17322
CRS3035RES200mN2632400E3491600,14093.852989700223,0.6732891369082967,1,171270000,17127
CRS3035RES200mN2632400E3495200,15216.667493725454,1.1026126079837881,1.5,171820000,17182
CRS3035RES200mN2632400E3495400,13911.12633102535,2.058210201396445,2.8,171820000,17182
CRS3035RES200mN2632600E3464000,6793.785054988226,64.9217851908793,94,172220000,17222
CRS3035RES200mN2632600E3464200,6916.817113743937,28.097074621917745,40,172220000,17222
CRS3035RES200mN2632600E3464400,6944.888790919706,42.31578524401929,60.5,172220000,17222
CRS3035RES200mN2632600E3464600,6613.334331049326,7.761057237695926,11,172220000,17222
CRS3035RES200mN2632600E3464800,6525.66106249315,35.571845855055834,50,172220000,17222
CRS3035RES200mN2632600E3465000,6234.759705583605,52.37959280640875,74,172220000,17222
CRS3035RES200mN2632600E3465200,6103.376384106809,19.011656716896074,27,172220000,17222
CRS3035RES200mN2632600E3467000,7539.310899993456,2.4607061919731086,3.3,174720000,17472
CRS3035RES200mN2632600E3467200,7557.898807717168,0.9693691059287932,1.3,174720000,17472
CRS3035RES200mN2632600E3468600,8640.587329865632,2.5352730460270347,3.4,174720000,17472
CRS3035RES200mN2632600E3469600,7893.719996391158,6.2191052279929435,8.399999999999999,174720000,17472
CRS3035RES200mN2632600E3469800,8272.657564730434,30.418491233989815,41,174720000,17472
CRS3035RES200mN2632600E3470000,8472.333454048816,44.55404196760112,60.300000000000004,174720000,17472
CRS3035RES200mN2632600E3470200,8800.881184910962,0.37283427151101106,0.5,174720000,17472
CRS3035RES200mN2632600E3474800,11586.808488153172,0.8269620866781165,1.2,170080000,17008
CRS3035RES200mN2632600E3476800,12541.135826627806,2.132719096002278,2.6,172080000,17208
CRS3035RES200mN2632600E3481800,12122.647828218724,1.7707892349561996,2.4,173490000,17349
CRS3035RES200mN2632600E3482000,12086.626501890792,2.508618082854523,3.4,173490000,17349
CRS3035RES200mN2632600E3482200,12012.850954787094,8.672371106743547,11.8,173490000,17349
CRS3035RES200mN2632600E3483400,12568.336885969304,13.280919260958791,18,173490000,17349
CRS3035RES200mN2632600E3483600,12557.390587981781,33.940126999722665,46,173490000,17349
CRS3035RES200mN2632600E3483800,10994.769935832728,14.756576957967555,20,173490000,17349
CRS3035RES200mN2632600E3484000,12652.21661564328,2.8037496218905376,3.8,173490000,17349
CRS3035RES200mN2632600E3489200,16887.661403495633,0.9730608822962624,1.3,173220000,17322
CRS3035RES200mN2632600E3491000,15748.906921486037,1.272464230695169,1.7,173220000,17322
CRS3035RES200mN2632600E3491600,14374.452712424145,1.1445915327440972,1.7,171270000,17127
CRS3035RES200mN2632800E3463800,7508.217264845845,4.038925089260178,5.7,172220000,17222
CRS3035RES200mN2632800E3464000,6685.911783511685,22.933528674274378,33,172220000,17222
CRS3035RES200mN2632800E3464200,7003.2146272769005,47.86991477392636,69,172220000,17222
CRS3035RES200mN2632800E3464400,7140.135182135054,54.8622471491017,78,172220000,17222
CRS3035RES200mN2632800E3464600,7269.984856625564,21.077013697663453,30,172220000,17222
CRS3035RES200mN2632800E3464800,7171.61032156114,70.6514845005066,100,172220000,17222
CRS3035RES200mN2632800E3465000,6510.465619785233,57.53573992438801,82,172220000,17222
CRS3035RES200mN2632800E3465200,6275.56611970924,47.677614808465805,68,172220000,17222
CRS3035RES200mN2632800E3465400,6108.216601390765,0.42796191354691954,0.6,172220000,17222
CRS3035RES200mN2632800E3465600,7282.442804638743,1.5489728298219825,2.2,172220000,17222
CRS3035RES200mN2632800E3465800,7368.469649415147,5.083624836029731,7.1,172220000,17222
CRS3035RES200mN2632800E3466800,7757.290910256522,4.48485905714083,6.800000000000001,171530000,17153
CRS3035RES200mN2632800E3469200,8136.659937255686,10.961327582425541,14.700000000000001,174720000,17472
CRS3035RES200mN2632800E3469400,8000.057496712602,61.3825897792759,83,174720000,17472
CRS3035RES200mN2632800E3469600,8276.207062438567,70.83851158710489,95,174720000,17472
CRS3035RES200mN2632800E3469800,8019.261758994399,56.73634881441966,77,174720000,17472
CRS3035RES200mN2632800E3470000,8505.42298106939,60.838885004455086,82,174720000,17472
CRS3035RES200mN2632800E3472600,8944.857687900374,2.223998662460231,2.9000000000000004,173760000,17376
CRS3035RES200mN2632800E3475800,11208.521969545383,1.17152962279401,1.7,170080000,17008
CRS3035RES200mN2632800E3480400,12439.851927892088,0.9082217640427315,1.2,172670000,17267
CRS3035RES200mN2632800E3481400,12905.701645475197,1.3623326460641065,1.7999999999999998,172670000,17267
CRS3035RES200mN2632800E3483200,12702.328244086582,5.8288478978524605,7.9,173490000,17349
CRS3035RES200mN2632800E3483400,12628.25272745671,5.8288478978082585,7.9,173490000,17349
CRS3035RES200mN2632800E3483600,12707.548235999502,8.485031750083431,11.5,173490000,17349
CRS3035RES200mN2632800E3483800,12766.747799103243,3.0988811608874913,4.2,173490000,17349
CRS3035RES200mN2632800E3484000,11912.87871804781,0.8853946173549221,1.2000000000000002,173490000,17349
CRS3035RES200mN2632800E3484400,10459.673071866255,1.40187481100694,1.9,173490000,17349
CRS3035RES200mN2632800E3491600,14341.782985136102,2.3565119791790323,3.5,171270000,17127
CRS3035RES200mN2632800E3491800,14383.79222331207,1.8178806696523864,2.7,171270000,17127
CRS3035RES200mN2633000E3463400,7719.006617360266,2.5071309985782504,3.5999999999999996,172220000,17222
CRS3035RES200mN2633000E3463600,7417.731129101197,15.036073458669739,21,172220000,17222
CRS3035RES200mN2633000E3463800,7213.931538401576,18.954514477208146,27,172220000,17222
CRS3035RES200mN2633000E3464000,7159.1719555353475,18.438365297847984,26,172220000,17222
CRS3035RES200mN2633000E3464200,6843.719525539751,33.02154642996202,47,172220000,17222
CRS3035RES200mN2633000E3464400,7449.115285658618,56.342999928171245,79.5,172220000,17222
CRS3035RES200mN2633000E3464600,7316.081255625388,22.38495489987178,31.5,172220000,17222
CRS3035RES200mN2633000E3464800,7280.000746983344,65.08355958319974,92,172220000,17222
CRS3035RES200mN2633000E3465000,6625.200671448878,48.68062976294522,69.5,172220000,17222
CRS3035RES200mN2633000E3465200,6458.857973194469,33.146310365065666,47,172220000,17222
CRS3035RES200mN2633000E3465400,6919.943558333903,0.7876038478355994,1.1,172220000,17222
CRS3035RES200mN2633000E3465600,7301.899714904982,0.7845272703049794,1.1,172220000,17222
CRS3035RES200mN2633000E3466200,7224.831557260273,3.4260782275502457,4.8,172220000,17222
CRS3035RES200mN2633000E3469200,8147.012586214476,3.7283427151105744,5,174720000,17472
CRS3035RES200mN2633000E3469400,8329.131668285205,72.49622887978539,98,174720000,17472
CRS3035RES200mN2633000E3469600,8347.3226290668,78.28550729854138,105.5,174720000,17472
CRS3035RES200mN2633000E3469800,8441.172837772005,48.428115562558204,65,174720000,17472
CRS3035RES200mN2633000E3470000,8332.26294322035,28.24068326008723,38,174720000,17472
CRS3035RES200mN2633000E3470200,8468.741801441101,4.026610132319619,5.3999999999999995,174720000,17472
CRS3035RES200mN2633000E3478600,13364.08444301677,1.0595920580498548,1.4000000000000001,172670000,17267
CRS3035RES200mN2633000E3479000,13259.869907754164,3.4815167621638548,4.6,172670000,17267
CRS3035RES200mN2633000E3479200,13150.963656618283,0.5297960290249333,0.7000000000000001,172670000,17267
CRS3035RES200mN2633000E3480400,12381.525396292434,6.192426012269199,8.2,172670000,17267
CRS3035RES200mN2633000E3480600,12533.261548455597,2.648980145124665,3.4999999999999996,172670000,17267
CRS3035RES200mN2633000E3483000,12503.632729488692,2.8775325064958626,3.9000000000000004,173490000,17349
CRS3035RES200mN2633000E3484200,12854.718910265627,0.5164801935288851,0.7,173490000,17349
CRS3035RES200mN2633000E3484400,10878.792228968698,3.0988811611732494,4.2,173490000,17349
CRS3035RES200mN2633000E3486800,16279.828320258388,0.8233592080499863,1.1,173220000,17322
CRS3035RES200mN2633000E3487800,15881.351795366301,3.3682876694871684,4.5,173220000,17322
CRS3035RES200mN2633000E3489000,16812.568939188546,3.443138506586915,4.6,173220000,17322
CRS3035RES200mN2633000E3490200,16453.94458538689,7.634785384171079,10.2,173220000,17322
CRS3035RES200mN2633000E3490400,16432.18920227521,2.7694809726894736,3.6999999999999997,173220000,17322
CRS3035RES200mN2633200E3463600,7615.262190712053,8.4543503191441,12,172220000,17222
CRS3035RES200mN2633200E3463800,7259.9290021252455,28.07659511637973,40,172220000,17222
CRS3035RES200mN2633200E3464000,7439.2785813020955,7.160839894811099,10.2,172220000,17222
CRS3035RES200mN2633200E3464600,7248.137200473517,1.7825431983754418,2.5,172220000,17222
CRS3035RES200mN2633200E3464800,8145.492501001002,2.7671523009066,3.9000000000000004,172220000,17222
CRS3035RES200mN2633200E3465000,7535.052786547888,7.374836029732582,10.3,172220000,17222
CRS3035RES200mN2633200E3465200,7614.371987164571,11.456055968514645,16,172220000,17222
CRS3035RES200mN2633200E3469400,7993.588908189853,18.7908472841582,25.200000000000003,174720000,17472
CRS3035RES200mN2633200E3469600,7695.962440268417,72.5738014004078,98,174720000,17472
CRS3035RES200mN2633200E3469800,8310.426806115835,43.07983496600629,58,174720000,17472
CRS3035RES200mN2633200E3470000,8311.730354497524,64.48420465591016,87,174720000,17472
CRS3035RES200mN2633200E3470200,8729.572231082911,43.12098074443145,58,174720000,17472
CRS3035RES200mN2633200E3470400,8800.153040109424,4.8468455296439465,6.5,174720000,17472
CRS3035RES200mN2633200E3472200,9316.739569814868,0.38344804525175613,0.5,173760000,17376
CRS3035RES200mN2633200E3477600,12572.424858110004,1.148387205539678,1.4000000000000001,172080000,17208
CRS3035RES200mN2633200E3480200,12559.64931626769,8.401051317395517,11.100000000000001,172670000,17267
CRS3035RES200mN2633200E3480400,12516.704385668561,15.508583341970576,20.5,172670000,17267
CRS3035RES200mN2633200E3480600,12479.701890810864,1.816443528085482,2.4,172670000,17267
CRS3035RES200mN2633200E3486600,14976.069957117792,0.8233592080968692,1.1,173220000,17322
CRS3035RES200mN2633200E3487000,16349.121806212966,4.6407519001823605,6.2,173220000,17322
CRS3035RES200mN2633200E3487400,15311.480139860998,0.8233592080968362,1.1,173220000,17322
CRS3035RES200mN2633400E3463600,7899.679224146476,2.13961982759388,3,172220000,17222
CRS3035RES200mN2633400E3463800,7819.259380626127,4.90955229424243,6.9,172220000,17222
CRS3035RES200mN2633400E3464000,7704.200788743633,3.6374103580456176,5.1,172220000,17222
CRS3035RES200mN2633400E3465600,7847.12268911648,0.7876038478329188,1.1,172220000,17222
CRS3035RES200mN2633400E3469400,8397.831999476659,1.565903940346501,2.1,174720000,17472
CRS3035RES200mN2633400E3469600,8082.584050222769,33.42400988741857,45,174720000,17472
CRS3035RES200mN2633400E3469800,8767.507404458096,59.204202087763676,80,174720000,17472
CRS3035RES200mN2633400E3470000,8589.744067430533,37.03354110414304,50,174720000,17472
CRS3035RES200mN2633400E3470200,8389.992625478064,12.626848179691313,17,174720000,17472
CRS3035RES200mN2633400E3480200,12584.420977514985,0.9082217640427476,1.2,172670000,17267
CRS3035RES200mN2633400E3486600,13294.040764626763,2.8775325060727077,3.9000000000000004,173490000,17349
CRS3035RES200mN2633400E3487000,14955.363918617368,0.8233592080968679,1.1,173220000,17322
CRS3035RES200mN2633400E3487200,15220.915306622344,2.1706742758916726,2.9000000000000004,173220000,17322
CRS3035RES200mN2633400E3487800,15820.864182855954,0.8233592080968719,1.1,173220000,17322
CRS3035RES200mN2633400E3491000,16553.3100266682,1.2724642306951828,1.7,173220000,17322
CRS3035RES200mN2633400E3492400,14772.525881824655,0.9426047916716019,1.4,171270000,17127
CRS3035RES200mN2633400E3492600,14773.316972575429,11.84988880958599,17.6,171270000,17127
CRS3035RES200mN2633400E3494600,17334.690381399963,2.0582102015945716,2.8,171820000,17182
CRS3035RES200mN2633600E3463000,8129.344701114003,0.3524079716736314,0.5,172220000,17222
CRS3035RES200mN2633600E3465600,7879.115867311618,8.796353843161274,12.299999999999999,172220000,17222
CRS3035RES200mN2633600E3469800,9009.49636837658,2.908107317786337,3.8999999999999995,174720000,17472
CRS3035RES200mN2633600E3470000,8635.082331710131,7.947486795452873,10.7,174720000,17472
CRS3035RES200mN2633600E3470200,8824.916405544644,4.399444403830685,5.9,174720000,17472
CRS3035RES200mN2633600E3470400,7805.356771762935,3.49095214379704,4.7,174720000,17472
CRS3035RES200mN2633600E3471800,8804.550037190822,2.684136316762321,3.5,173760000,17376
CRS3035RES200mN2633600E3472000,8639.619445759436,12.270337448056393,16,170080000,17376
CRS3035RES200mN2633600E3472800,9073.131707660912,1.0337026083476446,1.5,170080000,17008
CRS3035RES200mN2633600E3473000,9357.095204029418,2.6187132744806956,3.8,170080000,17008
CRS3035RES200mN2633600E3473200,9158.736577502625,15.772992070919612,22.9,170080000,17008
CRS3035RES200mN2633600E3473400,9002.13151227821,5.306340056184754,7.699999999999999,170080000,17008
CRS3035RES200mN2633600E3473600,9604.946163384224,5.306340056184716,7.699999999999999,170080000,17008
CRS3035RES200mN2633600E3485000,9403.19417934914,1.0329603870575494,1.4000000000000001,173490000,17349
CRS3035RES200mN2633600E3486600,13592.754009732262,1.6970063501663233,2.3000000000000003,173490000,17349
CRS3035RES200mN2633600E3491200,16570.97841398965,1.646718416193747,2.2,173220000,17322
CRS3035RES200mN2633600E3494800,16142.13763017585,1.481236101198226,2.2,171270000,17127
CRS3035RES200mN2633800E3470400,8785.068827177403,1.3422033774398359,1.8,174720000,17472
CRS3035RES200mN2633800E3472600,9664.143900816536,22.05232231141585,32,170080000,17008
CRS3035RES200mN2633800E3472800,9750.562921315632,29.54504275371986,43,170080000,17008
CRS3035RES200mN2633800E3473000,8548.417519680645,26.876267817037398,39,170080000,17008
CRS3035RES200mN2633800E3473200,9276.362288854185,45.48291476729654,66,170080000,17008
CRS3035RES200mN2633800E3473400,8988.998165058656,31.700213322660858,46,170080000,17008
CRS3035RES200mN2633800E3473600,9344.264055123409,19.984917094720636,29,170080000,17008
CRS3035RES200mN2633800E3476000,11339.52975860966,0.9647891011244434,1.4000000000000001,170080000,17008
CRS3035RES200mN2633800E3478400,13043.122005949472,3.2811063015419557,4,172080000,17208
CRS3035RES200mN2633800E3482200,12990.005651757185,0.8853946174780765,1.2000000000000002,173490000,17349
CRS3035RES200mN2633800E3484400,10331.753861353554,2.58240096764434,3.5,173490000,17349
CRS3035RES200mN2633800E3484600,11174.254173235131,24.791049289384972,33.6,173490000,17349
CRS3035RES200mN2633800E3484800,10298.34006738212,28.775325068031645,39,173490000,17349
CRS3035RES200mN2633800E3485000,9496.32687321912,12.54309041427147,17,173490000,17349
CRS3035RES200mN2633800E3485200,9588.312431866416,16.23223465376282,22,173490000,17349
CRS3035RES200mN2633800E3485400,10130.37361685611,10.182038100996548,13.8,173490000,17349
CRS3035RES200mN2633800E3486200,11919.576752044606,5.386150589658076,7.3,173490000,17349
CRS3035RES200mN2633800E3486400,13640.216325221842,1.6970063501663033,2.3000000000000003,173490000,17349
CRS3035RES200mN2633800E3488200,15445.847380279582,0.9730608822963105,1.3,173220000,17322
CRS3035RES200mN2633800E3488400,15498.65159532111,0.9730608822962649,1.3,173220000,17322
CRS3035RES200mN2633800E3490200,14200.948215228882,9.730608818755952,13,173220000,17322
CRS3035RES200mN2633800E3490400,13962.97408544784,13.548001510425653,18.1,173220000,17322
CRS3035RES200mN2633800E3491600,16537.598287499084,2.3952267871908823,3.2,173220000,17322
CRS3035RES200mN2633800E3495000,16403.030524625217,1.4491336359624327,2.2,173030000,17303
CRS3035RES200mN2634000E3464000,8069.700048890588,4.516810966831097,6.4,172220000,17222
CRS3035RES200mN2634000E3464200,9135.311893595608,0.6418859484059863,0.9,172220000,17222
CRS3035RES200mN2634000E3466200,7592.939579150132,0.2852826437472683,0.4,172220000,17222
CRS3035RES200mN2634000E3467200,8783.215321747963,1.445315906892827,2.1999999999999997,171530000,17153
CRS3035RES200mN2634000E3472600,9086.013108035386,5.5819940850771586,8.1,170080000,17008
CRS3035RES200mN2634000E3472800,9419.032137966675,30.763804257423836,45,170080000,17008
CRS3035RES200mN2634000E3473000,9719.712754027865,47.430936625220276,69,170080000,17008
CRS3035RES200mN2634000E3473200,9541.586703156992,41.04197128677656,60,170080000,17008
CRS3035RES200mN2634000E3473400,8681.233426555793,26.876267817038286,39,170080000,17008
CRS3035RES200mN2634000E3473600,8990.220596830357,28.112201601555782,41,170080000,17008
CRS3035RES200mN2634000E3476000,11792.63476587061,0.9647891011244877,1.4000000000000001,170080000,17008
CRS3035RES200mN2634000E3476200,11911.845827023288,0.4823945505622427,0.7000000000000001,170080000,17008
CRS3035RES200mN2634000E3483200,12888.659433941422,0.5164801935288771,0.7000000000000001,173490000,17349
CRS3035RES200mN2634000E3484400,9776.191801914327,1.8445721197454665,2.5,173490000,17349
CRS3035RES200mN2634000E3484600,10257.580123794141,55.337163592372626,75,173490000,17349
CRS3035RES200mN2634000E3484800,11204.826057274984,28.72124417632539,39,173490000,17349
CRS3035RES200mN2634000E3485000,11176.653761720116,22.872694284848592,31,173490000,17349
CRS3035RES200mN2634000E3485200,10110.86896457241,28.40641064407882,38.5,173490000,17349
CRS3035RES200mN2634000E3485400,9968.789514971959,28.775325068034856,39,173490000,17349
CRS3035RES200mN2634000E3486200,12607.554339681492,3.320229814431662,4.5,173490000,17349
CRS3035RES200mN2634000E3486600,13147.414110324755,1.8445721191133302,2.5,173490000,17349
CRS3035RES200mN2634000E3488200,15459.859928440643,1.3473150677948382,1.7999999999999998,173220000,17322
CRS3035RES200mN2634000E3488600,15544.991219753976,0.9730608822962726,1.3,173220000,17322
CRS3035RES200mN2634000E3489800,14017.289005437717,0.9730608817869073,1.3,173220000,17322
CRS3035RES200mN2634000E3490000,15946.025741400159,2.9940334839886527,4,173220000,17322
CRS3035RES200mN2634000E3490200,13889.05261812859,5.76351445308573,7.7,173220000,17322
CRS3035RES200mN2634200E3465800,7751.141425088125,14.509838126043524,22,171530000,17153
CRS3035RES200mN2634200E3466000,7596.269104583902,25.678849698292126,39,171530000,17153
CRS3035RES200mN2634200E3466200,7859.09351343963,33.49008366464776,51,171530000,17153
CRS3035RES200mN2634200E3466400,7757.533434266857,22.3367003822442,34,171530000,17153
CRS3035RES200mN2634200E3466600,7409.524753614688,27.041061962172204,41,171530000,17153
CRS3035RES200mN2634200E3466800,8486.557102458388,28.36013815544945,43,171530000,17153
CRS3035RES200mN2634200E3467000,8738.031881992656,6.595380964593871,10,171530000,17153
CRS3035RES200mN2634200E3470600,8015.068272954301,2.609839900577524,3.5,174720000,17472
CRS3035RES200mN2634200E3470800,8061.311327247312,0.37283427151107484,0.5,174720000,17472
CRS3035RES200mN2634200E3472800,9668.818012632739,7.235918258433578,10.5,170080000,17008
CRS3035RES200mN2634200E3473000,10179.777259919112,24.713681690479177,36,170080000,17008
CRS3035RES200mN2634200E3473200,10199.591765438578,58.56713733712628,86,170080000,17008
CRS3035RES200mN2634200E3473400,9800.887662636498,17.214773593531845,25,170080000,17008
CRS3035RES200mN2634200E3473600,9288.429694002869,14.415305905472717,21,170080000,17008
CRS3035RES200mN2634200E3473800,10169.250255874069,10.032493541877297,14.600000000000001,170080000,17008
CRS3035RES200mN2634200E3474000,9575.340800653292,5.567233823469668,8.1,170080000,17008
CRS3035RES200mN2634200E3474200,10355.440397233067,2.411972752056182,3.5,170080000,17008
CRS3035RES200mN2634200E3474800,10883.974430903056,1.1715296224139895,1.7000000000000002,170080000,17008
CRS3035RES200mN2634200E3484400,9809.159967263653,35.41578469908323,48,173490000,17349
CRS3035RES200mN2634200E3484600,9862.803598991088,30.244346403213786,41,173490000,17349
CRS3035RES200mN2634200E3484800,9971.072629085484,47.958875113352896,65,173490000,17349
CRS3035RES200mN2634200E3485000,9965.089016862928,27.193133095868824,37,173490000,17349
CRS3035RES200mN2634200E3485200,9480.365493377582,32.46446930750604,44,173490000,17349
CRS3035RES200mN2634200E3485400,9686.999676548132,5.533716359236099,7.5,173490000,17349
CRS3035RES200mN2634200E3486400,12805.840810632679,2.0659207737577887,2.8000000000000003,173490000,17349
CRS3035RES200mN2634200E3489800,13928.195504942003,9.880310492138483,13.2,173220000,17322
CRS3035RES200mN2634200E3490000,13767.70775780253,7.26053119557639,9.7,173220000,17322
CRS3035RES200mN2634200E3490200,14004.634812843731,3.4431385050455554,4.6000000000000005,173220000,17322
CRS3035RES200mN2634200E3491000,16589.236996353702,2.395226787190954,3.2,173220000,17322
CRS3035RES200mN2634200E3493400,16093.529477466629,2.0871963244156753,3.0999999999999996,171270000,17127
CRS3035RES200mN2634400E3465800,8030.846416939498,4.598732431638495,7,171530000,17153
CRS3035RES200mN2634400E3466000,7197.662468711699,42.56145923974108,66,171530000,17153
CRS3035RES200mN2634400E3466200,7763.6765829337965,40.3874041272175,62,171530000,17153
CRS3035RES200mN2634400E3466400,7379.819906490026,32.211898507470394,49,171530000,17153
CRS3035RES200mN2634400E3466600,7403.580330175131,43.28066741548077,66,171530000,17153
CRS3035RES200mN2634400E3466800,7583.721737684087,5.97835216113011,9.1,171530000,17153
CRS3035RES200mN2634400E3473000,10003.129506334368,20.593294144017204,30,170080000,17008
CRS3035RES200mN2634400E3473200,10047.62899169812,25.497997663769464,37,170080000,17008
CRS3035RES200mN2634400E3473400,9583.481167973481,16.817856889719163,24.5,170080000,17008
CRS3035RES200mN2634400E3473600,9555.211296060354,0.413481043339066,0.6,170080000,17008
CRS3035RES200mN2634400E3473800,9429.838234099621,1.5160971589099135,2.2,170080000,17008
CRS3035RES200mN2634400E3474000,9548.494597644461,7.649399301772531,11.1,170080000,17008
CRS3035RES200mN2634400E3474800,10641.786178834696,4.75503199839925,6.9,170080000,17008
CRS3035RES200mN2634400E3475000,10430.381281366435,18.606646948143123,27,170080000,17008
CRS3035RES200mN2634400E3476800,12040.69455101257,1.3093566371696344,1.9,170080000,17008
CRS3035RES200mN2634400E3483600,11922.922034924282,2.1397036589053413,2.9,173490000,17349
CRS3035RES200mN2634400E3484200,12778.7643715462,19.18355003947122,26,173490000,17349
CRS3035RES200mN2634400E3484400,12795.119989486053,31.65615778436746,43,173490000,17349
CRS3035RES200mN2634400E3484600,10277.8286899478,11.067432718467575,15,173490000,17349
CRS3035RES200mN2634400E3484800,10205.33080586098,42.612258676766196,58,173490000,17349
CRS3035RES200mN2634400E3485000,9891.671472708902,18.445721197443326,25,173490000,17349
CRS3035RES200mN2634400E3485200,9506.129973964824,8.11611732687936,11,173490000,17349
CRS3035RES200mN2634400E3485400,10294.10771792557,1.1805261566369687,1.6,173490000,17349
CRS3035RES200mN2634400E3486400,13662.901407288522,3.320229815542801,4.5,173490000,17349
CRS3035RES200mN2634400E3489800,13978.278953386765,10.928222212227494,14.600000000000001,173220000,17322
CRS3035RES200mN2634400E3490000,13853.122036596691,24.70077622711816,33,173220000,17322
CRS3035RES200mN2634400E3490200,13786.691453928051,21.70674275136964,29,173220000,17322
CRS3035RES200mN2634400E3490400,13937.996935875619,0.8233592077025736,1.1,173220000,17322
CRS3035RES200mN2634400E3490600,14294.376585263513,0.8233592077278756,1.1,173220000,17322
CRS3035RES200mN2634600E3466000,7817.3832671467635,17.057270682635295,26,171530000,17153
CRS3035RES200mN2634600E3466200,7611.381279705627,40.59298190222119,62,171530000,17153
CRS3035RES200mN2634600E3466400,7802.332678067395,18.796835754193317,28.5,171530000,17153
CRS3035RES200mN2634600E3466600,7831.517172417084,41.92218813852469,64,171530000,17153
CRS3035RES200mN2634600E3466800,7527.330872280849,36.35290780345895,55.5,171530000,17153
CRS3035RES200mN2634600E3472800,10304.882456170606,3.853689603653499,5.6,170080000,17008
CRS3035RES200mN2634600E3473000,10655.315158111498,1.9287047631636827,2.8,170080000,17008
CRS3035RES200mN2634600E3473400,9881.231693001951,1.9255683965864303,2.8,170080000,17008
CRS3035RES200mN2634600E3474800,10499.022390047154,11.301815184601285,16.4,170080000,17008
CRS3035RES200mN2634600E3475000,10434.947548314402,28.902148620141695,42,170080000,17008
CRS3035RES200mN2634600E3475200,10725.182291286954,4.892859011835104,7.1,170080000,17008
CRS3035RES200mN2634600E3476200,12001.981106898302,1.791751187721582,2.6,170080000,17008
CRS3035RES200mN2634600E3484600,10350.973236341733,4.57453885696652,6.2,173490000,17349
CRS3035RES200mN2634600E3484800,10249.735297783825,30.25098276381277,41,173490000,17349
CRS3035RES200mN2634600E3485000,10001.773567607717,39.8427577865029,54,173490000,17349
CRS3035RES200mN2634600E3485200,10144.693199683717,4.722104626548164,6.4,173490000,17349
CRS3035RES200mN2634600E3486400,14253.861660071123,1.6232234653087962,2.2,173490000,17349
CRS3035RES200mN2634600E3488000,15919.770109862384,0.9730608822962997,1.3,173220000,17322
CRS3035RES200mN2634600E3488200,15979.654041683189,0.9730608822962559,1.3,173220000,17322
CRS3035RES200mN2634600E3490000,15968.933406410926,1.4970167419942522,2,173220000,17322
CRS3035RES200mN2634600E3490200,13764.342256375894,27.6948097135096,37,173220000,17322
CRS3035RES200mN2634600E3490400,13892.035616118828,5.913216128439186,7.9,173220000,17322
CRS3035RES200mN2634600E3492000,15195.219653017737,0.8079469642899484,1.2,171270000,17127
CRS3035RES200mN2634800E3465800,8018.281326462833,14.460159692157609,22,171530000,17153
CRS3035RES200mN2634800E3466000,8190.804442125146,14.781639958838074,22.5,171530000,17153
CRS3035RES200mN2634800E3466200,7686.686231795285,41.09208466559697,63,171530000,17153
CRS3035RES200mN2634800E3466400,7774.958778848547,54.8428078050636,84,171530000,17153
CRS3035RES200mN2634800E3466600,8222.31403158613,37.191728123750806,57,171530000,17153
CRS3035RES200mN2634800E3466800,7952.006172297181,4.928565906383251,7.5,171530000,17153
CRS3035RES200mN2634800E3474600,9502.406817752075,3.790242897274717,5.5,170080000,17008
CRS3035RES200mN2634800E3474800,9958.734256218448,46.86118491176011,68,170080000,17008
CRS3035RES200mN2634800E3475000,10218.73745479024,35.83502375605222,52,170080000,17008
CRS3035RES200mN2634800E3475200,10656.777917568768,15.066866999944741,21.9,170080000,17008
CRS3035RES200mN2634800E3477000,12259.37541343204,0.9647891011244957,1.4000000000000001,170080000,17008
CRS3035RES200mN2634800E3481000,13878.64767650558,2.420948443157992,3.7,172180000,17218
CRS3035RES200mN2634800E3485600,11930.85482182472,0.368914423949195,0.5,173490000,17349
CRS3035RES200mN2634800E3486000,11288.690519043781,4.131841548230496,5.6,173490000,17349
CRS3035RES200mN2634800E3486200,11176.90534660617,14.75657695796759,20,173490000,17349
CRS3035RES200mN2634800E3486400,11996.427991539556,18.445721197458557,25,173490000,17349
CRS3035RES200mN2634800E3486600,11586.064469835472,16.23223465376394,22,173490000,17349
CRS3035RES200mN2634800E3494800,16083.342538812014,0.658697107255651,1,173030000,17303
CRS3035RES200mN2635000E3465800,7754.117532899612,15.741129824034564,24,171530000,17153
CRS3035RES200mN2635000E3466000,8074.541654857527,16.95802800149726,26,171530000,17153
CRS3035RES200mN2635000E3466200,7472.3438719862,21.80233313595655,33.5,171530000,17153
CRS3035RES200mN2635000E3466400,7546.504708835172,47.93613660875687,75,171530000,17153
CRS3035RES200mN2635000E3466600,7541.790495866153,1.4509838126043915,2.1999999999999997,171530000,17153
CRS3035RES200mN2635000E3474400,9744.114823396509,1.6474635320540425,2.4,170080000,17008
CRS3035RES200mN2635000E3474800,9526.859536292943,3.1700213322661197,4.6,170080000,17008
CRS3035RES200mN2635000E3475000,10274.644403194783,19.29578202248901,28,170080000,17008
CRS3035RES200mN2635000E3475200,10688.17178033279,35.800995669847424,52,170080000,17008
CRS3035RES200mN2635000E3475400,10973.635164114048,16.47635489657312,24,170080000,17008
CRS3035RES200mN2635000E3480400,13718.981313646373,1.439482858093952,2.2,172180000,17218
CRS3035RES200mN2635000E3484200,13446.35502435239,2.287269428012996,3.0999999999999996,173490000,17349
CRS3035RES200mN2635000E3484600,13652.491134908294,0.9591775020668888,1.3,173490000,17349
CRS3035RES200mN2635000E3485000,10826.643199497472,8.263683096461316,11.2,173490000,17349
CRS3035RES200mN2635000E3486000,14533.347760219904,2.9513153914730315,4,173490000,17349
CRS3035RES200mN2635000E3486200,13669.503900636126,25.086180821757992,34,173490000,17349
CRS3035RES200mN2635000E3486400,13591.44812953948,19.921378889819355,27,173490000,17349
CRS3035RES200mN2635000E3486600,13752.713018315922,2.2134865430674693,3,173490000,17349
CRS3035RES200mN2635000E3491000,11236.976362574907,0.79043652870635706,1.2,173030000,17303
CRS3035RES200mN2635000E3491400,14542.729994600331,2.8323975611331793,4.3,173030000,17303
CRS3035RES200mN2635000E3491600,14651.451125854628,3.227615825473464,4.9,173030000,17303
CRS3035RES200mN2635000E3492000,14875.381128866255,0.32934855362782617,0.5,173030000,17303
CRS3035RES200mN2635200E3465800,7789.233779126371,2.1679738606295675,3.3,171530000,17153
CRS3035RES200mN2635200E3466000,7680.246952866097,11.071797751814502,17,171530000,17153
CRS3035RES200mN2635200E3466200,7817.695638388137,1.1168350191121832,1.7,171530000,17153
CRS3035RES200mN2635200E3466400,7706.278620495902,8.266851498993908,12.7,171530000,17153
CRS3035RES200mN2635200E3466600,7693.352072027208,8.706337330606344,13.3,171530000,17153
CRS3035RES200mN2635200E3474200,10018.644180447962,0.7580485794549365,1.0999999999999999,170080000,17008
CRS3035RES200mN2635200E3474800,9738.715850136918,4.06589692616747,5.8999999999999995,170080000,17008
CRS3035RES200mN2635200E3475000,9937.168346245233,26.876267817039146,39,170080000,17008
CRS3035RES200mN2635200E3475200,10664.587284873842,26.80116767255061,39,170080000,17008
CRS3035RES200mN2635200E3475400,10901.07039328103,22.741457376417493,33,170080000,17008
CRS3035RES200mN2635200E3475600,11231.05868257512,4.5482914764457405,6.6,170080000,17008
CRS3035RES200mN2635200E3480000,13589.931789803508,0.4580172730298932,0.7000000000000001,172180000,17218
CRS3035RES200mN2635200E3482400,13330.870407713328,0.9814655850640515,1.5,172180000,17218
CRS3035RES200mN2635200E3483800,13853.840555813918,2.139703658527705,2.9,173490000,17349
CRS3035RES200mN2635200E3485000,10849.369451409935,6.345328091925172,8.6,173490000,17349
CRS3035RES200mN2635200E3486000,13921.325173603733,4.058058662635391,5.5,173490000,17349
CRS3035RES200mN2635200E3486200,14082.42463379221,3.3202298146093328,4.5,173490000,17349
CRS3035RES200mN2635200E3489800,16143.434492867862,0.9730608822962896,1.3,173220000,17322
CRS3035RES200mN2635200E3490800,10863.82910325762,0.32934855362778936,0.5,173030000,17303
CRS3035RES200mN2635200E3491000,10778.926077801214,2.3713095861194438,3.6,173030000,17303
CRS3035RES200mN2635200E3491600,13775.850838425155,3.952182643344185,6,173030000,17303
CRS3035RES200mN2635200E3491800,14959.687990055369,1.9760913217342455,3,173030000,17303
CRS3035RES200mN2635400E3465200,8658.626574852071,0.27754391156714825,0.4,171530000,17091
CRS3035RES200mN2635400E3472400,10803.665814255557,0.826962086678138,1.2000000000000002,170080000,17008
CRS3035RES200mN2635400E3475000,9665.13895948266,4.5482914767297515,6.6,170080000,17008
CRS3035RES200mN2635400E3485600,14543.485726402512,1.7707892348818033,2.4,173490000,17349
CRS3035RES200mN2635400E3489800,14294.94338649505,0.8563062394202049,1.3,173030000,17303
CRS3035RES200mN2635400E3490800,10381.97306016767,1.3832639252349455,2.0999999999999996,173030000,17303
CRS3035RES200mN2635400E3492400,15201.478130104077,5.269576858013046,8,173030000,17303
CRS3035RES200mN2635400E3492600,15395.051130790203,2.832397561199293,4.3,173030000,17303
CRS3035RES200mN2635600E3470400,9365.500370674288,0.3713778876056915,0.5,170080000,17472
CRS3035RES200mN2635600E3472600,10607.111612577957,0.4823945505622408,0.7,170080000,17008
CRS3035RES200mN2635600E3475000,10587.543690316483,1.2357850931179868,1.8,170080000,17008
CRS3035RES200mN2635600E3475200,10049.983685402662,0.8269620866781314,1.2,170080000,17008
CRS3035RES200mN2635600E3477600,11544.05980206259,1.243189741081113,1.9,172180000,17218
CRS3035RES200mN2635600E3479600,13270.145184211697,1.243189741008157,1.9,172180000,17218
CRS3035RES200mN2635600E3485800,14875.755134689749,0.4426973087222433,0.6000000000000001,173490000,17349
CRS3035RES200mN2635600E3490800,10050.31458505402,4.874358593684871,7.4,173030000,17303
CRS3035RES200mN2635600E3492400,15323.911813922708,2.37130958612035,3.6,173030000,17303
CRS3035RES200mN2635600E3492600,15087.888244205727,6.784580204695141,10.3,173030000,17303
CRS3035RES200mN2635600E3494600,16012.163186047474,0.6586971072556519,1,173030000,17303
CRS3035RES200mN2635800E3477800,11378.04375395317,1.7012070141110283,2.6,172180000,17218
CRS3035RES200mN2635800E3482000,13385.964896041784,2.420948443157996,3.7,172180000,17218
CRS3035RES200mN2635800E3482400,13743.565429885013,0.5164801935288762,0.7000000000000001,173490000,17349
CRS3035RES200mN2635800E3483600,14343.679348241276,0.5164801935288686,0.7000000000000001,173490000,17349
CRS3035RES200mN2635800E3483800,14042.296350528522,1.1067432716824561,1.5,173490000,17349
CRS3035RES200mN2635800E3490600,12729.000042407564,1.3832639252367047,2.0999999999999996,173030000,17303
CRS3035RES200mN2635800E3490800,10305.440380674101,0.32934855362756466,0.5,173030000,17303
CRS3035RES200mN2635800E3492400,15229.31223592337,3.359355246980953,5.1,173030000,17303
CRS3035RES200mN2635800E3492600,15157.781184531717,1.1856547930601673,1.8,173030000,17303
CRS3035RES200mN2636000E3481400,13244.279524244153,2.093793248136633,3.2,172180000,17218
CRS3035RES200mN2636000E3483600,14395.191463706977,0.9591775022679048,1.3,173490000,17349
CRS3035RES200mN2636000E3485600,14677.599335822855,0.959177502228507,1.2999999999999998,173490000,17349
CRS3035RES200mN2636000E3487800,15622.3614681018,0.5239558596980203,0.7,173220000,17322
CRS3035RES200mN2636000E3488200,15907.170509214962,0.8982100451965663,1.2000000000000002,173220000,17322
CRS3035RES200mN2636000E3490600,12092.07373066297,5.928273965298623,9,173030000,17303
CRS3035RES200mN2636000E3490800,12038.101160029662,11.85654793059294,18,173030000,17303
CRS3035RES200mN2636200E3474000,11784.663191059635,1.10261611557085,1.6,170080000,17008
CRS3035RES200mN2636200E3479400,12763.45438745827,2.028362209030288,3.1,172180000,17218
CRS3035RES200mN2636200E3481200,13091.7512093873,0.3925862340256215,0.6000000000000001,172180000,17218
CRS3035RES200mN2636200E3485400,14861.596280076521,0.9591775022285705,1.2999999999999998,173490000,17349
CRS3035RES200mN2636200E3485600,14838.00392130035,0.9591775022679099,1.2999999999999998,173490000,17349
CRS3035RES200mN2636200E3487400,14758.1104405475,2.065920774115522,2.8,173490000,17349
CRS3035RES200mN2636200E3487800,13702.389673543903,2.3397033131402845,3.5,174390000,17439
CRS3035RES200mN2636200E3488200,14265.39351206464,0.8021839930994914,1.2000000000000002,174390000,17439
CRS3035RES200mN2636200E3489200,15054.816225145603,0.790436528673716,1.2000000000000002,173030000,17303
CRS3035RES200mN2636200E3490600,12087.182093315121,5.13783743659228,7.8,173030000,17303
CRS3035RES200mN2636200E3490800,13358.39285455523,6.718710493775347,10.2,173030000,17303
CRS3035RES200mN2636400E3478000,11495.178189431468,0.8506035070555139,1.2999999999999998,172180000,17218
CRS3035RES200mN2636400E3479600,12818.277968334503,1.1777587020035796,1.8,172180000,17218
CRS3035RES200mN2636400E3487000,14391.113144976322,3.541578469912299,4.800000000000001,173490000,17349
CRS3035RES200mN2636400E3487400,14291.263230041899,1.3369733218324829,2,174390000,17439
CRS3035RES200mN2636400E3490200,12321.28382544477,0.7904365287065069,1.2,173030000,17303
CRS3035RES200mN2636400E3490400,12118.146287703506,15.150033466870285,23,173030000,17303
CRS3035RES200mN2636400E3490600,10202.368807513798,25.689187182920545,39,173030000,17303
CRS3035RES200mN2636400E3490800,11908.598622302801,17.78482189589653,27,173030000,17303
CRS3035RES200mN2636400E3491000,12241.544034995473,1.6467427681387565,2.5,173030000,17303
CRS3035RES200mN2636400E3491400,13450.265795497875,0.658697107255639,1,173030000,17303
CRS3035RES200mN2636400E3491600,13402.22472504819,2.8982672719245524,4.4,173030000,17303
CRS3035RES200mN2636400E3491800,13482.288302201303,1.6467427681390843,2.5,173030000,17303
CRS3035RES200mN2636400E3492200,15328.123644775787,1.0539153716020784,1.6,173030000,17303
CRS3035RES200mN2636400E3492800,15646.685486105114,1.0539153716090432,1.6,173030000,17303
CRS3035RES200mN2636400E3494400,15954.301645178708,0.7245668179812149,1.1,173030000,17303
CRS3035RES200mN2636600E3473800,11713.633721545079,2.3430592455879973,3.3999999999999995,170080000,17008
CRS3035RES200mN2636600E3476000,10519.290038460082,0.4134810433390628,0.6000000000000001,170080000,17008
CRS3035RES200mN2636600E3479200,12788.406996183041,0.8506035070060589,1.2999999999999998,172180000,17218
CRS3035RES200mN2636600E3482800,13992.630752231713,0.9591775022678861,1.3,173490000,17349
CRS3035RES200mN2636600E3490000,12418.637212757369,0.790436528706234,1.2,173030000,17303
CRS3035RES200mN2636600E3490200,12421.696615061071,3.161746114826211,4.8,173030000,17303
CRS3035RES200mN2636600E3490400,12153.092938238284,3.952182643532058,6,173030000,17303
CRS3035RES200mN2636600E3490600,9966.79368067288,34.91094668449525,53,173030000,17303
CRS3035RES200mN2636600E3490800,12214.787434083284,22.395701646686884,34,173030000,17303
CRS3035RES200mN2636600E3491000,12195.212724084362,10.539153716087734,16,173030000,17303
CRS3035RES200mN2636600E3491200,12722.487234924747,1.2515245037851712,1.9000000000000001,173030000,17303
CRS3035RES200mN2636600E3491600,15202.22525336332,0.395218264350839,0.6000000000000001,173030000,17303
CRS3035RES200mN2636600E3491800,13527.646494961673,2.898267271924655,4.4,173030000,17303
CRS3035RES200mN2636600E3492400,15495.62060115482,0.7245668179762531,1.1,173030000,17303
CRS3035RES200mN2636600E3492800,15533.26067659619,1.0539153716090413,1.6,173030000,17303
CRS3035RES200mN2636600E3493600,15438.00856653986,0.7245668179812154,1.1,173030000,17303
CRS3035RES200mN2636600E3493800,15609.752296984781,2.964136982650419,4.5,173030000,17303
CRS3035RES200mN2636800E3470400,9782.54743697068,0.49072904762981845,0.7,170910000,17091
CRS3035RES200mN2636800E3473400,11690.504899862319,1.7228376805794932,2.5,170080000,17008
CRS3035RES200mN2636800E3478400,11610.892460029692,1.7012070141110298,2.6,172180000,17218
CRS3035RES200mN2636800E3481600,13502.597597611368,1.7012070141110278,2.6,172180000,17218
CRS3035RES200mN2636800E3490200,12318.89483421707,1.58087305741288,2.4,173030000,17303
CRS3035RES200mN2636800E3490400,11986.549460000697,15.150033466872847,23,173030000,17303
CRS3035RES200mN2636800E3490600,12031.156476953274,24.37179296845109,37,173030000,17303
CRS3035RES200mN2636800E3490800,12008.608730147553,5.53305570094585,8.4,173030000,17303
CRS3035RES200mN2636800E3491000,12214.471756711828,8.299583551418634,12.6,173030000,17303
CRS3035RES200mN2636800E3493400,15704.780651585048,1.8443519003158213,2.8,173030000,17303
CRS3035RES200mN2636800E3493600,15745.372885615285,0.39521826435339213,0.6000000000000001,173030000,17303
CRS3035RES200mN2637000E3476200,10154.60056655553,2.4209484431579966,3.7,172180000,17218
CRS3035RES200mN2637000E3479800,12594.279711376053,2.0283622090115356,3.1,172180000,17218
CRS3035RES200mN2637000E3484400,12396.882009182129,1.4756576957967056,2,173490000,17349
CRS3035RES200mN2637000E3488200,12869.870377131958,0.8021839930439695,1.2000000000000002,174390000,17439
CRS3035RES200mN2637000E3490200,12268.575597768056,2.568918718296957,3.9,173030000,17303
CRS3035RES200mN2637000E3490400,12028.268742091528,28.323975611990083,43,173030000,17303
CRS3035RES200mN2637000E3490600,11962.567894699054,19.102216110410925,29,173030000,17303
CRS3035RES200mN2637000E3490800,12044.4343005553,5.203707147318356,7.9,173030000,17303
CRS3035RES200mN2637000E3491200,12642.553374306326,0.46108797507888083,0.7,173030000,17303
CRS3035RES200mN2637000E3494400,15262.261248129198,0.7245668179676478,1.1,173030000,17303
CRS3035RES200mN2637200E3475000,12308.131321731214,1.722837679923257,2.5,170080000,17008
CRS3035RES200mN2637200E3475400,12177.64682088985,1.1026161152111327,1.6,170080000,17008
CRS3035RES200mN2637200E3479400,12437.40034369286,1.7012070140048972,2.6,172180000,17218
CRS3035RES200mN2637200E3479800,12522.32050243984,0.8506035070002311,1.2999999999999998,172180000,17218
CRS3035RES200mN2637200E3482800,13841.198122748103,0.9591775022679203,1.3,173490000,17349
CRS3035RES200mN2637200E3484400,12512.951995522406,2.72996673722404,3.7,173490000,17349
CRS3035RES200mN2637200E3485400,14312.648016405536,1.4756576957003347,2,173490000,17349
CRS3035RES200mN2637200E3486000,14371.189081504066,1.4756576957967873,2,173490000,17349
CRS3035RES200mN2637200E3487600,14387.072294208976,1.336973321832486,2,174390000,17439
CRS3035RES200mN2637200E3488600,12794.858359095208,3.208735972149965,4.8,174390000,17439
CRS3035RES200mN2637200E3489800,13291.860407175991,2.7006581397478504,4.1,173030000,17303
CRS3035RES200mN2637200E3490200,12071.067636806096,0.856306239432045,1.3,173030000,17303
CRS3035RES200mN2637200E3490800,12092.244119211868,12.383505616400832,18.8,173030000,17303
CRS3035RES200mN2637200E3491000,12216.079471845662,0.4610879750788529,0.7,173030000,17303
CRS3035RES200mN2637400E3473200,11102.782152419615,1.7228376805794416,2.5,170080000,17008
CRS3035RES200mN2637400E3475400,11279.141275691898,1.63577597481663,2.5,172180000,17218
CRS3035RES200mN2637400E3475600,11695.152484666769,1.6357759750822407,2.5,172180000,17218
CRS3035RES200mN2637400E3479200,11907.079129937469,2.87896571563449,4.4,172180000,17218
CRS3035RES200mN2637400E3482800,13708.169682066453,0.4426973087390386,0.6000000000000001,173490000,17349
CRS3035RES200mN2637400E3484000,13687.300492977953,1.9183550043919122,2.6,173490000,17349
CRS3035RES200mN2637400E3484200,13727.105573826237,0.8116117326405281,1.1,173490000,17349
CRS3035RES200mN2637400E3484400,13657.53190573353,6.197762321887024,8.4,173490000,17349
CRS3035RES200mN2637400E3488400,12876.64361220916,1.938611316501346,2.8999999999999995,174390000,17439
CRS3035RES200mN2637400E3492800,15756.01867493478,0.724566817981218,1.1,173030000,17303
CRS3035RES200mN2637600E3468800,10894.458793623855,1.3966061067408595,1.9999999999999998,170910000,17091
CRS3035RES200mN2637600E3476600,10422.075274876674,1.5703449358329937,2.4,172180000,17218
CRS3035RES200mN2637600E3477200,11424.675285340943,0.7851724679192453,1.2000000000000002,172180000,17218
CRS3035RES200mN2637600E3477800,11789.779110046402,1.1777587020768683,1.8,172180000,17218
CRS3035RES200mN2637600E3484200,13789.763057149861,7.083156939356473,9.6,173490000,17349
CRS3035RES200mN2637600E3484400,13943.583314829844,1.1805261565683403,1.6,173490000,17349
CRS3035RES200mN2637600E3484800,14065.213922147595,1.180526156560198,1.6,173490000,17349
CRS3035RES200mN2637600E3488400,13716.07213612659,4.0067685207733446,6,174390000,17439
CRS3035RES200mN2637600E3488600,12980.324391523212,10.094148579075085,15.1,174390000,17439
CRS3035RES200mN2637600E3488800,13009.406690900598,8.757175257350694,13.1,174390000,17439
CRS3035RES200mN2637600E3489200,13159.179374212024,0.8021839930577327,1.2000000000000002,174390000,17439
CRS3035RES200mN2637600E3489600,13109.415138288532,0.8021839930486464,1.2000000000000002,174390000,17439
CRS3035RES200mN2637600E3489800,12234.829990516993,1.1364273235575393,1.7000000000000002,174390000,17439
CRS3035RES200mN2637600E3491200,12483.565168705423,0.46108797507884447,0.7,173030000,17303
CRS3035RES200mN2637600E3491600,13488.401484070646,0.9221759501246325,1.4,173030000,17303
CRS3035RES200mN2637600E3491800,13415.510257932838,1.6467427680940216,2.5,173030000,17303
CRS3035RES200mN2637800E3475200,11862.189927927417,1.0468966240503295,1.6,172180000,17218
CRS3035RES200mN2637800E3480000,12896.908217001377,0.8506035070078384,1.3,172180000,17218
CRS3035RES200mN2637800E3481000,12833.402391341046,0.8506035070555,1.3,172180000,17218
CRS3035RES200mN2637800E3484000,13667.061670700115,3.0988811609838027,4.2,173490000,17349
CRS3035RES200mN2637800E3484200,13740.096167876845,7.452071363207881,10.1,173490000,17349
CRS3035RES200mN2637800E3488600,13259.118044999994,26.40522310397678,39.5,174390000,17439
CRS3035RES200mN2637800E3488800,13055.383070112239,18.04913984370431,27,174390000,17439
CRS3035RES200mN2637800E3489000,13070.636226445089,24.73400645291338,37,174390000,17439
CRS3035RES200mN2637800E3489200,12529.759365618374,14.706706540152911,22,174390000,17439
CRS3035RES200mN2637800E3489400,12950.410983334874,7.487050602131908,11.200000000000001,174390000,17439
CRS3035RES200mN2637800E3491400,13474.996876824021,1.4491336359323155,2.2,173030000,17303
CRS3035RES200mN2637800E3491600,13393.107009514812,0.4610879750702789,0.7,173030000,17303
CRS3035RES200mN2638000E3474200,11624.253319249086,0.41962143572216914,0.6000000000000001,170910000,17091
CRS3035RES200mN2638000E3483600,13739.384813576948,1.032960387057756,1.4000000000000001,173490000,17349
CRS3035RES200mN2638000E3484000,13808.25581617919,16.970063500604834,23,173490000,17349
CRS3035RES200mN2638000E3484200,13772.97372388028,15.494405804857262,21,173490000,17349
CRS3035RES200mN2638000E3488400,13290.41601797343,1.8717626504446851,2.8,174390000,17439
CRS3035RES200mN2638000E3488600,12723.014119461266,12.701246556687995,19,174390000,17439
CRS3035RES200mN2638000E3488800,12444.88774486699,41.284273863607034,62,174390000,17439
CRS3035RES200mN2638000E3489000,12806.271456461307,11.765365231671062,17.6,174390000,17439
CRS3035RES200mN2638000E3489200,13066.422473506465,3.208735972247086,4.8,174390000,17439
CRS3035RES200mN2638000E3491600,13030.767591166763,0.72456681798120115,1.1,173030000,17303
CRS3035RES200mN2638200E3476600,9644.630806573387,1.1777587020768596,1.8,172180000,17218
CRS3035RES200mN2638200E3480400,12538.517095450055,0.8506035070555107,1.3,172180000,17218
CRS3035RES200mN2638200E3481600,12353.175272823546,1.7012070141110218,2.6,172180000,17218
CRS3035RES200mN2638200E3483600,13714.002174081721,1.7707892348325698,2.4000000000000004,173490000,17349
CRS3035RES200mN2638200E3483800,13752.893370123495,3.160270826824956,4.3,173490000,17349
CRS3035RES200mN2638200E3484000,13742.75008031434,15.346840035366045,20.799999999999997,173490000,17349
CRS3035RES200mN2638200E3484200,14753.310532121493,1.2543090413382845,1.7,173490000,17349
CRS3035RES200mN2638200E3488600,14234.537659554078,1.4706706539658185,2.2,174390000,17439
CRS3035RES200mN2638200E3488800,13077.807554661824,9.358813252265493,14,174390000,17439
CRS3035RES200mN2638200E3489000,12715.75172524737,10.963181238583536,16.4,174390000,17439
CRS3035RES200mN2638200E3489200,12875.626525100757,3.208735972287348,4.8,174390000,17439
CRS3035RES200mN2638200E3490400,14882.049588461867,1.4491336358960485,2.2,173030000,17303
CRS3035RES200mN2638400E3468400,9478.50167796347,3.435103333333565,4.9,170910000,17091
CRS3035RES200mN2638400E3468600,9703.680500015811,2.2953632128252415,3.3,170910000,17091
CRS3035RES200mN2638400E3470600,10809.657521168307,1.4020829934339634,1.9999999999999998,170910000,17091
CRS3035RES200mN2638400E3473600,11266.946572903002,2.383541088837736,3.3999999999999995,170910000,17091
CRS3035RES200mN2638400E3476800,9995.003441937688,0.8506035070555046,1.3,172180000,17218
CRS3035RES200mN2638400E3478000,10769.246839053603,1.1777587020768634,1.8,172180000,17218
CRS3035RES200mN2638400E3480600,12172.255257536273,4.702431824338723,7.2,172180000,17218
CRS3035RES200mN2638400E3480800,12125.34384788383,0.8506035070555034,1.3,172180000,17218
CRS3035RES200mN2638400E3486800,15094.716546676773,1.7707892349561298,2.4,173490000,17349
CRS3035RES200mN2638400E3488800,13271.494667211924,9.492510584571011,14.200000000000001,174390000,17439
CRS3035RES200mN2638400E3489000,12888.941765362757,4.061839847663008,6.1,174390000,17439
CRS3035RES200mN2638400E3489200,13070.002215278562,5.682136617409361,8.5,174390000,17439
CRS3035RES200mN2638600E3468000,9538.568810731016,1.885418243911428,2.6999999999999997,170910000,17091
CRS3035RES200mN2638600E3468200,9849.454316525898,0.7711456463886857,1.1,170910000,17091
CRS3035RES200mN2638600E3468600,10080.28429006784,7.64135231354275,10.899999999999999,170910000,17091
CRS3035RES200mN2638600E3468800,9686.427214354318,1.5364204320478863,2.1999999999999997,170910000,17091
CRS3035RES200mN2638600E3471000,11477.370785275878,3.785624082271734,5.4,170910000,17091
CRS3035RES200mN2638600E3476600,8174.765702852221,0.39258623402561804,0.6,172180000,17218
CRS3035RES200mN2638600E3476800,7944.369733791286,0.8506035070554464,1.3,172180000,17218
CRS3035RES200mN2638600E3477800,10366.197946343647,1.5703449361025008,2.4,172180000,17218
CRS3035RES200mN2638600E3480200,12035.3578564459,1.7012070141110116,2.6,172180000,17218
CRS3035RES200mN2638600E3488800,13638.316099931246,2.206005980948406,3.3000000000000003,174390000,17439
CRS3035RES200mN2638600E3489000,12759.228069392759,8.489780593215157,12.700000000000001,174390000,17439
CRS3035RES200mN2638600E3489200,13947.016912865498,1.2032759896492373,1.7999999999999998,174390000,17439
CRS3035RES200mN2638600E3489400,13948.220789310953,0.4679406626413709,0.7,174390000,17439
CRS3035RES200mN2638800E3467800,9509.60502048689,6.633879006431141,9.5,170910000,17091
CRS3035RES200mN2638800E3468000,9566.539908083423,0.7711456463205465,1.1,170910000,17091
CRS3035RES200mN2638800E3470400,10454.452620244141,3.7856240818150186,5.4,170910000,17091
CRS3035RES200mN2638800E3476600,9289.108381361984,1.9629311701281005,3,172180000,17218
CRS3035RES200mN2638800E3476800,7929.032472039259,5.234483120341473,8,172180000,17218
CRS3035RES200mN2638800E3477000,8740.160191074923,6.215948705405451,9.5,172180000,17218
CRS3035RES200mN2638800E3477400,9703.938886229887,4.253017535277615,6.5,172180000,17218
CRS3035RES200mN2638800E3479400,11824.915675449365,1.1777587020768794,1.8,172180000,17218
CRS3035RES200mN2638800E3482800,13778.493822027116,0.6640459631085627,0.9000000000000001,173490000,17349
CRS3035RES200mN2638800E3485600,14908.701374870638,1.6970063501662873,2.3,173490000,17349
CRS3035RES200mN2638800E3487000,14925.25958600616,0.8021839930994907,1.2,173490000,17439
CRS3035RES200mN2638800E3487200,15062.189665372209,0.4679406626413706,0.7,174390000,17439
CRS3035RES200mN2638800E3487400,14790.873354908856,1.6043679861989897,2.4,174390000,17439
CRS3035RES200mN2638800E3487600,14381.59527676176,2.473400645390108,3.7,174390000,17439
CRS3035RES200mN2638800E3488600,13790.950346303118,1.069578657431889,1.6,174390000,17439
CRS3035RES200mN2638800E3490400,13350.687604091865,1.4706706540157313,2.2,174390000,17439
CRS3035RES200mN2638800E3492400,13973.459436397028,0.9221759501271021,1.4,173030000,17303
CRS3035RES200mN2639000E3467800,9699.474834592053,1.8227078913068473,2.6,170910000,17091
CRS3035RES200mN2639000E3468000,9535.275095912224,6.8702066672604545,9.8,170910000,17091
CRS3035RES200mN2639000E3468200,9598.930584301312,2.1732286395978146,3.1,170910000,17091
CRS3035RES200mN2639000E3474200,10941.901240411265,2.290086365149485,3.5,172180000,17218
CRS3035RES200mN2639000E3476000,10557.365643271403,5.757931431370767,8.799999999999999,172180000,17218
CRS3035RES200mN2639000E3476200,10553.503921608857,0.3271551949632481,0.5,172180000,17218
CRS3035RES200mN2639000E3476400,8516.329254998143,3.0752588332006687,4.7,172180000,17218
CRS3035RES200mN2639000E3476600,9540.840739297408,3.402414028222049,5.2,172180000,17218
CRS3035RES200mN2639000E3476800,7253.1849588718505,7.105823818417046,10.9,172180000,17218
CRS3035RES200mN2639000E3477000,7596.97608752031,3.5194742464405366,5.4,172180000,17218
CRS3035RES200mN2639000E3477200,7700.391194914352,7.524569485490503,11.5,172180000,17218
CRS3035RES200mN2639000E3477400,8849.663451523902,5.627069354367244,8.6,172180000,17218
CRS3035RES200mN2639000E3482800,13681.143039203598,0.29513153915936274,0.4,173490000,17349
CRS3035RES200mN2639000E3487400,14090.974529447481,0.8021839930994928,1.2,174390000,17439
CRS3035RES200mN2639000E3487600,14197.682407523127,3.1418873063063586,4.7,174390000,17439
CRS3035RES200mN2639000E3487800,15474.36520929909,2.0054599827487247,3,174390000,17439
CRS3035RES200mN2639000E3488600,13785.360808989808,2.473400645310221,3.6999999999999997,174390000,17439
CRS3035RES200mN2639000E3489200,13113.014968836267,0.4679406626413693,0.7,174390000,17439
CRS3035RES200mN2639000E3489600,14280.757045122005,0.46794066264136913,0.7,174390000,17439
CRS3035RES200mN2639200E3467800,9571.14619056108,6.940310816750537,9.9,170910000,17091
CRS3035RES200mN2639200E3468000,9465.233347792851,9.814580952888823,14,170910000,17091
CRS3035RES200mN2639200E3475000,11375.479613031424,1.1123276630725911,1.7,172180000,17218
CRS3035RES200mN2639200E3476000,10852.963377778173,7.4591384450157205,11.399999999999999,172180000,17218
CRS3035RES200mN2639200E3476200,10042.219426511752,0.32715519502134977,0.5,172180000,17218
CRS3035RES200mN2639200E3476400,8738.881428582301,1.0468966240683166,1.5999999999999999,172180000,17218
CRS3035RES200mN2639200E3476600,7095.288947597445,37.26609739790174,57,172180000,17218
CRS3035RES200mN2639200E3476800,6902.105816583025,10.46896624068298,16,172180000,17218
CRS3035RES200mN2639200E3477000,8246.88593555011,21.553766597657148,33,172180000,17218
CRS3035RES200mN2639200E3477200,8268.438831709467,25.479211656388646,39,172180000,17218
CRS3035RES200mN2639200E3477400,8802.687838095624,9.122251951174182,14,172180000,17218
CRS3035RES200mN2639200E3478000,11356.935117445846,1.9629311700276155,3,172180000,17218
CRS3035RES200mN2639200E3478600,11663.946119921047,0.785172468051251,1.2000000000000002,172180000,17218
CRS3035RES200mN2639200E3481200,12478.414570191004,0.39258623402562287,0.6000000000000001,172180000,17218
CRS3035RES200mN2639200E3486800,14432.547319308596,1.6016185177018512,2.4,174390000,17439
CRS3035RES200mN2639200E3487000,14596.706746383892,1.203275989649242,1.8,174390000,17439
CRS3035RES200mN2639200E3487200,14672.390288797154,1.203275989649232,1.8,174390000,17439
CRS3035RES200mN2639200E3487800,14842.598627123089,1.6043679861989777,2.4,174390000,17439
CRS3035RES200mN2639200E3490400,13915.25838583601,1.4706706540157326,2.2,174390000,17439
CRS3035RES200mN2639200E3491600,13787.086422707898,0.3952182643533896,0.6000000000000001,173030000,17303
CRS3035RES200mN2639400E3467800,9331.5355935244,26.99009762079092,38.5,170910000,17091
CRS3035RES200mN2639400E3468000,9917.53493709588,7.29083156513968,10.4,170910000,17091
CRS3035RES200mN2639400E3469400,8632.808863360295,6.6217485836509775,9.5,170910000,17091
CRS3035RES200mN2639400E3472400,11140.206471119734,2.863042518598908,4.1,170910000,17091
CRS3035RES200mN2639400E3474200,10594.25217692217,1.897500130872149,2.9,172180000,17218
CRS3035RES200mN2639400E3475000,11275.280668542055,0.39258623398967324,0.6000000000000001,172180000,17218
CRS3035RES200mN2639400E3475800,9937.582082189487,2.6826725991751053,4.1,172180000,17218
CRS3035RES200mN2639400E3476000,7915.984249245331,7.851724680512383,12,172180000,17218
CRS3035RES200mN2639400E3476200,7993.811573840172,20.28362209132361,31,172180000,17218
CRS3035RES200mN2639400E3476400,7631.441602819644,28.11162745420482,43,172180000,17218
CRS3035RES200mN2639400E3476600,6826.927320024287,48.37374023749746,74,172180000,17218
CRS3035RES200mN2639400E3476800,6225.465409864395,5.496207276357972,8.4,172180000,17218
CRS3035RES200mN2639400E3477000,7621.892113375935,67.10436734465262,103,172180000,17218
CRS3035RES200mN2639400E3477200,7944.563526576036,24.20948443157991,37,172180000,17218
CRS3035RES200mN2639400E3477400,9519.614360766807,3.271551950213517,5,172180000,17218
CRS3035RES200mN2639400E3478200,10703.686091616531,1.1777587020768687,1.8,172180000,17218
CRS3035RES200mN2639400E3483200,0,0.6640459631085598,0.9000000000000001,851110000,17349
CRS3035RES200mN2639400E3488800,13693.52056507107,0.8021839930994952,1.2000000000000002,174390000,17439
CRS3035RES200mN2639400E3491400,13958.262136907233,3.2276158255526908,4.9,173030000,17303
CRS3035RES200mN2639600E3467800,9111.098213507434,42.30381502322155,60.5,170910000,17091
CRS3035RES200mN2639600E3468000,9463.632482718132,4.6969780278303865,6.700000000000001,170910000,17091
CRS3035RES200mN2639600E3475600,8854.748328623635,2.2900863651494383,3.5,172180000,17218
CRS3035RES200mN2639600E3475800,8163.88200512988,37.87510526085934,58,172180000,17218
CRS3035RES200mN2639600E3476000,8138.730368703848,37.64075055273272,58,172180000,17218
CRS3035RES200mN2639600E3476200,7345.02557509578,27.4014851829897,42,172180000,17218
CRS3035RES200mN2639600E3476400,7324.674032204279,5.8887935103842635,9,172180000,17218
CRS3035RES200mN2639600E3476600,7216.661087360117,14.990858294665834,23,172180000,17218
CRS3035RES200mN2639600E3476800,6298.76395022683,28.1353467718309,43,172180000,17218
CRS3035RES200mN2639600E3477000,7956.888782023074,3.845351491481311,5.9,172180000,17218
CRS3035RES200mN2639600E3477200,8334.002550421103,7.786293641508165,11.899999999999999,172180000,17218
CRS3035RES200mN2639600E3477400,9329.800432661992,1.433859878179479,2.2,172180000,17218
CRS3035RES200mN2639600E3478200,11979.665131899113,0.7851724680335618,1.2000000000000002,172180000,17218
CRS3035RES200mN2639600E3478600,11531.669727182192,1.1777587020508424,1.8,172180000,17218
CRS3035RES200mN2639600E3479400,11998.833302257344,0.7851724680512449,1.2000000000000002,172180000,17218
CRS3035RES200mN2639600E3486400,14930.63099323661,2.656183852434213,3.6,173490000,17349
CRS3035RES200mN2639600E3486600,15829.343136985832,0.8853946174780709,1.2,173490000,17349
CRS3035RES200mN2639600E3491200,13675.589599793346,0.7353353270078686,1.1,174390000,17439
CRS3035RES200mN2639800E3467800,9475.708033530025,18.18032340652322,26,170910000,17091
CRS3035RES200mN2639800E3469400,8598.291598239259,1.4020829934337897,1.9999999999999998,170910000,17091
CRS3035RES200mN2639800E3475600,8593.646126854324,11.123276630725933,17,172180000,17218
CRS3035RES200mN2639800E3475800,7988.50385279519,44.34456832670619,68,172180000,17218
CRS3035RES200mN2639800E3476000,7205.806818980258,44.96470671203327,69,172180000,17218
CRS3035RES200mN2639800E3476200,7476.669409665644,15.337431215179054,23.5,172180000,17218
CRS3035RES200mN2639800E3476400,7605.881019399054,15.049138970982106,23,172180000,17218
CRS3035RES200mN2639800E3476600,6683.389636649013,27.481036381791746,42,172180000,17218
CRS3035RES200mN2639800E3476800,6613.267547223053,89.58008369144187,138.5,172180000,17218
CRS3035RES200mN2639800E3477000,7235.61842235669,28.060886191063258,43,172180000,17218
CRS3035RES200mN2639800E3477200,8243.50422360261,10.454603519123639,16,172180000,17218
CRS3035RES200mN2639800E3477600,11477.42656234118,0.7197414290469762,1.1,172180000,17218
CRS3035RES200mN2639800E3489400,13465.96948872827,1.6712166522555685,2.5,174390000,17439
CRS3035RES200mN2639800E3490000,13213.572889447076,0.7353353270078694,1.1,174390000,17439
CRS3035RES200mN2639800E3491200,13339.122602097628,1.8049139844414201,2.7,174390000,17439
CRS3035RES200mN2640000E3468000,9629.868643087628,0.7700521477945556,1.1,170910000,17091
CRS3035RES200mN2640000E3468800,9080.322128982687,1.6050999896190863,2.3000000000000003,170910000,17091
CRS3035RES200mN2640000E3469400,8687.218823217898,7.0528608390409815,10.1,170910000,17091
CRS3035RES200mN2640000E3475200,10662.049677275929,7.5245694854910345,11.5,172180000,17218
CRS3035RES200mN2640000E3475400,10102.488040115573,32.715519502135145,50,172180000,17218
CRS3035RES200mN2640000E3475600,7985.8108283728,25.418324879522373,39,172180000,17218
CRS3035RES200mN2640000E3475800,7975.6200952758345,27.41436811159232,42,172180000,17218
CRS3035RES200mN2640000E3476000,7543.267242325593,24.184509137622687,37,172180000,17218
CRS3035RES200mN2640000E3476200,7430.603954689902,27.481036381792283,42,172180000,17218
CRS3035RES200mN2640000E3476400,6869.538761235268,43.51908652019064,67,172180000,17218
CRS3035RES200mN2640000E3476600,7041.99564791151,76.71762657364211,117.5,172180000,17218
CRS3035RES200mN2640000E3476800,5948.686716720282,90.04140697901362,139,172180000,17218
CRS3035RES200mN2640000E3477000,7897.87805011367,14.990353271876648,23,172180000,17218
CRS3035RES200mN2640000E3477200,8361.98781405981,0.32715519502134816,0.5,172180000,17218
CRS3035RES200mN2640000E3480000,12203.953811018242,0.8506035070555248,1.3,172180000,17218
CRS3035RES200mN2640000E3480600,12396.047912724316,0.5888793510384284,0.9000000000000001,172180000,17218
CRS3035RES200mN2640000E3488400,13717.324941654,1.6043679861989824,2.4,174390000,17439
CRS3035RES200mN2640200E3468000,9494.10672856512,1.6123954424490636,2.3000000000000003,170910000,17091
CRS3035RES200mN2640200E3468200,10023.873443001792,6.368815263521444,9.1,170910000,17091
CRS3035RES200mN2640200E3468400,10036.066687740255,31.54686735226435,45,170910000,17091
CRS3035RES200mN2640200E3468600,9511.095471003557,10.265054884545291,14.7,170910000,17091
CRS3035RES200mN2640200E3468800,8895.316732185898,11.261471960687185,16.1,170910000,17091
CRS3035RES200mN2640200E3469000,8506.845571342312,16.72073189054936,24,170910000,17091
CRS3035RES200mN2640200E3469200,8754.997246057632,28.742701365389284,41,170910000,17091
CRS3035RES200mN2640200E3469400,8740.350252793507,5.818644422750492,8.3,170910000,17091
CRS3035RES200mN2640200E3470200,10702.074488478731,0.8412497959538889,1.2000000000000002,170910000,17091
CRS3035RES200mN2640200E3470800,11237.294028726525,2.087776389108306,3,170910000,17091
CRS3035RES200mN2640200E3475400,10508.739317009316,8.733510167092035,13.4,172180000,17218
CRS3035RES200mN2640200E3475600,10192.94523037998,2.932895205367207,4.5,172180000,17218
CRS3035RES200mN2640200E3476200,7735.120618807971,6.673965978435549,10.2,172180000,17218
CRS3035RES200mN2640200E3476400,7430.702927102282,43.81584233128587,67,172180000,17218
CRS3035RES200mN2640200E3476600,6847.951915178197,41.12673776945051,63,172180000,17218
CRS3035RES200mN2640200E3476800,6032.059079137958,26.826725991747757,41,172180000,17218
CRS3035RES200mN2640200E3477000,7283.626129768977,9.160345460597688,14,172180000,17218
CRS3035RES200mN2640200E3477200,8254.83679378309,8.506035070555082,13,172180000,17218
CRS3035RES200mN2640200E3477400,8881.07606181818,6.215948705405729,9.5,172180000,17218
CRS3035RES200mN2640200E3477600,9763.87240005713,3.975702389497725,6.1,172180000,17218
CRS3035RES200mN2640200E3478000,11778.241596294576,0.7851724680512447,1.2000000000000002,172180000,17218
CRS3035RES200mN2640200E3478400,11924.23828257682,1.107982633138713,1.7000000000000002,172180000,17218
CRS3035RES200mN2640200E3480000,12174.950452305004,1.439482858093954,2.2,172180000,17218
CRS3035RES200mN2640200E3484600,0,2.656183852434246,3.6,851110000,17349
CRS3035RES200mN2640200E3484800,14933.244026721417,1.2543090414272824,1.7,173490000,17349
CRS3035RES200mN2640200E3485000,15212.671141614126,0.368914423949205,0.5,173490000,17349
CRS3035RES200mN2640200E3486800,15477.417317215808,2.3610523132749566,3.2,173490000,17349
CRS3035RES200mN2640200E3489400,13509.734792321371,1.1319881543007215,1.7,174390000,17439
CRS3035RES200mN2640400E3466600,10731.929915957176,0.5564516879814878,0.8,170910000,17091
CRS3035RES200mN2640400E3466800,10566.774401625487,1.1917705443359066,1.7,170910000,17091
CRS3035RES200mN2640400E3467000,10505.076650481533,0.5608331973218937,0.8,170910000,17091
CRS3035RES200mN2640400E3467200,10288.135187035516,16.75780364034706,24,170910000,17091
CRS3035RES200mN2640400E3467400,10020.809858728322,14.664364119030944,21,170910000,17091
CRS3035RES200mN2640400E3467600,10106.4816520683,19.629161905955964,28,170910000,17091
CRS3035RES200mN2640400E3467800,9861.786676110945,5.888748572422706,8.4,170910000,17091
CRS3035RES200mN2640400E3468000,9801.762288040509,15.383857036932282,22,170910000,17091
CRS3035RES200mN2640400E3468200,9642.595613493431,33.857684740309956,48.5,170910000,17091
CRS3035RES200mN2640400E3468400,9255.746819088978,48.37730065191256,70,170910000,17091
CRS3035RES200mN2640400E3468600,9096.175825459224,31.48684690803368,45,170910000,17091
CRS3035RES200mN2640400E3468800,8468.626024703877,25.069446063373697,36,170910000,17091
CRS3035RES200mN2640400E3469000,9388.182384658448,39.65578911797749,57,170910000,17091
CRS3035RES200mN2640400E3469200,8592.096010335852,57.15444899875819,82,170910000,17091
CRS3035RES200mN2640400E3469400,8769.44548555898,17.457576334257922,25,170910000,17091
CRS3035RES200mN2640400E3470200,10346.24718394156,0.8412497959873115,1.2000000000000002,170910000,17091
CRS3035RES200mN2640400E3475800,9357.877048933447,1.6357759751067444,2.5,172180000,17218
CRS3035RES200mN2640400E3476000,8390.438222417832,0.9160345460597831,1.4,172180000,17218
CRS3035RES200mN2640400E3476400,7080.394276331052,1.3086207800852616,1.9999999999999998,172180000,17218
CRS3035RES200mN2640400E3476600,7449.652004388564,0.9160345460597695,1.4,172180000,17218
CRS3035RES200mN2640400E3476800,6829.869079559971,0.39258623402560455,0.6000000000000001,172180000,17218
CRS3035RES200mN2640400E3477000,7034.771656407271,0.5865790410733077,0.9000000000000001,172180000,17218
CRS3035RES200mN2640400E3477200,7883.232662954934,1.4394828580939307,2.2,172180000,17218
CRS3035RES200mN2640400E3477400,8443.416800990532,7.0655230283306665,10.799999999999999,172180000,17218
CRS3035RES200mN2640400E3477600,8357.06292344644,5.88879351038431,9,172180000,17218
CRS3035RES200mN2640400E3477800,9656.65134849778,4.580172730298279,7,172180000,17218
CRS3035RES200mN2640400E3478000,11076.578235945419,5.888793510384158,9,172180000,17218
CRS3035RES200mN2640400E3478400,11931.841352276531,1.5049138970982068,2.3,172180000,17218
CRS3035RES200mN2640400E3480000,12111.841794642942,0.3271551950192348,0.5,172180000,17218
CRS3035RES200mN2640400E3491000,13408.119844098193,1.671216652249694,2.5,174390000,17439
CRS3035RES200mN2640600E3467200,10279.884797436596,2.7340618368864282,3.9,170910000,17091
CRS3035RES200mN2640600E3467400,9776.688636870467,20.960894862124153,30,170910000,17091
CRS3035RES200mN2640600E3467600,10012.657214854498,27.87993283387676,40,170910000,17091
CRS3035RES200mN2640600E3467800,10125.025686686595,28.548923104244118,41,170910000,17091
CRS3035RES200mN2640600E3468000,9668.499991560268,22.410900219397817,32,170910000,17091
CRS3035RES200mN2640600E3468200,9577.726360813123,2.793212213481737,4,170910000,17091
CRS3035RES200mN2640600E3468400,9512.131349726034,1.2618746940905612,1.8,170910000,17091
CRS3035RES200mN2640600E3468600,9962.397465657505,8.309806334140907,11.9,170910000,17091
CRS3035RES200mN2640600E3468800,9468.641031361098,20.971810256385417,30,170910000,17091
CRS3035RES200mN2640600E3469000,8364.072231284083,31.32656157789898,45,170910000,17091
CRS3035RES200mN2640600E3469200,9147.46042811061,20.253760775281968,29,170910000,17091
CRS3035RES200mN2640600E3469400,9411.043003698063,10.822823705576301,15.5,170910000,17091
CRS3035RES200mN2640600E3476800,7495.205302788417,0.5888793510384104,0.8999999999999999,172180000,17218
CRS3035RES200mN2640600E3477000,7407.594445313391,0.5888793510383981,0.9000000000000001,172180000,17218
CRS3035RES200mN2640600E3477800,10018.946100310683,1.4338598781795058,2.2,172180000,17218
CRS3035RES200mN2640600E3478000,11214.861411180054,3.5332761059611966,5.4,172180000,17218
CRS3035RES200mN2640600E3478200,9774.122012508999,9.124562861142369,14,172180000,17218
CRS3035RES200mN2640600E3478400,11793.434244621236,4.318448574281793,6.6,172180000,17218
CRS3035RES200mN2640600E3478600,11946.45320071606,7.001121173456951,10.7,172180000,17218
CRS3035RES200mN2640600E3478800,11890.621928105264,2.7481036381793533,4.2,172180000,17218
CRS3035RES200mN2640600E3479600,12302.417832475914,1.5703449361024784,2.4000000000000004,172180000,17218
CRS3035RES200mN2640600E3490400,13464.98217314863,0.802183993099494,1.2,174390000,17439
CRS3035RES200mN2640600E3490800,13374.450874388753,1.6712166522562186,2.5,174390000,17439
CRS3035RES200mN2640600E3491000,13901.02883216771,1.2032759896492398,1.8,174390000,17439
CRS3035RES200mN2640600E3491200,13810.6760780419,0.4010919965497455,0.6000000000000001,174390000,17439
CRS3035RES200mN2640800E3467600,10094.90547950562,1.8195244260996117,2.6,170910000,17091
CRS3035RES200mN2640800E3475400,11348.846165058041,0.7851724680512264,1.2000000000000002,172180000,17218
CRS3035RES200mN2640800E3476800,7547.376701734179,0.3925862340256169,0.6000000000000001,172180000,17218
CRS3035RES200mN2640800E3477000,7618.681617798242,1.4394828580939145,2.2,172180000,17218
CRS3035RES200mN2640800E3478800,11966.287114436827,3.129250856913848,4.8,172180000,17218
CRS3035RES200mN2640800E3479200,12253.06119819837,1.5703449361024797,2.4000000000000004,172180000,17218
CRS3035RES200mN2640800E3479400,0,1.243189741081128,1.9,172180000,17218
CRS3035RES200mN2640800E3489800,13050.559660857249,0.7353353269932296,1.1,174390000,17439
CRS3035RES200mN2640800E3490000,13323.39964471259,2.406551979250619,3.6,174390000,17439
CRS3035RES200mN2640800E3490200,13679.69276056591,1.2032759896242797,1.8,174390000,17439
CRS3035RES200mN2640800E3490600,13664.600443064304,3.676676634954086,5.5,174390000,17439
CRS3035RES200mN2641000E3475600,11949.136051433692,2.486379482138299,3.8,172180000,17218
CRS3035RES200mN2641000E3478800,12542.694788836203,0.916034546059777,1.4,172180000,17218
CRS3035RES200mN2641000E3479000,12239.332829700788,0.8506035070555079,1.3,172180000,17218
CRS3035RES200mN2641000E3489600,13881.616741829346,1.6043679861695272,2.4,174390000,17439
CRS3035RES200mN2641000E3489800,13481.231500998774,1.1364273235324887,1.7,174390000,17439
CRS3035RES200mN2641000E3492000,11381.222438318156,1.8717626505641771,2.8,174390000,17439
CRS3035RES200mN2641200E3478400,12171.74502282776,1.570344935846354,2.4000000000000004,172180000,17218
CRS3035RES200mN2641200E3478800,11519.600882694484,0.9160345460596583,1.4,172180000,17218
CRS3035RES200mN2641200E3489600,13595.044773257932,0.4010919965414904,0.6000000000000001,174390000,17439
CRS3035RES200mN2641200E3492000,12006.512361622457,0.8018685384256874,1.2,851320000,17439
CRS3035RES200mN2641400E3476800,9267.265754020933,1.439482858093939,2.2,172180000,17218
CRS3035RES200mN2641400E3477400,10182.890381052595,2.290086365149344,3.5,172180000,17218
CRS3035RES200mN2641400E3489400,12953.587251822264,0.4010919965419316,0.6000000000000001,174390000,17439
CRS3035RES200mN2641600E3476400,12112.668777166638,1.1123276629201526,1.7,172180000,17218
CRS3035RES200mN2641600E3477400,11852.674914446978,0.5888793509673791,0.9000000000000001,172180000,17218
CRS3035RES200mN2641600E3479600,12486.838919755404,0.3925862340018568,0.6000000000000001,172180000,17218
CRS3035RES200mN2641600E3479800,12050.349152545468,1.439482857908144,2.2,172180000,17218
CRS3035RES200mN2641600E3489200,4152.322345279837,0.401091996541585,0.6000000000000001,174390000,17439
CRS3035RES200mN2641800E3470800,11209.08005244391,1.6060970227286584,2.3000000000000003,170910000,17091
CRS3035RES200mN2641800E3474800,12456.30566474962,4.178204730036894,6.4,172180000,17218
CRS3035RES200mN2641800E3476800,8637.86272552878,0.5888793510384326,0.9000000000000001,172180000,17218
CRS3035RES200mN2642000E3472600,13256.952824887816,1.4394828580939492,2.2,172180000,17218
CRS3035RES200mN2642000E3474800,12445.139337740493,0.5234483120341625,0.8,172180000,17218
CRS3035RES200mN2642000E3476800,8755.368821652588,1.6357759751066439,2.5,172180000,17218
CRS3035RES200mN2642200E3473200,13124.78336882578,0.916034546059787,1.4,172180000,17218
CRS3035RES200mN2642200E3476800,9030.086960453962,0.3271551950213492,0.5,172180000,17218
CRS3035RES200mN2642400E3471400,13577.032596241572,1.962931170128135,3,172180000,17218
CRS3035RES200mN2642400E3473800,12578.894765542482,1.9552634702447718,3,172180000,17218
CRS3035RES200mN2642600E3476600,11853.12665719808,1.635775974906461,2.5,172180000,17218
CRS3035RES200mN2642800E3471600,12049.157140213407,2.411491613301898,3.7,172180000,17218
CRS3035RES200mN2642800E3472600,12351.480076390633,1.4394828580939625,2.2,172180000,17218
CRS3035RES200mN2642800E3476800,10249.866371190083,0.3271551950213482,0.5,172180000,17218
CRS3035RES200mN2642800E3477400,11686.173063901611,1.3086207799372174,2,172180000,17218
CRS3035RES200mN2642800E3477800,11966.01854031388,0.9776317350170699,1.5,172180000,17218
CRS3035RES200mN2642800E3478200,12196.993771977646,0.32715519498393725,0.5,172180000,17218
CRS3035RES200mN2642800E3480200,13362.26741310968,0.9814655850569333,1.5,172180000,17218
CRS3035RES200mN2643000E3475200,12817.599808324232,0.916034546059791,1.4,172180000,17218
CRS3035RES200mN2643000E3476800,11681.477097304107,1.962931169833784,3,172180000,17218
CRS3035RES200mN2643000E3478600,12505.876563169202,0.9814655849433997,1.5,172180000,17218
CRS3035RES200mN2643000E3479000,12758.33939125398,1.3086207800746763,2,172180000,17218
CRS3035RES200mN2643000E3479200,12859.488665096993,3.598707145201062,5.5,172180000,17218
CRS3035RES200mN2643200E3471400,12027.373742203361,1.1731580821468655,1.8,172180000,17218
CRS3035RES200mN2643200E3472400,12225.43167478859,0.916034546059785,1.4,172180000,17218
CRS3035RES200mN2643200E3475400,12839.530449385522,0.5234483120302151,0.8,172180000,17218
CRS3035RES200mN2643200E3476800,11858.336361118443,0.6543103899518877,1,172180000,17218
CRS3035RES200mN2643200E3480000,13185.245978075607,0.9814655850554523,1.5,172180000,17218
CRS3035RES200mN2643400E3473200,12487.940974753621,2.224655326145192,3.4000000000000004,172180000,17218
CRS3035RES200mN2643600E3473400,12781.998756665009,0.9089081819952752,1.4,172180000,17218
CRS3035RES200mN2643600E3476600,12038.261274614442,3.1933210184333864,4.9,172180000,17218
CRS3035RES200mN2643600E3480200,13143.72610657964,1.6357759750948166,2.5,172180000,17218
CRS3035RES200mN2643800E3473800,12488.836532332567,2.355517404153714,3.5999999999999996,172180000,17218
CRS3035RES200mN2643800E3474200,12655.358830090669,1.962931170128092,3,172180000,17218
CRS3035RES200mN2644000E3474400,12956.765825707535,1.9629311701281025,3,172180000,17218
CRS3035RES200mN2644000E3475600,12885.10821751941,1.1106133296970033,1.7000000000000002,172180000,17218
CRS3035RES200mN2644000E3476800,12106.205018016264,1.3740518189112696,2.1,172180000,17218
CRS3035RES200mN2644000E3481400,13939.205610800835,0.327155195021344,0.5,172180000,17218
CRS3035RES200mN2644200E3474600,12923.73443176331,0.7851724680512384,1.2,172180000,17218
CRS3035RES200mN2644200E3477000,12199.143352238461,1.8975001308881276,2.9000000000000004,172180000,17218
CRS3035RES200mN2644200E3481600,14015.575723081356,1.7666380531152932,2.7,172180000,17218
CRS3035RES200mN2644400E3475600,12846.819030719678,0.7851724680512423,1.2,172180000,17218
CRS3035RES200mN2644600E3477000,12338.023824796988,0.45801727297118827,0.7,172180000,17218
CRS3035RES200mN2644600E3480400,14091.25900441273,2.0937932481366417,3.2,172180000,17218
CRS3035RES200mN2644800E3480800,14248.806356531531,0.7197414290469711,1.1,172180000,17218
CRS3035RES200mN2645400E3480000,14610.430456050275,0.32715519502135176,0.5,172180000,17218
CRS3035RES200mN2645400E3482200,15874.839271292043,1.6357759751067484,2.5,172180000,17218
