idINS,individuals,households,households_poor,households_1person,households_5plus_person,households_owner,households_single_parent,sum_niveau_de_vie_eur,sum_dwelling_surface_m2,households_collective_housing,households_house,households_social_housing,pop_0_3,pop_4_5,pop_6_10,pop_11_17,pop_18_24,pop_25_39,pop_40_54,pop_55_64,pop_65_79,pop_80p,avg_niveau_de_vie_eur
CRS3035RES200mN2600800E3492200,4.0,1.9,0.4,0.6,0.0,1.4,0.2,95248.7,195.6,0.0,1.9,0.0,0.1,0.3,0.1,0.1,0.3,0.7,1.2,0.5,0.6,0.1,23812.0
CRS3035RES200mN2600800E3492400,18.0,8.5,1.6,2.6,0.0,6.4,1.1,428619.0,880.4,0.0,8.5,0.0,0.5,1.6,0.3,0.3,1.6,3.2,5.3,2.1,2.6,0.5,23812.0
CRS3035RES200mN2600800E3492600,6.0,2.8,0.5,0.9,0.0,2.1,0.4,142873.0,293.5,0.0,2.8,0.0,0.2,0.5,0.1,0.1,0.5,1.0,1.8,0.7,0.9,0.2,23812.0
CRS3035RES200mN2601200E3490200,3.0,1.2,0.1,0.2,0.1,0.9,0.1,84912.7,151.5,0.0,1.2,0.0,0.2,0.0,0.3,0.2,0.2,0.1,0.9,0.4,0.6,0.1,28304.0
CRS3035RES200mN2601400E3491600,5.0,2.0,0.2,0.3,0.2,1.5,0.2,141521.2,252.5,0.0,2.0,0.0,0.3,0.0,0.5,0.3,0.3,0.2,1.5,0.7,1.0,0.2,28304.0
CRS3035RES200mN2601400E3493000,3.0,1.5,0.1,0.5,0.0,1.3,0.1,76283.2,171.4,0.0,1.5,0.0,0.1,0.0,0.3,0.1,0.0,0.4,0.5,0.7,0.8,0.1,25428.0
CRS3035RES200mN2601600E3490000,2.0,0.8,0.1,0.1,0.1,0.6,0.1,56608.5,101.0,0.0,0.8,0.0,0.1,0.0,0.2,0.1,0.1,0.1,0.6,0.3,0.4,0.1,28304.0
CRS3035RES200mN2601600E3490200,15.0,6.0,0.5,1.0,0.5,4.5,0.5,424563.7,757.5,0.0,6.0,0.0,1.0,0.0,1.5,1.0,1.0,0.5,4.5,2.0,3.0,0.5,28304.0
CRS3035RES200mN2601600E3490400,2.0,0.8,0.1,0.1,0.1,0.6,0.1,56608.5,101.0,0.0,0.8,0.0,0.1,0.0,0.2,0.1,0.1,0.1,0.6,0.3,0.4,0.1,28304.0
CRS3035RES200mN2601600E3491800,2.0,0.8,0.1,0.1,0.1,0.6,0.1,56608.5,101.0,0.0,0.8,0.0,0.1,0.0,0.2,0.1,0.1,0.1,0.6,0.3,0.4,0.1,28304.0
CRS3035RES200mN2602200E3489600,4.0,1.5,0.4,0.2,0.1,1.2,0.0,104616.0,209.9,0.0,1.5,0.0,0.0,0.0,0.0,0.6,0.1,0.5,1.1,0.8,0.7,0.2,26154.0
CRS3035RES200mN2602600E3491800,4.0,1.8,0.3,0.6,0.2,1.6,0.3,77951.3,208.7,0.0,1.8,0.0,0.1,0.1,0.3,0.5,0.2,0.3,1.2,0.6,0.4,0.3,19488.0
CRS3035RES200mN2602800E3491800,10.0,4.5,0.6,1.5,0.4,4.0,0.6,194878.3,521.7,0.0,4.5,0.0,0.2,0.2,0.7,1.4,0.4,0.6,3.0,1.5,1.1,0.9,19488.0
CRS3035RES200mN2602800E3492000,1.0,0.4,0.1,0.1,0.0,0.3,0.1,21513.0,50.8,0.1,0.3,0.0,0.0,0.0,0.0,0.2,0.1,0.2,0.2,0.1,0.1,0.1,21513.0
CRS3035RES200mN2603000E3489000,15.0,5.7,1.4,0.7,0.4,4.6,0.0,392310.1,787.1,0.0,5.7,0.0,0.0,0.0,0.0,2.3,0.5,1.8,4.3,2.9,2.5,0.7,26154.0
CRS3035RES200mN2603000E3491800,48.0,21.0,2.0,7.0,1.0,17.0,1.0,1106929.1,2601.0,0.0,21.0,0.0,8.0,0.0,3.0,1.0,3.0,14.0,8.0,1.0,7.0,3.0,23061.0
CRS3035RES200mN2603000E3492000,4.0,1.7,0.2,0.4,0.1,1.2,0.2,86052.0,203.3,0.3,1.4,0.0,0.0,0.1,0.1,0.6,0.4,0.7,0.7,0.5,0.5,0.4,21513.0
CRS3035RES200mN2603200E3488800,2.0,0.8,0.2,0.1,0.0,0.6,0.0,52308.0,105.0,0.0,0.8,0.0,0.0,0.0,0.0,0.3,0.1,0.2,0.6,0.4,0.3,0.1,26154.0
CRS3035RES200mN2603200E3489000,30.5,12.0,4.0,2.0,0.0,7.0,2.0,661170.4,1621.0,0.0,12.0,0.0,0.0,3.0,1.0,4.5,1.0,6.0,11.0,3.0,1.0,0.0,21678.0
CRS3035RES200mN2603200E3491600,26.0,7.9,0.6,0.6,1.8,6.7,1.2,572735.9,865.3,0.0,7.9,0.0,1.2,0.6,1.2,4.2,1.8,2.4,7.9,4.3,2.4,0.0,22028.0
CRS3035RES200mN2603200E3491800,52.0,19.0,3.0,6.0,3.0,15.0,1.0,1039041.5,2176.0,0.0,19.0,0.0,3.0,0.0,6.0,8.0,4.0,6.0,11.0,8.0,2.0,4.0,19982.0
CRS3035RES200mN2603200E3492000,12.0,5.0,0.6,1.1,0.3,3.6,0.6,258155.9,609.9,0.8,4.2,0.0,0.2,0.2,0.2,1.9,1.3,2.1,2.1,1.4,1.5,1.1,21513.0
CRS3035RES200mN2603400E3491800,15.0,4.5,0.3,0.3,1.0,3.8,0.7,330424.5,499.2,0.0,4.5,0.0,0.7,0.4,0.7,2.4,1.1,1.4,4.5,2.4,1.4,0.0,22028.0
CRS3035RES200mN2603600E3487800,2.0,1.0,0.3,0.2,0.0,0.8,0.3,42818.0,120.7,0.0,1.0,0.0,0.0,0.0,0.1,0.2,0.1,0.3,0.3,0.4,0.4,0.2,21409.0
CRS3035RES200mN2603600E3491800,2.0,0.6,0.0,0.0,0.1,0.5,0.1,44056.6,66.6,0.0,0.6,0.0,0.1,0.1,0.1,0.3,0.1,0.2,0.6,0.3,0.2,0.0,22028.0
CRS3035RES200mN2603600E3493200,14.0,5.9,0.8,1.3,0.4,4.2,0.8,301181.9,711.5,1.0,4.9,0.0,0.2,0.2,0.3,2.2,1.5,2.4,2.5,1.7,1.7,1.3,21513.0
CRS3035RES200mN2603800E3488400,1.0,0.4,0.1,0.0,0.0,0.3,0.0,26154.0,52.5,0.0,0.4,0.0,0.0,0.0,0.0,0.2,0.0,0.1,0.3,0.2,0.2,0.0,26154.0
CRS3035RES200mN2603800E3490200,8.0,3.6,0.5,1.2,0.3,3.2,0.5,155902.7,417.4,0.0,3.6,0.0,0.2,0.2,0.6,1.1,0.3,0.5,2.4,1.2,0.8,0.7,19488.0
CRS3035RES200mN2603800E3490400,9.0,4.0,0.6,1.3,0.4,3.6,0.6,175390.5,469.5,0.0,4.0,0.0,0.2,0.2,0.7,1.2,0.4,0.6,2.7,1.3,0.9,0.8,19488.0
CRS3035RES200mN2603800E3490600,16.0,7.1,1.0,2.4,0.7,6.5,1.0,311805.3,834.7,0.0,7.1,0.0,0.3,0.3,1.2,2.2,0.7,1.0,4.8,2.4,1.7,1.4,19488.0
CRS3035RES200mN2604000E3488600,5.0,2.6,0.2,1.3,0.2,2.6,0.2,88980.1,303.0,0.0,2.6,0.0,0.0,0.0,0.4,0.7,0.0,0.2,1.1,0.9,1.3,0.4,17796.0
CRS3035RES200mN2604000E3490400,5.0,2.0,0.2,0.5,0.1,1.8,0.2,126337.9,236.7,0.0,2.0,0.0,0.1,0.3,0.3,0.6,0.5,0.8,1.2,0.3,0.7,0.2,25268.0
CRS3035RES200mN2604000E3490600,46.0,18.0,1.8,4.5,0.9,16.2,1.8,1162308.6,2177.3,0.0,18.0,0.0,0.9,2.7,2.7,5.4,4.5,7.2,11.8,2.7,6.3,1.8,25268.0
CRS3035RES200mN2604000E3491400,3.0,1.2,0.1,0.3,0.1,1.1,0.2,58718.2,145.3,0.1,1.1,0.0,0.1,0.1,0.1,0.7,0.1,0.3,0.8,0.1,0.6,0.1,19573.0
CRS3035RES200mN2604000E3491600,5.0,2.0,0.2,0.6,0.2,1.9,0.4,97863.7,242.2,0.2,1.8,0.0,0.2,0.2,0.2,1.1,0.2,0.5,1.3,0.2,0.9,0.2,19573.0
CRS3035RES200mN2604000E3493000,2.0,1.0,0.1,0.3,0.1,0.9,0.1,55595.4,100.1,0.1,0.9,0.0,0.0,0.0,0.2,0.2,0.1,0.2,0.4,0.4,0.2,0.3,27798.0
CRS3035RES200mN2604200E3488400,1.0,0.5,0.0,0.3,0.0,0.5,0.0,17796.0,60.6,0.0,0.5,0.0,0.0,0.0,0.1,0.1,0.0,0.0,0.2,0.2,0.3,0.1,17796.0
CRS3035RES200mN2604200E3488600,17.0,8.8,0.6,4.4,0.6,8.8,0.6,302532.4,1030.1,0.0,8.8,0.0,0.0,0.0,1.3,2.5,0.0,0.6,3.8,3.1,4.4,1.3,17796.0
CRS3035RES200mN2604400E3486000,13.0,5.4,0.5,1.9,0.3,4.1,0.0,350840.6,679.0,0.0,5.4,0.0,0.5,0.3,0.6,0.8,1.9,1.9,2.4,2.2,1.6,0.8,26988.0
CRS3035RES200mN2604400E3488400,24.0,13.0,1.0,6.0,0.0,13.0,1.0,595093.3,1458.0,0.0,13.0,0.0,1.0,0.0,0.0,3.0,0.0,2.0,6.0,7.0,3.0,2.0,24796.0
CRS3035RES200mN2604400E3488600,2.0,1.0,0.1,0.5,0.1,1.0,0.1,35592.0,121.2,0.0,1.0,0.0,0.0,0.0,0.1,0.3,0.0,0.1,0.4,0.4,0.5,0.2,17796.0
CRS3035RES200mN2604600E3486000,28.0,11.7,1.2,4.1,0.6,8.8,0.0,755656.8,1462.4,0.0,11.7,0.0,1.2,0.6,1.2,1.7,4.1,4.1,5.2,4.7,3.5,1.7,26988.0
CRS3035RES200mN2604600E3486200,7.0,2.9,0.3,1.0,0.1,2.2,0.0,188914.2,365.6,0.0,2.9,0.0,0.3,0.2,0.3,0.4,1.0,1.0,1.3,1.2,0.9,0.4,26988.0
CRS3035RES200mN2604600E3492000,11.5,5.5,0.6,1.8,0.3,4.9,0.6,319673.8,575.3,0.6,4.9,0.0,0.0,0.0,1.1,1.2,0.6,1.2,2.5,2.2,1.2,1.5,27798.0
CRS3035RES200mN2604600E3495000,1.0,0.5,0.0,0.2,0.0,0.4,0.1,24713.6,53.9,0.0,0.5,0.0,0.0,0.0,0.1,0.0,0.0,0.2,0.1,0.1,0.4,0.1,24714.0
CRS3035RES200mN2604800E3488600,2.0,1.0,0.1,0.5,0.1,1.0,0.1,35592.0,121.2,0.0,1.0,0.0,0.0,0.0,0.1,0.3,0.0,0.1,0.4,0.4,0.5,0.2,17796.0
CRS3035RES200mN2604800E3491800,4.0,1.6,0.1,0.4,0.1,1.5,0.3,78291.0,193.8,0.1,1.5,0.0,0.1,0.1,0.2,0.9,0.2,0.4,1.0,0.2,0.7,0.2,19573.0
CRS3035RES200mN2604800E3492000,12.0,5.8,0.6,1.9,0.3,5.1,0.6,333572.6,600.3,0.7,5.1,0.0,0.0,0.0,1.1,1.3,0.6,1.3,2.6,2.2,1.3,1.6,27798.0
CRS3035RES200mN2605200E3486800,1.0,0.3,0.0,0.1,0.0,0.3,0.0,22632.4,43.6,0.0,0.3,0.0,0.1,0.0,0.1,0.0,0.1,0.1,0.3,0.2,0.0,0.1,22632.0
CRS3035RES200mN2605400E3486800,33.0,11.3,0.9,1.7,0.9,9.6,0.0,746870.4,1439.8,0.0,11.3,0.0,2.6,1.7,2.6,0.9,3.5,3.5,9.6,5.2,1.7,1.7,22632.0
CRS3035RES200mN2605400E3488000,10.0,3.7,0.4,0.5,0.2,3.0,0.1,235688.9,417.9,0.1,3.6,0.0,0.0,0.1,0.8,1.3,0.5,1.6,2.0,2.0,1.1,0.6,23569.0
CRS3035RES200mN2605400E3488200,5.0,1.8,0.2,0.2,0.1,1.5,0.1,117844.5,208.9,0.0,1.8,0.0,0.0,0.1,0.4,0.7,0.2,0.8,1.0,1.0,0.5,0.3,23569.0
CRS3035RES200mN2605400E3488800,11.0,4.1,0.4,0.5,0.3,3.3,0.1,259257.8,459.6,0.2,3.9,0.0,0.0,0.1,0.9,1.5,0.5,1.7,2.2,2.2,1.2,0.7,23569.0
CRS3035RES200mN2605400E3490800,2.0,0.8,0.1,0.2,0.1,0.7,0.1,39145.5,96.9,0.1,0.7,0.0,0.1,0.1,0.1,0.4,0.1,0.2,0.5,0.1,0.3,0.1,19573.0
CRS3035RES200mN2605400E3491000,4.0,1.6,0.1,0.4,0.1,1.5,0.3,78291.0,193.8,0.1,1.5,0.0,0.1,0.1,0.2,0.9,0.2,0.4,1.0,0.2,0.7,0.2,19573.0
CRS3035RES200mN2605400E3495200,3.0,1.4,0.1,0.5,0.0,1.2,0.2,74140.8,161.8,0.0,1.4,0.0,0.2,0.0,0.2,0.1,0.1,0.6,0.2,0.3,1.1,0.2,24714.0
CRS3035RES200mN2605400E3496400,3.0,1.5,0.3,0.9,0.2,1.0,0.0,65093.5,181.0,0.0,1.5,0.0,0.0,0.0,0.1,0.5,0.1,0.1,0.7,0.3,0.4,0.8,21698.0
CRS3035RES200mN2605600E3487600,2.0,0.7,0.1,0.1,0.1,0.6,0.0,45264.9,87.3,0.0,0.7,0.0,0.2,0.1,0.2,0.0,0.2,0.2,0.6,0.3,0.1,0.1,22632.0
CRS3035RES200mN2605600E3487800,2.0,0.7,0.1,0.1,0.1,0.6,0.0,45264.9,87.3,0.0,0.7,0.0,0.2,0.1,0.2,0.0,0.2,0.2,0.6,0.3,0.1,0.1,22632.0
CRS3035RES200mN2605600E3488000,29.0,10.7,1.0,1.4,0.7,8.6,0.3,683497.9,1211.8,0.3,10.4,0.0,0.0,0.3,2.4,3.8,1.4,4.5,5.9,5.9,3.1,1.7,23569.0
CRS3035RES200mN2605600E3488200,6.0,2.2,0.2,0.3,0.1,1.8,0.1,141413.4,250.7,0.1,2.1,0.0,0.0,0.1,0.5,0.8,0.3,0.9,1.2,1.2,0.6,0.4,23569.0
CRS3035RES200mN2605600E3488600,6.0,2.2,0.2,0.3,0.1,1.8,0.1,141413.4,250.7,0.1,2.1,0.0,0.0,0.1,0.5,0.8,0.3,0.9,1.2,1.2,0.6,0.4,23569.0
CRS3035RES200mN2605600E3488800,6.0,2.2,0.2,0.3,0.1,1.8,0.1,141413.4,250.7,0.1,2.1,0.0,0.0,0.1,0.5,0.8,0.3,0.9,1.2,1.2,0.6,0.4,23569.0
CRS3035RES200mN2605600E3489200,15.0,6.9,0.9,2.1,0.3,5.1,1.2,320586.1,788.4,0.0,6.9,0.0,1.2,0.6,1.1,1.3,0.9,5.1,3.0,0.0,1.8,0.0,21372.0
CRS3035RES200mN2605600E3489400,11.0,5.1,0.7,1.5,0.2,3.7,0.9,235096.4,578.2,0.0,5.1,0.0,0.9,0.4,0.8,1.0,0.7,3.7,2.2,0.0,1.3,0.0,21372.0
CRS3035RES200mN2605600E3489600,7.0,3.2,0.4,1.0,0.1,2.4,0.6,149606.8,367.9,0.0,3.2,0.0,0.6,0.3,0.5,0.6,0.4,2.4,1.4,0.0,0.8,0.0,21372.0
CRS3035RES200mN2605600E3493200,5.0,2.4,0.3,0.8,0.1,2.1,0.3,138988.6,250.1,0.3,2.1,0.0,0.0,0.0,0.5,0.5,0.3,0.5,1.1,0.9,0.5,0.7,27798.0
CRS3035RES200mN2605800E3488000,11.0,4.1,0.4,0.5,0.3,3.3,0.1,259257.8,459.6,0.2,3.9,0.0,0.0,0.1,0.9,1.5,0.5,1.7,2.2,2.2,1.2,0.7,23569.0
CRS3035RES200mN2605800E3488200,38.0,16.0,1.0,4.0,0.0,13.0,0.0,978054.7,1573.0,0.0,16.0,0.0,3.0,0.0,1.0,1.0,5.0,7.0,5.0,6.0,10.0,0.0,25738.0
CRS3035RES200mN2605800E3488400,43.0,16.0,2.0,3.0,2.0,14.0,1.0,987493.9,1518.0,0.0,16.0,0.0,5.0,0.0,4.0,5.0,0.0,13.0,9.0,4.0,3.0,0.0,22965.0
CRS3035RES200mN2605800E3489400,7.0,3.2,0.4,1.0,0.1,2.4,0.6,149606.8,367.9,0.0,3.2,0.0,0.6,0.3,0.5,0.6,0.4,2.4,1.4,0.0,0.8,0.0,21372.0
CRS3035RES200mN2605800E3489600,10.0,4.6,0.6,1.4,0.2,3.4,0.8,213724.0,525.6,0.0,4.6,0.0,0.8,0.4,0.7,0.9,0.6,3.4,2.0,0.0,1.2,0.0,21372.0
CRS3035RES200mN2605800E3490400,9.0,3.7,0.3,1.0,0.3,3.3,0.7,176154.7,436.0,0.4,3.3,0.0,0.3,0.3,0.3,2.0,0.3,1.0,2.3,0.4,1.7,0.4,19573.0
CRS3035RES200mN2605800E3494600,2.0,0.9,0.1,0.3,0.0,0.8,0.1,49427.2,107.8,0.0,0.9,0.0,0.1,0.0,0.2,0.0,0.0,0.4,0.2,0.2,0.7,0.2,24714.0
CRS3035RES200mN2606000E3485400,31.0,11.0,0.0,2.0,2.0,9.0,1.0,648225.9,960.0,0.0,11.0,0.0,1.0,1.0,4.0,2.0,5.0,5.0,6.0,0.0,6.0,1.0,20911.0
CRS3035RES200mN2606000E3485600,9.0,3.8,0.5,0.9,0.2,2.6,0.2,173651.2,387.2,0.2,3.6,0.0,0.5,0.5,0.2,0.2,1.4,2.6,1.0,1.2,1.4,0.0,19295.0
CRS3035RES200mN2606000E3487000,22.0,12.0,4.0,7.0,0.0,8.0,2.0,488894.3,1396.0,0.0,12.0,0.0,1.0,1.0,1.0,4.0,0.0,6.0,2.0,4.0,0.0,3.0,22222.0
CRS3035RES200mN2606000E3487200,11.0,4.3,0.2,1.0,0.2,3.3,0.2,268297.7,545.0,0.0,4.3,0.0,0.2,0.5,0.7,0.3,1.4,1.9,1.4,2.2,1.4,1.0,24391.0
CRS3035RES200mN2606000E3487400,1.0,0.4,0.0,0.1,0.0,0.3,0.0,24390.7,49.5,0.0,0.4,0.0,0.0,0.1,0.1,0.0,0.1,0.2,0.1,0.2,0.1,0.1,24391.0
CRS3035RES200mN2606000E3487600,2.0,0.8,0.0,0.2,0.0,0.6,0.0,48781.4,99.1,0.0,0.8,0.0,0.0,0.1,0.1,0.0,0.3,0.3,0.3,0.4,0.3,0.2,24391.0
CRS3035RES200mN2606000E3488000,17.0,7.6,0.4,2.9,0.0,5.8,0.0,386903.5,786.0,0.0,7.6,0.0,0.4,0.7,0.4,1.4,1.4,3.3,4.3,3.3,1.8,0.0,22759.0
CRS3035RES200mN2606000E3488200,48.0,17.0,1.0,1.0,1.0,12.0,1.0,1111699.4,2016.0,0.0,17.0,3.0,2.0,1.0,1.0,4.0,6.0,5.0,9.0,7.0,11.0,2.0,23160.0
CRS3035RES200mN2606000E3488400,1.0,0.4,0.0,0.2,0.0,0.3,0.0,22759.0,46.2,0.0,0.4,0.0,0.0,0.0,0.0,0.1,0.1,0.2,0.3,0.2,0.1,0.0,22759.0
CRS3035RES200mN2606000E3489600,5.0,1.9,0.4,0.4,0.2,1.5,0.3,115635.1,220.8,0.0,1.9,0.0,0.2,0.1,0.4,0.3,0.5,0.8,0.9,0.9,0.6,0.3,23127.0
CRS3035RES200mN2606200E3485400,13.0,5.5,0.7,1.4,0.3,3.8,0.3,250829.6,559.3,0.4,5.1,0.0,0.7,0.7,0.3,0.3,2.0,3.8,1.4,1.7,2.1,0.0,19295.0
CRS3035RES200mN2606200E3485600,16.0,6.7,0.8,1.7,0.4,4.6,0.4,308713.3,688.4,0.4,6.3,0.0,0.9,0.9,0.4,0.4,2.5,4.6,1.7,2.1,2.5,0.0,19295.0
CRS3035RES200mN2606200E3486800,3.0,1.3,0.4,0.4,0.1,1.3,0.0,60737.1,142.2,0.0,1.3,0.0,0.1,0.1,0.1,0.3,0.1,0.7,0.6,0.4,0.1,0.5,20246.0
CRS3035RES200mN2606200E3487000,18.0,7.0,0.4,1.6,0.4,5.5,0.4,439032.5,891.8,0.0,7.0,0.0,0.4,0.8,1.2,0.4,2.3,3.1,2.3,3.5,2.4,1.6,24391.0
CRS3035RES200mN2606200E3487200,2.0,0.8,0.0,0.2,0.0,0.6,0.0,48781.4,99.1,0.0,0.8,0.0,0.0,0.1,0.1,0.0,0.3,0.3,0.3,0.4,0.3,0.2,24391.0
CRS3035RES200mN2606200E3489600,4.0,1.5,0.3,0.3,0.1,1.2,0.3,92508.0,176.7,0.0,1.5,0.0,0.1,0.1,0.3,0.3,0.4,0.6,0.7,0.7,0.5,0.3,23127.0
CRS3035RES200mN2606200E3490400,2.0,0.9,0.0,0.1,0.0,0.8,0.1,48609.9,108.9,0.0,0.9,0.0,0.0,0.0,0.2,0.2,0.1,0.4,0.3,0.2,0.6,0.0,24305.0
CRS3035RES200mN2606200E3493400,15.0,6.1,2.3,1.7,0.6,3.5,0.6,290921.7,772.2,0.0,6.1,0.0,0.3,0.3,1.4,1.4,2.3,2.3,3.2,2.3,0.9,0.6,19395.0
CRS3035RES200mN2606200E3493600,3.0,1.2,0.5,0.3,0.1,0.7,0.1,58184.3,154.4,0.0,1.2,0.0,0.0,0.0,0.3,0.3,0.5,0.5,0.6,0.5,0.2,0.1,19395.0
CRS3035RES200mN2606200E3494800,4.0,1.9,0.1,0.6,0.0,1.6,0.2,98854.4,215.7,0.0,1.9,0.0,0.2,0.0,0.3,0.1,0.1,0.8,0.3,0.4,1.5,0.3,24714.0
CRS3035RES200mN2606400E3489400,5.0,1.9,0.4,0.4,0.2,1.5,0.3,115635.1,220.8,0.0,1.9,0.0,0.2,0.1,0.4,0.3,0.5,0.8,0.9,0.9,0.6,0.3,23127.0
CRS3035RES200mN2606400E3493400,5.0,2.0,0.8,0.6,0.2,1.2,0.2,96973.9,257.4,0.0,2.0,0.0,0.1,0.1,0.5,0.5,0.7,0.8,1.0,0.8,0.3,0.2,19395.0
CRS3035RES200mN2606400E3493600,4.0,1.6,0.6,0.5,0.2,0.9,0.2,77579.1,205.9,0.0,1.6,0.0,0.1,0.1,0.4,0.4,0.6,0.6,0.8,0.6,0.2,0.2,19395.0
CRS3035RES200mN2606400E3494600,2.0,0.9,0.1,0.3,0.0,0.8,0.1,49427.2,107.8,0.0,0.9,0.0,0.1,0.0,0.2,0.0,0.0,0.4,0.2,0.2,0.7,0.2,24714.0
CRS3035RES200mN2606400E3494800,14.0,6.6,0.4,2.2,0.0,5.5,0.7,345990.2,754.9,0.0,6.6,0.0,0.7,0.0,1.1,0.4,0.4,2.6,1.1,1.5,5.1,1.1,24714.0
CRS3035RES200mN2606600E3479000,4.0,1.4,0.1,0.3,0.1,1.3,0.0,93359.3,162.8,0.0,1.4,0.0,0.2,0.1,0.5,0.2,0.2,1.0,0.5,0.8,0.3,0.2,23340.0
CRS3035RES200mN2606600E3487800,2.0,0.8,0.0,0.2,0.0,0.6,0.0,48781.4,99.1,0.0,0.8,0.0,0.0,0.1,0.1,0.0,0.3,0.3,0.3,0.4,0.3,0.2,24391.0
CRS3035RES200mN2606600E3489400,3.0,1.1,0.2,0.2,0.1,0.9,0.2,69381.0,132.5,0.0,1.1,0.0,0.1,0.1,0.3,0.2,0.3,0.4,0.5,0.5,0.4,0.2,23127.0
CRS3035RES200mN2606600E3491800,3.0,1.3,0.0,0.2,0.1,1.1,0.1,72914.9,163.3,0.0,1.3,0.0,0.0,0.0,0.3,0.2,0.2,0.6,0.5,0.3,0.9,0.0,24305.0
CRS3035RES200mN2606800E3487800,10.0,3.9,0.2,0.9,0.2,3.0,0.2,243907.0,495.4,0.0,3.9,0.0,0.2,0.4,0.7,0.2,1.3,1.7,1.3,2.0,1.3,0.9,24391.0
CRS3035RES200mN2606800E3488000,11.0,4.9,0.2,1.9,0.0,3.7,0.0,250349.3,508.6,0.0,4.9,0.0,0.2,0.5,0.2,0.9,1.0,2.1,2.8,2.1,1.2,0.0,22759.0
CRS3035RES200mN2606800E3488200,18.0,8.0,0.4,3.1,0.0,6.1,0.0,409662.6,832.2,0.0,8.0,0.0,0.4,0.8,0.4,1.5,1.5,3.4,4.6,3.5,1.9,0.0,22759.0
CRS3035RES200mN2606800E3489200,16.5,6.3,1.4,1.4,0.5,4.9,1.1,381595.7,728.7,0.0,6.3,0.0,0.5,0.3,1.4,1.1,1.8,2.4,3.0,3.0,1.9,1.1,23127.0
CRS3035RES200mN2606800E3489400,5.0,1.9,0.4,0.4,0.2,1.5,0.3,115635.1,220.8,0.0,1.9,0.0,0.2,0.1,0.4,0.3,0.5,0.8,0.9,0.9,0.6,0.3,23127.0
CRS3035RES200mN2606800E3489600,5.0,1.9,0.4,0.4,0.2,1.5,0.3,115635.1,220.8,0.0,1.9,0.0,0.2,0.1,0.4,0.3,0.5,0.8,0.9,0.9,0.6,0.3,23127.0
CRS3035RES200mN2606800E3489800,17.0,6.5,1.4,1.4,0.6,5.1,1.1,393159.2,750.8,0.0,6.5,0.0,0.6,0.3,1.4,1.1,1.8,2.5,3.1,3.1,2.0,1.1,23127.0
CRS3035RES200mN2607000E3487800,4.0,1.7,0.5,0.5,0.1,1.7,0.0,80982.8,189.6,0.0,1.7,0.0,0.1,0.1,0.1,0.4,0.1,1.0,0.8,0.6,0.1,0.7,20246.0
CRS3035RES200mN2607000E3488000,11.0,4.7,0.0,0.8,0.4,3.8,0.4,303939.9,584.3,0.0,4.7,0.0,0.2,0.4,0.2,1.3,0.4,1.3,2.9,1.3,3.0,0.0,27631.0
CRS3035RES200mN2607000E3488200,15.0,6.3,0.0,1.2,0.6,5.2,0.6,414463.5,796.7,0.0,6.3,0.0,0.3,0.6,0.3,1.7,0.6,1.7,4.0,1.7,4.1,0.0,27631.0
CRS3035RES200mN2607000E3489000,28.0,10.7,0.0,0.0,0.0,10.7,2.0,698646.7,1139.3,0.0,10.7,0.0,2.3,0.7,2.3,3.3,0.7,4.7,9.3,2.7,2.0,0.0,24952.0
CRS3035RES200mN2607000E3489200,10.0,3.8,0.0,0.0,0.0,3.8,0.7,249516.7,406.9,0.0,3.8,0.0,0.8,0.2,0.8,1.2,0.3,1.7,3.3,1.0,0.7,0.0,24952.0
CRS3035RES200mN2607000E3489400,4.0,1.5,0.0,0.0,0.0,1.5,0.3,99806.7,162.8,0.0,1.5,0.0,0.3,0.1,0.3,0.5,0.1,0.7,1.3,0.4,0.3,0.0,24952.0
CRS3035RES200mN2607000E3491000,5.0,2.1,0.0,0.3,0.1,1.9,0.2,121524.8,272.1,0.0,2.1,0.0,0.0,0.0,0.6,0.4,0.3,1.0,0.8,0.4,1.5,0.0,24305.0
CRS3035RES200mN2607000E3493000,5.0,2.6,0.6,0.9,0.2,2.4,0.0,108942.1,330.9,0.0,2.6,0.0,0.1,0.0,0.1,0.3,0.2,0.9,0.8,0.8,1.5,0.3,21788.0
CRS3035RES200mN2607000E3494400,2.0,0.9,0.1,0.3,0.0,0.8,0.1,49427.2,107.8,0.0,0.9,0.0,0.1,0.0,0.2,0.0,0.0,0.4,0.2,0.2,0.7,0.2,24714.0
CRS3035RES200mN2607000E3496000,7.0,2.8,0.5,0.4,0.0,2.7,0.1,159397.9,310.1,0.0,2.8,0.0,0.4,0.4,0.5,0.6,0.0,1.5,0.9,0.7,1.8,0.2,22771.0
CRS3035RES200mN2607000E3496400,9.0,3.5,0.7,0.5,0.0,3.4,0.1,204940.2,398.8,0.0,3.5,0.0,0.5,0.5,0.6,0.8,0.0,2.0,1.2,0.9,2.2,0.3,22771.0
CRS3035RES200mN2607000E3496600,18.0,7.1,1.3,1.1,0.0,6.8,0.3,409880.4,797.5,0.0,7.1,0.0,1.0,1.1,1.2,1.6,0.0,3.9,2.4,1.8,4.5,0.5,22771.0
CRS3035RES200mN2607000E3496800,29.0,14.0,2.0,5.0,0.0,13.0,2.0,624120.1,1480.0,1.0,13.0,0.0,0.0,1.0,1.0,1.0,5.0,1.0,8.0,5.0,6.0,1.0,21521.0
CRS3035RES200mN2607200E3478600,2.0,0.7,0.1,0.2,0.1,0.7,0.0,46679.6,81.4,0.0,0.7,0.0,0.1,0.0,0.3,0.1,0.1,0.5,0.3,0.4,0.1,0.1,23340.0
CRS3035RES200mN2607200E3486800,4.0,1.7,0.5,0.5,0.1,1.7,0.0,80982.8,189.6,0.0,1.7,0.0,0.1,0.1,0.1,0.4,0.1,1.0,0.8,0.6,0.1,0.7,20246.0
CRS3035RES200mN2607200E3491200,4.0,1.7,0.0,0.3,0.1,1.5,0.2,97219.8,217.7,0.0,1.7,0.0,0.0,0.0,0.4,0.3,0.3,0.8,0.6,0.4,1.2,0.0,24305.0
CRS3035RES200mN2607200E3493400,5.0,2.6,0.6,0.9,0.2,2.4,0.0,108942.1,330.9,0.0,2.6,0.0,0.1,0.0,0.1,0.3,0.2,0.9,0.8,0.8,1.5,0.3,21788.0
CRS3035RES200mN2607200E3493600,8.0,4.1,1.0,1.5,0.2,3.9,0.0,174307.4,529.5,0.0,4.1,0.0,0.2,0.0,0.2,0.5,0.3,1.5,1.2,1.2,2.4,0.5,21788.0
CRS3035RES200mN2607200E3496000,2.0,0.8,0.1,0.1,0.0,0.8,0.0,45542.3,88.6,0.0,0.8,0.0,0.1,0.1,0.1,0.2,0.0,0.4,0.3,0.2,0.5,0.1,22771.0
CRS3035RES200mN2607200E3496800,5.0,2.0,0.4,0.3,0.0,1.9,0.1,113855.7,221.5,0.0,2.0,0.0,0.3,0.3,0.3,0.4,0.0,1.1,0.7,0.5,1.2,0.2,22771.0
CRS3035RES200mN2607400E3478400,8.0,2.9,0.2,0.6,0.2,2.7,0.0,186718.6,325.5,0.0,2.9,0.0,0.4,0.2,1.0,0.4,0.4,1.9,1.0,1.7,0.6,0.4,23340.0
CRS3035RES200mN2607400E3486600,3.0,1.3,0.4,0.4,0.1,1.3,0.0,60737.1,142.2,0.0,1.3,0.0,0.1,0.1,0.1,0.3,0.1,0.7,0.6,0.4,0.1,0.5,20246.0
CRS3035RES200mN2607400E3486800,2.0,0.9,0.3,0.3,0.1,0.9,0.0,40491.4,94.8,0.0,0.9,0.0,0.0,0.0,0.0,0.2,0.1,0.5,0.4,0.3,0.1,0.4,20246.0
CRS3035RES200mN2607400E3490000,4.0,1.7,0.0,0.3,0.1,1.5,0.2,97219.8,217.7,0.0,1.7,0.0,0.0,0.0,0.4,0.3,0.3,0.8,0.6,0.4,1.2,0.0,24305.0
CRS3035RES200mN2607400E3493600,2.0,1.0,0.2,0.4,0.1,1.0,0.0,43576.8,132.4,0.0,1.0,0.0,0.0,0.0,0.1,0.1,0.1,0.4,0.3,0.3,0.6,0.1,21788.0
CRS3035RES200mN2607400E3493800,3.0,1.5,0.4,0.5,0.1,1.5,0.0,65365.3,198.5,0.0,1.5,0.0,0.1,0.0,0.1,0.2,0.1,0.5,0.4,0.5,0.9,0.2,21788.0
CRS3035RES200mN2607400E3496800,13.0,5.1,0.9,0.8,0.0,4.9,0.2,296024.7,576.0,0.0,5.1,0.0,0.8,0.8,0.9,1.1,0.0,2.8,1.7,1.3,3.2,0.4,22771.0
CRS3035RES200mN2607600E3467800,3.0,1.6,0.3,0.6,0.0,1.1,0.2,72143.3,149.4,0.1,1.5,0.0,0.0,0.1,0.3,0.0,0.0,0.3,0.5,0.8,0.8,0.2,24048.0
CRS3035RES200mN2607600E3478200,1.0,0.4,0.0,0.1,0.0,0.3,0.0,23339.8,40.7,0.0,0.4,0.0,0.0,0.0,0.1,0.1,0.1,0.2,0.1,0.2,0.1,0.1,23340.0
CRS3035RES200mN2607600E3478400,6.0,2.2,0.2,0.5,0.2,2.0,0.0,140038.9,244.2,0.0,2.2,0.0,0.3,0.1,0.8,0.3,0.3,1.4,0.8,1.2,0.5,0.3,23340.0
CRS3035RES200mN2607600E3490000,11.5,4.9,0.0,0.8,0.3,4.4,0.5,279507.0,625.9,0.0,4.9,0.0,0.0,0.0,1.3,0.9,0.8,2.3,1.8,1.0,3.4,0.0,24305.0
CRS3035RES200mN2607600E3492800,9.0,3.6,1.4,1.0,0.3,2.1,0.3,174553.0,463.3,0.0,3.6,0.0,0.2,0.2,0.8,0.9,1.4,1.4,1.9,1.4,0.5,0.3,19395.0
CRS3035RES200mN2607600E3493200,1.0,0.5,0.1,0.2,0.0,0.5,0.0,21788.4,66.2,0.0,0.5,0.0,0.0,0.0,0.0,0.1,0.0,0.2,0.1,0.2,0.3,0.1,21788.0
CRS3035RES200mN2607600E3493600,4.0,2.1,0.5,0.7,0.1,1.9,0.0,87153.7,264.7,0.0,2.1,0.0,0.1,0.0,0.1,0.3,0.1,0.7,0.6,0.6,1.2,0.3,21788.0
CRS3035RES200mN2607800E3477400,3.0,1.1,0.1,0.2,0.1,1.0,0.0,70019.5,122.1,0.0,1.1,0.0,0.1,0.1,0.4,0.1,0.2,0.7,0.4,0.6,0.2,0.2,23340.0
CRS3035RES200mN2607800E3487200,4.0,1.7,0.5,0.5,0.1,1.7,0.0,80982.8,189.6,0.0,1.7,0.0,0.1,0.1,0.1,0.4,0.1,1.0,0.8,0.6,0.1,0.7,20246.0
CRS3035RES200mN2607800E3487400,15.0,6.5,1.9,1.9,0.4,6.5,0.0,303685.5,711.2,0.0,6.5,0.0,0.4,0.4,0.4,1.5,0.4,3.4,3.1,2.3,0.4,2.7,20246.0
CRS3035RES200mN2607800E3487600,4.0,1.7,0.5,0.5,0.1,1.7,0.0,80982.8,189.6,0.0,1.7,0.0,0.1,0.1,0.1,0.4,0.1,1.0,0.8,0.6,0.1,0.7,20246.0
CRS3035RES200mN2607800E3490000,3.0,1.3,0.0,0.2,0.1,1.1,0.1,72914.9,163.3,0.0,1.3,0.0,0.0,0.0,0.3,0.2,0.2,0.6,0.5,0.3,0.9,0.0,24305.0
CRS3035RES200mN2607800E3491800,12.0,5.1,0.0,0.8,0.3,4.6,0.5,291659.5,653.1,0.0,5.1,0.0,0.0,0.0,1.4,0.9,0.8,2.4,1.9,1.1,3.5,0.0,24305.0
CRS3035RES200mN2607800E3492000,16.0,6.5,2.5,1.8,0.6,3.7,0.6,310316.5,823.7,0.0,6.5,0.0,0.3,0.3,1.5,1.5,2.5,2.5,3.4,2.5,0.9,0.6,19395.0
CRS3035RES200mN2607800E3493000,5.0,2.6,0.6,0.9,0.2,2.4,0.0,108942.1,330.9,0.0,2.6,0.0,0.1,0.0,0.1,0.3,0.2,0.9,0.8,0.8,1.5,0.3,21788.0
CRS3035RES200mN2607800E3495600,3.0,1.4,0.1,0.5,0.0,1.2,0.2,74140.8,161.8,0.0,1.4,0.0,0.2,0.0,0.2,0.1,0.1,0.6,0.2,0.3,1.1,0.2,24714.0
CRS3035RES200mN2607800E3495800,2.0,0.9,0.1,0.3,0.0,0.8,0.1,49427.2,107.8,0.0,0.9,0.0,0.1,0.0,0.2,0.0,0.0,0.4,0.2,0.2,0.7,0.2,24714.0
CRS3035RES200mN2608000E3488200,1.0,0.5,0.1,0.2,0.1,0.3,0.0,23393.4,54.4,0.1,0.4,0.0,0.0,0.0,0.1,0.1,0.1,0.1,0.2,0.2,0.1,0.1,23393.0
CRS3035RES200mN2608000E3490000,2.0,0.8,0.1,0.2,0.0,0.8,0.1,51687.8,95.8,0.0,0.8,0.0,0.1,0.1,0.1,0.0,0.2,0.5,0.4,0.3,0.3,0.0,25844.0
CRS3035RES200mN2608000E3494600,50.0,18.0,1.0,3.0,3.0,16.0,1.0,1283862.0,2232.0,0.0,18.0,0.0,2.0,2.0,4.0,6.0,4.0,6.0,13.0,3.0,9.0,1.0,25677.0
CRS3035RES200mN2608000E3494800,2.0,0.9,0.0,0.3,0.1,0.9,0.0,46320.2,108.5,0.0,0.9,0.0,0.0,0.0,0.0,0.1,0.0,0.2,0.7,0.4,0.4,0.2,23160.0
CRS3035RES200mN2608000E3495600,14.0,4.8,0.6,0.8,0.6,3.1,0.3,310149.8,531.5,0.3,4.5,0.0,0.8,0.3,1.3,1.3,1.9,2.2,3.1,1.6,1.3,0.2,22154.0
CRS3035RES200mN2608000E3495800,30.5,14.0,2.0,6.0,2.0,10.0,2.0,576642.8,1931.0,0.0,14.0,0.0,1.0,0.0,2.5,2.0,5.0,6.0,6.0,2.0,4.0,2.0,18906.0
CRS3035RES200mN2608000E3496000,9.0,3.6,0.3,1.0,0.5,3.6,0.0,226036.7,519.4,0.0,3.6,0.0,0.2,0.3,0.3,0.5,0.3,2.3,1.5,0.8,2.3,0.5,25115.0
CRS3035RES200mN2608200E3467800,10.0,4.1,0.4,0.9,0.3,2.8,0.1,235041.8,400.6,0.0,4.1,0.0,0.6,0.4,1.0,0.9,0.1,2.5,1.6,1.0,1.5,0.4,23504.0
CRS3035RES200mN2608200E3468000,54.5,21.0,1.0,2.0,1.0,18.0,4.0,1441497.6,1971.0,0.0,21.0,0.0,6.0,0.0,3.5,3.0,5.0,19.0,13.0,3.0,2.0,0.0,26449.0
CRS3035RES200mN2608200E3476800,2.0,0.7,0.0,0.2,0.1,0.6,0.0,46597.0,87.2,0.0,0.7,0.0,0.2,0.1,0.2,0.1,0.1,0.5,0.3,0.1,0.3,0.1,23298.0
CRS3035RES200mN2608200E3486800,2.0,0.7,0.1,0.1,0.1,0.7,0.1,46308.3,81.6,0.1,0.6,0.0,0.0,0.0,0.2,0.1,0.2,0.3,0.3,0.6,0.2,0.1,23154.0
CRS3035RES200mN2608200E3487000,2.0,0.7,0.1,0.1,0.1,0.7,0.1,46308.3,81.6,0.1,0.6,0.0,0.0,0.0,0.2,0.1,0.2,0.3,0.3,0.6,0.2,0.1,23154.0
CRS3035RES200mN2608200E3488600,5.0,2.3,0.3,0.9,0.3,1.4,0.2,116967.2,272.0,0.3,2.0,0.0,0.1,0.1,0.5,0.6,0.3,0.6,0.8,0.9,0.5,0.6,23393.0
CRS3035RES200mN2608200E3494200,4.0,1.8,0.0,0.6,0.2,1.8,0.0,92640.5,217.1,0.1,1.7,0.0,0.1,0.0,0.1,0.2,0.1,0.3,1.4,0.7,0.7,0.4,23160.0
CRS3035RES200mN2608200E3494400,33.0,11.0,4.0,1.0,2.0,11.0,1.0,645610.0,1374.0,0.0,11.0,0.0,3.0,1.0,3.0,6.0,0.0,3.0,6.0,3.0,8.0,0.0,19564.0
CRS3035RES200mN2608200E3494600,31.0,14.0,0.0,4.0,0.0,13.0,2.0,813891.5,1842.0,0.0,14.0,0.0,1.0,0.0,3.0,0.0,2.0,8.0,6.0,11.0,0.0,0.0,26255.0
CRS3035RES200mN2608200E3494800,10.0,4.5,0.0,1.6,0.5,4.5,0.0,231601.2,542.7,0.2,4.3,0.0,0.2,0.0,0.2,0.5,0.3,0.9,3.4,1.8,1.8,0.9,23160.0
CRS3035RES200mN2608200E3495600,11.0,3.8,0.5,0.6,0.5,2.4,0.3,243689.1,417.6,0.3,3.5,0.0,0.6,0.3,1.0,1.0,1.5,1.8,2.4,1.3,1.0,0.1,22154.0
CRS3035RES200mN2608200E3495800,26.0,9.0,1.2,1.5,1.2,5.7,0.6,575992.4,987.1,0.6,8.4,0.0,1.5,0.6,2.4,2.4,3.6,4.2,5.6,3.0,2.4,0.3,22154.0
CRS3035RES200mN2608200E3496000,7.0,2.8,0.2,0.8,0.4,2.8,0.0,175806.3,404.0,0.0,2.8,0.0,0.2,0.2,0.2,0.4,0.2,1.8,1.2,0.6,1.8,0.4,25115.0
CRS3035RES200mN2608400E3467200,2.0,0.8,0.1,0.2,0.1,0.6,0.0,47008.4,80.1,0.0,0.8,0.0,0.1,0.1,0.2,0.2,0.0,0.5,0.3,0.2,0.3,0.1,23504.0
CRS3035RES200mN2608400E3467800,48.0,21.0,2.0,7.0,0.0,16.0,3.0,1068840.4,2187.0,0.0,21.0,0.0,1.0,1.0,3.0,5.5,4.5,7.0,11.0,6.0,6.0,3.0,22268.0
CRS3035RES200mN2608400E3468000,33.0,14.0,3.0,3.0,0.0,8.0,1.0,912544.2,1568.0,0.0,14.0,0.0,1.0,1.0,1.0,2.0,3.0,5.0,8.0,10.0,2.0,0.0,27653.0
CRS3035RES200mN2608400E3468400,4.0,1.7,0.3,0.6,0.0,1.7,0.0,98053.8,223.4,0.0,1.7,0.0,0.0,0.0,0.1,0.6,0.4,0.4,0.9,0.7,0.6,0.3,24513.0
CRS3035RES200mN2608400E3487200,3.0,1.1,0.2,0.2,0.1,1.0,0.1,69462.4,122.4,0.1,1.0,0.0,0.0,0.0,0.3,0.2,0.3,0.4,0.4,0.9,0.3,0.2,23154.0
CRS3035RES200mN2608400E3487400,13.0,4.8,0.8,0.8,0.6,4.2,0.6,301003.9,530.5,0.6,4.2,0.0,0.0,0.0,1.4,0.8,1.4,1.7,1.7,4.0,1.4,0.6,23154.0
CRS3035RES200mN2608400E3488800,4.0,1.8,0.2,0.7,0.2,1.1,0.1,93573.8,217.6,0.2,1.6,0.0,0.1,0.1,0.4,0.5,0.2,0.5,0.6,0.7,0.4,0.5,23393.0
CRS3035RES200mN2608400E3494400,9.0,4.1,0.0,1.4,0.4,4.1,0.0,208441.1,488.5,0.2,3.9,0.0,0.2,0.0,0.2,0.4,0.2,0.8,3.1,1.6,1.7,0.8,23160.0
CRS3035RES200mN2608400E3494600,2.0,0.9,0.0,0.3,0.1,0.9,0.0,46320.2,108.5,0.0,0.9,0.0,0.0,0.0,0.0,0.1,0.0,0.2,0.7,0.4,0.4,0.2,23160.0
CRS3035RES200mN2608400E3495800,36.0,12.4,1.7,2.1,1.7,7.9,0.8,797528.0,1366.8,0.8,11.6,0.0,2.1,0.8,3.3,3.3,5.0,5.8,7.9,4.1,3.3,0.4,22154.0
CRS3035RES200mN2608600E3467200,2.0,0.8,0.1,0.2,0.1,0.6,0.0,47008.4,80.1,0.0,0.8,0.0,0.1,0.1,0.2,0.2,0.0,0.5,0.3,0.2,0.3,0.1,23504.0
CRS3035RES200mN2608600E3467600,24.0,9.7,1.0,2.1,0.7,6.6,0.3,564100.4,961.4,0.0,9.7,0.0,1.4,1.0,2.4,2.1,0.4,5.9,3.8,2.4,3.5,1.1,23504.0
CRS3035RES200mN2608600E3467800,57.0,26.0,1.0,7.0,1.0,20.0,6.0,1513342.9,2513.0,0.0,26.0,0.0,3.0,5.0,3.5,1.5,0.0,18.0,11.0,8.0,7.0,0.0,26550.0
CRS3035RES200mN2608600E3468000,48.5,23.0,4.0,7.0,1.0,14.0,1.0,1194407.0,2277.0,0.0,23.0,0.0,3.0,0.0,3.0,1.5,2.0,12.0,10.0,8.0,8.0,1.0,24627.0
CRS3035RES200mN2608600E3468200,2.0,0.9,0.1,0.3,0.0,0.9,0.0,49026.9,111.7,0.0,0.9,0.0,0.0,0.0,0.1,0.3,0.2,0.2,0.4,0.4,0.3,0.1,24513.0
CRS3035RES200mN2608600E3476200,6.0,2.2,0.1,0.6,0.3,1.9,0.0,139791.0,261.7,0.0,2.2,0.0,0.5,0.4,0.6,0.4,0.3,1.4,0.9,0.4,1.0,0.1,23298.0
CRS3035RES200mN2608600E3487400,4.0,1.5,0.3,0.3,0.2,1.3,0.2,92616.6,163.2,0.2,1.3,0.0,0.0,0.0,0.4,0.3,0.4,0.5,0.5,1.2,0.5,0.2,23154.0
CRS3035RES200mN2608600E3487600,4.0,1.5,0.3,0.3,0.2,1.3,0.2,92616.6,163.2,0.2,1.3,0.0,0.0,0.0,0.4,0.3,0.4,0.5,0.5,1.2,0.5,0.2,23154.0
CRS3035RES200mN2608600E3488000,2.0,0.9,0.1,0.4,0.1,0.5,0.1,46786.9,108.8,0.1,0.8,0.0,0.0,0.1,0.2,0.2,0.1,0.2,0.3,0.4,0.2,0.3,23393.0
CRS3035RES200mN2608600E3489200,3.0,1.5,0.4,0.6,0.0,1.1,0.1,67396.9,105.3,0.0,1.5,0.0,0.0,0.0,0.2,0.3,0.2,0.4,0.9,0.5,0.5,0.0,22466.0
CRS3035RES200mN2608600E3489400,9.0,4.4,1.2,1.9,0.0,3.3,0.2,202190.8,315.8,0.0,4.4,0.0,0.0,0.0,0.6,0.9,0.5,1.2,2.8,1.4,1.6,0.0,22466.0
CRS3035RES200mN2608600E3490000,12.0,5.0,0.5,1.0,0.0,4.6,0.7,310126.8,575.0,0.0,5.0,0.0,0.5,0.7,0.7,0.2,1.0,2.6,2.2,1.9,1.9,0.3,25844.0
CRS3035RES200mN2608600E3490200,10.0,4.2,0.4,0.8,0.0,3.8,0.6,258439.0,479.2,0.0,4.2,0.0,0.4,0.6,0.6,0.2,0.8,2.2,1.8,1.6,1.6,0.2,25844.0
CRS3035RES200mN2608600E3491400,3.0,1.3,0.1,0.2,0.0,1.1,0.2,77531.7,143.8,0.0,1.3,0.0,0.1,0.2,0.2,0.1,0.2,0.6,0.5,0.5,0.5,0.1,25844.0
CRS3035RES200mN2608600E3492600,4.0,1.5,0.1,0.3,0.1,1.5,0.2,93593.5,174.6,0.0,1.5,0.0,0.0,0.0,0.3,0.6,0.3,0.4,0.9,0.9,0.5,0.1,23398.0
CRS3035RES200mN2608600E3492800,22.0,8.5,0.5,1.4,0.5,8.0,0.9,514764.1,960.4,0.0,8.5,0.0,0.0,0.0,1.4,3.6,1.4,2.4,5.2,4.7,2.8,0.5,23398.0
CRS3035RES200mN2608600E3493800,3.0,1.2,0.1,0.4,0.1,1.1,0.0,66182.9,129.4,0.0,1.2,0.0,0.3,0.0,0.1,0.3,0.3,0.5,0.4,0.7,0.2,0.2,22061.0
CRS3035RES200mN2608800E3467200,2.0,0.8,0.1,0.2,0.1,0.6,0.0,47008.4,80.1,0.0,0.8,0.0,0.1,0.1,0.2,0.2,0.0,0.5,0.3,0.2,0.3,0.1,23504.0
CRS3035RES200mN2608800E3467400,4.0,1.6,0.2,0.3,0.1,1.1,0.1,94016.7,160.2,0.0,1.6,0.0,0.2,0.2,0.4,0.3,0.1,1.0,0.6,0.4,0.6,0.2,23504.0
CRS3035RES200mN2608800E3467600,13.0,5.3,0.6,1.1,0.4,3.6,0.2,305554.4,520.8,0.0,5.3,0.0,0.7,0.6,1.3,1.1,0.2,3.2,2.1,1.3,1.9,0.6,23504.0
CRS3035RES200mN2608800E3467800,74.5,27.0,2.0,5.0,1.0,15.0,3.0,1602488.8,2487.0,0.0,27.0,0.0,6.0,5.0,11.5,5.0,3.0,21.0,20.0,1.0,2.0,0.0,21510.0
CRS3035RES200mN2608800E3468000,16.0,6.9,1.1,2.3,0.0,6.9,0.0,392215.3,893.7,0.0,6.9,0.0,0.0,0.0,0.6,2.3,1.7,1.7,3.4,2.9,2.3,1.1,24513.0
CRS3035RES200mN2608800E3486000,5.0,1.8,0.3,0.3,0.2,1.6,0.2,115770.7,204.0,0.2,1.6,0.0,0.0,0.0,0.5,0.3,0.5,0.7,0.7,1.5,0.6,0.2,23154.0
CRS3035RES200mN2608800E3487800,4.0,1.5,0.3,0.3,0.2,1.3,0.2,92616.6,163.2,0.2,1.3,0.0,0.0,0.0,0.4,0.3,0.4,0.5,0.5,1.2,0.5,0.2,23154.0
CRS3035RES200mN2608800E3488800,2.0,0.9,0.1,0.4,0.1,0.5,0.1,46786.9,108.8,0.1,0.8,0.0,0.0,0.1,0.2,0.2,0.1,0.2,0.3,0.4,0.2,0.3,23393.0
CRS3035RES200mN2608800E3489400,5.5,2.7,0.7,1.1,0.0,2.0,0.1,123561.1,193.0,0.0,2.7,0.0,0.0,0.0,0.3,0.6,0.3,0.7,1.7,0.9,1.0,0.0,22466.0
CRS3035RES200mN2608800E3489800,21.0,10.4,2.7,4.4,0.0,7.6,0.5,471778.6,736.9,0.0,10.4,0.0,0.0,0.0,1.4,2.2,1.1,2.7,6.5,3.3,3.8,0.0,22466.0
CRS3035RES200mN2608800E3490000,35.0,22.0,2.0,11.0,0.0,22.0,1.0,902601.2,1212.0,0.0,22.0,0.0,0.0,0.0,0.0,0.0,1.0,1.0,3.0,10.0,19.0,1.0,25789.0
CRS3035RES200mN2608800E3490200,19.0,8.0,0.8,1.5,0.0,7.2,1.1,491034.1,910.5,0.0,8.0,0.0,0.8,1.1,1.2,0.4,1.5,4.2,3.4,3.0,3.0,0.4,25844.0
CRS3035RES200mN2608800E3490400,4.0,1.7,0.2,0.3,0.0,1.5,0.2,103375.6,191.7,0.0,1.7,0.0,0.2,0.2,0.2,0.1,0.3,0.9,0.7,0.6,0.7,0.1,25844.0
CRS3035RES200mN2608800E3492600,4.0,1.5,0.1,0.3,0.1,1.5,0.2,93593.5,174.6,0.0,1.5,0.0,0.0,0.0,0.3,0.6,0.3,0.4,0.9,0.9,0.5,0.1,23398.0
CRS3035RES200mN2608800E3492800,16.5,6.4,0.4,1.1,0.4,6.0,0.7,386073.1,720.3,0.0,6.4,0.0,0.0,0.0,1.1,2.7,1.1,1.8,3.9,3.5,2.1,0.3,23398.0
CRS3035RES200mN2608800E3493800,9.0,3.7,0.3,1.1,0.3,3.4,0.0,198548.7,388.1,0.0,3.7,0.0,0.8,0.0,0.3,0.8,0.8,1.7,1.1,2.3,0.6,0.6,22061.0
CRS3035RES200mN2608800E3494000,17.0,7.7,0.0,2.7,0.8,7.7,0.0,393722.0,922.6,0.4,7.3,0.0,0.4,0.0,0.4,0.8,0.4,1.5,5.8,3.1,3.1,1.5,23160.0
CRS3035RES200mN2608800E3496000,40.0,16.0,2.0,4.0,0.0,14.0,0.0,887586.5,2196.0,0.0,16.0,0.0,2.0,0.0,2.0,1.0,4.0,10.0,5.0,3.0,12.0,1.0,22190.0
CRS3035RES200mN2608800E3496200,19.0,7.6,0.5,2.2,1.1,7.6,0.0,477188.6,1096.6,0.0,7.6,0.0,0.5,0.5,0.5,1.1,0.6,4.9,3.3,1.6,4.9,1.1,25115.0
CRS3035RES200mN2609000E3467400,12.0,4.9,0.5,1.0,0.3,3.3,0.2,282050.2,480.7,0.0,4.9,0.0,0.7,0.5,1.2,1.1,0.2,3.0,1.9,1.2,1.7,0.5,23504.0
CRS3035RES200mN2609000E3477000,2.0,0.7,0.0,0.2,0.1,0.6,0.0,46597.0,87.2,0.0,0.7,0.0,0.2,0.1,0.2,0.1,0.1,0.5,0.3,0.1,0.3,0.1,23298.0
CRS3035RES200mN2609000E3485800,20.0,8.2,0.4,1.2,0.4,6.9,1.6,477396.3,1048.2,0.4,7.8,0.0,0.8,0.4,0.8,3.3,0.8,4.1,3.7,1.6,4.1,0.4,23870.0
CRS3035RES200mN2609000E3486000,28.0,13.7,1.1,6.9,0.6,12.6,0.6,617178.3,1592.0,0.0,13.7,0.0,1.7,1.1,1.2,0.0,1.7,9.1,4.6,4.0,3.4,1.2,22042.0
CRS3035RES200mN2609000E3487800,1.0,0.4,0.1,0.1,0.0,0.3,0.0,23154.1,40.8,0.1,0.3,0.0,0.0,0.0,0.1,0.1,0.1,0.1,0.1,0.3,0.1,0.1,23154.0
CRS3035RES200mN2609000E3489800,8.5,3.7,0.0,1.2,0.3,3.2,0.0,197441.3,384.1,0.0,3.7,0.0,0.3,0.0,0.8,0.7,0.3,2.6,0.9,0.6,2.0,0.3,23228.0
CRS3035RES200mN2609000E3490000,15.0,11.0,4.0,8.0,0.0,10.0,0.0,290038.6,596.0,0.0,11.0,0.0,0.0,0.0,0.0,1.0,0.0,1.0,4.0,2.0,7.0,0.0,19336.0
CRS3035RES200mN2609000E3490200,2.0,0.8,0.1,0.2,0.1,0.8,0.1,49764.5,87.7,0.0,0.8,0.0,0.1,0.1,0.1,0.2,0.1,0.4,0.3,0.3,0.3,0.1,24882.0
CRS3035RES200mN2609000E3490400,21.0,8.0,0.5,1.6,0.5,8.0,1.1,522527.8,920.5,0.0,8.0,0.0,1.1,0.4,1.3,2.4,1.3,4.3,3.5,3.2,2.7,0.8,24882.0
CRS3035RES200mN2609000E3490600,13.5,5.2,0.3,1.0,0.3,5.2,0.7,335910.7,591.8,0.0,5.2,0.0,0.7,0.3,0.9,1.5,0.9,2.7,2.2,2.1,1.7,0.5,24882.0
CRS3035RES200mN2609000E3494000,2.0,0.9,0.2,0.4,0.0,0.9,0.0,36804.7,109.7,0.0,0.9,0.0,0.0,0.1,0.1,0.2,0.1,0.3,0.6,0.2,0.3,0.1,18402.0
CRS3035RES200mN2609000E3496200,6.0,2.8,0.6,0.4,0.0,2.3,0.6,157045.8,387.2,0.0,2.8,0.0,0.3,0.0,0.3,0.5,0.1,1.1,0.7,0.9,1.4,0.7,26174.0
CRS3035RES200mN2609000E3499000,4.0,1.9,0.6,0.8,0.1,1.5,0.2,84748.5,229.3,0.0,1.9,0.0,0.1,0.1,0.1,0.1,0.6,0.5,0.6,0.6,0.7,0.6,21187.0
CRS3035RES200mN2609000E3499200,1.0,0.5,0.1,0.2,0.0,0.4,0.0,21187.1,57.3,0.0,0.5,0.0,0.0,0.0,0.0,0.0,0.2,0.1,0.1,0.2,0.2,0.2,21187.0
CRS3035RES200mN2609200E3485800,7.0,2.9,0.1,0.4,0.1,2.4,0.6,167088.7,366.9,0.2,2.7,0.0,0.3,0.1,0.3,1.1,0.3,1.4,1.3,0.6,1.4,0.2,23870.0
CRS3035RES200mN2609200E3486000,20.0,9.8,0.8,4.9,0.4,9.0,0.4,440841.6,1137.1,0.0,9.8,0.0,1.2,0.8,0.8,0.0,1.2,6.5,3.3,2.9,2.5,0.8,22042.0
CRS3035RES200mN2609200E3489800,9.0,4.0,0.0,1.2,0.3,3.4,0.0,209055.5,406.7,0.0,4.0,0.0,0.3,0.0,0.9,0.8,0.3,2.8,0.9,0.6,2.1,0.3,23228.0
CRS3035RES200mN2609200E3490000,9.0,3.4,0.2,0.7,0.2,3.4,0.5,223940.5,394.5,0.0,3.4,0.0,0.5,0.2,0.6,1.0,0.6,1.8,1.5,1.4,1.1,0.3,24882.0
CRS3035RES200mN2609200E3490200,65.0,27.0,3.0,11.0,2.0,18.0,1.0,1322741.6,2350.0,5.0,22.0,1.0,3.0,4.0,4.5,7.5,3.0,14.0,11.0,7.0,8.0,3.0,20350.0
CRS3035RES200mN2609200E3490400,37.0,16.0,3.0,4.0,0.0,13.0,2.0,786505.1,1546.0,0.0,16.0,0.0,0.0,0.0,1.5,4.5,4.0,3.0,9.0,6.0,8.0,1.0,21257.0
CRS3035RES200mN2609200E3490600,18.0,6.9,0.5,1.4,0.5,6.9,0.9,447880.9,789.0,0.0,6.9,0.0,0.9,0.3,1.1,2.1,1.1,3.7,3.0,2.8,2.3,0.7,24882.0
CRS3035RES200mN2609200E3493200,20.0,7.9,1.0,2.4,1.0,6.2,0.5,473165.2,982.9,0.0,7.9,0.0,0.2,0.2,1.0,3.8,1.4,1.0,5.7,1.4,4.3,1.0,23658.0
CRS3035RES200mN2609200E3497400,4.0,1.8,0.4,0.3,0.0,1.6,0.4,104697.2,258.1,0.0,1.8,0.0,0.2,0.0,0.2,0.3,0.1,0.7,0.5,0.6,0.9,0.5,26174.0
CRS3035RES200mN2609400E3469800,2.0,0.9,0.1,0.3,0.0,0.9,0.0,49026.9,111.7,0.0,0.9,0.0,0.0,0.0,0.1,0.3,0.2,0.2,0.4,0.4,0.3,0.1,24513.0
CRS3035RES200mN2609400E3487000,2.0,0.7,0.1,0.1,0.1,0.7,0.1,46308.3,81.6,0.1,0.6,0.0,0.0,0.0,0.2,0.1,0.2,0.3,0.3,0.6,0.2,0.1,23154.0
CRS3035RES200mN2609400E3488000,6.0,2.7,0.4,1.1,0.4,1.6,0.2,140360.7,326.4,0.3,2.4,0.0,0.1,0.2,0.6,0.7,0.4,0.7,0.9,1.1,0.6,0.7,23393.0
CRS3035RES200mN2609400E3489600,12.0,5.3,0.0,1.6,0.4,4.5,0.0,278740.7,542.2,0.0,5.3,0.0,0.4,0.0,1.2,1.0,0.4,3.7,1.2,0.8,2.9,0.4,23228.0
CRS3035RES200mN2609400E3489800,46.5,22.0,1.0,7.0,0.0,13.0,4.0,1163044.8,2186.0,3.0,19.0,0.0,1.0,1.0,1.5,4.0,4.0,8.0,12.0,7.0,6.0,2.0,25012.0
CRS3035RES200mN2609400E3490000,40.0,18.0,4.0,8.0,2.0,15.0,4.0,887806.6,2010.0,1.0,17.0,0.0,1.0,1.0,3.0,9.0,3.0,3.0,10.0,1.0,7.0,2.0,22195.0
CRS3035RES200mN2609400E3490200,86.0,34.0,7.0,9.0,3.0,21.0,4.0,1805872.5,3776.0,0.0,34.0,3.0,12.0,1.0,6.0,10.0,6.0,15.0,15.0,9.0,9.0,3.0,20999.0
CRS3035RES200mN2609400E3490400,46.0,18.0,2.0,5.0,2.0,17.0,0.0,1198934.0,2347.0,0.0,18.0,0.0,2.0,0.0,2.0,6.0,3.0,5.0,9.0,7.0,10.0,2.0,26064.0
CRS3035RES200mN2609400E3490600,4.0,1.5,0.1,0.3,0.1,1.5,0.2,99529.1,175.3,0.0,1.5,0.0,0.2,0.1,0.2,0.5,0.3,0.8,0.7,0.6,0.5,0.1,24882.0
CRS3035RES200mN2609400E3493200,13.0,5.1,0.6,1.5,0.6,4.0,0.3,307557.4,638.9,0.0,5.1,0.0,0.2,0.2,0.6,2.5,0.9,0.6,3.7,0.9,2.8,0.6,23658.0
CRS3035RES200mN2609400E3495400,15.0,6.9,1.7,2.8,0.0,6.6,0.0,276035.0,822.4,0.0,6.9,0.0,0.3,0.4,1.0,1.6,0.7,2.4,4.1,1.7,2.1,0.7,18402.0
CRS3035RES200mN2609400E3495600,9.0,4.1,1.0,1.7,0.0,3.9,0.0,165621.0,493.4,0.0,4.1,0.0,0.2,0.2,0.6,0.9,0.4,1.5,2.5,1.0,1.3,0.4,18402.0
CRS3035RES200mN2609400E3497400,19.0,8.7,1.7,1.3,0.0,7.4,1.7,497311.8,1226.0,0.0,8.7,0.0,0.9,0.0,0.9,1.5,0.4,3.5,2.2,3.0,4.4,2.2,26174.0
CRS3035RES200mN2609400E3497600,6.0,2.8,0.6,0.4,0.0,2.3,0.6,157045.8,387.2,0.0,2.8,0.0,0.3,0.0,0.3,0.5,0.1,1.1,0.7,0.9,1.4,0.7,26174.0
CRS3035RES200mN2609600E3473400,2.0,0.7,0.0,0.1,0.0,0.6,0.0,50094.6,75.6,0.0,0.7,0.0,0.2,0.1,0.2,0.2,0.0,0.6,0.3,0.2,0.1,0.1,25047.0
CRS3035RES200mN2609600E3476600,1.0,0.4,0.0,0.1,0.1,0.3,0.0,23298.5,43.6,0.0,0.4,0.0,0.1,0.1,0.1,0.1,0.0,0.2,0.1,0.1,0.2,0.0,23298.0
CRS3035RES200mN2609600E3477800,2.0,0.7,0.0,0.2,0.1,0.6,0.0,46597.0,87.2,0.0,0.7,0.0,0.2,0.1,0.2,0.1,0.1,0.5,0.3,0.1,0.3,0.1,23298.0
CRS3035RES200mN2609600E3478600,1.0,0.4,0.0,0.1,0.1,0.3,0.0,23298.5,43.6,0.0,0.4,0.0,0.1,0.1,0.1,0.1,0.0,0.2,0.1,0.1,0.2,0.0,23298.0
CRS3035RES200mN2609600E3483400,1.0,0.4,0.0,0.1,0.0,0.3,0.0,20281.7,65.3,0.1,0.3,0.0,0.0,0.0,0.0,0.2,0.0,0.1,0.3,0.1,0.2,0.1,20282.0
CRS3035RES200mN2609600E3483600,3.0,1.3,0.1,0.4,0.1,0.9,0.0,60845.2,195.9,0.2,1.1,0.0,0.0,0.0,0.1,0.5,0.1,0.3,0.9,0.3,0.7,0.1,20282.0
CRS3035RES200mN2609600E3487200,6.0,2.2,0.4,0.4,0.3,2.0,0.3,138924.9,244.8,0.3,1.9,0.0,0.0,0.0,0.6,0.4,0.6,0.8,0.8,1.8,0.7,0.3,23154.0
CRS3035RES200mN2609600E3490000,2.0,0.8,0.1,0.2,0.1,0.8,0.1,49764.5,87.7,0.0,0.8,0.0,0.1,0.1,0.1,0.2,0.1,0.4,0.3,0.3,0.3,0.1,24882.0
CRS3035RES200mN2609600E3490200,35.0,17.0,2.0,5.0,1.0,15.0,0.0,723611.1,1731.0,0.0,17.0,0.0,0.0,0.0,3.0,2.0,1.0,2.0,8.0,4.0,13.0,2.0,20675.0
CRS3035RES200mN2609600E3490400,69.0,32.0,2.0,5.0,1.0,29.0,1.0,1665135.2,3055.0,0.0,32.0,0.0,2.0,0.0,2.0,0.0,3.0,6.0,7.0,15.0,29.0,5.0,24132.0
CRS3035RES200mN2609600E3490600,2.0,0.8,0.1,0.2,0.1,0.8,0.1,49764.5,87.7,0.0,0.8,0.0,0.1,0.1,0.1,0.2,0.1,0.4,0.3,0.3,0.3,0.1,24882.0
CRS3035RES200mN2609600E3493400,2.0,0.8,0.1,0.2,0.1,0.6,0.0,47316.5,98.3,0.0,0.8,0.0,0.0,0.0,0.1,0.4,0.1,0.1,0.6,0.2,0.4,0.1,23658.0
CRS3035RES200mN2609600E3493600,18.0,7.1,0.9,2.1,0.9,5.6,0.4,425848.7,884.6,0.0,7.1,0.0,0.2,0.2,0.9,3.4,1.3,0.9,5.1,1.3,3.8,0.9,23658.0
CRS3035RES200mN2609600E3495200,4.0,1.8,0.5,0.7,0.0,1.7,0.0,73609.3,219.3,0.0,1.8,0.0,0.1,0.1,0.3,0.4,0.2,0.6,1.1,0.5,0.5,0.2,18402.0
CRS3035RES200mN2609600E3495600,11.5,5.3,1.3,2.1,0.0,5.0,0.0,211626.8,630.5,0.0,5.3,0.0,0.3,0.3,0.8,1.2,0.5,1.8,3.2,1.3,1.6,0.5,18402.0
CRS3035RES200mN2609600E3497400,6.5,3.0,0.6,0.4,0.0,2.5,0.6,170133.0,419.4,0.0,3.0,0.0,0.3,0.0,0.3,0.5,0.2,1.2,0.7,1.0,1.5,0.8,26174.0
CRS3035RES200mN2609600E3498200,2.0,1.0,0.3,0.4,0.0,0.8,0.1,42374.3,114.7,0.0,1.0,0.0,0.0,0.1,0.1,0.1,0.3,0.2,0.3,0.3,0.3,0.3,21187.0
CRS3035RES200mN2609800E3470000,4.0,1.7,0.3,0.6,0.0,1.7,0.0,98053.8,223.4,0.0,1.7,0.0,0.0,0.0,0.1,0.6,0.4,0.4,0.9,0.7,0.6,0.3,24513.0
CRS3035RES200mN2609800E3473400,18.0,6.1,0.0,0.8,0.4,5.7,0.0,450851.1,680.2,0.0,6.1,0.0,1.9,0.8,1.5,1.5,0.4,5.3,3.1,1.9,0.8,0.8,25047.0
CRS3035RES200mN2609800E3483400,3.0,1.3,0.1,0.4,0.1,0.9,0.0,60845.2,195.9,0.2,1.1,0.0,0.0,0.0,0.1,0.5,0.1,0.3,0.9,0.3,0.7,0.1,20282.0
CRS3035RES200mN2609800E3484800,20.0,8.2,0.4,1.2,0.4,6.9,1.6,477396.3,1048.2,0.4,7.8,0.0,0.8,0.4,0.8,3.3,0.8,4.1,3.7,1.6,4.1,0.4,23870.0
CRS3035RES200mN2609800E3486400,1.0,0.5,0.0,0.2,0.0,0.4,0.0,22042.1,56.9,0.0,0.5,0.0,0.1,0.0,0.0,0.0,0.1,0.3,0.2,0.2,0.1,0.0,22042.0
CRS3035RES200mN2609800E3488400,12.0,5.5,0.7,2.2,0.7,3.3,0.4,280721.3,652.7,0.7,4.8,0.0,0.2,0.4,1.3,1.4,0.7,1.4,1.8,2.2,1.1,1.5,23393.0
CRS3035RES200mN2609800E3488600,1.0,0.5,0.1,0.2,0.1,0.3,0.0,23393.4,54.4,0.1,0.4,0.0,0.0,0.0,0.1,0.1,0.1,0.1,0.2,0.2,0.1,0.1,23393.0
CRS3035RES200mN2609800E3490200,7.0,2.7,0.2,0.5,0.2,2.7,0.4,174175.9,306.8,0.0,2.7,0.0,0.4,0.1,0.4,0.8,0.4,1.4,1.2,1.1,0.9,0.3,24882.0
CRS3035RES200mN2609800E3490400,39.0,19.0,3.0,8.0,0.0,17.0,1.0,811060.4,1689.0,0.0,19.0,0.0,1.0,0.0,4.0,4.0,2.0,5.0,9.0,5.0,6.0,3.0,20796.0
CRS3035RES200mN2609800E3492000,5.0,2.0,0.2,0.6,0.2,1.9,0.0,110304.8,215.6,0.0,2.0,0.0,0.5,0.0,0.2,0.5,0.5,0.9,0.6,1.2,0.3,0.3,22061.0
CRS3035RES200mN2609800E3493400,14.0,5.5,0.7,1.7,0.7,4.3,0.3,331215.7,688.0,0.0,5.5,0.0,0.2,0.2,0.6,2.6,1.0,0.7,4.0,1.0,3.0,0.7,23658.0
CRS3035RES200mN2609800E3493600,17.0,6.7,0.8,2.0,0.8,5.3,0.4,402190.4,835.4,0.0,6.7,0.0,0.2,0.2,0.8,3.2,1.2,0.8,4.9,1.2,3.7,0.8,23658.0
CRS3035RES200mN2609800E3495200,2.0,0.9,0.2,0.4,0.0,0.9,0.0,36804.7,109.7,0.0,0.9,0.0,0.0,0.1,0.1,0.2,0.1,0.3,0.6,0.2,0.3,0.1,18402.0
CRS3035RES200mN2609800E3497200,2.0,0.9,0.2,0.1,0.0,0.8,0.2,52348.6,129.1,0.0,0.9,0.0,0.1,0.0,0.1,0.2,0.0,0.4,0.2,0.3,0.5,0.2,26174.0
CRS3035RES200mN2609800E3498200,10.0,4.8,1.4,1.9,0.2,3.8,0.5,211871.4,573.3,0.0,4.8,0.0,0.2,0.2,0.2,0.3,1.7,1.2,1.4,1.7,1.7,1.4,21187.0
CRS3035RES200mN2609800E3498400,5.0,2.4,0.7,1.0,0.1,1.9,0.2,105935.7,286.7,0.0,2.4,0.0,0.1,0.1,0.1,0.1,0.8,0.6,0.7,0.9,0.9,0.7,21187.0
CRS3035RES200mN2610000E3473400,27.0,9.2,0.0,1.1,0.6,8.6,0.0,676276.7,1020.3,0.0,9.2,0.0,2.9,1.1,2.3,2.3,0.6,8.0,4.6,2.9,1.1,1.2,25047.0
CRS3035RES200mN2610000E3477000,2.5,1.0,0.2,0.3,0.1,0.7,0.1,67300.3,130.4,0.0,1.0,0.0,0.1,0.0,0.2,0.2,0.1,0.4,0.6,0.3,0.4,0.2,26920.0
CRS3035RES200mN2610000E3484800,5.0,2.2,0.5,0.8,0.2,1.8,0.2,118321.3,247.4,0.2,2.0,0.0,0.1,0.1,0.4,0.4,0.5,0.6,0.7,0.7,1.4,0.1,23664.0
CRS3035RES200mN2610000E3486400,6.0,2.3,0.0,0.1,0.3,2.2,0.6,167028.4,255.7,0.0,2.3,0.0,0.3,0.0,0.7,0.5,0.5,0.6,1.5,0.7,0.9,0.3,27838.0
CRS3035RES200mN2610000E3490400,4.0,1.2,0.3,0.3,0.2,1.0,0.1,71653.7,136.2,0.1,1.1,0.0,0.4,0.2,0.4,0.4,0.3,0.7,0.8,0.4,0.2,0.2,17913.0
CRS3035RES200mN2610000E3491800,36.0,10.7,3.1,2.3,1.5,9.2,0.8,644883.3,1225.5,0.8,9.9,0.0,3.8,2.3,3.8,3.8,2.3,6.1,6.9,3.8,1.6,1.6,17913.0
CRS3035RES200mN2610000E3492000,13.0,5.3,0.4,1.6,0.4,4.9,0.0,286792.6,560.6,0.0,5.3,0.0,1.2,0.0,0.4,1.2,1.2,2.5,1.6,3.3,0.8,0.8,22061.0
CRS3035RES200mN2610000E3498200,9.0,4.7,0.7,1.4,0.0,4.0,0.5,201515.6,495.0,0.0,4.7,0.0,0.0,0.0,0.2,0.2,0.7,0.0,3.8,1.7,1.7,0.7,22391.0
CRS3035RES200mN2610200E3472400,7.0,3.2,0.2,1.1,0.2,2.3,0.2,149973.5,350.7,0.0,3.2,0.0,0.0,0.2,0.7,0.5,0.0,1.1,1.2,1.3,1.3,0.7,21425.0
CRS3035RES200mN2610200E3472600,26.0,12.0,0.7,4.0,0.7,8.7,0.7,557044.3,1302.7,0.0,12.0,0.0,0.0,0.7,2.7,2.0,0.0,4.0,4.6,4.6,4.7,2.7,21425.0
CRS3035RES200mN2610200E3475800,11.0,3.6,0.2,0.4,0.5,2.7,0.4,241677.8,452.4,0.0,3.6,0.0,0.2,0.2,1.2,2.0,0.7,1.8,2.9,0.9,1.1,0.0,21971.0
CRS3035RES200mN2610200E3480800,2.0,0.8,0.1,0.2,0.1,0.7,0.1,45122.6,96.4,0.0,0.8,0.0,0.1,0.0,0.1,0.3,0.2,0.2,0.6,0.3,0.2,0.0,22561.0
CRS3035RES200mN2610200E3484400,23.0,10.0,2.1,3.5,0.7,8.3,0.7,544277.9,1138.2,1.0,9.0,0.0,0.7,0.7,1.7,1.7,2.3,2.8,3.5,3.1,6.2,0.3,23664.0
CRS3035RES200mN2610200E3486400,3.0,1.2,0.0,0.1,0.1,1.1,0.3,83514.2,127.8,0.0,1.2,0.0,0.1,0.0,0.4,0.3,0.3,0.3,0.7,0.4,0.4,0.1,27838.0
CRS3035RES200mN2610200E3486600,56.5,21.0,1.0,2.0,1.0,14.0,1.0,1285175.0,2313.0,1.0,20.0,0.0,2.0,1.5,3.5,4.5,7.0,12.0,9.0,5.0,8.0,4.0,22746.0
CRS3035RES200mN2610200E3486800,2.0,0.8,0.0,0.0,0.1,0.7,0.2,55676.1,85.2,0.0,0.8,0.0,0.1,0.0,0.2,0.2,0.2,0.2,0.5,0.2,0.3,0.1,27838.0
CRS3035RES200mN2610200E3487200,1.0,0.4,0.0,0.1,0.1,0.3,0.1,24033.6,52.5,0.0,0.4,0.0,0.0,0.0,0.1,0.0,0.1,0.2,0.2,0.3,0.1,0.0,24034.0
CRS3035RES200mN2610200E3487600,3.0,1.3,0.1,0.4,0.2,1.0,0.2,72100.8,157.4,0.0,1.3,0.0,0.1,0.0,0.2,0.2,0.2,0.7,0.5,0.9,0.2,0.0,24034.0
CRS3035RES200mN2610200E3487800,3.0,1.3,0.1,0.4,0.2,1.0,0.2,72100.8,157.4,0.0,1.3,0.0,0.1,0.0,0.2,0.2,0.2,0.7,0.5,0.9,0.2,0.0,24034.0
CRS3035RES200mN2610200E3491400,4.0,1.2,0.3,0.3,0.2,1.0,0.1,71653.7,136.2,0.1,1.1,0.0,0.4,0.2,0.4,0.4,0.3,0.7,0.8,0.4,0.2,0.2,17913.0
CRS3035RES200mN2610200E3497200,1.0,0.4,0.1,0.1,0.0,0.3,0.1,20117.9,50.7,0.0,0.4,0.0,0.0,0.0,0.1,0.1,0.1,0.2,0.3,0.1,0.1,0.0,20118.0
CRS3035RES200mN2610400E3472600,6.0,2.8,0.2,0.9,0.2,2.0,0.2,128548.7,300.6,0.0,2.8,0.0,0.0,0.1,0.6,0.5,0.0,0.9,1.1,1.1,1.1,0.6,21425.0
CRS3035RES200mN2610400E3477000,4.0,1.6,0.3,0.5,0.1,1.1,0.1,107680.5,208.6,0.0,1.6,0.0,0.2,0.0,0.3,0.3,0.2,0.7,0.9,0.4,0.6,0.4,26920.0
CRS3035RES200mN2610400E3477200,11.0,4.4,0.7,1.5,0.2,2.9,0.2,296121.4,573.7,0.0,4.4,0.0,0.6,0.0,1.0,0.7,0.5,1.9,2.4,1.2,1.7,1.0,26920.0
CRS3035RES200mN2610400E3481800,3.5,1.3,0.2,0.3,0.2,1.2,0.1,78964.5,168.6,0.0,1.3,0.0,0.1,0.0,0.2,0.6,0.3,0.4,1.0,0.6,0.3,0.0,22561.0
CRS3035RES200mN2610400E3484400,12.5,5.5,1.1,1.9,0.4,4.5,0.4,295803.2,618.6,0.6,4.9,0.0,0.4,0.4,0.9,0.9,1.2,1.5,1.9,1.7,3.4,0.2,23664.0
CRS3035RES200mN2610400E3486600,30.0,11.7,0.0,0.7,1.5,11.0,2.9,835141.9,1278.3,0.0,11.7,0.0,1.5,0.0,3.6,2.6,2.6,2.9,7.3,3.6,4.4,1.5,27838.0
CRS3035RES200mN2610400E3486800,24.0,12.0,2.0,4.0,0.0,9.0,2.0,645961.0,1779.0,0.0,12.0,0.0,0.0,1.0,1.5,3.5,0.0,2.0,5.0,5.0,5.0,1.0,26915.0
CRS3035RES200mN2610400E3487000,35.0,15.0,4.0,3.0,0.0,13.0,2.0,947212.1,1862.0,0.0,15.0,0.0,1.0,0.0,2.0,4.0,3.0,4.0,9.0,4.0,8.0,0.0,27063.0
CRS3035RES200mN2610400E3487200,5.0,2.2,0.1,0.6,0.3,1.7,0.3,120168.0,262.3,0.0,2.2,0.0,0.2,0.1,0.3,0.3,0.3,1.1,0.8,1.5,0.4,0.0,24034.0
CRS3035RES200mN2610400E3487600,11.5,5.1,0.2,1.5,0.6,4.0,0.6,276386.3,603.3,0.0,5.1,0.0,0.4,0.2,0.8,0.6,0.6,2.5,1.9,3.6,0.9,0.0,24034.0
CRS3035RES200mN2610400E3487800,16.0,7.0,0.3,2.1,0.9,5.6,0.9,384537.5,839.3,0.0,7.0,0.0,0.6,0.3,1.0,0.9,0.9,3.5,2.6,5.0,1.2,0.0,24034.0
CRS3035RES200mN2610600E3468400,11.0,4.8,0.6,1.2,0.2,4.6,0.2,256215.6,476.1,0.4,4.4,0.0,0.2,0.3,0.7,0.4,1.5,1.5,2.3,3.3,0.6,0.2,23292.0
CRS3035RES200mN2610600E3468600,3.0,1.3,0.2,0.3,0.1,1.2,0.1,69877.0,129.8,0.1,1.2,0.0,0.0,0.1,0.2,0.1,0.4,0.4,0.6,0.9,0.2,0.1,23292.0
CRS3035RES200mN2610600E3469600,4.0,1.7,0.2,0.5,0.1,1.2,0.2,93721.1,157.1,0.0,1.7,0.0,0.3,0.1,0.2,0.3,0.3,0.8,0.8,0.4,0.7,0.1,23430.0
CRS3035RES200mN2610600E3476200,7.0,2.8,0.5,0.9,0.2,1.8,0.2,188440.9,365.1,0.0,2.8,0.0,0.4,0.0,0.6,0.5,0.3,1.2,1.5,0.8,1.1,0.6,26920.0
CRS3035RES200mN2610600E3477200,109.0,41.0,5.0,9.0,1.0,37.0,1.0,2477529.4,4066.0,0.0,41.0,0.0,3.0,3.5,7.5,11.0,12.0,17.0,28.0,11.0,13.0,3.0,22730.0
CRS3035RES200mN2610600E3477400,7.0,2.8,0.5,0.9,0.2,1.8,0.2,188440.9,365.1,0.0,2.8,0.0,0.4,0.0,0.6,0.5,0.3,1.2,1.5,0.8,1.1,0.6,26920.0
CRS3035RES200mN2610600E3481800,7.0,2.7,0.5,0.6,0.4,2.4,0.3,157929.0,337.3,0.0,2.7,0.0,0.2,0.0,0.5,1.1,0.5,0.8,1.9,1.2,0.7,0.1,22561.0
CRS3035RES200mN2610600E3483000,1.0,0.5,0.0,0.2,0.0,0.5,0.0,27821.0,70.7,0.0,0.5,0.0,0.0,0.0,0.1,0.1,0.0,0.1,0.3,0.2,0.1,0.1,27821.0
CRS3035RES200mN2610600E3483200,1.0,0.5,0.0,0.2,0.0,0.5,0.0,27821.0,70.7,0.0,0.5,0.0,0.0,0.0,0.1,0.1,0.0,0.1,0.3,0.2,0.1,0.1,27821.0
CRS3035RES200mN2610600E3484800,29.0,11.0,1.0,3.0,1.0,11.0,0.0,749126.2,1326.0,0.0,11.0,0.0,1.0,0.0,2.0,1.0,4.0,8.0,5.0,4.0,2.0,2.0,25832.0
CRS3035RES200mN2610600E3487800,15.0,6.6,0.3,1.9,0.8,5.2,0.8,360503.9,786.9,0.0,6.6,0.0,0.5,0.3,1.0,0.8,0.8,3.3,2.5,4.7,1.1,0.0,24034.0
CRS3035RES200mN2610600E3497200,1.0,0.4,0.1,0.1,0.0,0.3,0.1,20117.9,50.7,0.0,0.4,0.0,0.0,0.0,0.1,0.1,0.1,0.2,0.3,0.1,0.1,0.0,20118.0
CRS3035RES200mN2610800E3468400,36.0,15.6,2.0,4.1,0.7,14.9,0.7,838523.8,1558.2,1.3,14.3,0.0,0.7,1.0,2.4,1.4,4.7,4.7,7.5,10.9,2.0,0.7,23292.0
CRS3035RES200mN2610800E3468600,85.5,36.0,4.0,6.0,1.0,30.0,2.0,2087590.9,3770.0,0.0,36.0,0.0,2.0,2.0,7.0,4.5,5.0,16.0,18.0,6.0,22.0,3.0,24416.0
CRS3035RES200mN2610800E3468800,3.0,1.3,0.2,0.3,0.1,1.2,0.1,69877.0,129.8,0.1,1.2,0.0,0.0,0.1,0.2,0.1,0.4,0.4,0.6,0.9,0.2,0.1,23292.0
CRS3035RES200mN2610800E3474200,6.0,2.0,0.1,0.2,0.3,1.5,0.2,131824.3,246.8,0.0,2.0,0.0,0.1,0.1,0.7,1.0,0.4,1.0,1.6,0.5,0.6,0.0,21971.0
CRS3035RES200mN2610800E3476000,1.0,0.4,0.1,0.1,0.0,0.3,0.0,26920.1,52.2,0.0,0.4,0.0,0.1,0.0,0.1,0.1,0.0,0.2,0.2,0.1,0.1,0.1,26920.0
CRS3035RES200mN2610800E3477200,30.0,12.0,0.0,2.0,0.0,11.0,1.0,797936.4,1248.0,0.0,12.0,0.0,0.0,0.0,3.0,1.0,4.0,5.0,8.0,2.0,4.0,3.0,26598.0
CRS3035RES200mN2610800E3477400,70.0,24.0,1.0,2.0,0.0,21.0,0.0,1822230.3,2528.0,0.0,24.0,0.0,3.0,0.0,6.0,6.0,7.0,14.0,19.0,11.0,4.0,0.0,26032.0
CRS3035RES200mN2610800E3477600,13.0,5.1,0.9,1.7,0.3,3.4,0.3,349961.7,678.0,0.0,5.1,0.0,0.7,0.0,1.1,0.9,0.6,2.3,2.9,1.4,2.0,1.1,26920.0
CRS3035RES200mN2610800E3480200,10.0,3.8,0.7,0.8,0.5,3.4,0.4,225612.9,481.9,0.0,3.8,0.0,0.3,0.0,0.7,1.6,0.7,1.2,2.8,1.7,0.9,0.1,22561.0
CRS3035RES200mN2610800E3480400,26.0,10.0,1.7,2.1,1.4,9.0,1.0,586593.5,1252.8,0.0,10.0,0.0,0.7,0.0,1.7,4.1,1.9,3.1,7.2,4.5,2.4,0.4,22561.0
CRS3035RES200mN2610800E3480600,22.0,8.5,1.5,1.7,1.2,7.6,0.9,496348.3,1060.1,0.0,8.5,0.0,0.6,0.0,1.5,3.5,1.6,2.6,6.1,3.8,2.0,0.3,22561.0
CRS3035RES200mN2610800E3480800,5.0,1.9,0.3,0.4,0.3,1.7,0.2,112806.4,240.9,0.0,1.9,0.0,0.1,0.0,0.3,0.8,0.4,0.6,1.4,0.8,0.5,0.1,22561.0
CRS3035RES200mN2610800E3482400,4.0,2.0,0.0,0.7,0.0,2.0,0.0,111284.0,282.9,0.0,2.0,0.0,0.2,0.0,0.2,0.2,0.0,0.4,1.3,0.7,0.5,0.5,27821.0
CRS3035RES200mN2610800E3482600,16.0,8.0,0.0,2.9,0.0,8.0,0.0,445136.0,1131.6,0.0,8.0,0.0,0.7,0.0,0.7,0.7,0.0,1.5,5.1,2.9,2.2,2.2,27821.0
CRS3035RES200mN2610800E3484800,17.0,7.4,1.5,2.6,0.5,6.1,0.5,402292.3,841.3,0.8,6.6,0.0,0.5,0.5,1.3,1.3,1.7,2.0,2.6,2.3,4.6,0.2,23664.0
CRS3035RES200mN2610800E3485000,5.0,2.2,0.5,0.8,0.2,1.8,0.2,118321.3,247.4,0.2,2.0,0.0,0.1,0.1,0.4,0.4,0.5,0.6,0.7,0.7,1.4,0.1,23664.0
CRS3035RES200mN2610800E3488000,23.5,9.9,0.8,1.6,0.8,9.1,1.6,540914.7,1100.8,0.0,9.9,0.0,0.0,0.0,1.6,2.9,1.6,4.1,7.4,2.5,1.7,1.7,23018.0
CRS3035RES200mN2610800E3492000,2.0,0.8,0.1,0.2,0.1,0.8,0.0,44121.9,86.2,0.0,0.8,0.0,0.2,0.0,0.1,0.2,0.2,0.4,0.2,0.5,0.1,0.1,22061.0
CRS3035RES200mN2610800E3497200,2.0,0.8,0.1,0.2,0.1,0.7,0.1,40235.8,101.4,0.0,0.8,0.0,0.0,0.0,0.1,0.3,0.3,0.3,0.5,0.3,0.2,0.0,20118.0
CRS3035RES200mN2610800E3497400,5.0,1.9,0.3,0.4,0.1,1.7,0.3,100589.4,253.4,0.0,1.9,0.0,0.1,0.1,0.3,0.6,0.7,0.8,1.3,0.7,0.4,0.0,20118.0
CRS3035RES200mN2611000E3468400,24.0,10.0,1.1,2.8,0.8,7.0,1.3,562326.6,942.3,0.0,10.0,0.0,1.5,0.4,1.4,1.5,2.1,5.1,4.7,2.4,4.3,0.6,23430.0
CRS3035RES200mN2611000E3468600,20.0,8.3,0.9,2.4,0.6,5.8,1.1,468605.5,785.3,0.0,8.3,0.0,1.3,0.3,1.2,1.3,1.7,4.2,3.9,2.0,3.6,0.5,23430.0
CRS3035RES200mN2611000E3468800,7.0,2.9,0.3,0.8,0.2,2.0,0.4,164011.9,274.8,0.0,2.9,0.0,0.4,0.1,0.4,0.4,0.6,1.5,1.4,0.7,1.3,0.2,23430.0
CRS3035RES200mN2611000E3477000,21.0,9.9,0.7,3.2,0.2,8.6,1.2,483217.5,998.9,0.0,9.9,0.0,1.2,0.3,1.2,2.0,1.2,5.0,5.4,2.2,1.7,0.8,23010.0
CRS3035RES200mN2611000E3477200,43.0,18.0,4.0,3.0,0.0,17.0,4.0,812327.3,1878.0,0.0,18.0,0.0,0.0,0.5,2.5,2.5,5.5,4.0,13.0,6.0,5.0,4.0,18891.0
CRS3035RES200mN2611000E3477400,134.0,62.0,17.0,23.0,3.0,40.0,8.0,2840021.2,6361.0,6.0,56.0,0.0,13.5,4.0,6.5,7.0,7.0,31.0,21.0,20.0,18.0,6.0,21194.0
CRS3035RES200mN2611000E3477600,15.0,7.1,0.5,2.3,0.2,6.2,0.9,345155.4,713.5,0.0,7.1,0.0,0.9,0.2,0.9,1.4,0.9,3.5,3.9,1.6,1.2,0.5,23010.0
CRS3035RES200mN2611000E3477800,1.0,0.5,0.0,0.2,0.0,0.4,0.1,23010.4,47.6,0.0,0.5,0.0,0.1,0.0,0.1,0.1,0.1,0.2,0.2,0.1,0.1,0.0,23010.0
CRS3035RES200mN2611000E3480200,6.0,2.1,0.2,0.3,0.1,1.9,0.1,143015.8,244.5,0.0,2.1,0.0,0.5,0.3,0.6,0.5,0.3,1.0,1.6,0.6,0.6,0.0,23836.0
CRS3035RES200mN2611000E3480400,54.5,24.0,5.0,7.0,0.0,24.0,4.0,1159034.6,2651.0,0.0,24.0,0.0,1.0,1.0,3.5,4.0,5.0,6.0,14.0,9.0,10.0,1.0,21267.0
CRS3035RES200mN2611000E3480600,80.5,33.0,2.0,9.0,1.0,26.0,0.0,1971746.5,3864.0,1.0,32.0,0.0,5.0,2.0,5.5,6.0,4.0,18.0,18.0,10.0,11.0,1.0,24494.0
CRS3035RES200mN2611000E3480800,20.0,6.8,0.5,0.9,0.3,6.5,0.3,476719.3,815.0,0.0,6.8,0.0,1.7,1.2,1.9,1.7,1.0,3.2,5.3,1.9,1.9,0.2,23836.0
CRS3035RES200mN2611000E3482400,6.0,1.8,0.2,0.2,0.3,1.8,0.0,168569.2,223.3,0.0,1.8,0.0,0.2,0.0,1.1,0.5,0.5,1.0,1.2,0.5,1.0,0.0,28095.0
CRS3035RES200mN2611000E3482600,17.0,5.2,0.5,0.5,0.9,5.2,0.0,477612.8,632.8,0.0,5.2,0.0,0.5,0.0,3.3,1.4,1.4,2.8,3.3,1.4,2.9,0.0,28095.0
CRS3035RES200mN2611000E3482800,5.0,1.5,0.1,0.1,0.3,1.5,0.0,140474.3,186.1,0.0,1.5,0.0,0.2,0.0,1.0,0.4,0.4,0.8,1.0,0.4,0.8,0.0,28095.0
CRS3035RES200mN2611000E3485600,2.0,0.9,0.2,0.3,0.1,0.7,0.1,47328.5,99.0,0.1,0.8,0.0,0.1,0.1,0.1,0.2,0.2,0.2,0.3,0.3,0.5,0.0,23664.0
CRS3035RES200mN2611000E3488200,4.0,1.5,0.2,0.6,0.3,0.9,0.1,90115.0,179.7,0.0,1.5,0.4,0.3,0.0,0.8,0.2,0.2,0.9,0.7,0.5,0.4,0.0,22529.0
CRS3035RES200mN2611000E3491600,1.0,0.5,0.1,0.2,0.0,0.5,0.0,25377.2,65.5,0.0,0.5,0.0,0.0,0.0,0.1,0.0,0.0,0.2,0.1,0.2,0.2,0.2,25377.0
CRS3035RES200mN2611000E3497200,8.0,3.0,0.3,0.5,0.0,2.7,0.3,188858.9,414.3,0.0,3.0,0.0,0.9,0.2,0.2,0.6,0.0,2.2,1.4,0.6,1.6,0.3,23607.0
CRS3035RES200mN2611000E3497400,5.0,1.9,0.2,0.3,0.0,1.7,0.2,118036.8,258.9,0.0,1.9,0.0,0.5,0.1,0.2,0.3,0.0,1.4,0.9,0.4,1.0,0.2,23607.0
CRS3035RES200mN2611200E3468400,18.0,7.5,0.8,2.1,0.6,5.2,1.0,421744.9,706.7,0.0,7.5,0.0,1.1,0.3,1.1,1.1,1.6,3.8,3.5,1.8,3.3,0.4,23430.0
CRS3035RES200mN2611200E3469400,6.0,2.5,0.3,0.7,0.2,1.7,0.3,140581.6,235.6,0.0,2.5,0.0,0.4,0.1,0.3,0.4,0.5,1.3,1.2,0.6,1.1,0.1,23430.0
CRS3035RES200mN2611200E3470600,2.0,1.0,0.0,0.3,0.0,0.9,0.1,58947.1,110.8,0.0,1.0,0.0,0.1,0.0,0.0,0.0,0.1,0.3,0.4,0.4,0.4,0.3,29474.0
CRS3035RES200mN2611200E3475400,21.5,7.1,0.5,0.7,1.0,5.2,0.7,472370.3,884.2,0.0,7.1,0.0,0.5,0.3,2.4,3.8,1.4,3.6,5.7,1.7,2.1,0.0,21971.0
CRS3035RES200mN2611200E3475600,25.0,8.3,0.6,0.8,1.1,6.1,0.8,549267.7,1028.2,0.0,8.3,0.0,0.6,0.4,2.8,4.4,1.7,4.1,6.6,1.9,2.5,0.0,21971.0
CRS3035RES200mN2611200E3476800,15.5,6.2,0.9,1.5,0.6,5.6,0.3,358523.0,637.1,0.0,6.2,0.0,1.2,0.6,1.2,0.4,0.9,2.1,4.1,2.1,2.9,0.0,23131.0
CRS3035RES200mN2611200E3477000,56.0,18.0,0.0,0.0,3.0,13.0,2.0,1263946.5,1771.0,0.0,18.0,0.0,4.0,0.5,4.5,6.0,4.0,14.0,8.0,4.0,9.0,2.0,22570.0
CRS3035RES200mN2611200E3477200,31.0,13.0,3.0,3.0,1.0,11.0,1.0,672814.5,1478.0,0.0,13.0,0.0,1.0,1.0,3.0,4.0,2.0,4.0,8.0,5.0,2.0,1.0,21704.0
CRS3035RES200mN2611200E3477400,131.0,64.0,12.0,29.0,3.0,43.0,7.0,2859082.0,6157.0,11.0,53.0,0.0,3.0,6.0,6.0,12.0,9.0,22.0,30.0,24.0,10.0,9.0,21825.0
CRS3035RES200mN2611200E3477600,33.0,18.0,1.0,4.0,0.0,10.0,3.0,793397.8,1894.0,3.0,15.0,0.0,0.0,1.5,0.0,0.5,1.0,3.0,6.0,10.0,11.0,0.0,24042.0
CRS3035RES200mN2611200E3480000,30.0,10.3,0.8,1.3,0.5,9.7,0.5,715079.0,1222.6,0.0,10.3,0.0,2.6,1.8,2.8,2.6,1.5,4.9,7.9,2.8,2.8,0.3,23836.0
CRS3035RES200mN2611200E3480200,44.5,19.0,3.0,6.0,2.0,17.0,2.0,1133103.3,2064.0,0.0,19.0,0.0,0.0,0.5,2.0,5.0,4.0,12.0,9.0,3.0,5.0,4.0,25463.0
CRS3035RES200mN2611200E3480400,69.5,29.0,3.0,7.0,3.0,23.0,4.0,1462251.4,3092.0,0.0,29.0,0.0,2.0,1.0,5.0,8.5,5.0,16.0,10.0,9.0,12.0,1.0,21040.0
CRS3035RES200mN2611200E3480600,52.0,22.0,3.0,5.0,1.0,17.0,4.0,1122779.2,2054.0,2.0,20.0,0.0,1.0,1.0,5.5,7.5,2.0,11.0,13.0,5.0,4.0,2.0,21592.0
CRS3035RES200mN2611200E3480800,35.0,12.0,0.9,1.5,0.6,11.4,0.6,834258.8,1426.3,0.0,12.0,0.0,3.0,2.1,3.3,3.0,1.8,5.7,9.2,3.3,3.3,0.3,23836.0
CRS3035RES200mN2611200E3484600,2.0,0.9,0.2,0.3,0.1,0.7,0.1,47328.5,99.0,0.1,0.8,0.0,0.1,0.1,0.1,0.2,0.2,0.2,0.3,0.3,0.5,0.0,23664.0
CRS3035RES200mN2611200E3488000,1.0,0.4,0.0,0.1,0.1,0.2,0.0,22528.7,44.9,0.0,0.4,0.1,0.1,0.0,0.2,0.0,0.1,0.2,0.2,0.1,0.1,0.0,22529.0
CRS3035RES200mN2611200E3496600,2.0,0.8,0.1,0.2,0.1,0.7,0.1,40235.8,101.4,0.0,0.8,0.0,0.0,0.0,0.1,0.3,0.3,0.3,0.5,0.3,0.2,0.0,20118.0
CRS3035RES200mN2611200E3497200,34.5,13.0,1.4,2.0,0.0,11.6,1.4,814453.9,1786.5,0.0,13.0,0.0,3.8,0.7,1.0,2.4,0.0,9.6,6.1,2.7,6.8,1.4,23607.0
CRS3035RES200mN2611200E3497400,32.0,13.0,2.0,2.0,1.0,13.0,1.0,796669.9,1967.0,0.0,13.0,0.0,0.0,1.0,1.0,2.0,1.0,6.0,6.0,8.0,6.0,1.0,24896.0
CRS3035RES200mN2611400E3468200,11.0,4.6,0.5,1.3,0.3,3.2,0.6,257733.0,431.9,0.0,4.6,0.0,0.7,0.2,0.6,0.7,0.9,2.3,2.2,1.1,2.0,0.3,23430.0
CRS3035RES200mN2611400E3468400,18.5,7.7,0.9,2.2,0.6,5.4,1.0,433460.1,726.4,0.0,7.7,0.0,1.2,0.3,1.1,1.2,1.6,3.9,3.6,1.9,3.3,0.4,23430.0
CRS3035RES200mN2611400E3469600,2.0,0.8,0.1,0.2,0.1,0.6,0.1,46860.5,78.5,0.0,0.8,0.0,0.1,0.0,0.1,0.1,0.2,0.4,0.4,0.2,0.4,0.1,23430.0
CRS3035RES200mN2611400E3470000,2.0,1.0,0.0,0.3,0.0,0.9,0.1,58947.1,110.8,0.0,1.0,0.0,0.1,0.0,0.0,0.0,0.1,0.3,0.4,0.4,0.4,0.3,29474.0
CRS3035RES200mN2611400E3470200,5.0,2.5,0.0,0.8,0.0,2.2,0.2,147367.8,277.0,0.0,2.5,0.0,0.3,0.0,0.0,0.0,0.3,0.7,1.0,1.0,1.0,0.7,29474.0
CRS3035RES200mN2611400E3470400,4.0,2.0,0.0,0.7,0.0,1.7,0.1,117894.2,221.6,0.0,2.0,0.0,0.3,0.0,0.0,0.0,0.3,0.5,0.8,0.8,0.8,0.5,29474.0
CRS3035RES200mN2611400E3475600,16.0,5.3,0.4,0.5,0.7,3.9,0.5,351531.4,658.0,0.0,5.3,0.0,0.4,0.3,1.8,2.8,1.1,2.6,4.2,1.2,1.6,0.0,21971.0
CRS3035RES200mN2611400E3475800,46.0,20.0,3.0,4.0,1.0,14.0,1.0,1300436.8,2202.0,0.0,20.0,0.0,0.0,2.0,4.5,4.5,0.0,14.0,10.0,5.0,5.0,1.0,28270.0
CRS3035RES200mN2611400E3476000,73.0,28.0,3.0,3.0,1.0,21.0,7.0,1785425.3,3067.0,0.0,28.0,0.0,2.5,3.0,3.5,11.5,5.5,10.0,22.0,7.0,7.0,1.0,24458.0
CRS3035RES200mN2611400E3476200,6.0,2.4,0.3,0.6,0.2,2.2,0.1,138783.1,246.6,0.0,2.4,0.0,0.5,0.2,0.5,0.2,0.3,0.8,1.6,0.8,1.1,0.0,23131.0
CRS3035RES200mN2611400E3476400,1.0,0.4,0.1,0.1,0.0,0.4,0.0,23130.5,41.1,0.0,0.4,0.0,0.1,0.0,0.1,0.0,0.1,0.1,0.3,0.1,0.2,0.0,23130.0
CRS3035RES200mN2611400E3476800,7.0,2.8,0.4,0.7,0.3,2.5,0.1,161913.6,287.7,0.0,2.8,0.0,0.5,0.3,0.5,0.2,0.4,0.9,1.9,1.0,1.3,0.0,23131.0
CRS3035RES200mN2611400E3477000,30.0,14.0,1.0,2.0,0.0,12.0,0.0,815727.7,1528.0,0.0,14.0,0.0,1.0,0.0,0.0,0.0,1.0,5.0,5.0,5.0,10.0,3.0,27191.0
CRS3035RES200mN2611400E3477200,9.0,4.2,0.3,1.4,0.1,3.7,0.5,207093.2,428.1,0.0,4.2,0.0,0.5,0.1,0.5,0.9,0.5,2.1,2.3,1.0,0.8,0.3,23010.0
CRS3035RES200mN2611400E3477400,68.0,30.0,5.0,10.0,2.0,18.0,4.0,1556970.6,3315.0,7.0,23.0,6.0,2.0,3.0,3.0,8.0,2.0,13.0,18.0,7.0,12.0,0.0,22897.0
CRS3035RES200mN2611400E3477600,87.5,44.0,5.0,19.0,0.0,30.0,7.0,1983360.3,4609.0,0.0,44.0,0.0,2.0,1.0,7.5,10.0,3.0,18.0,18.0,12.0,13.0,3.0,22667.0
CRS3035RES200mN2611400E3477800,39.0,21.0,1.0,9.0,0.0,19.0,2.0,978857.0,1936.0,1.0,20.0,0.0,4.5,0.0,2.0,1.5,0.0,8.0,9.0,2.0,6.0,6.0,25099.0
CRS3035RES200mN2611400E3478000,8.0,2.9,0.1,0.8,0.4,2.5,0.0,186388.0,349.0,0.0,2.9,0.0,0.7,0.5,0.8,0.5,0.4,1.9,1.2,0.5,1.3,0.2,23298.0
CRS3035RES200mN2611400E3480000,2.0,0.7,0.1,0.1,0.0,0.6,0.0,47671.9,81.5,0.0,0.7,0.0,0.2,0.1,0.2,0.2,0.1,0.3,0.5,0.2,0.2,0.0,23836.0
CRS3035RES200mN2611400E3480200,45.5,19.0,2.0,6.0,2.0,19.0,2.0,998885.2,2142.0,1.0,18.0,0.0,3.0,1.0,5.0,4.5,3.0,6.0,7.0,10.0,4.0,2.0,21954.0
CRS3035RES200mN2611400E3480400,48.5,18.0,0.0,2.0,1.0,13.0,4.0,1046448.6,2126.0,0.0,18.0,0.0,2.0,1.0,1.0,4.5,5.0,8.0,10.0,5.0,11.0,1.0,21576.0
CRS3035RES200mN2611400E3480800,2.0,0.7,0.1,0.1,0.0,0.6,0.0,47671.9,81.5,0.0,0.7,0.0,0.2,0.1,0.2,0.2,0.1,0.3,0.5,0.2,0.2,0.0,23836.0
CRS3035RES200mN2611400E3481000,33.0,11.2,0.7,0.7,1.1,10.1,1.1,811131.9,1199.9,0.4,10.8,0.0,1.5,0.4,3.3,3.2,3.7,8.2,7.5,1.5,3.3,0.4,24580.0
CRS3035RES200mN2611400E3486800,2.0,0.8,0.1,0.1,0.1,0.7,0.0,47828.8,99.4,0.0,0.8,0.0,0.0,0.0,0.1,0.3,0.2,0.1,0.5,0.2,0.4,0.2,23914.0
CRS3035RES200mN2611400E3487400,5.0,1.9,0.3,0.3,0.3,1.8,0.1,119572.1,248.4,0.0,1.9,0.0,0.1,0.0,0.2,0.8,0.5,0.3,1.3,0.4,1.0,0.4,23914.0
CRS3035RES200mN2611400E3487600,7.0,2.7,0.4,0.5,0.5,2.5,0.1,167400.9,347.8,0.0,2.7,0.0,0.1,0.1,0.2,1.2,0.7,0.4,1.8,0.6,1.3,0.6,23914.0
CRS3035RES200mN2611400E3490800,3.0,0.9,0.3,0.2,0.1,0.8,0.1,53740.3,102.1,0.1,0.8,0.0,0.3,0.2,0.3,0.3,0.2,0.5,0.6,0.3,0.1,0.2,17913.0
CRS3035RES200mN2611400E3491800,2.0,1.1,0.2,0.5,0.0,1.0,0.1,50754.5,131.1,0.0,1.1,0.0,0.0,0.1,0.1,0.1,0.0,0.3,0.2,0.3,0.4,0.5,25377.0
CRS3035RES200mN2611400E3494000,2.0,0.8,0.1,0.2,0.0,0.6,0.0,49940.7,91.0,0.0,0.8,0.0,0.1,0.0,0.1,0.2,0.1,0.4,0.5,0.4,0.1,0.1,24970.0
CRS3035RES200mN2611400E3494200,3.0,1.2,0.2,0.3,0.0,1.0,0.1,74911.0,136.4,0.0,1.2,0.0,0.2,0.0,0.2,0.3,0.2,0.5,0.7,0.6,0.2,0.1,24970.0
CRS3035RES200mN2611400E3494400,5.0,2.0,0.4,0.5,0.1,1.6,0.1,124851.7,227.4,0.0,2.0,0.0,0.4,0.0,0.3,0.4,0.3,0.9,1.2,0.9,0.4,0.2,24970.0
CRS3035RES200mN2611400E3496600,12.0,4.7,0.6,0.9,0.3,4.1,0.6,241414.6,608.1,0.0,4.7,0.0,0.3,0.3,0.8,1.5,1.6,1.9,3.1,1.6,0.9,0.0,20118.0
CRS3035RES200mN2611400E3497200,3.0,1.1,0.1,0.2,0.0,1.0,0.1,70822.1,155.3,0.0,1.1,0.0,0.3,0.1,0.1,0.2,0.0,0.8,0.5,0.3,0.6,0.1,23607.0
CRS3035RES200mN2611600E3468200,10.0,4.2,0.5,1.2,0.3,2.9,0.5,234302.7,392.6,0.0,4.2,0.0,0.6,0.2,0.6,0.6,0.9,2.1,2.0,1.0,1.8,0.2,23430.0
CRS3035RES200mN2611600E3468400,5.0,2.1,0.2,0.6,0.2,1.5,0.3,117151.4,196.3,0.0,2.1,0.0,0.3,0.1,0.3,0.3,0.4,1.1,1.0,0.5,0.9,0.1,23430.0
CRS3035RES200mN2611600E3470000,2.0,1.0,0.0,0.3,0.0,0.9,0.1,58947.1,110.8,0.0,1.0,0.0,0.1,0.0,0.0,0.0,0.1,0.3,0.4,0.4,0.4,0.3,29474.0
CRS3035RES200mN2611600E3470200,77.5,29.0,2.0,6.0,4.0,25.0,4.0,2084994.8,3276.0,0.0,29.0,0.0,3.0,1.0,7.0,9.5,7.0,10.0,27.0,8.0,4.0,1.0,26903.0
CRS3035RES200mN2611600E3470400,54.0,19.0,1.0,4.0,2.0,19.0,0.0,1375972.6,2185.0,0.0,19.0,0.0,4.0,3.0,5.5,3.5,2.0,11.0,12.0,6.0,6.0,1.0,25481.0
CRS3035RES200mN2611600E3475600,11.0,3.6,0.2,0.4,0.5,2.7,0.4,241677.8,452.4,0.0,3.6,0.0,0.2,0.2,1.2,2.0,0.7,1.8,2.9,0.9,1.1,0.0,21971.0
CRS3035RES200mN2611600E3475800,96.0,53.0,9.0,24.0,1.0,31.0,2.0,2347711.0,5384.0,11.0,42.0,0.0,2.0,0.0,2.5,5.5,8.0,14.0,25.0,17.0,20.0,2.0,24455.0
CRS3035RES200mN2611600E3476000,96.0,45.0,7.0,19.0,1.0,33.0,3.0,2205965.1,4990.0,0.0,45.0,0.0,3.0,2.0,2.5,12.5,6.0,15.0,28.0,12.0,11.0,4.0,22979.0
CRS3035RES200mN2611600E3476200,34.0,12.0,1.0,2.0,0.0,11.0,2.0,841842.0,1379.0,0.0,12.0,0.0,0.0,0.0,3.0,3.0,7.0,3.0,15.0,2.0,0.0,1.0,24760.0
CRS3035RES200mN2611600E3477200,86.0,32.0,2.0,5.0,1.0,27.0,5.0,1942984.3,2786.0,0.0,32.0,0.0,11.0,3.0,12.5,4.5,1.0,36.0,13.0,2.0,2.0,1.0,22593.0
CRS3035RES200mN2611600E3477400,79.0,34.0,2.0,10.0,1.0,33.0,4.0,1729690.0,3246.0,0.0,34.0,0.0,3.0,0.0,4.5,11.5,5.0,11.0,23.0,5.0,15.0,1.0,21895.0
CRS3035RES200mN2611600E3477600,31.0,12.0,1.0,2.0,0.0,12.0,0.0,665925.8,1172.0,0.0,12.0,0.0,1.0,1.0,1.0,2.0,3.0,7.0,4.0,2.0,8.0,2.0,21481.0
CRS3035RES200mN2611600E3477800,88.0,35.0,4.0,10.0,1.0,33.0,4.0,1825516.2,3178.0,0.0,35.0,0.0,7.0,3.0,7.5,11.5,3.0,28.0,16.0,5.0,4.0,3.0,20745.0
CRS3035RES200mN2611600E3478000,52.5,19.0,0.7,4.9,2.8,16.2,0.0,1223171.4,2290.3,0.0,19.0,0.0,4.2,3.5,4.9,3.2,2.8,12.7,7.8,3.5,8.5,1.4,23299.0
CRS3035RES200mN2611600E3480200,22.0,7.5,0.6,0.9,0.4,7.1,0.4,524391.3,896.5,0.0,7.5,0.0,1.9,1.3,2.0,1.9,1.1,3.6,5.8,2.1,2.1,0.2,23836.0
CRS3035RES200mN2611600E3480400,41.0,14.0,1.0,2.0,1.0,14.0,2.0,926976.7,1484.0,0.0,14.0,0.0,1.0,1.0,3.0,6.0,4.0,5.0,13.0,3.0,3.0,2.0,22609.0
CRS3035RES200mN2611600E3481200,9.5,3.2,0.2,0.2,0.3,2.9,0.3,233507.7,345.4,0.1,3.1,0.0,0.4,0.1,1.0,0.9,1.1,2.4,2.1,0.4,1.0,0.1,24580.0
CRS3035RES200mN2611600E3481400,14.0,4.7,0.3,0.3,0.5,4.3,0.5,344116.6,509.1,0.1,4.6,0.0,0.6,0.2,1.4,1.3,1.6,3.5,3.2,0.6,1.4,0.2,24580.0
CRS3035RES200mN2611600E3482200,4.0,1.2,0.1,0.1,0.2,1.2,0.0,112379.5,148.9,0.0,1.2,0.0,0.1,0.0,0.8,0.3,0.3,0.7,0.8,0.3,0.7,0.0,28095.0
CRS3035RES200mN2611600E3482400,47.5,19.0,3.0,3.0,0.0,17.0,3.0,1083471.8,2344.0,0.0,19.0,0.0,3.0,0.0,2.0,2.5,9.0,2.0,14.0,4.0,9.0,2.0,22810.0
CRS3035RES200mN2611600E3483000,5.0,2.3,0.2,0.6,0.0,1.6,0.1,137978.1,288.4,0.0,2.3,0.0,0.0,0.0,0.2,0.7,0.4,1.1,0.9,0.7,0.8,0.2,27596.0
CRS3035RES200mN2611600E3486400,6.0,2.3,0.3,0.4,0.4,2.2,0.1,143486.5,298.1,0.0,2.3,0.0,0.1,0.1,0.2,1.0,0.6,0.3,1.6,0.5,1.1,0.5,23914.0
CRS3035RES200mN2611600E3486600,19.5,7.4,1.0,1.3,1.3,7.1,0.3,466331.0,968.9,0.0,7.4,0.0,0.3,0.2,0.7,3.2,2.0,1.0,5.0,1.7,3.7,1.7,23914.0
CRS3035RES200mN2611600E3486800,19.5,11.0,1.0,4.0,0.0,9.0,3.0,550049.9,1379.0,0.0,11.0,0.0,1.0,0.5,1.5,0.5,1.0,3.0,5.0,4.0,3.0,0.0,28208.0
CRS3035RES200mN2611600E3487800,2.0,0.8,0.1,0.1,0.1,0.7,0.0,47828.8,99.4,0.0,0.8,0.0,0.0,0.0,0.1,0.3,0.2,0.1,0.5,0.2,0.4,0.2,23914.0
CRS3035RES200mN2611600E3488000,3.5,1.3,0.2,0.5,0.3,0.8,0.1,78850.6,157.2,0.0,1.3,0.3,0.3,0.0,0.7,0.2,0.2,0.8,0.6,0.4,0.3,0.0,22529.0
CRS3035RES200mN2611600E3488800,2.0,0.8,0.1,0.3,0.1,0.4,0.0,45057.5,89.8,0.0,0.8,0.2,0.2,0.0,0.4,0.1,0.1,0.5,0.3,0.2,0.2,0.0,22529.0
CRS3035RES200mN2611600E3489000,5.0,2.1,0.2,0.4,0.2,1.9,0.4,115088.2,234.2,0.0,2.1,0.0,0.0,0.0,0.3,0.6,0.3,0.9,1.6,0.5,0.4,0.4,23018.0
CRS3035RES200mN2611600E3491800,5.0,2.7,0.4,1.2,0.0,2.5,0.2,126886.1,327.7,0.0,2.7,0.0,0.0,0.2,0.4,0.2,0.0,0.8,0.6,0.8,0.9,1.1,25377.0
CRS3035RES200mN2611600E3494000,7.0,2.7,0.5,0.7,0.1,2.2,0.2,174792.4,318.3,0.0,2.7,0.0,0.5,0.0,0.4,0.6,0.4,1.3,1.6,1.3,0.5,0.4,24970.0
CRS3035RES200mN2611600E3494200,53.5,24.0,4.0,6.0,1.0,19.0,2.0,1176313.3,2604.0,0.0,24.0,0.0,3.0,1.0,0.5,3.0,3.0,7.0,7.0,7.0,12.0,10.0,21987.0
CRS3035RES200mN2611600E3494400,2.0,0.8,0.1,0.2,0.0,0.6,0.0,49940.7,91.0,0.0,0.8,0.0,0.1,0.0,0.1,0.2,0.1,0.4,0.5,0.4,0.1,0.1,24970.0
CRS3035RES200mN2611600E3494800,2.0,0.8,0.1,0.2,0.0,0.6,0.0,49940.7,91.0,0.0,0.8,0.0,0.1,0.0,0.1,0.2,0.1,0.4,0.5,0.4,0.1,0.1,24970.0
CRS3035RES200mN2611600E3496600,11.5,4.5,0.6,0.9,0.3,3.9,0.6,231355.7,582.8,0.0,4.5,0.0,0.3,0.3,0.7,1.5,1.5,1.8,3.0,1.5,0.9,0.0,20118.0
CRS3035RES200mN2611600E3496800,4.0,1.6,0.2,0.3,0.1,1.4,0.2,80471.5,202.7,0.0,1.6,0.0,0.1,0.1,0.3,0.5,0.5,0.6,1.1,0.5,0.3,0.0,20118.0
CRS3035RES200mN2611800E3468200,2.0,0.8,0.1,0.2,0.1,0.6,0.1,46860.5,78.5,0.0,0.8,0.0,0.1,0.0,0.1,0.1,0.2,0.4,0.4,0.2,0.4,0.1,23430.0
CRS3035RES200mN2611800E3470200,15.0,7.5,0.0,2.5,0.0,6.5,0.5,442103.3,831.0,0.0,7.5,0.0,1.0,0.0,0.0,0.0,1.0,2.0,3.0,3.0,3.0,2.0,29474.0
CRS3035RES200mN2611800E3470400,30.0,13.0,0.0,4.0,1.0,12.0,0.0,892776.3,1553.0,0.0,13.0,0.0,0.0,0.0,3.0,5.0,0.0,2.0,9.0,5.0,4.0,2.0,29759.0
CRS3035RES200mN2611800E3475600,31.0,13.0,0.0,2.0,0.0,11.0,1.0,818205.1,1586.0,0.0,13.0,0.0,0.0,2.0,4.0,0.0,0.0,5.0,4.0,7.0,7.0,2.0,26394.0
CRS3035RES200mN2611800E3475800,31.0,13.0,1.0,3.0,1.0,9.0,2.0,676490.8,1389.0,0.0,13.0,0.0,2.0,1.0,2.5,4.5,0.0,6.0,4.0,3.0,8.0,0.0,21822.0
CRS3035RES200mN2611800E3476000,50.0,19.0,1.0,3.0,2.0,19.0,2.0,1093826.3,2014.0,0.0,19.0,0.0,4.0,1.0,5.0,4.0,2.0,12.0,9.0,6.0,6.0,1.0,21877.0
CRS3035RES200mN2611800E3476200,23.0,9.2,1.3,2.2,0.9,8.3,0.4,532001.9,945.4,0.0,9.2,0.0,1.7,0.9,1.7,0.7,1.3,3.1,6.1,3.1,4.4,0.0,23131.0
CRS3035RES200mN2611800E3477200,37.0,12.0,0.0,0.0,1.0,10.0,2.0,982372.3,1239.0,0.0,12.0,0.0,4.0,2.0,5.0,3.0,1.0,16.0,4.0,0.0,2.0,0.0,26551.0
CRS3035RES200mN2611800E3477400,22.5,10.6,0.8,3.4,0.3,9.3,1.3,517733.1,1070.2,0.0,10.6,0.0,1.3,0.3,1.3,2.1,1.3,5.3,5.8,2.4,1.9,0.8,23010.0
CRS3035RES200mN2611800E3477600,13.5,6.4,0.5,2.1,0.2,5.6,0.8,310639.8,642.1,0.0,6.4,0.0,0.8,0.1,0.8,1.3,0.8,3.2,3.5,1.4,1.1,0.5,23010.0
CRS3035RES200mN2611800E3477800,3.0,1.4,0.1,0.5,0.0,1.2,0.2,69031.1,142.7,0.0,1.4,0.0,0.2,0.0,0.2,0.3,0.2,0.7,0.8,0.3,0.2,0.1,23010.0
CRS3035RES200mN2611800E3481400,27.0,9.2,0.6,0.6,0.9,8.2,0.9,663653.3,981.8,0.3,8.9,0.0,1.2,0.3,2.7,2.6,3.1,6.7,6.1,1.2,2.8,0.3,24580.0
CRS3035RES200mN2611800E3481600,5.0,1.7,0.1,0.1,0.2,1.5,0.2,122898.8,181.8,0.1,1.6,0.0,0.2,0.1,0.5,0.5,0.6,1.2,1.1,0.2,0.5,0.1,24580.0
CRS3035RES200mN2611800E3482400,4.0,1.2,0.1,0.1,0.2,1.2,0.0,112379.5,148.9,0.0,1.2,0.0,0.1,0.0,0.8,0.3,0.3,0.7,0.8,0.3,0.7,0.0,28095.0
CRS3035RES200mN2611800E3482800,38.5,13.0,2.0,2.0,3.0,10.0,1.0,768645.6,1701.0,1.0,12.0,0.0,1.0,4.0,5.0,2.5,1.0,6.0,5.0,5.0,8.0,1.0,19965.0
CRS3035RES200mN2611800E3483000,45.0,20.8,1.7,5.8,0.0,14.2,0.8,1241802.9,2595.8,0.0,20.8,0.0,0.0,0.0,1.7,5.8,3.3,10.0,8.3,6.7,7.5,1.7,27596.0
CRS3035RES200mN2611800E3483200,4.0,1.9,0.1,0.5,0.0,1.3,0.1,110382.5,230.7,0.0,1.9,0.0,0.0,0.0,0.1,0.5,0.3,0.9,0.7,0.6,0.7,0.2,27596.0
CRS3035RES200mN2611800E3486600,5.5,2.1,0.3,0.4,0.4,2.0,0.1,131529.3,273.3,0.0,2.1,0.0,0.1,0.0,0.2,0.9,0.6,0.3,1.4,0.5,1.0,0.5,23914.0
CRS3035RES200mN2611800E3486800,9.0,3.4,0.5,0.6,0.6,3.3,0.2,215229.7,447.2,0.0,3.4,0.0,0.1,0.1,0.3,1.5,0.9,0.5,2.3,0.8,1.7,0.8,23914.0
CRS3035RES200mN2611800E3487800,2.0,0.8,0.1,0.1,0.1,0.7,0.0,47828.8,99.4,0.0,0.8,0.0,0.0,0.0,0.1,0.3,0.2,0.1,0.5,0.2,0.4,0.2,23914.0
CRS3035RES200mN2611800E3488200,31.0,12.0,1.5,4.5,2.2,6.7,0.7,698390.9,1392.4,0.0,12.0,3.0,2.2,0.0,6.4,1.5,1.5,7.5,5.2,3.7,3.0,0.0,22529.0
CRS3035RES200mN2611800E3488800,33.0,14.0,3.0,2.0,1.0,12.0,3.0,894079.3,2246.0,0.0,14.0,0.0,0.0,0.0,0.0,7.0,3.0,2.0,7.0,8.0,6.0,0.0,27093.0
CRS3035RES200mN2611800E3489000,23.5,14.0,2.0,7.0,0.0,12.0,0.0,521731.0,1513.0,2.0,12.0,0.0,0.0,0.0,0.0,0.5,1.0,1.0,10.0,5.0,3.0,3.0,22201.0
CRS3035RES200mN2611800E3491800,18.0,9.7,1.4,4.2,0.0,9.0,0.7,456790.1,1179.7,0.0,9.7,0.0,0.0,0.7,1.4,0.7,0.0,2.8,2.1,2.8,3.4,4.1,25377.0
CRS3035RES200mN2611800E3494000,26.0,10.1,1.9,2.5,0.3,8.2,0.6,649229.0,1182.4,0.0,10.1,0.0,1.9,0.0,1.6,2.2,1.6,4.7,6.0,4.8,1.9,1.3,24970.0
CRS3035RES200mN2611800E3494200,18.0,7.0,1.3,1.8,0.2,5.7,0.4,449466.2,818.6,0.0,7.0,0.0,1.3,0.0,1.1,1.5,1.1,3.3,4.2,3.3,1.3,0.9,24970.0
CRS3035RES200mN2611800E3494400,4.0,1.6,0.3,0.4,0.0,1.3,0.1,99881.4,181.9,0.0,1.6,0.0,0.3,0.0,0.3,0.3,0.3,0.7,0.9,0.7,0.3,0.2,24970.0
CRS3035RES200mN2611800E3494600,7.0,2.7,0.5,0.7,0.1,2.2,0.2,174792.4,318.3,0.0,2.7,0.0,0.5,0.0,0.4,0.6,0.4,1.3,1.6,1.3,0.5,0.4,24970.0
CRS3035RES200mN2611800E3495200,6.0,2.3,0.4,0.6,0.1,1.9,0.1,149822.1,272.9,0.0,2.3,0.0,0.4,0.0,0.4,0.5,0.4,1.1,1.4,1.1,0.4,0.3,24970.0
CRS3035RES200mN2612000E3472800,2.0,0.9,0.0,0.3,0.1,0.4,0.1,46915.2,88.9,0.0,0.9,0.0,0.3,0.1,0.0,0.0,0.1,0.6,0.2,0.2,0.4,0.1,23458.0
CRS3035RES200mN2612000E3475800,5.0,2.2,0.8,0.8,0.0,1.4,0.4,108591.9,238.4,0.0,2.2,0.0,0.4,0.2,0.2,0.0,0.8,0.8,1.2,0.4,0.6,0.4,21718.0
CRS3035RES200mN2612000E3476200,5.0,2.0,0.4,0.4,0.2,1.5,0.1,110733.2,263.5,0.1,1.9,0.0,0.0,0.1,0.2,0.7,0.4,0.8,1.1,0.4,1.3,0.0,22147.0
CRS3035RES200mN2612000E3476600,1.0,0.4,0.1,0.1,0.0,0.3,0.0,22146.6,52.7,0.0,0.4,0.0,0.0,0.0,0.0,0.1,0.1,0.2,0.2,0.1,0.3,0.0,22147.0
CRS3035RES200mN2612000E3476800,10.0,4.0,0.7,0.7,0.5,3.1,0.2,221466.4,526.9,0.2,3.8,0.0,0.0,0.2,0.5,1.4,0.7,1.7,2.2,0.7,2.6,0.0,22147.0
CRS3035RES200mN2612000E3477000,1.0,0.4,0.1,0.2,0.1,0.3,0.0,22754.3,46.5,0.0,0.4,0.0,0.1,0.1,0.0,0.0,0.1,0.2,0.2,0.1,0.1,0.1,22754.0
CRS3035RES200mN2612000E3481400,27.0,7.9,0.5,1.0,1.5,7.9,0.0,565258.9,871.4,0.0,7.9,0.0,2.0,1.5,3.0,3.7,1.5,5.4,6.4,3.0,0.5,0.0,20936.0
CRS3035RES200mN2612000E3481600,23.5,6.9,0.4,0.9,1.3,6.9,0.0,491984.6,758.5,0.0,6.9,0.0,1.7,1.3,2.6,3.2,1.3,4.8,5.6,2.6,0.4,0.0,20936.0
CRS3035RES200mN2612000E3482800,39.5,18.0,3.0,5.0,1.0,13.0,1.0,942596.3,2429.0,0.0,18.0,0.0,0.0,1.0,3.0,2.5,2.0,9.0,7.0,3.0,10.0,2.0,23863.0
CRS3035RES200mN2612000E3483000,98.0,44.0,7.0,16.0,4.0,35.0,2.0,2226898.1,4536.0,0.0,44.0,0.0,3.0,2.5,9.0,2.5,11.0,25.0,14.0,16.0,8.0,7.0,22723.0
CRS3035RES200mN2612000E3483200,7.0,3.2,0.6,1.2,0.2,2.3,0.3,168296.1,358.6,0.0,3.2,0.0,0.3,0.0,0.5,0.8,0.4,1.4,1.5,0.6,1.5,0.0,24042.0
CRS3035RES200mN2612000E3484200,6.0,2.3,0.0,0.2,0.1,2.3,0.3,149931.2,298.3,0.2,2.1,0.0,0.5,0.2,0.6,0.6,0.1,0.7,1.7,0.6,0.7,0.3,24989.0
CRS3035RES200mN2612000E3484400,33.5,13.0,0.0,3.0,0.0,10.0,1.0,807039.8,1314.0,0.0,13.0,0.0,2.0,1.0,3.5,2.0,3.0,9.0,5.0,2.0,4.0,2.0,24091.0
CRS3035RES200mN2612000E3487600,1.0,0.4,0.0,0.1,0.1,0.4,0.0,22990.3,50.3,0.0,0.4,0.0,0.0,0.0,0.1,0.1,0.0,0.2,0.3,0.1,0.1,0.1,22990.0
CRS3035RES200mN2612000E3488000,26.0,12.0,1.0,2.0,1.0,12.0,1.0,681242.0,1508.0,0.0,12.0,0.0,0.0,0.0,2.0,1.0,1.0,4.0,3.0,2.0,8.0,5.0,26202.0
CRS3035RES200mN2612000E3488200,30.0,13.0,3.0,2.0,0.0,9.0,1.0,670543.4,1428.0,2.0,11.0,2.0,0.0,1.0,1.5,2.5,2.0,2.0,5.0,2.0,12.0,2.0,22351.0
CRS3035RES200mN2612000E3488400,30.0,16.0,1.0,6.0,0.0,12.0,1.0,691629.0,1882.0,0.0,16.0,0.0,2.0,1.0,0.0,1.0,1.0,5.0,6.0,3.0,10.0,1.0,23054.0
CRS3035RES200mN2612000E3488600,55.0,26.0,1.0,13.0,2.0,21.0,1.0,1365238.5,3251.0,0.0,26.0,0.0,1.0,2.0,2.0,6.0,6.0,5.0,14.0,4.0,7.0,8.0,24823.0
CRS3035RES200mN2612000E3488800,118.0,55.0,11.0,25.0,3.0,38.0,6.0,2592279.9,6110.0,0.0,55.0,0.0,1.0,6.0,7.0,11.0,9.0,20.0,24.0,17.0,17.0,6.0,21968.0
CRS3035RES200mN2612000E3489000,61.5,34.0,4.0,17.0,0.0,29.0,3.0,1341521.0,3495.0,1.0,33.0,0.0,0.0,0.0,1.5,4.0,7.0,4.0,10.0,14.0,11.0,10.0,21813.0
CRS3035RES200mN2612000E3489200,29.0,12.7,2.1,2.8,0.7,12.0,1.4,634220.4,1484.7,0.0,12.7,0.0,0.0,0.0,1.4,2.1,2.1,1.4,5.7,4.3,8.5,3.5,21870.0
CRS3035RES200mN2612000E3489400,4.0,1.8,0.3,0.4,0.1,1.7,0.2,87478.7,204.8,0.0,1.8,0.0,0.0,0.0,0.2,0.3,0.3,0.2,0.8,0.6,1.1,0.5,21870.0
CRS3035RES200mN2612000E3494400,3.0,1.5,0.2,0.4,0.0,1.1,0.1,59669.9,188.6,0.0,1.5,0.0,0.1,0.0,0.2,0.2,0.0,0.9,0.5,0.1,0.7,0.3,19890.0
CRS3035RES200mN2612000E3494600,25.0,12.5,1.5,3.7,0.0,9.6,0.7,497248.9,1571.3,0.0,12.5,0.0,0.7,0.0,1.5,1.5,0.0,7.4,4.4,0.7,5.9,2.9,19890.0
CRS3035RES200mN2612000E3494800,24.5,13.0,5.0,6.0,0.0,9.0,1.0,519852.5,1545.0,0.0,13.0,3.0,0.0,0.0,2.5,1.0,2.0,1.0,8.0,4.0,5.0,1.0,21218.0
CRS3035RES200mN2612000E3495000,7.0,2.8,0.2,0.4,0.2,2.3,0.1,155266.2,282.4,0.0,2.8,0.0,0.2,0.2,0.4,0.6,0.4,1.6,1.2,1.6,0.8,0.0,22181.0
CRS3035RES200mN2612000E3495200,2.0,0.8,0.1,0.1,0.1,0.7,0.0,44361.8,80.7,0.0,0.8,0.0,0.1,0.1,0.1,0.2,0.1,0.4,0.4,0.4,0.2,0.0,22181.0
CRS3035RES200mN2612200E3468400,3.0,1.1,0.4,0.3,0.1,0.7,0.1,61842.9,142.7,0.0,1.1,0.0,0.3,0.1,0.3,0.2,0.1,0.7,0.4,0.4,0.4,0.1,20614.0
CRS3035RES200mN2612200E3471800,1.0,0.4,0.1,0.1,0.0,0.2,0.0,20614.3,47.6,0.0,0.4,0.0,0.1,0.0,0.1,0.1,0.0,0.2,0.1,0.1,0.2,0.1,20614.0
CRS3035RES200mN2612200E3472000,2.0,0.9,0.0,0.3,0.1,0.4,0.1,46915.2,88.9,0.0,0.9,0.0,0.3,0.1,0.0,0.0,0.1,0.6,0.2,0.2,0.4,0.1,23458.0
CRS3035RES200mN2612200E3476800,6.0,2.4,0.4,0.4,0.3,1.9,0.1,132879.8,316.1,0.1,2.3,0.0,0.0,0.1,0.3,0.9,0.4,1.0,1.3,0.4,1.6,0.0,22147.0
CRS3035RES200mN2612200E3479200,2.0,0.7,0.0,0.1,0.0,0.6,0.0,55613.6,79.3,0.0,0.7,0.0,0.1,0.1,0.1,0.1,0.1,0.4,0.5,0.2,0.3,0.1,27807.0
CRS3035RES200mN2612200E3482600,16.0,5.6,0.0,0.6,0.6,5.0,0.0,453169.6,758.6,0.0,5.6,0.0,0.6,0.6,2.2,0.6,1.0,3.5,3.1,1.3,2.5,0.6,28323.0
CRS3035RES200mN2612200E3482800,10.0,3.5,0.0,0.4,0.4,3.1,0.0,283231.0,474.1,0.0,3.5,0.0,0.4,0.4,1.4,0.4,0.6,2.1,1.9,0.8,1.6,0.4,28323.0
CRS3035RES200mN2612200E3483000,61.0,21.0,1.0,1.0,2.0,20.0,1.0,1713828.2,2731.0,0.0,21.0,0.0,1.5,1.5,3.0,10.0,5.0,8.0,16.0,6.0,9.0,1.0,28096.0
CRS3035RES200mN2612200E3483200,8.0,3.6,0.7,1.4,0.2,2.6,0.3,192338.4,409.8,0.0,3.6,0.0,0.3,0.0,0.6,0.9,0.5,1.6,1.7,0.7,1.7,0.0,24042.0
CRS3035RES200mN2612200E3484200,15.0,5.7,0.0,0.5,0.3,5.7,0.8,374827.9,745.9,0.5,5.2,0.0,1.3,0.5,1.4,1.4,0.3,1.8,4.1,1.6,1.8,0.8,24989.0
CRS3035RES200mN2612200E3484400,35.0,14.0,2.0,3.0,0.0,14.0,1.0,791887.7,1729.0,0.0,14.0,0.0,0.0,1.0,3.0,5.0,1.0,3.0,10.0,6.0,5.0,1.0,22625.0
CRS3035RES200mN2612200E3484600,9.0,3.4,0.0,0.3,0.2,3.4,0.5,224896.8,447.5,0.3,3.1,0.0,0.8,0.3,0.8,0.8,0.2,1.1,2.5,0.9,1.1,0.5,24989.0
CRS3035RES200mN2612200E3488000,33.5,13.0,2.0,1.0,1.0,12.0,3.0,757967.7,1516.0,0.0,13.0,0.0,0.0,1.0,2.5,2.5,2.5,2.0,5.0,5.0,10.0,3.0,22626.0
CRS3035RES200mN2612200E3488200,50.5,22.0,1.0,9.0,1.0,14.0,2.0,1216539.3,2078.0,0.0,22.0,6.0,1.0,2.0,1.0,5.5,5.0,8.0,15.0,9.0,4.0,0.0,24090.0
CRS3035RES200mN2612200E3488400,20.0,7.6,0.3,1.1,0.0,7.0,0.3,478497.1,968.4,0.0,7.6,0.0,0.6,0.9,1.0,2.2,1.7,2.5,3.6,3.9,2.5,1.1,23925.0
CRS3035RES200mN2612200E3488600,25.5,9.6,0.4,1.4,0.0,8.9,0.4,610083.9,1234.7,0.0,9.6,0.0,0.7,1.1,1.3,2.9,2.1,3.2,4.6,5.0,3.2,1.4,23925.0
CRS3035RES200mN2612200E3489200,51.0,25.0,4.0,6.0,0.0,25.0,1.0,1078050.8,2605.0,0.0,25.0,0.0,1.0,1.0,1.0,2.0,2.0,5.0,9.0,9.0,19.0,2.0,21138.0
CRS3035RES200mN2612200E3489400,33.0,14.0,0.0,3.0,0.0,13.0,0.0,704279.4,1310.0,0.0,14.0,0.0,2.0,1.0,3.0,2.0,0.0,7.0,4.0,2.0,9.0,3.0,21342.0
CRS3035RES200mN2612200E3491400,3.0,1.1,0.2,0.3,0.2,0.9,0.1,58284.8,121.0,0.0,1.1,0.0,0.1,0.2,0.1,0.4,0.1,0.4,0.5,0.6,0.4,0.2,19428.0
CRS3035RES200mN2612200E3494400,4.0,2.0,0.2,0.6,0.0,1.5,0.1,79559.8,251.4,0.0,2.0,0.0,0.1,0.0,0.2,0.2,0.0,1.2,0.7,0.1,1.0,0.5,19890.0
CRS3035RES200mN2612200E3494600,25.0,11.0,3.0,1.0,0.0,10.0,1.0,520215.3,1283.0,0.0,11.0,0.0,0.0,0.0,0.0,1.0,3.0,0.0,9.0,6.0,3.0,3.0,20809.0
CRS3035RES200mN2612200E3494800,36.0,14.0,0.0,4.0,1.0,12.0,4.0,889710.3,1645.0,0.0,14.0,0.0,0.0,0.0,1.5,9.5,3.0,3.0,7.0,4.0,4.0,4.0,24714.0
CRS3035RES200mN2612200E3495000,13.0,5.2,0.4,0.8,0.4,4.3,0.2,288351.5,524.5,0.0,5.2,0.0,0.4,0.4,0.8,1.0,0.8,2.9,2.3,2.9,1.5,0.0,22181.0
CRS3035RES200mN2612200E3495200,65.0,22.0,5.0,5.0,4.0,17.0,1.0,1123494.6,2140.0,0.0,22.0,0.0,8.0,1.0,10.0,7.0,3.0,15.0,12.0,5.0,4.0,0.0,17285.0
CRS3035RES200mN2612200E3495400,15.0,6.0,0.5,1.0,0.5,5.0,0.2,332713.3,605.2,0.0,6.0,0.0,0.5,0.5,0.9,1.2,1.0,3.3,2.6,3.3,1.7,0.0,22181.0
CRS3035RES200mN2612400E3466800,2.0,1.0,0.3,0.3,0.0,0.9,0.1,48950.0,114.3,0.0,1.0,0.0,0.2,0.0,0.0,0.1,0.2,0.3,0.2,0.5,0.4,0.1,24475.0
CRS3035RES200mN2612400E3467800,1.0,0.5,0.1,0.3,0.0,0.2,0.1,23699.6,45.8,0.2,0.3,0.0,0.0,0.0,0.1,0.0,0.1,0.3,0.1,0.2,0.2,0.0,23700.0
CRS3035RES200mN2612400E3469400,2.0,0.7,0.3,0.2,0.1,0.4,0.0,41228.6,95.1,0.0,0.7,0.0,0.2,0.1,0.2,0.1,0.1,0.4,0.2,0.3,0.3,0.1,20614.0
CRS3035RES200mN2612400E3479200,4.0,1.5,0.1,0.3,0.1,1.1,0.1,111227.3,158.5,0.0,1.5,0.0,0.2,0.2,0.3,0.3,0.3,0.8,0.9,0.4,0.5,0.1,27807.0
CRS3035RES200mN2612400E3483000,29.0,13.1,2.5,5.0,0.6,9.4,1.2,697226.9,1485.5,0.0,13.1,0.0,1.3,0.0,2.2,3.1,1.9,5.6,6.2,2.5,6.2,0.0,24042.0
CRS3035RES200mN2612400E3483200,2.5,1.1,0.2,0.4,0.1,0.8,0.1,60105.8,128.1,0.0,1.1,0.0,0.1,0.0,0.2,0.3,0.2,0.5,0.5,0.2,0.5,0.0,24042.0
CRS3035RES200mN2612400E3486400,2.0,0.8,0.0,0.2,0.1,0.7,0.1,45980.7,100.5,0.0,0.8,0.0,0.0,0.0,0.2,0.2,0.1,0.4,0.6,0.3,0.1,0.1,22990.0
CRS3035RES200mN2612400E3486600,5.0,2.0,0.1,0.5,0.3,1.8,0.2,114951.7,251.4,0.0,2.0,0.0,0.1,0.1,0.5,0.6,0.2,1.0,1.4,0.6,0.3,0.2,22990.0
CRS3035RES200mN2612400E3488200,22.0,8.3,0.3,1.2,0.0,7.7,0.3,526346.9,1065.2,0.0,8.3,0.0,0.6,0.9,1.1,2.5,1.8,2.8,4.0,4.3,2.8,1.2,23925.0
CRS3035RES200mN2612400E3488400,64.5,25.0,0.0,5.0,1.0,25.0,0.0,1638389.1,2961.0,0.0,25.0,0.0,0.0,1.0,4.0,8.5,5.0,7.0,19.0,4.0,15.0,1.0,25401.0
CRS3035RES200mN2612400E3489000,4.0,1.8,0.3,0.4,0.1,1.7,0.2,87478.7,204.8,0.0,1.8,0.0,0.0,0.0,0.2,0.3,0.3,0.2,0.8,0.6,1.1,0.5,21870.0
CRS3035RES200mN2612400E3489200,2.0,0.9,0.1,0.2,0.0,0.8,0.1,43739.3,102.4,0.0,0.9,0.0,0.0,0.0,0.1,0.1,0.2,0.1,0.4,0.3,0.6,0.2,21870.0
CRS3035RES200mN2612400E3489400,2.0,0.9,0.1,0.2,0.0,0.8,0.1,43739.3,102.4,0.0,0.9,0.0,0.0,0.0,0.1,0.1,0.2,0.1,0.4,0.3,0.6,0.2,21870.0
CRS3035RES200mN2612400E3494800,2.0,1.0,0.1,0.3,0.0,0.8,0.1,39779.9,125.7,0.0,1.0,0.0,0.1,0.0,0.1,0.1,0.0,0.6,0.3,0.1,0.5,0.2,19890.0
CRS3035RES200mN2612400E3495000,5.0,2.0,0.2,0.3,0.2,1.7,0.1,110904.4,201.7,0.0,2.0,0.0,0.2,0.2,0.3,0.4,0.3,1.1,0.9,1.1,0.5,0.0,22181.0
CRS3035RES200mN2612400E3495200,17.0,6.7,0.5,1.1,0.5,5.7,0.3,377075.1,685.9,0.0,6.7,0.0,0.5,0.5,1.1,1.3,1.1,3.8,3.0,3.8,1.9,0.0,22181.0
CRS3035RES200mN2612600E3465800,4.5,2.6,0.3,1.2,0.0,1.3,0.2,109337.9,212.5,0.2,2.4,0.0,0.0,0.0,0.3,0.1,0.5,0.7,0.9,0.4,1.4,0.2,24297.0
CRS3035RES200mN2612600E3466200,2.0,1.0,0.3,0.3,0.0,0.9,0.1,48950.0,114.3,0.0,1.0,0.0,0.2,0.0,0.0,0.1,0.2,0.3,0.2,0.5,0.4,0.1,24475.0
CRS3035RES200mN2612600E3466400,3.0,1.5,0.4,0.5,0.0,1.3,0.2,73425.0,171.4,0.1,1.4,0.0,0.2,0.0,0.0,0.1,0.3,0.5,0.3,0.8,0.6,0.2,24475.0
CRS3035RES200mN2612600E3466800,1.0,0.5,0.1,0.2,0.0,0.4,0.1,24475.0,57.1,0.0,0.5,0.0,0.1,0.0,0.0,0.0,0.1,0.2,0.1,0.3,0.2,0.0,24475.0
CRS3035RES200mN2612600E3471200,2.0,0.7,0.3,0.2,0.1,0.4,0.0,41228.6,95.1,0.0,0.7,0.0,0.2,0.1,0.2,0.1,0.1,0.4,0.2,0.3,0.3,0.1,20614.0
CRS3035RES200mN2612600E3473400,3.0,1.3,0.0,0.4,0.1,0.6,0.1,70372.7,133.4,0.0,1.3,0.0,0.5,0.1,0.0,0.0,0.2,0.9,0.3,0.3,0.6,0.1,23458.0
CRS3035RES200mN2612600E3477400,16.0,6.8,1.0,2.4,1.0,4.8,0.0,364068.1,743.8,0.0,6.8,0.0,1.4,1.0,0.5,0.5,1.4,2.9,2.9,1.5,2.4,1.5,22754.0
CRS3035RES200mN2612600E3480400,4.0,1.4,0.0,0.2,0.1,1.2,0.2,103853.0,172.8,0.0,1.4,0.0,0.2,0.1,0.5,0.4,0.3,1.3,0.4,0.3,0.5,0.0,25963.0
CRS3035RES200mN2612600E3480800,3.0,1.1,0.0,0.1,0.0,0.9,0.2,77889.7,129.6,0.0,1.1,0.0,0.1,0.1,0.4,0.3,0.2,1.0,0.3,0.2,0.4,0.0,25963.0
CRS3035RES200mN2612600E3481800,4.0,1.2,0.1,0.1,0.2,1.2,0.0,83742.1,129.1,0.0,1.2,0.0,0.3,0.2,0.4,0.6,0.2,0.8,1.0,0.4,0.1,0.0,20936.0
CRS3035RES200mN2612600E3486200,2.0,0.8,0.0,0.2,0.1,0.7,0.1,45980.7,100.5,0.0,0.8,0.0,0.0,0.0,0.2,0.2,0.1,0.4,0.6,0.3,0.1,0.1,22990.0
CRS3035RES200mN2612600E3486400,31.5,12.0,1.0,3.0,1.0,12.0,0.0,757373.9,1155.0,0.0,12.0,0.0,2.0,1.0,0.5,1.0,1.0,7.0,7.0,4.0,8.0,0.0,24044.0
CRS3035RES200mN2612600E3486600,7.0,2.8,0.1,0.7,0.4,2.5,0.3,160932.4,351.9,0.0,2.8,0.0,0.2,0.2,0.7,0.8,0.3,1.3,1.9,0.9,0.4,0.3,22990.0
CRS3035RES200mN2612600E3488400,4.0,1.5,0.1,0.2,0.0,1.4,0.1,95699.4,193.7,0.0,1.5,0.0,0.1,0.2,0.2,0.5,0.3,0.5,0.7,0.8,0.5,0.2,23925.0
CRS3035RES200mN2612800E3465400,31.5,24.0,3.0,17.0,0.0,12.0,3.0,748554.3,1743.0,9.0,15.0,0.0,0.0,0.0,0.5,2.0,0.0,5.0,5.0,1.0,14.0,4.0,23764.0
CRS3035RES200mN2612800E3465600,55.5,28.0,4.0,11.0,1.0,13.0,4.0,1520181.3,2481.0,4.0,24.0,0.0,0.0,2.0,2.0,3.5,5.0,7.0,12.0,9.0,14.0,1.0,27391.0
CRS3035RES200mN2612800E3465800,37.0,21.4,2.7,9.8,0.0,10.7,1.8,899000.8,1747.5,1.8,19.6,0.0,0.0,0.0,2.7,0.4,4.5,5.3,7.1,3.6,11.6,1.8,24297.0
CRS3035RES200mN2612800E3466000,71.5,40.0,5.0,17.0,1.0,27.0,4.0,1899997.2,3591.0,0.0,40.0,0.0,0.0,1.0,2.0,4.5,3.0,12.0,14.0,10.0,19.0,6.0,26573.0
CRS3035RES200mN2612800E3466200,49.0,29.0,4.0,12.0,0.0,24.0,2.0,1332422.5,2262.0,0.0,29.0,0.0,1.0,0.0,0.0,2.0,0.0,7.0,11.0,7.0,17.0,4.0,27192.0
CRS3035RES200mN2612800E3466400,18.0,9.2,2.3,2.8,0.0,7.8,0.9,440549.7,1028.3,0.4,8.8,0.0,1.4,0.2,0.0,0.9,1.6,2.8,1.9,4.6,3.7,0.9,24475.0
CRS3035RES200mN2612800E3466800,13.0,6.7,1.7,2.0,0.0,5.7,0.7,318174.8,742.7,0.4,6.3,0.0,1.0,0.2,0.0,0.7,1.1,2.0,1.3,3.3,2.7,0.7,24475.0
CRS3035RES200mN2612800E3467400,4.0,2.1,0.5,1.2,0.2,0.9,0.3,94798.6,183.1,0.9,1.2,0.0,0.0,0.1,0.3,0.1,0.3,1.1,0.5,0.9,0.6,0.1,23700.0
CRS3035RES200mN2612800E3467600,24.0,13.0,0.0,6.0,0.0,8.0,0.0,535222.0,1265.0,0.0,13.0,0.0,1.0,0.0,0.0,1.0,2.0,4.0,4.0,1.0,11.0,0.0,22301.0
CRS3035RES200mN2612800E3467800,21.5,11.4,2.4,6.5,0.8,4.9,1.6,509542.4,984.1,4.9,6.5,0.0,0.0,0.4,1.6,0.8,1.6,5.7,2.4,4.9,3.3,0.8,23700.0
CRS3035RES200mN2612800E3473200,2.0,0.9,0.0,0.3,0.1,0.4,0.1,46915.2,88.9,0.0,0.9,0.0,0.3,0.1,0.0,0.0,0.1,0.6,0.2,0.2,0.4,0.1,23458.0
CRS3035RES200mN2612800E3473400,25.5,11.1,0.0,3.7,0.7,5.2,0.7,598168.3,1133.8,0.0,11.1,0.0,4.4,0.7,0.0,0.4,1.5,7.4,2.2,3.0,5.2,0.7,23458.0
CRS3035RES200mN2612800E3477400,16.0,6.8,1.0,2.4,1.0,4.8,0.0,364068.1,743.8,0.0,6.8,0.0,1.4,1.0,0.5,0.5,1.4,2.9,2.9,1.5,2.4,1.5,22754.0
CRS3035RES200mN2612800E3480000,6.0,2.2,0.0,0.3,0.1,1.8,0.4,155779.4,259.2,0.0,2.2,0.0,0.3,0.2,0.7,0.6,0.4,2.0,0.6,0.5,0.7,0.0,25963.0
CRS3035RES200mN2612800E3480200,42.0,15.1,0.0,2.0,0.7,12.5,2.6,1090456.1,1814.5,0.0,15.1,0.0,2.0,1.3,5.2,3.9,2.6,13.8,4.6,3.3,5.3,0.0,25963.0
CRS3035RES200mN2612800E3480400,6.0,2.2,0.0,0.3,0.1,1.8,0.4,155779.4,259.2,0.0,2.2,0.0,0.3,0.2,0.7,0.6,0.4,2.0,0.6,0.5,0.7,0.0,25963.0
CRS3035RES200mN2612800E3480600,3.0,1.1,0.0,0.1,0.0,0.9,0.2,77889.7,129.6,0.0,1.1,0.0,0.1,0.1,0.4,0.3,0.2,1.0,0.3,0.2,0.4,0.0,25963.0
CRS3035RES200mN2612800E3486000,3.0,1.2,0.1,0.3,0.2,1.1,0.1,68971.0,150.8,0.0,1.2,0.0,0.1,0.1,0.3,0.3,0.1,0.6,0.8,0.4,0.2,0.1,22990.0
CRS3035RES200mN2612800E3486200,22.5,9.0,0.5,2.4,1.4,8.1,0.9,517282.8,1131.2,0.0,9.0,0.0,0.5,0.5,2.4,2.6,0.9,4.3,6.2,2.8,1.4,0.9,22990.0
CRS3035RES200mN2612800E3486400,5.0,2.0,0.1,0.5,0.3,1.8,0.2,114951.7,251.4,0.0,2.0,0.0,0.1,0.1,0.5,0.6,0.2,1.0,1.4,0.6,0.3,0.2,22990.0
CRS3035RES200mN2612800E3495000,3.0,1.2,0.1,0.2,0.1,1.0,0.0,66542.7,121.0,0.0,1.2,0.0,0.1,0.1,0.2,0.2,0.2,0.7,0.5,0.7,0.3,0.0,22181.0
CRS3035RES200mN2612800E3497800,2.0,0.9,0.1,0.2,0.0,0.7,0.1,48077.7,118.2,0.0,0.9,0.0,0.0,0.0,0.2,0.1,0.2,0.3,0.5,0.3,0.3,0.1,24039.0
CRS3035RES200mN2612800E3498000,21.0,8.1,0.7,1.4,0.4,7.4,1.1,523588.2,874.2,0.0,8.1,0.0,0.0,2.0,1.8,1.8,1.4,4.2,3.5,2.8,3.5,0.0,24933.0
CRS3035RES200mN2612800E3498200,38.5,14.9,1.3,2.6,0.6,13.6,1.9,959911.7,1602.8,0.0,14.9,0.0,0.0,3.5,3.2,3.2,2.6,7.8,6.5,5.2,6.5,0.0,24933.0
CRS3035RES200mN2613000E3465400,39.0,18.0,2.0,3.0,0.0,13.0,1.0,1176583.3,1845.0,0.0,18.0,0.0,0.0,1.0,0.0,4.0,1.0,0.0,5.0,5.0,18.0,5.0,30169.0
CRS3035RES200mN2613000E3465600,59.5,27.0,0.0,6.0,0.0,25.0,4.0,2030170.3,3633.0,0.0,27.0,0.0,0.0,0.0,2.0,3.5,8.0,4.0,16.0,10.0,14.0,2.0,34121.0
CRS3035RES200mN2613000E3465800,58.0,25.0,2.0,6.0,1.0,19.0,1.0,2066224.0,3530.0,0.0,25.0,0.0,2.0,3.0,3.0,4.0,2.0,8.0,13.0,3.0,12.0,8.0,35625.0
CRS3035RES200mN2613000E3466000,28.5,13.0,1.0,4.0,1.0,11.0,2.0,756690.3,1349.0,0.0,13.0,0.0,0.0,0.0,1.0,4.5,2.0,4.0,6.0,3.0,7.0,1.0,26551.0
CRS3035RES200mN2613000E3466200,51.0,25.0,1.0,8.0,1.0,19.0,3.0,1342994.5,2275.0,0.0,25.0,0.0,1.5,2.0,1.5,3.0,0.0,9.0,10.0,12.0,10.0,2.0,26333.0
CRS3035RES200mN2613000E3466400,11.0,4.8,0.2,1.6,0.2,3.4,0.0,360642.0,645.5,0.0,4.8,0.0,0.4,0.2,0.4,1.3,0.6,0.8,2.9,2.8,1.6,0.0,32786.0
CRS3035RES200mN2613000E3466600,57.5,26.0,0.0,7.0,0.0,21.0,1.0,1703409.4,3088.0,0.0,26.0,0.0,1.0,2.0,2.5,3.0,3.0,10.0,9.0,11.0,15.0,1.0,29625.0
CRS3035RES200mN2613000E3466800,53.5,25.0,3.0,5.0,0.0,20.0,4.0,1328841.7,2770.0,0.0,25.0,0.0,1.0,1.0,2.0,1.5,5.0,7.0,10.0,13.0,12.0,1.0,24838.0
CRS3035RES200mN2613000E3467200,6.0,2.6,0.2,0.4,0.0,2.1,0.2,179620.7,286.9,0.0,2.6,0.0,0.1,0.1,0.2,0.3,0.4,0.7,1.4,1.4,1.4,0.0,29937.0
CRS3035RES200mN2613000E3467400,8.0,3.4,0.2,0.5,0.0,2.8,0.2,239494.2,382.5,0.0,3.4,0.0,0.1,0.1,0.3,0.4,0.6,1.0,1.8,1.8,1.9,0.0,29937.0
CRS3035RES200mN2613000E3467600,44.5,19.0,1.4,2.7,0.0,15.6,1.4,1332186.6,2127.8,0.0,19.0,0.0,0.7,0.7,1.3,2.4,3.4,5.4,10.2,10.2,10.2,0.0,29937.0
CRS3035RES200mN2613000E3467800,1.0,0.4,0.0,0.1,0.0,0.4,0.0,29936.8,47.8,0.0,0.4,0.0,0.0,0.0,0.1,0.1,0.1,0.1,0.2,0.2,0.2,0.0,29937.0
CRS3035RES200mN2613000E3472400,1.0,0.5,0.0,0.2,0.0,0.4,0.0,28028.8,51.1,0.0,0.5,0.0,0.0,0.0,0.0,0.1,0.1,0.1,0.2,0.1,0.3,0.1,28029.0
CRS3035RES200mN2613000E3473000,2.0,0.7,0.0,0.0,0.1,0.7,0.1,48748.3,86.8,0.0,0.7,0.0,0.0,0.0,0.1,0.3,0.2,0.1,0.4,0.3,0.5,0.1,24374.0
CRS3035RES200mN2613000E3473200,20.0,6.9,0.0,0.0,0.6,6.9,0.6,487483.4,867.5,0.0,6.9,0.0,0.0,0.0,1.3,3.1,1.9,0.6,4.4,3.1,5.0,0.6,24374.0
CRS3035RES200mN2613000E3473400,74.0,26.0,2.0,4.0,3.0,23.0,0.0,2044302.3,3090.0,0.0,26.0,0.0,5.0,4.0,8.0,7.0,3.0,18.0,15.0,7.0,5.0,2.0,27626.0
CRS3035RES200mN2613000E3473600,6.0,2.1,0.0,0.0,0.2,2.1,0.2,146245.0,260.2,0.0,2.1,0.0,0.0,0.0,0.4,0.9,0.6,0.2,1.3,0.9,1.5,0.2,24374.0
CRS3035RES200mN2613000E3480400,15.0,7.2,0.0,2.8,0.0,5.0,1.1,474993.8,772.2,0.0,7.2,0.0,0.0,0.5,0.6,2.2,1.7,3.3,1.7,2.2,2.2,0.6,31666.0
CRS3035RES200mN2613000E3480600,2.0,1.0,0.0,0.4,0.0,0.7,0.1,63332.5,103.0,0.0,1.0,0.0,0.0,0.1,0.1,0.3,0.2,0.4,0.2,0.3,0.3,0.1,31666.0
CRS3035RES200mN2613000E3482000,5.0,1.8,0.0,0.2,0.2,1.6,0.0,141615.5,237.1,0.0,1.8,0.0,0.2,0.2,0.7,0.2,0.3,1.0,1.0,0.4,0.8,0.2,28323.0
CRS3035RES200mN2613000E3486000,4.0,2.1,0.2,0.7,0.0,1.6,0.3,73772.0,258.3,0.4,1.7,0.3,0.0,0.0,0.0,0.5,0.2,0.2,1.2,0.5,0.9,0.5,18443.0
CRS3035RES200mN2613000E3486200,45.0,15.0,1.0,2.0,1.0,13.0,2.0,1031123.1,1696.0,0.0,15.0,0.0,2.0,2.0,7.0,4.0,0.0,10.0,10.0,1.0,8.0,1.0,22914.0
CRS3035RES200mN2613000E3490000,4.0,1.4,0.2,0.4,0.3,1.2,0.1,77713.1,161.3,0.0,1.4,0.0,0.2,0.2,0.2,0.6,0.2,0.6,0.6,0.7,0.5,0.2,19428.0
CRS3035RES200mN2613000E3497200,2.0,0.9,0.1,0.2,0.0,0.7,0.1,48077.7,118.2,0.0,0.9,0.0,0.0,0.0,0.2,0.1,0.2,0.3,0.5,0.3,0.3,0.1,24039.0
CRS3035RES200mN2613000E3497400,8.0,3.5,0.4,0.9,0.1,2.8,0.3,192310.9,472.9,0.0,3.5,0.0,0.0,0.1,0.7,0.5,0.9,1.3,2.1,1.0,1.0,0.4,24039.0
CRS3035RES200mN2613000E3497600,3.0,1.3,0.2,0.4,0.0,1.0,0.1,72116.6,177.4,0.0,1.3,0.0,0.0,0.0,0.2,0.2,0.4,0.5,0.8,0.4,0.4,0.1,24039.0
CRS3035RES200mN2613000E3497800,45.0,18.0,1.0,2.0,2.0,18.0,0.0,1196824.2,1791.0,0.0,18.0,0.0,2.0,1.0,1.0,2.0,4.0,7.0,8.0,9.0,11.0,0.0,26596.0
CRS3035RES200mN2613000E3498000,21.0,7.5,0.7,1.7,0.3,6.5,0.0,512757.2,874.8,0.0,7.5,0.0,0.3,0.0,2.1,2.6,2.7,2.4,6.1,1.4,3.1,0.3,24417.0
CRS3035RES200mN2613000E3498200,26.0,11.0,2.0,3.0,0.0,9.0,2.0,639132.6,1281.0,0.0,11.0,0.0,1.0,0.0,2.0,3.0,0.0,5.0,5.0,6.0,2.0,2.0,24582.0
CRS3035RES200mN2613200E3465400,22.0,17.0,7.0,13.0,0.0,5.0,2.0,448771.8,945.0,14.0,3.0,0.0,1.0,0.0,0.0,1.0,2.0,4.0,7.0,2.0,3.0,2.0,20399.0
CRS3035RES200mN2613200E3465600,96.0,50.0,7.0,17.0,1.0,36.0,1.0,3046851.1,5692.0,5.0,45.0,0.0,1.0,1.0,2.0,6.0,4.0,10.0,16.0,13.0,39.0,4.0,31738.0
CRS3035RES200mN2613200E3465800,50.0,25.0,0.0,3.0,0.0,24.0,0.0,1792548.0,3635.0,0.0,25.0,0.0,0.0,0.0,0.0,1.0,2.0,0.0,2.0,11.0,31.0,3.0,35851.0
CRS3035RES200mN2613200E3466000,41.5,16.0,0.0,0.0,1.0,16.0,2.0,1654169.6,2608.0,0.0,16.0,0.0,0.0,0.0,0.0,2.5,3.0,4.0,3.0,6.0,23.0,0.0,39860.0
CRS3035RES200mN2613200E3466200,39.0,16.0,1.0,3.0,2.0,12.0,0.0,1233083.6,2972.0,0.0,16.0,3.0,0.0,0.0,1.0,3.0,4.0,4.0,6.0,9.0,10.0,2.0,31618.0
CRS3035RES200mN2613200E3466400,22.5,9.7,0.4,3.2,0.4,6.9,0.0,737676.8,1320.4,0.0,9.7,0.0,0.8,0.4,0.8,2.6,1.2,1.6,6.1,5.7,3.3,0.0,32786.0
CRS3035RES200mN2613200E3466600,41.0,19.0,4.0,5.0,0.0,17.0,1.0,1251444.0,2437.0,2.0,17.0,0.0,1.0,1.0,0.0,1.5,3.5,5.0,8.0,8.0,10.0,3.0,30523.0
CRS3035RES200mN2613200E3466800,42.5,18.0,1.0,5.0,1.0,14.0,1.0,1051434.6,2092.0,0.0,18.0,0.0,2.0,0.0,1.0,4.5,5.0,2.0,7.0,5.0,16.0,0.0,24740.0
CRS3035RES200mN2613200E3467000,6.0,2.6,0.2,0.4,0.0,2.1,0.2,179620.7,286.9,0.0,2.6,0.0,0.1,0.1,0.2,0.3,0.4,0.7,1.4,1.4,1.4,0.0,29937.0
CRS3035RES200mN2613200E3470400,4.0,1.5,0.6,0.4,0.2,0.9,0.1,82457.2,190.2,0.0,1.5,0.0,0.3,0.1,0.4,0.3,0.1,0.9,0.5,0.6,0.6,0.2,20614.0
CRS3035RES200mN2613200E3473400,27.5,11.0,0.0,1.0,1.0,10.0,2.0,840092.4,1352.0,0.0,11.0,0.0,1.0,0.0,1.0,1.5,3.0,6.0,7.0,5.0,3.0,0.0,30549.0
CRS3035RES200mN2613200E3473600,54.5,21.0,2.0,5.0,1.0,19.0,1.0,1327988.6,2383.0,0.0,21.0,0.0,2.0,1.0,2.0,6.5,6.0,8.0,11.0,1.0,14.0,3.0,24367.0
CRS3035RES200mN2613200E3473800,31.5,13.0,2.0,4.0,1.0,9.0,2.0,741373.1,1191.0,3.0,10.0,0.0,1.0,0.0,2.0,6.5,1.0,5.0,6.0,3.0,6.0,1.0,23536.0
CRS3035RES200mN2613200E3474800,3.0,1.3,0.5,0.5,0.0,0.8,0.2,65155.1,143.0,0.0,1.3,0.0,0.2,0.1,0.1,0.0,0.5,0.5,0.7,0.2,0.4,0.3,21718.0
CRS3035RES200mN2613200E3480000,1.0,0.5,0.0,0.2,0.0,0.3,0.1,31666.3,51.5,0.0,0.5,0.0,0.0,0.0,0.0,0.2,0.1,0.2,0.1,0.2,0.2,0.0,31666.0
CRS3035RES200mN2613200E3482800,5.0,1.8,0.0,0.2,0.2,1.6,0.0,141615.5,237.1,0.0,1.8,0.0,0.2,0.2,0.7,0.2,0.3,1.0,1.0,0.4,0.8,0.2,28323.0
CRS3035RES200mN2613200E3486200,2.0,1.0,0.1,0.3,0.0,0.8,0.2,36886.0,129.1,0.2,0.8,0.2,0.0,0.0,0.0,0.2,0.1,0.1,0.6,0.3,0.4,0.3,18443.0
CRS3035RES200mN2613200E3489800,32.0,13.0,0.0,3.0,2.0,9.0,0.0,768101.7,1525.0,0.0,13.0,0.0,1.0,0.0,2.5,3.5,2.0,5.0,5.0,3.0,8.0,2.0,24003.0
CRS3035RES200mN2613200E3490000,23.0,8.1,1.4,2.4,1.9,6.7,0.5,446850.1,927.7,0.0,8.1,0.0,1.0,1.4,1.0,3.3,1.0,3.3,3.4,4.3,2.9,1.4,19428.0
CRS3035RES200mN2613200E3491400,2.0,0.9,0.2,0.2,0.0,0.6,0.2,47521.1,84.4,0.0,0.9,0.0,0.0,0.0,0.0,0.2,0.1,0.5,0.1,0.3,0.6,0.2,23761.0
CRS3035RES200mN2613200E3491600,4.0,1.8,0.5,0.3,0.0,1.1,0.5,95042.2,168.8,0.0,1.8,0.0,0.0,0.0,0.0,0.4,0.2,1.0,0.2,0.6,1.1,0.5,23761.0
CRS3035RES200mN2613200E3495600,2.0,0.7,0.1,0.1,0.0,0.6,0.1,47899.6,90.6,0.0,0.7,0.0,0.0,0.1,0.1,0.3,0.1,0.3,0.5,0.2,0.3,0.1,23950.0
CRS3035RES200mN2613200E3495800,19.0,7.0,0.7,1.1,0.4,6.1,0.6,455046.6,861.1,0.0,7.0,0.0,0.1,0.4,1.1,2.7,1.0,3.0,4.9,1.9,2.9,1.0,23950.0
CRS3035RES200mN2613200E3497400,20.0,8.7,1.0,2.3,0.3,7.0,0.7,480777.3,1182.3,0.0,8.7,0.0,0.0,0.4,1.7,1.4,2.3,3.3,5.3,2.3,2.3,1.0,24039.0
CRS3035RES200mN2613200E3497600,53.0,23.0,6.0,9.0,1.0,18.0,0.0,1010750.4,2922.0,0.0,23.0,0.0,5.0,0.0,6.0,4.0,5.0,13.0,8.0,3.0,7.0,2.0,19071.0
CRS3035RES200mN2613200E3497800,84.0,29.0,4.0,7.0,6.0,27.0,2.0,1694893.6,3332.0,0.0,29.0,0.0,4.0,4.0,7.0,14.0,3.0,14.0,18.0,10.0,7.0,3.0,20177.0
CRS3035RES200mN2613200E3498000,21.0,7.5,0.7,1.7,0.3,6.5,0.0,512757.2,874.8,0.0,7.5,0.0,0.3,0.0,2.1,2.6,2.7,2.4,6.1,1.4,3.1,0.3,24417.0
CRS3035RES200mN2613200E3498200,3.5,1.3,0.1,0.3,0.1,1.1,0.0,85459.5,145.8,0.0,1.3,0.0,0.1,0.0,0.3,0.4,0.5,0.4,1.0,0.2,0.5,0.1,24417.0
CRS3035RES200mN2613200E3498400,3.0,1.1,0.1,0.2,0.0,0.9,0.0,73251.0,125.0,0.0,1.1,0.0,0.0,0.0,0.3,0.4,0.4,0.3,0.9,0.2,0.4,0.1,24417.0
CRS3035RES200mN2613200E3498600,4.0,1.4,0.1,0.3,0.1,1.2,0.0,97668.0,166.6,0.0,1.4,0.0,0.1,0.0,0.4,0.5,0.5,0.4,1.2,0.2,0.6,0.1,24417.0
CRS3035RES200mN2613200E3501200,8.0,3.2,0.2,0.6,0.4,2.6,0.2,177722.8,424.2,0.0,3.2,0.0,0.2,0.0,0.1,0.5,0.6,1.2,1.4,1.8,1.0,0.8,22215.0
CRS3035RES200mN2613400E3465400,4.5,2.3,0.1,0.8,0.1,1.4,0.4,129204.2,205.9,1.1,1.2,0.0,0.1,0.0,0.1,0.4,0.5,0.6,1.1,0.3,1.2,0.2,28712.0
CRS3035RES200mN2613400E3465600,34.0,17.0,4.0,6.0,1.0,14.0,4.0,871911.4,1752.0,0.0,17.0,0.0,1.0,0.0,3.0,5.0,0.0,4.0,8.0,2.0,11.0,0.0,25644.0
CRS3035RES200mN2613400E3465800,20.0,10.1,0.6,3.5,0.3,6.4,1.7,574240.7,915.1,4.6,5.5,0.0,0.3,0.1,0.3,2.0,2.2,2.6,4.9,1.2,5.5,0.9,28712.0
CRS3035RES200mN2613400E3466000,40.0,13.0,0.0,1.0,3.0,9.0,1.0,1198026.4,2222.0,0.0,13.0,3.0,0.0,3.0,1.0,5.0,6.0,3.0,8.0,4.0,10.0,0.0,29951.0
CRS3035RES200mN2613400E3466200,40.0,16.0,1.0,2.0,2.0,13.0,1.0,1396182.1,2761.0,0.0,16.0,3.0,0.0,0.0,1.0,6.0,3.0,3.0,10.0,9.0,8.0,0.0,34905.0
CRS3035RES200mN2613400E3466400,15.0,6.5,0.3,2.2,0.3,4.6,0.0,491784.5,880.3,0.0,6.5,0.0,0.5,0.3,0.5,1.8,0.8,1.1,4.0,3.8,2.2,0.0,32786.0
CRS3035RES200mN2613400E3473600,47.0,17.0,0.0,2.0,1.0,14.0,1.0,1222457.6,1769.0,0.0,17.0,0.0,0.0,1.0,1.5,6.5,6.0,2.0,20.0,4.0,6.0,0.0,26010.0
CRS3035RES200mN2613400E3473800,4.0,1.4,0.0,0.0,0.1,1.4,0.1,97496.7,173.5,0.0,1.4,0.0,0.0,0.0,0.3,0.6,0.4,0.1,0.9,0.6,1.0,0.1,24374.0
CRS3035RES200mN2613400E3477000,13.0,5.3,0.9,0.9,0.6,4.0,0.3,287906.3,685.0,0.3,5.0,0.0,0.0,0.3,0.6,1.9,0.9,2.2,2.8,0.9,3.4,0.0,22147.0
CRS3035RES200mN2613400E3483000,20.0,7.5,0.8,1.9,0.6,6.4,0.0,489716.9,812.2,0.3,7.2,0.0,1.1,0.8,2.2,2.0,0.8,4.4,4.2,1.7,2.8,0.0,24486.0
CRS3035RES200mN2613400E3483200,9.0,3.4,0.4,0.9,0.2,2.9,0.0,220372.6,365.5,0.1,3.3,0.0,0.5,0.4,1.0,0.9,0.4,2.0,1.9,0.7,1.2,0.0,24486.0
CRS3035RES200mN2613400E3490000,12.0,4.2,0.8,1.2,1.0,3.5,0.2,233139.2,484.0,0.0,4.2,0.0,0.5,0.7,0.5,1.7,0.5,1.7,1.8,2.3,1.5,0.8,19428.0
CRS3035RES200mN2613400E3493800,2.0,0.8,0.0,0.2,0.0,0.6,0.1,55099.7,90.2,0.2,0.6,0.0,0.1,0.0,0.1,0.4,0.0,0.2,0.7,0.3,0.2,0.0,27550.0
CRS3035RES200mN2613400E3495600,29.0,10.7,1.1,1.7,0.7,9.4,0.9,694544.8,1314.4,0.0,10.7,0.0,0.2,0.7,1.8,4.1,1.5,4.6,7.4,2.8,4.4,1.5,23950.0
CRS3035RES200mN2613400E3495800,25.0,9.2,0.9,1.5,0.6,8.1,0.8,598745.5,1133.1,0.0,9.2,0.0,0.2,0.6,1.5,3.6,1.3,3.9,6.4,2.4,3.8,1.3,23950.0
CRS3035RES200mN2613400E3497200,2.0,0.9,0.1,0.2,0.0,0.7,0.1,48077.7,118.2,0.0,0.9,0.0,0.0,0.0,0.2,0.1,0.2,0.3,0.5,0.3,0.3,0.1,24039.0
CRS3035RES200mN2613400E3497400,5.0,2.2,0.2,0.6,0.1,1.8,0.2,120194.3,295.6,0.0,2.2,0.0,0.0,0.1,0.4,0.3,0.6,0.8,1.3,0.6,0.6,0.3,24039.0
CRS3035RES200mN2613400E3497600,30.0,14.0,1.0,4.0,1.0,13.0,2.0,723382.9,1583.0,0.0,14.0,0.0,1.0,1.0,2.0,1.0,0.0,6.0,3.0,3.0,11.0,2.0,24113.0
CRS3035RES200mN2613400E3497800,63.0,28.0,4.0,8.0,0.0,23.0,2.0,1391352.1,2987.0,0.0,28.0,0.0,0.0,2.0,0.0,5.0,7.0,10.0,18.0,7.0,11.0,3.0,22085.0
CRS3035RES200mN2613400E3498000,4.0,1.4,0.1,0.3,0.1,1.2,0.0,97668.0,166.6,0.0,1.4,0.0,0.1,0.0,0.4,0.5,0.5,0.4,1.2,0.2,0.6,0.1,24417.0
CRS3035RES200mN2613400E3498200,2.0,0.7,0.1,0.2,0.0,0.6,0.0,48834.0,83.3,0.0,0.7,0.0,0.0,0.0,0.2,0.3,0.3,0.2,0.6,0.1,0.3,0.0,24417.0
CRS3035RES200mN2613400E3498400,3.0,1.1,0.1,0.2,0.0,0.9,0.0,73251.0,125.0,0.0,1.1,0.0,0.0,0.0,0.3,0.4,0.4,0.3,0.9,0.2,0.4,0.1,24417.0
CRS3035RES200mN2613400E3501200,24.0,9.8,0.8,1.9,1.1,7.9,0.8,533168.5,1272.8,0.0,9.8,0.0,0.7,0.0,0.4,1.5,1.9,3.7,4.1,5.3,3.0,2.3,22215.0
CRS3035RES200mN2613400E3501400,18.0,7.3,0.6,1.4,0.8,5.9,0.6,399876.4,954.6,0.0,7.3,0.0,0.6,0.0,0.3,1.1,1.4,2.8,3.1,3.9,2.3,1.7,22215.0
CRS3035RES200mN2613400E3504800,4.0,2.1,0.4,0.5,0.0,1.7,0.5,97042.3,277.8,0.0,2.1,0.0,0.1,0.1,0.1,0.2,0.4,0.4,0.8,0.8,0.8,0.3,24261.0
CRS3035RES200mN2613600E3465400,15.5,7.9,0.4,2.7,0.2,4.9,1.3,445036.6,709.2,3.6,4.3,0.0,0.2,0.1,0.2,1.6,1.7,2.0,3.8,0.9,4.3,0.7,28712.0
CRS3035RES200mN2613600E3465600,7.0,3.6,0.2,1.2,0.1,2.2,0.6,200984.3,320.3,1.6,2.0,0.0,0.1,0.1,0.1,0.7,0.8,0.9,1.7,0.4,1.9,0.3,28712.0
CRS3035RES200mN2613600E3466200,7.0,3.0,0.1,1.0,0.1,2.1,0.0,229499.4,410.8,0.0,3.0,0.0,0.2,0.1,0.3,0.8,0.4,0.5,1.9,1.8,1.0,0.0,32786.0
CRS3035RES200mN2613600E3469800,6.0,2.2,0.9,0.6,0.3,1.3,0.1,123685.8,285.3,0.0,2.2,0.0,0.5,0.2,0.6,0.4,0.2,1.3,0.7,0.9,0.9,0.3,20614.0
CRS3035RES200mN2613600E3471000,4.5,1.7,0.7,0.4,0.2,1.0,0.1,92764.3,214.0,0.0,1.7,0.0,0.4,0.1,0.4,0.3,0.1,1.0,0.6,0.7,0.7,0.2,20614.0
CRS3035RES200mN2613600E3472200,9.0,4.1,0.3,1.5,0.1,3.7,0.3,252259.6,459.5,0.1,4.0,0.0,0.1,0.2,0.3,1.0,0.7,1.0,2.1,0.7,2.3,0.6,28029.0
CRS3035RES200mN2613600E3472600,2.0,0.9,0.1,0.3,0.0,0.8,0.1,56057.7,102.1,0.0,0.9,0.0,0.0,0.0,0.1,0.2,0.2,0.2,0.5,0.2,0.5,0.1,28029.0
CRS3035RES200mN2613600E3472800,7.0,3.2,0.2,1.1,0.1,2.8,0.2,196201.9,357.4,0.1,3.1,0.0,0.1,0.1,0.2,0.8,0.5,0.8,1.6,0.6,1.8,0.5,28029.0
CRS3035RES200mN2613600E3482800,11.0,3.9,0.0,0.4,0.4,3.5,0.0,311554.1,521.5,0.0,3.9,0.0,0.4,0.4,1.5,0.4,0.7,2.4,2.2,0.9,1.7,0.4,28323.0
CRS3035RES200mN2613600E3483000,34.5,14.0,1.0,3.0,1.0,12.0,1.0,846725.7,2068.0,0.0,14.0,0.0,3.0,1.0,2.0,1.5,1.0,6.0,10.0,6.0,4.0,0.0,24543.0
CRS3035RES200mN2613600E3484000,2.0,0.8,0.0,0.1,0.0,0.8,0.1,49977.1,99.4,0.1,0.7,0.0,0.2,0.1,0.2,0.2,0.0,0.2,0.6,0.2,0.2,0.1,24989.0
CRS3035RES200mN2613600E3484200,2.0,0.8,0.0,0.1,0.0,0.8,0.1,49977.1,99.4,0.1,0.7,0.0,0.2,0.1,0.2,0.2,0.0,0.2,0.6,0.2,0.2,0.1,24989.0
CRS3035RES200mN2613600E3486600,2.0,1.0,0.1,0.3,0.0,0.8,0.2,36886.0,129.1,0.2,0.8,0.2,0.0,0.0,0.0,0.2,0.1,0.1,0.6,0.3,0.4,0.3,18443.0
CRS3035RES200mN2613600E3486800,3.0,1.6,0.1,0.5,0.0,1.2,0.3,55329.0,193.7,0.3,1.3,0.3,0.0,0.0,0.0,0.4,0.1,0.1,0.9,0.4,0.7,0.4,18443.0
CRS3035RES200mN2613600E3491800,1.5,0.7,0.2,0.1,0.0,0.4,0.2,35640.8,63.3,0.0,0.7,0.0,0.0,0.0,0.0,0.1,0.1,0.4,0.1,0.2,0.4,0.2,23761.0
CRS3035RES200mN2613600E3494200,1.0,0.4,0.0,0.1,0.0,0.3,0.0,22180.9,40.3,0.0,0.4,0.0,0.0,0.0,0.1,0.1,0.1,0.2,0.2,0.2,0.1,0.0,22181.0
CRS3035RES200mN2613600E3495600,16.0,5.9,0.6,1.0,0.4,5.2,0.5,383197.2,725.2,0.0,5.9,0.0,0.1,0.4,1.0,2.3,0.8,2.5,4.1,1.6,2.4,0.8,23950.0
CRS3035RES200mN2613600E3495800,12.0,4.4,0.5,0.7,0.3,3.9,0.4,287397.9,543.9,0.0,4.4,0.0,0.1,0.3,0.7,1.7,0.6,1.9,3.1,1.2,1.8,0.6,23950.0
CRS3035RES200mN2613600E3496800,5.0,2.2,0.2,0.6,0.1,1.8,0.2,120194.3,295.6,0.0,2.2,0.0,0.0,0.1,0.4,0.3,0.6,0.8,1.3,0.6,0.6,0.3,24039.0
CRS3035RES200mN2613600E3497600,4.0,1.7,0.2,0.5,0.1,1.4,0.1,96155.5,236.5,0.0,1.7,0.0,0.0,0.1,0.3,0.3,0.5,0.6,1.0,0.5,0.5,0.2,24039.0
CRS3035RES200mN2613600E3497800,9.0,3.9,0.4,1.0,0.1,3.1,0.3,216349.8,532.0,0.0,3.9,0.0,0.0,0.1,0.7,0.6,1.0,1.5,2.4,1.1,1.1,0.5,24039.0
CRS3035RES200mN2613600E3501200,4.0,1.6,0.1,0.3,0.2,1.3,0.1,88861.4,212.1,0.0,1.6,0.0,0.1,0.0,0.1,0.2,0.3,0.6,0.7,0.9,0.5,0.4,22215.0
CRS3035RES200mN2613600E3504800,9.0,4.7,0.8,1.2,0.0,3.9,1.0,218345.2,625.1,0.0,4.7,0.0,0.2,0.2,0.2,0.4,0.8,1.0,1.8,1.9,1.9,0.6,24261.0
CRS3035RES200mN2613600E3505600,15.0,7.8,1.4,2.0,0.0,6.5,1.7,363908.7,1041.8,0.0,7.8,0.0,0.3,0.3,0.3,0.7,1.4,1.7,3.1,3.1,3.1,1.0,24261.0
CRS3035RES200mN2613800E3465200,29.0,25.0,1.0,21.0,0.0,14.0,0.0,836286.8,1226.0,21.0,4.0,0.0,0.0,0.0,0.0,0.0,0.0,2.0,6.0,4.0,15.0,2.0,28837.0
CRS3035RES200mN2613800E3465400,7.0,3.6,0.2,1.2,0.1,2.2,0.6,200984.3,320.3,1.6,2.0,0.0,0.1,0.1,0.1,0.7,0.8,0.9,1.7,0.4,1.9,0.3,28712.0
CRS3035RES200mN2613800E3465600,15.0,7.6,0.4,2.6,0.2,4.8,1.3,430680.5,686.3,3.5,4.1,0.0,0.2,0.1,0.2,1.5,1.6,2.0,3.7,0.9,4.1,0.7,28712.0
CRS3035RES200mN2613800E3470400,2.0,0.7,0.3,0.2,0.1,0.4,0.0,41228.6,95.1,0.0,0.7,0.0,0.2,0.1,0.2,0.1,0.1,0.4,0.2,0.3,0.3,0.1,20614.0
CRS3035RES200mN2613800E3471600,16.0,5.9,2.4,1.6,0.8,3.6,0.4,329828.8,760.9,0.0,5.9,0.0,1.4,0.4,1.6,1.2,0.4,3.5,2.0,2.3,2.4,0.8,20614.0
CRS3035RES200mN2613800E3471800,62.0,25.0,0.0,4.0,0.0,25.0,2.0,1709888.2,2705.0,0.0,25.0,0.0,1.0,1.0,1.0,4.0,7.0,7.0,14.0,10.0,15.0,2.0,27579.0
CRS3035RES200mN2613800E3472000,43.0,19.0,6.0,6.0,1.0,12.0,5.0,1025714.8,2238.0,0.0,19.0,0.0,2.0,1.0,2.0,3.0,8.0,7.0,7.0,9.0,2.0,2.0,23854.0
CRS3035RES200mN2613800E3472200,38.5,17.5,1.3,6.3,0.6,15.7,1.3,1079110.5,1965.7,0.6,16.9,0.0,0.6,0.6,1.3,4.4,2.8,4.4,8.8,3.1,10.0,2.5,28029.0
CRS3035RES200mN2613800E3472400,89.0,36.0,1.0,5.0,2.0,26.0,7.0,2151612.9,3926.0,2.0,34.0,0.0,3.0,2.0,7.0,8.0,11.0,11.0,22.0,9.0,11.0,5.0,24175.0
CRS3035RES200mN2613800E3472600,82.0,31.0,2.0,5.0,1.0,28.0,3.0,2040925.6,3085.0,0.0,31.0,0.0,4.0,0.0,6.0,11.0,8.0,11.0,22.0,9.0,10.0,1.0,24889.0
CRS3035RES200mN2613800E3472800,4.0,1.8,0.1,0.7,0.1,1.6,0.1,112115.4,204.2,0.1,1.7,0.0,0.1,0.1,0.1,0.4,0.3,0.5,0.9,0.3,1.0,0.3,28029.0
CRS3035RES200mN2613800E3475800,3.0,1.3,0.5,0.5,0.0,0.8,0.2,65155.1,143.0,0.0,1.3,0.0,0.2,0.1,0.1,0.0,0.5,0.5,0.7,0.2,0.4,0.3,21718.0
CRS3035RES200mN2613800E3476000,7.0,2.8,0.5,0.5,0.3,2.2,0.2,155026.5,368.8,0.2,2.6,0.0,0.0,0.2,0.3,1.0,0.5,1.2,1.5,0.5,1.8,0.0,22147.0
CRS3035RES200mN2613800E3478800,22.0,8.2,0.4,1.4,0.4,6.1,0.4,611750.1,871.8,0.0,8.2,0.0,1.1,1.1,1.4,1.6,1.4,4.3,5.0,2.5,2.9,0.7,27807.0
CRS3035RES200mN2613800E3479400,22.0,8.2,0.4,1.4,0.4,6.1,0.4,611750.1,871.8,0.0,8.2,0.0,1.1,1.1,1.4,1.6,1.4,4.3,5.0,2.5,2.9,0.7,27807.0
CRS3035RES200mN2613800E3479600,11.5,4.3,0.2,0.7,0.2,3.2,0.2,319778.4,455.7,0.0,4.3,0.0,0.6,0.6,0.7,0.8,0.8,2.2,2.6,1.3,1.5,0.4,27807.0
CRS3035RES200mN2613800E3480000,9.0,4.3,0.0,1.7,0.0,3.0,0.7,284996.3,463.3,0.0,4.3,0.0,0.0,0.3,0.4,1.3,1.0,2.0,1.0,1.3,1.3,0.4,31666.0
CRS3035RES200mN2613800E3482800,4.0,1.4,0.0,0.2,0.2,1.3,0.0,113292.4,189.6,0.0,1.4,0.0,0.1,0.2,0.5,0.2,0.2,0.9,0.8,0.3,0.6,0.2,28323.0
CRS3035RES200mN2613800E3483000,15.0,5.6,0.6,1.5,0.4,4.8,0.0,367287.7,609.2,0.2,5.4,0.0,0.8,0.6,1.7,1.5,0.6,3.3,3.1,1.3,2.1,0.0,24486.0
CRS3035RES200mN2613800E3483200,24.0,9.0,1.0,2.3,0.7,7.7,0.0,587660.3,974.7,0.3,8.7,0.0,1.4,1.0,2.7,2.3,1.0,5.3,5.0,2.0,3.3,0.0,24486.0
CRS3035RES200mN2613800E3483400,4.0,1.5,0.2,0.4,0.1,1.3,0.0,97943.4,162.4,0.1,1.4,0.0,0.2,0.2,0.4,0.4,0.2,0.9,0.8,0.3,0.6,0.0,24486.0
CRS3035RES200mN2613800E3484000,24.0,9.1,0.0,0.8,0.4,9.1,1.2,599724.7,1193.4,0.8,8.3,0.0,2.1,0.8,2.3,2.3,0.4,2.9,6.6,2.5,2.9,1.2,24989.0
CRS3035RES200mN2613800E3486400,1.0,0.5,0.0,0.2,0.0,0.4,0.1,18443.0,64.6,0.1,0.4,0.1,0.0,0.0,0.0,0.1,0.1,0.1,0.3,0.1,0.2,0.1,18443.0
CRS3035RES200mN2613800E3486600,39.0,16.0,3.0,4.0,0.0,13.0,3.0,805985.9,1659.0,1.0,15.0,0.0,1.0,1.0,3.0,4.0,3.0,4.0,9.0,5.0,6.0,3.0,20666.0
CRS3035RES200mN2613800E3486800,11.0,5.7,0.5,1.9,0.0,4.3,1.0,202873.0,710.2,0.9,4.8,1.0,0.0,0.0,0.0,1.4,0.5,0.5,3.4,1.4,2.4,1.4,18443.0
CRS3035RES200mN2613800E3490200,6.0,2.1,0.4,0.6,0.5,1.8,0.1,116569.6,242.0,0.0,2.1,0.0,0.2,0.4,0.2,0.9,0.2,0.9,0.9,1.1,0.8,0.4,19428.0
CRS3035RES200mN2613800E3491200,2.0,0.9,0.2,0.2,0.0,0.6,0.2,47521.1,84.4,0.0,0.9,0.0,0.0,0.0,0.0,0.2,0.1,0.5,0.1,0.3,0.6,0.2,23761.0
CRS3035RES200mN2613800E3491400,15.0,6.7,1.8,1.2,0.0,4.3,1.8,356408.4,633.1,0.0,6.7,0.0,0.0,0.0,0.0,1.5,0.6,3.7,0.6,2.5,4.3,1.8,23761.0
CRS3035RES200mN2613800E3491600,72.0,26.0,1.0,3.0,4.0,20.0,1.0,1987002.6,2831.0,0.0,26.0,0.0,2.0,0.0,6.0,11.0,4.0,4.0,18.0,11.0,14.0,2.0,27597.0
CRS3035RES200mN2613800E3491800,35.0,17.0,0.0,3.0,0.0,17.0,1.0,998896.0,2503.0,0.0,17.0,0.0,0.0,0.0,0.0,3.0,1.0,0.0,4.0,3.0,17.0,7.0,28540.0
CRS3035RES200mN2613800E3492000,27.0,11.1,0.0,2.4,0.0,8.7,0.8,743846.2,1217.4,2.4,8.7,0.0,0.8,0.0,0.8,5.9,0.4,3.2,8.7,4.0,3.2,0.0,27550.0
CRS3035RES200mN2613800E3492600,3.0,1.2,0.0,0.3,0.0,1.0,0.1,82649.6,135.3,0.2,1.0,0.0,0.1,0.0,0.1,0.7,0.0,0.3,1.0,0.4,0.4,0.0,27550.0
CRS3035RES200mN2613800E3492800,2.0,0.8,0.0,0.2,0.0,0.6,0.1,55099.7,90.2,0.2,0.6,0.0,0.1,0.0,0.1,0.4,0.0,0.2,0.7,0.3,0.2,0.0,27550.0
CRS3035RES200mN2613800E3495200,5.0,1.8,0.2,0.3,0.1,1.6,0.2,119749.1,226.6,0.0,1.8,0.0,0.0,0.1,0.3,0.7,0.3,0.8,1.3,0.5,0.7,0.3,23950.0
CRS3035RES200mN2613800E3495400,8.0,2.9,0.3,0.5,0.2,2.6,0.2,191598.6,362.6,0.0,2.9,0.0,0.1,0.2,0.5,1.1,0.4,1.3,2.0,0.8,1.2,0.4,23950.0
CRS3035RES200mN2613800E3495600,11.0,4.1,0.4,0.7,0.2,3.6,0.3,263448.0,498.6,0.0,4.1,0.0,0.1,0.2,0.7,1.6,0.6,1.7,2.8,1.1,1.6,0.6,23950.0
CRS3035RES200mN2613800E3495800,6.0,2.2,0.2,0.4,0.1,1.9,0.2,143698.9,271.9,0.0,2.2,0.0,0.0,0.1,0.4,0.9,0.3,1.0,1.5,0.6,0.9,0.3,23950.0
CRS3035RES200mN2614000E3465200,52.5,32.0,5.0,15.0,0.0,21.0,2.0,1493324.5,2330.0,18.0,14.0,0.0,0.0,0.0,1.5,2.0,2.0,5.0,6.0,4.0,25.0,7.0,28444.0
CRS3035RES200mN2614000E3465400,124.0,64.0,8.0,23.0,2.0,45.0,5.0,3387063.3,5567.0,6.0,58.0,0.0,0.0,3.0,1.0,6.0,8.0,6.0,20.0,13.0,47.0,20.0,27315.0
CRS3035RES200mN2614000E3465600,89.5,44.0,8.0,17.0,2.0,35.0,5.0,2368531.1,4024.0,0.0,44.0,0.0,2.0,1.0,7.5,5.0,7.0,9.0,11.0,11.0,29.0,7.0,26464.0
CRS3035RES200mN2614000E3465800,84.0,40.0,3.0,11.0,1.0,25.0,1.0,2479405.3,3651.0,0.0,40.0,0.0,2.0,1.0,5.0,2.5,7.5,12.0,8.0,9.0,25.0,12.0,29517.0
CRS3035RES200mN2614000E3466200,17.0,6.9,0.0,1.4,0.5,6.9,0.9,499995.3,798.1,0.0,6.9,0.0,0.5,0.5,0.9,0.9,2.3,0.9,3.2,4.1,3.2,0.5,29411.0
CRS3035RES200mN2614000E3468400,8.0,3.2,0.5,0.3,0.3,2.1,0.8,187765.8,395.2,0.0,3.2,0.3,0.3,0.0,0.0,0.3,1.0,1.0,1.6,1.1,2.4,0.3,23471.0
CRS3035RES200mN2614000E3471600,28.0,11.0,0.0,1.0,0.0,10.0,1.0,808419.8,1146.0,0.0,11.0,0.0,0.0,0.0,1.0,3.0,3.0,3.0,9.0,5.0,2.0,2.0,28872.0
CRS3035RES200mN2614000E3471800,116.5,46.0,2.0,10.0,1.0,41.0,4.0,3350912.7,4664.0,0.0,46.0,0.0,2.5,5.0,6.5,9.5,13.0,15.0,34.0,13.0,17.0,1.0,28763.0
CRS3035RES200mN2614000E3472000,53.0,19.0,3.0,4.0,1.0,19.0,1.0,1195078.8,2025.0,0.0,19.0,0.0,3.0,3.0,5.0,5.0,3.0,13.0,14.0,3.0,4.0,0.0,22549.0
CRS3035RES200mN2614000E3472200,86.0,42.0,6.0,14.0,1.0,29.0,7.0,2578811.8,5471.0,3.0,39.0,0.0,6.0,0.0,3.5,3.5,7.0,17.0,15.0,10.0,18.0,6.0,29986.0
CRS3035RES200mN2614000E3472400,98.0,47.0,7.0,17.0,1.0,37.0,6.0,2459988.3,6209.0,0.0,47.0,0.0,4.5,2.0,4.0,8.5,6.0,19.0,21.0,10.0,19.0,4.0,25102.0
CRS3035RES200mN2614000E3472600,55.0,22.0,2.0,4.0,1.0,20.0,1.0,1592250.8,2443.0,0.0,22.0,0.0,0.0,1.0,2.0,8.0,5.0,2.0,16.0,5.0,12.0,4.0,28950.0
CRS3035RES200mN2614000E3478200,16.0,7.3,0.7,1.3,0.0,5.3,2.0,378859.9,725.3,0.0,7.3,0.0,0.7,0.0,0.7,1.7,0.3,2.0,3.3,2.0,4.6,0.7,23679.0
CRS3035RES200mN2614000E3478800,58.5,19.0,0.0,3.0,2.0,15.0,3.0,1437262.1,2125.0,0.0,19.0,0.0,1.0,4.0,9.5,8.0,2.0,12.0,15.0,3.0,3.0,1.0,24569.0
CRS3035RES200mN2614000E3479000,46.0,18.0,3.0,4.0,2.0,12.0,1.0,931020.0,1745.0,0.0,18.0,0.0,1.0,1.0,2.0,4.0,5.0,7.0,10.0,10.0,6.0,0.0,20240.0
CRS3035RES200mN2614000E3479200,21.0,9.3,1.1,1.4,0.0,8.2,2.5,459762.5,950.0,0.0,9.3,0.0,1.1,0.2,1.2,2.5,1.1,3.2,3.9,3.5,3.6,0.7,21893.0
CRS3035RES200mN2614000E3479400,32.0,13.0,1.0,1.0,1.0,12.0,3.0,797389.9,1719.0,0.0,13.0,0.0,0.0,0.0,1.0,5.0,4.0,1.0,12.0,3.0,6.0,0.0,24918.0
CRS3035RES200mN2614000E3479600,21.0,9.3,1.1,1.4,0.0,8.2,2.5,459762.5,950.0,0.0,9.3,0.0,1.1,0.2,1.2,2.5,1.1,3.2,3.9,3.5,3.6,0.7,21893.0
CRS3035RES200mN2614000E3482800,20.5,9.0,0.9,2.1,0.0,8.1,1.4,496148.7,1098.2,0.0,9.0,0.0,0.9,0.7,1.0,1.7,1.6,3.7,4.4,2.8,1.4,2.3,24202.0
CRS3035RES200mN2614000E3483200,12.0,5.3,0.5,1.2,0.0,4.7,0.8,290428.5,642.9,0.0,5.3,0.0,0.5,0.4,0.6,1.0,0.9,2.2,2.6,1.6,0.8,1.4,24202.0
CRS3035RES200mN2614000E3483600,5.5,2.4,0.2,0.6,0.0,2.2,0.4,133113.1,294.7,0.0,2.4,0.0,0.2,0.2,0.3,0.5,0.4,1.0,1.2,0.7,0.4,0.6,24202.0
CRS3035RES200mN2614000E3486400,16.0,7.0,1.0,2.5,0.5,5.5,0.0,351735.5,926.5,0.0,7.0,0.0,0.0,0.5,1.5,2.5,0.0,2.5,3.5,3.0,1.5,1.0,21983.0
CRS3035RES200mN2614000E3486600,53.0,21.0,1.0,3.0,1.0,17.0,3.0,1239191.4,2439.0,0.0,21.0,0.0,1.0,0.0,4.0,5.0,2.0,6.0,14.0,9.0,12.0,0.0,23381.0
CRS3035RES200mN2614000E3486800,38.5,18.0,1.0,5.0,1.0,17.0,3.0,923131.0,2018.0,0.0,18.0,0.0,1.0,0.0,1.0,1.5,4.0,3.0,11.0,3.0,9.0,5.0,23977.0
CRS3035RES200mN2614000E3487000,6.0,2.4,0.4,0.5,0.0,2.2,0.6,134924.4,250.3,0.2,2.2,0.0,0.4,0.0,0.6,0.7,0.5,0.9,1.3,0.5,1.0,0.1,22487.0
CRS3035RES200mN2614000E3491000,2.0,0.9,0.1,0.3,0.0,0.7,0.0,48430.0,103.8,0.0,0.9,0.0,0.0,0.0,0.1,0.3,0.1,0.2,0.4,0.3,0.4,0.2,24215.0
CRS3035RES200mN2614000E3491200,37.0,15.0,5.0,6.0,3.0,7.0,1.0,680703.2,1333.0,0.0,15.0,7.0,2.0,1.0,8.0,1.0,1.0,3.0,7.0,10.0,2.0,2.0,18397.0
CRS3035RES200mN2614000E3491400,83.0,31.0,8.0,6.0,3.0,13.0,4.0,1747116.6,3082.0,0.0,31.0,13.0,3.0,4.0,2.0,10.0,9.0,11.0,19.0,10.0,11.0,4.0,21050.0
CRS3035RES200mN2614000E3491600,62.0,28.0,2.0,7.0,2.0,21.0,2.0,1532553.2,2820.0,0.0,28.0,0.0,1.0,1.0,4.0,7.0,1.0,4.0,10.0,7.0,16.0,11.0,24719.0
CRS3035RES200mN2614000E3491800,113.5,61.0,9.0,27.0,1.0,33.0,7.0,2515595.5,5580.0,7.0,54.0,0.0,3.0,2.5,6.0,8.0,6.0,15.0,24.0,17.0,22.0,10.0,22164.0
CRS3035RES200mN2614000E3492000,33.0,12.0,0.0,2.0,2.0,12.0,1.0,935287.9,1537.0,0.0,12.0,0.0,0.0,0.0,3.0,6.0,3.0,0.0,11.0,3.0,5.0,2.0,28342.0
CRS3035RES200mN2614000E3492600,15.0,7.8,0.3,2.6,0.3,5.2,0.6,376454.4,857.3,0.0,7.8,0.0,0.6,0.3,0.3,0.9,0.6,1.7,2.0,2.0,4.0,2.6,25097.0
CRS3035RES200mN2614000E3492800,84.5,46.0,3.0,13.0,0.0,34.0,3.0,2011653.7,4326.0,0.0,46.0,0.0,2.0,0.0,1.0,4.5,0.0,3.0,11.0,18.0,31.0,14.0,23807.0
CRS3035RES200mN2614000E3493000,33.0,16.0,1.0,7.0,1.0,12.0,0.0,685126.5,1592.0,0.0,16.0,0.0,2.0,0.0,0.0,2.0,4.0,4.0,6.0,5.0,10.0,0.0,20761.0
CRS3035RES200mN2614000E3495200,9.0,3.9,0.4,0.9,0.2,3.0,0.6,222639.9,438.0,0.0,3.9,0.0,0.4,0.2,0.5,0.4,0.6,0.9,1.7,1.3,2.6,0.4,24738.0
CRS3035RES200mN2614000E3495400,31.0,14.0,0.0,1.0,0.0,12.0,0.0,787949.5,1732.0,0.0,14.0,0.0,0.0,0.0,0.0,4.0,1.0,1.0,5.0,5.0,13.0,2.0,25418.0
CRS3035RES200mN2614000E3495600,6.0,2.6,0.3,0.6,0.1,2.0,0.4,148426.6,292.0,0.0,2.6,0.0,0.3,0.1,0.3,0.3,0.4,0.6,1.1,0.9,1.7,0.3,24738.0
CRS3035RES200mN2614200E3465200,32.5,13.3,0.0,2.1,0.0,11.2,0.7,1137382.5,1391.6,2.8,10.5,0.0,0.0,0.0,1.7,4.2,2.1,1.4,9.1,4.2,6.3,3.5,34996.0
CRS3035RES200mN2614200E3465400,82.5,47.0,6.0,20.0,1.0,35.0,2.0,2311229.5,4006.0,2.0,45.0,0.0,1.0,0.5,1.0,4.0,0.0,6.0,12.0,15.0,28.0,15.0,28015.0
CRS3035RES200mN2614200E3465600,91.0,42.0,1.0,12.0,2.0,33.0,5.0,2456793.4,3986.0,1.0,41.0,0.0,0.0,1.0,4.0,10.5,5.5,6.0,16.0,8.0,29.0,11.0,26998.0
CRS3035RES200mN2614200E3465800,112.5,54.0,16.0,17.0,1.0,27.0,10.0,2429762.4,5001.0,1.0,53.0,21.0,3.0,2.0,8.5,10.0,5.0,12.0,15.0,22.0,25.0,10.0,21598.0
CRS3035RES200mN2614200E3466000,58.0,28.0,1.0,7.0,0.0,26.0,0.0,1771145.1,3233.0,0.0,28.0,0.0,0.0,1.0,1.0,2.0,1.0,7.0,3.0,8.0,30.0,5.0,30537.0
CRS3035RES200mN2614200E3466200,33.5,15.0,1.0,2.0,0.0,14.0,1.0,1125507.3,1838.0,0.0,15.0,0.0,1.0,1.0,1.0,3.5,0.0,2.0,7.0,2.0,13.0,3.0,33597.0
CRS3035RES200mN2614200E3468200,3.0,1.2,0.2,0.1,0.1,0.8,0.3,70412.2,148.2,0.0,1.2,0.1,0.1,0.0,0.0,0.1,0.4,0.4,0.6,0.4,0.9,0.1,23471.0
CRS3035RES200mN2614200E3469600,12.0,3.9,1.1,0.4,0.7,3.2,0.4,268573.9,429.5,0.0,3.9,0.0,1.4,0.0,1.8,0.3,0.7,2.1,2.5,1.1,1.8,0.3,22381.0
CRS3035RES200mN2614200E3471600,4.0,1.5,0.2,0.2,0.0,1.3,0.2,120370.7,154.7,0.0,1.5,0.0,0.3,0.1,0.4,0.0,0.3,0.9,1.0,0.4,0.3,0.3,30093.0
CRS3035RES200mN2614200E3471800,87.0,29.0,2.0,4.0,1.0,27.0,3.0,2097256.5,2660.0,0.0,29.0,0.0,11.0,4.0,10.0,7.0,3.0,32.0,10.0,5.0,5.0,0.0,24106.0
CRS3035RES200mN2614200E3472000,104.0,40.0,2.0,9.0,3.0,39.0,3.0,2585363.5,3810.0,0.0,40.0,0.0,8.0,4.0,9.0,12.0,3.0,31.0,25.0,7.0,5.0,0.0,24859.0
CRS3035RES200mN2614200E3472200,62.5,26.0,5.0,8.0,3.0,20.0,1.0,1523828.2,3312.0,2.0,24.0,0.0,0.0,4.0,4.5,5.0,2.0,11.0,14.0,10.0,9.0,3.0,24381.0
CRS3035RES200mN2614200E3472400,47.0,22.0,6.0,7.0,1.0,16.0,4.0,1095113.6,2500.0,0.0,22.0,0.0,4.0,0.0,2.0,4.0,3.0,6.0,9.0,10.0,7.0,2.0,23300.0
CRS3035RES200mN2614200E3472600,44.0,21.0,2.0,6.0,1.0,18.0,1.0,1167682.6,2624.0,3.0,18.0,0.0,1.0,1.0,1.0,4.0,2.0,3.0,11.0,10.0,6.0,5.0,26538.0
CRS3035RES200mN2614200E3475000,1.0,0.4,0.1,0.1,0.0,0.3,0.0,21851.7,42.9,0.1,0.3,0.0,0.1,0.0,0.0,0.1,0.0,0.3,0.2,0.1,0.1,0.1,21852.0
CRS3035RES200mN2614200E3478200,49.0,21.0,5.0,6.0,0.0,19.0,2.0,1131480.3,2174.0,2.0,19.0,0.0,1.0,1.0,4.0,4.0,3.0,10.0,15.0,2.0,9.0,0.0,23091.0
CRS3035RES200mN2614200E3478400,54.5,18.0,2.0,4.0,2.0,16.0,2.0,1080518.5,1610.0,0.0,18.0,0.0,9.0,4.0,3.0,6.5,2.0,19.0,7.0,2.0,2.0,0.0,19826.0
CRS3035RES200mN2614200E3478800,34.0,12.0,1.0,2.0,1.0,9.0,0.0,952657.1,1661.0,0.0,12.0,0.0,1.0,1.0,1.0,4.0,5.0,3.0,7.0,8.0,2.0,2.0,28019.0
CRS3035RES200mN2614200E3479000,78.5,31.0,1.0,5.0,1.0,23.0,6.0,1751160.1,3244.0,0.0,31.0,0.0,2.0,3.0,4.5,10.0,8.0,8.0,21.0,10.0,9.0,3.0,22308.0
CRS3035RES200mN2614200E3479200,8.0,3.5,0.4,0.5,0.0,3.1,0.9,175147.6,361.9,0.0,3.5,0.0,0.4,0.1,0.5,0.9,0.4,1.2,1.5,1.3,1.4,0.3,21893.0
CRS3035RES200mN2614200E3479400,7.0,3.1,0.4,0.5,0.0,2.7,0.8,153254.2,316.7,0.0,3.1,0.0,0.3,0.1,0.4,0.8,0.4,1.1,1.3,1.2,1.2,0.2,21893.0
CRS3035RES200mN2614200E3480800,4.0,1.9,0.4,0.4,0.0,1.7,0.1,84747.2,199.8,0.0,1.9,0.0,0.1,0.1,0.0,0.1,0.2,0.3,0.5,1.1,1.2,0.4,21187.0
CRS3035RES200mN2614200E3483000,4.0,1.8,0.2,0.4,0.0,1.6,0.3,96809.5,214.3,0.0,1.8,0.0,0.2,0.1,0.2,0.3,0.3,0.7,0.9,0.5,0.3,0.5,24202.0
CRS3035RES200mN2614200E3483600,3.0,1.3,0.1,0.3,0.0,1.2,0.2,72607.1,160.7,0.0,1.3,0.0,0.1,0.1,0.2,0.3,0.2,0.5,0.7,0.4,0.2,0.3,24202.0
CRS3035RES200mN2614200E3486600,35.0,12.0,1.0,1.0,1.0,12.0,0.0,822867.6,1148.0,0.0,12.0,0.0,2.0,0.0,1.0,7.0,2.0,4.0,13.0,4.0,1.0,1.0,23511.0
CRS3035RES200mN2614200E3486800,16.0,7.0,1.0,2.5,0.5,5.5,0.0,351735.5,926.5,0.0,7.0,0.0,0.0,0.5,1.5,2.5,0.0,2.5,3.5,3.0,1.5,1.0,21983.0
CRS3035RES200mN2614200E3487000,28.0,11.4,1.7,2.3,0.0,10.3,2.9,629647.2,1168.0,1.1,10.3,0.0,1.7,0.0,2.8,3.4,2.3,4.0,6.3,2.3,4.6,0.6,22487.0
CRS3035RES200mN2614200E3487200,12.0,4.9,0.7,1.0,0.0,4.4,1.2,269848.8,500.6,0.5,4.4,0.0,0.7,0.0,1.2,1.5,1.0,1.7,2.7,1.0,2.0,0.2,22487.0
CRS3035RES200mN2614200E3491000,15.0,6.4,0.8,2.1,0.3,4.9,0.3,363225.2,778.7,0.1,6.3,0.0,0.1,0.2,0.8,2.0,0.8,1.8,2.9,2.1,3.1,1.2,24215.0
CRS3035RES200mN2614200E3491200,56.0,24.0,1.0,5.0,1.0,23.0,0.0,1428616.2,2721.0,0.0,24.0,0.0,0.0,0.0,4.0,3.0,4.0,5.0,8.0,7.0,23.0,2.0,25511.0
CRS3035RES200mN2614200E3491400,104.5,58.0,12.0,27.0,1.0,34.0,7.0,2336898.9,4588.0,11.0,47.0,0.0,1.0,1.0,3.5,10.0,6.0,13.0,17.0,21.0,28.0,4.0,22363.0
CRS3035RES200mN2614200E3491600,94.0,47.0,9.0,16.0,1.0,41.0,2.0,2114928.4,4698.0,3.0,44.0,0.0,0.0,4.0,3.0,3.0,3.0,9.0,14.0,14.0,26.0,18.0,22499.0
CRS3035RES200mN2614200E3491800,11.0,4.7,0.6,1.5,0.3,3.6,0.3,266365.1,571.1,0.1,4.6,0.0,0.1,0.2,0.6,1.4,0.6,1.3,2.1,1.5,2.3,0.9,24215.0
CRS3035RES200mN2614200E3492000,63.0,27.0,1.0,6.0,1.0,24.0,2.0,1671909.8,2644.0,0.0,27.0,0.0,0.0,0.0,0.0,10.0,3.0,5.0,11.0,14.0,9.0,11.0,26538.0
CRS3035RES200mN2614200E3492200,14.0,7.3,0.3,2.4,0.3,4.8,0.5,351357.5,800.2,0.0,7.3,0.0,0.5,0.3,0.3,0.8,0.5,1.6,1.9,1.9,3.8,2.4,25097.0
CRS3035RES200mN2614200E3492400,2.0,1.0,0.0,0.3,0.0,0.7,0.1,50193.9,114.3,0.0,1.0,0.0,0.1,0.0,0.0,0.1,0.1,0.2,0.3,0.3,0.5,0.4,25097.0
CRS3035RES200mN2614200E3492600,60.0,31.0,3.0,11.0,1.0,20.0,3.0,1323670.2,2588.0,4.0,27.0,0.0,1.0,1.0,0.0,4.0,1.0,7.0,10.0,10.0,18.0,8.0,22061.0
CRS3035RES200mN2614200E3492800,85.0,47.0,2.0,21.0,0.0,33.0,3.0,1898747.8,3850.0,0.0,47.0,0.0,1.0,5.0,1.0,6.0,5.0,8.0,13.0,11.0,19.0,16.0,22338.0
CRS3035RES200mN2614200E3493000,33.0,14.5,0.8,4.0,0.0,4.8,3.2,760428.7,1289.4,0.0,14.5,0.0,2.4,1.6,1.6,2.4,3.2,9.7,3.2,0.8,5.7,2.4,23043.0
CRS3035RES200mN2614200E3495400,13.0,5.6,0.6,1.2,0.3,4.3,0.9,321591.0,632.7,0.0,5.6,0.0,0.6,0.3,0.8,0.6,0.8,1.2,2.5,1.9,3.7,0.6,24738.0
CRS3035RES200mN2614200E3495600,14.0,6.0,0.7,1.3,0.3,4.7,1.0,346328.7,681.3,0.0,6.0,0.0,0.7,0.3,0.8,0.7,0.8,1.3,2.7,2.0,4.0,0.7,24738.0
CRS3035RES200mN2614200E3503400,4.0,1.7,0.2,0.5,0.0,1.5,0.1,92525.3,270.0,0.0,1.7,0.0,0.2,0.1,0.1,0.2,0.5,0.3,1.2,0.9,0.3,0.2,23131.0
CRS3035RES200mN2614200E3503600,5.0,2.1,0.3,0.7,0.0,1.8,0.1,115656.6,337.5,0.0,2.1,0.0,0.3,0.1,0.1,0.3,0.7,0.4,1.4,1.0,0.4,0.3,23131.0
CRS3035RES200mN2614400E3465200,34.0,21.0,3.0,9.0,0.0,16.0,2.0,993024.3,1815.0,8.0,13.0,0.0,0.0,0.0,2.0,0.0,0.0,4.0,5.0,3.0,16.0,4.0,29207.0
CRS3035RES200mN2614400E3465400,106.5,61.0,6.0,30.0,1.0,42.0,3.0,3007461.9,5183.0,7.0,54.0,3.0,1.0,0.5,3.0,9.0,6.0,7.0,17.0,11.0,37.0,15.0,28239.0
CRS3035RES200mN2614400E3465600,123.0,65.0,11.0,28.0,2.0,35.0,9.0,2936394.1,5078.0,23.0,42.0,22.0,2.0,1.0,6.0,7.0,11.0,16.0,18.0,19.0,35.0,8.0,23873.0
CRS3035RES200mN2614400E3465800,91.0,66.0,6.0,47.0,0.0,18.0,1.0,2275049.3,3890.0,44.0,22.0,0.0,1.0,0.0,0.0,1.0,1.0,7.0,3.0,8.0,28.0,42.0,25001.0
CRS3035RES200mN2614400E3466000,79.0,42.0,5.0,18.0,0.0,32.0,0.0,2132766.1,4145.0,0.0,42.0,0.0,0.0,0.0,3.0,3.0,6.0,3.0,17.0,17.0,22.0,8.0,26997.0
CRS3035RES200mN2614400E3466200,68.0,32.0,4.0,10.0,1.0,15.0,2.0,1747845.8,2855.0,9.0,23.0,6.0,1.5,4.0,1.0,2.5,5.0,12.0,12.0,11.0,18.0,1.0,25704.0
CRS3035RES200mN2614400E3466400,21.5,13.0,1.0,5.0,0.0,0.0,4.0,559169.1,960.0,9.0,4.0,7.0,0.5,0.0,1.0,1.0,5.0,7.0,4.0,2.0,1.0,0.0,26008.0
CRS3035RES200mN2614400E3471800,21.0,7.8,0.9,0.9,0.0,6.8,0.9,631946.2,812.2,0.0,7.8,0.0,1.4,0.4,2.3,0.0,1.4,4.5,5.5,2.3,1.8,1.4,30093.0
CRS3035RES200mN2614400E3472000,15.0,5.6,1.0,1.0,0.0,4.2,0.7,358794.1,585.0,0.0,5.6,1.4,0.7,0.3,0.3,2.8,0.4,3.5,4.5,0.7,1.4,0.4,23920.0
CRS3035RES200mN2614400E3472600,11.0,4.1,0.8,0.8,0.0,3.1,0.5,263115.7,429.0,0.0,4.1,1.0,0.5,0.2,0.3,2.0,0.3,2.6,3.3,0.5,1.0,0.3,23920.0
CRS3035RES200mN2614400E3472800,1.0,0.4,0.1,0.1,0.0,0.3,0.0,23919.6,39.0,0.0,0.4,0.1,0.1,0.0,0.0,0.2,0.0,0.2,0.3,0.1,0.1,0.0,23920.0
CRS3035RES200mN2614400E3474800,3.0,1.3,0.5,0.5,0.0,0.8,0.2,65155.1,143.0,0.0,1.3,0.0,0.2,0.1,0.1,0.0,0.5,0.5,0.7,0.2,0.4,0.3,21718.0
CRS3035RES200mN2614400E3475000,75.5,32.0,6.0,11.0,1.0,23.0,2.0,1649336.1,3101.0,0.0,32.0,0.0,7.5,3.0,8.0,4.0,3.0,22.0,12.0,10.0,3.0,3.0,21846.0
CRS3035RES200mN2614400E3475200,33.0,13.3,1.7,3.5,0.6,9.3,0.6,721105.9,1414.9,2.3,11.0,0.0,2.3,0.6,1.4,3.5,1.5,8.7,5.8,4.6,2.9,1.7,21852.0
CRS3035RES200mN2614400E3475400,3.0,1.2,0.2,0.3,0.1,0.8,0.1,65555.1,128.6,0.2,1.0,0.0,0.2,0.1,0.1,0.3,0.1,0.8,0.5,0.4,0.3,0.2,21852.0
CRS3035RES200mN2614400E3478000,37.0,14.0,0.0,4.0,2.0,13.0,1.0,1115718.8,1729.0,0.0,14.0,0.0,1.0,0.0,2.0,6.0,5.0,3.0,9.0,7.0,4.0,0.0,30155.0
CRS3035RES200mN2614400E3478200,92.0,38.0,9.0,11.0,4.0,34.0,3.0,2034361.8,3840.0,0.0,38.0,0.0,5.0,2.0,9.0,7.0,7.0,16.0,16.0,8.0,14.0,8.0,22113.0
CRS3035RES200mN2614400E3478400,83.0,37.0,6.0,11.0,1.0,30.0,3.0,1690426.8,3689.0,2.0,35.0,1.0,4.0,1.0,7.0,6.0,6.0,15.0,14.0,14.0,15.0,1.0,20367.0
CRS3035RES200mN2614400E3478600,78.0,28.0,3.0,4.0,2.0,19.0,3.0,1694086.6,2600.0,0.0,28.0,0.0,5.0,2.5,4.5,9.0,5.0,15.0,19.0,7.0,10.0,1.0,21719.0
CRS3035RES200mN2614400E3478800,46.0,18.0,3.0,1.0,2.0,17.0,3.0,1016060.7,2055.0,0.0,18.0,0.0,2.0,0.5,2.0,4.5,5.0,4.0,8.0,8.0,8.0,4.0,22088.0
CRS3035RES200mN2614400E3479000,101.0,35.0,1.0,4.0,2.0,33.0,3.0,2167148.8,3109.0,0.0,35.0,0.0,2.0,2.0,12.0,19.0,2.0,19.0,31.0,4.0,9.0,1.0,21457.0
CRS3035RES200mN2614400E3483000,19.5,8.5,0.9,2.0,0.0,7.7,1.3,471946.3,1044.7,0.0,8.5,0.0,0.9,0.7,1.0,1.6,1.5,3.5,4.2,2.6,1.3,2.2,24202.0
CRS3035RES200mN2614400E3483200,14.0,6.1,0.6,1.4,0.0,5.5,0.9,338833.2,750.0,0.0,6.1,0.0,0.6,0.5,0.7,1.2,1.1,2.5,3.0,1.9,0.9,1.6,24202.0
CRS3035RES200mN2614400E3490000,16.5,7.2,0.6,2.8,0.3,5.3,0.3,387112.8,914.6,0.9,6.3,0.0,0.3,0.3,1.0,1.7,1.6,1.6,4.4,2.5,2.5,0.6,23461.0
CRS3035RES200mN2614400E3490800,1.0,0.4,0.0,0.2,0.0,0.3,0.0,23461.4,55.4,0.0,0.4,0.0,0.0,0.0,0.1,0.1,0.1,0.1,0.3,0.1,0.2,0.0,23461.0
CRS3035RES200mN2614400E3491200,27.0,11.5,1.5,3.8,0.6,8.8,0.6,653805.3,1401.7,0.2,11.3,0.0,0.2,0.4,1.5,3.6,1.5,3.1,5.2,3.8,5.6,2.1,24215.0
CRS3035RES200mN2614400E3491400,58.5,28.0,2.0,12.0,2.0,23.0,1.0,1357948.6,2984.0,0.0,28.0,0.0,4.0,0.0,3.5,6.0,1.0,5.0,10.0,11.0,9.0,9.0,23213.0
CRS3035RES200mN2614400E3491600,98.5,51.0,7.0,23.0,1.0,32.0,2.0,2405314.6,4900.0,8.0,43.0,0.0,3.0,2.0,2.5,0.0,11.0,12.0,17.0,17.0,22.0,12.0,24419.0
CRS3035RES200mN2614400E3491800,33.0,16.0,1.0,8.0,3.0,11.0,1.0,698566.3,1400.0,4.0,12.0,0.0,0.0,2.0,1.0,3.0,3.0,8.0,5.0,3.0,6.0,2.0,21169.0
CRS3035RES200mN2614400E3492000,21.0,10.9,0.4,3.6,0.4,7.3,0.8,527036.2,1200.2,0.0,10.9,0.0,0.8,0.4,0.4,1.2,0.8,2.4,2.8,2.8,5.7,3.7,25097.0
CRS3035RES200mN2614400E3492200,86.0,53.0,6.0,28.0,1.0,41.0,1.0,1888416.4,5061.0,2.0,51.0,0.0,1.0,0.0,2.0,4.0,1.0,7.0,10.0,15.0,24.0,22.0,21958.0
CRS3035RES200mN2614400E3492400,43.0,19.0,3.0,7.0,0.0,15.0,1.0,1080860.4,1955.0,0.0,19.0,0.0,2.0,1.0,1.0,4.0,4.0,5.0,9.0,8.0,6.0,3.0,25136.0
CRS3035RES200mN2614400E3492600,24.0,13.0,0.0,4.0,0.0,11.0,2.0,691351.3,1570.0,0.0,13.0,0.0,0.0,0.0,0.0,1.0,1.0,1.0,2.0,6.0,7.0,6.0,28806.0
CRS3035RES200mN2614400E3492800,62.0,39.0,5.0,27.0,2.0,10.0,1.0,1419672.0,2731.0,22.0,17.0,0.0,2.0,1.0,3.0,5.0,5.0,15.0,9.0,3.0,16.0,3.0,22898.0
CRS3035RES200mN2614400E3493000,3.0,1.3,0.1,0.4,0.0,0.4,0.3,69129.9,117.2,0.0,1.3,0.0,0.2,0.1,0.2,0.2,0.3,0.9,0.3,0.1,0.5,0.2,23043.0
CRS3035RES200mN2614400E3503200,4.0,1.7,0.2,0.5,0.0,1.5,0.1,92525.3,270.0,0.0,1.7,0.0,0.2,0.1,0.1,0.2,0.5,0.3,1.2,0.9,0.3,0.2,23131.0
CRS3035RES200mN2614400E3503400,36.0,16.0,3.0,3.0,0.0,12.0,3.0,743923.9,2183.0,0.0,16.0,0.0,3.0,1.0,1.0,1.0,3.0,7.0,5.0,7.0,4.0,4.0,20665.0
CRS3035RES200mN2614400E3503600,20.0,8.4,1.1,2.6,0.0,7.4,0.5,462626.4,1350.0,0.0,8.4,0.0,1.0,0.5,0.5,1.1,2.6,1.6,5.8,4.2,1.6,1.1,23131.0
CRS3035RES200mN2614600E3465200,12.0,4.9,0.0,0.8,0.0,4.1,0.3,419956.6,513.8,1.0,3.9,0.0,0.0,0.0,0.6,1.5,0.8,0.5,3.4,1.6,2.3,1.3,34996.0
CRS3035RES200mN2614600E3465400,130.0,71.0,5.0,29.0,3.0,42.0,8.0,3704243.2,6139.0,11.0,60.0,0.0,3.0,1.5,3.0,8.5,13.0,9.0,20.0,14.0,34.0,24.0,28494.0
CRS3035RES200mN2614600E3465600,126.5,69.0,9.0,30.0,1.0,43.0,9.0,3490445.7,6206.0,5.0,64.0,0.0,2.0,4.0,4.0,6.5,7.0,13.0,21.0,16.0,37.0,16.0,27592.0
CRS3035RES200mN2614600E3465800,66.0,34.0,1.0,11.0,1.0,26.0,1.0,2036163.8,3170.0,0.0,34.0,0.0,1.0,2.0,3.0,2.0,0.0,3.0,9.0,9.0,23.0,14.0,30851.0
CRS3035RES200mN2614600E3466000,69.5,41.0,7.0,16.0,0.0,31.0,4.0,1879894.7,3712.0,3.0,38.0,0.0,0.0,0.0,1.0,0.5,5.0,3.0,7.0,13.0,29.0,11.0,27049.0
CRS3035RES200mN2614600E3466200,118.0,54.0,7.0,18.0,1.0,19.0,10.0,3018223.5,4796.0,21.0,33.0,15.0,7.0,5.0,8.5,7.0,7.5,31.0,16.0,13.0,18.0,5.0,25578.0
CRS3035RES200mN2614600E3466400,74.0,55.0,6.0,37.0,0.0,5.0,10.0,1518946.1,2858.0,49.0,6.0,12.0,2.5,0.0,0.5,2.5,14.5,26.0,13.0,6.0,8.0,1.0,20526.0
CRS3035RES200mN2614600E3468000,2.0,0.8,0.1,0.1,0.1,0.5,0.2,46941.5,98.8,0.0,0.8,0.1,0.1,0.0,0.0,0.1,0.2,0.2,0.4,0.3,0.6,0.1,23471.0
CRS3035RES200mN2614600E3469800,12.0,3.9,1.1,0.4,0.7,3.2,0.4,268573.9,429.5,0.0,3.9,0.0,1.4,0.0,1.8,0.3,0.7,2.1,2.5,1.1,1.8,0.3,22381.0
CRS3035RES200mN2614600E3470000,6.0,2.2,0.3,0.3,0.0,2.0,0.3,180556.1,232.0,0.0,2.2,0.0,0.4,0.1,0.6,0.0,0.4,1.3,1.6,0.7,0.5,0.4,30093.0
CRS3035RES200mN2614600E3472200,3.0,1.1,0.2,0.2,0.0,0.8,0.1,71758.8,117.0,0.0,1.1,0.3,0.1,0.1,0.1,0.5,0.1,0.7,0.9,0.1,0.3,0.1,23920.0
CRS3035RES200mN2614600E3475000,55.5,21.0,1.0,3.0,0.0,15.0,5.0,1484307.7,2365.0,0.0,21.0,0.0,2.0,1.0,5.0,4.5,7.0,11.0,14.0,5.0,6.0,0.0,26744.0
CRS3035RES200mN2614600E3475200,34.0,15.0,2.0,3.0,0.0,14.0,3.0,763780.9,1518.0,2.0,13.0,0.0,0.0,3.5,1.5,2.0,1.0,8.0,6.0,5.0,4.0,3.0,22464.0
CRS3035RES200mN2614600E3475400,6.0,2.4,0.3,0.6,0.1,1.7,0.1,131110.2,257.3,0.4,2.0,0.0,0.4,0.1,0.3,0.6,0.3,1.6,1.1,0.8,0.5,0.3,21852.0
CRS3035RES200mN2614600E3477000,3.0,1.5,0.2,0.7,0.1,1.2,0.0,64976.8,147.3,0.2,1.3,0.0,0.2,0.0,0.2,0.1,0.1,0.6,0.6,0.7,0.4,0.1,21659.0
CRS3035RES200mN2614600E3478200,50.5,19.0,1.0,2.0,1.0,17.0,3.0,1176068.9,2170.0,0.0,19.0,0.0,0.0,0.0,2.0,11.0,2.5,4.0,18.0,2.0,10.0,1.0,23288.0
CRS3035RES200mN2614600E3478400,100.5,37.0,0.0,5.0,1.0,34.0,6.0,2553166.3,4090.0,0.0,37.0,0.0,0.0,2.0,9.5,15.0,8.0,15.0,25.0,9.0,14.0,3.0,25405.0
CRS3035RES200mN2614600E3478600,92.0,34.0,4.0,5.0,2.0,30.0,6.0,2069080.7,3112.0,0.0,34.0,0.0,4.0,5.0,14.5,6.5,6.0,32.0,17.0,4.0,3.0,0.0,22490.0
CRS3035RES200mN2614600E3483000,7.5,3.3,0.3,0.8,0.0,2.9,0.5,181517.8,401.8,0.0,3.3,0.0,0.3,0.3,0.4,0.6,0.6,1.4,1.6,1.0,0.5,0.8,24202.0
CRS3035RES200mN2614600E3487000,3.0,1.2,0.2,0.2,0.0,1.1,0.3,67462.2,125.1,0.1,1.1,0.0,0.2,0.0,0.3,0.4,0.2,0.4,0.7,0.2,0.5,0.1,22487.0
CRS3035RES200mN2614600E3490000,5.0,2.2,0.2,0.9,0.1,1.6,0.1,117306.9,277.1,0.3,1.9,0.0,0.1,0.1,0.3,0.5,0.5,0.5,1.3,0.7,0.8,0.2,23461.0
CRS3035RES200mN2614600E3490400,3.0,1.3,0.1,0.5,0.1,1.0,0.1,70384.1,166.3,0.2,1.1,0.0,0.1,0.1,0.2,0.3,0.3,0.3,0.8,0.4,0.4,0.1,23461.0
CRS3035RES200mN2614600E3490600,3.0,1.3,0.1,0.5,0.1,1.0,0.1,70384.1,166.3,0.2,1.1,0.0,0.1,0.1,0.2,0.3,0.3,0.3,0.8,0.4,0.4,0.1,23461.0
CRS3035RES200mN2614600E3490800,10.0,4.4,0.4,1.7,0.2,3.2,0.2,234613.8,554.3,0.6,3.8,0.0,0.2,0.2,0.6,1.0,0.9,1.0,2.7,1.5,1.5,0.4,23461.0
CRS3035RES200mN2614600E3491000,16.0,6.8,0.9,2.2,0.4,5.2,0.4,387440.2,830.6,0.1,6.7,0.0,0.1,0.2,0.9,2.1,0.9,1.9,3.1,2.2,3.4,1.2,24215.0
CRS3035RES200mN2614600E3491200,7.0,3.0,0.4,1.0,0.2,2.3,0.2,169505.1,363.4,0.1,2.9,0.0,0.0,0.1,0.4,0.9,0.4,0.8,1.4,1.0,1.5,0.5,24215.0
CRS3035RES200mN2614600E3491400,11.0,4.7,0.6,1.5,0.3,3.6,0.3,266365.1,571.1,0.1,4.6,0.0,0.1,0.2,0.6,1.4,0.6,1.3,2.1,1.5,2.3,0.9,24215.0
CRS3035RES200mN2614600E3491600,31.0,15.0,1.0,4.0,1.0,13.0,1.0,718148.8,1466.0,0.0,15.0,0.0,0.0,0.0,1.0,1.5,2.5,0.0,8.0,6.0,10.0,2.0,23166.0
CRS3035RES200mN2614600E3491800,19.0,8.1,1.0,2.7,0.4,6.2,0.4,460085.2,986.4,0.1,8.0,0.0,0.1,0.3,1.0,2.5,1.0,2.2,3.7,2.7,4.0,1.5,24215.0
CRS3035RES200mN2614600E3492200,108.0,57.0,5.0,25.0,1.0,35.0,7.0,2793740.4,5960.0,8.0,49.0,0.0,3.0,2.0,5.5,6.5,11.0,21.0,14.0,16.0,19.0,10.0,25868.0
CRS3035RES200mN2614600E3492400,45.0,25.0,2.0,9.0,0.0,18.0,1.0,1120263.6,2569.0,0.0,25.0,0.0,2.0,0.0,2.0,1.0,3.0,4.0,4.0,8.0,17.0,4.0,24895.0
CRS3035RES200mN2614600E3492600,58.0,32.0,3.0,14.0,0.0,26.0,1.0,1509399.8,3142.0,0.0,32.0,0.0,0.0,0.0,2.5,5.5,1.0,2.0,10.0,1.0,24.0,12.0,26024.0
CRS3035RES200mN2614600E3492800,21.0,11.0,0.0,5.0,0.0,10.0,0.0,520460.6,1188.0,0.0,11.0,0.0,1.0,0.0,0.0,0.5,2.5,2.0,2.0,3.0,5.0,5.0,24784.0
CRS3035RES200mN2614600E3493000,5.0,2.2,0.1,0.6,0.0,0.7,0.5,115216.5,195.4,0.0,2.2,0.0,0.4,0.2,0.2,0.4,0.5,1.5,0.5,0.1,0.8,0.4,23043.0
CRS3035RES200mN2614600E3494200,10.0,4.7,0.4,1.7,0.2,4.3,0.0,269916.9,617.7,0.2,4.5,0.0,0.0,0.0,0.0,1.7,0.6,0.0,2.6,1.9,2.8,0.4,26992.0
CRS3035RES200mN2614600E3494400,32.0,13.0,1.0,2.0,1.0,8.0,3.0,759499.3,1265.0,0.0,13.0,0.0,1.0,1.0,3.5,3.5,1.0,4.0,10.0,2.0,6.0,0.0,23734.0
CRS3035RES200mN2614600E3503800,1.0,0.4,0.1,0.1,0.0,0.4,0.0,23131.3,67.5,0.0,0.4,0.0,0.0,0.0,0.0,0.1,0.1,0.1,0.3,0.2,0.1,0.1,23131.0
CRS3035RES200mN2614800E3465200,2.0,0.8,0.0,0.1,0.0,0.7,0.0,69992.8,85.6,0.2,0.6,0.0,0.0,0.0,0.1,0.2,0.1,0.1,0.6,0.3,0.4,0.2,34996.0
CRS3035RES200mN2614800E3465400,117.5,65.0,11.0,26.0,1.0,35.0,5.0,3343248.2,5906.0,17.0,48.0,0.0,1.0,1.0,1.5,7.0,12.0,9.0,27.0,15.0,33.0,11.0,28453.0
CRS3035RES200mN2614800E3465600,103.0,65.0,8.0,35.0,1.0,37.0,5.0,3013173.8,5192.0,17.0,48.0,0.0,1.0,1.0,2.0,0.0,2.0,12.0,10.0,20.0,39.0,16.0,29254.0
CRS3035RES200mN2614800E3465800,40.0,26.0,5.0,13.0,0.0,18.0,2.0,1022460.0,2291.0,4.0,22.0,0.0,0.0,0.0,0.0,0.0,3.0,3.0,3.0,11.0,15.0,5.0,25562.0
CRS3035RES200mN2614800E3466000,67.5,29.0,0.0,5.0,2.0,25.0,0.0,2033549.9,3667.0,0.0,29.0,0.0,0.0,1.5,2.0,5.0,2.0,5.0,9.0,10.0,23.0,10.0,30127.0
CRS3035RES200mN2614800E3466200,103.5,45.0,0.0,9.0,2.0,34.0,4.0,3177918.1,5178.0,0.0,45.0,0.0,2.0,1.0,5.0,8.5,7.0,13.0,18.0,9.0,39.0,1.0,30705.0
CRS3035RES200mN2614800E3466400,20.0,8.1,0.0,1.6,0.5,8.1,1.1,588229.8,938.9,0.0,8.1,0.0,0.5,0.5,1.1,1.1,2.7,1.1,3.8,4.9,3.8,0.5,29411.0
CRS3035RES200mN2614800E3468000,2.0,0.8,0.1,0.1,0.1,0.5,0.2,46941.5,98.8,0.0,0.8,0.1,0.1,0.0,0.0,0.1,0.2,0.2,0.4,0.3,0.6,0.1,23471.0
CRS3035RES200mN2614800E3468600,15.0,6.0,1.0,0.5,0.5,4.0,1.5,352060.9,741.0,0.0,6.0,0.5,0.5,0.0,0.0,0.5,2.0,2.0,3.0,2.0,4.5,0.5,23471.0
CRS3035RES200mN2614800E3468800,49.0,16.0,0.0,2.0,3.0,15.0,0.0,1487824.4,2029.0,0.0,16.0,0.0,2.0,1.0,4.0,10.0,1.0,5.0,14.0,2.0,9.0,1.0,30364.0
CRS3035RES200mN2614800E3469800,7.0,2.3,0.6,0.2,0.4,1.9,0.2,156668.1,250.6,0.0,2.3,0.0,0.8,0.0,1.0,0.2,0.4,1.3,1.5,0.6,1.0,0.2,22381.0
CRS3035RES200mN2614800E3475400,14.0,5.6,0.7,1.5,0.2,3.9,0.2,305923.7,600.3,1.0,4.6,0.0,1.0,0.2,0.6,1.5,0.6,3.7,2.5,2.0,1.2,0.7,21852.0
CRS3035RES200mN2614800E3478000,5.0,2.3,0.2,0.4,0.0,1.7,0.6,118393.7,226.7,0.0,2.3,0.0,0.2,0.0,0.2,0.5,0.1,0.6,1.1,0.6,1.5,0.2,23679.0
CRS3035RES200mN2614800E3478600,3.0,1.4,0.1,0.2,0.0,1.0,0.4,71036.2,136.0,0.0,1.4,0.0,0.1,0.0,0.1,0.3,0.1,0.4,0.6,0.4,0.9,0.1,23679.0
CRS3035RES200mN2614800E3479200,2.0,0.9,0.1,0.1,0.0,0.8,0.2,43786.9,90.5,0.0,0.9,0.0,0.1,0.0,0.1,0.2,0.1,0.3,0.4,0.3,0.4,0.1,21893.0
CRS3035RES200mN2614800E3489000,5.0,2.0,0.2,0.6,0.3,1.7,0.1,110417.7,210.2,0.1,1.9,0.0,0.2,0.2,0.2,0.4,0.6,0.6,0.8,0.9,0.9,0.2,22084.0
CRS3035RES200mN2614800E3490000,3.0,1.3,0.1,0.5,0.1,1.0,0.1,70384.1,166.3,0.2,1.1,0.0,0.1,0.1,0.2,0.3,0.3,0.3,0.8,0.4,0.4,0.1,23461.0
CRS3035RES200mN2614800E3490400,8.0,3.5,0.3,1.4,0.2,2.6,0.2,187691.1,443.4,0.5,3.0,0.0,0.1,0.2,0.5,0.8,0.8,0.8,2.1,1.2,1.2,0.3,23461.0
CRS3035RES200mN2614800E3490600,3.0,1.3,0.1,0.5,0.1,1.0,0.1,70384.1,166.3,0.2,1.1,0.0,0.1,0.1,0.2,0.3,0.3,0.3,0.8,0.4,0.4,0.1,23461.0
CRS3035RES200mN2614800E3490800,54.0,18.0,1.0,4.0,2.0,14.0,1.0,1365483.1,1679.0,0.0,18.0,0.0,3.0,2.0,2.0,4.0,8.0,8.0,10.0,7.0,8.0,2.0,25287.0
CRS3035RES200mN2614800E3491000,81.0,32.0,4.0,7.0,5.0,26.0,4.0,2049647.6,3735.0,0.0,32.0,0.0,0.5,5.0,5.0,7.5,6.0,7.0,15.0,8.0,24.0,3.0,25304.0
CRS3035RES200mN2614800E3491200,45.0,24.0,2.0,4.0,0.0,21.0,2.0,1244419.3,2441.0,0.0,24.0,0.0,0.0,1.0,0.0,0.0,1.0,2.0,1.0,10.0,20.0,10.0,27654.0
CRS3035RES200mN2614800E3491400,21.0,9.0,1.1,2.9,0.5,6.8,0.5,508515.2,1090.2,0.2,8.8,0.0,0.2,0.3,1.1,2.8,1.1,2.5,4.1,2.9,4.4,1.6,24215.0
CRS3035RES200mN2614800E3491600,51.0,21.0,2.0,6.0,2.0,16.0,0.0,1456879.8,2306.0,2.0,19.0,0.0,1.0,1.0,1.0,2.0,6.0,5.0,7.0,12.0,10.0,6.0,28566.0
CRS3035RES200mN2614800E3491800,93.5,50.0,10.0,23.0,3.0,23.0,5.0,1958294.0,4459.0,26.0,24.0,0.0,0.0,0.0,3.0,9.5,10.0,15.0,15.0,19.0,14.0,8.0,20944.0
CRS3035RES200mN2614800E3492000,190.0,112.0,37.0,66.0,4.0,17.0,20.0,3477101.7,7501.0,64.0,48.0,10.0,10.0,4.0,9.0,17.0,17.0,48.0,34.0,29.0,18.0,4.0,18301.0
CRS3035RES200mN2614800E3492200,82.5,40.0,4.0,14.0,2.0,28.0,7.0,1957439.6,4961.0,4.0,36.0,0.0,1.0,0.5,6.5,10.5,4.0,6.0,17.0,14.0,15.0,8.0,23727.0
CRS3035RES200mN2614800E3492400,36.0,11.0,2.0,1.0,3.0,7.0,0.0,704159.7,1017.0,0.0,11.0,0.0,1.0,0.0,1.0,6.0,7.0,4.0,7.0,6.0,4.0,0.0,19560.0
CRS3035RES200mN2614800E3492600,44.0,21.0,0.0,6.0,2.0,21.0,3.0,1134961.4,2242.0,0.0,21.0,0.0,1.0,0.0,2.0,1.0,4.0,3.0,7.0,3.0,12.0,11.0,25795.0
CRS3035RES200mN2614800E3492800,114.5,60.0,9.0,20.0,1.0,43.0,7.0,2381986.1,4904.0,8.0,52.0,8.0,2.0,1.0,5.0,6.5,4.0,10.0,16.0,13.0,28.0,29.0,20803.0
CRS3035RES200mN2614800E3493000,62.0,39.0,2.0,21.0,0.0,33.0,2.0,1449584.2,3325.0,0.0,39.0,1.0,0.0,2.0,1.5,0.5,1.0,3.0,3.0,9.0,25.0,17.0,23380.0
CRS3035RES200mN2614800E3494000,19.0,8.9,0.8,3.2,0.4,8.1,0.0,512842.2,1173.6,0.4,8.5,0.0,0.0,0.0,0.0,3.2,1.2,0.0,4.9,3.6,5.3,0.8,26992.0
CRS3035RES200mN2614800E3494200,8.0,3.7,0.3,1.4,0.2,3.4,0.0,215933.5,494.1,0.1,3.6,0.0,0.0,0.0,0.0,1.4,0.5,0.0,2.1,1.5,2.2,0.3,26992.0
CRS3035RES200mN2614800E3494400,10.0,4.7,0.4,1.7,0.2,4.3,0.0,269916.9,617.7,0.2,4.5,0.0,0.0,0.0,0.0,1.7,0.6,0.0,2.6,1.9,2.8,0.4,26992.0
CRS3035RES200mN2614800E3497600,14.0,8.5,0.5,3.5,0.0,6.5,0.5,407541.0,985.5,0.0,8.5,0.0,0.0,0.0,1.0,0.0,0.5,0.0,5.5,4.0,3.0,0.0,29110.0
CRS3035RES200mN2614800E3497800,9.0,5.5,0.3,2.2,0.0,4.2,0.3,261990.6,633.5,0.0,5.5,0.0,0.0,0.0,0.7,0.0,0.3,0.0,3.5,2.6,1.9,0.0,29110.0
CRS3035RES200mN2614800E3503400,4.0,1.7,0.2,0.5,0.0,1.5,0.1,92525.3,270.0,0.0,1.7,0.0,0.2,0.1,0.1,0.2,0.5,0.3,1.2,0.9,0.3,0.2,23131.0
CRS3035RES200mN2615000E3465400,169.5,85.0,6.0,40.0,4.0,54.0,3.0,5317862.8,7428.0,28.0,57.0,0.0,3.0,2.0,10.0,9.0,13.5,17.0,33.0,25.0,42.0,15.0,31374.0
CRS3035RES200mN2615000E3465600,136.0,72.0,3.0,27.0,2.0,47.0,6.0,3965909.0,6504.0,17.0,55.0,0.0,0.0,0.0,7.0,9.0,11.0,10.0,19.0,18.0,48.0,14.0,29161.0
CRS3035RES200mN2615000E3465800,83.0,45.0,4.0,16.0,0.0,40.0,2.0,2196539.1,4281.0,0.0,45.0,0.0,1.0,0.0,1.5,0.5,3.0,5.0,9.0,14.0,32.0,17.0,26464.0
CRS3035RES200mN2615000E3466000,113.0,53.0,4.0,16.0,1.0,35.0,5.0,3175206.3,5296.0,3.0,50.0,0.0,1.0,2.0,5.0,10.0,5.0,11.0,21.0,15.0,35.0,8.0,28099.0
CRS3035RES200mN2615000E3466200,129.5,58.0,3.0,12.0,2.0,41.0,5.0,3665429.8,5944.0,0.0,58.0,9.0,2.0,1.0,4.5,12.0,8.0,13.0,27.0,15.0,41.0,6.0,28304.0
CRS3035RES200mN2615000E3466400,17.0,7.6,0.8,2.2,0.2,4.4,1.0,426560.7,725.1,1.2,6.4,0.2,0.6,0.4,0.3,1.4,1.6,3.4,2.4,1.8,4.1,1.0,25092.0
CRS3035RES200mN2615000E3466600,2.0,0.9,0.1,0.3,0.0,0.5,0.1,50183.6,85.3,0.1,0.8,0.0,0.1,0.0,0.0,0.2,0.2,0.4,0.3,0.2,0.5,0.1,25092.0
CRS3035RES200mN2615000E3468000,5.0,2.2,0.5,0.5,0.1,1.9,0.2,135161.8,229.3,0.0,2.2,0.0,0.3,0.1,0.1,0.3,0.5,0.4,1.0,0.7,1.4,0.2,27032.0
CRS3035RES200mN2615000E3468200,13.5,5.9,1.3,1.5,0.2,5.0,0.6,364936.9,619.1,0.0,5.9,0.0,0.8,0.4,0.2,0.7,1.3,1.1,2.7,1.9,3.8,0.6,27032.0
CRS3035RES200mN2615000E3468400,12.0,5.2,1.1,1.3,0.2,4.5,0.6,324388.4,550.3,0.0,5.2,0.0,0.7,0.4,0.2,0.7,1.1,0.9,2.4,1.7,3.3,0.6,27032.0
CRS3035RES200mN2615000E3468600,74.5,27.0,4.0,5.0,5.0,25.0,4.0,2004138.9,3101.0,0.0,27.0,0.0,6.0,3.0,2.5,10.0,5.0,10.0,18.0,8.0,7.0,5.0,26901.0
CRS3035RES200mN2615000E3468800,39.0,14.0,1.0,3.0,2.0,12.0,0.0,1184678.3,1859.0,0.0,14.0,2.0,1.0,1.0,4.0,3.0,4.0,5.0,8.0,8.0,5.0,0.0,30376.0
CRS3035RES200mN2615000E3477400,6.0,2.9,0.7,1.0,0.2,2.6,0.0,125957.7,260.4,0.0,2.9,0.0,0.2,0.0,0.5,0.2,0.3,0.5,1.4,1.2,1.7,0.0,20993.0
CRS3035RES200mN2615000E3477600,32.0,16.0,2.0,5.0,0.0,14.0,0.0,698289.9,1732.0,0.0,16.0,0.0,0.0,1.0,1.0,1.0,2.0,4.0,7.0,4.0,9.0,3.0,21822.0
CRS3035RES200mN2615000E3477800,88.0,31.0,2.0,6.0,1.0,28.0,1.0,2155097.3,3108.0,0.0,31.0,0.0,3.0,2.0,9.0,11.0,6.0,10.0,31.0,6.0,9.0,1.0,24490.0
CRS3035RES200mN2615000E3478000,8.0,3.1,0.5,0.7,0.5,2.6,0.0,178282.9,330.4,0.0,3.1,0.0,0.0,0.0,0.8,1.1,0.5,0.9,1.9,2.1,0.2,0.5,22285.0
CRS3035RES200mN2615000E3484600,12.0,4.2,0.5,0.7,0.4,3.9,0.2,280267.8,505.2,0.1,4.1,0.0,0.5,0.2,0.9,2.0,0.4,2.4,2.5,1.5,0.9,0.7,23356.0
CRS3035RES200mN2615000E3484800,25.0,8.8,1.0,1.5,0.7,8.1,0.5,583891.3,1052.5,0.2,8.6,0.0,1.0,0.5,1.9,4.2,0.7,4.9,5.1,3.2,2.0,1.5,23356.0
CRS3035RES200mN2615000E3485000,6.0,2.4,0.2,0.6,0.3,2.1,0.1,129523.3,262.5,0.0,2.4,0.0,0.2,0.1,0.5,0.9,0.1,0.9,1.2,0.9,0.9,0.2,21587.0
CRS3035RES200mN2615000E3490600,3.0,1.8,0.3,1.0,0.0,0.8,0.2,77123.8,169.0,0.7,1.1,0.0,0.0,0.2,0.2,0.0,0.3,0.3,0.3,1.0,0.7,0.0,25708.0
CRS3035RES200mN2615000E3490800,5.0,3.1,0.6,1.7,0.0,1.4,0.3,128539.7,281.7,1.1,2.0,0.0,0.0,0.3,0.3,0.0,0.5,0.5,0.6,1.7,1.1,0.0,25708.0
CRS3035RES200mN2615000E3491000,108.5,51.0,3.0,17.0,3.0,37.0,4.0,2670159.2,4532.0,0.0,51.0,0.0,5.0,2.0,5.0,7.5,6.0,11.0,20.0,13.0,32.0,7.0,24610.0
CRS3035RES200mN2615000E3491200,171.0,68.0,26.0,16.0,7.0,24.0,24.0,2662205.0,6011.0,43.0,25.0,43.0,17.5,7.0,14.5,20.5,10.5,35.0,21.0,7.0,25.0,13.0,15568.0
CRS3035RES200mN2615000E3491400,44.0,23.0,3.0,9.0,1.0,16.0,1.0,1161926.1,2433.0,0.0,23.0,0.0,1.0,1.0,3.0,0.0,0.0,6.0,2.0,7.0,16.0,8.0,26407.0
CRS3035RES200mN2615000E3491600,79.0,43.0,5.0,20.0,2.0,32.0,4.0,1973627.6,4804.0,0.0,43.0,0.0,1.0,1.0,5.0,3.0,4.0,9.0,12.0,7.0,26.0,11.0,24983.0
CRS3035RES200mN2615000E3491800,135.0,75.0,10.0,42.0,4.0,31.0,10.0,3308577.2,7174.0,18.0,57.0,0.0,4.5,2.0,8.0,9.5,11.0,29.0,23.0,15.0,24.0,9.0,24508.0
CRS3035RES200mN2615000E3492000,270.0,177.0,51.0,116.0,4.0,45.0,21.0,5050372.7,12339.0,91.0,86.0,11.0,10.0,1.0,10.5,14.5,30.0,53.0,49.0,38.0,44.0,20.0,18705.0
CRS3035RES200mN2615000E3492200,73.0,36.0,6.0,17.0,1.0,16.0,2.0,1642496.2,2920.0,8.0,28.0,6.0,2.0,2.5,0.0,5.5,9.0,6.0,20.0,8.0,15.0,5.0,22500.0
CRS3035RES200mN2615000E3492400,5.0,2.2,0.2,0.5,0.2,1.6,0.3,141728.6,282.3,0.3,1.9,0.0,0.3,0.1,0.2,0.0,0.3,1.6,0.6,0.8,0.8,0.3,28346.0
CRS3035RES200mN2615000E3492600,10.0,4.4,0.3,0.9,0.3,3.1,0.6,283457.2,564.7,0.6,3.8,0.0,0.6,0.3,0.3,0.0,0.6,3.1,1.3,1.6,1.6,0.6,28346.0
CRS3035RES200mN2615000E3492800,70.5,34.0,2.0,14.0,1.0,31.0,3.0,1624485.2,2969.0,0.0,34.0,0.0,1.0,1.0,4.0,6.5,4.0,7.0,18.0,9.0,6.0,14.0,23042.0
CRS3035RES200mN2615000E3493000,20.0,9.1,3.0,4.2,0.0,3.6,1.2,340851.2,710.9,0.0,9.1,5.5,0.6,1.2,1.2,2.4,1.2,3.7,4.3,3.0,1.2,1.2,17043.0
CRS3035RES200mN2615000E3494000,4.0,2.1,0.4,0.8,0.1,1.9,0.0,99676.4,233.4,0.2,1.9,0.0,0.0,0.0,0.0,0.6,0.0,0.1,0.7,0.3,1.2,1.1,24919.0
CRS3035RES200mN2615000E3494200,1.0,0.5,0.1,0.2,0.0,0.5,0.0,24919.1,58.3,0.0,0.5,0.0,0.0,0.0,0.0,0.1,0.0,0.0,0.2,0.1,0.3,0.3,24919.0
CRS3035RES200mN2615000E3497400,28.0,10.4,0.7,1.3,0.0,9.8,0.7,719949.2,1304.9,0.0,10.4,0.0,1.9,1.3,1.6,1.3,1.0,5.9,5.2,6.5,3.3,0.0,25712.0
CRS3035RES200mN2615000E3497600,39.0,16.0,5.0,3.0,0.0,12.0,2.0,659664.6,2344.0,0.0,16.0,0.0,1.0,1.0,0.0,3.0,4.0,5.0,10.0,6.0,5.0,4.0,16914.0
CRS3035RES200mN2615000E3497800,7.0,2.6,0.2,0.3,0.0,2.4,0.2,179987.3,326.2,0.0,2.6,0.0,0.5,0.3,0.4,0.3,0.3,1.5,1.3,1.6,0.8,0.0,25712.0
CRS3035RES200mN2615000E3500400,14.0,5.3,0.4,1.0,0.3,4.4,0.6,334051.1,600.8,0.0,5.3,0.0,0.9,0.3,1.0,0.7,0.4,4.3,2.6,1.9,1.6,0.3,23861.0
CRS3035RES200mN2615000E3500600,29.0,12.0,2.0,4.0,0.0,10.0,3.0,548934.4,1240.0,0.0,12.0,0.0,0.0,0.0,2.0,7.0,2.0,2.0,9.0,0.0,5.0,2.0,18929.0
CRS3035RES200mN2615000E3500800,8.0,3.0,0.3,0.6,0.2,2.5,0.3,190886.3,343.3,0.0,3.0,0.0,0.5,0.2,0.5,0.4,0.3,2.4,1.5,1.1,0.9,0.2,23861.0
CRS3035RES200mN2615000E3503000,4.0,1.6,0.2,0.2,0.1,1.5,0.2,93187.9,198.7,0.0,1.6,0.0,0.2,0.1,0.3,0.3,0.2,0.3,1.2,0.5,0.8,0.1,23297.0
CRS3035RES200mN2615000E3503200,2.0,0.8,0.1,0.1,0.0,0.7,0.1,46594.0,99.4,0.0,0.8,0.0,0.1,0.0,0.1,0.2,0.1,0.2,0.6,0.2,0.4,0.1,23297.0
CRS3035RES200mN2615000E3503400,2.0,0.8,0.1,0.1,0.0,0.7,0.1,46594.0,99.4,0.0,0.8,0.0,0.1,0.0,0.1,0.2,0.1,0.2,0.6,0.2,0.4,0.1,23297.0
CRS3035RES200mN2615000E3503600,4.0,1.6,0.2,0.2,0.1,1.5,0.2,93187.9,198.7,0.0,1.6,0.0,0.2,0.1,0.3,0.3,0.2,0.3,1.2,0.5,0.8,0.1,23297.0
CRS3035RES200mN2615000E3503800,14.0,5.8,0.6,0.8,0.2,5.1,0.8,326157.8,695.5,0.0,5.8,0.0,0.6,0.2,1.0,1.3,0.8,1.0,4.1,1.7,2.9,0.4,23297.0
CRS3035RES200mN2615000E3504000,31.0,11.0,1.0,2.0,0.0,7.0,1.0,765139.7,1236.0,0.0,11.0,0.0,2.0,2.0,2.0,2.0,5.0,10.0,7.0,0.0,1.0,0.0,24682.0
CRS3035RES200mN2615200E3465400,119.0,76.0,12.0,49.0,1.0,39.0,4.0,3355685.2,5386.0,45.0,31.0,5.0,1.0,2.0,1.0,5.0,11.0,14.0,15.0,18.0,41.0,11.0,28199.0
CRS3035RES200mN2615200E3465600,133.0,86.0,11.0,54.0,1.0,39.0,8.0,3382560.8,5361.0,44.0,42.0,0.0,3.0,1.0,4.0,4.5,10.5,18.0,20.0,20.0,27.0,25.0,25433.0
CRS3035RES200mN2615200E3465800,97.5,49.0,5.0,21.0,2.0,36.0,4.0,2702259.4,4475.0,1.0,48.0,0.0,1.5,0.0,3.0,6.0,6.0,10.0,16.0,9.0,28.0,18.0,27715.0
CRS3035RES200mN2615200E3466000,75.0,36.0,2.0,10.0,0.0,25.0,1.0,2412585.2,3712.0,0.0,36.0,0.0,1.0,1.0,1.0,8.0,2.0,11.0,11.0,7.0,27.0,6.0,32168.0
CRS3035RES200mN2615200E3466200,112.5,66.0,5.0,31.0,0.0,39.0,5.0,3164545.9,6282.0,21.0,45.0,0.0,3.0,0.0,1.5,5.5,5.5,9.0,18.0,17.0,42.0,11.0,28129.0
CRS3035RES200mN2615200E3466400,27.0,11.0,0.0,1.0,0.0,5.0,0.0,743598.0,1193.0,0.0,11.0,0.0,4.0,0.0,0.5,1.5,3.0,6.0,4.0,2.0,6.0,0.0,27541.0
CRS3035RES200mN2615200E3468000,63.5,29.0,2.0,11.0,1.0,22.0,2.0,1626470.0,2978.0,0.0,29.0,0.0,3.0,2.0,4.0,5.0,4.5,8.0,13.0,10.0,8.0,6.0,25614.0
CRS3035RES200mN2615200E3468200,25.0,12.0,0.0,6.0,0.0,8.0,1.0,733110.4,1314.0,2.0,10.0,0.0,0.0,0.0,2.0,4.0,1.0,6.0,6.0,2.0,1.0,3.0,29324.0
CRS3035RES200mN2615200E3468400,103.5,52.0,6.0,23.0,2.0,39.0,6.0,2616987.5,5399.0,6.0,46.0,0.0,3.0,2.0,3.5,10.0,8.0,19.0,24.0,16.0,11.0,7.0,25285.0
CRS3035RES200mN2615200E3468600,76.5,25.0,0.0,6.0,7.0,16.0,1.0,2312390.4,2700.0,0.0,25.0,0.0,2.0,2.0,5.0,9.0,8.5,10.0,23.0,6.0,6.0,5.0,30227.0
CRS3035RES200mN2615200E3468800,34.0,15.0,1.0,3.0,0.0,15.0,2.0,992626.1,1615.0,0.0,15.0,0.0,2.0,1.0,2.0,0.0,1.0,8.0,4.0,6.0,7.0,3.0,29195.0
CRS3035RES200mN2615200E3469200,3.0,1.0,0.3,0.1,0.2,0.8,0.1,67143.5,107.4,0.0,1.0,0.0,0.4,0.0,0.4,0.1,0.2,0.5,0.6,0.3,0.4,0.1,22381.0
CRS3035RES200mN2615200E3471200,44.0,21.0,3.0,6.0,1.0,17.0,3.0,1021215.9,2285.0,0.0,21.0,0.0,2.5,1.0,4.0,2.5,2.0,7.0,12.0,1.0,11.0,1.0,23209.0
CRS3035RES200mN2615200E3471400,15.0,5.7,0.2,0.6,0.4,5.1,0.4,389523.9,677.5,0.0,5.7,0.0,1.3,0.2,1.9,0.6,0.6,3.4,2.5,1.1,3.0,0.4,25968.0
CRS3035RES200mN2615200E3472800,10.0,3.7,0.7,0.7,0.0,2.8,0.5,239196.0,390.0,0.0,3.7,0.9,0.5,0.2,0.2,1.9,0.2,2.3,3.0,0.5,0.9,0.3,23920.0
CRS3035RES200mN2615200E3473000,3.0,1.1,0.2,0.2,0.0,0.8,0.1,71758.8,117.0,0.0,1.1,0.3,0.1,0.1,0.1,0.5,0.1,0.7,0.9,0.1,0.3,0.1,23920.0
CRS3035RES200mN2615200E3477600,47.0,18.0,2.0,4.0,1.0,15.0,1.0,1150042.2,1878.0,0.0,18.0,0.0,0.0,0.0,4.0,8.0,2.0,3.0,14.0,11.0,3.0,1.0,24469.0
CRS3035RES200mN2615200E3477800,80.0,28.0,0.0,5.0,1.0,27.0,4.0,1790065.1,2933.0,0.0,28.0,0.0,8.0,4.0,7.0,7.5,3.5,17.0,19.0,4.0,9.0,1.0,22376.0
CRS3035RES200mN2615200E3479200,2.0,0.8,0.1,0.2,0.1,0.6,0.0,44570.7,82.6,0.0,0.8,0.0,0.0,0.0,0.2,0.3,0.1,0.2,0.5,0.5,0.1,0.1,22285.0
CRS3035RES200mN2615200E3484200,15.0,5.3,0.6,0.9,0.4,4.9,0.3,350334.8,631.5,0.1,5.2,0.0,0.6,0.3,1.2,2.5,0.4,2.9,3.1,1.9,1.2,0.9,23356.0
CRS3035RES200mN2615200E3484600,25.0,12.0,2.0,5.0,0.0,10.0,0.0,549382.8,1214.0,0.0,12.0,0.0,3.0,0.0,0.0,3.0,0.0,3.0,7.0,3.0,4.0,2.0,21975.0
CRS3035RES200mN2615200E3484800,42.0,19.0,4.0,8.0,0.0,14.0,0.0,1020831.5,2215.0,0.0,19.0,0.0,5.0,0.0,4.0,2.0,2.0,13.0,8.0,2.0,4.0,2.0,24306.0
CRS3035RES200mN2615200E3485000,37.0,17.0,1.0,5.0,1.0,14.0,0.0,1088942.5,1826.0,0.0,17.0,0.0,0.0,0.0,0.0,2.0,6.0,2.0,9.0,8.0,9.0,1.0,29431.0
CRS3035RES200mN2615200E3490400,3.0,1.8,0.3,1.0,0.0,0.8,0.2,77123.8,169.0,0.7,1.1,0.0,0.0,0.2,0.2,0.0,0.3,0.3,0.3,1.0,0.7,0.0,25708.0
CRS3035RES200mN2615200E3490800,1.0,0.6,0.1,0.3,0.0,0.3,0.1,25707.9,56.3,0.2,0.4,0.0,0.0,0.1,0.1,0.0,0.1,0.1,0.1,0.3,0.2,0.0,25708.0
CRS3035RES200mN2615200E3491000,17.0,7.6,1.1,3.4,0.4,4.2,1.1,335578.2,795.0,1.1,6.5,0.0,0.4,0.4,1.5,1.7,1.1,1.9,2.3,2.3,3.1,2.3,19740.0
CRS3035RES200mN2615200E3491200,100.0,49.0,15.0,16.0,1.0,29.0,7.0,1923787.5,3958.0,16.0,33.0,13.0,3.0,3.0,6.0,3.0,5.0,17.0,10.0,16.0,25.0,12.0,19238.0
CRS3035RES200mN2615200E3491400,80.0,44.0,3.0,19.0,0.0,30.0,7.0,1717228.2,3768.0,0.0,44.0,0.0,1.5,1.0,1.0,6.5,3.0,11.0,14.0,13.0,21.0,8.0,21465.0
CRS3035RES200mN2615200E3491600,112.5,58.0,9.0,24.0,1.0,26.0,10.0,2432166.6,5009.0,21.0,37.0,0.0,1.0,1.0,5.0,10.5,14.0,18.0,24.0,14.0,18.0,7.0,21619.0
CRS3035RES200mN2615200E3491800,79.5,46.0,4.0,25.0,3.0,25.0,5.0,1838262.3,3721.0,8.0,38.0,0.0,2.0,1.0,7.0,4.5,5.0,14.0,7.0,7.0,20.0,12.0,23123.0
CRS3035RES200mN2615200E3492000,101.5,51.0,6.0,19.0,1.0,36.0,9.0,2424162.4,4889.0,4.0,47.0,0.0,4.0,1.5,4.5,10.5,6.0,9.0,20.0,21.0,21.0,4.0,23883.0
CRS3035RES200mN2615200E3492200,73.0,38.0,12.0,17.0,3.0,15.0,6.0,1587712.9,3429.0,6.0,32.0,3.0,0.0,3.0,2.5,11.5,4.0,13.0,13.0,12.0,11.0,3.0,21749.0
CRS3035RES200mN2615200E3492400,5.0,2.2,0.2,0.5,0.2,1.6,0.3,141728.6,282.3,0.3,1.9,0.0,0.3,0.1,0.2,0.0,0.3,1.6,0.6,0.8,0.8,0.3,28346.0
CRS3035RES200mN2615200E3492600,88.0,42.0,9.0,17.0,2.0,20.0,4.0,1785085.6,3510.0,19.0,23.0,19.0,5.0,1.0,6.5,5.5,2.0,11.0,13.0,12.0,30.0,2.0,20285.0
CRS3035RES200mN2615200E3492800,109.0,40.0,19.0,6.0,5.0,5.0,19.0,1641140.0,3071.0,33.0,7.0,33.0,6.0,3.0,11.5,17.5,15.0,17.0,21.0,6.0,9.0,3.0,15056.0
CRS3035RES200mN2615200E3494000,13.0,6.7,1.3,2.7,0.4,6.3,0.0,323948.2,758.5,0.4,6.3,0.0,0.0,0.0,0.0,1.8,0.0,0.5,2.2,0.9,4.0,3.6,24919.0
CRS3035RES200mN2615200E3494200,11.0,5.7,1.1,2.3,0.4,5.3,0.0,274110.0,641.8,0.4,5.3,0.0,0.0,0.0,0.0,1.5,0.0,0.4,1.9,0.8,3.4,3.0,24919.0
CRS3035RES200mN2615200E3497400,6.0,2.2,0.1,0.3,0.0,2.1,0.1,154274.8,279.6,0.0,2.2,0.0,0.4,0.3,0.3,0.3,0.2,1.3,1.1,1.4,0.7,0.0,25712.0
CRS3035RES200mN2615200E3497600,22.5,11.0,3.0,4.0,0.0,8.0,0.0,488084.7,1245.0,0.0,11.0,0.0,0.0,0.5,0.0,0.0,2.0,4.0,6.0,5.0,5.0,0.0,21693.0
CRS3035RES200mN2615200E3497800,2.0,0.7,0.0,0.1,0.0,0.7,0.0,51424.9,93.2,0.0,0.7,0.0,0.1,0.1,0.1,0.1,0.1,0.4,0.4,0.5,0.2,0.0,25712.0
CRS3035RES200mN2615200E3500400,21.0,12.0,0.0,4.0,0.0,11.0,1.0,513860.0,1519.0,0.0,12.0,0.0,0.0,0.0,1.0,1.0,0.0,1.0,3.0,1.0,12.0,2.0,24470.0
CRS3035RES200mN2615200E3500600,61.5,30.0,5.0,11.0,2.0,23.0,3.0,1371709.9,3147.0,0.0,30.0,0.0,1.0,1.0,7.0,4.5,4.0,9.0,10.0,12.0,12.0,1.0,22304.0
CRS3035RES200mN2615200E3500800,14.0,5.3,0.4,1.0,0.3,4.4,0.6,334051.1,600.8,0.0,5.3,0.0,0.9,0.3,1.0,0.7,0.4,4.3,2.6,1.9,1.6,0.3,23861.0
CRS3035RES200mN2615200E3501000,7.0,2.4,0.4,0.3,0.3,1.8,0.3,153345.8,342.5,0.0,2.4,0.0,0.1,0.1,0.7,1.0,0.5,1.4,1.5,1.0,0.6,0.1,21907.0
CRS3035RES200mN2615200E3501400,2.0,0.7,0.1,0.1,0.1,0.5,0.1,43813.1,97.9,0.0,0.7,0.0,0.0,0.0,0.2,0.3,0.2,0.4,0.4,0.3,0.2,0.0,21907.0
CRS3035RES200mN2615200E3501600,2.0,0.7,0.1,0.1,0.1,0.5,0.1,43813.1,97.9,0.0,0.7,0.0,0.0,0.0,0.2,0.3,0.2,0.4,0.4,0.3,0.2,0.0,21907.0
CRS3035RES200mN2615200E3503400,6.0,2.5,0.3,0.4,0.1,2.2,0.4,139781.9,298.1,0.0,2.5,0.0,0.3,0.1,0.4,0.5,0.4,0.4,1.8,0.7,1.2,0.2,23297.0
CRS3035RES200mN2615200E3503600,49.0,25.0,4.0,11.0,0.0,20.0,3.0,1231977.4,3258.0,0.0,25.0,0.0,1.0,0.0,2.0,4.0,5.0,7.0,8.0,11.0,8.0,3.0,25142.0
CRS3035RES200mN2615200E3503800,68.5,24.0,5.0,5.0,2.0,16.0,1.0,1312996.6,2999.0,4.0,20.0,0.0,7.0,1.0,6.0,4.5,5.0,13.0,15.0,8.0,4.0,5.0,19168.0
CRS3035RES200mN2615200E3504000,12.0,5.0,0.9,0.9,0.2,4.6,0.7,270456.1,615.5,0.0,5.0,0.0,0.6,0.2,1.1,0.7,0.2,2.8,2.0,2.0,2.0,0.4,22538.0
CRS3035RES200mN2615400E3465400,90.0,69.0,14.0,56.0,1.0,35.0,3.0,2233276.2,3497.0,55.0,14.0,0.0,2.0,0.0,2.0,4.0,7.0,13.0,14.0,10.0,24.0,14.0,24814.0
CRS3035RES200mN2615400E3465600,86.0,44.0,8.0,18.0,1.0,26.0,4.0,2315465.4,3780.0,6.0,38.0,0.0,3.0,2.0,5.0,5.0,5.0,8.0,21.0,9.0,22.0,6.0,26924.0
CRS3035RES200mN2615400E3465800,129.5,77.0,6.0,40.0,2.0,28.0,10.0,3179025.6,5014.0,53.0,24.0,0.0,3.0,3.0,6.5,8.0,15.0,17.0,14.0,16.0,29.0,18.0,24548.0
CRS3035RES200mN2615400E3466000,94.5,49.0,9.0,22.0,1.0,37.0,5.0,2299723.6,4745.0,2.0,47.0,0.0,2.0,1.0,3.0,8.5,7.0,9.0,25.0,14.0,21.0,4.0,24336.0
CRS3035RES200mN2615400E3466200,112.0,61.0,7.0,28.0,1.0,31.0,8.0,2935517.0,5255.0,11.0,50.0,0.0,0.0,2.5,6.5,9.0,5.0,10.0,22.0,16.0,34.0,7.0,26210.0
CRS3035RES200mN2615400E3466400,136.5,67.0,5.0,27.0,2.0,12.0,12.0,3057474.1,4932.0,23.0,44.0,23.0,6.0,4.5,9.5,11.0,8.5,32.0,34.0,9.0,14.0,8.0,22399.0
CRS3035RES200mN2615400E3466600,10.0,4.4,0.5,1.3,0.1,2.6,0.6,250918.1,426.5,0.7,3.7,0.1,0.3,0.2,0.2,0.8,0.9,2.0,1.4,1.1,2.5,0.6,25092.0
CRS3035RES200mN2615400E3468000,36.0,15.0,1.0,5.0,0.0,12.0,1.0,999776.0,1571.0,0.0,15.0,0.0,2.0,1.0,1.0,2.0,2.0,4.0,8.0,6.0,10.0,0.0,27772.0
CRS3035RES200mN2615400E3468200,98.5,35.0,3.0,4.0,2.0,7.0,10.0,2238174.7,3807.0,0.0,35.0,8.0,5.0,4.0,14.5,14.0,1.0,22.0,22.0,11.0,3.0,2.0,22723.0
CRS3035RES200mN2615400E3468400,119.5,46.0,6.0,13.0,3.0,26.0,10.0,3088744.0,4261.0,11.0,35.0,14.0,11.0,5.0,13.5,11.0,8.0,23.0,37.0,6.0,5.0,0.0,25847.0
CRS3035RES200mN2615400E3468600,106.0,41.0,1.0,10.0,4.0,39.0,0.0,2786013.5,4383.0,0.0,41.0,0.0,3.0,4.0,6.0,9.0,10.0,15.0,25.0,17.0,12.0,5.0,26283.0
CRS3035RES200mN2615400E3468800,52.5,21.0,0.0,2.0,0.0,15.0,3.0,1399583.6,2186.0,0.0,21.0,4.0,0.0,0.0,3.0,6.5,6.0,6.0,15.0,8.0,7.0,1.0,26659.0
CRS3035RES200mN2615400E3470800,15.0,5.5,0.7,0.7,0.0,4.9,0.7,451390.1,580.1,0.0,5.5,0.0,1.0,0.3,1.6,0.0,1.0,3.3,3.9,1.6,1.3,1.0,30093.0
CRS3035RES200mN2615400E3471000,81.5,38.0,5.0,12.0,2.0,33.0,5.0,2062836.7,4306.0,0.0,38.0,0.0,4.0,2.0,2.0,7.5,6.0,14.0,20.0,11.0,12.0,3.0,25311.0
CRS3035RES200mN2615400E3471200,105.5,47.0,2.0,17.0,3.0,34.0,4.0,2735335.0,5260.0,1.0,46.0,0.0,7.0,3.0,6.0,7.5,5.0,25.0,26.0,14.0,12.0,0.0,25927.0
CRS3035RES200mN2615400E3471400,23.0,8.7,0.3,1.0,0.6,7.8,0.6,597270.0,1038.9,0.0,8.7,0.0,1.9,0.3,2.9,1.0,1.0,5.2,3.9,1.6,4.5,0.7,25968.0
CRS3035RES200mN2615400E3476200,2.0,1.0,0.1,0.4,0.0,0.8,0.0,43317.9,98.2,0.1,0.9,0.0,0.1,0.0,0.1,0.1,0.0,0.4,0.4,0.5,0.3,0.1,21659.0
CRS3035RES200mN2615400E3476400,18.5,9.4,1.0,4.0,0.3,7.4,0.0,400690.4,908.5,1.3,8.1,0.0,1.0,0.0,1.2,0.9,0.3,3.7,4.0,4.4,2.7,0.3,21659.0
CRS3035RES200mN2615400E3476600,7.0,3.6,0.4,1.5,0.1,2.8,0.0,151612.6,343.8,0.5,3.1,0.0,0.4,0.0,0.5,0.3,0.1,1.4,1.5,1.7,1.0,0.1,21659.0
CRS3035RES200mN2615400E3476800,2.0,1.0,0.1,0.4,0.0,0.8,0.0,43317.9,98.2,0.1,0.9,0.0,0.1,0.0,0.1,0.1,0.0,0.4,0.4,0.5,0.3,0.1,21659.0
CRS3035RES200mN2615400E3477600,6.0,2.9,0.7,1.0,0.2,2.6,0.0,125957.7,260.4,0.0,2.9,0.0,0.2,0.0,0.5,0.2,0.3,0.5,1.4,1.2,1.7,0.0,20993.0
CRS3035RES200mN2615400E3477800,71.0,24.0,2.0,3.0,1.0,23.0,1.0,1638892.9,2445.0,0.0,24.0,0.0,2.0,0.0,9.0,11.5,3.5,9.0,22.0,9.0,4.0,1.0,23083.0
CRS3035RES200mN2615400E3480200,1.0,0.5,0.1,0.1,0.0,0.4,0.0,21186.8,50.0,0.0,0.5,0.0,0.0,0.0,0.0,0.0,0.1,0.1,0.1,0.3,0.3,0.1,21187.0
CRS3035RES200mN2615400E3481600,3.0,1.4,0.3,0.3,0.0,1.3,0.1,63560.4,149.9,0.0,1.4,0.0,0.0,0.1,0.0,0.1,0.1,0.2,0.4,0.9,0.9,0.3,21187.0
CRS3035RES200mN2615400E3481800,2.0,1.0,0.2,0.2,0.0,0.9,0.1,42373.6,99.9,0.0,1.0,0.0,0.0,0.0,0.0,0.1,0.1,0.2,0.2,0.6,0.6,0.2,21187.0
CRS3035RES200mN2615400E3484600,12.0,4.2,0.5,0.7,0.4,3.9,0.2,280267.8,505.2,0.1,4.1,0.0,0.5,0.2,0.9,2.0,0.4,2.4,2.5,1.5,0.9,0.7,23356.0
CRS3035RES200mN2615400E3484800,22.0,7.8,0.9,1.3,0.6,7.1,0.4,513824.3,926.2,0.2,7.6,0.0,0.9,0.4,1.7,3.7,0.7,4.3,4.5,2.8,1.7,1.3,23356.0
CRS3035RES200mN2615400E3485000,26.0,10.4,0.7,2.6,1.1,9.3,0.4,561267.8,1137.7,0.0,10.4,0.0,1.1,0.4,2.2,3.7,0.4,3.7,5.2,3.7,4.1,1.1,21587.0
CRS3035RES200mN2615400E3485200,9.0,3.6,0.3,0.9,0.4,3.2,0.1,194285.0,393.8,0.0,3.6,0.0,0.4,0.1,0.8,1.3,0.1,1.3,1.8,1.3,1.4,0.4,21587.0
CRS3035RES200mN2615400E3490000,2.0,1.2,0.2,0.7,0.0,0.6,0.1,51415.9,112.7,0.4,0.8,0.0,0.0,0.1,0.1,0.0,0.2,0.2,0.2,0.7,0.5,0.0,25708.0
CRS3035RES200mN2615400E3491000,6.0,2.7,0.4,1.2,0.1,1.5,0.4,118439.4,280.6,0.4,2.3,0.0,0.1,0.1,0.6,0.6,0.4,0.7,0.8,0.8,1.1,0.8,19740.0
CRS3035RES200mN2615400E3491200,69.0,32.0,5.0,11.0,1.0,19.0,3.0,1304467.6,2625.0,0.0,32.0,2.0,1.0,0.0,4.0,10.0,3.0,11.0,13.0,6.0,9.0,10.0,18905.0
CRS3035RES200mN2615400E3491400,95.0,45.0,10.0,18.0,0.0,29.0,6.0,2081152.6,4086.0,0.0,45.0,11.0,4.0,1.0,4.0,4.0,9.0,13.0,14.0,18.0,17.0,11.0,21907.0
CRS3035RES200mN2615400E3491600,54.5,21.0,1.0,6.0,2.0,12.0,1.0,1378336.0,2254.0,0.0,21.0,0.0,3.0,1.0,5.0,5.5,2.0,9.0,6.0,9.0,9.0,4.0,25291.0
CRS3035RES200mN2615400E3491800,64.0,38.0,3.0,21.0,1.0,26.0,3.0,1591750.2,3639.0,0.0,38.0,0.0,1.0,1.0,1.5,4.5,2.0,8.0,11.0,15.0,13.0,7.0,24871.0
CRS3035RES200mN2615400E3492000,91.0,45.0,7.0,12.0,1.0,31.0,7.0,2174622.0,4306.0,0.0,45.0,0.0,1.0,0.0,2.0,5.5,8.5,10.0,13.0,20.0,25.0,6.0,23897.0
CRS3035RES200mN2615400E3492200,43.0,23.0,3.0,6.0,0.0,20.0,1.0,1302718.4,2426.0,0.0,23.0,0.0,0.0,1.0,0.0,0.0,2.0,2.0,7.0,5.0,21.0,5.0,30296.0
CRS3035RES200mN2615400E3492400,45.5,22.0,0.0,7.0,0.0,18.0,0.0,1135059.7,2306.0,0.0,22.0,0.0,0.0,2.5,1.0,0.0,5.0,2.0,9.0,7.0,13.0,6.0,24946.0
CRS3035RES200mN2615400E3492600,61.0,27.0,3.0,4.0,0.0,24.0,3.0,1427641.7,2625.0,1.0,26.0,0.0,2.0,0.5,2.5,2.0,2.0,10.0,3.0,8.0,26.0,5.0,23404.0
CRS3035RES200mN2615400E3492800,52.0,21.0,2.0,0.0,1.0,19.0,3.0,1328158.9,2334.0,0.0,21.0,0.0,1.0,0.0,0.0,2.0,7.0,3.0,8.0,13.0,16.0,2.0,25542.0
CRS3035RES200mN2615400E3500200,10.0,3.8,0.3,0.7,0.2,3.2,0.4,238607.9,429.2,0.0,3.8,0.0,0.6,0.2,0.7,0.5,0.3,3.0,1.9,1.4,1.2,0.2,23861.0
CRS3035RES200mN2615400E3500400,3.0,1.1,0.1,0.2,0.1,0.9,0.1,71582.4,128.7,0.0,1.1,0.0,0.2,0.1,0.2,0.1,0.1,0.9,0.6,0.4,0.3,0.1,23861.0
CRS3035RES200mN2615400E3500600,3.0,1.1,0.1,0.2,0.1,0.9,0.1,71582.4,128.7,0.0,1.1,0.0,0.2,0.1,0.2,0.1,0.1,0.9,0.6,0.4,0.3,0.1,23861.0
CRS3035RES200mN2615400E3500800,17.5,6.6,0.6,1.3,0.4,5.5,0.7,417563.9,751.0,0.0,6.6,0.0,1.1,0.4,1.2,0.8,0.6,5.3,3.3,2.4,2.0,0.4,23861.0
CRS3035RES200mN2615400E3501000,38.0,16.0,2.0,5.0,1.0,12.0,0.0,927354.7,2346.0,0.0,16.0,0.0,1.0,0.0,1.0,4.0,3.0,4.0,10.0,7.0,4.0,4.0,24404.0
CRS3035RES200mN2615400E3501200,2.0,0.7,0.1,0.1,0.1,0.5,0.1,43813.1,97.9,0.0,0.7,0.0,0.0,0.0,0.2,0.3,0.2,0.4,0.4,0.3,0.2,0.0,21907.0
CRS3035RES200mN2615400E3501400,37.5,13.0,2.3,1.7,1.7,9.8,1.7,821495.2,1834.7,0.0,13.0,0.0,0.6,0.6,3.9,5.5,2.6,7.5,7.8,5.2,3.5,0.3,21907.0
CRS3035RES200mN2615400E3501600,5.0,1.7,0.3,0.2,0.2,1.3,0.2,109532.7,244.6,0.0,1.7,0.0,0.1,0.1,0.5,0.7,0.4,1.0,1.0,0.7,0.5,0.0,21907.0
CRS3035RES200mN2615400E3503400,2.0,0.8,0.1,0.1,0.0,0.7,0.1,46594.0,99.4,0.0,0.8,0.0,0.1,0.0,0.1,0.2,0.1,0.2,0.6,0.2,0.4,0.1,23297.0
CRS3035RES200mN2615400E3503600,12.0,4.9,0.5,0.7,0.2,4.4,0.7,279563.8,596.1,0.0,4.9,0.0,0.5,0.2,0.9,1.1,0.7,0.9,3.5,1.4,2.5,0.3,23297.0
CRS3035RES200mN2615400E3503800,19.0,7.8,0.8,1.1,0.3,7.0,1.1,442642.7,943.9,0.0,7.8,0.0,0.8,0.3,1.4,1.7,1.1,1.4,5.6,2.2,3.9,0.6,23297.0
CRS3035RES200mN2615400E3504000,17.0,7.1,1.2,1.2,0.3,6.5,0.9,383146.1,871.9,0.0,7.1,0.0,0.9,0.3,1.6,0.9,0.3,4.0,2.8,2.8,2.8,0.6,22538.0
CRS3035RES200mN2615400E3504200,7.0,2.9,0.5,0.5,0.1,2.7,0.4,157766.0,359.0,0.0,2.9,0.0,0.4,0.1,0.6,0.4,0.1,1.7,1.1,1.1,1.2,0.3,22538.0
CRS3035RES200mN2615600E3465200,2.0,0.8,0.1,0.1,0.1,0.7,0.1,73094.9,106.8,0.0,0.8,0.0,0.0,0.0,0.0,0.2,0.1,0.3,0.2,0.4,0.5,0.3,36547.0
CRS3035RES200mN2615600E3465400,103.5,57.0,7.0,21.0,0.0,42.0,4.0,2756505.1,5053.0,4.0,53.0,0.0,3.0,0.0,3.0,2.5,6.0,10.0,13.0,23.0,35.0,8.0,26633.0
CRS3035RES200mN2615600E3465600,44.5,28.0,0.0,17.0,1.0,19.0,1.0,1160600.4,2262.0,5.0,23.0,0.0,0.0,0.5,1.0,1.0,5.0,4.0,10.0,5.0,12.0,6.0,26081.0
CRS3035RES200mN2615600E3465800,69.0,30.0,0.0,5.0,0.0,24.0,4.0,1680321.4,2957.0,1.0,29.0,0.0,0.0,0.0,4.0,5.5,6.5,2.0,14.0,10.0,19.0,8.0,24352.0
CRS3035RES200mN2615600E3466000,64.0,33.0,3.0,11.0,0.0,32.0,2.0,1845629.3,3421.0,2.0,31.0,0.0,0.0,0.0,1.5,6.0,1.5,2.0,13.0,7.0,28.0,5.0,28838.0
CRS3035RES200mN2615600E3466200,79.0,42.0,1.0,12.0,1.0,32.0,2.0,2574558.9,5142.0,0.0,42.0,0.0,0.0,0.0,1.0,2.0,4.0,2.0,6.0,11.0,45.0,8.0,32589.0
CRS3035RES200mN2615600E3466400,148.0,81.0,9.0,34.0,2.0,13.0,20.0,3319175.2,5225.0,67.0,14.0,40.0,3.5,3.0,9.0,10.0,12.0,30.0,37.0,16.0,18.0,7.0,22427.0
CRS3035RES200mN2615600E3466600,5.0,2.2,0.2,0.6,0.1,1.3,0.3,125459.0,213.3,0.3,1.9,0.1,0.2,0.1,0.1,0.4,0.5,1.0,0.7,0.5,1.2,0.3,25092.0
CRS3035RES200mN2615600E3467000,3.0,2.4,0.6,1.8,0.0,2.0,0.0,91770.9,319.2,0.0,2.4,0.0,0.0,0.0,0.0,0.0,0.0,0.4,0.6,0.6,0.8,0.6,30590.0
CRS3035RES200mN2615600E3468200,33.0,12.0,0.0,1.0,0.0,1.0,4.0,799350.4,1184.0,0.0,12.0,0.0,3.0,1.0,5.0,3.5,1.5,12.0,3.0,3.0,1.0,0.0,24223.0
CRS3035RES200mN2615600E3468400,19.0,8.2,1.8,2.1,0.3,7.1,0.9,513614.9,871.3,0.0,8.2,0.0,1.2,0.6,0.3,1.0,1.8,1.5,3.8,2.6,5.3,0.9,27032.0
CRS3035RES200mN2615600E3468600,28.5,13.0,1.0,3.0,1.0,11.0,1.0,812194.9,1266.0,0.0,13.0,0.0,0.0,0.0,1.0,4.5,1.0,1.0,8.0,6.0,7.0,0.0,28498.0
CRS3035RES200mN2615600E3468800,112.5,43.0,7.0,9.0,1.0,21.0,8.0,3006758.7,4787.0,0.0,43.0,2.0,3.0,4.0,13.0,15.5,4.0,17.0,26.0,10.0,19.0,1.0,26727.0
CRS3035RES200mN2615600E3471000,71.0,27.0,2.0,5.0,1.0,26.0,0.0,1914305.7,3066.0,0.0,27.0,0.0,7.0,1.0,1.0,5.0,6.0,11.0,18.0,11.0,7.0,4.0,26962.0
CRS3035RES200mN2615600E3471200,32.0,12.2,0.5,1.4,0.9,10.8,0.9,830984.4,1445.4,0.0,12.2,0.0,2.7,0.4,4.1,1.3,1.4,7.2,5.4,2.3,6.3,0.9,25968.0
CRS3035RES200mN2615600E3476600,15.0,7.6,0.8,3.3,0.3,6.0,0.0,324884.1,736.6,1.1,6.5,0.0,0.8,0.0,0.9,0.7,0.3,3.0,3.3,3.5,2.2,0.3,21659.0
CRS3035RES200mN2615600E3477600,10.0,4.8,1.2,1.6,0.4,4.4,0.0,209929.5,434.0,0.0,4.8,0.0,0.4,0.0,0.8,0.4,0.4,0.8,2.4,2.0,2.8,0.0,20993.0
CRS3035RES200mN2615600E3477800,3.0,1.4,0.4,0.5,0.1,1.3,0.0,62978.8,130.2,0.0,1.4,0.0,0.1,0.0,0.2,0.1,0.1,0.3,0.7,0.6,0.9,0.0,20993.0
CRS3035RES200mN2615600E3478000,1.0,0.4,0.1,0.1,0.1,0.3,0.0,22285.4,41.3,0.0,0.4,0.0,0.0,0.0,0.1,0.1,0.1,0.1,0.2,0.3,0.0,0.1,22285.0
CRS3035RES200mN2615600E3480000,2.0,1.0,0.2,0.2,0.0,0.9,0.1,42373.6,99.9,0.0,1.0,0.0,0.0,0.0,0.0,0.1,0.1,0.2,0.2,0.6,0.6,0.2,21187.0
CRS3035RES200mN2615600E3480200,9.0,4.3,0.9,0.8,0.0,3.9,0.3,190681.1,449.6,0.0,4.3,0.0,0.1,0.1,0.0,0.3,0.4,0.7,1.1,2.6,2.8,0.9,21187.0
CRS3035RES200mN2615600E3480400,4.0,1.9,0.4,0.4,0.0,1.7,0.1,84747.2,199.8,0.0,1.9,0.0,0.1,0.1,0.0,0.1,0.2,0.3,0.5,1.1,1.2,0.4,21187.0
CRS3035RES200mN2615600E3480600,8.0,3.8,0.8,0.7,0.0,3.5,0.2,169494.3,399.6,0.0,3.8,0.0,0.1,0.1,0.0,0.2,0.4,0.6,1.0,2.3,2.5,0.8,21187.0
CRS3035RES200mN2615600E3480800,2.0,1.0,0.2,0.2,0.0,0.9,0.1,42373.6,99.9,0.0,1.0,0.0,0.0,0.0,0.0,0.1,0.1,0.2,0.2,0.6,0.6,0.2,21187.0
CRS3035RES200mN2615600E3481000,4.0,1.9,0.4,0.4,0.0,1.7,0.1,84747.2,199.8,0.0,1.9,0.0,0.1,0.1,0.0,0.1,0.2,0.3,0.5,1.1,1.2,0.4,21187.0
CRS3035RES200mN2615600E3482000,3.0,1.3,0.1,0.3,0.0,1.2,0.2,72607.1,160.7,0.0,1.3,0.0,0.1,0.1,0.2,0.3,0.2,0.5,0.7,0.4,0.2,0.3,24202.0
CRS3035RES200mN2615600E3484400,4.0,1.4,0.2,0.2,0.1,1.3,0.1,93422.6,168.4,0.0,1.4,0.0,0.2,0.1,0.3,0.7,0.1,0.8,0.8,0.5,0.3,0.2,23356.0
CRS3035RES200mN2615600E3484600,2.0,0.7,0.1,0.1,0.1,0.6,0.0,46711.3,84.2,0.0,0.7,0.0,0.1,0.0,0.2,0.3,0.1,0.4,0.4,0.2,0.2,0.1,23356.0
CRS3035RES200mN2615600E3484800,10.0,3.5,0.4,0.6,0.3,3.2,0.2,233556.5,421.0,0.1,3.4,0.0,0.4,0.2,0.8,1.7,0.3,1.9,2.0,1.3,0.8,0.6,23356.0
CRS3035RES200mN2615600E3485000,8.0,3.2,0.2,0.8,0.3,2.9,0.1,172697.8,350.1,0.0,3.2,0.0,0.4,0.1,0.7,1.1,0.1,1.1,1.6,1.1,1.3,0.4,21587.0
CRS3035RES200mN2615600E3485200,21.0,8.4,0.6,2.1,0.9,7.5,0.3,453331.7,918.9,0.0,8.4,0.0,0.9,0.3,1.8,3.0,0.3,3.0,4.2,3.0,3.3,0.9,21587.0
CRS3035RES200mN2615600E3488200,5.0,2.0,0.2,0.6,0.3,1.7,0.1,110417.7,210.2,0.1,1.9,0.0,0.2,0.2,0.2,0.4,0.6,0.6,0.8,0.9,0.9,0.2,22084.0
CRS3035RES200mN2615600E3488400,27.0,10.9,1.1,3.4,1.7,9.2,0.6,596255.6,1135.1,0.6,10.3,0.0,1.1,1.2,1.2,2.3,3.4,3.4,4.0,4.6,4.6,1.2,22084.0
CRS3035RES200mN2615600E3490000,3.0,1.8,0.3,1.0,0.0,0.8,0.2,77123.8,169.0,0.7,1.1,0.0,0.0,0.2,0.2,0.0,0.3,0.3,0.3,1.0,0.7,0.0,25708.0
CRS3035RES200mN2615600E3490800,1.0,0.6,0.1,0.3,0.0,0.3,0.1,25707.9,56.3,0.2,0.4,0.0,0.0,0.1,0.1,0.0,0.1,0.1,0.1,0.3,0.2,0.0,25708.0
CRS3035RES200mN2615600E3491200,5.5,2.5,0.4,1.1,0.1,1.4,0.4,108569.4,257.2,0.4,2.1,0.0,0.1,0.1,0.5,0.6,0.4,0.6,0.7,0.7,1.0,0.8,19740.0
CRS3035RES200mN2615600E3491400,25.0,13.0,0.0,6.0,1.0,7.0,1.0,576388.1,1164.0,3.0,10.0,0.0,1.0,0.0,3.0,0.0,0.0,4.0,6.0,4.0,7.0,0.0,23056.0
CRS3035RES200mN2615600E3491600,47.5,20.0,8.0,7.0,2.0,2.0,9.0,941547.4,1482.0,18.0,2.0,3.0,4.0,5.0,1.5,8.0,7.0,6.0,9.0,3.0,4.0,0.0,19822.0
CRS3035RES200mN2615600E3491800,37.0,21.0,2.0,8.0,0.0,16.0,0.0,857732.9,2227.0,0.0,21.0,0.0,0.0,0.0,0.0,1.0,0.0,0.0,6.0,3.0,22.0,5.0,23182.0
CRS3035RES200mN2615600E3492000,80.0,45.0,2.0,24.0,2.0,39.0,3.0,1818892.8,4113.0,0.0,45.0,0.0,1.0,0.0,5.0,7.0,2.0,8.0,11.0,10.0,23.0,13.0,22736.0
CRS3035RES200mN2615600E3492200,42.0,21.0,1.0,8.0,0.0,19.0,2.0,1043549.2,2268.0,0.0,21.0,0.0,3.0,1.0,1.0,0.0,1.0,10.0,2.0,5.0,10.0,9.0,24846.0
CRS3035RES200mN2615600E3492400,47.0,30.0,5.0,16.0,0.0,21.0,2.0,1148099.3,2441.0,0.0,30.0,6.0,0.0,0.0,0.0,1.0,3.0,3.0,5.0,7.0,18.0,10.0,24428.0
CRS3035RES200mN2615600E3492600,47.0,24.0,1.0,8.0,0.0,22.0,3.0,1106380.5,2470.0,0.0,24.0,0.0,1.5,1.0,3.0,3.5,2.0,8.0,7.0,5.0,13.0,3.0,23540.0
CRS3035RES200mN2615600E3492800,88.0,48.0,11.0,19.0,0.0,15.0,8.0,1643905.5,3725.0,0.0,48.0,31.0,2.0,2.0,4.0,9.0,2.0,6.0,6.0,20.0,31.0,6.0,18681.0
CRS3035RES200mN2615600E3493000,137.5,73.0,13.0,35.0,2.0,13.0,9.0,2941496.0,5062.0,26.0,47.0,14.0,6.5,4.0,4.5,6.5,10.0,25.0,33.0,22.0,23.0,3.0,21393.0
CRS3035RES200mN2615600E3493200,17.0,11.0,4.0,5.0,0.0,1.0,3.0,301533.8,877.0,0.0,11.0,10.0,0.0,0.0,0.0,0.0,1.0,1.0,5.0,3.0,4.0,3.0,17737.0
CRS3035RES200mN2615600E3500600,3.0,1.1,0.1,0.2,0.1,0.9,0.1,71582.4,128.7,0.0,1.1,0.0,0.2,0.1,0.2,0.1,0.1,0.9,0.6,0.4,0.3,0.1,23861.0
CRS3035RES200mN2615600E3500800,2.5,0.9,0.1,0.2,0.1,0.8,0.1,59652.0,107.3,0.0,0.9,0.0,0.2,0.0,0.2,0.1,0.1,0.8,0.5,0.3,0.3,0.0,23861.0
CRS3035RES200mN2615600E3501000,6.0,2.1,0.4,0.3,0.3,1.6,0.3,131439.2,293.6,0.0,2.1,0.0,0.1,0.1,0.6,0.9,0.4,1.2,1.3,0.8,0.6,0.0,21907.0
CRS3035RES200mN2615600E3501200,35.0,20.0,5.0,12.0,0.0,13.0,0.0,741079.1,2062.0,2.0,18.0,0.0,1.0,1.0,2.0,2.0,1.0,6.0,9.0,4.0,5.0,4.0,21174.0
CRS3035RES200mN2615600E3501400,30.0,10.4,1.9,1.4,1.4,7.9,1.4,657196.2,1467.8,0.0,10.4,0.0,0.5,0.5,3.1,4.4,2.1,6.0,6.2,4.2,2.8,0.2,21907.0
CRS3035RES200mN2615600E3501600,5.0,1.7,0.3,0.2,0.2,1.3,0.2,109532.7,244.6,0.0,1.7,0.0,0.1,0.1,0.5,0.7,0.4,1.0,1.0,0.7,0.5,0.0,21907.0
CRS3035RES200mN2615600E3503800,3.0,1.2,0.1,0.2,0.0,1.1,0.2,69891.0,149.0,0.0,1.2,0.0,0.1,0.0,0.2,0.3,0.2,0.2,0.9,0.4,0.6,0.1,23297.0
CRS3035RES200mN2615600E3504000,19.0,7.9,1.4,1.4,0.3,7.3,1.0,428222.1,974.5,0.0,7.9,0.0,1.0,0.4,1.7,1.0,0.4,4.5,3.1,3.1,3.1,0.7,22538.0
CRS3035RES200mN2615800E3465200,25.0,10.2,1.9,1.9,0.9,9.3,0.9,913686.5,1335.2,0.0,10.2,0.0,0.0,0.0,0.0,2.8,0.9,3.7,2.8,4.6,6.5,3.7,36547.0
CRS3035RES200mN2615800E3465400,63.5,36.0,3.0,14.0,0.0,25.0,3.0,1941407.8,3186.0,5.0,31.0,0.0,1.0,0.0,1.0,1.5,3.0,8.0,11.0,8.0,18.0,12.0,30573.0
CRS3035RES200mN2615800E3465600,97.0,45.0,2.0,12.0,2.0,41.0,8.0,2546086.0,3885.0,0.0,45.0,0.0,1.0,1.0,8.5,10.5,1.0,8.0,20.0,7.0,21.0,19.0,26248.0
CRS3035RES200mN2615800E3465800,62.0,27.0,3.0,6.0,1.0,26.0,3.0,1402158.4,2471.0,0.0,27.0,0.0,1.0,2.0,5.0,6.0,1.0,5.0,10.0,3.0,17.0,12.0,22615.0
CRS3035RES200mN2615800E3466000,77.0,35.0,1.0,7.0,2.0,34.0,1.0,2120575.9,3694.0,0.0,35.0,0.0,1.0,2.0,1.0,2.0,6.0,6.0,9.0,4.0,35.0,11.0,27540.0
CRS3035RES200mN2615800E3466200,82.5,52.0,9.0,30.0,0.0,35.0,5.0,2035805.8,3627.0,0.0,52.0,0.0,2.0,0.0,2.0,4.5,8.0,8.0,10.0,12.0,23.0,13.0,24676.0
CRS3035RES200mN2615800E3466400,25.0,11.1,1.2,3.2,0.3,6.4,1.5,627295.2,1066.4,1.7,9.4,0.3,0.9,0.6,0.4,2.1,2.3,5.0,3.5,2.6,6.1,1.5,25092.0
CRS3035RES200mN2615800E3466600,8.5,3.8,0.4,1.1,0.1,2.2,0.5,213280.4,362.6,0.6,3.2,0.1,0.3,0.2,0.1,0.7,0.8,1.7,1.2,0.9,2.1,0.5,25092.0
CRS3035RES200mN2615800E3466800,18.0,8.0,0.8,2.3,0.2,4.6,1.1,451652.5,767.8,1.3,6.7,0.2,0.6,0.4,0.3,1.5,1.7,3.6,2.5,1.9,4.4,1.1,25092.0
CRS3035RES200mN2615800E3467000,7.0,5.6,1.4,4.2,0.0,4.7,0.0,214132.1,744.8,0.0,5.6,0.0,0.0,0.0,0.0,0.0,0.0,0.9,1.4,1.4,1.9,1.4,30590.0
CRS3035RES200mN2615800E3467200,3.0,2.4,0.6,1.8,0.0,2.0,0.0,91770.9,319.2,0.0,2.4,0.0,0.0,0.0,0.0,0.0,0.0,0.4,0.6,0.6,0.8,0.6,30590.0
CRS3035RES200mN2615800E3467400,2.0,1.6,0.4,1.2,0.0,1.3,0.0,61180.6,212.8,0.0,1.6,0.0,0.0,0.0,0.0,0.0,0.0,0.3,0.4,0.4,0.5,0.4,30590.0
CRS3035RES200mN2615800E3468800,15.0,6.5,1.4,1.6,0.2,5.6,0.7,405485.5,687.9,0.0,6.5,0.0,0.9,0.5,0.2,0.8,1.4,1.2,3.0,2.1,4.2,0.7,27032.0
CRS3035RES200mN2615800E3471400,1.0,0.4,0.0,0.0,0.0,0.3,0.0,25968.3,45.2,0.0,0.4,0.0,0.1,0.0,0.1,0.0,0.1,0.2,0.2,0.1,0.2,0.0,25968.0
CRS3035RES200mN2615800E3474400,7.0,3.1,1.1,1.1,0.0,2.0,0.6,152028.6,333.8,0.0,3.1,0.0,0.5,0.3,0.3,0.0,1.1,1.1,1.7,0.6,0.8,0.6,21718.0
CRS3035RES200mN2615800E3475800,4.0,1.8,0.6,0.6,0.0,1.1,0.3,86873.5,190.7,0.0,1.8,0.0,0.3,0.2,0.2,0.0,0.6,0.6,1.0,0.3,0.5,0.3,21718.0
CRS3035RES200mN2615800E3476000,44.0,23.0,1.0,8.0,0.0,19.0,4.0,939792.1,1953.0,0.0,23.0,0.0,2.0,1.0,2.0,2.0,1.0,7.0,5.0,7.0,10.0,7.0,21359.0
CRS3035RES200mN2615800E3476200,7.5,3.8,0.4,1.6,0.1,3.0,0.0,162442.0,368.3,0.5,3.3,0.0,0.4,0.0,0.5,0.4,0.1,1.5,1.6,1.8,1.1,0.1,21659.0
CRS3035RES200mN2615800E3476400,38.5,18.0,4.0,7.0,1.0,13.0,3.0,778913.0,1582.0,3.0,15.0,0.0,0.0,3.0,2.0,5.5,2.0,5.0,9.0,7.0,5.0,0.0,20232.0
CRS3035RES200mN2615800E3476600,49.0,20.0,2.0,4.0,1.0,16.0,1.0,1093169.2,1900.0,0.0,20.0,0.0,2.0,1.0,1.0,6.0,4.0,9.0,11.0,5.0,9.0,1.0,22310.0
CRS3035RES200mN2615800E3479400,15.0,5.7,0.9,1.3,0.9,4.9,0.0,334280.4,619.4,0.0,5.7,0.0,0.0,0.0,1.5,2.0,0.9,1.8,3.5,4.0,0.4,0.9,22285.0
CRS3035RES200mN2615800E3479600,31.0,13.0,0.0,3.0,1.0,13.0,0.0,838923.9,1583.0,0.0,13.0,0.0,3.0,0.0,0.0,1.0,2.0,9.0,4.0,9.0,3.0,0.0,27062.0
CRS3035RES200mN2615800E3479800,8.0,3.1,0.5,0.7,0.5,2.6,0.0,178282.9,330.4,0.0,3.1,0.0,0.0,0.0,0.8,1.1,0.5,0.9,1.9,2.1,0.2,0.5,22285.0
CRS3035RES200mN2615800E3480000,6.0,2.9,0.6,0.5,0.0,2.6,0.2,127120.7,299.7,0.0,2.9,0.0,0.1,0.1,0.0,0.2,0.3,0.4,0.7,1.7,1.9,0.6,21187.0
CRS3035RES200mN2615800E3480200,4.0,1.9,0.4,0.4,0.0,1.7,0.1,84747.2,199.8,0.0,1.9,0.0,0.1,0.1,0.0,0.1,0.2,0.3,0.5,1.1,1.2,0.4,21187.0
CRS3035RES200mN2615800E3480400,4.0,1.9,0.4,0.4,0.0,1.7,0.1,84747.2,199.8,0.0,1.9,0.0,0.1,0.1,0.0,0.1,0.2,0.3,0.5,1.1,1.2,0.4,21187.0
CRS3035RES200mN2615800E3480800,4.0,1.9,0.4,0.4,0.0,1.7,0.1,84747.2,199.8,0.0,1.9,0.0,0.1,0.1,0.0,0.1,0.2,0.3,0.5,1.1,1.2,0.4,21187.0
CRS3035RES200mN2615800E3481000,6.0,2.9,0.6,0.5,0.0,2.6,0.2,127120.7,299.7,0.0,2.9,0.0,0.1,0.1,0.0,0.2,0.3,0.4,0.7,1.7,1.9,0.6,21187.0
CRS3035RES200mN2615800E3481400,2.0,1.0,0.2,0.2,0.0,0.9,0.1,42373.6,99.9,0.0,1.0,0.0,0.0,0.0,0.0,0.1,0.1,0.2,0.2,0.6,0.6,0.2,21187.0
CRS3035RES200mN2615800E3481800,2.0,1.0,0.2,0.2,0.0,0.9,0.1,42373.6,99.9,0.0,1.0,0.0,0.0,0.0,0.0,0.1,0.1,0.2,0.2,0.6,0.6,0.2,21187.0
CRS3035RES200mN2615800E3485200,25.0,11.0,1.0,4.0,1.0,11.0,1.0,618731.6,1099.0,0.0,11.0,0.0,1.0,0.0,2.0,4.0,2.0,1.0,7.0,0.0,5.0,3.0,24749.0
CRS3035RES200mN2615800E3488000,2.0,0.8,0.1,0.3,0.1,0.7,0.0,44167.1,84.1,0.0,0.8,0.0,0.1,0.1,0.1,0.2,0.2,0.3,0.3,0.3,0.3,0.1,22084.0
CRS3035RES200mN2615800E3488400,3.0,1.2,0.1,0.4,0.2,1.0,0.1,66250.6,126.1,0.1,1.1,0.0,0.1,0.1,0.1,0.3,0.4,0.4,0.5,0.5,0.5,0.1,22084.0
CRS3035RES200mN2615800E3489800,5.0,2.0,0.2,0.6,0.3,1.7,0.1,110417.7,210.2,0.1,1.9,0.0,0.2,0.2,0.2,0.4,0.6,0.6,0.8,0.9,0.9,0.2,22084.0
CRS3035RES200mN2615800E3491400,5.0,2.2,0.3,1.0,0.1,1.2,0.3,98699.5,233.8,0.3,1.9,0.0,0.1,0.1,0.4,0.5,0.3,0.6,0.7,0.7,0.9,0.7,19740.0
CRS3035RES200mN2615800E3491600,11.0,4.9,0.7,2.2,0.2,2.7,0.7,217138.8,514.4,0.7,4.2,0.0,0.2,0.3,1.0,1.1,0.7,1.2,1.5,1.5,2.0,1.5,19740.0
CRS3035RES200mN2615800E3492000,5.0,2.2,0.2,0.5,0.2,1.6,0.3,141728.6,282.3,0.3,1.9,0.0,0.3,0.1,0.2,0.0,0.3,1.6,0.6,0.8,0.8,0.3,28346.0
CRS3035RES200mN2615800E3492200,7.0,3.1,0.2,0.7,0.2,2.2,0.4,198420.0,395.3,0.5,2.6,0.0,0.4,0.2,0.2,0.0,0.4,2.2,0.9,1.1,1.1,0.5,28346.0
CRS3035RES200mN2615800E3492400,52.0,28.0,3.0,12.0,0.0,23.0,2.0,1158992.4,2799.0,0.0,28.0,0.0,1.0,1.0,2.0,3.0,1.0,6.0,9.0,6.0,13.0,10.0,22288.0
CRS3035RES200mN2615800E3492600,69.5,31.0,4.0,9.0,0.0,24.0,2.0,1532442.0,2935.0,0.0,31.0,0.0,4.0,0.0,2.0,8.0,4.5,7.0,13.0,8.0,17.0,6.0,22050.0
CRS3035RES200mN2615800E3492800,39.0,14.0,0.0,1.0,0.0,8.0,1.0,999820.4,1325.0,0.0,14.0,0.0,2.0,0.0,3.0,3.0,4.0,4.0,8.0,8.0,6.0,1.0,25636.0
CRS3035RES200mN2615800E3493000,88.5,44.0,7.0,16.0,0.0,14.0,7.0,1758247.4,3579.0,0.0,44.0,22.0,1.0,1.0,6.5,8.5,5.5,10.0,25.0,11.0,16.0,4.0,19867.0
CRS3035RES200mN2615800E3493200,13.0,5.9,2.0,2.8,0.0,2.4,0.8,221553.3,462.1,0.0,5.9,3.5,0.4,0.8,0.8,1.6,0.8,2.3,2.7,2.0,0.8,0.8,17043.0
CRS3035RES200mN2615800E3496400,5.0,3.0,0.2,1.2,0.0,2.3,0.2,145550.4,352.0,0.0,3.0,0.0,0.0,0.0,0.3,0.0,0.2,0.0,2.0,1.4,1.1,0.0,29110.0
CRS3035RES200mN2615800E3500600,3.0,1.1,0.1,0.2,0.1,0.9,0.1,71582.4,128.7,0.0,1.1,0.0,0.2,0.1,0.2,0.1,0.1,0.9,0.6,0.4,0.3,0.1,23861.0
CRS3035RES200mN2615800E3500800,17.0,6.4,0.5,1.3,0.4,5.4,0.7,405633.5,729.6,0.0,6.4,0.0,1.1,0.3,1.2,0.8,0.5,5.2,3.2,2.3,2.0,0.4,23861.0
CRS3035RES200mN2615800E3501000,13.0,4.5,0.8,0.6,0.6,3.4,0.6,284785.0,636.0,0.0,4.5,0.0,0.2,0.2,1.4,1.9,0.9,2.6,2.7,1.8,1.2,0.1,21907.0
CRS3035RES200mN2615800E3501200,27.0,12.0,2.0,4.0,1.0,11.0,2.0,517182.4,1202.0,0.0,12.0,0.0,0.0,0.0,2.0,5.0,2.0,4.0,6.0,4.0,3.0,1.0,19155.0
CRS3035RES200mN2615800E3501400,20.0,6.9,1.2,0.9,0.9,5.3,0.9,438130.8,978.5,0.0,6.9,0.0,0.3,0.3,2.1,2.9,1.4,4.0,4.2,2.8,1.8,0.2,21907.0
CRS3035RES200mN2615800E3501600,19.5,11.0,1.0,4.0,0.0,10.0,2.0,420076.8,1352.0,0.0,11.0,0.0,1.0,0.0,0.5,1.0,0.0,4.0,2.0,2.0,6.0,3.0,21542.0
CRS3035RES200mN2616000E3465200,40.0,23.0,4.0,12.0,1.0,16.0,0.0,1108438.6,2049.0,1.0,22.0,0.0,0.0,0.0,3.0,0.0,2.0,3.0,6.0,3.0,18.0,5.0,27711.0
CRS3035RES200mN2616000E3465400,123.0,64.0,6.0,26.0,0.0,39.0,6.0,3245142.4,5174.0,6.0,58.0,0.0,3.0,1.0,4.5,7.5,9.0,13.0,21.0,12.0,41.0,11.0,26383.0
CRS3035RES200mN2616000E3465600,114.0,44.0,4.0,11.0,6.0,36.0,4.0,2823275.8,4038.0,0.0,44.0,0.0,2.0,2.0,7.5,12.5,9.0,11.0,22.0,9.0,22.0,17.0,24766.0
CRS3035RES200mN2616000E3465800,50.0,26.0,0.0,10.0,0.0,25.0,1.0,1512595.1,2658.0,0.0,26.0,0.0,0.0,0.0,2.5,1.5,6.0,2.0,11.0,7.0,15.0,5.0,30252.0
CRS3035RES200mN2616000E3466000,6.0,2.8,0.2,0.5,0.0,2.6,0.3,162628.4,286.9,0.0,2.8,0.0,0.0,0.2,0.2,0.0,0.5,0.3,0.8,0.3,3.1,0.6,27105.0
CRS3035RES200mN2616000E3466200,10.0,4.6,0.3,0.8,0.0,4.3,0.5,271047.3,478.1,0.0,4.6,0.0,0.0,0.3,0.3,0.0,0.8,0.5,1.4,0.5,5.1,1.1,27105.0
CRS3035RES200mN2616000E3466800,77.0,37.0,2.0,12.0,1.0,30.0,3.0,2005098.4,3718.0,0.0,37.0,0.0,1.0,0.0,1.0,3.0,10.0,4.0,17.0,12.0,17.0,12.0,26040.0
CRS3035RES200mN2616000E3467000,62.0,26.0,5.0,7.0,1.0,12.0,6.0,1388878.4,2161.0,6.0,20.0,0.0,1.0,0.0,2.0,9.0,12.0,5.0,15.0,7.0,7.0,4.0,22401.0
CRS3035RES200mN2616000E3467200,34.0,13.0,1.0,0.0,0.0,11.0,2.0,976746.0,1554.0,0.0,13.0,0.0,0.0,0.0,3.0,2.0,4.0,6.0,3.0,4.0,11.0,1.0,28728.0
CRS3035RES200mN2616000E3467400,19.0,7.9,0.3,2.2,0.6,7.5,0.3,574611.5,906.3,0.3,7.6,0.0,0.3,0.0,0.3,0.8,2.2,1.6,2.8,5.3,3.5,2.2,30243.0
CRS3035RES200mN2616000E3468000,8.0,3.7,0.2,1.1,0.5,1.8,0.7,204344.2,323.2,1.8,1.9,0.0,0.5,0.0,0.6,1.3,0.2,1.6,2.0,0.7,1.1,0.0,25543.0
CRS3035RES200mN2616000E3468200,44.5,16.0,2.0,2.0,2.0,14.0,2.0,1103904.8,1690.0,0.0,16.0,0.0,0.0,0.0,2.5,6.0,4.0,4.0,8.0,9.0,10.0,1.0,24807.0
CRS3035RES200mN2616000E3469000,2.0,1.0,0.1,0.3,0.0,0.8,0.1,58335.7,125.1,0.0,1.0,0.0,0.0,0.0,0.2,0.2,0.0,0.3,0.6,0.2,0.2,0.3,29168.0
CRS3035RES200mN2616000E3475800,4.0,1.9,0.7,0.5,0.0,1.4,0.2,74539.0,206.4,0.2,1.7,0.0,0.0,0.0,0.0,0.3,0.3,0.2,1.2,0.2,1.4,0.4,18635.0
CRS3035RES200mN2616000E3476000,48.0,22.0,5.0,8.0,1.0,19.0,2.0,986190.3,2315.0,0.0,22.0,0.0,2.0,2.0,3.0,6.0,1.0,6.0,11.0,7.0,7.0,3.0,20546.0
CRS3035RES200mN2616000E3476400,13.0,6.2,1.8,2.4,0.3,5.3,0.6,310905.1,677.8,0.0,6.2,0.0,0.0,0.0,0.3,1.8,0.9,0.6,3.8,2.6,2.1,0.9,23916.0
CRS3035RES200mN2616000E3476600,37.0,16.0,1.0,3.0,1.0,15.0,3.0,717575.7,1619.0,0.0,16.0,0.0,2.0,1.0,2.0,4.0,0.0,6.0,4.0,9.0,8.0,1.0,19394.0
CRS3035RES200mN2616000E3479400,29.0,12.0,2.0,3.0,1.0,9.0,2.0,588714.3,1179.0,2.0,10.0,0.0,1.0,0.0,2.0,5.0,2.0,1.0,8.0,1.0,7.0,2.0,20300.0
CRS3035RES200mN2616000E3479600,143.0,57.0,10.0,15.0,4.0,41.0,8.0,3084387.1,5838.0,0.0,57.0,0.0,13.0,7.0,12.0,12.0,7.0,37.0,21.0,15.0,17.0,2.0,21569.0
CRS3035RES200mN2616000E3479800,75.0,29.0,2.0,6.0,3.0,26.0,1.0,1710356.8,3176.0,0.0,29.0,0.0,6.0,5.0,6.0,4.0,3.0,20.0,12.0,8.0,9.0,2.0,22805.0
CRS3035RES200mN2616000E3480000,10.0,3.4,0.1,0.3,0.1,3.0,0.3,239170.4,419.7,0.0,3.4,0.0,0.3,0.1,0.8,1.6,1.0,1.8,2.8,1.2,0.3,0.1,23917.0
CRS3035RES200mN2616000E3481000,52.5,20.0,2.0,6.0,2.0,14.0,0.0,1226890.4,2293.0,0.0,20.0,0.0,3.0,2.0,3.5,6.0,4.0,13.0,9.0,5.0,2.0,5.0,23369.0
CRS3035RES200mN2616000E3481200,15.5,6.6,1.3,1.6,0.3,5.7,1.3,383349.2,941.7,0.0,6.6,0.0,0.0,0.3,0.9,1.6,1.0,2.5,3.5,1.0,4.4,0.3,24732.0
CRS3035RES200mN2616000E3484600,1.0,0.5,0.1,0.2,0.0,0.4,0.0,23758.7,48.0,0.0,0.5,0.0,0.0,0.0,0.0,0.0,0.1,0.2,0.2,0.3,0.1,0.1,23759.0
CRS3035RES200mN2616000E3484800,9.0,4.3,0.5,1.8,0.3,3.8,0.0,213828.7,432.0,0.0,4.3,0.0,0.0,0.2,0.1,0.3,0.8,1.5,1.8,2.8,1.0,0.5,23759.0
CRS3035RES200mN2616000E3485000,21.0,9.3,2.2,2.6,0.4,7.4,0.4,440683.1,895.4,0.7,8.6,0.0,0.7,0.4,0.9,1.5,1.9,3.3,4.5,3.0,3.7,1.1,20985.0
CRS3035RES200mN2616000E3485200,11.5,5.1,1.2,1.4,0.2,4.1,0.2,241326.4,490.3,0.4,4.7,0.0,0.4,0.2,0.5,0.8,1.0,1.8,2.5,1.6,2.1,0.6,20985.0
CRS3035RES200mN2616000E3488800,2.0,0.8,0.1,0.2,0.1,0.5,0.1,45697.9,97.5,0.0,0.8,0.0,0.2,0.0,0.0,0.1,0.1,0.4,0.3,0.5,0.3,0.1,22849.0
CRS3035RES200mN2616000E3489200,1.0,0.4,0.0,0.1,0.0,0.4,0.1,22927.4,44.3,0.0,0.4,0.0,0.0,0.0,0.1,0.2,0.1,0.1,0.3,0.1,0.1,0.0,22927.0
CRS3035RES200mN2616000E3489400,3.5,1.4,0.1,0.4,0.1,1.4,0.2,80245.8,155.0,0.0,1.4,0.0,0.0,0.1,0.4,0.5,0.2,0.4,1.0,0.4,0.4,0.1,22927.0
CRS3035RES200mN2616000E3489800,36.5,14.9,1.3,4.5,0.6,14.2,1.9,836848.9,1616.3,0.0,14.9,0.0,0.0,0.6,3.9,5.5,2.6,3.9,10.3,3.9,4.5,1.3,22927.0
CRS3035RES200mN2616000E3490000,2.0,0.8,0.1,0.2,0.1,0.5,0.1,45697.9,97.5,0.0,0.8,0.0,0.2,0.0,0.0,0.1,0.1,0.4,0.3,0.5,0.3,0.1,22849.0
CRS3035RES200mN2616000E3491000,2.0,0.8,0.1,0.2,0.1,0.5,0.1,45697.9,97.5,0.0,0.8,0.0,0.2,0.0,0.0,0.1,0.1,0.4,0.3,0.5,0.3,0.1,22849.0
CRS3035RES200mN2616000E3492400,4.0,1.5,0.2,0.4,0.2,1.2,0.0,101693.4,172.0,0.1,1.4,0.0,0.2,0.2,0.1,0.4,0.4,0.6,0.5,0.5,0.8,0.3,25423.0
CRS3035RES200mN2616000E3493200,30.0,14.0,2.0,3.0,1.0,8.0,1.0,613494.3,1116.0,0.0,14.0,5.0,0.0,1.0,1.0,4.0,0.0,1.0,11.0,3.0,6.0,3.0,20450.0
CRS3035RES200mN2616000E3495600,3.0,1.4,0.0,0.5,0.0,1.1,0.2,65534.2,173.3,0.0,1.4,0.0,0.0,0.0,0.0,0.6,0.5,0.2,0.8,0.2,0.6,0.1,21845.0
CRS3035RES200mN2616000E3496400,5.0,2.3,0.2,0.8,0.2,2.0,0.3,100903.4,264.0,0.0,2.3,0.0,0.2,0.0,0.1,0.5,0.4,0.8,0.8,0.6,1.0,0.6,20181.0
CRS3035RES200mN2616000E3501000,4.0,1.6,0.4,0.3,0.1,1.3,0.2,97820.0,214.4,0.1,1.5,0.0,0.2,0.2,0.3,0.3,0.2,0.8,0.6,0.3,1.0,0.1,24455.0
CRS3035RES200mN2616000E3501200,31.0,14.0,3.0,4.0,0.0,11.0,2.0,736907.9,1407.0,0.0,14.0,0.0,3.0,1.0,0.0,2.0,4.0,5.0,4.0,4.0,5.0,3.0,23771.0
CRS3035RES200mN2616000E3501400,13.0,5.3,1.2,0.9,0.3,4.4,0.6,317915.0,696.7,0.3,5.0,0.0,0.7,0.9,0.9,0.9,0.6,2.6,2.0,0.9,3.2,0.3,24455.0
CRS3035RES200mN2616000E3501600,10.0,4.0,0.9,0.7,0.2,3.4,0.4,244550.0,536.0,0.2,3.8,0.0,0.5,0.7,0.7,0.7,0.4,2.0,1.6,0.7,2.5,0.2,24455.0
CRS3035RES200mN2616000E3504000,2.0,0.7,0.1,0.1,0.0,0.7,0.1,45315.8,91.8,0.0,0.7,0.0,0.0,0.1,0.3,0.2,0.1,0.2,0.5,0.2,0.4,0.0,22658.0
CRS3035RES200mN2616200E3465200,5.0,2.2,0.0,0.8,0.3,1.5,0.1,170949.8,224.6,0.4,1.8,0.0,0.1,0.3,0.2,0.4,0.3,0.3,0.8,0.8,1.7,0.1,34190.0
CRS3035RES200mN2616200E3465400,37.0,18.0,2.0,4.0,0.0,16.0,3.0,1118618.2,1749.0,0.0,18.0,0.0,2.0,1.0,3.0,2.0,0.0,7.0,6.0,4.0,9.0,3.0,30233.0
CRS3035RES200mN2616200E3465600,65.5,33.0,5.0,12.0,1.0,23.0,3.0,1727066.6,3151.0,3.0,30.0,0.0,2.0,0.0,1.0,4.5,8.0,5.0,12.0,7.0,20.0,6.0,26367.0
CRS3035RES200mN2616200E3466800,14.0,6.4,0.4,1.1,0.0,6.1,0.8,379466.2,669.4,0.0,6.4,0.0,0.0,0.4,0.4,0.0,1.1,0.7,1.9,0.8,7.2,1.5,27105.0
CRS3035RES200mN2616200E3467000,11.0,4.5,0.2,1.3,0.4,4.4,0.2,332669.8,524.7,0.2,4.3,0.0,0.2,0.0,0.2,0.4,1.3,0.9,1.6,3.1,2.0,1.3,30243.0
CRS3035RES200mN2616200E3467200,7.5,3.1,0.1,0.9,0.2,3.0,0.1,226820.3,357.8,0.1,3.0,0.0,0.1,0.0,0.1,0.3,0.9,0.6,1.1,2.1,1.4,0.9,30243.0
CRS3035RES200mN2616200E3467400,15.0,6.2,0.2,1.7,0.5,6.0,0.2,453640.6,715.5,0.2,6.0,0.0,0.3,0.0,0.3,0.6,1.7,1.3,2.2,4.2,2.7,1.7,30243.0
CRS3035RES200mN2616200E3467600,16.0,11.0,0.0,7.0,0.0,4.0,1.0,387042.2,830.0,1.0,10.0,0.0,0.0,0.0,0.0,1.0,0.0,2.0,5.0,2.0,5.0,1.0,24190.0
CRS3035RES200mN2616200E3467800,7.0,2.9,0.1,0.8,0.2,2.8,0.1,211699.0,333.9,0.1,2.8,0.0,0.1,0.0,0.1,0.3,0.8,0.6,1.0,2.0,1.3,0.8,30243.0
CRS3035RES200mN2616200E3468000,50.0,18.0,0.0,6.0,4.0,17.0,2.0,1326099.9,2335.0,0.0,18.0,0.0,0.0,3.0,4.0,6.0,5.0,2.0,13.0,6.0,10.0,1.0,26522.0
CRS3035RES200mN2616200E3468200,63.0,33.0,5.0,14.0,0.0,30.0,2.0,1539581.7,3084.0,0.0,33.0,0.0,3.0,0.0,4.0,2.0,2.0,12.0,13.0,7.0,19.0,1.0,24438.0
CRS3035RES200mN2616200E3468400,6.0,2.7,0.2,0.9,0.3,1.4,0.5,153258.1,242.4,1.3,1.4,0.0,0.3,0.0,0.4,0.9,0.2,1.2,1.6,0.5,0.9,0.0,25543.0
CRS3035RES200mN2616200E3469000,3.0,1.5,0.1,0.5,0.0,1.2,0.1,87503.5,187.6,0.0,1.5,0.0,0.0,0.0,0.2,0.2,0.0,0.5,0.9,0.4,0.3,0.5,29168.0
CRS3035RES200mN2616200E3476000,2.0,1.0,0.3,0.4,0.0,0.8,0.1,47831.6,104.3,0.0,1.0,0.0,0.0,0.0,0.1,0.3,0.1,0.1,0.6,0.4,0.3,0.1,23916.0
CRS3035RES200mN2616200E3476200,7.0,3.3,1.0,1.3,0.2,2.9,0.3,167410.4,365.0,0.0,3.3,0.0,0.0,0.0,0.2,0.9,0.5,0.3,2.1,1.4,1.1,0.5,23916.0
CRS3035RES200mN2616200E3476400,4.0,1.9,0.5,0.7,0.1,1.6,0.2,95663.1,208.5,0.0,1.9,0.0,0.0,0.0,0.1,0.5,0.3,0.2,1.2,0.8,0.6,0.3,23916.0
CRS3035RES200mN2616200E3479400,5.0,3.0,0.2,1.8,0.2,1.6,0.2,116966.3,275.9,0.5,2.5,0.0,0.2,0.0,0.5,0.5,0.0,1.1,1.1,0.5,1.1,0.0,23393.0
CRS3035RES200mN2616200E3479600,56.0,20.0,3.0,5.0,2.0,17.0,1.0,1216273.0,2037.0,0.0,20.0,0.0,3.0,0.0,2.0,7.0,8.0,9.0,20.0,4.0,2.0,1.0,21719.0
CRS3035RES200mN2616200E3479800,47.5,18.0,3.0,3.0,0.0,18.0,2.0,1102785.7,1963.0,0.0,18.0,0.0,1.0,1.0,4.0,5.5,4.0,6.0,16.0,4.0,6.0,0.0,23217.0
CRS3035RES200mN2616200E3480000,4.0,1.4,0.1,0.1,0.1,1.2,0.1,95668.2,167.9,0.0,1.4,0.0,0.1,0.0,0.3,0.7,0.4,0.7,1.1,0.5,0.1,0.1,23917.0
CRS3035RES200mN2616200E3480400,41.0,16.0,0.0,5.0,1.0,15.0,0.0,1041635.4,1691.0,0.0,16.0,0.0,0.0,1.0,3.0,4.0,2.0,3.0,15.0,6.0,7.0,0.0,25406.0
CRS3035RES200mN2616200E3480600,30.0,11.0,1.0,1.0,0.0,8.0,1.0,621118.3,1112.0,0.0,11.0,0.0,0.0,2.0,0.0,2.0,6.0,1.0,10.0,2.0,6.0,1.0,20704.0
CRS3035RES200mN2616200E3480800,23.0,7.9,0.3,0.6,0.3,7.0,0.6,550091.9,965.4,0.0,7.9,0.0,0.6,0.3,1.8,3.8,2.2,4.1,6.4,2.9,0.6,0.3,23917.0
CRS3035RES200mN2616200E3481000,87.5,38.0,4.0,10.0,0.0,27.0,7.0,2170310.4,3920.0,0.0,38.0,0.0,1.0,3.5,11.5,6.5,4.0,24.0,20.0,9.0,4.0,4.0,24804.0
CRS3035RES200mN2616200E3481200,27.0,11.0,3.0,1.0,1.0,7.0,1.0,543970.4,1264.0,0.0,11.0,0.0,1.0,0.0,1.0,1.0,2.0,3.0,4.0,5.0,7.0,3.0,20147.0
CRS3035RES200mN2616200E3481400,2.0,0.9,0.2,0.2,0.0,0.7,0.2,49464.4,121.5,0.0,0.9,0.0,0.0,0.0,0.1,0.2,0.1,0.3,0.5,0.1,0.6,0.1,24732.0
CRS3035RES200mN2616200E3484800,15.5,7.4,0.9,3.1,0.4,6.5,0.0,368260.5,744.0,0.0,7.4,0.0,0.0,0.4,0.2,0.4,1.3,2.6,3.1,4.8,1.8,0.9,23759.0
CRS3035RES200mN2616200E3485000,58.5,26.0,1.0,8.0,0.0,22.0,4.0,1343689.0,2508.0,1.0,25.0,0.0,1.5,1.0,8.0,6.0,2.0,8.0,19.0,8.0,5.0,0.0,22969.0
CRS3035RES200mN2616200E3485200,8.0,3.5,0.8,1.0,0.1,2.8,0.1,167879.3,341.1,0.3,3.2,0.0,0.3,0.1,0.4,0.6,0.7,1.3,1.7,1.1,1.4,0.4,20985.0
CRS3035RES200mN2616200E3488200,5.0,1.9,0.2,0.5,0.4,1.3,0.2,114244.6,243.7,0.0,1.9,0.0,0.4,0.1,0.1,0.2,0.4,0.9,0.7,1.2,0.8,0.2,22849.0
CRS3035RES200mN2616200E3489800,14.5,5.9,0.5,1.8,0.3,5.6,0.8,332446.8,642.1,0.0,5.9,0.0,0.0,0.3,1.5,2.2,1.0,1.5,4.1,1.6,1.8,0.5,22927.0
CRS3035RES200mN2616200E3490000,4.0,1.6,0.1,0.4,0.3,1.0,0.1,91395.7,195.0,0.0,1.6,0.0,0.3,0.1,0.1,0.2,0.3,0.7,0.5,1.0,0.6,0.2,22849.0
CRS3035RES200mN2616200E3492000,1.0,0.4,0.0,0.1,0.0,0.3,0.0,25423.3,43.0,0.0,0.4,0.0,0.0,0.1,0.0,0.1,0.1,0.2,0.1,0.1,0.2,0.1,25423.0
CRS3035RES200mN2616200E3492200,5.0,1.9,0.2,0.5,0.2,1.5,0.0,127116.7,215.0,0.1,1.8,0.0,0.2,0.2,0.1,0.5,0.5,0.7,0.7,0.7,1.0,0.4,25423.0
CRS3035RES200mN2616200E3501000,1.0,0.4,0.1,0.1,0.0,0.3,0.0,24455.0,53.6,0.0,0.4,0.0,0.0,0.1,0.1,0.1,0.0,0.2,0.2,0.1,0.2,0.0,24455.0
CRS3035RES200mN2616200E3501200,3.0,1.2,0.3,0.2,0.1,1.0,0.1,73365.0,160.8,0.1,1.1,0.0,0.2,0.2,0.2,0.2,0.1,0.6,0.5,0.2,0.7,0.1,24455.0
CRS3035RES200mN2616200E3501400,3.0,1.2,0.3,0.2,0.1,1.0,0.1,73365.0,160.8,0.1,1.1,0.0,0.2,0.2,0.2,0.2,0.1,0.6,0.5,0.2,0.7,0.1,24455.0
CRS3035RES200mN2616400E3465200,9.0,4.0,0.0,1.5,0.5,2.8,0.2,307709.6,404.2,0.7,3.3,0.0,0.2,0.5,0.4,0.6,0.5,0.5,1.5,1.5,3.0,0.3,34190.0
CRS3035RES200mN2616400E3465400,64.0,26.0,1.0,7.0,3.0,12.0,5.0,1766391.9,2449.0,15.0,11.0,0.0,2.0,3.0,2.5,13.5,2.0,9.0,17.0,4.0,9.0,2.0,27600.0
CRS3035RES200mN2616400E3465600,1.0,0.4,0.0,0.2,0.1,0.3,0.0,34190.0,44.9,0.1,0.3,0.0,0.0,0.0,0.0,0.1,0.1,0.1,0.2,0.2,0.3,0.0,34190.0
CRS3035RES200mN2616400E3468000,15.0,6.9,0.4,2.1,0.9,3.4,1.3,383145.4,606.0,3.4,3.5,0.0,0.9,0.0,1.1,2.4,0.4,3.0,3.8,1.3,2.1,0.0,25543.0
CRS3035RES200mN2616400E3468200,1.0,0.5,0.0,0.1,0.1,0.2,0.1,25543.0,40.4,0.2,0.3,0.0,0.1,0.0,0.1,0.2,0.0,0.2,0.2,0.1,0.1,0.0,25543.0
CRS3035RES200mN2616400E3469000,1.0,0.5,0.0,0.2,0.0,0.4,0.0,29167.8,62.5,0.0,0.5,0.0,0.0,0.0,0.1,0.1,0.0,0.1,0.3,0.1,0.1,0.2,29168.0
CRS3035RES200mN2616400E3471000,2.0,0.7,0.1,0.0,0.1,0.6,0.0,60131.3,87.0,0.0,0.7,0.0,0.0,0.0,0.2,0.4,0.1,0.3,0.7,0.2,0.1,0.0,30066.0
CRS3035RES200mN2616400E3472600,4.0,1.8,0.0,0.3,0.0,1.8,0.0,126923.6,241.9,0.0,1.8,0.0,0.1,0.0,0.0,0.1,0.0,0.5,0.5,0.2,2.6,0.0,31731.0
CRS3035RES200mN2616400E3474800,1.0,0.5,0.2,0.1,0.0,0.3,0.0,18634.7,51.6,0.1,0.4,0.0,0.0,0.0,0.0,0.1,0.1,0.0,0.3,0.0,0.4,0.1,18635.0
CRS3035RES200mN2616400E3477400,4.0,1.9,0.5,0.7,0.1,1.6,0.2,95663.1,208.5,0.0,1.9,0.0,0.0,0.0,0.1,0.5,0.3,0.2,1.2,0.8,0.6,0.3,23916.0
CRS3035RES200mN2616400E3480400,19.5,6.7,0.3,0.5,0.3,5.9,0.5,466382.2,818.5,0.0,6.7,0.0,0.5,0.3,1.5,3.2,1.9,3.5,5.4,2.4,0.5,0.3,23917.0
CRS3035RES200mN2616400E3480600,93.0,34.0,4.0,5.0,2.0,26.0,3.0,2198938.2,3470.0,0.0,34.0,4.0,3.0,5.0,5.5,14.5,4.0,18.0,23.0,12.0,7.0,1.0,23644.0
CRS3035RES200mN2616400E3480800,105.5,44.0,6.0,16.0,5.0,39.0,4.0,2384256.9,4878.0,1.0,43.0,0.0,4.0,2.0,6.5,10.0,8.0,21.0,18.0,15.0,15.0,6.0,22600.0
CRS3035RES200mN2616400E3481000,70.0,32.0,2.0,14.0,3.0,20.0,2.0,1791432.3,3264.0,1.0,31.0,0.0,1.0,3.0,4.0,8.0,0.0,16.0,12.0,15.0,9.0,2.0,25592.0
CRS3035RES200mN2616400E3484400,2.0,1.0,0.1,0.4,0.1,0.8,0.0,47517.5,96.0,0.0,1.0,0.0,0.0,0.1,0.0,0.1,0.2,0.3,0.4,0.6,0.2,0.1,23759.0
CRS3035RES200mN2616400E3485000,12.0,5.3,1.3,1.5,0.2,4.2,0.2,251818.9,511.6,0.4,4.9,0.0,0.4,0.2,0.5,0.9,1.1,1.9,2.6,1.7,2.1,0.6,20985.0
CRS3035RES200mN2616400E3485800,4.0,1.8,0.4,0.5,0.1,1.4,0.1,83939.6,170.5,0.2,1.6,0.0,0.1,0.1,0.2,0.3,0.4,0.6,0.8,0.6,0.7,0.2,20985.0
CRS3035RES200mN2616400E3486000,37.0,14.0,2.0,4.0,1.0,12.0,1.0,783487.2,1816.0,0.0,14.0,0.0,2.0,0.0,1.0,5.0,2.0,3.0,5.0,9.0,10.0,0.0,21175.0
CRS3035RES200mN2616400E3486200,9.0,3.8,1.0,0.8,0.0,2.9,0.2,182532.7,475.5,0.0,3.8,0.0,0.6,0.2,0.6,0.2,0.6,1.3,1.7,1.9,1.5,0.4,20281.0
CRS3035RES200mN2616400E3492200,2.0,0.8,0.1,0.2,0.1,0.6,0.0,50846.7,86.0,0.1,0.7,0.0,0.1,0.1,0.0,0.2,0.2,0.3,0.3,0.3,0.4,0.1,25423.0
CRS3035RES200mN2616600E3465200,21.0,9.3,0.0,3.5,1.2,6.4,0.6,717989.1,943.3,1.7,7.6,0.0,0.6,1.1,0.9,1.4,1.2,1.2,3.5,3.5,7.0,0.6,34190.0
CRS3035RES200mN2616600E3465400,36.0,14.0,0.0,1.0,0.0,14.0,1.0,1057162.6,1598.0,0.0,14.0,0.0,2.0,1.0,1.0,3.0,3.0,2.0,9.0,5.0,8.0,2.0,29366.0
CRS3035RES200mN2616600E3468000,31.0,14.0,0.0,5.0,1.0,13.0,2.0,976675.9,1689.0,0.0,14.0,0.0,2.0,2.0,1.0,1.5,1.5,6.0,10.0,6.0,1.0,0.0,31506.0
CRS3035RES200mN2616600E3468400,3.0,1.4,0.1,0.4,0.2,0.7,0.3,76629.1,121.2,0.7,0.7,0.0,0.2,0.0,0.2,0.5,0.1,0.6,0.8,0.2,0.4,0.0,25543.0
CRS3035RES200mN2616600E3472800,3.0,1.3,0.0,0.2,0.0,1.3,0.0,95192.7,181.4,0.0,1.3,0.0,0.1,0.0,0.0,0.1,0.0,0.4,0.4,0.1,1.9,0.0,31731.0
CRS3035RES200mN2616600E3477200,1.0,0.5,0.1,0.2,0.0,0.4,0.0,23915.8,52.1,0.0,0.5,0.0,0.0,0.0,0.0,0.1,0.1,0.0,0.3,0.2,0.2,0.1,23916.0
CRS3035RES200mN2616600E3477400,2.0,1.0,0.3,0.4,0.0,0.8,0.1,47831.6,104.3,0.0,1.0,0.0,0.0,0.0,0.1,0.3,0.1,0.1,0.6,0.4,0.3,0.1,23916.0
CRS3035RES200mN2616600E3480600,16.0,5.5,0.2,0.4,0.2,4.9,0.4,382672.6,671.6,0.0,5.5,0.0,0.4,0.2,1.2,2.7,1.6,2.9,4.4,2.0,0.4,0.2,23917.0
CRS3035RES200mN2616600E3480800,53.5,23.0,3.0,5.0,0.0,19.0,2.0,1257013.1,2434.0,0.0,23.0,0.0,0.0,1.0,2.0,4.5,7.0,9.0,11.0,7.0,12.0,0.0,23496.0
CRS3035RES200mN2616600E3481000,36.0,17.0,3.0,5.0,0.0,14.0,0.0,766912.9,1578.0,0.0,17.0,0.0,1.0,1.0,2.0,3.0,1.0,3.0,7.0,10.0,8.0,0.0,21303.0
CRS3035RES200mN2616600E3484400,2.0,1.0,0.1,0.4,0.1,0.8,0.0,47517.5,96.0,0.0,1.0,0.0,0.0,0.1,0.0,0.1,0.2,0.3,0.4,0.6,0.2,0.1,23759.0
CRS3035RES200mN2616600E3486000,47.0,20.0,3.0,4.0,1.0,15.0,2.0,1050913.7,2512.0,0.0,20.0,0.0,0.0,0.0,3.0,5.0,3.0,6.0,13.0,5.0,9.0,3.0,22360.0
CRS3035RES200mN2616600E3486200,16.0,6.7,1.9,1.5,0.0,5.2,0.4,324502.5,845.4,0.0,6.7,0.0,1.1,0.4,1.1,0.4,1.1,2.2,3.0,3.4,2.6,0.7,20281.0
CRS3035RES200mN2616600E3487800,1.0,0.4,0.1,0.1,0.0,0.3,0.0,20281.4,52.8,0.0,0.4,0.0,0.1,0.0,0.1,0.0,0.1,0.1,0.2,0.2,0.2,0.0,20281.0
CRS3035RES200mN2616600E3488600,2.0,0.8,0.1,0.2,0.1,0.5,0.1,45697.9,97.5,0.0,0.8,0.0,0.2,0.0,0.0,0.1,0.1,0.4,0.3,0.5,0.3,0.1,22849.0
CRS3035RES200mN2616600E3491400,5.5,2.1,0.2,0.5,0.4,1.4,0.2,125669.1,268.1,0.0,2.1,0.0,0.5,0.1,0.2,0.3,0.4,1.0,0.7,1.3,0.8,0.2,22849.0
CRS3035RES200mN2616600E3495000,13.0,6.1,0.0,2.0,0.0,4.9,0.8,283981.6,751.2,0.0,6.1,0.0,0.0,0.0,0.0,2.4,2.0,0.8,3.7,0.8,2.9,0.4,21845.0
CRS3035RES200mN2616600E3497800,1.0,0.5,0.0,0.2,0.0,0.4,0.1,20180.7,52.8,0.0,0.5,0.0,0.0,0.0,0.0,0.1,0.1,0.2,0.2,0.1,0.2,0.1,20181.0
CRS3035RES200mN2616600E3499400,5.0,1.9,0.3,0.5,0.3,1.7,0.0,106717.7,293.1,0.0,1.9,0.0,0.3,0.2,0.2,0.2,1.2,0.6,0.9,0.0,0.8,0.6,21344.0
CRS3035RES200mN2616600E3499600,2.0,0.8,0.1,0.2,0.1,0.7,0.0,42687.1,117.2,0.0,0.8,0.0,0.1,0.1,0.1,0.1,0.5,0.2,0.4,0.0,0.3,0.2,21344.0
CRS3035RES200mN2616600E3501400,2.0,0.8,0.2,0.1,0.0,0.7,0.1,48910.0,107.2,0.0,0.8,0.0,0.1,0.1,0.1,0.1,0.1,0.4,0.3,0.2,0.5,0.1,24455.0
CRS3035RES200mN2616800E3465200,24.5,16.0,1.0,9.0,0.0,9.0,1.0,629656.6,1256.0,7.0,9.0,0.0,1.5,0.0,0.5,0.5,0.0,5.0,7.0,0.0,7.0,3.0,25700.0
CRS3035RES200mN2616800E3467600,1.0,0.4,0.0,0.1,0.0,0.4,0.0,30242.7,47.7,0.0,0.4,0.0,0.0,0.0,0.0,0.0,0.1,0.1,0.2,0.3,0.2,0.1,30243.0
CRS3035RES200mN2616800E3468000,2.0,0.9,0.1,0.3,0.1,0.5,0.2,51086.0,80.8,0.4,0.5,0.0,0.1,0.0,0.1,0.3,0.1,0.4,0.5,0.2,0.3,0.0,25543.0
CRS3035RES200mN2616800E3469000,3.0,1.5,0.1,0.5,0.0,1.2,0.1,87503.5,187.6,0.0,1.5,0.0,0.0,0.0,0.2,0.2,0.0,0.5,0.9,0.4,0.3,0.5,29168.0
CRS3035RES200mN2616800E3472600,4.0,1.8,0.0,0.3,0.0,1.8,0.0,126923.6,241.9,0.0,1.8,0.0,0.1,0.0,0.0,0.1,0.0,0.5,0.5,0.2,2.6,0.0,31731.0
CRS3035RES200mN2616800E3472800,12.0,5.3,0.0,1.0,0.0,5.3,0.0,380770.7,725.8,0.0,5.3,0.0,0.5,0.0,0.0,0.5,0.0,1.4,1.4,0.5,7.7,0.0,31731.0
CRS3035RES200mN2616800E3473000,2.0,0.9,0.0,0.2,0.0,0.9,0.0,63461.8,121.0,0.0,0.9,0.0,0.1,0.0,0.0,0.1,0.0,0.2,0.2,0.1,1.3,0.0,31731.0
CRS3035RES200mN2616800E3477000,6.0,2.9,0.8,1.1,0.1,2.5,0.3,143494.7,312.8,0.0,2.9,0.0,0.0,0.0,0.1,0.8,0.4,0.3,1.8,1.2,1.0,0.4,23916.0
CRS3035RES200mN2616800E3477800,2.0,1.0,0.3,0.4,0.0,0.8,0.1,47831.6,104.3,0.0,1.0,0.0,0.0,0.0,0.1,0.3,0.1,0.1,0.6,0.4,0.3,0.1,23916.0
CRS3035RES200mN2616800E3478600,7.0,3.1,0.3,1.1,0.0,2.5,0.5,161767.2,308.2,0.0,3.1,0.0,0.2,0.2,0.5,0.8,0.3,1.1,1.4,1.4,0.6,0.5,23110.0
CRS3035RES200mN2616800E3478800,37.5,16.9,1.7,5.9,0.0,13.5,2.5,866609.8,1650.8,0.0,16.9,0.0,0.8,1.3,2.5,4.2,1.7,5.9,7.6,7.6,3.4,2.5,23110.0
CRS3035RES200mN2616800E3479000,17.0,10.0,0.8,6.2,0.8,5.4,0.8,397685.3,938.1,1.5,8.5,0.0,0.8,0.0,1.5,1.5,0.0,3.9,3.9,1.5,3.9,0.0,23393.0
CRS3035RES200mN2616800E3481000,12.0,5.1,1.0,1.2,0.2,4.4,1.0,296786.5,729.1,0.0,5.1,0.0,0.0,0.3,0.7,1.2,0.7,2.0,2.7,0.7,3.4,0.3,24732.0
CRS3035RES200mN2616800E3484000,1.0,0.5,0.1,0.2,0.0,0.4,0.0,23758.7,48.0,0.0,0.5,0.0,0.0,0.0,0.0,0.0,0.1,0.2,0.2,0.3,0.1,0.1,23759.0
CRS3035RES200mN2616800E3486000,5.0,2.1,0.6,0.5,0.0,1.6,0.1,101407.0,264.2,0.0,2.1,0.0,0.4,0.1,0.4,0.1,0.4,0.7,0.9,1.0,0.8,0.2,20281.0
CRS3035RES200mN2616800E3488000,2.0,0.8,0.1,0.2,0.1,0.5,0.1,45697.9,97.5,0.0,0.8,0.0,0.2,0.0,0.0,0.1,0.1,0.4,0.3,0.5,0.3,0.1,22849.0
CRS3035RES200mN2616800E3488800,10.5,4.1,0.4,1.0,0.8,2.7,0.4,239913.8,511.8,0.0,4.1,0.0,0.9,0.3,0.3,0.5,0.8,1.9,1.4,2.5,1.5,0.4,22849.0
CRS3035RES200mN2616800E3489400,1.0,0.4,0.0,0.1,0.0,0.4,0.1,22927.4,44.3,0.0,0.4,0.0,0.0,0.0,0.1,0.2,0.1,0.1,0.3,0.1,0.1,0.0,22927.0
CRS3035RES200mN2616800E3494400,3.0,1.4,0.0,0.5,0.0,1.1,0.2,65534.2,173.3,0.0,1.4,0.0,0.0,0.0,0.0,0.6,0.5,0.2,0.8,0.2,0.6,0.1,21845.0
CRS3035RES200mN2616800E3494600,9.0,4.2,0.0,1.4,0.0,3.4,0.6,196602.7,520.0,0.0,4.2,0.0,0.0,0.0,0.0,1.7,1.4,0.5,2.5,0.6,2.0,0.3,21845.0
CRS3035RES200mN2616800E3495000,4.0,1.9,0.0,0.6,0.0,1.5,0.2,87379.0,231.1,0.0,1.9,0.0,0.0,0.0,0.0,0.7,0.6,0.3,1.1,0.3,0.9,0.1,21845.0
CRS3035RES200mN2616800E3499400,1.0,0.4,0.1,0.1,0.1,0.3,0.0,21343.5,58.6,0.0,0.4,0.0,0.1,0.0,0.0,0.0,0.3,0.1,0.2,0.0,0.2,0.1,21344.0
CRS3035RES200mN2617000E3465200,56.0,25.0,1.0,4.0,0.0,23.0,2.0,1676611.6,2704.0,0.0,25.0,0.0,1.0,0.0,0.0,2.0,6.0,5.0,11.0,9.0,20.0,2.0,29939.0
CRS3035RES200mN2617000E3465600,1.0,0.4,0.0,0.1,0.0,0.3,0.0,28147.6,41.6,0.0,0.4,0.0,0.0,0.0,0.1,0.2,0.0,0.1,0.3,0.1,0.2,0.0,28148.0
CRS3035RES200mN2617000E3467600,3.0,1.4,0.1,0.2,0.0,1.3,0.2,81314.2,143.4,0.0,1.4,0.0,0.0,0.1,0.1,0.0,0.2,0.2,0.4,0.2,1.5,0.3,27105.0
CRS3035RES200mN2617000E3468000,76.0,25.0,0.0,1.0,0.0,14.0,0.0,1994604.3,2453.0,0.0,25.0,0.0,12.0,5.0,4.0,5.0,1.0,32.0,11.0,3.0,2.0,1.0,26245.0
CRS3035RES200mN2617000E3468200,58.0,25.0,1.0,4.0,0.0,25.0,1.0,1527617.5,2364.0,0.0,25.0,0.0,1.0,1.0,1.0,5.0,4.0,4.0,7.0,5.0,28.0,2.0,26338.0
CRS3035RES200mN2617000E3468400,19.0,8.2,0.4,2.4,0.4,6.1,0.7,557695.3,900.0,0.1,8.1,0.4,1.3,0.7,0.6,1.4,0.8,3.8,3.6,2.3,4.5,0.0,29352.0
CRS3035RES200mN2617000E3469000,8.0,4.0,0.3,1.3,0.0,3.3,0.3,233342.7,500.3,0.0,4.0,0.0,0.0,0.0,0.7,0.7,0.0,1.3,2.3,1.0,0.7,1.3,29168.0
CRS3035RES200mN2617000E3469200,1.0,0.5,0.0,0.2,0.0,0.4,0.0,29167.8,62.5,0.0,0.5,0.0,0.0,0.0,0.1,0.1,0.0,0.1,0.3,0.1,0.1,0.2,29168.0
CRS3035RES200mN2617000E3472800,1.0,0.5,0.0,0.1,0.0,0.4,0.0,29029.4,57.9,0.0,0.5,0.0,0.0,0.0,0.0,0.1,0.0,0.1,0.2,0.3,0.3,0.0,29029.0
CRS3035RES200mN2617000E3474400,1.0,0.5,0.2,0.1,0.0,0.3,0.0,18634.7,51.6,0.1,0.4,0.0,0.0,0.0,0.0,0.1,0.1,0.0,0.3,0.0,0.4,0.1,18635.0
CRS3035RES200mN2617000E3474600,2.0,1.0,0.3,0.3,0.0,0.7,0.1,37269.5,103.2,0.1,0.9,0.0,0.0,0.0,0.0,0.1,0.2,0.1,0.6,0.1,0.7,0.2,18635.0
CRS3035RES200mN2617000E3477200,9.0,3.3,0.2,0.6,0.4,2.8,0.4,244998.9,329.9,0.0,3.3,0.0,0.2,0.5,0.4,1.1,0.5,2.9,1.5,0.6,1.1,0.2,27222.0
CRS3035RES200mN2617000E3477600,20.0,7.3,0.4,1.2,0.8,6.1,0.8,544442.0,733.1,0.0,7.3,0.0,0.4,1.2,0.8,2.5,1.2,6.5,3.3,1.2,2.5,0.4,27222.0
CRS3035RES200mN2617000E3477800,94.0,42.0,2.0,13.0,1.0,35.0,3.0,2412512.0,4303.0,0.0,42.0,0.0,5.0,3.5,4.5,8.0,4.0,20.0,21.0,8.0,18.0,2.0,25665.0
CRS3035RES200mN2617000E3478000,30.0,13.0,0.0,5.0,1.0,9.0,2.0,815655.2,1156.0,0.0,13.0,2.0,0.0,1.0,1.0,3.0,5.0,2.0,11.0,3.0,2.0,2.0,27189.0
CRS3035RES200mN2617000E3478400,42.5,15.0,1.0,2.0,1.0,12.0,0.0,1024753.7,1442.0,0.0,15.0,0.0,2.0,2.0,5.5,3.0,4.0,13.0,7.0,2.0,4.0,0.0,24112.0
CRS3035RES200mN2617000E3478600,20.0,8.2,1.0,1.6,0.4,6.0,1.4,472795.0,927.0,0.0,8.2,0.0,1.0,0.4,2.2,2.0,0.4,3.3,3.3,3.3,3.3,0.8,23640.0
CRS3035RES200mN2617000E3478800,34.0,11.0,0.0,3.0,3.0,10.0,2.0,864895.3,1322.0,0.0,11.0,0.0,2.0,1.0,5.0,2.0,4.0,4.0,6.0,3.0,7.0,0.0,25438.0
CRS3035RES200mN2617000E3479000,5.0,2.2,0.2,0.4,0.0,2.0,0.0,130664.4,280.2,0.0,2.2,0.0,0.2,0.0,0.0,0.4,0.0,0.9,0.5,0.6,1.8,0.6,26133.0
CRS3035RES200mN2617000E3480600,1.0,0.4,0.1,0.1,0.0,0.4,0.1,24732.2,60.8,0.0,0.4,0.0,0.0,0.0,0.0,0.1,0.1,0.2,0.2,0.1,0.3,0.0,24732.0
CRS3035RES200mN2617000E3481200,3.0,1.3,0.2,0.3,0.1,1.1,0.2,74196.6,182.3,0.0,1.3,0.0,0.0,0.0,0.2,0.3,0.2,0.5,0.7,0.2,0.8,0.1,24732.0
CRS3035RES200mN2617000E3486000,6.0,2.5,0.7,0.6,0.0,2.0,0.1,121688.4,317.0,0.0,2.5,0.0,0.4,0.1,0.4,0.2,0.4,0.8,1.1,1.3,1.0,0.3,20281.0
CRS3035RES200mN2617000E3487800,6.0,2.5,0.7,0.6,0.0,2.0,0.1,121688.4,317.0,0.0,2.5,0.0,0.4,0.1,0.4,0.2,0.4,0.8,1.1,1.3,1.0,0.3,20281.0
CRS3035RES200mN2617000E3488000,1.0,0.4,0.0,0.1,0.1,0.3,0.0,22848.9,48.7,0.0,0.4,0.0,0.1,0.0,0.0,0.1,0.1,0.2,0.1,0.2,0.2,0.0,22849.0
CRS3035RES200mN2617000E3494200,3.0,1.3,0.0,0.5,0.1,1.2,0.1,71148.4,131.7,0.0,1.3,0.0,0.1,0.0,0.1,0.1,0.3,0.5,0.7,0.6,0.4,0.2,23716.0
CRS3035RES200mN2617000E3494400,58.5,25.0,2.0,4.0,1.0,16.0,7.0,1584974.2,3224.0,0.0,25.0,0.0,2.0,1.0,4.5,5.0,3.0,10.0,10.0,12.0,7.0,4.0,27094.0
CRS3035RES200mN2617000E3494600,68.5,24.0,2.0,4.0,4.0,21.0,4.0,1506760.1,2869.0,0.0,24.0,0.0,2.0,2.5,4.0,9.0,7.0,10.0,21.0,4.0,5.0,4.0,21996.0
CRS3035RES200mN2617000E3498800,3.0,1.3,0.2,0.4,0.1,1.1,0.1,67175.5,141.1,0.0,1.3,0.0,0.0,0.1,0.3,0.2,0.2,0.3,0.7,0.4,0.6,0.2,22392.0
CRS3035RES200mN2617000E3499000,5.0,1.9,0.3,0.5,0.3,1.7,0.0,106717.7,293.1,0.0,1.9,0.0,0.3,0.2,0.2,0.2,1.2,0.6,0.9,0.0,0.8,0.6,21344.0
CRS3035RES200mN2617000E3501200,8.5,3.4,0.8,0.6,0.2,2.9,0.4,207867.5,455.6,0.2,3.2,0.0,0.5,0.5,0.6,0.6,0.4,1.7,1.3,0.6,2.1,0.2,24455.0
CRS3035RES200mN2617000E3503600,18.0,6.7,1.3,0.5,0.8,5.1,1.3,378764.0,903.8,0.0,6.7,0.0,1.9,0.7,1.5,1.3,0.3,3.2,1.3,3.5,3.5,0.8,21042.0
CRS3035RES200mN2617200E3465200,82.5,32.0,4.0,6.0,2.0,25.0,5.0,2074592.4,2924.0,0.0,32.0,0.0,2.0,1.5,4.0,8.0,8.0,16.0,16.0,9.0,12.0,6.0,25147.0
CRS3035RES200mN2617200E3465400,13.0,4.8,0.6,1.2,0.4,3.8,0.4,365919.2,540.4,0.0,4.8,0.0,0.0,0.0,1.0,2.2,0.8,1.6,3.6,1.4,2.2,0.2,28148.0
CRS3035RES200mN2617200E3468000,12.0,5.2,0.3,1.5,0.3,3.8,0.4,352228.6,568.4,0.1,5.1,0.3,0.9,0.4,0.4,0.9,0.5,2.4,2.3,1.4,2.8,0.0,29352.0
CRS3035RES200mN2617200E3468200,128.0,44.0,2.0,5.0,3.0,32.0,2.0,3365670.0,4484.0,0.0,44.0,0.0,15.0,2.0,6.5,12.0,13.5,30.0,27.0,5.0,14.0,3.0,26294.0
CRS3035RES200mN2617200E3468400,104.5,44.0,5.0,8.0,2.0,33.0,5.0,2874343.8,4547.0,1.0,43.0,8.0,3.0,1.0,8.0,10.5,3.0,19.0,21.0,15.0,21.0,3.0,27506.0
CRS3035RES200mN2617200E3468600,16.0,6.9,0.3,2.0,0.3,5.1,0.6,469638.2,757.9,0.1,6.8,0.3,1.1,0.6,0.5,1.1,0.7,3.2,3.1,1.9,3.8,0.0,29352.0
CRS3035RES200mN2617200E3468800,16.0,6.9,0.3,2.0,0.3,5.1,0.6,469638.2,757.9,0.1,6.8,0.3,1.1,0.6,0.5,1.1,0.7,3.2,3.1,1.9,3.8,0.0,29352.0
CRS3035RES200mN2617200E3469000,4.0,2.0,0.2,0.7,0.0,1.7,0.2,116671.4,250.2,0.0,2.0,0.0,0.0,0.0,0.3,0.3,0.0,0.7,1.2,0.5,0.3,0.7,29168.0
CRS3035RES200mN2617200E3469200,2.0,1.0,0.1,0.3,0.0,0.8,0.1,58335.7,125.1,0.0,1.0,0.0,0.0,0.0,0.2,0.2,0.0,0.3,0.6,0.2,0.2,0.3,29168.0
CRS3035RES200mN2617200E3472800,4.0,1.9,0.0,0.4,0.0,1.7,0.1,116117.8,231.6,0.0,1.9,0.0,0.0,0.0,0.0,0.3,0.0,0.6,1.0,1.1,1.0,0.0,29029.0
CRS3035RES200mN2617200E3477000,13.0,4.8,0.3,0.8,0.5,4.0,0.5,353887.3,476.5,0.0,4.8,0.0,0.3,0.8,0.5,1.6,0.8,4.2,2.1,0.8,1.6,0.3,27222.0
CRS3035RES200mN2617200E3477200,80.0,29.0,2.0,4.0,2.0,24.0,4.0,1799985.8,3025.0,1.0,28.0,1.0,4.0,1.0,5.0,6.0,11.0,15.0,18.0,8.0,9.0,3.0,22500.0
CRS3035RES200mN2617200E3477400,2.0,0.7,0.0,0.1,0.1,0.6,0.1,54444.2,73.3,0.0,0.7,0.0,0.0,0.1,0.1,0.3,0.1,0.7,0.3,0.1,0.3,0.0,27222.0
CRS3035RES200mN2617200E3477600,21.5,11.0,2.0,3.0,0.0,8.0,1.0,538609.9,1134.0,0.0,11.0,0.0,1.0,0.0,0.5,2.0,0.0,3.0,5.0,2.0,7.0,1.0,25052.0
CRS3035RES200mN2617200E3477800,96.0,39.0,2.0,10.0,2.0,27.0,4.0,2384415.3,3890.0,2.0,37.0,3.0,4.0,1.0,7.0,9.0,10.0,11.0,25.0,10.0,14.0,5.0,24838.0
CRS3035RES200mN2617200E3478000,98.5,42.0,8.0,8.0,3.0,30.0,7.0,2144908.4,3864.0,0.0,42.0,10.0,4.0,0.0,1.5,10.0,11.0,10.0,20.0,8.0,24.0,10.0,21776.0
CRS3035RES200mN2617200E3478200,121.0,43.0,3.0,7.0,2.0,37.0,6.0,2779436.2,4017.0,0.0,43.0,0.0,10.5,7.0,10.0,16.5,7.0,35.0,24.0,5.0,5.0,1.0,22971.0
CRS3035RES200mN2617200E3478400,160.0,60.0,2.0,9.0,2.0,52.0,9.0,4024446.2,5924.0,0.0,60.0,5.0,15.5,4.0,12.5,14.0,9.0,42.0,27.0,18.0,17.0,1.0,25153.0
CRS3035RES200mN2617200E3478600,73.0,27.0,0.0,3.0,1.0,25.0,1.0,1869027.1,2815.0,0.0,27.0,0.0,2.0,2.5,7.5,9.0,1.0,11.0,17.0,6.0,14.0,3.0,25603.0
CRS3035RES200mN2617200E3478800,19.0,7.7,0.9,1.5,0.4,5.7,1.3,449155.3,880.6,0.0,7.7,0.0,0.9,0.4,2.1,2.0,0.4,3.1,3.1,3.1,3.1,0.8,23640.0
CRS3035RES200mN2617200E3480600,8.5,3.6,0.7,0.9,0.2,3.1,0.7,210223.8,516.4,0.0,3.6,0.0,0.0,0.2,0.5,0.9,0.5,1.4,1.9,0.5,2.4,0.2,24732.0
CRS3035RES200mN2617200E3483800,2.0,0.7,0.1,0.1,0.0,0.7,0.0,47117.8,86.4,0.0,0.7,0.0,0.1,0.0,0.2,0.1,0.1,0.2,0.5,0.2,0.3,0.3,23559.0
CRS3035RES200mN2617200E3484000,24.0,9.0,0.0,0.9,0.9,8.1,0.9,669591.4,1251.1,0.0,9.0,0.0,0.0,0.0,2.5,2.7,1.3,4.5,6.7,1.8,3.1,1.4,27900.0
CRS3035RES200mN2617200E3485800,5.0,2.4,0.3,1.0,0.1,2.1,0.0,118793.7,240.0,0.0,2.4,0.0,0.0,0.1,0.1,0.1,0.4,0.8,1.0,1.6,0.6,0.3,23759.0
CRS3035RES200mN2617200E3492000,2.0,0.8,0.1,0.2,0.1,0.6,0.0,50846.7,86.0,0.1,0.7,0.0,0.1,0.1,0.0,0.2,0.2,0.3,0.3,0.3,0.4,0.1,25423.0
CRS3035RES200mN2617200E3494200,10.0,4.3,0.0,1.8,0.2,4.1,0.2,237161.3,439.1,0.0,4.3,0.0,0.5,0.0,0.2,0.2,1.1,1.6,2.3,2.0,1.4,0.7,23716.0
CRS3035RES200mN2617200E3494400,38.0,16.0,2.0,5.0,0.0,14.0,0.0,959836.4,1582.0,0.0,16.0,0.0,3.0,2.0,2.0,4.0,0.0,9.0,7.0,4.0,2.0,5.0,25259.0
CRS3035RES200mN2617200E3494600,91.5,35.0,6.0,7.0,2.0,27.0,6.0,2029450.3,4330.0,0.0,35.0,0.0,1.5,3.0,8.0,12.0,8.0,13.0,22.0,13.0,9.0,2.0,22180.0
CRS3035RES200mN2617200E3494800,24.0,10.4,0.0,4.4,0.5,9.8,0.5,569187.1,1053.8,0.0,10.4,0.0,1.1,0.0,0.5,0.6,2.7,3.8,5.5,4.9,3.3,1.6,23716.0
CRS3035RES200mN2617200E3498400,28.0,11.0,0.0,1.0,1.0,11.0,0.0,702728.3,1132.0,0.0,11.0,0.0,0.0,0.0,0.0,4.0,3.0,0.0,7.0,5.0,8.0,1.0,25097.0
CRS3035RES200mN2617200E3498600,16.5,6.9,0.9,2.0,0.3,6.0,0.6,369465.4,775.9,0.0,6.9,0.0,0.1,0.4,1.8,1.2,1.0,1.6,3.8,2.3,3.2,1.1,22392.0
CRS3035RES200mN2617200E3498800,45.5,21.0,2.0,6.0,0.0,19.0,3.0,1096144.6,2788.0,1.0,20.0,0.0,2.0,0.5,2.0,3.0,3.0,9.0,10.0,6.0,8.0,2.0,24091.0
CRS3035RES200mN2617200E3499000,3.0,1.1,0.2,0.3,0.2,1.0,0.0,64030.6,175.9,0.0,1.1,0.0,0.2,0.1,0.1,0.1,0.7,0.4,0.5,0.0,0.5,0.4,21344.0
CRS3035RES200mN2617200E3503800,21.0,7.8,1.6,0.6,0.9,6.0,1.6,441891.3,1054.4,0.0,7.8,0.0,2.2,0.8,1.7,1.6,0.3,3.7,1.6,4.1,4.1,0.9,21042.0
CRS3035RES200mN2617200E3504000,8.0,3.0,0.5,0.5,0.0,3.0,0.2,181263.2,367.1,0.0,3.0,0.0,0.2,0.2,1.2,0.9,0.2,0.9,2.1,0.7,1.6,0.0,22658.0
CRS3035RES200mN2617400E3465200,47.0,21.0,2.0,7.0,1.0,14.0,0.0,1269797.1,2178.0,0.0,21.0,0.0,0.0,0.0,1.0,4.0,7.0,4.0,13.0,12.0,5.0,1.0,27017.0
CRS3035RES200mN2617400E3468200,19.0,8.2,0.4,2.4,0.4,6.1,0.7,557695.3,900.0,0.1,8.1,0.4,1.3,0.7,0.6,1.4,0.8,3.8,3.6,2.3,4.5,0.0,29352.0
CRS3035RES200mN2617400E3468400,19.0,8.2,0.4,2.4,0.4,6.1,0.7,557695.3,900.0,0.1,8.1,0.4,1.3,0.7,0.6,1.4,0.8,3.8,3.6,2.3,4.5,0.0,29352.0
CRS3035RES200mN2617400E3468600,2.0,0.9,0.0,0.3,0.0,0.6,0.1,58704.8,94.7,0.0,0.9,0.0,0.1,0.1,0.1,0.1,0.1,0.4,0.4,0.2,0.5,0.0,29352.0
CRS3035RES200mN2617400E3468800,38.0,17.0,1.0,3.0,0.0,17.0,1.0,1095404.2,1907.0,0.0,17.0,0.0,0.0,0.0,1.0,3.0,1.0,3.0,5.0,13.0,12.0,0.0,28826.0
CRS3035RES200mN2617400E3472200,5.0,2.3,0.0,0.5,0.0,2.1,0.2,145147.2,289.5,0.0,2.3,0.0,0.0,0.0,0.0,0.4,0.0,0.7,1.2,1.4,1.3,0.0,29029.0
CRS3035RES200mN2617400E3472600,2.0,0.9,0.0,0.2,0.0,0.9,0.1,58058.9,115.8,0.0,0.9,0.0,0.0,0.0,0.0,0.1,0.0,0.3,0.5,0.6,0.5,0.0,29029.0
CRS3035RES200mN2617400E3473400,19.0,6.3,0.8,0.0,0.4,2.4,1.2,389334.5,560.5,0.0,6.3,2.0,1.2,1.0,0.8,1.8,2.4,5.1,2.7,1.6,2.4,0.0,20491.0
CRS3035RES200mN2617400E3473600,4.0,1.3,0.2,0.0,0.1,0.5,0.2,81965.2,118.0,0.0,1.3,0.4,0.2,0.2,0.2,0.4,0.5,1.1,0.6,0.3,0.5,0.0,20491.0
CRS3035RES200mN2617400E3473800,2.0,0.7,0.1,0.0,0.0,0.2,0.1,40982.6,59.0,0.0,0.7,0.2,0.1,0.1,0.1,0.2,0.2,0.5,0.3,0.2,0.3,0.0,20491.0
CRS3035RES200mN2617400E3477200,42.0,15.0,1.0,1.0,1.0,14.0,1.0,1055675.9,1667.0,0.0,15.0,0.0,2.0,0.0,0.0,5.0,5.0,3.0,8.0,7.0,7.0,5.0,25135.0
CRS3035RES200mN2617400E3477400,118.0,52.0,9.0,17.0,2.0,29.0,9.0,2653202.1,4596.0,2.0,50.0,0.0,7.0,6.0,8.0,14.0,5.0,26.0,29.0,8.0,14.0,1.0,22485.0
CRS3035RES200mN2617400E3477600,71.5,29.0,2.0,7.0,1.0,22.0,3.0,1826581.7,3501.0,2.0,27.0,0.0,1.0,2.0,5.0,6.5,6.0,6.0,14.0,11.0,18.0,2.0,25547.0
CRS3035RES200mN2617400E3477800,62.5,27.0,0.0,6.0,1.0,23.0,5.0,1683478.9,2507.0,2.0,25.0,0.0,0.0,1.0,5.0,9.0,1.5,9.0,14.0,10.0,12.0,1.0,26936.0
CRS3035RES200mN2617400E3478000,28.0,12.0,1.0,3.0,0.0,12.0,0.0,952419.0,1924.0,0.0,12.0,0.0,0.0,0.0,2.0,1.0,2.0,4.0,3.0,6.0,8.0,2.0,34015.0
CRS3035RES200mN2617400E3478200,13.0,5.3,0.6,1.0,0.3,3.9,0.9,307316.8,602.5,0.0,5.3,0.0,0.6,0.3,1.5,1.3,0.3,2.1,2.1,2.1,2.2,0.5,23640.0
CRS3035RES200mN2617400E3478400,77.0,34.0,4.0,6.0,0.0,32.0,3.0,1687709.6,3527.0,0.0,34.0,0.0,5.0,2.0,4.0,4.0,3.0,13.0,9.0,9.0,22.0,6.0,21918.0
CRS3035RES200mN2617400E3478600,165.5,58.0,2.0,6.0,4.0,47.0,7.0,4057946.6,5763.0,0.0,58.0,0.0,13.0,5.0,15.0,14.5,10.0,35.0,37.0,12.0,22.0,2.0,24519.0
CRS3035RES200mN2617400E3478800,53.0,22.0,1.0,3.0,0.0,21.0,1.0,1528046.0,2605.0,0.0,22.0,0.0,1.0,1.0,3.0,4.0,2.0,3.0,12.0,6.0,15.0,6.0,28831.0
CRS3035RES200mN2617400E3479000,11.0,4.9,0.4,0.8,0.0,4.5,0.0,287461.7,616.4,0.0,4.9,0.0,0.4,0.0,0.0,0.8,0.0,2.1,1.2,1.2,4.1,1.2,26133.0
CRS3035RES200mN2617400E3480600,3.0,1.3,0.2,0.3,0.1,1.1,0.2,74196.6,182.3,0.0,1.3,0.0,0.0,0.0,0.2,0.3,0.2,0.5,0.7,0.2,0.8,0.1,24732.0
CRS3035RES200mN2617400E3483800,7.0,2.6,0.2,0.2,0.1,2.6,0.0,164912.3,302.3,0.0,2.6,0.0,0.3,0.1,0.7,0.2,0.3,0.8,2.0,0.8,0.9,0.9,23559.0
CRS3035RES200mN2617400E3484000,29.5,11.0,0.0,1.1,1.1,9.9,1.1,823039.4,1537.9,0.0,11.0,0.0,0.0,0.0,3.0,3.3,1.6,5.5,8.3,2.2,3.9,1.7,27900.0
CRS3035RES200mN2617400E3484200,41.0,17.0,0.0,3.0,1.0,12.0,2.0,979171.4,1948.0,0.0,17.0,0.0,2.0,2.0,3.5,3.5,1.0,10.0,5.0,8.0,3.0,3.0,23882.0
CRS3035RES200mN2617400E3494200,5.0,2.2,0.0,0.9,0.1,2.0,0.1,118580.6,219.5,0.0,2.2,0.0,0.2,0.0,0.1,0.1,0.6,0.8,1.1,1.0,0.7,0.4,23716.0
CRS3035RES200mN2617400E3494800,59.0,19.0,0.0,1.0,1.0,16.0,0.0,1555011.6,2061.0,0.0,19.0,0.0,2.0,3.0,3.0,6.0,6.0,8.0,18.0,9.0,4.0,0.0,26356.0
CRS3035RES200mN2617400E3495000,27.5,11.0,1.0,6.0,2.0,7.0,0.0,638758.3,1359.0,0.0,11.0,0.0,0.5,1.0,0.0,4.0,3.0,6.0,8.0,2.0,3.0,0.0,23228.0
CRS3035RES200mN2617400E3495600,4.0,1.4,0.1,0.1,0.2,1.2,0.1,100963.0,192.5,0.0,1.4,0.0,0.1,0.1,0.0,0.3,0.8,0.3,0.7,0.7,0.5,0.5,25241.0
CRS3035RES200mN2617400E3498000,9.0,3.8,0.5,1.1,0.2,3.3,0.3,201526.6,423.2,0.0,3.8,0.0,0.1,0.2,1.0,0.7,0.6,0.9,2.0,1.2,1.7,0.6,22392.0
CRS3035RES200mN2617400E3498200,3.0,1.3,0.2,0.4,0.1,1.1,0.1,67175.5,141.1,0.0,1.3,0.0,0.0,0.1,0.3,0.2,0.2,0.3,0.7,0.4,0.6,0.2,22392.0
CRS3035RES200mN2617400E3498400,21.0,8.8,1.1,2.5,0.4,7.6,0.8,470228.7,987.6,0.0,8.8,0.0,0.2,0.6,2.3,1.5,1.3,2.1,4.8,2.9,4.0,1.3,22392.0
CRS3035RES200mN2617400E3498600,29.5,11.0,0.0,1.0,0.0,10.0,0.0,749428.9,1380.0,0.0,11.0,0.0,2.0,0.5,0.0,1.0,3.0,3.0,6.0,3.0,11.0,0.0,25404.0
CRS3035RES200mN2617400E3498800,20.5,8.6,1.1,2.4,0.4,7.5,0.7,459032.8,964.1,0.0,8.6,0.0,0.2,0.6,2.2,1.5,1.3,2.0,4.7,2.8,3.9,1.3,22392.0
CRS3035RES200mN2617400E3499000,36.0,11.0,1.0,1.0,2.0,9.0,1.0,740537.2,1523.0,0.0,11.0,0.0,1.0,0.0,3.0,5.0,4.0,1.0,10.0,6.0,5.0,1.0,20570.0
CRS3035RES200mN2617600E3465000,32.0,18.0,3.0,7.0,0.0,12.0,4.0,913329.0,1474.0,1.0,17.0,0.0,1.0,0.0,4.5,1.5,2.0,7.0,3.0,6.0,7.0,0.0,28542.0
CRS3035RES200mN2617600E3465200,57.0,24.0,1.0,7.0,1.0,24.0,1.0,1732295.8,2629.0,0.0,24.0,0.0,3.0,1.0,1.0,5.0,3.0,6.0,11.0,9.0,14.0,4.0,30391.0
CRS3035RES200mN2617600E3465400,5.0,1.8,0.2,0.5,0.2,1.5,0.2,140738.2,207.8,0.0,1.8,0.0,0.0,0.0,0.4,0.8,0.3,0.6,1.4,0.5,0.9,0.1,28148.0
CRS3035RES200mN2617600E3468400,7.5,3.3,0.2,1.0,0.2,2.4,0.3,220142.9,355.2,0.1,3.2,0.2,0.5,0.3,0.2,0.5,0.3,1.5,1.5,0.9,1.8,0.0,29352.0
CRS3035RES200mN2617600E3468600,96.5,43.0,3.0,14.0,1.0,25.0,3.0,2357647.3,3931.0,2.0,41.0,0.0,6.0,2.0,4.5,6.0,7.0,19.0,20.0,15.0,13.0,4.0,24432.0
CRS3035RES200mN2617600E3468800,46.0,21.0,1.0,5.0,0.0,13.0,4.0,1165063.4,2328.0,0.0,21.0,2.0,3.0,1.0,2.0,4.0,2.0,6.0,8.0,3.0,14.0,3.0,25327.0
CRS3035RES200mN2617600E3469000,50.0,34.0,0.0,18.0,0.0,27.0,0.0,1559678.2,2698.0,32.0,2.0,0.0,0.0,0.0,0.0,0.0,0.0,0.0,1.0,0.0,36.0,13.0,31194.0
CRS3035RES200mN2617600E3472600,1.0,0.5,0.0,0.1,0.0,0.4,0.0,29029.4,57.9,0.0,0.5,0.0,0.0,0.0,0.0,0.1,0.0,0.1,0.2,0.3,0.3,0.0,29029.0
CRS3035RES200mN2617600E3473000,4.0,1.3,0.2,0.0,0.1,0.5,0.2,81965.2,118.0,0.0,1.3,0.4,0.2,0.2,0.2,0.4,0.5,1.1,0.6,0.3,0.5,0.0,20491.0
CRS3035RES200mN2617600E3473200,43.5,21.0,2.0,6.0,1.0,15.0,2.0,1219911.8,2095.0,0.0,21.0,0.0,1.0,1.0,0.5,2.5,3.5,5.0,8.0,8.0,11.0,3.0,28044.0
CRS3035RES200mN2617600E3473400,52.0,20.0,2.0,7.0,2.0,13.0,2.0,1105352.3,1946.0,0.0,20.0,3.0,4.0,1.0,3.0,4.0,5.0,15.0,8.0,8.0,1.0,3.0,21257.0
CRS3035RES200mN2617600E3473600,2.0,0.7,0.1,0.0,0.0,0.2,0.1,40982.6,59.0,0.0,0.7,0.2,0.1,0.1,0.1,0.2,0.2,0.5,0.3,0.2,0.3,0.0,20491.0
CRS3035RES200mN2617600E3476800,1.0,0.5,0.1,0.2,0.0,0.4,0.0,23915.8,52.1,0.0,0.5,0.0,0.0,0.0,0.0,0.1,0.1,0.0,0.3,0.2,0.2,0.1,23916.0
CRS3035RES200mN2617600E3477000,5.0,1.8,0.1,0.3,0.2,1.5,0.2,136110.5,183.3,0.0,1.8,0.0,0.1,0.3,0.2,0.6,0.3,1.7,0.8,0.3,0.6,0.1,27222.0
CRS3035RES200mN2617600E3477200,51.0,22.0,1.0,4.0,1.0,20.0,2.0,1390238.1,2534.0,0.0,22.0,0.0,0.0,1.0,4.0,1.0,2.0,11.0,9.0,10.0,9.0,4.0,27260.0
CRS3035RES200mN2617600E3477400,44.0,17.0,0.0,2.0,1.0,14.0,2.0,1149023.1,1928.0,0.0,17.0,0.0,1.0,1.0,0.0,7.0,4.0,5.0,12.0,5.0,6.0,3.0,26114.0
CRS3035RES200mN2617600E3477600,63.0,28.0,6.0,10.0,2.0,19.0,4.0,1384072.0,3027.0,2.0,26.0,0.0,3.0,0.0,2.0,7.0,7.0,10.0,8.0,14.0,7.0,5.0,21969.0
CRS3035RES200mN2617600E3477800,51.0,22.0,1.0,3.0,0.0,15.0,3.0,1377215.1,2534.0,0.0,22.0,0.0,3.0,1.0,4.0,1.0,2.0,14.0,6.0,10.0,10.0,0.0,27004.0
CRS3035RES200mN2617600E3478000,67.5,27.0,1.0,5.0,1.0,20.0,3.0,1685539.4,2871.0,2.0,25.0,0.0,2.0,2.0,4.0,6.0,4.5,9.0,12.0,16.0,8.0,4.0,24971.0
CRS3035RES200mN2617600E3478200,20.0,8.2,1.0,1.6,0.4,6.0,1.4,472795.0,927.0,0.0,8.2,0.0,1.0,0.4,2.2,2.0,0.4,3.3,3.3,3.3,3.3,0.8,23640.0
CRS3035RES200mN2617600E3478400,21.0,8.6,1.0,1.6,0.4,6.3,1.4,496434.8,973.3,0.0,8.6,0.0,1.0,0.4,2.3,2.1,0.4,3.5,3.5,3.5,3.5,0.8,23640.0
CRS3035RES200mN2617600E3478600,91.0,39.0,3.0,10.0,1.0,31.0,7.0,2231030.3,3916.0,0.0,39.0,0.0,4.0,2.0,4.0,9.0,8.0,12.0,19.0,16.0,13.0,4.0,24517.0
CRS3035RES200mN2617600E3478800,109.0,48.0,2.0,14.0,3.0,46.0,6.0,2591596.7,4406.0,0.0,48.0,0.0,9.0,0.0,6.5,8.5,8.0,25.0,19.0,6.0,24.0,3.0,23776.0
CRS3035RES200mN2617600E3479000,52.0,23.0,1.0,2.0,0.0,22.0,1.0,1403763.3,2327.0,0.0,23.0,0.0,0.0,0.0,1.0,3.0,2.0,1.0,10.0,13.0,17.0,5.0,26995.0
CRS3035RES200mN2617600E3479200,3.0,1.3,0.1,0.2,0.0,1.2,0.0,78398.6,168.1,0.0,1.3,0.0,0.1,0.0,0.0,0.2,0.0,0.6,0.3,0.3,1.1,0.4,26133.0
CRS3035RES200mN2617600E3491600,3.0,1.2,0.1,0.3,0.2,0.8,0.1,68546.8,146.2,0.0,1.2,0.0,0.3,0.1,0.1,0.1,0.2,0.6,0.4,0.7,0.4,0.1,22849.0
CRS3035RES200mN2617600E3493800,1.0,0.4,0.0,0.1,0.0,0.3,0.0,25423.3,43.0,0.0,0.4,0.0,0.0,0.1,0.0,0.1,0.1,0.2,0.1,0.1,0.2,0.1,25423.0
CRS3035RES200mN2617600E3494000,1.0,0.4,0.0,0.2,0.0,0.4,0.0,23716.1,43.9,0.0,0.4,0.0,0.1,0.0,0.0,0.0,0.1,0.2,0.2,0.2,0.1,0.1,23716.0
CRS3035RES200mN2617600E3495000,5.0,1.8,0.1,0.1,0.3,1.5,0.1,126203.7,240.7,0.0,1.8,0.0,0.1,0.1,0.0,0.4,1.0,0.4,0.8,0.8,0.7,0.7,25241.0
CRS3035RES200mN2617600E3495200,3.0,1.1,0.1,0.1,0.2,0.9,0.1,75722.2,144.4,0.0,1.1,0.0,0.1,0.1,0.0,0.2,0.6,0.2,0.5,0.5,0.4,0.4,25241.0
CRS3035RES200mN2617600E3495600,2.0,0.7,0.1,0.1,0.1,0.6,0.1,50481.5,96.3,0.0,0.7,0.0,0.0,0.0,0.0,0.2,0.4,0.2,0.3,0.3,0.3,0.3,25241.0
CRS3035RES200mN2617600E3498000,18.0,7.5,1.0,2.1,0.3,6.5,0.7,403053.2,846.5,0.0,7.5,0.0,0.2,0.5,2.0,1.3,1.1,1.8,4.1,2.5,3.4,1.1,22392.0
CRS3035RES200mN2617600E3498200,25.5,11.0,0.0,3.0,0.0,8.0,0.0,573043.9,1213.0,0.0,11.0,0.0,0.0,0.0,0.5,4.0,2.0,4.0,4.0,5.0,3.0,3.0,22472.0
CRS3035RES200mN2617600E3498400,32.0,16.0,3.0,6.0,0.0,15.0,2.0,625184.7,1702.0,0.0,16.0,0.0,1.0,1.0,3.0,2.0,2.0,8.0,5.0,2.0,6.0,2.0,19537.0
CRS3035RES200mN2617600E3498600,33.0,13.0,0.0,1.0,1.0,11.0,0.0,898869.0,1800.0,0.0,13.0,0.0,0.0,0.0,0.0,5.0,3.0,2.0,10.0,3.0,9.0,1.0,27238.0
CRS3035RES200mN2617600E3498800,42.5,16.0,3.0,1.0,0.0,15.0,3.0,938597.6,2083.0,0.0,16.0,0.0,3.0,2.0,3.0,2.5,2.0,8.0,9.0,3.0,6.0,4.0,22085.0
CRS3035RES200mN2617600E3499000,12.0,4.5,0.8,1.1,0.8,4.1,0.0,256122.4,703.5,0.0,4.5,0.0,0.7,0.4,0.4,0.4,3.0,1.5,2.2,0.0,1.9,1.5,21344.0
CRS3035RES200mN2617800E3464600,11.0,4.6,0.0,0.4,0.2,3.0,1.1,322355.9,579.8,0.0,4.6,0.9,0.2,0.2,0.5,1.1,0.7,1.5,2.4,0.7,3.3,0.4,29305.0
CRS3035RES200mN2617800E3464800,39.5,16.4,0.0,1.6,0.8,11.0,3.9,1157550.8,2082.2,0.0,16.4,3.1,0.8,0.8,2.0,3.9,2.3,5.5,8.6,2.3,11.7,1.6,29305.0
CRS3035RES200mN2617800E3465000,26.0,9.6,1.2,2.4,0.8,7.6,0.8,731838.5,1080.8,0.0,9.6,0.0,0.0,0.0,2.0,4.4,1.6,3.2,7.2,2.8,4.4,0.4,28148.0
CRS3035RES200mN2617800E3465200,7.0,2.6,0.3,0.6,0.2,2.0,0.2,197033.4,291.0,0.0,2.6,0.0,0.0,0.0,0.5,1.2,0.4,0.9,1.9,0.8,1.2,0.1,28148.0
CRS3035RES200mN2617800E3465400,13.0,4.8,0.6,1.2,0.4,3.8,0.4,365919.2,540.4,0.0,4.8,0.0,0.0,0.0,1.0,2.2,0.8,1.6,3.6,1.4,2.2,0.2,28148.0
CRS3035RES200mN2617800E3466800,4.0,1.8,0.1,0.3,0.0,1.7,0.2,108418.9,191.2,0.0,1.8,0.0,0.0,0.1,0.1,0.0,0.3,0.2,0.6,0.2,2.1,0.4,27105.0
CRS3035RES200mN2617800E3468600,5.0,2.2,0.1,0.6,0.1,1.6,0.2,146761.9,236.8,0.1,2.1,0.1,0.3,0.2,0.2,0.3,0.2,1.0,1.0,0.6,1.2,0.0,29352.0
CRS3035RES200mN2617800E3468800,25.0,10.9,0.5,3.2,0.5,8.0,0.9,733809.6,1184.2,0.2,10.7,0.5,1.8,0.9,0.8,1.8,1.0,5.0,4.8,3.0,5.9,0.0,29352.0
CRS3035RES200mN2617800E3472200,15.0,7.0,0.0,1.6,0.0,6.4,0.5,435441.6,868.4,0.0,7.0,0.0,0.0,0.0,0.0,1.1,0.0,2.1,3.7,4.3,3.8,0.0,29029.0
CRS3035RES200mN2617800E3472400,72.0,22.0,0.0,1.0,2.0,20.0,0.0,2342438.5,2984.0,0.0,22.0,0.0,2.0,1.0,8.0,8.0,7.0,8.0,23.0,3.0,8.0,4.0,32534.0
CRS3035RES200mN2617800E3472600,46.0,21.0,1.0,5.0,0.0,16.0,4.0,1052401.0,2408.0,0.0,21.0,0.0,3.0,2.0,0.0,7.0,2.0,8.0,9.0,7.0,6.0,2.0,22878.0
CRS3035RES200mN2617800E3472800,58.0,25.0,4.0,10.0,3.0,12.0,5.0,1381290.4,2240.0,2.0,23.0,0.0,3.0,2.0,4.0,10.0,5.0,10.0,16.0,2.0,4.0,2.0,23815.0
CRS3035RES200mN2617800E3473000,91.5,36.0,6.0,12.0,4.0,24.0,4.0,2153117.9,3474.0,0.0,36.0,3.0,2.0,2.0,10.0,13.5,6.0,18.0,21.0,9.0,10.0,0.0,23531.0
CRS3035RES200mN2617800E3473200,58.0,21.0,3.0,4.0,1.0,20.0,1.0,1285304.0,2296.0,0.0,21.0,0.0,3.0,4.0,2.0,8.0,4.0,11.0,10.0,5.0,11.0,0.0,22160.0
CRS3035RES200mN2617800E3473400,17.0,5.7,0.7,0.0,0.4,2.1,1.1,348351.9,501.5,0.0,5.7,1.8,1.1,0.9,0.7,1.6,2.1,4.6,2.5,1.4,2.1,0.0,20491.0
CRS3035RES200mN2617800E3476800,2.0,1.0,0.3,0.4,0.0,0.8,0.1,47831.6,104.3,0.0,1.0,0.0,0.0,0.0,0.1,0.3,0.1,0.1,0.6,0.4,0.3,0.1,23916.0
CRS3035RES200mN2617800E3477000,62.5,24.0,1.0,6.0,2.0,20.0,1.0,1553321.8,2664.0,0.0,24.0,0.0,0.0,1.0,3.0,9.5,5.0,3.0,19.0,7.0,10.0,5.0,24853.0
CRS3035RES200mN2617800E3477200,76.0,34.0,3.0,8.0,0.0,24.0,7.0,1832541.8,3378.0,5.0,29.0,0.0,3.0,3.5,7.5,6.0,3.0,10.0,15.0,14.0,12.0,2.0,24112.0
CRS3035RES200mN2617800E3477400,69.0,32.0,2.0,9.0,1.0,22.0,4.0,1641492.0,3141.0,1.0,31.0,0.0,1.0,0.0,2.5,10.0,4.5,9.0,14.0,15.0,12.0,1.0,23790.0
CRS3035RES200mN2617800E3477600,58.0,30.0,5.0,11.0,0.0,22.0,3.0,1334059.8,3060.0,3.0,27.0,0.0,0.0,2.0,2.0,2.0,5.0,9.0,7.0,8.0,11.0,12.0,23001.0
CRS3035RES200mN2617800E3477800,56.0,27.0,3.0,8.0,0.0,25.0,2.0,1343422.2,2831.0,0.0,27.0,0.0,3.0,1.0,3.0,3.0,3.0,7.0,8.0,13.0,12.0,3.0,23990.0
CRS3035RES200mN2617800E3478000,62.5,34.0,3.0,17.0,0.0,14.0,4.0,1412613.3,3249.0,5.0,29.0,0.0,1.0,1.0,4.0,7.5,2.0,11.0,9.0,5.0,14.0,8.0,22602.0
CRS3035RES200mN2617800E3478200,152.0,65.0,6.0,17.0,1.0,39.0,10.0,3812295.6,6412.0,2.0,63.0,0.0,7.0,3.0,8.5,19.5,9.0,38.0,30.0,13.0,18.0,6.0,25081.0
CRS3035RES200mN2617800E3478400,50.0,27.0,1.0,10.0,0.0,24.0,1.0,1437119.0,3035.0,3.0,24.0,0.0,2.0,2.0,1.0,0.0,0.0,16.0,4.0,11.0,11.0,3.0,28742.0
CRS3035RES200mN2617800E3478600,10.0,4.1,0.5,0.8,0.2,3.0,0.7,236397.5,463.5,0.0,4.1,0.0,0.5,0.2,1.1,1.0,0.2,1.6,1.6,1.7,1.7,0.4,23640.0
CRS3035RES200mN2617800E3478800,40.0,22.0,2.0,9.0,0.0,18.0,2.0,967572.4,1898.0,0.0,22.0,0.0,0.0,0.0,2.0,4.0,0.0,1.0,11.0,12.0,7.0,3.0,24189.0
CRS3035RES200mN2617800E3479000,33.0,18.0,0.0,7.0,1.0,17.0,0.0,859662.0,1834.0,0.0,18.0,0.0,0.0,0.0,0.0,1.0,2.0,0.0,3.0,6.0,13.0,8.0,26050.0
CRS3035RES200mN2617800E3479200,8.0,3.6,0.3,0.6,0.0,3.3,0.0,209063.0,448.3,0.0,3.6,0.0,0.3,0.0,0.0,0.6,0.0,1.5,0.9,0.9,2.9,0.9,26133.0
CRS3035RES200mN2617800E3481600,4.0,1.7,0.3,0.4,0.1,1.5,0.3,98928.8,243.0,0.0,1.7,0.0,0.0,0.1,0.2,0.4,0.2,0.7,0.9,0.3,1.1,0.1,24732.0
CRS3035RES200mN2617800E3488200,9.0,3.5,0.3,0.8,0.7,2.3,0.3,205640.4,438.7,0.0,3.5,0.0,0.7,0.2,0.3,0.4,0.7,1.7,1.2,2.2,1.3,0.3,22849.0
CRS3035RES200mN2617800E3491800,4.0,1.6,0.1,0.4,0.3,1.0,0.1,91395.7,195.0,0.0,1.6,0.0,0.3,0.1,0.1,0.2,0.3,0.7,0.5,1.0,0.6,0.2,22849.0
CRS3035RES200mN2617800E3492800,3.0,1.2,0.1,0.3,0.1,0.9,0.0,76270.0,129.0,0.1,1.1,0.0,0.1,0.1,0.1,0.3,0.3,0.5,0.4,0.4,0.6,0.2,25423.0
CRS3035RES200mN2617800E3493600,11.0,4.2,0.4,1.1,0.4,3.4,0.0,279656.8,473.0,0.2,4.0,0.0,0.4,0.4,0.2,1.1,1.1,1.7,1.5,1.5,2.3,0.8,25423.0
CRS3035RES200mN2617800E3493800,23.0,8.8,0.9,2.2,0.9,7.1,0.0,584737.0,989.0,0.4,8.4,0.0,0.9,0.9,0.4,2.2,2.2,3.5,3.1,3.1,4.9,1.8,25423.0
CRS3035RES200mN2617800E3494000,1.0,0.4,0.0,0.2,0.0,0.4,0.0,23716.1,43.9,0.0,0.4,0.0,0.1,0.0,0.0,0.0,0.1,0.2,0.2,0.2,0.1,0.1,23716.0
CRS3035RES200mN2617800E3495600,13.0,4.6,0.4,0.4,0.7,3.9,0.4,328129.6,625.8,0.0,4.6,0.0,0.3,0.3,0.0,1.0,2.5,1.1,2.1,2.1,1.8,1.8,25241.0
CRS3035RES200mN2617800E3495800,10.0,3.5,0.3,0.3,0.5,3.0,0.3,252407.4,481.4,0.0,3.5,0.0,0.3,0.3,0.0,0.8,1.9,0.8,1.6,1.6,1.3,1.4,25241.0
CRS3035RES200mN2617800E3498400,39.0,19.0,3.0,8.0,0.0,11.0,1.0,716088.6,2438.0,0.0,19.0,0.0,1.0,1.0,2.0,3.0,4.0,7.0,9.0,4.0,5.0,3.0,18361.0
CRS3035RES200mN2617800E3498600,33.0,16.0,4.0,7.0,1.0,14.0,3.0,863155.7,2180.0,0.0,16.0,0.0,0.0,0.0,0.0,5.0,2.0,3.0,7.0,7.0,7.0,2.0,26156.0
CRS3035RES200mN2617800E3498800,19.0,7.9,1.0,2.2,0.3,6.9,0.7,425445.0,893.5,0.0,7.9,0.0,0.2,0.5,2.1,1.4,1.2,1.9,4.3,2.6,3.6,1.2,22392.0
CRS3035RES200mN2617800E3499000,4.0,1.5,0.2,0.4,0.2,1.4,0.0,85374.1,234.5,0.0,1.5,0.0,0.3,0.1,0.1,0.1,1.0,0.5,0.8,0.0,0.6,0.5,21344.0
CRS3035RES200mN2618000E3464400,8.5,4.2,0.0,1.1,0.0,3.8,0.4,302006.3,605.6,0.0,4.2,0.0,0.0,0.0,0.0,0.2,0.0,1.5,1.1,1.9,3.4,0.4,35530.0
CRS3035RES200mN2618000E3464600,71.0,31.0,2.0,7.0,1.0,23.0,1.0,2273820.0,4116.0,1.0,30.0,0.0,0.0,0.0,6.0,6.0,3.0,4.0,16.0,9.0,25.0,2.0,32026.0
CRS3035RES200mN2618000E3464800,111.5,38.0,3.0,6.0,6.0,32.0,3.0,3478206.9,4346.0,0.0,38.0,0.0,2.0,2.0,5.0,13.0,11.5,15.0,23.0,18.0,15.0,7.0,31195.0
CRS3035RES200mN2618000E3465400,7.0,3.5,0.4,0.6,0.0,2.8,0.2,173013.5,372.5,0.0,3.5,0.0,0.0,0.0,0.2,0.2,0.0,1.3,1.3,0.7,2.0,1.3,24716.0
CRS3035RES200mN2618000E3465600,4.0,2.0,0.2,0.3,0.0,1.6,0.1,98864.9,212.8,0.0,2.0,0.0,0.0,0.0,0.1,0.1,0.0,0.7,0.7,0.4,1.2,0.8,24716.0
CRS3035RES200mN2618000E3466400,7.5,2.9,0.2,0.4,0.2,2.1,0.0,238217.9,265.9,0.0,2.9,0.0,0.2,0.2,0.8,0.5,0.8,0.4,1.7,1.7,0.8,0.4,31762.0
CRS3035RES200mN2618000E3467800,4.0,1.4,0.2,0.2,0.1,1.2,0.3,109490.0,184.8,0.1,1.3,0.0,0.1,0.1,0.1,0.3,0.1,0.5,1.2,0.7,0.6,0.3,27372.0
CRS3035RES200mN2618000E3468200,8.0,2.8,0.2,0.0,0.0,2.6,0.0,227542.8,389.8,0.0,2.8,0.0,0.2,0.6,0.0,0.4,1.0,0.2,2.2,1.2,2.2,0.0,28443.0
CRS3035RES200mN2618000E3468400,35.0,16.0,1.0,5.0,2.0,10.0,1.0,1069693.2,1979.0,1.0,15.0,0.0,1.0,0.0,0.0,1.0,8.0,5.0,7.0,4.0,7.0,2.0,30563.0
CRS3035RES200mN2618000E3468600,66.5,34.0,2.0,12.0,0.0,24.0,3.0,1915221.8,3637.0,0.0,34.0,0.0,1.0,0.0,5.0,4.5,1.0,15.0,15.0,13.0,9.0,3.0,28800.0
CRS3035RES200mN2618000E3468800,54.0,27.0,2.0,8.0,1.0,17.0,2.0,1485657.9,2968.0,0.0,27.0,3.0,4.0,1.0,0.0,3.0,1.0,9.0,8.0,9.0,17.0,2.0,27512.0
CRS3035RES200mN2618000E3469600,2.0,1.0,0.2,0.3,0.0,0.7,0.0,54605.3,127.4,0.0,1.0,0.0,0.0,0.0,0.0,0.2,0.0,0.3,0.4,0.4,0.5,0.2,27303.0
CRS3035RES200mN2618000E3472000,21.0,8.9,0.5,2.1,0.5,7.9,0.0,582063.7,1006.4,0.0,8.9,0.0,0.0,0.5,1.0,1.0,1.1,2.1,6.3,5.8,3.2,0.0,27717.0
CRS3035RES200mN2618000E3472200,80.0,33.0,2.0,3.0,2.0,30.0,6.0,2230104.6,3800.0,0.0,33.0,0.0,0.5,0.5,10.0,6.0,5.0,10.0,21.0,18.0,6.0,3.0,27876.0
CRS3035RES200mN2618000E3472400,108.5,44.0,1.0,9.0,3.0,33.0,5.0,2777602.4,4555.0,1.0,43.0,0.0,6.0,0.0,9.0,7.5,7.0,29.0,25.0,9.0,11.0,5.0,25600.0
CRS3035RES200mN2618000E3472600,161.0,80.0,18.0,31.0,0.0,30.0,10.0,3613810.7,6761.0,15.0,65.0,0.0,8.0,2.5,12.5,12.0,14.0,34.0,47.0,16.0,14.0,1.0,22446.0
CRS3035RES200mN2618000E3472800,50.0,20.0,2.0,5.0,1.0,15.0,0.0,1382366.0,2279.0,1.0,19.0,0.0,4.0,4.0,4.0,1.0,2.0,18.0,7.0,3.0,4.0,3.0,27647.0
CRS3035RES200mN2618000E3473000,4.0,1.9,0.1,0.2,0.0,1.8,0.2,105659.9,213.4,0.0,1.9,0.0,0.0,0.2,0.0,0.2,0.0,0.5,0.7,0.8,1.6,0.0,26415.0
CRS3035RES200mN2618000E3473200,12.0,5.8,0.2,0.8,0.0,5.2,0.5,316979.8,640.2,0.0,5.8,0.0,0.0,0.5,0.0,0.5,0.0,1.5,2.0,2.5,5.0,0.0,26415.0
CRS3035RES200mN2618000E3475000,3.0,1.4,0.5,0.4,0.0,1.0,0.1,55904.2,154.8,0.1,1.3,0.0,0.0,0.0,0.0,0.3,0.3,0.1,0.9,0.1,1.0,0.3,18635.0
CRS3035RES200mN2618000E3476800,2.0,0.9,0.2,0.3,0.1,0.9,0.1,45652.0,102.6,0.0,0.9,0.0,0.0,0.0,0.2,0.2,0.0,0.3,0.4,0.1,0.4,0.4,22826.0
CRS3035RES200mN2618000E3477000,40.0,22.0,3.0,12.0,0.0,12.0,1.0,1005325.1,1828.0,3.0,19.0,0.0,2.0,2.0,2.0,1.0,1.0,9.0,4.0,7.0,11.0,1.0,25133.0
CRS3035RES200mN2618000E3477200,8.0,3.6,0.6,1.3,0.2,3.6,0.2,182608.1,410.3,0.0,3.6,0.0,0.2,0.2,0.6,0.6,0.0,1.1,1.5,0.4,1.7,1.7,22826.0
CRS3035RES200mN2618000E3477400,65.5,28.0,1.0,4.0,1.0,20.0,4.0,1676409.7,3100.0,0.0,28.0,0.0,0.0,0.5,2.5,8.5,2.0,4.0,11.0,8.0,25.0,4.0,25594.0
CRS3035RES200mN2618000E3477600,59.5,28.0,3.0,7.0,0.0,14.0,3.0,1490994.5,2578.0,4.0,24.0,0.0,2.0,0.5,3.5,2.5,4.0,18.0,6.0,11.0,9.0,3.0,25059.0
CRS3035RES200mN2618000E3477800,29.0,15.0,2.0,7.0,0.0,9.0,3.0,823641.1,1411.0,2.0,13.0,0.0,1.0,0.0,0.0,5.0,2.0,2.0,10.0,1.0,4.0,4.0,28401.0
CRS3035RES200mN2618000E3478000,24.5,11.0,4.0,5.0,1.0,3.0,2.0,550673.7,1008.0,2.0,9.0,0.0,1.0,0.0,0.5,6.0,3.0,2.0,6.0,4.0,1.0,1.0,22476.0
CRS3035RES200mN2618000E3478200,139.5,70.0,11.0,35.0,4.0,27.0,9.0,3003499.1,6537.0,15.0,55.0,0.0,7.5,5.0,11.5,12.5,11.0,23.0,24.0,14.0,18.0,13.0,21530.0
CRS3035RES200mN2618000E3478400,98.0,39.0,4.0,8.0,3.0,28.0,1.0,2456171.0,4079.0,3.0,36.0,0.0,6.0,1.0,8.5,9.5,2.0,16.0,18.0,13.0,20.0,4.0,25063.0
CRS3035RES200mN2618000E3478600,19.0,6.9,0.0,1.0,0.4,5.3,0.8,556494.1,779.0,0.0,6.9,0.0,0.4,0.2,0.4,1.4,4.3,0.8,4.7,3.6,3.0,0.2,29289.0
CRS3035RES200mN2618000E3478800,12.0,4.4,0.0,0.6,0.2,3.4,0.5,351470.0,492.0,0.0,4.4,0.0,0.2,0.1,0.2,0.9,2.8,0.5,3.0,2.3,1.9,0.1,29289.0
CRS3035RES200mN2618000E3481600,11.0,4.0,0.3,0.3,0.2,4.0,0.0,259147.8,475.0,0.0,4.0,0.0,0.5,0.2,1.0,0.3,0.5,1.3,3.1,1.3,1.4,1.4,23559.0
CRS3035RES200mN2618000E3481800,4.0,1.5,0.1,0.1,0.1,1.5,0.0,94235.6,172.7,0.0,1.5,0.0,0.2,0.0,0.4,0.1,0.2,0.5,1.1,0.5,0.5,0.5,23559.0
CRS3035RES200mN2618000E3482000,41.0,16.0,1.0,2.0,0.0,14.0,0.0,991477.2,1973.0,1.0,15.0,0.0,1.0,1.0,1.0,3.0,4.0,5.0,8.0,7.0,9.0,2.0,24182.0
CRS3035RES200mN2618000E3482200,13.0,6.1,1.2,2.0,0.0,5.7,0.8,322637.6,756.4,0.0,6.1,0.0,0.0,0.0,0.4,1.6,0.8,1.6,3.7,1.6,2.9,0.4,24818.0
CRS3035RES200mN2618000E3484000,27.0,12.0,1.0,3.0,0.0,10.0,2.0,645528.1,1336.0,0.0,12.0,0.0,1.0,2.0,3.0,2.0,0.0,7.0,3.0,3.0,5.0,1.0,23908.0
CRS3035RES200mN2618000E3484200,17.0,7.0,1.2,1.9,0.0,6.5,0.3,394251.6,819.8,0.0,7.0,0.0,0.5,0.6,0.9,1.5,1.4,2.6,4.6,1.5,3.1,0.3,23191.0
CRS3035RES200mN2618000E3484400,2.0,0.8,0.1,0.2,0.0,0.8,0.0,46382.5,96.4,0.0,0.8,0.0,0.0,0.1,0.1,0.2,0.2,0.3,0.5,0.2,0.4,0.0,23191.0
CRS3035RES200mN2618000E3484800,22.0,9.1,1.6,2.4,0.0,8.4,0.4,510207.9,1060.9,0.0,9.1,0.0,0.7,0.8,1.1,1.9,1.8,3.3,6.0,2.0,4.0,0.4,23191.0
CRS3035RES200mN2618000E3493400,20.5,9.8,0.3,2.8,0.3,7.6,1.3,438042.5,979.9,0.0,9.8,0.9,1.9,0.3,0.8,1.1,0.6,3.8,2.8,1.9,3.8,3.5,21368.0
CRS3035RES200mN2618000E3493600,14.5,6.9,0.2,2.0,0.2,5.4,0.9,309834.9,693.1,0.0,6.9,0.7,1.3,0.2,0.6,0.8,0.4,2.7,2.0,1.3,2.7,2.5,21368.0
CRS3035RES200mN2618000E3493800,19.0,9.1,0.3,2.6,0.3,7.0,1.2,405990.6,908.2,0.0,9.1,0.9,1.8,0.3,0.7,1.0,0.6,3.5,2.6,1.8,3.5,3.2,21368.0
CRS3035RES200mN2618000E3494000,10.0,4.2,0.7,1.2,0.3,3.3,0.4,227978.2,490.3,0.0,4.2,0.0,0.7,0.1,0.8,0.7,0.5,1.4,2.2,0.9,2.4,0.3,22798.0
CRS3035RES200mN2618000E3494200,2.0,0.8,0.1,0.2,0.1,0.7,0.1,45595.6,98.1,0.0,0.8,0.0,0.1,0.0,0.2,0.1,0.1,0.3,0.4,0.2,0.5,0.1,22798.0
CRS3035RES200mN2618000E3495400,5.0,1.9,0.1,0.4,0.1,1.6,0.1,118182.9,253.5,0.0,1.9,0.0,0.3,0.1,0.5,0.4,0.2,1.0,0.7,0.4,1.4,0.0,23637.0
CRS3035RES200mN2618000E3495600,33.0,18.0,3.0,8.0,1.0,15.0,0.0,736924.9,2239.0,0.0,18.0,0.0,0.0,0.0,2.0,2.0,2.0,1.0,6.0,8.0,7.0,5.0,22331.0
CRS3035RES200mN2618000E3495800,28.0,10.8,0.5,2.2,0.5,9.2,0.5,661824.3,1419.4,0.0,10.8,0.0,1.6,0.5,2.7,2.1,1.1,5.9,3.8,2.2,8.1,0.0,23637.0
CRS3035RES200mN2618000E3498400,3.0,1.4,0.1,0.5,0.1,1.2,0.2,60542.1,158.4,0.0,1.4,0.0,0.1,0.0,0.1,0.3,0.2,0.5,0.5,0.3,0.6,0.4,20181.0
CRS3035RES200mN2618000E3498600,5.0,2.3,0.2,0.8,0.2,2.0,0.3,100903.4,264.0,0.0,2.3,0.0,0.2,0.0,0.1,0.5,0.4,0.8,0.8,0.6,1.0,0.6,20181.0
CRS3035RES200mN2618000E3501400,3.0,1.1,0.1,0.3,0.1,0.7,0.1,74828.1,175.8,0.0,1.1,0.0,0.3,0.2,0.1,0.3,0.1,0.6,0.7,0.1,0.6,0.0,24943.0
CRS3035RES200mN2618200E3464400,24.5,12.0,1.0,4.0,0.0,12.0,0.0,953292.2,1700.0,0.0,12.0,0.0,1.0,0.0,0.5,1.0,0.0,4.0,5.0,7.0,6.0,0.0,38910.0
CRS3035RES200mN2618200E3464600,92.0,53.0,10.0,26.0,0.0,35.0,9.0,2203692.8,4827.0,5.0,48.0,8.0,1.0,3.0,1.5,4.5,10.0,10.0,16.0,13.0,21.0,12.0,23953.0
CRS3035RES200mN2618200E3464800,69.5,30.0,2.0,6.0,1.0,24.0,2.0,2193789.6,3671.0,0.0,30.0,0.0,1.0,1.0,2.0,5.5,4.0,7.0,15.0,5.0,23.0,6.0,31565.0
CRS3035RES200mN2618200E3465000,37.0,19.0,0.0,8.0,1.0,16.0,0.0,1046340.1,2102.0,2.0,17.0,0.0,1.0,0.0,0.0,4.0,1.0,4.0,5.0,6.0,12.0,4.0,28279.0
CRS3035RES200mN2618200E3465200,37.5,12.0,0.0,2.0,1.0,1.0,1.0,986327.6,1154.0,0.0,12.0,0.0,7.0,2.0,2.5,3.0,2.0,11.0,8.0,0.0,2.0,0.0,26302.0
CRS3035RES200mN2618200E3466000,8.0,3.1,0.2,0.4,0.2,2.2,0.0,254099.1,283.6,0.0,3.1,0.0,0.2,0.2,0.9,0.5,0.9,0.4,1.8,1.8,0.9,0.4,31762.0
CRS3035RES200mN2618200E3466800,19.0,7.3,0.5,1.0,0.5,5.2,0.0,603485.4,673.6,0.0,7.3,0.0,0.5,0.5,2.1,1.3,2.1,1.0,4.2,4.2,2.1,1.0,31762.0
CRS3035RES200mN2618200E3467000,9.0,3.1,0.5,0.5,0.3,2.8,0.6,246352.5,415.7,0.2,2.9,0.0,0.3,0.3,0.3,0.6,0.2,1.2,2.6,1.6,1.3,0.6,27372.0
CRS3035RES200mN2618200E3467200,2.0,0.7,0.1,0.1,0.1,0.6,0.1,54745.0,92.4,0.0,0.7,0.0,0.1,0.1,0.1,0.1,0.0,0.3,0.6,0.3,0.3,0.1,27372.0
CRS3035RES200mN2618200E3467800,4.0,1.4,0.2,0.2,0.1,1.2,0.3,109490.0,184.8,0.1,1.3,0.0,0.1,0.1,0.1,0.3,0.1,0.5,1.2,0.7,0.6,0.3,27372.0
CRS3035RES200mN2618200E3468000,46.0,20.0,0.0,5.0,1.0,18.0,1.0,1420685.3,2574.0,0.0,20.0,0.0,5.0,0.0,3.0,1.0,3.0,7.0,4.0,5.0,12.0,6.0,30884.0
CRS3035RES200mN2618200E3468200,56.0,20.0,0.0,3.0,4.0,17.0,2.0,1892494.9,2357.0,0.0,20.0,0.0,6.0,0.0,3.0,4.0,1.0,12.0,11.0,7.0,10.0,2.0,33795.0
CRS3035RES200mN2618200E3468400,40.5,21.0,0.0,7.0,0.0,17.0,1.0,1168202.7,2555.0,0.0,21.0,0.0,0.0,1.0,0.0,2.5,3.0,1.0,9.0,9.0,11.0,4.0,28845.0
CRS3035RES200mN2618200E3468600,76.0,32.0,3.0,7.0,1.0,24.0,4.0,2025586.8,3419.0,0.0,32.0,0.0,1.0,2.0,6.0,6.0,5.0,10.0,21.0,7.0,14.0,4.0,26652.0
CRS3035RES200mN2618200E3468800,62.5,28.0,1.0,5.0,0.0,27.0,2.0,1915607.2,3699.0,0.0,28.0,0.0,1.0,1.0,2.0,3.0,4.5,4.0,11.0,11.0,19.0,6.0,30650.0
CRS3035RES200mN2618200E3469000,18.0,8.8,1.6,2.3,0.3,6.5,0.3,491447.3,1146.5,0.0,8.8,0.0,0.3,0.2,0.3,1.6,0.3,2.3,3.2,3.3,4.9,1.6,27303.0
CRS3035RES200mN2618200E3469200,1.0,0.5,0.1,0.1,0.0,0.4,0.0,27302.6,63.7,0.0,0.5,0.0,0.0,0.0,0.0,0.1,0.0,0.1,0.2,0.2,0.3,0.1,27303.0
CRS3035RES200mN2618200E3471600,5.0,1.6,0.1,0.0,0.3,1.5,0.0,150328.3,217.5,0.0,1.6,0.0,0.0,0.0,0.6,0.9,0.2,0.7,1.8,0.5,0.3,0.0,30066.0
CRS3035RES200mN2618200E3471800,37.5,14.0,1.0,0.0,1.0,12.0,4.0,1089973.3,1680.0,0.0,14.0,0.0,0.0,0.0,0.0,5.5,6.0,4.0,10.0,3.0,6.0,3.0,29066.0
CRS3035RES200mN2618200E3472000,64.5,25.0,3.0,4.0,1.0,20.0,1.0,1724774.7,2822.0,0.0,25.0,0.0,3.0,3.0,3.0,3.5,3.0,8.0,9.0,15.0,11.0,6.0,26741.0
CRS3035RES200mN2618200E3472200,71.0,31.0,2.0,11.0,2.0,27.0,2.0,1907080.7,3271.0,0.0,31.0,0.0,1.0,2.0,7.0,5.5,4.5,8.0,23.0,3.0,10.0,7.0,26860.0
CRS3035RES200mN2618200E3472400,61.0,26.0,2.0,8.0,1.0,18.0,1.0,1614729.8,2765.0,0.0,26.0,0.0,4.0,1.0,2.0,7.0,5.0,9.0,15.0,4.0,10.0,4.0,26471.0
CRS3035RES200mN2618200E3472600,61.5,26.0,0.0,6.0,1.0,21.0,3.0,1663239.4,2494.0,0.0,26.0,0.0,0.0,4.0,5.5,5.5,3.5,9.0,19.0,9.0,6.0,0.0,27045.0
CRS3035RES200mN2618200E3472800,33.0,13.0,1.0,4.0,1.0,13.0,1.0,817607.0,1113.0,0.0,13.0,0.0,0.0,0.0,2.0,9.0,0.0,7.0,11.0,0.0,2.0,2.0,24776.0
CRS3035RES200mN2618200E3477400,57.0,24.0,3.0,9.0,2.0,20.0,2.0,1298641.0,2339.0,0.0,24.0,0.0,1.0,0.5,2.5,11.0,4.0,5.0,12.0,7.0,8.0,6.0,22783.0
CRS3035RES200mN2618200E3477600,60.0,32.0,2.0,15.0,0.0,29.0,3.0,1399997.2,2768.0,0.0,32.0,0.0,2.0,1.0,0.0,4.0,4.0,9.0,10.0,6.0,10.0,14.0,23333.0
CRS3035RES200mN2618200E3477800,63.0,31.0,4.0,10.0,0.0,20.0,5.0,1546929.3,2888.0,0.0,31.0,0.0,1.0,0.0,4.0,7.0,2.0,8.0,18.0,6.0,12.0,5.0,24554.0
CRS3035RES200mN2618200E3478000,28.0,10.2,0.0,1.5,0.6,7.9,1.2,820096.6,1148.0,0.0,10.2,0.0,0.6,0.3,0.6,2.0,6.4,1.2,7.0,5.2,4.4,0.3,29289.0
CRS3035RES200mN2618200E3478200,50.5,23.0,5.0,5.0,1.0,15.0,6.0,1055667.7,2419.0,3.0,20.0,0.0,2.0,0.0,2.0,5.5,5.0,5.0,9.0,8.0,14.0,0.0,20904.0
CRS3035RES200mN2618200E3478400,62.0,30.0,6.0,9.0,1.0,16.0,4.0,1403491.7,2773.0,0.0,30.0,10.0,1.0,0.0,5.0,5.0,3.0,10.0,9.0,9.0,16.0,4.0,22637.0
CRS3035RES200mN2618200E3478600,66.5,29.0,0.0,6.0,2.0,26.0,1.0,2088891.6,2999.0,0.0,29.0,0.0,1.0,1.0,3.5,4.0,1.0,8.0,11.0,14.0,20.0,3.0,31412.0
CRS3035RES200mN2618200E3478800,76.0,28.0,1.0,4.0,3.0,25.0,1.0,1994542.8,3128.0,0.0,28.0,0.0,2.0,1.0,5.0,8.0,4.0,12.0,12.0,13.0,12.0,7.0,26244.0
CRS3035RES200mN2618200E3479000,58.0,23.0,2.0,4.0,1.0,16.0,4.0,1260390.6,2383.0,0.0,23.0,0.0,0.0,1.0,2.0,10.0,5.0,4.0,14.0,6.0,10.0,6.0,21731.0
CRS3035RES200mN2618200E3480000,4.0,1.5,0.1,0.1,0.1,1.5,0.0,94235.6,172.7,0.0,1.5,0.0,0.2,0.0,0.4,0.1,0.2,0.5,1.1,0.5,0.5,0.5,23559.0
CRS3035RES200mN2618200E3481600,17.0,6.2,0.5,0.5,0.2,6.2,0.0,400501.2,734.1,0.0,6.2,0.0,0.7,0.3,1.6,0.5,0.8,2.0,4.7,2.0,2.2,2.2,23559.0
CRS3035RES200mN2618200E3481800,5.0,1.8,0.1,0.1,0.1,1.8,0.0,117794.5,215.9,0.0,1.8,0.0,0.2,0.1,0.5,0.1,0.2,0.6,1.4,0.6,0.6,0.7,23559.0
CRS3035RES200mN2618200E3482000,9.0,4.2,0.8,1.4,0.0,3.9,0.6,223364.5,523.7,0.0,4.2,0.0,0.0,0.0,0.3,1.1,0.6,1.1,2.5,1.1,2.0,0.3,24818.0
CRS3035RES200mN2618200E3482200,4.0,1.9,0.4,0.6,0.0,1.8,0.2,99273.1,232.8,0.0,1.9,0.0,0.0,0.0,0.1,0.5,0.3,0.5,1.1,0.5,0.9,0.1,24818.0
CRS3035RES200mN2618200E3482800,6.0,2.8,0.6,0.9,0.0,2.6,0.4,148909.7,349.1,0.0,2.8,0.0,0.0,0.0,0.2,0.7,0.4,0.7,1.7,0.8,1.3,0.2,24818.0
CRS3035RES200mN2618200E3483000,26.0,10.1,0.0,0.8,0.8,5.9,1.7,685772.5,1173.4,0.0,10.1,0.0,3.4,0.0,2.9,1.3,2.5,5.9,4.2,0.8,5.0,0.0,26376.0
CRS3035RES200mN2618200E3484000,19.0,7.9,1.3,2.1,0.0,7.3,0.4,440634.1,916.2,0.0,7.9,0.0,0.6,0.7,1.0,1.6,1.5,2.9,5.2,1.7,3.4,0.4,23191.0
CRS3035RES200mN2618200E3484200,2.0,0.8,0.1,0.2,0.0,0.8,0.0,46382.5,96.4,0.0,0.8,0.0,0.0,0.1,0.1,0.2,0.2,0.3,0.5,0.2,0.4,0.0,23191.0
CRS3035RES200mN2618200E3484600,23.0,11.0,3.0,4.0,0.0,8.0,1.0,646537.2,1221.0,3.0,8.0,0.0,0.0,0.0,1.0,4.0,2.0,3.0,6.0,5.0,2.0,0.0,28110.0
CRS3035RES200mN2618200E3484800,23.0,9.5,1.6,2.6,0.0,8.8,0.5,533399.2,1109.1,0.0,9.5,0.0,0.7,0.8,1.1,2.0,1.8,3.5,6.3,2.1,4.2,0.5,23191.0
CRS3035RES200mN2618200E3487400,1.0,0.4,0.1,0.0,0.0,0.3,0.1,23640.5,41.1,0.0,0.4,0.0,0.0,0.0,0.1,0.1,0.1,0.2,0.2,0.1,0.1,0.1,23640.0
CRS3035RES200mN2618200E3487800,4.0,1.5,0.2,0.1,0.0,1.2,0.3,94562.0,164.6,0.0,1.5,0.0,0.1,0.1,0.3,0.3,0.5,0.7,0.9,0.4,0.5,0.2,23640.0
CRS3035RES200mN2618200E3492400,2.0,0.8,0.0,0.0,0.0,0.7,0.2,51075.8,93.0,0.0,0.8,0.0,0.0,0.0,0.0,0.1,0.2,0.2,0.5,0.4,0.4,0.2,25538.0
CRS3035RES200mN2618200E3493400,54.5,24.0,4.0,4.0,0.0,3.0,8.0,957430.6,1887.0,0.0,24.0,17.0,1.0,1.0,3.0,6.5,2.0,8.0,13.0,8.0,10.0,0.0,17568.0
CRS3035RES200mN2618200E3493600,28.0,12.0,0.0,2.0,0.0,8.0,3.0,602959.8,1212.0,0.0,12.0,2.0,1.0,0.0,2.0,3.0,1.0,3.0,4.0,7.0,5.0,2.0,21534.0
CRS3035RES200mN2618200E3493800,30.0,13.0,1.0,5.0,1.0,9.0,0.0,803574.4,1766.0,0.0,13.0,0.0,1.0,3.0,2.0,3.0,0.0,4.0,6.0,3.0,5.0,3.0,26786.0
CRS3035RES200mN2618200E3494000,7.0,3.0,0.5,0.8,0.2,2.3,0.3,159584.7,343.2,0.0,3.0,0.0,0.5,0.0,0.5,0.5,0.4,1.0,1.6,0.6,1.7,0.2,22798.0
CRS3035RES200mN2618200E3501000,6.0,2.2,0.2,0.7,0.1,1.4,0.2,149656.3,351.6,0.0,2.2,0.0,0.7,0.3,0.2,0.6,0.2,1.2,1.5,0.2,1.1,0.0,24943.0
CRS3035RES200mN2618400E3464200,14.0,6.8,0.0,1.9,0.0,6.2,0.6,497422.2,997.4,0.0,6.8,0.0,0.0,0.0,0.0,0.3,0.0,2.5,1.9,3.1,5.6,0.6,35530.0
CRS3035RES200mN2618400E3464400,106.5,55.0,8.0,23.0,3.0,40.0,6.0,3165001.2,5105.0,2.0,53.0,0.0,0.0,0.0,5.5,7.0,11.0,12.0,16.0,28.0,18.0,9.0,29718.0
CRS3035RES200mN2618400E3464600,108.0,48.0,5.0,16.0,3.0,42.0,2.0,2989171.4,5140.0,0.0,48.0,0.0,4.0,1.0,4.0,7.0,8.0,11.0,19.0,15.0,28.0,11.0,27678.0
CRS3035RES200mN2618400E3464800,92.0,41.0,2.0,10.0,0.0,37.0,4.0,2694033.9,4510.0,0.0,41.0,0.0,1.0,1.0,3.5,5.0,6.5,7.0,14.0,14.0,33.0,7.0,29283.0
CRS3035RES200mN2618400E3465000,58.5,26.0,1.0,6.0,2.0,25.0,2.0,1919400.5,3129.0,0.0,26.0,0.0,0.0,0.5,1.0,4.0,2.0,6.0,5.0,16.0,17.0,7.0,32810.0
CRS3035RES200mN2618400E3465200,65.0,31.0,1.0,7.0,0.0,27.0,3.0,2021034.1,3279.0,0.0,31.0,0.0,0.0,1.0,1.0,0.0,7.0,7.0,2.0,22.0,17.0,8.0,31093.0
CRS3035RES200mN2618400E3465400,23.0,11.5,1.2,1.8,0.0,9.1,0.6,568472.9,1223.8,0.0,11.5,0.0,0.0,0.0,0.6,0.6,0.0,4.2,4.2,2.4,6.7,4.3,24716.0
CRS3035RES200mN2618400E3465600,2.0,1.0,0.1,0.2,0.0,0.8,0.1,49432.4,106.4,0.0,1.0,0.0,0.0,0.0,0.0,0.0,0.0,0.4,0.4,0.2,0.6,0.4,24716.0
CRS3035RES200mN2618400E3465800,2.0,1.0,0.1,0.2,0.0,0.8,0.1,49432.4,106.4,0.0,1.0,0.0,0.0,0.0,0.0,0.0,0.0,0.4,0.4,0.2,0.6,0.4,24716.0
CRS3035RES200mN2618400E3466600,2.0,0.8,0.1,0.1,0.1,0.5,0.0,63524.8,70.9,0.0,0.8,0.0,0.1,0.1,0.2,0.1,0.2,0.1,0.4,0.5,0.2,0.1,31762.0
CRS3035RES200mN2618400E3467000,3.0,1.0,0.2,0.2,0.1,0.9,0.2,82117.5,138.6,0.0,1.0,0.0,0.1,0.1,0.1,0.2,0.1,0.4,0.9,0.5,0.4,0.2,27372.0
CRS3035RES200mN2618400E3468000,10.0,3.5,0.2,0.0,0.0,3.2,0.0,284428.5,487.2,0.0,3.5,0.0,0.2,0.7,0.0,0.5,1.2,0.3,2.8,1.5,2.8,0.0,28443.0
CRS3035RES200mN2618400E3468200,42.0,20.0,0.0,3.0,0.0,20.0,0.0,1158203.3,2035.0,0.0,20.0,0.0,0.0,0.0,0.0,2.0,1.0,3.0,6.0,10.0,17.0,3.0,27576.0
CRS3035RES200mN2618400E3468400,67.0,24.0,1.0,2.0,2.0,22.0,2.0,1950016.6,3018.0,0.0,24.0,0.0,2.0,0.0,7.0,5.0,4.0,7.0,12.0,6.0,20.0,4.0,29105.0
CRS3035RES200mN2618400E3468600,148.5,48.0,3.0,4.0,3.0,35.0,1.0,4330977.1,5573.0,0.0,48.0,3.0,7.0,5.0,11.5,15.0,14.0,21.0,41.0,16.0,16.0,2.0,29165.0
CRS3035RES200mN2618400E3468800,82.0,31.0,2.0,8.0,1.0,26.0,1.0,2288831.4,3913.0,0.0,31.0,0.0,1.0,1.0,3.5,11.5,10.0,3.0,24.0,18.0,8.0,2.0,27913.0
CRS3035RES200mN2618400E3469000,8.0,3.9,0.7,1.0,0.1,2.9,0.1,218421.0,509.5,0.0,3.9,0.0,0.1,0.1,0.2,0.7,0.2,1.0,1.4,1.4,2.2,0.7,27303.0
CRS3035RES200mN2618400E3471800,15.0,4.9,0.4,0.0,0.9,4.5,0.0,450984.8,652.4,0.0,4.9,0.0,0.0,0.0,1.8,2.7,0.7,2.2,5.4,1.3,0.9,0.0,30066.0
CRS3035RES200mN2618400E3472000,79.0,28.0,0.0,7.0,5.0,21.0,1.0,2392351.1,3079.0,0.0,28.0,0.0,3.0,1.0,5.0,13.0,6.0,7.0,26.0,5.0,9.0,4.0,30283.0
CRS3035RES200mN2618400E3472200,52.5,19.0,3.0,5.0,1.0,12.0,1.0,1267848.6,1996.0,2.0,17.0,0.0,3.0,3.0,5.0,6.5,2.0,9.0,15.0,5.0,4.0,0.0,24149.0
CRS3035RES200mN2618400E3472600,3.0,1.3,0.1,0.3,0.1,1.1,0.0,83152.0,143.8,0.0,1.3,0.0,0.0,0.1,0.1,0.1,0.2,0.3,0.9,0.8,0.5,0.0,27717.0
CRS3035RES200mN2618400E3477400,19.0,8.5,1.5,3.0,0.5,8.5,0.5,433694.2,974.5,0.0,8.5,0.0,0.5,0.5,1.5,1.5,0.0,2.5,3.5,1.0,4.0,4.0,22826.0
CRS3035RES200mN2618400E3477600,58.0,30.0,0.0,11.0,0.0,19.0,2.0,1466268.0,2316.0,0.0,30.0,0.0,2.0,4.0,2.0,2.0,1.0,9.0,14.0,7.0,13.0,4.0,25280.0
CRS3035RES200mN2618400E3477800,47.5,18.0,0.0,3.0,1.0,16.0,2.0,1044198.1,1590.0,0.0,18.0,0.0,3.0,2.0,1.0,7.0,7.5,14.0,6.0,5.0,0.0,2.0,21983.0
CRS3035RES200mN2618400E3478000,92.0,36.0,0.0,4.0,2.0,29.0,5.0,2249187.5,3745.0,0.0,36.0,0.0,6.0,0.5,5.5,7.0,7.0,13.0,20.0,17.0,11.0,5.0,24448.0
CRS3035RES200mN2618400E3478200,47.5,20.0,0.0,3.0,0.0,18.0,4.0,1304547.3,1896.0,0.0,20.0,0.0,0.0,1.0,3.5,4.0,4.0,8.0,13.0,2.0,10.0,2.0,27464.0
CRS3035RES200mN2618400E3478400,47.0,22.0,1.0,5.0,1.0,21.0,2.0,1411862.6,2446.0,0.0,22.0,0.0,0.0,1.0,1.0,2.0,4.0,2.0,10.0,9.0,14.0,4.0,30040.0
CRS3035RES200mN2618400E3478600,53.0,27.0,3.0,8.0,0.0,24.0,4.0,1155423.6,2568.0,0.0,27.0,0.0,2.0,2.0,0.0,1.0,3.0,4.0,4.0,4.0,23.0,10.0,21800.0
CRS3035RES200mN2618400E3478800,82.0,32.0,2.0,5.0,4.0,31.0,2.0,2070648.1,3148.0,0.0,32.0,1.0,1.5,2.5,4.0,5.0,8.0,10.0,13.0,9.0,26.0,3.0,25252.0
CRS3035RES200mN2618400E3479000,32.0,14.0,0.0,3.0,0.0,13.0,3.0,924098.2,1323.0,0.0,14.0,0.0,0.0,0.0,1.0,3.0,1.0,3.0,6.0,10.0,5.0,3.0,28878.0
CRS3035RES200mN2618400E3479200,28.0,9.3,0.0,0.4,0.4,8.5,0.0,703947.3,1182.8,0.0,9.3,0.0,1.7,0.4,2.1,1.3,3.8,4.2,7.2,4.3,1.7,1.3,25141.0
CRS3035RES200mN2618400E3479400,40.0,16.0,1.0,3.0,2.0,15.0,1.0,1072567.7,1832.0,1.0,15.0,0.0,1.0,0.0,2.5,6.0,3.5,1.0,9.0,5.0,12.0,0.0,26814.0
CRS3035RES200mN2618400E3479600,4.0,1.3,0.0,0.1,0.1,1.2,0.0,100563.9,169.0,0.0,1.3,0.0,0.2,0.1,0.3,0.2,0.6,0.6,1.0,0.6,0.2,0.2,25141.0
CRS3035RES200mN2618400E3481400,6.0,2.2,0.2,0.2,0.1,2.2,0.0,141353.4,259.1,0.0,2.2,0.0,0.2,0.1,0.6,0.2,0.2,0.7,1.7,0.7,0.8,0.8,23559.0
CRS3035RES200mN2618400E3484000,6.0,2.5,0.4,0.7,0.0,2.3,0.1,139147.6,289.3,0.0,2.5,0.0,0.2,0.2,0.3,0.5,0.5,0.9,1.6,0.6,1.1,0.1,23191.0
CRS3035RES200mN2618400E3484600,4.0,1.7,0.3,0.4,0.0,1.5,0.1,92765.1,192.9,0.0,1.7,0.0,0.1,0.1,0.2,0.4,0.3,0.6,1.1,0.4,0.7,0.1,23191.0
CRS3035RES200mN2618400E3484800,4.0,1.7,0.3,0.4,0.0,1.5,0.1,92765.1,192.9,0.0,1.7,0.0,0.1,0.1,0.2,0.4,0.3,0.6,1.1,0.4,0.7,0.1,23191.0
CRS3035RES200mN2618400E3487400,1.0,0.4,0.1,0.0,0.0,0.3,0.1,23640.5,41.1,0.0,0.4,0.0,0.0,0.0,0.1,0.1,0.1,0.2,0.2,0.1,0.1,0.1,23640.0
CRS3035RES200mN2618400E3487600,26.5,10.0,1.5,1.0,0.2,8.3,2.2,626473.5,1090.1,0.0,10.0,0.0,1.0,0.7,1.7,2.3,3.2,4.4,5.7,2.7,3.6,1.2,23641.0
CRS3035RES200mN2618400E3487800,67.0,27.0,0.0,6.0,1.0,24.0,3.0,1431710.2,3204.0,0.0,27.0,0.0,3.5,3.0,6.5,6.0,2.0,17.0,10.0,6.0,9.0,4.0,21369.0
CRS3035RES200mN2618400E3488000,26.0,12.0,0.0,5.0,1.0,11.0,2.0,751957.3,1880.0,0.0,12.0,0.0,0.0,1.0,0.0,3.0,3.0,1.0,8.0,6.0,3.0,1.0,28921.0
CRS3035RES200mN2618400E3488200,11.0,5.9,0.8,2.0,0.0,5.4,0.3,254934.2,625.0,0.3,5.6,0.0,0.6,0.0,0.0,0.6,0.0,0.6,2.2,1.1,3.4,2.5,23176.0
CRS3035RES200mN2618400E3488400,35.0,13.0,0.0,2.0,1.0,13.0,0.0,841294.6,1238.0,0.0,13.0,0.0,0.0,2.0,3.0,4.0,1.0,11.0,5.0,7.0,2.0,0.0,24037.0
CRS3035RES200mN2618400E3488600,2.0,1.1,0.2,0.4,0.0,1.0,0.1,46351.7,113.6,0.1,1.0,0.0,0.1,0.0,0.0,0.1,0.0,0.1,0.4,0.2,0.6,0.5,23176.0
CRS3035RES200mN2618400E3493200,1.0,0.5,0.0,0.1,0.0,0.4,0.1,21367.9,47.8,0.0,0.5,0.0,0.1,0.0,0.0,0.1,0.0,0.2,0.1,0.1,0.2,0.2,21368.0
CRS3035RES200mN2618400E3493400,88.5,34.0,4.0,8.0,1.0,31.0,3.0,1919904.1,3049.0,0.0,34.0,0.0,8.0,4.0,13.0,3.5,5.0,30.0,13.0,6.0,6.0,0.0,21694.0
CRS3035RES200mN2618400E3493600,28.0,13.0,2.0,2.0,0.0,13.0,0.0,698826.1,1901.0,0.0,13.0,0.0,0.0,0.0,2.0,0.0,2.0,2.0,4.0,4.0,10.0,4.0,24958.0
CRS3035RES200mN2618400E3493800,85.0,37.0,4.0,13.0,2.0,22.0,7.0,2146516.7,4325.0,0.0,37.0,0.0,3.0,5.5,6.5,5.0,10.0,19.0,22.0,4.0,8.0,2.0,25253.0
CRS3035RES200mN2618400E3494000,46.0,20.0,0.0,4.0,0.0,17.0,1.0,1244325.8,2031.0,0.0,20.0,0.0,1.0,1.0,1.0,2.0,5.0,7.0,7.0,10.0,12.0,0.0,27051.0
CRS3035RES200mN2618400E3494200,2.5,1.1,0.2,0.3,0.1,0.8,0.1,56994.5,122.6,0.0,1.1,0.0,0.2,0.0,0.2,0.2,0.1,0.4,0.5,0.2,0.6,0.1,22798.0
CRS3035RES200mN2618400E3494400,5.0,2.1,0.3,0.6,0.1,1.7,0.2,113989.1,245.2,0.0,2.1,0.0,0.3,0.1,0.4,0.3,0.3,0.7,1.1,0.5,1.2,0.1,22798.0
CRS3035RES200mN2618400E3501200,1.0,0.4,0.0,0.1,0.0,0.2,0.0,24942.7,58.6,0.0,0.4,0.0,0.1,0.1,0.0,0.1,0.0,0.2,0.3,0.0,0.2,0.0,24943.0
CRS3035RES200mN2618400E3501400,7.0,2.6,0.3,0.8,0.1,1.7,0.3,174599.0,410.1,0.0,2.6,0.0,0.8,0.4,0.2,0.6,0.3,1.4,1.7,0.3,1.3,0.0,24943.0
CRS3035RES200mN2618400E3503400,4.0,1.5,0.1,0.4,0.1,1.0,0.1,99770.8,234.4,0.0,1.5,0.0,0.4,0.2,0.1,0.4,0.2,0.8,1.0,0.2,0.7,0.0,24943.0
CRS3035RES200mN2618600E3463200,5.0,2.2,0.5,0.5,0.0,1.1,0.0,159130.7,248.9,0.0,2.2,0.0,0.1,0.1,0.4,0.3,0.3,0.3,1.2,0.5,1.4,0.4,31826.0
CRS3035RES200mN2618600E3463400,40.5,19.0,1.0,8.0,2.0,12.0,0.0,1385142.2,2393.0,5.0,14.0,0.0,0.0,0.0,1.0,0.5,10.0,2.0,8.0,9.0,7.0,3.0,34201.0
CRS3035RES200mN2618600E3463600,20.0,11.0,2.0,3.0,0.0,10.0,2.0,690506.4,1473.0,0.0,11.0,0.0,0.0,0.0,0.0,0.5,1.5,1.0,6.0,3.0,6.0,2.0,34525.0
CRS3035RES200mN2618600E3463800,21.0,13.0,1.0,8.0,0.0,13.0,0.0,644272.1,1620.0,0.0,13.0,0.0,0.0,0.0,0.0,0.0,1.0,3.0,0.0,5.0,6.0,6.0,30680.0
CRS3035RES200mN2618600E3464000,53.0,29.0,2.0,14.0,1.0,21.0,0.0,1887432.7,3291.0,8.0,21.0,0.0,1.0,1.0,2.0,2.0,4.0,2.0,10.0,1.0,17.0,13.0,35612.0
CRS3035RES200mN2618600E3464200,81.5,35.0,3.0,9.0,1.0,28.0,1.0,2478008.1,4322.0,0.0,35.0,0.0,3.0,1.0,4.0,5.0,5.5,9.0,15.0,18.0,10.0,11.0,30405.0
CRS3035RES200mN2618600E3464400,155.5,79.0,10.0,32.0,4.0,46.0,14.0,4158416.5,7308.0,12.0,67.0,8.0,7.0,2.0,9.5,11.5,11.5,25.0,24.0,17.0,40.0,8.0,26742.0
CRS3035RES200mN2618600E3464600,170.0,100.0,13.0,57.0,0.0,36.0,9.0,4063403.6,7885.0,25.0,75.0,16.0,4.0,1.0,4.5,15.5,8.0,24.0,34.0,27.0,44.0,8.0,23902.0
CRS3035RES200mN2618600E3464800,129.5,59.0,10.0,17.0,3.0,45.0,8.0,3016390.9,5864.0,4.0,55.0,0.0,9.0,2.5,11.0,4.0,4.0,21.0,18.0,11.0,42.0,7.0,23293.0
CRS3035RES200mN2618600E3465000,97.5,46.0,3.0,13.0,3.0,31.0,5.0,2558010.2,4418.0,0.0,46.0,0.0,5.0,2.0,2.5,5.0,7.0,15.0,19.0,13.0,21.0,8.0,26236.0
CRS3035RES200mN2618600E3465200,67.0,26.0,2.0,6.0,3.0,16.0,2.0,1841745.3,2617.0,0.0,26.0,0.0,3.0,2.0,2.5,5.5,7.0,8.0,18.0,8.0,11.0,2.0,27489.0
CRS3035RES200mN2618600E3467800,8.0,2.8,0.4,0.4,0.3,2.5,0.6,218980.0,369.5,0.2,2.6,0.0,0.3,0.3,0.3,0.5,0.1,1.1,2.3,1.4,1.1,0.6,27372.0
CRS3035RES200mN2618600E3468200,36.0,17.0,1.0,5.0,1.0,15.0,1.0,808323.2,1583.0,0.0,17.0,0.0,1.0,0.0,0.0,2.0,2.0,2.0,3.0,5.0,17.0,4.0,22453.0
CRS3035RES200mN2618600E3468400,87.0,38.0,2.0,7.0,0.0,37.0,3.0,2595867.0,4152.0,0.0,38.0,0.0,1.0,3.0,3.0,4.0,8.0,9.0,15.0,9.0,27.0,8.0,29838.0
CRS3035RES200mN2618600E3468600,25.0,11.0,1.0,2.0,0.0,7.0,0.0,789508.0,1317.0,0.0,11.0,0.0,1.0,2.0,1.0,1.0,1.0,2.0,9.0,2.0,5.0,1.0,31580.0
CRS3035RES200mN2618600E3468800,18.0,6.3,0.4,0.0,0.0,5.9,0.0,511971.2,877.1,0.0,6.3,0.0,0.4,1.3,0.0,0.9,2.2,0.5,5.0,2.7,5.0,0.0,28443.0
CRS3035RES200mN2618600E3471600,4.0,1.3,0.1,0.0,0.2,1.2,0.0,120262.6,174.0,0.0,1.3,0.0,0.0,0.0,0.5,0.7,0.2,0.6,1.4,0.4,0.2,0.0,30066.0
CRS3035RES200mN2618600E3471800,28.0,11.0,1.0,3.0,0.0,7.0,0.0,666623.9,1409.0,0.0,11.0,0.0,2.0,0.0,4.0,1.0,0.0,7.0,5.0,7.0,1.0,1.0,23808.0
CRS3035RES200mN2618600E3472000,48.0,17.0,0.0,1.0,1.0,17.0,0.0,1417947.6,2156.0,0.0,17.0,0.0,5.0,1.0,4.0,4.0,0.0,18.0,7.0,3.0,4.0,2.0,29541.0
CRS3035RES200mN2618600E3472200,31.0,11.0,0.0,2.0,0.0,11.0,0.0,874688.7,1167.0,0.0,11.0,0.0,3.0,1.0,7.0,0.0,0.0,10.0,3.0,3.0,4.0,0.0,28216.0
CRS3035RES200mN2618600E3477600,4.0,1.8,0.3,0.6,0.1,1.8,0.1,91304.1,205.2,0.0,1.8,0.0,0.1,0.1,0.3,0.3,0.0,0.5,0.7,0.2,0.9,0.9,22826.0
CRS3035RES200mN2618600E3477800,5.0,2.2,0.4,0.8,0.1,2.2,0.1,114130.1,256.4,0.0,2.2,0.0,0.1,0.1,0.4,0.4,0.0,0.7,0.9,0.3,1.0,1.1,22826.0
CRS3035RES200mN2618600E3478000,9.0,3.3,0.0,0.5,0.2,2.5,0.4,263602.5,369.0,0.0,3.3,0.0,0.2,0.1,0.2,0.6,2.1,0.4,2.2,1.7,1.4,0.1,29289.0
CRS3035RES200mN2618600E3478200,20.0,7.3,0.0,1.0,0.4,5.6,0.8,585783.3,820.0,0.0,7.3,0.0,0.4,0.2,0.4,1.5,4.6,0.8,5.0,3.8,3.1,0.2,29289.0
CRS3035RES200mN2618600E3478800,2.0,0.7,0.0,0.1,0.0,0.6,0.1,58578.3,82.0,0.0,0.7,0.0,0.0,0.0,0.0,0.2,0.5,0.1,0.5,0.4,0.3,0.0,29289.0
CRS3035RES200mN2618600E3479200,12.0,4.0,0.0,0.2,0.2,3.6,0.0,301691.7,506.9,0.0,4.0,0.0,0.7,0.2,0.9,0.6,1.6,1.8,3.1,1.8,0.7,0.6,25141.0
CRS3035RES200mN2618600E3479400,40.5,17.0,1.0,2.0,0.0,12.0,2.0,996528.3,1681.0,3.0,14.0,0.0,0.0,0.0,0.5,5.0,2.0,4.0,10.0,5.0,14.0,0.0,24606.0
CRS3035RES200mN2618600E3479600,31.0,12.0,1.0,2.0,0.0,8.0,1.0,720575.7,1288.0,0.0,12.0,0.0,3.0,0.0,1.0,3.0,1.0,5.0,7.0,7.0,3.0,1.0,23244.0
CRS3035RES200mN2618600E3483200,5.0,1.9,0.0,0.2,0.2,1.1,0.3,131879.3,225.6,0.0,1.9,0.0,0.6,0.0,0.6,0.2,0.5,1.1,0.8,0.2,1.0,0.0,26376.0
CRS3035RES200mN2618600E3487200,16.0,6.0,0.9,0.6,0.1,5.0,1.3,378248.1,658.2,0.0,6.0,0.0,0.6,0.4,1.0,1.4,1.9,2.7,3.5,1.6,2.2,0.7,23641.0
CRS3035RES200mN2618600E3487400,14.0,5.3,0.8,0.5,0.1,4.4,1.2,330967.1,575.9,0.0,5.3,0.0,0.5,0.4,0.9,1.2,1.7,2.3,3.0,1.4,1.9,0.7,23641.0
CRS3035RES200mN2618600E3487600,72.0,29.0,2.0,7.0,1.0,20.0,1.0,1793435.4,2800.0,1.0,28.0,0.0,8.0,0.0,2.0,2.0,6.0,22.0,14.0,6.0,7.0,5.0,24909.0
CRS3035RES200mN2618600E3487800,24.0,12.0,1.0,5.0,0.0,9.0,0.0,573308.1,1709.0,2.0,10.0,0.0,0.0,0.0,0.0,1.0,2.0,4.0,6.0,4.0,5.0,2.0,23888.0
CRS3035RES200mN2618600E3488000,14.0,7.5,1.1,2.5,0.0,6.8,0.4,324461.7,795.5,0.3,7.2,0.0,0.7,0.0,0.0,0.7,0.0,0.7,2.9,1.5,4.3,3.2,23176.0
CRS3035RES200mN2618600E3488200,9.0,4.8,0.7,1.6,0.0,4.4,0.2,208582.5,511.4,0.2,4.6,0.0,0.4,0.0,0.0,0.5,0.0,0.5,1.8,0.9,2.8,2.1,23176.0
CRS3035RES200mN2618600E3493400,81.0,29.0,2.0,4.0,1.0,28.0,1.0,1926944.1,3002.0,0.0,29.0,0.0,3.0,2.0,10.5,10.0,2.5,12.0,19.0,8.0,14.0,0.0,23789.0
CRS3035RES200mN2618600E3493600,64.5,29.0,3.0,7.0,2.0,21.0,6.0,1443097.6,3213.0,4.0,25.0,0.0,1.0,1.0,2.5,6.0,9.0,8.0,16.0,10.0,9.0,2.0,22374.0
CRS3035RES200mN2618600E3493800,102.5,51.0,7.0,24.0,3.0,38.0,3.0,2363894.9,5767.0,2.0,49.0,2.0,2.0,1.0,5.5,10.0,6.0,18.0,26.0,10.0,16.0,8.0,23062.0
CRS3035RES200mN2618600E3494000,46.5,17.0,1.0,3.0,2.0,14.0,1.0,1143543.0,1975.0,1.0,16.0,0.0,1.0,1.0,3.0,4.5,2.0,7.0,12.0,6.0,6.0,4.0,24592.0
CRS3035RES200mN2618600E3494200,9.0,3.8,0.6,1.1,0.2,3.0,0.4,205180.4,441.3,0.0,3.8,0.0,0.6,0.1,0.7,0.6,0.5,1.3,2.0,0.8,2.2,0.2,22798.0
CRS3035RES200mN2618600E3495000,5.0,1.9,0.1,0.4,0.1,1.6,0.1,118182.9,253.5,0.0,1.9,0.0,0.3,0.1,0.5,0.4,0.2,1.0,0.7,0.4,1.4,0.0,23637.0
CRS3035RES200mN2618600E3503800,4.0,1.5,0.1,0.4,0.1,1.0,0.1,99770.8,234.4,0.0,1.5,0.0,0.4,0.2,0.1,0.4,0.2,0.8,1.0,0.2,0.7,0.0,24943.0
CRS3035RES200mN2618800E3462800,6.0,2.8,1.2,1.4,0.2,2.2,0.2,162964.1,256.8,0.6,2.2,0.0,0.4,0.0,0.0,0.2,0.6,0.8,1.0,1.6,0.6,0.8,27161.0
CRS3035RES200mN2618800E3463000,9.0,3.9,1.0,1.0,0.0,1.9,0.0,286435.3,448.1,0.0,3.9,0.0,0.2,0.3,0.7,0.5,0.5,0.5,2.2,1.0,2.4,0.7,31826.0
CRS3035RES200mN2618800E3463400,23.0,9.9,2.5,2.5,0.0,5.0,0.0,732001.3,1145.0,0.0,9.9,0.0,0.6,0.6,1.9,1.2,1.2,1.3,5.6,2.5,6.2,1.9,31826.0
CRS3035RES200mN2618800E3463600,29.0,12.0,1.0,5.0,1.0,9.0,0.0,818403.0,1362.0,0.0,12.0,0.0,0.0,0.0,1.0,2.0,7.0,3.0,4.0,5.0,5.0,2.0,28221.0
CRS3035RES200mN2618800E3463800,41.0,18.0,2.0,4.0,0.0,18.0,2.0,1414838.3,2261.0,0.0,18.0,0.0,2.0,1.0,2.5,1.5,5.0,2.0,6.0,9.0,10.0,2.0,34508.0
CRS3035RES200mN2618800E3464000,41.0,21.0,1.0,10.0,1.0,16.0,0.0,1120486.6,2187.0,0.0,21.0,0.0,0.0,0.0,3.0,2.0,2.0,4.0,9.0,5.0,12.0,4.0,27329.0
CRS3035RES200mN2618800E3464200,88.0,41.0,1.0,15.0,3.0,29.0,2.0,2599317.5,3962.0,0.0,41.0,0.0,1.0,1.5,3.5,9.0,6.0,13.0,16.0,14.0,18.0,6.0,29538.0
CRS3035RES200mN2618800E3464400,110.0,54.0,6.0,23.0,1.0,30.0,6.0,3066646.6,5382.0,21.0,33.0,6.0,1.5,1.0,6.5,8.5,12.5,17.0,21.0,21.0,14.0,6.0,27879.0
CRS3035RES200mN2618800E3464600,60.0,34.0,5.0,16.0,1.0,24.0,2.0,1367389.5,3275.0,0.0,34.0,0.0,0.0,0.0,1.0,4.0,4.0,2.0,15.0,6.0,22.0,6.0,22790.0
CRS3035RES200mN2618800E3464800,67.5,34.0,0.0,10.0,0.0,32.0,1.0,2279906.9,4312.0,0.0,34.0,0.0,0.0,1.5,1.5,2.5,1.0,8.0,11.0,15.0,19.0,8.0,33776.0
CRS3035RES200mN2618800E3465000,88.5,43.0,4.0,8.0,1.0,21.0,11.0,2122136.8,4133.0,8.0,35.0,15.0,1.0,1.5,3.0,8.0,6.0,10.0,16.0,15.0,19.0,9.0,23979.0
CRS3035RES200mN2618800E3465200,59.0,25.0,0.0,3.0,0.0,19.0,0.0,1663748.8,2574.0,0.0,25.0,0.0,1.0,0.0,1.0,3.0,4.0,6.0,11.0,8.0,22.0,3.0,28199.0
CRS3035RES200mN2618800E3467400,1.0,0.3,0.1,0.1,0.0,0.3,0.1,27372.5,46.2,0.0,0.3,0.0,0.0,0.0,0.0,0.1,0.0,0.1,0.3,0.2,0.2,0.1,27372.0
CRS3035RES200mN2618800E3468000,4.0,1.4,0.1,0.0,0.0,1.3,0.0,113771.4,194.9,0.0,1.4,0.0,0.1,0.3,0.0,0.2,0.5,0.1,1.1,0.6,1.1,0.0,28443.0
CRS3035RES200mN2618800E3468400,35.0,17.0,2.0,4.0,0.0,14.0,2.0,937092.0,1653.0,0.0,17.0,0.0,0.0,0.0,0.0,2.0,3.0,4.0,6.0,5.0,13.0,2.0,26774.0
CRS3035RES200mN2618800E3469000,8.0,3.9,0.7,1.0,0.1,2.9,0.1,218421.0,509.5,0.0,3.9,0.0,0.1,0.1,0.2,0.7,0.2,1.0,1.4,1.4,2.2,0.7,27303.0
CRS3035RES200mN2618800E3469200,3.0,1.5,0.3,0.4,0.1,1.1,0.1,81907.9,191.1,0.0,1.5,0.0,0.0,0.0,0.1,0.3,0.1,0.4,0.5,0.5,0.8,0.3,27303.0
CRS3035RES200mN2618800E3471000,2.0,0.7,0.1,0.0,0.1,0.6,0.0,60131.3,87.0,0.0,0.7,0.0,0.0,0.0,0.2,0.4,0.1,0.3,0.7,0.2,0.1,0.0,30066.0
CRS3035RES200mN2618800E3471600,56.0,23.0,3.0,7.0,0.0,18.0,1.0,1459606.7,2558.0,0.0,23.0,0.0,3.0,0.0,0.0,4.0,8.0,9.0,10.0,9.0,11.0,2.0,26064.0
CRS3035RES200mN2618800E3471800,83.5,35.0,2.0,8.0,2.0,29.0,2.0,2093130.5,3370.0,0.0,35.0,0.0,4.0,2.0,1.0,6.5,8.0,15.0,21.0,10.0,14.0,2.0,25067.0
CRS3035RES200mN2618800E3472000,11.0,4.7,0.3,1.1,0.3,4.1,0.0,304890.5,527.2,0.0,4.7,0.0,0.0,0.3,0.5,0.5,0.6,1.1,3.3,3.0,1.7,0.0,27717.0
CRS3035RES200mN2618800E3472800,5.0,2.1,0.1,0.5,0.1,1.9,0.0,138586.6,239.6,0.0,2.1,0.0,0.0,0.1,0.2,0.2,0.3,0.5,1.5,1.4,0.8,0.0,27717.0
CRS3035RES200mN2618800E3478800,6.0,2.2,0.0,0.3,0.1,1.7,0.2,175735.0,246.0,0.0,2.2,0.0,0.1,0.1,0.1,0.4,1.4,0.3,1.5,1.1,0.9,0.1,29289.0
CRS3035RES200mN2618800E3479000,4.0,1.3,0.0,0.1,0.1,1.2,0.0,100563.9,169.0,0.0,1.3,0.0,0.2,0.1,0.3,0.2,0.6,0.6,1.0,0.6,0.2,0.2,25141.0
CRS3035RES200mN2618800E3479600,18.0,6.0,0.0,0.3,0.3,5.5,0.0,452537.5,760.4,0.0,6.0,0.0,1.1,0.3,1.4,0.8,2.5,2.7,4.6,2.7,1.1,0.8,25141.0
CRS3035RES200mN2618800E3487200,2.0,0.8,0.1,0.1,0.0,0.6,0.2,47281.0,82.3,0.0,0.8,0.0,0.1,0.1,0.1,0.2,0.2,0.3,0.4,0.2,0.3,0.1,23640.0
CRS3035RES200mN2618800E3487400,13.0,4.9,0.7,0.5,0.1,4.1,1.1,307326.6,534.8,0.0,4.9,0.0,0.5,0.4,0.8,1.1,1.6,2.1,2.8,1.3,1.8,0.6,23641.0
CRS3035RES200mN2618800E3487600,48.0,15.0,0.0,1.0,0.0,14.0,0.0,1158797.6,1801.0,0.0,15.0,0.0,6.0,0.0,5.0,8.0,0.0,12.0,8.0,3.0,5.0,1.0,24142.0
CRS3035RES200mN2618800E3487800,4.0,1.5,0.2,0.1,0.0,1.2,0.3,94562.0,164.6,0.0,1.5,0.0,0.1,0.1,0.3,0.3,0.5,0.7,0.9,0.4,0.5,0.2,23640.0
CRS3035RES200mN2618800E3488000,3.0,1.6,0.2,0.5,0.0,1.5,0.1,69527.5,170.5,0.1,1.5,0.0,0.1,0.0,0.0,0.2,0.0,0.2,0.6,0.3,0.9,0.7,23176.0
CRS3035RES200mN2618800E3493400,10.0,4.8,0.2,1.4,0.2,3.7,0.6,213679.2,478.0,0.0,4.8,0.5,0.9,0.2,0.4,0.5,0.3,1.8,1.4,0.9,1.9,1.7,21368.0
CRS3035RES200mN2618800E3493600,63.0,29.0,6.0,7.0,2.0,28.0,5.0,1361843.6,2814.0,0.0,29.0,0.0,2.0,1.0,2.5,3.5,2.0,1.0,12.0,7.0,22.0,10.0,21617.0
CRS3035RES200mN2618800E3493800,62.0,29.0,7.0,10.0,2.0,23.0,2.0,1346029.1,3796.0,1.0,28.0,0.0,4.0,1.0,2.0,1.0,9.0,8.0,10.0,11.0,10.0,6.0,21710.0
CRS3035RES200mN2618800E3494000,56.0,21.0,2.0,4.0,2.0,15.0,2.0,1259995.1,2293.0,0.0,21.0,0.0,5.0,1.5,4.5,4.0,7.0,14.0,9.0,3.0,5.0,3.0,22500.0
CRS3035RES200mN2618800E3494200,17.0,7.2,1.1,2.0,0.5,5.6,0.7,387562.9,833.6,0.0,7.2,0.0,1.1,0.1,1.4,1.1,0.9,2.5,3.8,1.6,4.1,0.4,22798.0
CRS3035RES200mN2618800E3494600,3.0,1.3,0.2,0.4,0.1,1.0,0.1,68393.5,147.1,0.0,1.3,0.0,0.2,0.0,0.2,0.2,0.2,0.4,0.7,0.3,0.7,0.1,22798.0
CRS3035RES200mN2618800E3494800,20.0,8.5,1.3,2.4,0.5,6.6,0.8,455956.4,980.7,0.0,8.5,0.0,1.3,0.1,1.6,1.3,1.1,2.9,4.5,1.9,4.8,0.5,22798.0
CRS3035RES200mN2618800E3497400,1.0,0.5,0.0,0.2,0.0,0.4,0.1,20180.7,52.8,0.0,0.5,0.0,0.0,0.0,0.0,0.1,0.1,0.2,0.2,0.1,0.2,0.1,20181.0
CRS3035RES200mN2618800E3499200,2.0,0.9,0.1,0.3,0.1,0.8,0.1,40361.4,105.6,0.0,0.9,0.0,0.1,0.0,0.1,0.2,0.2,0.3,0.3,0.2,0.4,0.2,20181.0
CRS3035RES200mN2618800E3500200,4.0,1.5,0.1,0.4,0.1,1.0,0.1,99770.8,234.4,0.0,1.5,0.0,0.4,0.2,0.1,0.4,0.2,0.8,1.0,0.2,0.7,0.0,24943.0
CRS3035RES200mN2619000E3462200,6.0,2.8,1.2,1.4,0.2,2.2,0.2,162964.1,256.8,0.6,2.2,0.0,0.4,0.0,0.0,0.2,0.6,0.8,1.0,1.6,0.6,0.8,27161.0
CRS3035RES200mN2619000E3462800,5.0,2.3,1.0,1.2,0.2,1.8,0.2,135803.4,214.0,0.5,1.8,0.0,0.3,0.0,0.0,0.2,0.5,0.7,0.8,1.3,0.5,0.7,27161.0
CRS3035RES200mN2619000E3463400,1.0,0.5,0.2,0.2,0.0,0.4,0.0,27160.7,42.8,0.1,0.4,0.0,0.1,0.0,0.0,0.0,0.1,0.1,0.2,0.3,0.1,0.1,27161.0
CRS3035RES200mN2619000E3464200,73.0,31.0,6.0,10.0,1.0,19.0,5.0,1929980.6,3048.0,0.0,31.0,6.0,0.0,3.0,4.0,7.5,9.5,6.0,21.0,6.0,13.0,3.0,26438.0
CRS3035RES200mN2619000E3464400,40.0,19.0,1.0,8.0,1.0,12.0,1.0,1071913.3,1742.0,0.0,19.0,0.0,2.0,1.0,3.0,5.0,0.0,6.0,9.0,2.0,10.0,2.0,26798.0
CRS3035RES200mN2619000E3464600,96.0,42.0,3.0,11.0,2.0,32.0,4.0,2691025.0,4392.0,0.0,42.0,3.0,4.0,0.0,7.0,9.0,6.0,7.0,18.0,11.0,26.0,8.0,28032.0
CRS3035RES200mN2619000E3464800,80.0,34.0,3.0,5.0,1.0,24.0,1.0,2186473.9,3888.0,0.0,34.0,9.0,3.0,0.0,4.0,6.0,3.0,4.0,17.0,9.0,27.0,7.0,27331.0
CRS3035RES200mN2619000E3465000,71.5,35.0,3.0,14.0,1.0,23.0,3.0,1930083.5,3155.0,5.0,30.0,0.0,2.5,0.0,4.0,5.0,6.0,11.0,15.0,10.0,15.0,3.0,26994.0
CRS3035RES200mN2619000E3465200,70.0,30.0,1.0,8.0,2.0,24.0,1.0,1901106.0,2799.0,0.0,30.0,0.0,3.0,1.0,6.0,3.0,5.0,13.0,10.0,7.0,16.0,6.0,27159.0
CRS3035RES200mN2619000E3467800,2.0,0.7,0.1,0.1,0.1,0.6,0.1,54745.0,92.4,0.0,0.7,0.0,0.1,0.1,0.1,0.1,0.0,0.3,0.6,0.3,0.3,0.1,27372.0
CRS3035RES200mN2619000E3468000,4.0,1.9,0.4,0.5,0.1,1.4,0.1,109210.5,254.8,0.0,1.9,0.0,0.1,0.0,0.1,0.3,0.1,0.5,0.7,0.7,1.1,0.4,27303.0
CRS3035RES200mN2619000E3469000,2.0,1.0,0.2,0.3,0.0,0.7,0.0,54605.3,127.4,0.0,1.0,0.0,0.0,0.0,0.0,0.2,0.0,0.3,0.4,0.4,0.5,0.2,27303.0
CRS3035RES200mN2619000E3471000,27.0,13.0,1.0,4.0,0.0,11.0,0.0,712080.6,1514.0,0.0,13.0,0.0,0.0,0.0,3.0,1.0,0.0,2.0,6.0,5.0,6.0,4.0,26373.0
CRS3035RES200mN2619000E3471200,20.0,8.0,0.7,2.1,0.5,6.6,0.9,579345.2,1041.6,0.0,8.0,0.0,0.2,0.6,1.9,1.5,1.6,3.0,4.1,3.9,2.7,0.5,28967.0
CRS3035RES200mN2619000E3471400,70.0,31.0,5.0,10.0,2.0,17.0,5.0,1577320.9,2752.0,0.0,31.0,0.0,3.0,2.5,5.0,6.5,4.0,13.0,20.0,4.0,10.0,2.0,22533.0
CRS3035RES200mN2619000E3471600,40.0,18.0,0.0,4.0,0.0,16.0,1.0,1055983.3,1875.0,0.0,18.0,0.0,1.0,0.0,1.0,4.0,2.0,6.0,7.0,7.0,9.0,3.0,26400.0
CRS3035RES200mN2619000E3471800,11.0,4.4,0.4,1.1,0.3,3.6,0.5,318639.9,572.9,0.0,4.4,0.0,0.1,0.3,1.1,0.8,0.9,1.6,2.3,2.1,1.5,0.3,28967.0
CRS3035RES200mN2619000E3472800,12.0,5.8,0.2,0.8,0.0,5.2,0.5,316979.8,640.2,0.0,5.8,0.0,0.0,0.5,0.0,0.5,0.0,1.5,2.0,2.5,5.0,0.0,26415.0
CRS3035RES200mN2619000E3474400,11.0,4.2,0.6,1.0,0.4,3.2,0.2,294819.2,500.4,0.3,3.9,0.0,0.3,0.3,0.8,1.4,0.6,1.9,2.9,1.6,1.1,0.1,26802.0
CRS3035RES200mN2619000E3482000,7.0,2.2,0.4,0.1,0.2,2.1,0.1,160464.1,272.0,0.0,2.2,0.0,0.4,0.2,0.4,1.1,0.5,1.0,2.1,0.7,0.5,0.1,22923.0
CRS3035RES200mN2619000E3487400,4.0,1.5,0.2,0.1,0.0,1.2,0.3,94562.0,164.6,0.0,1.5,0.0,0.1,0.1,0.3,0.3,0.5,0.7,0.9,0.4,0.5,0.2,23640.0
CRS3035RES200mN2619000E3487600,23.5,8.8,1.3,0.9,0.2,7.3,1.9,555552.0,966.7,0.0,8.8,0.0,0.9,0.6,1.5,2.0,2.8,3.9,5.1,2.4,3.2,1.1,23641.0
CRS3035RES200mN2619000E3493600,16.0,6.4,0.0,0.0,0.0,5.9,1.6,408606.2,744.0,0.0,6.4,0.0,0.0,0.0,0.0,1.1,1.6,1.6,3.7,3.2,3.2,1.6,25538.0
CRS3035RES200mN2619000E3493800,28.0,11.0,1.0,2.0,0.0,9.0,2.0,601938.7,1001.0,0.0,11.0,0.0,0.0,2.0,2.0,1.0,5.0,6.0,5.0,4.0,3.0,0.0,21498.0
CRS3035RES200mN2619000E3494000,14.0,5.4,0.3,1.1,0.3,4.6,0.3,330912.2,709.7,0.0,5.4,0.0,0.8,0.3,1.3,1.1,0.5,3.0,1.9,1.1,4.0,0.0,23637.0
CRS3035RES200mN2619000E3499000,3.0,1.4,0.1,0.5,0.1,1.2,0.2,60542.1,158.4,0.0,1.4,0.0,0.1,0.0,0.1,0.3,0.2,0.5,0.5,0.3,0.6,0.4,20181.0
CRS3035RES200mN2619000E3499200,30.0,12.0,0.0,2.0,2.0,7.0,2.0,656775.0,1519.0,0.0,12.0,0.0,2.0,1.0,2.0,2.0,1.0,7.0,5.0,4.0,2.0,4.0,21892.0
CRS3035RES200mN2619000E3499400,9.0,4.2,0.3,1.5,0.3,3.5,0.5,181626.2,475.2,0.0,4.2,0.0,0.3,0.1,0.3,0.9,0.7,1.3,1.5,1.0,1.9,1.0,20181.0
CRS3035RES200mN2619000E3501600,5.0,1.9,0.2,0.6,0.1,1.2,0.2,124713.5,293.0,0.0,1.9,0.0,0.5,0.3,0.2,0.5,0.2,1.0,1.2,0.2,0.9,0.0,24943.0
CRS3035RES200mN2619200E3462200,1.0,0.5,0.2,0.2,0.0,0.4,0.0,27160.7,42.8,0.1,0.4,0.0,0.1,0.0,0.0,0.0,0.1,0.1,0.2,0.3,0.1,0.1,27161.0
CRS3035RES200mN2619200E3463400,7.0,3.3,1.4,1.6,0.2,2.6,0.2,190124.8,299.6,0.7,2.6,0.0,0.5,0.0,0.0,0.2,0.7,0.9,1.2,1.9,0.7,0.9,27161.0
CRS3035RES200mN2619200E3464200,56.0,31.0,5.0,15.0,0.0,23.0,0.0,1795307.0,3099.0,1.0,30.0,0.0,0.0,1.0,1.0,2.0,5.0,4.0,11.0,10.0,18.0,4.0,32059.0
CRS3035RES200mN2619200E3464400,88.0,42.0,2.0,12.0,1.0,41.0,1.0,2550461.9,4407.0,0.0,42.0,0.0,1.0,0.0,1.0,7.0,5.0,1.0,16.0,13.0,34.0,10.0,28983.0
CRS3035RES200mN2619200E3464600,134.0,65.0,4.0,24.0,3.0,50.0,5.0,3634997.2,6884.0,0.0,65.0,0.0,5.0,1.0,10.0,10.0,4.0,17.0,24.0,5.0,47.0,11.0,27127.0
CRS3035RES200mN2619200E3464800,202.0,87.0,22.0,23.0,6.0,30.0,30.0,4177398.0,7150.0,23.0,64.0,41.0,7.0,4.0,20.5,33.5,13.0,43.0,54.0,15.0,8.0,4.0,20680.0
CRS3035RES200mN2619200E3465000,2.0,1.1,0.1,0.3,0.0,1.0,0.3,57334.4,121.8,0.0,1.1,0.0,0.0,0.0,0.0,0.2,0.0,0.0,0.6,0.5,0.3,0.4,28667.0
CRS3035RES200mN2619200E3465200,12.0,6.7,0.4,1.8,0.0,6.2,1.8,344006.4,730.7,0.0,6.7,0.0,0.0,0.0,0.0,0.9,0.0,0.0,3.5,3.1,1.8,2.7,28667.0
CRS3035RES200mN2619200E3465400,8.0,4.4,0.3,1.2,0.0,4.1,1.2,229337.6,487.1,0.0,4.4,0.0,0.0,0.0,0.0,0.6,0.0,0.0,2.3,2.1,1.2,1.8,28667.0
CRS3035RES200mN2619200E3466000,5.0,1.7,0.3,0.3,0.2,1.6,0.3,136862.5,230.9,0.1,1.6,0.0,0.2,0.2,0.2,0.3,0.1,0.7,1.5,0.8,0.7,0.3,27372.0
CRS3035RES200mN2619200E3469600,4.5,2.2,0.4,0.6,0.1,1.6,0.1,122861.8,286.6,0.0,2.2,0.0,0.1,0.0,0.1,0.4,0.1,0.6,0.8,0.8,1.2,0.4,27303.0
CRS3035RES200mN2619200E3471000,23.5,9.4,0.8,2.4,0.5,7.8,1.1,680730.6,1223.9,0.0,9.4,0.0,0.3,0.7,2.3,1.7,1.9,3.5,4.8,4.6,3.2,0.5,28967.0
CRS3035RES200mN2619200E3471200,84.5,30.0,1.0,5.0,3.0,21.0,4.0,2281866.8,3245.0,0.0,30.0,0.0,3.0,5.0,8.5,9.0,4.0,23.0,16.0,12.0,2.0,2.0,27004.0
CRS3035RES200mN2619200E3471400,42.0,13.0,0.0,1.0,1.0,13.0,1.0,1185516.5,1505.0,0.0,13.0,0.0,3.0,2.0,1.0,2.0,6.0,6.0,9.0,6.0,7.0,0.0,28227.0
CRS3035RES200mN2619200E3471600,10.0,4.0,0.3,1.0,0.2,3.3,0.5,289672.6,520.8,0.0,4.0,0.0,0.1,0.3,1.0,0.7,0.8,1.5,2.1,1.9,1.4,0.2,28967.0
CRS3035RES200mN2619200E3474400,6.0,2.3,0.3,0.5,0.2,1.8,0.1,160810.5,273.0,0.2,2.1,0.0,0.2,0.2,0.5,0.7,0.3,1.0,1.6,0.8,0.6,0.1,26802.0
CRS3035RES200mN2619200E3479000,2.0,1.0,0.1,0.5,0.0,0.7,0.1,49784.1,100.6,0.0,1.0,0.0,0.1,0.0,0.1,0.1,0.2,0.5,0.4,0.3,0.2,0.1,24892.0
CRS3035RES200mN2619200E3489000,8.0,2.9,0.4,0.4,0.0,1.9,0.4,213271.0,359.6,0.6,2.3,0.0,0.2,0.0,0.4,1.7,0.8,1.1,2.1,1.1,0.6,0.0,26659.0
CRS3035RES200mN2619200E3492000,3.0,1.2,0.0,0.0,0.0,1.1,0.3,76613.7,139.5,0.0,1.2,0.0,0.0,0.0,0.0,0.2,0.3,0.3,0.7,0.6,0.6,0.3,25538.0
CRS3035RES200mN2619200E3492200,3.0,1.2,0.0,0.0,0.0,1.1,0.3,76613.7,139.5,0.0,1.2,0.0,0.0,0.0,0.0,0.2,0.3,0.3,0.7,0.6,0.6,0.3,25538.0
CRS3035RES200mN2619200E3497400,1.0,0.5,0.0,0.2,0.0,0.4,0.1,20180.7,52.8,0.0,0.5,0.0,0.0,0.0,0.0,0.1,0.1,0.2,0.2,0.1,0.2,0.1,20181.0
CRS3035RES200mN2619200E3499000,1.5,0.7,0.1,0.3,0.1,0.6,0.1,30271.0,79.2,0.0,0.7,0.0,0.1,0.0,0.0,0.2,0.1,0.2,0.2,0.2,0.3,0.2,20181.0
CRS3035RES200mN2619200E3499200,54.5,23.0,7.0,9.0,2.0,18.0,1.0,1057096.6,2783.0,0.0,23.0,0.0,4.0,2.5,5.0,4.0,0.0,11.0,9.0,8.0,7.0,4.0,19396.0
CRS3035RES200mN2619200E3499400,4.0,1.9,0.1,0.7,0.1,1.6,0.2,80722.8,211.2,0.0,1.9,0.0,0.2,0.0,0.1,0.4,0.3,0.6,0.7,0.4,0.8,0.5,20181.0
CRS3035RES200mN2619200E3501600,15.0,5.6,0.6,1.7,0.3,3.6,0.6,374140.6,878.9,0.0,5.6,0.0,1.7,0.8,0.5,1.4,0.5,3.1,3.6,0.6,2.8,0.0,24943.0
CRS3035RES200mN2619400E3462200,4.0,1.9,0.8,0.9,0.1,1.5,0.1,108642.7,171.2,0.4,1.5,0.0,0.3,0.0,0.0,0.1,0.4,0.5,0.7,1.1,0.4,0.5,27161.0
CRS3035RES200mN2619400E3464000,4.0,2.2,0.2,1.3,0.1,0.8,0.2,88457.5,155.3,1.2,1.0,0.9,0.3,0.0,0.2,0.2,0.7,0.7,0.7,0.5,0.5,0.2,22114.0
CRS3035RES200mN2619400E3464200,82.5,36.0,1.0,10.0,2.0,27.0,2.0,2445134.2,4048.0,0.0,36.0,0.0,1.5,1.0,2.5,9.5,9.0,2.0,14.0,10.0,27.0,6.0,29638.0
CRS3035RES200mN2619400E3464400,97.0,47.0,1.0,14.0,2.0,43.0,3.0,2968749.8,5358.0,0.0,47.0,0.0,0.0,1.0,3.0,5.5,6.5,4.0,13.0,21.0,30.0,13.0,30606.0
CRS3035RES200mN2619400E3464600,103.0,49.0,4.0,14.0,2.0,46.0,1.0,2638700.9,4964.0,0.0,49.0,0.0,3.0,1.0,1.0,5.0,0.0,9.0,9.0,16.0,51.0,8.0,25618.0
CRS3035RES200mN2619400E3464800,94.5,45.0,1.0,20.0,3.0,18.0,2.0,2685851.2,3839.0,13.0,32.0,9.0,2.0,3.0,7.5,6.0,11.0,19.0,23.0,7.0,14.0,2.0,28422.0
CRS3035RES200mN2619400E3465000,2.0,1.1,0.1,0.3,0.0,1.0,0.3,57334.4,121.8,0.0,1.1,0.0,0.0,0.0,0.0,0.2,0.0,0.0,0.6,0.5,0.3,0.4,28667.0
CRS3035RES200mN2619400E3465200,1.0,0.6,0.0,0.1,0.0,0.5,0.1,28667.2,60.9,0.0,0.6,0.0,0.0,0.0,0.0,0.1,0.0,0.0,0.3,0.3,0.1,0.2,28667.0
CRS3035RES200mN2619400E3466200,2.0,0.7,0.1,0.1,0.1,0.6,0.1,54745.0,92.4,0.0,0.7,0.0,0.1,0.1,0.1,0.1,0.0,0.3,0.6,0.3,0.3,0.1,27372.0
CRS3035RES200mN2619400E3467200,2.0,0.7,0.1,0.1,0.1,0.6,0.1,54745.0,92.4,0.0,0.7,0.0,0.1,0.1,0.1,0.1,0.0,0.3,0.6,0.3,0.3,0.1,27372.0
CRS3035RES200mN2619400E3469600,5.0,2.4,0.5,0.6,0.1,1.8,0.1,136513.1,318.5,0.0,2.4,0.0,0.1,0.0,0.1,0.4,0.1,0.6,0.9,0.9,1.4,0.5,27303.0
CRS3035RES200mN2619400E3471000,5.0,2.0,0.2,0.5,0.1,1.7,0.2,144836.3,260.4,0.0,2.0,0.0,0.1,0.1,0.5,0.4,0.4,0.7,1.0,1.0,0.7,0.1,28967.0
CRS3035RES200mN2619400E3471400,23.0,13.0,1.0,5.0,0.0,7.0,3.0,647286.9,996.0,4.0,9.0,0.0,0.0,0.0,0.5,0.5,5.0,3.0,8.0,4.0,2.0,0.0,28143.0
CRS3035RES200mN2619400E3471600,3.0,1.2,0.1,0.3,0.1,1.0,0.1,86901.8,156.2,0.0,1.2,0.0,0.0,0.1,0.3,0.2,0.2,0.5,0.6,0.6,0.4,0.1,28967.0
CRS3035RES200mN2619400E3472400,4.0,1.9,0.1,0.2,0.0,1.8,0.2,105659.9,213.4,0.0,1.9,0.0,0.0,0.2,0.0,0.2,0.0,0.5,0.7,0.8,1.6,0.0,26415.0
CRS3035RES200mN2619400E3472600,33.0,11.0,1.0,2.0,3.0,7.0,2.0,872707.7,1117.0,0.0,11.0,0.0,4.0,0.0,3.0,3.0,3.0,8.0,7.0,2.0,3.0,0.0,26446.0
CRS3035RES200mN2619400E3472800,6.0,2.9,0.1,0.4,0.0,2.6,0.2,158489.9,320.1,0.0,2.9,0.0,0.0,0.2,0.0,0.2,0.0,0.8,1.0,1.3,2.5,0.0,26415.0
CRS3035RES200mN2619400E3474400,16.0,6.2,0.8,1.5,0.6,4.7,0.3,428827.9,727.9,0.5,5.7,0.0,0.5,0.5,1.2,1.9,0.8,2.8,4.2,2.3,1.6,0.2,26802.0
CRS3035RES200mN2619400E3474800,12.0,4.6,0.6,1.1,0.5,3.5,0.2,321620.9,545.9,0.4,4.2,0.0,0.4,0.4,0.9,1.4,0.6,2.1,3.2,1.7,1.2,0.1,26802.0
CRS3035RES200mN2619400E3475000,12.0,5.7,2.1,1.6,0.0,4.2,0.5,223616.9,619.3,0.5,5.2,0.0,0.0,0.0,0.0,1.0,1.0,0.5,3.7,0.5,4.2,1.1,18635.0
CRS3035RES200mN2619400E3479200,5.0,2.6,0.1,1.2,0.0,1.7,0.3,124460.2,251.5,0.0,2.6,0.0,0.2,0.0,0.2,0.3,0.4,1.3,1.0,0.8,0.5,0.3,24892.0
CRS3035RES200mN2619400E3480400,7.5,2.7,0.2,0.2,0.1,2.7,0.0,176691.7,323.9,0.0,2.7,0.0,0.3,0.1,0.7,0.2,0.3,0.9,2.1,0.9,1.0,1.0,23559.0
CRS3035RES200mN2619400E3482200,6.0,1.9,0.3,0.1,0.1,1.8,0.1,137540.6,233.1,0.0,1.9,0.0,0.4,0.2,0.3,0.9,0.4,0.8,1.8,0.6,0.5,0.1,22923.0
CRS3035RES200mN2619400E3488600,2.0,0.7,0.1,0.1,0.1,0.6,0.0,47535.8,90.0,0.0,0.7,0.0,0.0,0.0,0.1,0.4,0.2,0.3,0.6,0.2,0.2,0.0,23768.0
CRS3035RES200mN2619400E3488800,29.0,10.2,1.1,1.7,1.1,8.5,0.0,689268.7,1304.4,0.0,10.2,0.0,0.6,0.6,1.1,5.1,2.8,4.5,8.0,2.3,3.4,0.6,23768.0
CRS3035RES200mN2619400E3489000,62.0,24.0,2.0,7.0,2.0,21.0,2.0,1388434.4,2477.0,0.0,24.0,0.0,3.0,2.0,2.0,9.0,6.0,12.0,11.0,9.0,4.0,4.0,22394.0
CRS3035RES200mN2619400E3499000,2.0,0.9,0.1,0.3,0.1,0.8,0.1,40361.4,105.6,0.0,0.9,0.0,0.1,0.0,0.1,0.2,0.2,0.3,0.3,0.2,0.4,0.2,20181.0
CRS3035RES200mN2619400E3499200,16.0,7.5,0.6,2.7,0.6,6.3,0.9,322891.0,844.9,0.0,7.5,0.0,0.6,0.2,0.4,1.6,1.2,2.4,2.7,1.8,3.3,1.8,20181.0
CRS3035RES200mN2619400E3501000,2.0,0.7,0.1,0.2,0.0,0.5,0.1,49885.4,117.2,0.0,0.7,0.0,0.2,0.1,0.1,0.2,0.1,0.4,0.5,0.1,0.3,0.0,24943.0
CRS3035RES200mN2619600E3464200,26.0,14.6,1.6,8.7,0.5,4.9,1.6,574973.6,1009.7,8.1,6.5,6.0,2.2,0.0,1.1,1.1,4.3,4.9,4.9,3.2,3.2,1.1,22114.0
CRS3035RES200mN2619600E3464400,15.0,8.4,0.9,5.0,0.3,2.8,0.9,331715.5,582.5,4.7,3.7,3.4,1.3,0.0,0.6,0.6,2.5,2.8,2.8,1.9,1.9,0.6,22114.0
CRS3035RES200mN2619600E3464600,3.0,1.7,0.2,1.0,0.1,0.6,0.2,66343.1,116.5,0.9,0.8,0.7,0.2,0.0,0.1,0.1,0.5,0.6,0.6,0.4,0.4,0.1,22114.0
CRS3035RES200mN2619600E3465200,2.0,1.1,0.1,0.3,0.0,1.0,0.3,57334.4,121.8,0.0,1.1,0.0,0.0,0.0,0.0,0.2,0.0,0.0,0.6,0.5,0.3,0.4,28667.0
CRS3035RES200mN2619600E3466400,3.0,1.0,0.2,0.2,0.1,0.9,0.2,82117.5,138.6,0.0,1.0,0.0,0.1,0.1,0.1,0.2,0.1,0.4,0.9,0.5,0.4,0.2,27372.0
CRS3035RES200mN2619600E3467400,2.0,0.7,0.1,0.1,0.1,0.6,0.1,54745.0,92.4,0.0,0.7,0.0,0.1,0.1,0.1,0.1,0.0,0.3,0.6,0.3,0.3,0.1,27372.0
CRS3035RES200mN2619600E3471200,4.0,1.6,0.1,0.4,0.1,1.3,0.2,115869.0,208.3,0.0,1.6,0.0,0.0,0.1,0.4,0.3,0.3,0.6,0.8,0.8,0.6,0.1,28967.0
CRS3035RES200mN2619600E3472200,5.0,2.4,0.1,0.3,0.0,2.2,0.2,132074.9,266.8,0.0,2.4,0.0,0.0,0.2,0.0,0.2,0.0,0.6,0.8,1.1,2.1,0.0,26415.0
CRS3035RES200mN2619600E3472400,94.0,36.0,1.0,7.0,3.0,26.0,4.0,2605716.9,3989.0,0.0,36.0,7.0,5.0,0.0,9.0,12.5,9.5,15.0,27.0,10.0,6.0,0.0,27720.0
CRS3035RES200mN2619600E3472600,155.5,70.0,4.0,22.0,1.0,54.0,11.0,3727798.1,6445.0,0.0,70.0,12.0,11.0,5.0,12.5,12.0,8.0,27.0,35.0,12.0,29.0,4.0,23973.0
CRS3035RES200mN2619600E3472800,76.0,37.0,1.0,10.0,0.0,31.0,2.0,1894497.6,3491.0,4.0,33.0,0.0,1.0,0.0,2.0,7.0,2.0,8.0,20.0,10.0,24.0,2.0,24928.0
CRS3035RES200mN2619600E3473400,2.0,1.0,0.0,0.1,0.0,0.9,0.1,52830.0,106.7,0.0,1.0,0.0,0.0,0.1,0.0,0.1,0.0,0.3,0.3,0.4,0.8,0.0,26415.0
CRS3035RES200mN2619600E3474200,25.0,9.6,1.3,2.3,1.0,7.4,0.5,670043.6,1137.3,0.7,8.9,0.0,0.8,0.8,1.9,3.0,1.3,4.3,6.6,3.5,2.5,0.3,26802.0
CRS3035RES200mN2619600E3474400,38.0,14.0,0.0,1.0,1.0,13.0,2.0,940487.2,1632.0,0.0,14.0,0.0,1.0,1.0,1.5,2.5,7.0,3.0,9.0,6.0,2.0,5.0,24750.0
CRS3035RES200mN2619600E3474600,71.5,33.0,6.0,11.0,2.0,26.0,5.0,1759973.2,3299.0,1.0,32.0,0.0,1.0,2.0,3.0,9.5,4.0,10.0,15.0,11.0,11.0,5.0,24615.0
CRS3035RES200mN2619600E3474800,25.0,13.0,1.0,5.0,0.0,12.0,0.0,640623.2,1324.0,0.0,13.0,0.0,1.0,1.0,1.0,1.0,0.0,8.0,4.0,0.0,7.0,2.0,25625.0
CRS3035RES200mN2619600E3479000,29.0,14.9,0.7,6.7,0.0,9.7,1.5,721869.1,1458.9,0.0,14.9,0.0,1.5,0.0,1.5,1.5,2.2,7.4,5.9,4.5,3.0,1.5,24892.0
CRS3035RES200mN2619600E3479200,34.0,17.0,2.0,8.0,1.0,11.0,0.0,863291.1,1857.0,0.0,17.0,0.0,2.0,3.0,1.0,0.0,2.0,5.0,7.0,7.0,7.0,0.0,25391.0
CRS3035RES200mN2619600E3482200,18.5,5.9,1.0,0.2,0.4,5.5,0.2,424083.6,718.8,0.0,5.9,0.0,1.2,0.5,1.0,2.9,1.2,2.6,5.5,1.8,1.4,0.4,22923.0
CRS3035RES200mN2619600E3482400,29.5,14.0,3.0,5.0,0.0,11.0,3.0,670613.5,1637.0,2.0,12.0,0.0,0.0,1.0,2.5,3.0,2.0,6.0,6.0,5.0,2.0,2.0,22733.0
CRS3035RES200mN2619600E3488800,11.0,3.9,0.4,0.6,0.4,3.2,0.0,261446.8,494.8,0.0,3.9,0.0,0.2,0.2,0.4,2.0,1.1,1.7,3.0,0.9,1.3,0.2,23768.0
CRS3035RES200mN2619600E3489000,14.0,5.2,0.7,0.7,0.0,3.3,0.7,373224.3,629.3,1.1,4.1,0.0,0.4,0.0,0.7,3.0,1.5,1.8,3.7,1.8,1.1,0.0,26659.0
CRS3035RES200mN2619600E3492200,2.0,0.8,0.0,0.0,0.0,0.7,0.2,51075.8,93.0,0.0,0.8,0.0,0.0,0.0,0.0,0.1,0.2,0.2,0.5,0.4,0.4,0.2,25538.0
CRS3035RES200mN2619800E3467200,11.0,3.8,0.6,0.6,0.4,3.4,0.8,301097.5,508.1,0.2,3.6,0.0,0.4,0.4,0.4,0.7,0.2,1.5,3.2,1.9,1.5,0.8,27372.0
CRS3035RES200mN2619800E3470200,5.5,1.8,0.2,0.0,0.3,1.6,0.0,165361.1,239.2,0.0,1.8,0.0,0.0,0.0,0.7,1.0,0.2,0.8,2.0,0.5,0.3,0.0,30066.0
CRS3035RES200mN2619800E3471400,9.0,3.6,0.3,0.9,0.2,3.0,0.4,260705.4,468.7,0.0,3.6,0.0,0.1,0.3,0.9,0.7,0.7,1.3,1.9,1.7,1.2,0.2,28967.0
CRS3035RES200mN2619800E3471600,2.0,0.8,0.1,0.2,0.0,0.7,0.1,57934.5,104.2,0.0,0.8,0.0,0.0,0.1,0.2,0.1,0.2,0.3,0.4,0.4,0.3,0.0,28967.0
CRS3035RES200mN2619800E3472200,24.0,12.0,0.0,3.0,0.0,8.0,1.0,703902.8,1066.0,0.0,12.0,0.0,0.0,2.0,1.0,0.0,0.0,6.0,3.0,6.0,3.0,3.0,29329.0
CRS3035RES200mN2619800E3472400,97.0,46.0,3.0,14.0,1.0,34.0,7.0,2422058.0,4617.0,0.0,46.0,9.0,4.0,1.0,3.0,4.0,9.0,12.0,17.0,18.0,18.0,11.0,24970.0
CRS3035RES200mN2619800E3472600,116.5,49.0,1.0,15.0,2.0,40.0,5.0,3325789.7,5149.0,0.0,49.0,0.0,6.0,4.0,10.0,11.0,4.5,20.0,25.0,8.0,24.0,4.0,28548.0
CRS3035RES200mN2619800E3472800,111.0,39.0,1.0,7.0,6.0,38.0,5.0,2852316.5,4458.0,0.0,39.0,0.0,5.0,5.0,17.5,13.0,1.5,23.0,18.0,11.0,16.0,1.0,25697.0
CRS3035RES200mN2619800E3473000,3.0,1.4,0.1,0.2,0.0,1.3,0.1,79244.9,160.1,0.0,1.4,0.0,0.0,0.1,0.0,0.1,0.0,0.4,0.5,0.6,1.3,0.0,26415.0
CRS3035RES200mN2619800E3474200,38.0,22.0,2.0,11.0,0.0,15.0,1.0,1018885.9,2111.0,2.0,20.0,0.0,0.0,0.0,1.0,2.0,2.0,6.0,7.0,10.0,8.0,2.0,26813.0
CRS3035RES200mN2619800E3474400,112.0,51.0,5.0,17.0,1.0,36.0,5.0,2756825.8,5252.0,0.0,51.0,0.0,2.0,2.0,4.0,10.0,18.0,27.0,28.0,10.0,10.0,1.0,24615.0
CRS3035RES200mN2619800E3474600,21.5,8.3,1.1,2.0,0.9,6.3,0.4,576237.5,978.1,0.7,7.6,0.0,0.6,0.7,1.6,2.6,1.1,3.7,5.7,3.1,2.2,0.2,26802.0
CRS3035RES200mN2619800E3474800,7.0,2.7,0.4,0.6,0.3,2.1,0.1,187612.2,318.4,0.2,2.5,0.0,0.2,0.2,0.5,0.9,0.4,1.2,1.8,1.0,0.7,0.1,26802.0
CRS3035RES200mN2619800E3479200,3.0,1.5,0.1,0.7,0.0,1.0,0.2,74676.1,150.9,0.0,1.5,0.0,0.1,0.0,0.1,0.2,0.2,0.8,0.6,0.5,0.3,0.2,24892.0
CRS3035RES200mN2619800E3481000,2.0,0.7,0.1,0.1,0.0,0.7,0.0,47117.8,86.4,0.0,0.7,0.0,0.1,0.0,0.2,0.1,0.1,0.2,0.5,0.2,0.3,0.3,23559.0
CRS3035RES200mN2619800E3481200,3.0,1.1,0.1,0.1,0.0,1.1,0.0,70676.7,129.5,0.0,1.1,0.0,0.1,0.0,0.3,0.1,0.1,0.4,0.8,0.4,0.4,0.4,23559.0
CRS3035RES200mN2619800E3482200,4.0,1.3,0.2,0.0,0.1,1.2,0.0,91693.7,155.4,0.0,1.3,0.0,0.2,0.1,0.2,0.6,0.3,0.6,1.2,0.4,0.3,0.1,22923.0
CRS3035RES200mN2619800E3482400,29.0,9.2,1.6,0.3,0.6,8.6,0.3,664779.7,1126.7,0.0,9.2,0.0,1.9,0.8,1.6,4.4,1.9,4.1,8.6,2.9,2.2,0.6,22923.0
CRS3035RES200mN2619800E3482600,27.0,8.6,1.5,0.3,0.6,8.0,0.3,618932.8,1049.0,0.0,8.6,0.0,1.8,0.7,1.5,4.1,1.8,3.8,8.0,2.6,2.1,0.6,22923.0
CRS3035RES200mN2619800E3488600,9.0,3.2,0.4,0.5,0.4,2.6,0.0,213911.0,404.8,0.0,3.2,0.0,0.2,0.2,0.3,1.6,0.9,1.4,2.5,0.7,1.0,0.2,23768.0
CRS3035RES200mN2619800E3488800,39.0,15.0,1.0,2.0,1.0,12.0,0.0,1098001.5,2301.0,0.0,15.0,0.0,0.0,0.0,0.0,6.0,4.0,2.0,12.0,5.0,9.0,1.0,28154.0
CRS3035RES200mN2619800E3489000,16.0,5.9,0.8,0.8,0.0,3.8,0.8,426542.0,719.2,1.3,4.6,0.0,0.4,0.0,0.8,3.4,1.7,2.1,4.2,2.1,1.3,0.0,26659.0
CRS3035RES200mN2619800E3491000,2.0,0.8,0.1,0.2,0.1,0.5,0.1,45697.9,97.5,0.0,0.8,0.0,0.2,0.0,0.0,0.1,0.1,0.4,0.3,0.5,0.3,0.1,22849.0
CRS3035RES200mN2619800E3493600,4.0,1.6,0.0,0.0,0.0,1.5,0.4,102151.6,186.0,0.0,1.6,0.0,0.0,0.0,0.0,0.3,0.4,0.4,0.9,0.8,0.8,0.4,25538.0
CRS3035RES200mN2620000E3464200,1.0,0.4,0.1,0.1,0.0,0.3,0.0,24844.0,46.9,0.0,0.4,0.0,0.0,0.0,0.1,0.1,0.1,0.1,0.2,0.2,0.1,0.1,24844.0
CRS3035RES200mN2620000E3469400,2.0,0.8,0.0,0.2,0.0,0.7,0.0,51497.4,102.2,0.0,0.8,0.0,0.1,0.1,0.0,0.1,0.1,0.3,0.4,0.2,0.6,0.1,25749.0
CRS3035RES200mN2620000E3469800,3.0,1.3,0.0,0.3,0.1,1.0,0.0,77246.1,153.3,0.1,1.2,0.0,0.2,0.2,0.1,0.1,0.1,0.5,0.6,0.3,0.8,0.1,25749.0
CRS3035RES200mN2620000E3472000,17.5,7.5,0.0,1.8,0.3,7.5,0.3,505761.0,924.4,0.0,7.5,0.0,0.6,0.3,0.6,1.3,1.2,1.8,4.5,3.3,3.3,0.6,28901.0
CRS3035RES200mN2620000E3472200,69.5,30.0,1.0,8.0,2.0,27.0,1.0,1853693.9,2977.0,0.0,30.0,0.0,0.0,1.0,2.0,6.5,6.0,5.0,15.0,6.0,18.0,10.0,26672.0
CRS3035RES200mN2620000E3472400,75.0,39.0,4.0,21.0,2.0,24.0,2.0,2044649.8,3770.0,3.0,36.0,0.0,1.0,1.0,1.5,7.5,4.0,10.0,13.0,15.0,19.0,3.0,27262.0
CRS3035RES200mN2620000E3472600,106.0,41.0,0.0,8.0,3.0,30.0,2.0,2959540.6,4213.0,4.0,37.0,0.0,6.0,4.0,9.0,12.0,2.0,22.0,27.0,6.0,14.0,4.0,27920.0
CRS3035RES200mN2620000E3472800,54.0,21.0,1.0,4.0,1.0,18.0,2.0,1595447.9,2340.0,0.0,21.0,0.0,2.0,3.0,6.0,7.0,0.0,5.0,12.0,6.0,8.0,5.0,29545.0
CRS3035RES200mN2620000E3473000,29.0,15.0,1.0,7.0,1.0,13.0,1.0,915956.0,1709.0,0.0,15.0,0.0,1.0,1.0,0.0,1.0,2.0,5.0,4.0,4.0,9.0,2.0,31585.0
CRS3035RES200mN2620000E3473200,17.0,6.3,0.2,0.5,0.5,5.4,0.7,444455.6,690.2,0.0,6.3,0.0,0.9,1.2,1.4,1.2,0.7,3.9,2.8,1.9,2.3,0.7,26144.0
CRS3035RES200mN2620000E3473400,40.0,16.0,1.0,2.0,0.0,15.0,1.0,1100470.2,1728.0,0.0,16.0,0.0,1.0,0.0,0.5,5.0,1.5,5.0,8.0,2.0,16.0,1.0,27512.0
CRS3035RES200mN2620000E3474000,2.0,0.9,0.1,0.3,0.1,0.6,0.0,43339.3,100.9,0.1,0.8,0.0,0.0,0.1,0.2,0.2,0.1,0.6,0.3,0.2,0.3,0.0,21670.0
CRS3035RES200mN2620000E3474200,9.5,4.2,0.3,1.6,0.3,2.9,0.0,205861.5,479.5,0.3,3.9,0.0,0.0,0.3,1.1,0.8,0.5,2.9,1.6,1.0,1.3,0.0,21670.0
CRS3035RES200mN2620000E3474400,12.0,5.3,0.4,2.0,0.4,3.7,0.0,260035.6,605.7,0.4,4.9,0.0,0.0,0.4,1.4,1.0,0.6,3.7,2.1,1.2,1.6,0.0,21670.0
CRS3035RES200mN2620000E3480200,3.0,1.2,0.2,0.2,0.1,1.0,0.1,69457.5,146.1,0.0,1.2,0.0,0.2,0.1,0.2,0.3,0.1,0.5,0.7,0.3,0.5,0.1,23152.0
CRS3035RES200mN2620000E3481000,18.0,6.3,0.6,0.9,0.9,5.5,0.0,470630.9,791.4,0.0,6.3,0.0,0.8,0.6,1.0,2.5,1.5,2.1,4.2,2.1,3.0,0.2,26146.0
CRS3035RES200mN2620000E3482600,7.0,2.3,0.0,0.1,0.3,1.9,0.3,193661.4,311.8,0.1,2.2,0.0,0.3,0.1,0.4,0.8,0.6,2.4,1.1,0.8,0.4,0.1,27666.0
CRS3035RES200mN2620000E3486000,15.0,5.6,0.2,1.1,0.5,4.9,0.5,348236.8,664.2,0.1,5.5,0.0,0.3,0.5,1.4,2.0,1.0,2.6,3.3,1.2,2.0,0.7,23216.0
CRS3035RES200mN2620000E3486200,18.0,6.7,0.3,1.3,0.6,5.8,0.6,417884.2,797.1,0.1,6.6,0.0,0.3,0.6,1.6,2.4,1.2,3.1,4.0,1.5,2.4,0.9,23216.0
CRS3035RES200mN2620000E3486400,9.0,3.4,0.1,0.7,0.3,2.9,0.3,208942.1,398.5,0.1,3.3,0.0,0.2,0.3,0.8,1.2,0.6,1.6,2.0,0.7,1.2,0.4,23216.0
CRS3035RES200mN2620000E3488400,29.0,12.0,1.0,2.0,1.0,12.0,0.0,814282.9,1416.0,0.0,12.0,0.0,0.0,1.0,1.0,2.0,2.0,6.0,3.0,9.0,5.0,0.0,28079.0
CRS3035RES200mN2620000E3488600,66.5,23.0,4.0,4.0,3.0,22.0,4.0,1371469.7,2544.0,0.0,23.0,0.0,2.0,2.0,6.5,12.0,4.0,13.0,12.0,4.0,8.0,2.0,20624.0
CRS3035RES200mN2620000E3488800,64.0,27.0,2.0,7.0,0.0,23.0,1.0,1800824.8,3114.0,1.0,26.0,0.0,1.0,1.0,4.0,7.0,4.0,11.0,16.0,8.0,7.0,5.0,28138.0
CRS3035RES200mN2620000E3489000,23.5,14.0,3.0,8.0,0.0,9.0,1.0,531770.5,1962.0,0.0,14.0,0.0,1.0,1.0,1.5,1.0,1.0,5.0,3.0,2.0,7.0,1.0,22629.0
CRS3035RES200mN2620000E3489200,6.0,2.6,0.3,0.9,0.2,2.4,0.0,129430.4,340.4,0.0,2.6,0.0,0.3,0.1,0.3,0.4,0.3,1.1,0.6,0.8,1.9,0.2,21572.0
CRS3035RES200mN2620000E3489800,1.0,0.4,0.1,0.2,0.0,0.4,0.0,21571.7,56.7,0.0,0.4,0.0,0.0,0.0,0.1,0.1,0.1,0.2,0.1,0.1,0.3,0.0,21572.0
CRS3035RES200mN2620000E3490800,2.0,0.8,0.2,0.2,0.1,0.4,0.1,58682.7,112.9,0.0,0.8,0.0,0.0,0.1,0.0,0.1,0.2,0.4,0.2,0.6,0.2,0.2,29341.0
CRS3035RES200mN2620000E3491600,1.0,0.4,0.1,0.1,0.1,0.2,0.1,29341.4,56.5,0.0,0.4,0.0,0.0,0.0,0.0,0.1,0.1,0.2,0.1,0.3,0.1,0.1,29341.0
CRS3035RES200mN2620000E3495600,2.0,0.9,0.0,0.1,0.0,0.8,0.0,52801.4,147.5,0.0,0.9,0.0,0.0,0.0,0.1,0.2,0.1,0.2,0.5,0.4,0.3,0.2,26401.0
CRS3035RES200mN2620000E3495800,1.0,0.4,0.0,0.1,0.0,0.4,0.0,26400.7,73.7,0.0,0.4,0.0,0.0,0.0,0.0,0.1,0.0,0.1,0.3,0.2,0.2,0.1,26401.0
CRS3035RES200mN2620000E3501200,4.0,1.4,0.3,0.2,0.1,1.0,0.1,89677.0,197.4,0.0,1.4,0.0,0.2,0.0,0.4,0.4,0.4,0.6,0.7,0.3,0.7,0.3,22419.0
CRS3035RES200mN2620000E3502200,4.0,1.4,0.2,0.2,0.0,1.4,0.3,96390.8,157.7,0.0,1.4,0.0,0.0,0.2,0.2,0.5,0.3,0.5,1.2,0.2,0.7,0.2,24098.0
CRS3035RES200mN2620200E3464400,4.0,1.7,0.2,0.6,0.2,1.3,0.2,99376.2,187.6,0.1,1.6,0.2,0.2,0.0,0.2,0.2,0.4,0.6,0.8,0.7,0.4,0.5,24844.0
CRS3035RES200mN2620200E3466200,3.0,1.6,0.0,0.6,0.0,1.2,0.1,97687.8,167.1,0.0,1.6,0.0,0.0,0.0,0.1,0.1,0.0,0.6,0.8,0.3,0.8,0.3,32563.0
CRS3035RES200mN2620200E3466800,2.0,1.1,0.0,0.4,0.0,0.8,0.1,65125.2,111.4,0.0,1.1,0.0,0.0,0.0,0.1,0.1,0.0,0.4,0.5,0.2,0.5,0.2,32563.0
CRS3035RES200mN2620200E3467800,12.0,4.9,0.3,0.6,0.0,3.6,0.0,377353.0,696.6,0.0,4.9,0.0,0.3,0.3,0.7,0.3,1.0,1.0,2.6,2.3,1.9,1.6,31446.0
CRS3035RES200mN2620200E3468000,27.0,11.0,0.0,2.0,0.0,10.0,0.0,801597.8,1256.0,0.0,11.0,0.0,0.0,0.0,2.0,0.0,5.0,3.0,6.0,7.0,4.0,0.0,29689.0
CRS3035RES200mN2620200E3468200,16.5,7.9,0.5,2.0,0.0,4.4,3.4,395594.0,702.9,0.0,7.9,2.5,1.0,0.5,0.0,2.7,1.0,1.5,3.9,3.4,2.0,0.5,23975.0
CRS3035RES200mN2620200E3469400,13.0,5.4,0.0,1.5,0.3,4.2,0.0,334733.0,664.5,0.3,5.1,0.0,0.9,0.9,0.3,0.3,0.3,2.1,2.4,1.5,3.7,0.6,25749.0
CRS3035RES200mN2620200E3469600,8.0,3.3,0.0,0.9,0.2,2.6,0.0,205989.5,408.9,0.2,3.1,0.0,0.5,0.6,0.2,0.2,0.2,1.3,1.5,0.9,2.2,0.4,25749.0
CRS3035RES200mN2620200E3469800,7.0,2.9,0.0,0.8,0.2,2.3,0.0,180240.8,357.8,0.1,2.8,0.0,0.5,0.5,0.2,0.2,0.2,1.1,1.3,0.8,1.9,0.3,25749.0
CRS3035RES200mN2620200E3471800,10.0,4.4,0.8,1.6,0.4,3.6,0.0,226645.0,403.6,0.0,4.4,0.0,0.8,0.0,1.6,0.4,0.0,2.0,1.6,1.2,1.6,0.8,22664.0
CRS3035RES200mN2620200E3472000,52.5,19.0,0.0,3.0,3.0,14.0,1.0,1434596.4,1994.0,0.0,19.0,0.0,0.0,2.0,3.5,7.0,5.0,6.0,14.0,3.0,11.0,1.0,27326.0
CRS3035RES200mN2620200E3472200,56.0,23.0,0.0,7.0,1.0,21.0,2.0,1474176.5,2404.0,1.0,22.0,0.0,2.0,1.0,6.0,7.0,0.0,9.0,15.0,8.0,5.0,3.0,26325.0
CRS3035RES200mN2620200E3472400,123.0,53.0,3.0,16.0,3.0,33.0,10.0,3350365.3,5848.0,3.0,50.0,0.0,4.5,1.0,8.5,11.0,15.0,24.0,22.0,22.0,13.0,2.0,27239.0
CRS3035RES200mN2620200E3472600,102.0,47.0,5.0,21.0,5.0,28.0,5.0,2586435.0,4707.0,6.0,41.0,0.0,3.0,2.0,5.0,13.5,8.5,7.0,33.0,13.0,15.0,2.0,25357.0
CRS3035RES200mN2620200E3472800,72.0,31.0,6.0,7.0,2.0,27.0,3.0,2046876.4,3724.0,1.0,30.0,0.0,1.0,0.0,6.5,8.5,3.0,3.0,22.0,10.0,12.0,6.0,28429.0
CRS3035RES200mN2620200E3473000,73.0,30.0,3.0,7.0,3.0,29.0,4.0,1774245.3,3149.0,0.0,30.0,0.0,2.0,2.0,6.0,9.5,4.5,8.0,19.0,3.0,11.0,8.0,24305.0
CRS3035RES200mN2620200E3473200,71.5,31.0,3.0,8.0,2.0,25.0,5.0,1912347.9,3102.0,0.0,31.0,0.0,2.0,0.5,1.0,9.0,8.0,7.0,18.0,7.0,12.0,7.0,26746.0
CRS3035RES200mN2620200E3473400,62.5,27.0,0.0,6.0,1.0,21.0,5.0,1702273.2,2692.0,0.0,27.0,0.0,5.0,1.0,4.5,7.0,2.0,17.0,11.0,7.0,8.0,0.0,27236.0
CRS3035RES200mN2620200E3480400,3.0,1.2,0.2,0.2,0.1,1.0,0.1,69457.5,146.1,0.0,1.2,0.0,0.2,0.1,0.2,0.3,0.1,0.5,0.7,0.3,0.5,0.1,23152.0
CRS3035RES200mN2620200E3480600,25.0,13.0,4.0,7.0,0.0,6.0,1.0,467121.2,1485.0,2.0,11.0,0.0,4.0,1.0,2.0,0.0,1.0,5.0,2.0,5.0,4.0,1.0,18685.0
CRS3035RES200mN2620200E3480800,3.0,1.2,0.2,0.2,0.1,1.0,0.1,69457.5,146.1,0.0,1.2,0.0,0.2,0.1,0.2,0.3,0.1,0.5,0.7,0.3,0.5,0.1,23152.0
CRS3035RES200mN2620200E3481000,50.0,20.0,2.0,4.0,0.0,19.0,3.0,1177660.8,2165.0,0.0,20.0,0.0,1.0,0.0,1.0,3.0,10.0,6.0,11.0,10.0,8.0,0.0,23553.0
CRS3035RES200mN2620200E3481200,4.0,1.4,0.1,0.2,0.2,1.2,0.0,104584.6,175.9,0.0,1.4,0.0,0.2,0.1,0.2,0.6,0.3,0.5,0.9,0.5,0.7,0.0,26146.0
CRS3035RES200mN2620200E3481400,5.0,1.7,0.2,0.3,0.3,1.5,0.0,130730.8,219.8,0.0,1.7,0.0,0.2,0.2,0.3,0.7,0.4,0.6,1.2,0.6,0.8,0.0,26146.0
CRS3035RES200mN2620200E3482600,2.0,0.7,0.0,0.0,0.1,0.5,0.1,55331.8,89.1,0.1,0.6,0.0,0.1,0.0,0.1,0.2,0.2,0.7,0.3,0.2,0.1,0.1,27666.0
CRS3035RES200mN2620200E3482800,29.0,9.5,0.0,0.6,1.1,7.8,1.1,802311.5,1291.6,0.6,8.9,0.0,1.1,0.6,1.7,3.3,2.2,10.0,4.5,3.3,1.7,0.6,27666.0
CRS3035RES200mN2620200E3483000,30.0,11.0,1.0,2.0,0.0,10.0,2.0,693888.8,1142.0,0.0,11.0,0.0,0.0,1.5,1.0,2.5,6.0,4.0,10.0,1.0,4.0,0.0,23130.0
CRS3035RES200mN2620200E3483200,16.0,5.0,0.4,0.4,0.0,5.0,0.4,410143.2,629.7,0.0,5.0,0.0,0.3,0.7,1.1,2.5,2.1,1.4,6.4,0.4,0.7,0.4,25634.0
CRS3035RES200mN2620200E3485800,4.0,2.1,0.2,0.6,0.1,1.5,0.3,108572.5,245.1,0.0,2.1,0.0,0.0,0.0,0.3,0.5,0.0,0.3,0.9,1.2,0.8,0.0,27143.0
CRS3035RES200mN2620200E3486000,31.0,11.0,1.0,3.0,1.0,10.0,1.0,821566.2,1149.0,0.0,11.0,0.0,1.0,1.0,2.0,5.0,1.0,3.0,9.0,5.0,2.0,2.0,26502.0
CRS3035RES200mN2620200E3486200,24.0,9.0,0.4,1.8,0.8,7.8,0.8,557178.9,1062.8,0.2,8.8,0.0,0.4,0.8,2.2,3.2,1.6,4.2,5.2,2.0,3.2,1.2,23216.0
CRS3035RES200mN2620200E3488400,30.0,12.0,2.0,1.0,0.0,11.0,3.0,722940.4,1270.0,0.0,12.0,0.0,0.0,1.0,0.0,4.0,3.0,3.0,6.0,3.0,10.0,0.0,24098.0
CRS3035RES200mN2620200E3488600,45.0,17.0,1.0,2.0,1.0,16.0,1.0,997513.9,1865.0,0.0,17.0,0.0,0.0,0.0,0.0,9.0,4.0,2.0,18.0,6.0,6.0,0.0,22167.0
CRS3035RES200mN2620200E3488800,69.0,22.0,0.0,2.0,2.0,21.0,1.0,1712143.1,2402.0,0.0,22.0,0.0,1.0,2.0,9.0,11.0,4.0,13.0,23.0,3.0,3.0,0.0,24814.0
CRS3035RES200mN2620200E3489000,26.0,11.3,1.3,4.0,1.0,10.3,0.0,560865.1,1475.0,0.0,11.3,0.0,1.3,0.3,1.3,1.7,1.3,4.7,2.7,3.7,8.0,1.0,21572.0
CRS3035RES200mN2620200E3489200,17.0,7.4,0.9,2.6,0.7,6.8,0.0,366719.5,964.4,0.0,7.4,0.0,0.9,0.2,0.9,1.1,0.9,3.0,1.7,2.4,5.2,0.7,21572.0
CRS3035RES200mN2620200E3489400,12.0,5.2,0.6,1.8,0.5,4.8,0.0,258860.8,680.8,0.0,5.2,0.0,0.6,0.1,0.6,0.8,0.6,2.2,1.2,1.7,3.7,0.5,21572.0
CRS3035RES200mN2620200E3490600,2.0,0.8,0.2,0.2,0.1,0.4,0.1,58682.7,112.9,0.0,0.8,0.0,0.0,0.1,0.0,0.1,0.2,0.4,0.2,0.6,0.2,0.2,29341.0
CRS3035RES200mN2620200E3492400,4.0,1.4,0.0,0.4,0.0,1.4,0.1,90490.2,144.5,0.0,1.4,0.0,0.1,0.0,0.6,0.8,0.2,1.0,0.7,0.2,0.4,0.0,22623.0
CRS3035RES200mN2620200E3493600,1.0,0.5,0.1,0.2,0.0,0.4,0.1,24917.8,65.6,0.0,0.5,0.0,0.0,0.0,0.0,0.0,0.1,0.2,0.3,0.1,0.2,0.1,24918.0
CRS3035RES200mN2620200E3495400,2.0,0.9,0.0,0.1,0.0,0.8,0.0,52801.4,147.5,0.0,0.9,0.0,0.0,0.0,0.1,0.2,0.1,0.2,0.5,0.4,0.3,0.2,26401.0
CRS3035RES200mN2620400E3464000,1.0,0.4,0.1,0.1,0.0,0.3,0.0,24844.0,46.9,0.0,0.4,0.0,0.0,0.0,0.1,0.1,0.1,0.1,0.2,0.2,0.1,0.1,24844.0
CRS3035RES200mN2620400E3466200,34.5,24.0,6.0,16.0,0.0,16.0,3.0,708105.7,1139.0,0.0,24.0,0.0,0.0,0.0,2.0,2.5,1.0,10.0,8.0,8.0,3.0,0.0,20525.0
CRS3035RES200mN2620400E3466400,38.0,23.0,3.0,14.0,0.0,11.0,0.0,875459.1,1093.0,0.0,23.0,0.0,1.0,1.0,1.0,0.0,2.0,11.0,14.0,5.0,3.0,0.0,23038.0
CRS3035RES200mN2620400E3466800,2.0,1.1,0.0,0.4,0.0,0.8,0.1,65125.2,111.4,0.0,1.1,0.0,0.0,0.0,0.1,0.1,0.0,0.4,0.5,0.2,0.5,0.2,32563.0
CRS3035RES200mN2620400E3467200,4.0,1.6,0.1,0.2,0.0,1.2,0.0,125784.3,232.2,0.0,1.6,0.0,0.1,0.1,0.2,0.1,0.3,0.3,0.9,0.8,0.7,0.5,31446.0
CRS3035RES200mN2620400E3467400,32.0,13.0,0.0,2.0,0.0,11.0,2.0,899094.5,1398.0,0.0,13.0,0.0,1.0,2.0,1.0,3.0,1.0,3.0,8.0,4.0,8.0,1.0,28097.0
CRS3035RES200mN2620400E3467600,36.5,17.0,0.0,4.0,0.0,17.0,0.0,1032882.6,1904.0,0.0,17.0,0.0,1.0,0.0,1.0,1.5,2.0,2.0,7.0,4.0,14.0,4.0,28298.0
CRS3035RES200mN2620400E3467800,144.0,48.0,3.0,6.0,6.0,32.0,8.0,3487519.5,4614.0,0.0,48.0,15.0,3.0,4.0,16.0,18.5,10.5,19.0,37.0,14.0,15.0,7.0,24219.0
CRS3035RES200mN2620400E3468000,107.5,46.0,1.0,8.0,1.0,41.0,4.0,3059575.5,4516.0,0.0,46.0,0.0,5.0,0.0,2.5,8.0,8.0,13.0,25.0,26.0,17.0,3.0,28461.0
CRS3035RES200mN2620400E3468200,147.5,56.0,3.0,12.0,4.0,44.0,4.0,4132177.3,6117.0,0.0,56.0,6.0,10.0,7.0,14.5,12.0,9.0,38.0,30.0,11.0,14.0,2.0,28015.0
CRS3035RES200mN2620400E3468400,71.5,32.0,5.0,11.0,2.0,28.0,3.0,1940153.0,3806.0,0.0,32.0,0.0,2.0,0.0,4.5,9.0,7.0,2.0,19.0,12.0,15.0,1.0,27135.0
CRS3035RES200mN2620400E3468600,11.0,5.3,0.3,1.3,0.0,3.0,2.3,263729.3,468.6,0.0,5.3,1.6,0.7,0.3,0.0,1.8,0.7,1.0,2.6,2.3,1.3,0.3,23975.0
CRS3035RES200mN2620400E3471800,5.0,2.2,0.4,0.8,0.2,1.8,0.0,113322.5,201.8,0.0,2.2,0.0,0.4,0.0,0.8,0.2,0.0,1.0,0.8,0.6,0.8,0.4,22664.0
CRS3035RES200mN2620400E3472000,27.0,11.5,0.0,2.8,0.5,11.5,0.5,780316.9,1426.2,0.0,11.5,0.0,0.9,0.5,0.9,2.1,1.8,2.8,6.9,5.1,5.1,0.9,28901.0
CRS3035RES200mN2620400E3472200,2.0,0.9,0.0,0.2,0.0,0.9,0.0,57801.3,105.6,0.0,0.9,0.0,0.1,0.0,0.1,0.1,0.1,0.2,0.5,0.4,0.4,0.1,28901.0
CRS3035RES200mN2620400E3472400,59.0,24.0,1.0,4.0,2.0,21.0,2.0,1653807.9,2648.0,0.0,24.0,0.0,1.0,1.0,3.0,4.0,7.0,3.0,12.0,11.0,15.0,2.0,28031.0
CRS3035RES200mN2620400E3472600,88.0,45.0,2.0,19.0,1.0,41.0,4.0,2456736.0,4668.0,4.0,41.0,0.0,2.0,2.0,3.5,7.0,1.5,15.0,16.0,10.0,24.0,7.0,27917.0
CRS3035RES200mN2620400E3472800,72.0,32.0,2.0,8.0,1.0,27.0,2.0,1977433.6,3578.0,0.0,32.0,0.0,3.0,1.0,6.0,2.0,1.0,10.0,17.0,16.0,13.0,3.0,27464.0
CRS3035RES200mN2620400E3473000,24.0,8.9,0.3,0.7,0.7,7.6,1.0,627466.8,974.5,0.0,8.9,0.0,1.3,1.6,2.0,1.6,1.0,5.6,4.0,2.6,3.3,1.0,26144.0
CRS3035RES200mN2620400E3473200,89.5,32.0,1.0,6.0,4.0,30.0,4.0,2344172.7,3374.0,0.0,32.0,0.0,3.0,0.0,6.5,10.0,10.0,15.0,18.0,10.0,15.0,2.0,26192.0
CRS3035RES200mN2620400E3473400,76.0,32.0,2.0,5.0,1.0,22.0,6.0,2093224.8,3561.0,0.0,32.0,0.0,1.5,0.0,6.0,6.5,6.0,11.0,18.0,9.0,16.0,2.0,27542.0
CRS3035RES200mN2620400E3476400,4.0,1.4,0.1,0.2,0.1,1.1,0.1,100058.2,159.1,0.0,1.4,0.0,0.2,0.1,0.5,0.4,0.1,0.6,1.0,0.7,0.3,0.1,25015.0
CRS3035RES200mN2620400E3480400,7.0,2.7,0.4,0.5,0.3,2.3,0.2,162067.6,341.0,0.0,2.7,0.0,0.4,0.2,0.4,0.7,0.3,1.0,1.7,0.7,1.3,0.3,23153.0
CRS3035RES200mN2620400E3480600,12.0,4.6,0.8,0.9,0.5,4.0,0.4,277830.1,584.5,0.0,4.6,0.0,0.7,0.3,0.7,1.2,0.5,1.8,2.9,1.3,2.1,0.5,23153.0
CRS3035RES200mN2620400E3480800,24.0,9.3,1.5,1.8,1.0,8.0,0.8,555660.3,1169.1,0.0,9.3,0.0,1.4,0.6,1.5,2.4,1.0,3.5,5.8,2.5,4.3,1.0,23153.0
CRS3035RES200mN2620400E3481000,87.5,37.0,4.0,11.0,0.0,27.0,9.0,2160927.3,4443.0,0.0,37.0,0.0,6.0,3.5,3.0,8.0,10.0,27.0,14.0,6.0,6.0,4.0,24696.0
CRS3035RES200mN2620400E3481200,35.0,14.0,1.0,3.0,1.0,9.0,0.0,795871.2,1399.0,0.0,14.0,0.0,1.0,1.0,1.0,5.5,1.5,5.0,11.0,3.0,6.0,0.0,22739.0
CRS3035RES200mN2620400E3481400,22.0,7.6,0.7,1.2,1.2,6.7,0.0,575215.5,967.3,0.0,7.6,0.0,0.9,0.7,1.3,3.1,1.9,2.5,5.1,2.6,3.7,0.2,26146.0
CRS3035RES200mN2620400E3481800,8.0,2.8,0.3,0.4,0.4,2.4,0.0,209169.3,351.7,0.0,2.8,0.0,0.3,0.3,0.5,1.1,0.7,0.9,1.9,0.9,1.3,0.1,26146.0
CRS3035RES200mN2620400E3482800,49.5,18.0,2.0,6.0,1.0,15.0,0.0,1095900.3,1849.0,0.0,18.0,0.0,2.0,1.0,2.5,5.0,9.0,7.0,15.0,3.0,2.0,3.0,22139.0
CRS3035RES200mN2620400E3483000,55.5,20.0,1.0,4.0,2.0,13.0,2.0,1282166.0,2429.0,1.0,19.0,0.0,0.0,1.0,4.0,7.5,6.0,14.0,12.0,8.0,3.0,0.0,23102.0
CRS3035RES200mN2620400E3483200,26.0,8.1,0.6,0.6,0.0,8.1,0.6,666482.7,1023.2,0.0,8.1,0.0,0.6,1.1,1.7,4.0,3.5,2.3,10.4,0.6,1.2,0.6,25634.0
CRS3035RES200mN2620400E3485800,13.0,6.7,0.7,2.0,0.3,5.0,1.0,352860.7,796.7,0.0,6.7,0.0,0.0,0.0,1.0,1.6,0.0,1.0,3.0,3.7,2.7,0.0,27143.0
CRS3035RES200mN2620400E3486000,51.0,25.0,4.0,7.0,0.0,22.0,2.0,1414451.4,3027.0,0.0,25.0,0.0,1.0,0.0,1.0,1.0,1.0,8.0,7.0,12.0,18.0,2.0,27734.0
CRS3035RES200mN2620400E3486200,10.0,3.7,0.2,0.7,0.3,3.2,0.3,232157.9,442.8,0.1,3.6,0.0,0.2,0.3,0.9,1.3,0.7,1.8,2.2,0.8,1.3,0.5,23216.0
CRS3035RES200mN2620400E3487800,2.5,0.9,0.0,0.2,0.1,0.8,0.1,58039.5,110.7,0.0,0.9,0.0,0.1,0.1,0.2,0.3,0.2,0.4,0.6,0.2,0.3,0.1,23216.0
CRS3035RES200mN2620400E3488600,4.0,1.4,0.1,0.1,0.2,1.2,0.3,86983.2,139.7,0.0,1.4,0.0,0.1,0.2,0.2,0.3,0.5,0.7,0.8,0.6,0.3,0.3,21746.0
CRS3035RES200mN2620400E3488800,32.0,11.1,0.7,0.7,1.4,9.7,2.1,695865.8,1117.2,0.0,11.1,0.0,0.7,1.4,2.1,2.8,4.2,5.5,6.2,4.9,2.1,2.1,21746.0
CRS3035RES200mN2620400E3492400,6.0,2.1,0.0,0.6,0.0,2.1,0.2,135735.4,216.8,0.0,2.1,0.0,0.2,0.0,0.8,1.2,0.3,1.5,1.1,0.3,0.6,0.0,22623.0
CRS3035RES200mN2620400E3492600,32.0,15.0,1.0,5.0,1.0,15.0,0.0,717075.6,1832.0,0.0,15.0,0.0,1.0,1.0,1.0,2.0,2.0,5.0,8.0,7.0,3.0,2.0,22409.0
CRS3035RES200mN2620400E3492800,4.0,1.4,0.0,0.4,0.0,1.4,0.1,90490.2,144.5,0.0,1.4,0.0,0.1,0.0,0.6,0.8,0.2,1.0,0.7,0.2,0.4,0.0,22623.0
CRS3035RES200mN2620400E3493800,3.0,1.5,0.2,0.6,0.0,1.3,0.2,74753.4,196.8,0.0,1.5,0.0,0.1,0.1,0.1,0.1,0.2,0.6,0.7,0.2,0.7,0.2,24918.0
CRS3035RES200mN2620400E3496000,2.0,1.0,0.3,0.3,0.0,0.6,0.0,43661.6,101.8,0.2,0.8,0.0,0.1,0.1,0.1,0.0,0.1,0.4,0.5,0.5,0.2,0.0,21831.0
CRS3035RES200mN2620400E3496200,2.0,1.0,0.3,0.3,0.0,0.6,0.0,43661.6,101.8,0.2,0.8,0.0,0.1,0.1,0.1,0.0,0.1,0.4,0.5,0.5,0.2,0.0,21831.0
CRS3035RES200mN2620400E3497800,4.0,1.9,0.6,0.6,0.0,1.3,0.0,87323.1,203.5,0.3,1.6,0.0,0.2,0.2,0.2,0.0,0.2,0.9,0.9,0.9,0.5,0.0,21831.0
CRS3035RES200mN2620400E3498000,5.0,2.2,0.4,0.2,0.0,1.9,0.2,134852.2,291.3,0.0,2.2,0.0,0.0,0.2,0.5,0.2,0.1,1.0,0.3,0.9,1.6,0.2,26970.0
CRS3035RES200mN2620400E3500400,2.0,0.7,0.2,0.1,0.0,0.5,0.0,44838.5,98.7,0.0,0.7,0.0,0.1,0.0,0.2,0.2,0.2,0.3,0.3,0.2,0.4,0.1,22419.0
CRS3035RES200mN2620400E3500600,7.0,2.4,0.6,0.4,0.1,1.7,0.1,156934.8,345.4,0.0,2.4,0.0,0.4,0.0,0.7,0.7,0.7,1.0,1.3,0.5,1.3,0.4,22419.0
CRS3035RES200mN2620600E3465800,2.0,0.8,0.1,0.3,0.1,0.6,0.1,49688.1,93.8,0.0,0.8,0.1,0.1,0.0,0.1,0.1,0.2,0.3,0.4,0.4,0.2,0.2,24844.0
CRS3035RES200mN2620600E3466200,6.0,3.3,0.0,1.2,0.0,2.4,0.3,195375.6,334.2,0.0,3.3,0.0,0.0,0.0,0.3,0.3,0.0,1.2,1.5,0.6,1.5,0.6,32563.0
CRS3035RES200mN2620600E3466400,20.0,17.0,1.0,14.0,0.0,5.0,1.0,403912.6,696.0,0.0,17.0,0.0,0.0,0.0,0.0,0.0,0.0,5.0,5.0,6.0,4.0,0.0,20196.0
CRS3035RES200mN2620600E3467000,2.0,0.8,0.1,0.1,0.0,0.6,0.0,62892.2,116.1,0.0,0.8,0.0,0.0,0.0,0.1,0.1,0.2,0.2,0.4,0.4,0.3,0.3,31446.0
CRS3035RES200mN2620600E3467200,15.0,6.1,0.4,0.8,0.0,4.5,0.0,471691.3,870.8,0.0,6.1,0.0,0.4,0.4,0.8,0.4,1.2,1.2,3.3,2.9,2.4,2.0,31446.0
CRS3035RES200mN2620600E3467400,101.5,44.0,2.0,9.0,1.0,37.0,6.0,2786025.3,4281.0,0.0,44.0,0.0,1.0,1.0,1.0,1.5,11.0,16.0,17.0,18.0,27.0,8.0,27449.0
CRS3035RES200mN2620600E3467600,94.0,47.0,1.0,9.0,0.0,44.0,2.0,2706541.8,4727.0,0.0,47.0,0.0,0.0,1.0,1.0,3.0,5.0,6.0,8.0,20.0,43.0,7.0,28793.0
CRS3035RES200mN2620600E3467800,146.5,56.0,6.0,11.0,5.0,20.0,13.0,3261434.7,4897.0,0.0,56.0,34.0,7.0,2.5,6.0,22.0,12.0,24.0,42.0,17.0,9.0,5.0,22262.0
CRS3035RES200mN2620600E3468000,128.5,57.0,8.0,17.0,4.0,34.0,8.0,3115582.2,5285.0,0.0,57.0,20.0,2.0,0.0,7.0,12.5,9.0,11.0,29.0,24.0,30.0,4.0,24246.0
CRS3035RES200mN2620600E3468200,108.0,43.0,1.0,6.0,1.0,36.0,1.0,2981432.7,4935.0,0.0,43.0,0.0,3.0,0.0,4.5,11.5,3.0,14.0,26.0,14.0,30.0,2.0,27606.0
CRS3035RES200mN2620600E3468400,106.0,39.0,2.0,4.0,3.0,36.0,5.0,2668135.6,4091.0,0.0,39.0,0.0,5.0,3.0,5.0,7.0,11.0,15.0,17.0,20.0,23.0,0.0,25171.0
CRS3035RES200mN2620600E3468600,50.0,23.0,1.0,8.0,0.0,20.0,4.0,1231406.8,2367.0,0.0,23.0,0.0,1.0,0.0,1.0,4.0,9.0,1.0,15.0,6.0,10.0,3.0,24628.0
CRS3035RES200mN2620600E3468800,1.0,0.5,0.0,0.1,0.0,0.3,0.2,23975.4,42.6,0.0,0.5,0.1,0.1,0.0,0.0,0.2,0.1,0.1,0.2,0.2,0.1,0.0,23975.0
CRS3035RES200mN2620600E3469800,4.0,1.7,0.0,0.5,0.1,1.3,0.0,102994.8,204.5,0.1,1.6,0.0,0.3,0.3,0.1,0.1,0.1,0.6,0.7,0.5,1.1,0.2,25749.0
CRS3035RES200mN2620600E3470000,32.5,15.5,0.0,4.9,0.0,10.7,1.0,842140.9,2114.9,0.0,15.5,0.0,0.0,1.0,1.9,2.4,1.0,5.8,7.8,4.8,6.8,1.0,25912.0
CRS3035RES200mN2620600E3470200,1.0,0.5,0.0,0.1,0.0,0.3,0.0,25912.0,65.1,0.0,0.5,0.0,0.0,0.0,0.1,0.1,0.0,0.2,0.2,0.2,0.2,0.0,25912.0
CRS3035RES200mN2620600E3472200,7.0,3.0,0.0,0.7,0.1,3.0,0.1,202304.4,369.7,0.0,3.0,0.0,0.2,0.1,0.3,0.5,0.5,0.7,1.8,1.3,1.3,0.3,28901.0
CRS3035RES200mN2620600E3472400,95.0,39.0,2.0,7.0,2.0,36.0,7.0,2704553.3,4010.0,0.0,39.0,0.0,4.0,0.0,6.0,9.0,7.0,13.0,23.0,16.0,12.0,5.0,28469.0
CRS3035RES200mN2620600E3472600,99.5,39.0,1.0,9.0,2.0,36.0,4.0,2776922.8,4118.0,0.0,39.0,0.0,0.0,2.0,7.5,11.0,10.0,10.0,23.0,15.0,21.0,0.0,27909.0
CRS3035RES200mN2620600E3472800,89.5,35.0,3.0,7.0,2.0,29.0,2.0,2089073.5,3320.0,0.0,35.0,0.0,2.0,6.0,3.0,5.5,5.0,13.0,16.0,7.0,25.0,7.0,23342.0
CRS3035RES200mN2620600E3473200,31.0,15.0,2.0,3.0,0.0,13.0,1.0,740894.9,1373.0,0.0,15.0,0.0,0.0,0.0,1.0,0.0,2.0,4.0,2.0,10.0,11.0,1.0,23900.0
CRS3035RES200mN2620600E3473400,15.0,5.5,0.2,0.4,0.4,4.7,0.6,392166.7,609.0,0.0,5.5,0.0,0.8,1.0,1.2,1.0,0.6,3.5,2.5,1.7,2.1,0.6,26144.0
CRS3035RES200mN2620600E3476600,7.5,2.7,0.3,0.4,0.3,2.1,0.3,187609.1,298.3,0.0,2.7,0.0,0.4,0.3,1.1,0.7,0.1,1.1,1.9,1.3,0.5,0.1,25015.0
CRS3035RES200mN2620600E3480600,19.0,7.4,1.2,1.4,0.8,6.4,0.6,439897.7,925.5,0.0,7.4,0.0,1.1,0.5,1.2,1.9,0.8,2.8,4.5,2.0,3.4,0.8,23153.0
CRS3035RES200mN2620600E3480800,5.0,1.9,0.3,0.4,0.2,1.7,0.2,115762.6,243.6,0.0,1.9,0.0,0.3,0.1,0.3,0.5,0.2,0.8,1.2,0.5,0.9,0.2,23153.0
CRS3035RES200mN2620600E3481000,25.0,8.7,0.8,1.3,1.3,7.6,0.0,653654.0,1099.2,0.0,8.7,0.0,1.0,0.8,1.4,3.6,2.1,2.9,5.8,2.9,4.2,0.3,26146.0
CRS3035RES200mN2620600E3481200,100.0,29.0,3.0,1.0,5.0,26.0,4.0,2125485.6,2835.0,0.0,29.0,0.0,3.0,3.5,10.0,22.5,4.0,17.0,28.0,1.0,11.0,0.0,21255.0
CRS3035RES200mN2620600E3481400,13.0,4.5,0.4,0.7,0.7,4.0,0.0,339900.1,571.6,0.0,4.5,0.0,0.5,0.4,0.8,1.9,1.1,1.5,3.0,1.5,2.2,0.1,26146.0
CRS3035RES200mN2620600E3482800,12.0,3.9,0.0,0.2,0.5,3.2,0.5,331991.0,534.5,0.2,3.7,0.0,0.5,0.2,0.7,1.4,0.9,4.2,1.8,1.4,0.7,0.2,27666.0
CRS3035RES200mN2620600E3483000,3.0,0.9,0.1,0.1,0.0,0.9,0.1,76901.8,118.1,0.0,0.9,0.0,0.1,0.1,0.2,0.5,0.4,0.2,1.2,0.1,0.1,0.1,25634.0
CRS3035RES200mN2620600E3486000,45.5,24.0,3.0,9.0,0.0,15.0,3.0,1143973.5,2805.0,0.0,24.0,4.0,5.0,0.0,3.5,1.0,1.0,12.0,1.0,9.0,10.0,3.0,25142.0
CRS3035RES200mN2620600E3486200,18.0,6.7,0.3,1.3,0.6,5.8,0.6,417884.2,797.1,0.1,6.6,0.0,0.3,0.6,1.6,2.4,1.2,3.1,4.0,1.5,2.4,0.9,23216.0
CRS3035RES200mN2620600E3488800,10.0,3.5,0.2,0.2,0.4,3.0,0.7,217458.1,349.1,0.0,3.5,0.0,0.2,0.4,0.6,0.9,1.3,1.7,2.0,1.5,0.7,0.7,21746.0
CRS3035RES200mN2620600E3492400,5.0,1.8,0.0,0.5,0.0,1.8,0.1,113112.8,180.6,0.0,1.8,0.0,0.1,0.0,0.7,1.0,0.2,1.3,0.9,0.3,0.5,0.0,22623.0
CRS3035RES200mN2620600E3492600,58.5,25.0,2.0,7.0,0.0,21.0,2.0,1430141.7,2655.0,0.0,25.0,0.0,1.0,4.0,6.0,2.5,3.0,20.0,9.0,6.0,6.0,1.0,24447.0
CRS3035RES200mN2620600E3492800,5.0,1.8,0.0,0.5,0.0,1.8,0.1,113112.8,180.6,0.0,1.8,0.0,0.1,0.0,0.7,1.0,0.2,1.3,0.9,0.3,0.5,0.0,22623.0
CRS3035RES200mN2620600E3493000,3.0,1.5,0.2,0.6,0.0,1.3,0.2,74753.4,196.8,0.0,1.5,0.0,0.1,0.1,0.1,0.1,0.2,0.6,0.7,0.2,0.7,0.2,24918.0
CRS3035RES200mN2620600E3493200,31.0,13.0,0.0,5.0,0.0,9.0,0.0,790669.6,1361.0,0.0,13.0,0.0,1.0,0.0,2.0,1.0,4.0,5.0,8.0,6.0,2.0,2.0,25505.0
CRS3035RES200mN2620600E3493400,27.0,12.0,2.0,2.0,1.0,12.0,0.0,610504.4,1180.0,0.0,12.0,0.0,0.0,0.0,0.0,3.0,2.0,0.0,7.0,9.0,4.0,2.0,22611.0
CRS3035RES200mN2620600E3493600,12.0,6.1,0.7,2.4,0.0,5.1,0.7,299013.6,787.1,0.0,6.1,0.0,0.2,0.5,0.5,0.3,1.0,2.2,2.9,1.0,2.7,0.7,24918.0
CRS3035RES200mN2620600E3495800,9.0,4.0,0.0,0.7,0.0,3.7,0.0,237606.4,663.7,0.0,4.0,0.0,0.0,0.0,0.3,1.0,0.4,1.0,2.3,2.0,1.3,0.7,26401.0
CRS3035RES200mN2620600E3496000,8.0,3.8,1.3,1.3,0.0,2.6,0.0,174646.2,407.0,0.6,3.2,0.0,0.3,0.3,0.3,0.0,0.4,1.9,1.9,1.9,1.0,0.0,21831.0
CRS3035RES200mN2620600E3497800,33.5,12.0,2.0,4.0,1.0,9.0,0.0,807091.8,1424.0,0.0,12.0,0.0,2.0,2.0,2.5,6.0,2.0,4.0,11.0,1.0,2.0,1.0,24092.0
CRS3035RES200mN2620600E3498000,15.5,6.7,1.3,0.7,0.0,6.0,0.7,418041.7,903.0,0.0,6.7,0.0,0.0,0.5,1.6,0.7,0.3,3.0,1.0,2.7,5.0,0.7,26970.0
CRS3035RES200mN2620800E3466200,5.0,2.8,0.0,1.0,0.0,2.0,0.2,162813.0,278.5,0.0,2.8,0.0,0.0,0.0,0.2,0.2,0.0,1.0,1.3,0.5,1.3,0.5,32563.0
CRS3035RES200mN2620800E3466400,2.0,1.1,0.0,0.4,0.0,0.8,0.1,65125.2,111.4,0.0,1.1,0.0,0.0,0.0,0.1,0.1,0.0,0.4,0.5,0.2,0.5,0.2,32563.0
CRS3035RES200mN2620800E3467200,4.0,1.6,0.1,0.2,0.0,1.2,0.0,125784.3,232.2,0.0,1.6,0.0,0.1,0.1,0.2,0.1,0.3,0.3,0.9,0.8,0.7,0.5,31446.0
CRS3035RES200mN2620800E3467400,108.5,44.0,6.0,13.0,4.0,29.0,3.0,2974126.0,4851.0,0.0,44.0,0.0,5.0,2.0,5.5,9.5,9.5,19.0,30.0,10.0,11.0,7.0,27411.0
CRS3035RES200mN2620800E3467600,100.0,45.0,4.0,13.0,2.0,27.0,4.0,2731156.9,5548.0,4.0,41.0,0.0,3.0,1.0,3.0,4.0,17.0,14.0,22.0,15.0,16.0,5.0,27312.0
CRS3035RES200mN2620800E3467800,18.5,11.0,0.0,3.0,0.0,6.0,1.0,531332.7,1284.0,0.0,11.0,0.0,0.0,0.0,0.0,0.5,1.0,6.0,2.0,0.0,6.0,3.0,28721.0
CRS3035RES200mN2620800E3468000,85.5,40.0,1.0,12.0,1.0,35.0,1.0,2266539.8,4313.0,0.0,40.0,0.0,0.0,1.0,3.0,5.5,3.0,15.0,9.0,13.0,30.0,6.0,26509.0
CRS3035RES200mN2620800E3468200,114.0,42.0,2.0,7.0,4.0,25.0,3.0,3009852.2,4219.0,0.0,42.0,0.0,2.0,1.0,3.5,10.5,17.0,11.0,33.0,16.0,15.0,5.0,26402.0
CRS3035RES200mN2620800E3468400,39.0,17.0,1.0,3.0,1.0,14.0,2.0,1170059.5,1878.0,0.0,17.0,0.0,0.0,0.0,0.0,3.0,4.0,6.0,11.0,3.0,9.0,3.0,30002.0
CRS3035RES200mN2620800E3468600,5.0,2.4,0.1,0.6,0.0,1.3,1.0,119877.0,213.0,0.0,2.4,0.7,0.3,0.2,0.0,0.8,0.3,0.4,1.2,1.0,0.6,0.2,23975.0
CRS3035RES200mN2620800E3469600,2.0,0.8,0.0,0.2,0.0,0.7,0.0,51497.4,102.2,0.0,0.8,0.0,0.1,0.1,0.0,0.1,0.1,0.3,0.4,0.2,0.6,0.1,25749.0
CRS3035RES200mN2620800E3469800,1.0,0.4,0.0,0.1,0.0,0.3,0.0,25748.7,51.1,0.0,0.4,0.0,0.1,0.1,0.0,0.0,0.0,0.2,0.2,0.1,0.3,0.0,25749.0
CRS3035RES200mN2620800E3470000,72.0,30.0,0.0,10.0,2.0,20.0,4.0,1901526.4,3315.0,0.0,30.0,0.0,3.0,3.0,4.0,8.0,5.0,14.0,13.0,10.0,9.0,3.0,26410.0
CRS3035RES200mN2620800E3472200,5.0,2.1,0.0,0.5,0.1,2.1,0.1,144503.1,264.1,0.0,2.1,0.0,0.2,0.1,0.2,0.4,0.3,0.5,1.3,0.9,0.9,0.2,28901.0
CRS3035RES200mN2620800E3472400,81.5,35.0,1.0,8.0,1.0,31.0,3.0,2224665.8,3576.0,0.0,35.0,0.0,3.0,1.0,8.0,6.5,3.0,9.0,21.0,21.0,6.0,3.0,27297.0
CRS3035RES200mN2620800E3472600,92.0,36.0,2.0,5.0,2.0,30.0,5.0,2190521.5,3692.0,0.0,36.0,4.0,4.0,1.0,4.0,7.0,11.0,13.0,17.0,11.0,20.0,4.0,23810.0
CRS3035RES200mN2620800E3472800,45.0,20.0,0.0,4.0,0.0,17.0,3.0,1111621.0,1879.0,0.0,20.0,0.0,2.0,0.5,2.5,1.0,3.0,6.0,10.0,5.0,12.0,3.0,24703.0
CRS3035RES200mN2620800E3473000,6.0,2.2,0.1,0.2,0.2,1.9,0.2,156866.7,243.6,0.0,2.2,0.0,0.3,0.4,0.5,0.4,0.2,1.4,1.0,0.7,0.8,0.3,26144.0
CRS3035RES200mN2620800E3473200,11.0,4.1,0.2,0.3,0.3,3.5,0.5,287588.9,446.6,0.0,4.1,0.0,0.6,0.8,0.9,0.8,0.4,2.6,1.8,1.2,1.5,0.4,26144.0
CRS3035RES200mN2620800E3476600,2.0,0.7,0.1,0.1,0.1,0.6,0.1,50029.1,79.5,0.0,0.7,0.0,0.1,0.1,0.3,0.2,0.0,0.3,0.5,0.4,0.1,0.0,25015.0
CRS3035RES200mN2620800E3476800,7.0,2.5,0.2,0.4,0.2,2.0,0.2,175101.8,278.4,0.0,2.5,0.0,0.4,0.3,1.0,0.7,0.1,1.0,1.7,1.2,0.5,0.1,25015.0
CRS3035RES200mN2620800E3477400,7.0,2.5,0.2,0.4,0.2,2.0,0.2,175101.8,278.4,0.0,2.5,0.0,0.4,0.3,1.0,0.7,0.1,1.0,1.7,1.2,0.5,0.1,25015.0
CRS3035RES200mN2620800E3477600,4.0,1.4,0.1,0.2,0.1,1.1,0.1,100058.2,159.1,0.0,1.4,0.0,0.2,0.1,0.5,0.4,0.1,0.6,1.0,0.7,0.3,0.1,25015.0
CRS3035RES200mN2620800E3477800,25.0,8.8,0.9,1.3,0.9,7.1,0.9,625363.6,994.2,0.0,8.8,0.0,1.3,0.9,3.5,2.4,0.5,3.5,6.2,4.4,1.8,0.5,25015.0
CRS3035RES200mN2620800E3480600,6.0,2.3,0.4,0.4,0.3,2.0,0.2,138915.1,292.3,0.0,2.3,0.0,0.3,0.2,0.4,0.6,0.2,0.9,1.4,0.6,1.1,0.3,23153.0
CRS3035RES200mN2620800E3485800,5.0,2.6,0.3,0.8,0.1,1.9,0.4,135715.7,306.4,0.0,2.6,0.0,0.0,0.0,0.4,0.6,0.0,0.4,1.2,1.4,1.0,0.0,27143.0
CRS3035RES200mN2620800E3486000,15.5,5.8,0.3,1.2,0.5,5.0,0.5,359844.7,686.4,0.1,5.7,0.0,0.2,0.5,1.4,2.1,1.0,2.7,3.4,1.3,2.1,0.8,23216.0
CRS3035RES200mN2620800E3486200,1.0,0.4,0.0,0.1,0.0,0.3,0.0,23215.8,44.3,0.0,0.4,0.0,0.0,0.0,0.1,0.1,0.1,0.2,0.2,0.1,0.1,0.1,23216.0
CRS3035RES200mN2620800E3492600,7.5,2.7,0.0,0.8,0.0,2.7,0.2,169669.2,270.9,0.0,2.7,0.0,0.2,0.0,1.0,1.5,0.4,1.9,1.3,0.4,0.8,0.0,22623.0
CRS3035RES200mN2620800E3492800,8.0,2.8,0.0,0.8,0.0,2.8,0.2,180980.5,289.0,0.0,2.8,0.0,0.2,0.0,1.1,1.6,0.4,2.1,1.4,0.4,0.8,0.0,22623.0
CRS3035RES200mN2620800E3493000,6.0,3.1,0.4,1.2,0.0,2.6,0.4,149506.8,393.6,0.0,3.1,0.0,0.1,0.2,0.2,0.1,0.5,1.1,1.5,0.5,1.4,0.4,24918.0
CRS3035RES200mN2620800E3493200,15.0,7.7,0.9,3.1,0.0,6.4,0.9,373767.0,983.9,0.0,7.7,0.0,0.3,0.6,0.6,0.3,1.2,2.8,3.7,1.2,3.4,0.9,24918.0
CRS3035RES200mN2620800E3493400,3.0,1.5,0.2,0.6,0.0,1.3,0.2,74753.4,196.8,0.0,1.5,0.0,0.1,0.1,0.1,0.1,0.2,0.6,0.7,0.2,0.7,0.2,24918.0
CRS3035RES200mN2620800E3493600,6.0,3.1,0.4,1.2,0.0,2.6,0.4,149506.8,393.6,0.0,3.1,0.0,0.1,0.2,0.2,0.1,0.5,1.1,1.5,0.5,1.4,0.4,24918.0
CRS3035RES200mN2620800E3497200,5.0,2.4,0.8,0.8,0.0,1.6,0.0,109153.9,254.4,0.4,2.0,0.0,0.2,0.2,0.2,0.0,0.2,1.2,1.2,1.2,0.6,0.0,21831.0
CRS3035RES200mN2620800E3497400,4.0,1.9,0.6,0.6,0.0,1.3,0.0,87323.1,203.5,0.3,1.6,0.0,0.2,0.2,0.2,0.0,0.2,0.9,0.9,0.9,0.5,0.0,21831.0
CRS3035RES200mN2620800E3497600,26.0,12.0,5.0,6.0,1.0,10.0,1.0,464604.7,1150.0,0.0,12.0,0.0,3.0,0.0,0.0,1.0,1.0,2.0,4.0,4.0,11.0,0.0,17869.0
CRS3035RES200mN2620800E3497800,67.5,27.0,3.0,8.0,2.0,20.0,2.0,1484857.8,2803.0,1.0,26.0,0.0,4.0,3.0,4.0,9.5,1.0,13.0,12.0,7.0,13.0,1.0,21998.0
CRS3035RES200mN2621000E3465800,19.5,8.1,1.0,2.7,0.7,6.1,0.7,484458.8,914.7,0.2,7.9,0.7,0.9,0.0,1.2,1.2,2.2,2.7,3.7,3.4,2.0,2.2,24844.0
CRS3035RES200mN2621000E3466000,10.0,5.2,0.9,2.1,0.2,2.3,0.7,220718.4,444.6,1.1,4.1,0.0,0.3,0.2,0.3,0.8,0.9,2.5,2.1,1.1,1.4,0.4,22072.0
CRS3035RES200mN2621000E3466200,50.5,22.0,2.0,4.0,1.0,15.0,4.0,1470631.4,2555.0,0.0,22.0,0.0,0.0,1.0,3.5,4.0,6.0,4.0,10.0,11.0,11.0,0.0,29121.0
CRS3035RES200mN2621000E3466400,6.0,3.1,0.5,1.3,0.1,1.4,0.4,132431.0,266.8,0.6,2.5,0.0,0.2,0.1,0.2,0.5,0.5,1.5,1.3,0.6,0.9,0.2,22072.0
CRS3035RES200mN2621000E3467200,41.5,21.0,0.0,5.0,0.0,18.0,5.0,1225383.5,2315.0,0.0,21.0,0.0,1.0,1.0,2.0,2.5,2.0,7.0,9.0,3.0,11.0,3.0,29527.0
CRS3035RES200mN2621000E3467400,77.0,37.0,1.0,14.0,1.0,32.0,1.0,2196252.4,3730.0,0.0,37.0,0.0,4.0,2.5,2.5,6.0,1.0,22.0,12.0,6.0,11.0,10.0,28523.0
CRS3035RES200mN2621000E3467600,25.5,13.0,1.0,5.0,0.0,8.0,1.0,891285.3,1948.0,0.0,13.0,0.0,0.0,0.0,0.5,1.0,2.0,5.0,4.0,5.0,6.0,2.0,34952.0
CRS3035RES200mN2621000E3467800,140.0,67.0,6.0,26.0,2.0,43.0,6.0,3591916.1,6570.0,4.0,63.0,0.0,4.0,4.0,5.0,7.0,14.0,24.0,38.0,11.0,25.0,8.0,25657.0
CRS3035RES200mN2621000E3468000,61.5,25.4,0.0,5.9,0.8,22.1,1.7,1668028.7,3049.6,0.0,25.4,0.0,1.7,1.3,3.4,2.5,5.1,6.8,13.6,9.3,16.1,1.7,27122.0
CRS3035RES200mN2621000E3468200,60.0,25.0,2.0,6.0,1.0,20.0,1.0,1602202.2,2256.0,4.0,21.0,0.0,2.0,2.0,3.0,1.0,8.0,14.0,12.0,5.0,13.0,0.0,26703.0
CRS3035RES200mN2621000E3468400,4.0,1.7,0.0,0.4,0.1,1.4,0.1,108489.7,198.3,0.0,1.7,0.0,0.1,0.1,0.2,0.2,0.3,0.4,0.9,0.6,1.1,0.1,27122.0
CRS3035RES200mN2621000E3469400,3.0,1.3,0.0,0.3,0.1,1.0,0.0,77246.1,153.3,0.1,1.2,0.0,0.2,0.2,0.1,0.1,0.1,0.5,0.6,0.3,0.8,0.1,25749.0
CRS3035RES200mN2621000E3471800,5.0,1.7,0.1,0.2,0.2,1.6,0.0,132076.3,193.4,0.0,1.7,0.0,0.3,0.2,0.6,0.3,0.3,1.1,0.9,0.7,0.5,0.1,26415.0
CRS3035RES200mN2621000E3472200,21.0,8.7,1.2,2.0,0.9,6.7,1.2,530343.6,1017.0,0.3,8.4,0.0,0.9,0.3,2.0,0.4,2.0,2.6,4.0,4.1,4.1,0.6,25254.0
CRS3035RES200mN2621000E3472400,18.0,7.4,1.0,1.7,0.7,5.7,1.0,454580.2,871.7,0.2,7.2,0.0,0.7,0.3,1.7,0.4,1.7,2.2,3.5,3.5,3.5,0.5,25254.0
CRS3035RES200mN2621000E3472600,32.0,14.0,0.0,2.0,0.0,10.0,3.0,809259.3,1423.0,0.0,14.0,0.0,0.0,0.0,1.0,7.0,1.0,4.0,10.0,6.0,1.0,2.0,25289.0
CRS3035RES200mN2621000E3472800,9.0,3.7,0.5,0.9,0.4,2.9,0.5,227290.1,435.8,0.1,3.6,0.0,0.4,0.1,0.9,0.2,0.9,1.1,1.7,1.7,1.7,0.3,25254.0
CRS3035RES200mN2621000E3475800,51.0,21.0,2.0,5.0,2.0,16.0,3.0,1452801.6,2368.0,0.0,21.0,0.0,1.0,0.0,3.0,7.0,8.0,6.0,10.0,13.0,2.0,1.0,28486.0
CRS3035RES200mN2621000E3476000,9.0,3.7,0.3,0.9,0.1,3.3,0.6,233017.2,449.1,0.0,3.7,0.0,0.4,0.0,0.6,0.8,0.6,2.1,1.4,1.3,1.7,0.1,25891.0
CRS3035RES200mN2621000E3476200,1.0,0.4,0.0,0.1,0.0,0.4,0.1,25890.8,49.9,0.0,0.4,0.0,0.0,0.0,0.1,0.1,0.1,0.2,0.2,0.1,0.2,0.0,25891.0
CRS3035RES200mN2621000E3476600,4.0,1.7,0.1,0.4,0.1,1.5,0.3,103563.2,199.6,0.0,1.7,0.0,0.2,0.0,0.3,0.3,0.3,0.9,0.6,0.6,0.7,0.1,25891.0
CRS3035RES200mN2621000E3476800,24.0,9.9,0.7,2.4,0.3,8.9,1.7,621379.2,1197.6,0.0,9.9,0.0,1.0,0.0,1.7,2.1,1.7,5.5,3.8,3.4,4.5,0.3,25891.0
CRS3035RES200mN2621000E3477000,49.5,21.0,2.0,3.0,0.0,14.0,7.0,1233934.1,2374.0,0.0,21.0,0.0,2.0,4.5,4.5,5.5,1.0,12.0,7.0,5.0,8.0,0.0,24928.0
CRS3035RES200mN2621000E3477200,8.0,3.4,0.0,0.7,0.2,2.5,0.2,224306.3,383.3,0.0,3.4,0.0,0.2,0.0,0.6,0.0,0.9,0.9,1.6,1.3,2.3,0.2,28038.0
CRS3035RES200mN2621000E3477600,57.0,25.0,2.0,3.0,0.0,25.0,3.0,1396858.7,2677.0,0.0,25.0,0.0,0.0,0.0,1.0,5.0,2.0,4.0,10.0,10.0,23.0,2.0,24506.0
CRS3035RES200mN2621000E3477800,97.5,36.0,4.0,5.0,1.0,32.0,3.0,2392795.1,3712.0,0.0,36.0,0.0,4.0,2.0,7.0,12.5,8.0,15.0,32.0,7.0,8.0,2.0,24541.0
CRS3035RES200mN2621000E3483800,2.0,0.7,0.0,0.0,0.1,0.5,0.1,55331.8,89.1,0.1,0.6,0.0,0.1,0.0,0.1,0.2,0.2,0.7,0.3,0.2,0.1,0.1,27666.0
CRS3035RES200mN2621000E3484000,4.0,2.1,0.2,0.6,0.1,1.5,0.3,108572.5,245.1,0.0,2.1,0.0,0.0,0.0,0.3,0.5,0.0,0.3,0.9,1.2,0.8,0.0,27143.0
CRS3035RES200mN2621000E3486000,2.0,0.7,0.0,0.1,0.1,0.6,0.1,46431.6,88.6,0.0,0.7,0.0,0.0,0.1,0.2,0.3,0.1,0.3,0.4,0.2,0.3,0.1,23216.0
CRS3035RES200mN2621000E3488600,5.0,2.2,0.3,0.8,0.2,2.0,0.0,107858.7,283.7,0.0,2.2,0.0,0.2,0.1,0.3,0.3,0.3,0.9,0.5,0.7,1.5,0.2,21572.0
CRS3035RES200mN2621000E3492600,2.0,0.9,0.1,0.2,0.1,0.8,0.2,40959.9,96.2,0.0,0.9,0.0,0.1,0.1,0.0,0.1,0.3,0.3,0.3,0.3,0.5,0.0,20480.0
CRS3035RES200mN2621000E3492800,23.0,10.1,0.9,1.8,0.9,9.2,1.8,471039.0,1105.8,0.0,10.1,0.0,0.9,1.4,0.0,1.4,2.7,3.7,3.7,3.7,5.5,0.0,20480.0
CRS3035RES200mN2621000E3497200,5.0,2.1,0.3,0.6,0.0,1.6,0.0,126871.4,223.3,0.0,2.1,0.0,0.1,0.3,0.3,0.3,0.4,1.5,0.7,1.0,0.3,0.1,25374.0
CRS3035RES200mN2621000E3497400,28.0,11.7,1.5,3.6,0.0,9.2,0.0,710480.0,1250.3,0.0,11.7,0.0,0.5,1.5,2.0,1.5,2.1,8.7,4.1,5.6,1.5,0.5,25374.0
CRS3035RES200mN2621000E3497600,49.0,17.0,0.0,1.0,2.0,15.0,0.0,1237371.1,1732.0,0.0,17.0,0.0,2.0,2.0,0.0,9.0,3.0,8.0,15.0,5.0,5.0,0.0,25252.0
CRS3035RES200mN2621000E3497800,37.0,14.0,0.0,2.0,1.0,10.0,0.0,913086.1,1452.0,1.0,13.0,0.0,0.0,1.0,0.0,6.0,4.0,7.0,9.0,2.0,7.0,1.0,24678.0
CRS3035RES200mN2621000E3498000,3.0,1.3,0.3,0.1,0.0,1.2,0.1,80911.3,174.8,0.0,1.3,0.0,0.0,0.1,0.3,0.1,0.1,0.6,0.2,0.5,1.0,0.1,26970.0
CRS3035RES200mN2621000E3499600,11.0,5.1,1.3,2.1,0.0,4.0,0.4,239906.0,568.6,0.0,5.1,0.0,0.6,0.2,0.2,1.1,1.1,1.5,2.3,1.7,1.9,0.4,21810.0
CRS3035RES200mN2621000E3500400,4.0,1.4,0.3,0.2,0.1,1.0,0.1,89677.0,197.4,0.0,1.4,0.0,0.2,0.0,0.4,0.4,0.4,0.6,0.7,0.3,0.7,0.3,22419.0
CRS3035RES200mN2621200E3463600,36.5,17.0,1.0,4.0,1.0,12.0,3.0,1056888.3,1602.0,5.0,12.0,0.0,3.0,0.0,1.5,1.5,6.5,5.0,9.0,2.0,5.0,3.0,28956.0
CRS3035RES200mN2621200E3463800,24.0,12.0,2.0,4.0,1.0,12.0,1.0,620408.1,1312.0,0.0,12.0,0.0,1.0,0.0,2.0,0.0,1.0,3.0,4.0,6.0,5.0,2.0,25850.0
CRS3035RES200mN2621200E3464000,8.0,3.4,0.2,1.0,0.2,2.9,0.3,189739.5,352.9,0.0,3.4,0.0,0.3,0.3,0.3,0.7,0.5,0.9,1.0,1.0,2.6,0.4,23717.0
CRS3035RES200mN2621200E3465200,2.0,0.8,0.1,0.3,0.1,0.6,0.1,49688.1,93.8,0.0,0.8,0.1,0.1,0.0,0.1,0.1,0.2,0.3,0.4,0.4,0.2,0.2,24844.0
CRS3035RES200mN2621200E3466000,10.0,5.2,0.9,2.1,0.2,2.3,0.7,220718.4,444.6,1.1,4.1,0.0,0.3,0.2,0.3,0.8,0.9,2.5,2.1,1.1,1.4,0.4,22072.0
CRS3035RES200mN2621200E3466200,10.5,5.4,0.9,2.2,0.2,2.4,0.8,231754.3,466.9,1.1,4.3,0.0,0.4,0.2,0.3,0.8,0.9,2.6,2.3,1.1,1.5,0.4,22072.0
CRS3035RES200mN2621200E3467200,64.0,20.0,2.0,3.0,2.0,15.0,3.0,1576614.7,2233.0,0.0,20.0,0.0,8.0,2.0,1.0,6.5,1.5,23.0,7.0,6.0,8.0,1.0,24635.0
CRS3035RES200mN2621200E3467400,60.5,29.0,2.0,7.0,0.0,24.0,7.0,1535708.6,3007.0,1.0,28.0,0.0,3.0,1.0,4.5,2.0,3.0,13.0,15.0,6.0,9.0,4.0,25384.0
CRS3035RES200mN2621200E3467600,30.0,12.0,0.0,1.0,0.0,12.0,0.0,843643.4,1311.0,0.0,12.0,0.0,3.0,0.0,0.0,0.0,2.0,9.0,3.0,3.0,9.0,1.0,28121.0
CRS3035RES200mN2621200E3467800,8.0,2.7,0.2,0.5,0.2,2.4,0.2,216265.3,337.7,0.0,2.7,0.0,0.0,0.0,0.7,1.5,1.0,0.0,1.9,1.2,1.7,0.0,27033.0
CRS3035RES200mN2621200E3468000,5.0,2.1,0.0,0.5,0.1,1.8,0.1,135612.1,247.9,0.0,2.1,0.0,0.1,0.1,0.3,0.2,0.4,0.6,1.1,0.8,1.3,0.1,27122.0
CRS3035RES200mN2621200E3468200,2.0,0.8,0.0,0.2,0.0,0.7,0.1,54244.8,99.2,0.0,0.8,0.0,0.1,0.0,0.1,0.1,0.2,0.2,0.4,0.3,0.5,0.1,27122.0
CRS3035RES200mN2621200E3471600,15.0,5.0,0.2,0.7,0.5,4.7,0.0,396228.8,580.1,0.0,5.0,0.0,0.9,0.7,1.8,0.8,0.9,3.2,2.9,2.2,1.4,0.2,26415.0
CRS3035RES200mN2621200E3471800,14.0,4.7,0.2,0.7,0.5,4.4,0.0,369813.6,541.4,0.0,4.7,0.0,0.8,0.7,1.7,0.8,0.8,3.0,2.7,2.0,1.3,0.2,26415.0
CRS3035RES200mN2621200E3472800,16.0,6.6,0.9,1.5,0.7,5.1,0.9,404071.3,774.8,0.2,6.4,0.0,0.7,0.2,1.5,0.3,1.6,2.0,3.1,3.1,3.1,0.4,25254.0
CRS3035RES200mN2621200E3473000,7.0,2.6,1.1,0.8,0.5,1.2,0.2,131577.9,302.1,0.3,2.3,0.0,0.6,0.0,0.5,0.8,0.9,1.6,2.3,0.3,0.0,0.0,18797.0
CRS3035RES200mN2621200E3475400,3.0,1.2,0.0,0.1,0.1,1.2,0.2,86726.2,123.0,0.0,1.2,0.0,0.1,0.0,0.1,0.3,0.3,0.3,0.6,0.8,0.4,0.1,28909.0
CRS3035RES200mN2621200E3475600,24.5,9.7,0.0,0.8,0.8,9.7,1.3,708263.9,1004.5,0.0,9.7,0.0,0.8,0.0,1.3,2.3,2.3,2.1,5.1,6.3,3.4,0.9,28909.0
CRS3035RES200mN2621200E3475800,74.0,30.0,2.0,4.0,2.0,20.0,3.0,1661563.7,3145.0,4.0,26.0,0.0,3.0,3.0,8.0,6.0,3.0,14.0,17.0,7.0,7.0,6.0,22454.0
CRS3035RES200mN2621200E3476000,34.0,14.0,2.0,2.0,1.0,9.0,0.0,848946.0,1642.0,0.0,14.0,0.0,1.0,0.0,3.0,3.0,1.0,4.0,8.0,6.0,7.0,1.0,24969.0
CRS3035RES200mN2621200E3476200,20.0,8.3,0.6,2.0,0.3,7.4,1.4,517816.0,998.0,0.0,8.3,0.0,0.9,0.0,1.4,1.7,1.4,4.6,3.1,2.9,3.7,0.3,25891.0
CRS3035RES200mN2621200E3476400,5.0,2.1,0.1,0.5,0.1,1.9,0.4,129454.0,249.5,0.0,2.1,0.0,0.2,0.0,0.4,0.4,0.4,1.1,0.8,0.7,0.9,0.1,25891.0
CRS3035RES200mN2621200E3477000,1.0,0.4,0.0,0.1,0.0,0.3,0.0,28038.3,47.9,0.0,0.4,0.0,0.0,0.0,0.1,0.0,0.1,0.1,0.2,0.2,0.3,0.0,28038.0
CRS3035RES200mN2621200E3477200,41.5,18.0,3.0,4.0,1.0,15.0,0.0,1023619.4,1693.0,0.0,18.0,0.0,2.5,2.0,1.0,3.0,1.0,9.0,7.0,9.0,5.0,2.0,24666.0
CRS3035RES200mN2621200E3477400,48.0,17.0,0.0,1.0,1.0,15.0,3.0,1443204.6,2224.0,0.0,17.0,0.0,1.0,1.0,3.0,6.0,5.0,6.0,13.0,9.0,3.0,1.0,30067.0
CRS3035RES200mN2621200E3477600,98.0,46.0,5.0,16.0,1.0,35.0,3.0,2352948.8,4751.0,0.0,46.0,0.0,3.5,3.0,5.5,5.0,5.0,17.0,23.0,21.0,10.0,5.0,24010.0
CRS3035RES200mN2621200E3477800,61.5,27.0,3.0,8.0,0.0,20.0,1.0,1473619.0,2847.0,0.0,27.0,0.0,2.0,1.0,6.0,4.5,3.0,5.0,14.0,6.0,17.0,3.0,23961.0
CRS3035RES200mN2621200E3478000,11.0,3.9,0.2,0.6,0.4,3.9,0.0,288817.9,483.6,0.0,3.9,0.0,0.6,0.2,0.5,0.7,0.9,2.1,2.6,0.6,2.2,0.6,26256.0
CRS3035RES200mN2621200E3480200,1.5,0.6,0.1,0.1,0.1,0.5,0.0,34728.8,73.1,0.0,0.6,0.0,0.1,0.0,0.1,0.1,0.1,0.2,0.4,0.1,0.3,0.1,23153.0
CRS3035RES200mN2621200E3481400,9.0,3.5,0.6,0.7,0.4,3.0,0.3,208372.6,438.4,0.0,3.5,0.0,0.5,0.2,0.6,0.9,0.4,1.3,2.2,0.9,1.6,0.4,23153.0
CRS3035RES200mN2621200E3486000,1.0,0.4,0.0,0.1,0.0,0.3,0.0,23215.8,44.3,0.0,0.4,0.0,0.0,0.0,0.1,0.1,0.1,0.2,0.2,0.1,0.1,0.1,23216.0
CRS3035RES200mN2621200E3487400,2.0,0.7,0.0,0.1,0.1,0.6,0.1,46431.6,88.6,0.0,0.7,0.0,0.0,0.1,0.2,0.3,0.1,0.3,0.4,0.2,0.3,0.1,23216.0
CRS3035RES200mN2621200E3488600,5.0,2.2,0.3,0.8,0.2,2.0,0.0,107858.7,283.7,0.0,2.2,0.0,0.2,0.1,0.3,0.3,0.3,0.9,0.5,0.7,1.5,0.2,21572.0
CRS3035RES200mN2621200E3488800,4.0,1.7,0.2,0.6,0.2,1.6,0.0,86286.9,226.9,0.0,1.7,0.0,0.2,0.0,0.2,0.3,0.2,0.7,0.4,0.6,1.2,0.2,21572.0
CRS3035RES200mN2621200E3489800,2.0,0.9,0.1,0.3,0.1,0.8,0.0,43143.5,113.5,0.0,0.9,0.0,0.1,0.0,0.1,0.1,0.1,0.4,0.2,0.3,0.6,0.1,21572.0
CRS3035RES200mN2621200E3490000,3.0,1.2,0.4,0.4,0.2,0.6,0.2,88024.1,169.4,0.0,1.2,0.0,0.0,0.1,0.0,0.1,0.4,0.6,0.3,0.8,0.4,0.3,29341.0
CRS3035RES200mN2621200E3491400,5.0,2.0,0.6,0.6,0.3,1.1,0.3,146706.9,282.3,0.0,2.0,0.0,0.0,0.1,0.0,0.2,0.6,1.1,0.5,1.4,0.6,0.5,29341.0
CRS3035RES200mN2621200E3494400,4.0,1.6,0.2,0.4,0.1,1.2,0.1,88339.7,195.6,0.0,1.6,0.0,0.3,0.1,0.4,0.3,0.1,1.1,0.7,0.3,0.3,0.4,22085.0
CRS3035RES200mN2621200E3494600,5.0,2.0,0.2,0.6,0.1,1.4,0.1,110424.7,244.4,0.0,2.0,0.0,0.3,0.1,0.6,0.4,0.1,1.3,0.9,0.5,0.3,0.5,22085.0
CRS3035RES200mN2621200E3494800,20.0,8.0,0.9,2.2,0.4,5.8,0.4,441698.7,977.8,0.0,8.0,0.0,1.3,0.4,2.2,1.8,0.5,5.3,3.6,1.8,1.3,1.8,22085.0
CRS3035RES200mN2621200E3495000,3.0,1.3,0.0,0.2,0.0,1.2,0.0,79202.1,221.2,0.0,1.3,0.0,0.0,0.0,0.1,0.3,0.1,0.3,0.8,0.7,0.5,0.2,26401.0
CRS3035RES200mN2621200E3497200,13.0,5.4,0.7,1.7,0.0,4.3,0.0,329865.7,580.5,0.0,5.4,0.0,0.2,0.7,1.0,0.7,1.0,4.0,1.9,2.6,0.7,0.2,25374.0
CRS3035RES200mN2621200E3497400,30.0,14.0,0.0,5.0,1.0,12.0,0.0,668288.4,1531.0,1.0,13.0,0.0,2.0,0.0,3.0,0.0,1.0,5.0,5.0,4.0,10.0,0.0,22276.0
CRS3035RES200mN2621200E3497600,6.0,2.5,0.3,0.8,0.0,2.0,0.0,152245.7,267.9,0.0,2.5,0.0,0.1,0.3,0.4,0.3,0.5,1.9,0.9,1.2,0.3,0.1,25374.0
CRS3035RES200mN2621200E3499400,17.0,7.8,2.0,3.3,0.0,6.2,0.7,370763.9,878.8,0.0,7.8,0.0,1.0,0.3,0.3,1.6,1.6,2.3,3.6,2.6,3.0,0.7,21810.0
CRS3035RES200mN2621200E3499600,48.0,21.0,1.0,6.0,1.0,17.0,2.0,1245070.1,1949.0,0.0,21.0,0.0,1.0,1.0,2.0,6.0,1.0,8.0,10.0,6.0,11.0,2.0,25939.0
CRS3035RES200mN2621400E3462600,2.0,1.0,0.1,0.4,0.0,0.6,0.0,56695.6,103.0,0.1,0.9,0.0,0.1,0.0,0.0,0.1,0.1,0.3,0.4,0.5,0.4,0.1,28348.0
CRS3035RES200mN2621400E3463000,4.0,2.1,0.2,0.7,0.1,1.1,0.1,113391.2,205.9,0.2,1.9,0.0,0.1,0.0,0.0,0.3,0.2,0.6,0.8,1.0,0.8,0.2,28348.0
CRS3035RES200mN2621400E3463400,17.0,11.0,0.0,5.0,0.0,2.0,1.0,362399.9,486.0,6.0,5.0,0.0,0.0,0.5,0.0,0.5,0.0,10.0,1.0,2.0,2.0,1.0,21318.0
CRS3035RES200mN2621400E3463600,91.0,46.0,9.0,14.0,1.0,33.0,6.0,2489957.7,4477.0,0.0,46.0,0.0,1.0,0.0,4.5,3.5,6.0,10.0,13.0,16.0,31.0,6.0,27362.0
CRS3035RES200mN2621400E3463800,96.5,53.0,6.0,20.0,1.0,30.0,6.0,2582004.4,4480.0,10.0,43.0,14.0,2.0,1.0,1.0,2.5,7.0,19.0,9.0,13.0,32.0,10.0,26757.0
CRS3035RES200mN2621400E3464000,113.5,52.0,5.0,17.0,3.0,33.0,6.0,2933292.0,4092.0,13.0,39.0,11.0,3.0,1.0,6.5,10.5,10.5,12.0,25.0,14.0,21.0,10.0,25844.0
CRS3035RES200mN2621400E3464200,73.0,36.0,3.0,19.0,2.0,25.0,0.0,1839355.8,2578.0,9.0,27.0,0.0,6.0,1.0,5.0,6.0,4.0,12.0,14.0,6.0,5.0,14.0,25197.0
CRS3035RES200mN2621400E3464400,8.0,3.4,0.2,1.0,0.2,2.9,0.3,189739.5,352.9,0.0,3.4,0.0,0.3,0.3,0.3,0.7,0.5,0.9,1.0,1.0,2.6,0.4,23717.0
CRS3035RES200mN2621400E3465200,68.5,39.0,6.0,17.0,0.0,21.0,2.0,1755608.4,3026.0,15.0,24.0,0.0,2.0,0.0,1.5,3.0,6.0,23.0,9.0,6.0,11.0,7.0,25629.0
CRS3035RES200mN2621400E3465400,18.0,7.5,0.9,2.5,0.7,5.7,0.7,447192.7,844.3,0.2,7.3,0.7,0.8,0.0,1.1,1.1,2.0,2.5,3.4,3.2,1.8,2.1,24844.0
CRS3035RES200mN2621400E3465800,6.0,2.5,0.3,0.8,0.2,1.9,0.2,149064.2,281.4,0.1,2.4,0.2,0.3,0.0,0.4,0.4,0.7,0.8,1.1,1.0,0.6,0.7,24844.0
CRS3035RES200mN2621400E3466200,5.0,2.6,0.4,1.1,0.1,1.2,0.4,110359.2,222.3,0.5,2.1,0.0,0.2,0.1,0.1,0.4,0.4,1.3,1.1,0.5,0.7,0.2,22072.0
CRS3035RES200mN2621400E3466400,10.5,5.4,0.9,2.2,0.2,2.4,0.8,231754.3,466.9,1.1,4.3,0.0,0.4,0.2,0.3,0.8,0.9,2.6,2.3,1.1,1.5,0.4,22072.0
CRS3035RES200mN2621400E3467200,1.0,0.3,0.0,0.1,0.0,0.3,0.0,27033.2,42.2,0.0,0.3,0.0,0.0,0.0,0.1,0.2,0.1,0.0,0.2,0.2,0.2,0.0,27033.0
CRS3035RES200mN2621400E3467800,4.0,1.3,0.1,0.2,0.1,1.2,0.1,108132.7,168.8,0.0,1.3,0.0,0.0,0.0,0.4,0.7,0.5,0.0,1.0,0.6,0.8,0.0,27033.0
CRS3035RES200mN2621400E3471200,33.5,15.0,4.0,3.0,0.0,6.0,2.0,726251.1,1257.0,0.0,15.0,0.0,2.0,1.0,1.0,0.5,3.0,5.0,5.0,7.0,7.0,2.0,21679.0
CRS3035RES200mN2621400E3471400,48.5,22.0,1.0,3.0,0.0,17.0,1.0,1414232.4,2673.0,0.0,22.0,0.0,1.0,2.0,2.0,1.5,4.0,7.0,9.0,8.0,12.0,2.0,29159.0
CRS3035RES200mN2621400E3471600,73.5,32.0,4.0,8.0,0.0,19.0,6.0,1663718.1,3181.0,4.0,28.0,0.0,4.0,4.0,3.5,5.0,5.0,16.0,16.0,6.0,14.0,0.0,22636.0
CRS3035RES200mN2621400E3471800,39.0,17.0,0.0,3.0,1.0,16.0,2.0,984164.2,1581.0,0.0,17.0,0.0,1.0,0.0,1.0,4.0,5.0,6.0,11.0,5.0,6.0,0.0,25235.0
CRS3035RES200mN2621400E3472800,8.5,3.5,0.5,0.8,0.4,2.7,0.5,214662.9,411.6,0.1,3.4,0.0,0.4,0.1,0.8,0.2,0.8,1.1,1.6,1.6,1.7,0.2,25254.0
CRS3035RES200mN2621400E3473000,21.0,7.9,3.3,2.3,1.4,3.7,0.5,394733.6,906.3,0.9,7.0,0.0,1.9,0.0,1.4,2.3,2.8,4.7,7.0,0.9,0.0,0.0,18797.0
CRS3035RES200mN2621400E3474200,6.0,2.6,0.2,1.0,0.2,1.8,0.0,130017.8,302.8,0.2,2.4,0.0,0.0,0.2,0.7,0.5,0.3,1.9,1.0,0.6,0.8,0.0,21670.0
CRS3035RES200mN2621400E3475400,28.5,11.3,0.0,1.0,1.0,11.3,1.5,823898.8,1168.5,0.0,11.3,0.0,1.0,0.0,1.5,2.7,2.7,2.4,5.9,7.4,3.9,1.0,28909.0
CRS3035RES200mN2621400E3475600,50.0,19.0,1.0,0.0,0.0,18.0,5.0,1235531.2,2215.0,0.0,19.0,0.0,5.0,2.0,2.5,3.0,3.5,13.0,10.0,9.0,2.0,0.0,24711.0
CRS3035RES200mN2621400E3475800,52.5,17.0,1.0,1.0,3.0,15.0,2.0,1478579.1,2012.0,0.0,17.0,0.0,5.0,1.0,2.0,3.5,5.0,9.0,8.0,8.0,9.0,2.0,28163.0
CRS3035RES200mN2621400E3476800,7.0,2.9,0.2,0.7,0.1,2.6,0.5,181235.6,349.3,0.0,2.9,0.0,0.3,0.0,0.5,0.6,0.5,1.6,1.1,1.0,1.3,0.1,25891.0
CRS3035RES200mN2621400E3477000,4.0,1.7,0.0,0.4,0.1,1.3,0.1,112153.1,191.6,0.0,1.7,0.0,0.1,0.0,0.3,0.0,0.4,0.5,0.8,0.6,1.2,0.1,28038.0
CRS3035RES200mN2621400E3477400,37.0,17.0,2.0,5.0,1.0,15.0,3.0,884605.9,2040.0,0.0,17.0,0.0,2.0,1.0,2.5,2.5,3.0,7.0,9.0,4.0,4.0,2.0,23908.0
CRS3035RES200mN2621400E3477600,28.0,14.0,4.0,6.0,0.0,7.0,1.0,564665.6,1327.0,3.0,11.0,2.0,2.0,0.0,1.0,2.0,0.0,7.0,6.0,1.0,7.0,2.0,20167.0
CRS3035RES200mN2621400E3477800,36.0,12.0,1.0,1.0,2.0,11.0,1.0,1012070.3,1333.0,0.0,12.0,0.0,0.0,1.0,0.0,6.0,6.0,6.0,15.0,1.0,1.0,0.0,28113.0
CRS3035RES200mN2621400E3478000,122.5,37.0,3.0,3.0,3.0,31.0,1.0,2880260.7,3718.0,0.0,37.0,0.0,9.0,4.0,15.0,16.5,9.0,35.0,23.0,7.0,4.0,0.0,23512.0
CRS3035RES200mN2621400E3478200,11.0,3.9,0.2,0.6,0.4,3.9,0.0,288817.9,483.6,0.0,3.9,0.0,0.6,0.2,0.5,0.7,0.9,2.1,2.6,0.6,2.2,0.6,26256.0
CRS3035RES200mN2621400E3484400,11.0,5.6,0.6,1.7,0.3,4.2,0.8,298574.4,674.1,0.0,5.6,0.0,0.0,0.0,0.8,1.4,0.0,0.9,2.5,3.1,2.3,0.0,27143.0
CRS3035RES200mN2621400E3487400,2.5,0.9,0.0,0.2,0.1,0.8,0.1,58039.5,110.7,0.0,0.9,0.0,0.1,0.1,0.2,0.3,0.2,0.4,0.6,0.2,0.3,0.1,23216.0
CRS3035RES200mN2621400E3494800,16.0,6.4,0.7,1.8,0.4,4.6,0.4,353359.0,782.2,0.0,6.4,0.0,1.1,0.3,1.8,1.4,0.4,4.3,2.8,1.4,1.1,1.4,22085.0
CRS3035RES200mN2621400E3499400,40.0,18.0,1.0,7.0,1.0,16.0,1.0,952553.8,2049.0,0.0,18.0,0.0,0.0,0.0,1.0,1.0,7.0,4.0,10.0,8.0,8.0,1.0,23814.0
CRS3035RES200mN2621400E3499600,21.0,9.7,2.4,4.0,0.0,7.7,0.8,458002.4,1085.5,0.0,9.7,0.0,1.2,0.4,0.4,2.0,2.0,2.8,4.5,3.2,3.7,0.8,21810.0
CRS3035RES200mN2621600E3462800,1.0,0.5,0.0,0.2,0.0,0.3,0.0,28347.8,51.5,0.0,0.5,0.0,0.0,0.0,0.0,0.1,0.0,0.2,0.2,0.3,0.2,0.0,28348.0
CRS3035RES200mN2621600E3463000,1.0,0.5,0.0,0.2,0.0,0.3,0.0,28347.8,51.5,0.0,0.5,0.0,0.0,0.0,0.0,0.1,0.0,0.2,0.2,0.3,0.2,0.0,28348.0
CRS3035RES200mN2621600E3463200,7.0,3.6,0.3,1.3,0.1,2.0,0.1,198434.5,360.4,0.3,3.3,0.0,0.3,0.0,0.0,0.5,0.3,1.0,1.4,1.8,1.4,0.3,28348.0
CRS3035RES200mN2621600E3463400,39.5,22.0,2.0,10.0,0.0,5.0,3.0,967487.8,1397.0,18.0,4.0,0.0,3.5,1.0,1.0,1.0,3.0,12.0,6.0,8.0,4.0,0.0,24493.0
CRS3035RES200mN2621600E3463600,17.0,8.8,0.7,3.1,0.3,4.8,0.3,481912.4,875.2,0.7,8.1,0.0,0.7,0.0,0.0,1.3,0.7,2.4,3.4,4.4,3.4,0.7,28348.0
CRS3035RES200mN2621600E3463800,7.0,3.6,0.3,1.3,0.1,2.0,0.1,198434.5,360.4,0.3,3.3,0.0,0.3,0.0,0.0,0.5,0.3,1.0,1.4,1.8,1.4,0.3,28348.0
CRS3035RES200mN2621600E3464000,106.0,46.0,2.0,12.0,2.0,36.0,7.0,2687645.4,3668.0,7.0,39.0,6.0,9.0,3.0,9.5,7.0,2.5,24.0,13.0,8.0,18.0,12.0,25355.0
CRS3035RES200mN2621600E3464200,424.0,206.0,72.0,96.0,12.0,16.0,64.0,7026024.4,15165.0,189.0,17.0,181.0,21.5,8.0,42.5,61.5,32.0,66.5,82.0,52.0,37.0,21.0,16571.0
CRS3035RES200mN2621600E3464400,183.5,116.0,29.0,72.0,3.0,5.0,23.0,3183376.9,6543.0,111.0,5.0,78.0,6.0,6.0,11.5,15.0,11.0,36.0,25.0,15.0,30.0,28.0,17348.0
CRS3035RES200mN2621600E3464600,34.0,14.0,2.0,4.0,1.0,9.0,2.0,884927.7,1354.0,1.0,13.0,0.0,0.0,0.0,1.0,1.0,1.0,4.0,10.0,6.0,6.0,5.0,26027.0
CRS3035RES200mN2621600E3464800,15.0,6.4,0.3,1.9,0.3,5.4,0.6,355761.5,661.6,0.0,6.4,0.0,0.6,0.6,0.6,1.3,1.0,1.6,1.9,1.9,4.8,0.7,23717.0
CRS3035RES200mN2621600E3465000,65.0,24.0,3.0,6.0,3.0,14.0,1.0,1592869.2,2253.0,0.0,24.0,0.0,6.0,1.0,6.0,4.0,5.0,14.0,14.0,5.0,7.0,3.0,24506.0
CRS3035RES200mN2621600E3465200,124.5,54.0,6.0,15.0,0.0,25.0,7.0,3225281.4,4967.0,11.0,43.0,2.0,5.0,3.0,8.5,14.0,12.0,26.0,26.0,8.0,19.0,3.0,25906.0
CRS3035RES200mN2621600E3465400,153.0,84.0,8.0,39.0,1.0,22.0,18.0,3505992.9,6154.0,46.0,38.0,35.0,14.0,1.0,4.0,12.0,14.0,39.0,29.0,14.0,22.0,4.0,22915.0
CRS3035RES200mN2621600E3465600,26.0,10.8,1.3,3.6,1.0,8.2,1.0,645945.1,1219.5,0.3,10.5,1.0,1.2,0.0,1.6,1.6,2.9,3.6,4.9,4.6,2.6,3.0,24844.0
CRS3035RES200mN2621600E3466200,17.0,12.0,6.0,8.0,0.0,0.0,1.0,287990.7,480.0,12.0,0.0,0.0,2.0,0.0,0.0,0.0,0.0,7.0,5.0,2.0,1.0,0.0,16941.0
CRS3035RES200mN2621600E3467200,9.0,3.0,0.3,0.5,0.3,2.7,0.3,243298.5,379.9,0.0,3.0,0.0,0.0,0.0,0.8,1.6,1.1,0.0,2.2,1.4,1.9,0.0,27033.0
CRS3035RES200mN2621600E3467400,1.0,0.3,0.0,0.1,0.0,0.3,0.0,27033.2,42.2,0.0,0.3,0.0,0.0,0.0,0.1,0.2,0.1,0.0,0.2,0.2,0.2,0.0,27033.0
CRS3035RES200mN2621600E3467800,6.0,2.0,0.2,0.4,0.2,1.8,0.2,162199.0,253.3,0.0,2.0,0.0,0.0,0.0,0.5,1.1,0.7,0.0,1.5,0.9,1.3,0.0,27033.0
CRS3035RES200mN2621600E3470600,1.0,0.4,0.1,0.2,0.0,0.4,0.0,22664.5,40.4,0.0,0.4,0.0,0.1,0.0,0.1,0.0,0.0,0.2,0.2,0.1,0.2,0.1,22664.0
CRS3035RES200mN2621600E3470800,35.0,17.0,4.0,8.0,1.0,11.0,0.0,774524.3,1470.0,5.0,12.0,0.0,1.0,1.0,2.0,4.0,0.0,3.0,10.0,7.0,7.0,0.0,22129.0
CRS3035RES200mN2621600E3471000,26.0,8.7,0.3,1.2,0.9,8.1,0.0,686796.6,1005.4,0.0,8.7,0.0,1.6,1.2,3.1,1.4,1.6,5.6,5.0,3.7,2.5,0.3,26415.0
CRS3035RES200mN2621600E3471200,51.0,18.0,2.0,5.0,3.0,16.0,3.0,1381742.9,2443.0,0.0,18.0,0.0,0.0,2.0,5.5,6.5,1.0,11.0,11.0,6.0,5.0,3.0,27093.0
CRS3035RES200mN2621600E3471400,61.0,29.0,2.0,9.0,1.0,20.0,2.0,1532205.4,3305.0,0.0,29.0,4.0,4.0,1.0,4.0,1.0,2.0,8.0,14.0,5.0,18.0,4.0,25118.0
CRS3035RES200mN2621600E3471600,76.0,30.0,0.0,5.0,0.0,29.0,2.0,2082824.6,3689.0,0.0,30.0,0.0,4.0,3.0,7.0,5.0,4.0,11.0,18.0,5.0,16.0,3.0,27406.0
CRS3035RES200mN2621600E3471800,102.5,39.0,1.0,11.0,2.0,37.0,1.0,2825358.4,3825.0,0.0,39.0,0.0,5.0,4.0,12.5,8.0,6.0,27.0,22.0,13.0,5.0,0.0,27564.0
CRS3035RES200mN2621600E3472000,39.0,17.0,2.0,6.0,0.0,10.0,2.0,947704.2,1307.0,0.0,17.0,7.0,4.0,2.0,4.0,2.0,0.0,11.0,11.0,3.0,2.0,0.0,24300.0
CRS3035RES200mN2621600E3473000,11.0,4.2,1.7,1.2,0.7,2.0,0.2,206765.2,474.7,0.5,3.7,0.0,1.0,0.0,0.7,1.2,1.5,2.4,3.7,0.5,0.0,0.0,18797.0
CRS3035RES200mN2621600E3473200,6.0,2.3,0.9,0.7,0.4,1.1,0.1,112781.0,258.9,0.3,2.0,0.0,0.5,0.0,0.4,0.7,0.8,1.3,2.0,0.3,0.0,0.0,18797.0
CRS3035RES200mN2621600E3475800,2.0,0.8,0.0,0.1,0.1,0.8,0.1,57817.5,82.0,0.0,0.8,0.0,0.0,0.0,0.1,0.2,0.2,0.2,0.4,0.5,0.3,0.1,28909.0
CRS3035RES200mN2621600E3477000,23.0,9.8,0.0,2.1,0.5,7.2,0.5,644880.5,1101.9,0.0,9.8,0.0,0.5,0.0,1.8,0.0,2.6,2.6,4.7,3.6,6.7,0.5,28038.0
CRS3035RES200mN2621600E3477200,33.0,16.0,1.0,5.0,1.0,12.0,2.0,951390.1,1929.0,0.0,16.0,0.0,0.0,2.0,1.0,4.0,1.0,7.0,4.0,6.0,6.0,2.0,28830.0
CRS3035RES200mN2621600E3477400,34.0,16.0,0.0,4.0,0.0,10.0,1.0,872752.4,1713.0,3.0,13.0,0.0,0.0,1.0,1.0,3.0,4.0,6.0,13.0,5.0,1.0,0.0,25669.0
CRS3035RES200mN2621600E3477800,1.0,0.4,0.0,0.1,0.0,0.3,0.0,28038.3,47.9,0.0,0.4,0.0,0.0,0.0,0.1,0.0,0.1,0.1,0.2,0.2,0.3,0.0,28038.0
CRS3035RES200mN2621600E3478000,16.5,5.9,0.3,0.8,0.6,5.9,0.0,433226.9,725.4,0.0,5.9,0.0,0.8,0.3,0.7,1.1,1.4,3.1,4.0,0.8,3.4,0.9,26256.0
CRS3035RES200mN2621600E3478200,8.0,2.9,0.1,0.4,0.3,2.9,0.0,210049.4,351.7,0.0,2.9,0.0,0.4,0.1,0.4,0.6,0.7,1.5,1.9,0.4,1.6,0.4,26256.0
CRS3035RES200mN2621600E3497400,3.0,1.3,0.2,0.4,0.0,1.0,0.0,76122.9,134.0,0.0,1.3,0.0,0.0,0.2,0.2,0.2,0.2,0.9,0.4,0.6,0.2,0.1,25374.0
CRS3035RES200mN2621600E3498800,2.0,0.9,0.2,0.1,0.0,0.8,0.1,53940.9,116.5,0.0,0.9,0.0,0.0,0.1,0.2,0.1,0.0,0.4,0.1,0.3,0.7,0.1,26970.0
CRS3035RES200mN2621600E3499400,1.0,0.5,0.1,0.2,0.0,0.4,0.0,21809.6,51.7,0.0,0.5,0.0,0.1,0.0,0.0,0.1,0.1,0.1,0.2,0.2,0.2,0.0,21810.0
CRS3035RES200mN2621600E3499600,2.0,0.9,0.2,0.4,0.0,0.7,0.1,43619.3,103.4,0.0,0.9,0.0,0.1,0.0,0.0,0.2,0.2,0.3,0.4,0.3,0.4,0.1,21810.0
CRS3035RES200mN2621800E3463000,3.0,1.6,0.1,0.5,0.1,0.8,0.1,85043.4,154.4,0.1,1.5,0.0,0.1,0.0,0.0,0.3,0.1,0.4,0.6,0.8,0.6,0.1,28348.0
CRS3035RES200mN2621800E3463400,114.5,77.0,7.0,50.0,1.0,26.0,8.0,2904134.8,4610.0,68.0,9.0,0.0,4.0,1.0,2.5,5.0,9.0,18.0,31.0,14.0,14.0,16.0,25364.0
CRS3035RES200mN2621800E3463600,128.5,81.0,10.0,48.0,2.0,39.0,10.0,3106739.5,4713.0,59.0,22.0,0.0,2.0,0.0,6.0,8.5,10.5,28.0,34.5,11.0,22.0,6.0,24177.0
CRS3035RES200mN2621800E3463800,8.0,4.2,0.3,1.4,0.2,2.2,0.2,226782.3,411.8,0.3,3.9,0.0,0.3,0.0,0.0,0.7,0.3,1.1,1.6,2.1,1.6,0.3,28348.0
CRS3035RES200mN2621800E3464000,16.0,6.8,0.3,2.0,0.3,5.8,0.7,379478.9,705.7,0.0,6.8,0.0,0.7,0.7,0.7,1.4,1.0,1.7,2.0,2.0,5.1,0.7,23717.0
CRS3035RES200mN2621800E3464200,137.0,73.0,19.0,35.0,2.0,4.0,20.0,2324632.1,4881.0,68.0,5.0,68.0,11.0,4.5,7.5,16.0,6.0,28.0,17.0,15.0,21.0,11.0,16968.0
CRS3035RES200mN2621800E3464400,154.5,69.0,6.0,17.0,0.0,51.0,5.0,4177743.9,5889.0,3.0,66.0,0.0,4.0,6.0,8.0,8.5,7.0,26.0,25.0,15.0,39.0,16.0,27040.0
CRS3035RES200mN2621800E3464600,91.5,44.0,4.0,18.0,3.0,30.0,6.0,2485380.9,3999.0,8.0,36.0,1.0,0.0,1.0,5.0,9.5,12.0,13.0,18.0,11.0,19.0,3.0,27163.0
CRS3035RES200mN2621800E3464800,146.5,80.0,12.0,41.0,3.0,34.0,9.0,3703214.2,6282.0,37.0,43.0,0.0,4.5,3.0,7.5,6.5,21.0,28.0,30.0,21.0,19.0,6.0,25278.0
CRS3035RES200mN2621800E3465000,29.0,14.0,2.0,4.0,0.0,4.0,6.0,661078.2,1316.0,8.0,6.0,8.0,1.0,0.0,5.0,3.0,1.0,6.0,3.0,3.0,6.0,1.0,22796.0
CRS3035RES200mN2621800E3465200,175.0,78.0,6.0,24.0,3.0,36.0,12.0,3997819.3,6073.0,23.0,55.0,25.0,10.0,2.0,10.5,16.5,11.0,30.0,32.0,24.0,31.0,8.0,22845.0
CRS3035RES200mN2621800E3465400,130.0,63.0,5.0,18.0,1.0,33.0,3.0,3241724.0,5263.0,15.0,48.0,0.0,6.0,3.0,2.0,5.0,10.0,31.0,16.0,15.0,34.0,8.0,24936.0
CRS3035RES200mN2621800E3465600,54.0,20.0,0.0,5.0,1.0,16.0,2.0,1519154.8,1766.0,0.0,20.0,3.0,3.0,2.0,2.0,4.0,8.0,10.0,14.0,4.0,6.0,1.0,28132.0
CRS3035RES200mN2621800E3466000,3.0,1.6,0.3,0.6,0.1,0.7,0.2,66215.5,133.4,0.3,1.3,0.0,0.1,0.1,0.1,0.2,0.3,0.8,0.6,0.3,0.4,0.1,22072.0
CRS3035RES200mN2621800E3466400,1.0,0.5,0.1,0.2,0.0,0.2,0.1,22071.8,44.5,0.1,0.4,0.0,0.0,0.0,0.0,0.1,0.1,0.3,0.2,0.1,0.2,0.0,22072.0
CRS3035RES200mN2621800E3467000,4.0,1.3,0.1,0.2,0.1,1.2,0.1,108132.7,168.8,0.0,1.3,0.0,0.0,0.0,0.4,0.7,0.5,0.0,1.0,0.6,0.8,0.0,27033.0
CRS3035RES200mN2621800E3470800,9.0,4.0,0.7,1.4,0.4,3.2,0.0,203980.5,363.2,0.0,4.0,0.0,0.7,0.0,1.4,0.4,0.0,1.8,1.4,1.1,1.5,0.7,22664.0
CRS3035RES200mN2621800E3471000,48.5,20.0,2.0,5.0,1.0,16.0,3.0,1301474.7,2137.0,0.0,20.0,0.0,1.0,2.0,0.0,2.5,11.0,4.0,10.0,7.0,7.0,4.0,26835.0
CRS3035RES200mN2621800E3471200,80.5,36.0,0.0,9.0,0.0,34.0,1.0,2343347.8,4316.0,0.0,36.0,0.0,3.0,0.0,2.0,4.5,7.0,10.0,14.0,15.0,22.0,3.0,29110.0
CRS3035RES200mN2621800E3471400,98.0,48.0,1.0,15.0,0.0,31.0,10.0,2776607.0,5249.0,0.0,48.0,0.0,2.5,4.0,6.0,7.5,7.0,25.0,24.0,11.0,1.0,10.0,28333.0
CRS3035RES200mN2621800E3471600,104.5,43.0,3.0,10.0,0.0,37.0,6.0,2606801.6,4119.0,0.0,43.0,4.0,8.0,7.0,9.5,6.0,2.0,40.0,17.0,3.0,11.0,1.0,24945.0
CRS3035RES200mN2621800E3471800,23.5,7.9,0.3,1.1,0.8,7.3,0.0,620758.5,908.8,0.0,7.9,0.0,1.4,1.1,2.8,1.3,1.4,5.1,4.5,3.4,2.2,0.3,26415.0
CRS3035RES200mN2621800E3477400,3.0,1.3,0.0,0.3,0.1,0.9,0.1,84114.9,143.7,0.0,1.3,0.0,0.1,0.0,0.2,0.0,0.3,0.3,0.6,0.5,0.9,0.1,28038.0
CRS3035RES200mN2621800E3477800,4.5,1.9,0.0,0.4,0.1,1.4,0.1,126172.3,215.6,0.0,1.9,0.0,0.1,0.0,0.4,0.0,0.5,0.5,0.9,0.7,1.3,0.1,28038.0
CRS3035RES200mN2621800E3478000,3.0,1.1,0.1,0.2,0.1,1.1,0.0,78768.5,131.9,0.0,1.1,0.0,0.1,0.0,0.1,0.2,0.3,0.6,0.7,0.2,0.6,0.2,26256.0
CRS3035RES200mN2621800E3478800,9.0,3.2,0.2,0.5,0.3,3.2,0.0,236305.6,395.7,0.0,3.2,0.0,0.5,0.1,0.4,0.6,0.8,1.7,2.1,0.5,1.8,0.5,26256.0
CRS3035RES200mN2621800E3479000,40.5,15.0,1.0,2.0,0.0,12.0,2.0,864635.7,1691.0,0.0,15.0,0.0,4.0,3.0,4.0,1.5,2.0,14.0,4.0,5.0,2.0,1.0,21349.0
CRS3035RES200mN2621800E3479200,24.5,11.3,0.7,3.3,0.0,8.6,3.3,450135.6,1319.0,0.0,11.3,0.0,0.7,1.7,1.3,3.0,2.0,3.3,7.3,2.6,2.6,0.0,18373.0
CRS3035RES200mN2621800E3479400,12.5,5.7,0.3,1.7,0.0,4.4,1.7,229661.0,673.0,0.0,5.7,0.0,0.3,0.8,0.7,1.5,1.0,1.7,3.7,1.4,1.4,0.0,18373.0
CRS3035RES200mN2621800E3481200,3.0,1.2,0.2,0.2,0.1,1.0,0.1,69457.5,146.1,0.0,1.2,0.0,0.2,0.1,0.2,0.3,0.1,0.5,0.7,0.3,0.5,0.1,23152.0
CRS3035RES200mN2621800E3490400,5.0,2.0,0.6,0.6,0.3,1.1,0.3,146706.9,282.3,0.0,2.0,0.0,0.0,0.1,0.0,0.2,0.6,1.1,0.5,1.4,0.6,0.5,29341.0
CRS3035RES200mN2622000E3462800,20.0,10.1,1.0,4.4,0.7,7.7,0.7,528398.6,960.0,0.7,9.4,0.0,0.3,0.8,1.0,2.4,0.7,2.4,5.7,1.7,3.7,1.3,26420.0
CRS3035RES200mN2622000E3463200,5.0,2.5,0.3,1.1,0.1,1.5,0.2,124965.5,194.3,0.4,2.1,0.0,0.5,0.2,0.1,0.1,0.1,1.8,0.8,0.5,0.5,0.4,24993.0
CRS3035RES200mN2622000E3463400,130.5,54.0,7.0,13.0,2.0,39.0,9.0,3765614.4,5294.0,0.0,54.0,0.0,3.0,4.0,7.5,16.0,9.0,17.0,32.0,22.0,17.0,3.0,28855.0
CRS3035RES200mN2622000E3463600,262.0,207.0,27.0,161.0,0.0,68.0,10.0,5914670.1,10435.0,197.0,10.0,0.0,6.0,3.0,0.5,1.5,16.0,76.0,41.0,25.0,47.0,46.0,22575.0
CRS3035RES200mN2622000E3463800,92.5,48.0,3.0,17.0,0.0,33.0,3.0,2646642.7,4903.0,0.0,48.0,0.0,3.0,0.0,2.0,8.5,5.0,10.0,16.0,7.0,29.0,12.0,28612.0
CRS3035RES200mN2622000E3464000,112.0,59.0,3.0,29.0,0.0,49.0,2.0,3083701.2,4968.0,3.0,56.0,0.0,1.0,2.0,9.0,8.0,5.0,13.0,18.0,12.0,19.0,25.0,27533.0
CRS3035RES200mN2622000E3464200,221.0,136.0,17.0,79.0,2.0,55.0,13.0,5261525.1,9377.0,103.0,33.0,11.0,10.5,2.0,6.0,15.5,23.0,59.0,42.0,27.0,26.0,10.0,23808.0
CRS3035RES200mN2622000E3464400,121.0,53.0,4.0,20.0,2.0,31.0,7.0,2995805.8,4523.0,3.0,50.0,0.0,7.0,3.0,6.5,18.0,9.5,19.0,28.0,6.0,16.0,8.0,24759.0
CRS3035RES200mN2622000E3464600,153.0,73.0,17.0,28.0,4.0,34.0,8.0,3910988.9,5721.0,16.0,57.0,0.0,12.0,3.0,5.0,12.0,12.0,34.0,27.0,12.0,22.0,14.0,25562.0
CRS3035RES200mN2622000E3464800,125.0,67.0,15.0,34.0,1.0,34.0,5.0,3011183.5,5130.0,21.0,46.0,3.0,8.0,3.0,3.0,6.0,15.0,37.0,21.0,11.0,16.0,5.0,24089.0
CRS3035RES200mN2622000E3465000,67.0,29.1,4.4,9.7,0.9,25.6,1.8,1842314.4,3077.6,0.0,29.1,0.0,1.8,0.9,3.5,5.3,3.5,15.9,9.7,8.8,12.3,5.3,27497.0
CRS3035RES200mN2622000E3465200,145.0,75.0,2.0,37.0,4.0,69.0,4.0,3634076.0,6811.0,0.0,75.0,0.0,4.0,2.0,6.0,11.0,8.0,16.0,21.0,11.0,45.0,21.0,25063.0
CRS3035RES200mN2622000E3465400,129.5,78.0,6.0,43.0,1.0,36.0,3.0,3097807.5,5379.0,37.0,41.0,20.0,5.0,1.0,3.0,3.0,8.5,22.0,28.0,7.0,43.0,9.0,23921.0
CRS3035RES200mN2622000E3465600,7.0,3.0,0.5,1.0,0.1,2.7,0.2,192480.6,321.5,0.0,3.0,0.0,0.2,0.1,0.4,0.5,0.4,1.7,1.0,0.9,1.3,0.5,27497.0
CRS3035RES200mN2622000E3467800,5.0,1.9,0.3,0.2,0.2,1.0,0.4,124226.5,209.6,0.0,1.9,0.5,0.3,0.1,0.4,0.5,0.3,1.2,1.0,0.7,0.4,0.1,24845.0
CRS3035RES200mN2622000E3470600,1.0,0.4,0.1,0.0,0.0,0.4,0.1,28141.1,64.6,0.0,0.4,0.0,0.0,0.0,0.0,0.1,0.1,0.1,0.1,0.2,0.4,0.0,28141.0
CRS3035RES200mN2622000E3471000,12.0,5.2,0.3,1.0,0.0,4.2,0.8,350844.3,552.8,0.0,5.2,0.0,0.2,0.3,0.7,0.8,1.6,1.4,3.3,1.7,1.2,0.8,29237.0
CRS3035RES200mN2622000E3471200,126.0,60.0,3.0,21.0,1.0,37.0,6.0,3392567.6,5222.0,26.0,34.0,0.0,9.0,1.0,5.0,10.0,7.0,27.0,30.0,16.0,21.0,0.0,26925.0
CRS3035RES200mN2622000E3471400,69.5,30.4,1.5,6.1,0.0,24.3,4.6,2031973.5,3201.6,0.0,30.4,0.0,1.5,1.5,4.2,4.6,9.1,8.3,19.0,9.9,6.8,4.6,29237.0
CRS3035RES200mN2622000E3471600,114.5,42.0,1.0,7.0,2.0,38.0,4.0,3305986.3,4157.0,0.0,42.0,0.0,3.0,3.0,13.0,14.5,10.0,19.0,35.0,7.0,10.0,0.0,28873.0
CRS3035RES200mN2622000E3478800,24.0,8.7,0.4,0.8,0.8,7.0,0.4,668796.7,977.4,0.0,8.7,0.0,1.6,0.4,2.1,0.8,2.9,5.4,6.2,1.7,2.9,0.0,27867.0
CRS3035RES200mN2622000E3479000,23.5,9.5,3.0,2.4,0.6,8.3,1.2,519379.6,1007.2,0.0,9.5,0.0,0.0,0.0,0.6,2.1,3.0,1.2,7.1,4.2,4.7,0.6,22101.0
CRS3035RES200mN2622000E3479200,52.0,23.0,2.0,8.0,1.0,20.0,0.0,1270703.7,2616.0,0.0,23.0,0.0,2.0,1.0,4.0,4.0,3.0,9.0,12.0,7.0,7.0,3.0,24437.0
CRS3035RES200mN2622000E3479400,7.0,2.8,0.9,0.7,0.2,2.5,0.4,154708.8,300.0,0.0,2.8,0.0,0.0,0.0,0.2,0.6,0.9,0.4,2.1,1.2,1.4,0.2,22101.0
CRS3035RES200mN2622000E3480600,2.0,0.7,0.1,0.0,0.0,0.5,0.1,40402.5,109.6,0.1,0.6,0.0,0.1,0.1,0.1,0.3,0.2,0.2,0.5,0.2,0.2,0.1,20201.0
CRS3035RES200mN2622000E3480800,8.0,2.7,0.6,0.2,0.2,2.1,0.4,161610.0,438.2,0.2,2.5,0.0,0.2,0.2,0.6,1.1,0.8,1.0,1.9,1.0,1.0,0.2,20201.0
CRS3035RES200mN2622000E3483200,2.0,0.7,0.0,0.1,0.1,0.6,0.0,44124.4,89.5,0.0,0.7,0.0,0.0,0.1,0.0,0.5,0.1,0.1,0.8,0.1,0.2,0.1,22062.0
CRS3035RES200mN2622000E3484400,4.0,1.9,0.3,0.6,0.0,1.7,0.1,89765.4,232.2,0.0,1.9,0.0,0.1,0.1,0.2,0.2,0.2,0.7,0.9,0.6,0.9,0.1,22441.0
CRS3035RES200mN2622000E3484600,17.0,8.2,1.3,2.5,0.0,7.1,0.4,381502.8,987.0,0.0,8.2,0.0,0.6,0.4,0.7,0.9,0.8,2.9,4.0,2.5,4.0,0.2,22441.0
CRS3035RES200mN2622000E3487400,1.0,0.5,0.1,0.2,0.0,0.4,0.1,27143.1,61.3,0.0,0.5,0.0,0.0,0.0,0.1,0.1,0.0,0.1,0.2,0.3,0.2,0.0,27143.0
CRS3035RES200mN2622000E3487600,1.0,0.5,0.1,0.2,0.0,0.4,0.1,27143.1,61.3,0.0,0.5,0.0,0.0,0.0,0.1,0.1,0.0,0.1,0.2,0.3,0.2,0.0,27143.0
CRS3035RES200mN2622000E3489200,2.0,0.8,0.2,0.2,0.1,0.4,0.1,58682.7,112.9,0.0,0.8,0.0,0.0,0.1,0.0,0.1,0.2,0.4,0.2,0.6,0.2,0.2,29341.0
CRS3035RES200mN2622200E3462600,4.0,2.0,0.2,0.9,0.1,1.5,0.1,105679.7,192.0,0.1,1.9,0.0,0.1,0.2,0.2,0.5,0.1,0.5,1.1,0.3,0.7,0.3,26420.0
CRS3035RES200mN2622200E3462800,81.0,40.0,5.0,20.0,2.0,28.0,1.0,2198981.0,3705.0,3.0,37.0,0.0,4.0,0.0,1.0,7.0,6.0,13.0,20.0,14.0,12.0,4.0,27148.0
CRS3035RES200mN2622200E3463000,20.5,10.3,1.1,4.6,0.4,6.1,0.7,512358.3,796.5,1.8,8.5,0.0,1.8,0.7,0.5,0.5,0.5,7.5,3.2,2.2,2.2,1.4,24993.0
CRS3035RES200mN2622200E3463200,10.0,5.0,0.5,2.3,0.2,3.0,0.3,249930.9,388.5,0.8,4.2,0.0,0.9,0.3,0.3,0.3,0.3,3.6,1.6,1.0,1.0,0.7,24993.0
CRS3035RES200mN2622200E3463600,164.5,68.0,5.0,20.0,3.0,28.0,13.0,4238295.7,6084.0,18.0,50.0,20.0,9.0,4.0,12.5,20.5,14.5,27.0,42.0,14.0,17.0,4.0,25765.0
CRS3035RES200mN2622200E3463800,72.5,43.0,2.0,29.0,3.0,20.0,2.0,2019734.3,2845.0,34.0,9.0,0.0,1.0,2.0,3.0,5.5,11.0,13.0,16.0,11.0,6.0,4.0,27858.0
CRS3035RES200mN2622200E3464000,88.5,41.0,6.0,12.0,1.0,31.0,4.0,2285050.2,3933.0,4.0,37.0,0.0,4.0,1.0,4.0,5.5,6.0,18.0,16.0,13.0,14.0,7.0,25820.0
CRS3035RES200mN2622200E3464200,42.0,24.0,2.0,12.0,0.0,7.0,1.0,966792.2,1604.0,16.0,8.0,0.0,1.0,2.0,0.0,1.0,2.0,4.0,10.0,7.0,13.0,2.0,23019.0
CRS3035RES200mN2622200E3464400,55.0,28.0,1.0,11.0,0.0,24.0,2.0,1492383.9,2374.0,0.0,28.0,0.0,4.0,0.0,2.0,2.0,3.0,6.0,13.0,2.0,20.0,3.0,27134.0
CRS3035RES200mN2622200E3464600,101.0,42.0,5.0,12.0,4.0,29.0,2.0,2674938.2,3686.0,0.0,42.0,0.0,1.0,4.0,8.0,8.0,10.0,13.0,23.0,10.0,18.0,6.0,26485.0
CRS3035RES200mN2622200E3464800,60.5,30.0,7.0,13.0,2.0,21.0,5.0,1526985.7,3019.0,0.0,30.0,0.0,0.0,1.0,2.5,6.0,9.0,8.0,14.0,9.0,10.0,1.0,25239.0
CRS3035RES200mN2622200E3465000,90.5,42.0,3.0,13.0,2.0,24.0,5.0,2208369.5,3539.0,0.0,42.0,14.0,6.0,4.0,3.5,7.0,6.0,31.0,8.0,5.0,15.0,5.0,24402.0
CRS3035RES200mN2622200E3465200,130.5,62.0,11.0,20.0,2.0,30.0,12.0,2905642.3,5131.0,8.0,54.0,24.0,7.0,3.0,10.0,11.5,7.0,25.0,25.0,8.0,27.0,7.0,22265.0
CRS3035RES200mN2622200E3465400,136.0,68.0,14.0,33.0,3.0,17.0,5.0,3229048.9,4874.0,34.0,34.0,36.0,5.0,3.0,13.0,5.0,12.0,37.0,18.0,20.0,20.0,3.0,23743.0
CRS3035RES200mN2622200E3471400,6.0,2.6,0.1,0.5,0.0,2.1,0.4,175422.2,276.4,0.0,2.6,0.0,0.1,0.1,0.4,0.4,0.8,0.7,1.6,0.9,0.6,0.4,29237.0
CRS3035RES200mN2622200E3471600,4.0,1.7,0.1,0.3,0.0,1.4,0.3,116948.1,184.3,0.0,1.7,0.0,0.1,0.1,0.2,0.2,0.5,0.5,1.1,0.6,0.4,0.3,29237.0
CRS3035RES200mN2622200E3475000,8.0,2.3,0.2,0.2,0.7,2.1,0.2,199115.5,283.4,0.0,2.3,0.0,0.2,0.0,0.7,2.4,0.3,1.3,2.6,0.2,0.3,0.0,24889.0
CRS3035RES200mN2622200E3478600,5.0,1.8,0.1,0.2,0.2,1.5,0.1,139332.7,203.6,0.0,1.8,0.0,0.3,0.1,0.4,0.2,0.6,1.1,1.3,0.4,0.6,0.0,27867.0
CRS3035RES200mN2622200E3478800,25.0,9.1,0.4,0.9,0.9,7.3,0.4,696663.3,1018.1,0.0,9.1,0.0,1.7,0.4,2.2,0.9,3.0,5.6,6.5,1.7,3.0,0.0,27867.0
CRS3035RES200mN2622200E3479000,9.0,3.6,1.1,0.9,0.2,3.2,0.5,198911.3,385.7,0.0,3.6,0.0,0.0,0.0,0.2,0.8,1.2,0.5,2.7,1.6,1.8,0.2,22101.0
CRS3035RES200mN2622200E3479200,37.0,14.0,1.0,4.0,3.0,10.0,0.0,959408.3,1684.0,0.0,14.0,0.0,3.0,2.0,5.0,2.0,2.0,10.0,3.0,5.0,4.0,1.0,25930.0
CRS3035RES200mN2622200E3479400,37.0,16.0,2.0,5.0,1.0,10.0,2.0,921181.7,1429.0,0.0,16.0,0.0,0.0,2.0,3.0,4.0,5.0,7.0,6.0,8.0,2.0,0.0,24897.0
CRS3035RES200mN2622200E3483400,3.0,1.0,0.1,0.2,0.1,0.9,0.1,66186.7,134.3,0.0,1.0,0.0,0.0,0.1,0.1,0.7,0.2,0.1,1.2,0.2,0.3,0.1,22062.0
CRS3035RES200mN2622200E3484400,4.0,1.9,0.3,0.6,0.0,1.7,0.1,89765.4,232.2,0.0,1.9,0.0,0.1,0.1,0.2,0.2,0.2,0.7,0.9,0.6,0.9,0.1,22441.0
CRS3035RES200mN2622200E3484600,24.0,12.0,1.0,2.0,0.0,10.0,2.0,493820.5,1159.0,0.0,12.0,0.0,1.0,0.0,0.0,1.0,2.0,7.0,3.0,2.0,8.0,0.0,20576.0
CRS3035RES200mN2622200E3484800,2.0,1.0,0.2,0.3,0.0,0.8,0.0,44882.7,116.1,0.0,1.0,0.0,0.1,0.0,0.1,0.1,0.1,0.3,0.5,0.3,0.5,0.0,22441.0
CRS3035RES200mN2622400E3462000,2.0,1.0,0.1,0.4,0.1,0.8,0.1,52839.9,96.0,0.1,0.9,0.0,0.0,0.1,0.1,0.2,0.1,0.2,0.6,0.2,0.4,0.1,26420.0
CRS3035RES200mN2622400E3462200,15.0,7.6,0.8,3.3,0.5,5.8,0.5,396299.0,720.0,0.5,7.1,0.0,0.2,0.6,0.7,1.8,0.5,1.8,4.3,1.3,2.8,1.0,26420.0
CRS3035RES200mN2622400E3462800,9.0,4.5,0.5,2.0,0.3,3.5,0.3,237779.4,432.0,0.3,4.2,0.0,0.1,0.4,0.4,1.1,0.3,1.1,2.6,0.7,1.7,0.6,26420.0
CRS3035RES200mN2622400E3463000,15.0,7.6,0.8,3.4,0.3,4.4,0.5,374896.4,582.8,1.3,6.3,0.0,1.3,0.5,0.4,0.4,0.4,5.5,2.3,1.6,1.6,1.0,24993.0
CRS3035RES200mN2622400E3463200,81.0,49.0,7.0,31.0,1.0,24.0,3.0,2105820.0,3569.0,14.0,35.0,0.0,2.0,2.0,5.0,6.0,5.0,18.0,16.0,9.0,14.0,4.0,25998.0
CRS3035RES200mN2622400E3463400,76.0,34.0,2.0,11.0,3.0,29.0,2.0,2114507.6,3253.0,4.0,30.0,0.0,0.5,0.0,4.5,10.0,8.0,5.0,16.0,7.0,20.0,5.0,27822.0
CRS3035RES200mN2622400E3463600,126.5,57.0,5.0,21.0,4.0,36.0,3.0,3832469.9,5889.0,13.0,44.0,0.0,8.0,3.0,2.0,8.0,17.5,20.0,25.0,16.0,17.0,10.0,30296.0
CRS3035RES200mN2622400E3463800,162.0,110.0,12.0,73.0,1.0,15.0,8.0,3965797.6,5983.0,98.0,12.0,23.0,4.5,4.5,3.0,6.0,22.0,63.0,27.0,12.0,17.0,3.0,24480.0
CRS3035RES200mN2622400E3464400,7.0,4.8,0.4,3.3,0.0,3.3,0.4,177049.3,487.4,0.0,4.8,0.0,0.0,0.0,0.7,0.0,0.0,2.2,0.7,0.8,2.6,0.0,25293.0
CRS3035RES200mN2622400E3464600,36.5,16.0,3.0,5.0,0.0,15.0,2.0,858682.3,1527.0,0.0,16.0,0.0,0.0,1.0,2.0,3.0,4.5,4.0,5.0,6.0,8.0,3.0,23526.0
CRS3035RES200mN2622400E3464800,124.5,56.0,2.0,12.0,1.0,37.0,10.0,3060958.0,5084.0,10.0,46.0,19.0,2.0,2.0,2.5,7.5,9.5,11.0,22.0,19.0,40.0,9.0,24586.0
CRS3035RES200mN2622400E3465000,271.5,169.0,16.0,96.0,2.0,42.0,23.0,6125967.8,9463.0,107.0,62.0,27.0,11.0,1.5,5.0,13.5,42.5,76.0,54.0,30.0,33.0,5.0,22563.0
CRS3035RES200mN2622400E3465200,219.5,122.0,13.0,64.0,2.0,47.0,7.0,5221742.8,8276.0,60.0,62.0,18.0,5.0,2.0,6.0,13.5,24.0,44.0,32.0,49.0,40.0,4.0,23789.0
CRS3035RES200mN2622400E3465400,63.0,30.0,3.0,6.0,0.0,28.0,3.0,1893793.8,3186.0,0.0,30.0,0.0,0.0,0.0,1.0,1.0,5.0,5.0,16.0,18.0,13.0,4.0,30060.0
CRS3035RES200mN2622400E3465600,1.0,0.4,0.1,0.1,0.0,0.4,0.0,27497.2,45.9,0.0,0.4,0.0,0.0,0.0,0.1,0.1,0.1,0.2,0.1,0.1,0.2,0.1,27497.0
CRS3035RES200mN2622400E3465800,1.0,0.4,0.1,0.1,0.0,0.4,0.0,27497.2,45.9,0.0,0.4,0.0,0.0,0.0,0.1,0.1,0.1,0.2,0.1,0.1,0.2,0.1,27497.0
CRS3035RES200mN2622400E3466000,4.0,1.5,0.2,0.2,0.2,0.8,0.3,99381.2,167.7,0.0,1.5,0.4,0.2,0.1,0.3,0.4,0.3,1.0,0.8,0.6,0.3,0.0,24845.0
CRS3035RES200mN2622400E3466200,6.0,2.2,0.3,0.3,0.2,1.2,0.4,149071.8,251.5,0.0,2.2,0.6,0.3,0.2,0.5,0.6,0.4,1.4,1.2,0.9,0.4,0.1,24845.0
CRS3035RES200mN2622400E3477600,5.0,1.5,0.0,0.2,0.2,1.4,0.0,126334.0,180.3,0.0,1.5,0.0,0.4,0.2,0.4,0.4,0.5,1.4,1.3,0.2,0.2,0.0,25267.0
CRS3035RES200mN2622400E3480400,3.0,1.0,0.2,0.1,0.1,0.8,0.1,60603.8,164.3,0.1,0.9,0.0,0.1,0.1,0.2,0.4,0.3,0.3,0.7,0.4,0.4,0.1,20201.0
CRS3035RES200mN2622400E3484000,48.5,18.0,0.0,1.0,1.0,17.0,3.0,1177399.1,1859.0,0.0,18.0,0.0,2.0,2.0,1.0,5.5,8.0,11.0,13.0,6.0,0.0,0.0,24276.0
CRS3035RES200mN2622400E3484200,103.5,32.0,3.0,4.0,5.0,31.0,3.0,2296598.1,3085.0,0.0,32.0,0.0,4.0,2.0,4.5,29.0,8.0,11.0,38.0,7.0,0.0,0.0,22189.0
CRS3035RES200mN2622400E3484600,45.0,20.0,5.0,6.0,1.0,16.0,3.0,1022681.3,2577.0,1.0,19.0,0.0,0.0,0.0,3.0,6.0,5.0,4.0,11.0,7.0,9.0,0.0,22726.0
CRS3035RES200mN2622400E3484800,33.0,18.0,2.0,8.0,0.0,14.0,2.0,856659.4,2258.0,0.0,18.0,0.0,0.0,0.0,2.0,5.0,0.0,6.0,7.0,2.0,4.0,7.0,25959.0
CRS3035RES200mN2622400E3485000,2.0,0.8,0.1,0.2,0.0,0.6,0.1,47159.0,104.2,0.0,0.8,0.0,0.2,0.0,0.1,0.1,0.1,0.7,0.3,0.1,0.2,0.2,23580.0
CRS3035RES200mN2622600E3461800,1.0,0.7,0.2,0.4,0.0,0.3,0.1,26730.3,32.6,0.6,0.1,0.0,0.0,0.0,0.0,0.0,0.1,0.1,0.2,0.1,0.3,0.2,26730.0
CRS3035RES200mN2622600E3462000,30.0,12.0,0.0,2.0,0.0,11.0,0.0,1109305.9,1575.0,0.0,12.0,0.0,0.0,1.0,1.0,3.0,2.0,3.0,5.0,7.0,7.0,1.0,36977.0
CRS3035RES200mN2622600E3462800,9.5,4.8,0.5,2.1,0.3,3.7,0.3,250989.4,456.0,0.3,4.5,0.0,0.2,0.4,0.5,1.1,0.3,1.1,2.7,0.8,1.8,0.6,26420.0
CRS3035RES200mN2622600E3463200,7.0,3.5,0.4,1.6,0.1,2.1,0.2,174951.6,272.0,0.6,2.9,0.0,0.6,0.2,0.2,0.2,0.2,2.6,1.1,0.7,0.7,0.5,24993.0
CRS3035RES200mN2622600E3463400,158.5,90.0,6.0,43.0,1.0,69.0,10.0,4171739.6,7480.0,51.0,39.0,0.0,1.0,5.0,7.0,8.5,11.0,26.0,26.0,16.0,37.0,21.0,26320.0
CRS3035RES200mN2622600E3463600,170.5,101.0,23.0,58.0,2.0,15.0,18.0,3252470.1,5317.0,92.0,9.0,51.0,8.0,7.5,9.5,9.5,19.0,52.0,35.0,14.0,13.0,3.0,19076.0
CRS3035RES200mN2622600E3463800,71.0,44.0,9.0,24.0,0.0,8.0,7.0,1331076.1,3234.0,35.0,9.0,35.0,2.0,0.5,2.0,2.0,7.5,11.0,16.0,11.0,14.0,5.0,18748.0
CRS3035RES200mN2622600E3464000,50.0,27.0,2.0,10.0,0.0,27.0,3.0,1174937.1,2652.0,0.0,27.0,0.0,0.0,1.0,1.0,1.0,2.0,3.0,6.0,8.0,25.0,3.0,23499.0
CRS3035RES200mN2622600E3464400,12.0,8.2,0.6,5.7,0.0,5.7,0.6,303513.1,835.6,0.0,8.2,0.0,0.0,0.0,1.2,0.0,0.0,3.8,1.3,1.3,4.4,0.0,25293.0
CRS3035RES200mN2622600E3464600,112.5,51.0,2.0,10.0,1.0,49.0,3.0,2964101.2,5042.0,0.0,51.0,0.0,4.0,2.0,5.0,4.5,4.0,14.0,17.0,19.0,35.0,8.0,26348.0
CRS3035RES200mN2622600E3464800,222.5,124.0,26.0,64.0,3.0,34.0,18.0,4762909.5,8221.0,84.0,40.0,50.0,15.0,5.0,10.0,12.5,20.0,67.0,33.0,22.0,30.0,8.0,21406.0
CRS3035RES200mN2622600E3465000,85.0,46.0,4.0,25.0,2.0,19.0,4.0,2107403.6,3425.0,20.0,26.0,0.0,3.5,1.0,5.5,6.0,9.0,23.0,19.0,6.0,11.0,1.0,24793.0
CRS3035RES200mN2622600E3465200,56.5,31.0,3.0,16.0,1.0,4.0,5.0,1243724.8,2079.0,22.0,9.0,0.0,4.0,1.0,3.0,4.5,5.0,10.0,19.0,8.0,2.0,0.0,22013.0
CRS3035RES200mN2622600E3466200,2.0,0.7,0.1,0.1,0.1,0.4,0.1,49690.6,83.8,0.0,0.7,0.2,0.1,0.1,0.2,0.2,0.1,0.5,0.4,0.3,0.1,0.0,24845.0
CRS3035RES200mN2622600E3468400,3.0,1.0,0.0,0.0,0.0,0.9,0.0,90020.9,125.0,0.0,1.0,0.0,0.1,0.1,0.4,0.3,0.2,0.4,1.0,0.2,0.3,0.0,30007.0
CRS3035RES200mN2622600E3468600,2.0,0.7,0.0,0.0,0.0,0.6,0.0,60013.9,83.3,0.0,0.7,0.0,0.1,0.0,0.3,0.2,0.2,0.3,0.6,0.1,0.2,0.0,30007.0
CRS3035RES200mN2622600E3472800,14.5,4.9,0.0,0.5,0.0,4.6,0.0,441500.8,504.7,0.0,4.9,0.0,1.2,0.9,1.2,1.5,0.2,3.9,4.1,0.5,1.0,0.0,30448.0
CRS3035RES200mN2622600E3473000,53.5,21.4,0.0,5.6,0.9,18.6,2.8,1378645.1,2222.8,0.0,21.4,0.0,1.9,1.9,3.7,4.2,5.6,8.4,12.1,7.4,7.4,0.9,25769.0
CRS3035RES200mN2622600E3473200,3.0,1.2,0.0,0.3,0.1,1.0,0.2,77307.2,124.6,0.0,1.2,0.0,0.1,0.1,0.2,0.2,0.3,0.5,0.7,0.4,0.4,0.1,25769.0
CRS3035RES200mN2622600E3476000,4.0,1.6,0.0,0.1,0.0,1.4,0.2,106320.4,171.5,0.0,1.6,0.0,0.0,0.1,0.1,0.6,0.2,0.9,1.3,0.4,0.4,0.0,26580.0
CRS3035RES200mN2622600E3476200,35.0,13.6,0.0,0.6,0.0,12.3,1.9,930303.9,1500.5,0.0,13.6,0.0,0.0,0.6,0.7,5.2,1.9,7.8,11.7,3.2,3.9,0.0,26580.0
CRS3035RES200mN2622600E3477400,20.0,6.2,0.0,0.7,0.7,5.5,0.0,505336.1,721.1,0.0,6.2,0.0,1.8,0.7,1.8,1.5,2.2,5.5,5.1,0.7,0.7,0.0,25267.0
CRS3035RES200mN2622600E3477600,53.5,21.0,5.0,4.0,1.0,20.0,2.0,1195588.8,2738.0,0.0,21.0,0.0,3.5,2.0,4.0,5.0,3.0,16.0,10.0,5.0,4.0,1.0,22347.0
CRS3035RES200mN2622600E3481200,18.0,6.1,1.3,0.4,0.4,4.8,0.9,363622.5,986.0,0.4,5.7,0.0,0.4,0.4,1.3,2.6,1.8,2.2,4.4,2.2,2.2,0.5,20201.0
CRS3035RES200mN2622600E3481400,8.0,2.7,0.6,0.2,0.2,2.1,0.4,161610.0,438.2,0.2,2.5,0.0,0.2,0.2,0.6,1.1,0.8,1.0,1.9,1.0,1.0,0.2,20201.0
CRS3035RES200mN2622600E3483800,42.0,14.3,0.9,2.7,1.8,12.5,0.9,926613.2,1880.2,0.0,14.3,0.0,0.0,1.8,0.4,9.4,2.7,1.8,17.0,2.7,4.4,1.8,22062.0
CRS3035RES200mN2622600E3484000,119.0,43.0,1.0,9.0,5.0,35.0,2.0,2945733.5,4511.0,0.0,43.0,0.0,3.0,2.5,15.5,18.0,7.0,20.0,30.0,10.0,13.0,0.0,24754.0
CRS3035RES200mN2622600E3484200,99.0,31.0,1.0,3.0,5.0,29.0,2.0,2269959.9,3116.0,0.0,31.0,0.0,4.0,4.0,13.0,12.5,6.5,18.0,26.0,8.0,5.0,2.0,22929.0
CRS3035RES200mN2622600E3484400,47.5,20.0,0.0,4.0,1.0,16.0,2.0,1201503.3,2419.0,0.0,20.0,0.0,0.0,3.0,1.5,5.0,2.0,9.0,14.0,2.0,10.0,1.0,25295.0
CRS3035RES200mN2622600E3484600,16.0,7.7,1.3,2.3,0.0,6.7,0.4,359061.4,928.9,0.0,7.7,0.0,0.5,0.4,0.7,0.9,0.7,2.7,3.8,2.3,3.8,0.2,22441.0
CRS3035RES200mN2622600E3484800,5.0,2.4,0.4,0.7,0.0,2.1,0.1,112206.7,290.3,0.0,2.4,0.0,0.2,0.1,0.2,0.3,0.2,0.8,1.2,0.7,1.2,0.1,22441.0
CRS3035RES200mN2622600E3485200,4.0,1.6,0.2,0.3,0.1,1.2,0.2,94317.9,208.3,0.0,1.6,0.0,0.5,0.1,0.2,0.2,0.1,1.3,0.5,0.2,0.5,0.4,23579.0
CRS3035RES200mN2622600E3485600,20.5,8.2,0.8,1.6,0.4,6.2,0.8,483379.3,1067.6,0.0,8.2,0.0,2.3,0.4,1.0,1.2,0.8,6.6,2.7,1.2,2.3,2.0,23579.0
CRS3035RES200mN2622800E3462000,94.0,64.0,7.0,40.0,0.0,16.0,2.0,2363611.1,3907.0,57.0,7.0,17.0,4.0,0.0,0.0,1.0,18.0,30.0,12.0,11.0,17.0,1.0,25145.0
CRS3035RES200mN2622800E3462600,56.0,23.0,2.0,5.0,1.0,14.0,5.0,1430469.4,1907.0,0.0,23.0,5.0,3.0,3.0,4.5,6.5,0.0,15.0,9.0,8.0,6.0,1.0,25544.0
CRS3035RES200mN2622800E3462800,192.5,86.0,8.0,28.0,4.0,44.0,8.0,4443339.9,7147.0,4.0,82.0,33.0,7.0,2.0,9.5,13.5,14.5,29.0,36.0,36.0,31.0,14.0,23082.0
CRS3035RES200mN2622800E3463000,59.0,21.0,0.0,2.0,1.0,6.0,3.0,1401960.2,1935.0,0.0,21.0,15.0,3.0,4.0,4.0,7.0,4.0,12.0,9.0,11.0,3.0,2.0,23762.0
CRS3035RES200mN2622800E3463200,23.0,13.0,0.0,5.0,0.0,9.0,1.0,545067.3,1008.0,3.0,10.0,0.0,1.0,0.0,1.0,1.0,1.0,1.0,4.0,2.0,7.0,5.0,23699.0
CRS3035RES200mN2622800E3463400,114.0,63.0,7.0,32.0,2.0,32.0,5.0,2899101.6,4850.0,25.0,38.0,0.0,3.0,3.0,6.0,6.0,9.0,34.0,17.0,8.0,22.0,6.0,25431.0
CRS3035RES200mN2622800E3463600,144.0,67.0,8.0,25.0,4.0,44.0,4.0,3665564.2,5254.0,21.0,46.0,0.0,6.0,5.0,6.0,8.0,14.0,26.0,26.0,25.0,21.0,7.0,25455.0
CRS3035RES200mN2622800E3463800,91.5,51.0,4.0,20.0,1.0,43.0,2.0,2324967.2,4460.0,8.0,43.0,0.0,3.0,2.0,3.0,0.5,1.0,15.0,14.0,8.0,37.0,8.0,25409.0
CRS3035RES200mN2622800E3464000,94.5,43.0,1.0,12.0,2.0,42.0,4.0,2495182.8,4149.0,2.0,41.0,0.0,2.0,0.0,3.5,9.0,6.0,9.0,16.0,7.0,37.0,5.0,26404.0
CRS3035RES200mN2622800E3464200,84.0,55.0,9.0,34.0,0.0,13.0,8.0,1859513.4,3298.0,49.0,6.0,23.0,4.0,0.0,4.0,3.0,7.0,22.0,22.0,10.0,7.0,5.0,22137.0
CRS3035RES200mN2622800E3464600,35.0,17.0,0.0,3.0,0.0,14.0,2.0,908871.6,1575.0,0.0,17.0,0.0,1.0,0.0,1.0,1.0,5.0,4.0,4.0,7.0,10.0,2.0,25968.0
CRS3035RES200mN2622800E3466200,2.0,0.7,0.1,0.1,0.1,0.4,0.1,49690.6,83.8,0.0,0.7,0.2,0.1,0.1,0.2,0.2,0.1,0.5,0.4,0.3,0.1,0.0,24845.0
CRS3035RES200mN2622800E3467600,4.0,1.5,0.2,0.2,0.2,0.8,0.3,99381.2,167.7,0.0,1.5,0.4,0.2,0.1,0.3,0.4,0.3,1.0,0.8,0.6,0.3,0.0,24845.0
CRS3035RES200mN2622800E3467800,156.5,58.4,7.8,7.0,6.1,32.3,11.3,3888289.1,6560.8,0.0,58.4,16.6,7.8,3.9,13.1,16.6,10.5,37.5,31.4,22.7,11.3,1.7,24845.0
CRS3035RES200mN2622800E3468000,75.0,24.7,0.9,0.9,0.0,22.2,0.9,2250521.3,3125.3,0.0,24.7,0.0,2.5,1.7,9.4,8.5,6.0,11.1,23.9,4.3,6.8,0.8,30007.0
CRS3035RES200mN2622800E3468200,143.0,50.0,1.0,8.0,5.0,44.0,6.0,4036757.1,5686.0,0.0,50.0,0.0,5.0,5.0,7.5,19.5,12.0,20.0,45.0,14.0,14.0,1.0,28229.0
CRS3035RES200mN2622800E3468400,92.0,34.0,0.0,1.0,1.0,32.0,1.0,3174770.4,4609.0,0.0,34.0,0.0,1.0,1.0,0.5,10.0,8.5,9.0,27.0,18.0,15.0,2.0,34508.0
CRS3035RES200mN2622800E3468600,135.0,45.0,1.0,5.0,7.0,37.0,3.0,4094566.4,6224.0,0.0,45.0,0.0,2.0,2.0,6.0,18.0,20.0,15.0,38.0,12.0,19.0,3.0,30330.0
CRS3035RES200mN2622800E3468800,6.0,2.0,0.1,0.1,0.0,1.8,0.1,180041.7,250.0,0.0,2.0,0.0,0.2,0.1,0.8,0.7,0.5,0.9,1.9,0.3,0.5,0.1,30007.0
CRS3035RES200mN2622800E3470600,5.0,2.2,0.3,0.2,0.1,2.1,0.3,140705.6,323.1,0.0,2.2,0.0,0.1,0.0,0.0,0.3,0.3,0.4,0.8,1.0,2.0,0.1,28141.0
CRS3035RES200mN2622800E3472600,37.0,12.4,0.0,1.2,0.0,11.8,0.0,1126588.3,1287.8,0.0,12.4,0.0,3.1,2.2,3.1,3.7,0.6,10.0,10.6,1.2,2.5,0.0,30448.0
CRS3035RES200mN2622800E3472800,8.0,2.7,0.0,0.3,0.0,2.6,0.0,243586.7,278.5,0.0,2.7,0.0,0.7,0.5,0.7,0.8,0.1,2.1,2.3,0.3,0.5,0.0,30448.0
CRS3035RES200mN2622800E3473000,66.5,30.0,3.0,9.0,2.0,27.0,2.0,1673028.9,2883.0,0.0,30.0,0.0,1.5,2.0,6.0,5.0,3.0,9.0,11.0,9.0,19.0,1.0,25158.0
CRS3035RES200mN2622800E3473200,1.0,0.4,0.0,0.1,0.0,0.3,0.1,25769.1,41.5,0.0,0.4,0.0,0.0,0.0,0.1,0.1,0.1,0.2,0.2,0.1,0.2,0.0,25769.0
CRS3035RES200mN2622800E3474200,2.0,0.8,0.0,0.1,0.0,0.7,0.1,49845.0,95.6,0.0,0.8,0.0,0.0,0.0,0.1,0.2,0.2,0.2,0.4,0.3,0.5,0.1,24922.0
CRS3035RES200mN2622800E3474400,7.0,2.8,0.2,0.4,0.1,2.5,0.2,174457.6,334.6,0.0,2.8,0.0,0.1,0.0,0.2,0.7,0.7,0.6,1.6,1.0,1.8,0.3,24923.0
CRS3035RES200mN2622800E3474600,70.0,28.3,1.7,4.2,0.8,25.0,2.5,1744576.2,3345.8,0.0,28.3,0.0,0.8,0.0,2.5,7.5,6.7,5.8,15.9,10.0,17.5,3.3,24923.0
CRS3035RES200mN2622800E3474800,5.0,2.0,0.1,0.3,0.1,1.8,0.2,124612.6,239.0,0.0,2.0,0.0,0.1,0.0,0.2,0.5,0.5,0.4,1.1,0.7,1.3,0.2,24923.0
CRS3035RES200mN2622800E3475600,41.0,11.7,0.8,0.8,3.3,10.9,0.8,1020467.1,1452.6,0.0,11.7,0.0,0.8,0.0,3.3,12.6,1.7,6.7,13.4,0.8,1.7,0.0,24889.0
CRS3035RES200mN2622800E3475800,55.0,17.0,0.0,1.0,2.0,17.0,2.0,1497913.8,1965.0,0.0,17.0,0.0,1.0,0.0,10.0,6.0,5.0,4.0,17.0,7.0,4.0,1.0,27235.0
CRS3035RES200mN2622800E3476000,9.0,3.5,0.0,0.2,0.0,3.2,0.5,239221.0,385.8,0.0,3.5,0.0,0.0,0.2,0.2,1.3,0.5,2.0,3.0,0.8,1.0,0.0,26580.0
CRS3035RES200mN2622800E3476200,68.5,27.0,1.0,9.0,2.0,25.0,3.0,1652754.3,3002.0,0.0,27.0,0.0,6.0,0.0,8.5,9.0,3.0,10.0,21.0,3.0,7.0,1.0,24128.0
CRS3035RES200mN2622800E3476400,6.0,2.3,0.0,0.1,0.0,2.1,0.3,159480.7,257.2,0.0,2.3,0.0,0.0,0.1,0.1,0.9,0.3,1.3,2.0,0.6,0.7,0.0,26580.0
CRS3035RES200mN2622800E3477400,30.0,9.3,0.0,1.1,1.1,8.2,0.0,758004.2,1081.6,0.0,9.3,0.0,2.7,1.1,2.7,2.2,3.3,8.2,7.6,1.1,1.1,0.0,25267.0
CRS3035RES200mN2622800E3477600,44.5,13.0,1.0,1.0,1.0,13.0,0.0,1203791.0,1485.0,0.0,13.0,0.0,2.0,2.0,2.5,6.0,5.0,9.0,9.0,7.0,2.0,0.0,27051.0
CRS3035RES200mN2622800E3484000,8.0,3.9,0.6,1.2,0.0,3.3,0.2,179530.7,464.4,0.0,3.9,0.0,0.3,0.2,0.3,0.4,0.4,1.3,1.9,1.2,1.9,0.1,22441.0
CRS3035RES200mN2622800E3484200,17.0,8.2,1.3,2.5,0.0,7.1,0.4,381502.8,987.0,0.0,8.2,0.0,0.6,0.4,0.7,0.9,0.8,2.9,4.0,2.5,4.0,0.2,22441.0
CRS3035RES200mN2622800E3484400,16.0,7.7,1.3,2.3,0.0,6.7,0.4,359061.4,928.9,0.0,7.7,0.0,0.5,0.4,0.7,0.9,0.7,2.7,3.8,2.3,3.8,0.2,22441.0
CRS3035RES200mN2622800E3485600,26.0,10.4,1.0,2.0,0.5,7.9,1.0,613066.4,1354.0,0.0,10.4,0.0,3.0,0.5,1.2,1.5,1.0,8.4,3.4,1.5,3.0,2.5,23579.0
CRS3035RES200mN2622800E3489600,4.0,1.6,0.5,0.5,0.2,0.9,0.2,117365.5,225.8,0.0,1.6,0.0,0.0,0.1,0.0,0.2,0.5,0.8,0.4,1.1,0.5,0.4,29341.0
CRS3035RES200mN2622800E3489800,6.0,2.4,0.7,0.7,0.4,1.3,0.4,176048.2,338.8,0.0,2.4,0.0,0.0,0.2,0.0,0.3,0.7,1.3,0.5,1.7,0.7,0.6,29341.0
CRS3035RES200mN2622800E3492000,4.0,1.4,0.5,0.3,0.3,1.0,0.1,67028.0,207.0,0.0,1.4,0.0,0.1,0.1,0.3,0.3,0.5,0.9,0.3,0.7,0.3,0.5,16757.0
CRS3035RES200mN2622800E3492200,21.5,7.8,2.8,1.4,1.4,5.6,0.7,360275.4,1112.4,0.0,7.8,0.0,0.7,0.7,1.4,1.8,2.8,5.0,1.4,3.5,1.4,2.8,16757.0
CRS3035RES200mN2622800E3495400,2.0,0.9,0.0,0.1,0.0,0.8,0.0,52801.4,147.5,0.0,0.9,0.0,0.0,0.0,0.1,0.2,0.1,0.2,0.5,0.4,0.3,0.2,26401.0
CRS3035RES200mN2623000E3460600,18.0,12.3,2.8,6.6,0.0,4.7,1.9,481145.4,587.4,11.4,0.9,0.0,1.0,0.0,0.0,0.0,2.8,1.9,2.8,1.9,4.7,2.9,26730.0
CRS3035RES200mN2623000E3460800,26.0,18.0,3.0,11.0,0.0,9.0,2.0,694879.3,1040.0,18.0,0.0,0.0,0.5,0.0,0.5,0.0,2.0,9.0,0.0,2.0,10.0,2.0,26726.0
CRS3035RES200mN2623000E3461000,58.0,30.0,1.0,10.0,1.0,28.0,1.0,1967718.4,4068.0,0.0,30.0,0.0,1.0,0.0,0.0,3.0,3.0,1.0,6.0,7.0,31.0,6.0,33926.0
CRS3035RES200mN2623000E3461200,78.0,62.0,21.0,51.0,1.0,14.0,2.0,1726357.2,3095.0,49.0,13.0,0.0,0.0,1.0,1.0,2.0,19.0,20.0,14.0,4.0,11.0,6.0,22133.0
CRS3035RES200mN2623000E3461400,234.0,162.0,33.0,110.0,0.0,63.0,3.0,6363353.3,9423.0,158.0,4.0,0.0,3.0,0.0,4.0,8.0,34.0,45.0,29.0,24.0,51.0,36.0,27194.0
CRS3035RES200mN2623000E3461600,132.0,92.0,11.0,56.0,1.0,48.0,0.0,4012628.4,7069.0,86.0,6.0,0.0,1.0,1.0,0.0,0.0,14.0,15.0,10.0,15.0,62.0,14.0,30399.0
CRS3035RES200mN2623000E3461800,7.0,3.6,0.4,1.3,0.0,0.4,1.1,162884.9,306.0,2.9,0.7,0.2,0.2,0.2,0.2,0.3,1.6,0.7,2.5,1.1,0.2,0.0,23269.0
CRS3035RES200mN2623000E3462000,155.5,98.0,30.0,59.0,0.0,21.0,12.0,3037055.5,5698.0,69.0,29.0,54.0,3.0,2.0,3.0,9.5,17.0,23.0,37.0,18.0,30.0,13.0,19531.0
CRS3035RES200mN2623000E3462200,110.0,69.0,13.0,41.0,1.0,26.0,4.0,2671190.1,4016.0,50.0,19.0,9.0,4.0,3.0,2.0,3.0,13.0,32.0,15.0,16.0,16.0,6.0,24284.0
CRS3035RES200mN2623000E3462400,31.0,16.0,2.0,7.0,1.0,13.0,5.0,751146.2,1444.0,0.0,16.0,0.0,1.0,0.0,2.0,3.0,2.0,6.0,5.0,5.0,6.0,1.0,24231.0
CRS3035RES200mN2623000E3462600,168.0,108.0,21.0,68.0,2.0,64.0,10.0,3572994.9,7321.0,86.0,22.0,9.0,4.5,1.0,3.0,4.5,18.0,26.0,17.0,24.0,49.0,21.0,21268.0
CRS3035RES200mN2623000E3462800,150.5,90.0,20.0,53.0,1.0,35.0,10.0,3433391.2,6133.0,49.0,41.0,16.0,3.5,4.5,6.5,7.0,14.0,33.0,32.0,14.0,28.0,8.0,22813.0
CRS3035RES200mN2623000E3463000,262.0,172.0,30.0,108.0,3.0,59.0,21.0,5736511.8,9979.0,122.0,50.0,52.0,5.0,2.5,9.0,15.5,29.0,76.0,58.0,21.0,33.0,13.0,21895.0
CRS3035RES200mN2623000E3463200,191.0,91.0,17.0,32.0,6.0,53.0,12.0,4979904.5,7045.0,37.0,54.0,4.0,15.0,3.0,8.5,9.5,16.0,50.0,35.0,27.0,20.0,7.0,26073.0
CRS3035RES200mN2623000E3463400,158.5,76.0,6.0,30.0,3.0,48.0,11.0,4251339.6,6557.0,7.0,69.0,0.0,7.0,4.0,8.5,10.0,15.0,33.0,30.0,17.0,19.0,15.0,26822.0
CRS3035RES200mN2623000E3463600,131.0,56.0,4.0,15.0,2.0,45.0,2.0,3890663.2,5235.0,2.0,54.0,0.0,7.0,1.0,6.0,6.0,9.0,26.0,22.0,12.0,25.0,17.0,29700.0
CRS3035RES200mN2623000E3463800,37.0,19.0,4.0,10.0,1.0,17.0,0.0,865934.1,1634.0,1.0,18.0,0.0,1.0,2.0,1.0,0.0,5.0,5.0,7.0,4.0,5.0,7.0,23404.0
CRS3035RES200mN2623000E3465400,1.0,0.4,0.0,0.1,0.0,0.4,0.0,28327.2,42.2,0.0,0.4,0.0,0.1,0.0,0.0,0.1,0.0,0.2,0.2,0.1,0.2,0.1,28327.0
CRS3035RES200mN2623000E3466000,2.0,0.9,0.0,0.2,0.1,0.7,0.0,65591.4,109.8,0.0,0.9,0.0,0.0,0.0,0.0,0.2,0.2,0.1,0.4,0.5,0.5,0.1,32796.0
CRS3035RES200mN2623000E3467800,105.0,42.0,2.0,10.0,3.0,38.0,2.0,2812063.2,4113.0,0.0,42.0,0.0,3.0,2.0,6.0,16.0,5.0,10.0,22.0,16.0,22.0,3.0,26782.0
CRS3035RES200mN2623000E3468000,119.5,54.0,3.0,14.0,2.0,51.0,1.0,3170520.4,5340.0,0.0,54.0,0.0,2.0,2.0,3.0,4.5,6.0,7.0,28.0,28.0,33.0,6.0,26532.0
CRS3035RES200mN2623000E3468200,70.0,28.0,0.0,4.0,1.0,27.0,0.0,2295378.0,3571.0,0.0,28.0,0.0,2.0,1.0,3.0,4.0,3.0,13.0,16.0,13.0,11.0,4.0,32791.0
CRS3035RES200mN2623000E3468400,77.5,31.0,1.0,6.0,2.0,26.0,2.0,2164410.0,3803.0,0.0,31.0,0.0,3.0,0.0,7.0,3.5,5.0,8.0,11.0,20.0,15.0,5.0,27928.0
CRS3035RES200mN2623000E3468600,88.0,35.0,0.0,6.0,1.0,32.0,1.0,2676425.2,4676.0,0.0,35.0,0.0,0.0,1.0,7.0,8.0,6.0,6.0,21.0,8.0,25.0,6.0,30414.0
CRS3035RES200mN2623000E3468800,21.5,9.6,0.3,1.3,0.0,7.6,0.7,658251.8,1305.2,0.0,9.6,0.0,0.3,0.0,0.8,0.5,1.6,4.0,4.0,3.0,6.3,1.0,30616.0
CRS3035RES200mN2623000E3469000,2.0,0.7,0.0,0.0,0.0,0.6,0.0,60013.9,83.3,0.0,0.7,0.0,0.1,0.0,0.3,0.2,0.2,0.3,0.6,0.1,0.2,0.0,30007.0
CRS3035RES200mN2623000E3470200,17.0,7.3,0.9,0.6,0.3,7.0,0.9,478399.0,1098.6,0.0,7.3,0.0,0.4,0.0,0.0,1.0,1.2,1.5,2.6,3.2,6.8,0.3,28141.0
CRS3035RES200mN2623000E3470400,22.5,9.7,1.2,0.8,0.4,9.3,1.2,633175.2,1454.0,0.0,9.7,0.0,0.6,0.0,0.0,1.4,1.5,1.9,3.5,4.3,8.9,0.4,28141.0
CRS3035RES200mN2623000E3472400,36.0,12.0,0.0,2.0,1.0,12.0,1.0,907523.8,1056.0,0.0,12.0,0.0,2.0,1.0,7.0,3.0,0.0,12.0,6.0,4.0,0.0,1.0,25209.0
CRS3035RES200mN2623000E3472600,146.5,54.0,6.0,7.0,1.0,45.0,9.0,3549481.9,5074.0,0.0,54.0,4.0,13.0,7.0,15.5,10.0,5.0,42.0,33.0,14.0,6.0,1.0,24229.0
CRS3035RES200mN2623000E3472800,93.0,35.0,0.0,6.0,1.0,29.0,4.0,2683961.9,3508.0,0.0,35.0,3.0,10.0,4.0,3.0,6.5,7.5,26.0,17.0,9.0,9.0,1.0,28860.0
CRS3035RES200mN2623000E3473000,73.5,26.0,2.0,4.0,2.0,24.0,3.0,2130717.0,3256.0,0.0,26.0,0.0,2.0,1.0,5.5,9.5,6.5,9.0,18.0,8.0,13.0,1.0,28989.0
CRS3035RES200mN2623000E3473200,18.0,7.9,1.2,2.5,0.0,7.0,0.0,501582.3,984.0,0.0,7.9,0.0,0.4,0.0,0.8,0.6,1.7,2.9,2.9,2.5,3.7,2.5,27866.0
CRS3035RES200mN2623000E3474200,10.0,5.1,0.2,2.0,0.0,3.9,0.2,228800.8,522.9,0.0,5.1,0.0,0.0,0.0,0.3,1.2,0.7,0.7,2.5,1.7,2.2,0.7,22880.0
CRS3035RES200mN2623000E3474400,50.0,20.0,3.0,6.0,1.0,14.0,1.0,1287676.5,1960.0,0.0,20.0,0.0,2.0,0.0,1.0,5.0,8.0,8.0,15.0,8.0,3.0,0.0,25754.0
CRS3035RES200mN2623000E3474600,86.0,34.0,5.0,11.0,3.0,28.0,4.0,2285628.6,3948.0,0.0,34.0,0.0,1.0,0.0,2.0,14.0,8.0,13.0,24.0,9.0,12.0,3.0,26577.0
CRS3035RES200mN2623000E3474800,16.0,8.2,0.4,3.1,0.0,6.2,0.4,366081.2,836.7,0.0,8.2,0.0,0.0,0.0,0.4,1.9,1.2,1.2,3.9,2.7,3.5,1.2,22880.0
CRS3035RES200mN2623000E3475000,5.0,2.2,0.0,0.3,0.0,1.6,0.0,133682.3,233.3,0.0,2.2,0.0,0.1,0.3,0.2,0.2,0.1,1.6,0.7,0.5,0.8,0.5,26736.0
CRS3035RES200mN2623000E3475400,4.0,1.7,0.0,0.3,0.0,1.3,0.0,106945.9,186.6,0.0,1.7,0.0,0.1,0.3,0.2,0.2,0.1,1.3,0.5,0.3,0.6,0.4,26736.0
CRS3035RES200mN2623000E3475600,81.5,26.0,2.0,4.0,2.0,21.0,2.0,2348600.1,3085.0,0.0,26.0,4.0,1.0,2.0,11.5,15.0,4.0,11.0,23.0,6.0,7.0,1.0,28817.0
CRS3035RES200mN2623000E3475800,86.5,33.0,4.0,8.0,3.0,29.0,5.0,2325167.4,4084.0,0.0,33.0,0.0,1.0,1.5,6.5,7.5,13.0,13.0,27.0,10.0,4.0,3.0,26881.0
CRS3035RES200mN2623000E3476000,63.0,26.0,3.0,6.0,2.0,17.0,4.0,1431458.8,3019.0,0.0,26.0,7.0,1.0,2.0,7.0,8.0,2.0,5.0,16.0,10.0,10.0,2.0,22722.0
CRS3035RES200mN2623000E3476200,91.0,35.0,3.0,7.0,3.0,29.0,3.0,2446531.6,4003.0,2.0,33.0,0.0,4.0,1.0,6.0,9.0,7.0,13.0,23.0,15.0,11.0,2.0,26885.0
CRS3035RES200mN2623000E3476400,62.5,21.0,0.0,4.0,3.0,19.0,3.0,1446945.9,2036.0,0.0,21.0,0.0,7.0,1.0,8.0,7.5,4.0,24.0,10.0,1.0,0.0,0.0,23151.0
CRS3035RES200mN2623000E3477600,9.0,3.4,0.0,0.9,0.3,3.1,0.0,208388.5,411.8,0.0,3.4,0.0,0.9,0.0,0.9,1.2,0.0,2.5,1.6,1.3,0.6,0.0,23154.0
CRS3035RES200mN2623000E3480800,2.0,0.7,0.1,0.0,0.0,0.5,0.1,40402.5,109.6,0.1,0.6,0.0,0.1,0.1,0.1,0.3,0.2,0.2,0.5,0.2,0.2,0.1,20201.0
CRS3035RES200mN2623000E3484000,12.0,4.0,0.2,0.9,0.5,3.6,0.0,294693.1,463.9,0.0,4.0,0.0,1.0,0.0,0.8,1.5,1.4,1.9,3.1,1.2,0.9,0.2,24558.0
CRS3035RES200mN2623000E3484400,1.0,0.3,0.0,0.1,0.0,0.3,0.0,24557.8,38.7,0.0,0.3,0.0,0.1,0.0,0.1,0.1,0.1,0.1,0.3,0.1,0.1,0.0,24558.0
CRS3035RES200mN2623000E3492000,34.0,13.3,0.7,3.3,2.0,10.0,0.0,880320.3,2094.7,0.7,12.6,0.0,2.0,1.3,2.0,4.0,1.3,5.3,6.7,4.7,6.0,0.7,25892.0
CRS3035RES200mN2623000E3492200,13.0,5.1,0.3,1.3,0.8,3.8,0.0,336593.1,800.9,0.3,4.8,0.0,0.8,0.5,0.8,1.5,0.5,2.0,2.5,1.8,2.3,0.3,25892.0
CRS3035RES200mN2623000E3493200,3.0,1.1,0.4,0.2,0.2,0.8,0.1,50271.0,155.2,0.0,1.1,0.0,0.1,0.1,0.2,0.2,0.4,0.7,0.2,0.5,0.2,0.4,16757.0
CRS3035RES200mN2623000E3493400,2.0,0.7,0.3,0.1,0.1,0.5,0.1,33514.0,103.5,0.0,0.7,0.0,0.1,0.1,0.1,0.2,0.3,0.4,0.1,0.3,0.1,0.3,16757.0
CRS3035RES200mN2623000E3497400,2.0,0.9,0.2,0.1,0.0,0.8,0.1,53940.9,116.5,0.0,0.9,0.0,0.0,0.1,0.2,0.1,0.0,0.4,0.1,0.3,0.7,0.1,26970.0
CRS3035RES200mN2623200E3460400,119.5,90.0,25.0,67.0,0.0,39.0,3.0,3153193.5,4537.0,83.0,7.0,0.0,1.0,0.0,1.5,4.0,17.0,19.0,17.0,15.0,29.0,16.0,26387.0
CRS3035RES200mN2623200E3460600,331.0,222.0,46.0,147.0,3.0,59.0,19.0,7336345.5,10807.0,222.0,0.0,70.0,6.0,9.5,16.5,11.0,36.0,69.0,61.0,40.0,69.0,13.0,22164.0
CRS3035RES200mN2623200E3460800,233.0,137.0,23.0,74.0,3.0,15.0,16.0,4872656.7,8719.0,137.0,0.0,84.0,8.0,2.0,10.5,13.0,23.5,50.0,43.0,35.0,31.0,17.0,20913.0
CRS3035RES200mN2623200E3461000,153.0,100.0,12.0,64.0,0.0,53.0,2.0,4482343.7,7148.0,63.0,37.0,0.0,5.0,3.0,2.0,4.0,16.0,27.0,19.0,14.0,46.0,17.0,29296.0
CRS3035RES200mN2623200E3461200,77.5,70.0,25.0,62.0,0.0,2.0,1.0,1417638.6,2153.0,68.0,2.0,0.0,0.0,0.0,0.0,0.5,37.0,22.0,8.0,6.0,4.0,0.0,18292.0
CRS3035RES200mN2623200E3461400,371.0,230.0,75.0,145.0,6.0,2.0,32.0,6508990.8,12828.0,230.0,0.0,202.0,20.0,7.0,20.0,15.0,31.0,95.0,86.0,52.0,38.0,7.0,17544.0
CRS3035RES200mN2623200E3461600,85.0,76.0,37.0,68.0,0.0,2.0,1.0,1391403.4,2097.0,76.0,0.0,54.0,1.0,0.0,1.0,0.0,40.0,35.0,6.0,2.0,0.0,0.0,16369.0
CRS3035RES200mN2623200E3461800,26.0,25.0,20.0,24.0,0.0,0.0,0.0,359176.6,780.0,24.0,1.0,21.0,0.0,0.0,0.0,0.0,21.0,1.0,2.0,2.0,0.0,0.0,13814.0
CRS3035RES200mN2623200E3462000,26.0,13.0,3.0,7.0,1.0,8.0,1.0,644202.9,1235.0,7.0,6.0,0.0,0.0,0.0,2.0,6.0,0.0,3.0,8.0,5.0,2.0,0.0,24777.0
CRS3035RES200mN2623200E3462200,117.5,68.0,17.0,37.0,1.0,29.0,5.0,2707478.3,4315.0,32.0,36.0,3.0,4.0,2.0,6.0,4.5,17.0,29.0,24.0,19.0,9.0,3.0,23042.0
CRS3035RES200mN2623200E3462400,149.5,61.0,1.0,16.0,4.0,57.0,3.0,4101199.8,5849.0,2.0,59.0,0.0,7.0,4.0,6.0,14.5,10.0,20.0,34.0,10.0,30.0,14.0,27433.0
CRS3035RES200mN2623200E3462600,177.0,102.0,13.0,59.0,4.0,47.0,7.0,4671853.0,6054.0,49.0,53.0,0.0,7.0,4.0,4.0,15.0,15.0,43.0,41.0,21.0,19.0,8.0,26395.0
CRS3035RES200mN2623200E3462800,161.5,111.0,21.0,80.0,2.0,22.0,5.0,3593953.1,5667.0,89.0,22.0,13.0,3.0,2.0,0.0,7.5,30.0,60.0,25.0,7.0,20.0,7.0,22254.0
CRS3035RES200mN2623200E3463000,160.5,78.0,21.0,35.0,4.0,8.0,12.0,2845936.7,5335.0,26.0,52.0,50.0,4.0,2.0,5.0,15.5,16.0,22.0,33.0,21.0,26.0,16.0,17732.0
CRS3035RES200mN2623200E3463200,127.0,56.0,11.0,20.0,4.0,17.0,6.0,2737557.4,4299.0,3.0,53.0,30.0,4.5,2.0,11.0,9.0,8.5,26.0,19.0,16.0,18.0,13.0,21556.0
CRS3035RES200mN2623200E3463400,24.0,11.3,0.7,4.7,0.7,8.7,0.7,640264.0,1049.3,0.0,11.3,0.0,0.7,0.0,1.3,2.0,2.7,0.7,8.6,3.3,4.0,0.7,26678.0
CRS3035RES200mN2623200E3463600,12.0,5.7,0.3,2.3,0.3,4.3,0.3,320132.0,524.7,0.0,5.7,0.0,0.3,0.0,0.7,1.0,1.3,0.3,4.3,1.7,2.0,0.4,26678.0
CRS3035RES200mN2623200E3465400,3.0,1.2,0.1,0.4,0.0,1.1,0.0,84981.6,126.6,0.0,1.2,0.0,0.2,0.0,0.1,0.2,0.1,0.6,0.6,0.4,0.6,0.2,28327.0
CRS3035RES200mN2623200E3466400,30.5,14.0,2.0,5.0,0.0,5.0,0.0,854464.2,1116.0,8.0,6.0,4.0,0.0,1.0,1.5,2.0,1.0,12.0,8.0,3.0,2.0,0.0,28015.0
CRS3035RES200mN2623200E3466600,49.0,21.0,1.0,8.0,1.0,10.0,2.0,1320135.1,1800.0,10.0,11.0,4.0,1.0,3.0,3.0,2.0,4.0,12.0,7.0,13.0,4.0,0.0,26942.0
CRS3035RES200mN2623200E3466800,9.0,3.8,0.2,1.0,0.4,3.0,0.0,295161.4,494.3,0.0,3.8,0.0,0.2,0.0,0.2,0.7,1.0,0.6,1.6,2.0,2.1,0.6,32796.0
CRS3035RES200mN2623200E3467800,48.0,20.0,3.0,6.0,1.0,18.0,1.0,1197751.8,2080.0,0.0,20.0,0.0,3.0,2.0,5.0,4.0,1.0,7.0,9.0,7.0,9.0,1.0,24953.0
CRS3035RES200mN2623200E3468000,94.5,49.0,8.0,21.0,1.0,27.0,2.0,2414238.0,4933.0,10.0,39.0,0.0,0.0,1.0,3.0,6.5,6.0,12.0,11.0,21.0,22.0,12.0,25547.0
CRS3035RES200mN2623200E3468200,88.0,42.0,5.0,11.0,1.0,22.0,5.0,2483909.6,4184.0,7.0,35.0,7.0,2.0,1.0,2.0,8.0,8.0,15.0,22.0,14.0,16.0,0.0,28226.0
CRS3035RES200mN2623200E3468400,115.5,51.0,1.0,14.0,4.0,41.0,4.0,2977468.9,5185.0,0.0,51.0,5.0,4.0,2.0,2.0,11.5,7.0,13.0,22.0,14.0,32.0,8.0,25779.0
CRS3035RES200mN2623200E3468600,128.0,58.0,4.0,15.0,2.0,52.0,7.0,3421093.4,5982.0,0.0,58.0,1.0,0.5,0.0,4.0,7.5,19.0,11.0,29.0,29.0,27.0,1.0,26727.0
CRS3035RES200mN2623200E3468800,55.0,22.0,2.0,6.0,2.0,20.0,1.0,1674620.5,2689.0,0.0,22.0,0.0,0.0,2.0,2.0,5.0,6.0,4.0,17.0,8.0,10.0,1.0,30448.0
CRS3035RES200mN2623200E3470200,5.0,2.2,0.3,0.2,0.1,2.1,0.3,140705.6,323.1,0.0,2.2,0.0,0.1,0.0,0.0,0.3,0.3,0.4,0.8,1.0,2.0,0.1,28141.0
CRS3035RES200mN2623200E3470400,7.5,3.2,0.4,0.3,0.1,3.1,0.4,211058.4,484.7,0.0,3.2,0.0,0.2,0.0,0.0,0.5,0.5,0.6,1.2,1.4,3.0,0.1,28141.0
CRS3035RES200mN2623200E3472200,1.0,0.4,0.0,0.1,0.0,0.4,0.0,28914.2,43.7,0.0,0.4,0.0,0.0,0.1,0.0,0.1,0.1,0.1,0.2,0.2,0.1,0.1,28914.0
CRS3035RES200mN2623200E3472400,2.0,0.8,0.0,0.1,0.0,0.8,0.0,57828.4,87.5,0.0,0.8,0.0,0.0,0.1,0.1,0.1,0.2,0.3,0.3,0.5,0.3,0.1,28914.0
CRS3035RES200mN2623200E3472600,71.0,29.0,3.0,8.0,1.0,27.0,2.0,1808250.0,3137.0,0.0,29.0,0.0,3.5,4.0,1.5,8.0,7.0,15.0,14.0,13.0,5.0,0.0,25468.0
CRS3035RES200mN2623200E3472800,68.5,26.0,2.0,7.0,2.0,19.0,3.0,1699673.3,2711.0,1.0,25.0,0.0,3.0,2.0,6.0,8.5,3.0,22.0,10.0,6.0,4.0,4.0,24813.0
CRS3035RES200mN2623200E3473000,10.0,4.4,0.7,1.4,0.0,3.9,0.0,278656.8,546.7,0.0,4.4,0.0,0.2,0.0,0.5,0.3,0.9,1.6,1.6,1.4,2.1,1.4,27866.0
CRS3035RES200mN2623200E3473200,15.5,6.8,1.1,2.1,0.0,6.1,0.0,431918.1,847.3,0.0,6.8,0.0,0.4,0.0,0.7,0.5,1.4,2.5,2.5,2.1,3.2,2.2,27866.0
CRS3035RES200mN2623200E3474200,8.0,4.1,0.2,1.6,0.0,3.1,0.2,183040.6,418.3,0.0,4.1,0.0,0.0,0.0,0.2,1.0,0.6,0.6,1.9,1.4,1.7,0.6,22880.0
CRS3035RES200mN2623200E3474400,7.0,3.6,0.2,1.4,0.0,2.7,0.2,160160.5,366.0,0.0,3.6,0.0,0.0,0.0,0.2,0.9,0.5,0.5,1.7,1.2,1.5,0.5,22880.0
CRS3035RES200mN2623200E3475200,4.0,1.7,0.0,0.3,0.0,1.3,0.0,106945.9,186.6,0.0,1.7,0.0,0.1,0.3,0.2,0.2,0.1,1.3,0.5,0.3,0.6,0.4,26736.0
CRS3035RES200mN2623200E3475400,71.0,24.0,1.0,2.0,2.0,22.0,1.0,1812842.6,2561.0,0.0,24.0,0.0,7.0,2.0,8.0,4.0,5.0,17.0,16.0,10.0,1.0,1.0,25533.0
CRS3035RES200mN2623200E3475600,122.5,43.0,2.0,3.0,2.0,42.0,5.0,3205507.8,4560.0,0.0,43.0,0.0,3.5,3.5,16.0,13.5,8.0,27.0,37.0,7.0,7.0,0.0,26167.0
CRS3035RES200mN2623200E3475800,3.0,1.3,0.0,0.2,0.0,1.0,0.0,80209.4,140.0,0.0,1.3,0.0,0.1,0.2,0.1,0.1,0.1,0.9,0.4,0.3,0.5,0.3,26736.0
CRS3035RES200mN2623200E3476000,18.0,7.8,0.0,3.3,0.4,6.5,0.0,445118.0,759.7,0.0,7.8,0.0,0.4,0.4,1.0,1.8,1.6,3.3,4.9,2.1,2.5,0.0,24729.0
CRS3035RES200mN2623200E3476200,7.0,3.0,0.0,1.3,0.2,2.5,0.0,173101.4,295.4,0.0,3.0,0.0,0.2,0.2,0.4,0.7,0.6,1.3,1.9,0.8,0.9,0.0,24729.0
CRS3035RES200mN2623200E3476400,19.0,8.2,0.0,3.5,0.4,6.9,0.0,469846.8,801.9,0.0,8.2,0.0,0.4,0.4,1.1,1.9,1.7,3.5,5.2,2.2,2.6,0.0,24729.0
CRS3035RES200mN2623200E3483400,5.0,2.3,0.2,0.8,0.1,2.1,0.1,141084.7,362.0,0.0,2.3,0.0,0.0,0.1,0.1,0.9,0.1,0.6,1.6,0.1,1.4,0.1,28217.0
CRS3035RES200mN2623200E3484000,47.5,15.7,0.7,3.4,2.1,14.4,0.0,1166493.5,1836.4,0.0,15.7,0.0,4.1,0.0,3.4,5.8,5.5,7.5,12.3,4.8,3.4,0.7,24558.0
CRS3035RES200mN2623200E3484200,6.0,2.0,0.1,0.4,0.3,1.8,0.0,147346.5,232.0,0.0,2.0,0.0,0.5,0.0,0.4,0.7,0.7,1.0,1.6,0.6,0.4,0.1,24558.0
CRS3035RES200mN2623200E3492000,1.0,0.4,0.0,0.1,0.1,0.3,0.0,25891.8,61.6,0.0,0.4,0.0,0.1,0.0,0.1,0.1,0.0,0.2,0.2,0.1,0.2,0.0,25892.0
CRS3035RES200mN2623200E3497000,3.0,1.3,0.3,0.1,0.0,1.2,0.1,80911.3,174.8,0.0,1.3,0.0,0.0,0.1,0.3,0.1,0.1,0.6,0.2,0.5,1.0,0.1,26970.0
CRS3035RES200mN2623200E3497800,5.0,2.2,0.4,0.2,0.0,1.9,0.2,134852.2,291.3,0.0,2.2,0.0,0.0,0.2,0.5,0.2,0.1,1.0,0.3,0.9,1.6,0.2,26970.0
CRS3035RES200mN2623200E3498200,8.0,3.4,0.1,0.7,0.1,3.2,0.4,199033.9,379.9,0.0,3.4,0.0,0.3,0.4,0.0,1.2,0.1,1.6,1.3,1.3,1.6,0.2,24879.0
CRS3035RES200mN2623400E3460800,17.0,15.0,6.0,13.0,0.0,3.0,0.0,350271.8,522.0,15.0,0.0,0.0,0.0,0.0,0.0,0.0,5.0,4.0,4.0,1.0,2.0,1.0,20604.0
CRS3035RES200mN2623400E3461000,74.5,45.0,4.0,22.0,1.0,17.0,4.0,2091770.6,2536.0,29.0,16.0,0.0,3.0,1.0,0.5,3.0,13.0,12.0,9.0,9.0,14.0,10.0,28077.0
CRS3035RES200mN2623400E3461200,178.0,119.0,20.0,77.0,0.0,28.0,8.0,4387425.4,6468.0,115.0,4.0,33.0,5.0,3.0,4.5,6.5,24.0,43.0,34.0,21.0,31.0,6.0,24648.0
CRS3035RES200mN2623400E3461400,12.0,6.1,0.8,2.3,0.0,0.8,1.9,279231.2,524.6,5.0,1.1,0.4,0.4,0.4,0.4,0.6,2.6,1.1,4.2,1.9,0.4,0.0,23269.0
CRS3035RES200mN2623400E3461600,371.0,224.0,55.0,147.0,11.0,22.0,22.0,7201001.5,12283.0,224.0,0.0,127.0,9.0,4.5,20.0,30.0,51.5,76.0,63.0,51.0,56.0,10.0,19410.0
CRS3035RES200mN2623400E3461800,112.0,86.0,12.0,65.0,0.0,27.0,3.0,2926825.6,4947.0,86.0,0.0,0.0,1.0,0.0,1.0,1.0,15.0,27.0,17.0,12.0,20.0,18.0,26132.0
CRS3035RES200mN2623400E3462000,35.5,26.0,9.0,17.0,0.0,7.0,1.0,639471.7,1155.0,17.0,9.0,12.0,1.5,0.0,0.0,0.0,10.0,12.0,4.0,3.0,3.0,2.0,18013.0
CRS3035RES200mN2623400E3462200,88.5,45.0,9.0,21.0,0.0,21.0,7.0,2136345.2,3469.0,10.0,35.0,17.0,3.0,1.0,7.5,8.0,4.0,18.0,16.0,15.0,13.0,3.0,24139.0
CRS3035RES200mN2623400E3462400,186.5,69.0,4.0,14.0,6.0,61.0,6.0,5934516.7,7354.0,2.0,67.0,0.0,7.0,9.0,18.5,15.0,12.0,29.0,33.0,22.0,29.0,12.0,31820.0
CRS3035RES200mN2623400E3462600,130.0,70.0,15.0,36.0,3.0,39.0,2.0,3395667.7,5155.0,23.0,47.0,0.0,7.0,4.0,1.0,8.5,11.5,33.0,24.0,17.0,11.0,13.0,26121.0
CRS3035RES200mN2623400E3462800,132.0,85.0,14.0,54.0,2.0,12.0,7.0,3022153.0,4451.0,76.0,9.0,17.0,5.0,2.0,0.0,6.0,22.0,46.0,18.0,13.0,16.0,4.0,22895.0
CRS3035RES200mN2623400E3463000,27.0,19.0,8.0,14.0,0.0,2.0,2.0,456286.8,771.0,13.0,6.0,5.0,0.0,0.0,3.0,0.0,6.0,6.0,5.0,5.0,1.0,1.0,16900.0
CRS3035RES200mN2623400E3463200,52.0,22.0,4.0,8.0,2.0,15.0,0.0,1218954.0,1842.0,0.0,22.0,0.0,3.0,3.0,4.0,5.0,1.0,11.0,8.0,4.0,7.0,6.0,23441.0
CRS3035RES200mN2623400E3464200,1.0,0.4,0.0,0.1,0.0,0.3,0.1,27655.6,38.7,0.0,0.4,0.0,0.0,0.0,0.1,0.1,0.1,0.1,0.3,0.2,0.1,0.0,27656.0
CRS3035RES200mN2623400E3464400,1.0,0.4,0.0,0.1,0.0,0.3,0.1,27655.6,38.7,0.0,0.4,0.0,0.0,0.0,0.1,0.1,0.1,0.1,0.3,0.2,0.1,0.0,27656.0
CRS3035RES200mN2623400E3465600,3.0,1.2,0.1,0.4,0.0,1.1,0.0,84981.6,126.6,0.0,1.2,0.0,0.2,0.0,0.1,0.2,0.1,0.6,0.6,0.4,0.6,0.2,28327.0
CRS3035RES200mN2623400E3466000,6.5,2.8,0.1,0.7,0.3,2.2,0.0,213172.1,357.0,0.0,2.8,0.0,0.1,0.0,0.2,0.5,0.7,0.4,1.2,1.5,1.5,0.4,32796.0
CRS3035RES200mN2623400E3466200,9.0,3.8,0.2,1.0,0.4,3.0,0.0,295161.4,494.3,0.0,3.8,0.0,0.2,0.0,0.2,0.7,1.0,0.6,1.6,2.0,2.1,0.6,32796.0
CRS3035RES200mN2623400E3466400,129.5,48.0,1.0,4.0,4.0,34.0,4.0,3921738.6,5694.0,0.0,48.0,0.0,2.5,2.0,9.5,11.0,9.5,26.0,20.0,19.0,30.0,0.0,30284.0
CRS3035RES200mN2623400E3466600,216.5,117.0,9.0,56.0,3.0,29.0,19.0,5291112.6,8587.0,81.0,36.0,24.0,4.0,3.0,9.0,22.5,22.0,56.0,40.0,22.0,34.0,4.0,24439.0
CRS3035RES200mN2623400E3466800,24.0,11.0,0.0,3.0,0.0,8.0,0.0,848694.6,1239.0,0.0,11.0,0.0,1.0,0.0,1.0,0.0,2.0,1.0,5.0,5.0,8.0,1.0,35362.0
CRS3035RES200mN2623400E3467200,44.0,21.0,1.0,3.0,0.0,19.0,2.0,1322946.8,2224.0,0.0,21.0,0.0,0.0,0.0,1.0,1.0,1.0,4.0,8.0,14.0,11.0,4.0,30067.0
CRS3035RES200mN2623400E3467400,3.5,1.4,0.1,0.4,0.0,0.6,0.1,96468.1,173.5,0.2,1.2,0.0,0.3,0.0,0.0,0.3,0.7,0.6,0.2,0.5,0.5,0.4,27562.0
CRS3035RES200mN2623400E3467600,12.0,4.9,0.4,1.2,0.0,2.0,0.4,330747.8,594.7,0.8,4.1,0.0,1.2,0.0,0.0,1.0,2.5,2.1,0.8,1.6,1.6,1.2,27562.0
CRS3035RES200mN2623400E3467800,42.0,21.0,0.0,9.0,2.0,15.0,0.0,1159357.9,2064.0,0.0,21.0,0.0,1.0,0.0,1.0,1.0,3.0,8.0,9.0,9.0,7.0,3.0,27604.0
CRS3035RES200mN2623400E3468000,79.5,39.0,2.0,13.0,2.0,35.0,3.0,2416197.6,4511.0,0.0,39.0,0.0,1.0,0.0,3.0,4.5,9.0,5.0,17.0,7.0,25.0,8.0,30392.0
CRS3035RES200mN2623400E3468200,180.5,85.0,12.0,30.0,1.0,51.0,12.0,4653440.0,7831.0,9.0,76.0,0.0,7.0,4.0,6.5,17.5,18.5,28.0,40.0,23.0,23.0,13.0,25781.0
CRS3035RES200mN2623400E3468400,135.0,53.0,8.0,9.0,3.0,9.0,9.0,3140147.0,4690.0,0.0,53.0,40.0,4.0,2.0,5.0,13.0,13.0,20.0,32.0,32.0,12.0,2.0,23260.0
CRS3035RES200mN2623400E3468600,82.0,33.0,2.0,6.0,3.0,30.0,3.0,2245691.3,3501.0,0.0,33.0,1.0,2.0,0.0,7.0,3.0,8.0,8.0,18.0,18.0,12.0,6.0,27386.0
CRS3035RES200mN2623400E3472400,4.0,1.6,0.0,0.3,0.0,1.6,0.1,115656.7,174.9,0.0,1.6,0.0,0.0,0.2,0.1,0.3,0.4,0.6,0.7,0.9,0.6,0.2,28914.0
CRS3035RES200mN2623400E3472600,43.5,21.0,4.0,6.0,1.0,17.0,4.0,1016289.2,2203.0,0.0,21.0,0.0,3.0,1.0,1.5,4.0,3.0,12.0,7.0,2.0,8.0,2.0,23363.0
CRS3035RES200mN2623400E3472800,26.0,11.0,0.0,2.0,0.0,9.0,1.0,682568.6,1286.0,0.0,11.0,0.0,1.5,0.5,0.0,0.0,2.0,5.0,7.0,4.0,2.0,4.0,26253.0
CRS3035RES200mN2623400E3475200,2.0,0.9,0.0,0.1,0.0,0.6,0.0,53472.9,93.3,0.0,0.9,0.0,0.0,0.1,0.1,0.1,0.1,0.6,0.3,0.2,0.3,0.2,26736.0
CRS3035RES200mN2623400E3475400,7.0,3.0,0.0,0.5,0.0,2.2,0.0,187155.3,326.6,0.0,3.0,0.0,0.2,0.5,0.3,0.3,0.2,2.2,1.0,0.6,1.1,0.6,26736.0
CRS3035RES200mN2623400E3475600,7.0,3.0,0.0,0.5,0.0,2.2,0.0,187155.3,326.6,0.0,3.0,0.0,0.2,0.5,0.3,0.3,0.2,2.2,1.0,0.6,1.1,0.6,26736.0
CRS3035RES200mN2623400E3477800,34.0,12.0,1.0,5.0,2.0,8.0,0.0,892110.5,1065.0,0.0,12.0,0.0,1.0,0.0,7.0,3.0,3.0,5.0,11.0,2.0,2.0,0.0,26239.0
CRS3035RES200mN2623400E3483000,20.0,9.0,1.0,3.3,0.5,8.6,0.5,564338.7,1448.1,0.0,9.0,0.0,0.0,0.4,0.5,3.3,0.5,2.4,6.2,0.5,5.7,0.5,28217.0
CRS3035RES200mN2623400E3483200,5.0,2.3,0.2,0.8,0.1,2.1,0.1,141084.7,362.0,0.0,2.3,0.0,0.0,0.1,0.1,0.9,0.1,0.6,1.6,0.1,1.4,0.1,28217.0
CRS3035RES200mN2623400E3483400,5.0,2.3,0.2,0.8,0.1,2.1,0.1,141084.7,362.0,0.0,2.3,0.0,0.0,0.1,0.1,0.9,0.1,0.6,1.6,0.1,1.4,0.1,28217.0
CRS3035RES200mN2623400E3484000,3.0,1.0,0.0,0.2,0.1,0.9,0.0,73673.3,116.0,0.0,1.0,0.0,0.3,0.0,0.2,0.4,0.3,0.5,0.8,0.3,0.2,0.0,24558.0
CRS3035RES200mN2623400E3489200,2.5,1.0,0.3,0.3,0.2,0.5,0.2,73353.4,141.2,0.0,1.0,0.0,0.0,0.1,0.0,0.1,0.3,0.6,0.2,0.7,0.3,0.2,29341.0
CRS3035RES200mN2623400E3495600,3.0,1.3,0.0,0.2,0.0,1.2,0.0,79202.1,221.2,0.0,1.3,0.0,0.0,0.0,0.1,0.3,0.1,0.3,0.8,0.7,0.5,0.2,26401.0
CRS3035RES200mN2623400E3497000,3.0,1.3,0.3,0.1,0.0,1.2,0.1,80911.3,174.8,0.0,1.3,0.0,0.0,0.1,0.3,0.1,0.1,0.6,0.2,0.5,1.0,0.1,26970.0
CRS3035RES200mN2623400E3498000,7.0,3.0,0.1,0.6,0.1,2.8,0.4,174154.6,332.4,0.0,3.0,0.0,0.3,0.3,0.0,1.0,0.1,1.4,1.2,1.2,1.4,0.1,24879.0
CRS3035RES200mN2623600E3461200,7.5,3.8,0.5,1.4,0.0,0.5,1.2,174519.5,327.9,3.1,0.7,0.2,0.2,0.2,0.2,0.4,1.7,0.7,2.6,1.2,0.3,0.0,23269.0
CRS3035RES200mN2623600E3461400,137.5,103.0,21.0,75.0,0.0,15.0,4.0,3459962.3,5593.0,103.0,0.0,18.0,0.0,2.0,3.0,2.0,25.5,38.0,17.0,16.0,27.0,7.0,25163.0
CRS3035RES200mN2623600E3461600,380.5,236.0,46.0,132.0,4.0,26.0,34.0,8126640.2,13730.0,236.0,0.0,134.0,7.0,8.5,12.0,25.5,43.5,80.0,81.0,51.0,57.0,15.0,21358.0
CRS3035RES200mN2623600E3461800,118.5,94.0,18.0,72.0,0.0,23.0,4.0,2876337.4,4334.0,94.0,0.0,0.0,1.0,0.0,0.0,1.0,22.0,35.5,11.0,17.0,24.0,7.0,24273.0
CRS3035RES200mN2623600E3462000,50.0,28.0,6.0,13.0,0.0,21.0,2.0,1369002.4,2061.0,2.0,26.0,0.0,1.0,2.0,1.0,2.0,3.0,7.0,10.0,3.0,17.0,4.0,27380.0
CRS3035RES200mN2623600E3462200,123.0,58.0,4.0,24.0,3.0,38.0,3.0,3105805.5,4634.0,0.0,58.0,17.0,4.0,7.0,4.0,10.0,3.0,22.0,24.0,15.0,27.0,7.0,25250.0
CRS3035RES200mN2623600E3462400,231.0,111.0,9.0,40.0,2.0,86.0,12.0,6378007.6,9119.0,5.0,106.0,1.0,13.0,5.0,10.0,19.0,13.0,34.0,36.0,30.0,46.0,25.0,27610.0
CRS3035RES200mN2623600E3462600,206.0,92.0,13.0,32.0,6.0,66.0,11.0,5813228.8,7287.0,10.0,82.0,0.0,7.0,6.0,13.0,20.5,17.5,29.0,47.0,30.0,27.0,9.0,28220.0
CRS3035RES200mN2623600E3462800,172.0,113.0,24.0,74.0,3.0,36.0,8.0,4136921.3,6103.0,91.0,22.0,17.0,2.5,1.0,4.5,10.0,17.0,55.0,28.0,19.0,30.0,5.0,24052.0
CRS3035RES200mN2623600E3464600,92.5,40.1,2.0,9.8,1.0,25.4,6.9,2558141.5,3575.7,0.0,40.1,0.0,2.0,0.0,5.9,7.3,5.9,8.8,28.4,20.5,10.8,2.9,27656.0
CRS3035RES200mN2623600E3464800,215.5,92.0,2.0,27.0,4.0,81.0,10.0,5309590.8,8677.0,0.0,92.0,3.0,4.5,6.5,11.0,11.5,20.0,27.0,40.0,38.0,46.0,11.0,24638.0
CRS3035RES200mN2623600E3465000,55.0,21.0,0.0,5.0,2.0,19.0,3.0,1428936.6,2193.0,0.0,21.0,0.0,1.0,1.0,6.0,9.0,2.0,7.0,9.0,4.0,16.0,0.0,25981.0
CRS3035RES200mN2623600E3465400,1.0,0.4,0.0,0.1,0.0,0.4,0.0,28327.2,42.2,0.0,0.4,0.0,0.1,0.0,0.0,0.1,0.0,0.2,0.2,0.1,0.2,0.1,28327.0
CRS3035RES200mN2623600E3465600,6.0,2.5,0.2,0.7,0.1,2.1,0.1,169963.2,253.3,0.1,2.4,0.0,0.3,0.1,0.3,0.4,0.3,1.1,1.2,0.8,1.1,0.4,28327.0
CRS3035RES200mN2623600E3465800,104.5,37.0,6.0,5.0,3.0,12.0,11.0,2617831.5,3508.0,0.0,37.0,21.0,10.0,2.0,8.0,12.5,10.0,14.0,25.0,12.0,9.0,2.0,25051.0
CRS3035RES200mN2623600E3466000,18.0,7.7,0.4,2.0,0.8,6.1,0.0,590322.8,988.6,0.0,7.7,0.0,0.4,0.0,0.4,1.4,2.0,1.2,3.2,4.1,4.1,1.2,32796.0
CRS3035RES200mN2623600E3466200,105.0,46.0,2.0,9.0,0.0,43.0,3.0,3016881.6,5177.0,0.0,46.0,0.0,7.0,1.0,4.0,7.0,3.0,15.0,17.0,13.0,34.0,4.0,28732.0
CRS3035RES200mN2623600E3466400,124.0,58.0,3.0,15.0,2.0,53.0,6.0,3503235.6,6434.0,0.0,58.0,0.0,0.0,2.5,4.0,7.5,10.0,7.0,19.0,10.0,45.0,19.0,28252.0
CRS3035RES200mN2623600E3466600,140.5,62.0,1.0,17.0,2.0,54.0,4.0,4280658.0,6770.0,0.0,62.0,0.0,3.0,2.0,8.0,6.5,14.0,12.0,24.0,26.0,32.0,13.0,30467.0
CRS3035RES200mN2623600E3466800,164.0,69.0,12.0,20.0,5.0,28.0,14.0,3974563.1,6491.0,4.0,65.0,33.0,7.0,2.0,9.0,11.0,18.0,19.0,37.0,34.0,21.0,6.0,24235.0
CRS3035RES200mN2623600E3467000,63.5,29.0,1.0,9.0,0.0,17.0,2.0,2107310.9,3054.0,0.0,29.0,0.0,2.0,4.5,1.0,3.0,5.0,11.0,9.0,10.0,12.0,6.0,33186.0
CRS3035RES200mN2623600E3467200,139.5,52.0,6.0,6.0,4.0,40.0,9.0,3623420.5,5659.0,0.0,52.0,12.0,6.0,4.0,9.0,17.0,10.5,18.0,31.0,17.0,25.0,2.0,25974.0
CRS3035RES200mN2623600E3467400,39.0,16.0,2.0,4.0,0.0,0.0,5.0,825126.2,1275.0,0.0,16.0,15.0,1.0,1.0,3.0,4.0,3.0,5.0,11.0,5.0,6.0,0.0,21157.0
CRS3035RES200mN2623600E3468000,9.5,4.2,0.1,0.6,0.0,3.4,0.3,290855.5,576.7,0.0,4.2,0.0,0.1,0.0,0.4,0.2,0.7,1.8,1.8,1.3,2.8,0.4,30616.0
CRS3035RES200mN2623600E3468200,147.5,64.0,4.0,23.0,1.0,42.0,9.0,3935828.8,6228.0,11.0,53.0,0.0,8.0,8.5,10.0,12.5,10.5,31.0,35.0,8.0,19.0,5.0,26684.0
CRS3035RES200mN2623600E3468400,11.0,4.9,0.2,0.7,0.0,3.9,0.3,336780.0,667.8,0.0,4.9,0.0,0.2,0.0,0.4,0.3,0.9,2.0,2.0,1.5,3.2,0.5,30616.0
CRS3035RES200mN2623600E3472400,4.0,1.6,0.0,0.3,0.0,1.6,0.1,115656.7,174.9,0.0,1.6,0.0,0.0,0.2,0.1,0.3,0.4,0.6,0.7,0.9,0.6,0.2,28914.0
CRS3035RES200mN2623600E3475400,2.0,0.9,0.0,0.1,0.0,0.6,0.0,53472.9,93.3,0.0,0.9,0.0,0.0,0.1,0.1,0.1,0.1,0.6,0.3,0.2,0.3,0.2,26736.0
CRS3035RES200mN2623600E3477800,20.0,7.6,0.0,2.1,0.7,6.9,0.0,463085.5,915.2,0.0,7.6,0.0,2.1,0.0,2.1,2.7,0.0,5.5,3.4,2.8,1.4,0.0,23154.0
CRS3035RES200mN2623600E3478000,9.0,3.5,0.0,0.3,0.3,1.6,0.8,209927.9,379.3,0.0,3.5,0.0,0.5,0.2,0.8,0.7,0.3,1.9,1.6,1.9,0.8,0.3,23325.0
CRS3035RES200mN2623600E3478200,48.0,17.0,1.0,2.0,1.0,17.0,3.0,1050687.4,2171.0,0.0,17.0,0.0,2.0,2.0,3.0,4.0,5.0,7.0,14.0,0.0,11.0,0.0,21889.0
CRS3035RES200mN2623600E3479600,4.0,1.4,0.1,0.1,0.1,1.2,0.1,111466.1,162.9,0.0,1.4,0.0,0.3,0.1,0.3,0.1,0.5,0.9,1.0,0.3,0.5,0.0,27867.0
CRS3035RES200mN2623600E3482600,29.0,10.9,0.4,1.9,0.0,10.5,0.4,740133.7,1237.5,0.0,10.9,0.0,1.9,0.4,1.5,3.5,1.9,5.6,9.7,2.2,1.9,0.4,25522.0
CRS3035RES200mN2623600E3482800,20.0,7.5,0.3,1.3,0.0,7.2,0.3,510437.0,853.4,0.0,7.5,0.0,1.3,0.3,1.0,2.4,1.3,3.9,6.7,1.5,1.3,0.3,25522.0
CRS3035RES200mN2623600E3483000,7.0,3.2,0.3,1.2,0.2,3.0,0.2,197518.5,506.8,0.0,3.2,0.0,0.0,0.2,0.2,1.1,0.2,0.8,2.1,0.2,2.0,0.2,28217.0
CRS3035RES200mN2623600E3494600,3.0,1.3,0.0,0.2,0.0,1.2,0.0,79202.1,221.2,0.0,1.3,0.0,0.0,0.0,0.1,0.3,0.1,0.3,0.8,0.7,0.5,0.2,26401.0
CRS3035RES200mN2623600E3494800,2.0,0.9,0.0,0.1,0.0,0.8,0.0,52801.4,147.5,0.0,0.9,0.0,0.0,0.0,0.1,0.2,0.1,0.2,0.5,0.4,0.3,0.2,26401.0
CRS3035RES200mN2623600E3496400,3.0,1.3,0.3,0.1,0.0,1.2,0.1,80911.3,174.8,0.0,1.3,0.0,0.0,0.1,0.3,0.1,0.1,0.6,0.2,0.5,1.0,0.1,26970.0
CRS3035RES200mN2623600E3497400,3.0,1.3,0.3,0.1,0.0,1.2,0.1,80911.3,174.8,0.0,1.3,0.0,0.0,0.1,0.3,0.1,0.1,0.6,0.2,0.5,1.0,0.1,26970.0
CRS3035RES200mN2623800E3461200,1.0,0.5,0.1,0.2,0.0,0.1,0.2,23269.3,43.7,0.4,0.1,0.0,0.0,0.0,0.0,0.1,0.2,0.1,0.4,0.2,0.0,0.0,23269.0
CRS3035RES200mN2623800E3461400,4.0,2.0,0.3,0.8,0.0,0.3,0.6,93077.1,174.9,1.6,0.4,0.1,0.1,0.1,0.1,0.2,0.9,0.4,1.4,0.7,0.1,0.0,23269.0
CRS3035RES200mN2623800E3461600,14.0,14.0,11.0,14.0,0.0,0.0,0.0,184110.1,364.0,14.0,0.0,0.0,0.0,0.0,0.0,0.0,10.0,3.0,1.0,0.0,0.0,0.0,13151.0
CRS3035RES200mN2623800E3461800,180.0,133.0,10.0,95.0,0.0,33.0,4.0,4628415.7,7745.0,133.0,0.0,0.0,0.5,1.0,2.0,3.5,21.0,42.0,32.0,19.0,48.0,11.0,25713.0
CRS3035RES200mN2623800E3462000,67.0,49.0,9.0,35.0,0.0,23.0,2.0,1603064.8,2951.0,26.0,23.0,0.0,0.0,0.0,0.0,1.0,8.0,15.0,10.0,9.0,17.0,7.0,23926.0
CRS3035RES200mN2623800E3462200,181.0,108.0,29.0,58.0,1.0,5.0,28.0,3176593.3,6768.0,103.0,5.0,103.0,1.5,5.0,8.0,15.5,18.0,26.0,50.0,25.0,26.0,6.0,17550.0
CRS3035RES200mN2623800E3462400,365.5,210.0,46.0,116.0,5.0,45.0,28.0,8144482.8,13981.0,151.0,59.0,132.0,20.0,8.0,13.0,21.5,27.0,80.0,67.0,58.0,62.0,9.0,22283.0
CRS3035RES200mN2623800E3462600,159.5,94.0,19.0,54.0,3.0,46.0,12.0,3704432.8,6504.0,30.0,64.0,0.0,7.5,0.0,7.5,9.5,24.0,34.0,30.0,15.0,19.0,13.0,23225.0
CRS3035RES200mN2623800E3462800,63.5,30.0,4.0,11.0,1.0,18.0,2.0,1903154.0,2688.0,1.0,29.0,0.0,1.0,1.0,3.0,7.0,4.5,10.0,16.0,5.0,14.0,2.0,29971.0
CRS3035RES200mN2623800E3464400,340.0,159.0,83.0,72.0,10.0,0.0,35.0,4951747.5,10581.0,159.0,0.0,159.0,15.0,17.0,30.0,38.0,18.0,64.0,76.0,42.0,33.0,7.0,14564.0
CRS3035RES200mN2623800E3464600,120.5,72.0,34.0,45.0,2.0,0.0,9.0,1752116.9,4605.0,72.0,0.0,72.0,7.0,2.0,5.0,9.5,8.0,16.0,24.0,22.0,22.0,5.0,14540.0
CRS3035RES200mN2623800E3464800,218.0,115.0,18.0,49.0,4.0,51.0,16.0,4671757.2,7782.0,93.0,22.0,42.0,13.0,5.0,11.0,9.0,12.0,59.0,24.0,32.0,49.0,4.0,21430.0
CRS3035RES200mN2623800E3465000,11.5,4.7,0.4,1.4,0.2,4.0,0.2,325762.8,485.5,0.2,4.5,0.0,0.6,0.2,0.5,0.7,0.5,2.1,2.3,1.6,2.1,0.9,28327.0
CRS3035RES200mN2623800E3465200,40.0,16.5,1.2,4.9,0.6,14.0,0.6,1133088.0,1688.5,0.6,15.9,0.0,2.1,0.6,1.8,2.5,1.8,7.3,8.0,5.5,7.3,3.1,28327.0
CRS3035RES200mN2623800E3465400,87.5,60.0,2.0,40.0,2.0,15.0,5.0,2161371.7,3608.0,42.0,18.0,0.0,4.0,0.0,2.5,4.0,12.0,21.0,18.0,6.0,17.0,3.0,24701.0
CRS3035RES200mN2623800E3465600,104.5,49.0,2.0,19.0,2.0,14.0,6.0,2796498.8,3974.0,11.0,38.0,0.0,9.0,2.0,4.0,6.5,8.0,35.0,22.0,6.0,7.0,5.0,26761.0
CRS3035RES200mN2623800E3465800,141.5,72.0,6.0,35.0,4.0,40.0,7.0,3732582.6,5929.0,22.0,50.0,15.0,2.0,1.5,2.5,20.5,12.0,16.0,30.0,15.0,28.0,14.0,26379.0
CRS3035RES200mN2623800E3466000,120.0,58.0,5.0,24.0,3.0,37.0,4.0,3378119.8,5634.0,8.0,50.0,0.0,5.0,1.5,8.0,8.5,7.0,22.0,24.0,10.0,19.0,15.0,28151.0
CRS3035RES200mN2623800E3466200,61.0,32.0,1.0,12.0,1.0,25.0,2.0,1962417.1,3813.0,4.0,28.0,0.0,1.0,1.0,1.0,3.0,4.0,5.0,9.0,15.0,15.0,7.0,32171.0
CRS3035RES200mN2623800E3466400,58.0,33.0,8.0,18.0,1.0,3.0,6.0,1096033.9,2182.0,29.0,4.0,29.0,1.0,2.0,4.5,7.0,5.5,12.0,10.0,8.0,6.0,2.0,18897.0
CRS3035RES200mN2623800E3466600,29.0,12.0,0.0,3.0,1.0,11.0,1.0,890796.4,1476.0,0.0,12.0,0.0,1.0,0.0,0.5,7.5,0.0,1.0,8.0,2.0,8.0,1.0,30717.0
CRS3035RES200mN2623800E3466800,99.0,44.0,3.0,10.0,2.0,40.0,3.0,2957967.4,4920.0,2.0,42.0,0.0,0.0,0.0,7.5,5.5,6.0,6.0,14.0,17.0,36.0,7.0,29878.0
CRS3035RES200mN2623800E3467000,118.5,58.0,4.0,26.0,3.0,37.0,5.0,3151774.7,5490.0,2.0,56.0,0.0,5.0,1.0,8.0,6.5,9.0,24.0,15.0,15.0,26.0,9.0,26597.0
CRS3035RES200mN2623800E3467200,116.0,46.0,4.0,9.0,3.0,30.0,6.0,3125352.5,4777.0,0.0,46.0,4.0,9.0,3.0,9.0,10.0,6.0,15.0,21.0,9.0,27.0,7.0,26943.0
CRS3035RES200mN2623800E3467600,12.0,4.9,0.4,1.2,0.0,2.0,0.4,330747.8,594.7,0.8,4.1,0.0,1.2,0.0,0.0,1.0,2.5,2.1,0.8,1.6,1.6,1.2,27562.0
CRS3035RES200mN2623800E3467800,2.0,0.8,0.1,0.2,0.0,0.3,0.1,55124.6,99.1,0.1,0.7,0.0,0.2,0.0,0.0,0.2,0.4,0.3,0.1,0.3,0.3,0.2,27562.0
CRS3035RES200mN2623800E3468000,4.0,1.8,0.1,0.2,0.0,1.4,0.1,122465.5,242.8,0.0,1.8,0.0,0.1,0.0,0.2,0.1,0.3,0.7,0.7,0.5,1.2,0.2,30616.0
CRS3035RES200mN2623800E3468200,6.0,2.7,0.1,0.4,0.0,2.1,0.2,183698.2,364.2,0.0,2.7,0.0,0.1,0.0,0.2,0.1,0.5,1.1,1.1,0.8,1.8,0.3,30616.0
CRS3035RES200mN2623800E3468400,13.0,5.8,0.2,0.8,0.0,4.6,0.4,398012.7,789.2,0.0,5.8,0.0,0.2,0.0,0.5,0.3,1.0,2.4,2.4,1.8,3.8,0.6,30616.0
CRS3035RES200mN2623800E3472000,9.0,3.7,0.0,0.7,0.0,3.7,0.2,260227.6,393.6,0.0,3.7,0.0,0.0,0.4,0.3,0.7,0.9,1.3,1.5,2.2,1.3,0.4,28914.0
CRS3035RES200mN2623800E3472200,14.5,5.9,0.0,1.0,0.0,5.9,0.3,419255.6,634.2,0.0,5.9,0.0,0.0,0.7,0.5,1.1,1.4,2.1,2.4,3.5,2.1,0.7,28914.0
CRS3035RES200mN2623800E3472400,7.0,2.9,0.0,0.5,0.0,2.9,0.2,202399.2,306.1,0.0,2.9,0.0,0.0,0.3,0.3,0.5,0.7,1.0,1.2,1.7,1.0,0.3,28914.0
CRS3035RES200mN2623800E3475400,2.0,0.9,0.0,0.1,0.0,0.6,0.0,53472.9,93.3,0.0,0.9,0.0,0.0,0.1,0.1,0.1,0.1,0.6,0.3,0.2,0.3,0.2,26736.0
CRS3035RES200mN2623800E3475600,2.0,0.9,0.0,0.1,0.0,0.6,0.0,53472.9,93.3,0.0,0.9,0.0,0.0,0.1,0.1,0.1,0.1,0.6,0.3,0.2,0.3,0.2,26736.0
CRS3035RES200mN2623800E3475800,6.0,2.6,0.0,0.4,0.0,1.9,0.0,160418.8,280.0,0.0,2.6,0.0,0.1,0.4,0.3,0.3,0.1,1.9,0.8,0.5,1.0,0.6,26736.0
CRS3035RES200mN2623800E3478000,13.5,5.2,0.0,0.4,0.4,2.4,1.2,314891.9,569.0,0.0,5.2,0.0,0.8,0.4,1.2,1.0,0.4,2.8,2.4,2.9,1.2,0.4,23325.0
CRS3035RES200mN2623800E3478200,11.0,4.3,0.0,0.3,0.3,2.0,1.0,256578.6,463.6,0.0,4.3,0.0,0.7,0.3,1.0,0.8,0.3,2.3,2.0,2.3,1.0,0.3,23325.0
CRS3035RES200mN2623800E3482400,10.0,3.7,0.1,0.6,0.0,3.6,0.1,255218.5,426.7,0.0,3.7,0.0,0.6,0.1,0.5,1.2,0.7,1.9,3.4,0.8,0.7,0.1,25522.0
CRS3035RES200mN2623800E3482600,18.5,6.9,0.2,1.2,0.0,6.7,0.2,472154.2,789.4,0.0,6.9,0.0,1.2,0.2,1.0,2.3,1.2,3.6,6.2,1.4,1.2,0.2,25522.0
CRS3035RES200mN2623800E3482800,33.0,13.0,0.0,5.0,1.0,12.0,0.0,871175.9,1513.0,0.0,13.0,0.0,2.0,0.0,1.0,4.0,4.0,4.0,9.0,6.0,3.0,0.0,26399.0
CRS3035RES200mN2623800E3492200,3.0,1.2,0.1,0.3,0.2,0.9,0.0,77675.3,184.8,0.1,1.1,0.0,0.2,0.1,0.2,0.3,0.1,0.5,0.6,0.4,0.5,0.1,25892.0
CRS3035RES200mN2623800E3497200,2.0,0.9,0.2,0.1,0.0,0.8,0.1,53940.9,116.5,0.0,0.9,0.0,0.0,0.1,0.2,0.1,0.0,0.4,0.1,0.3,0.7,0.1,26970.0
CRS3035RES200mN2624000E3461800,26.0,19.3,2.2,13.4,0.0,4.5,0.0,740343.6,1174.5,16.3,3.0,3.0,0.0,0.0,0.0,0.0,5.2,4.5,5.2,5.2,5.9,0.0,28475.0
CRS3035RES200mN2624000E3462200,46.0,35.0,6.0,25.0,0.0,19.0,1.0,1280149.4,2392.0,35.0,0.0,0.0,0.0,0.0,1.0,1.0,6.0,2.0,5.0,5.0,24.0,2.0,27829.0
CRS3035RES200mN2624000E3462400,183.0,114.0,21.0,72.0,1.0,47.0,10.0,4552060.0,6859.0,69.0,45.0,0.0,9.0,6.0,2.0,4.0,20.0,61.0,28.0,15.0,33.0,5.0,24875.0
CRS3035RES200mN2624000E3462600,193.0,103.0,21.0,51.0,2.0,41.0,12.0,4746088.9,7514.0,39.0,64.0,15.0,12.5,1.0,9.0,10.5,28.0,48.0,37.0,15.0,24.0,8.0,24591.0
CRS3035RES200mN2624000E3462800,8.0,5.9,1.4,4.2,0.0,1.7,0.7,165781.6,364.9,4.5,1.4,0.0,0.0,0.0,0.4,0.0,1.4,1.7,1.0,1.0,1.4,1.1,20723.0
CRS3035RES200mN2624000E3463600,8.0,3.9,0.0,1.8,0.2,2.5,0.0,215288.8,360.0,0.9,3.0,0.0,0.2,0.7,0.9,0.2,0.5,0.9,1.6,0.5,2.0,0.5,26911.0
CRS3035RES200mN2624000E3463800,146.0,60.0,25.0,25.0,9.0,0.0,11.0,2274812.7,4113.0,60.0,0.0,60.0,13.0,8.5,15.5,17.0,7.0,33.0,22.0,13.0,15.0,2.0,15581.0
CRS3035RES200mN2624000E3464000,150.5,68.0,26.0,31.0,6.0,0.0,17.0,2402621.0,4761.0,68.0,0.0,68.0,8.0,5.5,16.0,20.0,11.0,27.0,33.0,11.0,18.0,1.0,15964.0
CRS3035RES200mN2624000E3464200,371.5,197.0,70.0,105.0,12.0,62.0,27.0,6534679.6,14776.0,197.0,0.0,122.0,19.0,7.0,23.0,34.0,20.5,54.0,69.0,53.0,66.0,25.0,17590.0
CRS3035RES200mN2624000E3464400,365.5,161.0,66.0,58.0,11.0,0.0,32.0,5696295.9,11418.0,161.0,0.0,161.0,20.5,14.0,24.5,30.5,17.0,81.0,59.0,44.0,61.0,14.0,15585.0
CRS3035RES200mN2624000E3464600,716.0,360.0,152.0,177.0,22.0,10.0,82.0,11350880.4,22574.0,340.0,20.0,316.0,37.5,19.5,61.0,70.5,62.5,151.0,147.0,75.0,77.0,15.0,15853.0
CRS3035RES200mN2624000E3464800,148.0,91.0,33.0,55.0,2.0,0.0,11.0,2548680.5,5591.0,91.0,0.0,87.0,9.5,2.0,6.0,2.5,9.0,28.0,27.0,26.0,26.0,5.0,17221.0
CRS3035RES200mN2624000E3465200,30.0,16.0,0.0,8.0,1.0,14.0,0.0,897402.9,1889.0,1.0,15.0,0.0,1.0,2.0,0.0,0.0,0.0,6.0,1.0,6.0,11.0,3.0,29913.0
CRS3035RES200mN2624000E3465400,62.0,30.0,2.0,11.0,0.0,25.0,1.0,1780463.6,2936.0,3.0,27.0,0.0,4.0,1.0,1.0,2.0,2.0,15.0,7.0,10.0,15.0,5.0,28717.0
CRS3035RES200mN2624000E3465600,113.0,55.0,2.0,18.0,3.0,54.0,2.0,3169219.0,5701.0,0.0,55.0,0.0,5.0,3.0,2.0,4.0,4.0,15.0,12.0,17.0,36.0,15.0,28046.0
CRS3035RES200mN2624000E3465800,103.0,49.0,1.0,10.0,2.0,45.0,1.0,3102566.9,5321.0,1.0,48.0,0.0,0.0,2.0,1.0,6.0,3.0,3.0,14.0,15.0,52.0,7.0,30122.0
CRS3035RES200mN2624000E3466000,166.0,70.0,7.0,19.0,2.0,52.0,6.0,4684638.5,7181.0,2.0,68.0,0.0,5.0,2.0,10.0,22.0,8.0,27.0,36.0,16.0,35.0,5.0,28221.0
CRS3035RES200mN2624000E3466200,65.0,32.0,2.0,11.0,0.0,21.0,4.0,2029504.2,3456.0,5.0,27.0,0.0,3.0,0.0,3.0,2.0,5.0,13.0,8.0,13.0,15.0,3.0,31223.0
CRS3035RES200mN2624000E3466400,149.0,91.0,9.0,47.0,0.0,31.0,13.0,3630821.5,6086.0,83.0,8.0,22.0,2.0,0.0,5.5,7.5,9.0,44.0,21.0,13.0,34.0,13.0,24368.0
CRS3035RES200mN2624000E3466600,17.0,8.1,0.4,2.2,0.0,7.8,0.4,535935.7,953.1,0.0,8.1,0.0,0.0,0.0,0.7,1.8,0.0,1.5,3.0,2.2,6.7,1.1,31526.0
CRS3035RES200mN2624000E3466800,103.5,42.0,4.0,15.0,2.0,30.0,4.0,2967557.4,4554.0,0.0,42.0,7.0,2.0,1.0,4.0,14.5,12.0,8.0,29.0,9.0,18.0,6.0,28672.0
CRS3035RES200mN2624000E3467000,105.5,46.0,2.0,15.0,3.0,35.0,2.0,3628062.5,5410.0,5.0,41.0,0.0,1.0,0.0,7.0,14.5,4.0,12.0,27.0,9.0,26.0,5.0,34389.0
CRS3035RES200mN2624000E3467200,98.0,34.0,2.0,3.0,1.0,27.0,1.0,3424634.5,4507.0,0.0,34.0,0.0,0.0,1.0,1.0,15.0,14.0,7.0,29.0,13.0,16.0,2.0,34945.0
CRS3035RES200mN2624000E3467400,94.5,41.0,3.0,13.0,5.0,31.0,4.0,2582093.3,4116.0,5.0,36.0,0.0,3.0,1.0,2.0,12.5,6.0,10.0,26.0,16.0,13.0,5.0,27324.0
CRS3035RES200mN2624000E3467600,56.0,20.0,0.0,1.0,1.0,20.0,1.0,1838534.1,2976.0,0.0,20.0,0.0,0.0,0.0,1.0,6.0,10.0,1.0,13.0,12.0,13.0,0.0,32831.0
CRS3035RES200mN2624000E3467800,30.0,11.0,0.0,2.0,0.0,8.0,2.0,706907.1,1062.0,0.0,11.0,0.0,1.0,0.0,1.0,2.0,5.0,5.0,6.0,4.0,6.0,0.0,23564.0
CRS3035RES200mN2624000E3471000,2.0,0.7,0.0,0.1,0.1,0.7,0.1,54698.8,85.7,0.0,0.7,0.0,0.1,0.1,0.1,0.2,0.1,0.2,0.5,0.4,0.3,0.0,27349.0
CRS3035RES200mN2624000E3471600,2.0,0.7,0.0,0.1,0.1,0.7,0.1,54698.8,85.7,0.0,0.7,0.0,0.1,0.1,0.1,0.2,0.1,0.2,0.5,0.4,0.3,0.0,27349.0
CRS3035RES200mN2624000E3472000,43.0,16.0,0.0,2.0,0.0,14.0,0.0,1212404.3,1772.0,0.0,16.0,0.0,2.0,0.0,1.0,4.0,5.0,3.0,13.0,4.0,9.0,2.0,28195.0
CRS3035RES200mN2624000E3472200,50.0,21.0,0.0,4.0,1.0,21.0,1.0,1346477.2,2180.0,0.0,21.0,0.0,3.0,0.0,0.0,1.0,6.0,7.0,7.0,7.0,16.0,3.0,26930.0
CRS3035RES200mN2624000E3472400,4.0,1.7,0.1,0.2,0.1,1.7,0.0,103949.6,209.9,0.0,1.7,0.0,0.0,0.1,0.2,0.2,0.1,0.1,0.7,0.5,1.5,0.6,25987.0
CRS3035RES200mN2624000E3482400,43.5,20.0,1.0,5.0,0.0,16.0,3.0,908135.5,2115.0,0.0,20.0,0.0,2.0,0.0,1.0,3.5,5.0,5.0,10.0,6.0,10.0,1.0,20877.0
CRS3035RES200mN2624000E3482600,45.0,19.0,1.0,4.0,0.0,17.0,0.0,1149745.6,2267.0,0.0,19.0,0.0,1.0,1.0,4.0,1.0,4.0,5.0,11.0,9.0,4.0,5.0,25550.0
CRS3035RES200mN2624000E3482800,11.0,4.3,0.3,0.3,0.3,4.3,1.0,288974.4,513.0,0.0,4.3,0.0,0.0,0.0,0.0,1.3,0.7,1.3,2.7,2.0,3.0,0.0,26270.0
CRS3035RES200mN2624000E3491400,1.0,0.4,0.1,0.1,0.1,0.3,0.0,22665.8,54.0,0.0,0.4,0.0,0.0,0.0,0.1,0.0,0.2,0.2,0.2,0.1,0.1,0.1,22666.0
CRS3035RES200mN2624000E3492200,1.0,0.4,0.1,0.1,0.0,0.3,0.0,22203.8,46.6,0.0,0.4,0.0,0.0,0.0,0.1,0.1,0.0,0.1,0.4,0.1,0.1,0.1,22204.0
CRS3035RES200mN2624000E3498000,4.0,2.0,0.4,0.9,0.1,1.7,0.1,105388.6,183.8,0.0,2.0,0.0,0.2,0.2,0.0,0.1,0.4,0.5,0.8,0.5,1.2,0.1,26347.0
CRS3035RES200mN2624200E3461800,310.0,227.0,43.0,154.0,0.0,54.0,15.0,7630735.5,11737.0,227.0,0.0,36.0,5.0,2.0,2.0,7.0,51.0,81.0,44.0,32.0,67.0,19.0,24615.0
CRS3035RES200mN2624200E3462400,95.0,52.0,13.0,23.0,0.0,0.0,19.0,1657001.0,3855.0,52.0,0.0,52.0,2.0,1.0,7.5,10.5,13.0,8.0,18.0,17.0,8.0,10.0,17442.0
CRS3035RES200mN2624200E3462600,56.0,36.0,7.0,21.0,0.0,9.0,1.0,1395655.6,2188.0,32.0,4.0,8.0,0.0,0.0,0.0,2.0,6.0,17.0,10.0,5.0,14.0,2.0,24922.0
CRS3035RES200mN2624200E3463200,44.0,21.0,3.0,7.0,0.0,19.0,2.0,1082673.2,2005.0,0.0,21.0,0.0,1.0,1.0,5.0,0.0,3.0,2.0,9.0,4.0,16.0,3.0,24606.0
CRS3035RES200mN2624200E3463400,143.0,67.0,4.0,21.0,3.0,59.0,4.0,3812643.7,6123.0,0.0,67.0,0.0,6.0,0.5,5.0,7.5,5.0,22.0,22.0,18.0,46.0,11.0,26662.0
CRS3035RES200mN2624200E3463600,175.0,87.0,17.0,41.0,4.0,28.0,11.0,3414104.6,6880.0,50.0,37.0,42.0,5.0,5.0,8.0,10.0,20.0,19.0,36.0,31.0,36.0,5.0,19509.0
CRS3035RES200mN2624200E3463800,489.0,233.0,98.0,107.0,23.0,4.0,47.0,7780588.3,15455.0,227.0,6.0,169.0,26.5,13.0,32.0,55.5,34.0,77.0,102.0,65.0,71.0,13.0,15911.0
CRS3035RES200mN2624200E3464000,597.0,252.0,106.0,96.0,24.0,1.0,56.0,9110505.2,17745.0,252.0,0.0,251.0,35.0,16.0,62.0,61.0,46.0,111.0,109.0,73.0,72.0,12.0,15260.0
CRS3035RES200mN2624200E3464200,434.5,182.0,63.0,63.0,14.0,30.0,49.0,7334422.0,14067.0,149.0,33.0,149.0,17.0,7.5,45.5,50.5,29.0,89.0,89.0,53.0,47.0,7.0,16880.0
CRS3035RES200mN2624200E3464400,112.5,45.0,6.0,12.0,4.0,24.0,8.0,2494355.3,3945.0,16.0,29.0,18.0,7.0,5.5,9.5,11.5,6.0,19.0,20.0,10.0,22.0,2.0,22172.0
CRS3035RES200mN2624200E3464600,44.0,26.0,6.0,16.0,1.0,23.0,0.0,869928.2,2136.0,1.0,25.0,2.0,1.0,1.0,2.0,0.0,2.0,4.0,6.0,9.0,15.0,4.0,19771.0
CRS3035RES200mN2624200E3465600,9.0,4.1,0.0,0.4,0.0,3.9,0.0,272638.9,528.0,0.0,4.1,0.0,0.0,0.0,0.0,0.4,0.4,0.2,0.5,3.2,3.4,0.9,30293.0
CRS3035RES200mN2624200E3465800,33.0,14.9,0.0,1.6,0.0,14.1,0.0,999675.9,1936.0,0.0,14.9,0.0,0.0,0.0,0.0,1.6,1.6,0.8,1.6,11.8,12.5,3.1,30293.0
CRS3035RES200mN2624200E3466000,108.5,46.0,3.0,6.0,1.0,36.0,4.0,3085359.5,4663.0,0.0,46.0,6.0,2.0,1.0,1.0,7.5,10.0,6.0,20.0,18.0,38.0,5.0,28436.0
CRS3035RES200mN2624200E3466200,75.5,26.0,0.0,6.0,3.0,17.0,3.0,1821339.9,2605.0,0.0,26.0,0.0,1.0,3.0,6.0,15.5,7.0,9.0,18.0,7.0,6.0,3.0,24124.0
CRS3035RES200mN2624200E3466400,118.5,56.0,0.0,13.0,1.0,53.0,6.0,3555178.7,6075.0,0.0,56.0,0.0,0.0,1.0,7.5,6.0,4.0,9.0,13.0,30.0,41.0,7.0,30002.0
CRS3035RES200mN2624200E3466600,168.5,89.0,3.0,44.0,3.0,62.0,4.0,4583261.6,7404.0,22.0,67.0,0.0,0.0,2.0,13.0,12.5,18.0,23.0,35.0,15.0,29.0,21.0,27200.0
CRS3035RES200mN2624200E3466800,185.0,80.0,5.0,19.0,3.0,33.0,16.0,5061957.4,7693.0,29.0,51.0,41.0,5.0,3.5,11.5,20.5,14.5,32.0,45.0,16.0,28.0,9.0,27362.0
CRS3035RES200mN2624200E3467000,106.0,50.0,4.0,17.0,2.0,38.0,1.0,3069029.8,5173.0,8.0,42.0,0.0,0.0,0.0,7.0,8.0,10.0,10.0,18.0,21.0,27.0,5.0,28953.0
CRS3035RES200mN2624200E3467200,112.0,45.0,2.0,10.0,2.0,39.0,1.0,3278565.6,5488.0,4.0,41.0,0.0,5.0,0.0,5.0,9.5,15.5,13.0,25.0,9.0,23.0,7.0,29273.0
CRS3035RES200mN2624200E3467400,101.5,46.0,3.0,11.0,3.0,39.0,1.0,3335332.3,5332.0,0.0,46.0,0.0,1.0,0.0,3.0,8.0,10.5,7.0,21.0,19.0,25.0,7.0,32860.0
CRS3035RES200mN2624200E3467600,136.0,51.0,2.0,8.0,3.0,41.0,3.0,4084228.9,5745.0,2.0,49.0,7.0,4.0,3.0,4.5,13.5,13.0,13.0,28.0,33.0,21.0,3.0,30031.0
CRS3035RES200mN2624200E3467800,124.0,50.0,4.0,9.0,2.0,26.0,3.0,3298012.4,4728.0,0.0,50.0,8.0,11.0,2.0,7.0,8.0,6.0,23.0,22.0,21.0,19.0,5.0,26597.0
CRS3035RES200mN2624200E3468000,5.0,2.2,0.2,0.8,0.1,1.0,0.1,123174.4,228.8,0.0,2.2,0.0,1.0,0.0,0.2,0.0,0.4,0.9,0.7,0.8,1.0,0.0,24635.0
CRS3035RES200mN2624200E3471000,4.0,1.5,0.1,0.2,0.2,1.4,0.2,109397.6,171.3,0.0,1.5,0.0,0.2,0.2,0.2,0.4,0.2,0.4,1.0,0.7,0.6,0.1,27349.0
CRS3035RES200mN2624200E3471600,21.0,7.7,0.4,1.2,1.2,7.3,1.2,574337.4,899.4,0.0,7.7,0.0,1.2,0.8,1.0,2.2,1.2,2.0,5.3,3.7,3.2,0.4,27349.0
CRS3035RES200mN2624200E3471800,21.0,7.7,0.4,1.2,1.2,7.3,1.2,574337.4,899.4,0.0,7.7,0.0,1.2,0.8,1.0,2.2,1.2,2.0,5.3,3.7,3.2,0.4,27349.0
CRS3035RES200mN2624200E3472000,68.0,25.0,1.0,3.0,2.0,25.0,2.0,2113327.5,3204.0,0.0,25.0,0.0,3.0,1.0,3.0,8.0,7.0,7.0,17.0,9.0,11.0,2.0,31078.0
CRS3035RES200mN2624200E3472200,13.0,5.5,0.2,0.8,0.2,5.5,0.0,337836.2,682.2,0.0,5.5,0.0,0.0,0.5,0.7,0.7,0.2,0.3,2.3,1.5,4.8,2.0,25987.0
CRS3035RES200mN2624200E3472400,3.0,1.3,0.1,0.2,0.1,1.3,0.0,77962.2,157.4,0.0,1.3,0.0,0.0,0.1,0.2,0.2,0.0,0.1,0.5,0.3,1.1,0.5,25987.0
CRS3035RES200mN2624200E3479200,3.0,1.4,0.0,0.3,0.0,1.2,0.0,97972.8,198.7,0.0,1.4,0.0,0.0,0.1,0.0,0.2,0.1,0.4,0.7,0.7,0.7,0.1,32658.0
CRS3035RES200mN2624200E3482400,4.0,1.6,0.1,0.1,0.1,1.6,0.4,105081.6,186.5,0.0,1.6,0.0,0.0,0.0,0.0,0.5,0.2,0.5,1.0,0.7,1.1,0.0,26270.0
CRS3035RES200mN2624200E3482600,2.0,0.8,0.1,0.1,0.1,0.8,0.2,52540.8,93.3,0.0,0.8,0.0,0.0,0.0,0.0,0.2,0.1,0.2,0.5,0.4,0.6,0.0,26270.0
CRS3035RES200mN2624200E3482800,13.0,5.1,0.4,0.4,0.4,5.1,1.2,341515.1,606.3,0.0,5.1,0.0,0.0,0.0,0.0,1.6,0.8,1.6,3.1,2.4,3.5,0.0,26270.0
CRS3035RES200mN2624200E3495400,10.0,4.1,0.7,0.7,0.0,2.8,0.4,222037.9,465.7,0.0,4.1,0.0,0.4,0.0,0.9,1.1,0.2,0.9,3.9,0.9,1.2,0.5,22204.0
CRS3035RES200mN2624400E3461600,72.0,45.0,2.0,21.0,0.0,17.0,0.0,2399643.6,2734.0,45.0,0.0,0.0,1.0,1.0,0.0,0.0,7.0,17.0,10.0,5.0,26.0,5.0,33328.0
CRS3035RES200mN2624400E3461800,169.0,109.0,16.0,56.0,1.0,70.0,2.0,5185249.5,9482.0,109.0,0.0,0.0,1.0,0.0,2.0,4.0,10.0,14.0,16.0,21.0,67.0,34.0,30682.0
CRS3035RES200mN2624400E3462000,111.0,75.0,16.0,43.0,0.0,20.0,11.0,2896251.1,4470.0,73.0,2.0,23.0,2.0,0.0,3.5,4.0,8.5,10.0,25.0,17.0,30.0,11.0,26092.0
CRS3035RES200mN2624400E3462400,178.0,102.0,11.0,51.0,2.0,48.0,7.0,4854228.5,7299.0,102.0,0.0,0.0,5.0,5.0,3.0,7.0,13.0,35.0,22.0,18.0,46.0,24.0,27271.0
CRS3035RES200mN2624400E3462600,15.0,11.1,2.6,7.8,0.0,3.3,1.3,310840.5,684.1,8.5,2.6,0.0,0.0,0.0,0.6,0.0,2.6,3.3,1.9,2.0,2.6,2.0,20723.0
CRS3035RES200mN2624400E3463200,16.0,7.8,0.0,3.7,0.5,5.0,0.0,430577.6,720.0,1.8,6.0,0.0,0.5,1.4,1.8,0.5,0.9,1.8,3.2,0.9,4.1,0.9,26911.0
CRS3035RES200mN2624400E3463400,123.0,65.0,3.0,25.0,3.0,59.0,5.0,3728156.6,6651.0,0.0,65.0,0.0,3.0,1.0,4.0,4.0,5.0,13.0,21.0,13.0,46.0,13.0,30310.0
CRS3035RES200mN2624400E3463600,187.0,94.0,26.0,32.0,5.0,30.0,19.0,3764383.1,7296.0,63.0,31.0,63.0,10.0,5.0,8.0,14.5,8.5,25.0,37.0,14.0,54.0,11.0,20130.0
CRS3035RES200mN2624400E3463800,270.5,139.0,45.0,56.0,7.0,38.0,35.0,4932110.8,10203.0,100.0,39.0,100.0,12.0,5.0,15.5,19.0,20.0,49.0,49.0,32.0,53.0,16.0,18233.0
CRS3035RES200mN2624400E3464000,150.5,74.0,6.0,27.0,2.0,66.0,9.0,3567071.8,6315.0,0.0,74.0,1.0,4.0,4.0,6.0,5.5,10.0,17.0,24.0,12.0,51.0,17.0,23701.0
CRS3035RES200mN2624400E3464200,127.5,57.0,2.0,12.0,0.0,48.0,5.0,3372632.5,5629.0,0.0,57.0,0.0,3.0,4.0,4.5,10.0,2.0,14.0,21.0,13.0,41.0,15.0,26452.0
CRS3035RES200mN2624400E3464400,124.5,64.0,5.0,22.0,2.0,59.0,3.0,3229507.3,5899.0,0.0,64.0,0.0,1.0,1.0,1.0,6.5,9.0,7.0,23.0,17.0,36.0,23.0,25940.0
CRS3035RES200mN2624400E3464600,83.5,42.0,3.0,14.0,0.0,38.0,5.0,2093109.9,3684.0,0.0,42.0,0.0,2.0,0.0,3.5,5.0,8.0,5.0,17.0,8.0,15.0,20.0,25067.0
CRS3035RES200mN2624400E3466200,2.0,1.0,0.0,0.3,0.0,0.9,0.0,63051.3,112.1,0.0,1.0,0.0,0.0,0.0,0.1,0.2,0.0,0.2,0.3,0.3,0.8,0.1,31526.0
CRS3035RES200mN2624400E3466400,27.0,12.9,0.6,3.5,0.0,12.3,0.6,851192.0,1513.8,0.0,12.9,0.0,0.0,0.0,1.2,2.9,0.0,2.3,4.7,3.5,10.6,1.8,31526.0
CRS3035RES200mN2624400E3466600,76.5,32.0,2.0,8.0,0.0,22.0,2.0,2324328.4,3054.0,0.0,32.0,0.0,4.0,0.0,2.5,5.0,9.0,10.0,19.0,12.0,12.0,3.0,30383.0
CRS3035RES200mN2624400E3466800,93.5,33.0,1.0,7.0,3.0,30.0,1.0,2431117.2,3508.0,0.0,33.0,0.0,1.0,0.0,5.0,17.5,11.0,5.0,27.0,13.0,12.0,2.0,26001.0
CRS3035RES200mN2624400E3467000,345.0,187.0,26.0,82.0,6.0,26.0,36.0,7621198.9,11995.0,156.0,31.0,62.0,6.5,11.0,22.0,28.5,29.0,112.0,70.0,34.0,25.0,7.0,22090.0
CRS3035RES200mN2624400E3467200,107.0,42.0,2.0,6.0,3.0,34.0,1.0,3581837.0,5126.0,5.0,37.0,5.0,2.0,2.0,6.0,7.0,11.0,11.0,17.0,26.0,21.0,4.0,33475.0
CRS3035RES200mN2624400E3467400,113.5,51.0,5.0,15.0,3.0,35.0,5.0,3293534.6,5111.0,10.0,41.0,0.0,3.0,4.0,10.5,7.0,5.0,12.0,24.0,18.0,25.0,5.0,29018.0
CRS3035RES200mN2624400E3467600,71.0,39.0,2.0,18.0,2.0,24.0,7.0,1906472.3,3376.0,15.0,24.0,0.0,2.0,2.0,3.0,3.0,6.0,15.0,12.0,9.0,17.0,2.0,26852.0
CRS3035RES200mN2624400E3467800,9.0,3.0,0.0,0.5,0.5,2.5,0.0,259597.5,320.8,0.0,3.0,0.0,0.2,0.5,1.5,0.7,0.3,2.5,1.3,1.0,1.0,0.0,28844.0
CRS3035RES200mN2624400E3471400,2.0,0.7,0.0,0.1,0.1,0.7,0.1,54698.8,85.7,0.0,0.7,0.0,0.1,0.1,0.1,0.2,0.1,0.2,0.5,0.4,0.3,0.0,27349.0
CRS3035RES200mN2624400E3471600,45.5,17.0,0.0,2.0,1.0,17.0,1.0,1357262.9,1948.0,1.0,16.0,0.0,2.0,2.0,5.0,3.5,1.0,5.0,11.0,2.0,13.0,1.0,29830.0
CRS3035RES200mN2624400E3471800,118.0,47.0,2.0,12.0,2.0,34.0,6.0,3155968.4,4882.0,3.0,44.0,0.0,5.0,1.0,13.0,13.0,5.0,27.0,29.0,11.0,12.0,2.0,26745.0
CRS3035RES200mN2624400E3472000,95.5,37.0,1.0,4.0,0.0,32.0,3.0,3037966.5,5045.0,0.0,37.0,0.0,3.0,2.0,5.0,4.0,11.5,17.0,20.0,12.0,16.0,5.0,31811.0
CRS3035RES200mN2624400E3472200,65.5,25.0,0.0,2.0,0.0,25.0,2.0,2311234.3,3696.0,0.0,25.0,0.0,3.0,0.0,2.0,6.5,7.0,6.0,21.0,5.0,15.0,0.0,35286.0
CRS3035RES200mN2624400E3472400,2.0,0.8,0.0,0.1,0.0,0.8,0.0,51974.8,105.0,0.0,0.8,0.0,0.0,0.1,0.1,0.1,0.0,0.1,0.4,0.2,0.7,0.3,25987.0
CRS3035RES200mN2624400E3472600,14.0,5.9,0.3,0.8,0.3,5.9,0.0,363823.6,734.7,0.0,5.9,0.0,0.0,0.5,0.8,0.8,0.3,0.3,2.4,1.6,5.1,2.2,25987.0
CRS3035RES200mN2624400E3473400,15.0,6.3,0.5,2.1,0.3,5.8,0.8,391177.8,742.4,0.0,6.3,0.0,0.3,0.8,1.6,1.8,1.3,1.6,3.1,1.8,2.4,0.3,26079.0
CRS3035RES200mN2624400E3473600,7.0,2.9,0.2,1.0,0.1,2.7,0.4,182549.6,346.4,0.0,2.9,0.0,0.1,0.4,0.7,0.9,0.6,0.7,1.5,0.9,1.1,0.1,26079.0
CRS3035RES200mN2624400E3473800,6.0,2.5,0.2,0.8,0.1,2.3,0.3,156471.1,296.9,0.0,2.5,0.0,0.1,0.3,0.6,0.7,0.5,0.6,1.3,0.8,1.0,0.1,26079.0
CRS3035RES200mN2624400E3477600,7.0,3.0,0.5,0.3,0.2,2.0,0.9,186130.3,356.9,0.3,2.7,0.0,0.7,0.5,0.2,0.3,0.6,1.8,1.3,0.6,0.8,0.2,26590.0
CRS3035RES200mN2624400E3478600,3.0,1.0,0.1,0.1,0.2,0.9,0.1,69017.1,115.4,0.0,1.0,0.0,0.1,0.1,0.1,0.6,0.3,0.2,0.8,0.5,0.2,0.1,23006.0
CRS3035RES200mN2624400E3482800,3.0,1.2,0.1,0.1,0.1,1.2,0.3,78811.2,139.9,0.0,1.2,0.0,0.0,0.0,0.0,0.4,0.2,0.4,0.7,0.5,0.8,0.0,26270.0
CRS3035RES200mN2624400E3483000,6.0,2.3,0.6,0.5,0.2,1.8,0.2,123451.0,285.0,0.0,2.3,0.0,0.3,0.0,0.5,0.5,0.5,1.1,1.5,1.0,0.6,0.0,20575.0
CRS3035RES200mN2624400E3484000,2.0,0.6,0.2,0.2,0.2,0.6,0.0,47007.3,65.3,0.0,0.6,0.0,0.1,0.2,0.4,0.2,0.1,0.4,0.4,0.1,0.1,0.0,23504.0
CRS3035RES200mN2624400E3484600,9.0,2.8,0.7,0.7,0.9,2.8,0.0,211533.0,293.9,0.0,2.8,0.0,0.5,0.7,1.7,1.1,0.5,1.9,1.7,0.4,0.5,0.0,23504.0
CRS3035RES200mN2624400E3484800,56.0,22.0,2.0,4.0,1.0,20.0,4.0,1167983.8,2069.0,0.0,22.0,0.0,7.0,6.5,2.5,2.0,2.0,32.0,4.0,0.0,0.0,0.0,20857.0
CRS3035RES200mN2624400E3485000,4.0,1.6,0.2,0.4,0.2,1.4,0.1,90626.9,172.9,0.0,1.6,0.0,0.2,0.0,0.1,0.5,0.3,0.7,1.0,0.5,0.7,0.0,22657.0
CRS3035RES200mN2624400E3489000,2.0,0.8,0.2,0.2,0.1,0.6,0.1,45331.6,108.0,0.0,0.8,0.0,0.0,0.0,0.2,0.1,0.3,0.5,0.4,0.2,0.2,0.1,22666.0
CRS3035RES200mN2624400E3491000,6.0,2.3,0.5,0.6,0.3,1.7,0.2,135994.8,324.0,0.0,2.3,0.0,0.1,0.2,0.6,0.2,0.9,1.4,1.2,0.6,0.5,0.3,22666.0
CRS3035RES200mN2624600E3458600,2.0,1.2,0.2,0.6,0.0,0.4,0.2,44565.3,87.3,0.1,1.1,0.0,0.1,0.0,0.0,0.0,0.1,0.4,0.3,0.6,0.5,0.0,22283.0
CRS3035RES200mN2624600E3459000,42.0,25.0,1.0,15.0,1.0,21.0,2.0,1295886.7,2256.0,13.0,12.0,0.0,1.0,0.0,0.0,2.0,5.0,5.0,9.0,7.0,9.0,4.0,30854.0
CRS3035RES200mN2624600E3462000,75.0,56.0,3.0,38.0,0.0,29.0,1.0,2448122.2,3739.0,56.0,0.0,0.0,0.0,0.0,1.0,0.0,1.0,8.0,9.0,6.0,32.0,18.0,32642.0
CRS3035RES200mN2624600E3462400,132.0,87.0,7.0,57.0,1.0,30.0,3.0,3883755.0,5924.0,87.0,0.0,0.0,5.0,2.0,2.0,3.0,9.0,17.0,20.0,9.0,44.0,21.0,29422.0
CRS3035RES200mN2624600E3462600,178.5,112.0,16.0,65.0,1.0,38.0,11.0,4301325.4,6885.0,111.0,1.0,40.0,8.5,1.0,7.0,7.0,15.0,43.0,25.0,18.0,38.0,16.0,24097.0
CRS3035RES200mN2624600E3462800,23.0,19.0,5.0,16.0,0.0,3.0,0.0,473311.2,763.0,19.0,0.0,0.0,0.0,1.0,0.0,0.0,7.0,7.0,3.0,0.0,5.0,0.0,20579.0
CRS3035RES200mN2624600E3463400,41.0,21.0,0.0,9.0,1.0,10.0,3.0,1054867.2,2009.0,7.0,14.0,0.0,1.0,3.0,1.0,2.0,4.0,3.0,8.0,9.0,7.0,3.0,25728.0
CRS3035RES200mN2624600E3463600,133.0,62.0,1.0,17.0,0.0,53.0,7.0,3816994.3,6262.0,0.0,62.0,0.0,6.0,6.0,2.0,4.0,3.0,23.0,19.0,17.0,45.0,8.0,28699.0
CRS3035RES200mN2624600E3463800,150.5,76.0,1.0,31.0,2.0,74.0,6.0,3859805.9,7341.0,0.0,76.0,0.0,2.0,2.0,6.5,12.0,8.0,12.0,26.0,18.0,44.0,20.0,25647.0
CRS3035RES200mN2624600E3464000,120.0,61.0,4.0,23.0,2.0,54.0,4.0,3134687.6,5630.0,0.0,61.0,0.0,5.0,1.0,5.0,6.0,6.0,13.0,22.0,9.0,38.0,15.0,26122.0
CRS3035RES200mN2624600E3464200,41.0,21.5,2.5,8.3,0.0,19.1,2.5,1098817.9,1984.6,0.8,20.7,0.0,0.0,0.8,1.7,3.7,0.8,2.5,7.5,2.5,19.0,2.5,26800.0
CRS3035RES200mN2624600E3464400,92.5,45.0,5.0,17.0,1.0,42.0,2.0,2389724.0,4510.0,0.0,45.0,0.0,1.0,1.0,1.0,4.5,10.0,5.0,16.0,12.0,34.0,8.0,25835.0
CRS3035RES200mN2624600E3464600,6.5,3.4,0.4,1.3,0.0,3.0,0.4,174202.8,314.6,0.1,3.3,0.0,0.0,0.1,0.3,0.6,0.1,0.4,1.2,0.4,3.0,0.4,26800.0
CRS3035RES200mN2624600E3467000,77.0,45.0,5.0,23.0,1.0,23.0,7.0,1777152.5,3013.0,32.0,13.0,6.0,2.0,0.0,3.0,6.0,12.5,23.0,12.5,9.0,8.0,1.0,23080.0
CRS3035RES200mN2624600E3467200,174.5,78.0,7.0,20.0,2.0,42.0,9.0,4718528.0,7644.0,22.0,56.0,26.0,3.0,3.0,4.0,15.0,18.5,26.0,37.0,36.0,30.0,2.0,27040.0
CRS3035RES200mN2624600E3467400,49.0,18.0,1.0,1.0,1.0,18.0,1.0,1587785.1,2333.0,0.0,18.0,0.0,0.0,1.0,2.0,5.0,5.0,4.0,12.0,7.0,13.0,0.0,32404.0
CRS3035RES200mN2624600E3471800,82.5,28.0,0.0,2.0,2.0,24.0,6.0,2434630.3,3218.0,0.0,28.0,3.0,7.0,6.0,7.0,9.5,3.0,22.0,16.0,2.0,10.0,0.0,29511.0
CRS3035RES200mN2624600E3472000,73.5,30.0,3.0,7.0,1.0,19.0,6.0,1868576.4,3365.0,1.0,29.0,0.0,3.0,1.0,4.0,7.0,9.5,11.0,17.0,5.0,10.0,6.0,25423.0
CRS3035RES200mN2624600E3472200,85.5,30.0,3.0,5.0,2.0,29.0,0.0,2456724.8,4077.0,0.0,30.0,0.0,7.0,3.0,5.0,8.5,5.0,12.0,21.0,9.0,14.0,1.0,28734.0
CRS3035RES200mN2624600E3472400,37.5,15.0,1.0,4.0,1.0,13.0,3.0,992898.0,1697.0,0.0,15.0,0.0,1.0,1.0,4.0,6.5,1.0,5.0,10.0,2.0,7.0,0.0,26477.0
CRS3035RES200mN2624600E3472600,62.0,29.0,1.0,8.0,0.0,29.0,1.0,1610185.4,2926.0,0.0,29.0,0.0,2.0,2.0,0.0,2.0,6.0,6.0,7.0,12.0,24.0,1.0,25971.0
CRS3035RES200mN2624600E3472800,50.0,23.0,0.0,5.0,0.0,23.0,0.0,1325159.6,2516.0,0.0,23.0,0.0,1.0,0.0,0.0,2.0,3.0,3.0,7.0,12.0,21.0,1.0,26503.0
CRS3035RES200mN2624600E3473400,6.0,2.5,0.2,0.8,0.1,2.3,0.3,156471.1,296.9,0.0,2.5,0.0,0.1,0.3,0.6,0.7,0.5,0.6,1.3,0.8,1.0,0.1,26079.0
CRS3035RES200mN2624600E3473600,35.0,15.0,0.0,3.0,0.0,14.0,1.0,1067806.5,1809.0,0.0,15.0,0.0,2.0,0.0,1.5,0.5,1.0,8.0,4.0,8.0,5.0,5.0,30509.0
CRS3035RES200mN2624600E3473800,44.5,20.0,2.0,4.0,0.0,16.0,3.0,1144405.3,2686.0,0.0,20.0,0.0,1.0,1.0,0.0,7.0,0.0,8.0,8.0,7.5,5.0,7.0,25717.0
CRS3035RES200mN2624600E3474000,6.0,2.9,0.3,0.6,0.0,2.1,0.5,152338.4,326.6,0.0,2.9,0.0,0.0,0.0,0.5,0.1,0.5,0.3,1.6,1.0,1.8,0.2,25390.0
CRS3035RES200mN2624600E3475600,2.0,1.0,0.1,0.2,0.0,0.7,0.2,50779.5,108.9,0.0,1.0,0.0,0.0,0.0,0.2,0.0,0.2,0.1,0.5,0.3,0.6,0.1,25390.0
CRS3035RES200mN2624600E3477600,10.5,4.5,0.7,0.5,0.2,3.1,1.4,279195.4,535.4,0.5,4.0,0.0,1.1,0.7,0.4,0.5,0.9,2.7,1.9,0.9,1.2,0.2,26590.0
CRS3035RES200mN2624600E3477800,11.0,4.7,0.7,0.5,0.2,3.2,1.5,292490.4,560.9,0.5,4.2,0.0,1.1,0.7,0.4,0.5,1.0,2.8,2.0,1.0,1.2,0.3,26590.0
CRS3035RES200mN2624600E3479800,2.0,0.9,0.0,0.2,0.0,0.8,0.0,65315.2,132.5,0.0,0.9,0.0,0.0,0.1,0.0,0.1,0.1,0.2,0.4,0.5,0.5,0.1,32658.0
CRS3035RES200mN2624600E3480200,1.0,0.4,0.0,0.1,0.0,0.4,0.0,26898.9,53.1,0.0,0.4,0.0,0.0,0.0,0.1,0.1,0.0,0.2,0.2,0.2,0.2,0.0,26899.0
CRS3035RES200mN2624600E3480400,6.0,2.4,0.2,0.4,0.0,2.1,0.1,161393.5,318.7,0.0,2.4,0.0,0.1,0.0,0.5,0.6,0.1,1.1,1.2,0.8,1.4,0.2,26899.0
CRS3035RES200mN2624600E3484400,7.0,2.2,0.5,0.5,0.7,2.2,0.0,164525.7,228.6,0.0,2.2,0.0,0.4,0.5,1.3,0.8,0.4,1.5,1.4,0.3,0.4,0.0,23504.0
CRS3035RES200mN2624600E3484600,76.0,25.0,1.0,1.0,3.0,23.0,2.0,1727817.4,2268.0,0.0,25.0,0.0,8.0,5.0,6.5,5.5,6.0,41.0,4.0,0.0,0.0,0.0,22734.0
CRS3035RES200mN2624600E3484800,91.0,36.0,4.0,11.0,2.0,33.0,1.0,2096541.8,3542.0,0.0,36.0,0.0,11.0,5.0,5.5,4.5,5.0,29.0,16.0,4.0,10.0,1.0,23039.0
CRS3035RES200mN2624600E3485000,74.5,28.0,2.0,3.0,1.0,24.0,5.0,1835939.9,2982.0,0.0,28.0,0.0,3.0,1.5,10.5,8.5,0.0,24.0,19.0,4.0,4.0,0.0,24643.0
CRS3035RES200mN2624600E3485200,67.5,24.0,4.0,2.0,2.0,19.0,2.0,1507000.0,2260.0,0.0,24.0,0.0,8.0,3.0,4.0,6.5,2.0,24.0,14.0,6.0,0.0,0.0,22326.0
CRS3035RES200mN2624800E3459000,83.5,52.0,2.0,29.0,0.0,16.0,6.0,2126935.8,3121.0,44.0,8.0,0.0,2.0,1.0,2.5,2.0,15.0,31.0,12.0,12.0,6.0,0.0,25472.0
CRS3035RES200mN2624800E3460000,38.0,27.0,2.0,17.0,0.0,17.0,0.0,1162354.8,1621.0,27.0,0.0,0.0,1.0,0.0,0.0,0.0,1.0,3.0,3.0,5.0,18.0,7.0,30588.0
CRS3035RES200mN2624800E3460200,80.0,43.0,1.0,17.0,1.0,33.0,0.0,3001469.8,4693.0,29.0,14.0,0.0,7.0,2.0,1.0,1.0,0.0,5.0,7.0,8.0,36.0,13.0,37518.0
CRS3035RES200mN2624800E3460400,62.0,39.0,2.0,22.0,0.0,26.0,0.0,2479879.3,4255.0,28.0,11.0,0.0,0.0,0.0,0.0,3.0,1.0,3.0,8.0,8.0,24.0,15.0,39998.0
CRS3035RES200mN2624800E3460600,22.0,13.0,1.0,7.0,1.0,12.0,0.0,875237.3,1490.0,10.0,3.0,0.0,0.0,0.0,1.0,2.0,0.0,0.0,4.0,2.0,10.0,3.0,39784.0
CRS3035RES200mN2624800E3461600,9.0,6.7,0.8,4.6,0.0,1.5,0.0,256272.8,406.5,5.7,1.0,1.0,0.0,0.0,0.0,0.0,1.8,1.5,1.8,1.8,2.1,0.0,28475.0
CRS3035RES200mN2624800E3461800,162.5,102.0,26.0,67.0,2.0,29.0,8.0,3758115.5,5631.0,97.0,5.0,3.0,5.0,3.0,2.5,15.0,18.0,39.0,30.0,20.0,24.0,6.0,23127.0
CRS3035RES200mN2624800E3462000,21.0,13.0,2.0,6.0,0.0,9.0,1.0,665888.7,922.0,11.0,2.0,0.0,1.0,0.0,1.0,0.0,0.0,3.0,1.0,3.0,10.0,2.0,31709.0
CRS3035RES200mN2624800E3462200,52.5,37.0,9.0,25.0,0.0,10.0,4.0,1214933.4,2019.0,37.0,0.0,0.0,0.0,0.0,2.0,3.5,4.0,13.0,8.0,6.0,10.0,6.0,23142.0
CRS3035RES200mN2624800E3462400,244.5,166.0,25.0,109.0,0.0,58.0,9.0,6777905.7,10968.0,133.0,33.0,0.0,5.0,2.0,5.0,6.5,30.0,54.0,44.0,26.0,49.0,23.0,27721.0
CRS3035RES200mN2624800E3462600,188.0,133.0,25.0,93.0,1.0,53.0,7.0,5200763.7,8150.0,119.0,14.0,0.0,2.0,0.0,2.0,6.5,19.5,32.0,32.0,17.0,49.0,28.0,27664.0
CRS3035RES200mN2624800E3463200,4.0,1.9,0.0,0.9,0.1,1.3,0.0,107644.4,180.0,0.4,1.5,0.0,0.1,0.4,0.5,0.1,0.2,0.5,0.8,0.2,1.0,0.2,26911.0
CRS3035RES200mN2624800E3463400,7.0,3.4,0.0,1.6,0.2,2.2,0.0,188377.7,315.0,0.8,2.6,0.0,0.2,0.6,0.8,0.2,0.4,0.8,1.4,0.4,1.8,0.4,26911.0
CRS3035RES200mN2624800E3463600,31.0,13.0,0.0,6.0,1.0,11.0,1.0,881528.8,1380.0,0.0,13.0,0.0,3.0,0.0,2.0,5.0,3.0,4.0,7.0,4.0,2.0,1.0,28436.0
CRS3035RES200mN2624800E3463800,87.0,40.0,4.0,15.0,0.0,30.0,3.0,2482884.5,3591.0,8.0,32.0,0.0,9.0,2.0,3.0,4.0,7.0,13.0,19.0,9.0,14.0,7.0,28539.0
CRS3035RES200mN2624800E3464000,143.0,74.0,3.0,34.0,2.0,61.0,5.0,4226729.4,5964.0,22.0,52.0,0.0,3.0,0.5,6.5,9.0,8.0,28.0,29.0,18.0,27.0,14.0,29558.0
CRS3035RES200mN2624800E3464200,96.0,48.0,0.0,19.0,2.0,39.0,3.0,2704308.4,4934.0,4.0,44.0,0.0,2.0,1.0,1.0,7.0,6.0,13.0,8.0,9.0,36.0,13.0,28170.0
CRS3035RES200mN2624800E3464400,109.5,57.0,2.0,23.0,2.0,55.0,8.0,3019645.3,5481.0,0.0,57.0,0.0,0.5,0.5,3.0,10.5,3.0,10.0,20.0,12.0,32.0,18.0,27577.0
CRS3035RES200mN2624800E3464600,2.0,1.1,0.1,0.4,0.0,0.9,0.1,53600.9,96.8,0.1,1.0,0.0,0.0,0.0,0.1,0.2,0.1,0.1,0.4,0.1,0.9,0.1,26800.0
CRS3035RES200mN2624800E3467000,4.0,1.3,0.0,0.2,0.2,1.1,0.0,115376.7,142.6,0.0,1.3,0.0,0.1,0.2,0.7,0.3,0.1,1.1,0.6,0.4,0.5,0.0,28844.0
CRS3035RES200mN2624800E3467200,23.0,7.7,0.0,1.3,1.3,6.4,0.0,663416.0,819.7,0.0,7.7,0.0,0.6,1.3,3.8,1.9,0.6,6.4,3.2,2.6,2.6,0.0,28844.0
CRS3035RES200mN2624800E3472000,16.0,6.8,0.3,0.9,0.3,6.8,0.0,415798.4,839.7,0.0,6.8,0.0,0.0,0.6,0.9,0.9,0.3,0.3,2.8,1.8,5.9,2.5,25987.0
CRS3035RES200mN2624800E3472200,116.5,45.0,9.0,14.0,4.0,32.0,2.0,2868652.1,4987.0,2.0,43.0,0.0,5.0,3.0,10.0,11.5,8.0,28.0,26.0,14.0,8.0,3.0,24624.0
CRS3035RES200mN2624800E3472400,45.0,15.0,2.0,0.0,3.0,14.0,0.0,1513580.2,2466.0,0.0,15.0,0.0,1.0,1.0,1.5,6.5,5.0,1.0,8.0,9.0,12.0,0.0,33635.0
CRS3035RES200mN2624800E3472600,101.5,40.0,2.0,5.0,1.0,38.0,2.0,2815419.9,4487.0,0.0,40.0,2.0,6.0,3.0,5.5,8.0,3.0,32.0,16.0,11.0,16.0,1.0,27738.0
CRS3035RES200mN2624800E3472800,76.5,28.0,0.0,2.0,0.0,25.0,1.0,2098562.1,3027.0,0.0,28.0,0.0,4.0,2.0,4.5,9.0,4.0,14.0,16.0,10.0,12.0,1.0,27432.0
CRS3035RES200mN2624800E3473000,33.0,16.0,1.0,4.0,0.0,16.0,0.0,845426.2,1887.0,0.0,16.0,0.0,0.0,0.0,0.0,2.0,3.0,0.0,4.0,9.0,11.0,4.0,25619.0
CRS3035RES200mN2624800E3473200,5.0,2.1,0.2,0.7,0.1,1.9,0.3,130392.6,247.5,0.0,2.1,0.0,0.1,0.3,0.5,0.6,0.4,0.5,1.1,0.6,0.8,0.1,26079.0
CRS3035RES200mN2624800E3473600,18.0,7.6,0.6,2.5,0.3,6.9,0.9,469413.4,890.8,0.0,7.6,0.0,0.3,1.0,1.9,2.2,1.6,1.9,3.8,2.2,2.8,0.3,26079.0
CRS3035RES200mN2624800E3473800,50.5,20.0,0.0,4.0,0.0,18.0,2.0,1550706.0,2623.0,0.0,20.0,0.0,0.0,1.0,5.0,3.5,5.0,7.0,11.0,9.0,8.0,1.0,30707.0
CRS3035RES200mN2624800E3474000,4.0,1.9,0.2,0.4,0.0,1.4,0.3,101558.9,217.7,0.0,1.9,0.0,0.0,0.0,0.3,0.1,0.3,0.2,1.1,0.7,1.2,0.1,25390.0
CRS3035RES200mN2624800E3477400,14.0,6.0,0.9,0.6,0.3,4.1,1.9,372260.5,713.8,0.6,5.4,0.0,1.4,0.9,0.5,0.6,1.3,3.6,2.5,1.3,1.6,0.3,26590.0
CRS3035RES200mN2624800E3477600,2.0,0.9,0.1,0.1,0.0,0.6,0.3,53180.1,102.0,0.1,0.8,0.0,0.2,0.1,0.1,0.1,0.2,0.5,0.4,0.2,0.2,0.0,26590.0
CRS3035RES200mN2624800E3477800,41.0,15.0,1.0,5.0,1.0,10.0,1.0,1013482.4,1380.0,0.0,15.0,0.0,0.0,2.0,4.0,5.0,4.0,3.0,15.0,2.0,5.0,1.0,24719.0
CRS3035RES200mN2624800E3478000,41.0,13.4,1.8,1.8,2.7,12.5,0.9,943233.9,1576.7,0.0,13.4,0.0,0.9,0.9,0.9,8.9,4.4,2.7,11.6,6.2,2.7,1.8,23006.0
CRS3035RES200mN2624800E3478200,2.0,0.7,0.1,0.1,0.1,0.6,0.0,46011.4,76.9,0.0,0.7,0.0,0.0,0.1,0.1,0.4,0.2,0.1,0.6,0.3,0.1,0.1,23006.0
CRS3035RES200mN2624800E3479600,1.0,0.5,0.0,0.1,0.0,0.4,0.0,32657.6,66.2,0.0,0.5,0.0,0.0,0.0,0.0,0.1,0.1,0.1,0.2,0.2,0.2,0.1,32658.0
CRS3035RES200mN2624800E3480200,6.0,2.4,0.2,0.4,0.0,2.1,0.1,161393.5,318.7,0.0,2.4,0.0,0.1,0.0,0.5,0.6,0.1,1.1,1.2,0.8,1.4,0.2,26899.0
CRS3035RES200mN2624800E3480400,4.0,1.6,0.1,0.3,0.0,1.4,0.1,107595.7,212.5,0.0,1.6,0.0,0.1,0.0,0.3,0.4,0.1,0.7,0.8,0.6,0.9,0.1,26899.0
CRS3035RES200mN2624800E3484400,34.0,10.5,2.6,2.6,3.3,10.5,0.0,799124.7,1110.2,0.0,10.5,0.0,2.0,2.6,6.5,3.9,2.0,7.2,6.5,1.3,2.0,0.0,23504.0
CRS3035RES200mN2624800E3484600,46.0,19.0,4.0,6.0,1.0,16.0,1.0,1164347.3,2231.0,0.0,19.0,0.0,1.0,2.0,5.0,4.0,2.0,9.0,8.0,5.0,9.0,1.0,25312.0
CRS3035RES200mN2624800E3484800,68.0,30.0,4.0,11.0,3.0,28.0,7.0,1423249.2,3387.0,0.0,30.0,0.0,1.0,2.0,2.0,9.0,5.0,11.0,10.0,12.0,10.0,6.0,20930.0
CRS3035RES200mN2624800E3485000,74.0,28.0,2.0,5.0,4.0,23.0,5.0,1771420.1,3345.0,0.0,28.0,0.0,6.0,1.0,9.5,6.5,2.0,15.0,13.0,9.0,12.0,0.0,23938.0
CRS3035RES200mN2624800E3485200,38.5,15.6,1.7,4.3,1.7,13.8,0.9,872284.2,1663.7,0.0,15.6,0.0,1.7,0.5,1.3,4.8,2.6,6.9,9.5,4.3,6.9,0.0,22657.0
CRS3035RES200mN2624800E3485600,2.0,0.8,0.1,0.2,0.1,0.7,0.0,45313.5,86.4,0.0,0.8,0.0,0.1,0.0,0.1,0.2,0.1,0.4,0.5,0.2,0.4,0.0,22657.0
CRS3035RES200mN2624800E3487200,2.0,0.8,0.0,0.2,0.0,0.6,0.0,51553.9,89.8,0.0,0.8,0.0,0.1,0.1,0.1,0.2,0.1,0.5,0.6,0.1,0.1,0.1,25777.0
CRS3035RES200mN2624800E3489000,2.0,0.8,0.2,0.2,0.1,0.6,0.1,45331.6,108.0,0.0,0.8,0.0,0.0,0.0,0.2,0.1,0.3,0.5,0.4,0.2,0.2,0.1,22666.0
CRS3035RES200mN2624800E3494400,2.0,0.8,0.1,0.1,0.0,0.6,0.1,44407.6,93.1,0.0,0.8,0.0,0.1,0.0,0.2,0.2,0.0,0.2,0.8,0.2,0.2,0.1,22204.0
CRS3035RES200mN2624800E3496200,2.0,0.8,0.1,0.1,0.1,0.8,0.1,50051.4,127.9,0.0,0.8,0.0,0.0,0.0,0.2,0.2,0.0,0.3,0.4,0.3,0.4,0.2,25026.0
CRS3035RES200mN2625000E3459600,8.0,4.3,0.3,1.9,0.0,3.5,0.5,221494.3,331.7,0.3,4.0,0.2,0.2,0.0,0.2,0.7,0.3,0.7,1.5,1.4,2.1,0.9,27687.0
CRS3035RES200mN2625000E3459800,150.5,121.0,18.0,94.0,0.0,48.0,4.0,3929155.3,6776.0,121.0,0.0,0.0,1.0,0.0,0.0,1.5,10.0,19.0,26.0,16.0,57.0,20.0,26107.0
CRS3035RES200mN2625000E3460000,6.0,2.7,0.0,0.4,0.2,1.6,0.4,196669.6,331.3,0.9,1.8,0.0,0.0,0.1,0.1,0.2,0.5,0.4,1.1,0.7,1.3,1.6,32778.0
CRS3035RES200mN2625000E3460200,27.0,12.3,0.0,1.6,0.8,7.4,1.6,885013.0,1490.7,4.1,8.2,0.0,0.0,0.4,0.4,0.8,2.5,1.6,4.9,3.3,5.7,7.4,32778.0
CRS3035RES200mN2625000E3460400,130.5,66.0,5.0,25.0,5.0,46.0,6.0,4239325.8,6465.0,24.0,42.0,4.0,9.5,2.0,3.0,6.0,8.0,22.0,17.0,18.0,33.0,12.0,32485.0
CRS3035RES200mN2625000E3460800,76.5,42.0,4.0,15.0,1.0,38.0,3.0,2592127.4,5025.0,24.0,18.0,0.0,1.0,0.0,2.0,3.5,5.0,3.0,9.0,5.0,32.0,16.0,33884.0
CRS3035RES200mN2625000E3461000,134.0,68.0,3.0,23.0,1.0,48.0,5.0,4465514.2,7224.0,22.0,46.0,0.0,2.0,0.0,5.5,7.5,5.0,13.0,20.0,22.0,40.0,19.0,33325.0
CRS3035RES200mN2625000E3461200,136.0,73.0,3.0,28.0,2.0,62.0,3.0,4983663.7,8777.0,18.0,55.0,0.0,2.0,0.0,2.0,7.0,8.0,5.0,18.0,16.0,60.0,18.0,36645.0
CRS3035RES200mN2625000E3461400,28.0,12.0,1.0,3.0,1.0,10.0,1.0,1042691.9,1975.0,0.0,12.0,0.0,0.0,0.0,1.0,2.0,3.0,2.0,3.0,9.0,6.0,2.0,37239.0
CRS3035RES200mN2625000E3461600,1.0,0.5,0.0,0.1,0.0,0.4,0.1,35117.1,92.8,0.1,0.4,0.0,0.0,0.0,0.2,0.0,0.0,0.1,0.1,0.1,0.4,0.1,35117.0
CRS3035RES200mN2625000E3461800,200.0,147.0,32.0,104.0,0.0,44.0,11.0,4909835.9,8421.0,134.0,13.0,0.0,4.0,0.0,3.5,7.5,28.0,51.0,32.0,21.0,44.0,9.0,24549.0
CRS3035RES200mN2625000E3462000,235.0,160.0,37.0,112.0,5.0,48.0,8.0,6035655.3,9097.0,157.0,3.0,0.0,5.0,2.5,3.5,9.5,34.5,63.0,49.0,23.0,33.0,12.0,25684.0
CRS3035RES200mN2625000E3462200,106.5,72.0,16.0,47.0,1.0,20.0,8.0,2603493.2,4343.0,71.0,1.0,0.0,1.0,1.0,3.0,5.5,15.0,25.0,21.0,13.0,16.0,6.0,24446.0
CRS3035RES200mN2625000E3462400,242.0,168.0,40.0,116.0,1.0,57.0,12.0,6246363.8,10700.0,148.0,20.0,0.0,5.0,1.0,4.5,8.5,31.0,72.0,32.0,25.0,51.0,12.0,25811.0
CRS3035RES200mN2625000E3462600,246.5,147.0,22.0,89.0,4.0,54.0,9.0,7254416.6,10093.0,124.0,23.0,0.0,13.0,6.0,7.0,10.0,21.5,67.0,41.0,17.0,50.0,14.0,29430.0
CRS3035RES200mN2625000E3462800,56.0,43.0,6.0,30.0,0.0,13.0,1.0,1765406.7,2536.0,43.0,0.0,0.0,0.0,0.0,0.0,1.0,5.0,14.0,4.0,6.0,18.0,8.0,31525.0
CRS3035RES200mN2625000E3463000,211.0,155.0,11.0,114.0,1.0,22.0,7.0,5116651.8,7951.0,152.0,3.0,14.0,3.0,1.0,6.0,4.0,28.0,63.0,35.0,17.0,45.0,9.0,24250.0
CRS3035RES200mN2625000E3463200,37.0,24.0,2.0,13.0,0.0,19.0,0.0,1136582.7,2038.0,11.0,13.0,0.0,0.0,0.0,1.0,1.0,1.0,6.0,4.0,6.0,12.0,6.0,30718.0
CRS3035RES200mN2625000E3463400,233.0,155.0,22.0,99.0,2.0,49.0,13.0,6215321.7,9205.0,132.0,23.0,25.0,8.0,3.0,4.0,6.0,25.0,60.0,46.0,22.0,49.0,10.0,26675.0
CRS3035RES200mN2625000E3463600,148.0,100.0,11.0,70.0,2.0,30.0,4.0,3714868.4,5314.0,80.0,20.0,9.0,5.0,2.0,4.0,5.0,28.0,33.0,28.0,16.0,25.0,2.0,25100.0
CRS3035RES200mN2625000E3463800,344.0,181.0,26.0,77.0,4.0,3.0,57.0,6729378.9,12773.0,180.0,1.0,178.0,16.0,0.5,17.5,37.5,37.5,41.0,78.0,46.0,57.0,13.0,19562.0
CRS3035RES200mN2625000E3464000,32.5,20.0,3.0,12.0,0.0,15.0,1.0,788469.0,1726.0,13.0,7.0,0.0,0.0,0.0,2.0,1.5,2.0,3.0,10.0,2.0,8.0,4.0,24261.0
CRS3035RES200mN2625000E3464200,38.0,19.0,1.0,6.0,0.0,14.0,3.0,1151580.9,1795.0,1.0,18.0,0.0,1.0,0.0,2.0,2.0,5.0,3.0,10.0,5.0,8.0,2.0,30305.0
CRS3035RES200mN2625000E3464400,89.0,51.0,7.0,25.0,0.0,5.0,7.0,1900758.3,3530.0,0.0,51.0,44.0,1.0,2.0,1.0,6.0,5.0,14.0,17.0,22.0,17.0,4.0,21357.0
CRS3035RES200mN2625000E3465600,4.0,1.7,0.0,0.6,0.1,0.6,0.1,124355.7,197.4,0.2,1.5,0.0,0.0,0.0,0.4,0.3,0.5,0.5,0.9,0.4,0.9,0.1,31089.0
CRS3035RES200mN2625000E3467600,2.0,1.1,0.2,0.4,0.0,1.0,0.1,45626.3,109.6,0.0,1.1,0.0,0.0,0.1,0.1,0.1,0.2,0.3,0.1,0.3,0.5,0.3,22813.0
CRS3035RES200mN2625000E3472000,25.0,7.4,0.0,0.4,1.3,7.0,0.0,631307.3,857.4,0.0,7.4,0.0,1.3,0.0,3.0,3.7,2.6,3.1,7.8,0.9,2.2,0.4,25252.0
CRS3035RES200mN2625000E3472200,30.5,12.0,1.0,1.0,0.0,12.0,3.0,819854.3,1555.0,0.0,12.0,0.0,3.0,1.0,1.0,4.5,0.0,7.0,4.0,3.0,7.0,0.0,26880.0
CRS3035RES200mN2625000E3472400,51.5,21.0,1.0,1.0,1.0,20.0,2.0,1423687.7,2297.0,0.0,21.0,0.0,0.0,0.0,3.0,5.5,2.0,5.0,12.0,6.0,15.0,3.0,27644.0
CRS3035RES200mN2625000E3472600,42.0,17.0,2.0,5.0,2.0,16.0,1.0,953907.8,1729.0,0.0,17.0,0.0,1.0,1.0,4.0,5.0,3.0,7.0,7.0,3.0,10.0,1.0,22712.0
CRS3035RES200mN2625000E3472800,15.5,4.6,0.0,0.3,0.8,4.3,0.0,391410.5,531.6,0.0,4.6,0.0,0.8,0.0,1.9,2.3,1.6,1.9,4.9,0.5,1.3,0.3,25252.0
CRS3035RES200mN2625000E3473200,2.0,0.6,0.0,0.0,0.1,0.6,0.0,50504.6,68.6,0.0,0.6,0.0,0.1,0.0,0.2,0.3,0.2,0.3,0.6,0.1,0.2,0.0,25252.0
CRS3035RES200mN2625000E3477200,56.0,27.0,1.0,9.0,0.0,21.0,6.0,1475577.8,2914.0,0.0,27.0,0.0,6.0,1.0,1.0,2.0,6.0,16.0,12.0,9.0,3.0,0.0,26350.0
CRS3035RES200mN2625000E3477400,70.5,30.0,3.0,7.0,1.0,20.0,7.0,1545003.0,3167.0,2.0,28.0,0.0,8.5,1.0,3.0,9.0,4.0,12.0,18.0,3.0,10.0,2.0,21915.0
CRS3035RES200mN2625000E3477600,48.5,21.0,1.0,7.0,1.0,12.0,4.0,1160259.7,1998.0,0.0,21.0,0.0,2.0,1.0,6.0,3.5,2.0,12.0,11.0,3.0,6.0,2.0,23923.0
CRS3035RES200mN2625000E3477800,60.0,23.0,4.0,4.0,4.0,18.0,4.0,1356552.9,2458.0,0.0,23.0,0.0,0.0,2.0,6.5,10.5,2.0,7.0,15.0,10.0,4.0,3.0,22609.0
CRS3035RES200mN2625000E3478000,13.0,6.0,0.0,1.5,0.0,5.0,0.0,424549.0,861.0,0.0,6.0,0.0,0.0,0.5,0.0,1.0,0.5,1.5,3.0,3.0,3.0,0.5,32658.0
CRS3035RES200mN2625000E3479800,3.0,1.4,0.0,0.3,0.0,1.2,0.0,97972.8,198.7,0.0,1.4,0.0,0.0,0.1,0.0,0.2,0.1,0.4,0.7,0.7,0.7,0.1,32658.0
CRS3035RES200mN2625000E3484600,14.0,5.4,0.4,1.1,0.4,4.3,0.3,341055.2,701.9,0.3,5.1,0.0,0.8,0.4,1.0,1.2,1.0,2.9,3.1,2.1,1.3,0.2,24361.0
CRS3035RES200mN2625000E3484800,54.0,22.0,1.0,8.0,1.0,18.0,2.0,1216923.4,2535.0,0.0,22.0,0.0,0.0,1.0,4.0,10.0,4.0,6.0,15.0,6.0,6.0,2.0,22536.0
CRS3035RES200mN2625000E3485000,46.0,14.8,0.8,2.5,2.5,12.3,0.0,1110023.5,1927.9,0.0,14.8,0.0,1.6,1.6,5.8,6.6,1.7,8.2,13.1,4.9,0.8,1.7,24131.0
CRS3035RES200mN2625000E3485200,4.0,1.3,0.1,0.2,0.2,1.1,0.0,96523.8,167.6,0.0,1.3,0.0,0.1,0.1,0.5,0.6,0.2,0.7,1.1,0.4,0.1,0.2,24131.0
CRS3035RES200mN2625000E3485800,6.0,1.9,0.1,0.3,0.3,1.6,0.0,144785.7,251.5,0.0,1.9,0.0,0.2,0.2,0.8,0.9,0.2,1.1,1.7,0.6,0.1,0.2,24131.0
CRS3035RES200mN2625000E3492800,4.0,1.6,0.3,0.3,0.0,1.1,0.1,88815.1,186.3,0.0,1.6,0.0,0.1,0.0,0.3,0.5,0.1,0.3,1.6,0.4,0.5,0.2,22204.0
CRS3035RES200mN2625000E3495400,11.0,4.5,0.8,0.8,0.0,3.1,0.4,244241.6,512.2,0.0,4.5,0.0,0.4,0.0,1.0,1.2,0.2,1.0,4.3,1.0,1.3,0.6,22204.0
CRS3035RES200mN2625000E3496000,4.0,1.6,0.1,0.2,0.1,1.6,0.1,100102.8,255.9,0.0,1.6,0.0,0.1,0.1,0.3,0.3,0.1,0.6,0.8,0.6,0.8,0.3,25026.0
CRS3035RES200mN2625000E3496200,1.0,0.4,0.0,0.1,0.0,0.4,0.0,25025.7,64.0,0.0,0.4,0.0,0.0,0.0,0.1,0.1,0.0,0.1,0.2,0.2,0.2,0.1,25026.0
CRS3035RES200mN2625200E3459400,5.0,2.7,0.2,1.2,0.0,2.2,0.3,138434.0,207.3,0.2,2.5,0.1,0.1,0.0,0.1,0.4,0.2,0.4,1.0,0.9,1.3,0.6,27687.0
CRS3035RES200mN2625200E3459600,232.0,125.0,42.0,61.0,3.0,22.0,24.0,4383290.8,7773.0,102.0,23.0,102.0,11.5,9.0,17.0,10.5,20.0,42.0,49.0,25.0,36.0,12.0,18893.0
CRS3035RES200mN2625200E3459800,347.0,229.0,86.0,149.0,3.0,0.0,38.0,5547091.3,11340.0,229.0,0.0,229.0,9.0,8.0,12.0,20.5,14.5,68.0,75.0,52.0,63.0,25.0,15986.0
CRS3035RES200mN2625200E3460000,252.0,156.0,53.0,96.0,4.0,2.0,28.0,4185310.7,8253.0,155.0,1.0,154.0,11.0,5.0,16.0,14.0,15.0,44.0,49.0,48.0,39.0,11.0,16608.0
CRS3035RES200mN2625200E3460200,311.5,189.0,69.0,115.0,7.0,3.0,31.0,5160443.3,10857.0,185.0,4.0,185.0,11.5,6.0,14.5,26.5,23.0,47.0,63.0,43.0,57.0,20.0,16566.0
CRS3035RES200mN2625200E3460400,464.5,330.0,27.0,214.0,1.0,212.0,15.0,14191703.5,23721.0,318.0,12.0,0.0,4.0,3.0,1.5,9.0,12.0,40.0,30.0,56.0,191.0,118.0,30553.0
CRS3035RES200mN2625200E3460600,89.0,45.0,1.0,18.0,3.0,35.0,0.0,3202845.1,5162.0,35.0,10.0,0.0,2.0,2.0,3.0,3.0,4.0,8.0,10.0,7.0,33.0,17.0,35987.0
CRS3035RES200mN2625200E3460800,127.0,65.0,4.0,20.0,1.0,56.0,8.0,4224106.3,7458.0,5.0,60.0,0.0,1.0,2.0,2.5,4.5,11.0,6.0,16.0,18.0,54.0,12.0,33261.0
CRS3035RES200mN2625200E3461000,179.5,91.0,16.0,36.0,4.0,60.0,10.0,5379440.1,9654.0,21.0,70.0,0.0,1.0,0.0,1.0,15.5,12.0,16.0,30.0,25.0,58.0,21.0,29969.0
CRS3035RES200mN2625200E3461200,230.5,109.0,9.0,37.0,3.0,92.0,5.0,8153709.0,11768.0,6.0,103.0,0.0,1.0,2.0,7.5,15.0,19.0,23.0,36.0,43.0,55.0,29.0,35374.0
CRS3035RES200mN2625200E3461400,213.0,135.0,10.0,74.0,1.0,63.0,3.0,6745563.6,10011.0,106.0,29.0,0.0,2.0,0.0,1.0,6.0,14.0,39.0,24.0,22.0,70.0,35.0,31669.0
CRS3035RES200mN2625200E3461600,38.5,27.0,2.0,15.0,0.0,11.0,1.0,1173479.9,1810.0,27.0,0.0,0.0,0.0,0.0,0.0,0.5,3.0,2.0,3.0,1.0,24.0,5.0,30480.0
CRS3035RES200mN2625200E3461800,199.5,121.0,17.0,67.0,0.0,28.0,14.0,5499021.4,8969.0,110.0,11.0,0.0,6.0,6.0,7.5,8.0,22.0,46.0,35.0,23.0,29.0,17.0,27564.0
CRS3035RES200mN2625200E3462000,384.5,243.0,40.0,154.0,4.0,96.0,18.0,11225643.9,17908.0,221.0,22.0,0.0,7.0,3.0,11.0,17.5,39.0,89.0,56.0,49.0,80.0,33.0,29195.0
CRS3035RES200mN2625200E3462200,438.5,308.0,66.0,209.0,3.0,68.0,27.0,10473000.7,16550.0,303.0,5.0,45.0,11.0,2.0,13.0,13.5,48.0,151.0,77.0,43.0,69.0,11.0,23884.0
CRS3035RES200mN2625200E3462400,275.0,194.0,41.0,139.0,0.0,44.0,12.0,6157379.6,11012.0,189.0,5.0,39.0,5.5,2.0,5.0,12.5,36.0,76.0,53.0,34.0,38.0,13.0,22390.0
CRS3035RES200mN2625200E3462600,202.5,128.0,17.0,77.0,2.0,49.0,12.0,5872444.2,9920.0,105.0,23.0,11.0,4.0,0.0,3.0,8.5,25.0,47.0,35.0,29.0,40.0,11.0,29000.0
CRS3035RES200mN2625200E3462800,191.5,117.0,20.0,63.0,1.0,27.0,11.0,5477473.1,7680.0,103.0,14.0,27.0,5.0,0.0,2.5,7.0,25.0,49.0,33.0,22.0,35.0,13.0,28603.0
CRS3035RES200mN2625200E3463000,27.0,12.0,1.0,5.0,0.0,6.0,0.0,756861.6,1010.0,0.0,12.0,0.0,5.0,1.0,1.0,0.0,1.0,10.0,1.0,3.0,4.0,1.0,28032.0
CRS3035RES200mN2625200E3463200,143.0,72.0,4.0,31.0,3.0,54.0,5.0,4111485.1,7402.0,17.0,55.0,0.0,2.0,2.5,2.5,12.0,11.0,21.0,27.0,13.0,30.0,22.0,28752.0
CRS3035RES200mN2625200E3463400,219.0,131.0,17.0,75.0,3.0,58.0,11.0,6359320.5,9655.0,73.0,58.0,5.0,8.0,1.0,6.0,11.0,26.0,57.0,38.0,20.0,35.0,17.0,29038.0
CRS3035RES200mN2625200E3463600,119.5,56.0,4.0,20.0,2.0,39.0,6.0,3824399.0,5489.0,8.0,48.0,0.0,3.0,5.5,3.0,8.0,12.0,18.0,24.0,10.0,27.0,9.0,32003.0
CRS3035RES200mN2625200E3463800,111.0,58.0,5.0,25.0,2.0,48.0,2.0,3408426.9,5895.0,3.0,55.0,0.0,3.0,1.0,4.0,7.0,6.0,6.0,21.0,20.0,32.0,11.0,30707.0
CRS3035RES200mN2625200E3464000,102.5,52.0,3.0,24.0,1.0,37.0,4.0,2909550.9,4125.0,10.0,42.0,0.0,4.0,1.0,10.0,7.5,5.0,19.0,26.0,13.0,11.0,6.0,28386.0
CRS3035RES200mN2625200E3464200,24.5,12.7,0.0,6.1,0.6,5.5,1.7,751048.3,1233.8,4.4,8.3,0.0,0.0,0.0,0.3,2.8,3.9,1.1,7.7,6.6,1.6,0.5,30655.0
CRS3035RES200mN2625200E3464400,171.5,114.0,19.0,67.0,0.0,17.0,17.0,3745953.6,6295.0,112.0,2.0,35.0,6.0,4.0,2.0,8.0,26.5,58.0,27.0,15.0,23.0,2.0,21842.0
CRS3035RES200mN2625200E3464600,20.0,10.3,0.0,4.9,0.4,4.5,1.3,613100.6,1007.2,3.6,6.7,0.0,0.0,0.0,0.2,2.2,3.1,0.9,6.3,5.4,1.4,0.5,30655.0
CRS3035RES200mN2625200E3464800,39.0,22.0,1.0,12.0,0.0,18.0,3.0,1119493.9,2677.0,0.0,22.0,0.0,0.0,1.0,1.0,1.0,5.0,3.0,10.0,6.0,12.0,0.0,28705.0
CRS3035RES200mN2625200E3465000,18.0,7.6,0.0,2.5,0.4,2.9,0.4,559600.7,888.1,0.7,6.9,0.0,0.0,0.0,1.8,1.4,2.2,2.2,4.3,1.8,4.0,0.3,31089.0
CRS3035RES200mN2625200E3465200,32.5,14.0,0.0,1.0,0.0,11.0,0.0,843712.3,1356.0,0.0,14.0,0.0,2.0,0.0,1.0,2.5,0.0,11.0,3.0,1.0,12.0,0.0,25960.0
CRS3035RES200mN2625200E3465400,39.0,16.0,1.0,3.0,0.0,14.0,3.0,1198536.6,1628.0,0.0,16.0,0.0,1.0,1.0,1.5,4.5,1.0,6.0,14.0,6.0,2.0,2.0,30732.0
CRS3035RES200mN2625200E3465600,22.0,9.2,0.0,3.1,0.4,3.5,0.4,683956.4,1085.5,0.9,8.3,0.0,0.0,0.0,2.2,1.8,2.6,2.7,5.3,2.2,4.8,0.4,31089.0
CRS3035RES200mN2625200E3467200,2.0,1.1,0.2,0.4,0.0,1.0,0.1,45626.3,109.6,0.0,1.1,0.0,0.0,0.1,0.1,0.1,0.2,0.3,0.1,0.3,0.5,0.3,22813.0
CRS3035RES200mN2625200E3467400,2.0,1.1,0.2,0.4,0.0,1.0,0.1,45626.3,109.6,0.0,1.1,0.0,0.0,0.1,0.1,0.1,0.2,0.3,0.1,0.3,0.5,0.3,22813.0
CRS3035RES200mN2625200E3471200,9.0,3.2,0.0,0.2,0.2,3.0,0.4,288695.4,357.4,0.0,3.2,0.0,0.6,0.0,0.4,0.5,1.2,1.0,3.1,0.2,1.6,0.4,32077.0
CRS3035RES200mN2625200E3472400,10.0,3.0,0.0,0.2,0.5,2.8,0.0,252522.9,343.0,0.0,3.0,0.0,0.5,0.0,1.2,1.5,1.0,1.2,3.1,0.4,0.9,0.2,25252.0
CRS3035RES200mN2625200E3472600,5.0,1.5,0.0,0.1,0.3,1.4,0.0,126261.5,171.5,0.0,1.5,0.0,0.3,0.0,0.6,0.7,0.5,0.6,1.6,0.2,0.4,0.1,25252.0
CRS3035RES200mN2625200E3477200,46.0,24.0,1.0,12.0,1.0,17.0,2.0,1196189.8,2907.0,0.0,24.0,0.0,1.0,0.0,3.0,4.0,4.0,5.0,11.0,7.0,6.0,5.0,26004.0
CRS3035RES200mN2625200E3477400,50.0,26.0,1.0,13.0,2.0,19.0,4.0,1142652.1,2650.0,4.0,22.0,0.0,3.0,1.0,3.5,5.5,1.0,12.0,9.0,7.0,5.0,3.0,22853.0
CRS3035RES200mN2625200E3477600,11.5,4.7,0.3,0.3,0.0,4.4,1.1,284456.0,541.7,0.0,4.7,0.0,0.5,0.3,0.1,1.1,1.1,2.8,2.2,1.4,1.7,0.3,24735.0
CRS3035RES200mN2625200E3477800,4.5,1.8,0.1,0.1,0.0,1.7,0.4,111308.9,212.0,0.0,1.8,0.0,0.2,0.1,0.1,0.4,0.4,1.1,0.9,0.5,0.7,0.1,24735.0
CRS3035RES200mN2625200E3482200,6.0,2.3,0.6,0.5,0.2,1.8,0.2,123451.0,285.0,0.0,2.3,0.0,0.3,0.0,0.5,0.5,0.5,1.1,1.5,1.0,0.6,0.0,20575.0
CRS3035RES200mN2625200E3484400,26.5,10.3,0.8,2.1,0.8,8.2,0.6,645568.8,1328.6,0.6,9.7,0.0,1.5,0.8,1.9,2.2,1.8,5.5,5.9,4.0,2.5,0.4,24361.0
CRS3035RES200mN2625200E3484600,91.0,41.0,3.0,17.0,4.0,26.0,5.0,2008165.6,4366.0,0.0,41.0,0.0,2.0,2.0,4.5,9.5,6.0,19.0,23.0,13.0,5.0,7.0,22068.0
CRS3035RES200mN2625200E3484800,17.0,6.6,0.5,1.3,0.5,5.3,0.4,414138.5,852.3,0.4,6.2,0.0,0.9,0.5,1.2,1.4,1.2,3.5,3.8,2.6,1.6,0.3,24361.0
CRS3035RES200mN2625200E3487600,6.0,2.5,0.1,0.7,0.1,1.9,0.1,154661.6,269.4,0.0,2.5,0.0,0.3,0.1,0.3,0.6,0.4,1.5,1.9,0.4,0.2,0.3,25777.0
CRS3035RES200mN2625200E3487800,2.0,0.8,0.0,0.2,0.0,0.6,0.0,51553.9,89.8,0.0,0.8,0.0,0.1,0.1,0.1,0.2,0.1,0.5,0.6,0.1,0.1,0.1,25777.0
CRS3035RES200mN2625200E3489200,2.0,0.8,0.2,0.2,0.1,0.6,0.1,45331.6,108.0,0.0,0.8,0.0,0.0,0.0,0.2,0.1,0.3,0.5,0.4,0.2,0.2,0.1,22666.0
CRS3035RES200mN2625200E3495400,41.5,15.0,1.0,2.0,2.0,13.0,1.0,994418.5,2046.0,0.0,15.0,0.0,2.0,0.0,4.5,4.0,3.0,9.0,7.0,4.0,3.0,5.0,23962.0
CRS3035RES200mN2625200E3495600,8.0,3.3,0.6,0.6,0.0,2.3,0.3,177630.3,372.5,0.0,3.3,0.0,0.3,0.0,0.7,0.9,0.2,0.7,3.1,0.7,1.0,0.4,22204.0
CRS3035RES200mN2625200E3498400,4.0,2.0,0.4,0.9,0.1,1.7,0.1,105388.6,183.8,0.0,2.0,0.0,0.2,0.2,0.0,0.1,0.4,0.5,0.8,0.5,1.2,0.1,26347.0
CRS3035RES200mN2625200E3498600,2.0,1.0,0.2,0.5,0.0,0.8,0.0,52694.3,91.9,0.0,1.0,0.0,0.1,0.1,0.0,0.0,0.2,0.3,0.4,0.2,0.6,0.1,26347.0
CRS3035RES200mN2625400E3459400,27.0,14.7,1.2,6.5,0.0,11.7,1.8,747543.3,1119.3,1.2,13.5,0.6,0.6,0.0,0.6,2.3,1.2,2.4,5.3,4.7,7.0,2.9,27687.0
CRS3035RES200mN2625400E3459600,274.0,142.0,34.0,69.0,0.0,34.0,16.0,5464692.2,9219.0,107.0,35.0,107.0,15.0,5.0,13.0,22.5,20.5,53.0,57.0,32.0,42.0,14.0,19944.0
CRS3035RES200mN2625400E3459800,259.0,148.0,45.0,79.0,2.0,26.0,28.0,5101775.7,8706.0,120.0,28.0,120.0,12.0,2.5,13.5,22.5,19.5,36.0,65.0,31.0,42.0,15.0,19698.0
CRS3035RES200mN2625400E3460000,204.5,101.0,41.0,43.0,3.0,4.0,30.0,3294964.5,5921.0,97.0,4.0,93.0,13.0,6.0,15.5,27.0,13.0,34.0,42.0,24.0,21.0,9.0,16112.0
CRS3035RES200mN2625400E3460200,104.0,85.0,7.0,69.0,1.0,32.0,2.0,2532299.5,4711.0,81.0,4.0,0.0,0.0,0.0,0.0,2.0,7.0,22.0,12.0,13.0,31.0,17.0,24349.0
CRS3035RES200mN2625400E3460400,155.0,114.0,10.0,79.0,0.0,67.0,5.0,4186169.4,7236.0,114.0,0.0,0.0,2.0,1.0,1.0,3.0,6.0,17.0,15.0,19.0,58.0,33.0,27008.0
CRS3035RES200mN2625400E3460600,113.5,66.0,7.0,29.0,0.0,40.0,10.0,3471469.9,6311.0,27.0,39.0,0.0,2.0,1.0,3.0,5.5,7.0,14.0,14.0,20.0,36.0,11.0,30586.0
CRS3035RES200mN2625400E3460800,173.5,75.0,5.0,21.0,6.0,55.0,2.0,6446707.1,8543.0,4.0,71.0,0.0,4.0,4.0,17.0,10.0,6.5,16.0,38.0,19.0,41.0,18.0,37157.0
CRS3035RES200mN2625400E3461000,236.0,122.0,8.0,49.0,3.0,55.0,7.0,7446474.4,10043.0,54.0,68.0,0.0,4.5,4.0,9.0,13.5,12.0,59.0,38.0,28.0,52.0,16.0,31553.0
CRS3035RES200mN2625400E3461200,240.5,117.0,10.0,36.0,5.0,92.0,13.0,8142401.6,11994.0,45.0,72.0,0.0,6.0,3.5,7.0,13.5,18.5,25.0,35.0,32.0,71.0,29.0,33856.0
CRS3035RES200mN2625400E3461400,472.0,334.0,23.0,220.0,1.0,193.0,7.0,14665156.5,25763.0,315.0,19.0,0.0,3.0,2.0,7.0,9.5,12.5,43.0,52.0,38.0,159.0,146.0,31070.0
CRS3035RES200mN2625400E3461600,285.0,204.0,10.0,129.0,0.0,164.0,5.0,9784549.4,18001.0,200.0,4.0,0.0,0.0,1.0,2.0,1.0,4.0,6.0,19.0,30.0,111.0,111.0,34332.0
CRS3035RES200mN2625400E3461800,28.0,18.0,6.0,14.0,1.0,5.0,0.0,707186.8,1080.0,16.0,2.0,4.0,0.0,0.0,1.0,4.0,2.0,3.0,9.0,3.0,2.0,4.0,25257.0
CRS3035RES200mN2625400E3462000,198.0,133.0,30.0,95.0,4.0,41.0,7.0,5326476.7,9079.0,114.0,19.0,0.0,4.0,2.5,8.5,5.5,23.5,56.0,26.0,17.0,40.0,15.0,26901.0
CRS3035RES200mN2625400E3462200,304.5,200.0,39.0,129.0,1.0,67.0,16.0,7948513.7,14465.0,188.0,12.0,13.0,3.0,0.5,3.0,16.5,42.5,60.0,54.0,38.0,75.0,12.0,26103.0
CRS3035RES200mN2625400E3462400,455.0,318.0,61.0,218.0,2.0,91.0,24.0,11326233.1,17758.0,313.0,5.0,0.0,9.0,2.0,7.0,20.5,68.5,127.0,88.0,43.0,72.0,18.0,24893.0
CRS3035RES200mN2625400E3462600,430.0,269.0,59.0,167.0,6.0,95.0,15.0,11782901.4,18376.0,217.0,52.0,9.0,4.5,4.0,15.5,18.5,54.5,103.0,73.0,36.0,81.0,40.0,27402.0
CRS3035RES200mN2625400E3462800,291.0,193.0,27.0,123.0,2.0,73.0,12.0,8231147.4,12350.0,141.0,52.0,3.0,4.0,0.5,4.5,9.0,42.0,68.0,45.0,42.0,52.0,24.0,28286.0
CRS3035RES200mN2625400E3463000,100.5,59.0,4.0,32.0,1.0,40.0,3.0,3261435.0,4956.0,37.0,22.0,0.0,4.0,0.0,0.0,5.5,5.0,17.0,12.0,18.0,29.0,10.0,32452.0
CRS3035RES200mN2625400E3463200,217.0,108.0,8.0,42.0,5.0,73.0,6.0,6840423.2,9639.0,41.0,67.0,0.0,5.0,3.0,4.0,10.0,24.0,36.0,36.0,31.0,46.0,22.0,31523.0
CRS3035RES200mN2625400E3463400,182.0,114.0,14.0,72.0,1.0,40.0,4.0,4727915.8,7710.0,77.0,37.0,38.0,10.0,2.0,1.0,9.0,15.0,40.0,31.0,33.0,29.0,12.0,25978.0
CRS3035RES200mN2625400E3463600,45.0,21.0,2.0,7.0,1.0,16.0,3.0,1396393.6,2081.0,1.0,20.0,0.0,0.0,1.0,1.0,7.0,4.0,2.0,15.0,4.0,10.0,1.0,31031.0
CRS3035RES200mN2625400E3463800,33.0,15.0,1.0,4.0,1.0,14.0,1.0,1053211.1,1323.0,0.0,15.0,0.0,1.0,1.0,4.0,2.0,0.0,3.0,5.0,3.0,14.0,0.0,31915.0
CRS3035RES200mN2625400E3464000,228.0,120.0,17.0,56.0,7.0,60.0,23.0,5420696.1,7875.0,91.0,29.0,24.0,8.0,4.5,12.0,21.5,17.0,67.0,58.0,19.0,16.0,5.0,23775.0
CRS3035RES200mN2625400E3464200,187.5,111.0,14.0,65.0,6.0,39.0,22.0,3899673.1,6966.0,97.0,14.0,31.0,6.0,5.0,9.0,20.5,22.0,45.0,36.0,16.0,18.0,10.0,20798.0
CRS3035RES200mN2625400E3464400,219.0,134.0,13.0,77.0,1.0,40.0,7.0,5480394.1,8367.0,99.0,35.0,21.0,6.0,1.0,5.0,9.0,16.0,55.0,50.0,32.0,37.0,8.0,25025.0
CRS3035RES200mN2625400E3464600,49.0,25.0,4.0,10.0,1.0,18.0,2.0,1126193.7,2977.0,2.0,23.0,2.0,2.0,0.0,4.0,1.0,2.0,9.0,7.0,8.0,14.0,2.0,22984.0
CRS3035RES200mN2625400E3464800,42.5,27.0,2.0,15.0,1.0,16.0,1.0,1108081.2,2444.0,14.0,13.0,0.0,1.0,0.0,0.0,1.5,5.0,7.0,9.0,2.0,15.0,2.0,26072.0
CRS3035RES200mN2625400E3465000,66.0,33.0,0.0,13.0,2.0,19.0,2.0,1926403.0,3063.0,7.0,26.0,0.0,2.0,0.0,0.0,3.0,7.0,17.0,6.0,16.0,13.0,2.0,29188.0
CRS3035RES200mN2625400E3465200,6.0,2.5,0.0,0.8,0.1,1.0,0.1,186533.6,296.0,0.2,2.3,0.0,0.0,0.0,0.6,0.5,0.7,0.7,1.5,0.6,1.3,0.1,31089.0
CRS3035RES200mN2625400E3465400,84.0,48.0,5.0,21.0,1.0,28.0,5.0,2393751.2,4067.0,23.0,25.0,0.0,6.0,1.0,1.0,2.0,6.0,26.0,11.0,15.0,13.0,3.0,28497.0
CRS3035RES200mN2625400E3465600,125.5,55.0,2.0,14.0,3.0,42.0,4.0,3980723.9,5786.0,9.0,46.0,0.0,7.0,6.0,7.0,8.5,6.0,23.0,21.0,17.0,20.0,10.0,31719.0
CRS3035RES200mN2625400E3465800,46.0,25.0,1.0,9.0,0.0,21.0,2.0,1339374.6,2502.0,0.0,25.0,0.0,0.0,0.0,0.0,3.0,4.0,6.0,3.0,8.0,18.0,4.0,29117.0
CRS3035RES200mN2625400E3466000,4.0,2.2,0.0,0.6,0.0,1.9,0.2,114460.7,235.3,0.0,2.2,0.0,0.2,0.0,0.0,0.0,0.4,0.5,0.7,0.9,0.8,0.5,28615.0
CRS3035RES200mN2625400E3467200,1.0,0.5,0.1,0.2,0.0,0.5,0.1,22813.1,54.8,0.0,0.5,0.0,0.0,0.0,0.1,0.0,0.1,0.1,0.1,0.1,0.3,0.2,22813.0
CRS3035RES200mN2625400E3467400,6.0,3.3,0.7,1.3,0.0,2.9,0.4,136878.8,328.9,0.0,3.3,0.0,0.0,0.2,0.4,0.2,0.5,0.9,0.4,0.9,1.6,0.9,22813.0
CRS3035RES200mN2625400E3468200,23.0,10.3,1.1,3.4,0.6,4.6,0.6,566602.1,1052.2,0.0,10.3,0.0,4.6,0.0,1.1,0.0,1.7,4.0,3.5,3.5,4.6,0.0,24635.0
CRS3035RES200mN2625400E3468400,12.0,5.4,0.6,1.8,0.3,2.4,0.3,295618.5,549.0,0.0,5.4,0.0,2.4,0.0,0.6,0.0,0.9,2.1,1.8,1.8,2.4,0.0,24635.0
CRS3035RES200mN2625400E3471000,4.0,1.4,0.0,0.1,0.1,1.3,0.2,128309.1,158.8,0.0,1.4,0.0,0.3,0.0,0.2,0.2,0.5,0.5,1.3,0.1,0.7,0.2,32077.0
CRS3035RES200mN2625400E3471200,77.0,32.0,0.0,6.0,1.0,21.0,5.0,2003142.9,3256.0,0.0,32.0,0.0,3.0,2.0,5.0,4.0,5.0,21.0,10.0,16.0,10.0,1.0,26015.0
CRS3035RES200mN2625400E3471400,10.0,3.6,0.0,0.2,0.2,3.4,0.4,320772.7,397.1,0.0,3.6,0.0,0.7,0.0,0.4,0.6,1.3,1.1,3.4,0.2,1.8,0.5,32077.0
CRS3035RES200mN2625400E3477200,38.0,16.0,1.0,3.0,0.0,13.0,3.0,1060963.5,2285.0,0.0,16.0,0.0,0.0,2.0,3.0,3.0,3.0,9.0,5.0,7.0,5.0,1.0,27920.0
CRS3035RES200mN2625400E3477400,25.5,10.4,0.6,0.6,0.0,9.8,2.5,630750.2,1201.3,0.0,10.4,0.0,1.2,0.6,0.3,2.5,2.5,6.1,4.9,3.1,3.7,0.6,24735.0
CRS3035RES200mN2625400E3481200,7.0,2.8,0.2,0.5,0.0,2.5,0.1,188292.5,371.9,0.0,2.8,0.0,0.1,0.0,0.6,0.7,0.1,1.2,1.4,1.0,1.6,0.3,26899.0
CRS3035RES200mN2625400E3481400,4.0,1.6,0.1,0.3,0.0,1.4,0.1,107595.7,212.5,0.0,1.6,0.0,0.1,0.0,0.3,0.4,0.1,0.7,0.8,0.6,0.9,0.1,26899.0
CRS3035RES200mN2625400E3482400,8.0,3.1,0.8,0.6,0.3,2.5,0.3,164601.3,380.0,0.0,3.1,0.0,0.4,0.1,0.7,0.6,0.6,1.4,2.1,1.3,0.8,0.0,20575.0
CRS3035RES200mN2625400E3482600,10.0,3.9,1.0,0.8,0.3,3.1,0.3,205751.6,475.0,0.0,3.9,0.0,0.5,0.1,0.9,0.8,0.8,1.8,2.6,1.6,0.9,0.0,20575.0
CRS3035RES200mN2625400E3482800,17.5,6.8,1.7,1.4,0.6,5.4,0.6,360065.4,831.3,0.0,6.8,0.0,0.9,0.1,1.6,1.4,1.4,3.1,4.5,2.8,1.7,0.0,20575.0
CRS3035RES200mN2625400E3484400,10.0,3.9,0.3,0.8,0.3,3.1,0.2,243610.9,501.3,0.2,3.7,0.0,0.6,0.3,0.7,0.8,0.7,2.1,2.2,1.5,0.9,0.2,24361.0
CRS3035RES200mN2625400E3484600,33.0,14.0,3.0,3.0,0.0,10.0,2.0,641713.2,1482.0,0.0,14.0,0.0,2.0,0.0,2.0,5.0,0.0,4.0,13.0,2.0,3.0,2.0,19446.0
CRS3035RES200mN2625400E3484800,9.0,3.5,0.3,0.7,0.3,2.8,0.2,219249.8,451.2,0.2,3.3,0.0,0.5,0.3,0.6,0.7,0.6,1.9,2.0,1.4,0.9,0.1,24361.0
CRS3035RES200mN2625400E3487600,31.0,12.9,0.8,3.8,0.8,9.8,0.8,799084.8,1392.0,0.0,12.9,0.0,1.5,0.7,1.5,3.0,2.3,7.6,9.8,2.3,0.8,1.5,25777.0
CRS3035RES200mN2625400E3487800,34.5,15.0,0.0,5.0,1.0,11.0,0.0,820483.3,1646.0,0.0,15.0,0.0,3.0,3.0,2.0,0.5,1.0,10.0,2.0,4.0,6.0,3.0,23782.0
CRS3035RES200mN2625400E3488000,4.0,1.4,0.1,0.3,0.1,0.9,0.2,94762.7,143.0,0.0,1.4,0.0,0.3,0.2,0.3,0.7,0.2,0.8,1.1,0.2,0.2,0.0,23691.0
CRS3035RES200mN2625400E3488200,17.0,6.0,0.6,1.2,0.4,3.6,1.0,402741.7,607.8,0.0,6.0,0.0,1.3,0.8,1.3,2.9,0.9,3.4,4.6,1.0,0.8,0.0,23691.0
CRS3035RES200mN2625400E3489600,5.0,1.9,0.4,0.5,0.3,1.4,0.1,113329.0,270.0,0.0,1.9,0.0,0.1,0.1,0.5,0.1,0.8,1.2,1.0,0.5,0.4,0.3,22666.0
CRS3035RES200mN2625400E3492800,2.0,0.8,0.1,0.1,0.0,0.6,0.1,44407.6,93.1,0.0,0.8,0.0,0.1,0.0,0.2,0.2,0.0,0.2,0.8,0.2,0.2,0.1,22204.0
CRS3035RES200mN2625400E3495400,18.5,7.5,1.3,1.3,0.0,5.2,0.7,410770.0,861.5,0.0,7.5,0.0,0.7,0.0,1.6,2.1,0.3,1.6,7.2,1.7,2.3,1.0,22204.0
CRS3035RES200mN2625600E3458200,5.0,3.1,0.5,1.4,0.0,1.0,0.5,111413.3,218.3,0.2,2.9,0.0,0.2,0.0,0.0,0.0,0.2,1.0,0.7,1.7,1.2,0.0,22283.0
CRS3035RES200mN2625600E3458400,34.0,16.0,5.0,7.0,1.0,8.0,2.0,766198.7,1141.0,4.0,12.0,0.0,4.0,2.0,2.0,2.0,2.0,5.0,12.0,2.0,2.0,1.0,22535.0
CRS3035RES200mN2625600E3459600,80.0,37.0,12.0,16.0,3.0,6.0,14.0,1387646.4,2354.0,31.0,6.0,31.0,6.0,3.0,6.0,14.0,5.0,14.0,14.0,6.0,8.0,4.0,17346.0
CRS3035RES200mN2625600E3459800,248.0,114.0,28.0,44.0,8.0,42.0,21.0,5087967.7,8278.0,70.0,44.0,53.0,16.0,3.0,17.0,17.5,29.5,49.0,49.0,27.0,30.0,10.0,20516.0
CRS3035RES200mN2625600E3460000,384.5,220.0,70.0,120.0,5.0,44.0,36.0,7467349.3,13281.0,180.0,40.0,163.0,20.5,5.5,26.0,20.5,25.0,50.0,55.0,61.0,81.0,40.0,19421.0
CRS3035RES200mN2625600E3460200,354.5,157.0,35.0,64.0,15.0,41.0,30.0,7122724.2,11981.0,112.0,45.0,108.0,20.0,9.0,29.5,39.0,28.0,50.0,58.0,40.0,64.0,17.0,20092.0
CRS3035RES200mN2625600E3460400,147.5,77.0,8.0,35.0,4.0,50.0,3.0,4553959.5,6721.0,32.0,45.0,0.0,2.0,1.5,8.0,12.0,6.0,22.0,32.0,14.0,35.0,15.0,30874.0
CRS3035RES200mN2625600E3460600,181.0,81.0,7.0,26.0,8.0,64.0,8.0,5975179.6,8595.0,26.0,55.0,0.0,8.0,6.0,13.0,12.0,12.0,29.0,30.0,28.0,34.0,9.0,33012.0
CRS3035RES200mN2625600E3460800,302.5,176.0,4.0,89.0,4.0,111.0,13.0,9027001.5,14280.0,116.0,60.0,0.0,8.0,4.0,6.0,17.0,14.5,26.0,31.0,47.0,91.0,58.0,29841.0
CRS3035RES200mN2625600E3461000,317.0,164.0,20.0,76.0,7.0,91.0,13.0,10211422.1,14099.0,74.0,90.0,31.0,12.0,6.5,14.0,27.5,18.0,48.0,61.0,54.0,52.0,24.0,32213.0
CRS3035RES200mN2625600E3461200,228.0,112.0,8.0,44.0,2.0,87.0,7.0,7875291.4,12399.0,16.0,96.0,0.0,6.0,5.0,9.5,13.5,13.0,24.0,41.0,30.0,63.0,23.0,34541.0
CRS3035RES200mN2625600E3461400,162.5,70.0,4.0,20.0,7.0,59.0,5.0,5869150.6,8879.0,7.0,63.0,0.0,3.0,1.0,11.0,9.5,16.0,10.0,30.0,20.0,33.0,29.0,36118.0
CRS3035RES200mN2625600E3461600,214.0,144.0,11.0,91.0,0.0,106.0,7.0,6286708.7,11998.0,126.0,18.0,0.0,4.0,1.0,4.5,5.5,5.0,19.0,23.0,20.0,67.0,65.0,29377.0
CRS3035RES200mN2625600E3461800,23.0,10.5,0.0,2.9,1.0,9.6,1.9,807694.0,2135.2,0.9,9.6,0.0,0.0,1.0,3.8,0.0,1.0,2.9,1.9,1.9,8.6,1.9,35117.0
CRS3035RES200mN2625600E3462000,21.0,11.0,0.0,4.0,0.0,6.0,2.0,613176.8,851.0,10.0,1.0,0.0,1.0,0.0,0.0,4.0,0.0,4.0,4.0,1.0,6.0,1.0,29199.0
CRS3035RES200mN2625600E3462200,279.5,180.0,30.0,117.0,3.0,69.0,8.0,7826010.6,11933.0,163.0,17.0,7.0,8.0,4.0,4.5,12.0,21.0,69.0,45.0,30.0,57.0,29.0,28000.0
CRS3035RES200mN2625600E3462400,411.0,290.0,64.0,206.0,3.0,78.0,28.0,9778446.2,15665.0,268.0,22.0,3.0,8.0,2.0,9.5,20.5,56.0,120.0,84.0,47.0,49.0,15.0,23792.0
CRS3035RES200mN2625600E3462600,316.0,212.0,51.0,140.0,4.0,62.0,20.0,8049077.6,12718.0,183.0,29.0,15.0,8.0,4.0,10.0,15.0,33.0,95.0,59.0,37.0,41.0,14.0,25472.0
CRS3035RES200mN2625600E3462800,65.5,41.0,3.0,29.0,2.0,18.0,2.0,1697993.5,2680.0,24.0,17.0,0.0,2.0,1.0,1.5,4.0,7.0,14.0,12.0,11.0,8.0,5.0,25924.0
CRS3035RES200mN2625600E3463000,387.0,205.0,29.0,93.0,7.0,45.0,42.0,8671254.1,13326.0,178.0,27.0,102.0,18.0,11.5,24.0,22.5,35.0,98.0,79.0,37.0,51.0,11.0,22406.0
CRS3035RES200mN2625600E3463200,157.0,92.0,12.0,55.0,4.0,52.0,8.0,4565310.0,6799.0,42.0,50.0,2.0,6.0,1.0,4.0,7.0,12.0,29.0,22.0,31.0,27.0,18.0,29078.0
CRS3035RES200mN2625600E3463400,132.5,98.0,14.0,74.0,1.0,42.0,4.0,3424555.8,5924.0,61.0,37.0,3.0,2.0,1.0,2.5,6.0,14.0,36.0,24.0,10.0,26.0,11.0,25846.0
CRS3035RES200mN2625600E3463600,160.5,95.0,5.0,50.0,1.0,43.0,7.0,4402646.8,6803.0,57.0,38.0,0.0,3.0,1.0,2.5,10.5,12.5,34.0,22.0,23.0,40.0,12.0,27431.0
CRS3035RES200mN2625600E3463800,44.5,24.0,1.0,12.0,1.0,21.0,2.0,1507777.1,2222.0,13.0,11.0,0.0,1.0,1.0,1.0,1.5,3.0,8.0,3.0,15.0,8.0,3.0,33883.0
CRS3035RES200mN2625600E3464000,247.5,120.0,29.0,52.0,4.0,31.0,23.0,5018614.8,8511.0,69.0,51.0,56.0,10.0,3.5,18.5,35.0,18.5,50.0,65.0,18.0,21.0,8.0,20277.0
CRS3035RES200mN2625600E3464200,362.5,209.0,49.0,115.0,6.0,40.0,35.0,6983136.1,14659.0,150.0,59.0,158.0,7.0,7.5,25.5,19.5,23.0,63.0,86.0,57.0,56.0,18.0,19264.0
CRS3035RES200mN2625600E3464400,92.0,48.0,4.0,22.0,1.0,31.0,4.0,2449588.8,3974.0,7.0,41.0,5.0,3.0,2.5,1.5,3.0,8.0,17.0,17.0,14.0,19.0,7.0,26626.0
CRS3035RES200mN2625600E3464600,92.0,43.0,5.0,13.0,1.0,22.0,7.0,2077195.6,3227.0,2.0,41.0,11.0,1.0,0.0,2.0,6.0,15.0,10.0,20.0,14.0,18.0,6.0,22578.0
CRS3035RES200mN2625600E3464800,150.5,65.0,2.0,11.0,0.0,52.0,12.0,4401081.6,6333.0,0.0,65.0,0.0,3.0,3.0,8.5,13.5,10.5,29.0,30.0,25.0,23.0,5.0,29243.0
CRS3035RES200mN2625600E3465000,144.5,82.0,5.0,40.0,1.0,49.0,9.0,4274405.1,6893.0,49.0,33.0,0.0,1.5,2.0,6.5,10.5,6.0,31.0,38.0,16.0,24.0,9.0,29581.0
CRS3035RES200mN2625600E3465200,58.0,39.0,5.0,27.0,1.0,10.0,2.0,1501981.6,2403.0,24.0,15.0,24.0,0.0,0.0,4.0,2.0,3.0,2.0,9.0,11.0,18.0,9.0,25896.0
CRS3035RES200mN2625600E3465400,111.5,66.0,5.0,33.0,2.0,28.0,9.0,3094697.0,5769.0,34.0,32.0,9.0,1.0,3.0,1.0,6.5,5.0,25.0,19.0,19.0,28.0,4.0,27755.0
CRS3035RES200mN2625600E3465600,56.0,23.0,0.0,9.0,2.0,14.0,1.0,1977706.6,2643.0,3.0,20.0,0.0,2.0,0.0,3.0,5.0,7.0,8.0,13.0,7.0,6.0,5.0,35316.0
CRS3035RES200mN2625600E3465800,82.0,48.0,8.0,24.0,0.0,8.0,10.0,1809436.4,2999.0,21.0,27.0,25.0,3.5,2.5,3.0,6.0,5.0,17.0,16.0,16.0,10.0,3.0,22066.0
CRS3035RES200mN2625600E3466000,55.0,35.0,3.0,25.0,2.0,10.0,0.0,1329190.8,2214.0,25.0,10.0,0.0,2.0,3.0,1.0,3.0,3.0,25.0,8.0,5.0,5.0,0.0,24167.0
CRS3035RES200mN2625600E3467000,20.0,10.9,2.4,4.2,0.0,9.7,1.2,456262.6,1096.4,0.0,10.9,0.0,0.0,0.6,1.2,0.6,1.8,3.0,1.2,3.0,5.5,3.1,22813.0
CRS3035RES200mN2625600E3469400,2.0,1.1,0.2,0.5,0.0,0.4,0.2,44595.7,83.8,0.0,1.1,0.3,0.3,0.0,0.0,0.1,0.2,0.7,0.2,0.3,0.1,0.1,22298.0
CRS3035RES200mN2625600E3469600,2.0,1.1,0.2,0.5,0.0,0.4,0.2,44595.7,83.8,0.0,1.1,0.3,0.3,0.0,0.0,0.1,0.2,0.7,0.2,0.3,0.1,0.1,22298.0
CRS3035RES200mN2625600E3471200,37.0,16.0,1.0,3.0,2.0,14.0,0.0,1037402.6,1700.0,1.0,15.0,0.0,1.0,0.0,3.0,4.0,0.0,6.0,5.0,5.0,13.0,0.0,28038.0
CRS3035RES200mN2625600E3471400,41.0,19.0,1.0,4.0,0.0,17.0,2.0,1200141.7,1898.0,0.0,19.0,0.0,1.0,0.0,2.5,1.5,3.0,6.0,6.0,5.0,14.0,2.0,29272.0
CRS3035RES200mN2625600E3476200,14.0,5.5,0.0,1.5,0.7,4.8,0.0,390983.1,698.0,0.0,5.5,0.0,0.7,0.0,0.9,1.7,0.7,2.8,4.6,1.5,0.9,0.2,27927.0
CRS3035RES200mN2625600E3479600,2.0,0.9,0.0,0.2,0.0,0.8,0.0,65315.2,132.5,0.0,0.9,0.0,0.0,0.1,0.0,0.1,0.1,0.2,0.4,0.5,0.5,0.1,32658.0
CRS3035RES200mN2625600E3481200,2.0,0.8,0.1,0.1,0.0,0.7,0.0,53797.8,106.2,0.0,0.8,0.0,0.0,0.0,0.2,0.2,0.0,0.3,0.4,0.3,0.5,0.1,26899.0
CRS3035RES200mN2625600E3482200,4.5,1.7,0.4,0.4,0.1,1.4,0.1,92588.2,213.8,0.0,1.7,0.0,0.2,0.0,0.4,0.4,0.4,0.8,1.2,0.7,0.4,0.0,20575.0
CRS3035RES200mN2625600E3482400,8.0,3.1,0.8,0.6,0.3,2.5,0.3,164601.3,380.0,0.0,3.1,0.0,0.4,0.1,0.7,0.6,0.6,1.4,2.1,1.3,0.8,0.0,20575.0
CRS3035RES200mN2625600E3482600,1.0,0.4,0.1,0.1,0.0,0.3,0.0,20575.2,47.5,0.0,0.4,0.0,0.0,0.0,0.1,0.1,0.1,0.2,0.2,0.2,0.1,0.0,20575.0
CRS3035RES200mN2625600E3482800,1.0,0.4,0.1,0.1,0.0,0.3,0.0,20575.2,47.5,0.0,0.4,0.0,0.0,0.0,0.1,0.1,0.1,0.2,0.2,0.2,0.1,0.0,20575.0
CRS3035RES200mN2625600E3484000,4.0,1.6,0.1,0.3,0.1,1.2,0.1,97444.3,200.5,0.1,1.5,0.0,0.2,0.1,0.3,0.3,0.3,0.8,0.9,0.6,0.4,0.1,24361.0
CRS3035RES200mN2625600E3484400,21.0,8.2,0.7,1.7,0.7,6.5,0.5,511582.8,1052.8,0.5,7.7,0.0,1.2,0.7,1.5,1.7,1.4,4.3,4.7,3.2,2.0,0.3,24361.0
CRS3035RES200mN2625600E3484600,17.5,6.8,0.6,1.4,0.6,5.4,0.4,426319.0,877.4,0.4,6.4,0.0,1.0,0.5,1.2,1.5,1.2,3.6,3.9,2.6,1.7,0.3,24361.0
CRS3035RES200mN2625600E3488000,8.0,2.8,0.3,0.5,0.2,1.7,0.5,189525.5,286.0,0.0,2.8,0.0,0.6,0.4,0.6,1.4,0.4,1.6,2.2,0.4,0.4,0.0,23691.0
CRS3035RES200mN2625600E3488200,7.5,2.6,0.3,0.5,0.2,1.6,0.4,177680.2,268.1,0.0,2.6,0.0,0.6,0.3,0.6,1.3,0.4,1.5,2.0,0.4,0.4,0.0,23691.0
CRS3035RES200mN2625600E3489600,1.0,0.4,0.1,0.1,0.1,0.3,0.0,22665.8,54.0,0.0,0.4,0.0,0.0,0.0,0.1,0.0,0.2,0.2,0.2,0.1,0.1,0.1,22666.0
CRS3035RES200mN2625600E3489800,4.0,1.5,0.3,0.4,0.2,1.1,0.1,90663.2,216.0,0.0,1.5,0.0,0.1,0.1,0.4,0.1,0.6,1.0,0.8,0.4,0.3,0.2,22666.0
CRS3035RES200mN2625600E3496200,2.0,0.8,0.1,0.1,0.1,0.8,0.1,50051.4,127.9,0.0,0.8,0.0,0.0,0.0,0.2,0.2,0.0,0.3,0.4,0.3,0.4,0.2,25026.0
CRS3035RES200mN2625800E3458400,6.0,3.7,0.6,1.7,0.0,1.1,0.6,133696.0,262.0,0.3,3.4,0.0,0.3,0.0,0.0,0.0,0.3,1.1,0.9,2.0,1.4,0.0,22283.0
CRS3035RES200mN2625800E3458600,5.0,3.1,0.5,1.4,0.0,1.0,0.5,111413.3,218.3,0.2,2.9,0.0,0.2,0.0,0.0,0.0,0.2,1.0,0.7,1.7,1.2,0.0,22283.0
CRS3035RES200mN2625800E3458800,3.0,1.9,0.3,0.9,0.0,0.6,0.3,66848.0,131.0,0.2,1.7,0.0,0.1,0.0,0.0,0.0,0.2,0.6,0.4,1.0,0.7,0.0,22283.0
CRS3035RES200mN2625800E3459000,1.0,0.5,0.0,0.2,0.0,0.4,0.1,27686.8,41.5,0.0,0.5,0.0,0.0,0.0,0.0,0.1,0.0,0.1,0.2,0.2,0.3,0.1,27687.0
CRS3035RES200mN2625800E3459200,5.0,2.7,0.2,1.2,0.0,2.2,0.3,138434.0,207.3,0.2,2.5,0.1,0.1,0.0,0.1,0.4,0.2,0.4,1.0,0.9,1.3,0.6,27687.0
CRS3035RES200mN2625800E3459600,90.5,55.0,3.0,29.0,1.0,36.0,5.0,2504216.2,4450.0,33.0,22.0,0.0,2.0,1.0,0.5,5.0,5.0,13.0,17.0,13.0,27.0,7.0,27671.0
CRS3035RES200mN2625800E3459800,81.0,39.0,1.0,14.0,2.0,24.0,3.0,2569449.3,3454.0,8.0,31.0,0.0,0.0,3.0,4.0,5.0,6.0,7.0,20.0,12.0,19.0,5.0,31722.0
CRS3035RES200mN2625800E3460000,218.5,144.0,16.0,96.0,4.0,81.0,10.0,5419408.8,9583.0,107.0,37.0,0.0,3.0,0.0,8.5,6.0,14.0,38.0,42.0,29.0,51.0,27.0,24803.0
CRS3035RES200mN2625800E3460200,257.5,163.0,23.0,101.0,4.0,85.0,8.0,6734702.4,11311.0,109.0,54.0,9.0,1.0,4.5,6.0,15.0,23.0,35.0,40.0,31.0,56.0,46.0,26154.0
CRS3035RES200mN2625800E3460400,108.0,55.0,6.0,25.0,3.0,38.0,6.0,2995849.6,4728.0,3.0,52.0,6.0,5.0,2.0,5.0,8.0,5.0,16.0,19.0,22.0,22.0,4.0,27739.0
CRS3035RES200mN2625800E3460600,201.0,94.0,11.0,28.0,1.0,58.0,6.0,5944534.3,8336.0,5.0,89.0,9.0,12.0,3.0,8.0,10.0,9.0,37.0,33.0,36.0,43.0,10.0,29575.0
CRS3035RES200mN2625800E3460800,90.0,49.0,5.0,22.0,0.0,20.0,10.0,2290332.4,3601.0,32.0,17.0,21.0,3.0,2.0,1.5,9.5,12.0,10.0,14.0,12.0,23.0,3.0,25448.0
CRS3035RES200mN2625800E3461000,203.0,115.0,8.0,57.0,5.0,70.0,11.0,6360711.8,9632.0,67.0,48.0,0.0,1.0,1.0,6.0,14.0,17.0,24.0,32.0,37.0,45.0,26.0,31334.0
CRS3035RES200mN2625800E3461200,416.5,232.0,22.0,130.0,9.0,83.0,16.0,12161986.7,17408.0,149.0,83.0,37.0,16.0,4.5,14.0,23.0,39.0,108.0,71.0,50.0,69.0,22.0,29200.0
CRS3035RES200mN2625800E3461400,181.0,78.0,3.0,26.0,6.0,59.0,2.0,6833690.5,9722.0,10.0,68.0,0.0,4.0,4.0,14.0,16.0,13.0,19.0,24.0,27.0,54.0,6.0,37755.0
CRS3035RES200mN2625800E3461600,252.0,108.0,5.0,31.0,10.0,94.0,7.0,9195727.5,13741.0,6.0,102.0,0.0,17.0,7.0,8.5,24.5,14.0,23.0,45.0,25.0,61.0,27.0,36491.0
CRS3035RES200mN2625800E3461800,168.0,68.0,5.0,21.0,6.0,60.0,6.0,6357862.5,8097.0,5.0,63.0,0.0,5.0,5.0,10.0,16.0,16.0,18.0,34.0,14.0,37.0,13.0,37844.0
CRS3035RES200mN2625800E3462000,40.0,20.0,3.0,6.0,1.0,8.0,2.0,1267344.1,1685.0,12.0,8.0,0.0,1.0,1.0,1.0,2.0,4.0,10.0,2.0,4.0,10.0,5.0,31684.0
CRS3035RES200mN2625800E3462200,154.0,99.0,13.0,65.0,2.0,28.0,8.0,4431126.6,7129.0,83.0,16.0,0.0,1.0,1.0,5.0,6.0,19.0,28.0,23.0,22.0,34.0,15.0,28774.0
CRS3035RES200mN2625800E3462400,135.0,75.0,20.0,37.0,2.0,21.0,15.0,3105756.1,5364.0,65.0,10.0,34.0,4.0,1.0,8.0,11.0,15.0,24.0,24.0,20.0,22.0,6.0,23006.0
CRS3035RES200mN2625800E3462600,173.0,82.0,5.0,36.0,6.0,59.0,9.0,5640700.1,8413.0,39.0,43.0,0.0,5.0,3.0,8.0,13.0,18.0,24.0,29.0,23.0,33.0,17.0,32605.0
CRS3035RES200mN2625800E3462800,211.5,139.0,10.0,91.0,1.0,72.0,14.0,5975705.5,10460.0,123.0,16.0,0.0,7.5,3.0,3.5,9.5,15.0,23.0,38.0,23.0,54.0,35.0,28254.0
CRS3035RES200mN2625800E3463000,359.5,174.0,22.0,75.0,14.0,24.0,29.0,9005617.6,12869.0,128.0,46.0,82.0,9.0,5.0,19.5,44.5,21.5,55.0,61.0,48.0,61.0,35.0,25050.0
CRS3035RES200mN2625800E3463200,169.0,75.0,6.0,24.0,3.0,57.0,4.0,5294446.8,7387.0,10.0,65.0,0.0,8.0,2.0,5.5,16.5,13.0,22.0,32.0,23.0,31.0,16.0,31328.0
CRS3035RES200mN2625800E3463400,133.0,69.0,7.0,28.0,2.0,47.0,8.0,3811396.6,5806.0,29.0,40.0,3.0,4.0,0.5,5.0,9.5,7.0,21.0,23.0,19.0,33.0,11.0,28657.0
CRS3035RES200mN2625800E3463600,179.5,112.0,12.0,64.0,0.0,49.0,8.0,4396603.7,7217.0,84.0,28.0,6.0,6.0,2.0,7.5,8.0,15.0,41.0,38.0,19.0,27.0,16.0,24494.0
CRS3035RES200mN2625800E3463800,179.5,92.0,6.0,38.0,1.0,68.0,8.0,5029681.0,8171.0,10.0,82.0,6.0,4.5,2.5,4.0,15.5,6.0,19.0,39.0,32.0,44.0,13.0,28021.0
CRS3035RES200mN2625800E3464000,165.0,84.0,10.0,33.0,0.0,49.0,6.0,4207835.0,6988.0,0.0,84.0,26.0,4.0,2.0,8.0,6.0,9.0,18.0,27.0,31.0,46.0,14.0,25502.0
CRS3035RES200mN2625800E3464200,87.5,45.0,4.0,21.0,3.0,40.0,4.0,2414764.5,4230.0,2.0,43.0,0.0,1.0,0.0,4.0,6.5,8.0,3.0,16.0,11.0,17.0,21.0,27597.0
CRS3035RES200mN2625800E3464400,83.0,45.0,1.0,16.0,1.0,37.0,1.0,2338024.5,4482.0,0.0,45.0,0.0,1.0,0.0,1.0,2.0,3.0,14.0,4.0,6.0,38.0,14.0,28169.0
CRS3035RES200mN2625800E3464600,150.0,65.0,8.0,20.0,6.0,27.0,9.0,3593427.2,5521.0,0.0,65.0,35.0,3.0,1.0,7.5,16.0,13.5,14.0,32.0,26.0,21.0,16.0,23956.0
CRS3035RES200mN2625800E3464800,99.5,46.0,0.0,10.0,0.0,39.0,7.0,3039650.8,4431.0,0.0,46.0,0.0,4.0,2.0,2.0,6.5,5.0,16.0,17.0,15.0,23.0,9.0,30549.0
CRS3035RES200mN2625800E3465000,125.5,46.0,0.0,6.0,6.0,46.0,3.0,3898526.4,5146.0,0.0,46.0,0.0,5.0,5.0,11.0,11.5,6.0,18.0,27.0,8.0,28.0,6.0,31064.0
CRS3035RES200mN2625800E3465200,37.5,19.0,0.0,7.0,1.0,15.0,1.0,1328451.4,2183.0,10.0,9.0,0.0,0.0,0.0,0.0,1.5,5.0,0.0,6.0,1.0,18.0,6.0,35425.0
CRS3035RES200mN2625800E3465400,75.0,31.0,2.0,4.0,1.0,27.0,0.0,2426417.6,3956.0,0.0,31.0,0.0,1.0,0.0,3.0,5.0,1.0,13.0,14.0,17.0,17.0,4.0,32352.0
CRS3035RES200mN2625800E3465600,190.5,101.0,6.0,38.0,2.0,79.0,8.0,5201805.3,9069.0,19.0,82.0,0.0,4.0,3.5,11.0,5.5,7.5,32.0,27.0,18.0,54.0,28.0,27306.0
CRS3035RES200mN2625800E3465800,107.0,50.0,2.0,16.0,1.0,43.0,4.0,2916946.1,5340.0,0.0,50.0,0.0,1.0,0.0,5.5,10.5,7.0,9.0,18.0,11.0,33.0,12.0,27261.0
CRS3035RES200mN2625800E3466000,64.5,28.0,1.0,5.0,1.0,21.0,0.0,1847919.8,3323.0,2.0,26.0,0.0,2.0,0.0,1.0,4.5,6.0,9.0,10.0,9.0,20.0,3.0,28650.0
CRS3035RES200mN2625800E3466200,43.0,18.0,1.0,4.0,2.0,10.0,4.0,1190877.5,1811.0,0.0,18.0,4.0,1.0,0.0,2.5,8.0,2.5,4.0,16.0,1.0,6.0,2.0,27695.0
CRS3035RES200mN2625800E3466400,9.0,4.9,0.0,1.3,0.0,4.4,0.5,257536.7,529.5,0.0,4.9,0.0,0.5,0.0,0.0,0.0,1.0,1.0,1.6,2.1,1.8,1.0,28615.0
CRS3035RES200mN2625800E3466600,22.0,11.9,0.0,3.1,0.0,10.7,1.3,629534.1,1294.2,0.0,11.9,0.0,1.3,0.0,0.0,0.0,2.5,2.5,3.8,5.0,4.4,2.5,28615.0
CRS3035RES200mN2625800E3466800,50.0,19.0,0.0,1.0,0.0,14.0,2.0,1605101.9,2197.0,0.0,19.0,0.0,0.0,2.0,1.0,6.5,3.5,7.0,13.0,6.0,3.0,8.0,32102.0
CRS3035RES200mN2625800E3467000,57.0,29.0,1.0,12.0,1.0,23.0,2.0,1543715.2,2909.0,0.0,29.0,0.0,0.5,0.0,3.5,3.0,5.0,3.0,11.0,9.0,17.0,5.0,27083.0
CRS3035RES200mN2625800E3467200,37.5,16.0,3.0,6.0,1.0,11.0,0.0,960028.0,1511.0,0.0,16.0,0.0,1.0,0.5,3.0,6.0,0.0,5.0,12.0,6.0,2.0,2.0,25601.0
CRS3035RES200mN2625800E3469000,3.0,1.7,0.3,0.7,0.0,0.6,0.4,66893.5,125.6,0.0,1.7,0.4,0.4,0.1,0.0,0.1,0.3,1.1,0.3,0.4,0.2,0.1,22298.0
CRS3035RES200mN2625800E3469200,25.0,14.0,2.2,5.9,0.0,5.1,2.9,557445.6,1047.1,0.0,14.0,3.7,3.3,0.7,0.0,1.1,3.0,8.8,2.2,3.7,1.5,0.7,22298.0
CRS3035RES200mN2625800E3469400,2.0,1.1,0.2,0.5,0.0,0.4,0.2,44595.7,83.8,0.0,1.1,0.3,0.3,0.0,0.0,0.1,0.2,0.7,0.2,0.3,0.1,0.1,22298.0
CRS3035RES200mN2625800E3471200,4.0,1.4,0.0,0.1,0.1,1.3,0.2,128309.1,158.8,0.0,1.4,0.0,0.3,0.0,0.2,0.2,0.5,0.5,1.3,0.1,0.7,0.2,32077.0
CRS3035RES200mN2625800E3471600,2.0,0.7,0.0,0.0,0.0,0.7,0.1,64154.5,79.4,0.0,0.7,0.0,0.1,0.0,0.1,0.1,0.3,0.2,0.7,0.0,0.4,0.1,32077.0
CRS3035RES200mN2625800E3471800,15.5,5.6,0.0,0.3,0.3,5.2,0.7,497197.7,615.5,0.0,5.6,0.0,1.0,0.0,0.7,0.9,2.1,1.7,5.2,0.4,2.8,0.7,32077.0
CRS3035RES200mN2625800E3476000,48.0,21.0,3.0,4.0,1.0,18.0,1.0,1375260.0,2335.0,0.0,21.0,0.0,1.0,2.0,4.5,0.5,2.0,9.0,10.0,10.0,5.0,4.0,28651.0
CRS3035RES200mN2625800E3476200,50.0,19.5,0.0,5.5,2.3,17.2,0.0,1396368.4,2493.0,0.0,19.5,0.0,2.3,0.0,3.1,6.3,2.3,10.2,16.4,5.5,3.1,0.8,27927.0
CRS3035RES200mN2625800E3478200,2.0,0.9,0.0,0.2,0.0,0.8,0.0,65315.2,132.5,0.0,0.9,0.0,0.0,0.1,0.0,0.1,0.1,0.2,0.4,0.5,0.5,0.1,32658.0
CRS3035RES200mN2625800E3484400,7.0,2.7,0.2,0.6,0.2,2.2,0.2,170527.6,350.9,0.2,2.5,0.0,0.4,0.2,0.5,0.6,0.5,1.4,1.5,1.1,0.7,0.1,24361.0
CRS3035RES200mN2625800E3488400,25.0,8.8,0.8,1.7,0.6,5.4,1.4,592267.2,893.8,0.0,8.8,0.0,2.0,1.1,2.0,4.2,1.3,5.1,6.8,1.4,1.1,0.0,23691.0
CRS3035RES200mN2625800E3488600,27.0,9.5,0.9,1.8,0.6,5.8,1.5,639648.6,965.3,0.0,9.5,0.0,2.1,1.2,2.2,4.6,1.4,5.5,7.3,1.5,1.2,0.0,23691.0
CRS3035RES200mN2625800E3488800,20.0,11.0,0.0,5.0,0.0,9.0,1.0,448855.1,990.0,0.0,11.0,0.0,0.0,0.0,2.0,1.0,0.0,5.0,3.0,2.0,6.0,1.0,22443.0
CRS3035RES200mN2625800E3489000,32.5,13.0,1.0,5.0,1.0,11.0,1.0,740670.1,1476.0,0.0,13.0,0.0,4.0,1.0,4.0,3.5,0.0,14.0,3.0,0.0,3.0,0.0,22790.0
CRS3035RES200mN2625800E3489200,9.0,3.5,0.7,0.9,0.5,2.5,0.2,203992.2,486.0,0.0,3.5,0.0,0.2,0.2,0.9,0.2,1.4,2.1,1.9,0.9,0.7,0.5,22666.0
CRS3035RES200mN2625800E3497800,2.0,0.8,0.1,0.1,0.1,0.8,0.1,50051.4,127.9,0.0,0.8,0.0,0.0,0.0,0.2,0.2,0.0,0.3,0.4,0.3,0.4,0.2,25026.0
CRS3035RES200mN2626000E3457200,5.0,3.2,0.4,1.6,0.0,1.2,0.2,128870.9,182.7,2.1,1.1,0.0,0.0,0.0,0.0,0.0,0.5,2.5,0.5,0.6,0.9,0.0,25774.0
CRS3035RES200mN2626000E3457400,22.0,14.1,1.6,7.1,0.0,5.5,0.8,567032.0,803.8,9.4,4.7,0.0,0.0,0.0,0.0,0.0,2.3,11.0,2.4,2.4,3.9,0.0,25774.0
CRS3035RES200mN2626000E3457600,37.5,24.0,6.0,14.0,0.0,12.0,3.0,861421.8,1243.0,14.0,10.0,0.0,1.0,0.0,0.0,2.5,5.0,17.0,6.0,5.0,0.0,1.0,22971.0
CRS3035RES200mN2626000E3457800,227.0,126.0,39.0,61.0,2.0,6.0,36.0,4040907.5,8084.0,116.0,10.0,118.0,10.0,7.0,8.0,21.5,17.5,34.0,56.0,39.0,27.0,7.0,17801.0
CRS3035RES200mN2626000E3458000,73.0,43.0,4.0,24.0,0.0,24.0,5.0,1964055.8,3017.0,30.0,13.0,0.0,2.5,1.0,5.5,5.0,0.0,23.0,21.0,5.0,8.0,2.0,26905.0
CRS3035RES200mN2626000E3458200,30.0,17.0,4.0,11.0,0.0,7.0,1.0,607568.3,1460.0,8.0,9.0,0.0,0.0,0.0,0.0,2.0,4.0,1.0,3.0,6.0,11.0,3.0,20252.0
CRS3035RES200mN2626000E3458400,30.0,14.0,0.0,2.0,0.0,13.0,4.0,768008.1,1176.0,0.0,14.0,0.0,0.0,0.0,2.0,3.0,0.0,2.0,5.0,8.0,8.0,2.0,25600.0
CRS3035RES200mN2626000E3458600,13.0,11.0,0.0,9.0,0.0,1.0,1.0,297060.0,618.0,10.0,1.0,10.0,0.0,0.0,0.0,0.0,0.0,1.0,4.0,2.0,3.0,3.0,22851.0
CRS3035RES200mN2626000E3459000,1.0,0.5,0.1,0.2,0.0,0.5,0.0,25097.3,46.9,0.0,0.5,0.0,0.0,0.0,0.0,0.1,0.0,0.1,0.1,0.2,0.3,0.2,25097.0
CRS3035RES200mN2626000E3459200,59.0,31.7,4.4,11.4,0.0,27.3,1.8,1480742.4,2769.5,0.0,31.7,0.9,0.0,0.0,0.9,3.5,2.6,8.8,4.4,11.5,17.6,9.7,25097.0
CRS3035RES200mN2626000E3459400,169.5,72.0,8.0,19.0,4.0,56.0,13.0,4759212.5,6118.0,1.0,71.0,0.0,7.0,5.0,16.5,11.0,11.0,23.0,47.0,19.0,22.0,8.0,28078.0
CRS3035RES200mN2626000E3459600,150.5,59.0,2.0,13.0,4.0,49.0,3.0,4503506.2,5312.0,3.0,56.0,3.0,3.0,5.0,7.5,18.0,11.0,11.0,38.0,21.0,29.0,7.0,29924.0
CRS3035RES200mN2626000E3459800,225.5,131.0,6.0,73.0,2.0,72.0,9.0,6057555.3,9035.0,89.0,42.0,0.0,5.0,3.0,7.0,9.0,22.5,44.0,50.0,31.0,38.0,16.0,26863.0
CRS3035RES200mN2626000E3460000,168.0,89.0,9.0,39.0,0.0,57.0,10.0,4622718.3,7155.0,33.0,56.0,0.0,3.0,4.0,6.0,8.0,17.0,36.0,28.0,15.0,34.0,17.0,27516.0
CRS3035RES200mN2626000E3460200,95.0,43.0,4.0,16.0,3.0,26.0,3.0,2978915.6,4286.0,13.0,30.0,0.0,2.0,0.0,5.0,9.0,10.0,19.0,17.0,15.0,16.0,2.0,31357.0
CRS3035RES200mN2626000E3460400,76.0,46.0,13.0,28.0,2.0,17.0,3.0,1878771.1,3237.0,25.0,21.0,17.0,2.0,2.0,2.0,5.0,5.0,6.0,10.0,11.0,24.0,9.0,24721.0
CRS3035RES200mN2626000E3460600,256.0,142.0,36.0,77.0,4.0,36.0,18.0,5826598.0,9403.0,111.0,31.0,82.0,11.5,5.5,12.5,17.5,22.0,43.0,49.0,40.0,40.0,15.0,22760.0
CRS3035RES200mN2626000E3460800,41.0,18.0,1.0,7.0,2.0,18.0,1.0,1353943.2,2204.0,0.0,18.0,0.0,4.0,2.0,6.0,1.0,0.0,6.0,6.0,1.0,13.0,2.0,33023.0
CRS3035RES200mN2626000E3461000,72.0,32.0,1.0,8.0,1.0,28.0,3.0,2289142.1,3530.0,0.0,32.0,0.0,3.0,1.0,3.0,3.0,4.0,7.0,10.0,9.0,16.0,16.0,31794.0
CRS3035RES200mN2626000E3461200,69.0,29.0,2.0,10.0,3.0,21.0,2.0,2525552.3,3420.0,6.0,23.0,0.0,2.0,1.0,6.0,3.0,7.0,7.0,12.0,12.0,10.0,9.0,36602.0
CRS3035RES200mN2626000E3461400,103.0,58.0,2.0,28.0,0.0,42.0,2.0,3238149.7,4654.0,31.0,27.0,8.0,3.0,1.5,3.0,3.5,5.0,11.0,12.0,17.0,36.0,11.0,31438.0
CRS3035RES200mN2626000E3461600,222.5,101.0,4.0,32.0,7.0,74.0,10.0,7736348.3,10151.0,31.0,70.0,0.0,7.5,3.0,4.0,19.0,18.0,26.0,38.0,33.0,57.0,17.0,34770.0
CRS3035RES200mN2626000E3461800,180.5,89.0,9.0,38.0,3.0,59.0,9.0,5597438.3,8580.0,25.0,64.0,4.0,3.0,0.0,4.0,14.0,22.0,29.0,32.0,26.0,36.0,13.0,31011.0
CRS3035RES200mN2626000E3462000,29.0,15.0,0.0,7.0,1.0,10.0,1.0,1143446.5,1659.0,5.0,10.0,0.0,2.0,0.0,1.5,1.5,2.0,5.0,2.0,5.0,7.0,3.0,39429.0
CRS3035RES200mN2626000E3462400,31.0,15.0,0.0,9.4,1.9,2.8,0.9,889893.3,869.9,12.2,2.8,1.9,1.9,0.0,1.9,6.6,1.9,5.6,10.3,2.8,0.0,0.0,28706.0
CRS3035RES200mN2626000E3462600,56.0,25.0,1.0,9.0,3.0,10.0,4.0,1499109.5,2056.0,22.0,3.0,0.0,2.0,0.0,5.0,4.0,5.0,17.0,7.0,10.0,5.0,1.0,26770.0
CRS3035RES200mN2626000E3462800,390.0,244.0,39.0,144.0,2.0,48.0,38.0,8548909.7,12765.0,244.0,0.0,79.0,13.5,7.5,11.5,29.5,41.0,126.0,65.0,31.0,54.0,11.0,21920.0
CRS3035RES200mN2626000E3463000,300.0,198.0,11.0,115.0,1.0,50.0,16.0,8192511.1,11387.0,194.0,4.0,29.0,3.0,2.0,2.5,13.5,24.0,105.0,35.0,40.0,59.0,16.0,27308.0
CRS3035RES200mN2626000E3463200,172.5,118.0,14.0,82.0,2.0,35.0,8.0,4393174.4,7203.0,89.0,29.0,0.0,7.0,2.0,2.5,4.5,15.5,26.0,19.0,15.0,25.0,56.0,25468.0
CRS3035RES200mN2626000E3463400,147.5,89.0,2.0,48.0,0.0,65.0,8.0,4419661.7,8494.0,47.0,42.0,0.0,3.5,2.0,6.0,6.0,7.0,16.0,19.0,19.0,41.0,28.0,29964.0
CRS3035RES200mN2626000E3463600,48.0,26.0,2.0,16.0,2.0,24.0,1.0,1185106.2,2441.0,0.0,26.0,0.0,1.0,2.0,3.0,2.0,3.0,4.0,7.0,5.0,10.0,11.0,24690.0
CRS3035RES200mN2626000E3463800,213.5,100.0,16.0,38.0,6.0,26.0,24.0,4635028.2,8012.0,70.0,30.0,54.0,6.0,4.0,10.0,33.5,21.0,28.0,42.0,31.0,28.0,10.0,21710.0
CRS3035RES200mN2626000E3464000,258.0,168.0,20.0,102.0,1.0,37.0,14.0,6185674.8,9715.0,133.0,35.0,14.0,7.0,4.0,7.5,10.0,25.5,83.0,38.0,26.0,46.0,11.0,23975.0
CRS3035RES200mN2626000E3464200,107.5,60.0,11.0,32.0,2.0,27.0,6.0,2554599.3,4181.0,33.0,27.0,5.0,5.0,0.0,5.0,5.5,9.0,24.0,19.0,12.0,11.0,17.0,23764.0
CRS3035RES200mN2626000E3464400,72.0,35.0,4.0,12.0,1.0,27.0,2.0,1983472.0,3445.0,1.0,34.0,0.0,0.0,2.0,2.0,7.0,3.0,5.0,15.0,12.0,9.0,17.0,27548.0
CRS3035RES200mN2626000E3464600,210.0,145.0,19.0,109.0,3.0,54.0,1.0,4774156.7,8158.0,117.0,28.0,0.0,4.0,4.0,4.0,13.0,10.0,57.0,45.0,22.0,32.0,19.0,22734.0
CRS3035RES200mN2626000E3464800,12.0,5.9,0.6,1.7,0.0,3.1,1.1,283449.9,509.3,0.0,5.9,1.7,0.3,0.1,1.0,0.6,0.6,2.2,1.9,2.2,2.0,1.1,23621.0
CRS3035RES200mN2626000E3465000,2.0,1.1,0.1,0.6,0.0,0.5,0.2,49176.9,82.3,0.6,0.5,0.0,0.1,0.0,0.0,0.1,0.4,0.6,0.3,0.2,0.3,0.0,24588.0
CRS3035RES200mN2626000E3465200,102.5,65.0,8.0,42.0,1.0,34.0,7.0,2802611.0,4335.0,54.0,11.0,0.0,0.0,0.0,4.0,9.5,8.0,18.0,27.0,10.0,21.0,5.0,27343.0
CRS3035RES200mN2626000E3465400,223.0,79.0,5.0,14.0,6.0,47.0,10.0,5839939.0,7789.0,12.0,67.0,12.0,11.0,3.5,16.5,30.0,20.0,38.0,69.0,14.0,20.0,1.0,26188.0
CRS3035RES200mN2626000E3465600,146.0,60.0,5.0,10.0,3.0,49.0,3.0,3800588.6,6211.0,2.0,58.0,0.0,4.0,0.0,8.0,15.0,7.0,15.0,33.0,24.0,29.0,11.0,26031.0
CRS3035RES200mN2626000E3465800,224.0,119.0,21.0,54.0,5.0,36.0,14.0,5121379.2,8183.0,86.0,33.0,44.0,9.0,6.0,8.0,14.5,21.5,60.0,45.0,23.0,29.0,8.0,22863.0
CRS3035RES200mN2626000E3466000,122.0,54.0,3.0,12.0,1.0,42.0,4.0,3393712.8,5553.0,0.0,54.0,0.0,4.0,1.0,6.0,8.0,11.0,11.0,22.0,18.0,30.0,11.0,27817.0
CRS3035RES200mN2626000E3466200,33.5,13.5,0.8,2.0,0.4,11.1,2.8,965372.1,1534.3,0.0,13.5,0.0,1.2,1.2,2.6,2.0,3.2,3.9,9.9,2.0,6.7,0.8,28817.0
CRS3035RES200mN2626000E3466600,18.0,7.2,0.4,1.1,0.2,6.0,1.5,518707.4,824.4,0.0,7.2,0.0,0.6,0.7,1.4,1.1,1.7,2.1,5.3,1.1,3.6,0.4,28817.0
CRS3035RES200mN2626000E3466800,108.0,50.0,2.0,19.0,1.0,36.0,4.0,2817914.1,4677.0,0.0,50.0,0.0,2.0,2.0,5.5,11.0,10.5,21.0,28.0,7.0,14.0,7.0,26092.0
CRS3035RES200mN2626000E3467000,114.0,41.0,2.0,7.0,3.0,36.0,9.0,3342565.1,4599.0,0.0,41.0,0.0,5.0,1.0,10.0,15.0,10.0,9.0,25.0,17.0,15.0,7.0,29321.0
CRS3035RES200mN2626000E3468400,1.0,0.3,0.0,0.0,0.1,0.2,0.0,25858.4,38.8,0.0,0.3,0.0,0.1,0.0,0.1,0.1,0.1,0.2,0.2,0.2,0.0,0.0,25858.0
CRS3035RES200mN2626000E3469000,2.0,0.6,0.1,0.1,0.1,0.5,0.0,51716.8,77.7,0.0,0.6,0.0,0.2,0.0,0.2,0.2,0.2,0.4,0.3,0.3,0.1,0.1,25858.0
CRS3035RES200mN2626000E3469200,36.5,16.0,1.0,5.0,1.0,11.0,1.0,1079877.5,1869.0,0.0,16.0,0.0,1.0,1.0,2.5,0.0,6.0,10.0,7.0,3.0,3.0,3.0,29586.0
CRS3035RES200mN2626000E3469400,30.0,9.5,0.8,1.2,1.7,7.0,0.4,775751.3,1165.2,0.0,9.5,0.0,2.5,0.4,3.5,2.5,2.5,6.2,5.0,5.0,1.2,1.2,25858.0
CRS3035RES200mN2626000E3469600,2.0,0.6,0.1,0.1,0.1,0.5,0.0,51716.8,77.7,0.0,0.6,0.0,0.2,0.0,0.2,0.2,0.2,0.4,0.3,0.3,0.1,0.1,25858.0
CRS3035RES200mN2626000E3469800,6.0,1.9,0.2,0.2,0.3,1.4,0.1,155150.3,233.0,0.0,1.9,0.0,0.5,0.1,0.7,0.5,0.5,1.2,1.0,1.0,0.2,0.3,25858.0
CRS3035RES200mN2626000E3470000,10.0,4.7,0.0,1.6,0.5,3.7,0.0,291162.6,487.6,0.0,4.7,0.0,0.0,0.0,0.3,0.8,0.8,1.8,1.6,1.8,2.6,0.3,29116.0
CRS3035RES200mN2626000E3470200,7.0,3.3,0.0,1.1,0.4,2.6,0.0,203813.8,341.3,0.0,3.3,0.0,0.0,0.0,0.2,0.5,0.6,1.3,1.1,1.3,1.8,0.2,29116.0
CRS3035RES200mN2626000E3470400,6.0,2.8,0.0,0.9,0.3,2.2,0.0,174697.6,292.6,0.0,2.8,0.0,0.0,0.0,0.1,0.5,0.5,1.1,0.9,1.1,1.6,0.2,29116.0
CRS3035RES200mN2626000E3471600,43.0,17.0,0.0,4.0,1.0,13.0,0.0,1311380.5,1958.0,0.0,17.0,0.0,1.0,2.0,2.0,3.0,2.0,14.0,9.0,3.0,6.0,1.0,30497.0
CRS3035RES200mN2626000E3474000,10.0,3.9,1.4,1.1,0.3,0.3,1.1,187307.6,311.4,0.0,3.9,0.3,0.0,0.6,1.2,1.5,1.4,2.2,2.5,0.3,0.3,0.0,18731.0
CRS3035RES200mN2626000E3475800,10.0,4.9,0.5,1.1,0.0,3.5,0.8,253897.3,544.3,0.0,4.9,0.0,0.0,0.0,0.8,0.3,0.8,0.5,2.7,1.6,3.0,0.3,25390.0
CRS3035RES200mN2626000E3476000,32.0,12.4,0.6,2.2,1.1,10.7,0.6,861102.5,1436.1,0.0,12.4,0.0,1.7,1.1,1.7,1.7,3.9,3.9,7.8,3.4,6.2,0.6,26909.0
CRS3035RES200mN2626000E3476200,7.0,2.7,0.1,0.5,0.2,2.3,0.1,188366.2,314.1,0.0,2.7,0.0,0.4,0.2,0.4,0.4,0.9,0.9,1.7,0.7,1.3,0.1,26909.0
CRS3035RES200mN2626000E3488200,41.0,15.0,2.0,4.0,2.0,13.0,0.0,1034442.7,1512.0,0.0,15.0,0.0,4.0,0.0,6.0,3.0,3.0,8.0,10.0,5.0,2.0,0.0,25230.0
CRS3035RES200mN2626000E3488400,39.0,19.0,0.0,6.0,0.0,16.0,2.0,1004505.0,1887.0,0.0,19.0,0.0,1.0,0.0,4.0,2.0,2.0,11.0,8.0,7.0,4.0,0.0,25757.0
CRS3035RES200mN2626000E3488600,56.5,22.0,2.0,5.0,1.0,20.0,4.0,1374623.8,2562.0,0.0,22.0,0.0,9.0,3.0,0.5,4.0,4.0,13.0,11.0,5.0,6.0,1.0,24330.0
CRS3035RES200mN2626000E3488800,124.0,47.0,7.0,14.0,4.0,42.0,1.0,2888140.8,4295.0,0.0,47.0,0.0,9.0,3.0,13.0,15.0,5.0,37.0,25.0,7.0,9.0,1.0,23291.0
CRS3035RES200mN2626000E3489000,2.0,0.7,0.1,0.1,0.0,0.3,0.2,45453.6,82.1,0.0,0.7,0.0,0.0,0.1,0.2,0.3,0.1,0.4,0.5,0.2,0.2,0.0,22727.0
CRS3035RES200mN2626000E3489600,4.0,1.5,0.1,0.1,0.0,0.6,0.4,90907.1,164.1,0.0,1.5,0.0,0.0,0.2,0.5,0.7,0.2,0.7,1.0,0.4,0.3,0.0,22727.0
CRS3035RES200mN2626000E3497200,12.0,4.9,0.7,1.8,0.4,4.0,0.2,298159.8,717.3,0.0,4.9,0.0,0.4,0.0,0.9,2.2,0.5,1.1,3.6,1.3,0.7,1.3,24847.0
CRS3035RES200mN2626000E3497400,5.0,2.0,0.3,0.7,0.2,1.7,0.1,124233.3,298.9,0.0,2.0,0.0,0.2,0.0,0.4,0.9,0.2,0.5,1.5,0.5,0.3,0.5,24847.0
CRS3035RES200mN2626000E3497600,8.0,3.3,0.4,1.2,0.3,2.7,0.1,198773.2,478.2,0.0,3.3,0.0,0.3,0.0,0.6,1.5,0.3,0.7,2.4,0.9,0.4,0.9,24847.0
CRS3035RES200mN2626200E3457000,45.5,22.0,1.0,9.0,1.0,7.0,1.0,1266530.0,1501.0,10.0,12.0,0.0,2.0,2.0,1.0,4.5,3.0,11.0,16.0,3.0,2.0,1.0,27836.0
CRS3035RES200mN2626200E3457200,124.5,78.0,24.0,48.0,2.0,25.0,8.0,2802881.6,4762.0,30.0,48.0,19.0,5.5,0.0,6.0,5.0,12.0,29.0,27.0,10.0,23.0,7.0,22513.0
CRS3035RES200mN2626200E3457400,155.5,89.0,11.0,47.0,1.0,57.0,9.0,3892395.2,6983.0,24.0,65.0,16.0,5.0,3.0,5.5,10.0,6.0,26.0,42.0,20.0,26.0,12.0,25031.0
CRS3035RES200mN2626200E3457600,207.5,120.0,11.0,65.0,1.0,46.0,7.0,4999818.1,7676.0,70.0,50.0,21.0,7.0,0.0,11.5,9.0,21.0,67.0,32.0,29.0,20.0,11.0,24096.0
CRS3035RES200mN2626200E3457800,324.5,188.0,73.0,110.0,4.0,10.0,33.0,5313606.6,10730.0,172.0,16.0,169.0,25.0,7.0,9.5,24.0,23.0,78.0,78.0,47.0,28.0,5.0,16375.0
CRS3035RES200mN2626200E3458000,239.5,119.0,11.0,48.0,5.0,67.0,14.0,6127827.5,8756.0,23.0,96.0,0.0,11.0,3.0,20.0,16.0,5.5,55.0,55.0,33.0,26.0,15.0,25586.0
CRS3035RES200mN2626200E3458200,123.5,68.0,9.0,34.0,2.0,51.0,4.0,2974678.6,5419.0,13.0,55.0,0.0,6.0,0.0,2.0,8.5,6.0,17.0,19.0,29.0,19.0,17.0,24086.0
CRS3035RES200mN2626200E3458400,123.0,57.0,3.0,21.0,1.0,46.0,6.0,3422805.8,5056.0,2.0,55.0,0.0,5.0,1.0,6.0,7.0,11.0,19.0,27.0,20.0,21.0,6.0,27828.0
CRS3035RES200mN2626200E3458600,220.5,116.0,12.0,50.0,2.0,63.0,19.0,5508079.2,9054.0,47.0,69.0,29.0,9.0,3.5,7.5,21.5,16.0,32.0,56.0,34.0,34.0,7.0,24980.0
CRS3035RES200mN2626200E3458800,42.0,24.0,1.0,11.0,0.0,5.0,7.0,937267.0,1439.0,17.0,7.0,16.0,1.0,2.5,1.0,2.5,3.0,9.0,17.0,1.0,3.0,2.0,22316.0
CRS3035RES200mN2626200E3459000,7.0,3.8,0.5,1.4,0.0,3.2,0.2,175681.3,328.6,0.0,3.8,0.1,0.0,0.0,0.1,0.4,0.3,1.0,0.5,1.4,2.1,1.2,25097.0
CRS3035RES200mN2626200E3459200,210.0,96.0,16.0,37.0,6.0,46.0,16.0,4523815.0,7306.0,40.0,56.0,36.0,7.0,2.0,14.0,23.5,16.5,19.0,39.0,35.0,41.0,13.0,21542.0
CRS3035RES200mN2626200E3459400,166.5,82.0,12.0,34.0,4.0,64.0,6.0,3923553.4,6163.0,0.0,82.0,0.0,4.0,0.0,5.5,11.0,16.0,18.0,45.0,16.0,32.0,19.0,23565.0
CRS3035RES200mN2626200E3459600,222.0,128.0,12.0,65.0,0.0,42.0,13.0,5263289.7,7889.0,90.0,38.0,23.0,9.5,2.5,4.0,16.0,28.0,75.0,38.0,17.0,29.0,3.0,23709.0
CRS3035RES200mN2626200E3459800,195.0,114.0,23.0,67.0,4.0,37.0,10.0,4641018.4,7701.0,83.0,31.0,48.0,1.0,6.0,14.5,9.5,10.0,23.0,41.0,39.0,30.0,21.0,23800.0
CRS3035RES200mN2626200E3460000,183.5,118.0,21.0,71.0,2.0,61.0,18.0,4017965.5,8289.0,100.0,18.0,12.0,5.0,2.5,7.0,7.0,7.0,48.0,31.0,25.0,35.0,16.0,21896.0
CRS3035RES200mN2626200E3460200,604.5,314.0,126.0,164.0,18.0,15.0,85.0,9544294.2,20142.0,306.0,8.0,296.0,29.0,20.5,45.5,70.0,43.5,104.0,109.0,71.0,89.0,23.0,15789.0
CRS3035RES200mN2626200E3460400,390.0,166.0,71.0,60.0,16.0,32.0,29.0,6614462.0,11575.0,84.0,82.0,129.0,22.0,10.5,29.0,39.5,28.0,58.0,76.0,61.0,48.0,18.0,16960.0
CRS3035RES200mN2626200E3460600,170.0,83.0,14.0,34.0,5.0,42.0,13.0,3554796.3,5941.0,36.0,47.0,26.0,3.0,2.0,2.5,17.5,15.0,27.0,35.0,26.0,30.0,12.0,20911.0
CRS3035RES200mN2626200E3460800,172.5,110.0,15.0,65.0,0.0,70.0,9.0,4111654.5,8681.0,110.0,0.0,0.0,2.0,1.0,8.0,9.5,9.0,20.0,25.0,11.0,51.0,36.0,23836.0
CRS3035RES200mN2626200E3461000,213.0,113.0,8.0,60.0,2.0,83.0,9.0,5784119.5,10226.0,66.0,47.0,0.0,10.0,3.0,7.5,13.5,18.0,30.0,41.0,33.0,30.0,27.0,27155.0
CRS3035RES200mN2626200E3461200,203.0,120.0,22.0,67.0,3.0,32.0,31.0,4462062.0,8554.0,103.0,17.0,69.0,7.0,5.0,10.0,19.5,20.0,35.5,56.0,17.0,24.0,9.0,21981.0
CRS3035RES200mN2626200E3461400,186.0,98.0,4.0,40.0,2.0,80.0,11.0,5517501.0,8964.0,41.0,57.0,0.0,5.0,1.0,5.0,13.0,12.0,18.0,38.0,16.0,53.0,25.0,29664.0
CRS3035RES200mN2626200E3461600,222.0,98.0,4.0,28.0,5.0,81.0,9.0,7062572.4,10531.0,0.0,98.0,0.0,8.0,4.0,12.5,25.5,7.0,18.0,38.0,31.0,59.0,19.0,31813.0
CRS3035RES200mN2626200E3461800,212.0,102.0,10.0,47.0,6.0,87.0,5.0,6644141.2,10422.0,7.0,95.0,1.0,6.0,1.5,9.0,16.5,17.0,30.0,42.0,39.0,45.0,6.0,31340.0
CRS3035RES200mN2626200E3462000,102.0,56.0,4.0,30.0,2.0,41.0,0.0,3039206.7,4655.0,11.0,45.0,0.0,4.0,0.0,1.0,5.0,7.0,11.0,22.0,21.0,27.0,4.0,29796.0
CRS3035RES200mN2626200E3462200,36.0,15.0,0.0,6.0,2.0,14.0,1.0,1142146.4,1433.0,1.0,14.0,0.0,1.0,1.0,2.0,1.0,5.0,5.0,6.0,5.0,9.0,1.0,31726.0
CRS3035RES200mN2626200E3462400,2.0,1.0,0.0,0.6,0.1,0.2,0.1,57412.5,56.1,0.8,0.2,0.1,0.1,0.0,0.1,0.4,0.1,0.4,0.7,0.2,0.0,0.0,28706.0
CRS3035RES200mN2626200E3462600,134.5,55.0,5.0,13.0,3.0,42.0,7.0,4421054.3,5858.0,13.0,42.0,0.0,3.0,3.0,8.5,10.0,18.0,10.0,31.0,18.0,27.0,6.0,32870.0
CRS3035RES200mN2626200E3462800,67.5,27.0,2.0,5.0,1.0,23.0,5.0,2153123.6,3862.0,0.0,27.0,0.0,2.5,1.0,3.0,10.0,4.0,9.0,11.0,9.0,16.0,2.0,31898.0
CRS3035RES200mN2626200E3463000,180.0,104.0,9.0,59.0,2.0,68.0,6.0,5437650.0,8670.0,38.0,66.0,5.0,5.0,3.0,7.0,8.0,15.0,35.0,29.0,27.0,38.0,13.0,30209.0
CRS3035RES200mN2626200E3463200,174.0,82.0,8.0,35.0,5.0,64.0,10.0,5448861.2,8000.0,4.0,78.0,0.0,8.0,3.0,9.0,18.0,17.0,15.0,47.0,21.0,22.0,14.0,31315.0
CRS3035RES200mN2626200E3463400,77.5,40.0,2.0,16.0,2.0,23.0,5.0,2019277.3,3438.0,5.0,35.0,4.0,1.0,0.0,4.5,7.0,4.0,5.0,21.0,13.0,15.0,7.0,26055.0
CRS3035RES200mN2626200E3463600,84.0,35.0,1.0,9.0,3.0,31.0,0.0,2576814.5,3587.0,2.0,33.0,0.0,2.0,1.0,2.0,8.0,7.0,9.0,15.0,6.0,22.0,12.0,30676.0
CRS3035RES200mN2626200E3463800,101.5,46.0,4.0,15.0,3.0,38.0,5.0,2690044.8,4642.0,7.0,39.0,0.0,6.0,1.0,4.0,6.0,12.5,15.0,11.0,9.0,22.0,15.0,26503.0
CRS3035RES200mN2626200E3464000,117.0,67.0,4.0,27.0,0.0,62.0,3.0,3327307.9,6840.0,3.0,64.0,0.0,0.0,0.0,1.0,5.0,5.0,3.0,15.0,13.0,66.0,9.0,28439.0
CRS3035RES200mN2626200E3464200,128.0,68.0,1.0,25.0,0.0,67.0,0.0,4075550.3,7445.0,0.0,68.0,0.0,2.0,0.0,5.0,1.0,3.0,14.0,12.0,29.0,49.0,13.0,31840.0
CRS3035RES200mN2626200E3464400,248.5,151.0,17.0,87.0,3.0,89.0,10.0,6312037.9,12186.0,108.0,43.0,0.0,10.0,2.5,8.0,8.0,15.0,42.0,42.0,27.0,61.0,33.0,25401.0
CRS3035RES200mN2626200E3464600,126.0,86.0,7.0,52.0,0.0,47.0,11.0,2853736.6,5545.0,86.0,0.0,0.0,0.0,1.5,3.0,7.0,10.5,20.0,23.0,19.0,27.0,15.0,22649.0
CRS3035RES200mN2626200E3465400,9.0,5.2,0.6,2.5,0.0,2.2,0.7,221296.3,370.2,2.9,2.3,0.0,0.7,0.0,0.0,0.4,1.8,2.5,1.5,0.7,1.3,0.1,24588.0
CRS3035RES200mN2626200E3465600,95.0,42.0,5.0,12.0,3.0,8.0,13.0,1935816.9,3064.0,28.0,14.0,33.0,4.0,4.0,8.5,11.0,5.5,26.0,21.0,10.0,5.0,0.0,20377.0
CRS3035RES200mN2626200E3465800,260.0,122.0,8.0,41.0,5.0,26.0,22.0,6136045.9,8851.0,74.0,48.0,30.0,16.5,6.5,16.5,27.5,29.0,68.0,52.0,18.0,24.0,2.0,23600.0
CRS3035RES200mN2626200E3466000,71.5,31.0,10.0,10.0,1.0,2.0,8.0,1269085.4,2165.0,6.0,25.0,29.0,4.5,1.0,5.0,8.0,5.0,17.0,17.0,6.0,5.0,3.0,17749.0
CRS3035RES200mN2626200E3466600,2.0,0.8,0.0,0.1,0.0,0.7,0.2,57634.2,91.6,0.0,0.8,0.0,0.1,0.1,0.2,0.1,0.2,0.2,0.6,0.1,0.4,0.0,28817.0
CRS3035RES200mN2626200E3466800,124.0,61.0,4.0,27.0,4.0,36.0,13.0,3226292.3,5512.0,7.0,54.0,0.0,8.0,2.0,5.5,12.5,12.0,34.0,20.0,13.0,11.0,6.0,26018.0
CRS3035RES200mN2626200E3467000,84.5,38.0,2.0,15.0,3.0,32.0,2.0,2324064.4,3730.0,0.0,38.0,0.0,0.0,1.0,7.0,6.5,9.0,10.0,20.0,16.0,13.0,2.0,27504.0
CRS3035RES200mN2626200E3467200,5.0,2.0,0.2,0.8,0.2,1.7,0.0,141258.9,215.0,0.0,2.0,0.0,0.2,0.0,0.5,0.3,0.7,0.5,1.5,1.0,0.3,0.0,28252.0
CRS3035RES200mN2626200E3467400,5.0,2.0,0.2,0.8,0.2,1.7,0.0,141258.9,215.0,0.0,2.0,0.0,0.2,0.0,0.5,0.3,0.7,0.5,1.5,1.0,0.3,0.0,28252.0
CRS3035RES200mN2626200E3469600,10.0,3.2,0.3,0.4,0.6,2.3,0.1,258583.8,388.4,0.0,3.2,0.0,0.8,0.1,1.2,0.8,0.8,2.1,1.7,1.7,0.4,0.4,25858.0
CRS3035RES200mN2626200E3469800,11.5,3.6,0.3,0.5,0.6,2.7,0.2,297371.3,446.7,0.0,3.6,0.0,0.9,0.2,1.3,0.9,1.0,2.4,1.9,1.9,0.5,0.5,25858.0
CRS3035RES200mN2626200E3470000,47.0,20.0,0.0,6.0,2.0,15.0,0.0,1412769.4,2038.0,0.0,20.0,0.0,3.0,0.0,4.0,2.0,1.0,13.0,5.0,11.0,8.0,0.0,30059.0
CRS3035RES200mN2626200E3470200,70.0,31.0,0.0,11.0,3.0,25.0,1.0,1911653.9,3589.0,0.0,31.0,0.0,3.0,1.0,4.0,8.0,3.0,9.0,17.0,8.0,15.0,2.0,27309.0
CRS3035RES200mN2626200E3470400,118.5,51.0,4.0,14.0,2.0,40.0,13.0,2976239.0,5212.0,0.0,51.0,8.0,5.0,6.0,7.0,15.5,8.0,20.0,28.0,7.0,17.0,5.0,25116.0
CRS3035RES200mN2626200E3470600,46.0,23.0,2.0,5.0,0.0,11.0,2.0,1301084.8,2249.0,0.0,23.0,0.0,1.0,0.0,3.0,3.0,1.0,9.0,6.0,10.0,12.0,1.0,28284.0
CRS3035RES200mN2626200E3470800,1.0,0.5,0.0,0.2,0.1,0.4,0.0,29116.3,48.8,0.0,0.5,0.0,0.0,0.0,0.0,0.1,0.1,0.2,0.1,0.2,0.3,0.0,29116.0
CRS3035RES200mN2626200E3471800,9.0,2.7,0.2,0.4,0.7,2.5,0.0,254730.2,423.7,0.0,2.7,0.0,0.2,0.0,1.3,1.6,0.9,0.5,2.0,1.1,1.4,0.0,28303.0
CRS3035RES200mN2626200E3473000,1.0,0.4,0.1,0.1,0.0,0.4,0.1,32346.9,52.6,0.0,0.4,0.0,0.0,0.0,0.0,0.2,0.2,0.0,0.3,0.1,0.2,0.0,32347.0
CRS3035RES200mN2626200E3473200,8.0,3.2,0.5,0.8,0.3,2.9,0.8,258775.1,420.8,0.0,3.2,0.0,0.0,0.0,0.3,1.3,1.3,0.3,2.7,0.5,1.6,0.0,32347.0
CRS3035RES200mN2626200E3473400,33.0,15.0,0.0,3.0,1.0,13.0,1.0,1103616.5,1864.0,0.0,15.0,0.0,0.0,0.0,1.0,2.0,3.0,1.0,4.0,10.0,10.0,2.0,33443.0
CRS3035RES200mN2626200E3473600,79.5,30.0,0.0,5.0,1.0,26.0,3.0,2072657.2,3374.0,0.0,30.0,0.0,2.0,1.0,8.0,6.5,6.0,16.0,14.0,17.0,8.0,1.0,26071.0
CRS3035RES200mN2626200E3473800,65.5,26.0,2.0,5.0,2.0,20.0,4.0,1650405.0,2689.0,0.0,26.0,4.0,4.0,2.0,4.5,7.0,5.0,12.0,12.0,8.0,9.0,2.0,25197.0
CRS3035RES200mN2626200E3474000,88.0,38.0,1.0,8.0,3.0,13.0,5.0,2117368.2,3385.0,0.0,38.0,2.0,9.0,0.0,9.5,3.5,3.0,30.0,19.0,2.0,11.0,1.0,24061.0
CRS3035RES200mN2626200E3475200,7.0,3.4,0.4,0.8,0.0,2.5,0.6,177728.1,381.0,0.0,3.4,0.0,0.0,0.0,0.5,0.2,0.6,0.4,1.9,1.1,2.1,0.2,25390.0
CRS3035RES200mN2626200E3481400,9.0,3.6,0.3,0.6,0.0,3.2,0.2,242090.3,478.1,0.0,3.6,0.0,0.2,0.0,0.8,0.9,0.2,1.6,1.7,1.3,2.0,0.3,26899.0
CRS3035RES200mN2626200E3487800,2.0,0.7,0.0,0.1,0.0,0.6,0.0,48776.0,70.6,0.0,0.7,0.0,0.1,0.0,0.3,0.2,0.1,0.5,0.4,0.3,0.1,0.0,24388.0
CRS3035RES200mN2626200E3488000,20.5,7.2,0.7,1.3,1.0,6.6,0.3,482614.1,926.6,0.0,7.2,0.0,0.7,1.0,1.2,2.3,1.6,3.3,5.9,1.6,2.6,0.3,23542.0
CRS3035RES200mN2626200E3488200,134.5,42.0,4.0,5.0,6.0,41.0,3.0,3033263.3,4286.0,0.0,42.0,0.0,10.5,10.5,15.5,16.0,5.0,41.0,22.0,6.0,6.0,2.0,22552.0
CRS3035RES200mN2626200E3488400,32.5,12.0,0.0,2.0,1.0,10.0,1.0,810517.1,1248.0,2.0,10.0,0.0,1.5,3.0,2.0,0.0,2.0,9.0,5.0,5.0,2.0,3.0,24939.0
CRS3035RES200mN2626200E3488600,8.0,2.8,0.3,0.5,0.4,2.6,0.1,188337.2,361.6,0.0,2.8,0.0,0.3,0.4,0.5,0.9,0.6,1.3,2.3,0.6,1.0,0.1,23542.0
CRS3035RES200mN2626200E3488800,33.0,13.0,0.0,2.0,0.0,12.0,0.0,723985.8,1198.0,0.0,13.0,0.0,1.0,2.0,4.0,1.0,2.0,10.0,6.0,3.0,4.0,0.0,21939.0
CRS3035RES200mN2626200E3493400,5.0,2.1,0.2,0.9,0.0,1.6,0.2,124249.0,237.9,0.0,2.1,0.0,0.0,0.4,0.6,0.5,0.5,0.8,1.1,0.6,0.2,0.3,24850.0
CRS3035RES200mN2626200E3497200,41.5,11.0,0.0,1.0,3.0,10.0,1.0,962712.7,1085.0,0.0,11.0,0.0,1.0,2.0,3.0,5.0,4.0,8.5,8.0,7.0,1.0,2.0,23198.0
CRS3035RES200mN2626200E3497400,59.0,24.0,1.0,5.0,3.0,19.0,4.0,1397516.1,2877.0,1.0,23.0,0.0,0.0,1.0,2.0,9.0,8.0,5.0,10.0,15.0,8.0,1.0,23687.0
CRS3035RES200mN2626200E3497600,15.0,6.1,0.8,2.2,0.6,5.0,0.3,372699.8,896.7,0.0,6.1,0.0,0.5,0.0,1.1,2.8,0.6,1.4,4.4,1.7,0.8,1.7,24847.0
CRS3035RES200mN2626400E3457200,43.0,19.0,3.0,9.0,1.0,17.0,1.0,903293.6,1650.0,1.0,18.0,0.0,3.0,0.0,3.0,4.0,4.0,6.0,14.0,4.0,3.0,2.0,21007.0
CRS3035RES200mN2626400E3457400,51.0,19.0,2.0,6.0,4.0,14.0,0.0,1161365.8,1755.0,0.0,19.0,0.0,3.0,0.0,6.0,5.0,5.0,7.0,13.0,5.0,1.0,6.0,22772.0
CRS3035RES200mN2626400E3457600,94.0,50.0,9.0,22.0,0.0,30.0,5.0,2378324.1,3519.0,11.0,39.0,0.0,3.0,2.5,3.0,6.5,3.0,19.0,19.0,12.0,15.0,11.0,25301.0
CRS3035RES200mN2626400E3457800,124.0,54.0,4.0,12.0,3.0,42.0,6.0,3327176.5,5253.0,2.0,52.0,0.0,5.0,3.0,4.0,9.0,9.0,20.0,23.0,14.0,33.0,4.0,26832.0
CRS3035RES200mN2626400E3458000,133.5,72.0,11.0,37.0,0.0,49.0,5.0,3167476.3,5517.0,11.0,61.0,6.0,5.0,1.0,3.0,9.5,10.0,26.0,27.0,20.0,24.0,8.0,23726.0
CRS3035RES200mN2626400E3458200,236.0,122.0,36.0,60.0,6.0,35.0,21.0,4771568.6,7998.0,46.0,76.0,44.0,6.0,4.0,13.5,17.0,23.5,42.0,54.0,31.0,29.0,7.0,20219.0
CRS3035RES200mN2626400E3458400,479.5,270.0,92.0,147.0,4.0,41.0,45.0,9031361.4,17373.0,227.0,43.0,215.0,21.5,8.0,23.5,37.5,30.0,77.0,113.0,72.0,85.0,12.0,18835.0
CRS3035RES200mN2626400E3458600,213.0,108.0,15.0,46.0,3.0,38.0,19.0,4766525.4,7611.0,67.0,41.0,28.0,12.0,4.5,9.5,15.5,14.5,55.0,42.0,34.0,20.0,6.0,22378.0
CRS3035RES200mN2626400E3458800,205.5,119.0,7.0,62.0,1.0,63.0,13.0,5379207.3,8492.0,83.0,36.0,8.0,9.0,2.0,3.5,7.5,22.5,47.0,40.0,19.0,39.0,16.0,26176.0
CRS3035RES200mN2626400E3459000,228.5,134.0,23.0,78.0,5.0,63.0,15.0,5207044.1,9022.0,85.0,49.0,26.0,6.5,8.0,10.0,13.0,23.0,52.0,43.0,22.0,35.0,16.0,22788.0
CRS3035RES200mN2626400E3459200,91.0,53.0,7.0,33.0,1.0,32.0,3.0,1992919.4,3473.0,16.0,37.0,0.0,0.0,0.0,2.0,11.0,5.0,24.0,20.0,10.0,16.0,3.0,21900.0
CRS3035RES200mN2626400E3459400,206.0,97.0,12.0,38.0,3.0,68.0,12.0,5242385.4,8276.0,28.0,69.0,0.0,9.5,2.0,8.0,20.5,19.0,38.0,41.0,19.0,32.0,17.0,25448.0
CRS3035RES200mN2626400E3459600,131.5,77.0,17.0,45.0,2.0,39.0,6.0,3199028.6,5329.0,39.0,38.0,30.0,2.0,3.0,1.5,10.0,10.0,20.0,26.0,21.0,31.0,7.0,24327.0
CRS3035RES200mN2626400E3460000,453.0,187.0,75.0,77.0,24.0,2.0,51.0,6781697.7,13396.0,187.0,0.0,185.0,40.0,26.0,46.5,58.5,36.0,82.0,88.0,35.0,30.0,11.0,14971.0
CRS3035RES200mN2626400E3460200,846.0,423.0,124.0,222.0,39.0,101.0,71.0,14585807.2,29418.0,420.0,3.0,252.0,32.0,26.5,65.5,90.0,70.0,110.0,137.0,95.0,141.0,78.0,17241.0
CRS3035RES200mN2626400E3460400,634.5,326.0,87.0,169.0,20.0,118.0,55.0,11147935.0,21177.0,307.0,19.0,150.0,21.0,14.0,39.0,62.5,58.0,106.0,142.0,65.0,94.0,33.0,17570.0
CRS3035RES200mN2626400E3460600,489.0,196.0,75.0,70.0,28.0,29.0,48.0,7918536.9,14908.0,160.0,36.0,153.0,18.5,16.0,48.0,77.5,33.0,80.0,90.0,46.0,59.0,21.0,16193.0
CRS3035RES200mN2626400E3460800,351.0,201.0,27.0,113.0,6.0,97.0,33.0,7201624.2,15034.0,201.0,0.0,70.0,15.0,4.0,19.5,20.0,25.5,65.0,63.0,45.0,52.0,42.0,20517.0
CRS3035RES200mN2626400E3461000,100.0,63.0,4.0,36.0,0.0,37.0,8.0,2465391.9,4774.0,50.0,13.0,0.0,0.0,1.0,0.5,9.5,10.0,10.0,25.0,11.0,21.0,12.0,24654.0
CRS3035RES200mN2626400E3461200,328.5,190.0,33.0,100.0,3.0,82.0,33.0,6973067.1,12377.0,159.0,31.0,53.0,12.0,5.5,17.5,22.0,31.5,63.0,74.0,34.0,31.0,38.0,21227.0
CRS3035RES200mN2626400E3461400,219.0,109.0,12.0,41.0,4.0,71.0,15.0,5795133.6,8989.0,40.0,69.0,32.0,5.0,3.0,6.0,17.5,13.5,28.0,40.0,38.0,45.0,23.0,26462.0
CRS3035RES200mN2626400E3461600,186.5,86.0,5.0,25.0,5.0,76.0,5.0,6382300.4,9251.0,2.0,84.0,0.0,4.0,2.0,8.0,13.5,10.0,26.0,36.0,21.0,47.0,19.0,34221.0
CRS3035RES200mN2626400E3461800,229.5,93.0,4.0,25.0,7.0,71.0,7.0,7822639.4,10318.0,3.0,90.0,0.0,5.0,4.0,13.0,25.5,25.0,24.0,60.0,31.0,31.0,11.0,34086.0
CRS3035RES200mN2626400E3462000,168.5,93.0,9.0,41.0,2.0,60.0,12.0,5164348.7,8183.0,26.0,67.0,10.0,2.0,1.0,5.5,13.0,14.0,19.0,31.0,28.0,43.0,12.0,30649.0
CRS3035RES200mN2626400E3462200,139.5,58.0,5.0,22.0,8.0,51.0,0.0,4628835.6,6799.0,2.0,56.0,0.0,6.0,1.0,4.0,12.5,20.0,9.0,25.0,23.0,25.0,14.0,33182.0
CRS3035RES200mN2626400E3462400,61.5,42.0,12.0,30.0,1.0,2.0,4.0,1121532.1,2230.0,42.0,0.0,35.0,3.0,1.0,3.0,4.5,7.0,15.0,5.0,10.0,11.0,2.0,18236.0
CRS3035RES200mN2626400E3462600,116.0,73.0,5.0,44.0,0.0,51.0,5.0,3360456.8,6063.0,62.0,11.0,0.0,1.0,2.0,3.0,7.0,3.0,17.0,13.0,18.0,34.0,18.0,28969.0
CRS3035RES200mN2626400E3462800,100.0,48.0,5.0,20.0,3.0,28.0,4.0,3112289.7,4069.0,15.0,33.0,0.0,1.0,0.0,2.0,11.0,12.0,13.0,19.0,9.0,28.0,5.0,31123.0
CRS3035RES200mN2626400E3463000,171.0,82.0,6.0,28.0,2.0,72.0,7.0,5543621.3,8471.0,13.0,69.0,0.0,4.0,5.0,8.5,11.0,8.5,15.0,38.0,21.0,40.0,20.0,32419.0
CRS3035RES200mN2626400E3463200,245.5,114.0,13.0,41.0,5.0,55.0,13.0,6346417.0,10720.0,30.0,84.0,44.0,7.0,4.0,5.0,22.5,23.0,30.0,54.0,39.0,37.0,24.0,25851.0
CRS3035RES200mN2626400E3463400,189.0,102.0,13.0,38.0,1.0,49.0,20.0,4777514.3,7581.0,19.0,83.0,33.0,3.5,2.5,3.0,9.0,21.0,27.0,30.0,44.0,31.0,18.0,25278.0
CRS3035RES200mN2626400E3463600,112.0,50.0,0.0,19.0,4.0,46.0,5.0,3273050.2,5234.0,0.0,50.0,1.0,5.0,5.0,7.0,7.0,9.0,14.0,20.0,10.0,20.0,15.0,29224.0
CRS3035RES200mN2626400E3463800,31.0,17.0,3.0,6.0,0.0,13.0,0.0,994981.2,1925.0,1.0,16.0,0.0,0.0,0.0,0.0,0.0,3.0,1.0,2.0,7.0,13.0,5.0,32096.0
CRS3035RES200mN2626400E3464000,52.0,21.0,2.0,3.0,2.0,18.0,2.0,1602513.6,2418.0,0.0,21.0,0.0,1.0,1.0,1.0,6.0,5.0,4.0,9.0,10.0,11.0,4.0,30818.0
CRS3035RES200mN2626400E3464200,108.0,56.0,3.0,22.0,1.0,52.0,2.0,3468401.3,6542.0,1.0,55.0,0.0,4.0,1.0,1.0,2.0,7.0,14.0,13.0,17.0,37.0,12.0,32115.0
CRS3035RES200mN2626400E3464400,87.0,43.0,3.0,12.0,1.0,35.0,1.0,2469348.2,4564.0,0.0,43.0,0.0,2.0,1.0,4.0,3.0,2.0,9.0,15.0,12.0,22.0,17.0,28383.0
CRS3035RES200mN2626400E3464600,63.5,28.0,2.0,8.0,0.0,20.0,1.0,1775891.4,2618.0,0.0,28.0,0.0,2.0,2.0,2.0,6.5,4.0,7.0,15.0,5.0,17.0,3.0,27967.0
CRS3035RES200mN2626400E3466000,2.0,0.8,0.0,0.1,0.0,0.7,0.2,57634.2,91.6,0.0,0.8,0.0,0.1,0.1,0.2,0.1,0.2,0.2,0.6,0.1,0.4,0.0,28817.0
CRS3035RES200mN2626400E3466800,36.0,16.0,0.0,4.0,0.0,14.0,1.0,993447.6,1709.0,0.0,16.0,0.0,0.0,0.5,2.5,0.0,3.0,6.0,7.0,8.0,6.0,3.0,27596.0
CRS3035RES200mN2626400E3467000,79.0,33.0,3.0,11.0,3.0,29.0,2.0,2235806.4,3454.0,0.0,33.0,0.0,1.0,1.0,3.0,10.0,7.0,6.0,27.0,7.0,10.0,7.0,28301.0
CRS3035RES200mN2626400E3467200,33.0,12.0,0.0,1.0,0.0,11.0,0.0,1088212.7,1427.0,0.0,12.0,0.0,1.0,1.0,2.0,3.0,5.0,3.0,9.0,5.0,4.0,0.0,32976.0
CRS3035RES200mN2626400E3470000,1.0,0.5,0.0,0.2,0.1,0.4,0.0,29116.3,48.8,0.0,0.5,0.0,0.0,0.0,0.0,0.1,0.1,0.2,0.1,0.2,0.3,0.0,29116.0
CRS3035RES200mN2626400E3470200,13.0,6.2,0.0,2.1,0.7,4.8,0.0,378511.4,633.9,0.0,6.2,0.0,0.0,0.0,0.3,1.0,1.0,2.4,2.1,2.4,3.4,0.4,29116.0
CRS3035RES200mN2626400E3470400,64.0,29.0,0.0,6.0,1.0,27.0,0.0,1901921.4,3135.0,0.0,29.0,0.0,1.0,1.0,3.0,5.0,0.0,6.0,13.0,7.0,21.0,7.0,29718.0
CRS3035RES200mN2626400E3470600,77.0,34.0,2.0,7.0,1.0,34.0,1.0,2278185.4,3558.0,0.0,34.0,0.0,5.0,3.0,1.0,2.0,5.0,11.0,10.0,13.0,24.0,3.0,29587.0
CRS3035RES200mN2626400E3470800,56.0,22.0,3.0,3.0,1.0,20.0,2.0,1504758.4,2272.0,0.0,22.0,0.0,1.0,0.0,2.0,6.0,6.0,8.0,16.0,7.0,9.0,1.0,26871.0
CRS3035RES200mN2626400E3472400,44.0,16.0,2.0,4.0,2.0,10.0,1.0,1122722.2,1650.0,0.0,16.0,0.0,4.0,2.0,2.0,4.0,5.0,8.0,10.0,2.0,4.0,3.0,25516.0
CRS3035RES200mN2626400E3472600,65.0,23.0,0.0,4.0,1.0,22.0,1.0,1752156.1,2619.0,0.0,23.0,0.0,0.0,2.0,9.5,8.5,3.0,12.0,18.0,6.0,5.0,1.0,26956.0
CRS3035RES200mN2626400E3472800,4.0,1.5,0.1,0.2,0.0,1.2,0.0,123516.2,180.6,0.0,1.5,0.0,0.3,0.0,0.0,0.4,0.4,0.8,1.3,0.3,0.3,0.2,30879.0
CRS3035RES200mN2626400E3473200,20.0,8.0,1.3,2.0,0.7,7.3,2.0,646937.9,1052.0,0.0,8.0,0.0,0.0,0.0,0.7,3.3,3.3,0.7,6.7,1.3,4.0,0.0,32347.0
CRS3035RES200mN2626400E3473400,110.0,49.0,5.0,17.0,3.0,35.0,1.0,2746547.0,5493.0,0.0,49.0,0.0,2.0,2.0,6.0,7.0,10.0,28.0,25.0,11.0,14.0,5.0,24969.0
CRS3035RES200mN2626400E3473600,91.5,35.0,1.0,6.0,2.0,31.0,2.0,2580802.4,4018.0,0.0,35.0,0.0,3.0,2.0,2.0,6.0,11.5,13.0,21.0,16.0,13.0,4.0,28205.0
CRS3035RES200mN2626400E3473800,31.0,12.0,0.0,2.0,1.0,11.0,1.0,806476.0,1229.0,0.0,12.0,0.0,2.0,0.0,4.0,2.0,1.0,2.0,7.0,3.0,10.0,0.0,26015.0
CRS3035RES200mN2626400E3474000,26.0,10.1,3.6,2.9,0.7,0.7,2.9,486999.8,809.6,0.0,10.1,0.7,0.0,1.4,3.3,4.0,3.6,5.8,6.5,0.7,0.7,0.0,18731.0
CRS3035RES200mN2626400E3477000,25.0,8.7,0.0,2.0,0.4,7.9,0.0,673531.2,942.5,0.0,8.7,0.0,0.4,1.6,1.2,4.7,1.6,3.6,7.1,2.8,1.6,0.4,26941.0
CRS3035RES200mN2626400E3477200,24.0,8.4,0.0,1.9,0.4,7.6,0.0,646590.0,904.8,0.0,8.4,0.0,0.4,1.5,1.1,4.6,1.5,3.4,6.9,2.7,1.5,0.4,26941.0
CRS3035RES200mN2626400E3481200,3.0,1.2,0.1,0.2,0.0,1.1,0.1,80696.8,159.4,0.0,1.2,0.0,0.0,0.0,0.3,0.3,0.1,0.5,0.6,0.4,0.7,0.1,26899.0
CRS3035RES200mN2626400E3487800,4.0,1.3,0.0,0.1,0.1,1.3,0.0,97551.9,141.2,0.0,1.3,0.0,0.2,0.1,0.6,0.4,0.1,1.0,0.7,0.7,0.1,0.1,24388.0
CRS3035RES200mN2626400E3488000,61.5,25.0,2.0,6.0,2.0,22.0,1.0,1359137.1,2653.0,0.0,25.0,0.0,1.0,1.0,6.5,5.0,4.0,11.0,15.0,5.0,13.0,0.0,22100.0
CRS3035RES200mN2626400E3488200,56.0,25.0,2.0,7.0,0.0,23.0,3.0,1275642.7,2581.0,0.0,25.0,0.0,6.0,3.0,4.0,0.0,4.0,20.0,8.0,4.0,6.0,1.0,22779.0
CRS3035RES200mN2626400E3488400,112.5,42.0,3.0,11.0,3.0,26.0,3.0,2701960.0,4976.0,0.0,42.0,0.0,8.0,4.0,12.0,12.0,8.5,27.0,17.0,15.0,5.0,4.0,24017.0
CRS3035RES200mN2626400E3488600,76.0,33.0,6.0,13.0,3.0,24.0,3.0,1627767.6,3631.0,0.0,33.0,3.0,3.0,0.0,4.0,8.5,6.5,12.0,21.0,9.0,8.0,4.0,21418.0
CRS3035RES200mN2626400E3488800,35.0,15.0,0.0,5.0,1.0,13.0,0.0,1119111.8,1867.0,0.0,15.0,0.0,1.0,0.0,3.0,3.0,1.0,5.0,7.0,6.0,7.0,2.0,31975.0
CRS3035RES200mN2626400E3492600,3.0,1.2,0.1,0.2,0.1,0.9,0.1,74503.2,141.2,0.0,1.2,0.0,0.1,0.0,0.1,0.3,0.2,0.8,0.6,0.5,0.2,0.2,24834.0
CRS3035RES200mN2626400E3497000,6.0,2.4,0.3,0.9,0.2,2.0,0.1,149079.9,358.7,0.0,2.4,0.0,0.2,0.0,0.4,1.1,0.2,0.6,1.8,0.7,0.3,0.7,24847.0
CRS3035RES200mN2626400E3497200,26.0,11.0,2.0,3.0,0.0,10.0,1.0,597681.0,1135.0,0.0,11.0,0.0,0.0,0.0,0.0,3.0,4.0,4.0,10.0,2.0,3.0,0.0,22988.0
CRS3035RES200mN2626400E3497400,8.0,3.3,0.4,1.2,0.3,2.7,0.1,198773.2,478.2,0.0,3.3,0.0,0.3,0.0,0.6,1.5,0.3,0.7,2.4,0.9,0.4,0.9,24847.0
CRS3035RES200mN2626600E3458000,20.0,8.6,0.7,2.9,0.0,7.1,0.7,493264.9,810.7,0.0,8.6,0.0,0.7,0.0,0.7,1.4,2.2,0.7,7.2,1.4,5.7,0.0,24663.0
CRS3035RES200mN2626600E3458200,42.0,22.0,8.0,9.0,0.0,19.0,2.0,820523.8,1600.0,0.0,22.0,0.0,2.0,2.0,2.0,1.0,0.0,6.0,7.0,8.0,12.0,2.0,19536.0
CRS3035RES200mN2626600E3458400,27.0,16.0,2.0,9.0,0.0,8.0,1.0,620896.0,1010.0,7.0,9.0,0.0,2.0,1.0,0.0,1.0,1.0,8.0,4.0,3.0,5.0,2.0,22996.0
CRS3035RES200mN2626600E3458600,126.0,81.0,16.0,51.0,2.0,25.0,7.0,2982639.0,5238.0,48.0,33.0,18.0,4.0,0.0,10.5,4.5,7.0,23.0,18.0,24.0,29.0,6.0,23672.0
CRS3035RES200mN2626600E3458800,276.0,130.0,28.0,55.0,8.0,71.0,25.0,6187672.6,9708.0,40.0,90.0,20.0,8.5,4.5,22.0,28.0,29.0,51.0,65.0,26.0,30.0,12.0,22419.0
CRS3035RES200mN2626600E3459000,195.5,93.0,12.0,30.0,3.0,66.0,12.0,4726032.7,7579.0,18.0,75.0,18.0,11.0,2.0,12.0,13.5,12.0,34.0,30.0,15.0,38.0,28.0,24174.0
CRS3035RES200mN2626600E3459200,177.0,91.0,10.0,33.0,1.0,63.0,6.0,4167889.9,6910.0,0.0,91.0,24.0,4.0,4.0,11.0,6.0,4.0,27.0,27.0,28.0,40.0,26.0,23547.0
CRS3035RES200mN2626600E3459400,129.5,55.0,10.0,20.0,7.0,46.0,4.0,3088492.4,4647.0,0.0,55.0,3.0,5.0,3.0,7.0,15.0,10.5,13.0,31.0,13.0,22.0,10.0,23849.0
CRS3035RES200mN2626600E3459600,541.5,237.0,66.0,95.0,30.0,11.0,56.0,9355380.8,19254.0,233.0,4.0,224.0,27.0,14.0,41.5,83.0,40.0,68.0,103.0,54.0,79.0,32.0,17277.0
CRS3035RES200mN2626600E3460000,1067.5,461.0,187.0,198.0,57.0,1.0,95.0,16546674.8,31564.0,461.0,0.0,460.0,67.5,32.0,90.0,117.0,90.0,184.0,194.0,133.0,118.0,42.0,15500.0
CRS3035RES200mN2626600E3460200,471.5,220.0,86.0,91.0,12.0,0.0,53.0,7339879.6,16312.0,220.0,0.0,220.0,27.5,15.0,30.0,50.0,38.0,94.0,83.0,47.0,69.0,18.0,15567.0
CRS3035RES200mN2626600E3460400,679.5,309.0,151.0,139.0,30.0,5.0,65.0,9925474.5,20683.0,302.0,7.0,302.0,48.5,18.5,68.0,69.5,46.0,122.0,130.0,74.0,77.0,26.0,14607.0
CRS3035RES200mN2626600E3460600,688.0,281.0,93.0,101.0,32.0,27.0,67.0,11409799.2,21523.0,252.0,29.0,252.0,35.0,21.0,69.0,88.5,52.5,124.0,129.0,81.0,67.0,21.0,16584.0
CRS3035RES200mN2626600E3460800,296.0,137.0,40.0,57.0,11.0,35.0,31.0,5396812.4,10344.0,96.0,41.0,95.0,17.0,12.0,27.5,28.5,16.0,49.0,47.0,31.0,44.0,24.0,18232.0
CRS3035RES200mN2626600E3461000,102.0,55.0,1.0,22.0,1.0,50.0,6.0,2603924.3,4932.0,0.0,55.0,0.0,2.0,0.0,2.5,5.5,2.0,12.0,14.0,8.0,33.0,23.0,25529.0
CRS3035RES200mN2626600E3461200,117.0,50.0,3.0,12.0,1.0,43.0,5.0,3488925.4,5045.0,0.0,50.0,0.0,6.0,4.0,4.0,10.0,4.0,14.0,23.0,17.0,23.0,12.0,29820.0
CRS3035RES200mN2626600E3461400,157.0,84.0,7.0,38.0,1.0,71.0,7.0,4771723.4,8377.0,13.0,71.0,2.0,2.0,1.0,8.5,7.5,8.0,19.0,28.0,34.0,36.0,13.0,30393.0
CRS3035RES200mN2626600E3461600,212.0,88.0,4.0,24.0,4.0,77.0,9.0,6947340.7,8922.0,0.0,88.0,0.0,11.0,3.0,18.5,13.5,15.0,31.0,44.0,28.0,36.0,12.0,32770.0
CRS3035RES200mN2626600E3461800,191.5,88.0,9.0,35.0,5.0,73.0,9.0,6171612.3,8473.0,6.0,82.0,0.0,4.0,3.0,15.0,14.0,15.5,27.0,42.0,21.0,43.0,7.0,32228.0
CRS3035RES200mN2626600E3462000,174.0,66.0,6.0,19.0,8.0,60.0,2.0,5882513.8,7980.0,0.0,66.0,0.0,7.0,2.0,12.0,22.0,14.0,15.0,43.0,18.0,28.0,13.0,33808.0
CRS3035RES200mN2626600E3462200,181.5,84.0,6.0,34.0,5.0,64.0,2.0,5988459.6,8505.0,10.0,74.0,0.0,6.0,3.0,7.0,10.5,15.0,23.0,42.0,31.0,34.0,10.0,32994.0
CRS3035RES200mN2626600E3462400,77.5,36.0,3.0,9.0,0.0,30.0,4.0,2414743.4,3997.0,3.0,33.0,0.0,1.0,3.0,3.5,4.0,3.0,9.0,16.0,9.0,17.0,12.0,31158.0
CRS3035RES200mN2626600E3462600,125.5,61.0,4.0,25.0,1.0,44.0,8.0,4102749.7,5694.0,12.0,49.0,0.0,2.0,2.0,5.0,9.5,14.0,17.0,27.0,15.0,23.0,11.0,32691.0
CRS3035RES200mN2626600E3462800,159.5,87.0,6.0,34.0,0.0,61.0,7.0,5182552.3,8553.0,15.0,72.0,0.0,3.0,0.5,6.0,6.0,5.0,19.0,25.0,23.0,46.0,26.0,32492.0
CRS3035RES200mN2626600E3463000,264.5,127.0,26.0,48.0,10.0,37.0,24.0,6306973.4,11708.0,88.0,39.0,81.0,3.0,8.0,16.0,30.5,16.0,25.0,52.0,35.0,52.0,27.0,23845.0
CRS3035RES200mN2626600E3463200,189.0,81.0,3.0,24.0,3.0,71.0,5.0,6310227.5,8643.0,13.0,68.0,0.0,6.0,2.5,8.0,17.5,15.0,30.0,33.0,28.0,38.0,11.0,33387.0
CRS3035RES200mN2626600E3463400,51.0,22.0,0.0,6.0,1.0,20.0,2.0,1760445.8,2306.0,0.0,22.0,0.0,2.0,1.0,3.0,4.0,3.0,9.0,10.0,6.0,8.0,5.0,34519.0
CRS3035RES200mN2626600E3463600,12.0,6.9,0.9,3.9,0.0,2.1,0.4,351434.6,486.0,3.9,3.0,0.0,0.4,0.4,0.0,0.9,1.3,4.7,2.1,1.3,0.9,0.0,29286.0
CRS3035RES200mN2626600E3463800,88.5,34.0,7.0,7.0,2.0,0.0,9.0,1557459.3,2307.0,25.0,9.0,34.0,2.5,1.0,11.0,6.0,14.0,9.0,24.0,6.0,15.0,0.0,17598.0
CRS3035RES200mN2626600E3464200,12.0,5.9,0.6,1.7,0.0,3.1,1.1,283449.9,509.3,0.0,5.9,1.7,0.3,0.1,1.0,0.6,0.6,2.2,1.9,2.2,2.0,1.1,23621.0
CRS3035RES200mN2626600E3464400,2.0,1.0,0.1,0.3,0.0,0.5,0.2,47241.7,84.9,0.0,1.0,0.3,0.0,0.0,0.2,0.1,0.1,0.4,0.3,0.4,0.3,0.2,23621.0
CRS3035RES200mN2626600E3464600,17.0,8.3,0.8,2.4,0.0,4.3,1.6,401554.0,721.5,0.0,8.3,2.4,0.4,0.2,1.4,0.8,0.8,3.1,2.8,3.1,2.8,1.6,23621.0
CRS3035RES200mN2626600E3466800,3.0,1.2,0.1,0.2,0.0,1.0,0.2,86451.2,137.4,0.0,1.2,0.0,0.1,0.1,0.2,0.2,0.3,0.3,0.9,0.2,0.6,0.1,28817.0
CRS3035RES200mN2626600E3467000,79.5,41.0,3.0,17.0,3.0,31.0,3.0,2067678.8,3954.0,9.0,32.0,0.0,2.0,2.0,4.0,3.5,11.0,18.0,13.0,3.0,13.0,10.0,26009.0
CRS3035RES200mN2626600E3467200,3.0,1.2,0.1,0.5,0.1,1.0,0.0,84755.3,129.0,0.0,1.2,0.0,0.1,0.0,0.3,0.2,0.4,0.3,0.9,0.6,0.2,0.0,28252.0
CRS3035RES200mN2626600E3469200,76.0,36.0,6.0,13.0,1.0,2.0,11.0,1642994.7,2393.0,3.0,33.0,19.0,2.0,1.0,9.0,13.0,6.0,21.0,15.0,5.0,4.0,0.0,21618.0
CRS3035RES200mN2626600E3469400,101.5,39.0,4.0,7.0,1.0,26.0,10.0,2546873.1,3816.0,0.0,39.0,9.0,10.0,4.0,11.5,11.0,5.0,30.0,23.0,6.0,1.0,0.0,25092.0
CRS3035RES200mN2626600E3469600,54.0,18.0,1.0,3.0,1.0,13.0,3.0,1373309.8,1889.0,0.0,18.0,5.0,5.0,2.0,8.0,7.0,2.0,11.0,16.0,2.0,0.0,1.0,25432.0
CRS3035RES200mN2626600E3470400,53.0,23.0,2.0,1.0,0.0,22.0,1.0,1290584.0,2218.0,0.0,23.0,0.0,1.0,0.0,0.0,4.0,4.0,2.0,7.0,10.0,21.0,4.0,24351.0
CRS3035RES200mN2626600E3470600,81.0,33.0,1.0,6.0,3.0,28.0,1.0,2296705.9,3852.0,0.0,33.0,0.0,2.0,0.0,4.0,9.0,5.0,14.0,17.0,6.0,21.0,3.0,28354.0
CRS3035RES200mN2626600E3470800,69.5,24.0,3.0,2.0,1.0,23.0,1.0,1875060.2,3099.0,0.0,24.0,0.0,6.0,2.0,4.0,5.5,2.0,9.0,23.0,8.0,9.0,1.0,26979.0
CRS3035RES200mN2626600E3471000,11.0,3.3,0.3,0.6,0.8,3.0,0.0,311336.9,517.8,0.0,3.3,0.0,0.3,0.0,1.6,1.9,1.1,0.5,2.5,1.4,1.7,0.0,28303.0
CRS3035RES200mN2626600E3472200,4.0,1.5,0.1,0.2,0.0,1.2,0.0,123516.2,180.6,0.0,1.5,0.0,0.3,0.0,0.0,0.4,0.4,0.8,1.3,0.3,0.3,0.2,30879.0
CRS3035RES200mN2626600E3472400,2.0,0.7,0.0,0.1,0.0,0.6,0.0,61758.1,90.3,0.0,0.7,0.0,0.1,0.0,0.0,0.2,0.2,0.4,0.7,0.1,0.2,0.1,30879.0
CRS3035RES200mN2626600E3472600,82.0,30.0,0.0,7.0,3.0,24.0,2.0,2243972.6,3587.0,0.0,30.0,0.0,4.0,1.0,3.0,8.0,9.0,13.0,16.0,15.0,9.0,4.0,27366.0
CRS3035RES200mN2626600E3472800,62.0,25.0,2.0,2.0,0.0,24.0,0.0,1926078.8,3047.0,0.0,25.0,0.0,2.0,1.0,3.0,3.0,5.0,9.0,11.0,11.0,17.0,0.0,31066.0
CRS3035RES200mN2626600E3473000,98.5,35.0,2.0,5.0,3.0,22.0,4.0,2608509.5,3803.0,0.0,35.0,0.0,5.0,1.0,8.5,8.0,13.0,15.0,24.0,14.0,8.0,2.0,26482.0
CRS3035RES200mN2626600E3473200,39.0,17.0,1.0,6.0,1.0,15.0,1.0,1071592.2,2515.0,0.0,17.0,0.0,1.0,0.0,4.0,5.0,2.0,4.0,10.0,2.0,9.0,2.0,27477.0
CRS3035RES200mN2626600E3473400,48.0,18.0,2.0,3.0,2.0,14.0,2.0,1434759.2,2221.0,1.0,17.0,0.0,2.0,0.0,5.0,3.5,6.5,8.0,10.0,6.0,5.0,2.0,29891.0
CRS3035RES200mN2626600E3473600,45.0,19.0,1.0,4.0,0.0,18.0,1.0,1388888.2,2096.0,0.0,19.0,0.0,0.0,0.0,0.0,3.0,7.0,4.0,10.0,10.0,10.0,1.0,30864.0
CRS3035RES200mN2626600E3473800,53.0,21.0,1.0,5.0,2.0,16.0,2.0,1293676.2,2240.0,0.0,21.0,0.0,4.0,2.0,1.0,6.0,3.0,10.0,8.0,4.0,10.0,5.0,24409.0
CRS3035RES200mN2626600E3476600,30.5,16.0,1.0,3.0,0.0,11.0,3.0,774857.6,1690.0,0.0,16.0,0.0,1.0,0.5,0.0,1.0,3.0,4.0,4.0,8.0,5.0,4.0,25405.0
CRS3035RES200mN2626600E3476800,42.0,15.0,1.0,1.0,1.0,12.0,1.0,1247366.5,1977.0,0.0,15.0,0.0,0.0,0.0,2.0,6.0,2.0,6.0,11.0,4.0,10.0,1.0,29699.0
CRS3035RES200mN2626600E3477000,44.0,21.0,0.0,7.0,0.0,19.0,1.0,1296568.3,2352.0,0.0,21.0,0.0,2.0,0.0,0.0,3.0,4.0,10.0,11.0,7.0,7.0,0.0,29467.0
CRS3035RES200mN2626600E3477200,107.0,39.0,3.0,6.0,1.0,32.0,3.0,2777108.3,4058.0,0.0,39.0,3.0,4.0,3.0,14.5,12.5,6.0,22.0,25.0,10.0,10.0,0.0,25954.0
CRS3035RES200mN2626600E3477400,4.0,1.4,0.0,0.3,0.1,1.3,0.0,107765.0,150.8,0.0,1.4,0.0,0.1,0.2,0.2,0.8,0.2,0.6,1.1,0.4,0.3,0.1,26941.0
CRS3035RES200mN2626600E3478800,4.0,1.6,0.3,0.3,0.1,1.5,0.1,104336.6,206.2,0.0,1.6,0.0,0.0,0.0,0.1,0.5,0.5,0.2,1.1,0.8,0.8,0.0,26084.0
CRS3035RES200mN2626600E3486600,2.0,0.7,0.0,0.1,0.0,0.6,0.0,48776.0,70.6,0.0,0.7,0.0,0.1,0.0,0.3,0.2,0.1,0.5,0.4,0.3,0.1,0.0,24388.0
CRS3035RES200mN2626600E3488000,74.5,23.0,2.0,0.0,2.0,20.0,2.0,1639074.4,2384.0,0.0,23.0,0.0,10.0,3.0,12.0,4.5,1.0,28.0,8.0,8.0,0.0,0.0,22001.0
CRS3035RES200mN2626600E3488200,93.0,30.0,4.0,7.0,5.0,29.0,3.0,2030978.5,3182.0,0.0,30.0,0.0,6.0,4.0,10.5,16.5,5.0,15.0,26.0,5.0,5.0,0.0,21838.0
CRS3035RES200mN2626600E3488400,39.0,18.0,1.0,6.0,0.0,14.0,3.0,1013587.4,1900.0,0.0,18.0,0.0,1.5,0.0,1.5,6.0,1.0,8.0,12.0,3.0,6.0,0.0,25989.0
CRS3035RES200mN2626600E3488600,12.0,4.2,0.4,0.8,0.6,3.8,0.2,282505.8,542.4,0.0,4.2,0.0,0.4,0.6,0.7,1.3,1.0,1.9,3.4,1.0,1.5,0.2,23542.0
CRS3035RES200mN2626600E3488800,10.0,3.5,0.3,0.6,0.5,3.2,0.2,235421.5,452.0,0.0,3.5,0.0,0.3,0.5,0.6,1.1,0.8,1.6,2.9,0.8,1.3,0.1,23542.0
CRS3035RES200mN2626600E3490400,1.0,0.4,0.1,0.1,0.1,0.3,0.0,22665.8,54.0,0.0,0.4,0.0,0.0,0.0,0.1,0.0,0.2,0.2,0.2,0.1,0.1,0.1,22666.0
CRS3035RES200mN2626600E3492800,4.0,1.6,0.2,0.3,0.1,1.2,0.2,99337.6,188.3,0.0,1.6,0.0,0.1,0.0,0.1,0.4,0.2,1.1,0.8,0.7,0.3,0.3,24834.0
CRS3035RES200mN2626600E3493000,41.0,14.0,0.0,0.0,2.0,13.0,0.0,1249194.6,2207.0,0.0,14.0,0.0,1.0,0.0,3.0,2.0,6.0,5.0,9.0,6.0,9.0,0.0,30468.0
CRS3035RES200mN2626600E3493200,34.0,14.2,1.3,5.8,0.0,11.0,1.3,844893.4,1617.8,0.0,14.2,0.0,0.0,2.6,3.9,3.6,3.2,5.8,7.8,3.9,1.3,1.9,24850.0
CRS3035RES200mN2626600E3493400,34.5,15.0,1.0,3.0,0.0,9.0,2.0,754443.4,1529.0,2.0,13.0,0.0,1.0,0.0,1.5,2.0,6.0,7.0,11.0,3.0,3.0,0.0,21868.0
CRS3035RES200mN2626600E3493600,5.0,2.1,0.2,0.9,0.0,1.6,0.2,124249.0,237.9,0.0,2.1,0.0,0.0,0.4,0.6,0.5,0.5,0.8,1.1,0.6,0.2,0.3,24850.0
CRS3035RES200mN2626600E3495400,11.0,4.0,0.4,0.6,0.1,2.8,0.7,251422.4,438.4,0.2,3.8,0.5,0.8,0.6,0.9,0.8,0.5,2.4,2.0,1.6,1.2,0.2,22857.0
CRS3035RES200mN2626600E3495800,3.0,1.1,0.1,0.2,0.0,0.8,0.2,68569.7,119.6,0.0,1.1,0.1,0.2,0.2,0.3,0.2,0.1,0.7,0.5,0.4,0.3,0.1,22857.0
CRS3035RES200mN2626600E3496000,3.0,1.6,0.3,0.6,0.0,1.4,0.1,68889.6,162.2,0.0,1.6,0.0,0.1,0.0,0.1,0.1,0.2,0.9,0.5,0.4,0.3,0.4,22963.0
CRS3035RES200mN2626600E3496600,1.0,0.5,0.1,0.2,0.0,0.5,0.0,22963.2,54.1,0.0,0.5,0.0,0.1,0.0,0.0,0.0,0.1,0.3,0.2,0.1,0.1,0.1,22963.0
CRS3035RES200mN2626800E3458400,8.0,3.4,0.3,1.1,0.0,2.9,0.3,197306.0,324.3,0.0,3.4,0.0,0.3,0.0,0.3,0.6,0.8,0.3,2.8,0.6,2.3,0.0,24663.0
CRS3035RES200mN2626800E3458600,300.0,155.0,28.0,67.0,4.0,65.0,23.0,6975464.1,11669.0,51.0,104.0,22.0,5.0,3.0,13.5,38.5,20.0,53.0,61.0,39.0,48.0,19.0,23252.0
CRS3035RES200mN2626800E3458800,204.5,99.0,13.0,39.0,2.0,78.0,15.0,4998427.5,8568.0,12.0,87.0,0.0,13.0,6.0,9.0,16.5,13.0,42.0,50.0,20.0,17.0,18.0,24442.0
CRS3035RES200mN2626800E3459000,148.0,82.0,11.0,42.0,3.0,63.0,3.0,3248072.1,6721.0,11.0,71.0,13.0,2.0,2.0,9.0,10.0,2.0,10.0,25.0,11.0,40.0,37.0,21946.0
CRS3035RES200mN2626800E3459200,211.5,82.0,16.0,24.0,6.0,20.0,20.0,4063938.3,6591.0,23.0,59.0,61.0,4.0,3.0,7.0,34.5,31.0,20.0,52.0,30.0,22.0,8.0,19215.0
CRS3035RES200mN2626800E3459400,105.5,46.0,0.0,17.0,3.0,39.0,6.0,2628660.7,4051.0,0.0,46.0,2.0,4.0,2.0,3.0,9.5,14.0,23.0,23.0,9.0,6.0,12.0,24916.0
CRS3035RES200mN2626800E3459600,234.5,105.0,36.0,46.0,9.0,0.0,24.0,3749570.6,8449.0,95.0,10.0,105.0,13.0,8.0,20.0,31.0,18.5,33.0,45.0,24.0,33.0,9.0,15990.0
CRS3035RES200mN2626800E3459800,190.5,84.0,16.0,31.0,7.0,29.0,15.0,3746885.7,6824.0,46.0,38.0,51.0,4.0,5.0,10.5,22.0,11.0,33.0,37.0,19.0,32.0,17.0,19669.0
CRS3035RES200mN2626800E3460000,321.0,113.0,30.0,32.0,20.0,56.0,19.0,5991784.1,9613.0,50.0,63.0,46.0,22.5,15.0,28.0,40.0,33.5,54.0,56.0,25.0,26.0,21.0,18666.0
CRS3035RES200mN2626800E3460200,165.5,84.0,17.0,34.0,3.0,34.0,18.0,3377931.6,6593.0,45.0,39.0,46.0,9.0,3.0,6.0,7.5,11.0,28.0,40.0,21.0,18.0,22.0,20410.0
CRS3035RES200mN2626800E3460400,357.0,134.0,30.0,35.0,20.0,43.0,30.0,6610565.4,11194.0,74.0,60.0,55.0,20.0,4.0,28.5,51.5,33.0,63.0,85.0,30.0,30.0,12.0,18517.0
CRS3035RES200mN2626800E3460600,137.0,59.0,7.0,20.0,4.0,54.0,5.0,3163211.4,4899.0,1.0,58.0,0.0,6.0,0.0,7.0,16.0,11.0,16.0,29.0,12.0,16.0,24.0,23089.0
CRS3035RES200mN2626800E3460800,300.5,178.0,25.0,101.0,7.0,8.0,24.0,6125658.8,11381.0,117.0,61.0,120.0,6.0,4.0,11.0,19.0,20.5,37.0,59.0,39.0,52.0,53.0,20385.0
CRS3035RES200mN2626800E3461000,20.0,10.7,2.0,4.7,0.7,6.7,0.7,402994.7,1068.0,3.3,7.4,0.0,0.7,0.0,1.3,0.7,1.3,1.3,2.0,2.0,9.3,1.4,20150.0
CRS3035RES200mN2626800E3461200,10.0,5.3,1.0,2.3,0.3,3.3,0.3,201497.4,534.0,1.6,3.7,0.0,0.3,0.0,0.7,0.3,0.7,0.7,1.0,1.0,4.6,0.7,20150.0
CRS3035RES200mN2626800E3461400,104.0,66.0,4.0,40.0,1.0,26.0,1.0,2813468.4,3957.0,59.0,7.0,0.0,2.0,1.0,2.0,3.0,10.0,24.0,26.0,12.0,18.0,6.0,27053.0
CRS3035RES200mN2626800E3461600,122.0,47.0,6.0,12.0,5.0,37.0,7.0,3309538.5,4541.0,3.0,44.0,0.0,6.0,1.0,7.0,13.0,14.0,18.0,25.0,13.0,10.0,15.0,27127.0
CRS3035RES200mN2626800E3461800,147.5,69.0,9.0,26.0,3.0,50.0,7.0,4181685.5,6625.0,12.0,57.0,5.0,4.5,3.5,6.5,10.0,11.0,23.0,29.0,26.0,19.0,15.0,28350.0
CRS3035RES200mN2626800E3462000,142.5,80.0,9.0,39.0,2.0,57.0,6.0,4272177.3,7649.0,31.0,49.0,0.0,0.0,1.0,0.0,9.5,15.0,10.0,28.0,28.0,38.0,13.0,29980.0
CRS3035RES200mN2626800E3462200,177.0,77.0,2.0,18.0,4.0,71.0,9.0,5496360.1,8286.0,0.0,77.0,0.0,1.0,2.0,10.0,18.0,12.0,14.0,36.0,27.0,43.0,14.0,31053.0
CRS3035RES200mN2626800E3462400,216.5,90.0,4.0,28.0,6.0,71.0,8.0,6628315.8,9192.0,3.0,87.0,0.0,7.0,4.0,11.5,24.5,17.5,29.0,44.0,25.0,38.0,16.0,30616.0
CRS3035RES200mN2626800E3462600,76.0,39.0,6.0,18.0,3.0,20.0,3.0,2242910.2,3289.0,20.0,19.0,0.0,1.0,0.0,3.5,9.5,3.0,18.0,16.0,4.0,15.0,6.0,29512.0
CRS3035RES200mN2626800E3462800,68.0,36.0,10.0,19.0,3.0,17.0,6.0,1571945.2,2705.0,0.0,36.0,19.0,1.0,0.0,4.0,6.5,8.5,5.0,12.0,10.0,13.0,8.0,23117.0
CRS3035RES200mN2626800E3463000,77.0,50.0,8.0,31.0,0.0,20.0,3.0,2279034.5,3826.0,12.0,38.0,19.0,2.0,1.0,0.5,0.5,4.0,9.0,15.0,10.0,31.0,4.0,29598.0
CRS3035RES200mN2626800E3463200,97.0,44.0,4.0,15.0,4.0,34.0,5.0,2802969.1,4454.0,7.0,37.0,0.0,6.0,2.0,3.0,8.0,8.0,18.0,17.0,7.0,16.0,12.0,28897.0
CRS3035RES200mN2626800E3463400,170.5,92.0,6.0,38.0,0.0,73.0,10.0,5368347.5,8953.0,44.0,48.0,0.0,3.5,2.0,6.5,7.5,10.0,24.0,26.0,20.0,44.0,27.0,31486.0
CRS3035RES200mN2626800E3463600,21.0,16.0,2.0,12.0,0.0,11.0,1.0,688038.9,1566.0,0.0,16.0,0.0,0.0,0.0,0.0,0.0,0.0,5.0,9.0,2.0,3.0,2.0,32764.0
CRS3035RES200mN2626800E3463800,16.0,9.1,1.1,5.1,0.0,2.9,0.6,468579.4,648.0,5.1,4.0,0.0,0.6,0.6,0.0,1.1,1.7,6.3,2.9,1.7,1.1,0.0,29286.0
CRS3035RES200mN2626800E3464000,48.0,25.0,8.0,11.0,2.0,0.0,7.0,1080517.3,1758.0,22.0,3.0,22.0,2.0,1.0,4.5,5.5,7.0,9.0,14.0,2.0,3.0,0.0,22511.0
CRS3035RES200mN2626800E3465400,3.0,1.7,0.2,0.8,0.0,0.7,0.2,73765.4,123.4,1.0,0.7,0.0,0.2,0.0,0.0,0.1,0.6,0.9,0.5,0.2,0.4,0.1,24588.0
CRS3035RES200mN2626800E3465800,50.5,29.0,3.1,14.1,0.0,12.5,3.9,1241717.9,2077.2,16.5,12.5,0.0,3.9,0.0,0.0,2.0,10.2,14.1,8.6,3.9,7.0,0.8,24588.0
CRS3035RES200mN2626800E3466400,2.0,0.8,0.0,0.1,0.0,0.7,0.2,57634.2,91.6,0.0,0.8,0.0,0.1,0.1,0.2,0.1,0.2,0.2,0.6,0.1,0.4,0.0,28817.0
CRS3035RES200mN2626800E3466600,44.0,15.0,0.0,1.0,3.0,13.0,2.0,1320115.8,1469.0,0.0,15.0,1.0,0.0,2.0,1.0,7.0,4.0,6.0,16.0,2.0,5.0,1.0,30003.0
CRS3035RES200mN2626800E3466800,24.0,9.7,0.6,1.4,0.3,8.0,2.0,691609.8,1099.2,0.0,9.7,0.0,0.9,0.9,1.8,1.4,2.3,2.8,7.1,1.4,4.8,0.6,28817.0
CRS3035RES200mN2626800E3467000,8.0,3.2,0.3,1.3,0.3,2.7,0.0,226014.2,344.0,0.0,3.2,0.0,0.3,0.0,0.8,0.5,1.1,0.8,2.4,1.6,0.5,0.0,28252.0
CRS3035RES200mN2626800E3467400,9.0,3.6,0.3,1.5,0.3,3.0,0.0,254266.0,387.0,0.0,3.6,0.0,0.3,0.0,0.9,0.6,1.2,0.9,2.7,1.8,0.6,0.0,28252.0
CRS3035RES200mN2626800E3468800,4.0,1.3,0.1,0.2,0.2,0.9,0.1,103433.5,155.4,0.0,1.3,0.0,0.3,0.0,0.5,0.3,0.3,0.8,0.7,0.7,0.2,0.2,25858.0
CRS3035RES200mN2626800E3469000,2.0,0.6,0.1,0.1,0.1,0.5,0.0,51716.8,77.7,0.0,0.6,0.0,0.2,0.0,0.2,0.2,0.2,0.4,0.3,0.3,0.1,0.1,25858.0
CRS3035RES200mN2626800E3469200,79.0,30.0,0.0,7.0,2.0,29.0,2.0,2402122.2,3493.0,0.0,30.0,0.0,3.0,4.0,2.5,4.5,11.0,14.0,20.0,9.0,6.0,5.0,30407.0
CRS3035RES200mN2626800E3469400,159.5,61.0,5.0,10.0,3.0,49.0,12.0,4540532.8,6486.0,0.0,61.0,6.0,7.5,4.0,14.5,9.5,21.0,27.0,39.0,18.0,19.0,0.0,28467.0
CRS3035RES200mN2626800E3469600,160.0,56.0,3.0,10.0,7.0,41.0,11.0,4109259.4,5783.0,0.0,56.0,10.0,5.0,6.0,11.5,31.5,12.0,21.0,49.0,14.0,7.0,3.0,25683.0
CRS3035RES200mN2626800E3469800,4.0,1.3,0.1,0.2,0.2,0.9,0.1,103433.5,155.4,0.0,1.3,0.0,0.3,0.0,0.5,0.3,0.3,0.8,0.7,0.7,0.2,0.2,25858.0
CRS3035RES200mN2626800E3470600,81.0,30.0,6.0,8.0,3.0,20.0,6.0,2048245.8,3191.0,7.0,23.0,7.0,7.0,3.5,7.5,9.0,5.0,23.0,16.0,7.0,2.0,1.0,25287.0
CRS3035RES200mN2626800E3470800,87.5,35.0,3.0,6.0,0.0,32.0,0.0,2416725.1,3814.0,0.0,35.0,0.0,0.0,2.0,2.0,11.5,6.0,10.0,23.0,16.0,15.0,2.0,27620.0
CRS3035RES200mN2626800E3471000,33.0,12.0,1.0,1.0,0.0,12.0,1.0,1019407.3,1474.0,0.0,12.0,0.0,1.0,0.0,3.0,3.0,2.0,4.0,7.0,6.0,5.0,2.0,30891.0
CRS3035RES200mN2626800E3471200,20.0,6.0,0.5,1.0,1.5,5.5,0.0,566067.1,941.5,0.0,6.0,0.0,0.5,0.0,3.0,3.5,2.0,1.0,4.5,2.5,3.0,0.0,28303.0
CRS3035RES200mN2626800E3472600,36.0,13.3,0.8,1.6,0.0,11.0,0.0,1111646.2,1625.5,0.0,13.3,0.0,2.4,0.0,0.0,3.9,3.9,7.0,11.7,2.4,3.1,1.6,30879.0
CRS3035RES200mN2626800E3472800,63.0,25.0,1.0,3.0,0.0,22.0,1.0,2013230.4,3244.0,0.0,25.0,1.0,5.0,0.0,2.0,5.0,2.0,9.0,10.0,11.0,16.0,3.0,31956.0
CRS3035RES200mN2626800E3473000,142.0,58.0,9.0,19.0,5.0,30.0,7.0,3639937.7,6017.0,18.0,40.0,19.0,11.0,6.5,11.0,13.5,8.0,32.0,29.0,12.0,18.0,1.0,25633.0
CRS3035RES200mN2626800E3473200,108.0,36.0,3.0,3.0,4.0,32.0,4.0,3020427.8,4474.0,0.0,36.0,0.0,4.0,2.0,6.0,16.5,10.5,16.0,29.0,15.0,7.0,2.0,27967.0
CRS3035RES200mN2626800E3473400,72.0,37.0,12.0,11.0,1.0,1.0,15.0,1330126.8,2508.0,0.0,37.0,36.0,1.0,0.5,6.5,5.0,10.0,16.0,25.0,4.0,4.0,0.0,18474.0
CRS3035RES200mN2626800E3473600,1.0,0.4,0.1,0.1,0.0,0.4,0.1,32346.9,52.6,0.0,0.4,0.0,0.0,0.0,0.0,0.2,0.2,0.0,0.3,0.1,0.2,0.0,32347.0
CRS3035RES200mN2626800E3476000,1.0,0.4,0.0,0.1,0.0,0.3,0.0,26909.5,44.9,0.0,0.4,0.0,0.1,0.0,0.1,0.1,0.1,0.1,0.2,0.1,0.2,0.0,26910.0
CRS3035RES200mN2626800E3476600,17.0,6.6,0.3,1.2,0.6,5.7,0.3,457460.7,762.9,0.0,6.6,0.0,0.9,0.6,0.9,0.9,2.1,2.1,4.1,1.8,3.3,0.3,26909.0
CRS3035RES200mN2626800E3476800,111.0,47.0,2.0,16.0,7.0,32.0,8.0,2914438.5,5605.0,5.0,42.0,0.0,6.0,0.0,12.5,9.5,10.0,20.0,23.0,14.0,13.0,3.0,26256.0
CRS3035RES200mN2626800E3477000,86.5,35.0,5.0,8.0,2.0,32.0,6.0,2242687.5,4212.0,0.0,35.0,0.0,1.0,4.5,7.5,5.5,7.0,17.0,18.0,9.0,11.0,6.0,25927.0
CRS3035RES200mN2626800E3477200,144.5,48.0,2.0,7.0,6.0,40.0,4.0,3814332.4,4712.0,0.0,48.0,4.0,9.0,8.5,11.0,16.0,11.0,31.0,35.0,11.0,12.0,0.0,26397.0
CRS3035RES200mN2626800E3477400,10.0,3.5,0.0,0.8,0.2,3.2,0.0,269412.5,377.0,0.0,3.5,0.0,0.2,0.6,0.5,1.9,0.6,1.4,2.9,1.1,0.6,0.2,26941.0
CRS3035RES200mN2626800E3478800,1.0,0.4,0.1,0.1,0.0,0.4,0.0,26084.2,51.6,0.0,0.4,0.0,0.0,0.0,0.0,0.1,0.1,0.1,0.3,0.2,0.2,0.0,26084.0
CRS3035RES200mN2626800E3480800,2.0,0.8,0.1,0.1,0.0,0.7,0.0,53797.8,106.2,0.0,0.8,0.0,0.0,0.0,0.2,0.2,0.0,0.3,0.4,0.3,0.5,0.1,26899.0
CRS3035RES200mN2626800E3487800,15.0,5.0,0.0,0.5,0.2,4.8,0.0,365819.8,529.5,0.0,5.0,0.0,0.7,0.2,2.2,1.6,0.4,3.8,2.8,2.5,0.5,0.3,24388.0
CRS3035RES200mN2626800E3488000,43.5,15.0,0.0,0.0,0.0,15.0,3.0,984659.0,1483.0,0.0,15.0,0.0,2.0,1.0,5.0,7.5,0.0,15.0,7.0,3.0,2.0,1.0,22636.0
CRS3035RES200mN2626800E3488200,3.0,1.1,0.1,0.2,0.1,1.0,0.0,70626.4,135.6,0.0,1.1,0.0,0.1,0.1,0.2,0.3,0.2,0.5,0.9,0.2,0.4,0.1,23542.0
CRS3035RES200mN2626800E3488600,2.0,0.7,0.1,0.1,0.1,0.6,0.0,47084.3,90.4,0.0,0.7,0.0,0.1,0.1,0.1,0.2,0.2,0.3,0.6,0.2,0.2,0.0,23542.0
CRS3035RES200mN2626800E3488800,7.0,2.5,0.2,0.4,0.3,2.2,0.1,164795.0,316.4,0.0,2.5,0.0,0.2,0.3,0.4,0.8,0.6,1.1,2.0,0.6,0.9,0.1,23542.0
CRS3035RES200mN2626800E3490200,6.0,2.3,0.5,0.6,0.3,1.7,0.2,135994.8,324.0,0.0,2.3,0.0,0.1,0.2,0.6,0.2,0.9,1.4,1.2,0.6,0.5,0.3,22666.0
CRS3035RES200mN2626800E3492600,4.0,1.6,0.2,0.3,0.1,1.2,0.2,99337.6,188.3,0.0,1.6,0.0,0.1,0.0,0.1,0.4,0.2,1.1,0.8,0.7,0.3,0.3,24834.0
CRS3035RES200mN2626800E3492800,14.0,5.8,0.6,1.2,0.3,4.0,0.6,347681.5,659.0,0.0,5.8,0.0,0.3,0.0,0.4,1.4,0.9,3.7,2.9,2.3,0.9,1.2,24834.0
CRS3035RES200mN2626800E3493000,57.5,23.0,3.0,4.0,0.0,19.0,2.0,1340470.9,3125.0,0.0,23.0,0.0,5.0,2.0,3.0,2.5,5.0,10.0,8.0,9.0,12.0,1.0,23313.0
CRS3035RES200mN2626800E3493200,37.0,15.0,2.0,3.0,1.0,15.0,3.0,899920.3,2218.0,0.0,15.0,0.0,0.0,3.0,3.0,1.0,5.0,6.0,5.0,9.0,1.0,4.0,24322.0
CRS3035RES200mN2626800E3493400,8.5,3.6,0.3,1.5,0.0,2.8,0.3,211223.3,404.4,0.0,3.6,0.0,0.0,0.6,1.0,0.9,0.8,1.5,1.9,1.0,0.3,0.5,24850.0
CRS3035RES200mN2626800E3495400,1.0,0.4,0.0,0.1,0.0,0.3,0.1,22856.6,39.9,0.0,0.4,0.0,0.1,0.1,0.1,0.1,0.0,0.2,0.2,0.1,0.1,0.0,22857.0
CRS3035RES200mN2626800E3495800,12.0,4.4,0.4,0.6,0.1,3.1,0.7,274278.9,478.3,0.2,4.2,0.5,0.9,0.6,1.0,0.9,0.5,2.6,2.2,1.8,1.3,0.2,22857.0
CRS3035RES200mN2626800E3496000,28.0,15.1,3.0,6.1,0.0,12.9,0.8,642969.2,1514.3,0.0,15.1,0.0,1.5,0.0,0.8,0.8,1.5,8.3,4.5,3.8,3.0,3.8,22963.0
CRS3035RES200mN2626800E3496200,2.0,1.1,0.2,0.4,0.0,0.9,0.1,45926.4,108.2,0.0,1.1,0.0,0.1,0.0,0.0,0.1,0.1,0.6,0.3,0.3,0.2,0.3,22963.0
CRS3035RES200mN2626800E3498000,4.0,1.6,0.1,0.2,0.1,1.6,0.1,100102.8,255.9,0.0,1.6,0.0,0.1,0.1,0.3,0.3,0.1,0.6,0.8,0.6,0.8,0.3,25026.0
CRS3035RES200mN2627000E3458200,19.0,7.4,0.9,2.0,0.9,3.1,0.6,452669.3,678.9,1.7,5.7,0.0,1.4,0.0,0.8,0.9,1.7,2.6,6.2,2.8,2.6,0.0,23825.0
CRS3035RES200mN2627000E3458400,43.0,24.0,2.0,8.0,0.0,22.0,4.0,929733.5,1877.0,5.0,19.0,0.0,1.0,1.0,1.0,1.0,1.0,4.0,3.0,10.0,15.0,6.0,21622.0
CRS3035RES200mN2627000E3458600,168.5,79.0,10.0,29.0,4.0,40.0,12.0,4245161.2,7111.0,39.0,40.0,35.0,4.0,3.0,8.0,14.5,15.0,19.0,44.0,35.0,24.0,2.0,25194.0
CRS3035RES200mN2627000E3458800,162.0,83.0,8.0,35.0,3.0,58.0,4.0,4441689.4,7046.0,13.0,70.0,0.0,3.0,4.0,6.5,7.0,15.5,32.0,29.0,27.0,33.0,5.0,27418.0
CRS3035RES200mN2627000E3459000,92.5,42.0,4.0,16.0,1.0,36.0,6.0,2287652.0,3888.0,0.0,42.0,2.0,4.0,3.0,6.5,7.0,10.0,10.0,24.0,11.0,9.0,8.0,24731.0
CRS3035RES200mN2627000E3459200,28.0,8.5,1.8,1.2,3.0,4.9,1.8,558665.3,754.2,0.0,8.5,3.7,0.6,0.0,1.8,2.4,3.7,3.1,6.7,2.4,1.2,1.8,19952.0
CRS3035RES200mN2627000E3459800,18.0,5.5,1.2,0.8,2.0,3.1,1.2,359142.0,484.8,0.0,5.5,2.3,0.4,0.0,1.2,1.6,2.3,1.9,4.3,1.6,0.8,1.2,19952.0
CRS3035RES200mN2627000E3460000,60.5,24.0,1.0,7.0,3.0,23.0,3.0,1471509.7,2023.0,0.0,24.0,0.0,4.0,2.0,7.0,4.0,5.5,9.0,10.0,3.0,11.0,5.0,24322.0
CRS3035RES200mN2627000E3460200,50.5,28.0,2.0,11.0,0.0,26.0,6.0,1311470.3,2479.0,0.0,28.0,0.0,1.0,0.0,0.0,2.5,5.0,8.0,6.0,12.0,8.0,8.0,25970.0
CRS3035RES200mN2627000E3460400,87.0,34.0,3.0,11.0,4.0,28.0,3.0,1973099.1,2883.0,0.0,34.0,1.0,1.0,1.0,7.0,13.0,9.0,8.0,24.0,7.0,5.0,12.0,22679.0
CRS3035RES200mN2627000E3460600,10.0,4.2,0.5,2.0,0.5,2.1,0.5,211821.4,369.3,0.3,3.9,0.0,0.2,0.2,1.0,1.9,0.2,1.5,1.6,1.5,1.6,0.3,21182.0
CRS3035RES200mN2627000E3460800,47.5,29.0,1.0,13.0,0.0,0.0,8.0,961381.8,1746.0,29.0,0.0,29.0,3.0,0.5,2.5,1.0,2.5,18.0,10.0,9.0,1.0,0.0,20240.0
CRS3035RES200mN2627000E3461400,24.0,13.0,0.0,6.0,0.0,13.0,1.0,811192.6,1664.0,0.0,13.0,0.0,1.0,0.0,0.0,2.0,2.0,2.0,4.0,6.0,5.0,2.0,33800.0
CRS3035RES200mN2627000E3461600,151.5,61.0,4.0,16.0,6.0,49.0,9.0,4599439.1,6876.0,0.0,61.0,0.0,2.5,1.0,8.0,18.5,11.5,16.0,32.0,19.0,27.0,16.0,30359.0
CRS3035RES200mN2627000E3461800,154.0,69.0,5.0,19.0,3.0,51.0,7.0,4899768.3,6837.0,9.0,60.0,3.0,5.0,4.0,7.0,18.0,7.0,24.0,31.0,15.0,34.0,9.0,31817.0
CRS3035RES200mN2627000E3462000,127.0,62.0,2.0,19.0,0.0,54.0,4.0,4064848.0,6894.0,3.0,59.0,0.0,7.0,2.0,1.5,5.5,7.0,17.0,16.0,20.0,41.0,10.0,32007.0
CRS3035RES200mN2627000E3462200,232.0,118.0,7.0,46.0,2.0,82.0,14.0,6780928.1,10469.0,39.0,79.0,0.0,13.0,3.0,4.0,11.0,17.0,49.0,31.0,34.0,49.0,21.0,29228.0
CRS3035RES200mN2627000E3462400,132.0,67.0,7.0,28.0,2.0,51.0,6.0,3940681.8,7023.0,14.0,53.0,0.0,4.0,3.0,7.0,3.5,15.5,18.0,20.0,17.0,32.0,12.0,29854.0
CRS3035RES200mN2627000E3462600,31.0,17.0,1.0,7.0,0.0,4.0,2.0,979789.2,1476.0,5.0,12.0,0.0,0.0,0.0,0.0,4.0,3.0,2.0,7.0,8.0,5.0,2.0,31606.0
CRS3035RES200mN2627000E3462800,93.0,63.0,20.0,41.0,0.0,1.0,2.0,1645810.2,3027.0,0.0,63.0,62.0,0.0,0.0,0.0,4.0,1.0,6.0,17.0,15.0,37.0,13.0,17697.0
CRS3035RES200mN2627000E3463000,124.5,90.0,25.0,64.0,0.0,6.0,7.0,2335198.7,4548.0,34.0,56.0,84.0,0.0,0.0,3.0,2.5,7.0,15.0,24.0,26.0,29.0,18.0,18757.0
CRS3035RES200mN2627000E3463200,104.0,54.0,5.0,26.0,2.0,34.0,4.0,3193494.4,5239.0,8.0,46.0,0.0,0.0,0.0,4.0,10.0,10.0,13.0,15.0,17.0,28.0,7.0,30707.0
CRS3035RES200mN2627000E3463400,69.5,32.0,2.0,11.0,2.0,25.0,0.0,2184370.0,3976.0,5.0,27.0,0.0,1.0,2.0,2.0,3.5,6.0,5.0,13.0,4.0,25.0,8.0,31430.0
CRS3035RES200mN2627000E3463600,51.0,21.0,1.0,6.0,3.0,16.0,1.0,1754289.1,2922.0,0.0,21.0,0.0,1.0,0.0,4.0,4.0,7.0,8.0,5.0,9.0,9.0,4.0,34398.0
CRS3035RES200mN2627000E3463800,138.0,56.0,7.0,17.0,4.0,41.0,6.0,4086117.3,5472.0,0.0,56.0,0.0,5.0,4.5,9.5,14.0,13.0,18.0,39.0,10.0,20.0,5.0,29610.0
CRS3035RES200mN2627000E3464000,85.5,44.0,1.0,15.0,0.0,41.0,3.0,2504231.5,4713.0,0.0,44.0,0.0,1.0,1.0,4.0,1.5,6.0,12.0,11.0,12.0,29.0,8.0,29289.0
CRS3035RES200mN2627000E3464200,20.0,12.0,1.0,5.0,0.0,12.0,0.0,474317.3,1124.0,0.0,12.0,0.0,0.0,0.0,0.0,1.0,0.0,0.0,2.0,4.0,11.0,2.0,23716.0
CRS3035RES200mN2627000E3465400,83.5,62.0,21.0,45.0,0.0,3.0,10.0,1429432.5,3180.0,59.0,3.0,58.0,3.0,1.0,2.0,3.5,5.0,22.0,25.0,8.0,10.0,4.0,17119.0
CRS3035RES200mN2627000E3465800,37.0,16.0,2.0,3.0,1.0,13.0,1.0,890702.3,2198.0,0.0,16.0,0.0,2.0,1.0,3.0,0.0,3.0,5.0,4.0,7.0,9.0,3.0,24073.0
CRS3035RES200mN2627000E3466200,13.0,4.4,0.3,0.3,0.6,3.1,0.6,402558.6,679.8,0.0,4.4,0.0,0.3,0.3,1.2,1.5,1.9,1.6,2.5,1.9,1.2,0.6,30966.0
CRS3035RES200mN2627000E3466400,85.0,38.0,1.0,10.0,1.0,26.0,1.0,2381912.6,4425.0,7.0,31.0,0.0,3.0,1.0,3.0,6.0,6.0,15.0,11.0,19.0,14.0,7.0,28023.0
CRS3035RES200mN2627000E3466600,100.5,53.0,2.0,21.0,2.0,44.0,4.0,2759902.0,5865.0,0.0,53.0,0.0,3.0,1.0,3.0,6.0,3.5,13.0,20.0,6.0,32.0,13.0,27462.0
CRS3035RES200mN2627000E3466800,85.0,38.0,4.0,12.0,1.0,19.0,8.0,2198876.4,3636.0,14.0,24.0,14.0,1.0,2.0,6.0,12.0,3.0,14.0,15.0,9.0,16.0,7.0,25869.0
CRS3035RES200mN2627000E3467000,8.0,3.4,0.0,0.5,0.1,3.3,0.3,243387.3,450.8,0.0,3.4,0.0,0.2,0.3,0.4,0.3,0.4,1.1,1.5,1.0,1.8,1.0,30423.0
CRS3035RES200mN2627000E3468800,112.0,38.0,0.0,6.0,2.0,29.0,2.0,3152385.1,4107.0,0.0,38.0,0.0,9.0,4.5,12.0,11.0,6.5,30.0,29.0,4.0,6.0,0.0,28146.0
CRS3035RES200mN2627000E3469000,97.0,37.0,2.0,8.0,5.0,36.0,3.0,2600944.6,4252.0,0.0,37.0,0.0,4.0,2.0,9.0,10.0,5.0,16.0,14.0,16.0,20.0,1.0,26814.0
CRS3035RES200mN2627000E3469200,91.5,42.0,2.0,11.0,2.0,38.0,3.0,2662252.1,4931.0,0.0,42.0,0.0,0.0,0.0,3.5,7.0,7.0,6.0,16.0,20.0,25.0,7.0,29096.0
CRS3035RES200mN2627000E3469400,115.0,46.0,1.0,7.0,3.0,40.0,2.0,3538262.9,5252.0,0.0,46.0,0.0,5.0,0.0,4.0,10.5,7.5,15.0,24.0,19.0,18.0,12.0,30768.0
CRS3035RES200mN2627000E3469600,95.0,37.0,2.0,6.0,2.0,26.0,7.0,2462388.1,3964.0,0.0,37.0,7.0,2.0,1.0,5.5,6.5,14.0,9.0,18.0,18.0,17.0,4.0,25920.0
CRS3035RES200mN2627000E3469800,78.0,31.0,1.0,4.0,3.0,30.0,0.0,2279808.8,3623.0,0.0,31.0,0.0,1.0,0.0,1.0,7.0,8.0,8.0,15.0,25.0,12.0,1.0,29228.0
CRS3035RES200mN2627000E3470000,4.0,1.6,0.2,0.4,0.0,1.2,0.1,116948.5,197.8,0.0,1.6,0.0,0.2,0.1,0.3,0.1,0.4,1.2,0.6,0.5,0.5,0.1,29237.0
CRS3035RES200mN2627000E3470200,1.0,0.4,0.0,0.1,0.0,0.3,0.0,29237.1,49.4,0.0,0.4,0.0,0.1,0.0,0.1,0.0,0.1,0.3,0.2,0.1,0.1,0.0,29237.0
CRS3035RES200mN2627000E3470400,33.0,14.0,2.0,4.0,0.0,9.0,1.0,735977.2,1558.0,0.0,14.0,0.0,3.0,1.0,1.0,2.0,2.0,10.0,5.0,6.0,3.0,0.0,22302.0
CRS3035RES200mN2627000E3470600,80.5,33.0,3.0,9.0,4.0,25.0,3.0,2225806.1,3512.0,0.0,33.0,0.0,6.0,4.5,4.0,7.0,3.0,17.0,19.0,14.0,4.0,2.0,27650.0
CRS3035RES200mN2627000E3470800,1.0,0.4,0.0,0.1,0.0,0.3,0.0,29237.1,49.4,0.0,0.4,0.0,0.1,0.0,0.1,0.0,0.1,0.3,0.2,0.1,0.1,0.0,29237.0
CRS3035RES200mN2627000E3471000,15.0,5.7,0.5,0.5,0.0,5.7,0.0,438880.2,644.0,0.0,5.7,0.0,1.0,0.0,0.5,1.0,1.1,2.6,3.1,2.1,3.1,0.5,29259.0
CRS3035RES200mN2627000E3471200,36.0,17.0,1.0,5.0,0.0,11.0,0.0,1173022.2,1863.0,0.0,17.0,0.0,1.0,0.0,0.0,3.0,1.0,7.0,4.0,6.0,13.0,1.0,32584.0
CRS3035RES200mN2627000E3471600,9.0,3.4,0.3,0.3,0.0,3.4,0.0,263328.1,386.4,0.0,3.4,0.0,0.6,0.0,0.3,0.6,0.6,1.6,1.9,1.2,1.9,0.3,29259.0
CRS3035RES200mN2627000E3472400,2.0,0.7,0.0,0.0,0.1,0.6,0.0,59455.7,82.4,0.0,0.7,0.0,0.0,0.1,0.2,0.3,0.1,0.2,0.4,0.4,0.2,0.1,29728.0
CRS3035RES200mN2627000E3472600,101.0,32.0,4.0,4.0,7.0,23.0,5.0,2926761.8,3853.0,0.0,32.0,0.0,4.0,2.0,13.0,15.0,9.0,15.0,28.0,8.0,7.0,0.0,28978.0
CRS3035RES200mN2627000E3472800,91.0,41.0,1.0,12.0,0.0,27.0,2.0,2508092.7,4152.0,0.0,41.0,0.0,5.0,1.0,4.0,10.0,3.0,12.0,22.0,11.0,11.0,12.0,27561.0
CRS3035RES200mN2627000E3473000,97.0,37.0,2.0,7.0,4.0,27.0,3.0,2856061.4,4211.0,0.0,37.0,0.0,3.0,4.0,10.0,9.5,1.5,21.0,16.0,8.0,23.0,1.0,29444.0
CRS3035RES200mN2627000E3473200,147.5,62.0,6.0,17.0,2.0,28.0,9.0,3453567.3,5417.0,19.0,43.0,18.0,11.0,6.0,15.0,7.5,12.0,42.0,25.0,17.0,12.0,0.0,23414.0
CRS3035RES200mN2627000E3473400,9.0,2.9,0.3,0.3,0.0,2.9,0.3,204759.4,330.8,0.0,2.9,0.0,1.1,0.4,0.7,0.4,1.2,2.9,1.0,0.7,0.3,0.3,22751.0
CRS3035RES200mN2627000E3473800,4.0,1.3,0.1,0.1,0.0,1.3,0.1,91004.2,147.0,0.0,1.3,0.0,0.5,0.2,0.3,0.2,0.5,1.3,0.4,0.3,0.1,0.2,22751.0
CRS3035RES200mN2627000E3476400,8.0,3.2,0.3,0.5,0.0,2.1,0.0,204200.8,391.5,0.0,3.2,0.0,0.8,0.0,0.3,0.3,0.3,2.1,0.8,1.0,1.1,1.3,25525.0
CRS3035RES200mN2627000E3476600,58.0,23.0,0.0,4.0,2.0,22.0,2.0,1623551.4,2570.0,0.0,23.0,0.0,2.0,1.0,6.5,7.5,0.0,11.0,9.0,6.0,13.0,2.0,27992.0
CRS3035RES200mN2627000E3476800,74.0,28.0,5.0,6.0,3.0,17.0,6.0,1814359.3,2743.0,0.0,28.0,10.0,11.0,4.0,6.0,3.5,6.5,23.0,14.0,4.0,2.0,0.0,24518.0
CRS3035RES200mN2627000E3477000,93.5,32.0,0.0,4.0,1.0,32.0,1.0,2638609.8,3831.0,0.0,32.0,0.0,6.0,1.0,11.0,1.0,9.5,21.0,26.0,7.0,8.0,3.0,28220.0
CRS3035RES200mN2627000E3477200,32.5,13.0,0.8,1.5,0.0,12.2,2.3,844468.2,1389.5,0.0,13.0,0.0,2.3,0.0,1.9,4.6,0.8,4.6,9.9,2.3,4.6,1.5,25984.0
CRS3035RES200mN2627000E3477400,10.0,4.0,0.2,0.5,0.0,3.8,0.7,259836.4,427.5,0.0,4.0,0.0,0.7,0.0,0.6,1.4,0.2,1.4,3.1,0.7,1.4,0.5,25984.0
CRS3035RES200mN2627000E3478600,5.0,2.0,0.4,0.4,0.1,1.9,0.1,130420.8,257.8,0.0,2.0,0.0,0.0,0.0,0.2,0.6,0.6,0.3,1.3,1.0,1.0,0.0,26084.0
CRS3035RES200mN2627000E3478800,13.0,5.2,0.9,0.9,0.2,4.9,0.2,339094.1,670.2,0.0,5.2,0.0,0.1,0.0,0.4,1.6,1.5,0.7,3.5,2.5,2.6,0.1,26084.0
CRS3035RES200mN2627000E3487800,50.0,15.0,1.0,1.0,1.0,15.0,1.0,1240108.1,1547.0,0.0,15.0,0.0,2.0,1.0,9.0,7.0,2.0,9.0,16.0,2.0,2.0,0.0,24802.0
CRS3035RES200mN2627000E3488000,80.0,25.0,1.0,5.0,4.0,23.0,2.0,1740814.8,2600.0,0.0,25.0,0.0,5.0,2.0,9.0,18.0,3.0,19.0,21.0,2.0,1.0,0.0,21760.0
CRS3035RES200mN2627000E3492600,16.5,6.8,0.7,1.4,0.3,4.8,0.7,409767.5,776.7,0.0,6.8,0.0,0.4,0.0,0.5,1.7,1.0,4.4,3.4,2.7,1.0,1.4,24834.0
CRS3035RES200mN2627000E3492800,7.0,2.9,0.3,0.6,0.1,2.0,0.3,173840.8,329.5,0.0,2.9,0.0,0.2,0.0,0.2,0.7,0.4,1.9,1.4,1.2,0.4,0.6,24834.0
CRS3035RES200mN2627000E3493000,87.5,29.0,2.0,2.0,3.0,22.0,4.0,2033628.2,3431.0,0.0,29.0,0.0,8.0,3.0,9.5,9.0,4.0,20.0,24.0,6.0,3.0,1.0,23241.0
CRS3035RES200mN2627000E3493200,58.0,27.0,7.0,10.0,1.0,18.0,4.0,1283216.3,3009.0,2.0,25.0,0.0,3.0,2.0,4.0,7.0,4.0,15.0,9.0,3.0,7.0,4.0,22124.0
CRS3035RES200mN2627000E3493400,6.5,2.2,0.2,0.1,0.1,1.9,0.3,153732.5,281.0,0.0,2.2,0.0,0.4,0.2,1.0,0.4,0.5,1.8,0.9,0.5,0.6,0.2,23651.0
CRS3035RES200mN2627000E3495600,27.0,11.0,0.0,1.0,0.0,9.0,1.0,625340.0,1308.0,0.0,11.0,0.0,0.0,0.0,1.0,3.0,1.0,5.0,3.0,7.0,2.0,5.0,23161.0
CRS3035RES200mN2627000E3495800,79.5,32.0,3.0,8.0,2.0,21.0,3.0,1864749.0,3535.0,0.0,32.0,0.0,6.0,1.0,4.0,9.0,4.5,16.0,17.0,11.0,9.0,2.0,23456.0
CRS3035RES200mN2627000E3496000,41.5,16.0,1.0,5.0,1.0,16.0,0.0,871382.9,1766.0,0.0,16.0,0.0,5.0,0.0,0.0,7.0,2.5,6.0,12.0,7.0,1.0,1.0,20997.0
CRS3035RES200mN2627000E3496200,3.0,1.1,0.0,0.3,0.2,1.0,0.1,72520.1,142.0,0.0,1.1,0.0,0.1,0.1,0.4,0.2,0.1,0.6,0.5,0.3,0.6,0.1,24173.0
CRS3035RES200mN2627000E3497400,2.0,1.1,0.2,0.4,0.0,0.9,0.1,45926.4,108.2,0.0,1.1,0.0,0.1,0.0,0.0,0.1,0.1,0.6,0.3,0.3,0.2,0.3,22963.0
CRS3035RES200mN2627000E3497600,1.0,0.5,0.1,0.2,0.0,0.5,0.0,22963.2,54.1,0.0,0.5,0.0,0.1,0.0,0.0,0.0,0.1,0.3,0.2,0.1,0.1,0.1,22963.0
CRS3035RES200mN2627200E3457600,1.0,0.6,0.1,0.3,0.0,0.2,0.0,25774.2,36.5,0.4,0.2,0.0,0.0,0.0,0.0,0.0,0.1,0.5,0.1,0.1,0.2,0.0,25774.0
CRS3035RES200mN2627200E3458200,2.0,0.8,0.1,0.2,0.1,0.3,0.1,47649.4,71.5,0.2,0.6,0.0,0.1,0.0,0.1,0.1,0.2,0.3,0.6,0.3,0.3,0.0,23825.0
CRS3035RES200mN2627200E3458400,16.0,6.2,0.7,1.7,0.7,2.6,0.5,381195.2,571.7,1.4,4.8,0.0,1.2,0.0,0.7,0.7,1.4,2.1,5.3,2.4,2.2,0.0,23825.0
CRS3035RES200mN2627200E3458600,23.0,8.9,1.0,2.4,1.0,3.8,0.7,547968.1,821.8,2.0,6.9,0.0,1.7,0.0,1.0,1.0,2.1,3.1,7.6,3.4,3.1,0.0,23825.0
CRS3035RES200mN2627200E3458800,44.0,17.0,2.0,4.0,1.0,14.0,1.0,1029714.3,1510.0,0.0,17.0,0.0,2.0,3.0,3.0,5.0,2.0,8.0,6.0,2.0,8.0,5.0,23403.0
CRS3035RES200mN2627200E3460600,13.0,5.5,0.6,2.5,0.6,2.7,0.6,275367.8,480.0,0.4,5.1,0.0,0.2,0.2,1.4,2.6,0.2,1.9,2.1,1.9,2.1,0.4,21182.0
CRS3035RES200mN2627200E3460800,6.0,2.5,0.3,1.2,0.3,1.3,0.3,127092.8,221.6,0.2,2.3,0.0,0.1,0.1,0.6,1.1,0.1,0.9,1.0,0.9,1.0,0.2,21182.0
CRS3035RES200mN2627200E3461600,60.0,30.0,2.0,11.0,2.0,26.0,4.0,1720158.1,3325.0,2.0,28.0,0.0,1.0,3.0,2.0,3.0,6.0,2.0,9.0,11.0,16.0,7.0,28669.0
CRS3035RES200mN2627200E3461800,98.5,43.0,2.0,11.0,3.0,41.0,6.0,3060158.1,4554.0,0.0,43.0,0.0,1.0,2.0,4.5,7.0,6.0,12.0,19.0,17.0,22.0,8.0,31068.0
CRS3035RES200mN2627200E3462000,97.0,47.0,4.0,17.0,3.0,31.0,11.0,2551706.7,4411.0,7.0,40.0,0.0,2.0,1.5,6.5,9.5,9.5,11.0,22.0,10.0,14.0,11.0,26306.0
CRS3035RES200mN2627200E3462200,73.5,38.0,1.0,11.0,0.0,36.0,3.0,2171744.6,4222.0,0.0,38.0,0.0,0.0,0.0,0.5,3.0,7.0,2.0,10.0,8.0,30.0,13.0,29548.0
CRS3035RES200mN2627200E3462400,50.0,24.0,2.0,7.0,1.0,17.0,1.0,1573359.2,2619.0,0.0,24.0,0.0,0.0,1.0,2.0,5.0,2.0,5.0,9.0,4.0,19.0,3.0,31467.0
CRS3035RES200mN2627200E3462600,27.0,10.0,0.5,2.0,0.5,8.0,0.0,663615.4,911.5,2.5,7.5,0.0,1.5,0.0,0.7,3.8,2.0,3.5,5.5,4.0,2.0,4.0,24578.0
CRS3035RES200mN2627200E3462800,129.5,55.0,11.0,13.0,3.0,17.0,13.0,2589698.9,4176.0,13.0,42.0,36.0,5.5,2.0,7.5,17.0,6.5,22.0,26.0,16.0,24.0,3.0,19998.0
CRS3035RES200mN2627200E3463000,71.0,43.0,13.0,22.0,0.0,17.0,7.0,1465282.4,2654.0,0.0,43.0,25.0,4.0,1.0,1.5,3.5,1.0,5.0,17.0,7.0,23.0,8.0,20638.0
CRS3035RES200mN2627200E3463200,123.5,62.0,5.0,23.0,0.0,56.0,8.0,4167061.5,6536.0,5.0,57.0,0.0,3.0,1.0,2.5,11.5,9.5,15.0,29.0,20.0,22.0,10.0,33741.0
CRS3035RES200mN2627200E3463400,137.5,58.0,1.0,17.0,3.0,42.0,7.0,4615871.6,6239.0,2.0,56.0,0.0,6.0,2.0,10.0,11.5,12.0,23.0,21.0,16.0,23.0,13.0,33570.0
CRS3035RES200mN2627200E3463600,113.0,51.0,1.0,16.0,0.0,33.0,1.0,3409073.3,4868.0,11.0,40.0,0.0,4.0,1.0,5.0,8.5,9.5,22.0,34.0,10.0,16.0,3.0,30169.0
CRS3035RES200mN2627200E3463800,182.0,76.0,11.0,21.0,3.0,38.0,13.0,4593076.7,6783.0,17.0,59.0,22.0,12.0,5.0,17.5,13.0,12.5,53.0,35.0,14.0,14.0,6.0,25237.0
CRS3035RES200mN2627200E3464000,109.5,45.0,1.0,10.0,3.0,40.0,3.0,2757243.5,4147.0,0.0,45.0,0.0,2.0,2.0,3.0,9.5,7.0,16.0,20.0,15.0,24.0,11.0,25180.0
CRS3035RES200mN2627200E3464200,14.0,6.1,0.4,1.9,1.1,4.9,0.8,386771.1,630.4,0.0,6.1,0.0,0.0,0.4,0.4,2.3,0.8,1.9,2.6,3.4,1.1,1.1,27627.0
CRS3035RES200mN2627200E3464400,9.0,3.9,0.2,1.2,0.7,3.2,0.5,248638.6,405.2,0.0,3.9,0.0,0.0,0.2,0.3,1.5,0.5,1.2,1.7,2.2,0.7,0.7,27627.0
CRS3035RES200mN2627200E3464800,123.0,71.0,2.0,38.0,1.0,13.0,5.0,2740175.1,3881.0,67.0,4.0,0.0,10.0,1.0,2.5,6.5,15.0,43.0,18.0,19.0,7.0,1.0,22278.0
CRS3035RES200mN2627200E3465000,87.0,35.0,2.0,9.0,4.0,30.0,1.0,2485106.1,3567.0,0.0,35.0,0.0,0.0,3.0,4.0,4.0,10.0,10.0,12.0,24.0,17.0,3.0,28564.0
CRS3035RES200mN2627200E3465200,28.0,13.0,0.0,2.0,0.0,11.0,0.0,949795.0,1531.0,0.0,13.0,0.0,0.0,0.0,2.0,0.0,0.0,3.0,0.0,7.0,14.0,2.0,33921.0
CRS3035RES200mN2627200E3465400,93.5,44.0,0.0,13.0,0.0,36.0,2.0,2907232.2,4789.0,0.0,44.0,0.0,1.0,2.0,0.5,3.0,7.0,16.0,13.0,25.0,18.0,8.0,31093.0
CRS3035RES200mN2627200E3465600,125.5,47.0,2.0,11.0,2.0,36.0,5.0,3749628.2,5831.0,0.0,47.0,6.0,3.0,1.0,6.5,19.5,14.5,8.0,38.0,14.0,16.0,5.0,29878.0
CRS3035RES200mN2627200E3465800,157.0,88.0,7.0,54.0,3.0,39.0,7.0,3627411.2,5436.0,61.0,27.0,16.0,6.0,2.5,10.5,18.0,15.0,33.0,46.0,12.0,13.0,1.0,23105.0
CRS3035RES200mN2627200E3466400,40.0,19.0,1.0,8.0,1.0,9.0,2.0,1126995.0,1403.0,7.0,12.0,0.0,1.0,2.0,4.0,4.0,2.0,13.0,8.0,4.0,2.0,0.0,28175.0
CRS3035RES200mN2627200E3466600,138.0,76.0,6.0,33.0,1.0,35.0,5.0,3659210.7,6672.0,43.0,33.0,11.0,1.0,1.5,5.5,4.0,9.0,33.0,21.0,26.0,33.0,4.0,26516.0
CRS3035RES200mN2627200E3466800,142.0,62.0,3.0,17.0,3.0,49.0,8.0,4176978.6,6610.0,2.0,60.0,0.0,7.0,3.0,7.5,8.5,15.0,35.0,22.0,23.0,16.0,5.0,29415.0
CRS3035RES200mN2627200E3467000,38.0,16.0,1.0,2.0,0.0,15.0,3.0,1090724.1,1622.0,0.0,16.0,0.0,1.0,0.0,0.0,2.0,3.0,6.0,5.0,13.0,6.0,2.0,28703.0
CRS3035RES200mN2627200E3467200,19.0,8.1,0.0,1.2,0.3,7.8,0.6,578044.8,1070.6,0.0,8.1,0.0,0.6,0.6,0.9,0.7,0.9,2.7,3.6,2.4,4.2,2.4,30423.0
CRS3035RES200mN2627200E3467800,6.0,2.6,0.0,0.4,0.1,2.5,0.2,182540.5,338.1,0.0,2.6,0.0,0.2,0.2,0.3,0.2,0.3,0.8,1.1,0.8,1.3,0.8,30423.0
CRS3035RES200mN2627200E3468000,1.0,0.4,0.0,0.1,0.0,0.4,0.0,28953.8,52.7,0.0,0.4,0.0,0.1,0.0,0.1,0.1,0.0,0.2,0.2,0.1,0.2,0.0,28954.0
CRS3035RES200mN2627200E3468400,18.5,7.6,0.3,1.0,0.0,6.9,0.3,535644.6,975.8,0.0,7.6,0.0,1.0,0.7,0.9,1.4,0.7,2.8,4.1,2.1,4.1,0.7,28954.0
CRS3035RES200mN2627200E3468600,74.0,35.0,3.0,9.0,1.0,31.0,3.0,1999225.2,3373.0,0.0,35.0,0.0,0.0,1.0,1.0,3.0,8.0,5.0,16.0,12.0,19.0,9.0,27017.0
CRS3035RES200mN2627200E3468800,103.5,52.0,2.0,17.0,1.0,37.0,6.0,2808247.2,4956.0,21.0,31.0,0.0,0.0,1.5,5.0,8.0,4.0,18.0,20.0,15.0,21.0,11.0,27133.0
CRS3035RES200mN2627200E3469000,103.5,52.0,1.0,19.0,1.0,39.0,3.0,2852857.3,5222.0,9.0,43.0,0.0,0.0,1.0,3.0,13.5,2.0,13.0,19.0,13.0,33.0,6.0,27564.0
CRS3035RES200mN2627200E3469200,85.5,41.0,5.0,11.0,2.0,35.0,4.0,2478977.0,4365.0,0.0,41.0,0.0,0.0,2.0,3.5,6.0,3.0,11.0,8.0,19.0,30.0,3.0,28994.0
CRS3035RES200mN2627200E3469400,102.0,50.0,3.0,14.0,0.0,39.0,9.0,2838657.3,5142.0,6.0,44.0,0.0,1.0,2.0,3.0,11.0,7.0,14.0,19.0,13.0,26.0,6.0,27830.0
CRS3035RES200mN2627200E3469600,60.5,27.0,0.0,7.0,1.0,25.0,3.0,1883538.8,2886.0,0.0,27.0,0.0,0.0,1.0,3.0,4.5,5.0,4.0,17.0,12.0,8.0,6.0,31133.0
CRS3035RES200mN2627200E3469800,23.5,9.3,0.0,0.8,0.8,7.4,1.2,663861.6,950.1,0.4,8.9,0.0,0.4,0.2,0.6,2.9,2.3,1.9,6.2,4.7,4.3,0.0,28249.0
CRS3035RES200mN2627200E3470200,22.0,9.0,1.0,2.0,0.2,6.8,0.8,643216.9,1087.8,0.0,9.0,0.0,1.0,0.7,1.5,0.7,2.0,6.5,3.3,2.8,3.0,0.5,29237.0
CRS3035RES200mN2627200E3470400,61.5,29.0,4.0,8.0,0.0,21.0,5.0,1518516.9,3368.0,0.0,29.0,0.0,3.0,1.0,0.0,4.5,7.0,6.0,16.0,11.0,9.0,4.0,24691.0
CRS3035RES200mN2627200E3471400,3.0,1.1,0.1,0.1,0.0,1.1,0.0,87776.0,128.8,0.0,1.1,0.0,0.2,0.0,0.1,0.2,0.2,0.5,0.6,0.4,0.7,0.1,29259.0
CRS3035RES200mN2627200E3471800,2.0,0.8,0.1,0.1,0.0,0.8,0.0,58517.4,85.9,0.0,0.8,0.0,0.1,0.0,0.1,0.1,0.1,0.4,0.4,0.3,0.4,0.1,29259.0
CRS3035RES200mN2627200E3472200,6.0,2.0,0.0,0.1,0.3,1.9,0.1,178367.0,247.2,0.0,2.0,0.0,0.0,0.1,0.6,0.9,0.3,0.7,1.3,1.2,0.7,0.2,29728.0
CRS3035RES200mN2627200E3472400,29.0,13.0,0.0,4.0,0.0,12.0,1.0,963215.2,1610.0,0.0,13.0,0.0,3.0,0.0,2.0,1.0,1.0,5.0,4.0,7.0,6.0,0.0,33214.0
CRS3035RES200mN2627200E3472600,146.0,52.0,6.0,10.0,5.0,17.0,11.0,3236107.0,4397.0,0.0,52.0,11.0,5.0,8.5,14.0,18.5,16.0,28.0,33.0,9.0,13.0,1.0,22165.0
CRS3035RES200mN2627200E3472800,124.0,49.0,4.0,13.0,2.0,34.0,4.0,3152630.2,4636.0,11.0,38.0,0.0,7.0,4.0,6.5,13.5,10.0,31.0,27.0,11.0,10.0,4.0,25424.0
CRS3035RES200mN2627200E3473000,107.0,38.0,1.0,5.0,4.0,33.0,4.0,2959619.7,4244.0,0.0,38.0,0.0,3.0,2.0,9.5,14.5,9.0,18.0,32.0,11.0,7.0,1.0,27660.0
CRS3035RES200mN2627200E3473200,30.0,9.7,1.1,1.1,0.0,9.7,1.1,682531.3,1102.7,0.0,9.7,0.0,3.8,1.3,2.4,1.4,3.8,9.7,3.2,2.2,1.1,1.1,22751.0
CRS3035RES200mN2627200E3476400,27.0,13.0,1.0,4.0,0.0,11.0,1.0,677257.8,1476.0,0.0,13.0,0.0,0.0,0.0,2.0,2.0,3.0,4.0,6.0,5.0,2.0,3.0,25084.0
CRS3035RES200mN2627200E3476600,17.0,6.8,0.6,1.1,0.0,4.5,0.0,433926.7,831.9,0.0,6.8,0.0,1.7,0.0,0.6,0.6,0.6,4.5,1.7,2.2,2.3,2.8,25525.0
CRS3035RES200mN2627200E3478000,3.0,1.2,0.2,0.2,0.1,1.1,0.1,78252.5,154.7,0.0,1.2,0.0,0.0,0.0,0.1,0.4,0.3,0.2,0.8,0.6,0.6,0.0,26084.0
CRS3035RES200mN2627200E3478600,69.0,21.0,0.0,0.0,3.0,16.0,0.0,1827140.1,2199.0,0.0,21.0,0.0,2.0,1.0,4.0,12.0,7.0,9.0,22.0,9.0,3.0,0.0,26480.0
CRS3035RES200mN2627200E3478800,14.0,5.6,1.0,1.0,0.2,5.2,0.2,365178.2,721.8,0.0,5.6,0.0,0.1,0.0,0.4,1.7,1.6,0.7,3.8,2.8,2.8,0.1,26084.0
CRS3035RES200mN2627200E3485200,2.0,0.9,0.2,0.2,0.0,0.6,0.2,51417.2,96.1,0.0,0.9,0.0,0.1,0.0,0.1,0.1,0.2,0.4,0.3,0.5,0.3,0.0,25709.0
CRS3035RES200mN2627200E3487200,3.0,1.0,0.0,0.1,0.0,1.0,0.0,73164.0,105.9,0.0,1.0,0.0,0.2,0.0,0.4,0.3,0.1,0.7,0.6,0.5,0.1,0.1,24388.0
CRS3035RES200mN2627200E3487800,30.0,10.0,0.0,1.0,0.5,9.5,0.0,731639.6,1059.0,0.0,10.0,0.0,1.5,0.5,4.5,3.2,0.8,7.5,5.5,5.0,1.0,0.5,24388.0
CRS3035RES200mN2627200E3488000,47.5,17.8,2.3,3.1,1.5,14.7,3.1,959613.1,1945.6,0.0,17.8,0.0,5.4,2.7,4.2,3.5,2.3,13.9,7.0,4.6,3.1,0.8,20202.0
CRS3035RES200mN2627200E3488200,11.0,4.1,0.5,0.7,0.4,3.4,0.7,222226.2,450.6,0.0,4.1,0.0,1.3,0.6,1.0,0.8,0.5,3.2,1.6,1.1,0.7,0.2,20202.0
CRS3035RES200mN2627200E3493000,26.0,8.9,0.7,0.4,0.4,7.4,1.1,614930.2,1123.9,0.0,8.9,0.0,1.5,0.7,3.9,1.7,2.2,7.1,3.7,2.2,2.2,0.8,23651.0
CRS3035RES200mN2627200E3493400,30.5,10.5,0.9,0.4,0.4,8.7,1.3,721360.4,1318.5,0.0,10.5,0.0,1.7,0.9,4.6,2.0,2.6,8.3,4.3,2.6,2.6,0.9,23651.0
CRS3035RES200mN2627200E3495400,8.0,2.9,0.3,0.4,0.1,2.1,0.5,182852.6,318.8,0.1,2.8,0.3,0.6,0.4,0.7,0.6,0.4,1.7,1.4,1.2,0.9,0.1,22857.0
CRS3035RES200mN2627200E3495600,19.0,7.0,0.6,1.0,0.2,4.9,1.1,434275.0,757.2,0.3,6.7,0.8,1.5,1.0,1.6,1.5,0.8,4.0,3.4,2.8,2.1,0.3,22857.0
CRS3035RES200mN2627200E3495800,18.0,6.6,0.6,0.9,0.2,4.6,1.1,411418.4,717.4,0.3,6.3,0.8,1.4,0.9,1.5,1.4,0.8,3.9,3.2,2.6,2.0,0.3,22857.0
CRS3035RES200mN2627200E3496000,13.0,4.8,0.0,1.5,0.9,4.5,0.6,314254.0,615.5,0.0,4.8,0.0,0.3,0.6,1.7,1.1,0.6,2.4,2.1,1.2,2.4,0.6,24173.0
CRS3035RES200mN2627400E3458400,7.0,2.7,0.3,0.7,0.3,1.1,0.2,166772.9,250.1,0.6,2.1,0.0,0.5,0.0,0.3,0.3,0.6,0.9,2.3,1.1,1.0,0.0,23825.0
CRS3035RES200mN2627400E3458800,77.5,32.0,0.0,10.0,2.0,0.0,5.0,2144743.4,2500.0,32.0,0.0,0.0,2.5,4.5,2.5,8.0,12.0,12.0,27.0,9.0,0.0,0.0,27674.0
CRS3035RES200mN2627400E3460200,11.5,4.9,0.6,2.2,0.6,2.4,0.6,243594.6,424.7,0.4,4.5,0.0,0.2,0.2,1.2,2.2,0.2,1.7,1.8,1.7,1.9,0.4,21182.0
CRS3035RES200mN2627400E3460600,7.0,3.0,0.3,1.4,0.3,1.5,0.3,148275.0,258.5,0.2,2.8,0.0,0.1,0.1,0.8,1.4,0.1,1.0,1.1,1.0,1.2,0.2,21182.0
CRS3035RES200mN2627400E3460800,13.0,5.5,0.6,2.5,0.6,2.7,0.6,275367.8,480.0,0.4,5.1,0.0,0.2,0.2,1.4,2.6,0.2,1.9,2.1,1.9,2.1,0.4,21182.0
CRS3035RES200mN2627400E3461600,7.0,4.7,0.8,2.7,0.0,2.3,0.0,163581.0,413.8,0.8,3.9,0.0,0.0,0.0,0.0,0.0,0.0,0.4,1.2,2.3,1.9,1.2,23369.0
CRS3035RES200mN2627400E3461800,48.5,21.0,2.0,6.0,1.0,8.0,6.0,1067558.2,1730.0,0.0,21.0,9.0,2.0,0.0,2.5,8.0,4.0,12.0,10.0,5.0,3.0,2.0,22012.0
CRS3035RES200mN2627400E3462000,80.0,39.0,4.0,11.0,0.0,32.0,3.0,1963137.5,3235.0,2.0,37.0,0.0,4.0,1.0,3.0,7.0,3.0,13.0,16.0,5.0,17.0,11.0,24539.0
CRS3035RES200mN2627400E3462200,17.0,6.3,0.3,1.3,0.3,5.0,0.0,417831.9,573.9,1.6,4.7,0.0,0.9,0.0,0.5,2.4,1.2,2.2,3.5,2.5,1.3,2.5,24578.0
CRS3035RES200mN2627400E3462800,112.5,44.0,1.0,13.0,3.0,0.0,3.0,2993959.2,3693.0,44.0,0.0,0.0,4.5,4.0,5.0,11.0,19.0,20.0,42.0,7.0,0.0,0.0,26613.0
CRS3035RES200mN2627400E3463000,37.0,14.0,2.0,3.0,1.0,14.0,1.0,1151508.0,1380.0,0.0,14.0,0.0,3.0,2.0,3.0,5.0,0.0,7.0,7.0,6.0,2.0,2.0,31122.0
CRS3035RES200mN2627400E3463400,94.5,46.0,5.0,18.0,1.0,31.0,4.0,2562864.8,3875.0,0.0,46.0,0.0,7.0,2.0,2.5,4.0,6.0,20.0,20.0,19.0,11.0,3.0,27120.0
CRS3035RES200mN2627400E3463600,30.0,12.3,0.8,2.3,0.8,6.9,3.1,796938.5,1313.8,0.8,11.5,0.0,3.1,1.5,0.8,1.9,3.5,6.9,3.1,6.1,0.8,2.3,26565.0
CRS3035RES200mN2627400E3464400,160.5,69.0,8.0,13.0,3.0,27.0,25.0,3852669.3,5543.0,0.0,69.0,30.0,4.0,3.0,11.5,20.0,18.0,28.0,44.0,19.0,11.0,2.0,24004.0
CRS3035RES200mN2627400E3464600,159.0,74.0,9.0,22.0,2.0,45.0,8.0,3992984.8,7156.0,8.0,66.0,14.0,7.0,1.0,3.0,15.0,11.0,20.0,27.0,29.0,40.0,6.0,25113.0
CRS3035RES200mN2627400E3464800,109.5,57.0,4.0,26.0,2.0,48.0,2.0,2836667.9,5528.0,0.0,57.0,1.0,4.0,0.0,1.5,5.0,9.0,12.0,14.0,11.0,45.0,8.0,25906.0
CRS3035RES200mN2627400E3465000,96.5,46.0,3.0,13.0,1.0,40.0,3.0,2556812.8,4842.0,3.0,43.0,0.0,2.0,3.0,2.0,3.5,11.0,3.0,14.0,8.0,31.0,19.0,26495.0
CRS3035RES200mN2627400E3465200,66.5,28.0,1.0,8.0,1.0,21.0,2.0,1956222.7,2744.0,3.0,25.0,0.0,2.0,1.0,2.0,5.5,9.0,12.0,14.0,11.0,7.0,3.0,29417.0
CRS3035RES200mN2627400E3465400,94.0,36.0,2.0,8.0,0.0,31.0,1.0,2572599.5,4116.0,0.0,36.0,0.0,5.0,2.0,7.0,6.0,7.0,14.0,26.0,8.0,13.0,6.0,27368.0
CRS3035RES200mN2627400E3465600,128.0,49.0,2.0,9.0,3.0,41.0,5.0,3993477.6,5996.0,1.0,48.0,5.0,7.0,1.0,8.0,10.5,12.5,16.0,33.0,12.0,25.0,3.0,31199.0
CRS3035RES200mN2627400E3465800,48.0,22.0,3.0,3.0,0.0,8.0,9.0,1200879.4,1960.0,10.0,12.0,14.0,1.0,1.0,3.0,5.0,3.0,9.0,10.0,9.0,7.0,0.0,25018.0
CRS3035RES200mN2627400E3466600,34.0,13.0,0.0,3.0,0.0,7.0,2.0,934378.6,1411.0,0.0,13.0,0.0,1.0,2.0,0.0,7.0,0.0,6.0,4.0,9.0,3.0,2.0,27482.0
CRS3035RES200mN2627400E3466800,101.0,46.0,0.0,11.0,1.0,39.0,6.0,2859439.6,5272.0,0.0,46.0,3.0,2.0,1.0,5.0,8.5,6.5,14.0,17.0,22.0,19.0,6.0,28311.0
CRS3035RES200mN2627400E3467000,25.0,15.0,2.0,8.0,0.0,13.0,0.0,812889.9,1582.0,0.0,15.0,0.0,0.0,0.0,0.0,2.0,0.0,4.0,4.0,5.0,8.0,2.0,32516.0
CRS3035RES200mN2627400E3467200,47.0,16.0,2.0,2.0,3.0,12.0,1.0,1197515.9,1720.0,0.0,16.0,0.0,6.0,1.0,5.0,4.0,2.0,8.0,6.0,6.0,6.0,3.0,25479.0
CRS3035RES200mN2627400E3467400,44.0,18.0,3.0,5.0,1.0,15.0,1.0,1085614.8,2154.0,0.0,18.0,0.0,3.0,0.0,1.5,4.5,5.0,5.0,9.0,6.0,7.0,3.0,24673.0
CRS3035RES200mN2627400E3467600,40.0,18.0,0.0,3.0,0.0,16.0,0.0,1286116.0,1987.0,0.0,18.0,0.0,3.0,0.0,0.0,0.0,5.0,6.0,7.0,3.0,13.0,3.0,32153.0
CRS3035RES200mN2627400E3467800,58.0,26.0,1.0,5.0,1.0,21.0,3.0,1938656.1,3255.0,0.0,26.0,0.0,2.0,1.0,2.5,3.5,2.0,16.0,12.0,9.0,8.0,2.0,33425.0
CRS3035RES200mN2627400E3468000,53.5,20.0,0.0,1.0,0.0,14.0,2.0,1526328.0,2357.0,2.0,18.0,0.0,1.0,0.0,2.0,7.5,5.0,4.0,18.0,6.0,9.0,1.0,28529.0
CRS3035RES200mN2627400E3468200,2.0,0.8,0.0,0.1,0.0,0.7,0.0,57907.5,105.5,0.0,0.8,0.0,0.1,0.1,0.1,0.2,0.1,0.3,0.4,0.2,0.4,0.1,28954.0
CRS3035RES200mN2627400E3468600,32.0,15.0,0.0,3.0,0.0,13.0,1.0,869644.3,1463.0,0.0,15.0,0.0,0.0,0.0,0.0,2.0,2.0,2.0,7.0,6.0,9.0,4.0,27176.0
CRS3035RES200mN2627400E3468800,88.5,41.0,3.0,15.0,3.0,34.0,4.0,2531481.4,4349.0,0.0,41.0,0.0,1.0,2.0,6.0,6.5,7.0,13.0,17.0,8.0,20.0,8.0,28604.0
CRS3035RES200mN2627400E3469000,93.5,53.0,5.0,28.0,0.0,36.0,4.0,2508077.0,5103.0,7.0,46.0,0.0,4.0,1.0,1.5,7.0,7.0,13.0,24.0,5.0,21.0,10.0,26824.0
CRS3035RES200mN2627400E3469200,237.5,142.0,21.0,87.0,2.0,59.0,11.0,6027736.7,10391.0,65.0,77.0,19.0,10.5,2.0,17.0,15.0,11.0,35.0,39.0,20.0,40.0,48.0,25380.0
CRS3035RES200mN2627400E3469400,97.0,50.0,11.0,25.0,2.0,33.0,4.0,2358566.6,4457.0,6.0,44.0,0.0,0.0,1.0,4.0,10.0,7.0,11.0,21.0,11.0,15.0,17.0,24315.0
CRS3035RES200mN2627400E3469600,56.5,24.0,1.0,5.0,2.0,20.0,4.0,1523200.1,2870.0,0.0,24.0,0.0,3.0,1.0,5.5,5.0,3.0,5.0,10.0,4.0,16.0,4.0,26959.0
CRS3035RES200mN2627400E3469800,17.0,6.7,0.0,0.6,0.6,5.3,0.8,480240.3,687.3,0.3,6.4,0.0,0.3,0.1,0.4,2.1,1.7,1.4,4.5,3.4,3.1,0.0,28249.0
CRS3035RES200mN2627400E3470200,12.0,4.9,0.5,1.1,0.1,3.7,0.4,350845.6,593.3,0.0,4.9,0.0,0.6,0.4,0.8,0.4,1.1,3.5,1.8,1.5,1.6,0.3,29237.0
CRS3035RES200mN2627400E3470400,20.0,8.2,0.9,1.8,0.2,6.1,0.7,584742.7,988.9,0.0,8.2,0.0,0.9,0.7,1.4,0.7,1.8,5.9,3.0,2.5,2.7,0.4,29237.0
CRS3035RES200mN2627400E3472600,79.0,30.0,0.0,7.0,1.0,23.0,0.0,2268923.1,3723.0,0.0,30.0,0.0,6.0,3.0,8.0,5.0,1.0,26.0,10.0,7.0,8.0,5.0,28721.0
CRS3035RES200mN2627400E3472800,29.0,9.9,0.0,0.7,1.4,9.2,0.7,862107.1,1194.7,0.0,9.9,0.0,0.0,0.7,2.8,4.3,1.4,3.5,6.4,5.7,3.5,0.7,29728.0
CRS3035RES200mN2627400E3473000,12.5,4.1,0.5,0.5,0.0,4.1,0.5,284388.0,459.5,0.0,4.1,0.0,1.6,0.6,1.0,0.6,1.6,4.1,1.3,0.9,0.4,0.4,22751.0
CRS3035RES200mN2627400E3476400,5.0,2.0,0.2,0.3,0.0,1.3,0.0,127625.5,244.7,0.0,2.0,0.0,0.5,0.0,0.2,0.2,0.2,1.3,0.5,0.6,0.7,0.8,25525.0
CRS3035RES200mN2627400E3478400,21.0,8.4,1.5,1.5,0.4,7.9,0.4,547767.4,1082.6,0.0,8.4,0.0,0.2,0.0,0.7,2.5,2.5,1.1,5.6,4.1,4.1,0.2,26084.0
CRS3035RES200mN2627400E3478600,17.0,6.8,1.2,1.2,0.3,6.4,0.3,443430.7,876.4,0.0,6.8,0.0,0.2,0.0,0.5,2.0,2.0,0.9,4.6,3.3,3.3,0.2,26084.0
CRS3035RES200mN2627400E3480400,5.0,2.0,0.2,0.4,0.0,1.8,0.1,134494.6,265.6,0.0,2.0,0.0,0.1,0.0,0.4,0.5,0.1,0.9,1.0,0.7,1.1,0.2,26899.0
CRS3035RES200mN2627400E3480600,6.0,2.4,0.2,0.4,0.0,2.1,0.1,161393.5,318.7,0.0,2.4,0.0,0.1,0.0,0.5,0.6,0.1,1.1,1.2,0.8,1.4,0.2,26899.0
CRS3035RES200mN2627400E3484600,4.0,1.7,0.3,0.4,0.1,1.2,0.3,102834.5,192.2,0.0,1.7,0.0,0.2,0.0,0.2,0.3,0.3,0.8,0.6,0.9,0.6,0.1,25709.0
CRS3035RES200mN2627400E3487800,4.0,1.3,0.0,0.1,0.1,1.3,0.0,97551.9,141.2,0.0,1.3,0.0,0.2,0.1,0.6,0.4,0.1,1.0,0.7,0.7,0.1,0.1,24388.0
CRS3035RES200mN2627400E3488000,3.0,1.1,0.1,0.2,0.1,0.9,0.2,60607.1,122.9,0.0,1.1,0.0,0.3,0.2,0.3,0.2,0.1,0.9,0.4,0.3,0.2,0.1,20202.0
CRS3035RES200mN2627400E3489200,12.0,4.4,0.3,0.3,0.0,1.9,1.3,272721.3,492.3,0.0,4.4,0.0,0.0,0.6,1.4,2.1,0.6,2.2,2.8,1.3,1.0,0.0,22727.0
CRS3035RES200mN2627400E3489400,52.5,18.0,2.0,2.0,3.0,0.0,5.0,1088685.6,1858.0,0.0,18.0,0.0,3.0,3.0,7.0,7.5,0.0,7.0,13.0,8.0,4.0,0.0,20737.0
CRS3035RES200mN2627400E3493000,3.0,1.0,0.1,0.0,0.0,0.9,0.1,70953.5,129.7,0.0,1.0,0.0,0.2,0.1,0.4,0.2,0.2,0.8,0.4,0.3,0.3,0.1,23651.0
CRS3035RES200mN2627400E3495600,16.0,5.9,0.5,0.8,0.1,4.1,1.0,365705.2,637.7,0.3,5.6,0.7,1.2,0.8,1.4,1.2,0.7,3.4,2.9,2.3,1.8,0.3,22857.0
CRS3035RES200mN2627400E3495800,33.0,11.0,1.0,0.0,1.0,9.0,2.0,649878.8,1037.0,0.0,11.0,0.0,1.0,0.0,3.5,3.5,2.0,8.0,3.0,5.0,7.0,0.0,19693.0
CRS3035RES200mN2627400E3496000,27.0,10.0,0.0,3.1,1.9,9.4,1.3,652681.3,1278.4,0.0,10.0,0.0,0.6,1.3,3.4,2.2,1.3,5.0,4.4,2.5,5.0,1.3,24173.0
CRS3035RES200mN2627600E3461000,9.0,6.0,1.0,3.5,0.0,3.0,0.0,210318.5,532.0,1.0,5.0,0.0,0.0,0.0,0.0,0.0,0.0,0.5,1.5,3.0,2.5,1.5,23369.0
CRS3035RES200mN2627600E3461200,2.0,1.3,0.2,0.8,0.0,0.7,0.0,46737.4,118.2,0.2,1.1,0.0,0.0,0.0,0.0,0.0,0.0,0.1,0.3,0.7,0.6,0.3,23369.0
CRS3035RES200mN2627600E3461400,30.0,11.0,1.0,1.0,0.0,9.0,0.0,1135156.3,1776.0,0.0,11.0,0.0,3.0,0.0,0.0,2.0,3.0,8.0,3.0,4.0,7.0,0.0,37839.0
CRS3035RES200mN2627600E3461600,115.0,52.0,1.0,16.0,2.0,42.0,2.0,3373783.6,5677.0,0.0,52.0,0.0,4.5,3.0,4.0,7.5,6.0,15.0,18.0,12.0,26.0,19.0,29337.0
CRS3035RES200mN2627600E3461800,72.0,32.0,0.0,7.0,0.0,30.0,2.0,2371107.4,3665.0,0.0,32.0,0.0,0.0,0.0,2.0,4.0,5.0,5.0,14.0,13.0,22.0,7.0,32932.0
CRS3035RES200mN2627600E3462000,106.0,55.0,1.0,18.0,0.0,48.0,4.0,3134733.0,5767.0,1.0,54.0,0.0,2.0,1.0,2.0,4.0,6.0,12.0,13.0,27.0,28.0,11.0,29573.0
CRS3035RES200mN2627600E3462200,85.5,43.0,4.0,16.0,0.0,41.0,2.0,2435331.0,4248.0,0.0,43.0,0.0,0.5,1.0,4.0,2.5,6.5,10.0,14.0,14.0,19.0,14.0,28483.0
CRS3035RES200mN2627600E3462400,47.0,22.0,1.0,9.0,0.0,19.0,2.0,1335895.4,2171.0,3.0,19.0,0.0,2.0,1.0,1.0,5.0,4.0,9.0,10.0,6.0,5.0,4.0,28423.0
CRS3035RES200mN2627600E3462800,18.0,15.0,5.0,10.0,0.0,1.0,4.0,312264.8,735.0,13.0,2.0,13.0,0.0,0.5,0.0,0.5,1.0,5.0,8.0,2.0,1.0,0.0,17348.0
CRS3035RES200mN2627600E3463200,37.0,18.0,1.0,4.0,0.0,15.0,6.0,947558.1,2158.0,0.0,18.0,0.0,0.0,1.0,1.0,3.0,3.0,4.0,10.0,5.0,8.0,2.0,25610.0
CRS3035RES200mN2627600E3463400,98.0,51.0,2.0,19.0,2.0,28.0,8.0,2706185.6,4270.0,10.0,41.0,0.0,6.0,0.0,2.0,6.0,9.0,19.0,22.0,9.0,18.0,7.0,27614.0
CRS3035RES200mN2627600E3463600,5.0,2.1,0.1,0.4,0.1,1.2,0.5,132823.1,219.0,0.2,1.9,0.0,0.5,0.3,0.1,0.3,0.6,1.2,0.5,1.0,0.1,0.4,26565.0
CRS3035RES200mN2627600E3464400,14.0,6.1,0.4,1.9,1.1,4.9,0.8,386771.1,630.4,0.0,6.1,0.0,0.0,0.4,0.4,2.3,0.8,1.9,2.6,3.4,1.1,1.1,27627.0
CRS3035RES200mN2627600E3464600,123.5,47.0,3.0,7.0,1.0,41.0,5.0,3596068.5,5319.0,0.0,47.0,0.0,0.0,0.0,9.5,14.0,10.0,14.0,28.0,17.0,25.0,6.0,29118.0
CRS3035RES200mN2627600E3464800,117.5,53.0,2.0,15.0,5.0,45.0,5.0,3150861.7,5542.0,0.0,53.0,0.0,1.0,4.0,3.0,11.5,10.0,11.0,18.0,21.0,33.0,5.0,26816.0
CRS3035RES200mN2627600E3465000,106.0,49.0,1.0,15.0,1.0,45.0,5.0,3225636.8,5657.0,0.0,49.0,0.0,3.0,1.0,6.0,6.0,5.0,14.0,18.0,19.0,23.0,11.0,30431.0
CRS3035RES200mN2627600E3465200,87.5,43.0,8.0,16.0,3.0,21.0,10.0,1900648.8,3793.0,8.0,35.0,8.0,1.5,2.5,6.0,10.5,8.0,10.0,13.0,13.0,12.0,11.0,21722.0
CRS3035RES200mN2627600E3465400,76.5,42.0,3.0,17.0,0.0,32.0,2.0,1913362.9,4188.0,0.0,42.0,0.0,1.0,0.0,5.5,2.0,2.0,9.0,9.0,7.0,30.0,11.0,25011.0
CRS3035RES200mN2627600E3465600,94.0,44.0,1.0,11.0,3.0,35.0,3.0,2651719.8,4645.0,0.0,44.0,0.0,4.0,3.0,2.0,3.0,7.0,11.0,14.0,13.0,28.0,9.0,28210.0
CRS3035RES200mN2627600E3465800,76.5,31.0,4.0,7.0,1.0,22.0,2.0,1943440.9,3340.0,6.0,25.0,6.0,1.0,0.0,4.0,11.0,8.5,9.0,18.0,10.0,13.0,2.0,25404.0
CRS3035RES200mN2627600E3466400,7.0,2.4,0.2,0.2,0.3,1.7,0.3,216762.3,366.0,0.0,2.4,0.0,0.2,0.2,0.6,0.8,1.0,0.8,1.4,1.0,0.7,0.3,30966.0
CRS3035RES200mN2627600E3466600,26.0,8.8,0.6,0.6,1.3,6.3,1.3,805117.2,1359.5,0.0,8.8,0.0,0.6,0.6,2.3,3.0,3.8,3.1,5.0,3.8,2.5,1.3,30966.0
CRS3035RES200mN2627600E3466800,37.0,13.0,0.0,1.0,1.0,12.0,2.0,1369614.9,1737.0,0.0,13.0,0.0,1.0,0.0,3.0,6.0,3.0,5.0,6.0,6.0,6.0,1.0,37017.0
CRS3035RES200mN2627600E3467200,5.5,2.3,0.0,0.3,0.1,2.3,0.2,167328.8,309.9,0.0,2.3,0.0,0.2,0.2,0.2,0.2,0.3,0.8,1.0,0.7,1.2,0.7,30423.0
CRS3035RES200mN2627600E3467400,35.0,17.0,0.0,5.0,0.0,15.0,0.0,1074345.2,2029.0,0.0,17.0,0.0,0.0,0.0,3.0,1.0,1.0,4.0,7.0,9.0,9.0,1.0,30696.0
CRS3035RES200mN2627600E3467600,30.0,15.0,2.0,4.0,0.0,11.0,1.0,681244.5,1617.0,0.0,15.0,0.0,0.0,0.0,2.0,1.0,1.0,3.0,4.0,6.0,11.0,2.0,22708.0
CRS3035RES200mN2627600E3467800,11.0,4.7,0.0,0.7,0.2,4.5,0.3,334657.5,619.8,0.0,4.7,0.0,0.3,0.4,0.5,0.4,0.5,1.6,2.1,1.4,2.4,1.4,30423.0
CRS3035RES200mN2627600E3468000,86.0,37.0,0.0,9.0,0.0,31.0,5.0,2233302.2,3642.0,0.0,37.0,0.0,3.0,3.0,2.0,8.0,7.0,11.0,18.0,12.0,16.0,6.0,25969.0
CRS3035RES200mN2627600E3468200,4.0,1.6,0.1,0.2,0.0,1.5,0.1,115815.1,211.0,0.0,1.6,0.0,0.2,0.1,0.2,0.3,0.2,0.6,0.9,0.4,0.9,0.2,28954.0
CRS3035RES200mN2627600E3468600,56.0,26.0,0.0,8.0,1.0,16.0,9.0,1218089.4,2009.0,0.0,26.0,10.0,3.0,2.5,5.0,6.5,4.0,17.0,12.0,4.0,1.0,1.0,21752.0
CRS3035RES200mN2627600E3468800,37.0,15.0,1.0,3.0,1.0,12.0,1.0,978863.6,1536.0,0.0,15.0,0.0,1.0,1.0,1.0,4.0,2.0,6.0,8.0,8.0,4.0,2.0,26456.0
CRS3035RES200mN2627600E3469000,117.5,60.0,10.0,22.0,2.0,26.0,9.0,2701162.3,5060.0,19.0,41.0,24.0,2.0,1.0,2.5,11.5,3.5,18.0,18.0,23.0,32.0,6.0,22989.0
CRS3035RES200mN2627600E3469200,82.5,30.0,1.0,6.0,2.0,25.0,1.0,2288201.7,2960.0,0.0,30.0,0.0,1.0,2.0,7.5,10.0,8.0,18.0,13.0,11.0,11.0,1.0,27736.0
CRS3035RES200mN2627600E3469400,121.0,47.0,3.0,8.0,3.0,21.0,11.0,2697258.5,4599.0,0.0,47.0,19.0,3.0,3.0,10.0,17.0,12.0,13.0,33.0,12.0,13.0,5.0,22291.0
CRS3035RES200mN2627600E3469600,105.0,43.0,1.0,7.0,2.0,36.0,5.0,3007779.2,4424.0,0.0,43.0,0.0,2.0,3.0,4.0,10.0,10.0,11.0,23.0,14.0,23.0,5.0,28646.0
CRS3035RES200mN2627600E3469800,37.0,14.0,1.0,3.0,0.0,13.0,1.0,1420297.5,2083.0,0.0,14.0,0.0,2.0,0.0,2.0,5.0,1.0,7.0,7.0,4.0,8.0,1.0,38386.0
CRS3035RES200mN2627600E3470000,25.0,10.2,1.1,2.3,0.3,7.7,0.9,730928.3,1236.1,0.0,10.2,0.0,1.1,0.8,1.7,0.9,2.3,7.4,3.7,3.1,3.4,0.6,29237.0
CRS3035RES200mN2627600E3472600,41.0,17.0,0.0,2.0,0.0,17.0,0.0,1177498.7,1660.0,0.0,17.0,0.0,2.0,1.0,2.0,2.0,2.0,6.0,8.0,4.0,11.0,3.0,28719.0
CRS3035RES200mN2627600E3472800,4.0,1.4,0.0,0.1,0.2,1.3,0.1,118911.3,164.8,0.0,1.4,0.0,0.0,0.1,0.4,0.6,0.2,0.5,0.8,0.8,0.5,0.1,29728.0
CRS3035RES200mN2627600E3478400,11.0,4.4,0.8,0.8,0.2,4.1,0.2,286925.8,567.1,0.0,4.4,0.0,0.1,0.0,0.3,1.3,1.3,0.6,2.9,2.2,2.2,0.1,26084.0
CRS3035RES200mN2627600E3478600,18.0,7.2,1.3,1.3,0.3,6.8,0.3,469514.9,928.0,0.0,7.2,0.0,0.1,0.0,0.6,2.2,2.1,1.0,4.8,3.5,3.5,0.2,26084.0
CRS3035RES200mN2627600E3478800,5.0,2.0,0.4,0.4,0.1,1.9,0.1,130420.8,257.8,0.0,2.0,0.0,0.0,0.0,0.2,0.6,0.6,0.3,1.3,1.0,1.0,0.0,26084.0
CRS3035RES200mN2627600E3480400,2.0,0.8,0.1,0.1,0.0,0.7,0.0,53797.8,106.2,0.0,0.8,0.0,0.0,0.0,0.2,0.2,0.0,0.3,0.4,0.3,0.5,0.1,26899.0
CRS3035RES200mN2627600E3484000,3.0,1.3,0.2,0.3,0.1,0.9,0.2,77125.9,144.1,0.0,1.3,0.0,0.1,0.0,0.2,0.2,0.2,0.6,0.5,0.7,0.4,0.1,25709.0
CRS3035RES200mN2627600E3484600,5.0,2.1,0.4,0.5,0.1,1.6,0.4,128543.1,240.2,0.0,2.1,0.0,0.2,0.0,0.2,0.4,0.4,1.0,0.8,1.2,0.7,0.1,25709.0
CRS3035RES200mN2627600E3484800,5.0,2.1,0.4,0.5,0.1,1.6,0.4,128543.1,240.2,0.0,2.1,0.0,0.2,0.0,0.2,0.4,0.4,1.0,0.8,1.2,0.7,0.1,25709.0
CRS3035RES200mN2627600E3485000,2.0,0.9,0.2,0.2,0.0,0.6,0.2,51417.2,96.1,0.0,0.9,0.0,0.1,0.0,0.1,0.1,0.2,0.4,0.3,0.5,0.3,0.0,25709.0
CRS3035RES200mN2627600E3485400,13.5,5.8,1.0,1.3,0.3,4.2,1.0,347066.4,648.5,0.0,5.8,0.0,0.7,0.1,0.7,1.0,1.1,2.6,2.1,3.1,1.8,0.3,25709.0
CRS3035RES200mN2627600E3489200,5.0,1.8,0.1,0.1,0.0,0.8,0.5,113633.9,205.1,0.0,1.8,0.0,0.0,0.3,0.6,0.8,0.3,0.9,1.2,0.5,0.4,0.0,22727.0
CRS3035RES200mN2627600E3489400,15.0,5.5,0.4,0.4,0.0,2.4,1.6,340901.7,615.4,0.0,5.5,0.0,0.0,0.8,1.8,2.6,0.8,2.7,3.5,1.6,1.2,0.0,22727.0
CRS3035RES200mN2627600E3493400,2.0,0.7,0.1,0.0,0.0,0.6,0.1,47302.3,86.5,0.0,0.7,0.0,0.1,0.0,0.3,0.1,0.2,0.5,0.3,0.2,0.2,0.1,23651.0
CRS3035RES200mN2627600E3493600,2.0,0.7,0.1,0.0,0.0,0.6,0.1,47302.3,86.5,0.0,0.7,0.0,0.1,0.0,0.3,0.1,0.2,0.5,0.3,0.2,0.2,0.1,23651.0
CRS3035RES200mN2627600E3495600,5.0,1.8,0.2,0.3,0.0,1.3,0.3,114282.9,199.3,0.1,1.7,0.2,0.4,0.3,0.4,0.4,0.2,1.1,0.9,0.7,0.5,0.1,22857.0
CRS3035RES200mN2627600E3495800,24.0,8.8,0.8,1.2,0.2,6.2,1.4,548557.9,956.5,0.4,8.4,1.0,1.8,1.2,2.1,1.9,1.0,5.1,4.3,3.5,2.7,0.4,22857.0
CRS3035RES200mN2627800E3460800,1.0,0.4,0.0,0.2,0.0,0.2,0.0,21182.1,36.9,0.0,0.4,0.0,0.0,0.0,0.1,0.2,0.0,0.1,0.2,0.2,0.2,0.0,21182.0
CRS3035RES200mN2627800E3461400,41.5,20.0,0.0,6.0,1.0,18.0,2.0,1628796.7,2582.0,0.0,20.0,0.0,0.0,0.0,2.0,3.5,2.0,6.0,4.0,8.0,14.0,2.0,39248.0
CRS3035RES200mN2627800E3461600,106.0,53.0,0.0,19.0,1.0,48.0,3.0,3116162.3,6291.0,0.0,53.0,0.0,3.0,2.0,6.0,4.5,1.5,10.0,12.0,13.0,43.0,11.0,29398.0
CRS3035RES200mN2627800E3461800,63.0,38.0,1.0,17.0,0.0,34.0,0.0,2088369.8,4462.0,0.0,38.0,0.0,1.0,0.0,1.0,1.0,0.0,5.0,3.0,6.0,32.0,14.0,33149.0
CRS3035RES200mN2627800E3462000,91.0,47.0,5.0,15.0,1.0,45.0,5.0,2460106.5,5165.0,0.0,47.0,0.0,1.0,4.0,2.0,5.0,5.0,6.0,9.0,10.0,36.0,13.0,27034.0
CRS3035RES200mN2627800E3462200,64.5,33.0,0.0,13.0,1.0,28.0,3.0,1924684.6,3286.0,3.0,30.0,0.0,1.0,1.0,3.0,3.5,5.0,7.0,12.0,8.0,11.0,13.0,29840.0
CRS3035RES200mN2627800E3462400,95.0,51.0,2.0,18.0,0.0,44.0,3.0,2808032.6,5263.0,3.0,48.0,0.0,3.0,0.0,0.0,0.0,3.0,12.0,7.0,13.0,32.0,25.0,29558.0
CRS3035RES200mN2627800E3462600,10.0,3.7,0.2,0.7,0.2,3.0,0.0,245783.5,337.6,0.9,2.8,0.0,0.6,0.0,0.3,1.4,0.7,1.3,2.0,1.5,0.7,1.5,24578.0
CRS3035RES200mN2627800E3463200,70.0,31.0,1.0,11.0,2.0,24.0,3.0,2216673.5,3720.0,0.0,31.0,0.0,4.0,4.0,3.0,2.0,4.0,13.0,9.0,11.0,14.0,6.0,31667.0
CRS3035RES200mN2627800E3463400,107.0,55.0,3.0,23.0,2.0,38.0,4.0,3417742.1,5604.0,8.0,47.0,0.0,1.5,3.0,7.5,5.0,5.0,24.0,20.0,16.0,21.0,4.0,31942.0
CRS3035RES200mN2627800E3463600,27.0,12.0,0.0,4.0,1.0,11.0,0.0,868593.6,1498.0,0.0,12.0,0.0,0.0,0.0,0.0,6.0,1.0,1.0,9.0,3.0,7.0,0.0,32170.0
CRS3035RES200mN2627800E3463800,4.0,1.6,0.1,0.3,0.1,0.9,0.4,106258.5,175.2,0.1,1.5,0.0,0.4,0.2,0.1,0.3,0.5,0.9,0.4,0.8,0.1,0.3,26565.0
CRS3035RES200mN2627800E3464600,49.0,21.0,0.0,6.0,1.0,19.0,1.0,1485490.7,2380.0,0.0,21.0,0.0,0.0,0.5,1.5,4.0,4.0,3.0,14.0,8.0,13.0,1.0,30316.0
CRS3035RES200mN2627800E3464800,123.5,52.0,3.0,15.0,3.0,30.0,5.0,2937171.1,4788.0,0.0,52.0,17.0,3.0,2.0,5.5,15.0,10.0,13.0,28.0,19.0,23.0,5.0,23783.0
CRS3035RES200mN2627800E3465000,86.5,38.0,3.0,11.0,0.0,20.0,4.0,2160784.0,3305.0,3.0,35.0,12.0,4.0,3.0,5.5,7.0,7.0,21.0,13.0,6.0,16.0,4.0,24980.0
CRS3035RES200mN2627800E3465200,214.5,106.0,12.0,44.0,3.0,60.0,15.0,5119521.4,8715.0,28.0,78.0,11.0,7.0,1.5,14.5,30.5,10.0,46.0,47.0,26.0,28.0,4.0,23867.0
CRS3035RES200mN2627800E3465400,157.5,80.0,14.0,35.0,3.0,31.0,14.0,3737103.2,6425.0,30.0,50.0,31.0,9.0,4.5,5.0,12.0,16.0,31.0,30.0,18.0,29.0,3.0,23728.0
CRS3035RES200mN2627800E3465600,160.5,68.0,4.0,16.0,3.0,50.0,10.0,4831503.2,7110.0,7.0,61.0,0.0,4.0,2.0,9.0,17.5,13.0,23.0,41.0,22.0,23.0,6.0,30103.0
CRS3035RES200mN2627800E3465800,92.0,36.0,2.0,8.0,2.0,36.0,1.0,2319757.2,4196.0,0.0,36.0,0.0,3.0,0.0,6.0,9.0,4.0,9.0,18.0,17.0,22.0,4.0,25215.0
CRS3035RES200mN2627800E3466600,14.5,4.9,0.3,0.3,0.7,3.5,0.7,449007.7,758.2,0.0,4.9,0.0,0.3,0.4,1.3,1.7,2.1,1.7,2.8,2.1,1.4,0.7,30966.0
CRS3035RES200mN2627800E3466800,22.5,7.6,0.5,0.5,1.1,5.4,1.1,696736.1,1176.5,0.0,7.6,0.0,0.5,0.5,2.0,2.6,3.3,2.7,4.3,3.3,2.2,1.1,30966.0
CRS3035RES200mN2627800E3467400,14.0,6.0,0.0,0.9,0.2,5.7,0.4,425927.7,788.9,0.0,6.0,0.0,0.4,0.4,0.7,0.5,0.7,2.0,2.6,1.8,3.1,1.8,30423.0
CRS3035RES200mN2627800E3468000,2.0,0.8,0.0,0.1,0.0,0.7,0.0,57907.5,105.5,0.0,0.8,0.0,0.1,0.1,0.1,0.2,0.1,0.3,0.4,0.2,0.4,0.1,28954.0
CRS3035RES200mN2627800E3468400,26.0,10.7,0.5,1.5,0.0,9.7,0.5,752797.9,1371.4,0.0,10.7,0.0,1.5,1.0,1.2,1.9,1.0,3.9,5.8,2.9,5.8,1.0,28954.0
CRS3035RES200mN2627800E3468600,114.5,53.0,5.0,10.0,0.0,39.0,9.0,3067210.3,5480.0,8.0,45.0,8.0,3.0,2.0,7.0,6.5,6.0,13.0,20.0,13.0,33.0,11.0,26788.0
CRS3035RES200mN2627800E3468800,44.5,18.0,0.0,4.0,1.0,18.0,1.0,1281158.1,2166.0,0.0,18.0,0.0,1.0,0.0,0.0,3.5,9.0,3.0,13.0,3.0,10.0,2.0,28790.0
CRS3035RES200mN2627800E3469000,14.0,5.6,0.0,0.5,0.5,4.4,0.7,395492.0,566.0,0.3,5.3,0.0,0.2,0.1,0.4,1.7,1.4,1.2,3.7,2.8,2.5,0.0,28249.0
CRS3035RES200mN2627800E3469200,6.0,2.4,0.0,0.2,0.2,1.9,0.3,169496.6,242.6,0.1,2.3,0.0,0.1,0.1,0.1,0.7,0.6,0.5,1.6,1.2,1.1,0.0,28249.0
CRS3035RES200mN2627800E3469400,39.0,13.0,0.0,1.0,0.0,12.0,1.0,1011201.1,1468.0,0.0,13.0,0.0,1.0,1.0,0.0,6.0,5.0,5.0,10.0,4.0,5.0,2.0,25928.0
CRS3035RES200mN2627800E3469600,125.0,50.0,3.0,13.0,3.0,47.0,2.0,3724510.1,5403.0,0.0,50.0,0.0,3.0,0.0,2.0,10.0,19.0,6.0,32.0,24.0,23.0,6.0,29796.0
CRS3035RES200mN2627800E3469800,78.0,44.0,1.0,17.0,0.0,41.0,4.0,2003851.3,3997.0,0.0,44.0,0.0,2.0,2.0,1.0,1.0,1.0,10.0,4.0,12.0,33.0,12.0,25690.0
CRS3035RES200mN2627800E3470000,105.0,41.0,0.0,10.0,5.0,30.0,1.0,3127449.9,4967.0,3.0,38.0,0.0,3.0,1.0,6.0,11.0,12.0,8.0,32.0,13.0,15.0,4.0,29785.0
CRS3035RES200mN2627800E3470400,3.0,1.2,0.1,0.3,0.0,0.9,0.1,87711.4,148.3,0.0,1.2,0.0,0.1,0.1,0.2,0.1,0.3,0.9,0.4,0.4,0.4,0.1,29237.0
CRS3035RES200mN2627800E3474400,6.0,2.9,0.3,0.6,0.0,2.1,0.5,152338.4,326.6,0.0,2.9,0.0,0.0,0.0,0.5,0.1,0.5,0.3,1.6,1.0,1.8,0.2,25390.0
CRS3035RES200mN2627800E3474600,2.0,1.0,0.1,0.2,0.0,0.7,0.2,50779.5,108.9,0.0,1.0,0.0,0.0,0.0,0.2,0.0,0.2,0.1,0.5,0.3,0.6,0.1,25390.0
CRS3035RES200mN2627800E3483200,34.5,13.0,0.0,2.0,0.0,13.0,0.0,778364.9,1260.0,0.0,13.0,0.0,2.0,0.0,4.5,3.0,0.0,11.0,6.0,3.0,3.0,2.0,22561.0
CRS3035RES200mN2627800E3484000,16.0,6.8,1.2,1.6,0.3,5.0,1.2,411337.9,768.6,0.0,6.8,0.0,0.8,0.2,0.8,1.2,1.2,3.1,2.5,3.7,2.2,0.3,25709.0
CRS3035RES200mN2627800E3485400,1.0,0.4,0.1,0.1,0.0,0.3,0.1,25708.6,48.0,0.0,0.4,0.0,0.0,0.0,0.1,0.1,0.1,0.2,0.2,0.2,0.1,0.0,25709.0
CRS3035RES200mN2627800E3489400,24.0,12.0,2.0,4.0,0.0,7.0,3.0,540298.1,1030.0,0.0,12.0,0.0,0.0,0.0,0.0,2.0,1.0,4.0,6.0,6.0,4.0,1.0,22512.0
CRS3035RES200mN2628000E3460200,1.0,0.4,0.0,0.1,0.0,0.3,0.0,33680.8,56.4,0.1,0.3,0.0,0.0,0.0,0.1,0.1,0.0,0.0,0.2,0.2,0.3,0.1,33681.0
CRS3035RES200mN2628000E3460800,13.0,5.4,0.4,0.9,0.2,3.9,0.6,437850.8,733.0,0.9,4.5,0.0,0.0,0.0,0.9,1.6,0.7,0.4,2.6,2.4,3.3,1.1,33681.0
CRS3035RES200mN2628000E3461400,21.0,8.2,0.0,1.4,1.0,7.7,0.5,743271.2,1504.0,0.0,8.2,0.0,0.7,0.5,1.5,1.7,1.7,0.5,4.8,1.7,7.2,0.7,35394.0
CRS3035RES200mN2628000E3461600,126.0,52.0,1.0,10.0,2.0,45.0,2.0,4218465.1,6877.0,2.0,50.0,0.0,3.0,2.0,3.0,13.0,10.0,12.0,14.0,32.0,31.0,6.0,33480.0
CRS3035RES200mN2628000E3461800,134.0,62.0,1.0,15.0,5.0,53.0,5.0,4285279.2,7489.0,0.0,62.0,0.0,6.0,1.0,1.5,12.0,4.5,14.0,15.0,27.0,43.0,10.0,31980.0
CRS3035RES200mN2628000E3462000,109.5,50.0,3.0,16.0,2.0,43.0,6.0,3319779.5,5610.0,2.0,48.0,0.0,0.0,1.0,6.0,10.5,7.0,6.0,23.0,10.0,29.0,17.0,30318.0
CRS3035RES200mN2628000E3462200,90.5,38.0,2.0,12.0,3.0,32.0,6.0,2655911.4,4179.0,4.0,34.0,0.0,6.0,1.0,5.5,6.0,9.0,15.0,17.0,12.0,7.0,12.0,29347.0
CRS3035RES200mN2628000E3462400,98.0,46.0,0.0,15.0,2.0,41.0,3.0,2857063.9,4372.0,0.0,46.0,0.0,0.0,1.0,4.0,4.0,10.0,5.0,19.0,8.0,20.0,27.0,29154.0
CRS3035RES200mN2628000E3462600,43.0,15.4,1.3,3.2,3.9,12.8,1.3,1043790.5,1528.1,1.3,14.1,0.6,3.8,0.0,7.1,3.8,1.9,3.9,10.3,0.0,7.1,5.1,24274.0
CRS3035RES200mN2628000E3463200,45.0,25.0,0.0,8.0,0.0,23.0,1.0,1413862.2,3175.0,0.0,25.0,0.0,0.0,0.0,0.0,1.0,2.0,0.0,3.0,13.0,24.0,2.0,31419.0
CRS3035RES200mN2628000E3463400,110.0,48.0,1.0,12.0,1.0,41.0,3.0,3218683.3,5637.0,2.0,46.0,0.0,3.0,1.0,3.0,8.0,7.0,12.0,16.0,17.0,31.0,12.0,29261.0
CRS3035RES200mN2628000E3463600,34.0,14.0,1.0,3.0,1.0,7.0,3.0,1198191.1,1590.0,2.0,12.0,2.0,0.0,0.0,1.5,3.5,4.0,6.0,9.0,4.0,6.0,0.0,35241.0
CRS3035RES200mN2628000E3464800,18.0,9.6,0.0,3.2,0.0,8.4,0.6,502238.3,984.2,0.0,9.6,0.0,0.6,0.0,0.0,0.0,0.6,6.4,0.7,2.6,4.5,2.6,27902.0
CRS3035RES200mN2628000E3465000,59.0,27.0,2.0,11.0,2.0,24.0,0.0,1631429.2,3157.0,0.0,27.0,0.0,2.0,0.0,3.0,2.0,3.0,10.0,9.0,10.0,16.0,4.0,27651.0
CRS3035RES200mN2628000E3465200,171.5,95.0,8.0,53.0,3.0,41.0,3.0,4135919.1,7328.0,52.0,43.0,0.0,7.0,3.5,11.0,9.0,7.0,40.0,33.0,18.0,30.0,13.0,24116.0
CRS3035RES200mN2628000E3465400,110.5,54.0,9.0,13.0,0.0,18.0,13.0,2637262.8,4198.0,6.0,48.0,20.0,4.5,4.0,3.5,8.0,6.5,29.0,19.0,25.0,11.0,0.0,23867.0
CRS3035RES200mN2628000E3465600,103.5,51.0,3.0,20.0,4.0,29.0,5.0,2688167.3,4442.0,20.0,31.0,16.0,2.0,2.0,4.0,7.5,8.0,11.0,16.0,16.0,32.0,5.0,25973.0
CRS3035RES200mN2628000E3465800,52.0,23.0,0.0,4.0,0.0,21.0,1.0,1567836.2,2606.0,0.0,23.0,0.0,0.0,0.0,5.0,5.0,0.0,3.0,7.0,11.0,19.0,2.0,30151.0
CRS3035RES200mN2628000E3466000,13.0,5.4,0.0,1.4,0.5,4.9,0.0,380272.9,776.8,0.3,5.1,0.0,0.5,0.3,0.3,0.3,1.4,2.4,2.4,2.2,2.4,0.8,29252.0
CRS3035RES200mN2628000E3466600,1.0,0.4,0.0,0.1,0.0,0.4,0.0,29251.8,59.8,0.0,0.4,0.0,0.0,0.0,0.0,0.0,0.1,0.2,0.2,0.2,0.2,0.1,29252.0
CRS3035RES200mN2628000E3467800,3.0,1.2,0.0,0.3,0.1,1.1,0.0,87755.3,179.2,0.0,1.2,0.0,0.1,0.0,0.0,0.1,0.3,0.6,0.6,0.5,0.6,0.2,29252.0
CRS3035RES200mN2628000E3468400,18.0,6.8,0.6,1.9,0.6,5.5,1.0,464375.7,857.3,0.0,6.8,0.0,0.3,0.6,1.6,1.3,1.0,3.9,4.8,2.6,1.3,0.6,25799.0
CRS3035RES200mN2628000E3468600,75.0,27.0,3.0,4.0,4.0,15.0,6.0,1972424.4,2908.0,0.0,27.0,4.0,5.5,1.0,3.0,11.5,8.0,10.0,18.0,6.0,10.0,2.0,26299.0
CRS3035RES200mN2628000E3469600,39.0,13.3,0.0,0.0,1.0,11.4,1.0,1050232.5,1307.9,0.0,13.3,0.0,0.9,0.9,2.9,0.9,6.7,4.8,11.4,2.9,5.7,1.9,26929.0
CRS3035RES200mN2628000E3469800,88.5,36.0,4.0,7.0,4.0,13.0,8.0,1951841.8,3047.0,0.0,36.0,19.0,1.0,0.0,8.0,13.0,9.5,7.0,24.0,16.0,8.0,2.0,22055.0
CRS3035RES200mN2628000E3470000,49.0,22.0,3.0,7.0,0.0,22.0,2.0,1256884.8,2427.0,0.0,22.0,0.0,0.0,0.0,3.0,4.0,6.0,1.0,14.0,9.0,5.0,7.0,25651.0
CRS3035RES200mN2628000E3470200,6.0,2.4,0.2,0.4,0.1,2.0,0.2,161064.3,262.5,0.0,2.4,0.0,0.0,0.1,0.2,0.5,0.6,0.5,1.7,1.0,1.1,0.3,26844.0
CRS3035RES200mN2628000E3470400,66.0,24.0,2.0,4.0,3.0,22.0,1.0,1667554.6,2465.0,2.0,22.0,0.0,4.0,3.0,3.0,7.0,6.0,12.0,16.0,3.0,6.0,6.0,25266.0
CRS3035RES200mN2628000E3471800,2.0,0.7,0.1,0.1,0.1,0.6,0.0,55517.6,76.2,0.0,0.7,0.0,0.1,0.1,0.2,0.3,0.1,0.2,0.4,0.1,0.4,0.1,27759.0
CRS3035RES200mN2628000E3472400,10.0,3.9,0.2,0.8,0.2,3.3,0.3,249216.4,421.0,0.0,3.9,0.0,0.3,0.0,0.5,0.7,1.1,1.8,2.4,0.7,1.9,0.6,24922.0
CRS3035RES200mN2628000E3478200,7.0,2.7,1.0,0.3,0.0,2.4,0.2,164629.6,275.9,0.0,2.7,0.0,0.5,0.0,0.0,1.0,0.4,1.3,1.3,1.6,0.8,0.1,23519.0
CRS3035RES200mN2628000E3482800,1.0,0.5,0.0,0.2,0.0,0.4,0.0,24557.0,49.0,0.0,0.5,0.0,0.0,0.0,0.0,0.1,0.1,0.2,0.2,0.1,0.2,0.1,24557.0
CRS3035RES200mN2628000E3483000,54.0,22.0,1.0,8.0,0.0,17.0,0.0,1344273.6,2330.0,0.0,22.0,0.0,1.0,0.0,2.0,9.0,5.0,7.0,18.0,2.0,9.0,1.0,24894.0
CRS3035RES200mN2628000E3483200,108.0,44.0,3.0,12.0,4.0,39.0,5.0,2664625.4,4233.0,0.0,44.0,1.0,3.0,5.0,4.5,17.0,5.5,11.0,28.0,15.0,15.0,4.0,24672.0
CRS3035RES200mN2628000E3483400,60.0,22.0,0.0,4.0,0.0,19.0,0.0,1452829.2,2353.0,0.0,22.0,0.0,2.0,3.0,5.0,8.0,1.0,14.0,12.0,8.0,5.0,2.0,24214.0
CRS3035RES200mN2628000E3483600,9.0,3.8,0.5,0.8,0.3,2.8,0.5,212648.1,482.4,0.2,3.6,0.0,0.1,0.2,0.7,1.0,0.5,0.7,2.3,1.0,1.3,1.2,23628.0
CRS3035RES200mN2628000E3483800,21.5,9.2,1.1,1.9,0.8,6.7,1.1,507992.8,1152.4,0.6,8.6,0.0,0.1,0.6,1.7,2.5,1.1,1.7,5.5,2.5,3.0,2.8,23628.0
CRS3035RES200mN2628000E3484000,48.5,18.2,1.0,3.8,1.0,18.2,1.9,1236371.9,1934.2,0.0,18.2,0.0,1.9,2.9,2.4,5.7,2.9,7.7,9.6,7.7,7.7,0.0,25492.0
CRS3035RES200mN2628200E3459800,88.0,31.0,2.0,3.0,2.0,8.0,9.0,2354085.7,2817.0,0.0,31.0,6.0,7.5,2.0,10.0,11.5,7.0,13.0,26.0,6.0,5.0,0.0,26751.0
CRS3035RES200mN2628200E3460000,18.0,7.5,0.5,1.3,0.3,5.4,0.8,606254.9,1014.9,1.3,6.2,0.0,0.0,0.0,1.3,2.2,0.9,0.5,3.6,3.3,4.6,1.6,33681.0
CRS3035RES200mN2628200E3460600,1.0,0.4,0.0,0.1,0.0,0.3,0.0,33680.8,56.4,0.1,0.3,0.0,0.0,0.0,0.1,0.1,0.0,0.0,0.2,0.2,0.3,0.1,33681.0
CRS3035RES200mN2628200E3460800,5.0,2.1,0.1,0.4,0.1,1.5,0.2,168404.1,281.9,0.4,1.7,0.0,0.0,0.0,0.4,0.6,0.3,0.1,1.0,0.9,1.3,0.4,33681.0
CRS3035RES200mN2628200E3461400,9.0,3.5,0.0,0.6,0.4,3.3,0.2,318544.8,644.6,0.0,3.5,0.0,0.3,0.2,0.6,0.7,0.7,0.2,2.1,0.8,3.1,0.3,35394.0
CRS3035RES200mN2628200E3461600,179.0,76.0,6.0,18.0,3.0,42.0,13.0,4991103.8,7478.0,16.0,60.0,5.0,8.0,8.0,15.5,11.5,9.0,38.0,38.0,19.0,24.0,8.0,27883.0
CRS3035RES200mN2628200E3461800,162.5,58.0,2.0,11.0,5.0,36.0,3.0,4708964.4,7011.0,0.0,58.0,16.0,7.0,0.0,9.0,20.5,21.0,15.0,38.0,20.0,22.0,10.0,28978.0
CRS3035RES200mN2628200E3462000,125.5,45.0,1.0,7.0,3.0,25.0,3.0,4029846.3,5946.0,0.0,45.0,0.0,3.0,5.0,5.5,10.5,14.5,9.0,36.0,10.0,27.0,5.0,32110.0
CRS3035RES200mN2628200E3462200,129.5,54.0,1.0,16.0,5.0,44.0,2.0,4027041.8,6663.0,2.0,52.0,0.0,5.0,4.0,3.5,11.0,16.0,10.0,27.0,18.0,17.0,18.0,31097.0
CRS3035RES200mN2628200E3462400,109.0,49.0,2.0,17.0,2.0,47.0,5.0,3112058.9,5217.0,0.0,49.0,0.0,1.0,1.0,6.0,16.0,5.0,9.0,22.0,6.0,28.0,15.0,28551.0
CRS3035RES200mN2628200E3462600,86.5,38.0,1.0,11.0,4.0,36.0,3.0,2562417.3,4239.0,0.0,38.0,0.0,4.0,0.0,3.5,11.0,5.0,10.0,16.0,7.0,24.0,6.0,29623.0
CRS3035RES200mN2628200E3462800,5.0,1.8,0.1,0.4,0.4,1.5,0.1,121371.0,177.7,0.2,1.6,0.1,0.4,0.0,0.8,0.5,0.2,0.5,1.2,0.0,0.8,0.6,24274.0
CRS3035RES200mN2628200E3463000,2.0,0.8,0.0,0.2,0.0,0.7,0.1,56682.6,86.4,0.0,0.8,0.0,0.1,0.0,0.1,0.1,0.1,0.4,0.2,0.5,0.5,0.0,28341.0
CRS3035RES200mN2628200E3463200,27.0,11.2,0.4,2.2,0.4,9.9,0.9,765214.4,1166.9,0.4,10.8,0.0,0.9,0.4,0.9,2.2,1.3,5.0,3.2,6.3,6.3,0.5,28341.0
CRS3035RES200mN2628200E3463400,50.0,18.0,0.0,1.0,0.0,18.0,3.0,1744318.4,2749.0,0.0,18.0,0.0,0.0,0.0,0.0,7.0,5.0,5.0,11.0,10.0,10.0,2.0,34886.0
CRS3035RES200mN2628200E3463600,33.0,15.0,1.0,4.0,1.0,15.0,0.0,1116879.8,2352.0,0.0,15.0,0.0,0.0,0.0,0.0,3.0,2.0,2.0,1.0,13.0,10.0,2.0,33845.0
CRS3035RES200mN2628200E3465200,94.0,42.0,9.0,11.0,2.0,27.0,8.0,2708222.5,4205.0,10.0,32.0,13.0,2.0,2.0,3.0,9.0,10.0,10.0,22.0,15.0,18.0,3.0,28811.0
CRS3035RES200mN2628200E3465400,97.0,43.0,2.0,10.0,1.0,38.0,7.0,2940013.1,4639.0,1.0,42.0,0.0,2.0,1.0,8.0,10.0,3.0,13.0,20.0,21.0,14.0,5.0,30309.0
CRS3035RES200mN2628200E3465600,71.0,27.0,1.0,3.0,1.0,22.0,3.0,1949795.9,3098.0,0.0,27.0,0.0,2.0,2.0,6.0,6.0,2.0,11.0,16.0,9.0,14.0,3.0,27462.0
CRS3035RES200mN2628200E3465800,6.0,2.2,0.0,0.4,0.2,1.6,0.0,157305.9,242.7,0.0,2.2,0.0,0.3,0.2,0.4,0.9,0.2,0.9,1.4,1.3,0.4,0.0,26218.0
CRS3035RES200mN2628200E3468600,2.0,0.8,0.1,0.2,0.1,0.6,0.1,51597.3,95.2,0.0,0.8,0.0,0.0,0.1,0.2,0.1,0.1,0.4,0.5,0.3,0.2,0.1,25799.0
CRS3035RES200mN2628200E3470200,2.0,0.8,0.1,0.1,0.0,0.7,0.1,53688.1,87.5,0.0,0.8,0.0,0.0,0.0,0.1,0.2,0.2,0.2,0.5,0.3,0.4,0.1,26844.0
CRS3035RES200mN2628200E3470400,12.0,4.8,0.4,0.9,0.2,4.1,0.4,322128.7,525.0,0.0,4.8,0.0,0.0,0.2,0.3,1.1,1.2,1.1,3.4,1.9,2.3,0.5,26844.0
CRS3035RES200mN2628200E3472200,4.0,1.6,0.1,0.3,0.1,1.3,0.1,99686.5,168.4,0.0,1.6,0.0,0.1,0.0,0.2,0.3,0.5,0.7,0.9,0.3,0.7,0.3,24922.0
CRS3035RES200mN2628200E3472400,2.0,0.8,0.0,0.2,0.0,0.7,0.1,49843.3,84.2,0.0,0.8,0.0,0.1,0.0,0.1,0.1,0.2,0.4,0.5,0.1,0.4,0.1,24922.0
CRS3035RES200mN2628200E3478200,83.5,28.0,1.0,4.0,1.0,27.0,1.0,2013268.5,2650.0,0.0,28.0,0.0,10.0,6.5,9.0,5.0,2.0,38.0,10.0,1.0,0.0,2.0,24111.0
CRS3035RES200mN2628200E3478400,12.0,4.6,1.6,0.5,0.0,4.1,0.3,282222.2,472.9,0.0,4.6,0.0,0.8,0.0,0.0,1.8,0.7,2.2,2.2,2.7,1.3,0.3,23519.0
CRS3035RES200mN2628200E3480400,4.0,1.5,0.1,0.4,0.1,1.1,0.0,101269.7,154.2,0.0,1.5,0.0,0.1,0.1,0.4,0.3,0.4,0.7,0.9,0.5,0.5,0.1,25317.0
CRS3035RES200mN2628200E3483000,61.0,23.0,3.0,2.0,1.0,21.0,1.0,1576096.3,2518.0,0.0,23.0,0.0,4.0,1.0,2.0,2.0,5.0,10.0,15.0,7.0,14.0,1.0,25838.0
CRS3035RES200mN2628200E3483200,88.0,32.0,0.0,4.0,1.0,26.0,1.0,2302077.2,3640.0,3.0,29.0,0.0,5.5,2.0,4.5,8.0,2.0,26.0,18.0,5.0,15.0,2.0,26160.0
CRS3035RES200mN2628200E3483400,126.5,51.0,4.0,17.0,4.0,39.0,5.0,2904433.9,5646.0,4.0,47.0,0.0,12.0,6.5,5.5,11.5,10.0,36.0,24.0,8.0,8.0,5.0,22960.0
CRS3035RES200mN2628200E3483600,58.0,24.0,1.0,5.0,3.0,11.0,3.0,1452716.5,2615.0,5.0,19.0,0.0,2.0,1.0,4.0,6.0,4.0,9.0,18.0,6.0,7.0,1.0,25047.0
CRS3035RES200mN2628200E3483800,9.0,3.8,0.5,0.8,0.3,2.8,0.5,212648.1,482.4,0.2,3.6,0.0,0.1,0.2,0.7,1.0,0.5,0.7,2.3,1.0,1.3,1.2,23628.0
CRS3035RES200mN2628200E3493800,10.0,3.4,0.0,0.6,0.9,3.4,0.0,268235.9,509.4,0.0,3.4,0.0,0.3,0.0,0.6,0.3,2.6,1.1,1.4,0.8,2.0,0.9,26824.0
CRS3035RES200mN2628200E3495400,10.0,4.5,0.8,1.6,0.2,3.7,0.2,243568.3,592.9,0.0,4.5,0.0,0.6,0.4,1.0,0.4,0.8,2.3,1.2,1.2,1.7,0.4,24357.0
CRS3035RES200mN2628200E3495600,6.0,2.7,0.5,0.9,0.1,2.2,0.1,146141.0,355.8,0.0,2.7,0.0,0.4,0.2,0.6,0.2,0.5,1.4,0.7,0.7,1.1,0.2,24357.0
CRS3035RES200mN2628400E3459600,23.5,10.0,1.1,3.3,0.6,6.6,0.6,605963.0,880.8,2.2,7.8,0.0,1.4,0.0,0.0,1.7,1.1,5.0,5.0,3.3,5.5,0.5,25786.0
CRS3035RES200mN2628400E3459800,129.5,53.0,7.0,12.0,3.0,25.0,10.0,3682495.2,5019.0,0.0,53.0,19.0,4.0,2.0,10.0,12.0,9.5,24.0,29.0,15.0,18.0,6.0,28436.0
CRS3035RES200mN2628400E3460000,141.0,72.0,10.0,36.0,4.0,29.0,7.0,3447947.3,5739.0,44.0,28.0,12.0,3.0,3.0,11.0,15.0,7.0,26.0,34.0,22.0,18.0,2.0,24454.0
CRS3035RES200mN2628400E3460200,10.0,4.1,0.3,0.7,0.1,3.0,0.4,336808.3,563.9,0.7,3.4,0.0,0.0,0.0,0.7,1.2,0.5,0.3,2.0,1.8,2.6,0.9,33681.0
CRS3035RES200mN2628400E3460600,12.0,5.0,0.3,0.9,0.2,3.6,0.5,404169.9,676.6,0.9,4.1,0.0,0.0,0.0,0.9,1.5,0.6,0.3,2.4,2.2,3.1,1.0,33681.0
CRS3035RES200mN2628400E3461400,50.0,22.0,0.0,6.0,1.0,18.0,0.0,1969202.8,3159.0,3.0,19.0,0.0,2.0,1.0,4.0,1.0,3.0,9.0,5.0,7.0,14.0,4.0,39384.0
CRS3035RES200mN2628400E3461600,48.5,20.0,0.0,4.0,2.0,19.0,0.0,2027597.9,4472.0,0.0,20.0,0.0,1.0,0.0,2.0,4.0,3.5,2.0,9.0,5.0,15.0,7.0,41806.0
CRS3035RES200mN2628400E3461800,70.0,31.0,0.0,5.0,0.0,30.0,2.0,2417695.6,4549.0,0.0,31.0,0.0,0.0,0.0,0.0,7.0,5.0,1.0,11.0,18.0,22.0,6.0,34539.0
CRS3035RES200mN2628400E3462000,100.0,35.0,0.0,7.0,3.0,26.0,2.0,3116828.9,4323.0,0.0,35.0,0.0,3.0,2.0,3.0,12.0,13.0,5.0,29.0,12.0,17.0,4.0,31168.0
CRS3035RES200mN2628400E3462200,98.5,50.0,4.0,22.0,2.0,48.0,4.0,2751031.8,5254.0,0.0,50.0,0.0,0.0,0.0,3.0,8.5,9.0,4.0,26.0,7.0,20.0,21.0,27929.0
CRS3035RES200mN2628400E3462400,114.5,49.0,2.0,12.0,2.0,41.0,2.0,3447696.9,5743.0,4.0,45.0,0.0,2.0,1.0,3.0,11.5,8.0,13.0,13.0,12.0,36.0,15.0,30111.0
CRS3035RES200mN2628400E3462600,83.0,36.0,1.0,8.0,3.0,32.0,3.0,2579555.8,4090.0,0.0,36.0,0.0,3.0,1.0,3.0,7.0,5.0,12.0,13.0,13.0,23.0,3.0,31079.0
CRS3035RES200mN2628400E3462800,96.5,43.0,1.0,8.0,1.0,41.0,3.0,2676583.4,4586.0,0.0,43.0,0.0,0.0,0.0,5.5,4.0,8.0,5.0,14.0,16.0,36.0,8.0,27737.0
CRS3035RES200mN2628400E3463000,20.0,8.3,0.3,1.7,0.3,7.3,0.7,566825.5,864.3,0.3,8.0,0.0,0.7,0.3,0.7,1.7,1.0,3.7,2.3,4.6,4.7,0.3,28341.0
CRS3035RES200mN2628400E3463200,4.0,1.7,0.1,0.3,0.1,1.5,0.1,113365.1,172.9,0.1,1.6,0.0,0.1,0.1,0.1,0.3,0.2,0.7,0.5,0.9,1.0,0.1,28341.0
CRS3035RES200mN2628400E3463400,69.0,28.0,0.0,5.0,0.0,19.0,1.0,2070699.1,3110.0,0.0,28.0,0.0,1.5,4.0,3.5,3.0,4.0,12.0,21.0,8.0,11.0,1.0,30010.0
CRS3035RES200mN2628400E3463600,47.5,24.0,3.0,8.0,0.0,2.0,6.0,1088616.7,1775.0,15.0,9.0,10.0,3.5,2.0,1.0,4.0,3.0,15.0,11.0,5.0,1.0,2.0,22918.0
CRS3035RES200mN2628400E3465200,2.0,0.7,0.0,0.1,0.1,0.5,0.0,52435.3,80.9,0.0,0.7,0.0,0.1,0.1,0.1,0.3,0.1,0.3,0.5,0.4,0.1,0.0,26218.0
CRS3035RES200mN2628400E3465400,94.0,32.0,3.0,3.0,4.0,10.0,4.0,2085474.8,2760.0,0.0,32.0,7.0,12.0,2.0,11.0,9.0,5.0,32.0,14.0,4.0,4.0,1.0,22186.0
CRS3035RES200mN2628400E3465800,2.0,0.7,0.0,0.1,0.1,0.5,0.0,52435.3,80.9,0.0,0.7,0.0,0.1,0.1,0.1,0.3,0.1,0.3,0.5,0.4,0.1,0.0,26218.0
CRS3035RES200mN2628400E3466000,4.0,1.7,0.0,0.4,0.2,1.5,0.0,117007.0,239.0,0.1,1.6,0.0,0.2,0.1,0.1,0.1,0.4,0.7,0.7,0.7,0.7,0.3,29252.0
CRS3035RES200mN2628400E3467400,1.0,0.4,0.0,0.1,0.0,0.4,0.0,29251.8,59.8,0.0,0.4,0.0,0.0,0.0,0.0,0.0,0.1,0.2,0.2,0.2,0.2,0.1,29252.0
CRS3035RES200mN2628400E3470000,3.0,1.2,0.1,0.2,0.0,1.0,0.1,80532.2,131.2,0.0,1.2,0.0,0.0,0.0,0.1,0.3,0.3,0.3,0.8,0.5,0.6,0.1,26844.0
CRS3035RES200mN2628400E3470200,2.0,0.8,0.1,0.1,0.0,0.7,0.1,53688.1,87.5,0.0,0.8,0.0,0.0,0.0,0.1,0.2,0.2,0.2,0.5,0.3,0.4,0.1,26844.0
CRS3035RES200mN2628400E3470400,4.0,1.6,0.1,0.3,0.1,1.4,0.1,107376.2,175.0,0.0,1.6,0.0,0.0,0.1,0.1,0.3,0.4,0.4,1.1,0.6,0.8,0.2,26844.0
CRS3035RES200mN2628400E3470600,33.0,12.0,0.0,2.0,1.0,9.0,1.0,861215.3,1194.0,0.0,12.0,0.0,2.5,3.0,1.5,3.0,1.0,9.0,6.0,5.0,2.0,0.0,26097.0
CRS3035RES200mN2628400E3471800,46.0,20.0,0.0,4.0,0.0,19.0,1.0,1332797.0,2667.0,0.0,20.0,0.0,1.0,0.0,2.0,3.0,3.0,10.0,11.0,9.0,6.0,1.0,28974.0
CRS3035RES200mN2628400E3472000,108.0,39.0,1.0,8.0,3.0,27.0,3.0,2596899.6,3825.0,0.0,39.0,5.0,3.0,3.0,5.0,17.0,12.0,24.0,32.0,5.0,6.0,1.0,24045.0
CRS3035RES200mN2628400E3472200,17.0,6.6,0.3,1.4,0.3,5.6,0.5,423667.8,715.7,0.0,6.6,0.0,0.5,0.0,0.9,1.2,1.9,3.1,4.0,1.2,3.1,1.1,24922.0
CRS3035RES200mN2628400E3475000,4.0,1.6,0.0,0.2,0.1,1.3,0.2,115908.7,176.8,0.0,1.6,0.0,0.0,0.1,0.3,0.5,0.1,0.4,1.1,0.6,0.9,0.0,28977.0
CRS3035RES200mN2628400E3475200,28.0,11.0,0.0,2.0,1.0,10.0,1.0,750414.8,1145.0,0.0,11.0,0.0,0.0,1.0,4.0,3.0,1.0,6.0,9.0,0.0,4.0,0.0,26801.0
CRS3035RES200mN2628400E3475400,22.0,9.0,0.0,0.9,0.5,7.1,0.9,637498.0,972.3,0.0,9.0,0.0,0.0,0.5,1.9,2.6,0.5,2.4,6.1,3.3,4.7,0.0,28977.0
CRS3035RES200mN2628400E3478200,44.0,17.0,3.0,2.0,2.0,7.0,6.0,856396.3,1375.0,0.0,17.0,9.0,8.5,5.0,2.0,2.5,3.0,17.0,5.0,1.0,0.0,0.0,19464.0
CRS3035RES200mN2628400E3478400,158.0,59.0,5.0,11.0,4.0,52.0,5.0,3725688.1,5364.0,2.0,57.0,0.0,19.0,10.5,12.5,4.0,12.0,71.0,8.0,13.0,8.0,0.0,23580.0
CRS3035RES200mN2628400E3478600,12.0,4.6,1.6,0.5,0.0,4.1,0.3,282222.2,472.9,0.0,4.6,0.0,0.8,0.0,0.0,1.8,0.7,2.2,2.2,2.7,1.3,0.3,23519.0
CRS3035RES200mN2628400E3482800,1.0,0.5,0.0,0.2,0.0,0.4,0.0,24557.0,49.0,0.0,0.5,0.0,0.0,0.0,0.0,0.1,0.1,0.2,0.2,0.1,0.2,0.1,24557.0
CRS3035RES200mN2628400E3483000,63.0,28.0,3.0,10.0,1.0,22.0,4.0,1465514.6,3048.0,0.0,28.0,0.0,3.0,2.0,2.5,8.5,2.0,8.0,16.0,9.0,10.0,2.0,23262.0
CRS3035RES200mN2628400E3483200,100.5,43.0,4.0,11.0,1.0,36.0,3.0,2352977.5,5070.0,0.0,43.0,0.0,5.0,0.0,6.5,7.0,9.0,22.0,23.0,7.0,13.0,8.0,23413.0
CRS3035RES200mN2628400E3483400,71.0,29.0,3.0,10.0,3.0,24.0,2.0,1895517.4,3882.0,0.0,29.0,0.0,4.0,1.0,4.0,5.0,7.0,16.0,14.0,8.0,4.0,8.0,26697.0
CRS3035RES200mN2628400E3483600,11.0,4.7,0.6,1.0,0.4,3.4,0.6,259903.3,589.6,0.3,4.4,0.0,0.1,0.3,0.8,1.3,0.6,0.8,2.8,1.3,1.6,1.4,23628.0
CRS3035RES200mN2628400E3484200,1.0,0.4,0.0,0.1,0.0,0.4,0.0,25492.2,39.9,0.0,0.4,0.0,0.0,0.1,0.0,0.1,0.1,0.1,0.2,0.2,0.2,0.0,25492.0
CRS3035RES200mN2628400E3486000,6.0,2.0,0.4,0.1,0.1,1.9,0.1,127681.3,231.6,0.0,2.0,0.0,0.2,0.1,0.4,0.6,0.4,1.7,1.4,0.5,0.6,0.1,21280.0
CRS3035RES200mN2628400E3486200,5.5,1.9,0.3,0.1,0.1,1.8,0.1,117041.2,212.3,0.0,1.9,0.0,0.2,0.1,0.3,0.6,0.3,1.5,1.3,0.5,0.6,0.1,21280.0
CRS3035RES200mN2628400E3493800,23.0,7.9,0.0,1.3,2.0,7.9,0.0,616942.6,1171.7,0.0,7.9,0.0,0.6,0.0,1.3,0.7,5.9,2.6,3.3,2.0,4.6,2.0,26824.0
CRS3035RES200mN2628400E3495400,13.0,5.9,1.0,2.0,0.3,4.8,0.3,316638.8,770.8,0.0,5.9,0.0,0.8,0.5,1.3,0.5,1.0,3.1,1.5,1.5,2.3,0.5,24357.0
CRS3035RES200mN2628400E3495600,4.0,1.8,0.3,0.6,0.1,1.5,0.1,97427.3,237.2,0.0,1.8,0.0,0.2,0.1,0.4,0.2,0.3,0.9,0.5,0.5,0.7,0.2,24357.0
CRS3035RES200mN2628600E3459400,5.0,2.1,0.2,0.7,0.1,1.4,0.1,128928.3,187.4,0.5,1.6,0.0,0.3,0.0,0.0,0.3,0.2,1.1,1.1,0.7,1.2,0.1,25786.0
CRS3035RES200mN2628600E3459600,46.0,25.0,3.0,12.0,1.0,10.0,4.0,1126183.7,2013.0,10.0,15.0,0.0,1.0,2.5,3.0,2.5,2.0,13.0,6.0,8.0,7.0,1.0,24482.0
CRS3035RES200mN2628600E3459800,134.5,54.0,3.0,9.0,5.0,40.0,3.0,3727819.6,5440.0,0.0,54.0,4.0,4.0,3.0,12.0,12.0,6.5,11.0,31.0,13.0,34.0,8.0,27716.0
CRS3035RES200mN2628600E3460000,233.5,100.0,13.0,33.0,7.0,29.0,18.0,5588481.8,7644.0,27.0,73.0,24.0,10.0,4.5,26.5,22.0,23.5,43.0,53.0,33.0,14.0,4.0,23934.0
CRS3035RES200mN2628600E3460200,37.0,14.0,2.0,3.0,1.0,10.0,2.0,1143713.7,1415.0,0.0,14.0,0.0,4.0,2.0,5.0,2.0,0.0,11.0,6.0,1.0,5.0,1.0,30911.0
CRS3035RES200mN2628600E3460400,3.0,1.2,0.1,0.2,0.0,0.9,0.1,101042.5,169.2,0.2,1.0,0.0,0.0,0.0,0.2,0.4,0.1,0.1,0.6,0.5,0.8,0.3,33681.0
CRS3035RES200mN2628600E3460600,5.0,2.1,0.1,0.4,0.1,1.5,0.2,168404.1,281.9,0.4,1.7,0.0,0.0,0.0,0.4,0.6,0.3,0.1,1.0,0.9,1.3,0.4,33681.0
CRS3035RES200mN2628600E3461200,4.0,1.6,0.0,0.3,0.2,1.5,0.1,141575.5,286.5,0.0,1.6,0.0,0.1,0.1,0.3,0.3,0.3,0.1,0.9,0.3,1.4,0.2,35394.0
CRS3035RES200mN2628600E3461400,20.0,7.8,0.0,1.4,0.9,7.4,0.5,707877.4,1432.4,0.0,7.8,0.0,0.7,0.4,1.4,1.6,1.6,0.5,4.6,1.6,6.9,0.7,35394.0
CRS3035RES200mN2628600E3461600,15.0,5.9,0.0,1.0,0.7,5.5,0.3,530908.0,1074.3,0.0,5.9,0.0,0.5,0.3,1.0,1.2,1.2,0.4,3.5,1.2,5.2,0.5,35394.0
CRS3035RES200mN2628600E3462000,93.5,45.0,7.0,15.0,1.0,16.0,9.0,2306626.6,3844.0,22.0,23.0,11.0,5.0,2.0,8.0,3.0,9.5,20.0,17.0,9.0,17.0,3.0,24670.0
CRS3035RES200mN2628600E3462200,166.0,78.0,14.0,23.0,2.0,27.0,22.0,3923826.4,5799.0,36.0,42.0,21.0,9.0,4.0,6.0,16.0,18.0,40.0,36.0,15.0,15.0,7.0,23638.0
CRS3035RES200mN2628600E3462400,102.5,48.0,4.0,18.0,2.0,42.0,4.0,3028233.4,5636.0,0.0,48.0,0.0,3.0,2.0,4.0,9.5,8.0,10.0,21.0,10.0,22.0,13.0,29544.0
CRS3035RES200mN2628600E3462600,165.0,81.0,7.0,31.0,3.0,64.0,16.0,5143164.6,8391.0,4.0,77.0,0.0,2.0,2.0,10.0,16.5,14.5,35.0,37.0,17.0,21.0,10.0,31171.0
CRS3035RES200mN2628600E3462800,99.0,41.0,1.0,9.0,1.0,36.0,1.0,2992108.8,4723.0,0.0,41.0,0.0,2.0,3.0,4.0,3.0,14.0,12.0,20.0,17.0,19.0,5.0,30223.0
CRS3035RES200mN2628600E3463000,30.0,17.0,1.0,5.0,0.0,16.0,1.0,818055.1,1681.0,0.0,17.0,0.0,0.0,0.0,0.0,0.5,0.5,0.0,4.0,3.0,17.0,5.0,27269.0
CRS3035RES200mN2628600E3463400,7.0,2.9,0.1,0.6,0.1,2.6,0.2,198388.9,302.5,0.1,2.8,0.0,0.2,0.1,0.3,0.6,0.4,1.3,0.8,1.6,1.6,0.1,28341.0
CRS3035RES200mN2628600E3465200,24.0,13.0,0.0,6.0,0.0,5.0,1.0,707624.2,1251.0,0.0,13.0,0.0,1.0,1.0,0.0,0.0,2.0,8.0,1.0,6.0,4.0,1.0,29484.0
CRS3035RES200mN2628600E3465400,34.0,14.0,1.0,4.0,0.0,9.0,0.0,833650.5,1486.0,0.0,14.0,0.0,1.0,0.0,3.0,3.0,2.0,4.0,9.0,6.0,4.0,2.0,24519.0
CRS3035RES200mN2628600E3467200,3.0,1.2,0.0,0.3,0.1,1.1,0.0,87755.3,179.2,0.0,1.2,0.0,0.1,0.0,0.0,0.1,0.3,0.6,0.6,0.5,0.6,0.2,29252.0
CRS3035RES200mN2628600E3468200,6.0,2.2,0.2,0.6,0.2,1.8,0.3,154791.9,285.8,0.0,2.2,0.0,0.1,0.2,0.6,0.4,0.3,1.3,1.6,0.9,0.4,0.2,25799.0
CRS3035RES200mN2628600E3468600,4.0,1.5,0.1,0.4,0.1,1.2,0.2,103194.6,190.5,0.0,1.5,0.0,0.1,0.1,0.3,0.3,0.2,0.9,1.1,0.6,0.3,0.1,25799.0
CRS3035RES200mN2628600E3469800,2.0,0.7,0.0,0.0,0.0,0.6,0.0,53858.1,67.1,0.0,0.7,0.0,0.1,0.1,0.1,0.1,0.3,0.2,0.6,0.1,0.3,0.1,26929.0
CRS3035RES200mN2628600E3470400,5.0,2.0,0.1,0.4,0.1,1.7,0.1,134220.3,218.8,0.0,2.0,0.0,0.0,0.1,0.2,0.4,0.5,0.4,1.4,0.8,1.0,0.2,26844.0
CRS3035RES200mN2628600E3470600,47.0,22.0,2.0,8.0,1.0,15.0,2.0,1290178.6,2092.0,0.0,22.0,0.0,1.0,0.5,2.0,1.5,5.0,13.0,10.0,8.0,5.0,1.0,27451.0
CRS3035RES200mN2628600E3470800,4.0,1.6,0.1,0.3,0.1,1.4,0.1,107376.2,175.0,0.0,1.6,0.0,0.0,0.1,0.1,0.3,0.4,0.4,1.1,0.6,0.8,0.2,26844.0
CRS3035RES200mN2628600E3471600,14.0,4.7,0.6,0.4,0.6,4.0,0.0,388622.9,533.3,0.0,4.7,0.0,0.4,0.6,1.3,2.1,0.6,1.7,3.0,0.9,2.8,0.6,27759.0
CRS3035RES200mN2628600E3471800,93.5,37.0,3.0,8.0,2.0,21.0,7.0,2002350.2,3722.0,0.0,37.0,0.0,6.0,3.5,9.0,11.0,6.0,22.0,16.0,4.0,13.0,3.0,21416.0
CRS3035RES200mN2628600E3472000,90.0,34.0,3.0,7.0,4.0,27.0,2.0,2400470.5,3918.0,0.0,34.0,0.0,2.0,0.0,7.0,7.0,9.0,11.0,17.0,11.0,17.0,8.0,26672.0
CRS3035RES200mN2628600E3472200,102.0,40.0,1.0,7.0,3.0,32.0,0.0,2686552.9,4625.0,0.0,40.0,0.0,3.0,2.0,4.0,10.0,9.0,11.0,31.0,17.0,14.0,1.0,26339.0
CRS3035RES200mN2628600E3472400,44.5,20.0,3.0,7.0,0.0,11.0,2.0,1072366.8,1754.0,6.0,14.0,3.0,2.0,1.0,5.5,5.0,4.0,8.0,13.0,3.0,3.0,0.0,24098.0
CRS3035RES200mN2628600E3472600,3.0,1.2,0.1,0.2,0.1,1.0,0.1,74764.9,126.3,0.0,1.2,0.0,0.1,0.0,0.2,0.2,0.3,0.5,0.7,0.2,0.6,0.2,24922.0
CRS3035RES200mN2628600E3472800,18.0,7.0,0.4,1.5,0.4,5.9,0.6,448589.5,757.8,0.0,7.0,0.0,0.6,0.0,0.9,1.3,2.0,3.3,4.2,1.3,3.3,1.1,24922.0
CRS3035RES200mN2628600E3473200,2.0,1.0,0.3,0.4,0.0,0.5,0.2,36324.8,84.4,0.3,0.7,0.0,0.1,0.1,0.1,0.2,0.1,0.2,0.4,0.3,0.5,0.0,18162.0
CRS3035RES200mN2628600E3473600,4.0,2.1,0.7,0.8,0.0,1.0,0.3,72649.6,168.8,0.7,1.4,0.0,0.2,0.1,0.1,0.5,0.2,0.5,0.9,0.6,0.9,0.0,18162.0
CRS3035RES200mN2628600E3475000,70.5,26.0,2.0,5.0,2.0,22.0,2.0,1651920.1,2632.0,0.0,26.0,0.0,2.0,2.0,3.5,8.0,9.0,6.0,24.0,8.0,7.0,1.0,23431.0
CRS3035RES200mN2628600E3475200,94.0,35.0,2.0,5.0,2.0,22.0,3.0,2379075.6,3823.0,0.0,35.0,0.0,2.5,4.0,6.5,10.0,8.0,28.0,18.0,3.0,11.0,3.0,25309.0
CRS3035RES200mN2628600E3475400,74.5,31.0,2.0,5.0,0.0,29.0,3.0,2017497.4,3247.0,0.0,31.0,0.0,1.0,1.0,7.0,5.5,6.0,13.0,20.0,9.0,12.0,0.0,27081.0
CRS3035RES200mN2628600E3475600,20.5,8.4,0.0,0.9,0.4,6.6,0.9,594032.2,906.0,0.0,8.4,0.0,0.0,0.4,1.8,2.4,0.5,2.2,5.7,3.1,4.4,0.0,28977.0
CRS3035RES200mN2628600E3478000,13.0,5.0,1.8,0.6,0.0,4.4,0.3,305740.8,512.3,0.0,5.0,0.0,0.9,0.0,0.0,1.9,0.7,2.4,2.4,2.9,1.5,0.3,23519.0
CRS3035RES200mN2628600E3478200,103.5,37.0,6.0,3.0,2.0,30.0,5.0,2454600.7,3719.0,0.0,37.0,0.0,7.0,3.0,8.5,7.0,11.0,27.0,22.0,12.0,6.0,0.0,23716.0
CRS3035RES200mN2628600E3478400,70.0,28.0,0.0,3.0,0.0,22.0,2.0,1951711.2,3509.0,0.0,28.0,0.0,5.0,1.0,6.5,4.5,0.0,26.0,5.0,10.0,7.0,5.0,27882.0
CRS3035RES200mN2628600E3478600,33.0,12.0,1.0,3.0,2.0,9.0,3.0,783175.8,1370.0,0.0,12.0,0.0,3.0,0.0,5.0,4.0,1.0,9.0,5.0,1.0,4.0,1.0,23733.0
CRS3035RES200mN2628600E3482800,2.0,1.0,0.1,0.4,0.0,0.7,0.0,49114.0,98.0,0.0,1.0,0.0,0.1,0.0,0.0,0.2,0.1,0.4,0.5,0.2,0.4,0.1,24557.0
CRS3035RES200mN2628600E3483000,12.0,5.1,0.6,1.1,0.5,3.7,0.6,283530.9,643.2,0.3,4.8,0.0,0.1,0.3,0.9,1.4,0.6,0.9,3.1,1.4,1.7,1.6,23628.0
CRS3035RES200mN2628600E3483200,57.0,20.0,1.0,2.0,3.0,16.0,0.0,1602382.3,2481.0,0.0,20.0,0.0,5.0,3.0,3.0,4.0,3.0,12.0,13.0,3.0,10.0,1.0,28112.0
CRS3035RES200mN2628600E3483400,79.0,37.0,2.0,13.0,1.0,23.0,8.0,1781329.1,3899.0,3.0,34.0,0.0,2.0,0.0,4.5,7.5,6.0,14.0,17.0,12.0,12.0,4.0,22548.0
CRS3035RES200mN2628600E3483600,43.0,16.0,1.0,2.0,1.0,11.0,1.0,1195320.2,2023.0,0.0,16.0,0.0,1.0,1.0,0.0,5.0,6.0,5.0,9.0,9.0,7.0,0.0,27798.0
CRS3035RES200mN2628600E3483800,2.0,0.9,0.1,0.2,0.1,0.6,0.1,47255.1,107.2,0.1,0.8,0.0,0.0,0.0,0.2,0.2,0.1,0.2,0.5,0.2,0.3,0.3,23628.0
CRS3035RES200mN2628600E3484200,1.0,0.4,0.0,0.1,0.0,0.4,0.0,25492.2,39.9,0.0,0.4,0.0,0.0,0.1,0.0,0.1,0.1,0.1,0.2,0.2,0.2,0.0,25492.0
CRS3035RES200mN2628600E3486000,23.0,12.0,2.0,5.0,0.0,10.0,1.0,506010.9,1610.0,1.0,11.0,0.0,2.0,1.0,0.0,1.0,1.0,4.0,5.0,3.0,5.0,1.0,22000.0
CRS3035RES200mN2628600E3486200,14.0,4.8,0.8,0.3,0.3,4.5,0.3,297923.1,540.4,0.0,4.8,0.0,0.6,0.3,0.8,1.4,0.8,3.9,3.4,1.1,1.4,0.3,21280.0
CRS3035RES200mN2628600E3494800,1.0,0.5,0.1,0.2,0.0,0.4,0.0,24356.8,59.3,0.0,0.5,0.0,0.1,0.0,0.1,0.0,0.1,0.2,0.1,0.1,0.2,0.1,24357.0
CRS3035RES200mN2628600E3495000,3.0,1.4,0.2,0.5,0.1,1.1,0.1,73070.5,177.9,0.0,1.4,0.0,0.2,0.1,0.3,0.1,0.2,0.7,0.4,0.4,0.5,0.1,24357.0
CRS3035RES200mN2628600E3495800,4.0,1.8,0.3,0.6,0.1,1.5,0.1,97427.3,237.2,0.0,1.8,0.0,0.2,0.1,0.4,0.2,0.3,0.9,0.5,0.5,0.7,0.2,24357.0
CRS3035RES200mN2628800E3459400,14.0,5.9,0.7,2.0,0.3,4.0,0.3,360999.2,524.8,1.3,4.6,0.0,0.8,0.0,0.0,1.0,0.6,3.0,3.0,2.0,3.3,0.3,25786.0
CRS3035RES200mN2628800E3459600,121.0,48.0,2.0,13.0,4.0,41.0,3.0,3346895.1,4700.0,1.0,47.0,0.0,3.0,3.0,9.0,10.0,8.0,12.0,30.0,18.0,21.0,7.0,27660.0
CRS3035RES200mN2628800E3459800,114.0,51.0,0.0,9.0,1.0,48.0,1.0,3706684.6,5608.0,0.0,51.0,0.0,3.0,0.0,3.0,7.0,3.0,9.0,14.0,20.0,37.0,18.0,32515.0
CRS3035RES200mN2628800E3460000,49.5,24.0,1.0,3.0,0.0,18.0,3.0,1560077.2,2657.0,0.0,24.0,0.0,0.0,1.0,0.0,3.0,1.5,5.0,10.0,9.0,15.0,5.0,31517.0
CRS3035RES200mN2628800E3460200,36.0,15.0,2.0,4.0,1.0,14.0,3.0,901760.9,1533.0,0.0,15.0,0.0,2.0,2.0,3.0,4.0,2.0,9.0,7.0,5.0,2.0,0.0,25049.0
CRS3035RES200mN2628800E3460400,2.0,0.8,0.1,0.1,0.0,0.6,0.1,67361.7,112.8,0.1,0.7,0.0,0.0,0.0,0.1,0.2,0.1,0.1,0.4,0.4,0.5,0.2,33681.0
CRS3035RES200mN2628800E3461400,12.0,4.7,0.0,0.8,0.6,4.4,0.3,424726.4,859.4,0.0,4.7,0.0,0.4,0.3,0.8,1.0,1.0,0.3,2.7,1.0,4.1,0.4,35394.0
CRS3035RES200mN2628800E3461600,6.0,2.3,0.0,0.4,0.3,2.2,0.1,212363.2,429.7,0.0,2.3,0.0,0.2,0.1,0.4,0.5,0.5,0.1,1.4,0.5,2.1,0.2,35394.0
CRS3035RES200mN2628800E3462000,19.0,6.8,0.6,1.4,1.7,5.7,0.6,461209.7,675.2,0.6,6.2,0.3,1.7,0.0,3.1,1.7,0.9,1.7,4.5,0.0,3.1,2.3,24274.0
CRS3035RES200mN2628800E3462200,65.5,24.0,0.0,4.0,2.0,20.0,2.0,1824777.8,2176.0,0.0,24.0,0.0,4.0,4.0,6.0,2.5,5.0,18.0,13.0,6.0,3.0,4.0,27859.0
CRS3035RES200mN2628800E3462400,61.0,30.0,3.0,7.0,1.0,23.0,1.0,1991634.4,4517.0,0.0,30.0,0.0,1.0,0.0,0.0,4.0,6.0,6.0,7.0,13.0,16.0,8.0,32650.0
CRS3035RES200mN2628800E3462600,174.5,83.0,7.0,30.0,1.0,36.0,10.0,4596995.8,7373.0,24.0,59.0,11.0,10.0,3.0,9.5,11.5,14.5,43.0,28.0,20.0,25.0,10.0,26344.0
CRS3035RES200mN2628800E3462800,166.5,71.0,4.0,16.0,4.0,43.0,13.0,4848606.1,7575.0,16.0,55.0,16.0,6.0,3.0,5.5,19.0,18.0,15.0,45.0,23.0,28.0,4.0,29121.0
CRS3035RES200mN2628800E3463000,45.5,27.0,5.0,16.0,0.0,1.0,5.0,1024663.4,1616.0,17.0,10.0,17.0,2.0,0.0,3.0,5.5,4.0,9.0,17.0,2.0,3.0,0.0,22520.0
CRS3035RES200mN2628800E3465200,3.0,1.1,0.0,0.2,0.1,0.8,0.0,78652.9,121.4,0.0,1.1,0.0,0.2,0.1,0.2,0.4,0.1,0.5,0.7,0.6,0.2,0.0,26218.0
CRS3035RES200mN2628800E3465400,20.0,7.3,0.0,1.2,0.6,5.5,0.0,524352.9,809.1,0.0,7.3,0.0,1.2,0.6,1.2,3.0,0.6,3.0,4.9,4.3,1.2,0.0,26218.0
CRS3035RES200mN2628800E3466000,4.0,1.7,0.0,0.4,0.2,1.5,0.0,117007.0,239.0,0.1,1.6,0.0,0.2,0.1,0.1,0.1,0.4,0.7,0.7,0.7,0.7,0.3,29252.0
CRS3035RES200mN2628800E3466200,49.0,25.0,0.0,8.0,0.0,19.0,1.0,1282164.4,2685.0,0.0,25.0,0.0,2.0,0.0,2.0,2.0,2.0,6.0,6.0,8.0,14.0,7.0,26167.0
CRS3035RES200mN2628800E3466400,114.0,47.0,2.0,10.0,2.0,34.0,10.0,2978584.8,4820.0,0.0,47.0,7.0,8.0,5.0,8.5,5.5,8.0,30.0,21.0,15.0,12.0,1.0,26128.0
CRS3035RES200mN2628800E3466600,75.5,29.0,2.0,8.0,1.0,20.0,7.0,1876465.6,2728.0,0.0,29.0,0.0,4.0,2.0,7.0,11.5,6.0,13.0,18.0,7.0,7.0,0.0,24854.0
CRS3035RES200mN2628800E3467200,3.0,1.2,0.0,0.3,0.1,1.1,0.0,87755.3,179.2,0.0,1.2,0.0,0.1,0.0,0.0,0.1,0.3,0.6,0.6,0.5,0.6,0.2,29252.0
CRS3035RES200mN2628800E3467400,11.0,4.6,0.0,1.1,0.5,4.1,0.0,321769.4,657.2,0.2,4.4,0.0,0.5,0.2,0.2,0.2,1.1,2.1,2.1,1.8,2.1,0.7,29252.0
CRS3035RES200mN2628800E3467600,5.0,2.1,0.0,0.5,0.2,1.9,0.0,146258.8,298.8,0.1,2.0,0.0,0.2,0.1,0.1,0.1,0.5,0.9,1.0,0.8,1.0,0.3,29252.0
CRS3035RES200mN2628800E3470400,2.0,0.8,0.1,0.1,0.0,0.7,0.1,53688.1,87.5,0.0,0.8,0.0,0.0,0.0,0.1,0.2,0.2,0.2,0.5,0.3,0.4,0.1,26844.0
CRS3035RES200mN2628800E3470600,7.0,2.8,0.2,0.5,0.1,2.4,0.2,187908.4,306.2,0.0,2.8,0.0,0.0,0.1,0.2,0.6,0.7,0.6,2.0,1.1,1.4,0.3,26844.0
CRS3035RES200mN2628800E3470800,21.0,8.3,0.6,1.5,0.3,7.1,0.6,563725.2,918.8,0.0,8.3,0.0,0.0,0.3,0.6,1.8,2.2,1.9,5.9,3.4,4.0,0.9,26844.0
CRS3035RES200mN2628800E3471600,58.0,19.6,2.4,1.6,2.4,16.5,0.0,1610009.2,2209.5,0.0,19.6,0.0,1.6,2.3,5.5,8.6,2.3,7.1,12.5,3.9,11.8,2.4,27759.0
CRS3035RES200mN2628800E3471800,84.5,32.0,0.0,6.0,0.0,31.0,1.0,2181763.0,3615.0,1.0,31.0,0.0,9.0,2.0,8.0,0.5,5.0,19.0,8.0,9.0,20.0,4.0,25820.0
CRS3035RES200mN2628800E3472000,32.0,15.0,2.0,5.0,0.0,13.0,2.0,954439.5,1770.0,2.0,13.0,0.0,2.0,1.5,1.5,2.0,2.0,6.0,7.0,5.0,4.0,1.0,29826.0
CRS3035RES200mN2628800E3472200,19.0,7.4,0.4,1.6,0.4,6.2,0.6,473511.1,799.9,0.0,7.4,0.0,0.6,0.0,1.0,1.3,2.1,3.5,4.5,1.3,3.5,1.2,24922.0
CRS3035RES200mN2628800E3472400,43.0,16.0,0.0,2.0,0.0,10.0,1.0,1202634.8,1412.0,0.0,16.0,0.0,3.0,3.0,0.0,4.0,9.0,13.0,7.0,1.0,2.0,1.0,27968.0
CRS3035RES200mN2628800E3472600,25.0,9.7,0.5,2.0,0.5,8.2,0.8,623040.9,1052.6,0.0,9.7,0.0,0.7,0.0,1.3,1.8,2.8,4.6,5.9,1.8,4.6,1.5,24922.0
CRS3035RES200mN2628800E3472800,98.5,41.0,1.0,12.0,2.0,26.0,4.0,2430037.5,3819.0,11.0,30.0,0.0,4.5,2.0,7.0,5.0,8.0,25.0,20.0,13.0,13.0,1.0,24670.0
CRS3035RES200mN2628800E3473000,10.0,5.1,1.7,2.0,0.0,2.6,0.9,181623.9,422.0,1.7,3.4,0.0,0.6,0.3,0.3,1.1,0.6,1.1,2.3,1.4,2.3,0.0,18162.0
CRS3035RES200mN2628800E3473200,1.0,0.5,0.2,0.2,0.0,0.3,0.1,18162.4,42.2,0.2,0.3,0.0,0.1,0.0,0.0,0.1,0.1,0.1,0.2,0.2,0.2,0.0,18162.0
CRS3035RES200mN2628800E3474800,6.0,2.3,0.3,0.5,0.1,2.1,0.1,178117.2,265.4,0.0,2.3,0.0,0.1,0.0,0.7,0.5,0.5,1.3,1.1,0.5,0.9,0.4,29686.0
CRS3035RES200mN2628800E3475000,69.5,29.0,1.0,3.0,1.0,23.0,6.0,1924254.7,4198.0,0.0,29.0,0.0,3.0,1.0,2.0,7.5,5.0,11.0,16.0,12.0,9.0,3.0,27687.0
CRS3035RES200mN2628800E3475200,116.0,52.0,7.0,21.0,6.0,40.0,1.0,2753898.8,5882.0,3.0,49.0,0.0,2.0,1.0,15.0,10.0,8.0,16.0,27.0,7.0,19.0,11.0,23741.0
CRS3035RES200mN2628800E3475400,51.0,19.0,1.0,2.0,2.0,17.0,3.0,1329907.5,2304.0,0.0,19.0,0.0,1.0,3.0,4.0,3.0,5.0,12.0,12.0,2.0,9.0,0.0,26077.0
CRS3035RES200mN2628800E3475600,55.5,19.0,2.0,2.0,1.0,18.0,3.0,1422339.0,1946.0,0.0,19.0,0.0,6.0,2.0,7.0,5.5,1.0,17.0,9.0,3.0,3.0,2.0,25628.0
CRS3035RES200mN2628800E3478200,41.0,17.0,0.0,3.0,0.0,17.0,1.0,1093764.3,1917.0,0.0,17.0,0.0,2.0,1.0,2.0,3.0,2.0,5.0,9.0,8.0,8.0,1.0,26677.0
CRS3035RES200mN2628800E3478400,22.0,12.0,1.0,5.0,0.0,8.0,0.0,642136.6,1341.0,0.0,12.0,0.0,2.0,0.0,0.0,0.0,1.0,8.0,3.0,4.0,4.0,0.0,29188.0
CRS3035RES200mN2628800E3481400,11.5,4.2,0.3,1.0,0.3,3.2,0.0,291150.3,443.4,0.0,4.2,0.0,0.3,0.3,1.3,0.8,1.2,1.9,2.5,1.5,1.5,0.2,25317.0
CRS3035RES200mN2628800E3483000,38.0,13.0,0.0,2.0,2.0,13.0,0.0,1188210.6,1697.0,0.0,13.0,0.0,3.0,0.0,2.0,6.0,2.0,11.0,11.0,3.0,0.0,0.0,31269.0
CRS3035RES200mN2628800E3483200,89.0,35.0,4.0,8.0,2.0,27.0,5.0,2169499.1,3944.0,0.0,35.0,0.0,7.0,4.0,7.5,9.5,7.0,23.0,19.0,5.0,6.0,1.0,24376.0
CRS3035RES200mN2628800E3483400,68.0,33.0,4.0,16.0,1.0,26.0,2.0,1703336.9,3832.0,1.0,32.0,0.0,4.0,3.0,6.0,1.0,2.0,19.0,12.0,7.0,9.0,5.0,25049.0
CRS3035RES200mN2628800E3483600,36.0,12.0,0.0,1.0,2.0,12.0,0.0,987558.2,1561.0,0.0,12.0,0.0,2.0,3.0,4.0,1.0,2.0,9.0,8.0,3.0,1.0,3.0,27432.0
CRS3035RES200mN2628800E3483800,13.0,5.5,0.7,1.2,0.5,4.0,0.7,307158.4,696.8,0.3,5.2,0.0,0.1,0.3,1.0,1.5,0.7,1.0,3.4,1.5,1.8,1.7,23628.0
CRS3035RES200mN2628800E3486200,15.5,5.3,0.9,0.3,0.3,5.0,0.3,329843.4,598.3,0.0,5.3,0.0,0.6,0.3,0.9,1.6,0.9,4.3,3.7,1.3,1.6,0.3,21280.0
CRS3035RES200mN2628800E3486600,7.0,2.4,0.4,0.1,0.1,2.2,0.1,148961.5,270.2,0.0,2.4,0.0,0.3,0.1,0.4,0.7,0.4,2.0,1.7,0.6,0.7,0.1,21280.0
CRS3035RES200mN2628800E3494800,1.0,0.5,0.1,0.2,0.0,0.4,0.0,24356.8,59.3,0.0,0.5,0.0,0.1,0.0,0.1,0.0,0.1,0.2,0.1,0.1,0.2,0.1,24357.0
CRS3035RES200mN2628800E3495000,2.0,0.9,0.2,0.3,0.0,0.7,0.0,48713.7,118.6,0.0,0.9,0.0,0.1,0.1,0.2,0.1,0.2,0.5,0.2,0.2,0.3,0.1,24357.0
CRS3035RES200mN2629000E3459400,33.0,16.0,0.0,2.0,0.0,14.0,1.0,905975.4,1789.0,0.0,16.0,0.0,0.0,0.0,1.0,2.0,1.0,0.0,3.0,1.0,21.0,4.0,27454.0
CRS3035RES200mN2629000E3459600,108.0,42.0,1.0,8.0,2.0,40.0,1.0,3242272.0,5224.0,0.0,42.0,0.0,2.0,1.0,3.0,6.0,14.0,7.0,22.0,15.0,29.0,9.0,30021.0
CRS3035RES200mN2629000E3459800,115.0,58.0,2.0,17.0,0.0,55.0,7.0,3377730.8,7001.0,0.0,58.0,0.0,3.5,0.0,4.5,4.0,8.0,13.0,16.0,13.0,43.0,10.0,29372.0
CRS3035RES200mN2629000E3460000,44.0,19.0,0.0,4.0,1.0,17.0,1.0,1482188.7,2760.0,0.0,19.0,0.0,1.0,2.0,4.0,3.0,0.0,7.0,5.0,5.0,11.0,6.0,33686.0
CRS3035RES200mN2629000E3460200,139.5,53.0,4.0,7.0,4.0,22.0,13.0,3822683.3,5462.0,0.0,53.0,20.0,5.0,2.0,7.0,16.5,16.0,29.0,36.0,15.0,9.0,4.0,27403.0
CRS3035RES200mN2629000E3460400,20.0,8.0,1.0,1.3,1.0,5.7,0.7,517745.0,945.0,0.0,8.0,1.7,0.3,0.3,0.5,1.8,2.3,1.7,3.7,3.0,5.7,0.7,25887.0
CRS3035RES200mN2629000E3460600,6.0,2.4,0.3,0.4,0.3,1.7,0.2,155323.5,283.5,0.0,2.4,0.5,0.1,0.1,0.2,0.5,0.7,0.5,1.1,0.9,1.7,0.2,25887.0
CRS3035RES200mN2629000E3460800,12.0,4.8,0.6,0.8,0.6,3.4,0.4,310647.0,567.0,0.0,4.8,1.0,0.2,0.2,0.3,1.1,1.4,1.0,2.2,1.8,3.4,0.4,25887.0
CRS3035RES200mN2629000E3461000,4.0,1.8,0.2,0.6,0.2,1.8,0.0,137850.8,238.6,0.0,1.8,0.0,0.1,0.0,0.2,0.4,0.2,0.1,1.2,0.5,0.7,0.6,34463.0
CRS3035RES200mN2629000E3461200,20.0,11.0,2.0,5.0,0.0,9.0,0.0,575703.7,1231.0,0.0,11.0,0.0,0.0,0.0,1.0,0.0,2.0,1.0,5.0,3.0,7.0,1.0,28785.0
CRS3035RES200mN2629000E3462000,1.0,0.4,0.0,0.1,0.0,0.4,0.0,30045.8,58.3,0.0,0.4,0.0,0.0,0.0,0.0,0.1,0.1,0.1,0.2,0.3,0.1,0.1,30046.0
CRS3035RES200mN2629000E3462200,1.0,0.4,0.0,0.1,0.0,0.4,0.0,30045.8,58.3,0.0,0.4,0.0,0.0,0.0,0.0,0.1,0.1,0.1,0.2,0.3,0.1,0.1,30046.0
CRS3035RES200mN2629000E3462400,38.0,14.0,1.0,1.0,1.0,14.0,0.0,1150769.8,1910.0,0.0,14.0,0.0,2.0,2.0,3.0,1.0,1.0,7.0,2.0,11.0,6.0,3.0,30283.0
CRS3035RES200mN2629000E3462600,48.0,21.0,0.0,3.0,1.0,20.0,1.0,1810238.2,3263.0,0.0,21.0,0.0,0.0,0.0,3.5,3.5,3.0,0.0,8.0,6.0,20.0,4.0,37713.0
CRS3035RES200mN2629000E3462800,18.0,7.9,0.9,2.2,0.4,6.6,0.4,540825.1,1048.8,0.0,7.9,0.0,0.4,0.0,0.4,1.8,1.3,0.9,3.1,5.7,2.6,1.8,30046.0
CRS3035RES200mN2629000E3463000,4.0,1.8,0.2,0.5,0.1,1.5,0.1,120183.4,233.1,0.0,1.8,0.0,0.1,0.0,0.1,0.4,0.3,0.2,0.7,1.2,0.6,0.4,30046.0
CRS3035RES200mN2629000E3465800,13.0,7.0,1.3,2.3,0.0,6.3,0.0,330081.7,752.0,0.0,7.0,0.0,0.0,0.0,0.0,1.3,0.0,0.3,3.0,1.7,6.0,0.7,25391.0
CRS3035RES200mN2629000E3466000,103.5,43.0,1.0,8.0,1.0,43.0,5.0,2931116.1,4489.0,0.0,43.0,0.0,2.0,0.0,5.5,6.0,8.0,8.0,22.0,21.0,31.0,0.0,28320.0
CRS3035RES200mN2629000E3466200,97.5,44.0,2.0,8.0,2.0,40.0,2.0,2706707.7,4481.0,0.0,44.0,0.0,4.0,1.0,3.0,4.5,3.0,8.0,11.0,29.0,26.0,8.0,27761.0
CRS3035RES200mN2629000E3466400,152.5,69.0,11.0,16.0,0.0,24.0,18.0,3330505.0,6061.0,35.0,34.0,35.0,8.0,5.0,10.0,18.0,7.5,29.0,36.0,12.0,25.0,2.0,21839.0
CRS3035RES200mN2629000E3466600,174.0,104.0,18.0,57.0,0.0,9.0,24.0,3395833.0,6176.0,92.0,12.0,46.0,10.5,9.5,9.0,8.5,19.5,56.0,22.0,18.0,17.0,4.0,19516.0
CRS3035RES200mN2629000E3466800,36.0,17.0,1.0,3.0,0.0,11.0,1.0,1004685.9,1694.0,0.0,17.0,0.0,0.0,0.0,1.0,1.0,4.0,2.0,9.0,10.0,4.0,5.0,27908.0
CRS3035RES200mN2629000E3467000,63.0,29.0,1.0,10.0,0.0,26.0,3.0,1650602.0,3027.0,2.0,27.0,0.0,2.0,1.0,3.0,6.0,1.0,8.0,12.0,8.0,14.0,8.0,26200.0
CRS3035RES200mN2629000E3467200,11.0,5.8,1.1,1.7,0.0,1.1,2.8,215818.8,434.8,0.0,5.8,4.4,0.3,0.3,1.4,1.4,0.5,1.6,3.3,1.9,0.3,0.0,19620.0
CRS3035RES200mN2629000E3468200,4.0,1.5,0.1,0.4,0.1,1.2,0.2,103194.6,190.5,0.0,1.5,0.0,0.1,0.1,0.3,0.3,0.2,0.9,1.1,0.6,0.3,0.1,25799.0
CRS3035RES200mN2629000E3470600,4.0,1.8,0.0,0.3,0.1,1.6,0.1,108842.7,188.6,0.0,1.8,0.0,0.3,0.0,0.3,0.1,0.0,1.0,0.7,0.5,0.8,0.3,27211.0
CRS3035RES200mN2629000E3470800,55.0,23.0,2.0,5.0,0.0,19.0,4.0,1518085.1,2499.0,0.0,23.0,0.0,1.0,2.0,1.0,7.0,6.0,10.0,8.0,11.0,7.0,2.0,27602.0
CRS3035RES200mN2629000E3471000,4.0,1.6,0.2,0.5,0.0,1.5,0.0,109141.0,201.1,0.0,1.6,0.0,0.2,0.0,0.3,0.2,0.4,0.9,0.7,0.4,0.7,0.2,27285.0
CRS3035RES200mN2629000E3471800,6.0,2.4,0.3,0.7,0.0,2.3,0.0,163711.5,301.7,0.0,2.4,0.0,0.3,0.0,0.5,0.3,0.6,1.4,1.0,0.6,1.1,0.2,27285.0
CRS3035RES200mN2629000E3472200,2.0,0.8,0.1,0.3,0.1,0.6,0.0,51226.3,89.0,0.0,0.8,0.0,0.3,0.0,0.1,0.0,0.1,0.1,0.3,0.2,0.9,0.0,25613.0
CRS3035RES200mN2629000E3472400,38.0,14.0,4.0,1.0,0.0,9.0,0.0,794830.3,1596.0,0.0,14.0,0.0,1.0,2.0,3.0,1.0,2.0,11.0,8.0,6.0,4.0,0.0,20917.0
CRS3035RES200mN2629000E3472600,71.0,29.0,5.0,7.0,2.0,25.0,3.0,1765091.0,3502.0,1.0,28.0,0.0,1.0,0.0,2.0,9.0,7.0,7.0,17.0,12.0,13.0,3.0,24860.0
CRS3035RES200mN2629000E3472800,110.0,43.0,5.0,8.0,2.0,22.0,11.0,2831731.2,4646.0,0.0,43.0,0.0,5.0,2.0,13.5,12.5,4.0,22.0,26.0,18.0,7.0,0.0,25743.0
CRS3035RES200mN2629000E3473000,9.0,4.6,1.5,1.8,0.0,2.3,0.8,163461.5,379.8,1.5,3.1,0.0,0.5,0.3,0.3,1.0,0.5,1.0,2.0,1.3,2.1,0.0,18162.0
CRS3035RES200mN2629000E3473200,9.0,4.6,1.5,1.8,0.0,2.3,0.8,163461.5,379.8,1.5,3.1,0.0,0.5,0.3,0.3,1.0,0.5,1.0,2.0,1.3,2.1,0.0,18162.0
CRS3035RES200mN2629000E3474800,37.0,14.5,1.6,3.2,0.8,12.9,0.8,1098389.7,1636.8,0.0,14.5,0.0,0.8,0.0,4.0,3.2,3.2,8.1,6.5,3.2,5.6,2.4,29686.0
CRS3035RES200mN2629000E3475000,69.0,27.0,1.0,6.0,1.0,21.0,0.0,1746801.4,3060.0,3.0,24.0,0.0,2.0,1.0,5.5,3.5,6.0,16.0,16.0,7.0,11.0,1.0,25316.0
CRS3035RES200mN2629000E3475200,83.5,38.0,3.0,14.0,0.0,29.0,6.0,2002683.0,3776.0,2.0,36.0,0.0,6.0,2.5,2.5,10.5,4.0,20.0,23.0,5.0,9.0,1.0,23984.0
CRS3035RES200mN2629000E3475400,59.0,27.0,2.0,8.0,0.0,26.0,1.0,1529409.4,2846.0,0.0,27.0,0.0,3.0,2.0,3.0,3.0,2.0,13.0,13.0,9.0,6.0,5.0,25922.0
CRS3035RES200mN2629000E3475600,16.0,5.6,0.5,0.8,0.3,5.1,0.3,391747.3,664.2,0.0,5.6,0.0,0.7,1.1,1.6,0.8,1.3,3.0,4.6,1.3,1.3,0.3,24484.0
CRS3035RES200mN2629000E3477600,6.0,2.4,0.5,0.7,0.2,1.8,0.0,126638.6,241.0,0.1,2.3,0.0,0.2,0.1,0.2,0.6,0.5,1.0,1.3,0.9,1.0,0.2,21106.0
CRS3035RES200mN2629000E3477800,6.0,2.4,0.5,0.7,0.2,1.8,0.0,126638.6,241.0,0.1,2.3,0.0,0.2,0.1,0.2,0.6,0.5,1.0,1.3,0.9,1.0,0.2,21106.0
CRS3035RES200mN2629000E3478000,128.0,45.0,1.0,5.0,3.0,40.0,2.0,3316181.1,4382.0,0.0,45.0,0.0,9.0,3.0,11.0,16.0,6.0,47.0,25.0,5.0,6.0,0.0,25908.0
CRS3035RES200mN2629000E3478200,122.5,43.0,2.0,4.0,4.0,25.0,9.0,2874988.1,4007.0,0.0,43.0,10.0,9.5,4.0,9.0,23.0,4.0,26.0,36.0,8.0,3.0,0.0,23469.0
CRS3035RES200mN2629000E3478400,3.0,1.4,0.0,0.4,0.0,1.3,0.2,80777.1,142.6,0.0,1.4,0.0,0.0,0.1,0.0,0.4,0.3,0.3,0.7,0.4,0.4,0.4,26926.0
CRS3035RES200mN2629000E3479600,2.0,0.9,0.0,0.3,0.0,0.9,0.1,53851.4,95.1,0.0,0.9,0.0,0.0,0.1,0.0,0.3,0.2,0.2,0.5,0.2,0.3,0.2,26926.0
CRS3035RES200mN2629000E3481400,2.0,0.7,0.1,0.2,0.1,0.6,0.0,50634.8,77.1,0.0,0.7,0.0,0.1,0.1,0.2,0.1,0.2,0.3,0.4,0.3,0.3,0.0,25317.0
CRS3035RES200mN2629000E3483200,16.5,8.0,0.8,2.9,0.0,5.9,0.3,405190.3,808.2,0.0,8.0,0.0,0.8,0.0,0.4,1.7,0.8,3.2,4.0,1.3,3.5,0.8,24557.0
CRS3035RES200mN2629000E3483400,40.5,20.0,2.0,5.0,0.0,14.0,1.0,948882.1,1969.0,0.0,20.0,0.0,1.0,2.5,2.0,0.0,1.0,4.0,5.0,8.0,14.0,3.0,23429.0
CRS3035RES200mN2629000E3483600,41.5,19.0,2.0,5.0,1.0,16.0,3.0,1157517.9,2132.0,0.0,19.0,0.0,2.0,0.0,2.5,5.0,5.0,10.0,10.0,1.0,6.0,0.0,27892.0
CRS3035RES200mN2629000E3483800,63.0,20.0,2.0,0.0,2.0,20.0,2.0,1681178.3,2171.0,0.0,20.0,0.0,0.0,1.0,2.0,14.0,7.0,3.0,28.0,6.0,2.0,0.0,26685.0
CRS3035RES200mN2629000E3485400,11.5,4.4,0.5,1.4,0.6,3.4,0.4,247872.3,463.4,0.0,4.4,0.0,1.3,0.4,1.2,0.6,0.5,3.8,1.5,1.4,0.8,0.0,21554.0
CRS3035RES200mN2629000E3485600,16.0,6.1,0.7,1.9,0.9,4.7,0.6,344865.9,644.7,0.0,6.1,0.0,1.8,0.6,1.6,0.9,0.7,5.3,2.0,1.9,1.2,0.0,21554.0
CRS3035RES200mN2629000E3486000,6.5,2.9,0.3,0.8,0.1,2.4,0.5,170473.3,310.4,0.0,2.9,0.0,0.4,0.1,0.3,0.6,0.4,1.8,1.4,1.1,0.2,0.2,26227.0
CRS3035RES200mN2629000E3486200,21.5,9.5,0.8,2.5,0.3,8.1,1.7,563873.2,1026.7,0.0,9.5,0.0,1.4,0.3,1.1,1.9,1.4,5.9,4.7,3.6,0.6,0.6,26227.0
CRS3035RES200mN2629000E3486400,97.0,42.0,1.0,12.0,2.0,36.0,5.0,2230028.3,3736.0,0.0,42.0,0.0,10.0,6.0,6.0,4.0,12.0,42.0,13.0,2.0,2.0,0.0,22990.0
CRS3035RES200mN2629000E3486600,55.5,21.0,1.0,5.0,1.0,19.0,2.0,1337432.0,2137.0,0.0,21.0,0.0,6.0,2.5,3.5,3.5,3.0,21.0,10.0,5.0,0.0,1.0,24098.0
CRS3035RES200mN2629000E3486800,1.0,0.4,0.0,0.1,0.0,0.4,0.1,26226.7,47.8,0.0,0.4,0.0,0.1,0.0,0.0,0.1,0.1,0.3,0.2,0.2,0.0,0.0,26227.0
CRS3035RES200mN2629000E3492200,59.0,21.0,1.0,6.0,2.0,18.0,0.0,1421397.6,2419.0,0.0,21.0,0.0,1.0,3.0,8.0,5.0,4.0,9.0,14.0,5.0,6.0,4.0,24091.0
CRS3035RES200mN2629000E3492400,38.5,15.2,1.8,4.9,0.6,13.9,1.2,1045222.8,1808.6,0.0,15.2,0.0,1.2,1.2,4.5,4.9,1.2,8.5,9.1,3.0,4.9,0.0,27149.0
CRS3035RES200mN2629000E3492600,3.0,1.2,0.1,0.4,0.0,1.1,0.1,81445.9,140.9,0.0,1.2,0.0,0.1,0.1,0.3,0.4,0.1,0.7,0.7,0.2,0.4,0.0,27149.0
CRS3035RES200mN2629000E3494800,2.0,0.9,0.2,0.3,0.0,0.7,0.0,48713.7,118.6,0.0,0.9,0.0,0.1,0.1,0.2,0.1,0.2,0.5,0.2,0.2,0.3,0.1,24357.0
CRS3035RES200mN2629200E3459600,45.0,19.0,1.0,4.0,2.0,18.0,0.0,1458755.1,2690.0,0.0,19.0,0.0,1.0,0.0,2.0,2.0,3.0,3.0,3.0,4.0,20.0,7.0,32417.0
CRS3035RES200mN2629200E3459800,58.5,29.0,1.0,9.0,2.0,28.0,6.0,1618969.1,3361.0,0.0,29.0,0.0,0.0,1.0,1.0,3.0,5.5,3.0,11.0,7.0,21.0,6.0,27675.0
CRS3035RES200mN2629200E3460000,72.0,33.0,3.0,10.0,1.0,22.0,9.0,2161425.9,3488.0,1.0,32.0,0.0,1.0,1.0,7.0,4.0,8.0,5.0,19.0,12.0,11.0,4.0,30020.0
CRS3035RES200mN2629200E3460200,76.5,40.0,4.0,16.0,2.0,37.0,1.0,2005487.8,4334.0,0.0,40.0,0.0,0.0,0.0,1.5,6.0,5.0,5.0,9.0,8.0,32.0,10.0,26216.0
CRS3035RES200mN2629200E3460400,87.0,39.0,0.0,11.0,2.0,38.0,2.0,2885720.7,4354.0,0.0,39.0,0.0,3.0,2.0,5.0,7.0,0.0,8.0,19.0,9.0,29.0,5.0,33169.0
CRS3035RES200mN2629200E3460600,32.0,16.0,0.0,4.0,0.0,14.0,2.0,1007181.9,1746.0,0.0,16.0,0.0,1.0,1.0,1.0,1.0,2.0,5.0,4.0,2.0,10.0,5.0,31474.0
CRS3035RES200mN2629200E3461000,6.0,2.8,0.3,0.9,0.3,2.8,0.0,206776.2,357.8,0.0,2.8,0.0,0.1,0.0,0.3,0.6,0.3,0.2,1.7,0.8,1.1,0.9,34463.0
CRS3035RES200mN2629200E3461200,54.5,28.0,2.0,11.0,0.0,25.0,2.0,1685036.4,2847.0,0.0,28.0,0.0,2.0,0.0,5.0,1.5,2.0,10.0,9.0,8.0,10.0,7.0,30918.0
CRS3035RES200mN2629200E3462000,2.0,0.9,0.1,0.2,0.0,0.7,0.0,60091.7,116.5,0.0,0.9,0.0,0.1,0.0,0.1,0.2,0.1,0.1,0.3,0.6,0.3,0.2,30046.0
CRS3035RES200mN2629200E3462400,5.0,2.2,0.2,0.6,0.1,1.8,0.1,150229.2,291.3,0.0,2.2,0.0,0.1,0.0,0.1,0.5,0.4,0.2,0.9,1.6,0.7,0.5,30046.0
CRS3035RES200mN2629200E3464800,3.0,1.6,0.0,0.5,0.0,1.4,0.1,83706.4,164.0,0.0,1.6,0.0,0.1,0.0,0.0,0.0,0.1,1.1,0.1,0.4,0.8,0.4,27902.0
CRS3035RES200mN2629200E3465200,2.0,1.1,0.2,0.4,0.0,1.0,0.0,50781.8,115.7,0.0,1.1,0.0,0.0,0.0,0.0,0.2,0.0,0.0,0.5,0.3,0.9,0.1,25391.0
CRS3035RES200mN2629200E3465800,20.0,12.0,2.0,4.0,0.0,11.0,0.0,554003.3,1219.0,0.0,12.0,0.0,0.0,0.0,0.0,0.0,0.0,0.0,2.0,1.0,12.0,5.0,27700.0
CRS3035RES200mN2629200E3466000,111.0,51.0,3.0,9.0,1.0,50.0,4.0,2961246.5,5205.0,0.0,51.0,0.0,2.0,1.0,3.0,6.0,5.0,8.0,16.0,20.0,44.0,6.0,26678.0
CRS3035RES200mN2629200E3466200,123.5,48.0,2.0,8.0,2.0,44.0,1.0,3507334.9,5176.0,0.0,48.0,0.0,5.0,0.0,4.5,11.0,12.0,13.0,27.0,18.0,27.0,6.0,28399.0
CRS3035RES200mN2629200E3466400,178.0,75.0,6.0,17.0,1.0,57.0,8.0,5055607.6,7575.0,0.0,75.0,0.0,6.0,3.5,7.5,20.0,11.0,31.0,36.0,25.0,20.0,18.0,28402.0
CRS3035RES200mN2629200E3466600,48.0,22.0,2.0,6.0,0.0,18.0,0.0,1392330.6,2467.0,0.0,22.0,0.0,1.0,2.0,2.0,2.0,2.0,4.0,7.0,19.0,5.0,4.0,29007.0
CRS3035RES200mN2629200E3466800,128.0,56.0,5.0,12.0,1.0,28.0,5.0,3451965.0,5955.0,0.0,56.0,0.0,3.0,2.0,9.5,8.5,8.0,16.0,29.0,26.0,22.0,4.0,26968.0
CRS3035RES200mN2629200E3467000,99.0,49.0,2.0,17.0,1.0,49.0,1.0,2642190.0,5128.0,0.0,49.0,0.0,0.0,1.0,4.0,4.0,7.0,5.0,9.0,12.0,40.0,17.0,26689.0
CRS3035RES200mN2629200E3467200,171.5,75.0,6.0,25.0,4.0,63.0,13.0,4584621.0,7086.0,0.0,75.0,0.0,16.5,7.0,11.5,16.5,7.0,58.0,32.0,8.0,9.0,6.0,26732.0
CRS3035RES200mN2629200E3467400,84.0,34.0,5.0,7.0,1.0,29.0,5.0,1928060.5,3168.0,0.0,34.0,0.0,8.0,7.0,6.0,5.0,4.0,28.0,15.0,5.0,5.0,1.0,22953.0
CRS3035RES200mN2629200E3470600,13.0,5.8,0.0,1.0,0.3,5.1,0.3,353738.7,613.1,0.0,5.8,0.0,1.0,0.0,1.0,0.4,0.0,3.1,2.4,1.7,2.4,1.0,27211.0
CRS3035RES200mN2629200E3470800,42.0,19.0,3.0,4.0,1.0,16.0,2.0,1145998.6,2245.0,0.0,19.0,0.0,2.0,0.0,4.0,3.0,1.0,9.0,5.0,6.0,10.0,2.0,27286.0
CRS3035RES200mN2629200E3471000,3.0,1.2,0.2,0.4,0.0,1.1,0.0,81855.7,150.8,0.0,1.2,0.0,0.2,0.0,0.2,0.2,0.3,0.7,0.5,0.3,0.5,0.1,27285.0
CRS3035RES200mN2629200E3472400,16.5,6.8,0.5,2.1,1.0,5.2,0.0,422617.0,734.4,0.0,6.8,0.0,2.1,0.0,0.5,0.3,0.5,1.0,2.6,1.6,7.9,0.0,25613.0
CRS3035RES200mN2629200E3472600,46.0,18.0,1.0,4.0,1.0,13.0,3.0,1237268.6,2163.0,0.0,18.0,0.0,1.0,1.0,4.5,4.0,6.5,10.0,12.0,3.0,3.0,1.0,26897.0
CRS3035RES200mN2629200E3474800,3.0,1.2,0.1,0.3,0.1,1.0,0.1,89058.6,132.7,0.0,1.2,0.0,0.1,0.0,0.3,0.3,0.3,0.6,0.5,0.3,0.4,0.2,29686.0
CRS3035RES200mN2629200E3475000,4.0,1.4,0.1,0.2,0.1,1.3,0.1,97936.8,166.1,0.0,1.4,0.0,0.2,0.3,0.4,0.2,0.3,0.7,1.2,0.3,0.3,0.1,24484.0
CRS3035RES200mN2629200E3475200,5.0,1.8,0.2,0.3,0.1,1.6,0.1,122421.0,207.6,0.0,1.8,0.0,0.2,0.4,0.5,0.3,0.4,0.9,1.4,0.4,0.4,0.1,24484.0
CRS3035RES200mN2629200E3475400,34.5,12.2,1.2,1.7,0.6,11.0,0.6,844705.2,1432.2,0.0,12.2,0.0,1.4,2.3,3.5,1.7,2.9,6.4,9.9,2.9,2.9,0.6,24484.0
CRS3035RES200mN2629200E3477800,5.0,2.0,0.4,0.6,0.2,1.5,0.0,105532.2,200.8,0.1,1.9,0.0,0.2,0.1,0.2,0.5,0.4,0.8,1.0,0.8,0.8,0.2,21106.0
CRS3035RES200mN2629200E3478000,8.0,3.7,0.0,1.1,0.0,3.4,0.5,215405.6,380.3,0.0,3.7,0.0,0.0,0.3,0.1,1.0,0.9,0.9,1.8,0.9,1.2,0.9,26926.0
CRS3035RES200mN2629200E3478200,87.0,28.0,1.0,1.0,2.0,28.0,5.0,2375680.2,3188.0,0.0,28.0,0.0,5.0,6.0,9.0,9.0,7.0,17.0,25.0,2.0,5.0,2.0,27307.0
CRS3035RES200mN2629200E3478400,128.0,47.0,2.0,10.0,3.0,41.0,6.0,3209055.5,4378.0,0.0,47.0,0.0,15.0,9.0,13.5,10.5,1.0,46.0,28.0,1.0,4.0,0.0,25071.0
CRS3035RES200mN2629200E3478600,34.0,17.0,1.0,6.0,0.0,14.0,2.0,795539.4,2149.0,0.0,17.0,0.0,1.0,0.0,0.0,2.5,4.5,4.0,7.0,6.0,5.0,4.0,23398.0
CRS3035RES200mN2629200E3478800,9.0,4.1,0.0,1.3,0.0,3.9,0.5,242331.3,427.9,0.0,4.1,0.0,0.0,0.3,0.1,1.2,1.0,1.0,2.1,1.0,1.3,1.0,26926.0
CRS3035RES200mN2629200E3480400,3.0,1.1,0.1,0.3,0.1,0.8,0.0,75952.3,115.7,0.0,1.1,0.0,0.1,0.1,0.3,0.2,0.3,0.5,0.7,0.4,0.4,0.0,25317.0
CRS3035RES200mN2629200E3483200,2.0,1.0,0.1,0.4,0.0,0.7,0.0,49114.0,98.0,0.0,1.0,0.0,0.1,0.0,0.0,0.2,0.1,0.4,0.5,0.2,0.4,0.1,24557.0
CRS3035RES200mN2629200E3483400,102.0,37.0,3.0,5.0,3.0,25.0,7.0,2553545.0,3751.0,3.0,34.0,0.0,5.0,9.0,10.5,12.0,3.5,31.0,15.0,12.0,2.0,2.0,25035.0
CRS3035RES200mN2629200E3483600,79.0,31.0,0.0,8.0,4.0,26.0,3.0,2082630.1,3355.0,0.0,31.0,0.0,2.0,2.0,2.5,13.5,8.0,9.0,21.0,3.0,13.0,5.0,26362.0
CRS3035RES200mN2629200E3483800,27.5,13.3,1.3,4.9,0.0,9.8,0.4,675317.1,1347.1,0.0,13.3,0.0,1.3,0.0,0.7,2.9,1.3,5.3,6.7,2.2,5.8,1.3,24557.0
CRS3035RES200mN2629200E3485000,20.0,7.7,0.9,2.4,1.1,5.8,0.7,431082.3,805.8,0.0,7.7,0.0,2.3,0.7,2.0,1.1,0.9,6.6,2.5,2.4,1.5,0.0,21554.0
CRS3035RES200mN2629200E3485200,35.0,13.0,1.0,3.0,2.0,10.0,2.0,690215.6,1074.0,0.0,13.0,0.0,7.0,2.0,2.0,1.0,3.0,14.0,4.0,2.0,0.0,0.0,19720.0
CRS3035RES200mN2629200E3485400,94.0,35.0,2.0,9.0,4.0,29.0,3.0,2137511.2,3445.0,0.0,35.0,0.0,5.0,7.0,11.0,10.0,5.0,23.0,23.0,4.0,4.0,2.0,22739.0
CRS3035RES200mN2629200E3485600,90.0,36.0,2.0,11.0,2.0,34.0,0.0,2112306.2,3759.0,0.0,36.0,0.0,6.0,4.0,11.0,5.0,3.0,37.0,11.0,5.0,4.0,4.0,23470.0
CRS3035RES200mN2629200E3485800,55.0,24.0,3.0,7.0,0.0,16.0,4.0,1313214.1,2385.0,0.0,24.0,0.0,1.0,4.0,3.5,5.5,5.0,15.0,8.0,5.0,6.0,2.0,23877.0
CRS3035RES200mN2629200E3486000,42.0,15.0,2.0,2.0,2.0,14.0,0.0,957256.5,1987.0,0.0,15.0,0.0,2.0,0.0,4.0,3.0,4.0,6.0,11.0,4.0,8.0,0.0,22792.0
CRS3035RES200mN2629200E3486200,33.0,14.0,1.0,3.0,0.0,13.0,2.0,806098.9,1300.0,0.0,14.0,0.0,3.0,3.5,2.0,0.5,3.0,13.0,2.0,2.0,4.0,0.0,24427.0
CRS3035RES200mN2629200E3486400,51.0,17.0,2.0,6.0,3.0,12.0,1.0,1317449.8,1715.0,0.0,17.0,0.0,8.0,3.0,6.0,5.0,1.0,22.0,4.0,1.0,1.0,0.0,25832.0
CRS3035RES200mN2629200E3486600,12.0,5.3,0.5,1.4,0.2,4.5,0.9,314719.9,573.0,0.0,5.3,0.0,0.8,0.2,0.6,1.1,0.8,3.3,2.6,2.0,0.3,0.3,26227.0
CRS3035RES200mN2629200E3492200,2.0,0.8,0.1,0.3,0.0,0.7,0.1,54297.3,94.0,0.0,0.8,0.0,0.1,0.1,0.2,0.2,0.1,0.4,0.5,0.2,0.2,0.0,27149.0
CRS3035RES200mN2629200E3492400,20.0,7.9,0.9,2.5,0.3,7.2,0.6,542972.9,939.5,0.0,7.9,0.0,0.6,0.6,2.4,2.5,0.7,4.4,4.7,1.6,2.5,0.0,27149.0
CRS3035RES200mN2629200E3494200,2.0,0.9,0.2,0.3,0.0,0.7,0.0,48713.7,118.6,0.0,0.9,0.0,0.1,0.1,0.2,0.1,0.2,0.5,0.2,0.2,0.3,0.1,24357.0
CRS3035RES200mN2629400E3459200,6.5,2.9,0.1,0.6,0.1,2.9,0.1,199615.3,323.7,0.0,2.9,0.0,0.0,0.0,0.0,0.7,0.4,0.2,1.0,1.1,2.4,0.7,30710.0
CRS3035RES200mN2629400E3459600,34.0,16.0,1.0,4.0,0.0,13.0,1.0,1131249.4,1971.0,0.0,16.0,0.0,0.0,0.0,1.0,1.0,2.0,4.0,4.0,5.0,14.0,3.0,33272.0
CRS3035RES200mN2629400E3459800,77.5,39.0,1.0,10.0,2.0,36.0,1.0,2898849.3,5813.0,0.0,39.0,0.0,0.0,0.0,0.0,4.5,5.0,3.0,10.0,8.0,42.0,5.0,37405.0
CRS3035RES200mN2629400E3460000,105.0,53.0,4.0,19.0,0.0,38.0,4.0,2914843.6,5509.0,2.0,51.0,0.0,2.0,0.0,3.5,8.5,4.0,15.0,23.0,10.0,29.0,10.0,27760.0
CRS3035RES200mN2629400E3460200,47.5,29.0,6.0,18.0,0.0,15.0,5.0,1137830.2,2092.0,19.0,10.0,8.0,1.0,1.0,2.0,1.5,4.0,10.0,10.0,4.0,9.0,5.0,23954.0
CRS3035RES200mN2629400E3460400,106.0,48.0,2.0,11.0,1.0,42.0,0.0,3071148.5,5391.0,0.0,48.0,0.0,2.0,1.0,3.5,5.5,9.0,9.0,14.0,8.0,43.0,11.0,28973.0
CRS3035RES200mN2629400E3460600,76.0,37.0,2.0,10.0,1.0,37.0,3.0,2332210.3,4037.0,0.0,37.0,0.0,2.0,1.0,3.0,1.5,2.5,9.0,7.0,10.0,35.0,5.0,30687.0
CRS3035RES200mN2629400E3461000,16.0,7.4,0.8,2.5,0.8,7.4,0.0,551403.2,954.3,0.0,7.4,0.0,0.4,0.0,0.8,1.6,0.8,0.4,4.5,2.1,2.9,2.5,34463.0
CRS3035RES200mN2629400E3461200,6.0,2.8,0.3,0.9,0.3,2.8,0.0,206776.2,357.8,0.0,2.8,0.0,0.1,0.0,0.3,0.6,0.3,0.2,1.7,0.8,1.1,0.9,34463.0
CRS3035RES200mN2629400E3461400,2.0,0.9,0.1,0.3,0.1,0.9,0.0,68925.4,119.3,0.0,0.9,0.0,0.0,0.0,0.1,0.2,0.1,0.0,0.6,0.3,0.4,0.3,34463.0
CRS3035RES200mN2629400E3461600,22.5,14.0,2.0,6.0,0.0,8.0,4.0,611471.4,1326.0,1.0,13.0,0.0,2.0,0.0,1.0,0.5,1.0,6.0,3.0,4.0,5.0,0.0,27177.0
CRS3035RES200mN2629400E3462200,3.0,1.3,0.1,0.4,0.1,1.1,0.1,90137.5,174.8,0.0,1.3,0.0,0.1,0.0,0.1,0.3,0.2,0.1,0.5,1.0,0.4,0.3,30046.0
CRS3035RES200mN2629400E3462400,6.0,2.6,0.3,0.7,0.1,2.2,0.1,180275.0,349.6,0.0,2.6,0.0,0.1,0.0,0.2,0.6,0.4,0.3,1.0,1.9,0.9,0.6,30046.0
CRS3035RES200mN2629400E3464600,7.0,3.8,0.0,1.2,0.0,3.2,0.2,195314.9,382.8,0.0,3.8,0.0,0.2,0.0,0.0,0.0,0.2,2.5,0.3,1.0,1.8,1.0,27902.0
CRS3035RES200mN2629400E3464800,115.0,47.0,2.0,14.0,2.0,30.0,1.0,3592017.1,5180.0,0.0,47.0,0.0,8.0,0.0,2.5,11.5,13.0,20.0,29.0,19.0,6.0,6.0,31235.0
CRS3035RES200mN2629400E3465000,62.5,26.0,2.0,6.0,2.0,19.0,3.0,1613945.1,2656.0,0.0,26.0,0.0,2.0,0.0,2.0,8.5,5.0,5.0,20.0,7.0,9.0,4.0,25823.0
CRS3035RES200mN2629400E3465200,21.0,11.3,2.2,3.8,0.0,10.2,0.0,533208.8,1214.8,0.0,11.3,0.0,0.0,0.0,0.0,2.2,0.0,0.5,4.8,2.7,9.7,1.1,25391.0
CRS3035RES200mN2629400E3465800,3.0,1.6,0.3,0.5,0.0,1.5,0.0,76172.7,173.5,0.0,1.6,0.0,0.0,0.0,0.0,0.3,0.0,0.1,0.7,0.4,1.4,0.1,25391.0
CRS3035RES200mN2629400E3466000,108.5,44.0,2.0,6.0,2.0,40.0,3.0,3440827.3,5278.0,0.0,44.0,0.0,0.0,0.0,5.0,10.0,11.5,7.0,19.0,27.0,28.0,1.0,31713.0
CRS3035RES200mN2629400E3466200,116.0,58.0,8.0,19.0,1.0,32.0,3.0,3077557.3,5151.0,8.0,50.0,5.0,2.0,0.0,5.0,3.0,12.0,21.0,17.0,31.0,16.0,9.0,26531.0
CRS3035RES200mN2629400E3466400,142.5,66.0,7.0,17.0,1.0,29.0,20.0,3632668.7,5830.0,0.0,66.0,13.0,9.0,1.5,3.5,18.5,5.0,30.0,39.0,8.0,20.0,8.0,25492.0
CRS3035RES200mN2629400E3466600,168.5,77.0,10.0,24.0,2.0,37.0,13.0,4436268.9,7178.0,21.0,56.0,3.0,9.0,1.0,10.0,13.5,25.0,29.0,38.0,22.0,16.0,5.0,26328.0
CRS3035RES200mN2629400E3466800,98.0,37.0,2.0,8.0,4.0,31.0,3.0,2652410.2,4570.0,0.0,37.0,3.0,3.0,3.0,9.0,12.0,3.0,14.0,21.0,6.0,16.0,11.0,27065.0
CRS3035RES200mN2629400E3467000,105.0,45.0,2.0,6.0,1.0,42.0,3.0,3269638.4,4990.0,0.0,45.0,1.0,2.0,0.0,2.0,6.5,10.5,2.0,27.0,23.0,25.0,7.0,31139.0
CRS3035RES200mN2629400E3467200,113.0,49.0,4.0,11.0,1.0,42.0,2.0,2925396.9,4804.0,0.0,49.0,0.0,9.0,3.0,4.0,6.0,7.0,26.0,17.0,16.0,21.0,4.0,25888.0
CRS3035RES200mN2629400E3467400,74.5,32.0,9.0,12.0,2.0,15.0,9.0,1439508.0,2387.0,4.0,28.0,0.0,4.5,3.5,9.5,6.0,9.0,20.0,17.0,2.0,2.0,1.0,19322.0
CRS3035RES200mN2629400E3467800,2.0,1.0,0.2,0.3,0.0,0.2,0.5,39239.8,79.1,0.0,1.0,0.8,0.0,0.0,0.2,0.3,0.1,0.3,0.6,0.4,0.1,0.0,19620.0
CRS3035RES200mN2629400E3469000,8.0,3.0,0.3,0.9,0.3,2.4,0.4,206389.2,381.0,0.0,3.0,0.0,0.2,0.3,0.7,0.6,0.4,1.7,2.1,1.1,0.6,0.3,25799.0
CRS3035RES200mN2629400E3470800,19.0,8.5,0.0,1.5,0.5,7.5,0.5,517002.6,896.0,0.0,8.5,0.0,1.5,0.0,1.5,0.5,0.0,4.5,3.5,2.5,3.5,1.5,27211.0
CRS3035RES200mN2629400E3471000,1.0,0.4,0.1,0.1,0.0,0.4,0.0,27285.2,50.3,0.0,0.4,0.0,0.0,0.0,0.1,0.1,0.1,0.2,0.2,0.1,0.2,0.0,27285.0
CRS3035RES200mN2629400E3471200,2.0,0.8,0.1,0.2,0.0,0.8,0.0,54570.5,100.6,0.0,0.8,0.0,0.1,0.0,0.2,0.1,0.2,0.5,0.3,0.2,0.3,0.1,27285.0
CRS3035RES200mN2629400E3472600,13.0,5.4,0.4,1.7,0.8,4.1,0.0,332971.0,578.6,0.0,5.4,0.0,1.7,0.0,0.4,0.2,0.4,0.8,2.1,1.2,6.2,0.0,25613.0
CRS3035RES200mN2629400E3478200,39.5,15.0,1.0,0.0,1.0,13.0,4.0,1140948.4,1603.0,0.0,15.0,0.0,0.0,0.0,3.0,6.5,3.0,8.0,14.0,3.0,1.0,1.0,28885.0
CRS3035RES200mN2629400E3478600,2.0,0.9,0.0,0.3,0.0,0.9,0.1,53851.4,95.1,0.0,0.9,0.0,0.0,0.1,0.0,0.3,0.2,0.2,0.5,0.2,0.3,0.2,26926.0
CRS3035RES200mN2629400E3479600,2.0,0.9,0.0,0.3,0.0,0.9,0.1,53851.4,95.1,0.0,0.9,0.0,0.0,0.1,0.0,0.3,0.2,0.2,0.5,0.2,0.3,0.2,26926.0
CRS3035RES200mN2629400E3479800,5.0,2.3,0.0,0.7,0.0,2.1,0.3,134628.5,237.7,0.0,2.3,0.0,0.0,0.1,0.1,0.6,0.6,0.6,1.1,0.6,0.7,0.6,26926.0
CRS3035RES200mN2629400E3480000,22.0,8.0,0.6,1.9,0.6,6.1,0.0,556983.3,848.2,0.0,8.0,0.0,0.6,0.7,2.4,1.6,2.3,3.5,4.8,2.9,2.9,0.3,25317.0
CRS3035RES200mN2629400E3480200,9.0,3.3,0.3,0.8,0.3,2.5,0.0,227856.8,347.0,0.0,3.3,0.0,0.3,0.3,1.0,0.6,0.9,1.4,2.0,1.2,1.2,0.1,25317.0
CRS3035RES200mN2629400E3480400,14.0,5.1,0.4,1.2,0.4,3.9,0.0,354443.9,539.8,0.0,5.1,0.0,0.4,0.4,1.5,1.0,1.4,2.3,3.1,1.8,1.9,0.2,25317.0
CRS3035RES200mN2629400E3480600,58.5,20.0,0.0,1.0,0.0,19.0,1.0,1485805.7,2295.0,0.0,20.0,0.0,1.0,2.0,4.0,7.5,6.0,8.0,18.0,5.0,5.0,2.0,25398.0
CRS3035RES200mN2629400E3483400,7.0,3.4,0.3,1.2,0.0,2.5,0.1,171898.9,342.9,0.0,3.4,0.0,0.3,0.0,0.2,0.7,0.3,1.4,1.7,0.6,1.5,0.3,24557.0
CRS3035RES200mN2629400E3483800,3.0,1.5,0.1,0.5,0.0,1.1,0.0,73671.0,147.0,0.0,1.5,0.0,0.1,0.0,0.1,0.3,0.2,0.6,0.7,0.2,0.6,0.2,24557.0
CRS3035RES200mN2629400E3484800,33.0,10.8,0.0,1.4,0.7,7.9,0.7,789986.8,1121.3,0.0,10.8,0.0,2.2,0.0,1.4,5.7,2.9,7.2,11.5,0.7,1.4,0.0,23939.0
CRS3035RES200mN2629400E3485000,56.0,25.0,2.0,9.0,1.0,17.0,0.0,1459841.3,2517.0,1.0,24.0,0.0,6.0,1.0,2.0,2.0,4.0,10.0,13.0,7.0,10.0,1.0,26069.0
CRS3035RES200mN2629400E3485200,61.5,28.0,2.0,10.0,1.0,22.0,5.0,1469675.2,2969.0,1.0,27.0,0.0,2.0,0.0,7.5,5.5,7.5,10.0,19.0,4.0,5.0,1.0,23897.0
CRS3035RES200mN2629400E3485400,50.0,22.0,7.0,6.0,1.0,15.0,2.0,1127973.1,2579.0,0.0,22.0,0.0,1.0,0.0,1.5,4.5,5.0,6.0,8.0,14.0,9.0,1.0,22559.0
CRS3035RES200mN2629400E3485600,100.5,39.0,2.0,6.0,1.0,31.0,7.0,2429936.0,4283.0,3.0,36.0,0.0,10.0,5.0,7.5,5.0,6.0,31.0,14.0,9.0,10.0,1.0,24178.0
CRS3035RES200mN2629400E3485800,62.5,26.0,1.0,5.0,2.0,23.0,3.0,1437563.7,2763.0,0.0,26.0,0.0,5.0,2.5,3.5,5.5,2.0,13.0,10.0,7.0,11.0,3.0,23001.0
CRS3035RES200mN2629400E3486000,19.0,8.4,0.7,2.2,0.2,7.2,1.5,498306.5,907.3,0.0,8.4,0.0,1.2,0.3,1.0,1.7,1.2,5.2,4.2,3.2,0.5,0.5,26227.0
CRS3035RES200mN2629400E3486600,2.0,0.9,0.1,0.2,0.0,0.8,0.2,52453.3,95.5,0.0,0.9,0.0,0.1,0.0,0.1,0.2,0.1,0.6,0.4,0.3,0.1,0.1,26227.0
CRS3035RES200mN2629400E3494000,3.0,1.4,0.2,0.5,0.1,1.1,0.1,73070.5,177.9,0.0,1.4,0.0,0.2,0.1,0.3,0.1,0.2,0.7,0.4,0.4,0.5,0.1,24357.0
CRS3035RES200mN2629600E3459800,33.0,14.5,0.7,2.9,0.7,14.5,0.7,1013431.6,1643.5,0.0,14.5,0.0,0.0,0.0,0.0,3.6,1.8,0.7,5.1,5.8,12.4,3.6,30710.0
CRS3035RES200mN2629600E3460000,6.0,2.4,0.3,0.4,0.3,1.7,0.2,155323.5,283.5,0.0,2.4,0.5,0.1,0.1,0.2,0.5,0.7,0.5,1.1,0.9,1.7,0.2,25887.0
CRS3035RES200mN2629600E3460200,64.5,29.0,1.0,8.0,0.0,19.0,3.0,1745158.6,2896.0,0.0,29.0,0.0,1.0,1.0,4.5,7.0,5.0,7.0,14.0,3.0,19.0,3.0,27057.0
CRS3035RES200mN2629600E3460400,63.0,30.0,0.0,8.0,1.0,30.0,2.0,2026404.1,3223.0,0.0,30.0,0.0,3.0,0.0,2.0,5.0,2.0,3.0,11.0,6.0,31.0,0.0,32165.0
CRS3035RES200mN2629600E3460600,12.0,4.8,0.6,0.8,0.6,3.4,0.4,310647.0,567.0,0.0,4.8,1.0,0.2,0.2,0.3,1.1,1.4,1.0,2.2,1.8,3.4,0.4,25887.0
CRS3035RES200mN2629600E3462200,41.0,21.0,1.0,7.0,1.0,17.0,1.0,1240816.1,2202.0,0.0,21.0,0.0,0.0,0.0,1.0,2.0,2.0,4.0,6.0,3.0,21.0,2.0,30264.0
CRS3035RES200mN2629600E3462400,1.0,0.4,0.0,0.1,0.0,0.4,0.0,30045.8,58.3,0.0,0.4,0.0,0.0,0.0,0.0,0.1,0.1,0.1,0.2,0.3,0.1,0.1,30046.0
CRS3035RES200mN2629600E3464800,64.0,27.0,2.0,9.0,2.0,18.0,3.0,1950540.2,3092.0,0.0,27.0,0.0,1.0,1.0,5.0,5.0,6.0,10.0,15.0,12.0,6.0,3.0,30477.0
CRS3035RES200mN2629600E3465000,53.0,24.0,1.0,3.0,0.0,22.0,0.0,1586212.6,2732.0,0.0,24.0,0.0,1.0,0.0,1.0,3.0,2.0,2.0,7.0,9.0,22.0,6.0,29929.0
CRS3035RES200mN2629600E3466000,87.0,34.0,1.0,6.0,2.0,31.0,3.0,2447739.7,3857.0,0.0,34.0,0.0,2.0,1.0,2.0,10.5,6.5,12.0,19.0,17.0,14.0,3.0,28135.0
CRS3035RES200mN2629600E3466200,105.5,49.0,2.0,14.0,0.0,42.0,3.0,2824360.0,4657.0,1.0,48.0,0.0,1.0,0.0,3.0,7.5,4.0,10.0,20.0,18.0,39.0,3.0,26771.0
CRS3035RES200mN2629600E3466400,109.0,53.0,0.0,13.0,1.0,48.0,3.0,3224054.1,5368.0,1.0,52.0,0.0,2.0,0.0,6.0,6.0,3.0,15.0,17.0,9.0,38.0,13.0,29578.0
CRS3035RES200mN2629600E3466600,181.0,72.0,4.0,14.0,5.0,51.0,8.0,5127618.2,7507.0,1.0,71.0,5.0,5.0,3.5,13.5,19.0,12.0,26.0,40.0,27.0,21.0,14.0,28329.0
CRS3035RES200mN2629600E3466800,85.0,43.0,8.0,24.0,3.0,23.0,4.0,2073685.1,4096.0,1.0,42.0,4.0,1.0,1.0,5.5,7.5,8.0,18.0,14.0,11.0,12.0,7.0,24396.0
CRS3035RES200mN2629600E3467000,94.5,39.0,3.0,10.0,3.0,23.0,5.0,2425541.5,3794.0,4.0,35.0,0.0,5.0,2.0,6.5,6.0,6.0,11.0,20.0,9.0,20.0,9.0,25667.0
CRS3035RES200mN2629600E3467200,50.0,21.0,0.0,2.0,0.0,21.0,1.0,1484603.1,2531.0,0.0,21.0,0.0,0.0,0.0,1.0,5.0,3.0,2.0,12.0,14.0,11.0,2.0,29692.0
CRS3035RES200mN2629600E3467400,55.5,33.0,5.0,15.0,0.0,9.0,7.0,1094685.5,2173.0,28.0,5.0,16.0,3.0,1.0,6.0,1.5,5.0,15.0,6.0,4.0,7.0,7.0,19724.0
CRS3035RES200mN2629600E3467600,167.0,56.0,4.0,9.0,7.0,38.0,11.0,4124706.9,5107.0,0.0,56.0,13.0,12.0,6.0,17.5,20.5,17.0,44.0,29.0,12.0,8.0,1.0,24699.0
CRS3035RES200mN2629600E3469400,1.0,0.4,0.0,0.1,0.0,0.3,0.1,25798.7,47.6,0.0,0.4,0.0,0.0,0.0,0.1,0.1,0.1,0.2,0.3,0.1,0.1,0.0,25799.0
CRS3035RES200mN2629600E3470800,2.0,0.9,0.0,0.2,0.1,0.8,0.1,54421.3,94.3,0.0,0.9,0.0,0.1,0.0,0.1,0.0,0.0,0.5,0.4,0.3,0.4,0.2,27211.0
CRS3035RES200mN2629600E3480000,42.5,14.0,1.0,1.0,2.0,13.0,2.0,1066984.4,1811.0,0.0,14.0,0.0,4.0,2.0,4.0,2.5,4.0,4.0,14.0,2.0,6.0,0.0,25106.0
CRS3035RES200mN2629600E3480200,80.0,30.0,0.0,3.0,3.0,28.0,3.0,2347711.6,3448.0,0.0,30.0,0.0,6.0,1.0,3.0,8.0,5.0,13.0,20.0,16.0,8.0,0.0,29346.0
CRS3035RES200mN2629600E3480400,73.5,26.0,2.0,2.0,0.0,25.0,1.0,1795224.2,2889.0,0.0,26.0,0.0,4.0,3.0,4.0,8.5,2.0,12.0,16.0,12.0,8.0,4.0,24425.0
CRS3035RES200mN2629600E3480600,108.0,38.0,0.0,4.0,3.0,30.0,4.0,2686639.8,4069.0,0.0,38.0,0.0,6.0,3.0,7.0,13.0,9.0,18.0,26.0,16.0,8.0,2.0,24876.0
CRS3035RES200mN2629600E3480800,36.0,12.0,2.0,1.0,1.0,11.0,0.0,911737.6,1230.0,0.0,12.0,0.0,1.0,1.0,3.0,6.0,2.0,5.0,14.0,4.0,0.0,0.0,25326.0
CRS3035RES200mN2629600E3482600,1.0,0.5,0.0,0.2,0.0,0.4,0.0,24557.0,49.0,0.0,0.5,0.0,0.0,0.0,0.0,0.1,0.1,0.2,0.2,0.1,0.2,0.1,24557.0
CRS3035RES200mN2629600E3484800,13.0,4.2,0.0,0.6,0.3,3.1,0.3,311206.9,441.7,0.0,4.2,0.0,0.8,0.0,0.6,2.3,1.1,2.8,4.5,0.3,0.6,0.0,23939.0
CRS3035RES200mN2629600E3485000,25.0,11.0,1.0,2.0,0.0,10.0,1.0,574006.1,1040.0,1.0,10.0,0.0,2.0,0.0,0.0,1.0,4.0,2.0,8.0,4.0,1.0,3.0,22960.0
CRS3035RES200mN2629600E3485200,54.5,22.0,3.0,3.0,0.0,10.0,4.0,1179475.4,2159.0,1.0,21.0,0.0,4.5,4.0,3.0,6.0,0.0,16.0,6.0,4.0,7.0,4.0,21642.0
CRS3035RES200mN2629600E3485400,129.5,42.0,5.0,6.0,4.0,39.0,8.0,3017072.4,4293.0,0.0,42.0,0.0,12.0,5.0,16.0,10.5,18.0,35.0,29.0,3.0,1.0,0.0,23298.0
CRS3035RES200mN2629600E3485600,20.0,7.7,0.9,2.4,1.1,5.8,0.7,431082.3,805.8,0.0,7.7,0.0,2.3,0.7,2.0,1.1,0.9,6.6,2.5,2.4,1.5,0.0,21554.0
CRS3035RES200mN2629600E3485800,34.5,14.0,1.0,2.0,0.0,12.0,1.0,922728.6,1518.0,0.0,14.0,0.0,0.0,0.0,3.0,6.5,0.0,4.0,11.0,1.0,9.0,0.0,26746.0
CRS3035RES200mN2629600E3486000,7.0,3.1,0.3,0.8,0.1,2.6,0.5,183586.6,334.3,0.0,3.1,0.0,0.4,0.1,0.4,0.6,0.5,1.9,1.5,1.2,0.2,0.2,26227.0
CRS3035RES200mN2629600E3489200,1.0,0.7,0.1,0.5,0.0,0.1,0.1,21716.2,34.2,0.7,0.0,0.0,0.0,0.0,0.0,0.0,0.2,0.3,0.3,0.2,0.0,0.0,21716.0
CRS3035RES200mN2629600E3489400,18.5,13.3,0.9,9.5,0.0,0.9,0.9,401748.8,632.8,12.3,1.0,0.0,0.0,0.0,0.5,1.0,3.8,4.7,4.7,2.8,1.0,0.0,21716.0
CRS3035RES200mN2629800E3459400,6.0,2.6,0.1,0.5,0.1,2.6,0.1,184260.3,298.8,0.0,2.6,0.0,0.0,0.0,0.0,0.7,0.3,0.1,0.9,1.1,2.2,0.7,30710.0
CRS3035RES200mN2629800E3460200,39.0,12.0,1.0,1.0,3.0,9.0,0.0,1132488.8,1455.0,0.0,12.0,0.0,3.0,1.0,4.0,4.0,4.0,10.0,6.0,4.0,3.0,0.0,29038.0
CRS3035RES200mN2629800E3460400,4.0,1.6,0.2,0.3,0.2,1.1,0.1,103549.0,189.0,0.0,1.6,0.3,0.1,0.1,0.1,0.4,0.5,0.3,0.7,0.6,1.1,0.1,25887.0
CRS3035RES200mN2629800E3461000,5.0,2.3,0.3,0.8,0.3,2.3,0.0,172313.5,298.2,0.0,2.3,0.0,0.1,0.0,0.3,0.5,0.3,0.1,1.4,0.6,0.9,0.8,34463.0
CRS3035RES200mN2629800E3461200,30.0,18.0,2.0,8.0,0.0,15.0,1.0,791079.9,1962.0,0.0,18.0,0.0,0.0,0.0,0.0,1.0,0.0,3.0,2.0,9.0,13.0,2.0,26369.0
CRS3035RES200mN2629800E3461400,61.0,32.0,4.0,9.0,0.0,31.0,2.0,1564864.7,3175.0,0.0,32.0,0.0,0.0,1.0,1.0,2.0,3.0,5.0,6.0,23.0,16.0,4.0,25654.0
CRS3035RES200mN2629800E3461600,87.0,40.0,2.0,8.0,0.0,39.0,2.0,2356318.7,3960.0,0.0,40.0,0.0,1.0,2.0,2.0,1.0,4.0,9.0,7.0,35.0,23.0,3.0,27084.0
CRS3035RES200mN2629800E3461800,70.0,34.0,0.0,8.0,0.0,33.0,1.0,2021406.9,3551.0,0.0,34.0,0.0,0.0,0.0,3.0,2.0,4.0,6.0,12.0,11.0,25.0,7.0,28877.0
CRS3035RES200mN2629800E3462000,95.0,47.0,0.0,16.0,2.0,41.0,1.0,2626715.6,4835.0,0.0,47.0,0.0,0.0,0.0,3.0,7.0,3.0,4.0,11.0,15.0,40.0,12.0,27650.0
CRS3035RES200mN2629800E3462200,63.0,30.0,0.0,9.0,1.0,25.0,3.0,1723977.2,3239.0,0.0,30.0,0.0,2.0,2.0,4.5,4.5,2.0,10.0,7.0,8.0,20.0,3.0,27365.0
CRS3035RES200mN2629800E3466000,102.0,36.0,3.0,3.0,3.0,28.0,5.0,3153427.2,4389.0,0.0,36.0,6.0,4.0,3.0,5.5,12.5,10.0,12.0,29.0,14.0,11.0,1.0,30916.0
CRS3035RES200mN2629800E3466200,122.0,55.0,1.0,13.0,1.0,54.0,2.0,3219216.2,5195.0,0.0,55.0,0.0,3.0,2.0,2.0,9.0,10.0,7.0,25.0,15.0,43.0,6.0,26387.0
CRS3035RES200mN2629800E3466400,114.5,54.0,1.0,15.0,1.0,51.0,1.0,3025688.7,5198.0,0.0,54.0,0.0,2.0,2.0,7.0,6.5,3.0,6.0,26.0,9.0,45.0,8.0,26425.0
CRS3035RES200mN2629800E3466600,112.5,51.0,4.0,18.0,3.0,38.0,4.0,3133845.3,5385.0,0.0,51.0,0.0,4.0,1.0,6.0,7.5,10.0,12.0,24.0,15.0,26.0,7.0,27856.0
CRS3035RES200mN2629800E3466800,72.0,33.0,1.0,8.0,1.0,29.0,3.0,2184187.6,4165.0,0.0,33.0,0.0,0.0,1.0,1.0,8.0,3.0,5.0,11.0,11.0,28.0,4.0,30336.0
CRS3035RES200mN2629800E3467000,63.0,29.0,3.0,6.0,1.0,26.0,4.0,1730410.6,2928.0,0.0,29.0,0.0,2.0,0.0,3.0,3.0,1.0,9.0,11.0,11.0,19.0,4.0,27467.0
CRS3035RES200mN2629800E3467200,79.0,36.0,0.0,8.0,0.0,33.0,4.0,2072618.1,3374.0,0.0,36.0,0.0,2.0,2.0,3.0,4.0,5.0,9.0,17.0,8.0,25.0,4.0,26236.0
CRS3035RES200mN2629800E3467400,106.5,40.0,0.0,7.0,4.0,28.0,4.0,3046427.9,3957.0,0.0,40.0,0.0,6.0,6.0,7.0,9.5,4.0,19.0,26.0,15.0,9.0,5.0,28605.0
CRS3035RES200mN2629800E3467600,27.0,14.2,2.7,4.1,0.0,2.7,6.8,529737.0,1067.2,0.0,14.2,10.8,0.7,0.7,3.4,3.4,1.3,4.0,8.1,4.7,0.7,0.0,19620.0
CRS3035RES200mN2629800E3468200,4.0,1.5,0.1,0.4,0.1,1.2,0.2,103194.6,190.5,0.0,1.5,0.0,0.1,0.1,0.3,0.3,0.2,0.9,1.1,0.6,0.3,0.1,25799.0
CRS3035RES200mN2629800E3468600,5.0,1.9,0.2,0.5,0.2,1.5,0.3,128993.3,238.1,0.0,1.9,0.0,0.1,0.2,0.4,0.3,0.3,1.1,1.3,0.7,0.4,0.2,25799.0
CRS3035RES200mN2629800E3468800,4.0,1.5,0.1,0.4,0.1,1.2,0.2,103194.6,190.5,0.0,1.5,0.0,0.1,0.1,0.3,0.3,0.2,0.9,1.1,0.6,0.3,0.1,25799.0
CRS3035RES200mN2629800E3471000,6.0,2.4,0.3,0.7,0.0,2.3,0.0,163711.5,301.7,0.0,2.4,0.0,0.3,0.0,0.5,0.3,0.6,1.4,1.0,0.6,1.1,0.2,27285.0
CRS3035RES200mN2629800E3471200,2.0,0.8,0.1,0.2,0.0,0.8,0.0,54570.5,100.6,0.0,0.8,0.0,0.1,0.0,0.2,0.1,0.2,0.5,0.3,0.2,0.3,0.1,27285.0
CRS3035RES200mN2629800E3471400,19.0,7.6,1.0,2.3,0.0,7.3,0.0,518419.6,955.3,0.0,7.6,0.0,1.0,0.0,1.5,1.0,2.0,4.3,3.3,2.0,3.3,0.6,27285.0
CRS3035RES200mN2629800E3471600,14.5,5.8,0.8,1.8,0.0,5.5,0.0,395636.0,729.0,0.0,5.8,0.0,0.8,0.0,1.1,0.8,1.5,3.3,2.5,1.5,2.5,0.5,27285.0
CRS3035RES200mN2629800E3476400,1.0,0.4,0.1,0.1,0.0,0.3,0.0,21106.4,40.2,0.0,0.4,0.0,0.0,0.0,0.0,0.1,0.1,0.2,0.2,0.2,0.2,0.0,21106.0
CRS3035RES200mN2629800E3476600,1.0,0.4,0.1,0.1,0.0,0.3,0.0,21106.4,40.2,0.0,0.4,0.0,0.0,0.0,0.0,0.1,0.1,0.2,0.2,0.2,0.2,0.0,21106.0
CRS3035RES200mN2629800E3477600,2.0,0.8,0.2,0.2,0.1,0.6,0.0,42212.9,80.3,0.0,0.8,0.0,0.1,0.0,0.1,0.2,0.2,0.3,0.4,0.3,0.3,0.1,21106.0
CRS3035RES200mN2629800E3479800,4.0,1.8,0.0,0.6,0.0,1.7,0.2,107702.8,190.2,0.0,1.8,0.0,0.0,0.1,0.1,0.5,0.4,0.4,0.9,0.5,0.6,0.5,26926.0
CRS3035RES200mN2629800E3480000,79.0,33.0,1.0,9.0,1.0,19.0,2.0,2002521.1,3356.0,4.0,29.0,0.0,3.0,2.0,4.0,13.0,4.0,26.0,12.0,5.0,6.0,4.0,25348.0
CRS3035RES200mN2629800E3480200,112.0,45.0,1.0,10.0,4.0,35.0,5.0,2627143.8,4587.0,0.0,45.0,0.0,6.0,2.0,11.0,13.0,5.0,20.0,24.0,13.0,13.0,5.0,23457.0
CRS3035RES200mN2629800E3480400,75.0,23.0,1.0,2.0,3.0,15.0,4.0,1718469.8,2398.0,4.0,19.0,4.0,6.0,2.0,7.0,11.0,6.0,21.0,12.0,7.0,3.0,0.0,22913.0
CRS3035RES200mN2629800E3480600,63.0,23.0,0.0,2.0,0.0,19.0,2.0,1740959.9,2399.0,0.0,23.0,0.0,4.0,0.0,7.0,5.0,4.0,11.0,18.0,5.0,7.0,2.0,27634.0
CRS3035RES200mN2629800E3480800,94.5,31.0,0.0,4.0,3.0,27.0,2.0,2389192.1,3340.0,0.0,31.0,0.0,7.0,5.0,12.5,6.5,4.5,29.0,16.0,8.0,5.0,1.0,25282.0
CRS3035RES200mN2629800E3481200,3.0,1.1,0.1,0.3,0.1,0.8,0.0,75952.3,115.7,0.0,1.1,0.0,0.1,0.1,0.3,0.2,0.3,0.5,0.7,0.4,0.4,0.0,25317.0
CRS3035RES200mN2629800E3483800,1.0,0.5,0.0,0.2,0.0,0.4,0.0,24557.0,49.0,0.0,0.5,0.0,0.0,0.0,0.0,0.1,0.1,0.2,0.2,0.1,0.2,0.1,24557.0
CRS3035RES200mN2629800E3485400,12.0,4.6,0.5,1.4,0.7,3.5,0.4,258649.4,483.5,0.0,4.6,0.0,1.4,0.4,1.2,0.7,0.6,3.9,1.5,1.4,0.9,0.0,21554.0
CRS3035RES200mN2629800E3485600,30.0,11.5,1.4,3.6,1.6,8.8,1.1,646623.5,1208.8,0.0,11.5,0.0,3.4,1.1,3.0,1.6,1.4,9.9,3.8,3.6,2.2,0.0,21554.0
CRS3035RES200mN2629800E3486200,1.0,0.4,0.0,0.1,0.0,0.4,0.1,26226.7,47.8,0.0,0.4,0.0,0.1,0.0,0.0,0.1,0.1,0.3,0.2,0.2,0.0,0.0,26227.0
CRS3035RES200mN2629800E3486800,7.0,3.1,0.3,0.8,0.1,2.6,0.5,183586.6,334.3,0.0,3.1,0.0,0.4,0.1,0.4,0.6,0.5,1.9,1.5,1.2,0.2,0.2,26227.0
CRS3035RES200mN2629800E3487000,2.0,0.7,0.1,0.0,0.0,0.6,0.0,42560.4,77.2,0.0,0.7,0.0,0.1,0.0,0.1,0.2,0.1,0.6,0.5,0.2,0.2,0.0,21280.0
CRS3035RES200mN2629800E3489200,60.5,42.0,7.0,31.0,0.0,2.0,6.0,1051972.5,2001.0,42.0,0.0,0.0,3.0,0.0,5.0,3.0,13.5,19.0,9.0,5.0,3.0,0.0,17388.0
CRS3035RES200mN2629800E3489400,134.5,90.0,22.0,57.0,0.0,5.0,15.0,2463054.3,4833.0,80.0,10.0,0.0,3.0,7.0,3.5,7.5,11.5,45.0,29.0,9.0,17.0,2.0,18313.0
CRS3035RES200mN2629800E3493200,2.0,0.7,0.0,0.1,0.2,0.7,0.0,53647.2,101.9,0.0,0.7,0.0,0.0,0.0,0.1,0.1,0.5,0.2,0.3,0.2,0.4,0.2,26824.0
CRS3035RES200mN2630000E3459200,11.0,4.7,0.6,1.1,0.0,3.4,0.8,359197.9,503.5,0.0,4.7,0.0,0.4,0.2,0.0,0.0,1.9,1.3,1.7,2.1,1.9,1.5,32654.0
CRS3035RES200mN2630000E3459400,16.0,6.8,0.9,1.5,0.0,4.9,1.2,522469.7,732.3,0.0,6.8,0.0,0.6,0.3,0.0,0.0,2.8,1.8,2.5,3.1,2.8,2.1,32654.0
CRS3035RES200mN2630000E3461000,58.5,29.0,3.0,8.0,0.0,20.0,6.0,1525951.6,2769.0,0.0,29.0,8.0,1.0,0.0,2.0,3.5,7.0,3.0,13.0,11.0,16.0,2.0,26085.0
CRS3035RES200mN2630000E3461200,113.5,60.0,4.0,25.0,2.0,34.0,5.0,2820400.4,4556.0,28.0,32.0,10.0,4.0,1.0,6.5,5.5,8.5,18.0,18.0,20.0,24.0,8.0,24849.0
CRS3035RES200mN2630000E3461400,25.0,16.0,2.0,7.0,0.0,15.0,3.0,599081.9,1520.0,0.0,16.0,0.0,0.0,0.0,0.5,0.0,1.0,1.5,2.0,5.0,12.0,3.0,23963.0
CRS3035RES200mN2630000E3461600,144.5,55.0,5.0,12.0,5.0,25.0,8.0,3430549.7,5277.0,0.0,55.0,0.0,4.0,4.0,15.0,21.5,7.0,24.0,30.0,18.0,19.0,2.0,23741.0
CRS3035RES200mN2630000E3461800,181.0,106.0,14.0,56.0,0.0,33.0,15.0,4073068.5,7421.0,67.0,39.0,41.0,10.0,2.5,7.0,11.0,14.5,41.0,37.0,25.0,27.0,6.0,22503.0
CRS3035RES200mN2630000E3462000,104.5,45.0,1.0,8.0,1.0,44.0,1.0,3141510.1,4929.0,0.0,45.0,0.0,0.0,1.0,4.5,5.0,6.0,9.0,14.0,29.0,30.0,6.0,30062.0
CRS3035RES200mN2630000E3462200,89.0,38.0,1.0,7.0,1.0,35.0,3.0,2915560.4,5072.0,0.0,38.0,0.0,3.0,1.0,2.0,4.0,6.0,10.0,14.0,14.0,28.0,7.0,32759.0
CRS3035RES200mN2630000E3462400,2.0,0.7,0.1,0.1,0.0,0.4,0.1,49650.5,95.5,0.0,0.7,0.2,0.1,0.2,0.1,0.2,0.1,0.4,0.2,0.4,0.2,0.1,24825.0
CRS3035RES200mN2630000E3464400,13.5,6.2,0.6,1.5,0.2,5.3,0.4,347295.3,661.4,0.0,6.2,0.0,0.4,0.4,1.0,1.1,0.2,2.6,3.6,0.8,2.3,1.1,25726.0
CRS3035RES200mN2630000E3465800,43.0,22.0,0.0,10.0,0.0,14.0,1.0,1090292.9,2115.0,0.0,22.0,0.0,4.0,2.0,1.0,2.0,2.0,8.0,6.0,6.0,8.0,4.0,25356.0
CRS3035RES200mN2630000E3466000,49.5,20.0,0.0,7.0,3.0,15.0,2.0,1409669.2,2379.0,0.0,20.0,0.0,1.0,1.0,1.0,7.5,5.0,6.0,9.0,9.0,9.0,1.0,28478.0
CRS3035RES200mN2630000E3466200,19.5,8.9,0.5,2.5,0.5,7.4,0.7,559249.7,910.8,0.5,8.4,0.0,0.7,0.0,0.6,1.1,1.7,2.0,3.5,1.0,5.9,3.0,28679.0
CRS3035RES200mN2630000E3466400,25.5,11.6,0.6,3.2,0.6,9.7,1.0,731326.5,1191.1,0.6,11.0,0.0,1.0,0.0,0.8,1.4,2.3,2.6,4.5,1.3,7.7,3.9,28679.0
CRS3035RES200mN2630000E3466600,95.0,43.0,1.0,12.0,2.0,40.0,4.0,2707846.0,4152.0,0.0,43.0,0.0,5.0,4.0,4.0,5.0,1.0,11.0,16.0,9.0,28.0,12.0,28504.0
CRS3035RES200mN2630000E3466800,92.5,43.0,0.0,12.0,1.0,42.0,3.0,2677841.6,4587.0,0.0,43.0,0.0,0.0,0.5,2.0,7.0,7.0,6.0,23.0,16.0,20.0,11.0,28950.0
CRS3035RES200mN2630000E3467000,71.0,28.0,1.0,5.0,1.0,24.0,2.0,2072401.3,3068.0,0.0,28.0,0.0,0.0,0.0,3.0,11.0,5.0,8.0,15.0,13.0,14.0,2.0,29189.0
CRS3035RES200mN2630000E3467200,18.0,8.8,0.9,2.8,0.5,7.2,0.7,499989.4,908.5,0.0,8.8,0.0,0.4,0.5,0.7,0.8,1.3,4.6,1.4,3.7,3.0,1.6,27777.0
CRS3035RES200mN2630000E3469000,6.0,2.6,0.2,0.5,0.0,2.3,0.1,190722.6,325.3,0.0,2.6,0.0,0.4,0.1,0.1,0.2,0.5,0.9,1.0,1.4,1.2,0.2,31787.0
CRS3035RES200mN2630000E3469200,1.0,0.4,0.0,0.1,0.0,0.4,0.0,31787.1,54.2,0.0,0.4,0.0,0.1,0.0,0.0,0.0,0.1,0.2,0.2,0.2,0.2,0.0,31787.0
CRS3035RES200mN2630000E3470800,13.0,5.1,0.4,1.0,0.2,4.1,0.4,355417.1,597.0,0.0,5.1,0.0,1.2,0.4,1.0,1.2,0.2,3.1,2.5,1.2,2.0,0.2,27340.0
CRS3035RES200mN2630000E3471200,27.0,10.5,0.8,2.1,0.4,8.4,0.8,738174.1,1239.9,0.0,10.5,0.0,2.5,0.9,2.1,2.5,0.4,6.3,5.1,2.6,4.2,0.4,27340.0
CRS3035RES200mN2630000E3471400,23.0,11.0,0.0,3.0,0.0,9.0,1.0,662927.5,1259.0,0.0,11.0,0.0,0.0,0.0,1.0,0.0,3.0,3.0,10.0,4.0,1.0,1.0,28823.0
CRS3035RES200mN2630000E3477600,5.0,2.0,0.4,0.6,0.2,1.5,0.0,105532.2,200.8,0.1,1.9,0.0,0.2,0.1,0.2,0.5,0.4,0.8,1.0,0.8,0.8,0.2,21106.0
CRS3035RES200mN2630000E3479800,78.0,34.0,7.0,12.0,3.0,21.0,5.0,1862929.1,3833.0,8.0,26.0,8.0,2.0,3.0,7.0,6.0,5.0,16.0,20.0,6.0,13.0,0.0,23884.0
CRS3035RES200mN2630000E3480000,84.0,40.0,4.0,14.0,1.0,30.0,6.0,2118515.5,4403.0,2.0,38.0,0.0,2.0,2.0,3.5,8.5,4.0,10.0,29.0,8.0,12.0,5.0,25220.0
CRS3035RES200mN2630000E3480200,31.0,13.0,1.0,4.0,1.0,10.0,3.0,685471.9,1580.0,0.0,13.0,0.0,0.0,0.0,1.0,8.5,1.0,5.0,8.5,3.0,3.0,1.0,22112.0
CRS3035RES200mN2630000E3480400,9.0,4.2,0.6,1.3,0.0,2.4,0.2,193667.4,470.6,0.5,3.7,0.0,0.5,0.2,0.2,0.4,0.4,1.8,0.7,2.8,1.6,0.4,21519.0
CRS3035RES200mN2630000E3480600,2.0,0.9,0.1,0.3,0.0,0.5,0.0,43037.2,104.6,0.1,0.8,0.0,0.1,0.0,0.0,0.1,0.1,0.4,0.2,0.6,0.4,0.1,21519.0
CRS3035RES200mN2630000E3483600,4.0,1.9,0.2,0.6,0.0,1.1,0.1,86074.4,209.1,0.3,1.6,0.0,0.2,0.1,0.1,0.2,0.2,0.8,0.3,1.2,0.7,0.2,21519.0
CRS3035RES200mN2630000E3483800,4.0,1.9,0.2,0.6,0.0,1.1,0.1,86074.4,209.1,0.3,1.6,0.0,0.2,0.1,0.1,0.2,0.2,0.8,0.3,1.2,0.7,0.2,21519.0
CRS3035RES200mN2630000E3489200,19.5,7.6,0.7,1.7,0.5,6.1,1.5,465563.7,848.2,0.6,7.0,0.0,0.9,0.8,1.5,2.6,1.1,3.3,3.8,2.8,1.5,1.2,23875.0
CRS3035RES200mN2630000E3489400,69.5,20.0,2.0,3.0,3.0,11.0,1.0,1452821.4,2151.0,0.0,20.0,4.0,5.0,5.0,4.0,12.5,4.0,10.0,14.0,4.0,8.0,1.0,20904.0
CRS3035RES200mN2630000E3490600,5.0,1.9,0.1,0.5,0.1,1.8,0.1,123628.0,253.2,0.0,1.9,0.0,0.4,0.4,0.1,0.5,0.4,1.0,1.0,0.2,0.7,0.3,24726.0
CRS3035RES200mN2630000E3493000,1.0,0.4,0.0,0.1,0.0,0.4,0.0,25730.1,54.3,0.0,0.4,0.0,0.0,0.0,0.1,0.1,0.1,0.1,0.2,0.1,0.1,0.2,25730.0
CRS3035RES200mN2630000E3493200,3.0,1.3,0.0,0.4,0.1,1.2,0.1,77190.4,162.9,0.0,1.3,0.0,0.1,0.1,0.2,0.2,0.2,0.4,0.5,0.3,0.4,0.6,25730.0
CRS3035RES200mN2630200E3459200,5.0,2.1,0.3,0.5,0.0,1.5,0.4,163271.8,228.8,0.0,2.1,0.0,0.2,0.1,0.0,0.0,0.8,0.6,0.8,0.9,0.9,0.7,32654.0
CRS3035RES200mN2630200E3459400,1.0,0.4,0.1,0.1,0.0,0.3,0.1,32654.4,45.8,0.0,0.4,0.0,0.0,0.0,0.0,0.0,0.2,0.1,0.2,0.2,0.2,0.1,32654.0
CRS3035RES200mN2630200E3460800,17.0,6.8,0.7,1.1,0.5,6.8,0.2,520016.6,901.2,0.0,6.8,0.0,0.2,0.4,1.4,0.9,1.1,1.8,2.3,2.3,5.9,0.7,30589.0
CRS3035RES200mN2630200E3461000,23.0,11.0,0.0,2.0,0.0,11.0,2.0,833291.8,1703.0,0.0,11.0,0.0,0.0,0.0,1.0,2.0,1.0,0.0,3.0,6.0,9.0,1.0,36230.0
CRS3035RES200mN2630200E3461200,63.0,28.0,0.0,5.0,1.0,27.0,1.0,1786893.1,3050.0,0.0,28.0,0.0,0.0,0.0,2.0,2.0,7.0,2.0,10.0,17.0,16.0,7.0,28363.0
CRS3035RES200mN2630200E3461400,62.0,27.0,0.0,3.0,1.0,26.0,3.0,1975993.9,3457.0,0.0,27.0,0.0,0.0,0.0,1.5,3.5,6.0,4.0,9.0,15.0,22.0,1.0,31871.0
CRS3035RES200mN2630200E3461600,9.0,4.2,0.2,1.4,0.2,3.6,0.2,239127.7,463.4,0.0,4.2,0.0,0.2,0.0,0.0,0.4,0.6,0.6,1.4,2.8,2.2,0.8,26570.0
CRS3035RES200mN2630200E3461800,62.5,24.0,2.0,2.0,3.0,19.0,6.0,2070554.8,2606.0,0.0,24.0,0.0,2.0,2.0,6.5,5.0,4.0,9.0,14.0,10.0,9.0,1.0,33129.0
CRS3035RES200mN2630200E3462000,102.5,44.0,3.0,9.0,1.0,40.0,2.0,3262358.2,5731.0,0.0,44.0,0.0,0.0,0.0,6.0,8.0,5.5,9.0,16.0,26.0,29.0,3.0,31828.0
CRS3035RES200mN2630200E3462200,97.0,45.0,2.0,18.0,3.0,29.0,3.0,2793246.1,4833.0,8.0,37.0,4.0,1.0,2.0,7.0,10.0,6.0,6.0,24.0,14.0,21.0,6.0,28796.0
CRS3035RES200mN2630200E3462400,14.0,5.2,0.8,0.8,0.0,2.8,0.8,347553.7,668.4,0.0,5.2,1.6,0.4,1.4,0.6,1.6,0.8,2.8,1.6,2.8,1.6,0.4,24825.0
CRS3035RES200mN2630200E3462800,4.0,1.5,0.2,0.2,0.0,0.8,0.2,99301.1,191.0,0.0,1.5,0.5,0.1,0.4,0.2,0.4,0.2,0.8,0.5,0.8,0.5,0.1,24825.0
CRS3035RES200mN2630200E3465800,2.0,1.1,0.1,0.6,0.1,0.7,0.2,49978.0,119.0,0.0,1.1,0.0,0.0,0.1,0.0,0.2,0.3,0.2,0.6,0.1,0.2,0.3,24989.0
CRS3035RES200mN2630200E3466000,5.0,2.3,0.1,0.6,0.1,1.9,0.2,143397.4,233.5,0.1,2.2,0.0,0.2,0.0,0.2,0.3,0.4,0.5,0.9,0.2,1.5,0.8,28679.0
CRS3035RES200mN2630200E3466200,8.0,3.6,0.2,1.0,0.2,3.0,0.3,229435.8,373.7,0.2,3.4,0.0,0.3,0.0,0.3,0.5,0.7,0.8,1.4,0.4,2.4,1.2,28679.0
CRS3035RES200mN2630200E3466600,14.0,6.4,0.4,1.8,0.4,5.3,0.5,401512.6,653.9,0.4,6.0,0.0,0.5,0.0,0.5,0.8,1.2,1.4,2.5,0.7,4.3,2.1,28679.0
CRS3035RES200mN2630200E3466800,38.0,18.0,2.0,6.0,0.0,14.0,0.0,1070718.9,1924.0,0.0,18.0,0.0,2.0,0.0,1.0,2.0,4.0,3.0,10.0,4.0,8.0,4.0,28177.0
CRS3035RES200mN2630200E3467000,8.0,3.9,0.4,1.2,0.2,3.2,0.3,222217.5,403.8,0.0,3.9,0.0,0.2,0.2,0.3,0.4,0.6,2.1,0.6,1.6,1.3,0.7,27777.0
CRS3035RES200mN2630200E3467200,4.0,1.9,0.2,0.6,0.1,1.6,0.2,111108.8,201.9,0.0,1.9,0.0,0.1,0.1,0.1,0.2,0.3,1.0,0.3,0.8,0.7,0.4,27777.0
CRS3035RES200mN2630200E3468800,5.0,2.1,0.4,0.4,0.0,1.7,0.4,114751.8,276.3,0.0,2.1,0.0,0.0,0.0,0.6,0.4,0.4,0.8,0.6,0.9,1.1,0.2,22950.0
CRS3035RES200mN2630200E3469000,2.0,0.9,0.1,0.2,0.0,0.8,0.0,63574.2,108.4,0.0,0.9,0.0,0.1,0.0,0.0,0.1,0.2,0.3,0.3,0.5,0.4,0.1,31787.0
CRS3035RES200mN2630200E3469200,13.0,5.7,0.4,1.2,0.0,5.1,0.2,413232.3,704.7,0.0,5.7,0.0,0.8,0.2,0.3,0.4,1.2,2.0,2.1,3.1,2.5,0.4,31787.0
CRS3035RES200mN2630200E3469400,20.5,8.9,0.6,1.8,0.0,8.0,0.3,651635.5,1111.3,0.0,8.9,0.0,1.2,0.3,0.5,0.6,1.9,3.1,3.4,4.9,4.0,0.6,31787.0
CRS3035RES200mN2630200E3471200,17.0,6.6,0.5,1.3,0.3,5.3,0.5,464776.3,780.7,0.0,6.6,0.0,1.6,0.5,1.3,1.6,0.3,4.0,3.2,1.6,2.6,0.3,27340.0
CRS3035RES200mN2630200E3471400,6.0,2.3,0.2,0.5,0.1,1.9,0.2,164038.7,275.5,0.0,2.3,0.0,0.5,0.2,0.5,0.6,0.1,1.4,1.1,0.6,0.9,0.1,27340.0
CRS3035RES200mN2630200E3479000,8.0,3.4,0.5,1.2,0.2,2.7,0.2,177179.3,362.8,0.0,3.4,0.0,0.2,0.0,0.7,0.6,0.8,1.5,1.3,1.4,1.2,0.3,22147.0
CRS3035RES200mN2630200E3479200,15.0,6.3,0.9,2.2,0.3,5.1,0.3,332211.2,680.2,0.0,6.3,0.0,0.3,0.0,1.3,1.1,1.6,2.9,2.5,2.5,2.2,0.6,22147.0
CRS3035RES200mN2630200E3479800,3.5,1.5,0.2,0.5,0.1,1.2,0.1,77516.0,158.7,0.0,1.5,0.0,0.1,0.0,0.3,0.2,0.4,0.7,0.6,0.6,0.5,0.1,22147.0
CRS3035RES200mN2630200E3480400,2.0,0.9,0.1,0.3,0.0,0.5,0.0,43037.2,104.6,0.1,0.8,0.0,0.1,0.0,0.0,0.1,0.1,0.4,0.2,0.6,0.4,0.1,21519.0
CRS3035RES200mN2630200E3483800,1.0,0.5,0.1,0.1,0.0,0.3,0.0,21518.6,52.3,0.1,0.4,0.0,0.1,0.0,0.0,0.0,0.0,0.2,0.1,0.3,0.2,0.1,21519.0
CRS3035RES200mN2630200E3484000,15.0,5.2,0.7,0.6,0.5,4.8,0.5,333182.2,660.5,0.0,5.2,0.0,1.3,0.3,0.8,2.0,0.8,3.2,3.1,1.5,1.1,0.9,22212.0
CRS3035RES200mN2630200E3484200,1.0,0.4,0.0,0.0,0.0,0.3,0.0,22212.1,44.0,0.0,0.4,0.0,0.1,0.0,0.1,0.1,0.0,0.2,0.2,0.1,0.1,0.1,22212.0
CRS3035RES200mN2630200E3489000,25.5,10.0,0.9,2.2,0.7,8.0,2.0,608814.0,1109.2,0.9,9.1,0.0,1.2,1.1,1.9,3.4,1.4,4.3,5.0,3.7,2.0,1.5,23875.0
CRS3035RES200mN2630200E3489200,46.5,17.0,2.0,3.0,3.0,12.0,4.0,943290.7,1715.0,0.0,17.0,0.0,1.5,0.0,5.5,7.5,5.0,5.0,11.0,3.0,2.0,6.0,20286.0
CRS3035RES200mN2630200E3489400,56.0,23.0,0.0,4.0,0.0,23.0,1.0,1461226.2,2443.0,0.0,23.0,0.0,2.0,0.0,2.0,6.0,3.0,6.0,11.0,10.0,11.0,5.0,26093.0
CRS3035RES200mN2630200E3489600,10.0,3.9,0.3,0.9,0.3,3.1,0.8,238750.6,435.0,0.3,3.6,0.0,0.5,0.4,0.8,1.3,0.5,1.7,2.0,1.4,0.8,0.6,23875.0
CRS3035RES200mN2630200E3489800,4.0,1.6,0.1,0.3,0.1,1.3,0.3,95500.2,174.0,0.2,1.4,0.0,0.2,0.2,0.3,0.5,0.2,0.7,0.8,0.6,0.3,0.2,23875.0
CRS3035RES200mN2630200E3490600,1.0,0.4,0.0,0.1,0.0,0.4,0.0,24725.6,50.7,0.0,0.4,0.0,0.1,0.1,0.0,0.1,0.1,0.2,0.2,0.0,0.2,0.0,24726.0
CRS3035RES200mN2630200E3493000,1.0,0.4,0.0,0.1,0.0,0.4,0.0,25730.1,54.3,0.0,0.4,0.0,0.0,0.0,0.1,0.1,0.1,0.1,0.2,0.1,0.1,0.2,25730.0
CRS3035RES200mN2630400E3459200,3.0,1.3,0.2,0.3,0.0,0.9,0.2,97963.1,137.3,0.0,1.3,0.0,0.1,0.1,0.0,0.0,0.5,0.3,0.5,0.6,0.5,0.4,32654.0
CRS3035RES200mN2630400E3460600,23.0,9.2,0.9,1.5,0.6,9.2,0.3,703551.8,1219.3,0.0,9.2,0.0,0.3,0.6,1.8,1.2,1.5,2.5,3.1,3.1,8.0,0.9,30589.0
CRS3035RES200mN2630400E3460800,82.0,43.0,1.0,16.0,0.0,39.0,1.0,2486466.2,4330.0,0.0,43.0,0.0,2.0,0.0,1.0,0.0,3.0,13.0,6.0,30.0,22.0,5.0,30323.0
CRS3035RES200mN2630400E3461000,52.0,25.0,5.0,7.0,1.0,15.0,2.0,1248890.7,2529.0,0.0,25.0,6.0,2.0,1.0,2.0,3.0,3.0,4.0,11.0,16.0,7.0,3.0,24017.0
CRS3035RES200mN2630400E3461200,157.0,63.0,14.0,20.0,8.0,14.0,11.0,3402277.5,4907.0,22.0,41.0,48.0,8.0,6.0,12.5,15.5,12.0,23.0,34.0,19.0,19.0,8.0,21671.0
CRS3035RES200mN2630400E3461400,79.5,36.0,3.0,8.0,2.0,27.0,4.0,2146432.5,3368.0,0.0,36.0,2.0,2.0,3.0,4.0,5.0,1.5,13.0,13.0,23.0,10.0,5.0,26999.0
CRS3035RES200mN2630400E3461600,126.0,57.0,5.0,16.0,3.0,26.0,9.0,3836367.6,5711.0,16.0,41.0,10.0,8.0,4.5,8.5,7.0,3.0,26.0,22.0,21.0,22.0,4.0,30447.0
CRS3035RES200mN2630400E3461800,77.0,36.0,5.0,12.0,2.0,33.0,1.0,2699901.1,4932.0,0.0,36.0,0.0,0.0,0.0,5.0,4.0,5.0,4.0,17.0,13.0,22.0,7.0,35064.0
CRS3035RES200mN2630400E3462000,180.0,78.0,8.0,26.0,5.0,63.0,8.0,4980802.8,7950.0,0.0,78.0,0.0,5.0,4.0,10.0,21.0,11.0,19.0,43.0,20.0,37.0,10.0,27671.0
CRS3035RES200mN2630400E3462200,70.0,27.0,2.0,7.0,2.0,20.0,3.0,1857963.1,3056.0,0.0,27.0,0.0,1.0,1.0,3.5,11.5,5.0,6.0,23.0,8.0,6.0,5.0,26542.0
CRS3035RES200mN2630400E3462400,25.0,14.0,1.0,7.0,0.0,12.0,1.0,726152.1,1367.0,2.0,12.0,0.0,2.0,0.0,1.0,1.0,2.0,2.0,5.0,2.0,4.0,6.0,29046.0
CRS3035RES200mN2630400E3462600,50.5,18.0,0.0,3.0,0.0,1.0,3.0,1206473.9,1587.0,13.0,5.0,16.0,2.0,1.0,2.0,10.5,4.0,11.0,17.0,1.0,2.0,0.0,23891.0
CRS3035RES200mN2630400E3464400,6.0,2.7,0.3,0.7,0.1,2.4,0.2,154353.5,294.0,0.0,2.7,0.0,0.2,0.2,0.4,0.5,0.1,1.1,1.6,0.4,1.0,0.5,25726.0
CRS3035RES200mN2630400E3465600,1.0,0.6,0.0,0.3,0.0,0.3,0.1,24989.0,59.5,0.0,0.6,0.0,0.0,0.1,0.0,0.1,0.1,0.1,0.3,0.1,0.1,0.1,24989.0
CRS3035RES200mN2630400E3466000,5.0,2.3,0.1,0.6,0.1,1.9,0.2,143397.4,233.5,0.1,2.2,0.0,0.2,0.0,0.2,0.3,0.4,0.5,0.9,0.2,1.5,0.8,28679.0
CRS3035RES200mN2630400E3466800,51.0,21.0,0.0,2.0,0.0,13.0,5.0,1568102.4,2302.0,0.0,21.0,0.0,1.0,0.0,2.5,9.5,2.0,5.0,15.0,5.0,8.0,3.0,30747.0
CRS3035RES200mN2630400E3467000,2.0,1.0,0.1,0.3,0.1,0.8,0.1,55554.4,100.9,0.0,1.0,0.0,0.0,0.1,0.1,0.1,0.1,0.5,0.2,0.4,0.3,0.2,27777.0
CRS3035RES200mN2630400E3468600,2.0,0.8,0.2,0.2,0.0,0.7,0.2,45900.7,110.5,0.0,0.8,0.0,0.0,0.0,0.2,0.1,0.2,0.3,0.2,0.4,0.5,0.1,22950.0
CRS3035RES200mN2630400E3468800,10.0,4.2,0.8,0.8,0.0,3.5,0.8,229503.7,552.7,0.0,4.2,0.0,0.0,0.0,1.1,0.8,0.8,1.5,1.2,1.9,2.3,0.4,22950.0
CRS3035RES200mN2630400E3469000,61.0,33.0,4.0,16.0,2.0,16.0,4.0,1504805.5,2757.0,0.0,33.0,0.0,2.0,1.5,2.5,3.0,8.0,17.0,12.0,9.0,5.0,1.0,24669.0
CRS3035RES200mN2630400E3469400,4.0,1.7,0.1,0.4,0.0,1.6,0.1,127148.4,216.8,0.0,1.7,0.0,0.2,0.0,0.1,0.1,0.4,0.6,0.7,1.0,0.8,0.1,31787.0
CRS3035RES200mN2630400E3469600,2.0,0.9,0.1,0.2,0.0,0.8,0.0,63574.2,108.4,0.0,0.9,0.0,0.1,0.0,0.0,0.1,0.2,0.3,0.3,0.5,0.4,0.1,31787.0
CRS3035RES200mN2630400E3472000,2.0,0.9,0.0,0.3,0.0,0.8,0.1,50550.0,94.5,0.0,0.9,0.0,0.1,0.1,0.1,0.1,0.3,0.4,0.4,0.1,0.4,0.0,25275.0
CRS3035RES200mN2630400E3472200,3.0,1.4,0.0,0.4,0.1,1.2,0.2,75825.0,141.8,0.0,1.4,0.0,0.1,0.1,0.2,0.2,0.4,0.6,0.6,0.1,0.7,0.0,25275.0
CRS3035RES200mN2630400E3475000,2.0,0.7,0.0,0.2,0.1,0.7,0.1,53204.4,100.5,0.0,0.7,0.0,0.1,0.0,0.1,0.3,0.2,0.2,0.6,0.2,0.3,0.0,26602.0
CRS3035RES200mN2630400E3475200,7.0,2.6,0.0,0.5,0.4,2.6,0.3,186215.4,351.8,0.0,2.6,0.0,0.4,0.1,0.3,1.1,0.7,0.6,1.9,0.7,1.1,0.1,26602.0
CRS3035RES200mN2630400E3475400,29.0,10.8,0.0,2.3,1.7,10.8,1.1,771463.7,1457.4,0.0,10.8,0.0,1.7,0.6,1.1,4.5,2.8,2.3,8.0,2.8,4.6,0.6,26602.0
CRS3035RES200mN2630400E3479200,6.0,2.5,0.4,0.9,0.1,2.0,0.1,132884.5,272.1,0.0,2.5,0.0,0.1,0.0,0.5,0.5,0.6,1.1,1.0,1.0,0.9,0.3,22147.0
CRS3035RES200mN2630400E3480400,2.0,0.9,0.1,0.3,0.0,0.5,0.0,43037.2,104.6,0.1,0.8,0.0,0.1,0.0,0.0,0.1,0.1,0.4,0.2,0.6,0.4,0.1,21519.0
CRS3035RES200mN2630400E3480600,4.0,1.9,0.2,0.6,0.0,1.1,0.1,86074.4,209.1,0.3,1.6,0.0,0.2,0.1,0.1,0.2,0.2,0.8,0.3,1.2,0.7,0.2,21519.0
CRS3035RES200mN2630400E3482600,10.0,4.7,0.6,1.4,0.0,2.7,0.2,215186.0,522.9,0.6,4.1,0.0,0.6,0.2,0.2,0.4,0.4,2.1,0.8,3.1,1.8,0.4,21519.0
CRS3035RES200mN2630400E3488800,14.0,6.1,0.0,1.2,0.0,5.2,0.0,366480.7,589.8,0.0,6.1,0.0,0.3,0.6,1.2,0.6,0.3,3.8,1.7,1.7,3.2,0.6,26177.0
CRS3035RES200mN2630400E3489000,90.5,27.0,0.0,3.0,6.0,24.0,3.0,2064267.0,3136.0,0.0,27.0,0.0,5.0,5.0,11.0,16.5,5.0,12.0,22.0,5.0,8.0,1.0,22810.0
CRS3035RES200mN2630400E3489200,89.0,36.0,2.0,9.0,2.0,30.0,2.0,1986870.9,3599.0,0.0,36.0,0.0,6.0,3.0,9.0,7.0,3.0,21.0,17.0,6.0,11.0,6.0,22324.0
CRS3035RES200mN2630400E3489400,87.0,36.0,4.0,7.0,3.0,25.0,9.0,2037972.8,3531.0,1.0,35.0,0.0,4.0,3.0,4.0,8.0,2.0,18.0,19.0,7.0,12.0,10.0,23425.0
CRS3035RES200mN2630400E3489600,96.5,33.0,9.0,6.0,6.0,19.0,12.0,1797135.5,3289.0,2.0,31.0,7.0,2.5,3.0,14.5,17.5,6.0,20.0,24.0,0.0,8.0,1.0,18623.0
CRS3035RES200mN2630400E3489800,37.5,16.0,2.0,4.0,0.0,8.0,1.0,842958.0,1597.0,0.0,16.0,6.0,1.0,1.0,2.0,6.5,0.0,2.0,11.0,7.0,7.0,0.0,22479.0
CRS3035RES200mN2630400E3492800,14.0,5.7,1.1,1.5,0.8,4.5,0.4,267129.1,675.8,0.0,5.7,0.0,0.8,0.4,1.1,1.9,0.4,1.9,3.0,1.9,2.6,0.0,19081.0
CRS3035RES200mN2630400E3493000,19.0,8.2,0.0,2.4,0.5,7.7,0.5,488872.7,1031.8,0.0,8.2,0.0,0.5,0.5,1.2,1.7,1.2,2.4,3.4,1.9,2.4,3.8,25730.0
CRS3035RES200mN2630400E3493200,2.0,0.9,0.0,0.3,0.1,0.8,0.1,51460.3,108.6,0.0,0.9,0.0,0.0,0.0,0.1,0.2,0.1,0.3,0.4,0.2,0.3,0.4,25730.0
CRS3035RES200mN2630600E3458800,3.0,1.3,0.2,0.3,0.0,0.9,0.2,97963.1,137.3,0.0,1.3,0.0,0.1,0.1,0.0,0.0,0.5,0.3,0.5,0.6,0.5,0.4,32654.0
CRS3035RES200mN2630600E3460600,56.0,28.0,1.0,7.0,0.0,27.0,1.0,1677552.9,3335.0,0.0,28.0,1.0,0.0,0.0,0.0,1.0,2.0,6.0,7.0,21.0,17.0,2.0,29956.0
CRS3035RES200mN2630600E3460800,105.0,45.0,4.0,12.0,2.0,38.0,1.0,2757878.5,4250.0,0.0,45.0,4.0,5.0,4.0,4.0,10.0,1.0,18.0,18.0,12.0,30.0,3.0,26266.0
CRS3035RES200mN2630600E3461000,101.0,41.0,5.0,14.0,5.0,18.0,3.0,2163763.8,3559.0,0.0,41.0,22.0,4.0,3.0,9.0,8.0,8.0,14.0,20.0,16.0,13.0,6.0,21423.0
CRS3035RES200mN2630600E3461200,55.0,27.0,0.0,7.0,0.0,24.0,1.0,1461917.4,2651.0,0.0,27.0,2.0,1.0,1.0,1.0,4.0,1.0,4.0,7.0,5.0,24.0,7.0,26580.0
CRS3035RES200mN2630600E3461400,59.0,29.0,0.0,9.0,0.0,26.0,0.0,1614717.0,2953.0,0.0,29.0,0.0,1.0,0.0,3.0,3.0,1.0,7.0,5.0,8.0,23.0,8.0,27368.0
CRS3035RES200mN2630600E3461600,82.0,38.0,2.0,13.0,2.0,32.0,1.0,2256955.6,3845.0,0.0,38.0,0.0,3.0,2.0,4.0,4.0,6.0,12.0,15.0,13.0,17.0,6.0,27524.0
CRS3035RES200mN2630600E3461800,79.5,37.0,2.0,14.0,1.0,33.0,3.0,2755260.4,4574.0,0.0,37.0,0.0,1.0,2.0,2.0,5.5,7.0,10.0,13.0,14.0,15.0,10.0,34657.0
CRS3035RES200mN2630600E3462000,121.5,65.0,10.0,24.0,1.0,41.0,8.0,3295694.1,6260.0,13.0,52.0,0.0,1.0,2.0,5.5,4.0,12.0,16.0,29.0,18.0,26.0,8.0,27125.0
CRS3035RES200mN2630600E3462200,75.0,31.0,1.0,9.0,2.0,27.0,4.0,2504277.9,3866.0,3.0,28.0,0.0,1.0,2.0,4.0,6.0,5.0,14.0,18.0,10.0,14.0,1.0,33390.0
CRS3035RES200mN2630600E3462400,1.0,0.4,0.1,0.1,0.0,0.2,0.1,24825.3,47.7,0.0,0.4,0.1,0.0,0.1,0.1,0.1,0.1,0.2,0.1,0.2,0.1,0.0,24825.0
CRS3035RES200mN2630600E3462600,14.0,5.2,0.8,0.8,0.0,2.8,0.8,347553.7,668.4,0.0,5.2,1.6,0.4,1.4,0.6,1.6,0.8,2.8,1.6,2.8,1.6,0.4,24825.0
CRS3035RES200mN2630600E3463000,4.0,1.9,0.1,0.5,0.0,1.5,0.0,104034.9,230.1,0.0,1.9,0.0,0.0,0.0,0.0,0.3,0.3,0.0,1.0,0.5,1.6,0.3,26009.0
CRS3035RES200mN2630600E3464400,19.0,8.7,0.9,2.1,0.3,7.5,0.6,488785.9,930.9,0.0,8.7,0.0,0.6,0.6,1.3,1.5,0.3,3.6,5.1,1.2,3.3,1.5,25726.0
CRS3035RES200mN2630600E3464600,16.0,7.3,0.8,1.8,0.3,6.3,0.5,411609.2,783.9,0.0,7.3,0.0,0.5,0.5,1.1,1.3,0.2,3.0,4.3,1.0,2.8,1.3,25726.0
CRS3035RES200mN2630600E3464800,2.0,0.9,0.1,0.2,0.0,0.8,0.1,51451.2,98.0,0.0,0.9,0.0,0.1,0.1,0.1,0.2,0.0,0.4,0.5,0.1,0.3,0.2,25726.0
CRS3035RES200mN2630600E3466800,52.5,20.0,2.0,5.0,3.0,14.0,2.0,1191821.7,1938.0,0.0,20.0,4.0,3.0,2.0,4.0,7.5,3.0,9.0,12.0,8.0,1.0,3.0,22701.0
CRS3035RES200mN2630600E3467000,11.0,5.4,0.6,1.7,0.3,4.4,0.4,305549.1,555.2,0.0,5.4,0.0,0.3,0.3,0.4,0.5,0.8,2.8,0.8,2.3,1.8,1.0,27777.0
CRS3035RES200mN2630600E3467200,8.0,3.9,0.4,1.2,0.2,3.2,0.3,222217.5,403.8,0.0,3.9,0.0,0.2,0.2,0.3,0.4,0.6,2.1,0.6,1.6,1.3,0.7,27777.0
CRS3035RES200mN2630600E3467400,54.0,23.0,0.0,5.0,1.0,22.0,1.0,1641283.9,2996.0,0.0,23.0,0.0,1.0,3.0,3.0,3.0,3.0,8.0,12.0,11.0,6.0,4.0,30394.0
CRS3035RES200mN2630600E3468800,3.0,1.3,0.2,0.2,0.0,1.0,0.2,68851.1,165.8,0.0,1.3,0.0,0.0,0.0,0.3,0.2,0.2,0.5,0.4,0.6,0.7,0.1,22950.0
CRS3035RES200mN2630600E3469000,73.0,27.0,0.0,5.0,2.0,22.0,2.0,1834186.6,2630.0,3.0,24.0,0.0,6.0,0.0,5.0,9.0,7.0,13.0,16.0,8.0,7.0,2.0,25126.0
CRS3035RES200mN2630600E3469200,43.0,16.0,5.0,3.0,2.0,15.0,2.0,889056.7,1740.0,0.0,16.0,0.0,3.0,2.0,2.5,3.0,2.5,11.0,7.0,4.0,4.0,4.0,20676.0
CRS3035RES200mN2630600E3469400,24.0,12.0,2.0,2.0,0.0,7.0,0.0,591962.1,1399.0,0.0,12.0,0.0,2.0,0.0,0.0,0.0,0.0,8.0,3.0,6.0,4.0,1.0,24665.0
CRS3035RES200mN2630600E3469600,8.0,3.5,0.2,0.7,0.0,3.1,0.1,254296.8,433.7,0.0,3.5,0.0,0.5,0.1,0.2,0.2,0.7,1.2,1.3,1.9,1.6,0.3,31787.0
CRS3035RES200mN2630600E3472000,22.0,10.2,0.0,2.9,0.5,8.7,1.5,556050.2,1039.6,0.0,10.2,0.0,1.0,0.5,1.2,1.5,2.9,4.8,4.8,0.5,4.8,0.0,25275.0
CRS3035RES200mN2630600E3472200,56.5,22.0,1.0,2.0,0.0,19.0,2.0,1381384.4,2355.0,0.0,22.0,0.0,4.0,4.0,4.0,2.5,1.0,14.0,9.0,5.0,13.0,0.0,24449.0
CRS3035RES200mN2630600E3472400,85.5,29.0,2.0,2.0,1.0,27.0,3.0,2088314.8,2918.0,0.0,29.0,0.0,6.0,5.5,11.0,6.0,4.0,28.0,15.0,6.0,4.0,0.0,24425.0
CRS3035RES200mN2630600E3472600,1.0,0.5,0.0,0.1,0.0,0.4,0.1,25275.0,47.3,0.0,0.5,0.0,0.1,0.0,0.1,0.1,0.1,0.2,0.2,0.0,0.2,0.0,25275.0
CRS3035RES200mN2630600E3475200,53.0,18.0,0.0,2.0,1.0,17.0,1.0,1381040.2,1854.0,0.0,18.0,0.0,6.0,2.0,5.0,3.0,2.0,20.0,11.0,1.0,3.0,0.0,26057.0
CRS3035RES200mN2630600E3475400,85.0,30.0,0.0,3.0,2.0,29.0,4.0,2307997.8,2949.0,0.0,30.0,0.0,8.0,3.0,6.5,4.5,3.0,31.0,18.0,7.0,4.0,0.0,27153.0
CRS3035RES200mN2630600E3475600,65.0,23.0,1.0,4.0,0.0,23.0,2.0,1533685.7,2289.0,0.0,23.0,0.0,3.0,2.0,7.0,10.0,3.0,17.0,17.0,3.0,3.0,0.0,23595.0
CRS3035RES200mN2630600E3479200,4.0,1.7,0.3,0.6,0.1,1.3,0.1,88589.7,181.4,0.0,1.7,0.0,0.1,0.0,0.3,0.3,0.4,0.7,0.7,0.7,0.6,0.2,22147.0
CRS3035RES200mN2630600E3480400,4.0,1.9,0.2,0.6,0.0,1.1,0.1,86074.4,209.1,0.3,1.6,0.0,0.2,0.1,0.1,0.2,0.2,0.8,0.3,1.2,0.7,0.2,21519.0
CRS3035RES200mN2630600E3480800,2.0,0.9,0.1,0.3,0.0,0.5,0.0,43037.2,104.6,0.1,0.8,0.0,0.1,0.0,0.0,0.1,0.1,0.4,0.2,0.6,0.4,0.1,21519.0
CRS3035RES200mN2630600E3488200,3.0,1.3,0.0,0.2,0.0,1.1,0.0,78531.6,126.4,0.0,1.3,0.0,0.1,0.1,0.2,0.1,0.1,0.8,0.4,0.4,0.7,0.1,26177.0
CRS3035RES200mN2630600E3489000,82.5,26.0,1.0,3.0,3.0,25.0,1.0,1866171.0,2742.0,0.0,26.0,0.0,6.5,6.0,5.0,9.0,4.0,17.0,18.0,3.0,12.0,2.0,22620.0
CRS3035RES200mN2630600E3489200,100.0,43.0,3.0,14.0,3.0,35.0,7.0,2610884.4,4797.0,1.0,42.0,0.0,6.0,2.0,7.0,10.0,9.0,21.0,16.0,9.0,17.0,3.0,26109.0
CRS3035RES200mN2630600E3489400,163.0,87.0,13.0,45.0,4.0,46.0,12.0,3451135.3,8787.0,13.0,74.0,2.0,6.0,3.0,10.5,20.5,11.0,37.0,27.0,13.0,23.0,12.0,21173.0
CRS3035RES200mN2630600E3489600,89.0,36.0,2.0,7.0,2.0,30.0,5.0,2092603.5,3690.0,0.0,36.0,0.0,5.0,1.0,9.0,6.0,6.0,17.0,22.0,6.0,12.0,5.0,23512.0
CRS3035RES200mN2630600E3489800,25.0,9.8,0.9,2.1,0.6,7.9,1.9,596876.5,1087.4,0.9,8.9,0.0,1.2,1.1,1.9,3.3,1.4,4.2,4.9,3.6,1.9,1.5,23875.0
CRS3035RES200mN2630600E3490000,9.0,3.4,0.2,0.9,0.2,3.1,0.2,222530.4,455.9,0.0,3.4,0.0,0.7,0.7,0.2,0.9,0.7,1.8,1.8,0.4,1.3,0.5,24726.0
CRS3035RES200mN2630600E3491200,23.0,8.3,0.3,1.5,0.9,7.7,0.6,548019.5,1039.3,0.0,8.3,0.0,1.8,0.6,2.1,2.2,1.8,5.6,5.6,0.9,2.4,0.0,23827.0
CRS3035RES200mN2630600E3491400,26.5,9.6,0.3,1.7,1.0,8.9,0.7,631413.8,1197.5,0.0,9.6,0.0,2.0,0.7,2.4,2.6,2.1,6.5,6.5,1.0,2.7,0.0,23827.0
CRS3035RES200mN2630600E3491600,17.0,6.1,0.2,1.1,0.7,5.7,0.4,405057.9,768.2,0.0,6.1,0.0,1.3,0.4,1.5,1.6,1.3,4.2,4.2,0.7,1.8,0.0,23827.0
CRS3035RES200mN2630600E3492200,1.0,0.4,0.1,0.1,0.1,0.3,0.0,19080.7,48.3,0.0,0.4,0.0,0.1,0.0,0.1,0.1,0.0,0.1,0.2,0.2,0.2,0.0,19081.0
CRS3035RES200mN2630600E3492400,2.0,0.8,0.2,0.2,0.1,0.6,0.1,38161.3,96.5,0.0,0.8,0.0,0.1,0.0,0.2,0.3,0.0,0.3,0.4,0.3,0.4,0.0,19081.0
CRS3035RES200mN2630600E3492600,66.0,21.0,1.0,3.0,1.0,20.0,2.0,1576065.5,2119.0,0.0,21.0,0.0,2.0,2.0,1.5,15.5,6.0,11.0,21.0,2.0,5.0,0.0,23880.0
CRS3035RES200mN2630600E3492800,50.0,19.0,3.0,4.0,1.0,14.0,3.0,1129015.0,1946.0,0.0,19.0,5.0,0.0,0.0,6.5,8.5,4.0,4.0,16.0,4.0,7.0,0.0,22580.0
CRS3035RES200mN2630600E3493000,32.0,15.0,3.0,4.0,0.0,14.0,3.0,684298.4,1694.0,0.0,15.0,0.0,0.0,0.0,1.5,5.0,0.5,5.0,8.0,5.0,5.0,2.0,21384.0
CRS3035RES200mN2630600E3493200,13.5,5.8,0.0,1.7,0.3,5.5,0.3,347356.9,733.1,0.0,5.8,0.0,0.3,0.3,0.9,1.2,0.9,1.7,2.4,1.4,1.7,2.7,25730.0
CRS3035RES200mN2630800E3459400,13.0,5.5,0.8,1.2,0.0,4.0,1.0,424506.6,595.0,0.0,5.5,0.0,0.5,0.2,0.0,0.0,2.2,1.5,2.0,2.5,2.3,1.8,32654.0
CRS3035RES200mN2630800E3460200,21.0,8.4,0.8,1.4,0.6,8.4,0.3,642373.4,1113.3,0.0,8.4,0.0,0.3,0.6,1.7,1.1,1.4,2.2,2.8,2.8,7.3,0.8,30589.0
CRS3035RES200mN2630800E3460400,76.5,31.0,7.0,5.0,2.0,1.0,12.0,1505815.5,2528.0,0.0,31.0,30.0,1.0,1.5,5.0,11.0,9.0,9.0,17.0,13.0,8.0,2.0,19684.0
CRS3035RES200mN2630800E3460600,95.0,47.0,3.0,14.0,2.0,39.0,3.0,2945233.0,5098.0,0.0,47.0,0.0,2.0,3.0,6.0,1.0,3.0,10.0,18.0,18.0,26.0,8.0,31002.0
CRS3035RES200mN2630800E3460800,86.5,42.0,2.0,11.0,0.0,38.0,7.0,2236931.7,4042.0,0.0,42.0,0.0,3.0,2.5,2.5,6.5,4.0,12.0,11.0,7.0,28.0,10.0,25860.0
CRS3035RES200mN2630800E3461000,9.0,4.2,0.2,1.4,0.2,3.6,0.2,239127.7,463.4,0.0,4.2,0.0,0.2,0.0,0.0,0.4,0.6,0.6,1.4,2.8,2.2,0.8,26570.0
CRS3035RES200mN2630800E3461600,27.0,12.6,0.6,4.2,0.6,10.8,0.6,717383.0,1390.2,0.0,12.6,0.0,0.6,0.0,0.0,1.2,1.8,1.8,4.2,8.4,6.6,2.4,26570.0
CRS3035RES200mN2630800E3461800,30.0,14.0,0.0,3.0,0.0,12.0,0.0,857170.6,1976.0,0.0,14.0,0.0,1.0,1.0,1.0,1.0,0.0,4.0,4.0,4.0,9.0,5.0,28572.0
CRS3035RES200mN2630800E3462000,37.0,14.0,1.0,2.0,0.0,13.0,0.0,1174600.6,1757.0,0.0,14.0,0.0,2.0,0.0,3.0,3.0,1.0,3.0,10.0,2.0,7.0,6.0,31746.0
CRS3035RES200mN2630800E3462200,43.0,23.0,1.0,9.0,0.0,18.0,2.0,1477530.6,2629.0,0.0,23.0,0.0,1.0,1.0,0.0,1.0,5.0,2.0,7.0,8.0,12.0,6.0,34361.0
CRS3035RES200mN2630800E3462400,108.0,53.0,12.0,20.0,0.0,10.0,23.0,2157715.7,4114.0,36.0,17.0,36.0,2.5,1.0,15.5,13.0,10.0,17.0,24.0,11.0,11.0,3.0,19979.0
CRS3035RES200mN2630800E3462600,101.5,54.0,13.0,26.0,3.0,9.0,13.0,2067326.3,3533.0,31.0,23.0,42.0,7.5,1.0,6.0,9.0,11.0,16.0,22.0,13.0,13.0,3.0,20368.0
CRS3035RES200mN2630800E3462800,73.0,33.0,7.0,5.0,0.0,8.0,6.0,1732103.7,2833.0,0.0,33.0,25.0,1.0,0.0,0.0,3.0,7.0,11.0,18.0,24.0,8.0,1.0,23727.0
CRS3035RES200mN2630800E3464000,5.0,2.3,0.2,0.6,0.1,2.0,0.2,128627.9,245.0,0.0,2.3,0.0,0.2,0.2,0.3,0.4,0.1,0.9,1.3,0.3,0.9,0.4,25726.0
CRS3035RES200mN2630800E3464200,93.0,36.0,1.0,9.0,1.0,29.0,3.0,2965979.6,4299.0,0.0,36.0,0.0,4.0,1.0,3.0,7.5,12.5,11.0,26.0,15.0,9.0,4.0,31892.0
CRS3035RES200mN2630800E3464400,2.0,0.9,0.1,0.2,0.0,0.8,0.1,51451.2,98.0,0.0,0.9,0.0,0.1,0.1,0.1,0.2,0.0,0.4,0.5,0.1,0.3,0.2,25726.0
CRS3035RES200mN2630800E3466800,2.0,0.9,0.1,0.3,0.1,0.8,0.1,57358.9,93.4,0.0,0.9,0.0,0.1,0.0,0.1,0.1,0.2,0.2,0.3,0.1,0.6,0.3,28679.0
CRS3035RES200mN2630800E3467400,4.0,1.9,0.2,0.6,0.1,1.6,0.2,111108.8,201.9,0.0,1.9,0.0,0.1,0.1,0.1,0.2,0.3,1.0,0.3,0.8,0.7,0.4,27777.0
CRS3035RES200mN2630800E3467600,4.0,1.9,0.2,0.6,0.1,1.6,0.2,111108.8,201.9,0.0,1.9,0.0,0.1,0.1,0.1,0.2,0.3,1.0,0.3,0.8,0.7,0.4,27777.0
CRS3035RES200mN2630800E3469000,10.0,4.4,0.3,0.9,0.0,3.9,0.2,317871.0,542.1,0.0,4.4,0.0,0.6,0.1,0.2,0.3,0.9,1.5,1.7,2.4,2.0,0.3,31787.0
CRS3035RES200mN2630800E3472000,51.0,19.0,4.0,3.0,0.0,18.0,1.0,1137706.2,2317.0,0.0,19.0,0.0,4.0,1.0,2.0,1.0,6.0,11.0,5.0,4.0,12.0,5.0,22308.0
CRS3035RES200mN2630800E3472200,95.5,42.0,1.0,13.0,1.0,38.0,3.0,2417939.5,4322.0,4.0,38.0,0.0,11.0,3.0,5.0,5.5,1.0,29.0,15.0,13.0,12.0,1.0,25319.0
CRS3035RES200mN2630800E3472400,162.5,59.0,3.0,10.0,3.0,57.0,5.0,4037889.6,5722.0,0.0,59.0,0.0,22.0,5.0,17.5,9.0,4.0,50.0,33.0,12.0,10.0,0.0,24849.0
CRS3035RES200mN2630800E3472600,17.5,8.1,0.0,2.3,0.4,6.9,1.2,442312.7,826.9,0.0,8.1,0.0,0.8,0.4,1.0,1.2,2.3,3.8,3.8,0.4,3.8,0.0,25275.0
CRS3035RES200mN2630800E3473200,2.0,0.7,0.0,0.1,0.1,0.6,0.1,51107.9,70.9,0.1,0.6,0.0,0.0,0.1,0.2,0.1,0.2,0.5,0.4,0.1,0.3,0.1,25554.0
CRS3035RES200mN2630800E3475200,27.0,15.0,1.0,8.0,0.0,13.0,0.0,708356.3,1722.0,0.0,15.0,0.0,0.0,0.0,0.0,2.0,1.0,4.0,8.0,5.0,6.0,1.0,26235.0
CRS3035RES200mN2630800E3475400,111.5,42.0,4.0,9.0,1.0,36.0,2.0,2754191.3,4346.0,0.0,42.0,0.0,8.0,4.5,7.0,8.0,10.0,31.0,27.0,7.0,6.0,3.0,24701.0
CRS3035RES200mN2630800E3475600,97.0,38.0,2.0,8.0,3.0,32.0,3.0,2359617.4,4160.0,0.0,38.0,0.0,4.0,6.0,9.0,9.0,3.0,20.0,29.0,11.0,5.0,1.0,24326.0
CRS3035RES200mN2630800E3475800,5.0,1.9,0.0,0.4,0.3,1.9,0.2,133011.0,251.3,0.0,1.9,0.0,0.3,0.1,0.2,0.8,0.5,0.4,1.3,0.5,0.8,0.1,26602.0
CRS3035RES200mN2630800E3489000,17.5,6.9,0.6,1.5,0.4,5.5,1.3,417813.6,761.2,0.6,6.3,0.0,0.8,0.8,1.3,2.3,1.0,3.0,3.4,2.5,1.3,1.1,23875.0
CRS3035RES200mN2630800E3489200,67.0,32.0,1.0,8.0,1.0,24.0,1.0,1622778.2,3300.0,0.0,32.0,0.0,2.0,0.0,2.0,4.0,4.0,5.0,13.0,7.0,23.0,7.0,24221.0
CRS3035RES200mN2630800E3489400,71.5,28.0,1.0,8.0,4.0,21.0,3.0,1713348.7,3388.0,0.0,28.0,0.0,4.0,3.5,7.5,6.5,3.0,14.0,21.0,4.0,7.0,1.0,23963.0
CRS3035RES200mN2630800E3489600,16.0,6.3,0.5,1.4,0.4,5.0,1.2,382001.0,696.0,0.6,5.7,0.0,0.8,0.7,1.2,2.1,0.9,2.7,3.1,2.3,1.2,1.0,23875.0
CRS3035RES200mN2630800E3489800,68.0,24.0,0.0,3.0,1.0,23.0,3.0,1781349.9,2297.0,0.0,24.0,0.0,6.0,1.0,6.5,6.5,5.0,18.0,17.0,5.0,3.0,0.0,26196.0
CRS3035RES200mN2630800E3490000,14.0,5.2,0.3,1.4,0.3,4.9,0.3,346158.4,709.1,0.0,5.2,0.0,1.0,1.0,0.4,1.4,1.1,2.8,2.8,0.7,2.1,0.7,24726.0
CRS3035RES200mN2630800E3491000,1.0,0.4,0.0,0.1,0.0,0.3,0.0,23826.9,45.2,0.0,0.4,0.0,0.1,0.0,0.1,0.1,0.1,0.2,0.3,0.0,0.1,0.0,23827.0
CRS3035RES200mN2630800E3491200,37.5,14.0,1.0,1.0,1.0,13.0,1.0,847860.0,1849.0,0.0,14.0,0.0,4.0,0.0,3.5,4.0,0.0,10.0,7.0,3.0,6.0,0.0,22610.0
CRS3035RES200mN2630800E3491400,87.0,34.0,3.0,7.0,1.0,29.0,4.0,2204163.0,4160.0,0.0,34.0,0.0,3.0,1.0,6.0,11.0,3.0,15.0,20.0,11.0,16.0,1.0,25335.0
CRS3035RES200mN2630800E3491600,10.0,3.6,0.1,0.6,0.4,3.4,0.3,238269.3,451.9,0.0,3.6,0.0,0.8,0.3,0.9,1.0,0.8,2.4,2.4,0.4,1.0,0.0,23827.0
CRS3035RES200mN2630800E3492800,20.0,8.1,1.6,2.2,1.1,6.5,0.5,381613.0,965.4,0.0,8.1,0.0,1.1,0.5,1.6,2.7,0.6,2.7,4.3,2.7,3.8,0.0,19081.0
CRS3035RES200mN2630800E3493000,28.0,12.0,1.0,4.0,0.0,12.0,0.0,679638.4,1393.0,0.0,12.0,0.0,1.0,0.0,2.0,3.0,0.0,4.0,6.0,1.0,8.0,3.0,24273.0
CRS3035RES200mN2630800E3493200,87.0,36.0,5.0,10.0,2.0,24.0,6.0,1918361.2,3995.0,0.0,36.0,0.0,4.0,2.0,9.0,7.0,3.0,20.0,17.0,11.0,6.0,8.0,22050.0
CRS3035RES200mN2630800E3493400,42.5,21.0,3.0,8.0,0.0,17.0,3.0,798698.1,2228.0,0.0,21.0,0.0,3.0,1.5,3.5,2.5,2.0,9.0,8.0,1.0,9.0,3.0,18793.0
CRS3035RES200mN2631000E3459600,43.5,19.3,2.2,4.5,0.7,15.6,0.7,1271265.0,2554.2,0.0,19.3,0.0,0.0,2.2,0.7,3.4,0.7,5.2,8.2,11.2,11.2,0.7,29224.0
CRS3035RES200mN2631000E3460000,10.0,4.5,0.4,1.2,0.3,4.2,0.4,295489.6,519.5,0.0,4.5,0.0,0.3,0.0,0.8,0.8,0.4,1.1,2.1,1.2,2.2,1.1,29549.0
CRS3035RES200mN2631000E3460200,25.0,17.0,2.0,10.0,0.0,13.0,2.0,617843.3,1664.0,0.0,17.0,0.0,0.0,0.5,1.5,0.0,0.0,2.0,7.0,7.0,6.0,1.0,24714.0
CRS3035RES200mN2631000E3460400,14.0,6.3,0.6,1.7,0.4,5.9,0.6,413685.5,727.3,0.0,6.3,0.0,0.4,0.0,1.1,1.1,0.6,1.6,2.9,1.7,3.0,1.6,29549.0
CRS3035RES200mN2631000E3460600,94.5,42.0,1.0,13.0,2.0,35.0,3.0,2763035.5,4722.0,0.0,42.0,0.0,4.0,0.0,1.0,8.0,10.5,11.0,24.0,14.0,14.0,8.0,29238.0
CRS3035RES200mN2631000E3460800,6.5,2.9,0.3,0.8,0.2,2.7,0.3,192068.3,337.7,0.0,2.9,0.0,0.2,0.0,0.5,0.6,0.3,0.7,1.3,0.8,1.4,0.7,29549.0
CRS3035RES200mN2631000E3461800,9.0,3.6,0.4,0.6,0.2,3.6,0.1,275302.9,477.1,0.0,3.6,0.0,0.1,0.2,0.7,0.5,0.6,1.0,1.2,1.2,3.1,0.4,30589.0
CRS3035RES200mN2631000E3462000,86.5,36.0,0.0,7.0,2.0,34.0,2.0,2710817.2,4129.0,0.0,36.0,0.0,1.0,2.0,3.0,6.5,7.0,10.0,14.0,11.0,23.0,9.0,31339.0
CRS3035RES200mN2631000E3462200,105.0,45.0,0.0,8.0,2.0,41.0,2.0,3136841.0,4638.0,0.0,45.0,0.0,4.0,4.0,8.5,5.5,3.0,12.0,14.0,10.0,34.0,10.0,29875.0
CRS3035RES200mN2631000E3462400,187.0,89.0,6.0,25.0,3.0,67.0,10.0,5117026.2,8239.0,6.0,83.0,0.0,6.5,2.0,7.5,11.0,17.0,29.0,25.0,33.0,42.0,14.0,27364.0
CRS3035RES200mN2631000E3462600,78.5,33.0,4.0,10.0,1.0,31.0,2.0,2186309.4,3807.0,0.0,33.0,0.0,2.0,3.0,10.0,2.5,4.0,14.0,8.0,14.0,12.0,9.0,27851.0
CRS3035RES200mN2631000E3462800,87.0,39.0,1.0,7.0,0.0,39.0,1.0,2530822.0,4202.0,0.0,39.0,0.0,1.0,3.0,2.0,3.0,5.0,7.0,13.0,13.0,32.0,8.0,29090.0
CRS3035RES200mN2631000E3463000,4.0,1.9,0.1,0.5,0.0,1.5,0.0,104034.9,230.1,0.0,1.9,0.0,0.0,0.0,0.0,0.3,0.3,0.0,1.0,0.5,1.6,0.3,26009.0
CRS3035RES200mN2631000E3464000,2.0,1.1,0.1,0.6,0.1,0.7,0.2,49978.0,119.0,0.0,1.1,0.0,0.0,0.1,0.0,0.2,0.3,0.2,0.6,0.1,0.2,0.3,24989.0
CRS3035RES200mN2631000E3464200,10.0,5.7,0.5,2.9,0.5,3.3,1.0,249890.0,594.8,0.0,5.7,0.0,0.0,0.5,0.0,0.9,1.4,1.0,3.3,0.5,1.0,1.4,24989.0
CRS3035RES200mN2631000E3466800,3.0,1.5,0.2,0.5,0.1,1.2,0.1,83331.6,151.4,0.0,1.5,0.0,0.1,0.1,0.1,0.1,0.2,0.8,0.2,0.6,0.5,0.3,27777.0
CRS3035RES200mN2631000E3467200,10.0,4.9,0.5,1.5,0.3,4.0,0.4,277771.9,504.7,0.0,4.9,0.0,0.2,0.3,0.4,0.4,0.7,2.6,0.8,2.0,1.7,0.9,27777.0
CRS3035RES200mN2631000E3469000,2.0,0.8,0.2,0.2,0.0,0.7,0.2,45900.7,110.5,0.0,0.8,0.0,0.0,0.0,0.2,0.1,0.2,0.3,0.2,0.4,0.5,0.1,22950.0
CRS3035RES200mN2631000E3472000,30.5,12.0,3.0,1.0,0.0,10.0,1.0,759430.1,1551.0,0.0,12.0,0.0,2.5,2.0,0.0,1.0,3.0,9.0,3.0,6.0,3.0,1.0,24899.0
CRS3035RES200mN2631000E3472200,98.5,41.0,4.0,9.0,2.0,31.0,7.0,2522708.2,4673.0,1.0,40.0,0.0,4.0,5.0,6.5,10.0,4.0,18.0,28.0,12.0,10.0,1.0,25611.0
CRS3035RES200mN2631000E3472400,189.0,62.0,3.0,10.0,7.0,59.0,6.0,4354441.8,5982.0,0.0,62.0,0.0,21.0,13.0,16.0,22.5,7.5,77.0,26.0,3.0,3.0,0.0,23039.0
CRS3035RES200mN2631000E3472600,34.0,12.0,0.0,1.0,1.0,12.0,0.0,892410.4,1167.0,0.0,12.0,0.0,4.0,1.0,4.0,1.0,3.0,17.0,2.0,0.0,2.0,0.0,26247.0
CRS3035RES200mN2631000E3473000,14.0,4.7,0.2,0.4,0.6,4.1,0.4,357755.5,496.5,0.4,4.3,0.0,0.4,0.4,1.2,0.6,1.2,3.5,2.7,1.0,2.0,1.0,25554.0
CRS3035RES200mN2631000E3473200,68.0,30.0,2.0,7.0,0.0,26.0,3.0,1760586.5,3298.0,1.0,29.0,0.0,3.0,0.0,1.0,4.0,6.0,11.0,13.0,14.0,15.0,1.0,25891.0
CRS3035RES200mN2631000E3473400,46.5,16.0,3.0,4.0,1.0,15.0,1.0,1136274.2,1682.0,0.0,16.0,0.0,4.0,3.0,3.0,5.5,2.0,11.0,10.0,4.0,4.0,0.0,24436.0
CRS3035RES200mN2631000E3475200,29.0,11.0,2.0,3.0,1.0,3.0,1.0,566033.1,823.0,0.0,11.0,0.0,1.0,1.0,3.0,3.0,3.0,9.0,5.0,3.0,1.0,0.0,19518.0
CRS3035RES200mN2631000E3475400,69.5,34.0,5.0,12.0,1.0,29.0,2.0,1630659.4,3489.0,2.0,32.0,0.0,4.0,2.0,1.5,0.0,9.0,7.0,17.0,9.0,14.0,6.0,23463.0
CRS3035RES200mN2631000E3475600,57.0,29.0,3.0,8.0,0.0,27.0,2.0,1533565.5,2975.0,0.0,29.0,0.0,2.0,0.0,2.0,1.0,3.0,5.0,15.0,10.0,15.0,4.0,26905.0
CRS3035RES200mN2631000E3475800,79.0,32.0,3.0,7.0,1.0,27.0,5.0,1904511.0,3329.0,0.0,32.0,0.0,3.0,1.5,3.0,11.5,6.0,14.0,21.0,8.0,7.0,4.0,24108.0
CRS3035RES200mN2631000E3476000,18.0,7.1,1.4,2.0,0.7,5.4,0.0,379915.9,723.1,0.3,6.8,0.0,0.7,0.3,0.7,1.7,1.4,3.0,3.7,2.7,3.1,0.7,21106.0
CRS3035RES200mN2631000E3478800,4.0,1.7,0.3,0.6,0.1,1.3,0.1,88589.7,181.4,0.0,1.7,0.0,0.1,0.0,0.3,0.3,0.4,0.7,0.7,0.7,0.6,0.2,22147.0
CRS3035RES200mN2631000E3480400,3.0,1.4,0.2,0.4,0.0,0.8,0.1,64555.8,156.9,0.2,1.2,0.0,0.2,0.1,0.1,0.1,0.1,0.6,0.2,0.9,0.6,0.1,21519.0
CRS3035RES200mN2631000E3489000,30.0,11.0,0.0,2.0,0.0,6.0,1.0,757013.1,1166.0,0.0,11.0,5.0,0.0,0.0,3.0,3.0,5.0,3.0,10.0,3.0,3.0,0.0,25234.0
CRS3035RES200mN2631000E3489200,43.5,16.0,1.0,2.0,2.0,13.0,3.0,1118035.4,1711.0,0.0,16.0,0.0,1.0,1.0,5.5,1.0,4.0,14.0,6.0,7.0,4.0,0.0,25702.0
CRS3035RES200mN2631000E3489400,23.0,10.1,0.0,1.9,0.0,8.6,0.0,602075.5,968.9,0.0,10.1,0.0,0.5,0.9,1.9,0.9,0.5,6.2,2.9,2.9,5.3,1.0,26177.0
CRS3035RES200mN2631000E3489600,6.0,2.6,0.0,0.5,0.0,2.2,0.0,157063.2,252.8,0.0,2.6,0.0,0.1,0.2,0.5,0.2,0.1,1.6,0.8,0.8,1.4,0.3,26177.0
CRS3035RES200mN2631000E3490800,1.0,0.4,0.0,0.1,0.0,0.4,0.0,24725.6,50.7,0.0,0.4,0.0,0.1,0.1,0.0,0.1,0.1,0.2,0.2,0.0,0.2,0.0,24726.0
CRS3035RES200mN2631000E3491200,2.0,1.0,0.1,0.3,0.0,0.8,0.1,46311.4,121.8,0.0,1.0,0.0,0.1,0.1,0.0,0.1,0.0,0.3,0.3,0.4,0.4,0.3,23156.0
CRS3035RES200mN2631000E3491400,16.0,7.7,1.0,2.1,0.0,6.7,0.5,370490.9,974.5,0.0,7.7,0.0,1.0,0.5,0.0,1.0,0.0,2.1,2.6,3.1,3.6,2.1,23156.0
CRS3035RES200mN2631000E3493200,1.0,0.4,0.1,0.1,0.0,0.3,0.1,24810.7,51.8,0.0,0.4,0.0,0.0,0.0,0.0,0.1,0.1,0.1,0.3,0.2,0.1,0.1,24811.0
CRS3035RES200mN2631000E3493400,23.0,9.9,2.5,2.5,0.6,6.2,1.2,570646.7,1192.3,0.0,9.9,0.0,0.6,0.0,1.2,3.1,1.2,1.9,7.5,3.7,1.3,2.5,24811.0
CRS3035RES200mN2631000E3493600,4.0,1.7,0.4,0.4,0.1,1.1,0.2,99242.9,207.4,0.0,1.7,0.0,0.1,0.0,0.2,0.6,0.2,0.3,1.3,0.7,0.2,0.4,24811.0
CRS3035RES200mN2631000E3493800,1.0,0.4,0.1,0.1,0.0,0.3,0.1,24810.7,51.8,0.0,0.4,0.0,0.0,0.0,0.0,0.1,0.1,0.1,0.3,0.2,0.1,0.1,24811.0
CRS3035RES200mN2631000E3494200,4.0,2.1,0.3,1.0,0.0,1.8,0.0,91889.4,229.0,0.0,2.1,0.0,0.1,0.1,0.2,0.2,0.3,0.5,0.8,0.8,0.9,0.1,22972.0
CRS3035RES200mN2631000E3494400,4.0,2.1,0.3,1.0,0.0,1.8,0.0,91889.4,229.0,0.0,2.1,0.0,0.1,0.1,0.2,0.2,0.3,0.5,0.8,0.8,0.9,0.1,22972.0
CRS3035RES200mN2631200E3459600,11.0,4.9,0.6,1.1,0.2,3.9,0.2,321469.3,645.9,0.0,4.9,0.0,0.0,0.6,0.2,0.8,0.2,1.3,2.1,2.8,2.8,0.2,29224.0
CRS3035RES200mN2631200E3459800,47.0,25.0,2.0,10.0,0.0,19.0,1.0,1302598.7,2599.0,0.0,25.0,0.0,1.0,1.0,2.0,2.0,2.0,3.0,10.0,12.0,10.0,4.0,27715.0
CRS3035RES200mN2631200E3460000,117.0,60.0,6.0,23.0,1.0,50.0,7.0,2942919.0,5573.0,0.0,60.0,2.0,2.0,3.0,5.5,7.5,10.0,21.0,21.0,17.0,18.0,12.0,25153.0
CRS3035RES200mN2631200E3460200,158.5,76.0,9.0,25.0,0.0,57.0,11.0,4037946.3,7193.0,5.0,71.0,0.0,3.0,2.0,3.0,12.5,19.0,26.0,45.0,19.0,22.0,7.0,25476.0
CRS3035RES200mN2631200E3460400,19.5,8.8,0.8,2.4,0.6,8.2,0.8,576204.8,1013.0,0.0,8.8,0.0,0.6,0.0,1.6,1.6,0.8,2.2,4.0,2.4,4.1,2.2,29549.0
CRS3035RES200mN2631200E3460600,4.0,1.8,0.2,0.5,0.1,1.7,0.2,118195.9,207.8,0.0,1.8,0.0,0.1,0.0,0.3,0.3,0.2,0.4,0.8,0.5,0.9,0.5,29549.0
CRS3035RES200mN2631200E3461800,4.0,1.6,0.2,0.3,0.1,1.6,0.1,122356.8,212.1,0.0,1.6,0.0,0.1,0.1,0.3,0.2,0.3,0.4,0.5,0.5,1.4,0.2,30589.0
CRS3035RES200mN2631200E3462000,120.5,48.0,5.0,6.0,3.0,27.0,14.0,3244098.7,4486.0,0.0,48.0,17.0,2.0,4.0,14.0,14.5,5.0,22.0,17.0,13.0,24.0,5.0,26922.0
CRS3035RES200mN2631200E3462200,95.0,39.0,0.0,8.0,2.0,39.0,1.0,2589702.9,4237.0,0.0,39.0,0.0,2.0,1.0,4.0,8.0,3.0,8.0,16.0,13.0,31.0,9.0,27260.0
CRS3035RES200mN2631200E3462400,88.0,41.0,0.0,7.0,1.0,41.0,3.0,2834129.2,4394.0,0.0,41.0,0.0,2.0,1.0,0.0,4.0,3.0,9.0,13.0,14.0,36.0,6.0,32206.0
CRS3035RES200mN2631200E3462600,1.0,0.5,0.0,0.2,0.0,0.5,0.0,34068.9,53.2,0.0,0.5,0.0,0.0,0.0,0.1,0.0,0.0,0.1,0.1,0.2,0.4,0.1,34069.0
CRS3035RES200mN2631200E3462800,16.0,7.5,0.0,2.7,0.5,7.5,0.0,545102.5,851.2,0.0,7.5,0.0,0.5,0.0,1.1,0.5,0.5,1.1,1.1,3.7,5.9,1.6,34069.0
CRS3035RES200mN2631200E3463000,8.5,4.0,0.3,1.1,0.0,3.1,0.0,221074.3,489.0,0.0,4.0,0.0,0.0,0.0,0.0,0.6,0.6,0.0,2.2,1.1,3.4,0.6,26009.0
CRS3035RES200mN2631200E3465000,6.0,3.4,0.3,1.7,0.3,2.0,0.6,149934.0,356.9,0.0,3.4,0.0,0.0,0.3,0.0,0.6,0.8,0.6,2.0,0.3,0.6,0.8,24989.0
CRS3035RES200mN2631200E3466800,1.0,0.5,0.1,0.2,0.0,0.4,0.0,27777.2,50.5,0.0,0.5,0.0,0.0,0.0,0.0,0.0,0.1,0.3,0.1,0.2,0.2,0.1,27777.0
CRS3035RES200mN2631200E3472000,35.0,11.0,0.0,1.0,1.0,9.0,2.0,917981.3,1351.0,0.0,11.0,0.0,2.0,1.0,1.0,7.0,5.0,4.0,9.0,3.0,3.0,0.0,26228.0
CRS3035RES200mN2631200E3472200,103.5,41.0,1.0,6.0,2.0,30.0,4.0,2622086.6,4061.0,2.0,39.0,0.0,3.0,2.0,7.0,10.0,3.5,21.0,23.0,15.0,15.0,4.0,25334.0
CRS3035RES200mN2631200E3472400,162.5,57.0,2.0,9.0,3.0,54.0,4.0,3934371.7,5445.0,0.0,57.0,0.0,21.0,6.0,11.0,14.5,9.0,61.0,32.0,6.0,1.0,1.0,24212.0
CRS3035RES200mN2631200E3472600,33.5,12.0,0.0,2.0,1.0,12.0,1.0,818936.5,1130.0,0.0,12.0,0.0,5.5,2.0,2.0,3.0,0.0,15.0,4.0,2.0,0.0,0.0,24446.0
CRS3035RES200mN2631200E3473200,22.0,7.4,0.3,0.6,0.9,6.5,0.6,562187.3,780.2,0.6,6.8,0.0,0.6,0.6,1.9,0.9,1.9,5.6,4.3,1.5,3.1,1.6,25554.0
CRS3035RES200mN2631200E3473400,24.0,8.1,0.3,0.7,1.0,7.1,0.7,613295.2,851.2,0.7,7.4,0.0,0.7,0.7,2.0,1.0,2.0,6.1,4.7,1.7,3.4,1.7,25554.0
CRS3035RES200mN2631200E3473800,2.0,0.7,0.0,0.1,0.1,0.6,0.1,51107.9,70.9,0.1,0.6,0.0,0.0,0.1,0.2,0.1,0.2,0.5,0.4,0.1,0.3,0.1,25554.0
CRS3035RES200mN2631200E3475000,12.0,4.4,0.2,0.7,0.5,3.6,0.1,311990.6,503.2,0.0,4.4,0.0,0.2,0.5,0.8,1.2,0.8,1.9,3.0,1.3,1.8,0.5,25999.0
CRS3035RES200mN2631200E3475200,39.0,17.0,2.0,4.0,1.0,10.0,1.0,989154.6,1636.0,0.0,17.0,0.0,1.0,2.0,4.0,1.0,3.0,10.0,11.0,4.0,1.0,2.0,25363.0
CRS3035RES200mN2631200E3475400,59.5,21.0,3.0,2.0,2.0,16.0,3.0,1454244.2,2648.0,0.0,21.0,0.0,3.0,1.0,4.5,7.0,3.0,8.0,14.0,7.0,6.0,5.0,24441.0
CRS3035RES200mN2631200E3475600,26.5,9.6,0.4,1.5,1.1,7.9,0.2,688979.2,1111.3,0.0,9.6,0.0,0.4,1.1,1.7,2.8,1.7,4.3,6.6,2.8,4.0,1.1,25999.0
CRS3035RES200mN2631200E3475800,25.5,9.3,0.4,1.4,1.0,7.6,0.2,662980.0,1069.4,0.0,9.3,0.0,0.4,1.0,1.6,2.7,1.7,4.1,6.4,2.7,3.9,1.0,25999.0
CRS3035RES200mN2631200E3476000,5.0,2.0,0.4,0.6,0.2,1.5,0.0,105532.2,200.8,0.1,1.9,0.0,0.2,0.1,0.2,0.5,0.4,0.8,1.0,0.8,0.8,0.2,21106.0
CRS3035RES200mN2631200E3476200,4.0,1.6,0.3,0.5,0.2,1.2,0.0,84425.8,160.7,0.1,1.5,0.0,0.1,0.1,0.1,0.4,0.3,0.7,0.8,0.6,0.7,0.2,21106.0
CRS3035RES200mN2631200E3478000,2.0,0.8,0.1,0.3,0.0,0.7,0.0,44294.8,90.7,0.0,0.8,0.0,0.0,0.0,0.2,0.2,0.2,0.4,0.3,0.3,0.3,0.1,22147.0
CRS3035RES200mN2631200E3478200,5.0,2.1,0.3,0.7,0.1,1.7,0.1,110737.1,226.7,0.0,2.1,0.0,0.1,0.0,0.4,0.4,0.5,1.0,0.8,0.9,0.7,0.2,22147.0
CRS3035RES200mN2631200E3486200,18.5,6.5,0.8,0.7,0.6,5.9,0.6,410924.7,814.6,0.0,6.5,0.0,1.6,0.3,1.0,2.5,0.9,3.9,3.8,1.9,1.4,1.2,22212.0
CRS3035RES200mN2631200E3486400,10.0,3.5,0.4,0.4,0.3,3.2,0.3,222121.5,440.3,0.0,3.5,0.0,0.9,0.2,0.5,1.3,0.5,2.1,2.1,1.0,0.8,0.6,22212.0
CRS3035RES200mN2631200E3489000,25.0,12.0,4.0,5.0,1.0,3.0,1.0,461434.0,948.0,0.0,12.0,5.0,0.0,1.0,1.0,5.0,0.0,4.0,8.0,4.0,2.0,0.0,18457.0
CRS3035RES200mN2631200E3491000,3.0,1.5,0.2,0.4,0.0,1.3,0.1,69467.0,182.7,0.0,1.5,0.0,0.2,0.1,0.0,0.2,0.0,0.4,0.5,0.6,0.6,0.4,23156.0
CRS3035RES200mN2631400E3459800,4.0,1.8,0.2,0.4,0.1,1.4,0.1,116897.9,234.9,0.0,1.8,0.0,0.0,0.2,0.1,0.3,0.1,0.5,0.7,1.0,1.0,0.1,29224.0
CRS3035RES200mN2631400E3460000,25.0,11.2,1.0,3.1,0.8,10.5,1.0,738724.1,1298.7,0.0,11.2,0.0,0.8,0.0,2.0,2.0,1.0,2.8,5.1,3.1,5.4,2.8,29549.0
CRS3035RES200mN2631400E3460200,59.0,26.0,1.0,2.0,1.0,26.0,1.0,1913332.8,3404.0,0.0,26.0,0.0,1.0,0.0,2.0,1.0,5.0,4.0,8.0,10.0,20.0,8.0,32429.0
CRS3035RES200mN2631400E3460400,48.0,25.0,1.0,10.0,1.0,24.0,0.0,1385001.8,2916.0,0.0,25.0,0.0,0.0,0.0,0.0,3.0,4.0,1.0,5.0,14.0,16.0,5.0,28854.0
CRS3035RES200mN2631400E3460600,28.0,12.0,0.0,2.0,0.0,12.0,0.0,899674.7,1301.0,0.0,12.0,0.0,1.0,1.0,0.0,0.0,2.0,3.0,2.0,7.0,11.0,1.0,32131.0
CRS3035RES200mN2631400E3462000,33.0,15.0,2.0,4.0,1.0,15.0,0.0,1069245.4,2115.0,0.0,15.0,0.0,1.0,0.0,2.0,3.0,1.0,0.0,7.0,3.0,16.0,0.0,32401.0
CRS3035RES200mN2631400E3462200,44.0,20.0,1.0,5.0,1.0,19.0,1.0,1359888.8,2449.0,0.0,20.0,0.0,1.5,1.0,2.0,3.5,1.0,3.0,7.0,4.0,17.0,4.0,30907.0
CRS3035RES200mN2631400E3462400,13.0,6.1,0.0,2.2,0.4,6.1,0.0,442895.8,691.6,0.0,6.1,0.0,0.4,0.0,0.9,0.4,0.4,0.9,0.9,3.0,4.8,1.3,34069.0
CRS3035RES200mN2631400E3469000,2.0,0.8,0.2,0.2,0.0,0.7,0.2,45900.7,110.5,0.0,0.8,0.0,0.0,0.0,0.2,0.1,0.2,0.3,0.2,0.4,0.5,0.1,22950.0
CRS3035RES200mN2631400E3469400,2.0,0.8,0.2,0.2,0.0,0.7,0.2,45900.7,110.5,0.0,0.8,0.0,0.0,0.0,0.2,0.1,0.2,0.3,0.2,0.4,0.5,0.1,22950.0
CRS3035RES200mN2631400E3472000,9.5,4.3,0.0,1.7,0.0,4.3,0.3,231665.1,469.0,0.0,4.3,0.0,0.7,0.3,0.7,0.5,0.3,4.0,1.7,1.0,0.0,0.3,24386.0
CRS3035RES200mN2631400E3472200,94.5,35.0,3.0,5.0,2.0,32.0,4.0,2339950.8,3970.0,0.0,35.0,0.0,3.0,4.0,7.5,5.0,9.0,20.0,21.0,10.0,10.0,5.0,24761.0
CRS3035RES200mN2631400E3472400,99.0,33.0,1.0,2.0,4.0,32.0,1.0,2736519.6,3553.0,0.0,33.0,0.0,10.0,1.0,2.5,2.0,17.5,23.0,26.0,11.0,6.0,0.0,27642.0
CRS3035RES200mN2631400E3472600,19.0,8.7,0.0,3.3,0.0,8.7,0.7,463330.2,938.0,0.0,8.7,0.0,1.3,0.7,1.3,1.0,0.7,8.0,3.3,2.0,0.0,0.7,24386.0
CRS3035RES200mN2631400E3473800,7.0,2.4,0.1,0.2,0.3,2.1,0.2,178877.8,248.3,0.2,2.2,0.0,0.2,0.2,0.6,0.3,0.6,1.7,1.4,0.5,1.0,0.5,25554.0
CRS3035RES200mN2631400E3474800,2.0,0.7,0.0,0.2,0.1,0.7,0.1,53204.4,100.5,0.0,0.7,0.0,0.1,0.0,0.1,0.3,0.2,0.2,0.6,0.2,0.3,0.0,26602.0
CRS3035RES200mN2631400E3475000,17.0,6.2,0.3,1.0,0.7,5.1,0.1,441986.7,712.9,0.0,6.2,0.0,0.3,0.7,1.1,1.8,1.1,2.7,4.2,1.8,2.6,0.7,25999.0
CRS3035RES200mN2631400E3475200,64.0,26.0,0.0,3.0,1.0,18.0,2.0,1538067.2,3011.0,0.0,26.0,0.0,4.0,2.0,2.0,7.0,1.0,20.0,7.0,9.0,11.0,1.0,24032.0
CRS3035RES200mN2631400E3475400,9.0,3.3,0.1,0.5,0.4,2.7,0.1,233993.0,377.4,0.0,3.3,0.0,0.1,0.4,0.6,0.9,0.6,1.5,2.2,0.9,1.4,0.4,25999.0
CRS3035RES200mN2631400E3486200,13.0,4.6,0.6,0.5,0.4,4.1,0.4,288757.9,572.4,0.0,4.6,0.0,1.1,0.2,0.7,1.7,0.7,2.8,2.7,1.3,1.0,0.8,22212.0
CRS3035RES200mN2631400E3486400,13.0,4.6,0.6,0.5,0.4,4.1,0.4,288757.9,572.4,0.0,4.6,0.0,1.1,0.2,0.7,1.7,0.7,2.8,2.7,1.3,1.0,0.8,22212.0
CRS3035RES200mN2631400E3486600,36.0,12.6,1.6,1.4,1.1,11.5,1.1,799637.3,1585.1,0.0,12.6,0.0,3.1,0.7,1.9,4.8,1.8,7.7,7.4,3.6,2.7,2.3,22212.0
CRS3035RES200mN2631400E3486800,26.0,9.1,1.1,1.0,0.8,8.3,0.8,577515.8,1144.8,0.0,9.1,0.0,2.3,0.5,1.4,3.5,1.3,5.5,5.4,2.6,1.9,1.6,22212.0
CRS3035RES200mN2631400E3487000,6.0,2.1,0.3,0.2,0.2,1.9,0.2,133272.9,264.2,0.0,2.1,0.0,0.5,0.1,0.3,0.8,0.3,1.3,1.2,0.6,0.5,0.4,22212.0
CRS3035RES200mN2631400E3488800,2.0,0.9,0.0,0.2,0.0,0.8,0.0,52354.4,84.2,0.0,0.9,0.0,0.0,0.1,0.2,0.1,0.0,0.5,0.2,0.3,0.5,0.1,26177.0
CRS3035RES200mN2631600E3460200,11.0,4.9,0.4,1.3,0.3,4.6,0.4,325038.6,571.4,0.0,4.9,0.0,0.3,0.0,0.9,0.9,0.5,1.2,2.2,1.4,2.4,1.2,29549.0
CRS3035RES200mN2631600E3460400,45.0,21.0,0.0,3.0,0.0,20.0,0.0,1190488.9,2271.0,0.0,21.0,0.0,0.0,0.0,0.0,4.0,2.0,1.0,6.0,12.0,20.0,0.0,26455.0
CRS3035RES200mN2631600E3460600,8.0,3.6,0.3,1.0,0.2,3.3,0.3,236391.7,415.6,0.0,3.6,0.0,0.2,0.0,0.7,0.7,0.3,0.9,1.6,1.0,1.7,0.9,29549.0
CRS3035RES200mN2631600E3466000,5.0,2.4,0.3,0.8,0.1,2.0,0.2,138886.0,252.4,0.0,2.4,0.0,0.1,0.1,0.2,0.2,0.4,1.3,0.4,1.0,0.8,0.5,27777.0
CRS3035RES200mN2631600E3472000,36.0,12.0,2.0,0.0,2.0,12.0,0.0,864929.8,1342.0,0.0,12.0,0.0,1.0,0.0,3.0,1.0,3.0,5.0,7.0,5.0,10.0,1.0,24026.0
CRS3035RES200mN2631600E3472200,84.0,33.0,2.0,5.0,1.0,29.0,4.0,2291657.8,3602.0,0.0,33.0,0.0,0.0,6.0,10.0,7.0,4.0,18.0,19.0,10.0,8.0,2.0,27282.0
CRS3035RES200mN2631600E3472400,77.5,30.0,2.0,4.0,0.0,27.0,2.0,2043211.1,3007.0,0.0,30.0,0.0,2.0,0.0,3.0,6.5,11.0,9.0,28.0,8.0,9.0,1.0,26364.0
CRS3035RES200mN2631600E3474800,6.0,2.2,0.0,0.5,0.4,2.2,0.2,159613.2,301.5,0.0,2.2,0.0,0.4,0.1,0.2,0.9,0.6,0.5,1.7,0.6,0.9,0.1,26602.0
CRS3035RES200mN2631600E3475000,36.0,14.0,2.0,3.0,3.0,13.0,2.0,1025312.2,1799.0,0.0,14.0,0.0,0.0,0.0,3.0,4.0,5.0,2.0,11.0,7.0,4.0,0.0,28481.0
CRS3035RES200mN2631600E3475200,25.0,9.1,0.4,1.4,1.0,7.5,0.2,649980.4,1048.4,0.0,9.1,0.0,0.4,1.0,1.6,2.6,1.6,4.1,6.3,2.6,3.8,1.0,25999.0
CRS3035RES200mN2631600E3475400,3.0,1.1,0.0,0.2,0.1,0.9,0.0,77997.7,125.8,0.0,1.1,0.0,0.0,0.1,0.2,0.3,0.2,0.5,0.8,0.3,0.5,0.1,25999.0
CRS3035RES200mN2631600E3486600,2.0,0.7,0.1,0.1,0.1,0.6,0.1,44424.3,88.1,0.0,0.7,0.0,0.2,0.0,0.1,0.3,0.1,0.4,0.4,0.2,0.2,0.1,22212.0
CRS3035RES200mN2631600E3486800,16.5,5.8,0.7,0.6,0.5,5.3,0.5,366500.4,726.5,0.0,5.8,0.0,1.5,0.3,0.9,2.2,0.8,3.5,3.4,1.7,1.2,1.0,22212.0
CRS3035RES200mN2631600E3487200,3.0,1.0,0.1,0.1,0.1,1.0,0.1,66636.4,132.1,0.0,1.0,0.0,0.3,0.1,0.2,0.4,0.1,0.6,0.6,0.3,0.2,0.2,22212.0
CRS3035RES200mN2631600E3490600,10.0,3.8,0.2,1.0,0.2,3.5,0.2,247256.0,506.5,0.0,3.8,0.0,0.7,0.7,0.3,1.0,0.8,2.0,2.0,0.5,1.5,0.5,24726.0
CRS3035RES200mN2631600E3492400,1.0,0.4,0.1,0.1,0.0,0.3,0.1,24810.7,51.8,0.0,0.4,0.0,0.0,0.0,0.0,0.1,0.1,0.1,0.3,0.2,0.1,0.1,24811.0
CRS3035RES200mN2631800E3461200,1.0,0.4,0.0,0.1,0.0,0.4,0.0,30589.2,53.0,0.0,0.4,0.0,0.0,0.0,0.1,0.1,0.1,0.1,0.1,0.1,0.4,0.0,30589.0
CRS3035RES200mN2631800E3463400,13.5,6.3,0.4,1.8,0.0,5.0,0.0,351118.0,776.7,0.0,6.3,0.0,0.0,0.0,0.0,0.9,0.9,0.0,3.6,1.8,5.4,0.9,26009.0
CRS3035RES200mN2631800E3471200,1.0,0.4,0.0,0.1,0.0,0.3,0.0,27339.8,45.9,0.0,0.4,0.0,0.1,0.0,0.1,0.1,0.0,0.2,0.2,0.1,0.2,0.0,27340.0
CRS3035RES200mN2631800E3472200,60.5,21.0,0.0,2.0,3.0,18.0,1.0,1748360.6,2285.0,0.0,21.0,0.0,1.0,2.0,5.0,5.0,3.5,14.0,10.0,5.0,13.0,2.0,28899.0
CRS3035RES200mN2631800E3472400,32.0,13.0,0.0,3.0,0.0,9.0,0.0,818161.4,1307.0,0.0,13.0,0.0,1.0,1.0,1.0,1.0,6.0,8.0,7.0,3.0,4.0,0.0,25568.0
CRS3035RES200mN2631800E3475000,3.0,1.1,0.0,0.2,0.1,0.9,0.0,77997.7,125.8,0.0,1.1,0.0,0.0,0.1,0.2,0.3,0.2,0.5,0.8,0.3,0.5,0.1,25999.0
CRS3035RES200mN2631800E3475200,3.0,1.1,0.0,0.2,0.1,0.9,0.0,77997.7,125.8,0.0,1.1,0.0,0.0,0.1,0.2,0.3,0.2,0.5,0.8,0.3,0.5,0.1,25999.0
CRS3035RES200mN2631800E3483000,2.0,0.9,0.1,0.3,0.0,0.5,0.0,43037.2,104.6,0.1,0.8,0.0,0.1,0.0,0.0,0.1,0.1,0.4,0.2,0.6,0.4,0.1,21519.0
CRS3035RES200mN2631800E3491000,1.0,0.5,0.1,0.1,0.0,0.4,0.0,23155.7,60.9,0.0,0.5,0.0,0.1,0.0,0.0,0.1,0.0,0.1,0.2,0.2,0.2,0.1,23156.0
CRS3035RES200mN2631800E3491200,9.0,4.4,0.6,1.2,0.0,3.8,0.3,208401.1,548.1,0.0,4.4,0.0,0.6,0.3,0.0,0.6,0.0,1.2,1.4,1.7,2.0,1.2,23156.0
CRS3035RES200mN2631800E3492400,3.0,1.3,0.3,0.3,0.1,0.8,0.2,74432.2,155.5,0.0,1.3,0.0,0.1,0.0,0.1,0.4,0.2,0.2,1.0,0.5,0.2,0.3,24811.0
CRS3035RES200mN2631800E3492600,2.0,0.9,0.2,0.2,0.1,0.5,0.1,49621.5,103.7,0.0,0.9,0.0,0.1,0.0,0.1,0.3,0.1,0.2,0.6,0.3,0.1,0.2,24811.0
CRS3035RES200mN2631800E3492800,2.0,0.9,0.2,0.2,0.1,0.5,0.1,49621.5,103.7,0.0,0.9,0.0,0.1,0.0,0.1,0.3,0.1,0.2,0.6,0.3,0.1,0.2,24811.0
CRS3035RES200mN2632000E3460800,2.0,1.1,0.1,0.4,0.0,0.8,0.0,63042.5,159.4,0.0,1.1,0.0,0.0,0.0,0.0,0.0,0.0,0.1,0.3,0.3,1.0,0.3,31521.0
CRS3035RES200mN2632000E3461400,1.0,0.6,0.1,0.2,0.0,0.4,0.0,31521.3,79.7,0.0,0.6,0.0,0.0,0.0,0.0,0.0,0.0,0.0,0.1,0.2,0.5,0.2,31521.0
CRS3035RES200mN2632000E3461600,3.0,1.7,0.2,0.6,0.0,1.1,0.0,94563.8,239.1,0.0,1.7,0.0,0.0,0.0,0.0,0.1,0.0,0.1,0.4,0.4,1.6,0.4,31521.0
CRS3035RES200mN2632000E3463400,1.0,0.6,0.1,0.2,0.0,0.4,0.0,31521.3,79.7,0.0,0.6,0.0,0.0,0.0,0.0,0.0,0.0,0.0,0.1,0.2,0.5,0.2,31521.0
CRS3035RES200mN2632000E3464000,8.0,3.5,0.2,0.6,0.0,3.3,0.2,224238.7,422.2,0.0,3.5,0.0,0.0,0.0,0.2,0.2,1.4,0.2,1.4,1.9,2.5,0.2,28030.0
CRS3035RES200mN2632000E3464200,2.0,0.9,0.0,0.1,0.0,0.8,0.0,56059.7,105.6,0.0,0.9,0.0,0.0,0.0,0.0,0.1,0.3,0.1,0.3,0.5,0.6,0.1,28030.0
CRS3035RES200mN2632000E3469400,2.0,0.9,0.1,0.3,0.1,0.9,0.0,49286.3,89.3,0.0,0.9,0.0,0.1,0.0,0.0,0.2,0.2,0.2,0.6,0.4,0.1,0.2,24643.0
CRS3035RES200mN2632000E3472200,67.0,20.0,2.0,2.0,1.0,17.0,2.0,1783307.2,2138.0,0.0,20.0,0.0,2.0,2.0,15.0,11.0,1.0,15.0,16.0,2.0,3.0,0.0,26617.0
CRS3035RES200mN2632000E3472400,42.0,18.0,3.0,4.0,0.0,11.0,7.0,949788.6,1604.0,0.0,18.0,7.0,0.0,1.0,4.0,10.0,1.0,10.0,11.0,1.0,3.0,1.0,22614.0
CRS3035RES200mN2632000E3475400,4.0,1.4,0.0,0.3,0.0,1.3,0.1,112561.5,206.0,0.0,1.4,0.0,0.3,0.0,0.3,0.4,0.4,0.7,1.1,0.5,0.3,0.0,28140.0
CRS3035RES200mN2632000E3475600,4.0,1.4,0.0,0.3,0.0,1.3,0.1,112561.5,206.0,0.0,1.4,0.0,0.3,0.0,0.3,0.4,0.4,0.7,1.1,0.5,0.3,0.0,28140.0
CRS3035RES200mN2632000E3481200,2.0,0.8,0.0,0.2,0.0,0.8,0.1,58636.4,101.2,0.0,0.8,0.0,0.1,0.0,0.1,0.2,0.1,0.5,0.4,0.2,0.3,0.1,29318.0
CRS3035RES200mN2632000E3482800,4.0,1.5,0.1,0.1,0.1,1.2,0.1,94483.3,195.2,0.0,1.5,0.0,0.2,0.2,0.2,0.4,0.2,0.5,0.7,0.6,0.7,0.3,23621.0
CRS3035RES200mN2632000E3483000,17.0,7.3,0.5,1.4,0.1,5.6,0.6,425708.3,806.6,0.0,7.3,0.0,0.2,0.7,0.7,1.1,0.9,3.2,3.5,2.7,3.2,0.8,25042.0
CRS3035RES200mN2632000E3483200,8.0,3.4,0.2,0.7,0.1,2.6,0.3,200333.3,379.6,0.0,3.4,0.0,0.1,0.3,0.3,0.5,0.4,1.5,1.7,1.3,1.5,0.4,25042.0
CRS3035RES200mN2632000E3484200,1.0,0.5,0.1,0.3,0.0,0.4,0.0,22051.6,56.7,0.1,0.4,0.0,0.0,0.0,0.1,0.1,0.1,0.2,0.1,0.2,0.1,0.1,22052.0
CRS3035RES200mN2632000E3489000,10.0,5.3,1.2,2.1,0.0,3.2,0.0,213395.2,607.4,0.9,4.4,0.0,0.9,0.0,0.6,0.0,0.0,2.4,0.0,2.9,3.2,0.0,21340.0
CRS3035RES200mN2632000E3489400,10.0,5.3,1.2,2.1,0.0,3.2,0.0,213395.2,607.4,0.9,4.4,0.0,0.9,0.0,0.6,0.0,0.0,2.4,0.0,2.9,3.2,0.0,21340.0
CRS3035RES200mN2632000E3491200,2.0,0.7,0.1,0.1,0.0,0.7,0.0,52812.5,100.2,0.1,0.6,0.0,0.0,0.0,0.1,0.2,0.1,0.3,0.3,0.4,0.3,0.3,26406.0
CRS3035RES200mN2632000E3494400,4.0,1.9,0.1,0.6,0.1,1.6,0.1,110180.4,228.2,0.1,1.8,0.0,0.2,0.0,0.3,0.1,0.1,0.8,0.6,0.8,0.9,0.2,27545.0
CRS3035RES200mN2632200E3464000,8.0,3.5,0.2,0.6,0.0,3.3,0.2,224238.7,422.2,0.0,3.5,0.0,0.0,0.0,0.2,0.2,1.4,0.2,1.4,1.9,2.5,0.2,28030.0
CRS3035RES200mN2632200E3464200,23.0,10.1,0.6,1.7,0.0,9.5,0.6,644686.2,1214.0,0.0,10.1,0.0,0.0,0.0,0.5,0.6,3.9,0.6,3.9,5.6,7.3,0.6,28030.0
CRS3035RES200mN2632200E3464400,28.0,11.0,0.0,2.0,1.0,11.0,1.0,728730.4,1252.0,0.0,11.0,0.0,0.0,1.0,2.0,5.0,1.0,4.0,7.0,6.0,2.0,0.0,26026.0
CRS3035RES200mN2632200E3464600,137.0,57.0,4.0,15.0,1.0,39.0,12.0,3433536.2,5260.0,12.0,45.0,17.0,11.0,6.0,13.0,13.0,8.0,34.0,27.0,17.0,8.0,0.0,25062.0
CRS3035RES200mN2632200E3464800,64.0,32.0,1.0,17.0,2.0,23.0,2.0,1541825.8,2907.0,4.0,28.0,0.0,1.0,2.0,6.0,5.0,2.0,14.0,11.0,5.0,11.0,7.0,24091.0
CRS3035RES200mN2632200E3465000,3.0,1.3,0.2,0.4,0.1,0.9,0.2,73644.2,125.2,0.0,1.3,0.0,0.1,0.1,0.1,0.4,0.5,0.2,0.5,0.5,0.4,0.2,24548.0
CRS3035RES200mN2632200E3467200,5.0,2.1,0.4,0.6,0.3,0.8,0.5,115907.8,210.2,0.0,2.1,0.0,0.3,0.2,0.3,0.3,0.8,1.0,1.3,0.4,0.4,0.0,23182.0
CRS3035RES200mN2632200E3467400,12.0,5.0,1.0,1.4,0.7,1.9,1.2,278178.7,504.5,0.0,5.0,0.0,0.7,0.5,0.7,0.7,1.9,2.4,3.1,1.0,1.0,0.0,23182.0
CRS3035RES200mN2632200E3467800,7.0,2.9,0.6,0.8,0.4,1.1,0.7,162270.9,294.3,0.0,2.9,0.0,0.4,0.3,0.4,0.4,1.1,1.4,1.8,0.6,0.6,0.0,23182.0
CRS3035RES200mN2632200E3469200,3.0,1.3,0.1,0.5,0.1,1.3,0.1,73929.4,133.9,0.0,1.3,0.0,0.1,0.1,0.0,0.2,0.4,0.3,0.9,0.5,0.2,0.3,24643.0
CRS3035RES200mN2632200E3471600,4.0,1.3,0.0,0.1,0.0,1.1,0.1,106451.5,138.4,0.0,1.3,0.0,0.1,0.2,0.5,0.6,0.1,0.7,1.4,0.1,0.2,0.1,26613.0
CRS3035RES200mN2632200E3472200,8.0,2.8,0.0,0.5,0.0,2.6,0.2,225123.0,412.0,0.0,2.8,0.0,0.7,0.1,0.6,0.8,0.7,1.4,2.1,1.1,0.5,0.0,28140.0
CRS3035RES200mN2632200E3472400,17.5,6.2,0.0,1.2,0.0,5.8,0.4,492456.5,901.2,0.0,6.2,0.0,1.5,0.2,1.4,1.7,1.5,3.1,4.6,2.3,1.2,0.0,28140.0
CRS3035RES200mN2632200E3475400,6.0,2.1,0.0,0.4,0.0,2.0,0.1,168842.2,309.0,0.0,2.1,0.0,0.5,0.1,0.5,0.6,0.5,1.0,1.6,0.8,0.4,0.0,28140.0
CRS3035RES200mN2632200E3482000,6.0,2.3,0.1,0.2,0.1,1.8,0.1,141725.0,292.8,0.0,2.3,0.0,0.2,0.2,0.3,0.6,0.4,0.8,1.1,0.9,1.0,0.5,23621.0
CRS3035RES200mN2632200E3482200,17.0,6.6,0.4,0.5,0.4,5.1,0.4,401554.2,829.6,0.0,6.6,0.0,0.7,0.7,0.9,1.6,1.1,2.1,3.0,2.7,2.8,1.4,23621.0
CRS3035RES200mN2632200E3482400,29.0,12.0,0.0,4.0,0.0,11.0,1.0,799664.8,1531.0,0.0,12.0,0.0,1.0,1.0,3.0,3.0,1.0,3.0,8.0,6.0,1.0,2.0,27575.0
CRS3035RES200mN2632200E3482600,7.0,2.7,0.1,0.2,0.1,2.1,0.1,165345.8,341.6,0.0,2.7,0.0,0.3,0.3,0.4,0.6,0.4,0.9,1.2,1.1,1.2,0.6,23621.0
CRS3035RES200mN2632200E3482800,2.0,0.8,0.0,0.1,0.0,0.6,0.0,47241.7,97.6,0.0,0.8,0.0,0.1,0.1,0.1,0.2,0.1,0.2,0.4,0.3,0.3,0.2,23621.0
CRS3035RES200mN2632200E3483000,2.0,0.9,0.1,0.2,0.0,0.7,0.1,50083.3,94.9,0.0,0.9,0.0,0.0,0.1,0.1,0.1,0.1,0.4,0.4,0.3,0.4,0.1,25042.0
CRS3035RES200mN2632200E3483200,25.0,10.7,0.7,2.1,0.2,8.3,0.9,626041.6,1186.2,0.0,10.7,0.0,0.3,1.0,1.0,1.5,1.4,4.7,5.2,4.0,4.7,1.2,25042.0
CRS3035RES200mN2632200E3483400,5.0,2.1,0.1,0.4,0.0,1.7,0.2,125208.3,237.2,0.0,2.1,0.0,0.1,0.2,0.2,0.3,0.3,0.9,1.0,0.8,0.9,0.3,25042.0
CRS3035RES200mN2632200E3483600,4.0,1.7,0.1,0.3,0.0,1.3,0.1,100166.7,189.8,0.0,1.7,0.0,0.1,0.2,0.2,0.3,0.2,0.7,0.8,0.6,0.7,0.2,25042.0
CRS3035RES200mN2632200E3483800,2.0,0.9,0.1,0.2,0.0,0.7,0.1,50083.3,94.9,0.0,0.9,0.0,0.0,0.1,0.1,0.1,0.1,0.4,0.4,0.3,0.4,0.1,25042.0
CRS3035RES200mN2632200E3484000,4.0,2.1,0.3,1.0,0.0,1.6,0.0,88206.2,226.8,0.4,1.7,0.0,0.2,0.2,0.2,0.2,0.3,0.9,0.5,0.7,0.5,0.3,22052.0
CRS3035RES200mN2632200E3484200,3.0,1.6,0.3,0.8,0.0,1.2,0.0,66154.7,170.1,0.3,1.3,0.0,0.1,0.1,0.1,0.1,0.3,0.7,0.4,0.5,0.4,0.3,22052.0
CRS3035RES200mN2632200E3487200,4.0,1.6,0.0,0.5,0.1,1.3,0.2,107530.2,213.3,0.0,1.6,0.0,0.1,0.2,0.3,0.4,0.4,0.4,1.0,0.7,0.1,0.4,26883.0
CRS3035RES200mN2632200E3490000,3.0,1.1,0.1,0.1,0.0,1.0,0.0,79218.8,150.4,0.1,1.0,0.0,0.0,0.0,0.1,0.3,0.1,0.4,0.5,0.6,0.5,0.5,26406.0
CRS3035RES200mN2632200E3491200,2.0,0.7,0.1,0.1,0.0,0.7,0.0,52812.5,100.2,0.1,0.6,0.0,0.0,0.0,0.1,0.2,0.1,0.3,0.3,0.4,0.3,0.3,26406.0
CRS3035RES200mN2632200E3495600,2.0,0.9,0.0,0.3,0.0,0.8,0.0,55090.2,114.1,0.0,0.9,0.0,0.1,0.0,0.2,0.0,0.1,0.4,0.3,0.4,0.4,0.1,27545.0
CRS3035RES200mN2632400E3463200,6.0,3.3,0.4,1.2,0.0,2.3,0.0,189127.6,478.1,0.0,3.3,0.0,0.0,0.0,0.0,0.2,0.0,0.2,0.8,0.8,3.1,0.9,31521.0
CRS3035RES200mN2632400E3463400,2.0,1.1,0.1,0.4,0.0,0.8,0.0,63042.5,159.4,0.0,1.1,0.0,0.0,0.0,0.0,0.0,0.0,0.1,0.3,0.3,1.0,0.3,31521.0
CRS3035RES200mN2632400E3464000,27.0,13.0,0.0,3.0,0.0,13.0,0.0,913724.9,1596.0,0.0,13.0,0.0,1.0,0.0,0.0,0.0,0.0,3.0,1.0,6.0,14.0,2.0,33842.0
CRS3035RES200mN2632400E3464200,92.0,40.0,3.0,10.0,1.0,35.0,0.0,2600736.0,4523.0,0.0,40.0,0.0,2.0,2.0,1.0,5.0,8.0,13.0,14.0,20.0,19.0,8.0,28269.0
CRS3035RES200mN2632400E3464400,103.5,46.0,3.0,8.0,0.0,43.0,4.0,3081143.1,5049.0,0.0,46.0,0.0,3.0,0.0,2.5,6.0,6.0,19.0,14.0,17.0,31.0,5.0,29769.0
CRS3035RES200mN2632400E3464600,86.5,43.0,1.0,13.0,1.0,37.0,5.0,2557702.5,4954.0,0.0,43.0,0.0,0.0,2.0,3.0,11.5,2.0,8.0,16.0,16.0,23.0,5.0,29569.0
CRS3035RES200mN2632400E3464800,81.0,41.0,3.0,13.0,0.0,34.0,4.0,2284598.2,4277.0,0.0,41.0,0.0,2.0,1.0,1.0,3.0,4.0,7.0,7.0,25.0,21.0,10.0,28205.0
CRS3035RES200mN2632400E3465000,79.0,31.0,3.0,3.0,2.0,31.0,0.0,2245149.2,3612.0,0.0,31.0,0.0,0.0,1.0,3.0,5.0,7.0,4.0,17.0,20.0,15.0,7.0,28420.0
CRS3035RES200mN2632400E3465200,17.0,7.2,1.0,2.1,0.5,5.2,1.0,417316.9,709.4,0.0,7.2,0.0,0.5,0.5,0.5,2.6,2.6,1.0,3.1,3.1,2.1,1.0,24548.0
CRS3035RES200mN2632400E3467000,4.0,1.7,0.3,0.5,0.2,0.6,0.4,92726.2,168.2,0.0,1.7,0.0,0.2,0.2,0.2,0.2,0.7,0.8,1.1,0.3,0.3,0.0,23182.0
CRS3035RES200mN2632400E3477000,3.0,1.1,0.1,0.2,0.1,0.9,0.1,70310.4,139.3,0.0,1.1,0.0,0.1,0.0,0.1,0.1,0.5,0.5,0.6,0.6,0.4,0.1,23437.0
CRS3035RES200mN2632400E3480000,12.0,5.0,0.2,1.2,0.0,4.9,0.5,351818.4,607.1,0.0,5.0,0.0,0.9,0.4,0.5,1.2,0.5,2.8,2.6,1.0,1.7,0.4,29318.0
CRS3035RES200mN2632400E3482000,11.0,4.2,0.2,0.3,0.2,3.3,0.2,259829.2,536.8,0.0,4.2,0.0,0.5,0.5,0.6,1.0,0.7,1.4,1.9,1.7,1.8,0.9,23621.0
CRS3035RES200mN2632400E3482200,71.0,28.0,1.0,7.0,3.0,15.0,5.0,1686164.3,2640.0,4.0,24.0,0.0,7.0,0.0,6.0,6.0,8.0,13.0,18.0,6.0,3.0,4.0,23749.0
CRS3035RES200mN2632400E3482400,42.0,17.0,2.0,6.0,0.0,16.0,2.0,1133606.5,2085.0,1.0,16.0,0.0,3.0,2.0,4.5,3.5,1.0,6.0,10.0,4.0,6.0,2.0,26991.0
CRS3035RES200mN2632400E3482600,2.0,0.8,0.0,0.1,0.0,0.6,0.0,47241.7,97.6,0.0,0.8,0.0,0.1,0.1,0.1,0.2,0.1,0.2,0.4,0.3,0.3,0.2,23621.0
CRS3035RES200mN2632400E3483000,1.0,0.4,0.0,0.1,0.0,0.3,0.0,25041.7,47.4,0.0,0.4,0.0,0.0,0.0,0.0,0.1,0.1,0.2,0.2,0.2,0.2,0.0,25042.0
CRS3035RES200mN2632400E3483600,70.0,25.0,2.0,3.0,1.0,22.0,0.0,1620771.0,2909.0,0.0,25.0,0.0,4.0,1.0,8.5,5.5,6.0,21.0,10.0,10.0,4.0,0.0,23154.0
CRS3035RES200mN2632400E3483800,27.0,11.0,0.0,1.0,0.0,6.0,3.0,760323.0,1340.0,0.0,11.0,0.0,0.0,0.0,1.5,4.5,2.0,4.0,6.0,6.0,3.0,0.0,28160.0
CRS3035RES200mN2632400E3485200,7.0,3.7,0.6,1.8,0.0,2.7,0.0,154360.9,396.9,0.6,3.1,0.0,0.3,0.3,0.3,0.3,0.6,1.6,0.9,1.2,0.9,0.6,22052.0
CRS3035RES200mN2632400E3488200,2.0,1.1,0.2,0.4,0.0,0.6,0.0,42679.0,121.5,0.2,0.9,0.0,0.2,0.0,0.1,0.0,0.0,0.5,0.0,0.6,0.6,0.0,21340.0
CRS3035RES200mN2632400E3491600,1.0,0.4,0.0,0.0,0.0,0.3,0.0,26406.3,50.1,0.1,0.3,0.0,0.0,0.0,0.0,0.1,0.0,0.1,0.2,0.2,0.2,0.2,26406.0
CRS3035RES200mN2632400E3495200,2.0,0.9,0.0,0.3,0.0,0.8,0.0,55090.2,114.1,0.0,0.9,0.0,0.1,0.0,0.2,0.0,0.1,0.4,0.3,0.4,0.4,0.1,27545.0
CRS3035RES200mN2632400E3495400,4.0,1.9,0.1,0.6,0.1,1.6,0.1,110180.4,228.2,0.1,1.8,0.0,0.2,0.0,0.3,0.1,0.1,0.8,0.6,0.8,0.9,0.2,27545.0
CRS3035RES200mN2632400E3495600,12.0,5.6,0.2,1.9,0.2,4.9,0.2,330541.3,684.5,0.2,5.4,0.0,0.7,0.0,0.9,0.2,0.5,2.3,1.9,2.4,2.6,0.5,27545.0
CRS3035RES200mN2632400E3495800,28.0,16.0,2.0,6.0,0.0,10.0,3.0,608967.1,1729.0,0.0,16.0,0.0,1.0,0.0,0.5,1.5,4.0,8.0,7.0,4.0,1.0,1.0,21749.0
CRS3035RES200mN2632600E3464000,77.0,32.0,1.0,4.0,0.0,19.0,5.0,2094496.9,3227.0,0.0,32.0,8.0,2.0,2.5,8.5,5.0,3.0,10.0,19.0,6.0,18.0,3.0,27201.0
CRS3035RES200mN2632600E3464200,74.0,31.0,1.0,8.0,4.0,29.0,1.0,2490055.6,4199.0,0.0,31.0,0.0,2.0,2.0,5.0,6.0,5.0,4.0,11.0,15.0,23.0,1.0,33649.0
CRS3035RES200mN2632600E3464400,101.0,43.0,2.0,9.0,3.0,32.0,3.0,3308571.8,4895.0,3.0,40.0,0.0,2.0,1.0,7.5,8.5,5.0,14.0,19.0,18.0,22.0,4.0,32758.0
CRS3035RES200mN2632600E3464600,45.0,23.0,0.0,7.0,1.0,23.0,0.0,1305819.5,2685.0,0.0,23.0,0.0,1.0,0.0,0.0,1.0,2.0,4.0,2.0,6.0,22.0,7.0,29018.0
CRS3035RES200mN2632600E3464800,108.0,43.0,2.0,6.0,3.0,37.0,7.0,3449361.5,4742.0,0.0,43.0,0.0,7.5,1.0,3.5,8.0,8.0,15.0,25.0,13.0,17.0,10.0,31939.0
CRS3035RES200mN2632600E3465000,91.0,35.0,0.0,5.0,3.0,31.0,3.0,3202853.8,4544.0,0.0,35.0,0.0,1.0,0.0,3.0,6.0,8.0,10.0,19.0,18.0,24.0,2.0,35196.0
CRS3035RES200mN2632600E3465200,33.0,14.0,0.0,1.0,0.0,13.0,1.0,1086573.9,1649.0,0.0,14.0,0.0,0.0,0.0,1.0,3.0,3.0,2.0,8.0,9.0,7.0,0.0,32926.0
CRS3035RES200mN2632600E3467000,4.0,1.7,0.3,0.5,0.2,0.6,0.4,92726.2,168.2,0.0,1.7,0.0,0.2,0.2,0.2,0.2,0.7,0.8,1.1,0.3,0.3,0.0,23182.0
CRS3035RES200mN2632600E3468600,4.0,1.8,0.1,0.6,0.1,1.8,0.1,98572.5,178.6,0.0,1.8,0.0,0.2,0.1,0.0,0.3,0.5,0.4,1.1,0.7,0.3,0.4,24643.0
CRS3035RES200mN2632600E3469400,10.0,4.5,0.4,1.6,0.4,4.5,0.2,246431.3,446.4,0.0,4.5,0.0,0.3,0.2,0.1,0.8,1.2,1.1,2.9,1.8,0.7,0.9,24643.0
CRS3035RES200mN2632600E3469600,13.0,5.8,0.5,2.1,0.5,5.8,0.2,320360.7,580.4,0.0,5.8,0.0,0.5,0.2,0.1,1.1,1.6,1.4,3.7,2.3,0.9,1.2,24643.0
CRS3035RES200mN2632600E3469800,90.5,32.0,1.0,3.0,1.0,29.0,3.0,2271992.3,3348.0,0.0,32.0,0.0,3.0,2.0,17.0,7.5,0.0,22.0,13.0,6.0,18.0,2.0,25105.0
CRS3035RES200mN2632600E3470000,105.5,35.3,0.9,3.4,0.9,28.4,2.6,2807659.2,3649.0,0.0,35.3,0.0,2.6,5.2,14.2,14.6,3.4,18.1,36.2,3.5,6.0,1.7,26613.0
CRS3035RES200mN2632600E3470200,1.0,0.3,0.0,0.0,0.0,0.3,0.0,26612.9,34.6,0.0,0.3,0.0,0.0,0.1,0.1,0.1,0.0,0.2,0.4,0.0,0.1,0.0,26613.0
CRS3035RES200mN2632600E3474800,2.0,0.7,0.0,0.1,0.0,0.7,0.0,56280.7,103.0,0.0,0.7,0.0,0.2,0.0,0.2,0.2,0.2,0.3,0.5,0.3,0.1,0.0,28140.0
CRS3035RES200mN2632600E3476800,4.0,1.5,0.2,0.3,0.1,1.2,0.1,93747.2,185.8,0.0,1.5,0.0,0.1,0.0,0.2,0.2,0.6,0.7,0.8,0.7,0.6,0.1,23437.0
CRS3035RES200mN2632600E3481800,2.0,0.8,0.0,0.2,0.0,0.8,0.1,58636.4,101.2,0.0,0.8,0.0,0.1,0.0,0.1,0.2,0.1,0.5,0.4,0.2,0.3,0.1,29318.0
CRS3035RES200mN2632600E3482000,10.0,3.9,0.2,0.3,0.2,3.0,0.2,236208.4,488.0,0.0,3.9,0.0,0.4,0.4,0.5,0.9,0.6,1.3,1.8,1.6,1.7,0.8,23621.0
CRS3035RES200mN2632600E3482200,22.0,8.5,0.5,0.7,0.5,6.6,0.5,519658.4,1073.6,0.0,8.5,0.0,0.9,0.9,1.1,2.1,1.4,2.8,3.9,3.4,3.7,1.8,23621.0
CRS3035RES200mN2632600E3483400,27.0,11.5,0.7,2.2,0.2,8.9,0.9,676124.9,1281.1,0.0,11.5,0.0,0.4,1.1,1.1,1.7,1.5,5.0,5.6,4.3,5.0,1.3,25042.0
CRS3035RES200mN2632600E3483600,83.5,32.0,4.0,6.0,3.0,26.0,3.0,1888210.8,3819.0,0.0,32.0,0.0,2.0,2.0,5.5,9.0,7.0,12.0,18.0,10.0,14.0,4.0,22613.0
CRS3035RES200mN2632600E3483800,35.0,14.0,0.0,3.0,1.0,13.0,2.0,894953.6,1851.0,0.0,14.0,0.0,0.0,3.0,3.0,3.0,1.0,8.0,7.0,4.0,4.0,2.0,25570.0
CRS3035RES200mN2632600E3484000,2.0,1.0,0.2,0.5,0.0,0.8,0.0,44103.1,113.4,0.2,0.8,0.0,0.1,0.1,0.1,0.1,0.2,0.4,0.2,0.3,0.3,0.2,22052.0
CRS3035RES200mN2632600E3491000,2.0,0.7,0.1,0.1,0.0,0.7,0.0,52812.5,100.2,0.1,0.6,0.0,0.0,0.0,0.1,0.2,0.1,0.3,0.3,0.4,0.3,0.3,26406.0
CRS3035RES200mN2632600E3491600,3.0,1.1,0.1,0.1,0.0,1.0,0.0,79218.8,150.4,0.1,1.0,0.0,0.0,0.0,0.1,0.3,0.1,0.4,0.5,0.6,0.5,0.5,26406.0
CRS3035RES200mN2632800E3463800,12.0,6.6,0.8,2.5,0.0,4.6,0.0,378255.2,956.3,0.0,6.6,0.0,0.0,0.0,0.0,0.4,0.0,0.4,1.6,1.7,6.2,1.7,31521.0
CRS3035RES200mN2632800E3464000,154.0,69.0,8.0,16.0,2.0,31.0,16.0,4051046.9,6495.0,1.0,68.0,11.0,8.0,6.0,8.5,13.5,10.0,38.0,35.0,13.0,18.0,4.0,26305.0
CRS3035RES200mN2632800E3464200,109.0,51.0,5.0,17.0,3.0,30.0,9.0,2675562.6,5225.0,0.0,51.0,0.0,5.0,1.0,5.0,9.0,9.0,15.0,15.0,20.0,21.0,9.0,24546.0
CRS3035RES200mN2632800E3464400,113.0,55.0,7.0,18.0,2.0,38.0,6.0,3068966.0,5250.0,1.0,54.0,0.0,3.0,2.5,6.5,7.0,6.0,22.0,17.0,19.0,25.0,5.0,27159.0
CRS3035RES200mN2632800E3464600,49.0,22.0,2.0,8.0,0.0,16.0,0.0,1278702.1,2262.0,4.0,18.0,0.0,0.0,1.0,5.0,4.0,3.0,3.0,17.0,7.0,5.0,4.0,26096.0
CRS3035RES200mN2632800E3464800,150.5,63.0,7.0,17.0,6.0,36.0,8.0,4333383.9,6177.0,1.0,62.0,11.0,6.0,5.0,8.5,13.0,17.0,30.0,29.0,17.0,21.0,4.0,28793.0
CRS3035RES200mN2632800E3465000,140.5,70.0,6.0,26.0,1.0,49.0,9.0,3930574.1,6648.0,11.0,59.0,0.0,7.0,1.0,4.0,13.5,7.0,26.0,32.0,20.0,23.0,7.0,27976.0
CRS3035RES200mN2632800E3465200,125.5,58.0,4.0,21.0,2.0,41.0,7.0,3270075.5,5703.0,0.0,58.0,0.0,8.0,2.0,1.5,12.0,9.0,21.0,24.0,9.0,31.0,8.0,26056.0
CRS3035RES200mN2632800E3465400,1.0,0.4,0.1,0.1,0.0,0.3,0.1,24548.1,41.7,0.0,0.4,0.0,0.0,0.0,0.0,0.1,0.2,0.1,0.2,0.2,0.1,0.1,24548.0
CRS3035RES200mN2632800E3465600,5.0,2.1,0.3,0.6,0.2,1.5,0.3,122740.3,208.6,0.0,2.1,0.0,0.1,0.1,0.2,0.8,0.8,0.3,0.9,0.9,0.6,0.3,24548.0
CRS3035RES200mN2632800E3465800,7.0,3.0,0.4,0.8,0.2,2.1,0.4,171836.4,292.1,0.0,3.0,0.0,0.2,0.2,0.2,1.1,1.1,0.4,1.3,1.3,0.8,0.4,24548.0
CRS3035RES200mN2632800E3466800,9.0,3.8,0.7,1.1,0.5,1.4,0.9,208634.1,378.4,0.0,3.8,0.0,0.5,0.4,0.6,0.6,1.4,1.8,2.3,0.7,0.7,0.0,23182.0
CRS3035RES200mN2632800E3469200,24.0,10.7,0.9,3.9,0.9,10.7,0.4,591435.2,1071.4,0.0,10.7,0.0,0.9,0.4,0.2,1.9,3.0,2.6,6.9,4.3,1.7,2.1,24643.0
CRS3035RES200mN2632800E3469400,127.0,44.0,2.0,5.0,0.0,37.0,3.0,3271046.6,4419.0,0.0,44.0,0.0,6.0,6.0,13.0,15.0,6.0,32.0,34.0,8.0,6.0,1.0,25756.0
CRS3035RES200mN2632800E3469600,144.0,56.0,5.0,13.0,3.0,46.0,5.0,3382068.5,5337.0,0.0,56.0,0.0,8.0,2.0,11.0,10.0,11.0,28.0,31.0,17.0,22.0,4.0,23487.0
CRS3035RES200mN2632800E3469800,126.5,51.0,2.0,10.0,5.0,49.0,2.0,3116795.1,4778.0,0.0,51.0,0.0,10.0,0.0,8.0,12.5,3.0,17.0,18.0,19.0,32.0,7.0,24639.0
CRS3035RES200mN2632800E3470000,122.0,44.0,5.0,6.0,3.0,40.0,7.0,3089380.4,4494.0,0.0,44.0,0.0,2.0,2.0,15.0,15.5,12.5,22.0,36.0,6.0,10.0,1.0,25323.0
CRS3035RES200mN2632800E3475800,4.0,1.4,0.0,0.3,0.0,1.3,0.1,112561.5,206.0,0.0,1.4,0.0,0.3,0.0,0.3,0.4,0.4,0.7,1.1,0.5,0.3,0.0,28140.0
CRS3035RES200mN2632800E3480000,3.0,1.3,0.0,0.3,0.0,1.2,0.1,87954.6,151.8,0.0,1.3,0.0,0.2,0.1,0.1,0.3,0.1,0.7,0.7,0.3,0.4,0.1,29318.0
CRS3035RES200mN2632800E3480400,4.0,1.7,0.1,0.4,0.0,1.6,0.2,117272.8,202.4,0.0,1.7,0.0,0.3,0.1,0.2,0.4,0.2,0.9,0.9,0.3,0.6,0.1,29318.0
CRS3035RES200mN2632800E3481200,1.0,0.4,0.0,0.1,0.0,0.4,0.0,29318.2,50.6,0.0,0.4,0.0,0.1,0.0,0.0,0.1,0.1,0.2,0.2,0.1,0.2,0.0,29318.0
CRS3035RES200mN2632800E3481400,3.0,1.3,0.0,0.3,0.0,1.2,0.1,87954.6,151.8,0.0,1.3,0.0,0.2,0.1,0.1,0.3,0.1,0.7,0.7,0.3,0.4,0.1,29318.0
CRS3035RES200mN2632800E3483200,11.5,4.9,0.3,1.0,0.1,3.8,0.4,287979.1,545.7,0.0,4.9,0.0,0.2,0.5,0.5,0.7,0.6,2.1,2.4,1.8,2.1,0.6,25042.0
CRS3035RES200mN2632800E3483400,18.5,7.9,0.5,1.5,0.1,6.1,0.6,463270.8,877.8,0.0,7.9,0.0,0.3,0.8,0.8,1.2,1.0,3.4,3.8,2.9,3.4,0.9,25042.0
CRS3035RES200mN2632800E3483600,19.0,8.1,0.5,1.6,0.1,6.3,0.7,475791.6,901.5,0.0,8.1,0.0,0.3,0.8,0.8,1.2,1.1,3.5,3.9,3.0,3.5,0.9,25042.0
CRS3035RES200mN2632800E3483800,5.0,2.1,0.1,0.4,0.0,1.7,0.2,125208.3,237.2,0.0,2.1,0.0,0.1,0.2,0.2,0.3,0.3,0.9,1.0,0.8,0.9,0.3,25042.0
CRS3035RES200mN2632800E3484000,2.0,1.0,0.2,0.5,0.0,0.8,0.0,44103.1,113.4,0.2,0.8,0.0,0.1,0.1,0.1,0.1,0.2,0.4,0.2,0.3,0.3,0.2,22052.0
CRS3035RES200mN2632800E3484400,4.0,2.1,0.3,1.0,0.0,1.6,0.0,88206.2,226.8,0.4,1.7,0.0,0.2,0.2,0.2,0.2,0.3,0.9,0.5,0.7,0.5,0.3,22052.0
CRS3035RES200mN2632800E3489200,2.0,1.1,0.2,0.4,0.0,0.6,0.0,42679.0,121.5,0.2,0.9,0.0,0.2,0.0,0.1,0.0,0.0,0.5,0.0,0.6,0.6,0.0,21340.0
CRS3035RES200mN2632800E3491600,8.5,3.0,0.3,0.3,0.0,2.8,0.0,224453.3,426.0,0.2,2.8,0.0,0.0,0.0,0.2,0.9,0.2,1.3,1.3,1.8,1.5,1.3,26406.0
CRS3035RES200mN2633000E3463400,7.0,2.6,0.0,0.4,0.2,2.6,0.0,238589.9,306.1,0.0,2.6,0.0,0.0,0.0,0.4,1.4,0.4,0.4,2.4,0.5,1.3,0.2,34084.0
CRS3035RES200mN2633000E3463600,48.5,22.0,1.0,6.0,0.0,21.0,1.0,1406129.4,2502.0,0.0,22.0,0.0,3.0,2.0,0.0,2.5,3.0,8.0,5.0,5.0,20.0,0.0,28992.0
CRS3035RES200mN2633000E3463800,70.0,31.0,1.0,8.0,1.0,31.0,0.0,2505728.0,4235.0,0.0,31.0,0.0,3.0,0.0,5.0,3.0,4.0,6.0,18.0,13.0,18.0,0.0,35796.0
CRS3035RES200mN2633000E3464000,65.0,31.0,1.0,12.0,0.0,29.0,1.0,2098511.4,3964.0,0.0,31.0,0.0,0.0,0.0,4.0,5.0,6.0,1.0,16.0,8.0,21.0,4.0,32285.0
CRS3035RES200mN2633000E3464200,81.0,34.0,2.0,9.0,1.0,27.0,3.0,2748789.2,5219.0,0.0,34.0,0.0,3.0,2.0,4.0,8.0,0.0,15.0,15.0,7.0,19.0,8.0,33936.0
CRS3035RES200mN2633000E3464400,121.0,53.0,7.0,13.0,1.0,41.0,6.0,3768203.3,6509.0,2.0,51.0,0.0,1.0,0.0,5.0,11.5,11.5,15.0,22.0,29.0,20.0,6.0,31142.0
CRS3035RES200mN2633000E3464600,56.0,24.0,1.0,5.0,0.0,19.0,3.0,1574656.0,2745.0,0.0,24.0,0.0,0.0,1.0,1.0,8.0,6.0,4.0,14.0,6.0,16.0,0.0,28119.0
CRS3035RES200mN2633000E3464800,125.5,48.0,3.0,7.0,1.0,38.0,3.0,4093245.6,5815.0,0.0,48.0,0.0,4.0,2.0,5.0,17.0,10.5,16.0,34.0,14.0,21.0,2.0,32616.0
CRS3035RES200mN2633000E3465000,118.5,48.0,5.0,10.0,2.0,45.0,4.0,3710789.9,6095.0,0.0,48.0,3.0,3.0,1.0,7.0,12.5,12.0,10.0,30.0,9.0,25.0,9.0,31315.0
CRS3035RES200mN2633000E3465200,76.0,31.0,3.0,10.0,3.0,25.0,2.0,1771191.0,3269.0,2.0,29.0,0.0,4.0,2.0,7.0,4.0,5.0,15.0,12.0,10.0,14.0,3.0,23305.0
CRS3035RES200mN2633000E3465400,2.0,0.7,0.0,0.1,0.0,0.4,0.0,62036.3,96.5,0.0,0.7,0.0,0.0,0.0,0.1,0.2,0.2,0.3,0.5,0.3,0.4,0.0,31018.0
CRS3035RES200mN2633000E3465600,2.0,0.7,0.0,0.1,0.0,0.4,0.0,62036.3,96.5,0.0,0.7,0.0,0.0,0.0,0.1,0.2,0.2,0.3,0.5,0.3,0.4,0.0,31018.0
CRS3035RES200mN2633000E3465800,2.0,0.7,0.0,0.1,0.0,0.4,0.0,62036.3,96.5,0.0,0.7,0.0,0.0,0.0,0.1,0.2,0.2,0.3,0.5,0.3,0.4,0.0,31018.0
CRS3035RES200mN2633000E3466200,9.0,3.8,0.7,1.1,0.5,1.4,0.9,208634.1,378.4,0.0,3.8,0.0,0.5,0.4,0.6,0.6,1.4,1.8,2.3,0.7,0.7,0.0,23182.0
CRS3035RES200mN2633000E3469200,8.0,3.0,0.0,0.6,0.1,2.5,0.2,188600.3,285.1,0.0,3.0,0.0,0.2,0.3,0.9,0.9,0.8,0.9,2.0,0.2,1.3,0.5,23575.0
CRS3035RES200mN2633000E3469400,143.5,56.0,0.0,9.0,0.0,49.0,3.0,4163355.9,5462.0,0.0,56.0,0.0,8.0,2.0,12.5,12.0,9.0,41.0,34.0,11.0,13.0,1.0,29013.0
CRS3035RES200mN2633000E3469600,167.0,60.0,1.0,12.0,3.0,47.0,7.0,4353711.9,5978.0,0.0,60.0,0.0,7.0,5.0,24.0,15.5,10.5,34.0,46.0,16.0,8.0,1.0,26070.0
CRS3035RES200mN2633000E3469800,105.5,45.0,5.0,15.0,0.0,42.0,4.0,2642641.9,4705.0,0.0,45.0,0.0,8.0,2.0,9.0,6.5,7.0,20.0,13.0,16.0,15.0,9.0,25049.0
CRS3035RES200mN2633000E3470000,68.0,23.0,0.0,3.0,0.0,19.0,0.0,1861577.2,2245.0,0.0,23.0,0.0,4.0,2.0,8.0,7.0,2.0,18.0,15.0,4.0,6.0,2.0,27376.0
CRS3035RES200mN2633000E3470200,10.0,3.7,0.2,0.3,0.2,3.0,0.8,248356.2,391.0,0.0,3.7,0.0,0.9,0.3,0.3,0.6,0.5,2.7,1.6,1.3,1.3,0.5,24836.0
CRS3035RES200mN2633000E3478600,2.0,0.8,0.1,0.2,0.0,0.6,0.0,46873.6,92.9,0.0,0.8,0.0,0.0,0.0,0.1,0.1,0.3,0.3,0.4,0.4,0.3,0.1,23437.0
CRS3035RES200mN2633000E3479000,9.0,3.4,0.4,0.8,0.2,2.6,0.2,210931.2,417.9,0.0,3.4,0.0,0.2,0.0,0.3,0.4,1.5,1.5,1.9,1.7,1.3,0.2,23437.0
CRS3035RES200mN2633000E3480400,11.0,4.6,0.2,1.1,0.0,4.5,0.5,322500.2,556.5,0.0,4.6,0.0,0.8,0.3,0.5,1.1,0.5,2.5,2.4,1.0,1.6,0.3,29318.0
CRS3035RES200mN2633000E3480600,8.0,3.4,0.1,0.8,0.0,3.2,0.3,234545.6,404.8,0.0,3.4,0.0,0.6,0.2,0.3,0.8,0.4,1.9,1.7,0.7,1.2,0.2,29318.0
CRS3035RES200mN2633000E3483000,8.0,3.1,0.2,0.2,0.2,2.4,0.2,188966.7,390.4,0.0,3.1,0.0,0.3,0.3,0.4,0.8,0.5,1.0,1.4,1.3,1.3,0.7,23621.0
CRS3035RES200mN2633000E3484200,1.0,0.4,0.0,0.1,0.0,0.3,0.0,22926.5,39.8,0.0,0.4,0.0,0.1,0.0,0.1,0.0,0.0,0.3,0.2,0.2,0.1,0.0,22926.0
CRS3035RES200mN2633000E3484400,5.0,2.0,0.2,0.5,0.2,1.7,0.2,114632.5,198.9,0.0,2.0,0.0,0.5,0.2,0.5,0.1,0.1,1.5,0.8,1.0,0.3,0.0,22926.0
CRS3035RES200mN2633000E3485200,3.0,1.1,0.1,0.2,0.0,0.6,0.2,60848.5,111.2,0.0,1.1,0.0,0.3,0.1,0.3,0.2,0.2,0.8,0.7,0.2,0.1,0.1,20283.0
CRS3035RES200mN2633000E3486800,2.0,0.8,0.0,0.3,0.0,0.6,0.1,53765.1,106.6,0.0,0.8,0.0,0.0,0.1,0.2,0.2,0.2,0.2,0.5,0.4,0.0,0.2,26883.0
CRS3035RES200mN2633000E3487800,9.0,4.8,0.5,1.9,0.3,3.4,0.5,257378.2,706.0,0.0,4.8,0.0,0.0,0.3,0.8,0.0,0.0,1.1,1.1,1.8,2.6,1.3,28598.0
CRS3035RES200mN2633000E3489000,5.0,2.6,0.6,1.0,0.0,1.6,0.0,106697.6,303.7,0.4,2.2,0.0,0.4,0.0,0.3,0.0,0.0,1.2,0.0,1.5,1.6,0.0,21340.0
CRS3035RES200mN2633000E3490200,22.0,7.1,1.2,1.8,0.9,4.7,0.0,443164.0,840.1,0.0,7.1,0.0,2.6,0.6,1.8,2.8,1.2,6.2,2.9,2.1,1.2,0.6,20144.0
CRS3035RES200mN2633000E3490400,3.0,1.0,0.2,0.2,0.1,0.6,0.0,60431.5,114.6,0.0,1.0,0.0,0.4,0.1,0.2,0.4,0.1,0.8,0.4,0.3,0.2,0.1,20144.0
CRS3035RES200mN2633200E3463600,39.0,18.0,3.0,6.0,1.0,16.0,1.0,928625.7,2060.0,0.0,18.0,0.0,1.0,1.0,2.0,4.0,1.0,1.0,4.0,3.0,19.0,3.0,23811.0
CRS3035RES200mN2633200E3463800,73.0,33.0,1.0,10.0,0.0,28.0,0.0,2099584.3,3285.0,0.0,33.0,0.0,4.0,1.0,3.0,4.0,1.0,12.0,10.0,9.0,20.0,9.0,28761.0
CRS3035RES200mN2633200E3464000,37.0,14.0,0.0,2.0,0.0,13.0,0.0,1210739.5,1692.0,0.0,14.0,0.0,3.0,2.0,3.0,3.0,0.0,9.0,3.0,4.0,9.0,1.0,32723.0
CRS3035RES200mN2633200E3464400,2.0,1.0,0.1,0.5,0.1,1.0,0.0,56238.2,110.4,0.0,1.0,0.0,0.0,0.0,0.1,0.2,0.2,0.2,0.2,0.3,0.5,0.3,28119.0
CRS3035RES200mN2633200E3464600,5.0,2.5,0.2,1.2,0.2,2.5,0.0,140595.5,276.0,0.0,2.5,0.0,0.0,0.0,0.4,0.4,0.4,0.6,0.6,0.7,1.1,0.8,28119.0
CRS3035RES200mN2633200E3464800,10.0,5.0,0.4,2.3,0.4,5.0,0.0,281191.1,551.9,0.0,5.0,0.0,0.0,0.0,0.8,0.8,0.8,1.1,1.2,1.5,2.3,1.5,28119.0
CRS3035RES200mN2633200E3465000,17.0,6.3,0.0,1.1,0.4,3.7,0.4,527308.7,820.1,0.0,6.3,0.0,0.0,0.4,1.1,1.8,1.5,2.6,4.1,2.2,2.9,0.4,31018.0
CRS3035RES200mN2633200E3465200,31.0,12.0,1.0,0.0,0.0,10.0,1.0,719740.6,1388.0,0.0,12.0,0.0,1.0,0.0,1.0,2.0,2.0,4.0,6.0,6.0,6.0,3.0,23217.0
CRS3035RES200mN2633200E3469400,49.5,18.8,0.0,3.6,0.7,15.2,1.4,1166964.5,1763.9,0.0,18.8,0.0,1.4,2.2,5.4,5.4,4.7,5.8,12.3,1.4,8.0,2.9,23575.0
CRS3035RES200mN2633200E3469600,151.5,50.0,0.0,3.0,6.0,44.0,6.0,4048753.2,5610.0,0.0,50.0,0.0,3.0,3.0,12.0,21.5,16.0,14.0,48.0,16.0,17.0,1.0,26724.0
CRS3035RES200mN2633200E3469800,98.5,41.0,4.0,11.0,3.0,35.0,2.0,2392303.2,4273.0,0.0,41.0,0.0,1.0,1.0,6.5,11.0,8.0,15.0,20.0,15.0,17.0,4.0,24287.0
CRS3035RES200mN2633200E3470000,127.5,52.0,5.0,15.0,3.0,36.0,3.0,3437363.6,5509.0,10.0,42.0,0.0,3.0,3.0,10.0,12.5,13.0,21.0,35.0,14.0,15.0,1.0,26960.0
CRS3035RES200mN2633200E3470200,100.0,39.0,2.0,10.0,1.0,31.0,3.0,2450956.9,3863.0,0.0,39.0,0.0,2.5,3.0,9.0,13.5,9.0,22.0,28.0,3.0,9.0,1.0,24510.0
CRS3035RES200mN2633200E3470400,9.0,3.3,0.1,0.3,0.1,2.7,0.7,223520.6,351.9,0.0,3.3,0.0,0.9,0.3,0.3,0.5,0.4,2.4,1.4,1.2,1.2,0.4,24836.0
CRS3035RES200mN2633200E3472200,1.0,0.3,0.0,0.1,0.1,0.3,0.0,23418.9,41.7,0.0,0.3,0.0,0.0,0.0,0.1,0.1,0.1,0.2,0.3,0.1,0.1,0.0,23419.0
CRS3035RES200mN2633200E3477600,1.0,0.4,0.0,0.1,0.0,0.3,0.0,23436.8,46.4,0.0,0.4,0.0,0.0,0.0,0.0,0.0,0.2,0.2,0.2,0.2,0.2,0.0,23437.0
CRS3035RES200mN2633200E3480200,17.0,7.1,0.2,1.7,0.0,6.9,0.7,498409.5,860.1,0.0,7.1,0.0,1.2,0.5,0.7,1.7,0.7,4.0,3.7,1.5,2.5,0.5,29318.0
CRS3035RES200mN2633200E3480400,30.0,13.0,0.0,2.0,0.0,11.0,1.0,873613.7,1556.0,0.0,13.0,0.0,3.0,0.0,0.0,1.0,3.0,13.0,1.0,7.0,2.0,0.0,29120.0
CRS3035RES200mN2633200E3480600,4.0,1.7,0.1,0.4,0.0,1.6,0.2,117272.8,202.4,0.0,1.7,0.0,0.3,0.1,0.2,0.4,0.2,0.9,0.9,0.3,0.6,0.1,29318.0
CRS3035RES200mN2633200E3484400,3.0,1.2,0.1,0.3,0.1,1.0,0.1,68779.5,119.3,0.0,1.2,0.0,0.3,0.1,0.3,0.1,0.0,0.9,0.5,0.6,0.2,0.0,22926.0
CRS3035RES200mN2633200E3486600,4.0,1.6,0.0,0.5,0.1,1.3,0.2,107530.2,213.3,0.0,1.6,0.0,0.1,0.2,0.3,0.4,0.4,0.4,1.0,0.7,0.1,0.4,26883.0
CRS3035RES200mN2633200E3487000,11.0,5.8,0.6,2.3,0.3,4.2,0.6,314573.4,862.9,0.0,5.8,0.0,0.0,0.3,1.0,0.0,0.0,1.3,1.3,2.3,3.2,1.6,28598.0
CRS3035RES200mN2633200E3487400,2.0,1.1,0.1,0.4,0.1,0.8,0.1,57195.2,156.9,0.0,1.1,0.0,0.0,0.1,0.2,0.0,0.0,0.2,0.2,0.4,0.6,0.3,28598.0
CRS3035RES200mN2633200E3487600,2.0,1.1,0.1,0.4,0.1,0.8,0.1,57195.2,156.9,0.0,1.1,0.0,0.0,0.1,0.2,0.0,0.0,0.2,0.2,0.4,0.6,0.3,28598.0
CRS3035RES200mN2633400E3463600,10.0,3.7,0.0,0.6,0.3,3.7,0.0,340842.7,437.2,0.0,3.7,0.0,0.0,0.0,0.6,2.0,0.6,0.6,3.4,0.6,1.9,0.3,34084.0
CRS3035RES200mN2633400E3463800,14.5,5.4,0.0,0.9,0.4,5.4,0.0,494221.9,634.0,0.0,5.4,0.0,0.0,0.0,0.9,2.9,0.9,0.9,4.9,0.9,2.7,0.4,34084.0
CRS3035RES200mN2633400E3464000,9.0,4.5,0.3,2.1,0.3,4.5,0.0,253072.0,496.7,0.0,4.5,0.0,0.0,0.0,0.7,0.7,0.7,1.0,1.0,1.4,2.1,1.4,28119.0
CRS3035RES200mN2633400E3465600,2.0,0.7,0.0,0.1,0.0,0.4,0.0,62036.3,96.5,0.0,0.7,0.0,0.0,0.0,0.1,0.2,0.2,0.3,0.5,0.3,0.4,0.0,31018.0
CRS3035RES200mN2633400E3469400,4.0,1.5,0.0,0.3,0.1,1.2,0.1,94300.2,142.5,0.0,1.5,0.0,0.1,0.2,0.4,0.4,0.4,0.5,1.0,0.1,0.7,0.2,23575.0
CRS3035RES200mN2633400E3469600,73.5,29.0,4.0,6.0,1.0,25.0,3.0,2071799.7,2839.0,0.0,29.0,0.0,4.0,3.0,4.0,9.5,1.0,27.0,13.0,5.0,6.0,1.0,28188.0
CRS3035RES200mN2633400E3469800,138.0,47.0,1.0,8.0,3.0,39.0,2.0,3424695.2,4623.0,2.0,45.0,0.0,5.0,4.5,9.5,12.0,21.0,24.0,41.0,6.0,13.0,2.0,24817.0
CRS3035RES200mN2633400E3470000,82.0,35.0,1.0,9.0,0.0,27.0,1.0,2133587.5,3485.0,0.0,35.0,0.0,4.0,0.0,3.0,10.0,6.0,14.0,26.0,7.0,8.0,4.0,26019.0
CRS3035RES200mN2633400E3470200,32.0,14.0,1.0,4.0,0.0,12.0,0.0,805541.1,1728.0,0.0,14.0,0.0,0.0,1.0,1.0,1.0,2.0,2.0,12.0,2.0,9.0,2.0,25173.0
CRS3035RES200mN2633400E3476000,2.0,0.8,0.1,0.2,0.0,0.6,0.0,46873.6,92.9,0.0,0.8,0.0,0.0,0.0,0.1,0.1,0.3,0.3,0.4,0.4,0.3,0.1,23437.0
CRS3035RES200mN2633400E3480200,2.0,0.8,0.0,0.2,0.0,0.8,0.1,58636.4,101.2,0.0,0.8,0.0,0.1,0.0,0.1,0.2,0.1,0.5,0.4,0.2,0.3,0.1,29318.0
CRS3035RES200mN2633400E3482000,3.0,1.2,0.1,0.1,0.1,0.9,0.1,70862.5,146.4,0.0,1.2,0.0,0.1,0.1,0.2,0.3,0.2,0.4,0.5,0.5,0.5,0.2,23621.0
CRS3035RES200mN2633400E3485000,1.0,0.4,0.0,0.1,0.0,0.2,0.1,20282.8,37.1,0.0,0.4,0.0,0.1,0.0,0.1,0.1,0.1,0.3,0.2,0.1,0.0,0.0,20283.0
CRS3035RES200mN2633400E3486600,12.0,4.9,0.0,1.6,0.3,3.8,0.5,322590.5,639.8,0.0,4.9,0.0,0.3,0.5,1.1,1.1,1.1,1.3,3.0,2.2,0.3,1.1,26883.0
CRS3035RES200mN2633400E3487000,2.0,1.1,0.1,0.4,0.1,0.8,0.1,57195.2,156.9,0.0,1.1,0.0,0.0,0.1,0.2,0.0,0.0,0.2,0.2,0.4,0.6,0.3,28598.0
CRS3035RES200mN2633400E3487200,4.0,2.1,0.2,0.8,0.1,1.5,0.2,114390.3,313.8,0.0,2.1,0.0,0.0,0.1,0.3,0.0,0.0,0.5,0.5,0.8,1.2,0.6,28598.0
CRS3035RES200mN2633400E3487800,3.0,1.6,0.2,0.6,0.1,1.1,0.2,85792.7,235.3,0.0,1.6,0.0,0.0,0.1,0.3,0.0,0.0,0.3,0.4,0.6,0.9,0.4,28598.0
CRS3035RES200mN2633400E3491000,4.0,1.4,0.1,0.1,0.0,1.3,0.0,105625.1,200.5,0.1,1.3,0.0,0.0,0.0,0.1,0.4,0.1,0.6,0.6,0.9,0.7,0.6,26406.0
CRS3035RES200mN2633400E3492400,2.0,1.0,0.1,0.4,0.1,0.8,0.1,43244.4,114.3,0.1,0.9,0.0,0.0,0.0,0.0,0.3,0.1,0.3,0.6,0.3,0.4,0.0,21622.0
CRS3035RES200mN2633400E3492600,21.0,10.0,0.9,4.6,0.9,8.2,0.9,454066.2,1199.7,0.9,9.1,0.0,0.0,0.0,0.0,3.7,0.9,2.7,6.4,2.7,4.6,0.0,21622.0
CRS3035RES200mN2633400E3494600,3.0,1.4,0.1,0.5,0.1,1.2,0.1,82635.3,171.1,0.1,1.3,0.0,0.2,0.0,0.2,0.1,0.1,0.6,0.5,0.6,0.6,0.1,27545.0
CRS3035RES200mN2633600E3463000,1.0,0.4,0.0,0.1,0.0,0.4,0.0,34084.3,43.7,0.0,0.4,0.0,0.0,0.0,0.0,0.2,0.1,0.1,0.3,0.1,0.2,0.0,34084.0
CRS3035RES200mN2633600E3465600,21.0,7.8,0.0,1.4,0.5,4.6,0.5,651381.4,1013.0,0.0,7.8,0.0,0.0,0.5,1.4,2.3,1.8,3.2,5.0,2.7,3.6,0.5,31018.0
CRS3035RES200mN2633600E3469800,7.0,2.7,0.0,0.5,0.1,2.1,0.2,165025.3,249.4,0.0,2.7,0.0,0.2,0.3,0.8,0.8,0.7,0.8,1.7,0.2,1.1,0.4,23575.0
CRS3035RES200mN2633600E3470000,19.0,7.0,0.3,0.6,0.3,5.8,1.5,471876.8,743.0,0.0,7.0,0.0,1.8,0.6,0.6,1.1,0.9,5.2,3.1,2.4,2.4,0.9,24836.0
CRS3035RES200mN2633600E3470200,12.5,4.6,0.2,0.4,0.2,3.8,1.0,310445.3,488.8,0.0,4.6,0.0,1.2,0.4,0.4,0.7,0.6,3.4,2.0,1.6,1.6,0.6,24836.0
CRS3035RES200mN2633600E3470400,10.0,3.7,0.2,0.3,0.2,3.0,0.8,248356.2,391.0,0.0,3.7,0.0,0.9,0.3,0.3,0.6,0.5,2.7,1.6,1.3,1.3,0.5,24836.0
CRS3035RES200mN2633600E3471800,6.0,2.0,0.0,0.2,0.0,1.6,0.1,159677.3,207.5,0.0,2.0,0.0,0.2,0.3,0.8,0.8,0.2,1.0,2.1,0.2,0.3,0.1,26613.0
CRS3035RES200mN2633600E3472000,35.5,11.7,0.9,2.7,2.7,9.9,0.0,831370.7,1479.3,0.0,11.7,0.0,0.9,0.0,4.5,3.1,4.5,6.3,9.0,3.6,2.7,0.9,23419.0
CRS3035RES200mN2633600E3472800,3.0,1.0,0.1,0.2,0.2,0.8,0.0,70256.7,125.0,0.0,1.0,0.0,0.1,0.0,0.4,0.3,0.4,0.5,0.7,0.3,0.2,0.1,23419.0
CRS3035RES200mN2633600E3473000,4.0,1.6,0.0,0.1,0.1,1.6,0.1,97974.3,178.7,0.0,1.6,0.0,0.1,0.1,0.1,0.3,0.2,0.8,0.5,0.9,0.8,0.2,24494.0
CRS3035RES200mN2633600E3473200,25.5,10.2,0.0,0.5,0.5,10.2,0.5,624586.0,1139.0,0.0,10.2,0.0,1.0,0.5,1.0,2.2,1.0,4.8,3.4,5.8,4.8,1.0,24494.0
CRS3035RES200mN2633600E3473400,11.0,4.4,0.0,0.2,0.2,4.4,0.2,269429.3,491.3,0.0,4.4,0.0,0.4,0.2,0.4,1.0,0.4,2.1,1.5,2.5,2.1,0.4,24494.0
CRS3035RES200mN2633600E3473600,12.0,4.8,0.0,0.2,0.2,4.8,0.2,293922.8,536.0,0.0,4.8,0.0,0.4,0.2,0.5,1.0,0.5,2.3,1.6,2.7,2.3,0.5,24494.0
CRS3035RES200mN2633600E3485000,7.0,2.7,0.2,0.4,0.0,1.4,0.4,141979.8,259.4,0.0,2.7,0.0,0.8,0.2,0.8,0.4,0.4,1.9,1.7,0.4,0.2,0.2,20283.0
CRS3035RES200mN2633600E3486600,4.0,1.6,0.0,0.5,0.1,1.3,0.2,107530.2,213.3,0.0,1.6,0.0,0.1,0.2,0.3,0.4,0.4,0.4,1.0,0.7,0.1,0.4,26883.0
CRS3035RES200mN2633600E3490200,7.0,2.3,0.4,0.6,0.3,1.5,0.0,141006.7,267.3,0.0,2.3,0.0,0.8,0.2,0.6,0.9,0.4,2.0,0.9,0.6,0.4,0.2,20144.0
CRS3035RES200mN2633600E3490400,17.5,5.6,0.9,1.4,0.7,3.8,0.0,352516.8,668.3,0.0,5.6,0.0,2.1,0.5,1.4,2.2,0.9,4.9,2.4,1.7,0.9,0.5,20144.0
CRS3035RES200mN2633600E3491200,4.0,1.4,0.1,0.1,0.0,1.3,0.0,105625.1,200.5,0.1,1.3,0.0,0.0,0.0,0.1,0.4,0.1,0.6,0.6,0.9,0.7,0.6,26406.0
CRS3035RES200mN2633600E3494800,2.0,0.9,0.0,0.3,0.0,0.8,0.0,55090.2,114.1,0.0,0.9,0.0,0.1,0.0,0.2,0.0,0.1,0.4,0.3,0.4,0.4,0.1,27545.0
CRS3035RES200mN2633800E3470400,2.0,0.7,0.0,0.1,0.0,0.6,0.2,49671.2,78.2,0.0,0.7,0.0,0.2,0.1,0.1,0.1,0.1,0.5,0.3,0.2,0.3,0.1,24836.0
CRS3035RES200mN2633800E3472600,54.0,22.0,0.0,4.0,1.0,21.0,0.0,1400752.6,2348.0,0.0,22.0,0.0,4.0,1.0,2.0,1.0,1.0,8.0,11.0,6.0,18.0,2.0,25940.0
CRS3035RES200mN2633800E3472800,55.0,31.0,1.0,12.0,0.0,28.0,3.0,1437268.6,3046.0,0.0,31.0,0.0,1.0,0.0,2.0,0.0,1.0,9.0,8.0,8.0,21.0,5.0,26132.0
CRS3035RES200mN2633800E3473000,74.5,28.0,1.0,3.0,0.0,25.0,3.0,2125098.1,2715.0,0.0,28.0,0.0,9.0,4.0,7.5,3.0,0.0,25.0,11.0,2.0,7.0,6.0,28525.0
CRS3035RES200mN2633800E3473200,112.5,34.0,1.0,2.0,3.0,33.0,1.0,2736220.6,3785.0,0.0,34.0,0.0,5.0,5.5,14.0,13.0,8.0,25.0,27.0,12.0,3.0,0.0,24322.0
CRS3035RES200mN2633800E3473400,72.0,31.0,2.0,8.0,2.0,22.0,1.0,1949748.7,3194.0,5.0,26.0,0.0,2.0,0.0,0.0,8.0,9.0,5.0,14.0,10.0,17.0,7.0,27080.0
CRS3035RES200mN2633800E3473600,43.5,18.0,0.0,3.0,0.0,15.0,2.0,1305799.9,2042.0,0.0,18.0,0.0,1.0,1.0,3.0,4.5,3.0,6.0,13.0,3.0,9.0,0.0,30018.0
CRS3035RES200mN2633800E3478400,5.0,1.9,0.2,0.4,0.1,1.5,0.1,117184.0,232.2,0.0,1.9,0.0,0.1,0.0,0.2,0.2,0.8,0.8,1.1,1.0,0.7,0.1,23437.0
CRS3035RES200mN2633800E3482200,4.0,1.5,0.1,0.1,0.1,1.2,0.1,94483.3,195.2,0.0,1.5,0.0,0.2,0.2,0.2,0.4,0.2,0.5,0.7,0.6,0.7,0.3,23621.0
CRS3035RES200mN2633800E3484400,2.0,0.8,0.1,0.2,0.1,0.7,0.1,45853.0,79.5,0.0,0.8,0.0,0.2,0.1,0.2,0.1,0.0,0.6,0.3,0.4,0.1,0.0,22926.0
CRS3035RES200mN2633800E3484600,55.0,22.5,1.7,5.8,1.7,18.3,2.5,1260957.5,2187.5,0.0,22.5,0.0,5.0,2.5,5.8,1.7,0.8,16.7,8.3,10.9,3.3,0.0,22926.0
CRS3035RES200mN2633800E3484800,45.5,23.0,5.0,7.0,0.0,12.0,3.0,1074338.2,1873.0,0.0,23.0,9.0,2.0,1.0,0.0,2.5,3.0,6.0,11.0,14.0,6.0,0.0,23612.0
CRS3035RES200mN2633800E3485000,28.0,12.0,1.0,2.0,0.0,12.0,0.0,627490.5,1532.0,0.0,12.0,0.0,0.0,2.0,2.0,2.0,0.0,3.0,3.0,5.0,11.0,0.0,22410.0
CRS3035RES200mN2633800E3485200,32.0,12.0,0.0,2.0,0.0,6.0,2.0,789041.8,1090.0,0.0,12.0,0.0,3.0,2.0,1.5,4.5,1.0,7.0,7.0,4.0,2.0,0.0,24658.0
CRS3035RES200mN2633800E3485400,23.0,8.8,0.7,1.4,0.0,4.7,1.4,466504.9,852.4,0.0,8.8,0.0,2.7,0.7,2.7,1.3,1.3,6.1,5.4,1.4,0.7,0.7,20283.0
CRS3035RES200mN2633800E3486200,10.0,4.1,0.0,1.4,0.2,3.2,0.5,268825.4,533.2,0.0,4.1,0.0,0.2,0.5,0.9,0.9,0.9,1.2,2.5,1.8,0.2,0.9,26883.0
CRS3035RES200mN2633800E3486400,8.0,3.3,0.0,1.1,0.2,2.5,0.4,215060.3,426.5,0.0,3.3,0.0,0.2,0.4,0.7,0.7,0.7,0.9,2.0,1.5,0.2,0.7,26883.0
CRS3035RES200mN2633800E3487000,1.0,0.5,0.1,0.2,0.0,0.4,0.1,28597.6,78.4,0.0,0.5,0.0,0.0,0.0,0.1,0.0,0.0,0.1,0.1,0.2,0.3,0.2,28598.0
CRS3035RES200mN2633800E3488200,4.0,2.1,0.5,0.8,0.0,1.3,0.0,85358.1,242.9,0.3,1.8,0.0,0.4,0.0,0.2,0.0,0.0,0.9,0.0,1.2,1.3,0.0,21340.0
CRS3035RES200mN2633800E3488400,1.0,0.5,0.1,0.2,0.0,0.3,0.0,21339.5,60.7,0.1,0.4,0.0,0.1,0.0,0.1,0.0,0.0,0.2,0.0,0.3,0.3,0.0,21340.0
CRS3035RES200mN2633800E3490200,23.0,7.4,1.2,1.9,0.9,4.9,0.0,463307.8,878.3,0.0,7.4,0.0,2.8,0.6,1.9,2.9,1.2,6.5,3.1,2.2,1.2,0.6,20144.0
CRS3035RES200mN2633800E3490400,41.0,13.0,0.0,3.0,1.0,12.0,0.0,921674.5,1334.0,0.0,13.0,0.0,3.0,4.0,7.0,2.0,2.0,12.0,8.0,2.0,1.0,0.0,22480.0
CRS3035RES200mN2633800E3490600,2.0,0.6,0.1,0.2,0.1,0.4,0.0,40287.6,76.4,0.0,0.6,0.0,0.2,0.0,0.2,0.3,0.1,0.6,0.3,0.2,0.1,0.0,20144.0
CRS3035RES200mN2633800E3491600,4.0,1.4,0.1,0.1,0.0,1.3,0.0,105625.1,200.5,0.1,1.3,0.0,0.0,0.0,0.1,0.4,0.1,0.6,0.6,0.9,0.7,0.6,26406.0
CRS3035RES200mN2633800E3495000,3.0,1.4,0.1,0.5,0.1,1.2,0.1,82635.3,171.1,0.1,1.3,0.0,0.2,0.0,0.2,0.1,0.1,0.6,0.5,0.6,0.6,0.1,27545.0
CRS3035RES200mN2633800E3495200,1.0,0.5,0.0,0.2,0.0,0.4,0.0,27545.1,57.0,0.0,0.5,0.0,0.1,0.0,0.1,0.0,0.0,0.2,0.2,0.2,0.2,0.0,27545.0
CRS3035RES200mN2634000E3464000,17.0,8.2,0.0,2.7,0.0,5.4,0.0,533158.3,958.1,0.0,8.2,0.0,0.0,0.7,0.7,0.7,1.3,1.4,3.4,2.7,5.4,0.7,31362.0
CRS3035RES200mN2634000E3464200,1.0,0.5,0.0,0.2,0.0,0.3,0.0,31362.3,56.4,0.0,0.5,0.0,0.0,0.0,0.0,0.0,0.1,0.1,0.2,0.2,0.3,0.1,31362.0
CRS3035RES200mN2634000E3466200,1.0,0.4,0.0,0.1,0.0,0.3,0.0,24010.0,36.5,0.0,0.4,0.0,0.1,0.0,0.0,0.1,0.1,0.2,0.2,0.1,0.1,0.1,24010.0
CRS3035RES200mN2634000E3467200,4.0,1.6,0.1,0.3,0.2,1.3,0.1,101882.4,192.4,0.0,1.6,0.0,0.2,0.1,0.3,0.3,0.2,0.4,1.1,0.2,0.9,0.3,25471.0
CRS3035RES200mN2634000E3472600,11.0,5.1,0.3,1.4,0.3,4.2,0.3,267432.8,494.7,0.0,5.1,0.0,0.0,0.0,0.0,0.6,0.8,0.9,2.8,1.4,4.2,0.3,24312.0
CRS3035RES200mN2634000E3472800,64.0,25.0,0.0,4.0,1.0,23.0,2.0,1609424.9,2774.0,0.0,25.0,0.0,5.0,2.0,5.0,4.0,3.0,8.0,13.0,11.0,12.0,1.0,25147.0
CRS3035RES200mN2634000E3473000,99.0,50.0,2.0,18.0,1.0,29.0,5.0,2479812.7,4853.0,9.0,41.0,0.0,2.0,0.0,3.5,6.5,10.0,13.0,21.0,15.0,24.0,4.0,25049.0
CRS3035RES200mN2634000E3473200,96.5,39.0,2.0,11.0,3.0,35.0,2.0,2381580.0,4279.0,0.0,39.0,0.0,4.0,2.0,11.0,8.0,6.5,20.0,19.0,15.0,11.0,0.0,24680.0
CRS3035RES200mN2634000E3473400,84.0,39.0,2.0,11.0,1.0,30.0,4.0,2052111.6,4013.0,0.0,39.0,0.0,5.0,0.0,5.0,4.0,6.0,14.0,16.0,9.0,17.0,8.0,24430.0
CRS3035RES200mN2634000E3473600,68.0,24.0,0.0,1.0,0.0,21.0,1.0,2076646.9,2794.0,0.0,24.0,0.0,0.0,1.0,3.0,8.0,7.0,6.0,23.0,1.0,18.0,1.0,30539.0
CRS3035RES200mN2634000E3476000,2.0,0.8,0.1,0.2,0.0,0.6,0.0,46873.6,92.9,0.0,0.8,0.0,0.0,0.0,0.1,0.1,0.3,0.3,0.4,0.4,0.3,0.1,23437.0
CRS3035RES200mN2634000E3476200,1.0,0.4,0.0,0.1,0.0,0.3,0.0,23436.8,46.4,0.0,0.4,0.0,0.0,0.0,0.0,0.0,0.2,0.2,0.2,0.2,0.2,0.0,23437.0
CRS3035RES200mN2634000E3481800,2.0,0.9,0.2,0.4,0.0,0.8,0.1,51497.6,128.9,0.0,0.9,0.0,0.1,0.0,0.1,0.0,0.3,0.5,0.6,0.2,0.2,0.0,25749.0
CRS3035RES200mN2634000E3483200,4.0,1.9,0.3,0.8,0.0,1.6,0.2,102995.2,257.9,0.0,1.9,0.0,0.2,0.1,0.2,0.0,0.6,1.1,1.2,0.3,0.3,0.0,25749.0
CRS3035RES200mN2634000E3484400,5.0,1.7,0.0,0.3,0.0,1.6,0.1,121663.4,176.0,0.0,1.7,0.0,0.5,0.4,0.1,1.0,0.0,1.2,1.5,0.1,0.1,0.1,24333.0
CRS3035RES200mN2634000E3484600,106.0,40.0,1.0,8.0,2.0,35.0,5.0,2534443.8,3929.0,0.0,40.0,0.0,3.0,1.0,9.0,13.0,9.0,25.0,30.0,13.0,3.0,0.0,23910.0
CRS3035RES200mN2634000E3484800,121.0,86.0,13.0,68.0,1.0,23.0,2.0,2600189.2,4628.0,59.0,27.0,59.0,4.0,0.0,3.0,4.0,6.0,9.0,13.0,11.0,17.0,54.0,21489.0
CRS3035RES200mN2634000E3485000,52.0,22.0,2.0,4.0,0.0,21.0,1.0,1238120.1,2193.0,0.0,22.0,0.0,1.0,1.0,4.0,3.0,2.0,7.0,8.0,11.0,12.0,3.0,23810.0
CRS3035RES200mN2634000E3485200,64.0,30.0,1.0,8.0,2.0,26.0,4.0,1671605.3,3791.0,0.0,30.0,0.0,3.0,0.0,1.5,3.0,6.5,11.0,11.0,9.0,12.0,7.0,26119.0
CRS3035RES200mN2634000E3485400,76.5,27.0,1.0,2.0,3.0,22.0,5.0,1839636.5,2716.0,0.0,27.0,0.0,3.0,3.0,10.0,10.5,2.0,12.0,21.0,4.0,9.0,2.0,24048.0
CRS3035RES200mN2634000E3486200,8.0,2.9,0.0,0.4,0.2,2.9,0.4,245316.0,397.9,0.0,2.9,0.0,0.3,0.2,1.0,1.0,0.4,1.5,1.9,1.1,0.4,0.2,30664.0
CRS3035RES200mN2634000E3486600,5.0,1.8,0.0,0.3,0.1,1.8,0.3,153322.5,248.7,0.0,1.8,0.0,0.2,0.1,0.6,0.6,0.3,0.9,1.2,0.7,0.3,0.1,30664.0
CRS3035RES200mN2634000E3488200,4.0,1.6,0.1,0.4,0.1,1.2,0.1,93030.2,180.0,0.2,1.4,0.0,0.2,0.1,0.2,0.4,0.4,0.5,0.9,0.4,0.8,0.1,23258.0
CRS3035RES200mN2634000E3488600,2.0,0.8,0.1,0.2,0.0,0.6,0.1,46515.1,90.0,0.1,0.7,0.0,0.1,0.0,0.1,0.2,0.2,0.3,0.4,0.2,0.4,0.1,23258.0
CRS3035RES200mN2634000E3489800,1.0,0.4,0.0,0.1,0.0,0.3,0.0,23257.5,45.0,0.0,0.4,0.0,0.1,0.0,0.1,0.1,0.1,0.1,0.2,0.1,0.2,0.0,23258.0
CRS3035RES200mN2634000E3490000,12.0,4.1,0.3,0.4,0.8,3.3,0.3,279899.6,453.7,0.1,4.0,0.0,0.4,0.3,1.1,1.9,0.9,2.4,2.7,1.0,0.6,0.7,23325.0
CRS3035RES200mN2634000E3490200,11.0,3.7,0.2,0.4,0.7,3.0,0.2,256574.7,415.9,0.1,3.6,0.0,0.3,0.3,1.0,1.8,0.8,2.2,2.5,0.9,0.6,0.6,23325.0
CRS3035RES200mN2634000E3494200,5.0,2.4,0.3,0.8,0.2,1.5,0.2,121509.6,225.6,0.0,2.4,0.0,0.0,0.0,0.3,0.6,0.2,0.7,1.0,1.2,0.8,0.2,24302.0
CRS3035RES200mN2634200E3465800,41.0,17.0,0.0,0.0,1.0,17.0,0.0,1189122.9,2046.0,0.0,17.0,0.0,2.0,0.0,1.0,1.0,2.0,2.0,3.0,8.0,20.0,2.0,29003.0
CRS3035RES200mN2634200E3466000,83.0,37.0,2.0,9.0,2.0,35.0,5.0,1899134.9,3262.0,0.0,37.0,0.0,3.0,2.0,3.0,4.0,5.0,12.0,10.0,7.0,28.0,9.0,22881.0
CRS3035RES200mN2634200E3466200,95.5,41.0,2.0,12.0,0.0,37.0,2.0,2510325.9,4426.0,0.0,41.0,0.0,0.0,1.0,8.0,11.5,6.0,8.0,22.0,16.0,20.0,3.0,26286.0
CRS3035RES200mN2634200E3466400,47.0,17.4,0.0,2.9,1.4,12.3,2.2,1128470.7,1716.6,0.0,17.4,0.0,3.6,2.2,0.7,2.2,5.8,7.9,8.0,5.8,6.5,4.3,24010.0
CRS3035RES200mN2634200E3466600,66.0,23.0,1.0,4.0,3.0,22.0,2.0,1615962.5,2230.0,0.0,23.0,0.0,4.0,3.0,4.0,6.0,8.0,13.0,16.0,6.0,6.0,0.0,24484.0
CRS3035RES200mN2634200E3466800,64.5,28.0,3.0,9.0,1.0,17.0,3.0,1428150.2,2549.0,2.0,26.0,0.0,2.0,2.5,4.0,5.0,4.0,10.0,18.0,12.0,6.0,1.0,22142.0
CRS3035RES200mN2634200E3467000,12.5,5.1,0.4,1.0,0.6,4.1,0.4,318382.6,601.2,0.0,5.1,0.0,0.6,0.2,1.0,1.1,0.6,1.4,3.3,0.6,2.9,0.8,25471.0
CRS3035RES200mN2634200E3470600,5.0,1.7,0.0,0.2,0.0,1.3,0.1,133064.4,172.9,0.0,1.7,0.0,0.1,0.2,0.7,0.7,0.2,0.8,1.7,0.2,0.3,0.1,26613.0
CRS3035RES200mN2634200E3472800,17.0,7.8,0.4,2.2,0.4,6.5,0.4,413305.3,764.6,0.0,7.8,0.0,0.0,0.0,0.0,0.9,1.3,1.3,4.4,2.2,6.5,0.4,24312.0
CRS3035RES200mN2634200E3473000,88.0,34.0,1.0,9.0,1.0,26.0,4.0,2300890.5,3612.0,0.0,34.0,0.0,9.0,3.5,5.5,6.5,8.5,28.0,12.0,8.0,5.0,2.0,26146.0
CRS3035RES200mN2634200E3473200,123.0,52.0,3.0,17.0,3.0,40.0,5.0,3096410.4,5146.0,1.0,51.0,0.0,4.0,5.0,14.5,14.5,4.0,17.0,32.0,17.0,13.0,2.0,25174.0
CRS3035RES200mN2634200E3473400,40.0,20.0,1.0,9.0,1.0,15.0,0.0,1224638.0,2341.0,0.0,20.0,0.0,3.0,1.0,1.0,2.0,1.0,13.0,7.0,7.0,5.0,0.0,30616.0
CRS3035RES200mN2634200E3473600,35.0,13.0,1.0,3.0,1.0,11.0,1.0,705595.4,1246.0,0.0,13.0,0.0,2.0,1.0,3.0,3.0,4.0,7.0,8.0,2.0,4.0,1.0,20160.0
CRS3035RES200mN2634200E3473800,22.5,7.8,0.0,1.8,0.0,6.6,0.6,576695.4,779.4,0.0,7.8,0.0,1.2,0.6,3.6,2.7,0.6,3.0,7.2,1.2,1.8,0.6,25631.0
CRS3035RES200mN2634200E3474000,12.0,4.4,0.4,1.0,0.1,3.7,0.7,291793.1,465.6,0.0,4.4,0.0,0.0,0.1,0.3,2.2,1.5,0.6,4.6,0.9,1.5,0.3,24316.0
CRS3035RES200mN2634200E3474200,1.0,0.4,0.0,0.1,0.0,0.3,0.1,24316.1,38.8,0.0,0.4,0.0,0.0,0.0,0.0,0.2,0.1,0.1,0.4,0.1,0.1,0.0,24316.0
CRS3035RES200mN2634200E3474800,2.0,0.7,0.1,0.2,0.0,0.6,0.1,48632.2,77.6,0.0,0.7,0.0,0.0,0.0,0.1,0.4,0.2,0.1,0.8,0.1,0.2,0.1,24316.0
CRS3035RES200mN2634200E3484200,43.0,17.0,2.0,6.0,1.0,15.0,2.0,973904.1,1614.0,0.0,17.0,2.0,4.0,3.0,3.0,4.0,3.0,12.0,9.0,2.0,3.0,0.0,22649.0
CRS3035RES200mN2634200E3484400,94.0,37.0,5.0,10.0,4.0,33.0,3.0,2120009.0,3654.0,0.0,37.0,3.0,4.0,4.0,13.5,8.5,5.0,13.0,25.0,8.0,7.0,6.0,22553.0
CRS3035RES200mN2634200E3484600,67.0,24.0,1.0,2.0,0.0,15.0,6.0,1578478.3,2286.0,0.0,24.0,0.0,2.0,0.0,3.0,17.0,7.0,12.0,18.0,1.0,5.0,2.0,23559.0
CRS3035RES200mN2634200E3484800,92.0,38.0,3.0,12.0,3.0,30.0,1.0,2169523.1,3474.0,0.0,38.0,0.0,2.0,2.0,8.0,10.0,7.0,20.0,26.0,6.0,7.0,4.0,23582.0
CRS3035RES200mN2634200E3485000,70.0,25.0,2.0,4.0,2.0,22.0,3.0,1911649.6,3499.0,0.0,25.0,0.0,2.0,2.0,4.0,12.0,5.0,10.0,16.0,10.0,6.0,3.0,27309.0
CRS3035RES200mN2634200E3485200,104.5,42.0,9.0,12.0,2.0,31.0,6.0,2458872.0,4720.0,7.0,35.0,0.0,3.5,1.5,9.5,17.0,6.0,12.0,24.0,12.0,15.0,4.0,23530.0
CRS3035RES200mN2634200E3485400,15.0,5.5,0.0,1.5,1.0,5.0,0.8,388161.8,627.0,0.0,5.5,0.0,1.2,0.2,2.0,1.0,1.0,2.7,3.8,0.8,1.0,1.3,25877.0
CRS3035RES200mN2634200E3486400,4.0,1.5,0.0,0.2,0.1,1.5,0.2,122658.0,199.0,0.0,1.5,0.0,0.2,0.1,0.5,0.5,0.2,0.7,1.0,0.5,0.2,0.1,30664.0
CRS3035RES200mN2634200E3489800,20.5,8.3,0.6,2.2,0.3,6.2,0.6,476779.8,922.3,0.9,7.4,0.0,0.9,0.6,1.1,2.2,1.8,2.8,4.6,1.9,4.0,0.6,23258.0
CRS3035RES200mN2634200E3490000,23.0,7.8,0.5,0.7,1.5,6.4,0.5,536474.3,869.6,0.2,7.6,0.0,0.7,0.6,2.1,3.7,1.7,4.7,5.1,2.0,1.2,1.2,23325.0
CRS3035RES200mN2634200E3490200,13.0,4.4,0.3,0.4,0.8,3.6,0.3,303224.6,491.5,0.1,4.3,0.0,0.4,0.3,1.2,2.1,1.0,2.6,2.9,1.1,0.7,0.7,23325.0
CRS3035RES200mN2634200E3491000,5.0,1.9,0.1,0.4,0.1,1.8,0.1,116427.2,212.2,0.0,1.9,0.0,0.0,0.3,0.3,0.5,0.5,0.4,1.4,0.7,0.9,0.0,23285.0
CRS3035RES200mN2634200E3493400,5.0,2.4,0.2,0.8,0.2,2.1,0.2,120954.2,286.6,0.0,2.4,0.0,0.2,0.0,0.4,0.3,0.4,0.8,0.7,0.6,1.1,0.5,24191.0
CRS3035RES200mN2634400E3465800,24.0,12.0,1.0,4.0,1.0,12.0,1.0,598702.2,1186.0,0.0,12.0,0.0,0.0,0.0,1.0,3.0,0.0,5.0,3.0,2.0,9.0,1.0,24946.0
CRS3035RES200mN2634400E3466000,103.5,49.0,3.0,15.0,2.0,48.0,5.0,2559071.7,4705.0,0.0,49.0,0.0,1.0,1.0,1.0,6.5,8.0,11.0,19.0,21.0,28.0,7.0,24725.0
CRS3035RES200mN2634400E3466200,123.0,54.0,5.0,12.0,3.0,28.0,15.0,2709686.8,4613.0,9.0,45.0,19.0,6.0,6.0,9.5,10.5,8.0,21.0,27.0,17.0,15.0,3.0,22030.0
CRS3035RES200mN2634400E3466400,102.0,52.0,4.0,16.0,1.0,25.0,9.0,2462155.5,4339.0,7.0,45.0,18.0,2.0,0.5,5.5,9.0,4.0,18.0,20.0,16.0,21.0,6.0,24139.0
CRS3035RES200mN2634400E3466600,110.5,47.0,2.0,11.0,1.0,38.0,4.0,2710835.8,5007.0,0.0,47.0,7.0,6.0,3.0,4.5,3.0,6.0,17.0,16.0,19.0,28.0,8.0,24532.0
CRS3035RES200mN2634400E3466800,58.0,23.0,4.0,4.0,1.0,17.0,6.0,1316801.3,2531.0,0.0,23.0,4.0,6.0,1.0,7.5,3.5,3.0,15.0,6.0,4.0,10.0,2.0,22703.0
CRS3035RES200mN2634400E3473000,49.5,20.0,3.0,6.0,2.0,18.0,1.0,1268309.2,1924.0,0.0,20.0,0.0,0.0,0.0,1.0,4.5,9.0,2.0,15.0,5.0,11.0,2.0,25622.0
CRS3035RES200mN2634400E3473200,78.0,28.0,1.0,4.0,1.0,24.0,2.0,1914520.5,2851.0,0.0,28.0,0.0,5.0,2.0,6.0,7.0,5.0,14.0,17.0,8.0,10.0,4.0,24545.0
CRS3035RES200mN2634400E3473400,40.0,16.0,0.0,3.0,1.0,16.0,1.0,1024381.9,1762.0,0.0,16.0,0.0,0.0,0.0,3.0,3.0,4.0,6.0,6.0,8.0,8.0,2.0,25610.0
CRS3035RES200mN2634400E3473600,1.0,0.3,0.0,0.1,0.0,0.3,0.0,25630.9,34.6,0.0,0.3,0.0,0.1,0.0,0.2,0.1,0.0,0.1,0.3,0.1,0.1,0.0,25631.0
CRS3035RES200mN2634400E3473800,4.0,1.4,0.0,0.3,0.0,1.2,0.1,102523.6,138.6,0.0,1.4,0.0,0.2,0.1,0.7,0.5,0.1,0.5,1.3,0.2,0.3,0.1,25631.0
CRS3035RES200mN2634400E3474000,18.0,6.7,0.7,1.6,0.2,5.6,1.1,437689.7,698.4,0.0,6.7,0.0,0.0,0.2,0.5,3.3,2.2,0.9,6.9,1.3,2.2,0.5,24316.0
CRS3035RES200mN2634400E3474800,18.0,6.7,0.7,1.6,0.2,5.6,1.1,437689.7,698.4,0.0,6.7,0.0,0.0,0.2,0.5,3.3,2.2,0.9,6.9,1.3,2.2,0.5,24316.0
CRS3035RES200mN2634400E3475000,38.0,13.0,2.0,2.0,2.0,11.0,1.0,887578.9,1658.0,0.0,13.0,0.0,2.0,2.0,2.0,3.0,6.0,7.0,10.0,1.0,5.0,0.0,23357.0
CRS3035RES200mN2634400E3475600,1.0,0.4,0.0,0.1,0.0,0.2,0.0,24832.3,33.2,0.0,0.4,0.0,0.1,0.0,0.2,0.0,0.0,0.4,0.1,0.1,0.1,0.0,24832.0
CRS3035RES200mN2634400E3476800,5.0,1.9,0.2,0.4,0.1,1.5,0.1,117184.0,232.2,0.0,1.9,0.0,0.1,0.0,0.2,0.2,0.8,0.8,1.1,1.0,0.7,0.1,23437.0
CRS3035RES200mN2634400E3483600,3.0,1.4,0.2,0.6,0.0,1.2,0.1,77246.4,193.4,0.0,1.4,0.0,0.1,0.1,0.1,0.0,0.5,0.8,1.0,0.2,0.2,0.0,25749.0
CRS3035RES200mN2634400E3484200,63.0,22.0,2.0,2.0,1.0,18.0,4.0,1351795.9,2131.0,0.0,22.0,2.0,7.0,2.5,4.5,6.0,3.0,23.0,7.0,5.0,4.0,1.0,21457.0
CRS3035RES200mN2634400E3484400,78.0,28.0,1.0,7.0,2.0,23.0,2.0,1635340.3,2656.0,0.0,28.0,0.0,5.0,4.5,11.5,9.0,2.0,19.0,18.0,1.0,4.0,4.0,20966.0
CRS3035RES200mN2634400E3484600,29.0,10.1,0.0,2.0,0.0,9.4,0.7,705647.5,1021.1,0.0,10.1,0.0,2.7,2.0,0.7,6.1,0.0,6.7,8.7,0.7,0.7,0.7,24333.0
CRS3035RES200mN2634400E3484800,101.5,37.0,2.0,8.0,4.0,33.0,2.0,2630188.2,3811.0,0.0,37.0,0.0,3.0,1.5,5.5,18.5,6.0,19.0,29.0,6.0,11.0,2.0,25913.0
CRS3035RES200mN2634400E3485000,48.0,15.0,0.0,3.0,5.0,14.0,1.0,1205309.9,1648.0,0.0,15.0,0.0,3.0,1.0,4.5,5.5,3.0,7.0,12.0,6.0,5.0,1.0,25111.0
CRS3035RES200mN2634400E3485200,28.0,10.3,0.0,2.8,1.9,9.3,1.4,724568.6,1170.4,0.0,10.3,0.0,2.3,0.5,3.7,1.9,1.9,5.1,7.0,1.4,1.9,2.3,25877.0
CRS3035RES200mN2634400E3485400,3.0,1.1,0.0,0.3,0.2,1.0,0.2,77632.4,125.4,0.0,1.1,0.0,0.2,0.0,0.4,0.2,0.2,0.5,0.8,0.2,0.2,0.3,25877.0
CRS3035RES200mN2634400E3486400,7.0,2.5,0.0,0.4,0.2,2.5,0.4,214651.5,348.2,0.0,2.5,0.0,0.3,0.2,0.9,0.9,0.3,1.3,1.6,0.9,0.4,0.2,30664.0
CRS3035RES200mN2634400E3489800,27.0,11.0,0.8,2.8,0.4,8.1,0.8,627953.8,1214.8,1.2,9.8,0.0,1.2,0.8,1.4,2.9,2.4,3.7,6.1,2.4,5.3,0.8,23258.0
CRS3035RES200mN2634400E3490000,49.0,15.0,0.0,0.0,2.0,14.0,1.0,1238968.1,1465.0,0.0,15.0,0.0,2.0,1.0,5.5,8.5,2.0,8.0,15.0,4.0,3.0,0.0,25285.0
CRS3035RES200mN2634400E3490200,50.0,17.0,6.0,3.0,2.0,16.0,1.0,996005.1,1759.0,1.0,16.0,0.0,3.0,1.0,3.0,8.0,5.0,5.0,15.0,7.0,3.0,0.0,19920.0
CRS3035RES200mN2634400E3490400,7.0,2.4,0.1,0.2,0.4,1.9,0.1,163274.8,264.7,0.1,2.3,0.0,0.2,0.2,0.6,1.1,0.5,1.4,1.6,0.6,0.4,0.4,23325.0
CRS3035RES200mN2634400E3490600,2.0,0.7,0.0,0.1,0.1,0.6,0.0,46649.9,75.6,0.0,0.7,0.0,0.1,0.1,0.2,0.3,0.1,0.4,0.4,0.2,0.1,0.1,23325.0
CRS3035RES200mN2634600E3466000,47.0,23.0,1.0,8.0,1.0,21.0,3.0,1147345.0,2234.0,2.0,21.0,2.0,0.0,0.0,0.5,1.5,8.0,5.0,10.0,2.0,17.0,3.0,24412.0
CRS3035RES200mN2634600E3466200,107.0,46.0,2.0,6.0,1.0,22.0,10.0,2388383.3,3958.0,23.0,23.0,23.0,5.0,3.0,4.0,14.0,3.0,18.0,20.0,13.0,25.0,2.0,22321.0
CRS3035RES200mN2634600E3466400,62.0,23.0,0.0,3.0,1.0,21.0,1.0,1876154.2,2659.0,0.0,23.0,0.0,1.0,0.0,7.0,6.0,3.0,4.0,14.0,11.0,16.0,0.0,30261.0
CRS3035RES200mN2634600E3466600,91.0,39.0,3.0,8.0,0.0,30.0,5.0,2700670.8,4099.0,0.0,39.0,0.0,5.0,2.0,1.0,3.0,8.0,22.0,9.0,24.0,10.0,7.0,29678.0
CRS3035RES200mN2634600E3466800,93.5,41.0,4.0,11.0,3.0,37.0,5.0,2277523.6,4283.0,0.0,41.0,0.0,3.0,1.0,7.0,10.5,4.0,13.0,24.0,15.0,13.0,3.0,24359.0
CRS3035RES200mN2634600E3472800,8.0,3.7,0.2,1.0,0.2,3.1,0.2,194496.6,359.8,0.0,3.7,0.0,0.0,0.0,0.0,0.4,0.6,0.6,2.1,1.0,3.1,0.2,24312.0
CRS3035RES200mN2634600E3473000,5.0,1.7,0.0,0.4,0.0,1.5,0.1,128154.5,173.2,0.0,1.7,0.0,0.3,0.1,0.8,0.6,0.1,0.7,1.6,0.3,0.4,0.1,25631.0
CRS3035RES200mN2634600E3473400,5.0,1.7,0.0,0.4,0.0,1.5,0.1,128154.5,173.2,0.0,1.7,0.0,0.3,0.1,0.8,0.6,0.1,0.7,1.6,0.3,0.4,0.1,25631.0
CRS3035RES200mN2634600E3474800,22.0,8.1,0.8,1.9,0.3,6.8,1.4,534954.1,853.7,0.0,8.1,0.0,0.0,0.3,0.5,4.1,2.7,1.1,8.4,1.6,2.7,0.6,24316.0
CRS3035RES200mN2634600E3475000,64.0,25.0,4.0,4.0,3.0,22.0,4.0,1499437.9,2559.0,0.0,25.0,0.0,2.0,1.0,3.0,7.5,4.5,8.0,19.0,8.0,11.0,0.0,23429.0
CRS3035RES200mN2634600E3475200,28.0,10.6,0.0,1.9,1.0,5.8,1.0,695304.3,930.8,0.0,10.6,0.0,1.9,0.9,4.8,1.0,1.0,11.6,2.9,2.9,1.0,0.0,24832.0
CRS3035RES200mN2634600E3476200,3.0,1.1,0.1,0.2,0.1,0.9,0.1,70310.4,139.3,0.0,1.1,0.0,0.1,0.0,0.1,0.1,0.5,0.5,0.6,0.6,0.4,0.1,23437.0
CRS3035RES200mN2634600E3484600,9.0,3.1,0.0,0.6,0.0,2.9,0.2,218994.1,316.9,0.0,3.1,0.0,0.9,0.6,0.2,1.9,0.0,2.1,2.7,0.2,0.2,0.2,24333.0
CRS3035RES200mN2634600E3484800,68.5,23.0,1.0,4.0,0.0,21.0,2.0,1706696.0,2360.0,0.0,23.0,0.0,1.0,3.0,4.0,15.5,4.0,10.0,22.0,1.0,5.0,3.0,24915.0
CRS3035RES200mN2634600E3485000,89.0,29.0,1.0,2.0,2.0,29.0,5.0,2170347.7,2968.0,0.0,29.0,0.0,5.5,6.0,9.5,14.0,2.0,21.0,25.0,2.0,4.0,0.0,24386.0
CRS3035RES200mN2634600E3485200,13.0,4.8,0.0,1.3,0.9,4.3,0.7,336406.9,543.4,0.0,4.8,0.0,1.1,0.2,1.7,0.9,0.9,2.4,3.2,0.6,0.9,1.1,25877.0
CRS3035RES200mN2634600E3486400,6.0,2.2,0.0,0.3,0.2,2.2,0.3,183987.0,298.4,0.0,2.2,0.0,0.2,0.1,0.8,0.8,0.3,1.1,1.4,0.8,0.3,0.2,30664.0
CRS3035RES200mN2634600E3488000,4.0,1.6,0.1,0.4,0.1,1.2,0.1,93030.2,180.0,0.2,1.4,0.0,0.2,0.1,0.2,0.4,0.4,0.5,0.9,0.4,0.8,0.1,23258.0
CRS3035RES200mN2634600E3488200,1.0,0.4,0.0,0.1,0.0,0.3,0.0,23257.5,45.0,0.0,0.4,0.0,0.1,0.0,0.1,0.1,0.1,0.1,0.2,0.1,0.2,0.0,23258.0
CRS3035RES200mN2634600E3490000,9.0,3.1,0.2,0.3,0.6,2.5,0.2,209924.7,340.3,0.1,3.0,0.0,0.3,0.2,0.8,1.4,0.7,1.8,2.0,0.8,0.5,0.5,23325.0
CRS3035RES200mN2634600E3490200,44.0,19.0,2.0,6.0,1.0,14.0,2.0,1070880.9,2227.0,0.0,19.0,0.0,4.0,0.0,7.0,1.0,1.0,9.0,8.0,7.0,5.0,2.0,24338.0
CRS3035RES200mN2634600E3490400,15.0,5.1,0.3,0.5,1.0,4.1,0.3,349874.5,567.1,0.2,4.9,0.0,0.5,0.4,1.4,2.4,1.1,3.0,3.3,1.3,0.8,0.8,23325.0
CRS3035RES200mN2634600E3491000,4.0,1.5,0.1,0.3,0.1,1.4,0.1,93141.7,169.7,0.0,1.5,0.0,0.0,0.2,0.3,0.4,0.4,0.3,1.1,0.5,0.8,0.0,23285.0
CRS3035RES200mN2634600E3492000,3.0,1.4,0.1,0.5,0.1,1.2,0.1,72572.5,172.0,0.0,1.4,0.0,0.1,0.0,0.2,0.2,0.2,0.5,0.4,0.4,0.7,0.3,24191.0
CRS3035RES200mN2634800E3465800,40.0,18.0,1.0,4.0,0.0,18.0,1.0,1037776.2,1791.0,0.0,18.0,0.0,0.0,0.0,0.0,7.0,1.0,2.0,10.0,4.0,16.0,0.0,25944.0
CRS3035RES200mN2634800E3466000,63.5,26.0,1.0,5.0,1.0,24.0,3.0,1885831.3,3072.0,0.0,26.0,0.0,3.0,1.0,1.0,8.0,5.5,15.0,11.0,7.0,12.0,0.0,29698.0
CRS3035RES200mN2634800E3466200,88.0,35.0,2.0,6.0,2.0,29.0,0.0,2382054.0,4078.0,2.0,33.0,0.0,3.0,1.0,4.0,7.0,7.0,5.0,23.0,23.0,15.0,0.0,27069.0
CRS3035RES200mN2634800E3466400,151.5,69.0,8.0,23.0,4.0,52.0,7.0,4180457.0,6761.0,3.0,66.0,0.0,4.5,2.0,8.0,15.0,12.5,34.0,27.5,15.0,28.0,5.0,27594.0
CRS3035RES200mN2634800E3466600,107.0,49.0,2.0,15.0,0.0,32.0,2.0,2906327.7,4664.0,1.0,48.0,0.0,8.0,2.5,4.0,7.5,10.0,22.0,16.0,18.0,13.0,6.0,27162.0
CRS3035RES200mN2634800E3466800,17.0,6.3,0.0,1.0,0.5,4.4,0.8,408170.2,620.9,0.0,6.3,0.0,1.3,0.8,0.2,0.8,2.1,2.9,2.9,2.1,2.3,1.6,24010.0
CRS3035RES200mN2634800E3474600,8.0,3.0,0.3,0.7,0.1,2.5,0.5,194528.7,310.4,0.0,3.0,0.0,0.0,0.1,0.2,1.5,1.0,0.4,3.0,0.6,1.0,0.2,24316.0
CRS3035RES200mN2634800E3474800,89.0,32.0,2.0,2.0,2.0,29.0,3.0,2267032.8,3289.0,0.0,32.0,0.0,1.0,1.0,4.0,12.0,6.0,9.0,33.0,13.0,9.0,1.0,25472.0
CRS3035RES200mN2634800E3475000,82.5,31.0,1.0,5.0,1.0,27.0,1.0,2030609.1,3162.0,0.0,31.0,0.0,1.0,1.0,4.5,8.0,11.0,11.0,17.0,20.0,5.0,4.0,24613.0
CRS3035RES200mN2634800E3475200,50.5,21.0,1.0,4.0,1.0,17.0,1.0,1345090.7,2389.0,0.0,21.0,0.0,0.0,1.0,4.0,6.5,3.0,12.0,13.0,10.0,0.0,1.0,26635.0
CRS3035RES200mN2634800E3477000,1.0,0.4,0.0,0.1,0.0,0.3,0.0,23436.8,46.4,0.0,0.4,0.0,0.0,0.0,0.0,0.0,0.2,0.2,0.2,0.2,0.2,0.0,23437.0
CRS3035RES200mN2634800E3481000,4.0,1.9,0.3,0.8,0.0,1.6,0.2,102995.2,257.9,0.0,1.9,0.0,0.2,0.1,0.2,0.0,0.6,1.1,1.2,0.3,0.3,0.0,25749.0
CRS3035RES200mN2634800E3485600,1.0,0.4,0.0,0.1,0.1,0.3,0.0,25877.5,41.8,0.0,0.4,0.0,0.1,0.0,0.1,0.1,0.1,0.2,0.2,0.0,0.1,0.1,25878.0
CRS3035RES200mN2634800E3486000,8.5,3.1,0.0,0.4,0.2,3.1,0.4,260648.3,422.8,0.0,3.1,0.0,0.3,0.2,1.1,1.1,0.4,1.6,2.0,1.1,0.5,0.2,30665.0
CRS3035RES200mN2634800E3486200,32.0,14.0,2.0,3.0,0.0,12.0,2.0,708295.4,1370.0,0.0,14.0,0.0,0.0,0.5,2.5,2.0,1.0,8.0,5.0,6.0,6.0,1.0,22134.0
CRS3035RES200mN2634800E3486400,37.0,17.0,2.0,3.0,0.0,9.0,5.0,831154.0,1891.0,1.0,16.0,0.0,2.0,1.0,1.0,4.0,1.0,11.0,10.0,2.0,3.0,2.0,22464.0
CRS3035RES200mN2634800E3486600,44.0,18.0,2.0,7.0,2.0,15.0,0.0,1056554.9,2147.0,0.0,18.0,0.0,2.0,1.0,6.0,2.0,1.0,11.0,5.0,11.0,3.0,2.0,24013.0
CRS3035RES200mN2634800E3490200,2.0,0.7,0.0,0.1,0.1,0.6,0.0,46649.9,75.6,0.0,0.7,0.0,0.1,0.1,0.2,0.3,0.1,0.4,0.4,0.2,0.1,0.1,23325.0
CRS3035RES200mN2634800E3494800,3.5,1.7,0.2,0.6,0.1,1.1,0.1,85056.7,157.9,0.0,1.7,0.0,0.0,0.0,0.3,0.4,0.1,0.5,0.7,0.8,0.6,0.1,24302.0
CRS3035RES200mN2635000E3465800,35.0,18.0,2.0,5.0,0.0,18.0,3.0,819615.2,1951.0,0.0,18.0,0.0,1.0,0.0,0.0,1.0,1.0,4.0,7.0,5.0,14.0,2.0,23418.0
CRS3035RES200mN2635000E3466000,59.5,22.0,0.0,2.0,2.0,22.0,1.0,1655646.9,2456.0,0.0,22.0,0.0,1.0,2.0,4.0,7.5,4.0,7.0,19.0,7.0,8.0,0.0,27826.0
CRS3035RES200mN2635000E3466200,57.5,20.0,4.0,5.0,3.0,18.0,3.0,1581442.1,2332.0,0.0,20.0,0.0,5.0,1.0,4.0,3.0,9.0,4.5,13.0,8.0,7.0,2.0,27503.0
CRS3035RES200mN2635000E3466400,136.0,64.0,16.0,31.0,2.0,36.0,4.0,3178389.8,6080.0,6.0,58.0,0.0,7.0,3.5,9.0,12.0,11.5,34.0,33.0,12.0,4.0,10.0,23371.0
CRS3035RES200mN2635000E3466600,7.0,2.9,0.2,0.6,0.3,2.3,0.2,178294.2,336.7,0.0,2.9,0.0,0.3,0.1,0.6,0.6,0.3,0.8,1.9,0.3,1.7,0.4,25471.0
CRS3035RES200mN2635000E3474400,10.0,3.1,0.4,0.2,0.6,2.7,0.2,218859.0,357.8,0.0,3.1,0.0,1.2,0.2,1.0,1.6,0.0,2.7,1.7,1.0,0.4,0.2,21886.0
CRS3035RES200mN2635000E3474800,27.0,8.3,1.1,0.6,1.7,7.2,0.6,590919.4,965.9,0.0,8.3,0.0,3.3,0.5,2.8,4.4,0.0,7.2,4.4,2.8,1.1,0.5,21886.0
CRS3035RES200mN2635000E3475000,49.0,18.0,0.0,4.0,2.0,15.0,1.0,1174015.9,2081.0,0.0,18.0,0.0,0.0,2.0,5.0,7.0,2.0,5.0,15.0,4.0,7.0,2.0,23960.0
CRS3035RES200mN2635000E3475200,89.0,34.0,2.0,7.0,4.0,29.0,3.0,2370847.2,3638.0,0.0,34.0,0.0,5.0,1.0,4.5,7.5,10.0,13.0,21.0,11.0,16.0,0.0,26639.0
CRS3035RES200mN2635000E3475400,41.0,22.0,3.0,8.0,0.0,18.0,1.0,909652.5,2281.0,0.0,22.0,0.0,0.0,1.0,0.5,1.5,4.0,6.0,9.0,3.0,13.0,3.0,22187.0
CRS3035RES200mN2635000E3480400,2.0,0.9,0.2,0.4,0.0,0.8,0.1,51497.6,128.9,0.0,0.9,0.0,0.1,0.0,0.1,0.0,0.3,0.5,0.6,0.2,0.2,0.0,25749.0
CRS3035RES200mN2635000E3484200,8.0,3.0,0.2,0.5,0.5,2.1,0.0,206745.2,361.4,0.0,3.0,0.0,0.0,0.2,0.9,0.0,0.7,2.3,0.9,1.6,1.2,0.2,25843.0
CRS3035RES200mN2635000E3484600,3.0,1.1,0.1,0.2,0.2,0.8,0.0,77529.4,135.5,0.0,1.1,0.0,0.0,0.1,0.3,0.0,0.3,0.9,0.3,0.6,0.4,0.1,25843.0
CRS3035RES200mN2635000E3485000,11.0,4.1,0.3,0.6,0.6,2.8,0.0,284274.6,496.9,0.0,4.1,0.0,0.0,0.3,1.3,0.0,0.9,3.1,1.3,2.2,1.6,0.3,25843.0
CRS3035RES200mN2635000E3486000,8.0,3.0,0.0,0.2,0.0,2.6,0.2,184371.5,329.1,0.0,3.0,0.0,0.4,0.0,0.4,0.9,0.7,1.7,1.5,0.2,2.2,0.0,23046.0
CRS3035RES200mN2635000E3486200,47.0,22.0,0.0,6.0,1.0,19.0,3.0,1178585.0,2222.0,0.0,22.0,0.0,1.0,0.0,1.0,4.0,6.0,7.0,14.0,10.0,0.0,4.0,25076.0
CRS3035RES200mN2635000E3486400,44.5,19.0,2.0,7.0,1.0,11.0,1.0,972362.0,2282.0,0.0,19.0,0.0,3.0,1.0,3.0,4.5,5.0,6.0,13.0,1.0,8.0,0.0,21851.0
CRS3035RES200mN2635000E3486600,6.0,2.3,0.0,0.2,0.0,1.9,0.2,138278.6,246.8,0.0,2.3,0.0,0.3,0.0,0.3,0.7,0.5,1.3,1.1,0.2,1.6,0.0,23046.0
CRS3035RES200mN2635000E3491000,1.0,0.5,0.1,0.3,0.0,0.5,0.0,18713.9,53.3,0.0,0.5,0.0,0.1,0.0,0.0,0.0,0.0,0.2,0.2,0.2,0.3,0.0,18714.0
CRS3035RES200mN2635000E3491400,6.0,3.3,0.6,1.7,0.2,2.7,0.0,112283.2,319.5,0.0,3.3,0.0,0.4,0.2,0.2,0.2,0.0,1.3,1.0,1.2,1.5,0.0,18714.0
CRS3035RES200mN2635000E3491600,11.0,6.0,1.1,3.2,0.4,5.0,0.0,205852.6,585.8,0.0,6.0,0.0,0.7,0.3,0.4,0.4,0.0,2.5,1.8,2.1,2.8,0.0,18714.0
CRS3035RES200mN2635000E3492000,1.0,0.5,0.0,0.2,0.0,0.4,0.0,24190.8,57.3,0.0,0.5,0.0,0.0,0.0,0.1,0.1,0.1,0.2,0.1,0.1,0.2,0.1,24191.0
CRS3035RES200mN2635200E3465800,6.0,2.9,0.0,1.0,0.0,1.9,0.0,188173.5,338.2,0.0,2.9,0.0,0.0,0.2,0.2,0.2,0.5,0.5,1.2,1.0,1.9,0.3,31362.0
CRS3035RES200mN2635200E3466000,30.0,14.0,2.0,3.0,0.0,13.0,1.0,727470.6,1429.0,0.0,14.0,0.0,2.0,1.0,0.0,1.0,2.0,4.0,2.0,5.0,13.0,0.0,24249.0
CRS3035RES200mN2635200E3466200,2.0,0.8,0.1,0.2,0.1,0.7,0.1,50941.2,96.2,0.0,0.8,0.0,0.1,0.0,0.2,0.2,0.1,0.2,0.5,0.1,0.5,0.1,25471.0
CRS3035RES200mN2635200E3466400,14.0,5.7,0.4,1.1,0.7,4.6,0.4,356588.5,673.3,0.0,5.7,0.0,0.7,0.2,1.1,1.2,0.7,1.5,3.7,0.7,3.3,0.9,25471.0
CRS3035RES200mN2635200E3466600,24.0,9.8,0.8,1.9,1.1,7.9,0.8,611294.5,1154.3,0.0,9.8,0.0,1.1,0.4,1.9,2.1,1.1,2.7,6.4,1.1,5.7,1.5,25471.0
CRS3035RES200mN2635200E3474200,2.0,0.6,0.1,0.0,0.1,0.5,0.0,43771.8,71.6,0.0,0.6,0.0,0.3,0.0,0.2,0.3,0.0,0.5,0.3,0.2,0.1,0.1,21886.0
CRS3035RES200mN2635200E3474800,10.0,3.1,0.4,0.2,0.6,2.7,0.2,218859.0,357.8,0.0,3.1,0.0,1.2,0.2,1.0,1.6,0.0,2.7,1.7,1.0,0.4,0.2,21886.0
CRS3035RES200mN2635200E3475000,76.0,33.0,6.0,10.0,2.0,26.0,4.0,1699580.9,3225.0,1.0,32.0,0.0,3.0,3.0,6.0,6.0,7.0,12.0,20.0,6.0,9.0,4.0,22363.0
CRS3035RES200mN2635200E3475200,65.5,27.0,6.0,4.0,0.0,25.0,4.0,1519738.9,3196.0,0.0,27.0,0.0,3.0,2.5,5.0,6.0,2.0,10.0,12.0,13.0,8.0,4.0,23202.0
CRS3035RES200mN2635200E3475400,48.5,20.0,2.0,4.0,2.0,18.0,1.0,1240135.5,2446.0,0.0,20.0,0.0,3.0,1.0,1.5,4.0,6.0,10.0,9.0,8.0,6.0,0.0,25570.0
CRS3035RES200mN2635200E3475600,13.0,5.5,0.0,1.3,0.4,4.6,0.0,294215.6,528.0,0.0,5.5,0.0,0.0,0.6,1.1,0.8,0.4,2.1,2.5,1.7,2.1,1.7,22632.0
CRS3035RES200mN2635200E3475800,1.0,0.4,0.0,0.1,0.0,0.4,0.0,22632.0,40.6,0.0,0.4,0.0,0.0,0.0,0.1,0.1,0.0,0.2,0.2,0.1,0.2,0.1,22632.0
CRS3035RES200mN2635200E3480000,1.0,0.5,0.1,0.2,0.0,0.4,0.0,25748.8,64.5,0.0,0.5,0.0,0.0,0.0,0.0,0.0,0.2,0.3,0.3,0.1,0.1,0.0,25749.0
CRS3035RES200mN2635200E3482400,1.0,0.5,0.1,0.2,0.0,0.4,0.0,25748.8,64.5,0.0,0.5,0.0,0.0,0.0,0.0,0.0,0.2,0.3,0.3,0.1,0.1,0.0,25749.0
CRS3035RES200mN2635200E3483800,1.5,0.7,0.1,0.3,0.0,0.6,0.1,38623.2,96.7,0.0,0.7,0.0,0.1,0.0,0.1,0.0,0.2,0.4,0.5,0.1,0.1,0.0,25749.0
CRS3035RES200mN2635200E3485000,9.0,3.3,0.3,0.5,0.5,2.3,0.0,232588.3,406.5,0.0,3.3,0.0,0.0,0.2,1.0,0.0,0.8,2.6,1.0,1.8,1.3,0.3,25843.0
CRS3035RES200mN2635200E3486000,13.0,4.9,0.0,0.4,0.0,4.2,0.4,299603.7,534.8,0.0,4.9,0.0,0.7,0.0,0.7,1.4,1.1,2.8,2.5,0.3,3.5,0.0,23046.0
CRS3035RES200mN2635200E3486200,10.0,3.8,0.0,0.3,0.0,3.2,0.3,230464.4,411.4,0.0,3.8,0.0,0.5,0.0,0.5,1.1,0.8,2.2,1.9,0.3,2.7,0.0,23046.0
CRS3035RES200mN2635200E3489800,2.0,0.8,0.1,0.2,0.0,0.6,0.1,46515.1,90.0,0.1,0.7,0.0,0.1,0.0,0.1,0.2,0.2,0.3,0.4,0.2,0.4,0.1,23258.0
CRS3035RES200mN2635200E3490800,1.0,0.4,0.0,0.1,0.0,0.4,0.0,23285.4,42.4,0.0,0.4,0.0,0.0,0.0,0.1,0.1,0.1,0.1,0.3,0.1,0.2,0.0,23285.0
CRS3035RES200mN2635200E3491600,12.0,6.6,1.2,3.5,0.4,5.4,0.0,224566.5,639.1,0.0,6.6,0.0,0.8,0.4,0.4,0.4,0.0,2.7,1.9,2.3,3.1,0.0,18714.0
CRS3035RES200mN2635200E3491800,1.0,0.5,0.1,0.3,0.0,0.5,0.0,18713.9,53.3,0.0,0.5,0.0,0.1,0.0,0.0,0.0,0.0,0.2,0.2,0.2,0.3,0.0,18714.0
CRS3035RES200mN2635400E3465200,1.0,0.5,0.0,0.2,0.0,0.3,0.0,31362.3,56.4,0.0,0.5,0.0,0.0,0.0,0.0,0.0,0.1,0.1,0.2,0.2,0.3,0.1,31362.0
CRS3035RES200mN2635400E3472400,2.0,0.9,0.1,0.3,0.1,0.8,0.1,48624.1,89.9,0.0,0.9,0.0,0.0,0.0,0.0,0.1,0.1,0.2,0.5,0.3,0.8,0.0,24312.0
CRS3035RES200mN2635400E3475000,11.0,4.6,0.0,1.1,0.4,3.9,0.0,248951.6,446.7,0.0,4.6,0.0,0.0,0.5,0.9,0.7,0.4,1.8,2.1,1.4,1.8,1.4,22632.0
CRS3035RES200mN2635400E3485600,3.0,1.1,0.1,0.2,0.2,0.8,0.0,77529.4,135.5,0.0,1.1,0.0,0.0,0.1,0.3,0.0,0.3,0.9,0.3,0.6,0.4,0.1,25843.0
CRS3035RES200mN2635400E3489800,5.0,2.0,0.2,0.5,0.1,1.5,0.2,116287.7,225.0,0.2,1.8,0.0,0.2,0.1,0.3,0.5,0.5,0.7,1.1,0.5,1.0,0.1,23258.0
CRS3035RES200mN2635400E3490800,4.0,1.5,0.1,0.3,0.1,1.4,0.1,93141.7,169.7,0.0,1.5,0.0,0.0,0.2,0.3,0.4,0.4,0.3,1.1,0.5,0.8,0.0,23285.0
CRS3035RES200mN2635400E3492400,13.0,6.2,0.6,2.2,0.6,5.4,0.4,314480.8,745.3,0.0,6.2,0.0,0.5,0.0,1.0,0.8,1.0,2.2,1.8,1.6,2.9,1.2,24191.0
CRS3035RES200mN2635400E3492600,7.0,3.3,0.3,1.2,0.3,2.9,0.2,169335.8,401.3,0.0,3.3,0.0,0.3,0.0,0.5,0.4,0.5,1.2,1.0,0.9,1.6,0.6,24191.0
CRS3035RES200mN2635600E3470400,1.0,0.3,0.0,0.0,0.0,0.3,0.0,26612.9,34.6,0.0,0.3,0.0,0.0,0.1,0.1,0.1,0.0,0.2,0.4,0.0,0.1,0.0,26613.0
CRS3035RES200mN2635600E3472600,1.0,0.5,0.0,0.1,0.0,0.4,0.0,24312.1,45.0,0.0,0.5,0.0,0.0,0.0,0.0,0.0,0.1,0.1,0.3,0.1,0.4,0.0,24312.0
CRS3035RES200mN2635600E3475000,4.0,1.7,0.0,0.4,0.1,1.4,0.0,90527.9,162.5,0.0,1.7,0.0,0.0,0.2,0.3,0.3,0.1,0.6,0.8,0.5,0.7,0.5,22632.0
CRS3035RES200mN2635600E3475200,2.0,0.8,0.0,0.2,0.1,0.7,0.0,45263.9,81.2,0.0,0.8,0.0,0.0,0.1,0.2,0.1,0.1,0.3,0.4,0.2,0.3,0.3,22632.0
CRS3035RES200mN2635600E3479400,3.0,1.1,0.1,0.2,0.1,0.9,0.1,70310.4,139.3,0.0,1.1,0.0,0.1,0.0,0.1,0.1,0.5,0.5,0.6,0.6,0.4,0.1,23437.0
CRS3035RES200mN2635600E3479600,3.0,1.1,0.1,0.2,0.1,0.9,0.1,70310.4,139.3,0.0,1.1,0.0,0.1,0.0,0.1,0.1,0.5,0.5,0.6,0.6,0.4,0.1,23437.0
CRS3035RES200mN2635600E3485800,1.0,0.4,0.0,0.1,0.1,0.3,0.0,25843.1,45.2,0.0,0.4,0.0,0.0,0.0,0.1,0.0,0.1,0.3,0.1,0.2,0.2,0.0,25843.0
CRS3035RES200mN2635600E3490800,11.0,4.2,0.3,0.9,0.3,3.9,0.3,256139.8,466.8,0.0,4.2,0.0,0.0,0.6,0.7,1.0,1.2,0.9,3.0,1.5,2.1,0.0,23285.0
CRS3035RES200mN2635600E3492400,6.5,3.1,0.3,1.1,0.3,2.7,0.2,157240.4,372.6,0.0,3.1,0.0,0.2,0.0,0.5,0.4,0.5,1.1,0.9,0.8,1.5,0.6,24191.0
CRS3035RES200mN2635600E3492600,20.0,9.5,0.9,3.4,0.9,8.2,0.6,483816.6,1146.6,0.0,9.5,0.0,0.8,0.0,1.5,1.2,1.5,3.4,2.8,2.4,4.6,1.8,24191.0
CRS3035RES200mN2635600E3494600,2.0,0.9,0.1,0.3,0.1,0.6,0.1,48603.8,90.2,0.0,0.9,0.0,0.0,0.0,0.1,0.2,0.1,0.3,0.4,0.5,0.3,0.1,24302.0
CRS3035RES200mN2635800E3477800,4.0,1.5,0.2,0.3,0.1,1.2,0.1,93747.2,185.8,0.0,1.5,0.0,0.1,0.0,0.2,0.2,0.6,0.7,0.8,0.7,0.6,0.1,23437.0
CRS3035RES200mN2635800E3482000,4.0,1.9,0.3,0.8,0.0,1.6,0.2,102995.2,257.9,0.0,1.9,0.0,0.2,0.1,0.2,0.0,0.6,1.1,1.2,0.3,0.3,0.0,25749.0
CRS3035RES200mN2635800E3482400,1.0,0.5,0.1,0.2,0.0,0.4,0.0,25748.8,64.5,0.0,0.5,0.0,0.0,0.0,0.0,0.0,0.2,0.3,0.3,0.1,0.1,0.0,25749.0
CRS3035RES200mN2635800E3483600,1.0,0.5,0.1,0.2,0.0,0.4,0.0,25748.8,64.5,0.0,0.5,0.0,0.0,0.0,0.0,0.0,0.2,0.3,0.3,0.1,0.1,0.0,25749.0
CRS3035RES200mN2635800E3483800,1.0,0.5,0.1,0.2,0.0,0.4,0.0,25748.8,64.5,0.0,0.5,0.0,0.0,0.0,0.0,0.0,0.2,0.3,0.3,0.1,0.1,0.0,25749.0
CRS3035RES200mN2635800E3490600,11.0,4.2,0.3,0.9,0.3,3.9,0.3,256139.8,466.8,0.0,4.2,0.0,0.0,0.6,0.7,1.0,1.2,0.9,3.0,1.5,2.1,0.0,23285.0
CRS3035RES200mN2635800E3490800,1.0,0.4,0.0,0.1,0.0,0.4,0.0,23285.4,42.4,0.0,0.4,0.0,0.0,0.0,0.1,0.1,0.1,0.1,0.3,0.1,0.2,0.0,23285.0
CRS3035RES200mN2635800E3492400,8.0,3.8,0.4,1.3,0.4,3.3,0.2,193526.7,458.6,0.0,3.8,0.0,0.3,0.0,0.6,0.5,0.6,1.4,1.1,1.0,1.8,0.7,24191.0
CRS3035RES200mN2635800E3492600,2.0,0.9,0.1,0.3,0.1,0.8,0.1,48381.7,114.7,0.0,0.9,0.0,0.1,0.0,0.1,0.1,0.2,0.3,0.3,0.2,0.5,0.2,24191.0
CRS3035RES200mN2636000E3481400,2.0,0.9,0.0,0.2,0.0,0.8,0.0,46223.7,103.8,0.0,0.9,0.0,0.0,0.1,0.0,0.2,0.1,0.3,0.3,0.5,0.4,0.1,23112.0
CRS3035RES200mN2636000E3483600,2.0,0.9,0.0,0.2,0.0,0.8,0.0,46223.7,103.8,0.0,0.9,0.0,0.0,0.1,0.0,0.2,0.1,0.3,0.3,0.5,0.4,0.1,23112.0
CRS3035RES200mN2636000E3485600,2.0,0.8,0.0,0.2,0.1,0.7,0.0,48001.5,95.9,0.0,0.8,0.0,0.1,0.1,0.1,0.2,0.0,0.5,0.2,0.5,0.3,0.0,24001.0
CRS3035RES200mN2636000E3487800,1.0,0.4,0.0,0.1,0.0,0.3,0.0,24000.7,47.9,0.0,0.4,0.0,0.1,0.1,0.0,0.1,0.0,0.3,0.1,0.2,0.1,0.0,24001.0
CRS3035RES200mN2636000E3488200,2.0,0.8,0.2,0.2,0.0,0.6,0.1,42969.5,102.6,0.0,0.8,0.0,0.0,0.1,0.1,0.1,0.3,0.2,0.3,0.3,0.4,0.2,21485.0
CRS3035RES200mN2636000E3490600,19.0,7.6,0.8,1.8,0.2,7.1,0.6,467339.4,956.5,0.0,7.6,0.0,1.4,0.2,1.2,2.0,0.8,3.5,2.9,3.3,2.7,1.0,24597.0
CRS3035RES200mN2636000E3490800,37.0,15.0,1.0,5.0,2.0,13.0,1.0,718198.1,1430.0,0.0,15.0,0.0,0.0,1.0,2.0,6.0,3.0,7.0,5.0,6.0,7.0,0.0,19411.0
CRS3035RES200mN2636200E3479400,5.0,1.9,0.2,0.2,0.2,1.8,0.1,102153.7,228.1,0.0,1.9,0.0,0.2,0.2,0.5,0.5,0.1,0.9,0.5,0.9,1.1,0.1,20431.0
CRS3035RES200mN2636200E3481200,1.0,0.5,0.0,0.1,0.0,0.4,0.0,23111.9,51.9,0.0,0.5,0.0,0.0,0.0,0.0,0.1,0.1,0.2,0.1,0.3,0.2,0.0,23112.0
CRS3035RES200mN2636200E3485400,4.0,1.6,0.1,0.5,0.2,1.3,0.1,96002.9,191.7,0.0,1.6,0.0,0.2,0.2,0.2,0.4,0.1,1.0,0.5,0.9,0.5,0.0,24001.0
CRS3035RES200mN2636200E3485600,2.0,0.8,0.0,0.2,0.1,0.7,0.0,48001.5,95.9,0.0,0.8,0.0,0.1,0.1,0.1,0.2,0.0,0.5,0.2,0.5,0.3,0.0,24001.0
CRS3035RES200mN2636200E3487400,4.0,1.6,0.1,0.5,0.2,1.3,0.1,96002.9,191.7,0.0,1.6,0.0,0.2,0.2,0.2,0.4,0.1,1.0,0.5,0.9,0.5,0.0,24001.0
CRS3035RES200mN2636200E3487800,6.0,2.4,0.1,0.8,0.3,2.0,0.1,144004.4,287.6,0.0,2.4,0.0,0.3,0.3,0.2,0.7,0.1,1.5,0.8,1.3,0.8,0.0,24001.0
CRS3035RES200mN2636200E3488200,5.0,2.1,0.4,0.4,0.1,1.4,0.3,107423.8,256.6,0.0,2.1,0.0,0.0,0.2,0.2,0.2,0.7,0.5,0.8,0.9,1.0,0.5,21485.0
CRS3035RES200mN2636200E3489200,2.0,0.8,0.2,0.2,0.0,0.6,0.1,42969.5,102.6,0.0,0.8,0.0,0.0,0.1,0.1,0.1,0.3,0.2,0.3,0.3,0.4,0.2,21485.0
CRS3035RES200mN2636200E3490000,4.0,1.6,0.2,0.4,0.0,1.5,0.1,98387.2,201.4,0.0,1.6,0.0,0.3,0.0,0.3,0.4,0.2,0.7,0.6,0.7,0.6,0.2,24597.0
CRS3035RES200mN2636200E3490600,13.5,5.4,0.6,1.3,0.1,5.0,0.4,332056.9,679.6,0.0,5.4,0.0,1.0,0.1,0.8,1.4,0.6,2.5,2.1,2.4,1.9,0.7,24597.0
CRS3035RES200mN2636200E3490800,16.0,6.4,0.7,1.5,0.2,5.9,0.5,393548.9,805.4,0.0,6.4,0.0,1.1,0.2,1.0,1.6,0.7,3.0,2.5,2.8,2.3,0.8,24597.0
CRS3035RES200mN2636400E3478000,2.0,0.8,0.1,0.1,0.1,0.7,0.0,40861.5,91.2,0.0,0.8,0.0,0.1,0.1,0.2,0.2,0.0,0.4,0.2,0.4,0.4,0.0,20431.0
CRS3035RES200mN2636400E3479600,6.0,2.3,0.2,0.2,0.2,2.2,0.1,122584.5,273.7,0.0,2.3,0.0,0.2,0.3,0.6,0.6,0.1,1.1,0.6,1.1,1.3,0.1,20431.0
CRS3035RES200mN2636400E3483400,3.0,1.4,0.1,0.3,0.0,1.2,0.1,69335.6,155.7,0.0,1.4,0.0,0.0,0.1,0.1,0.3,0.2,0.5,0.4,0.7,0.6,0.1,23112.0
CRS3035RES200mN2636400E3487000,6.0,2.4,0.1,0.8,0.3,2.0,0.1,144004.4,287.6,0.0,2.4,0.0,0.3,0.3,0.2,0.7,0.1,1.5,0.8,1.3,0.8,0.0,24001.0
CRS3035RES200mN2636400E3487400,2.0,0.8,0.0,0.2,0.1,0.7,0.0,48001.5,95.9,0.0,0.8,0.0,0.1,0.1,0.1,0.2,0.0,0.5,0.2,0.5,0.3,0.0,24001.0
CRS3035RES200mN2636400E3490200,2.0,0.8,0.1,0.2,0.0,0.7,0.1,49193.6,100.7,0.0,0.8,0.0,0.1,0.0,0.1,0.2,0.1,0.4,0.3,0.4,0.3,0.1,24597.0
CRS3035RES200mN2636400E3490400,36.5,15.0,2.0,4.0,1.0,15.0,1.0,929559.6,1652.0,0.0,15.0,0.0,0.0,0.0,1.0,6.5,3.0,3.0,10.0,4.0,7.0,2.0,25467.0
CRS3035RES200mN2636400E3490600,67.0,24.0,1.0,2.0,0.0,15.0,6.0,1506120.2,3054.0,0.0,24.0,0.0,1.5,3.0,7.5,8.0,5.0,16.0,13.0,9.0,3.0,1.0,22479.0
CRS3035RES200mN2636400E3490800,57.0,22.0,4.0,6.0,2.0,19.0,2.0,1324911.9,2502.0,0.0,22.0,0.0,3.0,2.0,2.0,9.0,3.0,7.0,15.0,6.0,8.0,2.0,23244.0
CRS3035RES200mN2636400E3491000,4.0,1.9,0.2,0.7,0.1,1.6,0.2,94904.4,234.5,0.0,1.9,0.0,0.1,0.2,0.2,0.4,0.2,0.9,0.5,0.6,0.5,0.4,23726.0
CRS3035RES200mN2636400E3491400,2.0,1.0,0.1,0.4,0.0,0.8,0.1,47452.2,117.3,0.0,1.0,0.0,0.1,0.1,0.1,0.2,0.1,0.4,0.2,0.3,0.3,0.2,23726.0
CRS3035RES200mN2636400E3491600,9.0,4.3,0.5,1.6,0.2,3.6,0.5,213535.0,527.7,0.0,4.3,0.0,0.3,0.4,0.4,0.9,0.4,2.0,1.1,1.4,1.2,0.9,23726.0
CRS3035RES200mN2636400E3491800,3.0,1.4,0.2,0.5,0.1,1.2,0.2,71178.3,175.9,0.0,1.4,0.0,0.1,0.1,0.1,0.3,0.1,0.7,0.4,0.5,0.4,0.3,23726.0
CRS3035RES200mN2636400E3492200,1.0,0.6,0.1,0.3,0.0,0.6,0.0,27587.0,64.2,0.0,0.6,0.0,0.0,0.0,0.0,0.0,0.0,0.1,0.2,0.3,0.3,0.1,27587.0
CRS3035RES200mN2636400E3492800,2.0,1.3,0.2,0.6,0.0,1.2,0.1,55174.0,128.3,0.0,1.3,0.0,0.0,0.0,0.1,0.0,0.0,0.2,0.5,0.5,0.5,0.2,27587.0
CRS3035RES200mN2636400E3494400,2.0,1.0,0.1,0.4,0.0,1.0,0.0,52982.8,126.1,0.0,1.0,0.0,0.1,0.1,0.1,0.0,0.1,0.2,0.2,0.5,0.6,0.1,26491.0
CRS3035RES200mN2636600E3473200,4.0,1.6,0.3,0.2,0.0,1.1,0.2,88816.8,231.2,0.0,1.6,0.0,0.5,0.1,0.1,0.2,0.2,1.3,1.0,0.3,0.3,0.0,22204.0
CRS3035RES200mN2636600E3476000,1.0,0.4,0.1,0.1,0.0,0.2,0.0,22231.9,42.8,0.0,0.4,0.0,0.1,0.0,0.0,0.1,0.1,0.1,0.1,0.2,0.2,0.1,22232.0
CRS3035RES200mN2636600E3479400,2.0,0.8,0.1,0.1,0.1,0.7,0.0,40861.5,91.2,0.0,0.8,0.0,0.1,0.1,0.2,0.2,0.0,0.4,0.2,0.4,0.4,0.0,20431.0
CRS3035RES200mN2636600E3482800,2.0,0.9,0.0,0.2,0.0,0.8,0.0,46223.7,103.8,0.0,0.9,0.0,0.0,0.1,0.0,0.2,0.1,0.3,0.3,0.5,0.4,0.1,23112.0
CRS3035RES200mN2636600E3486400,3.0,1.2,0.1,0.4,0.1,1.0,0.1,72002.2,143.8,0.0,1.2,0.0,0.1,0.1,0.1,0.3,0.1,0.8,0.4,0.7,0.4,0.0,24001.0
CRS3035RES200mN2636600E3490200,9.0,3.6,0.4,0.8,0.1,3.3,0.3,221371.3,453.1,0.0,3.6,0.0,0.6,0.1,0.5,0.9,0.4,1.7,1.4,1.6,1.3,0.5,24597.0
CRS3035RES200mN2636600E3490400,13.0,5.2,0.5,1.2,0.1,4.8,0.4,319758.5,654.4,0.0,5.2,0.0,0.9,0.1,0.8,1.4,0.5,2.4,2.0,2.3,1.9,0.7,24597.0
CRS3035RES200mN2636600E3490600,92.0,42.0,5.0,16.0,2.0,27.0,4.0,1902733.6,4797.0,2.0,40.0,0.0,5.0,1.5,8.5,3.5,6.5,19.0,20.0,12.0,12.0,4.0,20682.0
CRS3035RES200mN2636600E3490800,70.0,35.0,5.0,12.0,0.0,23.0,5.0,1481299.9,4193.0,0.0,35.0,0.0,4.0,1.0,5.0,6.0,0.0,8.0,17.0,7.0,14.0,8.0,21161.0
CRS3035RES200mN2636600E3491000,33.5,16.0,5.0,6.0,0.0,10.0,3.0,589830.8,1610.0,2.0,14.0,0.0,0.0,0.0,1.0,5.5,4.0,2.0,10.0,5.0,5.0,1.0,17607.0
CRS3035RES200mN2636600E3491200,2.0,1.0,0.1,0.4,0.0,0.8,0.1,47452.2,117.3,0.0,1.0,0.0,0.1,0.1,0.1,0.2,0.1,0.4,0.2,0.3,0.3,0.2,23726.0
CRS3035RES200mN2636600E3491600,1.0,0.5,0.1,0.2,0.0,0.4,0.1,23726.1,58.6,0.0,0.5,0.0,0.0,0.0,0.1,0.1,0.1,0.2,0.1,0.2,0.1,0.1,23726.0
CRS3035RES200mN2636600E3491800,10.0,4.8,0.6,1.8,0.2,4.0,0.6,237261.1,586.3,0.0,4.8,0.0,0.4,0.4,0.5,1.0,0.4,2.1,1.2,1.6,1.4,1.0,23726.0
CRS3035RES200mN2636600E3492200,2.0,1.3,0.2,0.6,0.0,1.2,0.1,55174.0,128.3,0.0,1.3,0.0,0.0,0.0,0.1,0.0,0.0,0.2,0.5,0.5,0.5,0.2,27587.0
CRS3035RES200mN2636600E3492400,2.0,1.3,0.2,0.6,0.0,1.2,0.1,55174.0,128.3,0.0,1.3,0.0,0.0,0.0,0.1,0.0,0.0,0.2,0.5,0.5,0.5,0.2,27587.0
CRS3035RES200mN2636600E3492800,3.0,1.9,0.3,0.9,0.0,1.8,0.1,82761.0,192.5,0.0,1.9,0.0,0.0,0.0,0.1,0.0,0.0,0.3,0.7,0.8,0.7,0.4,27587.0
CRS3035RES200mN2636600E3493000,2.0,1.3,0.2,0.6,0.0,1.2,0.1,55174.0,128.3,0.0,1.3,0.0,0.0,0.0,0.1,0.0,0.0,0.2,0.5,0.5,0.5,0.2,27587.0
CRS3035RES200mN2636600E3493600,2.0,1.3,0.2,0.6,0.0,1.2,0.1,55174.0,128.3,0.0,1.3,0.0,0.0,0.0,0.1,0.0,0.0,0.2,0.5,0.5,0.5,0.2,27587.0
CRS3035RES200mN2636600E3493800,7.0,4.4,0.7,2.1,0.0,4.2,0.2,193109.0,449.2,0.0,4.4,0.0,0.0,0.0,0.2,0.0,0.0,0.7,1.6,1.9,1.6,1.0,27587.0
CRS3035RES200mN2636800E3470400,1.0,0.3,0.0,0.1,0.1,0.3,0.0,25581.1,43.4,0.0,0.3,0.0,0.0,0.0,0.0,0.2,0.1,0.2,0.2,0.2,0.0,0.1,25581.0
CRS3035RES200mN2636800E3473400,6.0,2.4,0.5,0.3,0.0,1.6,0.3,133225.3,346.7,0.0,2.4,0.0,0.8,0.1,0.2,0.3,0.3,1.9,1.4,0.5,0.5,0.0,22204.0
CRS3035RES200mN2636800E3478400,3.0,1.2,0.1,0.1,0.1,1.1,0.1,61292.2,136.8,0.0,1.2,0.0,0.1,0.1,0.3,0.3,0.1,0.5,0.3,0.5,0.7,0.1,20431.0
CRS3035RES200mN2636800E3481600,4.0,1.9,0.1,0.4,0.0,1.6,0.1,92447.4,207.7,0.0,1.9,0.0,0.0,0.1,0.1,0.4,0.2,0.7,0.6,1.0,0.8,0.1,23112.0
CRS3035RES200mN2636800E3490200,5.0,2.0,0.2,0.5,0.1,1.9,0.2,122984.0,251.7,0.0,2.0,0.0,0.4,0.0,0.3,0.5,0.2,0.9,0.8,0.9,0.7,0.3,24597.0
CRS3035RES200mN2636800E3490400,36.5,15.0,2.0,1.0,0.0,14.0,3.0,934514.2,1666.0,0.0,15.0,0.0,0.0,0.0,2.0,3.5,1.0,5.0,8.0,5.0,8.0,4.0,25603.0
CRS3035RES200mN2636800E3490600,52.0,25.0,4.0,10.0,1.0,18.0,1.0,1053237.6,2664.0,0.0,25.0,0.0,2.0,0.0,7.5,1.5,1.0,12.0,10.0,9.0,3.0,6.0,20255.0
CRS3035RES200mN2636800E3490800,15.5,6.2,0.6,1.4,0.2,5.8,0.5,381250.5,780.3,0.0,6.2,0.0,1.1,0.2,1.0,1.6,0.6,2.9,2.4,2.7,2.2,0.8,24597.0
CRS3035RES200mN2636800E3491000,19.5,9.3,1.2,3.5,0.4,7.7,1.2,462659.1,1143.4,0.0,9.3,0.0,0.8,0.8,1.0,1.9,0.8,4.2,2.3,3.1,2.7,1.9,23726.0
CRS3035RES200mN2636800E3493400,5.0,3.2,0.5,1.5,0.0,3.0,0.2,137935.0,320.8,0.0,3.2,0.0,0.0,0.0,0.2,0.0,0.0,0.5,1.1,1.3,1.2,0.7,27587.0
CRS3035RES200mN2636800E3493600,3.0,1.9,0.3,0.9,0.0,1.8,0.1,82761.0,192.5,0.0,1.9,0.0,0.0,0.0,0.1,0.0,0.0,0.3,0.7,0.8,0.7,0.4,27587.0
CRS3035RES200mN2636800E3494200,1.0,0.5,0.0,0.2,0.0,0.5,0.0,26491.4,63.1,0.0,0.5,0.0,0.0,0.1,0.0,0.0,0.1,0.1,0.1,0.2,0.3,0.1,26491.0
CRS3035RES200mN2636800E3494400,3.0,1.5,0.1,0.5,0.0,1.5,0.0,79474.2,189.2,0.0,1.5,0.0,0.1,0.2,0.1,0.0,0.2,0.3,0.3,0.7,0.9,0.2,26491.0
CRS3035RES200mN2637000E3476200,5.0,1.8,0.3,0.3,0.2,1.2,0.2,111159.6,214.2,0.0,1.8,0.0,0.3,0.1,0.2,0.6,0.2,0.7,0.7,0.8,0.9,0.4,22232.0
CRS3035RES200mN2637000E3479800,5.0,1.9,0.2,0.2,0.2,1.8,0.1,102153.7,228.1,0.0,1.9,0.0,0.2,0.2,0.5,0.5,0.1,0.9,0.5,0.9,1.1,0.1,20431.0
CRS3035RES200mN2637000E3484400,3.0,1.2,0.2,0.3,0.0,0.9,0.2,62925.8,153.8,0.0,1.2,0.0,0.3,0.0,0.3,0.3,0.1,0.4,0.7,0.2,0.7,0.0,20975.0
CRS3035RES200mN2637000E3488200,2.0,1.1,0.2,0.6,0.0,0.7,0.1,44084.8,125.9,0.0,1.1,0.0,0.0,0.0,0.1,0.2,0.1,0.4,0.3,0.2,0.3,0.4,22042.0
CRS3035RES200mN2637000E3490200,5.0,1.8,0.0,0.1,0.0,1.7,0.0,128316.1,223.3,0.0,1.8,0.0,0.3,0.2,0.1,0.3,0.4,1.3,0.9,0.7,0.6,0.2,25663.0
CRS3035RES200mN2637000E3490400,83.5,35.0,1.0,8.0,1.0,28.0,4.0,1919524.1,3493.0,0.0,35.0,0.0,3.0,4.0,4.0,7.5,6.0,20.0,16.0,9.0,11.0,3.0,22988.0
CRS3035RES200mN2637000E3490600,59.0,25.0,4.0,8.0,2.0,23.0,5.0,1130312.5,2505.0,0.0,25.0,0.0,4.0,0.0,5.0,8.0,1.0,12.0,9.0,5.0,13.0,2.0,19158.0
CRS3035RES200mN2637000E3490800,13.0,4.8,0.0,0.3,0.0,4.5,0.0,333621.8,580.5,0.0,4.8,0.0,0.8,0.5,0.3,0.8,1.1,3.2,2.4,1.8,1.6,0.5,25663.0
CRS3035RES200mN2637000E3494400,3.0,1.5,0.1,0.5,0.0,1.5,0.0,79474.2,189.2,0.0,1.5,0.0,0.1,0.2,0.1,0.0,0.2,0.3,0.3,0.7,0.9,0.2,26491.0
CRS3035RES200mN2637200E3475000,4.0,1.6,0.3,0.2,0.0,1.1,0.2,88816.8,231.2,0.0,1.6,0.0,0.5,0.1,0.1,0.2,0.2,1.3,1.0,0.3,0.3,0.0,22204.0
CRS3035RES200mN2637200E3475400,1.0,0.4,0.1,0.1,0.0,0.3,0.1,22204.2,57.8,0.0,0.4,0.0,0.1,0.0,0.0,0.1,0.1,0.3,0.2,0.1,0.1,0.0,22204.0
CRS3035RES200mN2637200E3479400,12.5,4.8,0.5,0.5,0.5,4.5,0.3,255384.3,570.2,0.0,4.8,0.0,0.5,0.5,1.3,1.1,0.2,2.3,1.3,2.3,2.8,0.2,20431.0
CRS3035RES200mN2637200E3479600,2.0,0.8,0.1,0.1,0.1,0.7,0.0,40861.5,91.2,0.0,0.8,0.0,0.1,0.1,0.2,0.2,0.0,0.4,0.2,0.4,0.4,0.0,20431.0
CRS3035RES200mN2637200E3479800,2.0,0.8,0.1,0.1,0.1,0.7,0.0,40861.5,91.2,0.0,0.8,0.0,0.1,0.1,0.2,0.2,0.0,0.4,0.2,0.4,0.4,0.0,20431.0
CRS3035RES200mN2637200E3482800,2.0,0.9,0.0,0.2,0.0,0.8,0.0,46223.7,103.8,0.0,0.9,0.0,0.0,0.1,0.0,0.2,0.1,0.3,0.3,0.5,0.4,0.1,23112.0
CRS3035RES200mN2637200E3484400,3.0,1.2,0.2,0.3,0.0,0.9,0.2,62925.8,153.8,0.0,1.2,0.0,0.3,0.0,0.3,0.3,0.1,0.4,0.7,0.2,0.7,0.0,20975.0
CRS3035RES200mN2637200E3485400,3.0,1.2,0.1,0.4,0.1,1.0,0.1,72002.2,143.8,0.0,1.2,0.0,0.1,0.1,0.1,0.3,0.1,0.8,0.4,0.7,0.4,0.0,24001.0
CRS3035RES200mN2637200E3486000,3.0,1.2,0.1,0.4,0.1,1.0,0.1,72002.2,143.8,0.0,1.2,0.0,0.1,0.1,0.1,0.3,0.1,0.8,0.4,0.7,0.4,0.0,24001.0
CRS3035RES200mN2637200E3487600,4.0,1.6,0.1,0.5,0.2,1.3,0.1,96002.9,191.7,0.0,1.6,0.0,0.2,0.2,0.2,0.4,0.1,1.0,0.5,0.9,0.5,0.0,24001.0
CRS3035RES200mN2637200E3488600,5.0,2.8,0.6,1.4,0.0,1.8,0.1,110212.1,314.9,0.0,2.8,0.0,0.0,0.1,0.2,0.4,0.3,1.0,0.8,0.5,0.7,1.0,22042.0
CRS3035RES200mN2637200E3489800,5.5,2.3,0.5,0.5,0.1,1.6,0.4,118166.2,282.3,0.0,2.3,0.0,0.0,0.2,0.2,0.2,0.7,0.6,0.9,1.0,1.1,0.6,21485.0
CRS3035RES200mN2637200E3490200,2.0,0.7,0.0,0.0,0.0,0.7,0.0,51326.4,89.3,0.0,0.7,0.0,0.1,0.1,0.0,0.1,0.2,0.5,0.4,0.3,0.2,0.1,25663.0
CRS3035RES200mN2637200E3490800,29.0,10.7,0.0,0.6,0.0,10.1,0.0,744233.4,1294.9,0.0,10.7,0.0,1.8,1.2,0.6,1.8,2.4,7.1,5.3,4.1,3.5,1.2,25663.0
CRS3035RES200mN2637200E3491000,5.0,1.9,0.2,0.5,0.3,1.3,0.0,98427.3,184.2,0.0,1.9,0.0,0.3,0.2,0.3,0.5,0.3,0.3,1.3,0.0,1.1,0.7,19685.0
CRS3035RES200mN2637400E3473200,5.0,2.0,0.4,0.3,0.0,1.3,0.3,111021.0,288.9,0.0,2.0,0.0,0.6,0.1,0.1,0.3,0.3,1.6,1.2,0.4,0.4,0.0,22204.0
CRS3035RES200mN2637400E3475400,2.0,0.8,0.2,0.1,0.0,0.5,0.1,44408.4,115.6,0.0,0.8,0.0,0.3,0.0,0.0,0.1,0.1,0.6,0.5,0.2,0.2,0.0,22204.0
CRS3035RES200mN2637400E3475600,3.0,1.2,0.2,0.2,0.0,0.8,0.2,66612.6,173.4,0.0,1.2,0.0,0.4,0.1,0.1,0.2,0.2,0.9,0.7,0.2,0.2,0.0,22204.0
CRS3035RES200mN2637400E3479200,8.0,3.1,0.3,0.3,0.3,2.9,0.2,163445.9,364.9,0.0,3.1,0.0,0.3,0.3,0.8,0.7,0.2,1.4,0.8,1.5,1.8,0.2,20431.0
CRS3035RES200mN2637400E3482800,1.0,0.5,0.0,0.1,0.0,0.4,0.0,23111.9,51.9,0.0,0.5,0.0,0.0,0.0,0.0,0.1,0.1,0.2,0.1,0.3,0.2,0.0,23112.0
CRS3035RES200mN2637400E3484000,3.0,1.2,0.2,0.3,0.0,0.9,0.2,62925.8,153.8,0.0,1.2,0.0,0.3,0.0,0.3,0.3,0.1,0.4,0.7,0.2,0.7,0.0,20975.0
CRS3035RES200mN2637400E3484200,2.0,0.8,0.1,0.2,0.0,0.6,0.1,41950.5,102.5,0.0,0.8,0.0,0.2,0.0,0.1,0.2,0.1,0.3,0.5,0.1,0.5,0.0,20975.0
CRS3035RES200mN2637400E3484400,10.0,4.1,0.7,1.0,0.1,3.0,0.5,209752.5,512.6,0.0,4.1,0.0,1.0,0.0,0.8,1.0,0.4,1.4,2.5,0.5,2.3,0.1,20975.0
CRS3035RES200mN2637400E3488400,7.0,3.9,0.8,1.9,0.0,2.5,0.2,154296.9,440.8,0.0,3.9,0.0,0.0,0.1,0.3,0.6,0.4,1.3,1.2,0.8,1.0,1.3,22042.0
CRS3035RES200mN2637400E3492800,1.0,0.6,0.1,0.3,0.0,0.6,0.0,27587.0,64.2,0.0,0.6,0.0,0.0,0.0,0.0,0.0,0.0,0.1,0.2,0.3,0.3,0.1,27587.0
CRS3035RES200mN2637600E3468800,2.0,0.7,0.1,0.1,0.1,0.6,0.1,51162.3,86.8,0.0,0.7,0.0,0.0,0.0,0.0,0.3,0.3,0.3,0.4,0.5,0.1,0.1,25581.0
CRS3035RES200mN2637600E3476600,11.0,4.0,0.8,0.8,0.5,2.8,0.5,244551.1,471.2,0.0,4.0,0.0,0.7,0.2,0.5,1.2,0.5,1.5,1.5,1.8,2.0,0.8,22232.0
CRS3035RES200mN2637600E3477200,1.0,0.4,0.1,0.1,0.0,0.2,0.0,22231.9,42.8,0.0,0.4,0.0,0.1,0.0,0.0,0.1,0.1,0.1,0.1,0.2,0.2,0.1,22232.0
CRS3035RES200mN2637600E3477800,2.0,0.7,0.1,0.1,0.1,0.5,0.1,44463.8,85.7,0.0,0.7,0.0,0.1,0.0,0.1,0.2,0.1,0.3,0.3,0.3,0.4,0.1,22232.0
CRS3035RES200mN2637600E3484200,19.0,7.8,1.3,1.8,0.3,5.7,1.0,398529.8,973.9,0.0,7.8,0.0,1.8,0.0,1.6,1.8,0.8,2.6,4.7,1.0,4.4,0.3,20975.0
CRS3035RES200mN2637600E3484400,3.0,1.2,0.2,0.3,0.0,0.9,0.2,62925.8,153.8,0.0,1.2,0.0,0.3,0.0,0.3,0.3,0.1,0.4,0.7,0.2,0.7,0.0,20975.0
CRS3035RES200mN2637600E3484800,1.0,0.4,0.1,0.1,0.0,0.3,0.1,20975.3,51.3,0.0,0.4,0.0,0.1,0.0,0.1,0.1,0.0,0.1,0.3,0.1,0.2,0.0,20975.0
CRS3035RES200mN2637600E3488400,8.0,4.4,0.9,2.2,0.0,2.9,0.2,176339.3,503.8,0.0,4.4,0.0,0.0,0.1,0.3,0.7,0.4,1.6,1.3,0.9,1.1,1.6,22042.0
CRS3035RES200mN2637600E3488600,24.0,11.0,1.0,4.0,0.0,7.0,3.0,444365.5,1206.0,0.0,11.0,0.0,0.0,0.0,2.0,3.0,3.0,2.0,7.0,3.0,3.0,1.0,18515.0
CRS3035RES200mN2637600E3488800,14.0,7.8,1.6,3.9,0.0,5.1,0.4,308593.8,881.6,0.0,7.8,0.0,0.0,0.2,0.6,1.2,0.8,2.7,2.3,1.6,1.9,2.7,22042.0
CRS3035RES200mN2637600E3489200,2.0,0.8,0.2,0.2,0.0,0.6,0.1,42969.5,102.6,0.0,0.8,0.0,0.0,0.1,0.1,0.1,0.3,0.2,0.3,0.3,0.4,0.2,21485.0
CRS3035RES200mN2637600E3489400,9.0,3.8,0.8,0.8,0.2,2.6,0.6,193362.9,461.9,0.0,3.8,0.0,0.0,0.3,0.4,0.4,1.2,1.0,1.4,1.6,1.7,1.0,21485.0
CRS3035RES200mN2637600E3489600,2.0,0.8,0.2,0.2,0.0,0.6,0.1,42969.5,102.6,0.0,0.8,0.0,0.0,0.1,0.1,0.1,0.3,0.2,0.3,0.3,0.4,0.2,21485.0
CRS3035RES200mN2637600E3489800,5.0,2.1,0.4,0.4,0.1,1.4,0.3,107423.8,256.6,0.0,2.1,0.0,0.0,0.2,0.2,0.2,0.7,0.5,0.8,0.9,1.0,0.5,21485.0
CRS3035RES200mN2637600E3491200,2.0,0.8,0.1,0.2,0.1,0.5,0.0,39370.9,73.7,0.0,0.8,0.0,0.1,0.1,0.1,0.2,0.1,0.1,0.5,0.0,0.5,0.3,19685.0
CRS3035RES200mN2637600E3491600,7.0,2.7,0.2,0.7,0.5,1.8,0.0,137798.3,257.9,0.0,2.7,0.0,0.4,0.2,0.4,0.7,0.5,0.5,1.8,0.0,1.6,0.9,19685.0
CRS3035RES200mN2637600E3491800,8.0,3.1,0.3,0.8,0.5,2.1,0.0,157483.7,294.7,0.0,3.1,0.0,0.5,0.3,0.5,0.8,0.5,0.5,2.1,0.0,1.8,1.0,19685.0
CRS3035RES200mN2637800E3475200,2.0,0.8,0.2,0.1,0.0,0.5,0.1,44408.4,115.6,0.0,0.8,0.0,0.3,0.0,0.0,0.1,0.1,0.6,0.5,0.2,0.2,0.0,22204.0
CRS3035RES200mN2637800E3479000,2.0,0.8,0.1,0.1,0.1,0.7,0.0,40861.5,91.2,0.0,0.8,0.0,0.1,0.1,0.2,0.2,0.0,0.4,0.2,0.4,0.4,0.0,20431.0
CRS3035RES200mN2637800E3480000,2.0,0.9,0.0,0.2,0.0,0.8,0.0,46223.7,103.8,0.0,0.9,0.0,0.0,0.1,0.0,0.2,0.1,0.3,0.3,0.5,0.4,0.1,23112.0
CRS3035RES200mN2637800E3484000,8.0,3.3,0.5,0.8,0.1,2.4,0.4,167802.0,410.1,0.0,3.3,0.0,0.8,0.0,0.6,0.8,0.3,1.1,2.0,0.4,1.9,0.1,20975.0
CRS3035RES200mN2637800E3484200,21.0,8.6,1.4,2.0,0.3,6.3,1.2,440480.3,1076.5,0.0,8.6,0.0,2.0,0.0,1.7,2.0,0.9,2.9,5.2,1.1,4.9,0.3,20975.0
CRS3035RES200mN2637800E3488600,53.5,28.0,6.0,10.0,2.0,17.0,5.0,1063212.0,3050.0,0.0,28.0,0.0,1.0,1.0,4.5,2.0,3.0,14.0,7.0,9.0,9.0,3.0,19873.0
CRS3035RES200mN2637800E3488800,55.0,18.0,5.0,5.0,2.0,12.0,3.0,994964.0,1960.0,0.0,18.0,0.0,2.5,2.0,8.5,12.0,4.0,13.0,6.0,3.0,3.0,1.0,18090.0
CRS3035RES200mN2637800E3489000,60.0,22.0,7.0,5.0,3.0,12.0,1.0,1017644.4,2074.0,0.0,22.0,6.0,5.0,0.0,6.0,9.0,2.0,12.0,14.0,8.0,3.0,1.0,16961.0
CRS3035RES200mN2637800E3489200,32.0,12.0,1.0,3.0,1.0,10.0,2.0,651099.1,1265.0,0.0,12.0,0.0,4.0,0.0,3.0,2.0,6.0,5.0,6.0,1.0,5.0,0.0,20347.0
CRS3035RES200mN2637800E3489400,13.0,5.4,1.1,1.1,0.3,3.7,0.9,279301.9,667.1,0.0,5.4,0.0,0.0,0.4,0.6,0.6,1.7,1.4,2.0,2.3,2.6,1.4,21485.0
CRS3035RES200mN2637800E3491400,6.0,2.3,0.2,0.6,0.4,1.5,0.0,118112.8,221.0,0.0,2.3,0.0,0.4,0.2,0.4,0.6,0.4,0.4,1.5,0.0,1.3,0.8,19685.0
CRS3035RES200mN2637800E3491600,3.0,1.2,0.1,0.3,0.2,0.8,0.0,59056.4,110.5,0.0,1.2,0.0,0.2,0.1,0.2,0.3,0.2,0.2,0.7,0.0,0.7,0.4,19685.0
CRS3035RES200mN2638000E3474200,1.0,0.5,0.0,0.1,0.0,0.4,0.0,24763.9,51.6,0.0,0.5,0.0,0.0,0.0,0.0,0.1,0.1,0.3,0.2,0.1,0.1,0.1,24764.0
CRS3035RES200mN2638000E3483800,3.0,1.2,0.2,0.5,0.2,1.2,0.1,91033.8,153.6,0.0,1.2,0.0,0.3,0.1,0.0,0.5,0.2,0.5,0.5,0.3,0.2,0.4,30345.0
CRS3035RES200mN2638000E3484000,51.0,21.0,3.0,7.0,0.0,18.0,2.0,1177704.5,2012.0,0.0,21.0,0.0,4.0,1.0,7.5,1.5,3.0,13.0,8.0,3.0,4.0,6.0,23092.0
CRS3035RES200mN2638000E3484200,32.5,14.6,3.0,4.3,0.6,11.5,1.2,794835.3,1601.9,0.0,14.6,0.0,0.0,0.0,0.6,6.4,1.2,1.8,9.7,5.5,6.7,0.6,24456.0
CRS3035RES200mN2638000E3488400,4.0,1.7,0.3,0.5,0.1,1.5,0.0,104952.4,242.0,0.0,1.7,0.0,0.0,0.0,0.1,0.4,0.5,0.3,1.0,0.7,0.6,0.4,26238.0
CRS3035RES200mN2638000E3488600,23.0,12.0,3.0,5.0,0.0,10.0,2.0,497860.5,1299.0,0.0,12.0,0.0,2.0,0.0,1.0,2.0,1.0,4.0,5.0,3.0,3.0,2.0,21646.0
CRS3035RES200mN2638000E3488800,85.5,43.0,10.0,16.0,2.0,30.0,4.0,1657369.8,4813.0,8.0,35.0,0.0,2.0,0.0,3.0,8.0,5.5,9.0,28.0,10.0,14.0,6.0,19384.0
CRS3035RES200mN2638000E3489000,29.0,12.2,1.6,2.9,0.7,11.3,0.5,681606.1,1362.8,0.0,12.2,0.0,0.6,0.7,2.4,1.4,2.5,4.5,5.7,3.6,7.2,0.4,23504.0
CRS3035RES200mN2638000E3489200,8.0,3.4,0.4,0.8,0.2,3.1,0.1,188029.3,375.9,0.0,3.4,0.0,0.1,0.2,0.7,0.4,0.7,1.2,1.6,1.0,2.0,0.1,23504.0
CRS3035RES200mN2638000E3491600,3.0,1.5,0.1,0.7,0.1,1.3,0.0,80074.9,133.5,0.0,1.5,0.0,0.0,0.0,0.1,0.1,0.3,0.3,0.3,0.9,0.7,0.3,26692.0
CRS3035RES200mN2638200E3476600,3.0,1.2,0.2,0.2,0.0,0.9,0.1,74712.3,142.8,0.0,1.2,0.0,0.0,0.1,0.2,0.3,0.2,0.4,0.7,0.3,0.5,0.3,24904.0
CRS3035RES200mN2638200E3481600,4.0,1.9,0.1,0.4,0.0,1.6,0.1,92447.4,207.7,0.0,1.9,0.0,0.0,0.1,0.1,0.4,0.2,0.7,0.6,1.0,0.8,0.1,23112.0
CRS3035RES200mN2638200E3483600,6.0,2.5,0.5,0.9,0.3,2.3,0.2,182067.6,307.2,0.0,2.5,0.0,0.6,0.1,0.0,0.9,0.5,1.1,0.9,0.6,0.5,0.8,30345.0
CRS3035RES200mN2638200E3483800,9.0,3.7,0.7,1.4,0.5,3.5,0.2,273101.4,460.8,0.0,3.7,0.0,0.9,0.2,0.0,1.4,0.7,1.6,1.4,0.9,0.7,1.2,30345.0
CRS3035RES200mN2638200E3484000,51.5,20.0,4.0,3.0,1.0,13.0,6.0,1032268.6,2337.0,0.0,20.0,0.0,6.0,2.0,4.0,3.5,3.0,9.0,14.0,2.0,8.0,0.0,20044.0
CRS3035RES200mN2638200E3484200,3.0,1.3,0.3,0.4,0.1,1.1,0.1,73369.4,147.9,0.0,1.3,0.0,0.0,0.0,0.0,0.6,0.1,0.2,0.9,0.5,0.6,0.1,24456.0
CRS3035RES200mN2638200E3484400,3.0,1.3,0.3,0.4,0.1,1.1,0.1,73369.4,147.9,0.0,1.3,0.0,0.0,0.0,0.0,0.6,0.1,0.2,0.9,0.5,0.6,0.1,24456.0
CRS3035RES200mN2638200E3485800,4.0,1.8,0.4,0.5,0.1,1.4,0.1,97825.9,197.2,0.0,1.8,0.0,0.0,0.0,0.1,0.8,0.1,0.2,1.2,0.7,0.8,0.1,24456.0
CRS3035RES200mN2638200E3488600,4.0,1.7,0.3,0.5,0.1,1.5,0.0,104952.4,242.0,0.0,1.7,0.0,0.0,0.0,0.1,0.4,0.5,0.3,1.0,0.7,0.6,0.4,26238.0
CRS3035RES200mN2638200E3488800,22.0,11.0,1.0,6.0,1.0,8.0,1.0,441639.7,1392.0,0.0,11.0,0.0,0.0,0.0,4.5,2.5,0.0,4.0,2.0,4.0,3.0,2.0,20075.0
CRS3035RES200mN2638200E3489000,28.0,11.8,1.5,2.8,0.7,10.9,0.4,658102.4,1315.8,0.0,11.8,0.0,0.5,0.7,2.3,1.3,2.4,4.4,5.5,3.5,7.0,0.4,23504.0
CRS3035RES200mN2638200E3489200,8.0,3.4,0.4,0.8,0.2,3.1,0.1,188029.3,375.9,0.0,3.4,0.0,0.1,0.2,0.7,0.4,0.7,1.2,1.6,1.0,2.0,0.1,23504.0
CRS3035RES200mN2638200E3490400,3.0,1.5,0.1,0.7,0.1,1.3,0.0,80074.9,133.5,0.0,1.5,0.0,0.0,0.0,0.1,0.1,0.3,0.3,0.3,0.9,0.7,0.3,26692.0
CRS3035RES200mN2638200E3493400,1.0,0.5,0.1,0.1,0.0,0.4,0.1,18398.7,45.2,0.0,0.5,0.0,0.0,0.0,0.0,0.0,0.1,0.2,0.1,0.3,0.2,0.1,18399.0
CRS3035RES200mN2638400E3468400,9.0,3.9,0.4,0.6,0.0,3.0,0.2,232625.8,441.6,0.0,3.9,0.0,0.2,0.0,0.2,0.6,0.7,0.8,2.6,0.9,3.0,0.0,25847.0
CRS3035RES200mN2638400E3468600,8.0,3.5,0.3,0.5,0.0,2.7,0.2,206778.5,392.5,0.0,3.5,0.0,0.2,0.0,0.2,0.5,0.7,0.7,2.3,0.8,2.6,0.0,25847.0
CRS3035RES200mN2638400E3470600,4.0,1.3,0.1,0.2,0.2,1.2,0.1,102324.6,173.5,0.0,1.3,0.0,0.0,0.1,0.1,0.6,0.5,0.6,0.8,1.0,0.1,0.2,25581.0
CRS3035RES200mN2638400E3473600,5.0,2.0,0.4,0.3,0.0,1.3,0.3,111021.0,288.9,0.0,2.0,0.0,0.6,0.1,0.1,0.3,0.3,1.6,1.2,0.4,0.4,0.0,22204.0
CRS3035RES200mN2638400E3476400,4.0,1.6,0.2,0.3,0.0,1.2,0.1,99616.3,190.4,0.0,1.6,0.0,0.0,0.1,0.2,0.4,0.3,0.5,1.0,0.4,0.7,0.4,24904.0
CRS3035RES200mN2638400E3476600,3.0,1.2,0.2,0.2,0.0,0.9,0.1,74712.3,142.8,0.0,1.2,0.0,0.0,0.1,0.2,0.3,0.2,0.4,0.7,0.3,0.5,0.3,24904.0
CRS3035RES200mN2638400E3476800,2.0,0.8,0.1,0.2,0.0,0.6,0.1,49808.2,95.2,0.0,0.8,0.0,0.0,0.0,0.1,0.2,0.1,0.3,0.5,0.2,0.4,0.2,24904.0
CRS3035RES200mN2638400E3478000,2.0,0.7,0.1,0.1,0.1,0.5,0.1,44463.8,85.7,0.0,0.7,0.0,0.1,0.0,0.1,0.2,0.1,0.3,0.3,0.3,0.4,0.1,22232.0
CRS3035RES200mN2638400E3480400,2.0,0.9,0.0,0.2,0.0,0.8,0.0,46223.7,103.8,0.0,0.9,0.0,0.0,0.1,0.0,0.2,0.1,0.3,0.3,0.5,0.4,0.1,23112.0
CRS3035RES200mN2638400E3480600,6.5,3.0,0.1,0.7,0.0,2.6,0.1,150227.0,337.5,0.0,3.0,0.0,0.0,0.2,0.1,0.7,0.4,1.1,1.0,1.7,1.2,0.1,23112.0
CRS3035RES200mN2638400E3480800,2.0,0.9,0.0,0.2,0.0,0.8,0.0,46223.7,103.8,0.0,0.9,0.0,0.0,0.1,0.0,0.2,0.1,0.3,0.3,0.5,0.4,0.1,23112.0
CRS3035RES200mN2638400E3486000,7.0,3.6,0.0,1.8,0.0,2.9,0.0,170867.2,287.5,0.0,3.6,0.0,0.0,0.0,0.0,0.3,1.8,0.5,2.1,1.0,0.5,0.8,24410.0
CRS3035RES200mN2638400E3486800,4.0,2.1,0.0,1.0,0.0,1.6,0.0,97638.4,164.3,0.0,2.1,0.0,0.0,0.0,0.0,0.2,1.0,0.3,1.2,0.6,0.3,0.4,24410.0
CRS3035RES200mN2638400E3488800,26.0,11.2,1.8,3.5,0.6,10.0,0.0,682190.8,1573.0,0.0,11.2,0.0,0.0,0.0,0.6,2.9,3.0,1.8,6.5,4.7,4.1,2.4,26238.0
CRS3035RES200mN2638400E3489000,7.0,3.0,0.4,0.7,0.2,2.7,0.1,164525.6,328.9,0.0,3.0,0.0,0.1,0.2,0.6,0.3,0.6,1.1,1.4,0.9,1.7,0.1,23504.0
CRS3035RES200mN2638400E3489200,10.0,4.2,0.5,1.0,0.2,3.9,0.2,235036.6,469.9,0.0,4.2,0.0,0.2,0.2,0.8,0.5,0.9,1.6,1.9,1.2,2.5,0.2,23504.0
CRS3035RES200mN2638400E3493000,5.0,2.4,0.7,0.6,0.1,1.8,0.3,91993.4,226.0,0.0,2.4,0.0,0.0,0.1,0.1,0.3,0.3,1.1,0.3,1.7,0.8,0.3,18399.0
CRS3035RES200mN2638400E3493200,6.0,2.8,0.8,0.7,0.2,2.2,0.3,110392.1,271.2,0.0,2.8,0.0,0.0,0.2,0.2,0.3,0.3,1.3,0.3,2.0,1.0,0.4,18399.0
CRS3035RES200mN2638400E3493400,3.0,1.4,0.4,0.3,0.1,1.1,0.2,55196.1,135.6,0.0,1.4,0.0,0.0,0.1,0.1,0.1,0.2,0.6,0.2,1.0,0.5,0.2,18399.0
CRS3035RES200mN2638600E3468000,7.0,3.1,0.3,0.4,0.0,2.3,0.1,180931.1,343.4,0.0,3.1,0.0,0.2,0.0,0.2,0.4,0.6,0.6,2.0,0.7,2.3,0.0,25847.0
CRS3035RES200mN2638600E3468200,3.0,1.3,0.1,0.2,0.0,1.0,0.1,77541.9,147.2,0.0,1.3,0.0,0.1,0.0,0.1,0.2,0.2,0.2,0.9,0.3,1.0,0.0,25847.0
CRS3035RES200mN2638600E3468600,15.0,6.6,0.6,0.9,0.0,5.0,0.3,387709.6,735.9,0.0,6.6,0.0,0.3,0.0,0.3,0.9,1.2,1.3,4.4,1.6,5.0,0.0,25847.0
CRS3035RES200mN2638600E3468800,4.0,1.8,0.2,0.2,0.0,1.3,0.1,103389.2,196.2,0.0,1.8,0.0,0.1,0.0,0.1,0.3,0.3,0.3,1.2,0.4,1.3,0.0,25847.0
CRS3035RES200mN2638600E3471000,7.0,2.3,0.2,0.4,0.4,2.2,0.2,179068.0,303.7,0.0,2.3,0.0,0.0,0.2,0.2,1.1,0.9,1.1,1.4,1.6,0.2,0.3,25581.0
CRS3035RES200mN2638600E3476600,1.0,0.4,0.1,0.1,0.0,0.3,0.0,24904.1,47.6,0.0,0.4,0.0,0.0,0.0,0.1,0.1,0.1,0.1,0.2,0.1,0.2,0.1,24904.0
CRS3035RES200mN2638600E3476800,2.0,0.8,0.1,0.2,0.0,0.6,0.1,49808.2,95.2,0.0,0.8,0.0,0.0,0.0,0.1,0.2,0.1,0.3,0.5,0.2,0.4,0.2,24904.0
CRS3035RES200mN2638600E3477800,4.0,1.6,0.2,0.3,0.0,1.2,0.1,99616.3,190.4,0.0,1.6,0.0,0.0,0.1,0.2,0.4,0.3,0.5,1.0,0.4,0.7,0.4,24904.0
CRS3035RES200mN2638600E3480200,4.0,1.9,0.1,0.4,0.0,1.6,0.1,92447.4,207.7,0.0,1.9,0.0,0.0,0.1,0.1,0.4,0.2,0.7,0.6,1.0,0.8,0.1,23112.0
CRS3035RES200mN2638600E3488800,8.0,3.5,0.5,1.1,0.2,3.1,0.0,209904.9,484.0,0.0,3.5,0.0,0.0,0.0,0.2,0.9,0.9,0.5,2.0,1.5,1.3,0.7,26238.0
CRS3035RES200mN2638600E3489000,16.0,6.8,0.9,1.6,0.4,6.2,0.2,376058.5,751.9,0.0,6.8,0.0,0.3,0.4,1.3,0.7,1.4,2.5,3.1,2.0,4.0,0.3,23504.0
CRS3035RES200mN2638600E3489200,3.0,1.3,0.2,0.3,0.1,1.2,0.0,70511.0,141.0,0.0,1.3,0.0,0.1,0.1,0.2,0.1,0.3,0.5,0.6,0.4,0.7,0.0,23504.0
CRS3035RES200mN2638600E3489400,1.0,0.4,0.1,0.1,0.0,0.4,0.0,23503.7,47.0,0.0,0.4,0.0,0.0,0.0,0.1,0.0,0.1,0.2,0.2,0.1,0.3,0.0,23504.0
CRS3035RES200mN2638600E3492800,7.0,3.8,1.1,1.3,0.0,2.7,0.3,152825.5,407.3,0.0,3.8,0.0,0.5,0.3,0.0,0.0,0.3,1.1,0.8,0.8,1.9,1.3,21832.0
CRS3035RES200mN2638600E3493600,5.0,2.4,0.7,0.6,0.1,1.8,0.3,91993.4,226.0,0.0,2.4,0.0,0.0,0.1,0.1,0.3,0.3,1.1,0.3,1.7,0.8,0.3,18399.0
CRS3035RES200mN2638600E3493800,1.0,0.5,0.1,0.1,0.0,0.4,0.1,18398.7,45.2,0.0,0.5,0.0,0.0,0.0,0.0,0.0,0.1,0.2,0.1,0.3,0.2,0.1,18399.0
CRS3035RES200mN2638800E3467800,17.0,6.2,0.6,1.1,0.0,5.7,0.0,428002.9,681.7,0.0,6.2,0.0,1.1,0.0,0.0,2.8,1.1,3.4,5.7,0.6,0.6,1.7,25177.0
CRS3035RES200mN2638800E3468000,2.0,0.9,0.1,0.1,0.0,0.7,0.0,51694.6,98.1,0.0,0.9,0.0,0.0,0.0,0.0,0.1,0.2,0.2,0.6,0.2,0.7,0.0,25847.0
CRS3035RES200mN2638800E3470400,8.0,2.7,0.2,0.4,0.4,2.5,0.2,204649.2,347.1,0.0,2.7,0.0,0.0,0.2,0.2,1.2,1.0,1.2,1.7,1.9,0.2,0.4,25581.0
CRS3035RES200mN2638800E3476600,4.0,1.6,0.2,0.3,0.0,1.2,0.1,99616.3,190.4,0.0,1.6,0.0,0.0,0.1,0.2,0.4,0.3,0.5,1.0,0.4,0.7,0.4,24904.0
CRS3035RES200mN2638800E3476800,22.0,11.0,0.0,2.0,0.0,9.0,3.0,481824.9,1139.0,0.0,11.0,0.0,0.0,0.0,1.0,1.0,1.0,2.0,2.0,1.0,12.0,2.0,21901.0
CRS3035RES200mN2638800E3477000,6.0,2.5,0.3,0.5,0.0,1.8,0.2,149424.5,285.5,0.0,2.5,0.0,0.0,0.1,0.3,0.6,0.5,0.8,1.4,0.6,1.1,0.6,24904.0
CRS3035RES200mN2638800E3477400,10.0,4.1,0.5,0.8,0.0,3.1,0.3,249040.9,475.9,0.0,4.1,0.0,0.0,0.3,0.5,1.0,0.8,1.3,2.3,1.0,1.8,1.0,24904.0
CRS3035RES200mN2638800E3479400,4.0,1.5,0.3,0.3,0.2,1.0,0.2,88927.7,171.4,0.0,1.5,0.0,0.3,0.1,0.2,0.5,0.2,0.5,0.5,0.6,0.7,0.3,22232.0
CRS3035RES200mN2638800E3485600,4.0,1.8,0.4,0.5,0.1,1.4,0.1,97825.9,197.2,0.0,1.8,0.0,0.0,0.0,0.1,0.8,0.1,0.2,1.2,0.7,0.8,0.1,24456.0
CRS3035RES200mN2638800E3486800,1.0,0.5,0.0,0.3,0.0,0.4,0.0,24409.6,41.1,0.0,0.5,0.0,0.0,0.0,0.0,0.0,0.3,0.1,0.3,0.1,0.1,0.1,24410.0
CRS3035RES200mN2638800E3487000,1.0,0.6,0.1,0.3,0.0,0.5,0.0,21108.3,69.8,0.0,0.6,0.0,0.0,0.0,0.0,0.0,0.1,0.1,0.1,0.2,0.3,0.2,21108.0
CRS3035RES200mN2638800E3487200,2.0,1.2,0.2,0.7,0.0,1.0,0.1,42216.7,139.6,0.0,1.2,0.0,0.0,0.0,0.0,0.0,0.1,0.1,0.3,0.4,0.6,0.5,21108.0
CRS3035RES200mN2638800E3487400,8.0,5.0,0.8,2.7,0.0,3.8,0.4,168866.8,558.5,0.0,5.0,0.0,0.0,0.0,0.0,0.0,0.4,0.4,1.1,1.5,2.7,1.9,21108.0
CRS3035RES200mN2638800E3487600,10.0,6.2,1.0,3.3,0.0,4.8,0.5,211083.5,698.1,0.0,6.2,0.0,0.0,0.0,0.0,0.0,0.5,0.5,1.4,1.9,3.3,2.4,21108.0
CRS3035RES200mN2638800E3488600,2.0,0.9,0.1,0.3,0.0,0.8,0.0,52476.2,121.0,0.0,0.9,0.0,0.0,0.0,0.1,0.2,0.2,0.1,0.5,0.4,0.3,0.2,26238.0
CRS3035RES200mN2638800E3490400,1.0,0.5,0.0,0.2,0.0,0.4,0.0,26691.6,44.5,0.0,0.5,0.0,0.0,0.0,0.0,0.0,0.1,0.1,0.1,0.3,0.3,0.1,26692.0
CRS3035RES200mN2638800E3492400,3.0,1.6,0.5,0.6,0.0,1.2,0.1,65496.6,174.6,0.0,1.6,0.0,0.2,0.1,0.0,0.0,0.1,0.5,0.3,0.4,0.8,0.6,21832.0
CRS3035RES200mN2638800E3492600,12.0,6.5,1.8,2.3,0.0,4.6,0.5,261986.6,698.3,0.0,6.5,0.0,0.9,0.5,0.0,0.0,0.5,1.8,1.4,1.4,3.2,2.3,21832.0
CRS3035RES200mN2638800E3494200,2.0,1.1,0.3,0.5,0.0,1.0,0.0,41317.3,116.6,0.0,1.1,0.0,0.0,0.0,0.1,0.0,0.2,0.2,0.3,0.4,0.6,0.2,20659.0
CRS3035RES200mN2638800E3494400,2.0,1.1,0.3,0.5,0.0,1.0,0.0,41317.3,116.6,0.0,1.1,0.0,0.0,0.0,0.1,0.0,0.2,0.2,0.3,0.4,0.6,0.2,20659.0
CRS3035RES200mN2639000E3467800,13.0,4.8,0.4,0.9,0.0,4.3,0.0,327296.3,521.3,0.0,4.8,0.0,0.9,0.0,0.0,2.2,0.9,2.6,4.3,0.4,0.4,1.3,25177.0
CRS3035RES200mN2639000E3468000,16.0,6.6,1.0,1.0,0.7,5.9,0.3,408341.5,725.9,0.0,6.6,0.0,0.0,0.4,1.0,1.0,0.4,2.1,3.8,2.8,3.8,0.7,25521.0
CRS3035RES200mN2639000E3468200,5.0,2.1,0.3,0.3,0.2,1.8,0.1,127606.7,226.8,0.0,2.1,0.0,0.0,0.1,0.3,0.3,0.1,0.7,1.2,0.9,1.2,0.2,25521.0
CRS3035RES200mN2639000E3474200,7.0,3.2,0.3,1.0,0.0,2.7,0.0,173347.5,361.3,0.0,3.2,0.0,0.3,0.2,0.3,0.3,0.3,2.2,1.5,0.5,1.0,0.4,24764.0
CRS3035RES200mN2639000E3476000,16.0,7.3,1.0,2.4,0.5,7.1,0.3,364679.1,821.8,0.0,7.3,0.0,0.3,0.5,0.5,0.8,1.6,1.3,3.7,2.9,2.3,2.1,22792.0
CRS3035RES200mN2639000E3476400,8.0,3.7,0.5,1.2,0.3,3.5,0.1,182339.5,410.9,0.0,3.7,0.0,0.1,0.3,0.3,0.4,0.8,0.7,1.8,1.4,1.2,1.0,22792.0
CRS3035RES200mN2639000E3476600,7.0,3.2,0.5,1.0,0.2,3.1,0.1,159547.1,359.5,0.0,3.2,0.0,0.1,0.2,0.2,0.4,0.7,0.6,1.6,1.3,1.0,0.9,22792.0
CRS3035RES200mN2639000E3476800,24.0,12.0,0.0,5.0,1.0,10.0,1.0,571091.8,1237.0,0.0,12.0,0.0,0.0,1.0,3.0,1.0,1.0,3.0,2.0,6.0,4.0,3.0,23795.0
CRS3035RES200mN2639000E3477000,12.0,6.6,0.3,2.8,0.0,5.4,0.6,283208.3,666.3,0.3,6.3,0.0,0.3,0.0,0.3,0.9,0.3,1.0,2.2,1.3,3.5,2.2,23601.0
CRS3035RES200mN2639000E3477200,20.0,11.0,1.0,4.0,0.0,10.0,3.0,473315.2,1068.0,0.0,11.0,0.0,0.0,0.0,1.0,0.0,2.0,2.0,2.0,4.0,5.0,4.0,23666.0
CRS3035RES200mN2639000E3477400,13.0,7.2,0.3,3.1,0.0,5.8,0.7,306809.0,721.8,0.4,6.8,0.0,0.3,0.0,0.3,1.0,0.4,1.0,2.4,1.4,3.8,2.4,23601.0
CRS3035RES200mN2639000E3482800,6.0,2.5,0.5,0.9,0.3,2.3,0.2,182067.6,307.2,0.0,2.5,0.0,0.6,0.1,0.0,0.9,0.5,1.1,0.9,0.6,0.5,0.8,30345.0
CRS3035RES200mN2639000E3487400,1.0,0.6,0.1,0.3,0.0,0.5,0.0,27247.9,60.0,0.0,0.6,0.0,0.0,0.0,0.0,0.0,0.1,0.1,0.4,0.1,0.2,0.1,27248.0
CRS3035RES200mN2639000E3487600,7.0,4.0,0.6,2.1,0.0,3.3,0.0,190735.0,420.0,0.0,4.0,0.0,0.0,0.3,0.3,0.3,0.3,0.3,2.5,0.9,1.2,0.9,27248.0
CRS3035RES200mN2639000E3487800,6.0,3.4,0.5,1.8,0.0,2.9,0.0,163487.1,360.0,0.0,3.4,0.0,0.0,0.2,0.2,0.3,0.3,0.3,2.1,0.8,1.0,0.8,27248.0
CRS3035RES200mN2639000E3488600,5.0,2.1,0.3,0.5,0.1,2.0,0.1,117518.3,235.0,0.0,2.1,0.0,0.1,0.1,0.4,0.2,0.4,0.8,1.0,0.6,1.3,0.1,23504.0
CRS3035RES200mN2639000E3489200,1.0,0.4,0.1,0.1,0.0,0.4,0.0,23503.7,47.0,0.0,0.4,0.0,0.0,0.0,0.1,0.0,0.1,0.2,0.2,0.1,0.3,0.0,23504.0
CRS3035RES200mN2639000E3489600,5.0,2.1,0.3,0.5,0.1,2.0,0.1,117518.3,235.0,0.0,2.1,0.0,0.1,0.1,0.4,0.2,0.4,0.8,1.0,0.6,1.3,0.1,23504.0
CRS3035RES200mN2639000E3492600,4.0,2.2,0.6,0.8,0.0,1.5,0.2,87328.9,232.8,0.0,2.2,0.0,0.3,0.1,0.0,0.0,0.1,0.6,0.5,0.5,1.1,0.8,21832.0
CRS3035RES200mN2639200E3467800,26.0,14.0,2.0,8.0,0.0,13.0,2.0,532712.8,1315.0,0.0,14.0,0.0,1.0,0.0,1.0,6.0,1.0,2.0,6.0,0.0,3.0,6.0,20489.0
CRS3035RES200mN2639200E3468000,25.5,11.0,1.0,2.0,1.0,8.0,2.0,506725.4,1175.0,0.0,11.0,0.0,0.0,0.0,3.0,3.5,0.0,6.0,4.0,4.0,5.0,0.0,19872.0
CRS3035RES200mN2639200E3474800,3.0,1.4,0.1,0.4,0.0,1.1,0.0,74291.8,154.9,0.0,1.4,0.0,0.1,0.1,0.1,0.2,0.2,0.9,0.6,0.2,0.4,0.2,24764.0
CRS3035RES200mN2639200E3475000,2.0,0.9,0.1,0.3,0.0,0.8,0.0,49527.9,103.2,0.0,0.9,0.0,0.1,0.1,0.1,0.1,0.1,0.6,0.4,0.1,0.3,0.1,24764.0
CRS3035RES200mN2639200E3476000,18.0,8.3,1.2,2.7,0.6,8.0,0.3,410264.0,924.5,0.0,8.3,0.0,0.3,0.6,0.6,0.9,1.8,1.5,4.1,3.2,2.6,2.4,22792.0
CRS3035RES200mN2639200E3476400,2.0,0.9,0.1,0.3,0.1,0.9,0.0,45584.9,102.7,0.0,0.9,0.0,0.0,0.1,0.1,0.1,0.2,0.2,0.4,0.3,0.3,0.3,22792.0
CRS3035RES200mN2639200E3476600,108.0,52.0,21.0,20.0,1.0,9.0,16.0,1753475.9,3980.0,41.0,11.0,42.0,1.0,6.0,4.5,17.5,9.0,15.0,24.0,10.0,17.0,4.0,16236.0
CRS3035RES200mN2639200E3476800,64.5,33.0,6.0,13.0,1.0,25.0,4.0,1303858.9,2913.0,2.0,31.0,0.0,1.0,0.0,3.0,6.5,2.0,6.0,12.0,5.0,13.0,16.0,20215.0
CRS3035RES200mN2639200E3477000,83.5,40.0,4.0,11.0,0.0,36.0,0.0,1943600.4,3976.0,0.0,40.0,0.0,2.5,0.0,2.0,5.0,2.0,10.0,10.0,11.0,23.0,18.0,23277.0
CRS3035RES200mN2639200E3477200,66.5,29.0,2.0,10.0,2.0,21.0,0.0,1705474.2,2982.0,0.0,29.0,4.0,3.5,2.0,3.5,2.5,4.0,12.0,6.0,13.0,16.0,4.0,25646.0
CRS3035RES200mN2639200E3477400,34.0,15.0,1.0,1.0,1.0,13.0,2.0,850964.3,1562.0,0.0,15.0,0.0,0.0,0.0,1.0,2.0,2.0,0.0,5.0,6.0,15.0,3.0,25028.0
CRS3035RES200mN2639200E3478000,5.0,1.8,0.3,0.3,0.2,1.2,0.2,111159.6,214.2,0.0,1.8,0.0,0.3,0.1,0.2,0.6,0.2,0.7,0.7,0.8,0.9,0.4,22232.0
CRS3035RES200mN2639200E3478600,2.0,0.7,0.1,0.1,0.1,0.5,0.1,44463.8,85.7,0.0,0.7,0.0,0.1,0.0,0.1,0.2,0.1,0.3,0.3,0.3,0.4,0.1,22232.0
CRS3035RES200mN2639200E3481200,1.0,0.5,0.0,0.1,0.0,0.4,0.0,23111.9,51.9,0.0,0.5,0.0,0.0,0.0,0.0,0.1,0.1,0.2,0.1,0.3,0.2,0.0,23112.0
CRS3035RES200mN2639200E3481400,2.0,0.9,0.0,0.2,0.0,0.8,0.0,46223.7,103.8,0.0,0.9,0.0,0.0,0.1,0.0,0.2,0.1,0.3,0.3,0.5,0.4,0.1,23112.0
CRS3035RES200mN2639200E3486800,5.0,2.6,0.0,1.3,0.0,2.0,0.0,122048.0,205.4,0.0,2.6,0.0,0.0,0.0,0.0,0.2,1.3,0.4,1.5,0.7,0.4,0.5,24410.0
CRS3035RES200mN2639200E3487000,5.0,2.8,0.4,1.5,0.0,2.4,0.0,136239.3,300.0,0.0,2.8,0.0,0.0,0.2,0.2,0.2,0.2,0.2,1.7,0.7,0.9,0.7,27248.0
CRS3035RES200mN2639200E3487800,4.0,2.3,0.3,1.2,0.0,1.9,0.0,108991.4,240.0,0.0,2.3,0.0,0.0,0.1,0.2,0.2,0.2,0.2,1.4,0.5,0.7,0.5,27248.0
CRS3035RES200mN2639200E3490400,4.0,2.0,0.1,0.9,0.1,1.8,0.0,106766.5,178.0,0.0,2.0,0.0,0.0,0.0,0.1,0.1,0.5,0.3,0.5,1.2,0.9,0.4,26692.0
CRS3035RES200mN2639200E3491600,2.0,1.0,0.1,0.5,0.1,0.9,0.0,53383.2,89.0,0.0,1.0,0.0,0.0,0.0,0.0,0.1,0.2,0.2,0.2,0.6,0.5,0.2,26692.0
CRS3035RES200mN2639400E3467800,50.0,27.0,1.0,14.0,0.0,23.0,2.0,1263667.3,2685.0,0.0,27.0,0.0,1.0,1.0,2.0,3.0,3.0,2.0,19.0,9.0,5.0,5.0,25273.0
CRS3035RES200mN2639400E3468000,14.0,5.8,0.9,0.9,0.6,5.2,0.3,357298.8,635.2,0.0,5.8,0.0,0.0,0.3,0.9,0.9,0.3,1.8,3.4,2.4,3.4,0.6,25521.0
CRS3035RES200mN2639400E3469400,15.0,5.0,0.4,0.8,0.8,4.6,0.4,383717.2,650.8,0.0,5.0,0.0,0.0,0.4,0.4,2.3,1.9,2.3,3.1,3.4,0.4,0.8,25581.0
CRS3035RES200mN2639400E3472400,4.0,1.6,0.3,0.2,0.0,1.1,0.2,88816.8,231.2,0.0,1.6,0.0,0.5,0.1,0.1,0.2,0.2,1.3,1.0,0.3,0.3,0.0,22204.0
CRS3035RES200mN2639400E3474200,4.0,1.8,0.2,0.6,0.0,1.5,0.0,99055.7,206.5,0.0,1.8,0.0,0.2,0.1,0.2,0.2,0.2,1.2,0.8,0.3,0.6,0.2,24764.0
CRS3035RES200mN2639400E3474400,3.0,1.4,0.1,0.4,0.0,1.1,0.0,74291.8,154.9,0.0,1.4,0.0,0.1,0.1,0.1,0.2,0.2,0.9,0.6,0.2,0.4,0.2,24764.0
CRS3035RES200mN2639400E3475000,1.0,0.5,0.0,0.1,0.0,0.4,0.0,24763.9,51.6,0.0,0.5,0.0,0.0,0.0,0.0,0.1,0.1,0.3,0.2,0.1,0.1,0.1,24764.0
CRS3035RES200mN2639400E3475800,6.0,2.7,0.3,0.9,0.0,2.3,0.0,148583.6,309.7,0.0,2.7,0.0,0.3,0.1,0.3,0.3,0.3,1.8,1.3,0.4,0.9,0.3,24764.0
CRS3035RES200mN2639400E3476000,29.0,14.0,1.0,5.0,0.0,11.0,1.0,649773.6,1258.0,0.0,14.0,0.0,2.0,2.0,0.0,1.0,3.0,4.0,5.0,1.0,5.0,6.0,22406.0
CRS3035RES200mN2639400E3476200,37.0,18.0,2.0,4.0,0.0,14.0,5.0,885857.0,1744.0,0.0,18.0,0.0,0.0,0.0,0.0,4.0,3.0,3.0,9.0,12.0,5.0,1.0,23942.0
CRS3035RES200mN2639400E3476400,78.5,38.0,4.0,15.0,0.0,29.0,3.0,1877263.5,3427.0,0.0,38.0,0.0,0.0,0.0,5.5,9.5,4.5,5.0,21.0,8.0,19.0,6.0,23914.0
CRS3035RES200mN2639400E3476600,121.5,69.0,27.0,36.0,0.0,15.0,12.0,2300612.5,4842.0,52.0,17.0,52.0,3.0,2.0,7.5,9.0,7.0,17.0,21.0,25.0,27.0,3.0,18935.0
CRS3035RES200mN2639400E3476800,10.0,4.6,0.7,1.5,0.3,4.4,0.2,227924.4,513.6,0.0,4.6,0.0,0.2,0.3,0.3,0.5,1.0,0.8,2.3,1.8,1.5,1.3,22792.0
CRS3035RES200mN2639400E3477000,154.5,107.0,18.0,70.0,0.0,26.0,19.0,3172823.8,5876.0,96.0,11.0,0.0,2.0,0.5,8.0,12.0,8.0,42.0,31.0,12.0,30.0,9.0,20536.0
CRS3035RES200mN2639400E3477200,85.0,34.0,2.0,7.0,2.0,27.0,6.0,1849317.7,3153.0,0.0,34.0,6.0,2.0,2.0,5.0,11.0,10.0,14.0,22.0,9.0,9.0,1.0,21757.0
CRS3035RES200mN2639400E3477400,27.0,15.0,2.0,5.0,0.0,15.0,0.0,610848.4,1586.0,0.0,15.0,0.0,1.0,1.0,0.0,0.0,0.0,3.0,0.0,3.0,14.0,5.0,22624.0
CRS3035RES200mN2639400E3478200,2.0,0.7,0.1,0.1,0.1,0.5,0.1,44463.8,85.7,0.0,0.7,0.0,0.1,0.0,0.1,0.2,0.1,0.3,0.3,0.3,0.4,0.1,22232.0
CRS3035RES200mN2639400E3483200,1.0,0.4,0.1,0.2,0.1,0.4,0.0,30344.6,51.2,0.0,0.4,0.0,0.1,0.0,0.0,0.1,0.1,0.2,0.2,0.1,0.1,0.1,30345.0
CRS3035RES200mN2639400E3486800,4.0,2.1,0.0,1.0,0.0,1.6,0.0,97638.4,164.3,0.0,2.1,0.0,0.0,0.0,0.0,0.2,1.0,0.3,1.2,0.6,0.3,0.4,24410.0
CRS3035RES200mN2639400E3488800,2.0,0.8,0.1,0.2,0.0,0.8,0.0,47007.3,94.0,0.0,0.8,0.0,0.0,0.0,0.2,0.1,0.2,0.3,0.4,0.3,0.5,0.0,23504.0
CRS3035RES200mN2639400E3491400,9.0,4.5,0.3,2.1,0.3,4.0,0.0,240224.6,400.5,0.0,4.5,0.0,0.0,0.0,0.3,0.3,1.0,0.8,1.1,2.6,2.1,0.8,26692.0
CRS3035RES200mN2639600E3467800,83.0,40.0,6.0,17.0,2.0,27.0,2.0,1818871.0,3796.0,0.0,40.0,6.0,6.0,2.0,2.0,5.0,4.0,12.0,18.0,18.0,14.0,2.0,21914.0
CRS3035RES200mN2639600E3468000,11.0,4.5,0.7,0.7,0.5,4.1,0.2,280734.8,499.1,0.0,4.5,0.0,0.0,0.3,0.7,0.7,0.3,1.4,2.6,1.9,2.6,0.5,25521.0
CRS3035RES200mN2639600E3475600,8.0,3.6,0.4,1.1,0.0,3.0,0.0,198111.4,413.0,0.0,3.6,0.0,0.4,0.2,0.4,0.4,0.4,2.5,1.7,0.5,1.1,0.4,24764.0
CRS3035RES200mN2639600E3475800,109.5,50.0,4.0,15.0,1.0,46.0,5.0,2592605.2,4592.0,0.0,50.0,0.0,2.0,3.0,3.5,7.0,4.0,13.0,19.0,17.0,28.0,13.0,23677.0
CRS3035RES200mN2639600E3476000,82.5,36.0,3.0,10.0,2.0,30.0,4.0,1914703.6,3340.0,0.0,36.0,0.0,4.0,1.0,6.0,3.0,2.5,16.0,15.0,15.0,16.0,4.0,23209.0
CRS3035RES200mN2639600E3476200,70.0,34.0,6.0,15.0,2.0,15.0,5.0,1612530.7,3101.0,8.0,26.0,9.0,3.0,0.0,5.5,5.5,8.0,11.0,12.0,9.0,6.0,10.0,23036.0
CRS3035RES200mN2639600E3476400,26.5,16.0,2.0,8.0,0.0,14.0,2.0,668805.1,1692.0,0.0,16.0,0.0,0.0,1.0,0.0,2.5,0.0,2.0,3.0,5.0,7.0,6.0,25238.0
CRS3035RES200mN2639600E3476600,60.5,35.0,9.0,15.0,1.0,25.0,7.0,1232055.4,3564.0,0.0,35.0,0.0,0.5,1.0,2.5,4.5,5.0,7.0,9.0,5.0,17.0,9.0,20365.0
CRS3035RES200mN2639600E3476800,70.5,36.0,4.0,18.0,1.0,25.0,2.0,1590039.8,3520.0,6.0,30.0,0.0,2.0,0.5,3.0,6.0,7.0,11.0,14.0,11.0,11.0,5.0,22554.0
CRS3035RES200mN2639600E3477000,4.0,2.2,0.1,0.9,0.0,1.8,0.2,94402.8,222.1,0.1,2.1,0.0,0.1,0.0,0.1,0.3,0.1,0.3,0.7,0.4,1.2,0.8,23601.0
CRS3035RES200mN2639600E3477200,28.0,11.0,1.0,3.0,1.0,10.0,1.0,747309.4,1466.0,0.0,11.0,0.0,0.0,1.0,2.0,7.0,0.0,2.0,7.0,3.0,6.0,0.0,26690.0
CRS3035RES200mN2639600E3477400,5.0,2.8,0.1,1.2,0.0,2.2,0.3,118003.5,277.6,0.2,2.6,0.0,0.1,0.0,0.1,0.4,0.2,0.4,0.9,0.5,1.5,0.9,23601.0
CRS3035RES200mN2639600E3478200,2.0,0.7,0.1,0.1,0.1,0.5,0.1,44463.8,85.7,0.0,0.7,0.0,0.1,0.0,0.1,0.2,0.1,0.3,0.3,0.3,0.4,0.1,22232.0
CRS3035RES200mN2639600E3478600,3.0,1.1,0.2,0.2,0.1,0.8,0.1,66695.8,128.5,0.0,1.1,0.0,0.2,0.1,0.1,0.3,0.1,0.4,0.4,0.5,0.6,0.2,22232.0
CRS3035RES200mN2639600E3479400,1.0,0.4,0.1,0.1,0.0,0.2,0.0,22231.9,42.8,0.0,0.4,0.0,0.1,0.0,0.0,0.1,0.1,0.1,0.1,0.2,0.2,0.1,22232.0
CRS3035RES200mN2639600E3483400,6.0,2.5,0.5,0.9,0.3,2.3,0.2,182067.6,307.2,0.0,2.5,0.0,0.6,0.1,0.0,0.9,0.5,1.1,0.9,0.6,0.5,0.8,30345.0
CRS3035RES200mN2639600E3483800,2.0,0.8,0.2,0.3,0.1,0.8,0.1,60689.2,102.4,0.0,0.8,0.0,0.2,0.0,0.0,0.3,0.1,0.4,0.3,0.2,0.2,0.3,30345.0
CRS3035RES200mN2639600E3484000,5.0,2.2,0.5,0.7,0.1,1.8,0.2,122282.4,246.4,0.0,2.2,0.0,0.0,0.0,0.1,1.0,0.2,0.3,1.5,0.8,1.0,0.1,24456.0
CRS3035RES200mN2639600E3484200,2.0,0.9,0.2,0.3,0.0,0.7,0.1,48912.9,98.6,0.0,0.9,0.0,0.0,0.0,0.0,0.4,0.1,0.1,0.6,0.3,0.4,0.1,24456.0
CRS3035RES200mN2639600E3486400,4.0,2.1,0.0,1.0,0.0,1.6,0.0,97638.4,164.3,0.0,2.1,0.0,0.0,0.0,0.0,0.2,1.0,0.3,1.2,0.6,0.3,0.4,24410.0
CRS3035RES200mN2639600E3486600,2.0,1.0,0.0,0.5,0.0,0.8,0.0,48819.2,82.1,0.0,1.0,0.0,0.0,0.0,0.0,0.1,0.5,0.1,0.6,0.3,0.2,0.2,24410.0
CRS3035RES200mN2639600E3488000,1.0,0.4,0.1,0.1,0.0,0.4,0.0,23503.7,47.0,0.0,0.4,0.0,0.0,0.0,0.1,0.0,0.1,0.2,0.2,0.1,0.3,0.0,23504.0
CRS3035RES200mN2639600E3491200,4.0,2.0,0.1,0.9,0.1,1.8,0.0,106766.5,178.0,0.0,2.0,0.0,0.0,0.0,0.1,0.1,0.5,0.3,0.5,1.2,0.9,0.4,26692.0
CRS3035RES200mN2639600E3491400,2.0,1.0,0.1,0.5,0.1,0.9,0.0,53383.2,89.0,0.0,1.0,0.0,0.0,0.0,0.0,0.1,0.2,0.2,0.2,0.6,0.5,0.2,26692.0
CRS3035RES200mN2639800E3467800,42.0,20.0,1.0,7.0,1.0,18.0,0.0,1160818.8,2259.0,1.0,19.0,0.0,2.0,0.0,2.0,4.0,1.0,8.0,6.0,6.0,11.0,2.0,27639.0
CRS3035RES200mN2639800E3469400,2.0,0.7,0.1,0.1,0.1,0.6,0.1,51162.3,86.8,0.0,0.7,0.0,0.0,0.0,0.0,0.3,0.3,0.3,0.4,0.5,0.1,0.1,25581.0
CRS3035RES200mN2639800E3472200,2.0,0.8,0.2,0.1,0.0,0.5,0.1,44408.4,115.6,0.0,0.8,0.0,0.3,0.0,0.0,0.1,0.1,0.6,0.5,0.2,0.2,0.0,22204.0
CRS3035RES200mN2639800E3475400,7.0,3.2,0.3,1.0,0.0,2.7,0.0,173347.5,361.3,0.0,3.2,0.0,0.3,0.2,0.3,0.3,0.3,2.2,1.5,0.5,1.0,0.4,24764.0
CRS3035RES200mN2639800E3475600,27.5,13.0,1.0,4.0,0.0,13.0,1.0,600082.5,1348.0,0.0,13.0,0.0,1.0,1.0,1.0,3.5,0.0,4.0,8.0,2.0,7.0,0.0,21821.0
CRS3035RES200mN2639800E3475800,133.0,44.0,3.0,7.0,4.0,38.0,3.0,3132808.5,4580.0,0.0,44.0,0.0,1.0,2.0,4.0,20.0,22.0,9.0,45.0,7.0,14.0,9.0,23555.0
CRS3035RES200mN2639800E3476000,104.5,60.0,5.0,30.0,1.0,47.0,7.0,2378552.4,4680.0,0.0,60.0,0.0,1.0,0.0,3.5,7.0,8.0,11.0,21.0,20.0,24.0,9.0,22761.0
CRS3035RES200mN2639800E3476200,57.0,29.0,2.0,13.0,1.0,25.0,1.0,1444916.2,2958.0,0.0,29.0,0.0,0.0,1.0,2.0,1.0,7.0,4.0,7.0,9.0,13.0,13.0,25349.0
CRS3035RES200mN2639800E3476400,40.0,21.0,4.0,11.0,1.0,13.0,2.0,854660.7,2066.0,2.0,19.0,0.0,1.0,1.0,3.0,1.0,6.0,7.0,8.0,6.0,4.0,3.0,21367.0
CRS3035RES200mN2639800E3476600,81.5,41.0,3.0,17.0,2.0,32.0,5.0,1826718.7,4757.0,0.0,41.0,0.0,5.0,0.0,2.0,5.5,9.0,10.0,17.0,10.0,13.0,10.0,22414.0
CRS3035RES200mN2639800E3476800,264.5,122.0,23.0,48.0,8.0,74.0,19.0,5202583.5,11268.0,14.0,108.0,0.0,10.0,4.0,20.0,33.5,13.0,54.0,50.0,31.0,31.0,18.0,19670.0
CRS3035RES200mN2639800E3477000,103.5,54.0,7.0,25.0,3.0,49.0,6.0,2407361.1,5989.0,0.0,54.0,0.0,0.0,0.5,6.0,10.0,4.0,8.0,18.0,11.0,27.0,19.0,23260.0
CRS3035RES200mN2639800E3477200,30.0,16.0,1.0,5.0,0.0,12.0,2.0,769127.8,1923.0,0.0,16.0,0.0,0.0,0.0,0.0,2.0,2.0,0.0,6.0,5.0,11.0,4.0,25638.0
CRS3035RES200mN2639800E3477600,4.0,2.2,0.1,0.9,0.0,1.8,0.2,94402.8,222.1,0.1,2.1,0.0,0.1,0.0,0.1,0.3,0.1,0.3,0.7,0.4,1.2,0.8,23601.0
CRS3035RES200mN2639800E3478000,3.0,1.1,0.2,0.2,0.1,0.8,0.1,66695.8,128.5,0.0,1.1,0.0,0.2,0.1,0.1,0.3,0.1,0.4,0.4,0.5,0.6,0.2,22232.0
CRS3035RES200mN2639800E3480800,1.0,0.5,0.0,0.1,0.0,0.4,0.0,23111.9,51.9,0.0,0.5,0.0,0.0,0.0,0.0,0.1,0.1,0.2,0.1,0.3,0.2,0.0,23112.0
CRS3035RES200mN2639800E3481000,3.0,1.4,0.1,0.3,0.0,1.2,0.1,69335.6,155.7,0.0,1.4,0.0,0.0,0.1,0.1,0.3,0.2,0.5,0.4,0.7,0.6,0.1,23112.0
CRS3035RES200mN2639800E3481600,3.0,1.4,0.1,0.3,0.0,1.2,0.1,69335.6,155.7,0.0,1.4,0.0,0.0,0.1,0.1,0.3,0.2,0.5,0.4,0.7,0.6,0.1,23112.0
CRS3035RES200mN2639800E3482600,6.0,2.5,0.5,0.9,0.3,2.3,0.2,182067.6,307.2,0.0,2.5,0.0,0.6,0.1,0.0,0.9,0.5,1.1,0.9,0.6,0.5,0.8,30345.0
CRS3035RES200mN2639800E3489400,4.0,1.7,0.2,0.4,0.1,1.6,0.1,94014.6,188.0,0.0,1.7,0.0,0.1,0.1,0.3,0.2,0.3,0.6,0.8,0.5,1.0,0.1,23504.0
CRS3035RES200mN2639800E3490000,1.0,0.5,0.0,0.2,0.0,0.4,0.0,26691.6,44.5,0.0,0.5,0.0,0.0,0.0,0.0,0.0,0.1,0.1,0.1,0.3,0.3,0.1,26692.0
CRS3035RES200mN2639800E3491200,5.0,2.5,0.1,1.2,0.1,2.2,0.0,133458.1,222.5,0.0,2.5,0.0,0.0,0.0,0.1,0.2,0.6,0.4,0.6,1.5,1.2,0.4,26692.0
CRS3035RES200mN2639800E3494400,1.0,0.5,0.1,0.2,0.0,0.5,0.0,20658.6,58.3,0.0,0.5,0.0,0.0,0.0,0.1,0.0,0.1,0.1,0.1,0.2,0.3,0.1,20659.0
CRS3035RES200mN2640000E3468000,2.0,0.9,0.1,0.2,0.0,0.7,0.1,47189.6,100.3,0.0,0.9,0.0,0.0,0.0,0.1,0.2,0.2,0.2,0.5,0.3,0.3,0.2,23595.0
CRS3035RES200mN2640000E3468800,2.0,0.9,0.1,0.2,0.0,0.7,0.1,47189.6,100.3,0.0,0.9,0.0,0.0,0.0,0.1,0.2,0.2,0.2,0.5,0.3,0.3,0.2,23595.0
CRS3035RES200mN2640000E3469200,1.0,0.4,0.0,0.1,0.0,0.3,0.0,25906.9,38.3,0.0,0.4,0.0,0.0,0.0,0.0,0.1,0.2,0.1,0.2,0.3,0.1,0.0,25907.0
CRS3035RES200mN2640000E3469400,14.0,5.0,0.0,0.9,0.5,4.1,0.0,362696.4,536.5,0.0,5.0,0.0,0.4,0.0,0.0,1.4,2.3,1.8,3.6,3.6,0.9,0.0,25907.0
CRS3035RES200mN2640000E3475200,32.0,19.0,1.0,10.0,1.0,19.0,1.0,692381.7,1756.0,0.0,19.0,0.0,0.0,0.0,1.0,2.0,0.0,3.0,3.0,4.0,15.0,4.0,21637.0
CRS3035RES200mN2640000E3475400,141.5,64.0,10.0,17.0,2.0,47.0,9.0,3011600.4,5511.0,0.0,64.0,7.0,2.0,2.0,10.0,15.5,12.0,22.0,26.0,8.0,33.0,11.0,21283.0
CRS3035RES200mN2640000E3475600,64.5,23.0,1.0,4.0,1.0,19.0,4.0,1438439.5,2480.0,0.0,23.0,0.0,1.0,3.0,5.5,10.0,5.0,10.0,15.0,6.0,8.0,1.0,22301.0
CRS3035RES200mN2640000E3475800,90.5,33.0,3.0,4.0,3.0,23.0,4.0,2103456.4,3413.0,0.0,33.0,0.0,2.0,4.0,7.5,9.0,11.0,12.0,17.0,10.0,13.0,4.0,23243.0
CRS3035RES200mN2640000E3476000,64.0,27.0,1.0,6.0,0.0,22.0,0.0,1676010.5,2925.0,0.0,27.0,0.0,1.0,0.0,1.0,7.0,4.0,8.0,9.0,12.0,13.0,9.0,26188.0
CRS3035RES200mN2640000E3476200,82.0,34.0,4.0,7.0,3.0,28.0,5.0,1772499.7,3525.0,0.0,34.0,0.0,4.0,2.0,6.5,3.5,8.0,10.0,19.0,12.0,13.0,4.0,21616.0
CRS3035RES200mN2640000E3476400,107.5,53.0,5.0,18.0,1.0,35.0,5.0,2421649.8,5350.0,0.0,53.0,0.0,2.0,0.0,3.5,9.0,10.0,9.0,22.0,18.0,22.0,12.0,22527.0
CRS3035RES200mN2640000E3476600,210.0,104.0,22.0,47.0,4.0,50.0,12.0,4491763.1,10427.0,21.0,83.0,0.0,12.0,2.5,10.5,14.5,18.0,37.5,38.0,34.0,29.0,14.0,21389.0
CRS3035RES200mN2640000E3476800,248.0,146.0,32.0,86.0,3.0,44.0,17.0,4992322.7,10919.0,90.0,56.0,0.0,8.5,3.5,10.0,20.0,27.0,48.0,55.0,28.0,30.0,18.0,20130.0
CRS3035RES200mN2640000E3477000,42.0,18.0,1.0,4.0,2.0,17.0,1.0,991429.7,2373.0,0.0,18.0,0.0,1.0,0.0,3.0,3.0,2.0,5.0,6.0,5.0,12.0,5.0,23605.0
CRS3035RES200mN2640000E3480000,2.0,0.9,0.1,0.1,0.0,0.8,0.0,50722.2,88.3,0.0,0.9,0.0,0.1,0.0,0.0,0.1,0.1,0.1,0.3,0.4,0.8,0.1,25361.0
CRS3035RES200mN2640000E3480600,2.0,0.9,0.1,0.1,0.0,0.8,0.0,50722.2,88.3,0.0,0.9,0.0,0.1,0.0,0.0,0.1,0.1,0.1,0.3,0.4,0.8,0.1,25361.0
CRS3035RES200mN2640000E3481000,3.0,1.3,0.1,0.2,0.0,1.2,0.0,76083.3,132.5,0.0,1.3,0.0,0.1,0.0,0.0,0.1,0.2,0.1,0.5,0.6,1.2,0.2,25361.0
CRS3035RES200mN2640000E3482200,4.0,1.9,0.4,0.7,0.1,1.5,0.1,99048.1,200.2,0.1,1.8,0.0,0.1,0.1,0.3,0.3,0.2,1.0,0.3,0.7,0.8,0.2,24762.0
CRS3035RES200mN2640000E3486000,2.0,1.0,0.2,0.3,0.0,0.8,0.0,62249.0,100.5,0.0,1.0,0.0,0.0,0.0,0.0,0.1,0.2,0.3,0.7,0.4,0.2,0.1,31124.0
CRS3035RES200mN2640000E3488200,1.0,0.5,0.0,0.2,0.0,0.4,0.0,26319.8,52.0,0.0,0.5,0.0,0.0,0.0,0.0,0.1,0.0,0.1,0.2,0.3,0.2,0.1,26320.0
CRS3035RES200mN2640000E3488400,3.0,1.6,0.1,0.7,0.0,1.3,0.0,78959.3,156.1,0.0,1.6,0.0,0.1,0.1,0.1,0.1,0.0,0.2,0.6,0.9,0.7,0.2,26320.0
CRS3035RES200mN2640000E3491200,3.0,1.5,0.3,0.5,0.0,1.5,0.1,64873.6,141.1,0.0,1.5,0.0,0.1,0.1,0.0,0.0,0.1,0.6,0.4,0.5,1.1,0.1,21625.0
CRS3035RES200mN2640000E3493200,1.0,0.4,0.0,0.1,0.0,0.3,0.0,21685.4,38.7,0.0,0.4,0.1,0.0,0.0,0.1,0.1,0.1,0.1,0.3,0.1,0.1,0.1,21685.0
CRS3035RES200mN2640000E3494600,10.0,4.4,0.8,1.7,0.6,3.9,0.3,209387.0,526.8,0.0,4.4,0.0,0.1,0.0,0.8,1.1,0.9,1.6,2.1,1.1,1.7,0.6,20939.0
CRS3035RES200mN2640200E3468000,4.0,1.7,0.2,0.4,0.0,1.4,0.3,94379.3,200.6,0.0,1.7,0.0,0.0,0.0,0.1,0.4,0.4,0.5,0.9,0.6,0.7,0.4,23595.0
CRS3035RES200mN2640200E3468200,18.0,7.7,0.9,1.8,0.0,6.4,1.1,424706.7,902.7,0.0,7.7,0.0,0.2,0.0,0.7,1.6,1.6,2.3,4.1,2.7,3.0,1.8,23595.0
CRS3035RES200mN2640200E3468400,87.0,32.0,1.0,5.0,3.0,27.0,2.0,2160462.0,3425.0,0.0,32.0,0.0,3.0,2.0,8.0,10.0,7.0,16.0,17.0,9.0,15.0,0.0,24833.0
CRS3035RES200mN2640200E3468600,60.0,26.0,4.0,9.0,1.0,19.0,2.0,1290805.2,2534.0,0.0,26.0,0.0,3.0,2.0,3.0,9.0,2.0,17.0,13.0,2.0,9.0,0.0,21513.0
CRS3035RES200mN2640200E3468800,27.0,11.6,1.4,2.7,0.0,9.6,1.7,637060.0,1354.1,0.0,11.6,0.0,0.3,0.0,1.0,2.4,2.4,3.4,6.2,4.1,4.5,2.7,23595.0
CRS3035RES200mN2640200E3469000,40.0,16.0,0.0,4.0,2.0,14.0,1.0,1126581.6,1735.0,0.0,16.0,0.0,0.0,0.0,4.0,4.0,5.0,1.0,13.0,5.0,7.0,1.0,28165.0
CRS3035RES200mN2640200E3469200,70.0,27.0,1.0,4.0,1.0,21.0,1.0,1818196.5,2467.0,0.0,27.0,0.0,6.0,5.0,7.0,3.0,1.0,30.0,8.0,4.0,5.0,1.0,25974.0
CRS3035RES200mN2640200E3469400,16.0,5.7,0.0,1.0,0.5,4.6,0.0,414510.1,613.2,0.0,5.7,0.0,0.5,0.0,0.0,1.6,2.6,2.1,4.1,4.1,1.0,0.0,25907.0
CRS3035RES200mN2640200E3470200,2.0,0.8,0.0,0.2,0.1,0.6,0.1,44274.2,85.8,0.0,0.8,0.0,0.2,0.0,0.2,0.2,0.0,0.7,0.2,0.3,0.2,0.0,22137.0
CRS3035RES200mN2640200E3470800,3.0,1.2,0.1,0.3,0.1,0.9,0.1,66411.3,128.8,0.0,1.2,0.0,0.3,0.0,0.3,0.3,0.0,1.0,0.3,0.4,0.3,0.1,22137.0
CRS3035RES200mN2640200E3475400,24.0,9.5,1.0,2.5,1.5,7.5,0.5,590348.0,1095.5,0.0,9.5,0.0,0.0,0.5,1.5,3.5,1.5,2.0,6.0,4.0,4.5,0.5,24598.0
CRS3035RES200mN2640200E3475600,6.0,2.4,0.2,0.6,0.4,1.9,0.1,147587.0,273.9,0.0,2.4,0.0,0.0,0.1,0.4,0.9,0.4,0.5,1.5,1.0,1.1,0.1,24598.0
CRS3035RES200mN2640200E3475800,5.0,2.0,0.2,0.5,0.3,1.6,0.1,122989.2,228.2,0.0,2.0,0.0,0.0,0.1,0.3,0.7,0.3,0.4,1.3,0.8,1.0,0.1,24598.0
CRS3035RES200mN2640200E3476200,18.0,9.3,0.5,4.4,1.1,7.1,0.0,425191.9,946.4,1.1,8.2,0.0,0.0,0.0,0.0,1.6,3.3,0.5,2.2,2.2,4.9,3.3,23622.0
CRS3035RES200mN2640200E3476400,101.0,49.0,9.0,16.0,1.0,28.0,7.0,2116504.9,4727.0,7.0,42.0,0.0,2.0,1.0,2.5,8.5,9.0,17.0,18.0,16.0,20.0,7.0,20955.0
CRS3035RES200mN2640200E3476600,95.0,56.0,11.0,28.0,0.0,30.0,7.0,2323961.7,4694.0,23.0,33.0,0.0,2.0,0.0,2.0,8.0,11.0,11.0,17.0,17.0,17.0,10.0,24463.0
CRS3035RES200mN2640200E3476800,90.0,42.0,6.0,13.0,1.0,24.0,7.0,2129855.7,4250.0,17.0,25.0,0.0,1.0,0.0,8.0,5.0,8.0,12.0,17.0,14.0,18.0,7.0,23665.0
CRS3035RES200mN2640200E3477000,30.0,13.0,4.0,2.0,0.0,13.0,2.0,611214.8,1432.0,0.0,13.0,0.0,2.0,0.0,2.0,3.0,0.0,3.0,6.0,6.0,7.0,1.0,20374.0
CRS3035RES200mN2640200E3477200,22.0,13.0,4.0,7.0,0.0,11.0,0.0,495906.4,1109.0,0.0,13.0,0.0,3.0,0.0,0.0,0.0,0.0,4.0,2.0,6.0,7.0,0.0,22541.0
CRS3035RES200mN2640200E3477400,18.0,8.2,0.9,1.6,0.4,6.9,0.9,444337.9,882.4,0.0,8.2,0.0,0.5,0.6,0.7,0.9,0.6,1.5,3.6,2.5,4.7,2.4,24685.0
CRS3035RES200mN2640200E3477600,14.0,6.4,0.7,1.3,0.3,5.4,0.7,345596.2,686.3,0.0,6.4,0.0,0.4,0.4,0.6,0.7,0.4,1.1,2.8,2.0,3.7,1.9,24685.0
CRS3035RES200mN2640200E3478000,4.0,1.7,0.2,0.5,0.1,1.5,0.1,98331.1,206.3,0.1,1.6,0.0,0.1,0.1,0.3,0.1,0.6,0.4,0.9,0.6,0.6,0.3,24583.0
CRS3035RES200mN2640200E3478400,2.0,0.8,0.1,0.3,0.0,0.7,0.1,49165.6,103.2,0.0,0.8,0.0,0.0,0.0,0.2,0.0,0.3,0.2,0.5,0.3,0.3,0.2,24583.0
CRS3035RES200mN2640200E3480000,4.0,1.8,0.2,0.3,0.0,1.6,0.0,101444.4,176.7,0.0,1.8,0.0,0.1,0.0,0.0,0.2,0.3,0.2,0.6,0.7,1.6,0.3,25361.0
CRS3035RES200mN2640200E3480600,1.0,0.4,0.0,0.1,0.0,0.4,0.0,25361.1,44.2,0.0,0.4,0.0,0.0,0.0,0.0,0.0,0.1,0.0,0.2,0.2,0.4,0.1,25361.0
CRS3035RES200mN2640200E3483600,1.0,0.5,0.1,0.2,0.0,0.4,0.0,24762.0,50.1,0.0,0.5,0.0,0.0,0.0,0.1,0.1,0.0,0.2,0.1,0.2,0.2,0.1,24762.0
CRS3035RES200mN2640200E3484400,1.0,0.5,0.2,0.3,0.0,0.5,0.0,25315.2,47.7,0.0,0.5,0.0,0.0,0.0,0.1,0.1,0.0,0.1,0.3,0.2,0.2,0.0,25315.0
CRS3035RES200mN2640200E3484600,6.0,3.3,1.1,1.8,0.2,2.7,0.2,151891.0,286.0,0.0,3.3,0.0,0.0,0.0,0.4,0.4,0.2,0.5,1.8,1.4,1.3,0.0,25315.0
CRS3035RES200mN2640200E3484800,5.0,2.7,0.9,1.5,0.2,2.3,0.2,126575.8,238.3,0.0,2.7,0.0,0.0,0.0,0.3,0.3,0.1,0.5,1.5,1.2,1.1,0.0,25315.0
CRS3035RES200mN2640200E3485000,1.0,0.5,0.2,0.3,0.0,0.5,0.0,25315.2,47.7,0.0,0.5,0.0,0.0,0.0,0.1,0.1,0.0,0.1,0.3,0.2,0.2,0.0,25315.0
CRS3035RES200mN2640200E3486800,2.0,1.0,0.2,0.3,0.0,0.8,0.0,62249.0,100.5,0.0,1.0,0.0,0.0,0.0,0.0,0.1,0.2,0.3,0.7,0.4,0.2,0.1,31124.0
CRS3035RES200mN2640200E3487000,2.0,1.0,0.2,0.3,0.0,0.8,0.0,62249.0,100.5,0.0,1.0,0.0,0.0,0.0,0.0,0.1,0.2,0.3,0.7,0.4,0.2,0.1,31124.0
CRS3035RES200mN2640200E3489400,4.0,2.1,0.2,1.0,0.0,1.7,0.0,105279.1,208.2,0.0,2.1,0.0,0.2,0.2,0.2,0.2,0.0,0.2,0.8,1.1,0.9,0.2,26320.0
CRS3035RES200mN2640200E3491200,1.0,0.5,0.1,0.2,0.0,0.5,0.0,21624.5,47.0,0.0,0.5,0.0,0.0,0.0,0.0,0.0,0.0,0.2,0.1,0.2,0.4,0.1,21624.0
CRS3035RES200mN2640200E3494600,11.0,4.8,0.9,1.9,0.6,4.3,0.3,230325.7,579.4,0.0,4.8,0.0,0.2,0.0,0.9,1.2,0.9,1.7,2.3,1.3,1.9,0.6,20939.0
CRS3035RES200mN2640200E3494800,36.5,19.0,2.0,8.0,1.0,11.0,4.0,795238.9,2107.0,1.0,18.0,0.0,1.0,0.0,2.5,4.0,3.0,6.0,7.0,4.0,8.0,1.0,21787.0
CRS3035RES200mN2640200E3495000,4.0,1.5,0.0,0.4,0.1,1.2,0.1,90334.8,165.8,0.2,1.3,0.0,0.1,0.0,0.4,0.7,0.1,0.5,1.1,0.8,0.1,0.2,22584.0
CRS3035RES200mN2640400E3466800,5.0,2.1,0.0,0.4,0.0,1.9,0.1,121377.9,217.2,0.0,2.1,0.0,0.0,0.2,0.1,0.5,0.3,0.4,1.2,0.8,1.3,0.2,24276.0
CRS3035RES200mN2640400E3467000,2.0,0.9,0.0,0.1,0.0,0.7,0.0,48551.2,86.9,0.0,0.9,0.0,0.0,0.1,0.1,0.2,0.1,0.1,0.5,0.3,0.5,0.1,24276.0
CRS3035RES200mN2640400E3467200,41.0,14.0,0.0,0.0,1.0,13.0,2.0,1123199.9,1689.0,0.0,14.0,0.0,1.0,1.0,2.0,7.0,3.0,5.0,12.0,4.0,4.0,2.0,27395.0
CRS3035RES200mN2640400E3467400,43.5,17.0,1.0,3.0,1.0,14.0,1.0,1196277.3,2104.0,0.0,17.0,0.0,3.0,0.0,2.0,6.5,1.0,6.0,8.0,3.0,9.0,5.0,27501.0
CRS3035RES200mN2640400E3467600,37.5,14.0,1.0,4.0,1.0,13.0,0.0,1115208.4,1875.0,0.0,14.0,0.0,0.0,0.0,3.0,6.0,2.5,3.0,13.0,6.0,4.0,0.0,29739.0
CRS3035RES200mN2640400E3467800,21.0,9.0,0.0,1.6,0.0,7.9,0.4,509787.1,912.2,0.0,9.0,0.0,0.0,0.8,0.6,1.9,1.2,1.6,5.1,3.5,5.5,0.8,24276.0
CRS3035RES200mN2640400E3468000,43.0,20.0,3.0,7.0,0.0,17.0,1.0,1069890.0,2064.0,0.0,20.0,0.0,0.0,1.5,2.5,5.0,4.0,9.0,8.0,8.0,4.0,1.0,24881.0
CRS3035RES200mN2640400E3468200,76.5,33.0,2.0,10.0,3.0,27.0,1.0,1888642.6,3493.0,0.0,33.0,0.0,1.0,1.0,6.0,7.5,5.0,8.0,19.0,16.0,10.0,3.0,24688.0
CRS3035RES200mN2640400E3468400,122.5,60.0,16.0,26.0,2.0,35.0,9.0,2627276.0,5611.0,4.0,56.0,6.0,5.0,2.0,12.0,10.5,7.0,30.0,23.0,16.0,13.0,4.0,21447.0
CRS3035RES200mN2640400E3468600,64.5,32.0,5.0,9.0,0.0,29.0,1.0,1533768.4,3070.0,0.0,32.0,0.0,2.0,1.0,3.5,1.0,1.0,10.0,20.0,11.0,11.0,4.0,23779.0
CRS3035RES200mN2640400E3468800,68.0,32.0,2.0,9.0,1.0,22.0,4.0,1671646.4,3144.0,3.0,29.0,0.0,2.0,1.0,3.0,3.0,11.0,11.0,8.0,6.0,19.0,4.0,24583.0
CRS3035RES200mN2640400E3469000,125.0,45.0,5.0,11.0,5.0,34.0,3.0,2991590.6,4489.0,0.0,45.0,7.0,6.0,4.0,10.0,17.0,6.0,20.0,40.0,8.0,10.0,4.0,23933.0
CRS3035RES200mN2640400E3469200,143.5,52.0,2.0,9.0,3.0,47.0,3.0,3494669.4,5568.0,0.0,52.0,0.0,8.0,3.0,9.0,18.5,10.0,13.0,48.0,13.0,19.0,1.0,24353.0
CRS3035RES200mN2640400E3469400,45.0,16.0,0.0,4.0,3.0,15.0,1.0,1187003.0,1850.0,0.0,16.0,0.0,0.0,0.0,1.0,8.0,5.0,3.0,12.0,7.0,5.0,4.0,26378.0
CRS3035RES200mN2640400E3470200,3.0,1.2,0.1,0.3,0.1,0.9,0.1,66411.3,128.8,0.0,1.2,0.0,0.3,0.0,0.3,0.3,0.0,1.0,0.3,0.4,0.3,0.1,22137.0
CRS3035RES200mN2640400E3475800,4.0,1.6,0.2,0.4,0.2,1.2,0.1,98391.3,182.6,0.0,1.6,0.0,0.0,0.1,0.2,0.6,0.2,0.3,1.0,0.7,0.8,0.1,24598.0
CRS3035RES200mN2640400E3476400,5.0,2.6,0.2,1.2,0.3,2.0,0.0,118108.9,262.9,0.3,2.3,0.0,0.0,0.0,0.0,0.5,0.9,0.1,0.6,0.6,1.4,0.9,23622.0
CRS3035RES200mN2640400E3476600,4.0,2.1,0.1,1.0,0.2,1.6,0.0,94487.1,210.3,0.3,1.8,0.0,0.0,0.0,0.0,0.4,0.7,0.1,0.5,0.5,1.1,0.7,23622.0
CRS3035RES200mN2640400E3476800,1.0,0.5,0.0,0.2,0.1,0.4,0.0,23621.8,52.6,0.1,0.4,0.0,0.0,0.0,0.0,0.1,0.2,0.0,0.1,0.1,0.3,0.2,23622.0
CRS3035RES200mN2640400E3477000,6.0,2.7,0.3,0.5,0.1,2.3,0.3,148112.6,294.1,0.0,2.7,0.0,0.2,0.2,0.2,0.3,0.2,0.5,1.2,0.8,1.6,0.8,24685.0
CRS3035RES200mN2640400E3477200,4.0,1.8,0.2,0.4,0.1,1.5,0.2,98741.8,196.1,0.0,1.8,0.0,0.1,0.1,0.2,0.2,0.1,0.3,0.8,0.6,1.1,0.5,24685.0
CRS3035RES200mN2640400E3477400,25.0,11.4,1.3,2.3,0.5,9.6,1.3,617136.0,1225.5,0.0,11.4,0.0,0.7,0.8,1.0,1.3,0.8,2.0,5.0,3.5,6.6,3.3,24685.0
CRS3035RES200mN2640400E3477600,25.0,11.0,1.0,3.0,0.0,10.0,1.0,681757.7,1077.0,0.0,11.0,0.0,0.0,0.0,2.0,2.0,2.0,3.0,9.0,1.0,2.0,4.0,27270.0
CRS3035RES200mN2640400E3477800,26.0,12.0,0.0,5.0,1.0,12.0,0.0,635393.7,1246.0,0.0,12.0,0.0,0.0,0.0,2.0,3.0,0.0,0.0,4.0,4.0,11.0,2.0,24438.0
CRS3035RES200mN2640400E3478000,20.5,11.0,2.0,2.0,0.0,7.0,1.0,502623.8,786.0,0.0,11.0,0.0,0.0,0.0,0.0,0.0,0.5,1.0,2.0,7.0,6.0,4.0,24518.0
CRS3035RES200mN2640400E3478400,4.0,1.7,0.2,0.5,0.1,1.5,0.1,98331.1,206.3,0.1,1.6,0.0,0.1,0.1,0.3,0.1,0.6,0.4,0.9,0.6,0.6,0.3,24583.0
CRS3035RES200mN2640400E3480000,1.0,0.4,0.0,0.1,0.0,0.4,0.0,25361.1,44.2,0.0,0.4,0.0,0.0,0.0,0.0,0.0,0.1,0.0,0.2,0.2,0.4,0.1,25361.0
CRS3035RES200mN2640400E3480200,3.0,1.3,0.1,0.2,0.0,1.2,0.0,76083.3,132.5,0.0,1.3,0.0,0.1,0.0,0.0,0.1,0.2,0.1,0.5,0.6,1.2,0.2,25361.0
CRS3035RES200mN2640400E3480400,6.0,2.7,0.3,0.4,0.0,2.4,0.0,152166.7,265.0,0.0,2.7,0.0,0.1,0.0,0.0,0.3,0.4,0.3,1.0,1.1,2.4,0.4,25361.0
CRS3035RES200mN2640400E3483800,1.0,0.5,0.1,0.2,0.0,0.4,0.0,24762.0,50.1,0.0,0.5,0.0,0.0,0.0,0.1,0.1,0.0,0.2,0.1,0.2,0.2,0.1,24762.0
CRS3035RES200mN2640400E3484000,4.0,2.2,0.7,1.2,0.1,1.8,0.1,101260.6,190.7,0.0,2.2,0.0,0.0,0.0,0.2,0.2,0.1,0.4,1.2,1.0,0.9,0.0,25315.0
CRS3035RES200mN2640400E3484200,3.0,1.6,0.5,0.9,0.1,1.4,0.1,75945.5,143.0,0.0,1.6,0.0,0.0,0.0,0.2,0.2,0.1,0.3,0.9,0.7,0.6,0.0,25315.0
CRS3035RES200mN2640400E3486400,2.0,1.0,0.2,0.3,0.0,0.8,0.0,62249.0,100.5,0.0,1.0,0.0,0.0,0.0,0.0,0.1,0.2,0.3,0.7,0.4,0.2,0.1,31124.0
CRS3035RES200mN2640400E3486600,1.0,0.5,0.1,0.2,0.0,0.4,0.0,31124.5,50.2,0.0,0.5,0.0,0.0,0.0,0.0,0.1,0.1,0.2,0.3,0.2,0.1,0.0,31124.0
CRS3035RES200mN2640400E3491000,4.0,2.0,0.5,0.7,0.0,2.0,0.2,86498.1,188.2,0.0,2.0,0.0,0.1,0.2,0.0,0.0,0.1,0.8,0.5,0.6,1.5,0.2,21625.0
CRS3035RES200mN2640400E3493400,6.0,2.4,0.2,0.5,0.2,1.9,0.0,130112.2,232.1,0.0,2.4,0.4,0.1,0.1,0.6,0.7,0.4,0.4,1.7,0.7,0.9,0.4,21685.0
CRS3035RES200mN2640400E3494400,5.0,2.2,0.4,0.8,0.3,2.0,0.1,104693.5,263.4,0.0,2.2,0.0,0.1,0.0,0.4,0.6,0.4,0.8,1.0,0.6,0.8,0.3,20939.0
CRS3035RES200mN2640400E3494600,19.0,8.3,1.6,3.2,1.1,7.5,0.5,397835.4,1000.8,0.0,8.3,0.0,0.3,0.0,1.6,2.1,1.6,3.0,4.0,2.1,3.2,1.1,20939.0
CRS3035RES200mN2640400E3494800,19.0,8.3,1.6,3.2,1.1,7.5,0.5,397835.4,1000.8,0.0,8.3,0.0,0.3,0.0,1.6,2.1,1.6,3.0,4.0,2.1,3.2,1.1,20939.0
CRS3035RES200mN2640400E3495000,14.0,5.3,0.0,1.3,0.3,4.3,0.3,316171.8,580.3,0.7,4.6,0.0,0.3,0.0,1.3,2.7,0.3,1.7,4.0,2.7,0.3,0.7,22584.0
CRS3035RES200mN2640400E3495200,4.0,1.5,0.0,0.4,0.1,1.2,0.1,90334.8,165.8,0.2,1.3,0.0,0.1,0.0,0.4,0.7,0.1,0.5,1.1,0.8,0.1,0.2,22584.0
CRS3035RES200mN2640600E3467200,10.5,4.5,0.0,0.8,0.0,3.9,0.2,254893.5,456.1,0.0,4.5,0.0,0.0,0.4,0.3,1.0,0.6,0.8,2.5,1.8,2.7,0.4,24276.0
CRS3035RES200mN2640600E3467400,51.0,21.0,0.0,3.0,0.0,19.0,1.0,1553484.9,2465.0,0.0,21.0,0.0,6.0,2.0,1.0,1.0,2.0,9.0,6.0,11.0,8.0,5.0,30460.0
CRS3035RES200mN2640600E3467600,69.0,30.0,2.0,9.0,2.0,24.0,0.0,1938881.5,3498.0,0.0,30.0,0.0,2.0,0.0,1.0,6.0,7.0,10.0,15.0,11.0,13.0,4.0,28100.0
CRS3035RES200mN2640600E3467800,74.0,29.0,2.0,7.0,2.0,23.0,1.0,2032038.4,3110.0,0.0,29.0,0.0,5.0,1.0,3.0,10.0,3.0,14.0,12.0,9.0,12.0,5.0,27460.0
CRS3035RES200mN2640600E3468000,57.0,21.0,1.0,3.0,1.0,20.0,3.0,1488066.7,2340.0,0.0,21.0,0.0,2.0,3.0,3.0,2.0,6.0,10.0,11.0,10.0,8.0,2.0,26106.0
CRS3035RES200mN2640600E3468200,4.0,1.7,0.2,0.4,0.0,1.4,0.3,94379.3,200.6,0.0,1.7,0.0,0.0,0.0,0.1,0.4,0.4,0.5,0.9,0.6,0.7,0.4,23595.0
CRS3035RES200mN2640600E3468400,3.0,1.3,0.2,0.3,0.0,1.1,0.2,70784.4,150.5,0.0,1.3,0.0,0.0,0.0,0.1,0.3,0.3,0.4,0.7,0.4,0.5,0.3,23595.0
CRS3035RES200mN2640600E3468600,19.0,8.2,1.0,1.9,0.0,6.7,1.2,448301.5,952.9,0.0,8.2,0.0,0.3,0.0,0.7,1.7,1.7,2.4,4.3,2.9,3.1,1.9,23595.0
CRS3035RES200mN2640600E3468800,42.0,21.0,5.0,9.0,0.0,15.0,4.0,908693.8,2031.0,0.0,21.0,0.0,1.0,2.0,2.0,4.0,2.0,7.0,13.0,5.0,3.0,3.0,21636.0
CRS3035RES200mN2640600E3469000,52.5,19.0,0.0,3.0,2.0,15.0,3.0,1325229.9,2331.0,0.0,19.0,1.0,4.0,1.5,3.5,2.5,9.0,8.0,12.0,5.0,5.0,2.0,25242.0
CRS3035RES200mN2640600E3469200,40.0,19.0,1.0,6.0,0.0,18.0,0.0,958529.2,1845.0,0.0,19.0,0.0,1.0,1.0,0.0,2.0,1.0,9.0,5.0,6.0,12.0,3.0,23963.0
CRS3035RES200mN2640600E3469400,26.0,11.0,0.0,2.0,1.0,9.0,0.0,679981.7,1221.0,0.0,11.0,0.0,0.0,0.0,0.0,3.0,2.0,3.0,5.0,7.0,4.0,2.0,26153.0
CRS3035RES200mN2640600E3476800,3.0,1.5,0.1,0.7,0.2,1.2,0.0,70865.3,157.7,0.2,1.3,0.0,0.0,0.0,0.0,0.3,0.5,0.1,0.4,0.4,0.8,0.5,23622.0
CRS3035RES200mN2640600E3477000,3.0,1.4,0.2,0.3,0.1,1.2,0.2,74056.3,147.1,0.0,1.4,0.0,0.1,0.1,0.1,0.2,0.1,0.2,0.6,0.4,0.8,0.4,24685.0
CRS3035RES200mN2640600E3477800,5.0,2.3,0.3,0.5,0.1,1.9,0.3,123427.2,245.1,0.0,2.3,0.0,0.1,0.1,0.2,0.3,0.2,0.4,1.0,0.7,1.3,0.7,24685.0
CRS3035RES200mN2640600E3478000,11.0,4.7,0.5,1.4,0.2,4.0,0.3,270410.6,567.3,0.2,4.5,0.0,0.1,0.2,0.9,0.3,1.6,1.1,2.6,1.6,1.6,1.0,24583.0
CRS3035RES200mN2640600E3478200,23.0,13.0,1.0,6.0,1.0,10.0,2.0,581691.6,1307.0,0.0,13.0,0.0,0.0,1.0,1.0,2.0,1.0,2.0,3.0,6.0,6.0,1.0,25291.0
CRS3035RES200mN2640600E3478400,14.0,5.9,0.6,1.8,0.2,5.1,0.4,344159.0,722.1,0.2,5.7,0.0,0.2,0.2,1.1,0.4,2.0,1.4,3.3,2.1,2.1,1.2,24583.0
CRS3035RES200mN2640600E3478600,19.0,8.0,0.8,2.5,0.3,6.9,0.6,467072.9,980.0,0.3,7.7,0.0,0.3,0.3,1.5,0.5,2.8,1.9,4.4,2.8,2.8,1.7,24583.0
CRS3035RES200mN2640600E3478800,5.5,2.3,0.2,0.7,0.1,2.0,0.2,135205.3,283.7,0.1,2.2,0.0,0.1,0.1,0.4,0.1,0.8,0.6,1.3,0.8,0.8,0.5,24583.0
CRS3035RES200mN2640600E3479600,6.0,2.8,0.4,0.8,0.1,2.3,0.4,136917.3,296.1,0.0,2.8,0.0,0.1,0.1,0.3,0.3,0.5,0.5,1.0,0.7,2.0,0.5,22820.0
CRS3035RES200mN2640600E3479800,19.0,8.9,1.3,2.5,0.4,7.2,1.3,433571.6,937.8,0.0,8.9,0.0,0.4,0.4,0.8,0.9,1.7,1.7,3.0,2.1,6.3,1.7,22820.0
CRS3035RES200mN2640600E3480000,13.0,5.7,0.6,0.9,0.0,5.1,0.0,329694.4,574.1,0.0,5.7,0.0,0.3,0.0,0.0,0.6,0.9,0.6,2.1,2.4,5.2,0.9,25361.0
CRS3035RES200mN2640600E3481600,2.0,0.9,0.1,0.1,0.0,0.8,0.0,50722.2,88.3,0.0,0.9,0.0,0.1,0.0,0.0,0.1,0.1,0.1,0.3,0.4,0.8,0.1,25361.0
CRS3035RES200mN2640600E3481800,4.0,1.8,0.2,0.3,0.0,1.6,0.0,101444.4,176.7,0.0,1.8,0.0,0.1,0.0,0.0,0.2,0.3,0.2,0.6,0.7,1.6,0.3,25361.0
CRS3035RES200mN2640600E3484800,2.0,1.1,0.4,0.6,0.1,0.9,0.1,50630.3,95.3,0.0,1.1,0.0,0.0,0.0,0.1,0.1,0.1,0.2,0.6,0.5,0.4,0.0,25315.0
CRS3035RES200mN2640600E3485000,1.0,0.5,0.2,0.3,0.0,0.5,0.0,25315.2,47.7,0.0,0.5,0.0,0.0,0.0,0.1,0.1,0.0,0.1,0.3,0.2,0.2,0.0,25315.0
CRS3035RES200mN2640600E3488000,1.0,0.5,0.0,0.2,0.0,0.4,0.0,26319.8,52.0,0.0,0.5,0.0,0.0,0.0,0.0,0.1,0.0,0.1,0.2,0.3,0.2,0.1,26320.0
CRS3035RES200mN2640600E3490400,2.0,1.0,0.2,0.4,0.0,1.0,0.1,43249.1,94.1,0.0,1.0,0.0,0.0,0.1,0.0,0.0,0.1,0.4,0.3,0.3,0.7,0.1,21625.0
CRS3035RES200mN2640600E3490800,4.0,2.0,0.5,0.7,0.0,2.0,0.2,86498.1,188.2,0.0,2.0,0.0,0.1,0.2,0.0,0.0,0.1,0.8,0.5,0.6,1.5,0.2,21625.0
CRS3035RES200mN2640600E3491000,5.0,2.5,0.6,0.9,0.0,2.5,0.2,108122.6,235.2,0.0,2.5,0.0,0.1,0.2,0.0,0.0,0.1,1.0,0.7,0.8,1.8,0.3,21625.0
CRS3035RES200mN2640600E3491200,1.0,0.5,0.1,0.2,0.0,0.5,0.0,21624.5,47.0,0.0,0.5,0.0,0.0,0.0,0.0,0.0,0.0,0.2,0.1,0.2,0.4,0.1,21624.0
CRS3035RES200mN2640600E3493600,4.0,1.6,0.2,0.3,0.2,1.2,0.0,86741.4,154.8,0.0,1.6,0.2,0.1,0.1,0.4,0.5,0.2,0.2,1.2,0.5,0.6,0.2,21685.0
CRS3035RES200mN2640600E3493800,9.0,3.6,0.4,0.8,0.4,2.8,0.0,195168.2,348.2,0.0,3.6,0.6,0.2,0.2,0.8,1.0,0.6,0.6,2.6,1.1,1.3,0.6,21685.0
CRS3035RES200mN2640600E3494000,2.0,0.9,0.2,0.3,0.1,0.8,0.1,41877.4,105.4,0.0,0.9,0.0,0.0,0.0,0.2,0.2,0.2,0.3,0.4,0.2,0.4,0.1,20939.0
CRS3035RES200mN2640600E3494200,2.0,0.9,0.2,0.3,0.1,0.8,0.1,41877.4,105.4,0.0,0.9,0.0,0.0,0.0,0.2,0.2,0.2,0.3,0.4,0.2,0.4,0.1,20939.0
CRS3035RES200mN2640600E3494400,1.0,0.4,0.1,0.2,0.1,0.4,0.0,20938.7,52.7,0.0,0.4,0.0,0.0,0.0,0.1,0.1,0.1,0.1,0.2,0.1,0.2,0.1,20939.0
CRS3035RES200mN2640600E3495000,1.0,0.4,0.0,0.1,0.0,0.3,0.0,22583.7,41.5,0.1,0.3,0.0,0.0,0.0,0.1,0.2,0.0,0.1,0.3,0.2,0.0,0.1,22584.0
CRS3035RES200mN2640800E3467600,4.0,1.7,0.0,0.3,0.0,1.5,0.1,97102.3,173.8,0.0,1.7,0.0,0.0,0.1,0.1,0.4,0.2,0.3,1.0,0.7,1.0,0.2,24276.0
CRS3035RES200mN2640800E3467800,3.0,1.3,0.0,0.2,0.0,1.1,0.1,72826.7,130.3,0.0,1.3,0.0,0.0,0.1,0.1,0.3,0.2,0.2,0.7,0.5,0.8,0.1,24276.0
CRS3035RES200mN2640800E3475400,2.0,0.8,0.1,0.2,0.1,0.6,0.0,49195.7,91.3,0.0,0.8,0.0,0.0,0.0,0.1,0.3,0.1,0.2,0.5,0.3,0.4,0.1,24598.0
CRS3035RES200mN2640800E3476800,2.0,1.0,0.1,0.5,0.1,0.8,0.0,47243.5,105.2,0.1,0.9,0.0,0.0,0.0,0.0,0.2,0.4,0.1,0.2,0.2,0.5,0.4,23622.0
CRS3035RES200mN2640800E3477000,4.0,1.8,0.2,0.4,0.1,1.5,0.2,98741.8,196.1,0.0,1.8,0.0,0.1,0.1,0.2,0.2,0.1,0.3,0.8,0.6,1.1,0.5,24685.0
CRS3035RES200mN2640800E3478800,9.0,3.8,0.4,1.2,0.1,3.3,0.3,221245.0,464.2,0.1,3.7,0.0,0.1,0.2,0.7,0.3,1.3,0.9,2.1,1.3,1.3,0.8,24583.0
CRS3035RES200mN2640800E3479200,2.0,0.9,0.1,0.3,0.0,0.8,0.1,45639.1,98.7,0.0,0.9,0.0,0.0,0.0,0.1,0.1,0.2,0.2,0.3,0.2,0.7,0.2,22820.0
CRS3035RES200mN2640800E3479400,2.0,0.9,0.1,0.3,0.0,0.8,0.1,45639.1,98.7,0.0,0.9,0.0,0.0,0.0,0.1,0.1,0.2,0.2,0.3,0.2,0.7,0.2,22820.0
CRS3035RES200mN2640800E3479600,2.0,0.9,0.1,0.3,0.0,0.8,0.1,45639.1,98.7,0.0,0.9,0.0,0.0,0.0,0.1,0.1,0.2,0.2,0.3,0.2,0.7,0.2,22820.0
CRS3035RES200mN2640800E3480200,2.0,0.9,0.1,0.1,0.0,0.8,0.0,50722.2,88.3,0.0,0.9,0.0,0.1,0.0,0.0,0.1,0.1,0.1,0.3,0.4,0.8,0.1,25361.0
CRS3035RES200mN2640800E3482000,1.0,0.5,0.1,0.2,0.0,0.4,0.0,24762.0,50.1,0.0,0.5,0.0,0.0,0.0,0.1,0.1,0.0,0.2,0.1,0.2,0.2,0.1,24762.0
CRS3035RES200mN2640800E3482200,2.0,0.9,0.2,0.4,0.0,0.7,0.1,49524.0,100.1,0.0,0.9,0.0,0.0,0.0,0.2,0.1,0.1,0.5,0.2,0.4,0.4,0.1,24762.0
CRS3035RES200mN2640800E3485000,3.0,1.6,0.5,0.9,0.1,1.4,0.1,75945.5,143.0,0.0,1.6,0.0,0.0,0.0,0.2,0.2,0.1,0.3,0.9,0.7,0.6,0.0,25315.0
CRS3035RES200mN2640800E3488400,1.0,0.5,0.0,0.2,0.0,0.4,0.0,26319.8,52.0,0.0,0.5,0.0,0.0,0.0,0.0,0.1,0.0,0.1,0.2,0.3,0.2,0.1,26320.0
CRS3035RES200mN2640800E3489800,2.0,1.0,0.1,0.5,0.0,0.9,0.0,52639.5,104.1,0.0,1.0,0.0,0.1,0.1,0.1,0.1,0.0,0.1,0.4,0.5,0.5,0.1,26320.0
CRS3035RES200mN2640800E3490000,5.0,2.5,0.6,0.9,0.0,2.5,0.2,108122.6,235.2,0.0,2.5,0.0,0.1,0.2,0.0,0.0,0.1,1.0,0.7,0.8,1.8,0.3,21625.0
CRS3035RES200mN2640800E3490200,6.0,3.0,0.7,1.1,0.0,3.0,0.3,129747.2,282.3,0.0,3.0,0.0,0.1,0.3,0.0,0.0,0.1,1.2,0.8,1.0,2.2,0.3,21625.0
CRS3035RES200mN2640800E3490400,1.0,0.5,0.1,0.2,0.0,0.5,0.0,21624.5,47.0,0.0,0.5,0.0,0.0,0.0,0.0,0.0,0.0,0.2,0.1,0.2,0.4,0.1,21624.0
CRS3035RES200mN2640800E3490600,8.0,4.0,0.9,1.5,0.0,4.0,0.4,172996.2,376.4,0.0,4.0,0.0,0.2,0.3,0.0,0.0,0.2,1.6,1.1,1.3,2.9,0.4,21625.0
CRS3035RES200mN2640800E3491600,2.0,1.0,0.2,0.4,0.0,1.0,0.1,43249.1,94.1,0.0,1.0,0.0,0.0,0.1,0.0,0.0,0.1,0.4,0.3,0.3,0.7,0.1,21625.0
CRS3035RES200mN2640800E3493400,27.0,10.7,1.1,2.2,1.1,8.4,0.0,585504.7,1044.6,0.0,10.7,1.7,0.5,0.6,2.5,3.1,1.7,1.7,7.9,3.4,3.9,1.7,21685.0
CRS3035RES200mN2640800E3493600,48.0,16.0,2.0,2.0,3.0,14.0,0.0,1081585.2,1671.0,0.0,16.0,0.0,2.0,1.0,6.0,5.0,3.0,9.0,14.0,5.0,3.0,0.0,22533.0
CRS3035RES200mN2640800E3493800,1.0,0.4,0.0,0.1,0.0,0.3,0.0,21685.4,38.7,0.0,0.4,0.1,0.0,0.0,0.1,0.1,0.1,0.1,0.3,0.1,0.1,0.1,21685.0
CRS3035RES200mN2640800E3494000,2.0,0.9,0.2,0.3,0.1,0.8,0.1,41877.4,105.4,0.0,0.9,0.0,0.0,0.0,0.2,0.2,0.2,0.3,0.4,0.2,0.4,0.1,20939.0
CRS3035RES200mN2641000E3475600,1.0,0.4,0.0,0.1,0.1,0.3,0.0,24597.8,45.6,0.0,0.4,0.0,0.0,0.0,0.1,0.1,0.1,0.1,0.2,0.2,0.2,0.0,24598.0
CRS3035RES200mN2641000E3478800,1.0,0.5,0.1,0.1,0.0,0.4,0.1,22819.6,49.4,0.0,0.5,0.0,0.0,0.0,0.0,0.1,0.1,0.1,0.2,0.1,0.3,0.1,22820.0
CRS3035RES200mN2641000E3479000,4.0,2.0,0.6,0.9,0.1,1.6,0.1,87077.5,231.5,0.0,2.0,0.0,0.0,0.1,0.1,0.3,0.3,0.4,0.5,0.6,1.1,0.6,21769.0
CRS3035RES200mN2641000E3479400,8.0,4.0,1.2,1.8,0.2,3.2,0.2,174155.0,463.0,0.0,4.0,0.0,0.0,0.2,0.2,0.5,0.5,0.7,1.0,1.3,2.3,1.3,21769.0
CRS3035RES200mN2641000E3479600,2.0,1.0,0.3,0.4,0.1,0.8,0.1,43538.7,115.8,0.0,1.0,0.0,0.0,0.1,0.1,0.1,0.1,0.2,0.2,0.3,0.6,0.3,21769.0
CRS3035RES200mN2641000E3479800,18.0,11.0,2.0,7.0,0.0,8.0,0.0,358227.7,932.0,0.0,11.0,0.0,0.0,0.0,1.0,1.0,0.0,5.0,1.0,3.0,5.0,2.0,19902.0
CRS3035RES200mN2641000E3480000,33.0,14.0,0.0,3.0,1.0,11.0,0.0,755259.8,1264.0,0.0,14.0,0.0,0.0,1.0,0.0,1.0,3.0,5.0,9.0,6.0,6.0,2.0,22887.0
CRS3035RES200mN2641000E3480200,28.0,11.0,1.0,4.0,1.0,6.0,3.0,592697.5,1013.0,0.0,11.0,0.0,2.0,1.5,1.5,5.0,1.0,9.0,5.0,1.0,1.0,1.0,21168.0
CRS3035RES200mN2641000E3480400,14.0,6.3,0.7,1.5,0.0,5.2,0.0,337452.6,571.1,0.0,6.3,0.0,0.0,0.0,0.6,1.3,1.8,0.7,3.0,1.8,2.6,2.2,24104.0
CRS3035RES200mN2641000E3480600,19.0,8.5,1.0,2.0,0.0,7.0,0.0,457971.3,775.0,0.0,8.5,0.0,0.0,0.0,0.7,1.8,2.5,1.0,4.0,2.5,3.5,3.0,24104.0
CRS3035RES200mN2641000E3480800,20.0,11.0,1.0,4.0,0.0,11.0,1.0,418614.5,976.0,0.0,11.0,0.0,0.0,0.0,2.0,0.0,0.0,1.0,2.0,2.0,7.0,6.0,20931.0
CRS3035RES200mN2641000E3481000,33.0,13.3,4.2,2.8,0.0,3.5,0.7,675914.3,1050.4,0.0,13.3,8.4,1.4,0.4,3.2,3.5,2.8,4.9,9.1,2.1,5.6,0.0,20482.0
CRS3035RES200mN2641000E3481200,3.0,1.2,0.4,0.3,0.0,0.3,0.1,61446.8,95.5,0.0,1.2,0.8,0.1,0.0,0.3,0.3,0.3,0.5,0.8,0.2,0.5,0.0,20482.0
CRS3035RES200mN2641000E3489600,5.0,2.8,0.5,1.3,0.0,2.8,0.3,98873.9,205.9,0.0,2.8,0.0,0.0,0.1,0.5,0.2,0.0,1.3,0.0,1.3,1.3,0.3,19775.0
CRS3035RES200mN2641000E3489800,4.0,2.3,0.4,1.0,0.0,2.3,0.2,79099.1,164.7,0.0,2.3,0.0,0.0,0.1,0.4,0.2,0.0,1.0,0.0,1.0,1.1,0.2,19775.0
CRS3035RES200mN2641000E3492000,4.0,2.0,0.3,0.8,0.0,1.8,0.1,101058.5,230.4,0.0,2.0,0.0,0.0,0.1,0.2,0.3,0.2,0.3,0.9,0.6,1.1,0.3,25265.0
CRS3035RES200mN2641000E3492200,2.0,1.0,0.1,0.4,0.0,0.9,0.1,50529.3,115.2,0.0,1.0,0.0,0.0,0.0,0.1,0.1,0.1,0.1,0.5,0.3,0.6,0.2,25265.0
CRS3035RES200mN2641000E3492400,12.0,5.9,0.8,2.4,0.1,5.3,0.4,303175.6,691.3,0.0,5.9,0.0,0.1,0.2,0.7,0.8,0.7,0.8,2.8,1.7,3.4,0.8,25265.0
CRS3035RES200mN2641000E3492600,22.0,10.7,1.5,4.3,0.3,9.7,0.8,555822.0,1267.3,0.0,10.7,0.0,0.3,0.3,1.3,1.5,1.3,1.5,5.1,3.1,6.1,1.5,25265.0
CRS3035RES200mN2641000E3492800,34.0,17.0,3.0,7.0,0.0,15.0,0.0,627385.6,1945.0,0.0,17.0,0.0,2.0,1.0,0.5,3.5,0.0,4.0,6.0,4.0,7.0,6.0,18453.0
CRS3035RES200mN2641000E3493000,17.0,11.0,1.0,6.0,0.0,9.0,1.0,428164.8,989.0,0.0,11.0,0.0,0.0,0.0,0.0,0.0,0.0,2.0,1.0,9.0,1.0,4.0,25186.0
CRS3035RES200mN2641000E3493200,31.0,17.0,2.0,10.0,0.0,13.0,0.0,682747.2,1735.0,0.0,17.0,4.0,3.0,0.0,1.0,3.0,0.0,6.0,4.0,2.0,7.0,5.0,22024.0
CRS3035RES200mN2641000E3493400,45.5,22.0,1.0,6.0,1.0,17.0,2.0,1003393.0,2336.0,0.0,22.0,3.0,2.0,0.0,3.0,3.0,1.5,3.0,7.0,13.0,9.0,4.0,22053.0
CRS3035RES200mN2641000E3493600,37.0,12.0,1.0,2.0,2.0,11.0,0.0,815539.2,1486.0,0.0,12.0,0.0,1.0,1.0,7.0,5.0,1.0,4.0,9.0,5.0,3.0,1.0,22042.0
CRS3035RES200mN2641000E3496200,4.0,2.2,0.2,1.0,0.0,1.5,0.0,114523.7,258.7,0.0,2.2,0.0,0.0,0.0,0.2,0.3,0.3,0.5,0.8,0.7,0.5,0.7,28631.0
CRS3035RES200mN2641200E3478400,7.0,3.3,0.5,0.9,0.2,2.6,0.5,159736.9,345.5,0.0,3.3,0.0,0.2,0.2,0.3,0.3,0.6,0.6,1.1,0.8,2.3,0.6,22820.0
CRS3035RES200mN2641200E3478600,3.0,1.4,0.2,0.4,0.1,1.1,0.2,68458.7,148.1,0.0,1.4,0.0,0.1,0.1,0.1,0.1,0.2,0.3,0.5,0.3,1.0,0.3,22820.0
CRS3035RES200mN2641200E3478800,3.0,1.4,0.2,0.4,0.1,1.1,0.2,68458.7,148.1,0.0,1.4,0.0,0.1,0.1,0.1,0.1,0.2,0.3,0.5,0.3,1.0,0.3,22820.0
CRS3035RES200mN2641200E3479600,3.0,1.5,0.5,0.7,0.1,1.2,0.1,65308.1,173.6,0.0,1.5,0.0,0.0,0.1,0.1,0.2,0.2,0.3,0.4,0.4,0.8,0.5,21769.0
CRS3035RES200mN2641200E3479800,32.0,16.0,4.0,5.0,1.0,13.0,0.0,630541.4,1340.0,0.0,16.0,0.0,3.0,0.0,1.0,1.0,2.0,3.0,3.0,3.0,11.0,5.0,19704.0
CRS3035RES200mN2641200E3480000,48.0,15.0,2.0,1.0,3.0,15.0,1.0,1343457.0,1595.0,0.0,15.0,0.0,3.0,0.0,3.0,10.0,4.0,4.0,14.0,3.0,6.0,1.0,27989.0
CRS3035RES200mN2641200E3480200,49.0,17.0,1.0,3.0,1.0,15.0,0.0,1069768.4,1737.0,0.0,17.0,0.0,4.0,1.0,6.0,4.0,5.0,5.0,11.0,9.0,4.0,0.0,21832.0
CRS3035RES200mN2641200E3480400,50.5,24.0,6.0,9.0,0.0,14.0,8.0,1067243.9,2030.0,5.0,19.0,0.0,5.0,2.0,4.0,4.5,1.0,14.0,7.0,6.0,6.0,1.0,21134.0
CRS3035RES200mN2641200E3480600,2.0,0.9,0.1,0.2,0.0,0.7,0.0,48207.5,81.6,0.0,0.9,0.0,0.0,0.0,0.1,0.2,0.2,0.1,0.4,0.3,0.4,0.3,24104.0
CRS3035RES200mN2641200E3481600,1.0,0.4,0.1,0.1,0.0,0.1,0.0,20482.3,31.8,0.0,0.4,0.3,0.0,0.0,0.1,0.1,0.1,0.1,0.3,0.1,0.2,0.0,20482.0
CRS3035RES200mN2641200E3482200,2.0,0.9,0.2,0.4,0.0,0.7,0.1,49524.0,100.1,0.0,0.9,0.0,0.0,0.0,0.2,0.1,0.1,0.5,0.2,0.4,0.4,0.1,24762.0
CRS3035RES200mN2641200E3489600,3.0,1.7,0.3,0.8,0.0,1.7,0.2,59324.4,123.5,0.0,1.7,0.0,0.0,0.1,0.3,0.1,0.0,0.8,0.0,0.8,0.8,0.1,19775.0
CRS3035RES200mN2641200E3492200,2.0,1.0,0.1,0.4,0.0,0.9,0.1,50529.3,115.2,0.0,1.0,0.0,0.0,0.0,0.1,0.1,0.1,0.1,0.5,0.3,0.6,0.2,25265.0
CRS3035RES200mN2641200E3492400,37.0,20.0,1.0,13.0,1.0,16.0,0.0,847356.4,2190.0,0.0,20.0,0.0,1.0,1.0,1.0,4.0,2.0,6.0,5.0,8.0,4.0,5.0,22902.0
CRS3035RES200mN2641200E3492600,65.5,36.0,5.0,16.0,0.0,23.0,2.0,1421449.3,4214.0,0.0,36.0,0.0,1.0,1.0,2.5,3.0,2.0,4.0,16.0,16.0,16.0,4.0,21702.0
CRS3035RES200mN2641200E3492800,29.0,16.0,5.0,9.0,1.0,9.0,1.0,571064.1,1657.0,0.0,16.0,4.0,1.0,0.0,1.0,5.0,0.0,7.0,1.0,5.0,8.0,1.0,19692.0
CRS3035RES200mN2641200E3493000,15.0,5.9,1.0,2.1,0.3,5.6,0.0,352286.0,692.4,0.0,5.9,0.0,2.1,0.4,1.0,0.7,0.7,4.2,1.4,2.4,1.0,1.1,23486.0
CRS3035RES200mN2641200E3493200,5.0,2.0,0.3,0.7,0.1,1.9,0.0,117428.7,230.8,0.0,2.0,0.0,0.7,0.1,0.3,0.2,0.2,1.4,0.5,0.8,0.4,0.4,23486.0
CRS3035RES200mN2641200E3493400,1.0,0.4,0.1,0.1,0.0,0.4,0.0,23485.7,46.2,0.0,0.4,0.0,0.1,0.0,0.1,0.0,0.0,0.3,0.1,0.2,0.1,0.1,23486.0
CRS3035RES200mN2641400E3476800,6.0,2.7,0.3,0.5,0.1,2.3,0.3,148112.6,294.1,0.0,2.7,0.0,0.2,0.2,0.2,0.3,0.2,0.5,1.2,0.8,1.6,0.8,24685.0
CRS3035RES200mN2641400E3477400,6.0,2.7,0.3,0.5,0.1,2.3,0.3,148112.6,294.1,0.0,2.7,0.0,0.2,0.2,0.2,0.3,0.2,0.5,1.2,0.8,1.6,0.8,24685.0
CRS3035RES200mN2641400E3479200,6.0,3.0,0.9,1.3,0.2,2.4,0.2,130616.2,347.2,0.0,3.0,0.0,0.0,0.2,0.2,0.4,0.4,0.6,0.7,0.9,1.7,0.9,21769.0
CRS3035RES200mN2641400E3479800,24.0,13.0,1.0,6.0,0.0,11.0,1.0,499045.7,1148.0,0.0,13.0,0.0,1.0,0.0,0.0,2.0,3.0,0.0,7.0,3.0,4.0,4.0,20794.0
CRS3035RES200mN2641400E3480000,68.0,27.0,2.0,4.0,2.0,23.0,3.0,1537802.2,2995.0,0.0,27.0,0.0,3.0,4.0,4.0,8.0,4.0,9.0,16.0,4.0,13.0,3.0,22615.0
CRS3035RES200mN2641400E3480200,57.5,21.0,1.0,3.0,0.0,21.0,4.0,1347697.0,2315.0,0.0,21.0,0.0,3.0,3.0,8.0,4.5,2.0,16.0,10.0,1.0,7.0,3.0,23438.0
CRS3035RES200mN2641400E3480400,40.0,19.0,4.0,8.0,1.0,17.0,1.0,878261.8,2056.0,0.0,19.0,0.0,1.0,0.0,0.5,7.5,2.0,7.0,8.0,4.0,7.0,3.0,21957.0
CRS3035RES200mN2641400E3480600,57.0,28.0,7.0,11.0,0.0,25.0,3.0,1149429.1,2675.0,0.0,28.0,0.0,2.0,3.0,1.0,3.0,4.0,7.0,10.0,11.0,13.0,3.0,20165.0
CRS3035RES200mN2641400E3480800,59.0,30.0,2.0,10.0,0.0,21.0,3.0,1155891.1,2597.0,0.0,30.0,6.0,1.0,0.0,1.5,3.5,4.0,6.0,11.0,11.0,19.0,2.0,19591.0
CRS3035RES200mN2641400E3481800,3.0,1.2,0.4,0.3,0.0,0.3,0.1,61446.8,95.5,0.0,1.2,0.8,0.1,0.0,0.3,0.3,0.3,0.5,0.8,0.2,0.5,0.0,20482.0
CRS3035RES200mN2641400E3483800,4.0,1.9,0.4,0.7,0.1,1.5,0.1,99048.1,200.2,0.1,1.8,0.0,0.1,0.1,0.3,0.3,0.2,1.0,0.3,0.7,0.8,0.2,24762.0
CRS3035RES200mN2641400E3489400,1.0,0.6,0.1,0.3,0.0,0.6,0.1,19774.8,41.2,0.0,0.6,0.0,0.0,0.0,0.1,0.0,0.0,0.3,0.0,0.3,0.3,0.0,19775.0
CRS3035RES200mN2641400E3489600,4.0,2.3,0.4,1.0,0.0,2.3,0.2,79099.1,164.7,0.0,2.3,0.0,0.0,0.1,0.4,0.2,0.0,1.0,0.0,1.0,1.1,0.2,19775.0
CRS3035RES200mN2641400E3492600,6.0,2.9,0.4,1.2,0.1,2.7,0.2,151587.8,345.6,0.0,2.9,0.0,0.1,0.1,0.3,0.4,0.4,0.4,1.4,0.8,1.7,0.4,25265.0
CRS3035RES200mN2641400E3492800,19.0,9.3,1.3,3.8,0.2,8.4,0.7,480028.1,1094.5,0.0,9.3,0.0,0.2,0.2,1.1,1.3,1.1,1.3,4.4,2.7,5.3,1.4,25265.0
CRS3035RES200mN2641400E3493000,12.0,4.7,0.8,1.7,0.3,4.5,0.0,281828.8,554.0,0.0,4.7,0.0,1.7,0.3,0.8,0.6,0.6,3.3,1.1,2.0,0.8,0.8,23486.0
CRS3035RES200mN2641400E3493200,6.0,2.4,0.4,0.8,0.1,2.2,0.0,140914.4,277.0,0.0,2.4,0.0,0.8,0.1,0.4,0.3,0.3,1.7,0.6,1.0,0.4,0.4,23486.0
CRS3035RES200mN2641400E3495400,4.0,1.5,0.0,0.4,0.1,1.2,0.1,90334.8,165.8,0.2,1.3,0.0,0.1,0.0,0.4,0.7,0.1,0.5,1.1,0.8,0.1,0.2,22584.0
CRS3035RES200mN2641600E3476400,4.0,1.8,0.2,0.4,0.1,1.5,0.2,98741.8,196.1,0.0,1.8,0.0,0.1,0.1,0.2,0.2,0.1,0.3,0.8,0.6,1.1,0.5,24685.0
CRS3035RES200mN2641600E3477400,2.0,0.9,0.1,0.2,0.0,0.8,0.1,49370.9,98.0,0.0,0.9,0.0,0.0,0.0,0.1,0.1,0.1,0.2,0.4,0.3,0.5,0.3,24685.0
CRS3035RES200mN2641600E3479800,7.0,3.5,1.1,1.5,0.2,2.8,0.2,152385.6,405.1,0.0,3.5,0.0,0.0,0.2,0.2,0.4,0.4,0.7,0.9,1.1,2.0,1.1,21769.0
CRS3035RES200mN2641600E3480000,52.0,27.0,4.0,14.0,1.0,23.0,0.0,1055221.8,2575.0,0.0,27.0,0.0,2.0,1.0,4.0,3.0,2.0,7.0,10.0,7.0,11.0,5.0,20293.0
CRS3035RES200mN2641600E3480200,62.5,29.0,2.0,7.0,1.0,16.0,6.0,1501034.6,2778.0,3.0,26.0,0.0,2.0,0.0,4.0,3.5,5.0,8.0,16.0,11.0,10.0,3.0,24017.0
CRS3035RES200mN2641600E3480400,51.0,32.0,10.0,20.0,0.0,19.0,6.0,971924.7,2891.0,5.0,27.0,4.0,1.0,2.0,1.0,3.0,4.0,4.0,7.0,15.0,11.0,3.0,19057.0
CRS3035RES200mN2641600E3480600,40.0,23.0,5.0,13.0,1.0,11.0,2.0,797306.6,2337.0,0.0,23.0,8.0,1.0,1.0,0.0,3.0,4.0,3.0,4.0,6.0,14.0,4.0,19933.0
CRS3035RES200mN2641600E3480800,3.0,1.3,0.2,0.3,0.0,1.1,0.0,72311.3,122.4,0.0,1.3,0.0,0.0,0.0,0.1,0.3,0.4,0.2,0.6,0.4,0.5,0.5,24104.0
CRS3035RES200mN2641600E3489200,1.0,0.6,0.1,0.3,0.0,0.6,0.1,19774.8,41.2,0.0,0.6,0.0,0.0,0.0,0.1,0.0,0.0,0.3,0.0,0.3,0.3,0.0,19775.0
CRS3035RES200mN2641600E3492800,14.0,6.8,1.0,2.8,0.2,6.2,0.5,353704.9,806.5,0.0,6.8,0.0,0.2,0.2,0.8,1.0,0.8,1.0,3.2,1.9,3.9,1.0,25265.0
CRS3035RES200mN2641600E3493000,4.0,1.6,0.3,0.6,0.1,1.5,0.0,93942.9,184.7,0.0,1.6,0.0,0.5,0.1,0.3,0.2,0.2,1.1,0.4,0.6,0.3,0.3,23486.0
CRS3035RES200mN2641800E3470800,4.0,1.6,0.1,0.5,0.2,1.2,0.2,88548.4,171.7,0.0,1.6,0.0,0.4,0.0,0.4,0.4,0.0,1.3,0.4,0.6,0.4,0.1,22137.0
CRS3035RES200mN2641800E3474800,6.0,2.4,0.2,0.6,0.4,1.9,0.1,147587.0,273.9,0.0,2.4,0.0,0.0,0.1,0.4,0.9,0.4,0.5,1.5,1.0,1.1,0.1,24598.0
CRS3035RES200mN2641800E3476800,2.0,0.9,0.1,0.2,0.0,0.8,0.1,49370.9,98.0,0.0,0.9,0.0,0.0,0.0,0.1,0.1,0.1,0.2,0.4,0.3,0.5,0.3,24685.0
CRS3035RES200mN2641800E3479600,2.0,1.0,0.3,0.4,0.1,0.8,0.1,43538.7,115.8,0.0,1.0,0.0,0.0,0.1,0.1,0.1,0.1,0.2,0.2,0.3,0.6,0.3,21769.0
CRS3035RES200mN2641800E3480200,53.5,22.0,4.0,9.0,2.0,15.0,3.0,1192319.4,2152.0,0.0,22.0,0.0,2.0,2.0,3.0,6.5,7.0,8.0,16.0,1.0,6.0,2.0,22286.0
CRS3035RES200mN2641800E3480400,114.5,61.0,8.0,25.0,0.0,47.0,12.0,2489554.6,5871.0,1.0,60.0,0.0,4.0,3.5,7.5,5.5,10.0,24.0,22.0,17.0,12.0,9.0,21743.0
CRS3035RES200mN2641800E3480600,41.0,19.0,1.0,6.0,0.0,17.0,0.0,1027595.7,1995.0,0.0,19.0,0.0,3.0,1.0,2.0,1.0,3.0,7.0,8.0,3.0,12.0,1.0,25063.0
CRS3035RES200mN2641800E3481600,7.0,2.8,0.9,0.6,0.0,0.7,0.1,143375.8,222.8,0.0,2.8,1.8,0.3,0.1,0.7,0.7,0.6,1.0,1.9,0.5,1.2,0.0,20482.0
CRS3035RES200mN2641800E3491800,2.0,1.0,0.2,0.4,0.0,1.0,0.1,43249.1,94.1,0.0,1.0,0.0,0.0,0.1,0.0,0.0,0.1,0.4,0.3,0.3,0.7,0.1,21625.0
CRS3035RES200mN2641800E3492800,5.0,2.4,0.3,1.0,0.1,2.2,0.2,126323.2,288.0,0.0,2.4,0.0,0.1,0.1,0.3,0.3,0.3,0.3,1.2,0.7,1.4,0.3,25265.0
CRS3035RES200mN2642000E3474800,1.0,0.4,0.1,0.1,0.0,0.3,0.1,31680.7,49.8,0.0,0.4,0.0,0.0,0.0,0.1,0.0,0.1,0.1,0.3,0.1,0.3,0.0,31681.0
CRS3035RES200mN2642000E3476800,4.5,1.6,0.4,0.3,0.2,1.1,0.1,122837.5,214.9,0.0,1.6,0.0,0.0,0.2,0.2,0.9,0.4,0.3,1.1,0.4,1.0,0.0,27297.0
CRS3035RES200mN2642000E3480400,14.5,6.0,0.7,2.0,0.7,4.7,0.7,288266.1,547.3,0.0,6.0,0.0,0.0,0.0,1.0,2.8,1.7,2.3,3.0,1.0,2.3,0.4,19880.0
CRS3035RES200mN2642000E3480600,97.5,43.0,8.0,17.0,3.0,30.0,7.0,2018188.5,4030.0,0.0,43.0,0.0,2.0,4.0,10.5,10.0,3.0,20.0,14.0,14.0,15.0,5.0,20699.0
CRS3035RES200mN2642000E3480800,18.0,7.4,0.8,2.5,0.8,5.8,0.8,357847.6,679.4,0.0,7.4,0.0,0.0,0.0,1.2,3.5,2.1,2.9,3.7,1.3,2.9,0.4,19880.0
CRS3035RES200mN2642000E3481000,10.0,4.6,0.4,1.2,0.1,4.2,0.3,240603.4,536.2,0.0,4.6,0.0,0.1,0.1,0.3,0.7,0.4,1.3,2.2,0.7,2.8,1.4,24060.0
CRS3035RES200mN2642000E3481400,5.0,2.3,0.2,0.6,0.1,2.1,0.1,120301.7,268.1,0.0,2.3,0.0,0.0,0.1,0.2,0.3,0.2,0.7,1.1,0.3,1.4,0.7,24060.0
CRS3035RES200mN2642000E3481600,1.0,0.5,0.0,0.1,0.0,0.4,0.0,24060.3,53.6,0.0,0.5,0.0,0.0,0.0,0.0,0.1,0.1,0.1,0.2,0.1,0.3,0.1,24060.0
CRS3035RES200mN2642000E3484200,3.0,1.6,0.1,0.8,0.1,1.5,0.0,66197.0,190.0,0.0,1.6,0.0,0.1,0.0,0.0,0.2,0.3,0.3,0.5,0.7,0.6,0.3,22066.0
CRS3035RES200mN2642000E3492600,15.0,8.1,1.2,4.0,0.6,7.5,0.0,299128.6,764.4,0.0,8.1,0.0,0.6,0.6,1.1,0.6,0.0,2.3,1.1,2.9,4.6,1.2,19942.0
CRS3035RES200mN2642000E3492800,2.0,1.1,0.2,0.5,0.1,1.0,0.0,39883.8,101.9,0.0,1.1,0.0,0.1,0.1,0.1,0.1,0.0,0.3,0.1,0.4,0.6,0.2,19942.0
CRS3035RES200mN2642000E3493200,2.0,1.1,0.2,0.5,0.1,1.0,0.0,39883.8,101.9,0.0,1.1,0.0,0.1,0.1,0.1,0.1,0.0,0.3,0.1,0.4,0.6,0.2,19942.0
CRS3035RES200mN2642200E3473200,2.0,0.8,0.1,0.2,0.1,0.6,0.1,63361.5,99.7,0.0,0.8,0.0,0.0,0.0,0.2,0.1,0.2,0.2,0.6,0.2,0.5,0.0,31681.0
CRS3035RES200mN2642200E3476800,1.0,0.4,0.1,0.1,0.0,0.2,0.0,27297.2,47.8,0.0,0.4,0.0,0.0,0.0,0.1,0.2,0.1,0.1,0.2,0.1,0.2,0.0,27297.0
CRS3035RES200mN2642200E3480800,9.0,3.7,0.4,1.2,0.4,2.9,0.4,178923.8,339.7,0.0,3.7,0.0,0.0,0.0,0.6,1.8,1.0,1.4,1.9,0.6,1.5,0.2,19880.0
CRS3035RES200mN2642200E3481000,5.0,2.3,0.2,0.6,0.1,2.1,0.1,120301.7,268.1,0.0,2.3,0.0,0.0,0.1,0.2,0.3,0.2,0.7,1.1,0.3,1.4,0.7,24060.0
CRS3035RES200mN2642400E3471400,5.0,2.0,0.1,0.6,0.2,1.5,0.2,110685.5,214.6,0.0,2.0,0.0,0.5,0.0,0.5,0.5,0.1,1.6,0.5,0.7,0.5,0.1,22137.0
CRS3035RES200mN2642400E3473800,4.0,1.5,0.3,0.4,0.1,1.3,0.3,126722.9,199.4,0.0,1.5,0.0,0.0,0.0,0.3,0.1,0.5,0.4,1.2,0.5,1.0,0.0,31681.0
CRS3035RES200mN2642400E3481400,15.0,6.8,0.6,1.8,0.2,6.2,0.4,360905.1,804.4,0.0,6.8,0.0,0.2,0.2,0.5,1.0,0.6,2.0,3.2,1.0,4.3,2.0,24060.0
CRS3035RES200mN2642400E3481600,1.0,0.5,0.0,0.1,0.0,0.4,0.0,24060.3,53.6,0.0,0.5,0.0,0.0,0.0,0.0,0.1,0.1,0.1,0.2,0.1,0.3,0.1,24060.0
CRS3035RES200mN2642400E3492000,1.0,0.5,0.1,0.3,0.0,0.5,0.0,19941.9,51.0,0.0,0.5,0.0,0.0,0.0,0.1,0.0,0.0,0.2,0.1,0.2,0.3,0.1,19942.0
CRS3035RES200mN2642400E3492200,2.0,1.1,0.2,0.5,0.1,1.0,0.0,39883.8,101.9,0.0,1.1,0.0,0.1,0.1,0.1,0.1,0.0,0.3,0.1,0.4,0.6,0.2,19942.0
CRS3035RES200mN2642600E3470200,4.0,1.6,0.1,0.5,0.2,1.2,0.2,88548.4,171.7,0.0,1.6,0.0,0.4,0.0,0.4,0.4,0.0,1.3,0.4,0.6,0.4,0.1,22137.0
CRS3035RES200mN2642600E3476600,1.0,0.4,0.1,0.1,0.0,0.2,0.0,27297.2,47.8,0.0,0.4,0.0,0.0,0.0,0.1,0.2,0.1,0.1,0.2,0.1,0.2,0.0,27297.0
CRS3035RES200mN2642600E3481400,7.0,3.2,0.3,0.8,0.1,2.9,0.2,168422.4,375.4,0.0,3.2,0.0,0.1,0.1,0.2,0.5,0.3,0.9,1.5,0.5,2.0,0.9,24060.0
CRS3035RES200mN2642600E3481600,3.5,1.6,0.1,0.4,0.0,1.5,0.1,84211.2,187.7,0.0,1.6,0.0,0.0,0.1,0.1,0.2,0.1,0.5,0.8,0.2,1.0,0.5,24060.0
CRS3035RES200mN2642800E3472600,3.0,1.1,0.2,0.3,0.1,1.0,0.2,95042.2,149.5,0.0,1.1,0.0,0.0,0.0,0.2,0.1,0.4,0.3,0.8,0.4,0.8,0.0,31681.0
CRS3035RES200mN2642800E3477400,2.0,0.7,0.2,0.1,0.1,0.5,0.0,54594.5,95.5,0.0,0.7,0.0,0.0,0.1,0.1,0.4,0.2,0.1,0.5,0.2,0.4,0.0,27297.0
CRS3035RES200mN2642800E3479000,4.0,1.4,0.4,0.3,0.2,1.0,0.1,109188.9,191.0,0.0,1.4,0.0,0.0,0.2,0.2,0.8,0.3,0.3,1.0,0.3,0.9,0.0,27297.0
CRS3035RES200mN2642800E3480200,2.0,0.8,0.1,0.3,0.1,0.6,0.1,39760.8,75.5,0.0,0.8,0.0,0.0,0.0,0.1,0.4,0.2,0.3,0.4,0.2,0.3,0.1,19880.0
CRS3035RES200mN2642800E3481200,3.0,1.4,0.1,0.4,0.0,1.2,0.1,72181.0,160.9,0.0,1.4,0.0,0.0,0.0,0.1,0.2,0.1,0.4,0.7,0.2,0.9,0.4,24060.0
CRS3035RES200mN2642800E3481600,2.0,0.9,0.1,0.2,0.0,0.8,0.1,48120.7,107.2,0.0,0.9,0.0,0.0,0.0,0.1,0.1,0.1,0.3,0.4,0.1,0.6,0.3,24060.0
CRS3035RES200mN2642800E3481800,3.0,1.4,0.1,0.4,0.0,1.2,0.1,72181.0,160.9,0.0,1.4,0.0,0.0,0.0,0.1,0.2,0.1,0.4,0.7,0.2,0.9,0.4,24060.0
CRS3035RES200mN2642800E3482000,2.0,0.9,0.2,0.4,0.0,0.7,0.1,49524.0,100.1,0.0,0.9,0.0,0.0,0.0,0.2,0.1,0.1,0.5,0.2,0.4,0.4,0.1,24762.0
CRS3035RES200mN2642800E3485600,3.0,1.6,0.1,0.8,0.1,1.5,0.0,66197.0,190.0,0.0,1.6,0.0,0.1,0.0,0.0,0.2,0.3,0.3,0.5,0.7,0.6,0.3,22066.0
CRS3035RES200mN2642800E3491200,2.0,1.0,0.1,0.5,0.0,0.9,0.0,52639.5,104.1,0.0,1.0,0.0,0.1,0.1,0.1,0.1,0.0,0.1,0.4,0.5,0.5,0.1,26320.0
CRS3035RES200mN2642800E3491400,2.0,1.0,0.1,0.5,0.0,0.9,0.0,52639.5,104.1,0.0,1.0,0.0,0.1,0.1,0.1,0.1,0.0,0.1,0.4,0.5,0.5,0.1,26320.0
CRS3035RES200mN2642800E3491600,4.0,2.1,0.2,1.0,0.0,1.7,0.0,105279.1,208.2,0.0,2.1,0.0,0.2,0.2,0.2,0.2,0.0,0.2,0.8,1.1,0.9,0.2,26320.0
CRS3035RES200mN2643000E3475200,2.0,0.8,0.1,0.2,0.1,0.6,0.1,63361.5,99.7,0.0,0.8,0.0,0.0,0.0,0.2,0.1,0.2,0.2,0.6,0.2,0.5,0.0,31681.0
CRS3035RES200mN2643000E3476800,8.0,2.8,0.7,0.5,0.4,1.9,0.2,218377.8,382.1,0.0,2.8,0.0,0.0,0.3,0.4,1.7,0.7,0.5,1.9,0.7,1.8,0.0,27297.0
CRS3035RES200mN2643000E3478600,3.0,1.1,0.3,0.2,0.1,0.7,0.1,81891.7,143.3,0.0,1.1,0.0,0.0,0.1,0.1,0.6,0.3,0.2,0.7,0.3,0.7,0.0,27297.0
CRS3035RES200mN2643000E3479200,13.0,4.6,1.1,0.9,0.6,3.1,0.3,354864.0,620.9,0.0,4.6,0.0,0.0,0.6,0.6,2.7,1.1,0.9,3.1,1.1,2.9,0.0,27297.0
CRS3035RES200mN2643000E3481200,3.0,1.4,0.1,0.4,0.0,1.2,0.1,72181.0,160.9,0.0,1.4,0.0,0.0,0.0,0.1,0.2,0.1,0.4,0.7,0.2,0.9,0.4,24060.0
CRS3035RES200mN2643000E3481800,2.0,0.9,0.1,0.2,0.0,0.8,0.1,48120.7,107.2,0.0,0.9,0.0,0.0,0.0,0.1,0.1,0.1,0.3,0.4,0.1,0.6,0.3,24060.0
CRS3035RES200mN2643000E3482000,4.0,1.9,0.4,0.7,0.1,1.5,0.1,99048.1,200.2,0.1,1.8,0.0,0.1,0.1,0.3,0.3,0.2,1.0,0.3,0.7,0.8,0.2,24762.0
CRS3035RES200mN2643000E3482200,1.0,0.5,0.1,0.2,0.0,0.4,0.0,24762.0,50.1,0.0,0.5,0.0,0.0,0.0,0.1,0.1,0.0,0.2,0.1,0.2,0.2,0.1,24762.0
CRS3035RES200mN2643000E3482400,5.0,2.4,0.5,0.9,0.1,1.8,0.1,123810.1,250.3,0.2,2.2,0.0,0.1,0.1,0.4,0.4,0.2,1.2,0.4,0.9,1.0,0.3,24762.0
CRS3035RES200mN2643000E3482800,2.0,0.9,0.2,0.4,0.0,0.7,0.1,49524.0,100.1,0.0,0.9,0.0,0.0,0.0,0.2,0.1,0.1,0.5,0.2,0.4,0.4,0.1,24762.0
CRS3035RES200mN2643000E3484800,2.0,1.1,0.1,0.5,0.0,1.0,0.0,44131.4,126.7,0.0,1.1,0.0,0.0,0.0,0.0,0.1,0.2,0.2,0.4,0.5,0.4,0.2,22066.0
CRS3035RES200mN2643200E3471400,5.0,2.0,0.1,0.6,0.2,1.5,0.2,110685.5,214.6,0.0,2.0,0.0,0.5,0.0,0.5,0.5,0.1,1.6,0.5,0.7,0.5,0.1,22137.0
CRS3035RES200mN2643200E3472400,4.0,1.5,0.3,0.4,0.1,1.3,0.3,126722.9,199.4,0.0,1.5,0.0,0.0,0.0,0.3,0.1,0.5,0.4,1.2,0.5,1.0,0.0,31681.0
CRS3035RES200mN2643200E3475400,1.0,0.4,0.1,0.1,0.0,0.3,0.1,31680.7,49.8,0.0,0.4,0.0,0.0,0.0,0.1,0.0,0.1,0.1,0.3,0.1,0.3,0.0,31681.0
CRS3035RES200mN2643200E3480000,4.0,1.8,0.2,0.5,0.1,1.7,0.1,96241.4,214.5,0.0,1.8,0.0,0.0,0.1,0.1,0.3,0.2,0.5,0.9,0.3,1.1,0.5,24060.0
CRS3035RES200mN2643200E3482000,10.5,4.9,1.0,1.9,0.1,3.8,0.3,260001.2,525.5,0.3,4.6,0.0,0.1,0.3,0.9,0.8,0.4,2.5,0.8,1.9,2.2,0.6,24762.0
CRS3035RES200mN2643200E3482200,21.0,9.9,1.9,3.8,0.3,7.7,0.5,520002.3,1051.1,0.6,9.3,0.0,0.3,0.6,1.8,1.6,0.8,4.9,1.7,3.8,4.4,1.1,24762.0
CRS3035RES200mN2643200E3482400,10.0,4.7,0.9,1.8,0.1,3.7,0.3,247620.2,500.5,0.3,4.4,0.0,0.1,0.3,0.8,0.8,0.4,2.4,0.8,1.8,2.1,0.5,24762.0
CRS3035RES200mN2643200E3482800,3.0,1.4,0.3,0.5,0.0,1.1,0.1,74286.0,150.2,0.1,1.3,0.0,0.0,0.1,0.3,0.2,0.1,0.7,0.2,0.6,0.6,0.2,24762.0
CRS3035RES200mN2643200E3485200,3.0,1.6,0.1,0.8,0.1,1.5,0.0,66197.0,190.0,0.0,1.6,0.0,0.1,0.0,0.0,0.2,0.3,0.3,0.5,0.7,0.6,0.3,22066.0
CRS3035RES200mN2643200E3485400,1.0,0.5,0.0,0.3,0.0,0.5,0.0,22065.7,63.3,0.0,0.5,0.0,0.0,0.0,0.0,0.1,0.1,0.1,0.2,0.2,0.2,0.1,22066.0
CRS3035RES200mN2643400E3473200,4.5,1.7,0.3,0.4,0.1,1.4,0.3,142563.3,224.3,0.0,1.7,0.0,0.0,0.0,0.4,0.1,0.6,0.4,1.3,0.6,1.1,0.0,31681.0
CRS3035RES200mN2643400E3482400,1.0,0.5,0.1,0.2,0.0,0.4,0.0,24762.0,50.1,0.0,0.5,0.0,0.0,0.0,0.1,0.1,0.0,0.2,0.1,0.2,0.2,0.1,24762.0
CRS3035RES200mN2643400E3483600,2.0,0.9,0.2,0.4,0.0,0.7,0.1,49524.0,100.1,0.0,0.9,0.0,0.0,0.0,0.2,0.1,0.1,0.5,0.2,0.4,0.4,0.1,24762.0
CRS3035RES200mN2643400E3485000,2.0,1.1,0.1,0.5,0.0,1.0,0.0,44131.4,126.7,0.0,1.1,0.0,0.0,0.0,0.0,0.1,0.2,0.2,0.4,0.5,0.4,0.2,22066.0
CRS3035RES200mN2643400E3485200,12.0,6.4,0.6,3.1,0.3,6.1,0.0,264788.2,760.2,0.0,6.4,0.0,0.3,0.0,0.0,0.9,1.4,1.1,2.2,2.8,2.2,1.1,22066.0
CRS3035RES200mN2643600E3473400,1.0,0.4,0.1,0.1,0.0,0.3,0.1,31680.7,49.8,0.0,0.4,0.0,0.0,0.0,0.1,0.0,0.1,0.1,0.3,0.1,0.3,0.0,31681.0
CRS3035RES200mN2643600E3476600,9.0,3.2,0.8,0.6,0.4,2.2,0.2,245675.1,429.8,0.0,3.2,0.0,0.0,0.4,0.4,1.9,0.8,0.6,2.1,0.8,2.0,0.0,27297.0
CRS3035RES200mN2643600E3480200,5.0,2.3,0.2,0.6,0.1,2.1,0.1,120301.7,268.1,0.0,2.3,0.0,0.0,0.1,0.2,0.3,0.2,0.7,1.1,0.3,1.4,0.7,24060.0
CRS3035RES200mN2643800E3473800,5.0,1.9,0.3,0.5,0.2,1.6,0.3,158403.7,249.2,0.0,1.9,0.0,0.0,0.0,0.4,0.2,0.6,0.5,1.4,0.6,1.3,0.0,31681.0
CRS3035RES200mN2643800E3474200,4.0,1.5,0.3,0.4,0.1,1.3,0.3,126722.9,199.4,0.0,1.5,0.0,0.0,0.0,0.3,0.1,0.5,0.4,1.2,0.5,1.0,0.0,31681.0
CRS3035RES200mN2643800E3481600,5.0,2.3,0.2,0.6,0.1,2.1,0.1,120301.7,268.1,0.0,2.3,0.0,0.0,0.1,0.2,0.3,0.2,0.7,1.1,0.3,1.4,0.7,24060.0
CRS3035RES200mN2644000E3474400,5.0,1.8,0.1,0.1,0.1,1.7,0.1,149853.7,267.1,0.0,1.8,0.0,0.1,0.0,0.2,0.8,0.1,1.0,1.2,0.9,0.5,0.2,29971.0
CRS3035RES200mN2644000E3475600,2.0,0.7,0.0,0.0,0.0,0.7,0.0,59941.5,106.8,0.0,0.7,0.0,0.0,0.0,0.1,0.3,0.1,0.4,0.5,0.3,0.2,0.1,29971.0
CRS3035RES200mN2644000E3476800,2.0,1.0,0.0,0.3,0.0,0.6,0.0,47420.4,113.7,0.0,1.0,0.0,0.1,0.1,0.0,0.1,0.1,0.4,0.6,0.1,0.5,0.0,23710.0
CRS3035RES200mN2644000E3481400,1.0,0.6,0.1,0.4,0.0,0.4,0.0,22168.8,49.3,0.1,0.5,0.0,0.0,0.1,0.0,0.0,0.1,0.1,0.2,0.1,0.3,0.1,22169.0
CRS3035RES200mN2644000E3481600,1.0,0.6,0.1,0.4,0.0,0.4,0.0,22168.8,49.3,0.1,0.5,0.0,0.0,0.1,0.0,0.0,0.1,0.1,0.2,0.1,0.3,0.1,22169.0
CRS3035RES200mN2644000E3481800,1.0,0.6,0.1,0.4,0.0,0.4,0.0,22168.8,49.3,0.1,0.5,0.0,0.0,0.1,0.0,0.0,0.1,0.1,0.2,0.1,0.3,0.1,22169.0
CRS3035RES200mN2644000E3483000,4.0,1.9,0.1,0.6,0.0,1.8,0.1,91990.1,198.6,0.0,1.9,0.0,0.0,0.1,0.3,0.3,0.1,0.9,0.8,0.6,0.9,0.0,22998.0
CRS3035RES200mN2644200E3474600,2.0,0.7,0.0,0.0,0.0,0.7,0.0,59941.5,106.8,0.0,0.7,0.0,0.0,0.0,0.1,0.3,0.1,0.4,0.5,0.3,0.2,0.1,29971.0
CRS3035RES200mN2644200E3477000,4.0,1.9,0.0,0.7,0.0,1.2,0.0,94840.8,227.3,0.0,1.9,0.0,0.3,0.3,0.0,0.1,0.1,0.7,1.2,0.3,1.0,0.0,23710.0
CRS3035RES200mN2644200E3481600,5.0,2.8,0.3,1.8,0.0,2.2,0.0,110843.9,246.5,0.5,2.3,0.0,0.0,0.3,0.2,0.0,0.3,0.8,1.0,0.4,1.3,0.7,22169.0
CRS3035RES200mN2644200E3481800,3.0,1.7,0.2,1.1,0.0,1.3,0.0,66506.3,147.9,0.3,1.4,0.0,0.0,0.2,0.1,0.0,0.2,0.5,0.6,0.2,0.8,0.4,22169.0
CRS3035RES200mN2644200E3483200,2.0,1.0,0.1,0.3,0.0,0.9,0.1,45995.0,99.3,0.0,1.0,0.0,0.0,0.0,0.2,0.2,0.1,0.4,0.4,0.3,0.4,0.0,22998.0
CRS3035RES200mN2644400E3475600,2.0,0.7,0.0,0.0,0.0,0.7,0.0,59941.5,106.8,0.0,0.7,0.0,0.0,0.0,0.1,0.3,0.1,0.4,0.5,0.3,0.2,0.1,29971.0
CRS3035RES200mN2644400E3477600,2.0,1.0,0.0,0.3,0.0,0.6,0.0,47420.4,113.7,0.0,1.0,0.0,0.1,0.1,0.0,0.1,0.1,0.4,0.6,0.1,0.5,0.0,23710.0
CRS3035RES200mN2644400E3481800,6.0,3.4,0.4,2.2,0.0,2.6,0.0,133012.7,295.8,0.6,2.8,0.0,0.0,0.4,0.2,0.0,0.4,1.0,1.2,0.4,1.6,0.8,22169.0
CRS3035RES200mN2644600E3477000,1.0,0.5,0.0,0.2,0.0,0.3,0.0,23710.2,56.8,0.0,0.5,0.0,0.1,0.1,0.0,0.0,0.0,0.2,0.3,0.1,0.2,0.0,23710.0
CRS3035RES200mN2644600E3480400,5.0,2.8,0.3,1.8,0.0,2.2,0.0,110843.9,246.5,0.5,2.3,0.0,0.0,0.3,0.2,0.0,0.3,0.8,1.0,0.4,1.3,0.7,22169.0
CRS3035RES200mN2644600E3482000,1.0,0.5,0.0,0.2,0.0,0.5,0.0,22997.5,49.6,0.0,0.5,0.0,0.0,0.0,0.1,0.1,0.0,0.2,0.2,0.2,0.2,0.0,22998.0
CRS3035RES200mN2644800E3480800,2.0,1.1,0.1,0.7,0.0,0.9,0.0,44337.6,98.6,0.2,0.9,0.0,0.0,0.1,0.1,0.0,0.1,0.3,0.4,0.2,0.5,0.3,22169.0
CRS3035RES200mN2644800E3482000,6.0,2.9,0.2,1.0,0.0,2.8,0.2,137985.1,297.9,0.0,2.9,0.0,0.0,0.1,0.5,0.5,0.2,1.3,1.1,1.0,1.3,0.0,22998.0
CRS3035RES200mN2645000E3476000,6.0,2.9,0.0,1.0,0.0,1.9,0.0,142261.3,341.0,0.0,2.9,0.0,0.4,0.4,0.0,0.2,0.2,1.0,1.9,0.4,1.5,0.0,23710.0
CRS3035RES200mN2645000E3482000,2.0,1.0,0.1,0.3,0.0,0.9,0.1,45995.0,99.3,0.0,1.0,0.0,0.0,0.0,0.2,0.2,0.1,0.4,0.4,0.3,0.4,0.0,22998.0
CRS3035RES200mN2645200E3480400,4.0,2.3,0.3,1.5,0.0,1.7,0.0,88675.1,197.2,0.4,1.9,0.0,0.0,0.3,0.1,0.0,0.3,0.6,0.8,0.3,1.1,0.5,22169.0
CRS3035RES200mN2645400E3480000,2.0,1.1,0.1,0.7,0.0,0.9,0.0,44337.6,98.6,0.2,0.9,0.0,0.0,0.1,0.1,0.0,0.1,0.3,0.4,0.2,0.5,0.3,22169.0
CRS3035RES200mN2645400E3482200,2.0,1.0,0.1,0.3,0.0,0.9,0.1,45995.0,99.3,0.0,1.0,0.0,0.0,0.0,0.2,0.2,0.1,0.4,0.4,0.3,0.4,0.0,22998.0
CRS3035RES200mN2645400E3482400,1.0,0.5,0.0,0.2,0.0,0.5,0.0,22997.5,49.6,0.0,0.5,0.0,0.0,0.0,0.1,0.1,0.0,0.2,0.2,0.2,0.2,0.0,22998.0
CRS3035RES200mN2645600E3479600,1.0,0.5,0.0,0.2,0.0,0.3,0.0,23710.2,56.8,0.0,0.5,0.0,0.1,0.1,0.0,0.0,0.0,0.2,0.3,0.1,0.2,0.0,23710.0
CRS3035RES200mN2645600E3482400,1.0,0.5,0.0,0.2,0.0,0.5,0.0,22997.5,49.6,0.0,0.5,0.0,0.0,0.0,0.1,0.1,0.0,0.2,0.2,0.2,0.2,0.0,22998.0
CRS3035RES200mN2646000E3482400,12.0,4.5,0.6,1.1,0.4,4.2,0.1,268823.8,546.3,0.0,4.5,0.0,0.5,0.2,1.0,1.6,0.8,1.5,2.5,1.0,2.4,0.5,22402.0
CRS3035RES200mN2646000E3482600,21.0,7.9,1.0,2.0,0.8,7.3,0.1,470441.6,956.1,0.0,7.9,0.0,0.9,0.4,1.7,2.8,1.3,2.6,4.5,1.7,4.2,0.9,22402.0
