IRIS,year,energy_type,sites,consumption_mwh,consumption_avg_mwh_per_site,population_2024,electric_heating_share_pct,residences_principales_2024,dpe_de_count_2024,dpe_fg_count_2024
170030000,2011,electricity,1964,13574.6,6.91,4479,49.0,1874,1188,150
170030000,2012,electricity,2005,14938.0,7.45,4479,49.0,1874,1188,150
170030000,2013,electricity,2058,15613.0,7.59,4479,49.0,1874,1188,150
170030000,2014,electricity,2095,14171.1,6.76,4479,49.0,1874,1188,150
170030000,2015,electricity,2135,15092.9,7.07,4479,49.0,1874,1188,150
170030000,2016,electricity,2166,15643.7,7.22,4479,49.0,1874,1188,150
170030000,2017,electricity,2208,15421.1,6.98,4479,49.0,1874,1188,150
170030000,2018,electricity,2002,13180.7,6.58,4479,49.0,1874,1188,150
170030000,2019,electricity,2094,13168.8,6.29,4479,49.0,1874,1188,150
170030000,2020,electricity,2161,13743.6,6.36,4479,49.0,1874,1188,150
170030000,2021,electricity,2243,14766.8,6.58,4479,49.0,1874,1188,150
170030000,2022,electricity,2294,13650.5,5.95,4479,49.0,1874,1188,150
170030000,2023,electricity,2331,13399.3,5.75,4479,49.0,1874,1188,150
170030000,2024,electricity,2370,13249.1,5.59,4479,49.0,1874,1188,150
170030000,2011,gas,401,5713.0,14.25,4479,49.0,1874,1188,150
170030000,2012,gas,402,6611.0,16.45,4479,49.0,1874,1188,150
170030000,2013,gas,404,6743.0,16.69,4479,49.0,1874,1188,150
170030000,2014,gas,409,5429.0,13.27,4479,49.0,1874,1188,150
170030000,2015,gas,417,5956.0,14.28,4479,49.0,1874,1188,150
170030000,2016,gas,417,6412.0,15.38,4479,49.0,1874,1188,150
170030000,2017,gas,419,6211.0,14.82,4479,49.0,1874,1188,150
170030000,2018,gas,404,5343.5,13.23,4479,49.0,1874,1188,150
170030000,2019,gas,407,5257.1,12.92,4479,49.0,1874,1188,150
170030000,2020,gas,407,5037.7,12.38,4479,49.0,1874,1188,150
170030000,2021,gas,406,5354.0,13.19,4479,49.0,1874,1188,150
170030000,2022,gas,397,4090.9,10.3,4479,49.0,1874,1188,150
170030000,2023,gas,390,3792.3,9.72,4479,49.0,1874,1188,150
170030000,2024,gas,372,3619.2,9.73,4479,49.0,1874,1188,150
170070000,2011,electricity,175,1329.5,7.6,316,35.6,131,83,10
170070000,2012,electricity,175,1383.5,7.91,316,35.6,131,83,10
170070000,2013,electricity,174,1444.3,8.3,316,35.6,131,83,10
170070000,2014,electricity,174,1311.2,7.54,316,35.6,131,83,10
170070000,2015,electricity,174,1360.0,7.82,316,35.6,131,83,10
170070000,2016,electricity,176,1371.1,7.79,316,35.6,131,83,10
170070000,2017,electricity,177,1293.7,7.31,316,35.6,131,83,10
170070000,2018,electricity,153,1247.8,8.16,316,35.6,131,83,10
170070000,2019,electricity,155,1217.9,7.86,316,35.6,131,83,10
170070000,2020,electricity,156,1198.5,7.68,316,35.6,131,83,10
170070000,2021,electricity,156,1262.3,8.09,316,35.6,131,83,10
170070000,2022,electricity,159,1153.1,7.25,316,35.6,131,83,10
170070000,2023,electricity,158,1104.6,6.99,316,35.6,131,83,10
170070000,2024,electricity,158,1050.1,6.65,316,35.6,131,83,10
170080000,2011,electricity,962,7342.1,7.63,2312,47.5,941,552,79
170080000,2012,electricity,991,7834.4,7.91,2312,47.5,941,552,79
170080000,2013,electricity,1014,8261.2,8.15,2312,47.5,941,552,79
170080000,2014,electricity,1036,7676.8,7.41,2312,47.5,941,552,79
170080000,2015,electricity,1060,8004.9,7.55,2312,47.5,941,552,79
170080000,2016,electricity,1064,8332.5,7.83,2312,47.5,941,552,79
170080000,2017,electricity,1086,8050.3,7.41,2312,47.5,941,552,79
170080000,2018,electricity,989,7210.4,7.29,2312,47.5,941,552,79
170080000,2019,electricity,1004,7276.8,7.25,2312,47.5,941,552,79
170080000,2020,electricity,1014,7241.9,7.14,2312,47.5,941,552,79
170080000,2021,electricity,1018,7702.3,7.57,2312,47.5,941,552,79
170080000,2022,electricity,1028,6987.2,6.8,2312,47.5,941,552,79
170080000,2023,electricity,1056,6871.6,6.51,2312,47.5,941,552,79
170080000,2024,electricity,1148,6832.0,5.95,2312,47.5,941,552,79
170080000,2011,gas,119,1561.0,13.12,2312,47.5,941,552,79
170080000,2012,gas,123,1906.0,15.5,2312,47.5,941,552,79
170080000,2013,gas,128,2027.0,15.84,2312,47.5,941,552,79
170080000,2014,gas,132,1726.0,13.08,2312,47.5,941,552,79
170080000,2015,gas,132,1761.0,13.34,2312,47.5,941,552,79
170080000,2016,gas,132,1816.0,13.76,2312,47.5,941,552,79
170080000,2017,gas,134,1895.0,14.14,2312,47.5,941,552,79
170080000,2018,gas,125,1533.5,12.27,2312,47.5,941,552,79
170080000,2019,gas,125,1508.7,12.07,2312,47.5,941,552,79
170080000,2020,gas,128,1425.9,11.14,2312,47.5,941,552,79
170080000,2021,gas,128,1604.4,12.53,2312,47.5,941,552,79
170080000,2022,gas,127,1272.2,10.02,2312,47.5,941,552,79
170080000,2023,gas,123,1170.0,9.51,2312,47.5,941,552,79
170080000,2024,gas,118,989.4,8.38,2312,47.5,941,552,79
170090000,2011,electricity,332,2854.9,8.6,1285,55.2,447,212,29
170090000,2012,electricity,351,3035.3,8.65,1285,55.2,447,212,29
170090000,2013,electricity,376,3403.1,9.05,1285,55.2,447,212,29
170090000,2014,electricity,391,3031.3,7.75,1285,55.2,447,212,29
170090000,2015,electricity,421,3218.1,7.64,1285,55.2,447,212,29
170090000,2016,electricity,444,3507.7,7.9,1285,55.2,447,212,29
170090000,2017,electricity,466,3518.5,7.55,1285,55.2,447,212,29
170090000,2018,electricity,446,3385.8,7.59,1285,55.2,447,212,29
170090000,2019,electricity,474,3389.6,7.15,1285,55.2,447,212,29
170090000,2020,electricity,514,3547.0,6.9,1285,55.2,447,212,29
170090000,2021,electricity,537,4047.2,7.54,1285,55.2,447,212,29
170090000,2022,electricity,557,3750.4,6.73,1285,55.2,447,212,29
170090000,2023,electricity,564,3694.5,6.55,1285,55.2,447,212,29
170090000,2024,electricity,566,3618.6,6.39,1285,55.2,447,212,29
170100000,2011,electricity,2073,15600.2,7.53,4117,43.9,1906,1002,228
170100000,2012,electricity,2170,16763.3,7.73,4117,43.9,1906,1002,228
170100000,2013,electricity,2211,17281.0,7.82,4117,43.9,1906,1002,228
170100000,2014,electricity,2263,16030.0,7.08,4117,43.9,1906,1002,228
170100000,2015,electricity,2273,16583.0,7.3,4117,43.9,1906,1002,228
170100000,2016,electricity,2324,17022.4,7.32,4117,43.9,1906,1002,228
170100000,2017,electricity,2339,16683.7,7.13,4117,43.9,1906,1002,228
170100000,2018,electricity,2125,13240.3,6.23,4117,43.9,1906,1002,228
170100000,2019,electricity,2151,12970.7,6.03,4117,43.9,1906,1002,228
170100000,2020,electricity,2208,12957.7,5.87,4117,43.9,1906,1002,228
170100000,2021,electricity,2249,13920.1,6.19,4117,43.9,1906,1002,228
170100000,2022,electricity,2247,12647.8,5.63,4117,43.9,1906,1002,228
170100000,2023,electricity,2297,12205.9,5.31,4117,43.9,1906,1002,228
170100000,2024,electricity,2399,12231.8,5.1,4117,43.9,1906,1002,228
170100000,2011,gas,675,9867.0,14.62,4117,43.9,1906,1002,228
170100000,2012,gas,700,11889.0,16.98,4117,43.9,1906,1002,228
170100000,2013,gas,715,12129.0,16.96,4117,43.9,1906,1002,228
170100000,2014,gas,747,10081.0,13.5,4117,43.9,1906,1002,228
170100000,2015,gas,757,10637.0,14.05,4117,43.9,1906,1002,228
170100000,2016,gas,760,10863.0,14.29,4117,43.9,1906,1002,228
170100000,2017,gas,761,10325.0,13.57,4117,43.9,1906,1002,228
170100000,2018,gas,747,8492.6,11.37,4117,43.9,1906,1002,228
170100000,2019,gas,753,8395.4,11.15,4117,43.9,1906,1002,228
170100000,2020,gas,788,7987.5,10.14,4117,43.9,1906,1002,228
170100000,2021,gas,797,8938.8,11.22,4117,43.9,1906,1002,228
170100000,2022,gas,786,6962.1,8.86,4117,43.9,1906,1002,228
170100000,2023,gas,797,6508.8,8.17,4117,43.9,1906,1002,228
170100000,2024,gas,844,6456.7,7.65,4117,43.9,1906,1002,228
170180000,2011,electricity,384,2806.2,7.31,865,41.2,324,185,31
170180000,2012,electricity,390,3039.2,7.79,865,41.2,324,185,31
170180000,2013,electricity,394,3199.0,8.12,865,41.2,324,185,31
170180000,2014,electricity,396,2922.6,7.38,865,41.2,324,185,31
170180000,2015,electricity,404,2952.7,7.31,865,41.2,324,185,31
170180000,2016,electricity,407,3031.0,7.45,865,41.2,324,185,31
170180000,2017,electricity,405,2966.5,7.32,865,41.2,324,185,31
170180000,2018,electricity,372,2741.5,7.37,865,41.2,324,185,31
170180000,2019,electricity,376,2765.1,7.35,865,41.2,324,185,31
170180000,2020,electricity,378,2787.2,7.37,865,41.2,324,185,31
170180000,2021,electricity,387,2975.2,7.69,865,41.2,324,185,31
170180000,2022,electricity,406,2674.1,6.59,865,41.2,324,185,31
170180000,2023,electricity,414,2691.5,6.5,865,41.2,324,185,31
170180000,2024,electricity,420,2686.5,6.4,865,41.2,324,185,31
170280101,2011,electricity,574,6036.9,10.52,551.032362291363,37.4,286,144,4
170280101,2012,electricity,577,6356.6,11.02,551.032362291363,37.4,286,144,4
170280101,2013,electricity,581,6628.6,11.41,551.032362291363,37.4,286,144,4
170280101,2014,electricity,584,5964.8,10.21,551.032362291363,37.4,286,144,4
170280101,2015,electricity,588,5971.9,10.16,551.032362291363,37.4,286,144,4
170280101,2016,electricity,618,6258.7,10.13,551.032362291363,37.4,286,144,4
170280101,2017,electricity,779,6412.1,8.23,551.032362291363,37.4,286,144,4
170280101,2018,electricity,438,1979.6,4.52,551.032362291363,37.4,286,144,4
170280101,2019,electricity,527,1982.7,3.76,551.032362291363,37.4,286,144,4
170280101,2020,electricity,552,2178.2,3.95,551.032362291363,37.4,286,144,4
170280101,2021,electricity,412,1829.5,4.44,551.032362291363,37.4,286,144,4
170280101,2022,electricity,407,1589.1,3.9,551.032362291363,37.4,286,144,4
170280101,2023,electricity,396,1453.6,3.67,551.032362291363,37.4,286,144,4
170280101,2024,electricity,385,1407.8,3.66,551.032362291363,37.4,286,144,4
170280101,2011,gas,159,4357.0,27.4,551.032362291363,37.4,286,144,4
170280101,2012,gas,159,5233.0,32.91,551.032362291363,37.4,286,144,4
170280101,2013,gas,163,5275.0,32.36,551.032362291363,37.4,286,144,4
170280101,2014,gas,163,4272.0,26.21,551.032362291363,37.4,286,144,4
170280101,2015,gas,157,3720.0,23.69,551.032362291363,37.4,286,144,4
170280101,2016,gas,166,3870.0,23.31,551.032362291363,37.4,286,144,4
170280101,2017,gas,190,4054.0,21.34,551.032362291363,37.4,286,144,4
170280101,2018,gas,168,1411.8,8.4,551.032362291363,37.4,286,144,4
170280101,2019,gas,180,1414.5,7.86,551.032362291363,37.4,286,144,4
170280101,2020,gas,178,1286.3,7.23,551.032362291363,37.4,286,144,4
170280101,2021,gas,164,1316.8,8.03,551.032362291363,37.4,286,144,4
170280101,2022,gas,162,1033.3,6.38,551.032362291363,37.4,286,144,4
170280101,2023,gas,165,1002.2,6.07,551.032362291363,37.4,286,144,4
170280101,2024,gas,161,994.3,6.18,551.032362291363,37.4,286,144,4
170280102,2011,electricity,928,3923.3,4.23,1308.90278661017,20.0,621,369,34
170280102,2012,electricity,920,4083.1,4.44,1308.90278661017,20.0,621,369,34
170280102,2013,electricity,900,4012.1,4.46,1308.90278661017,20.0,621,369,34
170280102,2014,electricity,851,3567.9,4.19,1308.90278661017,20.0,621,369,34
170280102,2015,electricity,882,3573.3,4.05,1308.90278661017,20.0,621,369,34
170280102,2016,electricity,834,3595.2,4.31,1308.90278661017,20.0,621,369,34
170280102,2017,electricity,856,3466.6,4.05,1308.90278661017,20.0,621,369,34
170280102,2018,electricity,710,2705.3,3.81,1308.90278661017,20.0,621,369,34
170280102,2019,electricity,708,2739.1,3.87,1308.90278661017,20.0,621,369,34
170280102,2020,electricity,708,2703.3,3.82,1308.90278661017,20.0,621,369,34
170280102,2021,electricity,786,3020.5,3.84,1308.90278661017,20.0,621,369,34
170280102,2022,electricity,792,2844.8,3.59,1308.90278661017,20.0,621,369,34
170280102,2023,electricity,787,2714.6,3.45,1308.90278661017,20.0,621,369,34
170280102,2024,electricity,787,2582.9,3.28,1308.90278661017,20.0,621,369,34
170280102,2011,gas,557,5838.0,10.48,1308.90278661017,20.0,621,369,34
170280102,2012,gas,555,6733.0,12.13,1308.90278661017,20.0,621,369,34
170280102,2013,gas,507,6595.0,13.01,1308.90278661017,20.0,621,369,34
170280102,2014,gas,486,5053.0,10.4,1308.90278661017,20.0,621,369,34
170280102,2015,gas,489,4417.0,9.03,1308.90278661017,20.0,621,369,34
170280102,2016,gas,440,4255.0,9.67,1308.90278661017,20.0,621,369,34
170280102,2017,gas,421,3879.0,9.21,1308.90278661017,20.0,621,369,34
170280102,2018,gas,358,2744.8,7.67,1308.90278661017,20.0,621,369,34
170280102,2019,gas,353,2592.2,7.34,1308.90278661017,20.0,621,369,34
170280102,2020,gas,353,2529.9,7.17,1308.90278661017,20.0,621,369,34
170280102,2021,gas,346,2767.6,8.0,1308.90278661017,20.0,621,369,34
170280102,2022,gas,338,2140.6,6.33,1308.90278661017,20.0,621,369,34
170280102,2023,gas,329,2006.0,6.1,1308.90278661017,20.0,621,369,34
170280102,2024,gas,181,1407.1,7.77,1308.90278661017,20.0,621,369,34
170280103,2011,electricity,2160,11470.0,5.31,3896.77414884689,47.9,2113,1256,156
170280103,2012,electricity,2166,12016.1,5.55,3896.77414884689,47.9,2113,1256,156
170280103,2013,electricity,2178,12231.8,5.62,3896.77414884689,47.9,2113,1256,156
170280103,2014,electricity,2197,11045.4,5.03,3896.77414884689,47.9,2113,1256,156
170280103,2015,electricity,2258,11466.5,5.08,3896.77414884689,47.9,2113,1256,156
170280103,2016,electricity,2309,12232.2,5.3,3896.77414884689,47.9,2113,1256,156
170280103,2017,electricity,2314,11383.5,4.92,3896.77414884689,47.9,2113,1256,156
170280103,2018,electricity,2179,9855.4,4.52,3896.77414884689,47.9,2113,1256,156
170280103,2019,electricity,2225,9625.1,4.33,3896.77414884689,47.9,2113,1256,156
170280103,2020,electricity,2222,9559.3,4.3,3896.77414884689,47.9,2113,1256,156
170280103,2021,electricity,2387,10395.1,4.35,3896.77414884689,47.9,2113,1256,156
170280103,2022,electricity,2402,9364.4,3.9,3896.77414884689,47.9,2113,1256,156
170280103,2023,electricity,2494,9239.4,3.7,3896.77414884689,47.9,2113,1256,156
170280103,2024,electricity,2508,9207.1,3.67,3896.77414884689,47.9,2113,1256,156
170280103,2011,gas,723,9339.0,12.92,3896.77414884689,47.9,2113,1256,156
170280103,2012,gas,725,10901.0,15.04,3896.77414884689,47.9,2113,1256,156
170280103,2013,gas,727,11382.0,15.66,3896.77414884689,47.9,2113,1256,156
170280103,2014,gas,727,9268.0,12.75,3896.77414884689,47.9,2113,1256,156
170280103,2015,gas,785,10903.0,13.89,3896.77414884689,47.9,2113,1256,156
170280103,2016,gas,789,11186.0,14.18,3896.77414884689,47.9,2113,1256,156
170280103,2017,gas,877,10978.0,12.52,3896.77414884689,47.9,2113,1256,156
170280103,2018,gas,767,8127.3,10.6,3896.77414884689,47.9,2113,1256,156
170280103,2019,gas,857,8119.6,9.47,3896.77414884689,47.9,2113,1256,156
170280103,2020,gas,848,7737.4,9.12,3896.77414884689,47.9,2113,1256,156
170280103,2021,gas,910,8689.1,9.55,3896.77414884689,47.9,2113,1256,156
170280103,2022,gas,919,7013.1,7.63,3896.77414884689,47.9,2113,1256,156
170280103,2023,gas,982,6616.1,6.74,3896.77414884689,47.9,2113,1256,156
170280103,2024,gas,958,6472.0,6.76,3896.77414884689,47.9,2113,1256,156
170280104,2011,electricity,1806,10114.4,5.6,3821.29070225158,41.4,1905,995,82
170280104,2012,electricity,1825,10585.0,5.8,3821.29070225158,41.4,1905,995,82
170280104,2013,electricity,1860,10741.1,5.77,3821.29070225158,41.4,1905,995,82
170280104,2014,electricity,1916,9766.2,5.1,3821.29070225158,41.4,1905,995,82
170280104,2015,electricity,1949,10330.5,5.3,3821.29070225158,41.4,1905,995,82
170280104,2016,electricity,2041,10612.7,5.2,3821.29070225158,41.4,1905,995,82
170280104,2017,electricity,2170,10383.2,4.78,3821.29070225158,41.4,1905,995,82
170280104,2018,electricity,2002,9062.1,4.53,3821.29070225158,41.4,1905,995,82
170280104,2019,electricity,2031,8987.9,4.43,3821.29070225158,41.4,1905,995,82
170280104,2020,electricity,2140,9197.6,4.3,3821.29070225158,41.4,1905,995,82
170280104,2021,electricity,2106,9697.0,4.6,3821.29070225158,41.4,1905,995,82
170280104,2022,electricity,2105,8770.6,4.17,3821.29070225158,41.4,1905,995,82
170280104,2023,electricity,2138,8534.9,3.99,3821.29070225158,41.4,1905,995,82
170280104,2024,electricity,2155,8446.8,3.92,3821.29070225158,41.4,1905,995,82
170280104,2011,gas,688,8472.0,12.31,3821.29070225158,41.4,1905,995,82
170280104,2012,gas,688,9736.0,14.15,3821.29070225158,41.4,1905,995,82
170280104,2013,gas,689,9628.0,13.97,3821.29070225158,41.4,1905,995,82
170280104,2014,gas,685,7922.0,11.56,3821.29070225158,41.4,1905,995,82
170280104,2015,gas,746,8440.0,11.31,3821.29070225158,41.4,1905,995,82
170280104,2016,gas,753,8981.0,11.93,3821.29070225158,41.4,1905,995,82
170280104,2017,gas,791,9042.0,11.43,3821.29070225158,41.4,1905,995,82
170280104,2018,gas,794,7513.8,9.46,3821.29070225158,41.4,1905,995,82
170280104,2019,gas,892,7367.9,8.26,3821.29070225158,41.4,1905,995,82
170280104,2020,gas,993,7788.2,7.84,3821.29070225158,41.4,1905,995,82
170280104,2021,gas,987,8540.1,8.65,3821.29070225158,41.4,1905,995,82
170280104,2022,gas,978,6708.9,6.86,3821.29070225158,41.4,1905,995,82
170280104,2023,gas,997,6394.3,6.41,3821.29070225158,41.4,1905,995,82
170280104,2024,gas,998,6438.3,6.45,3821.29070225158,41.4,1905,995,82
170320000,2011,electricity,368,2729.6,7.42,821,42.8,334,228,23
170320000,2012,electricity,383,2966.8,7.75,821,42.8,334,228,23
170320000,2013,electricity,386,3136.0,8.12,821,42.8,334,228,23
170320000,2014,electricity,390,2792.2,7.16,821,42.8,334,228,23
170320000,2015,electricity,393,2957.4,7.53,821,42.8,334,228,23
170320000,2016,electricity,395,2967.6,7.51,821,42.8,334,228,23
170320000,2017,electricity,400,2890.0,7.23,821,42.8,334,228,23
170320000,2018,electricity,376,2641.1,7.02,821,42.8,334,228,23
170320000,2019,electricity,381,2664.7,6.99,821,42.8,334,228,23
170320000,2020,electricity,386,2766.7,7.17,821,42.8,334,228,23
170320000,2021,electricity,391,3000.3,7.67,821,42.8,334,228,23
170320000,2022,electricity,405,2619.6,6.47,821,42.8,334,228,23
170320000,2023,electricity,429,2554.3,5.95,821,42.8,334,228,23
170320000,2024,electricity,422,2575.1,6.1,821,42.8,334,228,23
170410000,2011,electricity,603,4474.3,7.42,1763,47.9,625,319,59
170410000,2012,electricity,627,5057.3,8.07,1763,47.9,625,319,59
170410000,2013,electricity,639,5340.8,8.36,1763,47.9,625,319,59
170410000,2014,electricity,662,4714.4,7.12,1763,47.9,625,319,59
170410000,2015,electricity,677,5115.7,7.56,1763,47.9,625,319,59
170410000,2016,electricity,695,5352.9,7.7,1763,47.9,625,319,59
170410000,2017,electricity,718,5371.9,7.48,1763,47.9,625,319,59
170410000,2018,electricity,682,4993.3,7.32,1763,47.9,625,319,59
170410000,2019,electricity,698,5047.4,7.23,1763,47.9,625,319,59
170410000,2020,electricity,706,5181.5,7.34,1763,47.9,625,319,59
170410000,2021,electricity,728,5626.0,7.73,1763,47.9,625,319,59
170410000,2022,electricity,743,5071.6,6.83,1763,47.9,625,319,59
170410000,2023,electricity,756,4903.9,6.49,1763,47.9,625,319,59
170410000,2024,electricity,767,4886.6,6.37,1763,47.9,625,319,59
170570000,2011,electricity,318,2301.8,7.24,916,47.5,326,179,37
170570000,2012,electricity,322,2510.0,7.79,916,47.5,326,179,37
170570000,2013,electricity,333,2682.3,8.05,916,47.5,326,179,37
170570000,2014,electricity,340,2487.1,7.31,916,47.5,326,179,37
170570000,2015,electricity,347,2620.4,7.55,916,47.5,326,179,37
170570000,2016,electricity,349,2719.5,7.79,916,47.5,326,179,37
170570000,2017,electricity,353,2661.2,7.54,916,47.5,326,179,37
170570000,2018,electricity,324,2490.5,7.69,916,47.5,326,179,37
170570000,2019,electricity,327,2428.6,7.43,916,47.5,326,179,37
170570000,2020,electricity,327,2404.8,7.35,916,47.5,326,179,37
170570000,2021,electricity,336,2618.9,7.79,916,47.5,326,179,37
170570000,2022,electricity,340,2394.7,7.04,916,47.5,326,179,37
170570000,2023,electricity,342,2291.2,6.7,916,47.5,326,179,37
170570000,2024,electricity,351,2236.5,6.37,916,47.5,326,179,37
170590000,2011,electricity,522,4374.1,8.38,1418,49.7,556,262,48
170590000,2012,electricity,543,4725.4,8.7,1418,49.7,556,262,48
170590000,2013,electricity,564,5019.1,8.9,1418,49.7,556,262,48
170590000,2014,electricity,588,4716.3,8.02,1418,49.7,556,262,48
170590000,2015,electricity,604,4978.7,8.24,1418,49.7,556,262,48
170590000,2016,electricity,621,5197.9,8.37,1418,49.7,556,262,48
170590000,2017,electricity,638,5118.3,8.02,1418,49.7,556,262,48
170590000,2018,electricity,603,4794.2,7.95,1418,49.7,556,262,48
170590000,2019,electricity,611,4873.6,7.98,1418,49.7,556,262,48
170590000,2020,electricity,624,4926.4,7.89,1418,49.7,556,262,48
170590000,2021,electricity,639,5251.6,8.22,1418,49.7,556,262,48
170590000,2022,electricity,647,4918.3,7.6,1418,49.7,556,262,48
170590000,2023,electricity,660,4692.5,7.11,1418,49.7,556,262,48
170590000,2024,electricity,675,4630.6,6.86,1418,49.7,556,262,48
170590000,2011,gas,55,768.0,13.96,1418,49.7,556,262,48
170590000,2012,gas,62,1029.0,16.6,1418,49.7,556,262,48
170590000,2013,gas,64,1089.0,17.02,1418,49.7,556,262,48
170590000,2014,gas,65,883.0,13.58,1418,49.7,556,262,48
170590000,2015,gas,68,989.0,14.54,1418,49.7,556,262,48
170590000,2016,gas,74,1038.0,14.03,1418,49.7,556,262,48
170590000,2017,gas,76,1030.0,13.55,1418,49.7,556,262,48
170590000,2018,gas,74,843.3,11.4,1418,49.7,556,262,48
170590000,2019,gas,76,901.8,11.87,1418,49.7,556,262,48
170590000,2020,gas,77,873.8,11.35,1418,49.7,556,262,48
170590000,2021,gas,78,1026.6,13.16,1418,49.7,556,262,48
170590000,2022,gas,77,829.0,10.77,1418,49.7,556,262,48
170590000,2023,gas,77,774.5,10.06,1418,49.7,556,262,48
170590000,2024,gas,76,754.0,9.92,1418,49.7,556,262,48
170630000,2011,electricity,227,1744.3,7.68,466,39.4,187,117,14
170630000,2012,electricity,227,1833.2,8.08,466,39.4,187,117,14
170630000,2013,electricity,231,1949.5,8.44,466,39.4,187,117,14
170630000,2014,electricity,233,1760.8,7.56,466,39.4,187,117,14
170630000,2015,electricity,235,1829.7,7.79,466,39.4,187,117,14
170630000,2016,electricity,239,1908.0,7.98,466,39.4,187,117,14
170630000,2017,electricity,238,1826.3,7.67,466,39.4,187,117,14
170630000,2018,electricity,205,1487.2,7.25,466,39.4,187,117,14
170630000,2019,electricity,206,1513.0,7.34,466,39.4,187,117,14
170630000,2020,electricity,212,1496.1,7.06,466,39.4,187,117,14
170630000,2021,electricity,222,1581.5,7.12,466,39.4,187,117,14
170630000,2022,electricity,221,1452.5,6.57,466,39.4,187,117,14
170630000,2023,electricity,222,1438.9,6.48,466,39.4,187,117,14
170630000,2024,electricity,223,1375.2,6.17,466,39.4,187,117,14
170800000,2011,electricity,435,3262.5,7.5,988,41.2,391,191,72
170800000,2012,electricity,440,3469.3,7.88,988,41.2,391,191,72
170800000,2013,electricity,447,3627.8,8.12,988,41.2,391,191,72
170800000,2014,electricity,450,3329.3,7.4,988,41.2,391,191,72
170800000,2015,electricity,458,3497.8,7.64,988,41.2,391,191,72
170800000,2016,electricity,459,3574.6,7.79,988,41.2,391,191,72
170800000,2017,electricity,464,3467.9,7.47,988,41.2,391,191,72
170800000,2018,electricity,420,3211.2,7.65,988,41.2,391,191,72
170800000,2019,electricity,427,3171.1,7.43,988,41.2,391,191,72
170800000,2020,electricity,428,3193.0,7.46,988,41.2,391,191,72
170800000,2021,electricity,435,3403.9,7.82,988,41.2,391,191,72
170800000,2022,electricity,444,3053.7,6.88,988,41.2,391,191,72
170800000,2023,electricity,454,3026.4,6.67,988,41.2,391,191,72
170800000,2024,electricity,454,2985.8,6.58,988,41.2,391,191,72
170910000,2011,electricity,938,7202.5,7.68,2002,52.4,833,528,69
170910000,2012,electricity,950,7621.0,8.02,2002,52.4,833,528,69
170910000,2013,electricity,986,8401.1,8.52,2002,52.4,833,528,69
170910000,2014,electricity,997,7737.2,7.76,2002,52.4,833,528,69
170910000,2015,electricity,998,7950.5,7.97,2002,52.4,833,528,69
170910000,2016,electricity,1012,8674.2,8.57,2002,52.4,833,528,69
170910000,2017,electricity,1034,8195.9,7.93,2002,52.4,833,528,69
170910000,2018,electricity,893,6916.6,7.75,2002,52.4,833,528,69
170910000,2019,electricity,919,6960.7,7.57,2002,52.4,833,528,69
170910000,2020,electricity,924,6854.9,7.42,2002,52.4,833,528,69
170910000,2021,electricity,939,7206.8,7.67,2002,52.4,833,528,69
170910000,2022,electricity,952,6600.6,6.93,2002,52.4,833,528,69
170910000,2023,electricity,1022,6410.4,6.27,2002,52.4,833,528,69
170910000,2024,electricity,1066,6479.8,6.08,2002,52.4,833,528,69
170940101,2011,electricity,1611,9634.8,5.98,3148.80807247302,34.9,1358,772,130
170940101,2012,electricity,1621,10217.3,6.3,3148.80807247302,34.9,1358,772,130
170940101,2013,electricity,1721,10614.7,6.17,3148.80807247302,34.9,1358,772,130
170940101,2014,electricity,1759,9693.4,5.51,3148.80807247302,34.9,1358,772,130
170940101,2015,electricity,1793,10105.9,5.64,3148.80807247302,34.9,1358,772,130
170940101,2016,electricity,1787,10206.2,5.71,3148.80807247302,34.9,1358,772,130
170940101,2017,electricity,1789,10068.6,5.63,3148.80807247302,34.9,1358,772,130
170940101,2018,electricity,1683,8984.4,5.34,3148.80807247302,34.9,1358,772,130
170940101,2019,electricity,1676,8833.9,5.27,3148.80807247302,34.9,1358,772,130
170940101,2020,electricity,1695,8798.2,5.19,3148.80807247302,34.9,1358,772,130
170940101,2021,electricity,2074,10347.8,4.99,3148.80807247302,34.9,1358,772,130
170940101,2022,electricity,2143,9545.4,4.45,3148.80807247302,34.9,1358,772,130
170940101,2023,electricity,2257,9368.7,4.15,3148.80807247302,34.9,1358,772,130
170940101,2024,electricity,2307,9299.8,4.03,3148.80807247302,34.9,1358,772,130
170940101,2011,gas,605,8036.0,13.28,3148.80807247302,34.9,1358,772,130
170940101,2012,gas,607,9069.0,14.94,3148.80807247302,34.9,1358,772,130
170940101,2013,gas,692,9503.0,13.73,3148.80807247302,34.9,1358,772,130
170940101,2014,gas,702,7972.0,11.36,3148.80807247302,34.9,1358,772,130
170940101,2015,gas,739,8532.0,11.55,3148.80807247302,34.9,1358,772,130
170940101,2016,gas,740,8812.0,11.91,3148.80807247302,34.9,1358,772,130
170940101,2017,gas,747,8442.0,11.3,3148.80807247302,34.9,1358,772,130
170940101,2018,gas,736,7435.8,10.1,3148.80807247302,34.9,1358,772,130
170940101,2019,gas,814,7298.4,8.97,3148.80807247302,34.9,1358,772,130
170940101,2020,gas,837,7041.3,8.41,3148.80807247302,34.9,1358,772,130
170940101,2021,gas,934,8178.7,8.76,3148.80807247302,34.9,1358,772,130
170940101,2022,gas,1022,6953.6,6.8,3148.80807247302,34.9,1358,772,130
170940101,2023,gas,1087,6763.0,6.22,3148.80807247302,34.9,1358,772,130
170940101,2024,gas,1077,6706.5,6.23,3148.80807247302,34.9,1358,772,130
170940102,2011,electricity,3444,16745.0,4.86,3078.19192752698,48.2,1673,1018,245
170940102,2012,electricity,3490,18110.9,5.19,3078.19192752698,48.2,1673,1018,245
170940102,2013,electricity,3525,18463.6,5.24,3078.19192752698,48.2,1673,1018,245
170940102,2014,electricity,3541,16450.8,4.65,3078.19192752698,48.2,1673,1018,245
170940102,2015,electricity,3544,17207.1,4.86,3078.19192752698,48.2,1673,1018,245
170940102,2016,electricity,3630,17744.8,4.89,3078.19192752698,48.2,1673,1018,245
170940102,2017,electricity,3661,17653.4,4.82,3078.19192752698,48.2,1673,1018,245
170940102,2018,electricity,3383,14359.9,4.24,3078.19192752698,48.2,1673,1018,245
170940102,2019,electricity,3448,14050.6,4.07,3078.19192752698,48.2,1673,1018,245
170940102,2020,electricity,3476,14330.1,4.12,3078.19192752698,48.2,1673,1018,245
170940102,2021,electricity,3298,15242.4,4.62,3078.19192752698,48.2,1673,1018,245
170940102,2022,electricity,3360,13647.2,4.06,3078.19192752698,48.2,1673,1018,245
170940102,2023,electricity,3377,13389.0,3.96,3078.19192752698,48.2,1673,1018,245
170940102,2024,electricity,3397,13439.7,3.96,3078.19192752698,48.2,1673,1018,245
170940102,2011,gas,1190,15527.0,13.05,3078.19192752698,48.2,1673,1018,245
170940102,2012,gas,1190,18295.0,15.37,3078.19192752698,48.2,1673,1018,245
170940102,2013,gas,1179,18534.0,15.72,3078.19192752698,48.2,1673,1018,245
170940102,2014,gas,1178,14749.0,12.52,3078.19192752698,48.2,1673,1018,245
170940102,2015,gas,1193,15839.0,13.28,3078.19192752698,48.2,1673,1018,245
170940102,2016,gas,1191,16188.0,13.59,3078.19192752698,48.2,1673,1018,245
170940102,2017,gas,1183,15602.0,13.19,3078.19192752698,48.2,1673,1018,245
170940102,2018,gas,1131,12737.6,11.26,3078.19192752698,48.2,1673,1018,245
170940102,2019,gas,1121,12478.6,11.13,3078.19192752698,48.2,1673,1018,245
170940102,2020,gas,1117,11615.6,10.4,3078.19192752698,48.2,1673,1018,245
170940102,2021,gas,1097,12979.5,11.83,3078.19192752698,48.2,1673,1018,245
170940102,2022,gas,1132,10100.3,8.92,3078.19192752698,48.2,1673,1018,245
170940102,2023,gas,1109,9400.0,8.48,3078.19192752698,48.2,1673,1018,245
170940102,2024,gas,1073,9055.6,8.44,3078.19192752698,48.2,1673,1018,245
171070000,2011,electricity,574,4218.9,7.35,1538,54.8,637,378,52
171070000,2012,electricity,616,4632.8,7.52,1538,54.8,637,378,52
171070000,2013,electricity,634,5092.8,8.03,1538,54.8,637,378,52
171070000,2014,electricity,657,4478.9,6.82,1538,54.8,637,378,52
171070000,2015,electricity,661,4797.9,7.26,1538,54.8,637,378,52
171070000,2016,electricity,673,4949.8,7.35,1538,54.8,637,378,52
171070000,2017,electricity,690,4810.4,6.97,1538,54.8,637,378,52
171070000,2018,electricity,663,4402.2,6.64,1538,54.8,637,378,52
171070000,2019,electricity,681,4513.1,6.63,1538,54.8,637,378,52
171070000,2020,electricity,688,4521.0,6.57,1538,54.8,637,378,52
171070000,2021,electricity,697,4907.0,7.04,1538,54.8,637,378,52
171070000,2022,electricity,709,4447.5,6.27,1538,54.8,637,378,52
171070000,2023,electricity,731,4349.1,5.95,1538,54.8,637,378,52
171070000,2024,electricity,743,4288.5,5.77,1538,54.8,637,378,52
171090000,2011,electricity,554,4545.1,8.2,1441,60.6,594,387,40
171090000,2012,electricity,573,4947.3,8.63,1441,60.6,594,387,40
171090000,2013,electricity,591,5181.6,8.77,1441,60.6,594,387,40
171090000,2014,electricity,607,4733.1,7.8,1441,60.6,594,387,40
171090000,2015,electricity,613,4937.8,8.06,1441,60.6,594,387,40
171090000,2016,electricity,631,5047.1,8.0,1441,60.6,594,387,40
171090000,2017,electricity,650,4962.0,7.63,1441,60.6,594,387,40
171090000,2018,electricity,611,4720.9,7.73,1441,60.6,594,387,40
171090000,2019,electricity,624,4756.1,7.62,1441,60.6,594,387,40
171090000,2020,electricity,633,4784.9,7.56,1441,60.6,594,387,40
171090000,2021,electricity,645,5134.0,7.96,1441,60.6,594,387,40
171090000,2022,electricity,654,4652.4,7.11,1441,60.6,594,387,40
171090000,2023,electricity,664,4421.0,6.66,1441,60.6,594,387,40
171090000,2024,electricity,663,4324.6,6.52,1441,60.6,594,387,40
171090000,2011,gas,27,510.0,18.89,1441,60.6,594,387,40
171090000,2012,gas,26,538.0,20.69,1441,60.6,594,387,40
171090000,2013,gas,26,560.0,21.54,1441,60.6,594,387,40
171090000,2014,gas,34,503.0,14.79,1441,60.6,594,387,40
171090000,2015,gas,35,534.0,15.26,1441,60.6,594,387,40
171090000,2016,gas,36,546.0,15.17,1441,60.6,594,387,40
171090000,2017,gas,44,552.0,12.55,1441,60.6,594,387,40
171090000,2018,gas,43,464.3,10.8,1441,60.6,594,387,40
171090000,2019,gas,45,477.5,10.61,1441,60.6,594,387,40
171090000,2020,gas,45,465.9,10.35,1441,60.6,594,387,40
171090000,2021,gas,45,483.2,10.74,1441,60.6,594,387,40
171090000,2022,gas,44,394.6,8.97,1441,60.6,594,387,40
171090000,2023,gas,42,361.8,8.61,1441,60.6,594,387,40
171090000,2024,gas,39,347.6,8.91,1441,60.6,594,387,40
171270000,2011,electricity,981,6538.5,6.67,1980,59.0,832,511,45
171270000,2012,electricity,1015,7388.9,7.28,1980,59.0,832,511,45
171270000,2013,electricity,992,7685.5,7.75,1980,59.0,832,511,45
171270000,2014,electricity,1009,6661.2,6.6,1980,59.0,832,511,45
171270000,2015,electricity,1013,7078.6,6.99,1980,59.0,832,511,45
171270000,2016,electricity,1042,7335.9,7.04,1980,59.0,832,511,45
171270000,2017,electricity,1065,7256.4,6.81,1980,59.0,832,511,45
171270000,2018,electricity,953,6374.0,6.69,1980,59.0,832,511,45
171270000,2019,electricity,972,6399.4,6.58,1980,59.0,832,511,45
171270000,2020,electricity,993,6575.8,6.62,1980,59.0,832,511,45
171270000,2021,electricity,1008,7047.9,6.99,1980,59.0,832,511,45
171270000,2022,electricity,1019,6379.6,6.26,1980,59.0,832,511,45
171270000,2023,electricity,1070,6273.1,5.86,1980,59.0,832,511,45
171270000,2024,electricity,1101,6457.0,5.86,1980,59.0,832,511,45
171320000,2011,electricity,337,2186.0,6.49,648,35.7,268,156,24
171320000,2012,electricity,336,2481.3,7.38,648,35.7,268,156,24
171320000,2013,electricity,338,2572.7,7.61,648,35.7,268,156,24
171320000,2014,electricity,342,2221.3,6.5,648,35.7,268,156,24
171320000,2015,electricity,341,2363.8,6.93,648,35.7,268,156,24
171320000,2016,electricity,345,2401.7,6.96,648,35.7,268,156,24
171320000,2017,electricity,350,2328.1,6.65,648,35.7,268,156,24
171320000,2018,electricity,308,2098.1,6.81,648,35.7,268,156,24
171320000,2019,electricity,305,2111.9,6.92,648,35.7,268,156,24
171320000,2020,electricity,308,2140.3,6.95,648,35.7,268,156,24
171320000,2021,electricity,314,2335.7,7.44,648,35.7,268,156,24
171320000,2022,electricity,317,2093.4,6.6,648,35.7,268,156,24
171320000,2023,electricity,329,2040.6,6.2,648,35.7,268,156,24
171320000,2024,electricity,317,1916.7,6.05,648,35.7,268,156,24
171360000,2011,electricity,670,5418.9,8.09,1337,53.9,553,339,73
171360000,2012,electricity,686,5889.1,8.58,1337,53.9,553,339,73
171360000,2013,electricity,691,6154.1,8.91,1337,53.9,553,339,73
171360000,2014,electricity,698,5506.3,7.89,1337,53.9,553,339,73
171360000,2015,electricity,715,5747.4,8.04,1337,53.9,553,339,73
171360000,2016,electricity,728,5921.0,8.13,1337,53.9,553,339,73
171360000,2017,electricity,815,6337.8,7.78,1337,53.9,553,339,73
171360000,2018,electricity,707,5368.6,7.59,1337,53.9,553,339,73
171360000,2019,electricity,797,5986.3,7.51,1337,53.9,553,339,73
171360000,2020,electricity,806,6000.2,7.44,1337,53.9,553,339,73
171360000,2021,electricity,677,5197.9,7.68,1337,53.9,553,339,73
171360000,2022,electricity,696,4826.6,6.93,1337,53.9,553,339,73
171360000,2023,electricity,701,4719.2,6.73,1337,53.9,553,339,73
171360000,2024,electricity,704,4637.3,6.59,1337,53.9,553,339,73
171420000,2011,electricity,2516,17997.1,7.15,5961,41.8,2519,1344,251
171420000,2012,electricity,2569,19276.0,7.5,5961,41.8,2519,1344,251
171420000,2013,electricity,2585,19870.0,7.69,5961,41.8,2519,1344,251
171420000,2014,electricity,2633,18129.6,6.89,5961,41.8,2519,1344,251
171420000,2015,electricity,2680,18821.9,7.02,5961,41.8,2519,1344,251
171420000,2016,electricity,2710,19429.4,7.17,5961,41.8,2519,1344,251
171420000,2017,electricity,2803,19194.5,6.85,5961,41.8,2519,1344,251
171420000,2018,electricity,2647,17721.4,6.69,5961,41.8,2519,1344,251
171420000,2019,electricity,2741,17522.3,6.39,5961,41.8,2519,1344,251
171420000,2020,electricity,2819,18048.8,6.4,5961,41.8,2519,1344,251
171420000,2021,electricity,2877,19487.0,6.77,5961,41.8,2519,1344,251
171420000,2022,electricity,3018,17818.7,5.9,5961,41.8,2519,1344,251
171420000,2023,electricity,3145,17832.2,5.67,5961,41.8,2519,1344,251
171420000,2024,electricity,3232,18012.2,5.57,5961,41.8,2519,1344,251
171420000,2011,gas,861,11047.0,12.83,5961,41.8,2519,1344,251
171420000,2012,gas,877,13436.0,15.32,5961,41.8,2519,1344,251
171420000,2013,gas,882,13456.0,15.26,5961,41.8,2519,1344,251
171420000,2014,gas,896,11122.0,12.41,5961,41.8,2519,1344,251
171420000,2015,gas,908,11844.0,13.04,5961,41.8,2519,1344,251
171420000,2016,gas,914,12446.0,13.62,5961,41.8,2519,1344,251
171420000,2017,gas,942,12267.0,13.02,5961,41.8,2519,1344,251
171420000,2018,gas,930,10977.6,11.8,5961,41.8,2519,1344,251
171420000,2019,gas,967,11041.7,11.42,5961,41.8,2519,1344,251
171420000,2020,gas,971,10436.6,10.75,5961,41.8,2519,1344,251
171420000,2021,gas,1000,11696.1,11.7,5961,41.8,2519,1344,251
171420000,2022,gas,1028,9310.7,9.06,5961,41.8,2519,1344,251
171420000,2023,gas,1051,8909.1,8.48,5961,41.8,2519,1344,251
171420000,2024,gas,1097,8912.8,8.12,5961,41.8,2519,1344,251
171530000,2011,electricity,961,7057.8,7.34,2103,44.8,911,453,60
171530000,2012,electricity,970,7298.1,7.52,2103,44.8,911,453,60
171530000,2013,electricity,999,7466.1,7.47,2103,44.8,911,453,60
171530000,2014,electricity,1001,6812.6,6.81,2103,44.8,911,453,60
171530000,2015,electricity,1007,7042.6,6.99,2103,44.8,911,453,60
171530000,2016,electricity,1031,7416.8,7.19,2103,44.8,911,453,60
171530000,2017,electricity,1043,6939.9,6.65,2103,44.8,911,453,60
171530000,2018,electricity,971,6307.6,6.5,2103,44.8,911,453,60
171530000,2019,electricity,998,6217.2,6.23,2103,44.8,911,453,60
171530000,2020,electricity,1023,6293.3,6.15,2103,44.8,911,453,60
171530000,2021,electricity,1067,6755.2,6.33,2103,44.8,911,453,60
171530000,2022,electricity,1119,6329.1,5.66,2103,44.8,911,453,60
171530000,2023,electricity,1128,6366.2,5.64,2103,44.8,911,453,60
171530000,2024,electricity,1154,6381.1,5.53,2103,44.8,911,453,60
171530000,2011,gas,267,3660.0,13.71,2103,44.8,911,453,60
171530000,2012,gas,273,4315.0,15.81,2103,44.8,911,453,60
171530000,2013,gas,298,4582.0,15.38,2103,44.8,911,453,60
171530000,2014,gas,299,3815.0,12.76,2103,44.8,911,453,60
171530000,2015,gas,298,4035.0,13.54,2103,44.8,911,453,60
171530000,2016,gas,297,4159.0,14.0,2103,44.8,911,453,60
171530000,2017,gas,298,3936.0,13.21,2103,44.8,911,453,60
171530000,2018,gas,295,3279.5,11.12,2103,44.8,911,453,60
171530000,2019,gas,315,3310.9,10.51,2103,44.8,911,453,60
171530000,2020,gas,315,3251.9,10.32,2103,44.8,911,453,60
171530000,2021,gas,311,3506.2,11.27,2103,44.8,911,453,60
171530000,2022,gas,310,2744.4,8.85,2103,44.8,911,453,60
171530000,2023,gas,306,2572.8,8.41,2103,44.8,911,453,60
171530000,2024,gas,299,2503.4,8.37,2103,44.8,911,453,60
171580000,2011,electricity,363,2806.7,7.73,1345,53.0,472,220,69
171580000,2012,electricity,390,3145.5,8.07,1345,53.0,472,220,69
171580000,2013,electricity,404,3391.5,8.39,1345,53.0,472,220,69
171580000,2014,electricity,432,3192.8,7.39,1345,53.0,472,220,69
171580000,2015,electricity,436,3434.4,7.88,1345,53.0,472,220,69
171580000,2016,electricity,451,3752.8,8.32,1345,53.0,472,220,69
171580000,2017,electricity,482,3771.2,7.82,1345,53.0,472,220,69
171580000,2018,electricity,451,3271.4,7.25,1345,53.0,472,220,69
171580000,2019,electricity,508,3459.3,6.81,1345,53.0,472,220,69
171580000,2020,electricity,574,3736.2,6.51,1345,53.0,472,220,69
171580000,2021,electricity,667,4396.1,6.59,1345,53.0,472,220,69
171580000,2022,electricity,716,4365.2,6.1,1345,53.0,472,220,69
171580000,2023,electricity,779,4447.4,5.71,1345,53.0,472,220,69
171580000,2024,electricity,832,4626.1,5.56,1345,53.0,472,220,69
171660000,2011,electricity,581,4515.8,7.77,1328,49.3,520,315,61
171660000,2012,electricity,590,4703.6,7.97,1328,49.3,520,315,61
171660000,2013,electricity,599,4834.8,8.07,1328,49.3,520,315,61
171660000,2014,electricity,607,4300.9,7.09,1328,49.3,520,315,61
171660000,2015,electricity,610,4545.2,7.45,1328,49.3,520,315,61
171660000,2016,electricity,624,4742.4,7.6,1328,49.3,520,315,61
171660000,2017,electricity,623,4784.7,7.68,1328,49.3,520,315,61
171660000,2018,electricity,570,4390.2,7.7,1328,49.3,520,315,61
171660000,2019,electricity,575,4371.2,7.6,1328,49.3,520,315,61
171660000,2020,electricity,579,4307.4,7.44,1328,49.3,520,315,61
171660000,2021,electricity,582,4595.4,7.9,1328,49.3,520,315,61
171660000,2022,electricity,586,4072.5,6.95,1328,49.3,520,315,61
171660000,2023,electricity,607,3992.6,6.58,1328,49.3,520,315,61
171660000,2024,electricity,625,4013.9,6.42,1328,49.3,520,315,61
171740000,2011,electricity,431,2822.4,6.55,905,37.5,362,203,88
171740000,2012,electricity,436,3021.1,6.93,905,37.5,362,203,88
171740000,2013,electricity,435,3112.4,7.16,905,37.5,362,203,88
171740000,2014,electricity,445,2789.4,6.27,905,37.5,362,203,88
171740000,2015,electricity,455,2915.4,6.41,905,37.5,362,203,88
171740000,2016,electricity,458,3057.0,6.67,905,37.5,362,203,88
171740000,2017,electricity,460,3016.9,6.56,905,37.5,362,203,88
171740000,2018,electricity,399,2721.8,6.82,905,37.5,362,203,88
171740000,2019,electricity,403,2782.8,6.91,905,37.5,362,203,88
171740000,2020,electricity,413,2876.8,6.97,905,37.5,362,203,88
171740000,2021,electricity,416,2994.3,7.2,905,37.5,362,203,88
171740000,2022,electricity,424,2690.7,6.35,905,37.5,362,203,88
171740000,2023,electricity,425,2626.7,6.18,905,37.5,362,203,88
171740000,2024,electricity,425,2583.2,6.08,905,37.5,362,203,88
171820000,2011,electricity,270,1948.9,7.22,559,42.2,227,145,44
171820000,2012,electricity,271,1957.7,7.22,559,42.2,227,145,44
171820000,2013,electricity,276,2076.5,7.52,559,42.2,227,145,44
171820000,2014,electricity,279,1792.4,6.42,559,42.2,227,145,44
171820000,2015,electricity,NA,,,559,42.2,227,145,44
171820000,2016,electricity,NA,,,559,42.2,227,145,44
171820000,2017,electricity,NA,,,559,42.2,227,145,44
171820000,2018,electricity,NA,,,559,42.2,227,145,44
171820000,2019,electricity,NA,,,559,42.2,227,145,44
171820000,2020,electricity,NA,,,559,42.2,227,145,44
171820000,2021,electricity,NA,,,559,42.2,227,145,44
171820000,2022,electricity,NA,,,559,42.2,227,145,44
171820000,2023,electricity,NA,,,559,42.2,227,145,44
171820000,2024,electricity,NA,,,559,42.2,227,145,44
171860000,2011,electricity,332,2697.0,8.12,975,36.6,381,206,23
171860000,2012,electricity,342,2897.4,8.47,975,36.6,381,206,23
171860000,2013,electricity,375,3159.5,8.43,975,36.6,381,206,23
171860000,2014,electricity,390,2982.1,7.65,975,36.6,381,206,23
171860000,2015,electricity,398,3079.2,7.74,975,36.6,381,206,23
171860000,2016,electricity,410,3212.9,7.84,975,36.6,381,206,23
171860000,2017,electricity,428,3129.6,7.31,975,36.6,381,206,23
171860000,2018,electricity,396,2855.3,7.21,975,36.6,381,206,23
171860000,2019,electricity,409,2877.0,7.03,975,36.6,381,206,23
171860000,2020,electricity,428,2911.7,6.8,975,36.6,381,206,23
171860000,2021,electricity,459,3172.3,6.91,975,36.6,381,206,23
171860000,2022,electricity,501,3037.3,6.06,975,36.6,381,206,23
171860000,2023,electricity,518,3105.1,5.99,975,36.6,381,206,23
171860000,2024,electricity,523,3096.8,5.92,975,36.6,381,206,23
171900000,2011,electricity,1360,8400.0,6.18,2907,41.1,1269,674,97
171900000,2012,electricity,1439,9841.0,6.84,2907,41.1,1269,674,97
171900000,2013,electricity,1459,10278.5,7.04,2907,41.1,1269,674,97
171900000,2014,electricity,1475,9339.6,6.33,2907,41.1,1269,674,97
171900000,2015,electricity,1479,9777.1,6.61,2907,41.1,1269,674,97
171900000,2016,electricity,1503,10093.2,6.72,2907,41.1,1269,674,97
171900000,2017,electricity,1508,9913.0,6.57,2907,41.1,1269,674,97
171900000,2018,electricity,1399,8816.5,6.3,2907,41.1,1269,674,97
171900000,2019,electricity,1407,8672.8,6.16,2907,41.1,1269,674,97
171900000,2020,electricity,1417,8841.2,6.24,2907,41.1,1269,674,97
171900000,2021,electricity,1459,9469.9,6.49,2907,41.1,1269,674,97
171900000,2022,electricity,1484,8867.3,5.98,2907,41.1,1269,674,97
171900000,2023,electricity,1516,8751.4,5.77,2907,41.1,1269,674,97
171900000,2024,electricity,1514,8732.7,5.77,2907,41.1,1269,674,97
171900000,2011,gas,519,7128.0,13.73,2907,41.1,1269,674,97
171900000,2012,gas,560,8602.0,15.36,2907,41.1,1269,674,97
171900000,2013,gas,571,8984.0,15.73,2907,41.1,1269,674,97
171900000,2014,gas,573,7350.0,12.83,2907,41.1,1269,674,97
171900000,2015,gas,577,7837.0,13.58,2907,41.1,1269,674,97
171900000,2016,gas,575,8212.0,14.28,2907,41.1,1269,674,97
171900000,2017,gas,579,8085.0,13.96,2907,41.1,1269,674,97
171900000,2018,gas,564,6528.9,11.58,2907,41.1,1269,674,97
171900000,2019,gas,568,6489.5,11.43,2907,41.1,1269,674,97
171900000,2020,gas,567,6239.4,11.0,2907,41.1,1269,674,97
171900000,2021,gas,576,6881.6,11.95,2907,41.1,1269,674,97
171900000,2022,gas,570,5443.0,9.55,2907,41.1,1269,674,97
171900000,2023,gas,581,5028.6,8.66,2907,41.1,1269,674,97
171900000,2024,gas,571,4915.7,8.61,2907,41.1,1269,674,97
171930000,2011,electricity,1155,7995.7,6.92,2591,43.1,1121,652,67
171930000,2012,electricity,1157,8608.9,7.44,2591,43.1,1121,652,67
171930000,2013,electricity,1166,8825.9,7.57,2591,43.1,1121,652,67
171930000,2014,electricity,1165,7934.2,6.81,2591,43.1,1121,652,67
171930000,2015,electricity,1185,8185.7,6.91,2591,43.1,1121,652,67
171930000,2016,electricity,1201,8280.2,6.89,2591,43.1,1121,652,67
171930000,2017,electricity,1215,8034.5,6.61,2591,43.1,1121,652,67
171930000,2018,electricity,1158,7378.4,6.37,2591,43.1,1121,652,67
171930000,2019,electricity,1190,7459.5,6.27,2591,43.1,1121,652,67
171930000,2020,electricity,1217,7546.9,6.2,2591,43.1,1121,652,67
171930000,2021,electricity,1234,8054.8,6.53,2591,43.1,1121,652,67
171930000,2022,electricity,1261,7278.8,5.77,2591,43.1,1121,652,67
171930000,2023,electricity,1269,7107.1,5.6,2591,43.1,1121,652,67
171930000,2024,electricity,1293,6956.5,5.38,2591,43.1,1121,652,67
171930000,2011,gas,426,5342.0,12.54,2591,43.1,1121,652,67
171930000,2012,gas,426,6346.0,14.9,2591,43.1,1121,652,67
171930000,2013,gas,428,6392.0,14.93,2591,43.1,1121,652,67
171930000,2014,gas,425,5210.0,12.26,2591,43.1,1121,652,67
171930000,2015,gas,429,5523.0,12.87,2591,43.1,1121,652,67
171930000,2016,gas,430,5614.0,13.06,2591,43.1,1121,652,67
171930000,2017,gas,427,5540.0,12.97,2591,43.1,1121,652,67
171930000,2018,gas,426,4946.8,11.61,2591,43.1,1121,652,67
171930000,2019,gas,437,4980.3,11.4,2591,43.1,1121,652,67
171930000,2020,gas,446,4763.1,10.68,2591,43.1,1121,652,67
171930000,2021,gas,446,5383.8,12.07,2591,43.1,1121,652,67
171930000,2022,gas,458,4237.2,9.25,2591,43.1,1121,652,67
171930000,2023,gas,452,4021.9,8.9,2591,43.1,1121,652,67
171930000,2024,gas,445,3993.4,8.97,2591,43.1,1121,652,67
171940000,2011,electricity,1374,10296.8,7.49,3414,51.7,1449,903,96
171940000,2012,electricity,1414,11478.7,8.12,3414,51.7,1449,903,96
171940000,2013,electricity,1458,11945.5,8.19,3414,51.7,1449,903,96
171940000,2014,electricity,1495,10836.7,7.25,3414,51.7,1449,903,96
171940000,2015,electricity,1508,11461.1,7.6,3414,51.7,1449,903,96
171940000,2016,electricity,1521,11697.9,7.69,3414,51.7,1449,903,96
171940000,2017,electricity,1469,10805.0,7.36,3414,51.7,1449,903,96
171940000,2018,electricity,1461,10515.9,7.2,3414,51.7,1449,903,96
171940000,2019,electricity,1414,9868.8,6.98,3414,51.7,1449,903,96
171940000,2020,electricity,1443,10068.0,6.98,3414,51.7,1449,903,96
171940000,2021,electricity,1551,11514.8,7.42,3414,51.7,1449,903,96
171940000,2022,electricity,1565,10352.2,6.61,3414,51.7,1449,903,96
171940000,2023,electricity,1600,10040.0,6.28,3414,51.7,1449,903,96
171940000,2024,electricity,1627,9922.8,6.1,3414,51.7,1449,903,96
171940000,2011,gas,212,2970.0,14.01,3414,51.7,1449,903,96
171940000,2012,gas,222,3533.0,15.91,3414,51.7,1449,903,96
171940000,2013,gas,229,3720.0,16.24,3414,51.7,1449,903,96
171940000,2014,gas,238,3077.0,12.93,3414,51.7,1449,903,96
171940000,2015,gas,241,3409.0,14.15,3414,51.7,1449,903,96
171940000,2016,gas,249,3638.0,14.61,3414,51.7,1449,903,96
171940000,2017,gas,250,3543.0,14.17,3414,51.7,1449,903,96
171940000,2018,gas,238,2962.1,12.45,3414,51.7,1449,903,96
171940000,2019,gas,242,2894.9,11.96,3414,51.7,1449,903,96
171940000,2020,gas,246,2789.6,11.34,3414,51.7,1449,903,96
171940000,2021,gas,247,3191.6,12.92,3414,51.7,1449,903,96
171940000,2022,gas,246,2477.0,10.07,3414,51.7,1449,903,96
171940000,2023,gas,241,2328.0,9.66,3414,51.7,1449,903,96
171940000,2024,gas,230,2248.8,9.78,3414,51.7,1449,903,96
172000101,2011,electricity,912,5200.8,5.7,1786.18646118837,28.4,852,609,90
172000101,2012,electricity,918,5583.8,6.08,1786.18646118837,28.4,852,609,90
172000101,2013,electricity,928,5750.6,6.2,1786.18646118837,28.4,852,609,90
172000101,2014,electricity,928,5185.8,5.59,1786.18646118837,28.4,852,609,90
172000101,2015,electricity,932,5393.1,5.79,1786.18646118837,28.4,852,609,90
172000101,2016,electricity,936,5551.1,5.93,1786.18646118837,28.4,852,609,90
172000101,2017,electricity,1000,5530.9,5.53,1786.18646118837,28.4,852,609,90
172000101,2018,electricity,955,4978.6,5.21,1786.18646118837,28.4,852,609,90
172000101,2019,electricity,982,4903.0,4.99,1786.18646118837,28.4,852,609,90
172000101,2020,electricity,986,4975.0,5.05,1786.18646118837,28.4,852,609,90
172000101,2021,electricity,963,5128.0,5.33,1786.18646118837,28.4,852,609,90
172000101,2022,electricity,971,4790.5,4.93,1786.18646118837,28.4,852,609,90
172000101,2023,electricity,1021,4756.2,4.66,1786.18646118837,28.4,852,609,90
172000101,2024,electricity,1026,4688.2,4.57,1786.18646118837,28.4,852,609,90
172000101,2011,gas,647,9093.0,14.05,1786.18646118837,28.4,852,609,90
172000101,2012,gas,645,10818.0,16.77,1786.18646118837,28.4,852,609,90
172000101,2013,gas,645,11199.0,17.36,1786.18646118837,28.4,852,609,90
172000101,2014,gas,643,8780.0,13.65,1786.18646118837,28.4,852,609,90
172000101,2015,gas,608,8816.0,14.5,1786.18646118837,28.4,852,609,90
172000101,2016,gas,604,8932.0,14.79,1786.18646118837,28.4,852,609,90
172000101,2017,gas,630,8459.0,13.43,1786.18646118837,28.4,852,609,90
172000101,2018,gas,649,8646.4,13.32,1786.18646118837,28.4,852,609,90
172000101,2019,gas,673,8461.2,12.57,1786.18646118837,28.4,852,609,90
172000101,2020,gas,702,8255.1,11.76,1786.18646118837,28.4,852,609,90
172000101,2021,gas,653,8521.7,13.05,1786.18646118837,28.4,852,609,90
172000101,2022,gas,618,6531.8,10.57,1786.18646118837,28.4,852,609,90
172000101,2023,gas,652,6331.8,9.71,1786.18646118837,28.4,852,609,90
172000101,2024,gas,641,6153.2,9.6,1786.18646118837,28.4,852,609,90
172000102,2011,electricity,1250,8334.0,6.67,2061.05730066078,31.4,847,596,76
172000102,2012,electricity,1263,8870.3,7.02,2061.05730066078,31.4,847,596,76
172000102,2013,electricity,1263,8847.5,7.01,2061.05730066078,31.4,847,596,76
172000102,2014,electricity,1275,8042.2,6.31,2061.05730066078,31.4,847,596,76
172000102,2015,electricity,1290,8406.5,6.52,2061.05730066078,31.4,847,596,76
172000102,2016,electricity,1335,8892.6,6.66,2061.05730066078,31.4,847,596,76
172000102,2017,electricity,1361,8876.0,6.52,2061.05730066078,31.4,847,596,76
172000102,2018,electricity,1188,6651.4,5.6,2061.05730066078,31.4,847,596,76
172000102,2019,electricity,1204,6646.6,5.52,2061.05730066078,31.4,847,596,76
172000102,2020,electricity,1210,6693.0,5.53,2061.05730066078,31.4,847,596,76
172000102,2021,electricity,1251,7204.7,5.76,2061.05730066078,31.4,847,596,76
172000102,2022,electricity,1407,6688.0,4.75,2061.05730066078,31.4,847,596,76
172000102,2023,electricity,1562,6759.4,4.33,2061.05730066078,31.4,847,596,76
172000102,2024,electricity,1645,6931.4,4.21,2061.05730066078,31.4,847,596,76
172000102,2011,gas,664,8644.0,13.02,2061.05730066078,31.4,847,596,76
172000102,2012,gas,650,10107.0,15.55,2061.05730066078,31.4,847,596,76
172000102,2013,gas,642,10458.0,16.29,2061.05730066078,31.4,847,596,76
172000102,2014,gas,643,8138.0,12.66,2061.05730066078,31.4,847,596,76
172000102,2015,gas,668,8738.0,13.08,2061.05730066078,31.4,847,596,76
172000102,2016,gas,664,9197.0,13.85,2061.05730066078,31.4,847,596,76
172000102,2017,gas,672,9037.0,13.45,2061.05730066078,31.4,847,596,76
172000102,2018,gas,673,7427.4,11.04,2061.05730066078,31.4,847,596,76
172000102,2019,gas,677,7386.1,10.91,2061.05730066078,31.4,847,596,76
172000102,2020,gas,621,6508.1,10.48,2061.05730066078,31.4,847,596,76
172000102,2021,gas,631,7335.3,11.62,2061.05730066078,31.4,847,596,76
172000102,2022,gas,645,5923.4,9.18,2061.05730066078,31.4,847,596,76
172000102,2023,gas,651,5585.7,8.58,2061.05730066078,31.4,847,596,76
172000102,2024,gas,671,5432.5,8.1,2061.05730066078,31.4,847,596,76
172000103,2011,electricity,1486,8773.2,5.9,3539.75623815085,30.4,1747,991,59
172000103,2012,electricity,1519,9569.5,6.3,3539.75623815085,30.4,1747,991,59
172000103,2013,electricity,1531,9879.8,6.45,3539.75623815085,30.4,1747,991,59
172000103,2014,electricity,1567,9028.1,5.76,3539.75623815085,30.4,1747,991,59
172000103,2015,electricity,1571,9425.1,6.0,3539.75623815085,30.4,1747,991,59
172000103,2016,electricity,1585,9619.3,6.07,3539.75623815085,30.4,1747,991,59
172000103,2017,electricity,1610,9398.8,5.84,3539.75623815085,30.4,1747,991,59
172000103,2018,electricity,1521,8367.3,5.5,3539.75623815085,30.4,1747,991,59
172000103,2019,electricity,1552,8175.9,5.27,3539.75623815085,30.4,1747,991,59
172000103,2020,electricity,1573,8374.2,5.32,3539.75623815085,30.4,1747,991,59
172000103,2021,electricity,1605,8743.3,5.45,3539.75623815085,30.4,1747,991,59
172000103,2022,electricity,1598,7982.3,5.0,3539.75623815085,30.4,1747,991,59
172000103,2023,electricity,1610,7866.0,4.89,3539.75623815085,30.4,1747,991,59
172000103,2024,electricity,1616,7752.1,4.8,3539.75623815085,30.4,1747,991,59
172000103,2011,gas,854,11133.0,13.04,3539.75623815085,30.4,1747,991,59
172000103,2012,gas,866,12943.0,14.95,3539.75623815085,30.4,1747,991,59
172000103,2013,gas,860,13238.0,15.39,3539.75623815085,30.4,1747,991,59
172000103,2014,gas,892,10231.0,11.47,3539.75623815085,30.4,1747,991,59
172000103,2015,gas,944,11880.0,12.58,3539.75623815085,30.4,1747,991,59
172000103,2016,gas,947,12299.0,12.99,3539.75623815085,30.4,1747,991,59
172000103,2017,gas,943,12043.0,12.77,3539.75623815085,30.4,1747,991,59
172000103,2018,gas,895,10825.6,12.1,3539.75623815085,30.4,1747,991,59
172000103,2019,gas,941,10638.8,11.31,3539.75623815085,30.4,1747,991,59
172000103,2020,gas,953,10137.1,10.64,3539.75623815085,30.4,1747,991,59
172000103,2021,gas,972,11435.0,11.76,3539.75623815085,30.4,1747,991,59
172000103,2022,gas,957,8931.8,9.33,3539.75623815085,30.4,1747,991,59
172000103,2023,gas,944,8368.4,8.86,3539.75623815085,30.4,1747,991,59
172000103,2024,gas,935,8300.6,8.88,3539.75623815085,30.4,1747,991,59
172010000,2011,electricity,233,1667.3,7.16,488,43.3,189,104,21
172010000,2012,electricity,231,1847.1,8.0,488,43.3,189,104,21
172010000,2013,electricity,235,1967.7,8.37,488,43.3,189,104,21
172010000,2014,electricity,238,1817.0,7.63,488,43.3,189,104,21
172010000,2015,electricity,244,1886.7,7.73,488,43.3,189,104,21
172010000,2016,electricity,242,1969.3,8.14,488,43.3,189,104,21
172010000,2017,electricity,243,1944.5,8.0,488,43.3,189,104,21
172010000,2018,electricity,210,1608.0,7.66,488,43.3,189,104,21
172010000,2019,electricity,216,1609.0,7.45,488,43.3,189,104,21
172010000,2020,electricity,217,1625.3,7.49,488,43.3,189,104,21
172010000,2021,electricity,213,1778.5,8.35,488,43.3,189,104,21
172010000,2022,electricity,219,1636.2,7.47,488,43.3,189,104,21
172010000,2023,electricity,224,1439.2,6.42,488,43.3,189,104,21
172010000,2024,electricity,210,1254.7,5.97,488,43.3,189,104,21
172030000,2011,electricity,363,2562.2,7.06,778,42.8,309,152,39
172030000,2012,electricity,366,2814.8,7.69,778,42.8,309,152,39
172030000,2013,electricity,368,2946.3,8.01,778,42.8,309,152,39
172030000,2014,electricity,376,2648.7,7.04,778,42.8,309,152,39
172030000,2015,electricity,378,2688.7,7.11,778,42.8,309,152,39
172030000,2016,electricity,381,2840.3,7.45,778,42.8,309,152,39
172030000,2017,electricity,381,2797.7,7.34,778,42.8,309,152,39
172030000,2018,electricity,348,2590.9,7.45,778,42.8,309,152,39
172030000,2019,electricity,350,2642.9,7.55,778,42.8,309,152,39
172030000,2020,electricity,355,2670.7,7.52,778,42.8,309,152,39
172030000,2021,electricity,352,2808.5,7.98,778,42.8,309,152,39
172030000,2022,electricity,359,2563.1,7.14,778,42.8,309,152,39
172030000,2023,electricity,370,2538.4,6.86,778,42.8,309,152,39
172030000,2024,electricity,370,2451.7,6.63,778,42.8,309,152,39
172080000,2011,electricity,400,3296.9,8.24,1058,46.1,414,187,23
172080000,2012,electricity,406,3475.2,8.56,1058,46.1,414,187,23
172080000,2013,electricity,410,3624.1,8.84,1058,46.1,414,187,23
172080000,2014,electricity,419,3316.8,7.92,1058,46.1,414,187,23
172080000,2015,electricity,427,3531.9,8.27,1058,46.1,414,187,23
172080000,2016,electricity,437,3706.8,8.48,1058,46.1,414,187,23
172080000,2017,electricity,450,3667.8,8.15,1058,46.1,414,187,23
172080000,2018,electricity,433,3075.0,7.1,1058,46.1,414,187,23
172080000,2019,electricity,452,3254.6,7.2,1058,46.1,414,187,23
172080000,2020,electricity,462,3326.3,7.2,1058,46.1,414,187,23
172080000,2021,electricity,461,3547.6,7.7,1058,46.1,414,187,23
172080000,2022,electricity,472,3238.3,6.86,1058,46.1,414,187,23
172080000,2023,electricity,479,3168.0,6.61,1058,46.1,414,187,23
172080000,2024,electricity,475,3111.6,6.55,1058,46.1,414,187,23
172180000,2011,electricity,2720,18511.1,6.81,4500,50.5,2109,1219,319
172180000,2012,electricity,2742,20029.8,7.3,4500,50.5,2109,1219,319
172180000,2013,electricity,2754,20785.4,7.55,4500,50.5,2109,1219,319
172180000,2014,electricity,2747,18423.3,6.71,4500,50.5,2109,1219,319
172180000,2015,electricity,2758,18929.4,6.86,4500,50.5,2109,1219,319
172180000,2016,electricity,2771,19244.6,6.94,4500,50.5,2109,1219,319
172180000,2017,electricity,2789,18594.8,6.67,4500,50.5,2109,1219,319
172180000,2018,electricity,2415,14675.3,6.08,4500,50.5,2109,1219,319
172180000,2019,electricity,2449,14496.2,5.92,4500,50.5,2109,1219,319
172180000,2020,electricity,2481,14503.9,5.85,4500,50.5,2109,1219,319
172180000,2021,electricity,2513,15751.2,6.27,4500,50.5,2109,1219,319
172180000,2022,electricity,2525,14099.1,5.58,4500,50.5,2109,1219,319
172180000,2023,electricity,2552,13821.0,5.42,4500,50.5,2109,1219,319
172180000,2024,electricity,2548,13547.0,5.32,4500,50.5,2109,1219,319
172180000,2011,gas,238,3988.0,16.76,4500,50.5,2109,1219,319
172180000,2012,gas,238,4783.0,20.1,4500,50.5,2109,1219,319
172180000,2013,gas,246,4937.0,20.07,4500,50.5,2109,1219,319
172180000,2014,gas,263,3950.0,15.02,4500,50.5,2109,1219,319
172180000,2015,gas,271,4219.0,15.57,4500,50.5,2109,1219,319
172180000,2016,gas,277,4507.0,16.27,4500,50.5,2109,1219,319
172180000,2017,gas,288,4390.0,15.24,4500,50.5,2109,1219,319
172180000,2018,gas,272,2679.6,9.85,4500,50.5,2109,1219,319
172180000,2019,gas,275,2625.4,9.55,4500,50.5,2109,1219,319
172180000,2020,gas,280,2482.3,8.87,4500,50.5,2109,1219,319
172180000,2021,gas,279,2826.1,10.13,4500,50.5,2109,1219,319
172180000,2022,gas,282,2273.1,8.06,4500,50.5,2109,1219,319
172180000,2023,gas,278,2068.0,7.44,4500,50.5,2109,1219,319
172180000,2024,gas,273,2021.9,7.41,4500,50.5,2109,1219,319
172210000,2011,electricity,482,3171.4,6.58,930,31.4,391,222,81
172210000,2012,electricity,487,3661.9,7.52,930,31.4,391,222,81
172210000,2013,electricity,485,3841.6,7.92,930,31.4,391,222,81
172210000,2014,electricity,492,3465.6,7.04,930,31.4,391,222,81
172210000,2015,electricity,NA,,,930,31.4,391,222,81
172210000,2016,electricity,NA,,,930,31.4,391,222,81
172210000,2017,electricity,NA,,,930,31.4,391,222,81
172210000,2018,electricity,NA,,,930,31.4,391,222,81
172210000,2019,electricity,NA,,,930,31.4,391,222,81
172210000,2020,electricity,NA,,,930,31.4,391,222,81
172210000,2021,electricity,NA,,,930,31.4,391,222,81
172210000,2022,electricity,NA,,,930,31.4,391,222,81
172210000,2023,electricity,NA,,,930,31.4,391,222,81
172210000,2024,electricity,NA,,,930,31.4,391,222,81
172220000,2011,electricity,1355,10819.9,7.99,3194,44.9,1449,715,116
172220000,2012,electricity,1409,11591.0,8.23,3194,44.9,1449,715,116
172220000,2013,electricity,1467,11938.0,8.14,3194,44.9,1449,715,116
172220000,2014,electricity,1484,10750.5,7.24,3194,44.9,1449,715,116
172220000,2015,electricity,1522,11176.5,7.34,3194,44.9,1449,715,116
172220000,2016,electricity,1576,11547.4,7.33,3194,44.9,1449,715,116
172220000,2017,electricity,1593,11561.5,7.26,3194,44.9,1449,715,116
172220000,2018,electricity,1516,10847.3,7.16,3194,44.9,1449,715,116
172220000,2019,electricity,1551,10625.0,6.85,3194,44.9,1449,715,116
172220000,2020,electricity,1569,10965.4,6.99,3194,44.9,1449,715,116
172220000,2021,electricity,1574,11588.3,7.36,3194,44.9,1449,715,116
172220000,2022,electricity,1605,10495.1,6.54,3194,44.9,1449,715,116
172220000,2023,electricity,1608,10063.3,6.26,3194,44.9,1449,715,116
172220000,2024,electricity,1619,9887.7,6.11,3194,44.9,1449,715,116
172220000,2011,gas,395,5915.0,14.97,3194,44.9,1449,715,116
172220000,2012,gas,417,7003.0,16.79,3194,44.9,1449,715,116
172220000,2013,gas,457,7429.0,16.26,3194,44.9,1449,715,116
172220000,2014,gas,467,6141.0,13.15,3194,44.9,1449,715,116
172220000,2015,gas,481,6657.0,13.84,3194,44.9,1449,715,116
172220000,2016,gas,492,6951.0,14.13,3194,44.9,1449,715,116
172220000,2017,gas,497,6768.0,13.62,3194,44.9,1449,715,116
172220000,2018,gas,497,6363.4,12.8,3194,44.9,1449,715,116
172220000,2019,gas,515,6219.1,12.08,3194,44.9,1449,715,116
172220000,2020,gas,516,6024.8,11.68,3194,44.9,1449,715,116
172220000,2021,gas,527,6744.2,12.8,3194,44.9,1449,715,116
172220000,2022,gas,524,5220.7,9.96,3194,44.9,1449,715,116
172220000,2023,gas,515,4926.1,9.57,3194,44.9,1449,715,116
172220000,2024,gas,503,4827.3,9.6,3194,44.9,1449,715,116
172450000,2011,electricity,250,2076.8,8.31,918,50.5,363,204,21
172450000,2012,electricity,271,2221.2,8.2,918,50.5,363,204,21
172450000,2013,electricity,330,2630.5,7.97,918,50.5,363,204,21
172450000,2014,electricity,352,2642.2,7.51,918,50.5,363,204,21
172450000,2015,electricity,358,2801.5,7.83,918,50.5,363,204,21
172450000,2016,electricity,378,2941.6,7.78,918,50.5,363,204,21
172450000,2017,electricity,375,2938.1,7.83,918,50.5,363,204,21
172450000,2018,electricity,350,2705.7,7.73,918,50.5,363,204,21
172450000,2019,electricity,349,2668.1,7.64,918,50.5,363,204,21
172450000,2020,electricity,354,2694.5,7.61,918,50.5,363,204,21
172450000,2021,electricity,371,2919.5,7.87,918,50.5,363,204,21
172450000,2022,electricity,376,2687.8,7.15,918,50.5,363,204,21
172450000,2023,electricity,392,2615.9,6.67,918,50.5,363,204,21
172450000,2024,electricity,398,2585.4,6.5,918,50.5,363,204,21
172640101,2011,electricity,1366,9953.3,7.29,3033.76702340537,46.1,1405,857,153
172640101,2012,electricity,1380,10820.5,7.84,3033.76702340537,46.1,1405,857,153
172640101,2013,electricity,1383,11089.6,8.02,3033.76702340537,46.1,1405,857,153
172640101,2014,electricity,1427,9878.2,6.92,3033.76702340537,46.1,1405,857,153
172640101,2015,electricity,1443,10231.3,7.09,3033.76702340537,46.1,1405,857,153
172640101,2016,electricity,1489,10720.8,7.2,3033.76702340537,46.1,1405,857,153
172640101,2017,electricity,1497,10423.6,6.96,3033.76702340537,46.1,1405,857,153
172640101,2018,electricity,1437,9803.9,6.82,3033.76702340537,46.1,1405,857,153
172640101,2019,electricity,1438,9367.8,6.51,3033.76702340537,46.1,1405,857,153
172640101,2020,electricity,1450,9384.6,6.47,3033.76702340537,46.1,1405,857,153
172640101,2021,electricity,1466,10036.8,6.85,3033.76702340537,46.1,1405,857,153
172640101,2022,electricity,1474,9068.5,6.15,3033.76702340537,46.1,1405,857,153
172640101,2023,electricity,1488,8847.8,5.95,3033.76702340537,46.1,1405,857,153
172640101,2024,electricity,1499,8765.1,5.85,3033.76702340537,46.1,1405,857,153
172640101,2011,gas,373,5382.0,14.43,3033.76702340537,46.1,1405,857,153
172640101,2012,gas,366,6366.0,17.39,3033.76702340537,46.1,1405,857,153
172640101,2013,gas,372,6210.0,16.69,3033.76702340537,46.1,1405,857,153
172640101,2014,gas,375,5119.0,13.65,3033.76702340537,46.1,1405,857,153
172640101,2015,gas,377,5520.0,14.64,3033.76702340537,46.1,1405,857,153
172640101,2016,gas,403,5792.0,14.37,3033.76702340537,46.1,1405,857,153
172640101,2017,gas,410,5772.0,14.08,3033.76702340537,46.1,1405,857,153
172640101,2018,gas,419,5160.2,12.32,3033.76702340537,46.1,1405,857,153
172640101,2019,gas,449,5133.1,11.43,3033.76702340537,46.1,1405,857,153
172640101,2020,gas,425,4618.1,10.87,3033.76702340537,46.1,1405,857,153
172640101,2021,gas,433,5002.2,11.55,3033.76702340537,46.1,1405,857,153
172640101,2022,gas,425,4034.0,9.49,3033.76702340537,46.1,1405,857,153
172640101,2023,gas,423,3898.4,9.22,3033.76702340537,46.1,1405,857,153
172640101,2024,gas,412,3869.8,9.39,3033.76702340537,46.1,1405,857,153
172640102,2011,electricity,1421,9918.5,6.98,2764.23297659463,32.2,1319,838,34
172640102,2012,electricity,1435,10388.5,7.24,2764.23297659463,32.2,1319,838,34
172640102,2013,electricity,1476,10714.2,7.26,2764.23297659463,32.2,1319,838,34
172640102,2014,electricity,1490,9776.5,6.56,2764.23297659463,32.2,1319,838,34
172640102,2015,electricity,1548,10129.7,6.54,2764.23297659463,32.2,1319,838,34
172640102,2016,electricity,1567,10670.6,6.81,2764.23297659463,32.2,1319,838,34
172640102,2017,electricity,1579,10407.8,6.59,2764.23297659463,32.2,1319,838,34
172640102,2018,electricity,1530,9002.3,5.88,2764.23297659463,32.2,1319,838,34
172640102,2019,electricity,1545,8894.3,5.76,2764.23297659463,32.2,1319,838,34
172640102,2020,electricity,1552,8933.4,5.76,2764.23297659463,32.2,1319,838,34
172640102,2021,electricity,1563,9456.4,6.05,2764.23297659463,32.2,1319,838,34
172640102,2022,electricity,1569,8531.7,5.44,2764.23297659463,32.2,1319,838,34
172640102,2023,electricity,1573,8263.1,5.25,2764.23297659463,32.2,1319,838,34
172640102,2024,electricity,1578,8183.7,5.19,2764.23297659463,32.2,1319,838,34
172640102,2011,gas,678,8134.0,12.0,2764.23297659463,32.2,1319,838,34
172640102,2012,gas,680,9633.0,14.17,2764.23297659463,32.2,1319,838,34
172640102,2013,gas,691,9799.0,14.18,2764.23297659463,32.2,1319,838,34
172640102,2014,gas,693,7920.0,11.43,2764.23297659463,32.2,1319,838,34
172640102,2015,gas,725,8613.0,11.88,2764.23297659463,32.2,1319,838,34
172640102,2016,gas,723,9056.0,12.53,2764.23297659463,32.2,1319,838,34
172640102,2017,gas,723,8747.0,12.1,2764.23297659463,32.2,1319,838,34
172640102,2018,gas,757,7414.5,9.79,2764.23297659463,32.2,1319,838,34
172640102,2019,gas,774,7580.6,9.79,2764.23297659463,32.2,1319,838,34
172640102,2020,gas,798,7389.4,9.26,2764.23297659463,32.2,1319,838,34
172640102,2021,gas,786,8219.4,10.46,2764.23297659463,32.2,1319,838,34
172640102,2022,gas,792,6390.1,8.07,2764.23297659463,32.2,1319,838,34
172640102,2023,gas,783,5949.0,7.6,2764.23297659463,32.2,1319,838,34
172640102,2024,gas,771,5838.1,7.57,2764.23297659463,32.2,1319,838,34
172670000,2011,electricity,510,3994.7,7.83,1228,54.4,479,272,22
172670000,2012,electricity,531,4410.2,8.31,1228,54.4,479,272,22
172670000,2013,electricity,534,4627.5,8.67,1228,54.4,479,272,22
172670000,2014,electricity,542,4251.2,7.84,1228,54.4,479,272,22
172670000,2015,electricity,549,4459.9,8.12,1228,54.4,479,272,22
172670000,2016,electricity,551,4476.4,8.12,1228,54.4,479,272,22
172670000,2017,electricity,559,4163.1,7.45,1228,54.4,479,272,22
172670000,2018,electricity,519,3836.6,7.39,1228,54.4,479,272,22
172670000,2019,electricity,523,3888.5,7.43,1228,54.4,479,272,22
172670000,2020,electricity,522,3879.5,7.43,1228,54.4,479,272,22
172670000,2021,electricity,538,4161.8,7.74,1228,54.4,479,272,22
172670000,2022,electricity,555,3897.6,7.02,1228,54.4,479,272,22
172670000,2023,electricity,568,3843.6,6.77,1228,54.4,479,272,22
172670000,2024,electricity,576,3782.8,6.57,1228,54.4,479,272,22
172740101,2011,electricity,1145,8076.1,7.05,2579.50993715767,34.5,1264,678,39
172740101,2012,electricity,1250,9207.3,7.37,2579.50993715767,34.5,1264,678,39
172740101,2013,electricity,1294,9455.6,7.31,2579.50993715767,34.5,1264,678,39
172740101,2014,electricity,1386,8768.7,6.33,2579.50993715767,34.5,1264,678,39
172740101,2015,electricity,1430,9391.6,6.57,2579.50993715767,34.5,1264,678,39
172740101,2016,electricity,1554,9820.4,6.32,2579.50993715767,34.5,1264,678,39
172740101,2017,electricity,1590,9925.5,6.24,2579.50993715767,34.5,1264,678,39
172740101,2018,electricity,1395,7045.1,5.05,2579.50993715767,34.5,1264,678,39
172740101,2019,electricity,1500,7061.9,4.71,2579.50993715767,34.5,1264,678,39
172740101,2020,electricity,1502,7228.3,4.81,2579.50993715767,34.5,1264,678,39
172740101,2021,electricity,1510,7443.1,4.93,2579.50993715767,34.5,1264,678,39
172740101,2022,electricity,1552,6912.6,4.45,2579.50993715767,34.5,1264,678,39
172740101,2023,electricity,1588,6664.7,4.2,2579.50993715767,34.5,1264,678,39
172740101,2024,electricity,1576,6611.3,4.19,2579.50993715767,34.5,1264,678,39
172740101,2011,gas,491,9547.0,19.44,2579.50993715767,34.5,1264,678,39
172740101,2012,gas,526,11746.0,22.33,2579.50993715767,34.5,1264,678,39
172740101,2013,gas,521,12010.0,23.05,2579.50993715767,34.5,1264,678,39
172740101,2014,gas,572,9837.0,17.2,2579.50993715767,34.5,1264,678,39
172740101,2015,gas,628,10992.0,17.5,2579.50993715767,34.5,1264,678,39
172740101,2016,gas,683,11443.0,16.75,2579.50993715767,34.5,1264,678,39
172740101,2017,gas,682,11336.0,16.62,2579.50993715767,34.5,1264,678,39
172740101,2018,gas,656,6736.7,10.27,2579.50993715767,34.5,1264,678,39
172740101,2019,gas,726,6879.1,9.48,2579.50993715767,34.5,1264,678,39
172740101,2020,gas,721,6350.1,8.81,2579.50993715767,34.5,1264,678,39
172740101,2021,gas,746,7172.3,9.61,2579.50993715767,34.5,1264,678,39
172740101,2022,gas,763,7118.8,9.33,2579.50993715767,34.5,1264,678,39
172740101,2023,gas,775,6758.0,8.72,2579.50993715767,34.5,1264,678,39
172740101,2024,gas,755,6592.0,8.73,2579.50993715767,34.5,1264,678,39
172740102,2011,electricity,1139,7072.2,6.21,2300.76076673558,33.9,1126,782,39
172740102,2012,electricity,1163,7815.4,6.72,2300.76076673558,33.9,1126,782,39
172740102,2013,electricity,1170,7930.8,6.78,2300.76076673558,33.9,1126,782,39
172740102,2014,electricity,1174,7265.1,6.19,2300.76076673558,33.9,1126,782,39
172740102,2015,electricity,1232,7580.9,6.15,2300.76076673558,33.9,1126,782,39
172740102,2016,electricity,1245,7923.7,6.36,2300.76076673558,33.9,1126,782,39
172740102,2017,electricity,1260,7773.8,6.17,2300.76076673558,33.9,1126,782,39
172740102,2018,electricity,1148,6093.0,5.31,2300.76076673558,33.9,1126,782,39
172740102,2019,electricity,1134,5867.3,5.17,2300.76076673558,33.9,1126,782,39
172740102,2020,electricity,1134,5899.2,5.2,2300.76076673558,33.9,1126,782,39
172740102,2021,electricity,1264,6423.0,5.08,2300.76076673558,33.9,1126,782,39
172740102,2022,electricity,1308,6043.6,4.62,2300.76076673558,33.9,1126,782,39
172740102,2023,electricity,1323,5970.3,4.51,2300.76076673558,33.9,1126,782,39
172740102,2024,electricity,1327,5816.0,4.38,2300.76076673558,33.9,1126,782,39
172740102,2011,gas,607,7884.0,12.99,2300.76076673558,33.9,1126,782,39
172740102,2012,gas,618,9503.0,15.38,2300.76076673558,33.9,1126,782,39
172740102,2013,gas,616,9798.0,15.91,2300.76076673558,33.9,1126,782,39
172740102,2014,gas,613,7766.0,12.67,2300.76076673558,33.9,1126,782,39
172740102,2015,gas,622,8408.0,13.52,2300.76076673558,33.9,1126,782,39
172740102,2016,gas,621,8850.0,14.25,2300.76076673558,33.9,1126,782,39
172740102,2017,gas,618,8507.0,13.77,2300.76076673558,33.9,1126,782,39
172740102,2018,gas,590,7109.6,12.05,2300.76076673558,33.9,1126,782,39
172740102,2019,gas,593,6974.0,11.76,2300.76076673558,33.9,1126,782,39
172740102,2020,gas,595,6677.2,11.22,2300.76076673558,33.9,1126,782,39
172740102,2021,gas,597,7732.0,12.95,2300.76076673558,33.9,1126,782,39
172740102,2022,gas,615,6169.7,10.03,2300.76076673558,33.9,1126,782,39
172740102,2023,gas,603,5880.2,9.75,2300.76076673558,33.9,1126,782,39
172740102,2024,gas,592,5688.0,9.61,2300.76076673558,33.9,1126,782,39
172740103,2011,electricity,1495,10043.6,6.72,3860.72929610675,43.0,1715,931,41
172740103,2012,electricity,1633,10888.6,6.67,3860.72929610675,43.0,1715,931,41
172740103,2013,electricity,1737,11530.5,6.64,3860.72929610675,43.0,1715,931,41
172740103,2014,electricity,1790,10614.0,5.93,3860.72929610675,43.0,1715,931,41
172740103,2015,electricity,1825,10992.5,6.02,3860.72929610675,43.0,1715,931,41
172740103,2016,electricity,1850,11213.7,6.06,3860.72929610675,43.0,1715,931,41
172740103,2017,electricity,1853,10943.7,5.91,3860.72929610675,43.0,1715,931,41
172740103,2018,electricity,1708,10220.8,5.98,3860.72929610675,43.0,1715,931,41
172740103,2019,electricity,1742,9923.1,5.7,3860.72929610675,43.0,1715,931,41
172740103,2020,electricity,1749,9992.3,5.71,3860.72929610675,43.0,1715,931,41
172740103,2021,electricity,1773,10639.7,6.0,3860.72929610675,43.0,1715,931,41
172740103,2022,electricity,1774,9657.2,5.44,3860.72929610675,43.0,1715,931,41
172740103,2023,electricity,1782,9341.6,5.24,3860.72929610675,43.0,1715,931,41
172740103,2024,electricity,1788,9054.6,5.06,3860.72929610675,43.0,1715,931,41
172740103,2011,gas,566,7552.0,13.34,3860.72929610675,43.0,1715,931,41
172740103,2012,gas,633,8923.0,14.1,3860.72929610675,43.0,1715,931,41
172740103,2013,gas,713,9864.0,13.83,3860.72929610675,43.0,1715,931,41
172740103,2014,gas,729,7943.0,10.9,3860.72929610675,43.0,1715,931,41
172740103,2015,gas,767,8708.0,11.35,3860.72929610675,43.0,1715,931,41
172740103,2016,gas,774,9036.0,11.67,3860.72929610675,43.0,1715,931,41
172740103,2017,gas,778,8967.0,11.53,3860.72929610675,43.0,1715,931,41
172740103,2018,gas,761,7488.9,9.84,3860.72929610675,43.0,1715,931,41
172740103,2019,gas,800,7290.3,9.11,3860.72929610675,43.0,1715,931,41
172740103,2020,gas,794,7011.1,8.83,3860.72929610675,43.0,1715,931,41
172740103,2021,gas,792,7699.0,9.72,3860.72929610675,43.0,1715,931,41
172740103,2022,gas,793,6153.7,7.76,3860.72929610675,43.0,1715,931,41
172740103,2023,gas,791,5814.9,7.35,3860.72929610675,43.0,1715,931,41
172740103,2024,gas,778,5716.1,7.35,3860.72929610675,43.0,1715,931,41
172910000,2011,electricity,2816,19795.0,7.03,6635,36.1,3015,1713,92
172910000,2012,electricity,2838,21435.7,7.55,6635,36.1,3015,1713,92
172910000,2013,electricity,2966,21999.7,7.42,6635,36.1,3015,1713,92
172910000,2014,electricity,3030,20555.9,6.78,6635,36.1,3015,1713,92
172910000,2015,electricity,3099,21369.0,6.9,6635,36.1,3015,1713,92
172910000,2016,electricity,3352,22201.0,6.62,6635,36.1,3015,1713,92
172910000,2017,electricity,3438,22154.2,6.44,6635,36.1,3015,1713,92
172910000,2018,electricity,2979,16228.6,5.45,6635,36.1,3015,1713,92
172910000,2019,electricity,3095,16082.7,5.2,6635,36.1,3015,1713,92
172910000,2020,electricity,3118,16225.1,5.2,6635,36.1,3015,1713,92
172910000,2021,electricity,3194,17018.3,5.33,6635,36.1,3015,1713,92
172910000,2022,electricity,3252,15685.8,4.82,6635,36.1,3015,1713,92
172910000,2023,electricity,3420,15472.8,4.52,6635,36.1,3015,1713,92
172910000,2024,electricity,3461,15381.2,4.44,6635,36.1,3015,1713,92
172910000,2011,gas,1191,17003.0,14.28,6635,36.1,3015,1713,92
172910000,2012,gas,1196,20197.0,16.89,6635,36.1,3015,1713,92
172910000,2013,gas,1228,20255.0,16.49,6635,36.1,3015,1713,92
172910000,2014,gas,1291,16896.0,13.09,6635,36.1,3015,1713,92
172910000,2015,gas,1334,17857.0,13.39,6635,36.1,3015,1713,92
172910000,2016,gas,1406,18628.0,13.25,6635,36.1,3015,1713,92
172910000,2017,gas,1415,18824.0,13.3,6635,36.1,3015,1713,92
172910000,2018,gas,1393,15178.7,10.9,6635,36.1,3015,1713,92
172910000,2019,gas,1406,14841.1,10.56,6635,36.1,3015,1713,92
172910000,2020,gas,1394,14482.8,10.39,6635,36.1,3015,1713,92
172910000,2021,gas,1424,18156.2,12.75,6635,36.1,3015,1713,92
172910000,2022,gas,1423,14312.7,10.06,6635,36.1,3015,1713,92
172910000,2023,gas,1516,13139.1,8.67,6635,36.1,3015,1713,92
172910000,2024,gas,1486,13034.3,8.77,6635,36.1,3015,1713,92
172930000,2011,electricity,319,2244.2,7.04,705,36.3,285,192,19
172930000,2012,electricity,327,2491.8,7.62,705,36.3,285,192,19
172930000,2013,electricity,337,2576.1,7.64,705,36.3,285,192,19
172930000,2014,electricity,343,2414.7,7.04,705,36.3,285,192,19
172930000,2015,electricity,340,2436.0,7.16,705,36.3,285,192,19
172930000,2016,electricity,342,2490.3,7.28,705,36.3,285,192,19
172930000,2017,electricity,346,2388.5,6.9,705,36.3,285,192,19
172930000,2018,electricity,313,2172.2,6.94,705,36.3,285,192,19
172930000,2019,electricity,315,2223.9,7.06,705,36.3,285,192,19
172930000,2020,electricity,323,2235.2,6.92,705,36.3,285,192,19
172930000,2021,electricity,331,2421.6,7.32,705,36.3,285,192,19
172930000,2022,electricity,339,2196.5,6.48,705,36.3,285,192,19
172930000,2023,electricity,365,2164.8,5.93,705,36.3,285,192,19
172930000,2024,electricity,399,2193.7,5.5,705,36.3,285,192,19
173000101,2011,electricity,2785,12326.1,4.43,2292.85753295302,71.0,1414,965,194
173000101,2012,electricity,2837,12968.1,4.57,2292.85753295302,71.0,1414,965,194
173000101,2013,electricity,2840,13245.1,4.66,2292.85753295302,71.0,1414,965,194
173000101,2014,electricity,2839,11744.9,4.14,2292.85753295302,71.0,1414,965,194
173000101,2015,electricity,2844,12080.0,4.25,2292.85753295302,71.0,1414,965,194
173000101,2016,electricity,2859,12090.0,4.23,2292.85753295302,71.0,1414,965,194
173000101,2017,electricity,2891,11920.3,4.12,2292.85753295302,71.0,1414,965,194
173000101,2018,electricity,2220,7650.4,3.45,2292.85753295302,71.0,1414,965,194
173000101,2019,electricity,2241,7758.9,3.46,2292.85753295302,71.0,1414,965,194
173000101,2020,electricity,2250,7519.7,3.34,2292.85753295302,71.0,1414,965,194
173000101,2021,electricity,2257,8338.6,3.69,2292.85753295302,71.0,1414,965,194
173000101,2022,electricity,2274,7450.0,3.28,2292.85753295302,71.0,1414,965,194
173000101,2023,electricity,2267,7112.9,3.14,2292.85753295302,71.0,1414,965,194
173000101,2024,electricity,2275,7041.6,3.1,2292.85753295302,71.0,1414,965,194
173000101,2011,gas,494,7383.0,14.95,2292.85753295302,71.0,1414,965,194
173000101,2012,gas,476,8559.0,17.98,2292.85753295302,71.0,1414,965,194
173000101,2013,gas,457,8631.0,18.89,2292.85753295302,71.0,1414,965,194
173000101,2014,gas,448,6906.0,15.42,2292.85753295302,71.0,1414,965,194
173000101,2015,gas,453,7145.0,15.77,2292.85753295302,71.0,1414,965,194
173000101,2016,gas,446,7252.0,16.26,2292.85753295302,71.0,1414,965,194
173000101,2017,gas,434,6892.0,15.88,2292.85753295302,71.0,1414,965,194
173000101,2018,gas,363,4483.1,12.35,2292.85753295302,71.0,1414,965,194
173000101,2019,gas,355,4370.5,12.31,2292.85753295302,71.0,1414,965,194
173000101,2020,gas,343,3733.9,10.89,2292.85753295302,71.0,1414,965,194
173000101,2021,gas,323,3698.7,11.45,2292.85753295302,71.0,1414,965,194
173000101,2022,gas,317,2981.2,9.4,2292.85753295302,71.0,1414,965,194
173000101,2023,gas,316,2759.0,8.73,2292.85753295302,71.0,1414,965,194
173000101,2024,gas,298,2579.7,8.66,2292.85753295302,71.0,1414,965,194
173000102,2011,electricity,3045,16658.1,5.47,1945.30623121552,71.1,1384,1011,136
173000102,2012,electricity,3086,17584.9,5.7,1945.30623121552,71.1,1384,1011,136
173000102,2013,electricity,3102,17789.6,5.73,1945.30623121552,71.1,1384,1011,136
173000102,2014,electricity,3113,16004.3,5.14,1945.30623121552,71.1,1384,1011,136
173000102,2015,electricity,3111,16252.1,5.22,1945.30623121552,71.1,1384,1011,136
173000102,2016,electricity,3200,16583.8,5.18,1945.30623121552,71.1,1384,1011,136
173000102,2017,electricity,3214,16653.9,5.18,1945.30623121552,71.1,1384,1011,136
173000102,2018,electricity,2328,8394.4,3.61,1945.30623121552,71.1,1384,1011,136
173000102,2019,electricity,2342,8120.6,3.47,1945.30623121552,71.1,1384,1011,136
173000102,2020,electricity,2362,7938.2,3.36,1945.30623121552,71.1,1384,1011,136
173000102,2021,electricity,2353,8945.7,3.8,1945.30623121552,71.1,1384,1011,136
173000102,2022,electricity,2370,7923.2,3.34,1945.30623121552,71.1,1384,1011,136
173000102,2023,electricity,2378,7623.5,3.21,1945.30623121552,71.1,1384,1011,136
173000102,2024,electricity,2368,7335.9,3.1,1945.30623121552,71.1,1384,1011,136
173000102,2011,gas,486,8052.0,16.57,1945.30623121552,71.1,1384,1011,136
173000102,2012,gas,483,8919.0,18.47,1945.30623121552,71.1,1384,1011,136
173000102,2013,gas,466,9313.0,19.98,1945.30623121552,71.1,1384,1011,136
173000102,2014,gas,456,7392.0,16.21,1945.30623121552,71.1,1384,1011,136
173000102,2015,gas,466,7616.0,16.34,1945.30623121552,71.1,1384,1011,136
173000102,2016,gas,454,7704.0,16.97,1945.30623121552,71.1,1384,1011,136
173000102,2017,gas,453,7641.0,16.87,1945.30623121552,71.1,1384,1011,136
173000102,2018,gas,360,4422.0,12.28,1945.30623121552,71.1,1384,1011,136
173000102,2019,gas,354,4354.7,12.3,1945.30623121552,71.1,1384,1011,136
173000102,2020,gas,326,4056.9,12.44,1945.30623121552,71.1,1384,1011,136
173000102,2021,gas,311,3864.6,12.43,1945.30623121552,71.1,1384,1011,136
173000102,2022,gas,312,3082.8,9.88,1945.30623121552,71.1,1384,1011,136
173000102,2023,gas,347,2845.9,8.2,1945.30623121552,71.1,1384,1011,136
173000102,2024,gas,344,2803.9,8.15,1945.30623121552,71.1,1384,1011,136
173000103,2011,electricity,3100,16550.3,5.34,2406.81762357439,70.0,1570,1123,182
173000103,2012,electricity,3132,17194.8,5.49,2406.81762357439,70.0,1570,1123,182
173000103,2013,electricity,3152,17354.2,5.51,2406.81762357439,70.0,1570,1123,182
173000103,2014,electricity,3170,15490.5,4.89,2406.81762357439,70.0,1570,1123,182
173000103,2015,electricity,3245,15962.6,4.92,2406.81762357439,70.0,1570,1123,182
173000103,2016,electricity,3286,16100.1,4.9,2406.81762357439,70.0,1570,1123,182
173000103,2017,electricity,3304,16136.6,4.88,2406.81762357439,70.0,1570,1123,182
173000103,2018,electricity,2476,8867.5,3.58,2406.81762357439,70.0,1570,1123,182
173000103,2019,electricity,2513,8729.8,3.47,2406.81762357439,70.0,1570,1123,182
173000103,2020,electricity,2526,8502.5,3.37,2406.81762357439,70.0,1570,1123,182
173000103,2021,electricity,2642,9926.8,3.76,2406.81762357439,70.0,1570,1123,182
173000103,2022,electricity,2659,8912.0,3.35,2406.81762357439,70.0,1570,1123,182
173000103,2023,electricity,2660,8742.5,3.29,2406.81762357439,70.0,1570,1123,182
173000103,2024,electricity,2666,8489.1,3.18,2406.81762357439,70.0,1570,1123,182
173000103,2011,gas,596,11518.0,19.33,2406.81762357439,70.0,1570,1123,182
173000103,2012,gas,581,13161.0,22.65,2406.81762357439,70.0,1570,1123,182
173000103,2013,gas,566,14169.0,25.03,2406.81762357439,70.0,1570,1123,182
173000103,2014,gas,556,11160.0,20.07,2406.81762357439,70.0,1570,1123,182
173000103,2015,gas,562,12225.0,21.75,2406.81762357439,70.0,1570,1123,182
173000103,2016,gas,563,12904.0,22.92,2406.81762357439,70.0,1570,1123,182
173000103,2017,gas,556,12651.0,22.75,2406.81762357439,70.0,1570,1123,182
173000103,2018,gas,480,6362.0,13.25,2406.81762357439,70.0,1570,1123,182
173000103,2019,gas,473,6326.6,13.38,2406.81762357439,70.0,1570,1123,182
173000103,2020,gas,462,5640.8,12.21,2406.81762357439,70.0,1570,1123,182
173000103,2021,gas,442,5892.9,13.33,2406.81762357439,70.0,1570,1123,182
173000103,2022,gas,404,4548.3,11.26,2406.81762357439,70.0,1570,1123,182
173000103,2023,gas,419,4444.7,10.61,2406.81762357439,70.0,1570,1123,182
173000103,2024,gas,412,4250.6,10.32,2406.81762357439,70.0,1570,1123,182
173000104,2011,electricity,2543,10655.8,4.19,3162.2178713764,38.9,1766,1104,111
173000104,2012,electricity,2681,11576.4,4.32,3162.2178713764,38.9,1766,1104,111
173000104,2013,electricity,2758,12015.5,4.36,3162.2178713764,38.9,1766,1104,111
173000104,2014,electricity,2773,11176.3,4.03,3162.2178713764,38.9,1766,1104,111
173000104,2015,electricity,2806,11554.0,4.12,3162.2178713764,38.9,1766,1104,111
173000104,2016,electricity,2916,11709.9,4.02,3162.2178713764,38.9,1766,1104,111
173000104,2017,electricity,2933,11377.8,3.88,3162.2178713764,38.9,1766,1104,111
173000104,2018,electricity,2317,6736.0,2.91,3162.2178713764,38.9,1766,1104,111
173000104,2019,electricity,2419,6883.8,2.85,3162.2178713764,38.9,1766,1104,111
173000104,2020,electricity,2461,6869.8,2.79,3162.2178713764,38.9,1766,1104,111
173000104,2021,electricity,2592,7668.0,2.96,3162.2178713764,38.9,1766,1104,111
173000104,2022,electricity,2602,6975.2,2.68,3162.2178713764,38.9,1766,1104,111
173000104,2023,electricity,2668,6852.5,2.57,3162.2178713764,38.9,1766,1104,111
173000104,2024,electricity,2728,6809.3,2.5,3162.2178713764,38.9,1766,1104,111
173000104,2011,gas,823,11027.0,13.4,3162.2178713764,38.9,1766,1104,111
173000104,2012,gas,835,13395.0,16.04,3162.2178713764,38.9,1766,1104,111
173000104,2013,gas,820,14440.0,17.61,3162.2178713764,38.9,1766,1104,111
173000104,2014,gas,811,11454.0,14.12,3162.2178713764,38.9,1766,1104,111
173000104,2015,gas,861,12303.0,14.29,3162.2178713764,38.9,1766,1104,111
173000104,2016,gas,916,13408.0,14.64,3162.2178713764,38.9,1766,1104,111
173000104,2017,gas,899,13140.0,14.62,3162.2178713764,38.9,1766,1104,111
173000104,2018,gas,878,9072.8,10.33,3162.2178713764,38.9,1766,1104,111
173000104,2019,gas,967,9042.2,9.35,3162.2178713764,38.9,1766,1104,111
173000104,2020,gas,935,8215.0,8.79,3162.2178713764,38.9,1766,1104,111
173000104,2021,gas,928,9384.7,10.11,3162.2178713764,38.9,1766,1104,111
173000104,2022,gas,926,7906.8,8.54,3162.2178713764,38.9,1766,1104,111
173000104,2023,gas,907,7505.0,8.27,3162.2178713764,38.9,1766,1104,111
173000104,2024,gas,953,7347.1,7.71,3162.2178713764,38.9,1766,1104,111
173000201,2011,electricity,1647,5962.7,3.62,1811.21177684714,21.7,1112,882,110
173000201,2012,electricity,1650,6147.1,3.73,1811.21177684714,21.7,1112,882,110
173000201,2013,electricity,1654,6167.1,3.73,1811.21177684714,21.7,1112,882,110
173000201,2014,electricity,1647,5723.4,3.48,1811.21177684714,21.7,1112,882,110
173000201,2015,electricity,1647,5764.5,3.5,1811.21177684714,21.7,1112,882,110
173000201,2016,electricity,1650,5882.6,3.57,1811.21177684714,21.7,1112,882,110
173000201,2017,electricity,1666,5814.3,3.49,1811.21177684714,21.7,1112,882,110
173000201,2018,electricity,1492,4357.8,2.92,1811.21177684714,21.7,1112,882,110
173000201,2019,electricity,1489,4442.7,2.98,1811.21177684714,21.7,1112,882,110
173000201,2020,electricity,1484,4328.9,2.92,1811.21177684714,21.7,1112,882,110
173000201,2021,electricity,1511,4764.2,3.15,1811.21177684714,21.7,1112,882,110
173000201,2022,electricity,1514,4355.7,2.88,1811.21177684714,21.7,1112,882,110
173000201,2023,electricity,1515,4216.4,2.78,1811.21177684714,21.7,1112,882,110
173000201,2024,electricity,1523,4228.6,2.78,1811.21177684714,21.7,1112,882,110
173000201,2011,gas,559,10754.0,19.24,1811.21177684714,21.7,1112,882,110
173000201,2012,gas,551,12635.0,22.93,1811.21177684714,21.7,1112,882,110
173000201,2013,gas,542,13157.0,24.27,1811.21177684714,21.7,1112,882,110
173000201,2014,gas,527,10371.0,19.68,1811.21177684714,21.7,1112,882,110
173000201,2015,gas,534,10862.0,20.34,1811.21177684714,21.7,1112,882,110
173000201,2016,gas,526,11360.0,21.6,1811.21177684714,21.7,1112,882,110
173000201,2017,gas,536,11127.0,20.76,1811.21177684714,21.7,1112,882,110
173000201,2018,gas,519,6151.0,11.85,1811.21177684714,21.7,1112,882,110
173000201,2019,gas,517,5991.1,11.59,1811.21177684714,21.7,1112,882,110
173000201,2020,gas,484,5399.4,11.16,1811.21177684714,21.7,1112,882,110
173000201,2021,gas,477,5972.7,12.52,1811.21177684714,21.7,1112,882,110
173000201,2022,gas,472,4791.4,10.15,1811.21177684714,21.7,1112,882,110
173000201,2023,gas,470,4606.8,9.8,1811.21177684714,21.7,1112,882,110
173000201,2024,gas,466,5211.2,11.18,1811.21177684714,21.7,1112,882,110
173000202,2011,electricity,2435,11766.5,4.83,3847.09194197606,19.2,1981,1082,285
173000202,2012,electricity,2431,12538.9,5.16,3847.09194197606,19.2,1981,1082,285
173000202,2013,electricity,2439,12786.6,5.24,3847.09194197606,19.2,1981,1082,285
173000202,2014,electricity,2432,11433.3,4.7,3847.09194197606,19.2,1981,1082,285
173000202,2015,electricity,2521,11766.1,4.67,3847.09194197606,19.2,1981,1082,285
173000202,2016,electricity,2670,12163.3,4.56,3847.09194197606,19.2,1981,1082,285
173000202,2017,electricity,2751,12182.3,4.43,3847.09194197606,19.2,1981,1082,285
173000202,2018,electricity,2597,10340.9,3.98,3847.09194197606,19.2,1981,1082,285
173000202,2019,electricity,2611,10423.9,3.99,3847.09194197606,19.2,1981,1082,285
173000202,2020,electricity,2618,10740.3,4.1,3847.09194197606,19.2,1981,1082,285
173000202,2021,electricity,2598,11063.0,4.26,3847.09194197606,19.2,1981,1082,285
173000202,2022,electricity,2600,10124.0,3.89,3847.09194197606,19.2,1981,1082,285
173000202,2023,electricity,2606,9807.9,3.76,3847.09194197606,19.2,1981,1082,285
173000202,2024,electricity,2613,9978.8,3.82,3847.09194197606,19.2,1981,1082,285
173000202,2011,gas,1449,23747.0,16.39,3847.09194197606,19.2,1981,1082,285
173000202,2012,gas,1431,27768.0,19.4,3847.09194197606,19.2,1981,1082,285
173000202,2013,gas,1428,28157.0,19.72,3847.09194197606,19.2,1981,1082,285
173000202,2014,gas,1421,22327.0,15.71,3847.09194197606,19.2,1981,1082,285
173000202,2015,gas,1457,24287.0,16.67,3847.09194197606,19.2,1981,1082,285
173000202,2016,gas,1468,25547.0,17.4,3847.09194197606,19.2,1981,1082,285
173000202,2017,gas,1479,24827.0,16.79,3847.09194197606,19.2,1981,1082,285
173000202,2018,gas,1435,21274.5,14.83,3847.09194197606,19.2,1981,1082,285
173000202,2019,gas,1439,20554.0,14.28,3847.09194197606,19.2,1981,1082,285
173000202,2020,gas,1663,20735.8,12.47,3847.09194197606,19.2,1981,1082,285
173000202,2021,gas,1651,23232.8,14.07,3847.09194197606,19.2,1981,1082,285
173000202,2022,gas,1640,18364.9,11.2,3847.09194197606,19.2,1981,1082,285
173000202,2023,gas,1624,17576.8,10.82,3847.09194197606,19.2,1981,1082,285
173000202,2024,gas,1599,17207.2,10.76,3847.09194197606,19.2,1981,1082,285
173000301,2011,electricity,1704,5585.9,3.28,2005.62597905033,23.5,1221,610,59
173000301,2012,electricity,1700,5907.6,3.48,2005.62597905033,23.5,1221,610,59
173000301,2013,electricity,1701,5935.8,3.49,2005.62597905033,23.5,1221,610,59
173000301,2014,electricity,1701,5363.4,3.15,2005.62597905033,23.5,1221,610,59
173000301,2015,electricity,1709,5539.0,3.24,2005.62597905033,23.5,1221,610,59
173000301,2016,electricity,1717,5645.7,3.29,2005.62597905033,23.5,1221,610,59
173000301,2017,electricity,1701,5619.0,3.3,2005.62597905033,23.5,1221,610,59
173000301,2018,electricity,1574,4418.1,2.81,2005.62597905033,23.5,1221,610,59
173000301,2019,electricity,1577,4314.9,2.74,2005.62597905033,23.5,1221,610,59
173000301,2020,electricity,1569,4293.9,2.74,2005.62597905033,23.5,1221,610,59
173000301,2021,electricity,1601,4543.2,2.84,2005.62597905033,23.5,1221,610,59
173000301,2022,electricity,1627,4191.7,2.58,2005.62597905033,23.5,1221,610,59
173000301,2023,electricity,1621,4098.6,2.53,2005.62597905033,23.5,1221,610,59
173000301,2024,electricity,1620,4057.9,2.5,2005.62597905033,23.5,1221,610,59
173000301,2011,gas,943,8636.0,9.16,2005.62597905033,23.5,1221,610,59
173000301,2012,gas,937,10201.0,10.89,2005.62597905033,23.5,1221,610,59
173000301,2013,gas,931,9480.0,10.18,2005.62597905033,23.5,1221,610,59
173000301,2014,gas,912,5139.0,5.63,2005.62597905033,23.5,1221,610,59
173000301,2015,gas,918,5044.0,5.49,2005.62597905033,23.5,1221,610,59
173000301,2016,gas,916,5062.0,5.53,2005.62597905033,23.5,1221,610,59
173000301,2017,gas,910,4833.0,5.31,2005.62597905033,23.5,1221,610,59
173000301,2018,gas,906,4683.8,5.17,2005.62597905033,23.5,1221,610,59
173000301,2019,gas,898,4648.7,5.18,2005.62597905033,23.5,1221,610,59
173000301,2020,gas,864,4161.4,4.82,2005.62597905033,23.5,1221,610,59
173000301,2021,gas,899,4686.3,5.21,2005.62597905033,23.5,1221,610,59
173000301,2022,gas,915,3999.7,4.37,2005.62597905033,23.5,1221,610,59
173000301,2023,gas,904,3797.7,4.2,2005.62597905033,23.5,1221,610,59
173000301,2024,gas,889,3741.7,4.21,2005.62597905033,23.5,1221,610,59
173000302,2011,electricity,1739,5265.6,3.03,2848.96168588045,11.9,1505,726,82
173000302,2012,electricity,1739,5501.8,3.16,2848.96168588045,11.9,1505,726,82
173000302,2013,electricity,1759,5612.6,3.19,2848.96168588045,11.9,1505,726,82
173000302,2014,electricity,1761,5147.0,2.92,2848.96168588045,11.9,1505,726,82
173000302,2015,electricity,1760,5249.1,2.98,2848.96168588045,11.9,1505,726,82
173000302,2016,electricity,1763,5231.9,2.97,2848.96168588045,11.9,1505,726,82
173000302,2017,electricity,1772,5133.8,2.9,2848.96168588045,11.9,1505,726,82
173000302,2018,electricity,1612,3872.5,2.4,2848.96168588045,11.9,1505,726,82
173000302,2019,electricity,1695,3908.6,2.31,2848.96168588045,11.9,1505,726,82
173000302,2020,electricity,1693,4002.0,2.36,2848.96168588045,11.9,1505,726,82
173000302,2021,electricity,1698,4163.2,2.45,2848.96168588045,11.9,1505,726,82
173000302,2022,electricity,1704,3852.4,2.26,2848.96168588045,11.9,1505,726,82
173000302,2023,electricity,1702,3764.3,2.21,2848.96168588045,11.9,1505,726,82
173000302,2024,electricity,1703,3774.0,2.22,2848.96168588045,11.9,1505,726,82
173000302,2011,gas,1193,8817.0,7.39,2848.96168588045,11.9,1505,726,82
173000302,2012,gas,1194,10162.0,8.51,2848.96168588045,11.9,1505,726,82
173000302,2013,gas,1195,9195.0,7.69,2848.96168588045,11.9,1505,726,82
173000302,2014,gas,1180,5452.0,4.62,2848.96168588045,11.9,1505,726,82
173000302,2015,gas,1195,5670.0,4.74,2848.96168588045,11.9,1505,726,82
173000302,2016,gas,1191,5938.0,4.99,2848.96168588045,11.9,1505,726,82
173000302,2017,gas,1194,5809.0,4.87,2848.96168588045,11.9,1505,726,82
173000302,2018,gas,1169,4633.5,3.96,2848.96168588045,11.9,1505,726,82
173000302,2019,gas,1175,4465.5,3.8,2848.96168588045,11.9,1505,726,82
173000302,2020,gas,1190,4373.2,3.67,2848.96168588045,11.9,1505,726,82
173000302,2021,gas,1211,4699.9,3.88,2848.96168588045,11.9,1505,726,82
173000302,2022,gas,1198,3860.8,3.22,2848.96168588045,11.9,1505,726,82
173000302,2023,gas,1113,3574.1,3.21,2848.96168588045,11.9,1505,726,82
173000302,2024,gas,1110,3457.3,3.11,2848.96168588045,11.9,1505,726,82
173000401,2011,electricity,350,3570.5,10.2,222.334349363528,53.4,121,69,19
173000401,2012,electricity,363,3916.4,10.79,222.334349363528,53.4,121,69,19
173000401,2013,electricity,374,4105.8,10.98,222.334349363528,53.4,121,69,19
173000401,2014,electricity,377,3736.9,9.91,222.334349363528,53.4,121,69,19
173000401,2015,electricity,379,3903.8,10.3,222.334349363528,53.4,121,69,19
173000401,2016,electricity,396,4298.4,10.85,222.334349363528,53.4,121,69,19
173000401,2017,electricity,395,4458.6,11.29,222.334349363528,53.4,121,69,19
173000401,2018,electricity,93,420.8,4.52,222.334349363528,53.4,121,69,19
173000401,2019,electricity,95,412.1,4.34,222.334349363528,53.4,121,69,19
173000401,2020,electricity,93,395.5,4.25,222.334349363528,53.4,121,69,19
173000401,2021,electricity,100,507.8,5.08,222.334349363528,53.4,121,69,19
173000401,2022,electricity,172,435.9,2.53,222.334349363528,53.4,121,69,19
173000401,2023,electricity,181,532.1,2.94,222.334349363528,53.4,121,69,19
173000401,2024,electricity,180,566.5,3.15,222.334349363528,53.4,121,69,19
173000401,2011,gas,94,5902.0,62.79,222.334349363528,53.4,121,69,19
173000401,2012,gas,94,10143.0,107.9,222.334349363528,53.4,121,69,19
173000401,2013,gas,95,11518.0,121.24,222.334349363528,53.4,121,69,19
173000401,2014,gas,93,11120.0,119.57,222.334349363528,53.4,121,69,19
173000401,2015,gas,89,9414.0,105.78,222.334349363528,53.4,121,69,19
173000401,2016,gas,89,7273.0,81.72,222.334349363528,53.4,121,69,19
173000401,2017,gas,89,8972.0,100.81,222.334349363528,53.4,121,69,19
173000401,2018,gas,49,703.2,14.35,222.334349363528,53.4,121,69,19
173000401,2019,gas,84,702.5,8.36,222.334349363528,53.4,121,69,19
173000401,2020,gas,77,478.0,6.21,222.334349363528,53.4,121,69,19
173000401,2021,gas,40,428.8,10.72,222.334349363528,53.4,121,69,19
173000401,2022,gas,40,322.2,8.06,222.334349363528,53.4,121,69,19
173000401,2023,gas,40,686.7,17.17,222.334349363528,53.4,121,69,19
173000401,2024,gas,39,684.1,17.54,222.334349363528,53.4,121,69,19
173000402,2011,electricity,1729,7218.5,4.17,2645.59507032958,17.5,1429,679,141
173000402,2012,electricity,1745,7799.0,4.47,2645.59507032958,17.5,1429,679,141
173000402,2013,electricity,1758,8026.0,4.57,2645.59507032958,17.5,1429,679,141
173000402,2014,electricity,1778,7307.2,4.11,2645.59507032958,17.5,1429,679,141
173000402,2015,electricity,1778,7583.3,4.27,2645.59507032958,17.5,1429,679,141
173000402,2016,electricity,1833,7717.4,4.21,2645.59507032958,17.5,1429,679,141
173000402,2017,electricity,1903,7708.8,4.05,2645.59507032958,17.5,1429,679,141
173000402,2018,electricity,1659,5516.2,3.33,2645.59507032958,17.5,1429,679,141
173000402,2019,electricity,1649,5353.9,3.25,2645.59507032958,17.5,1429,679,141
173000402,2020,electricity,1642,5363.4,3.27,2645.59507032958,17.5,1429,679,141
173000402,2021,electricity,1709,5688.4,3.33,2645.59507032958,17.5,1429,679,141
173000402,2022,electricity,1712,5294.8,3.09,2645.59507032958,17.5,1429,679,141
173000402,2023,electricity,1766,5133.1,2.91,2645.59507032958,17.5,1429,679,141
173000402,2024,electricity,1775,5075.6,2.86,2645.59507032958,17.5,1429,679,141
173000402,2011,gas,1039,11136.0,10.72,2645.59507032958,17.5,1429,679,141
173000402,2012,gas,1030,12878.0,12.5,2645.59507032958,17.5,1429,679,141
173000402,2013,gas,1034,13385.0,12.94,2645.59507032958,17.5,1429,679,141
173000402,2014,gas,1015,10622.0,10.47,2645.59507032958,17.5,1429,679,141
173000402,2015,gas,1023,10761.0,10.52,2645.59507032958,17.5,1429,679,141
173000402,2016,gas,1030,10893.0,10.58,2645.59507032958,17.5,1429,679,141
173000402,2017,gas,1096,10648.0,9.72,2645.59507032958,17.5,1429,679,141
173000402,2018,gas,1067,8465.7,7.93,2645.59507032958,17.5,1429,679,141
173000402,2019,gas,1076,8129.1,7.55,2645.59507032958,17.5,1429,679,141
173000402,2020,gas,1282,8384.7,6.54,2645.59507032958,17.5,1429,679,141
173000402,2021,gas,1212,8670.8,7.15,2645.59507032958,17.5,1429,679,141
173000402,2022,gas,1072,6543.3,6.1,2645.59507032958,17.5,1429,679,141
173000402,2023,gas,1086,6171.3,5.68,2645.59507032958,17.5,1429,679,141
173000402,2024,gas,1083,6087.5,5.62,2645.59507032958,17.5,1429,679,141
173000403,2011,electricity,1964,9647.5,4.91,3330.16495748065,27.1,1616,977,241
173000403,2012,electricity,2018,10266.5,5.09,3330.16495748065,27.1,1616,977,241
173000403,2013,electricity,2031,10564.2,5.2,3330.16495748065,27.1,1616,977,241
173000403,2014,electricity,2032,9641.5,4.74,3330.16495748065,27.1,1616,977,241
173000403,2015,electricity,2042,9770.6,4.78,3330.16495748065,27.1,1616,977,241
173000403,2016,electricity,2102,9998.9,4.76,3330.16495748065,27.1,1616,977,241
173000403,2017,electricity,2143,9841.1,4.59,3330.16495748065,27.1,1616,977,241
173000403,2018,electricity,1880,7429.2,3.95,3330.16495748065,27.1,1616,977,241
173000403,2019,electricity,1900,7317.3,3.85,3330.16495748065,27.1,1616,977,241
173000403,2020,electricity,1929,7348.7,3.81,3330.16495748065,27.1,1616,977,241
173000403,2021,electricity,2038,7714.9,3.79,3330.16495748065,27.1,1616,977,241
173000403,2022,electricity,2068,7228.7,3.5,3330.16495748065,27.1,1616,977,241
173000403,2023,electricity,2065,6978.6,3.38,3330.16495748065,27.1,1616,977,241
173000403,2024,electricity,2114,7007.9,3.31,3330.16495748065,27.1,1616,977,241
173000403,2011,gas,1089,13958.0,12.82,3330.16495748065,27.1,1616,977,241
173000403,2012,gas,1081,16185.0,14.97,3330.16495748065,27.1,1616,977,241
173000403,2013,gas,1079,16658.0,15.44,3330.16495748065,27.1,1616,977,241
173000403,2014,gas,1077,13379.0,12.42,3330.16495748065,27.1,1616,977,241
173000403,2015,gas,1095,14123.0,12.9,3330.16495748065,27.1,1616,977,241
173000403,2016,gas,1116,14593.0,13.08,3330.16495748065,27.1,1616,977,241
173000403,2017,gas,1129,13975.0,12.38,3330.16495748065,27.1,1616,977,241
173000403,2018,gas,1088,12094.4,11.12,3330.16495748065,27.1,1616,977,241
173000403,2019,gas,1088,11538.4,10.61,3330.16495748065,27.1,1616,977,241
173000403,2020,gas,1129,10893.6,9.65,3330.16495748065,27.1,1616,977,241
173000403,2021,gas,1159,11432.4,9.86,3330.16495748065,27.1,1616,977,241
173000403,2022,gas,1160,9422.2,8.12,3330.16495748065,27.1,1616,977,241
173000403,2023,gas,1160,8814.7,7.6,3330.16495748065,27.1,1616,977,241
173000403,2024,gas,1191,8599.4,7.22,3330.16495748065,27.1,1616,977,241
173000501,2011,electricity,1082,3622.3,3.35,1876.77417660479,9.7,933,502,87
173000501,2012,electricity,1095,3882.9,3.55,1876.77417660479,9.7,933,502,87
173000501,2013,electricity,1101,3957.3,3.59,1876.77417660479,9.7,933,502,87
173000501,2014,electricity,1105,3657.5,3.31,1876.77417660479,9.7,933,502,87
173000501,2015,electricity,1103,3670.6,3.33,1876.77417660479,9.7,933,502,87
173000501,2016,electricity,1106,3745.7,3.39,1876.77417660479,9.7,933,502,87
173000501,2017,electricity,1102,3705.1,3.36,1876.77417660479,9.7,933,502,87
173000501,2018,electricity,1008,2964.5,2.94,1876.77417660479,9.7,933,502,87
173000501,2019,electricity,1012,2876.6,2.84,1876.77417660479,9.7,933,502,87
173000501,2020,electricity,1010,2924.7,2.9,1876.77417660479,9.7,933,502,87
173000501,2021,electricity,1015,2903.6,2.86,1876.77417660479,9.7,933,502,87
173000501,2022,electricity,1015,2748.4,2.71,1876.77417660479,9.7,933,502,87
173000501,2023,electricity,1008,2639.6,2.62,1876.77417660479,9.7,933,502,87
173000501,2024,electricity,1005,2647.7,2.63,1876.77417660479,9.7,933,502,87
173000501,2011,gas,882,6576.0,7.46,1876.77417660479,9.7,933,502,87
173000501,2012,gas,877,7735.0,8.82,1876.77417660479,9.7,933,502,87
173000501,2013,gas,879,7367.0,8.38,1876.77417660479,9.7,933,502,87
173000501,2014,gas,874,5135.0,5.88,1876.77417660479,9.7,933,502,87
173000501,2015,gas,881,5508.0,6.25,1876.77417660479,9.7,933,502,87
173000501,2016,gas,873,5573.0,6.38,1876.77417660479,9.7,933,502,87
173000501,2017,gas,869,5322.0,6.12,1876.77417660479,9.7,933,502,87
173000501,2018,gas,845,5189.7,6.14,1876.77417660479,9.7,933,502,87
173000501,2019,gas,863,5055.7,5.86,1876.77417660479,9.7,933,502,87
173000501,2020,gas,855,4866.3,5.69,1876.77417660479,9.7,933,502,87
173000501,2021,gas,862,5168.4,6.0,1876.77417660479,9.7,933,502,87
173000501,2022,gas,858,4339.6,5.06,1876.77417660479,9.7,933,502,87
173000501,2023,gas,849,4221.9,4.97,1876.77417660479,9.7,933,502,87
173000501,2024,gas,836,4150.6,4.96,1876.77417660479,9.7,933,502,87
173000502,2011,electricity,454,1006.6,2.22,1025.30042915784,0.7,450,98,13
173000502,2012,electricity,452,1002.8,2.22,1025.30042915784,0.7,450,98,13
173000502,2013,electricity,458,1037.1,2.26,1025.30042915784,0.7,450,98,13
173000502,2014,electricity,459,1084.9,2.36,1025.30042915784,0.7,450,98,13
173000502,2015,electricity,461,1083.7,2.35,1025.30042915784,0.7,450,98,13
173000502,2016,electricity,498,1113.0,2.23,1025.30042915784,0.7,450,98,13
173000502,2017,electricity,500,1134.7,2.27,1025.30042915784,0.7,450,98,13
173000502,2018,electricity,473,895.9,1.89,1025.30042915784,0.7,450,98,13
173000502,2019,electricity,469,833.9,1.78,1025.30042915784,0.7,450,98,13
173000502,2020,electricity,465,873.5,1.88,1025.30042915784,0.7,450,98,13
173000502,2021,electricity,486,914.1,1.88,1025.30042915784,0.7,450,98,13
173000502,2022,electricity,483,887.4,1.84,1025.30042915784,0.7,450,98,13
173000502,2023,electricity,500,894.0,1.79,1025.30042915784,0.7,450,98,13
173000502,2024,electricity,502,925.8,1.84,1025.30042915784,0.7,450,98,13
173000502,2011,gas,423,2337.0,5.52,1025.30042915784,0.7,450,98,13
173000502,2012,gas,421,3788.0,9.0,1025.30042915784,0.7,450,98,13
173000502,2013,gas,423,2820.0,6.67,1025.30042915784,0.7,450,98,13
173000502,2014,gas,426,1291.0,3.03,1025.30042915784,0.7,450,98,13
173000502,2015,gas,461,1302.0,2.82,1025.30042915784,0.7,450,98,13
173000502,2016,gas,476,1471.0,3.09,1025.30042915784,0.7,450,98,13
173000502,2017,gas,476,1512.0,3.18,1025.30042915784,0.7,450,98,13
173000502,2018,gas,467,1490.2,3.19,1025.30042915784,0.7,450,98,13
173000502,2019,gas,455,1401.0,3.08,1025.30042915784,0.7,450,98,13
173000502,2020,gas,465,1461.0,3.14,1025.30042915784,0.7,450,98,13
173000502,2021,gas,457,1454.7,3.18,1025.30042915784,0.7,450,98,13
173000502,2022,gas,449,1279.0,2.85,1025.30042915784,0.7,450,98,13
173000502,2023,gas,457,1203.9,2.63,1025.30042915784,0.7,450,98,13
173000502,2024,gas,436,1130.1,2.59,1025.30042915784,0.7,450,98,13
173000503,2011,electricity,1538,4109.6,2.67,2868.32184163524,3.1,1386,614,46
173000503,2012,electricity,1565,4179.0,2.67,2868.32184163524,3.1,1386,614,46
173000503,2013,electricity,1568,4259.1,2.72,2868.32184163524,3.1,1386,614,46
173000503,2014,electricity,1565,4024.0,2.57,2868.32184163524,3.1,1386,614,46
173000503,2015,electricity,1572,4090.5,2.6,2868.32184163524,3.1,1386,614,46
173000503,2016,electricity,1599,4168.1,2.61,2868.32184163524,3.1,1386,614,46
173000503,2017,electricity,1596,4041.3,2.53,2868.32184163524,3.1,1386,614,46
173000503,2018,electricity,1478,3214.6,2.17,2868.32184163524,3.1,1386,614,46
173000503,2019,electricity,1481,3115.1,2.1,2868.32184163524,3.1,1386,614,46
173000503,2020,electricity,1486,3258.8,2.19,2868.32184163524,3.1,1386,614,46
173000503,2021,electricity,1486,3186.7,2.14,2868.32184163524,3.1,1386,614,46
173000503,2022,electricity,1502,3107.3,2.07,2868.32184163524,3.1,1386,614,46
173000503,2023,electricity,1501,3113.8,2.07,2868.32184163524,3.1,1386,614,46
173000503,2024,electricity,1501,3074.6,2.05,2868.32184163524,3.1,1386,614,46
173000503,2011,gas,1394,9621.0,6.9,2868.32184163524,3.1,1386,614,46
173000503,2012,gas,1383,11139.0,8.05,2868.32184163524,3.1,1386,614,46
173000503,2013,gas,1378,9256.0,6.72,2868.32184163524,3.1,1386,614,46
173000503,2014,gas,1374,6217.0,4.52,2868.32184163524,3.1,1386,614,46
173000503,2015,gas,1399,6422.0,4.59,2868.32184163524,3.1,1386,614,46
173000503,2016,gas,1402,6401.0,4.57,2868.32184163524,3.1,1386,614,46
173000503,2017,gas,1399,6227.0,4.45,2868.32184163524,3.1,1386,614,46
173000503,2018,gas,1401,6052.5,4.32,2868.32184163524,3.1,1386,614,46
173000503,2019,gas,1402,5965.0,4.25,2868.32184163524,3.1,1386,614,46
173000503,2020,gas,1391,5891.7,4.24,2868.32184163524,3.1,1386,614,46
173000503,2021,gas,1378,6160.2,4.47,2868.32184163524,3.1,1386,614,46
173000503,2022,gas,1374,5257.9,3.83,2868.32184163524,3.1,1386,614,46
173000503,2023,gas,1367,5049.0,3.69,2868.32184163524,3.1,1386,614,46
173000503,2024,gas,1366,5140.5,3.76,2868.32184163524,3.1,1386,614,46
173000504,2011,electricity,861,2517.6,2.92,1762.39844141044,0.4,749,191,18
173000504,2012,electricity,867,2541.1,2.93,1762.39844141044,0.4,749,191,18
173000504,2013,electricity,867,2524.5,2.91,1762.39844141044,0.4,749,191,18
173000504,2014,electricity,869,2464.5,2.84,1762.39844141044,0.4,749,191,18
173000504,2015,electricity,867,2465.8,2.84,1762.39844141044,0.4,749,191,18
173000504,2016,electricity,865,2428.1,2.81,1762.39844141044,0.4,749,191,18
173000504,2017,electricity,866,2415.2,2.79,1762.39844141044,0.4,749,191,18
173000504,2018,electricity,792,1625.8,2.05,1762.39844141044,0.4,749,191,18
173000504,2019,electricity,795,1592.2,2.0,1762.39844141044,0.4,749,191,18
173000504,2020,electricity,796,1640.0,2.06,1762.39844141044,0.4,749,191,18
173000504,2021,electricity,796,1638.2,2.06,1762.39844141044,0.4,749,191,18
173000504,2022,electricity,798,1555.2,1.95,1762.39844141044,0.4,749,191,18
173000504,2023,electricity,797,1569.0,1.97,1762.39844141044,0.4,749,191,18
173000504,2024,electricity,798,1575.0,1.97,1762.39844141044,0.4,749,191,18
173000504,2011,gas,729,3031.0,4.16,1762.39844141044,0.4,749,191,18
173000504,2012,gas,730,3366.0,4.61,1762.39844141044,0.4,749,191,18
173000504,2013,gas,731,3283.0,4.49,1762.39844141044,0.4,749,191,18
173000504,2014,gas,728,2531.0,3.48,1762.39844141044,0.4,749,191,18
173000504,2015,gas,734,2618.0,3.57,1762.39844141044,0.4,749,191,18
173000504,2016,gas,736,2754.0,3.74,1762.39844141044,0.4,749,191,18
173000504,2017,gas,750,2664.0,3.55,1762.39844141044,0.4,749,191,18
173000504,2018,gas,701,1982.1,2.83,1762.39844141044,0.4,749,191,18
173000504,2019,gas,710,2147.9,3.03,1762.39844141044,0.4,749,191,18
173000504,2020,gas,687,2099.4,3.06,1762.39844141044,0.4,749,191,18
173000504,2021,gas,677,2198.3,3.25,1762.39844141044,0.4,749,191,18
173000504,2022,gas,669,1873.4,2.8,1762.39844141044,0.4,749,191,18
173000504,2023,gas,655,1587.7,2.42,1762.39844141044,0.4,749,191,18
173000504,2024,gas,615,1343.9,2.19,1762.39844141044,0.4,749,191,18
173000505,2011,electricity,1128,2980.2,2.64,1931.46584862033,2.7,920,248,46
173000505,2012,electricity,1128,2961.9,2.63,1931.46584862033,2.7,920,248,46
173000505,2013,electricity,1125,2989.1,2.66,1931.46584862033,2.7,920,248,46
173000505,2014,electricity,1128,2818.7,2.5,1931.46584862033,2.7,920,248,46
173000505,2015,electricity,1131,2882.2,2.55,1931.46584862033,2.7,920,248,46
173000505,2016,electricity,1132,2904.9,2.57,1931.46584862033,2.7,920,248,46
173000505,2017,electricity,1133,2893.1,2.55,1931.46584862033,2.7,920,248,46
173000505,2018,electricity,1019,1953.4,1.92,1931.46584862033,2.7,920,248,46
173000505,2019,electricity,1018,1894.8,1.86,1931.46584862033,2.7,920,248,46
173000505,2020,electricity,1070,1946.3,1.82,1931.46584862033,2.7,920,248,46
173000505,2021,electricity,1076,1978.9,1.84,1931.46584862033,2.7,920,248,46
173000505,2022,electricity,1070,1855.8,1.73,1931.46584862033,2.7,920,248,46
173000505,2023,electricity,1073,1817.6,1.69,1931.46584862033,2.7,920,248,46
173000505,2024,electricity,1091,1838.2,1.68,1931.46584862033,2.7,920,248,46
173000505,2011,gas,721,6868.0,9.53,1931.46584862033,2.7,920,248,46
173000505,2012,gas,723,7064.0,9.77,1931.46584862033,2.7,920,248,46
173000505,2013,gas,721,6397.0,8.87,1931.46584862033,2.7,920,248,46
173000505,2014,gas,720,4512.0,6.27,1931.46584862033,2.7,920,248,46
173000505,2015,gas,729,4704.0,6.45,1931.46584862033,2.7,920,248,46
173000505,2016,gas,730,4851.0,6.65,1931.46584862033,2.7,920,248,46
173000505,2017,gas,725,4522.0,6.24,1931.46584862033,2.7,920,248,46
173000505,2018,gas,711,4117.1,5.79,1931.46584862033,2.7,920,248,46
173000505,2019,gas,710,3899.8,5.49,1931.46584862033,2.7,920,248,46
173000505,2020,gas,758,3842.4,5.07,1931.46584862033,2.7,920,248,46
173000505,2021,gas,756,4329.2,5.73,1931.46584862033,2.7,920,248,46
173000505,2022,gas,754,3519.7,4.67,1931.46584862033,2.7,920,248,46
173000505,2023,gas,748,3476.2,4.65,1931.46584862033,2.7,920,248,46
173000505,2024,gas,749,3387.6,4.52,1931.46584862033,2.7,920,248,46
173000601,2011,electricity,1552,6584.0,4.24,2429.61098833632,32.0,1308,802,193
173000601,2012,electricity,1562,6907.1,4.42,2429.61098833632,32.0,1308,802,193
173000601,2013,electricity,1561,6966.5,4.46,2429.61098833632,32.0,1308,802,193
173000601,2014,electricity,1555,6242.7,4.01,2429.61098833632,32.0,1308,802,193
173000601,2015,electricity,1581,6393.0,4.04,2429.61098833632,32.0,1308,802,193
173000601,2016,electricity,1584,6497.7,4.1,2429.61098833632,32.0,1308,802,193
173000601,2017,electricity,1599,6414.2,4.01,2429.61098833632,32.0,1308,802,193
173000601,2018,electricity,1529,5797.8,3.79,2429.61098833632,32.0,1308,802,193
173000601,2019,electricity,1548,5788.7,3.74,2429.61098833632,32.0,1308,802,193
173000601,2020,electricity,1545,5828.8,3.77,2429.61098833632,32.0,1308,802,193
173000601,2021,electricity,1620,6195.4,3.82,2429.61098833632,32.0,1308,802,193
173000601,2022,electricity,1632,5682.0,3.48,2429.61098833632,32.0,1308,802,193
173000601,2023,electricity,1647,5579.6,3.39,2429.61098833632,32.0,1308,802,193
173000601,2024,electricity,1643,5637.1,3.43,2429.61098833632,32.0,1308,802,193
173000601,2011,gas,832,9710.0,11.67,2429.61098833632,32.0,1308,802,193
173000601,2012,gas,828,11288.0,13.63,2429.61098833632,32.0,1308,802,193
173000601,2013,gas,821,11374.0,13.85,2429.61098833632,32.0,1308,802,193
173000601,2014,gas,827,8914.0,10.78,2429.61098833632,32.0,1308,802,193
173000601,2015,gas,852,9378.0,11.01,2429.61098833632,32.0,1308,802,193
173000601,2016,gas,847,9767.0,11.53,2429.61098833632,32.0,1308,802,193
173000601,2017,gas,835,9299.0,11.14,2429.61098833632,32.0,1308,802,193
173000601,2018,gas,827,8357.7,10.11,2429.61098833632,32.0,1308,802,193
173000601,2019,gas,824,8033.2,9.75,2429.61098833632,32.0,1308,802,193
173000601,2020,gas,800,7323.8,9.15,2429.61098833632,32.0,1308,802,193
173000601,2021,gas,845,7928.1,9.38,2429.61098833632,32.0,1308,802,193
173000601,2022,gas,838,6371.6,7.6,2429.61098833632,32.0,1308,802,193
173000601,2023,gas,825,6137.9,7.44,2429.61098833632,32.0,1308,802,193
173000601,2024,gas,814,5949.6,7.31,2429.61098833632,32.0,1308,802,193
173000602,2011,electricity,1384,3839.2,2.77,2038.32098754854,10.7,1200,623,108
173000602,2012,electricity,1390,3918.8,2.82,2038.32098754854,10.7,1200,623,108
173000602,2013,electricity,1391,3939.8,2.83,2038.32098754854,10.7,1200,623,108
173000602,2014,electricity,1424,3645.9,2.56,2038.32098754854,10.7,1200,623,108
173000602,2015,electricity,1474,4065.9,2.76,2038.32098754854,10.7,1200,623,108
173000602,2016,electricity,1477,4116.8,2.79,2038.32098754854,10.7,1200,623,108
173000602,2017,electricity,1480,4127.8,2.79,2038.32098754854,10.7,1200,623,108
173000602,2018,electricity,1324,3143.3,2.37,2038.32098754854,10.7,1200,623,108
173000602,2019,electricity,1320,3070.3,2.33,2038.32098754854,10.7,1200,623,108
173000602,2020,electricity,1323,3162.5,2.39,2038.32098754854,10.7,1200,623,108
173000602,2021,electricity,1316,3259.2,2.48,2038.32098754854,10.7,1200,623,108
173000602,2022,electricity,1321,3009.6,2.28,2038.32098754854,10.7,1200,623,108
173000602,2023,electricity,1317,2960.0,2.25,2038.32098754854,10.7,1200,623,108
173000602,2024,electricity,1315,2939.8,2.24,2038.32098754854,10.7,1200,623,108
173000602,2011,gas,1081,10602.0,9.81,2038.32098754854,10.7,1200,623,108
173000602,2012,gas,1089,12343.0,11.33,2038.32098754854,10.7,1200,623,108
173000602,2013,gas,1083,13032.0,12.03,2038.32098754854,10.7,1200,623,108
173000602,2014,gas,1086,10778.0,9.92,2038.32098754854,10.7,1200,623,108
173000602,2015,gas,1133,12315.0,10.87,2038.32098754854,10.7,1200,623,108
173000602,2016,gas,1125,12446.0,11.06,2038.32098754854,10.7,1200,623,108
173000602,2017,gas,1119,11925.0,10.66,2038.32098754854,10.7,1200,623,108
173000602,2018,gas,1080,9713.9,8.99,2038.32098754854,10.7,1200,623,108
173000602,2019,gas,1091,9604.0,8.8,2038.32098754854,10.7,1200,623,108
173000602,2020,gas,1073,8699.6,8.11,2038.32098754854,10.7,1200,623,108
173000602,2021,gas,1068,9658.7,9.04,2038.32098754854,10.7,1200,623,108
173000602,2022,gas,1082,7821.4,7.23,2038.32098754854,10.7,1200,623,108
173000602,2023,gas,1076,7506.4,6.98,2038.32098754854,10.7,1200,623,108
173000602,2024,gas,1068,7284.5,6.82,2038.32098754854,10.7,1200,623,108
173000603,2011,electricity,1891,8866.5,4.69,3321.22238793556,18.4,1632,981,206
173000603,2012,electricity,1904,9348.6,4.91,3321.22238793556,18.4,1632,981,206
173000603,2013,electricity,1936,9613.3,4.97,3321.22238793556,18.4,1632,981,206
173000603,2014,electricity,1947,8741.3,4.49,3321.22238793556,18.4,1632,981,206
173000603,2015,electricity,1950,9146.2,4.69,3321.22238793556,18.4,1632,981,206
173000603,2016,electricity,2044,9481.8,4.64,3321.22238793556,18.4,1632,981,206
173000603,2017,electricity,2103,9577.7,4.55,3321.22238793556,18.4,1632,981,206
173000603,2018,electricity,1992,8808.5,4.42,3321.22238793556,18.4,1632,981,206
173000603,2019,electricity,1991,8492.6,4.27,3321.22238793556,18.4,1632,981,206
173000603,2020,electricity,2038,8824.2,4.33,3321.22238793556,18.4,1632,981,206
173000603,2021,electricity,1958,9010.1,4.6,3321.22238793556,18.4,1632,981,206
173000603,2022,electricity,1951,8317.8,4.26,3321.22238793556,18.4,1632,981,206
173000603,2023,electricity,1951,8050.0,4.13,3321.22238793556,18.4,1632,981,206
173000603,2024,electricity,1962,8174.2,4.17,3321.22238793556,18.4,1632,981,206
173000603,2011,gas,1273,18533.0,14.56,3321.22238793556,18.4,1632,981,206
173000603,2012,gas,1267,21937.0,17.31,3321.22238793556,18.4,1632,981,206
173000603,2013,gas,1274,22020.0,17.28,3321.22238793556,18.4,1632,981,206
173000603,2014,gas,1261,17308.0,13.73,3321.22238793556,18.4,1632,981,206
173000603,2015,gas,1272,18300.0,14.39,3321.22238793556,18.4,1632,981,206
173000603,2016,gas,1273,18842.0,14.8,3321.22238793556,18.4,1632,981,206
173000603,2017,gas,1317,18247.0,13.85,3321.22238793556,18.4,1632,981,206
173000603,2018,gas,1279,16025.3,12.53,3321.22238793556,18.4,1632,981,206
173000603,2019,gas,1257,15849.7,12.61,3321.22238793556,18.4,1632,981,206
173000603,2020,gas,1230,14506.3,11.79,3321.22238793556,18.4,1632,981,206
173000603,2021,gas,1217,16277.0,13.37,3321.22238793556,18.4,1632,981,206
173000603,2022,gas,1207,12659.0,10.49,3321.22238793556,18.4,1632,981,206
173000603,2023,gas,1182,12010.5,10.16,3321.22238793556,18.4,1632,981,206
173000603,2024,gas,1158,11885.7,10.26,3321.22238793556,18.4,1632,981,206
173000701,2011,electricity,1031,4905.1,4.76,1801.23843721359,20.5,853,463,64
173000701,2012,electricity,1049,5155.5,4.91,1801.23843721359,20.5,853,463,64
173000701,2013,electricity,1054,5249.6,4.98,1801.23843721359,20.5,853,463,64
173000701,2014,electricity,1049,4766.6,4.54,1801.23843721359,20.5,853,463,64
173000701,2015,electricity,1055,4893.6,4.64,1801.23843721359,20.5,853,463,64
173000701,2016,electricity,1067,5014.5,4.7,1801.23843721359,20.5,853,463,64
173000701,2017,electricity,1071,4884.4,4.56,1801.23843721359,20.5,853,463,64
173000701,2018,electricity,1014,4447.6,4.39,1801.23843721359,20.5,853,463,64
173000701,2019,electricity,1014,4310.9,4.25,1801.23843721359,20.5,853,463,64
173000701,2020,electricity,1013,4271.1,4.22,1801.23843721359,20.5,853,463,64
173000701,2021,electricity,1017,4546.6,4.47,1801.23843721359,20.5,853,463,64
173000701,2022,electricity,1049,4159.4,3.97,1801.23843721359,20.5,853,463,64
173000701,2023,electricity,1109,4027.1,3.63,1801.23843721359,20.5,853,463,64
173000701,2024,electricity,1171,4061.7,3.47,1801.23843721359,20.5,853,463,64
173000701,2011,gas,710,8353.0,11.76,1801.23843721359,20.5,853,463,64
173000701,2012,gas,708,10022.0,14.16,1801.23843721359,20.5,853,463,64
173000701,2013,gas,703,10196.0,14.5,1801.23843721359,20.5,853,463,64
173000701,2014,gas,698,8008.0,11.47,1801.23843721359,20.5,853,463,64
173000701,2015,gas,782,8570.0,10.96,1801.23843721359,20.5,853,463,64
173000701,2016,gas,844,9329.0,11.05,1801.23843721359,20.5,853,463,64
173000701,2017,gas,860,9093.0,10.57,1801.23843721359,20.5,853,463,64
173000701,2018,gas,877,8424.8,9.61,1801.23843721359,20.5,853,463,64
173000701,2019,gas,869,7953.6,9.15,1801.23843721359,20.5,853,463,64
173000701,2020,gas,686,6419.2,9.36,1801.23843721359,20.5,853,463,64
173000701,2021,gas,682,6855.3,10.05,1801.23843721359,20.5,853,463,64
173000701,2022,gas,864,5854.5,6.78,1801.23843721359,20.5,853,463,64
173000701,2023,gas,828,5193.9,6.27,1801.23843721359,20.5,853,463,64
173000701,2024,gas,871,5281.6,6.06,1801.23843721359,20.5,853,463,64
173000702,2011,electricity,1483,7026.7,4.74,3096.12486302291,37.4,1660,862,179
173000702,2012,electricity,1490,7467.7,5.01,3096.12486302291,37.4,1660,862,179
173000702,2013,electricity,1522,7640.8,5.02,3096.12486302291,37.4,1660,862,179
173000702,2014,electricity,1529,6920.3,4.53,3096.12486302291,37.4,1660,862,179
173000702,2015,electricity,1532,7032.4,4.59,3096.12486302291,37.4,1660,862,179
173000702,2016,electricity,1546,7184.1,4.65,3096.12486302291,37.4,1660,862,179
173000702,2017,electricity,1616,7262.8,4.49,3096.12486302291,37.4,1660,862,179
173000702,2018,electricity,1715,6386.9,3.72,3096.12486302291,37.4,1660,862,179
173000702,2019,electricity,1929,6656.2,3.45,3096.12486302291,37.4,1660,862,179
173000702,2020,electricity,2034,6983.2,3.43,3096.12486302291,37.4,1660,862,179
173000702,2021,electricity,2110,7544.9,3.58,3096.12486302291,37.4,1660,862,179
173000702,2022,electricity,2114,6875.8,3.25,3096.12486302291,37.4,1660,862,179
173000702,2023,electricity,2110,6683.7,3.17,3096.12486302291,37.4,1660,862,179
173000702,2024,electricity,2110,6679.5,3.17,3096.12486302291,37.4,1660,862,179
173000702,2011,gas,800,10204.0,12.76,3096.12486302291,37.4,1660,862,179
173000702,2012,gas,789,12434.0,15.76,3096.12486302291,37.4,1660,862,179
173000702,2013,gas,818,12517.0,15.3,3096.12486302291,37.4,1660,862,179
173000702,2014,gas,812,10202.0,12.56,3096.12486302291,37.4,1660,862,179
173000702,2015,gas,821,10953.0,13.34,3096.12486302291,37.4,1660,862,179
173000702,2016,gas,819,11222.0,13.7,3096.12486302291,37.4,1660,862,179
173000702,2017,gas,845,10913.0,12.91,3096.12486302291,37.4,1660,862,179
173000702,2018,gas,923,9518.7,10.31,3096.12486302291,37.4,1660,862,179
173000702,2019,gas,1037,10089.2,9.73,3096.12486302291,37.4,1660,862,179
173000702,2020,gas,923,8744.3,9.47,3096.12486302291,37.4,1660,862,179
173000702,2021,gas,1040,9876.6,9.5,3096.12486302291,37.4,1660,862,179
173000702,2022,gas,997,7630.9,7.65,3096.12486302291,37.4,1660,862,179
173000702,2023,gas,1104,7459.5,6.76,3096.12486302291,37.4,1660,862,179
173000702,2024,gas,1115,7351.2,6.59,3096.12486302291,37.4,1660,862,179
173000703,2011,electricity,1079,5679.6,5.26,2190.6120582266,34.6,967,579,66
173000703,2012,electricity,1076,5976.3,5.55,2190.6120582266,34.6,967,579,66
173000703,2013,electricity,1083,6015.3,5.55,2190.6120582266,34.6,967,579,66
173000703,2014,electricity,1087,5443.9,5.01,2190.6120582266,34.6,967,579,66
173000703,2015,electricity,1113,5602.5,5.03,2190.6120582266,34.6,967,579,66
173000703,2016,electricity,1125,5637.2,5.01,2190.6120582266,34.6,967,579,66
173000703,2017,electricity,1160,5740.5,4.95,2190.6120582266,34.6,967,579,66
173000703,2018,electricity,1050,4476.9,4.26,2190.6120582266,34.6,967,579,66
173000703,2019,electricity,1098,4423.0,4.03,2190.6120582266,34.6,967,579,66
173000703,2020,electricity,1104,4443.5,4.02,2190.6120582266,34.6,967,579,66
173000703,2021,electricity,1083,4656.2,4.3,2190.6120582266,34.6,967,579,66
173000703,2022,electricity,1106,4251.0,3.84,2190.6120582266,34.6,967,579,66
173000703,2023,electricity,1192,4187.9,3.51,2190.6120582266,34.6,967,579,66
173000703,2024,electricity,1274,4318.5,3.39,2190.6120582266,34.6,967,579,66
173000703,2011,gas,629,7324.0,11.64,2190.6120582266,34.6,967,579,66
173000703,2012,gas,623,8575.0,13.76,2190.6120582266,34.6,967,579,66
173000703,2013,gas,623,8710.0,13.98,2190.6120582266,34.6,967,579,66
173000703,2014,gas,627,6884.0,10.98,2190.6120582266,34.6,967,579,66
173000703,2015,gas,645,7133.0,11.06,2190.6120582266,34.6,967,579,66
173000703,2016,gas,650,7396.0,11.38,2190.6120582266,34.6,967,579,66
173000703,2017,gas,666,7181.0,10.78,2190.6120582266,34.6,967,579,66
173000703,2018,gas,651,6957.2,10.69,2190.6120582266,34.6,967,579,66
173000703,2019,gas,692,6742.8,9.74,2190.6120582266,34.6,967,579,66
173000703,2020,gas,688,6335.6,9.21,2190.6120582266,34.6,967,579,66
173000703,2021,gas,680,6799.0,10.0,2190.6120582266,34.6,967,579,66
173000703,2022,gas,699,5481.9,7.84,2190.6120582266,34.6,967,579,66
173000703,2023,gas,707,5108.1,7.23,2190.6120582266,34.6,967,579,66
173000703,2024,gas,741,5293.5,7.14,2190.6120582266,34.6,967,579,66
173000801,2011,electricity,2186,10485.9,4.8,4027.41487440519,40.0,2195,1272,106
173000801,2012,electricity,2220,11225.6,5.06,4027.41487440519,40.0,2195,1272,106
173000801,2013,electricity,2404,11715.7,4.87,4027.41487440519,40.0,2195,1272,106
173000801,2014,electricity,2450,10882.8,4.44,4027.41487440519,40.0,2195,1272,106
173000801,2015,electricity,2486,11169.8,4.49,4027.41487440519,40.0,2195,1272,106
173000801,2016,electricity,2552,11447.2,4.49,4027.41487440519,40.0,2195,1272,106
173000801,2017,electricity,2624,11354.2,4.33,4027.41487440519,40.0,2195,1272,106
173000801,2018,electricity,2425,9362.6,3.86,4027.41487440519,40.0,2195,1272,106
173000801,2019,electricity,2463,9196.1,3.73,4027.41487440519,40.0,2195,1272,106
173000801,2020,electricity,2465,9281.9,3.77,4027.41487440519,40.0,2195,1272,106
173000801,2021,electricity,2497,9709.5,3.89,4027.41487440519,40.0,2195,1272,106
173000801,2022,electricity,2559,8862.4,3.46,4027.41487440519,40.0,2195,1272,106
173000801,2023,electricity,2736,8810.8,3.22,4027.41487440519,40.0,2195,1272,106
173000801,2024,electricity,2749,8809.5,3.2,4027.41487440519,40.0,2195,1272,106
173000801,2011,gas,1060,13125.0,12.38,4027.41487440519,40.0,2195,1272,106
173000801,2012,gas,1046,15133.0,14.47,4027.41487440519,40.0,2195,1272,106
173000801,2013,gas,1096,15724.0,14.35,4027.41487440519,40.0,2195,1272,106
173000801,2014,gas,1110,13031.0,11.74,4027.41487440519,40.0,2195,1272,106
173000801,2015,gas,1149,13662.0,11.89,4027.41487440519,40.0,2195,1272,106
173000801,2016,gas,1167,14021.0,12.01,4027.41487440519,40.0,2195,1272,106
173000801,2017,gas,1217,13403.0,11.01,4027.41487440519,40.0,2195,1272,106
173000801,2018,gas,1183,11777.9,9.96,4027.41487440519,40.0,2195,1272,106
173000801,2019,gas,1249,11473.8,9.19,4027.41487440519,40.0,2195,1272,106
173000801,2020,gas,1216,10736.4,8.83,4027.41487440519,40.0,2195,1272,106
173000801,2021,gas,1202,11368.1,9.46,4027.41487440519,40.0,2195,1272,106
173000801,2022,gas,1228,9000.5,7.33,4027.41487440519,40.0,2195,1272,106
173000801,2023,gas,1338,8559.7,6.4,4027.41487440519,40.0,2195,1272,106
173000801,2024,gas,1336,8512.2,6.37,4027.41487440519,40.0,2195,1272,106
173000802,2011,electricity,1321,6365.3,4.82,2288.61847701298,33.0,1254,766,122
173000802,2012,electricity,1326,6686.6,5.04,2288.61847701298,33.0,1254,766,122
173000802,2013,electricity,1331,6873.5,5.16,2288.61847701298,33.0,1254,766,122
173000802,2014,electricity,1336,6229.3,4.66,2288.61847701298,33.0,1254,766,122
173000802,2015,electricity,1349,6256.7,4.64,2288.61847701298,33.0,1254,766,122
173000802,2016,electricity,1356,6175.0,4.55,2288.61847701298,33.0,1254,766,122
173000802,2017,electricity,1436,6126.4,4.27,2288.61847701298,33.0,1254,766,122
173000802,2018,electricity,1383,4700.4,3.4,2288.61847701298,33.0,1254,766,122
173000802,2019,electricity,1419,4673.6,3.29,2288.61847701298,33.0,1254,766,122
173000802,2020,electricity,1446,4733.4,3.27,2288.61847701298,33.0,1254,766,122
173000802,2021,electricity,1596,5079.3,3.18,2288.61847701298,33.0,1254,766,122
173000802,2022,electricity,1717,4777.6,2.78,2288.61847701298,33.0,1254,766,122
173000802,2023,electricity,1747,4794.0,2.74,2288.61847701298,33.0,1254,766,122
173000802,2024,electricity,1816,4885.3,2.69,2288.61847701298,33.0,1254,766,122
173000802,2011,gas,568,7187.0,12.65,2288.61847701298,33.0,1254,766,122
173000802,2012,gas,575,8462.0,14.72,2288.61847701298,33.0,1254,766,122
173000802,2013,gas,576,8644.0,15.01,2288.61847701298,33.0,1254,766,122
173000802,2014,gas,576,7020.0,12.19,2288.61847701298,33.0,1254,766,122
173000802,2015,gas,587,7527.0,12.82,2288.61847701298,33.0,1254,766,122
173000802,2016,gas,583,7707.0,13.22,2288.61847701298,33.0,1254,766,122
173000802,2017,gas,579,7640.0,13.2,2288.61847701298,33.0,1254,766,122
173000802,2018,gas,597,4986.8,8.35,2288.61847701298,33.0,1254,766,122
173000802,2019,gas,661,5125.9,7.75,2288.61847701298,33.0,1254,766,122
173000802,2020,gas,693,4978.0,7.18,2288.61847701298,33.0,1254,766,122
173000802,2021,gas,803,5888.2,7.33,2288.61847701298,33.0,1254,766,122
173000802,2022,gas,909,5087.2,5.6,2288.61847701298,33.0,1254,766,122
173000802,2023,gas,898,4930.7,5.49,2288.61847701298,33.0,1254,766,122
173000802,2024,gas,963,4959.5,5.15,2288.61847701298,33.0,1254,766,122
173000901,2011,electricity,836,3945.0,4.72,1620.27670184593,17.9,780,586,36
173000901,2012,electricity,837,4134.6,4.94,1620.27670184593,17.9,780,586,36
173000901,2013,electricity,838,4089.5,4.88,1620.27670184593,17.9,780,586,36
173000901,2014,electricity,838,3760.6,4.49,1620.27670184593,17.9,780,586,36
173000901,2015,electricity,836,3812.4,4.56,1620.27670184593,17.9,780,586,36
173000901,2016,electricity,838,3809.6,4.55,1620.27670184593,17.9,780,586,36
173000901,2017,electricity,842,3803.3,4.52,1620.27670184593,17.9,780,586,36
173000901,2018,electricity,801,3246.9,4.05,1620.27670184593,17.9,780,586,36
173000901,2019,electricity,826,3184.3,3.86,1620.27670184593,17.9,780,586,36
173000901,2020,electricity,844,3296.7,3.91,1620.27670184593,17.9,780,586,36
173000901,2021,electricity,845,3462.3,4.1,1620.27670184593,17.9,780,586,36
173000901,2022,electricity,842,3186.4,3.78,1620.27670184593,17.9,780,586,36
173000901,2023,electricity,850,3098.1,3.64,1620.27670184593,17.9,780,586,36
173000901,2024,electricity,844,3096.4,3.67,1620.27670184593,17.9,780,586,36
173000901,2011,gas,654,7311.0,11.18,1620.27670184593,17.9,780,586,36
173000901,2012,gas,649,8518.0,13.12,1620.27670184593,17.9,780,586,36
173000901,2013,gas,641,8590.0,13.4,1620.27670184593,17.9,780,586,36
173000901,2014,gas,639,6781.0,10.61,1620.27670184593,17.9,780,586,36
173000901,2015,gas,639,7247.0,11.34,1620.27670184593,17.9,780,586,36
173000901,2016,gas,638,7521.0,11.79,1620.27670184593,17.9,780,586,36
173000901,2017,gas,634,7196.0,11.35,1620.27670184593,17.9,780,586,36
173000901,2018,gas,617,6344.5,10.28,1620.27670184593,17.9,780,586,36
173000901,2019,gas,615,6204.7,10.09,1620.27670184593,17.9,780,586,36
173000901,2020,gas,611,5835.6,9.55,1620.27670184593,17.9,780,586,36
173000901,2021,gas,603,6402.4,10.62,1620.27670184593,17.9,780,586,36
173000901,2022,gas,592,5046.2,8.52,1620.27670184593,17.9,780,586,36
173000901,2023,gas,581,4785.2,8.24,1620.27670184593,17.9,780,586,36
173000901,2024,gas,575,4707.1,8.19,1620.27670184593,17.9,780,586,36
173000902,2011,electricity,981,2728.9,2.78,1865.56090534423,3.7,858,506,19
173000902,2012,electricity,979,2947.5,3.01,1865.56090534423,3.7,858,506,19
173000902,2013,electricity,977,3025.8,3.1,1865.56090534423,3.7,858,506,19
173000902,2014,electricity,981,2907.7,2.96,1865.56090534423,3.7,858,506,19
173000902,2015,electricity,980,2912.0,2.97,1865.56090534423,3.7,858,506,19
173000902,2016,electricity,982,2980.3,3.03,1865.56090534423,3.7,858,506,19
173000902,2017,electricity,982,2936.3,2.99,1865.56090534423,3.7,858,506,19
173000902,2018,electricity,873,1959.0,2.24,1865.56090534423,3.7,858,506,19
173000902,2019,electricity,867,1893.1,2.18,1865.56090534423,3.7,858,506,19
173000902,2020,electricity,857,1906.0,2.22,1865.56090534423,3.7,858,506,19
173000902,2021,electricity,908,1970.7,2.17,1865.56090534423,3.7,858,506,19
173000902,2022,electricity,908,1879.9,2.07,1865.56090534423,3.7,858,506,19
173000902,2023,electricity,908,1832.5,2.02,1865.56090534423,3.7,858,506,19
173000902,2024,electricity,904,1784.9,1.97,1865.56090534423,3.7,858,506,19
173000902,2011,gas,781,3387.0,4.34,1865.56090534423,3.7,858,506,19
173000902,2012,gas,767,3858.0,5.03,1865.56090534423,3.7,858,506,19
173000902,2013,gas,766,3822.0,4.99,1865.56090534423,3.7,858,506,19
173000902,2014,gas,769,3203.0,4.17,1865.56090534423,3.7,858,506,19
173000902,2015,gas,775,3156.0,4.07,1865.56090534423,3.7,858,506,19
173000902,2016,gas,763,3185.0,4.17,1865.56090534423,3.7,858,506,19
173000902,2017,gas,757,3047.0,4.03,1865.56090534423,3.7,858,506,19
173000902,2018,gas,739,2493.9,3.37,1865.56090534423,3.7,858,506,19
173000902,2019,gas,724,2361.3,3.26,1865.56090534423,3.7,858,506,19
173000902,2020,gas,701,2224.6,3.17,1865.56090534423,3.7,858,506,19
173000902,2021,gas,744,2548.5,3.43,1865.56090534423,3.7,858,506,19
173000902,2022,gas,743,2247.1,3.02,1865.56090534423,3.7,858,506,19
173000902,2023,gas,737,2109.3,2.86,1865.56090534423,3.7,858,506,19
173000902,2024,gas,728,2115.6,2.91,1865.56090534423,3.7,858,506,19
173000903,2011,electricity,1460,3908.7,2.68,2719.39827632217,0.6,1188,685,146
173000903,2012,electricity,1459,4034.6,2.77,2719.39827632217,0.6,1188,685,146
173000903,2013,electricity,1453,4063.9,2.8,2719.39827632217,0.6,1188,685,146
173000903,2014,electricity,1459,3905.2,2.68,2719.39827632217,0.6,1188,685,146
173000903,2015,electricity,1458,3907.4,2.68,2719.39827632217,0.6,1188,685,146
173000903,2016,electricity,1463,3877.7,2.65,2719.39827632217,0.6,1188,685,146
173000903,2017,electricity,1460,3753.0,2.57,2719.39827632217,0.6,1188,685,146
173000903,2018,electricity,1289,2720.9,2.11,2719.39827632217,0.6,1188,685,146
173000903,2019,electricity,1237,2521.3,2.04,2719.39827632217,0.6,1188,685,146
173000903,2020,electricity,1165,2422.7,2.08,2719.39827632217,0.6,1188,685,146
173000903,2021,electricity,1141,2338.1,2.05,2719.39827632217,0.6,1188,685,146
173000903,2022,electricity,1134,2229.9,1.97,2719.39827632217,0.6,1188,685,146
173000903,2023,electricity,1134,2133.3,1.88,2719.39827632217,0.6,1188,685,146
173000903,2024,electricity,1141,2114.3,1.85,2719.39827632217,0.6,1188,685,146
173000903,2011,gas,1141,4639.0,4.07,2719.39827632217,0.6,1188,685,146
173000903,2012,gas,1147,5223.0,4.55,2719.39827632217,0.6,1188,685,146
173000903,2013,gas,1145,5358.0,4.68,2719.39827632217,0.6,1188,685,146
173000903,2014,gas,1136,4540.0,4.0,2719.39827632217,0.6,1188,685,146
173000903,2015,gas,1161,4639.0,4.0,2719.39827632217,0.6,1188,685,146
173000903,2016,gas,1159,4561.0,3.94,2719.39827632217,0.6,1188,685,146
173000903,2017,gas,1156,4316.0,3.73,2719.39827632217,0.6,1188,685,146
173000903,2018,gas,1135,26102.1,23.0,2719.39827632217,0.6,1188,685,146
173000903,2019,gas,1078,24261.5,22.51,2719.39827632217,0.6,1188,685,146
173000903,2020,gas,1002,3506.9,3.5,2719.39827632217,0.6,1188,685,146
173000903,2021,gas,987,3792.9,3.84,2719.39827632217,0.6,1188,685,146
173000903,2022,gas,969,3217.7,3.32,2719.39827632217,0.6,1188,685,146
173000903,2023,gas,971,3089.0,3.18,2719.39827632217,0.6,1188,685,146
173000903,2024,gas,969,3079.2,3.18,2719.39827632217,0.6,1188,685,146
173000904,2011,electricity,1015,2577.8,2.54,1802.02089678825,1.9,897,615,79
173000904,2012,electricity,1019,2679.1,2.63,1802.02089678825,1.9,897,615,79
173000904,2013,electricity,1019,2724.1,2.67,1802.02089678825,1.9,897,615,79
173000904,2014,electricity,1019,2706.9,2.66,1802.02089678825,1.9,897,615,79
173000904,2015,electricity,1018,2615.4,2.57,1802.02089678825,1.9,897,615,79
173000904,2016,electricity,1020,2605.2,2.55,1802.02089678825,1.9,897,615,79
173000904,2017,electricity,1018,2551.2,2.51,1802.02089678825,1.9,897,615,79
173000904,2018,electricity,941,2041.9,2.17,1802.02089678825,1.9,897,615,79
173000904,2019,electricity,941,1978.3,2.1,1802.02089678825,1.9,897,615,79
173000904,2020,electricity,943,1964.3,2.08,1802.02089678825,1.9,897,615,79
173000904,2021,electricity,942,1954.3,2.07,1802.02089678825,1.9,897,615,79
173000904,2022,electricity,942,1857.3,1.97,1802.02089678825,1.9,897,615,79
173000904,2023,electricity,938,1802.6,1.92,1802.02089678825,1.9,897,615,79
173000904,2024,electricity,934,1792.8,1.92,1802.02089678825,1.9,897,615,79
173000904,2011,gas,865,3642.0,4.21,1802.02089678825,1.9,897,615,79
173000904,2012,gas,872,4125.0,4.73,1802.02089678825,1.9,897,615,79
173000904,2013,gas,869,4157.0,4.78,1802.02089678825,1.9,897,615,79
173000904,2014,gas,862,3496.0,4.06,1802.02089678825,1.9,897,615,79
173000904,2015,gas,867,3662.0,4.22,1802.02089678825,1.9,897,615,79
173000904,2016,gas,863,3888.0,4.51,1802.02089678825,1.9,897,615,79
173000904,2017,gas,860,3772.0,4.39,1802.02089678825,1.9,897,615,79
173000904,2018,gas,850,3424.2,4.03,1802.02089678825,1.9,897,615,79
173000904,2019,gas,848,3476.7,4.1,1802.02089678825,1.9,897,615,79
173000904,2020,gas,838,3200.8,3.82,1802.02089678825,1.9,897,615,79
173000904,2021,gas,828,3535.2,4.27,1802.02089678825,1.9,897,615,79
173000904,2022,gas,827,2940.4,3.56,1802.02089678825,1.9,897,615,79
173000904,2023,gas,821,2749.5,3.35,1802.02089678825,1.9,897,615,79
173000904,2024,gas,808,2718.9,3.36,1802.02089678825,1.9,897,615,79
173001001,2011,electricity,3353,12036.9,3.59,3227.48781107843,42.3,2163,1417,141
173001001,2012,electricity,3351,12471.0,3.72,3227.48781107843,42.3,2163,1417,141
173001001,2013,electricity,3379,12639.2,3.74,3227.48781107843,42.3,2163,1417,141
173001001,2014,electricity,3378,11518.1,3.41,3227.48781107843,42.3,2163,1417,141
173001001,2015,electricity,3381,11597.0,3.43,3227.48781107843,42.3,2163,1417,141
173001001,2016,electricity,3596,12305.3,3.42,3227.48781107843,42.3,2163,1417,141
173001001,2017,electricity,3610,12411.9,3.44,3227.48781107843,42.3,2163,1417,141
173001001,2018,electricity,3118,7106.3,2.28,3227.48781107843,42.3,2163,1417,141
173001001,2019,electricity,3125,7033.6,2.25,3227.48781107843,42.3,2163,1417,141
173001001,2020,electricity,3357,7145.2,2.13,3227.48781107843,42.3,2163,1417,141
173001001,2021,electricity,3376,7776.2,2.3,3227.48781107843,42.3,2163,1417,141
173001001,2022,electricity,3412,7104.5,2.08,3227.48781107843,42.3,2163,1417,141
173001001,2023,electricity,3417,6894.3,2.02,3227.48781107843,42.3,2163,1417,141
173001001,2024,electricity,3411,6980.1,2.05,3227.48781107843,42.3,2163,1417,141
173001001,2011,gas,1034,9540.0,9.23,3227.48781107843,42.3,2163,1417,141
173001001,2012,gas,1006,11153.0,11.09,3227.48781107843,42.3,2163,1417,141
173001001,2013,gas,999,11206.0,11.22,3227.48781107843,42.3,2163,1417,141
173001001,2014,gas,993,9164.0,9.23,3227.48781107843,42.3,2163,1417,141
173001001,2015,gas,1018,9938.0,9.76,3227.48781107843,42.3,2163,1417,141
173001001,2016,gas,1070,10844.0,10.13,3227.48781107843,42.3,2163,1417,141
173001001,2017,gas,1072,10807.0,10.08,3227.48781107843,42.3,2163,1417,141
173001001,2018,gas,1033,7796.1,7.55,3227.48781107843,42.3,2163,1417,141
173001001,2019,gas,1021,7604.8,7.45,3227.48781107843,42.3,2163,1417,141
173001001,2020,gas,1047,7246.8,6.92,3227.48781107843,42.3,2163,1417,141
173001001,2021,gas,1041,8201.4,7.88,3227.48781107843,42.3,2163,1417,141
173001001,2022,gas,1050,6879.3,6.55,3227.48781107843,42.3,2163,1417,141
173001001,2023,gas,1038,6344.1,6.11,3227.48781107843,42.3,2163,1417,141
173001001,2024,gas,1023,6395.6,6.25,3227.48781107843,42.3,2163,1417,141
173001002,2011,electricity,3975,16895.4,4.25,5411.4717492841,54.8,3840,2245,177
173001002,2012,electricity,3989,17584.5,4.41,5411.4717492841,54.8,3840,2245,177
173001002,2013,electricity,3998,18125.5,4.53,5411.4717492841,54.8,3840,2245,177
173001002,2014,electricity,4144,16246.3,3.92,5411.4717492841,54.8,3840,2245,177
173001002,2015,electricity,4268,17187.7,4.03,5411.4717492841,54.8,3840,2245,177
173001002,2016,electricity,4292,17715.6,4.13,5411.4717492841,54.8,3840,2245,177
173001002,2017,electricity,4317,17405.3,4.03,5411.4717492841,54.8,3840,2245,177
173001002,2018,electricity,3689,11184.2,3.03,5411.4717492841,54.8,3840,2245,177
173001002,2019,electricity,3741,11234.9,3.0,5411.4717492841,54.8,3840,2245,177
173001002,2020,electricity,3738,10989.6,2.94,5411.4717492841,54.8,3840,2245,177
173001002,2021,electricity,3762,11950.2,3.18,5411.4717492841,54.8,3840,2245,177
173001002,2022,electricity,3760,10925.5,2.91,5411.4717492841,54.8,3840,2245,177
173001002,2023,electricity,3762,10520.6,2.8,5411.4717492841,54.8,3840,2245,177
173001002,2024,electricity,3918,10377.9,2.65,5411.4717492841,54.8,3840,2245,177
173001002,2011,gas,551,7497.0,13.61,5411.4717492841,54.8,3840,2245,177
173001002,2012,gas,549,8607.0,15.68,5411.4717492841,54.8,3840,2245,177
173001002,2013,gas,550,10536.0,19.16,5411.4717492841,54.8,3840,2245,177
173001002,2014,gas,556,9079.0,16.33,5411.4717492841,54.8,3840,2245,177
173001002,2015,gas,579,10243.0,17.69,5411.4717492841,54.8,3840,2245,177
173001002,2016,gas,586,10795.0,18.42,5411.4717492841,54.8,3840,2245,177
173001002,2017,gas,585,10965.0,18.74,5411.4717492841,54.8,3840,2245,177
173001002,2018,gas,543,3554.7,6.55,5411.4717492841,54.8,3840,2245,177
173001002,2019,gas,591,3554.2,6.01,5411.4717492841,54.8,3840,2245,177
173001002,2020,gas,626,3638.9,5.81,5411.4717492841,54.8,3840,2245,177
173001002,2021,gas,646,4118.8,6.38,5411.4717492841,54.8,3840,2245,177
173001002,2022,gas,644,3376.7,5.24,5411.4717492841,54.8,3840,2245,177
173001002,2023,gas,640,3268.7,5.11,5411.4717492841,54.8,3840,2245,177
173001002,2024,gas,636,3339.9,5.25,5411.4717492841,54.8,3840,2245,177
173001003,2011,electricity,2738,11407.5,4.17,4713.17482815948,42.2,2590,1487,222
173001003,2012,electricity,2755,12083.3,4.39,4713.17482815948,42.2,2590,1487,222
173001003,2013,electricity,2768,12420.2,4.49,4713.17482815948,42.2,2590,1487,222
173001003,2014,electricity,2831,11266.2,3.98,4713.17482815948,42.2,2590,1487,222
173001003,2015,electricity,3000,11949.6,3.98,4713.17482815948,42.2,2590,1487,222
173001003,2016,electricity,3076,12414.6,4.04,4713.17482815948,42.2,2590,1487,222
173001003,2017,electricity,3169,12380.3,3.91,4713.17482815948,42.2,2590,1487,222
173001003,2018,electricity,2953,10494.0,3.55,4713.17482815948,42.2,2590,1487,222
173001003,2019,electricity,3038,10252.3,3.37,4713.17482815948,42.2,2590,1487,222
173001003,2020,electricity,3054,10255.3,3.36,4713.17482815948,42.2,2590,1487,222
173001003,2021,electricity,3103,11188.1,3.61,4713.17482815948,42.2,2590,1487,222
173001003,2022,electricity,3129,10161.2,3.25,4713.17482815948,42.2,2590,1487,222
173001003,2023,electricity,3204,9926.5,3.1,4713.17482815948,42.2,2590,1487,222
173001003,2024,electricity,3267,9878.8,3.02,4713.17482815948,42.2,2590,1487,222
173001003,2011,gas,1135,14235.0,12.54,4713.17482815948,42.2,2590,1487,222
173001003,2012,gas,1160,16778.0,14.46,4713.17482815948,42.2,2590,1487,222
173001003,2013,gas,1156,17350.0,15.01,4713.17482815948,42.2,2590,1487,222
173001003,2014,gas,1178,13579.0,11.53,4713.17482815948,42.2,2590,1487,222
173001003,2015,gas,1326,14394.0,10.86,4713.17482815948,42.2,2590,1487,222
173001003,2016,gas,1364,15163.0,11.12,4713.17482815948,42.2,2590,1487,222
173001003,2017,gas,1366,15020.0,11.0,4713.17482815948,42.2,2590,1487,222
173001003,2018,gas,1360,12105.3,8.9,4713.17482815948,42.2,2590,1487,222
173001003,2019,gas,1419,11766.0,8.29,4713.17482815948,42.2,2590,1487,222
173001003,2020,gas,1440,11231.5,7.8,4713.17482815948,42.2,2590,1487,222
173001003,2021,gas,1434,12246.3,8.54,4713.17482815948,42.2,2590,1487,222
173001003,2022,gas,1415,9617.5,6.8,4713.17482815948,42.2,2590,1487,222
173001003,2023,gas,1451,9294.9,6.41,4713.17482815948,42.2,2590,1487,222
173001003,2024,gas,1482,9095.4,6.14,4713.17482815948,42.2,2590,1487,222
173030000,2011,electricity,559,3633.1,6.5,1015,40.4,451,243,79
173030000,2012,electricity,562,4029.2,7.17,1015,40.4,451,243,79
173030000,2013,electricity,564,4162.1,7.38,1015,40.4,451,243,79
173030000,2014,electricity,564,3683.4,6.53,1015,40.4,451,243,79
173030000,2015,electricity,566,3719.9,6.57,1015,40.4,451,243,79
173030000,2016,electricity,566,3739.5,6.61,1015,40.4,451,243,79
173030000,2017,electricity,567,3652.4,6.44,1015,40.4,451,243,79
173030000,2018,electricity,508,3315.6,6.53,1015,40.4,451,243,79
173030000,2019,electricity,513,3225.0,6.29,1015,40.4,451,243,79
173030000,2020,electricity,508,3223.1,6.34,1015,40.4,451,243,79
173030000,2021,electricity,516,3442.4,6.67,1015,40.4,451,243,79
173030000,2022,electricity,522,3116.4,5.97,1015,40.4,451,243,79
173030000,2023,electricity,530,3086.5,5.82,1015,40.4,451,243,79
173030000,2024,electricity,530,2998.5,5.66,1015,40.4,451,243,79
173150000,2011,electricity,649,5149.3,7.93,1389,50.3,563,307,62
173150000,2012,electricity,686,5798.0,8.45,1389,50.3,563,307,62
173150000,2013,electricity,713,6199.2,8.69,1389,50.3,563,307,62
173150000,2014,electricity,727,5725.0,7.87,1389,50.3,563,307,62
173150000,2015,electricity,734,6020.5,8.2,1389,50.3,563,307,62
173150000,2016,electricity,752,6320.8,8.41,1389,50.3,563,307,62
173150000,2017,electricity,762,6170.0,8.1,1389,50.3,563,307,62
173150000,2018,electricity,714,5791.7,8.11,1389,50.3,563,307,62
173150000,2019,electricity,721,5669.3,7.86,1389,50.3,563,307,62
173150000,2020,electricity,730,5747.4,7.87,1389,50.3,563,307,62
173150000,2021,electricity,729,5862.4,8.04,1389,50.3,563,307,62
173150000,2022,electricity,731,5231.6,7.16,1389,50.3,563,307,62
173150000,2023,electricity,741,4994.8,6.74,1389,50.3,563,307,62
173150000,2024,electricity,732,4801.6,6.56,1389,50.3,563,307,62
173150000,2011,gas,NA,,,1389,50.3,563,307,62
173150000,2012,gas,NA,,,1389,50.3,563,307,62
173150000,2013,gas,NA,,,1389,50.3,563,307,62
173150000,2014,gas,NA,,,1389,50.3,563,307,62
173150000,2015,gas,NA,,,1389,50.3,563,307,62
173150000,2016,gas,NA,,,1389,50.3,563,307,62
173150000,2017,gas,NA,,,1389,50.3,563,307,62
173150000,2018,gas,NA,,,1389,50.3,563,307,62
173150000,2019,gas,NA,,,1389,50.3,563,307,62
173150000,2020,gas,NA,,,1389,50.3,563,307,62
173150000,2021,gas,NA,,,1389,50.3,563,307,62
173150000,2022,gas,NA,,,1389,50.3,563,307,62
173150000,2023,gas,NA,,,1389,50.3,563,307,62
173150000,2024,gas,NA,,,1389,50.3,563,307,62
173210000,2011,electricity,170,1264.1,7.44,351,35.2,141,83,13
173210000,2012,electricity,170,1339.8,7.88,351,35.2,141,83,13
173210000,2013,electricity,174,1323.0,7.6,351,35.2,141,83,13
173210000,2014,electricity,176,1185.7,6.74,351,35.2,141,83,13
173210000,2015,electricity,177,1200.0,6.78,351,35.2,141,83,13
173210000,2016,electricity,178,1250.7,7.03,351,35.2,141,83,13
173210000,2017,electricity,179,1200.0,6.7,351,35.2,141,83,13
173210000,2018,electricity,153,1050.9,6.87,351,35.2,141,83,13
173210000,2019,electricity,156,1048.4,6.72,351,35.2,141,83,13
173210000,2020,electricity,157,1195.0,7.61,351,35.2,141,83,13
173210000,2021,electricity,158,1202.5,7.61,351,35.2,141,83,13
173210000,2022,electricity,158,1085.5,6.87,351,35.2,141,83,13
173210000,2023,electricity,160,1046.0,6.54,351,35.2,141,83,13
173210000,2024,electricity,160,1021.3,6.38,351,35.2,141,83,13
173220000,2011,electricity,254,2001.4,7.88,685,36.3,226,154,23
173220000,2012,electricity,263,2210.7,8.41,685,36.3,226,154,23
173220000,2013,electricity,266,2320.3,8.72,685,36.3,226,154,23
173220000,2014,electricity,270,2066.2,7.65,685,36.3,226,154,23
173220000,2015,electricity,271,2075.9,7.66,685,36.3,226,154,23
173220000,2016,electricity,278,2117.5,7.62,685,36.3,226,154,23
173220000,2017,electricity,286,2112.7,7.39,685,36.3,226,154,23
173220000,2018,electricity,241,1723.3,7.15,685,36.3,226,154,23
173220000,2019,electricity,242,1740.0,7.19,685,36.3,226,154,23
173220000,2020,electricity,244,1783.1,7.31,685,36.3,226,154,23
173220000,2021,electricity,254,1941.4,7.64,685,36.3,226,154,23
173220000,2022,electricity,264,1792.6,6.79,685,36.3,226,154,23
173220000,2023,electricity,260,1741.3,6.7,685,36.3,226,154,23
173220000,2024,electricity,261,1731.7,6.63,685,36.3,226,154,23
173380000,2011,electricity,904,6332.7,7.01,1838,42.4,786,432,83
173380000,2012,electricity,913,6944.3,7.61,1838,42.4,786,432,83
173380000,2013,electricity,929,7163.6,7.71,1838,42.4,786,432,83
173380000,2014,electricity,935,6469.4,6.92,1838,42.4,786,432,83
173380000,2015,electricity,945,6740.5,7.13,1838,42.4,786,432,83
173380000,2016,electricity,959,6971.9,7.27,1838,42.4,786,432,83
173380000,2017,electricity,962,6752.8,7.02,1838,42.4,786,432,83
173380000,2018,electricity,861,5960.2,6.92,1838,42.4,786,432,83
173380000,2019,electricity,886,6087.0,6.87,1838,42.4,786,432,83
173380000,2020,electricity,905,6650.4,7.35,1838,42.4,786,432,83
173380000,2021,electricity,918,6795.6,7.4,1838,42.4,786,432,83
173380000,2022,electricity,931,6201.2,6.66,1838,42.4,786,432,83
173380000,2023,electricity,960,6131.3,6.39,1838,42.4,786,432,83
173380000,2024,electricity,968,6106.2,6.31,1838,42.4,786,432,83
173400000,2011,electricity,775,5591.2,7.21,1508,44.7,661,351,103
173400000,2012,electricity,794,5938.4,7.48,1508,44.7,661,351,103
173400000,2013,electricity,804,6180.9,7.69,1508,44.7,661,351,103
173400000,2014,electricity,826,5686.1,6.88,1508,44.7,661,351,103
173400000,2015,electricity,829,5978.7,7.21,1508,44.7,661,351,103
173400000,2016,electricity,832,6206.6,7.46,1508,44.7,661,351,103
173400000,2017,electricity,834,6091.0,7.3,1508,44.7,661,351,103
173400000,2018,electricity,752,5459.0,7.26,1508,44.7,661,351,103
173400000,2019,electricity,752,5401.4,7.18,1508,44.7,661,351,103
173400000,2020,electricity,755,5328.3,7.06,1508,44.7,661,351,103
173400000,2021,electricity,762,5666.8,7.44,1508,44.7,661,351,103
173400000,2022,electricity,765,5044.4,6.59,1508,44.7,661,351,103
173400000,2023,electricity,774,4905.1,6.34,1508,44.7,661,351,103
173400000,2024,electricity,785,4882.1,6.22,1508,44.7,661,351,103
173490000,2011,electricity,1212,8810.3,7.27,3038,51.3,1148,640,108
173490000,2012,electricity,1245,9819.7,7.89,3038,51.3,1148,640,108
173490000,2013,electricity,1291,10522.9,8.15,3038,51.3,1148,640,108
173490000,2014,electricity,1310,9611.1,7.34,3038,51.3,1148,640,108
173490000,2015,electricity,1320,9953.0,7.54,3038,51.3,1148,640,108
173490000,2016,electricity,1347,10205.1,7.58,3038,51.3,1148,640,108
173490000,2017,electricity,1356,10162.9,7.49,3038,51.3,1148,640,108
173490000,2018,electricity,1224,8906.2,7.28,3038,51.3,1148,640,108
173490000,2019,electricity,1235,8906.4,7.21,3038,51.3,1148,640,108
173490000,2020,electricity,1261,8994.0,7.13,3038,51.3,1148,640,108
173490000,2021,electricity,1281,9651.4,7.53,3038,51.3,1148,640,108
173490000,2022,electricity,1289,8588.3,6.66,3038,51.3,1148,640,108
173490000,2023,electricity,1304,8457.4,6.49,3038,51.3,1148,640,108
173490000,2024,electricity,1343,8483.5,6.32,3038,51.3,1148,640,108
173590000,2011,electricity,529,3703.0,7.0,1227,38.9,499,307,58
173590000,2012,electricity,535,4112.8,7.69,1227,38.9,499,307,58
173590000,2013,electricity,543,4317.6,7.95,1227,38.9,499,307,58
173590000,2014,electricity,550,3874.2,7.04,1227,38.9,499,307,58
173590000,2015,electricity,556,4051.3,7.29,1227,38.9,499,307,58
173590000,2016,electricity,565,4215.3,7.46,1227,38.9,499,307,58
173590000,2017,electricity,567,4088.1,7.21,1227,38.9,499,307,58
173590000,2018,electricity,527,3876.9,7.36,1227,38.9,499,307,58
173590000,2019,electricity,531,3947.0,7.43,1227,38.9,499,307,58
173590000,2020,electricity,533,4049.2,7.6,1227,38.9,499,307,58
173590000,2021,electricity,556,4304.8,7.74,1227,38.9,499,307,58
173590000,2022,electricity,577,3943.8,6.84,1227,38.9,499,307,58
173590000,2023,electricity,586,3939.7,6.72,1227,38.9,499,307,58
173590000,2024,electricity,586,3956.5,6.75,1227,38.9,499,307,58
173730000,2011,electricity,774,6125.2,7.91,2349,49.4,886,498,97
173730000,2012,electricity,798,6732.1,8.44,2349,49.4,886,498,97
173730000,2013,electricity,827,7272.3,8.79,2349,49.4,886,498,97
173730000,2014,electricity,880,6696.4,7.61,2349,49.4,886,498,97
173730000,2015,electricity,894,7161.8,8.01,2349,49.4,886,498,97
173730000,2016,electricity,908,7434.7,8.19,2349,49.4,886,498,97
173730000,2017,electricity,918,7340.9,8.0,2349,49.4,886,498,97
173730000,2018,electricity,792,6388.5,8.07,2349,49.4,886,498,97
173730000,2019,electricity,813,6394.0,7.86,2349,49.4,886,498,97
173730000,2020,electricity,835,6440.7,7.71,2349,49.4,886,498,97
173730000,2021,electricity,855,7061.8,8.26,2349,49.4,886,498,97
173730000,2022,electricity,880,6468.0,7.35,2349,49.4,886,498,97
173730000,2023,electricity,893,6273.0,7.02,2349,49.4,886,498,97
173730000,2024,electricity,905,6172.1,6.82,2349,49.4,886,498,97
173730000,2011,gas,NA,,,2349,49.4,886,498,97
173730000,2012,gas,NA,,,2349,49.4,886,498,97
173730000,2013,gas,NA,,,2349,49.4,886,498,97
173730000,2014,gas,NA,,,2349,49.4,886,498,97
173730000,2015,gas,NA,,,2349,49.4,886,498,97
173730000,2016,gas,NA,,,2349,49.4,886,498,97
173730000,2017,gas,NA,,,2349,49.4,886,498,97
173760000,2011,electricity,539,4490.0,8.33,2083,51.4,742,296,37
173760000,2012,electricity,575,4935.7,8.58,2083,51.4,742,296,37
173760000,2013,electricity,633,5533.2,8.74,2083,51.4,742,296,37
173760000,2014,electricity,657,5289.5,8.05,2083,51.4,742,296,37
173760000,2015,electricity,664,5488.3,8.27,2083,51.4,742,296,37
173760000,2016,electricity,722,5722.6,7.93,2083,51.4,742,296,37
173760000,2017,electricity,738,5749.3,7.79,2083,51.4,742,296,37
173760000,2018,electricity,731,5440.9,7.44,2083,51.4,742,296,37
173760000,2019,electricity,763,5590.1,7.33,2083,51.4,742,296,37
173760000,2020,electricity,810,5641.1,6.96,2083,51.4,742,296,37
173760000,2021,electricity,830,6237.1,7.51,2083,51.4,742,296,37
173760000,2022,electricity,837,5756.7,6.88,2083,51.4,742,296,37
173760000,2023,electricity,854,5691.1,6.66,2083,51.4,742,296,37
173760000,2024,electricity,862,5615.5,6.51,2083,51.4,742,296,37
173820000,2011,electricity,268,1848.5,6.9,552,39.1,227,128,29
173820000,2012,electricity,269,1959.5,7.28,552,39.1,227,128,29
173820000,2013,electricity,271,1997.2,7.37,552,39.1,227,128,29
173820000,2014,electricity,273,1817.7,6.66,552,39.1,227,128,29
173820000,2015,electricity,276,1885.8,6.83,552,39.1,227,128,29
173820000,2016,electricity,282,2045.4,7.25,552,39.1,227,128,29
173820000,2017,electricity,281,2025.9,7.21,552,39.1,227,128,29
173820000,2018,electricity,243,1774.7,7.3,552,39.1,227,128,29
173820000,2019,electricity,251,1720.2,6.85,552,39.1,227,128,29
173820000,2020,electricity,257,1761.7,6.85,552,39.1,227,128,29
173820000,2021,electricity,261,1848.8,7.08,552,39.1,227,128,29
173820000,2022,electricity,261,1709.8,6.55,552,39.1,227,128,29
173820000,2023,electricity,282,1684.3,5.97,552,39.1,227,128,29
173820000,2024,electricity,289,1689.2,5.84,552,39.1,227,128,29
173910000,2011,electricity,876,5592.2,6.38,2408,35.4,977,523,31
173910000,2012,electricity,894,6194.5,6.93,2408,35.4,977,523,31
173910000,2013,electricity,910,6508.6,7.15,2408,35.4,977,523,31
173910000,2014,electricity,917,5939.5,6.48,2408,35.4,977,523,31
173910000,2015,electricity,919,6008.2,6.54,2408,35.4,977,523,31
173910000,2016,electricity,942,6112.5,6.49,2408,35.4,977,523,31
173910000,2017,electricity,1030,6163.2,5.98,2408,35.4,977,523,31
173910000,2018,electricity,1007,6179.3,6.14,2408,35.4,977,523,31
173910000,2019,electricity,1021,6190.3,6.06,2408,35.4,977,523,31
173910000,2020,electricity,1024,6299.5,6.15,2408,35.4,977,523,31
173910000,2021,electricity,1031,6623.3,6.42,2408,35.4,977,523,31
173910000,2022,electricity,1032,6081.0,5.89,2408,35.4,977,523,31
173910000,2023,electricity,1045,5889.6,5.64,2408,35.4,977,523,31
173910000,2024,electricity,1048,5796.2,5.53,2408,35.4,977,523,31
173910000,2011,gas,456,5610.0,12.3,2408,35.4,977,523,31
173910000,2012,gas,457,6792.0,14.86,2408,35.4,977,523,31
173910000,2013,gas,464,6984.0,15.05,2408,35.4,977,523,31
173910000,2014,gas,468,6158.0,13.16,2408,35.4,977,523,31
173910000,2015,gas,469,6569.0,14.01,2408,35.4,977,523,31
173910000,2016,gas,474,6862.0,14.48,2408,35.4,977,523,31
173910000,2017,gas,494,6663.0,13.49,2408,35.4,977,523,31
173910000,2018,gas,491,5243.3,10.68,2408,35.4,977,523,31
173910000,2019,gas,495,5135.4,10.37,2408,35.4,977,523,31
173910000,2020,gas,494,4874.1,9.87,2408,35.4,977,523,31
173910000,2021,gas,493,5486.6,11.13,2408,35.4,977,523,31
173910000,2022,gas,490,4300.0,8.78,2408,35.4,977,523,31
173910000,2023,gas,485,4034.7,8.32,2408,35.4,977,523,31
173910000,2024,gas,474,3979.2,8.39,2408,35.4,977,523,31
173940000,2011,electricity,404,2755.5,6.82,905,34.4,346,224,67
173940000,2012,electricity,408,3028.6,7.42,905,34.4,346,224,67
173940000,2013,electricity,416,3136.8,7.54,905,34.4,346,224,67
173940000,2014,electricity,417,2834.1,6.8,905,34.4,346,224,67
173940000,2015,electricity,NA,,,905,34.4,346,224,67
173940000,2016,electricity,NA,,,905,34.4,346,224,67
173940000,2017,electricity,NA,,,905,34.4,346,224,67
173940000,2018,electricity,NA,,,905,34.4,346,224,67
173940000,2019,electricity,NA,,,905,34.4,346,224,67
173940000,2020,electricity,NA,,,905,34.4,346,224,67
173940000,2021,electricity,NA,,,905,34.4,346,224,67
173940000,2022,electricity,NA,,,905,34.4,346,224,67
173940000,2023,electricity,NA,,,905,34.4,346,224,67
173940000,2024,electricity,NA,,,905,34.4,346,224,67
173960000,2011,electricity,770,6642.8,8.63,1744,52.6,686,358,54
173960000,2012,electricity,777,6960.6,8.96,1744,52.6,686,358,54
173960000,2013,electricity,785,7126.0,9.08,1744,52.6,686,358,54
173960000,2014,electricity,787,6392.1,8.12,1744,52.6,686,358,54
173960000,2015,electricity,797,6534.6,8.2,1744,52.6,686,358,54
173960000,2016,electricity,821,6819.5,8.31,1744,52.6,686,358,54
173960000,2017,electricity,852,6730.0,7.9,1744,52.6,686,358,54
173960000,2018,electricity,752,5843.2,7.77,1744,52.6,686,358,54
173960000,2019,electricity,762,5825.6,7.65,1744,52.6,686,358,54
173960000,2020,electricity,781,5817.3,7.45,1744,52.6,686,358,54
173960000,2021,electricity,835,6442.7,7.72,1744,52.6,686,358,54
173960000,2022,electricity,906,6065.7,6.69,1744,52.6,686,358,54
173960000,2023,electricity,939,6150.4,6.55,1744,52.6,686,358,54
173960000,2024,electricity,938,6136.8,6.54,1744,52.6,686,358,54
174070000,2011,electricity,1687,14042.8,8.32,4961,47.5,2018,1022,141
174070000,2012,electricity,1789,15324.7,8.57,4961,47.5,2018,1022,141
174070000,2013,electricity,1852,16344.8,8.83,4961,47.5,2018,1022,141
174070000,2014,electricity,1905,15048.3,7.9,4961,47.5,2018,1022,141
174070000,2015,electricity,1947,15631.4,8.03,4961,47.5,2018,1022,141
174070000,2016,electricity,2019,16346.6,8.1,4961,47.5,2018,1022,141
174070000,2017,electricity,2105,16328.0,7.76,4961,47.5,2018,1022,141
174070000,2018,electricity,1968,14779.4,7.51,4961,47.5,2018,1022,141
174070000,2019,electricity,2098,14931.4,7.12,4961,47.5,2018,1022,141
174070000,2020,electricity,2133,15386.3,7.21,4961,47.5,2018,1022,141
174070000,2021,electricity,2179,16543.3,7.59,4961,47.5,2018,1022,141
174070000,2022,electricity,2217,15004.6,6.77,4961,47.5,2018,1022,141
174070000,2023,electricity,2246,14571.9,6.49,4961,47.5,2018,1022,141
174070000,2024,electricity,2280,14465.8,6.34,4961,47.5,2018,1022,141
174070000,2011,gas,171,2549.0,14.91,4961,47.5,2018,1022,141
174070000,2012,gas,207,3200.0,15.46,4961,47.5,2018,1022,141
174070000,2013,gas,242,3564.0,14.73,4961,47.5,2018,1022,141
174070000,2014,gas,249,3229.0,12.97,4961,47.5,2018,1022,141
174070000,2015,gas,255,3419.0,13.41,4961,47.5,2018,1022,141
174070000,2016,gas,258,3620.0,14.03,4961,47.5,2018,1022,141
174070000,2017,gas,264,3655.0,13.84,4961,47.5,2018,1022,141
174070000,2018,gas,261,2930.5,11.23,4961,47.5,2018,1022,141
174070000,2019,gas,322,3036.5,9.43,4961,47.5,2018,1022,141
174070000,2020,gas,321,2975.4,9.27,4961,47.5,2018,1022,141
174070000,2021,gas,321,3406.9,10.61,4961,47.5,2018,1022,141
174070000,2022,gas,319,2704.4,8.48,4961,47.5,2018,1022,141
174070000,2023,gas,317,2542.8,8.02,4961,47.5,2018,1022,141
174070000,2024,gas,312,2471.5,7.92,4961,47.5,2018,1022,141
174130000,2011,electricity,551,4100.7,7.44,1393,43.0,567,303,30
174130000,2012,electricity,553,4223.8,7.64,1393,43.0,567,303,30
174130000,2013,electricity,569,4313.4,7.58,1393,43.0,567,303,30
174130000,2014,electricity,578,4059.1,7.02,1393,43.0,567,303,30
174130000,2015,electricity,589,4284.3,7.27,1393,43.0,567,303,30
174130000,2016,electricity,609,4481.8,7.36,1393,43.0,567,303,30
174130000,2017,electricity,631,4457.1,7.06,1393,43.0,567,303,30
174130000,2018,electricity,591,4054.6,6.86,1393,43.0,567,303,30
174130000,2019,electricity,609,4062.4,6.67,1393,43.0,567,303,30
174130000,2020,electricity,617,4047.7,6.56,1393,43.0,567,303,30
174130000,2021,electricity,626,4262.5,6.81,1393,43.0,567,303,30
174130000,2022,electricity,631,3924.7,6.22,1393,43.0,567,303,30
174130000,2023,electricity,637,3895.0,6.11,1393,43.0,567,303,30
174130000,2024,electricity,638,3890.5,6.1,1393,43.0,567,303,30
174130000,2011,gas,167,2115.0,12.66,1393,43.0,567,303,30
174130000,2012,gas,167,2585.0,15.48,1393,43.0,567,303,30
174130000,2013,gas,166,2674.0,16.11,1393,43.0,567,303,30
174130000,2014,gas,165,2180.0,13.21,1393,43.0,567,303,30
174130000,2015,gas,170,2344.0,13.79,1393,43.0,567,303,30
174130000,2016,gas,177,2489.0,14.06,1393,43.0,567,303,30
174130000,2017,gas,178,2436.0,13.69,1393,43.0,567,303,30
174130000,2018,gas,171,1908.7,11.16,1393,43.0,567,303,30
174130000,2019,gas,183,1958.9,10.7,1393,43.0,567,303,30
174130000,2020,gas,190,1874.7,9.87,1393,43.0,567,303,30
174130000,2021,gas,190,2169.7,11.42,1393,43.0,567,303,30
174130000,2022,gas,189,1701.7,9.0,1393,43.0,567,303,30
174130000,2023,gas,184,1538.3,8.36,1393,43.0,567,303,30
174130000,2024,gas,180,1481.5,8.23,1393,43.0,567,303,30
174140000,2011,electricity,2120,15625.4,7.37,5384,40.3,2357,1258,189
174140000,2012,electricity,2144,16295.8,7.6,5384,40.3,2357,1258,189
174140000,2013,electricity,2239,16906.7,7.55,5384,40.3,2357,1258,189
174140000,2014,electricity,2303,15844.5,6.88,5384,40.3,2357,1258,189
174140000,2015,electricity,2356,16617.5,7.05,5384,40.3,2357,1258,189
174140000,2016,electricity,2496,17627.5,7.06,5384,40.3,2357,1258,189
174140000,2017,electricity,2560,17274.5,6.75,5384,40.3,2357,1258,189
174140000,2018,electricity,2532,16280.0,6.43,5384,40.3,2357,1258,189
174140000,2019,electricity,2616,16216.5,6.2,5384,40.3,2357,1258,189
174140000,2020,electricity,2725,16806.0,6.17,5384,40.3,2357,1258,189
174140000,2021,electricity,2781,18008.4,6.48,5384,40.3,2357,1258,189
174140000,2022,electricity,2874,16672.3,5.8,5384,40.3,2357,1258,189
174140000,2023,electricity,2940,16146.5,5.49,5384,40.3,2357,1258,189
174140000,2024,electricity,2967,16029.6,5.4,5384,40.3,2357,1258,189
174140000,2011,gas,707,9383.0,13.27,5384,40.3,2357,1258,189
174140000,2012,gas,709,11277.0,15.91,5384,40.3,2357,1258,189
174140000,2013,gas,722,11464.0,15.88,5384,40.3,2357,1258,189
174140000,2014,gas,740,9414.0,12.72,5384,40.3,2357,1258,189
174140000,2015,gas,753,9957.0,13.22,5384,40.3,2357,1258,189
174140000,2016,gas,791,10440.0,13.2,5384,40.3,2357,1258,189
174140000,2017,gas,814,10152.0,12.47,5384,40.3,2357,1258,189
174140000,2018,gas,860,9198.2,10.7,5384,40.3,2357,1258,189
174140000,2019,gas,912,9296.2,10.19,5384,40.3,2357,1258,189
174140000,2020,gas,922,8795.6,9.54,5384,40.3,2357,1258,189
174140000,2021,gas,933,9750.9,10.45,5384,40.3,2357,1258,189
174140000,2022,gas,984,7750.2,7.88,5384,40.3,2357,1258,189
174140000,2023,gas,1005,7594.6,7.56,5384,40.3,2357,1258,189
174140000,2024,gas,990,7421.0,7.5,5384,40.3,2357,1258,189
174200000,2011,electricity,971,7340.2,7.56,2350,54.1,1005,558,79
174200000,2012,electricity,982,7980.4,8.13,2350,54.1,1005,558,79
174200000,2013,electricity,996,8325.2,8.36,2350,54.1,1005,558,79
174200000,2014,electricity,1026,7468.6,7.28,2350,54.1,1005,558,79
174200000,2015,electricity,1025,7861.0,7.67,2350,54.1,1005,558,79
174200000,2016,electricity,1056,8227.3,7.79,2350,54.1,1005,558,79
174200000,2017,electricity,1089,8158.1,7.49,2350,54.1,1005,558,79
174200000,2018,electricity,1007,7389.7,7.34,2350,54.1,1005,558,79
174200000,2019,electricity,1039,7315.6,7.04,2350,54.1,1005,558,79
174200000,2020,electricity,1066,7518.1,7.05,2350,54.1,1005,558,79
174200000,2021,electricity,1147,8571.1,7.47,2350,54.1,1005,558,79
174200000,2022,electricity,1181,7756.4,6.57,2350,54.1,1005,558,79
174200000,2023,electricity,1218,7602.5,6.24,2350,54.1,1005,558,79
174200000,2024,electricity,1231,7547.2,6.13,2350,54.1,1005,558,79
174200000,2011,gas,149,2070.0,13.89,2350,54.1,1005,558,79
174200000,2012,gas,152,2500.0,16.45,2350,54.1,1005,558,79
174200000,2013,gas,151,2509.0,16.62,2350,54.1,1005,558,79
174200000,2014,gas,154,1993.0,12.94,2350,54.1,1005,558,79
174200000,2015,gas,155,2138.0,13.79,2350,54.1,1005,558,79
174200000,2016,gas,152,2246.0,14.78,2350,54.1,1005,558,79
174200000,2017,gas,159,2149.0,13.52,2350,54.1,1005,558,79
174200000,2018,gas,164,1950.9,11.9,2350,54.1,1005,558,79
174200000,2019,gas,170,2025.2,11.91,2350,54.1,1005,558,79
174200000,2020,gas,172,1992.4,11.58,2350,54.1,1005,558,79
174200000,2021,gas,175,2295.2,13.12,2350,54.1,1005,558,79
174200000,2022,gas,196,1860.6,9.49,2350,54.1,1005,558,79
174200000,2023,gas,195,1796.9,9.21,2350,54.1,1005,558,79
174200000,2024,gas,193,1755.3,9.09,2350,54.1,1005,558,79
174340101,2011,electricity,1447,8685.8,6.0,2771.09936756346,43.3,1260,773,163
174340101,2012,electricity,1460,9482.1,6.49,2771.09936756346,43.3,1260,773,163
174340101,2013,electricity,1489,9846.6,6.61,2771.09936756346,43.3,1260,773,163
174340101,2014,electricity,1521,9249.9,6.08,2771.09936756346,43.3,1260,773,163
174340101,2015,electricity,1532,9531.9,6.22,2771.09936756346,43.3,1260,773,163
174340101,2016,electricity,1566,9804.3,6.26,2771.09936756346,43.3,1260,773,163
174340101,2017,electricity,1585,9584.1,6.05,2771.09936756346,43.3,1260,773,163
174340101,2018,electricity,1428,7671.8,5.37,2771.09936756346,43.3,1260,773,163
174340101,2019,electricity,1433,7791.5,5.44,2771.09936756346,43.3,1260,773,163
174340101,2020,electricity,1453,7987.6,5.5,2771.09936756346,43.3,1260,773,163
174340101,2021,electricity,1436,8135.9,5.67,2771.09936756346,43.3,1260,773,163
174340101,2022,electricity,1450,7434.3,5.13,2771.09936756346,43.3,1260,773,163
174340101,2023,electricity,1468,7384.8,5.03,2771.09936756346,43.3,1260,773,163
174340101,2024,electricity,1493,7312.7,4.9,2771.09936756346,43.3,1260,773,163
174340101,2011,gas,465,6557.0,14.1,2771.09936756346,43.3,1260,773,163
174340101,2012,gas,465,7683.0,16.52,2771.09936756346,43.3,1260,773,163
174340101,2013,gas,477,7861.0,16.48,2771.09936756346,43.3,1260,773,163
174340101,2014,gas,497,6489.0,13.06,2771.09936756346,43.3,1260,773,163
174340101,2015,gas,508,6916.0,13.61,2771.09936756346,43.3,1260,773,163
174340101,2016,gas,506,7270.0,14.37,2771.09936756346,43.3,1260,773,163
174340101,2017,gas,503,6823.0,13.56,2771.09936756346,43.3,1260,773,163
174340101,2018,gas,463,5317.4,11.48,2771.09936756346,43.3,1260,773,163
174340101,2019,gas,481,5204.6,10.82,2771.09936756346,43.3,1260,773,163
174340101,2020,gas,445,4737.6,10.65,2771.09936756346,43.3,1260,773,163
174340101,2021,gas,481,5581.6,11.6,2771.09936756346,43.3,1260,773,163
174340101,2022,gas,480,4387.0,9.14,2771.09936756346,43.3,1260,773,163
174340101,2023,gas,448,4156.8,9.28,2771.09936756346,43.3,1260,773,163
174340101,2024,gas,466,4200.3,9.01,2771.09936756346,43.3,1260,773,163
174340102,2011,electricity,1310,8284.6,6.32,2120.0166532312,48.8,1071,755,103
174340102,2012,electricity,1323,8861.4,6.7,2120.0166532312,48.8,1071,755,103
174340102,2013,electricity,1344,9153.4,6.81,2120.0166532312,48.8,1071,755,103
174340102,2014,electricity,1342,8226.7,6.13,2120.0166532312,48.8,1071,755,103
174340102,2015,electricity,1364,8511.1,6.24,2120.0166532312,48.8,1071,755,103
174340102,2016,electricity,1368,8527.1,6.23,2120.0166532312,48.8,1071,755,103
174340102,2017,electricity,1361,8323.9,6.12,2120.0166532312,48.8,1071,755,103
174340102,2018,electricity,1200,6645.1,5.54,2120.0166532312,48.8,1071,755,103
174340102,2019,electricity,1191,6477.8,5.44,2120.0166532312,48.8,1071,755,103
174340102,2020,electricity,1187,6563.6,5.53,2120.0166532312,48.8,1071,755,103
174340102,2021,electricity,1310,7407.3,5.65,2120.0166532312,48.8,1071,755,103
174340102,2022,electricity,1341,6778.8,5.06,2120.0166532312,48.8,1071,755,103
174340102,2023,electricity,1345,6726.7,5.0,2120.0166532312,48.8,1071,755,103
174340102,2024,electricity,1338,6689.6,5.0,2120.0166532312,48.8,1071,755,103
174340102,2011,gas,344,6565.0,19.08,2120.0166532312,48.8,1071,755,103
174340102,2012,gas,340,7787.0,22.9,2120.0166532312,48.8,1071,755,103
174340102,2013,gas,331,7896.0,23.85,2120.0166532312,48.8,1071,755,103
174340102,2014,gas,328,6177.0,18.83,2120.0166532312,48.8,1071,755,103
174340102,2015,gas,337,6539.0,19.4,2120.0166532312,48.8,1071,755,103
174340102,2016,gas,342,6825.0,19.96,2120.0166532312,48.8,1071,755,103
174340102,2017,gas,340,6653.0,19.57,2120.0166532312,48.8,1071,755,103
174340102,2018,gas,313,4388.8,14.02,2120.0166532312,48.8,1071,755,103
174340102,2019,gas,325,4334.4,13.34,2120.0166532312,48.8,1071,755,103
174340102,2020,gas,356,4359.3,12.25,2120.0166532312,48.8,1071,755,103
174340102,2021,gas,322,4571.8,14.2,2120.0166532312,48.8,1071,755,103
174340102,2022,gas,333,3738.0,11.23,2120.0166532312,48.8,1071,755,103
174340102,2023,gas,337,3541.4,10.51,2120.0166532312,48.8,1071,755,103
174340102,2024,gas,310,3458.0,11.15,2120.0166532312,48.8,1071,755,103
174340103,2011,electricity,1158,7458.9,6.44,1933.88397920534,46.3,913,584,112
174340103,2012,electricity,1162,7943.3,6.84,1933.88397920534,46.3,913,584,112
174340103,2013,electricity,1181,8188.5,6.93,1933.88397920534,46.3,913,584,112
174340103,2014,electricity,1191,7467.5,6.27,1933.88397920534,46.3,913,584,112
174340103,2015,electricity,1185,7660.9,6.46,1933.88397920534,46.3,913,584,112
174340103,2016,electricity,1193,7896.8,6.62,1933.88397920534,46.3,913,584,112
174340103,2017,electricity,1212,7688.1,6.34,1933.88397920534,46.3,913,584,112
174340103,2018,electricity,1027,5212.8,5.08,1933.88397920534,46.3,913,584,112
174340103,2019,electricity,1046,5284.2,5.05,1933.88397920534,46.3,913,584,112
174340103,2020,electricity,1057,5619.1,5.32,1933.88397920534,46.3,913,584,112
174340103,2021,electricity,1007,5596.4,5.56,1933.88397920534,46.3,913,584,112
174340103,2022,electricity,1014,4984.7,4.92,1933.88397920534,46.3,913,584,112
174340103,2023,electricity,1034,4854.4,4.69,1933.88397920534,46.3,913,584,112
174340103,2024,electricity,1036,4825.7,4.66,1933.88397920534,46.3,913,584,112
174340103,2011,gas,329,5581.0,16.96,1933.88397920534,46.3,913,584,112
174340103,2012,gas,333,6456.0,19.39,1933.88397920534,46.3,913,584,112
174340103,2013,gas,330,6540.0,19.82,1933.88397920534,46.3,913,584,112
174340103,2014,gas,329,5378.0,16.35,1933.88397920534,46.3,913,584,112
174340103,2015,gas,331,5569.0,16.82,1933.88397920534,46.3,913,584,112
174340103,2016,gas,328,5709.0,17.41,1933.88397920534,46.3,913,584,112
174340103,2017,gas,326,5322.0,16.33,1933.88397920534,46.3,913,584,112
174340103,2018,gas,274,3546.3,12.94,1933.88397920534,46.3,913,584,112
174340103,2019,gas,278,3424.6,12.32,1933.88397920534,46.3,913,584,112
174340103,2020,gas,290,3449.8,11.9,1933.88397920534,46.3,913,584,112
174340103,2021,gas,276,3610.8,13.08,1933.88397920534,46.3,913,584,112
174340103,2022,gas,271,2832.3,10.45,1933.88397920534,46.3,913,584,112
174340103,2023,gas,280,2806.7,10.02,1933.88397920534,46.3,913,584,112
174340103,2024,gas,266,2754.5,10.36,1933.88397920534,46.3,913,584,112
174390000,2011,electricity,509,2848.2,5.6,772,38.9,346,199,77
174390000,2012,electricity,515,3169.2,6.15,772,38.9,346,199,77
174390000,2013,electricity,515,3250.3,6.31,772,38.9,346,199,77
174390000,2014,electricity,519,2855.8,5.5,772,38.9,346,199,77
174390000,2015,electricity,520,2900.7,5.58,772,38.9,346,199,77
174390000,2016,electricity,518,3002.2,5.8,772,38.9,346,199,77
174390000,2017,electricity,522,2918.8,5.59,772,38.9,346,199,77
174390000,2018,electricity,469,2584.0,5.51,772,38.9,346,199,77
174390000,2019,electricity,474,2537.4,5.35,772,38.9,346,199,77
174390000,2020,electricity,473,2495.8,5.28,772,38.9,346,199,77
174390000,2021,electricity,465,2686.5,5.78,772,38.9,346,199,77
174390000,2022,electricity,462,2403.9,5.2,772,38.9,346,199,77
174390000,2023,electricity,466,2366.5,5.08,772,38.9,346,199,77
174390000,2024,electricity,464,2293.0,4.94,772,38.9,346,199,77
174430000,2011,electricity,750,5557.3,7.41,1837,51.6,740,434,64
174430000,2012,electricity,785,6193.5,7.89,1837,51.6,740,434,64
174430000,2013,electricity,802,6552.9,8.17,1837,51.6,740,434,64
174430000,2014,electricity,816,5825.3,7.14,1837,51.6,740,434,64
174430000,2015,electricity,827,6166.6,7.46,1837,51.6,740,434,64
174430000,2016,electricity,848,6365.1,7.51,1837,51.6,740,434,64
174430000,2017,electricity,858,6358.0,7.41,1837,51.6,740,434,64
174430000,2018,electricity,811,6119.9,7.55,1837,51.6,740,434,64
174430000,2019,electricity,844,6148.9,7.29,1837,51.6,740,434,64
174430000,2020,electricity,873,6201.8,7.1,1837,51.6,740,434,64
174430000,2021,electricity,892,6816.7,7.64,1837,51.6,740,434,64
174430000,2022,electricity,917,6110.8,6.66,1837,51.6,740,434,64
174430000,2023,electricity,951,6000.4,6.31,1837,51.6,740,434,64
174430000,2024,electricity,957,5952.0,6.22,1837,51.6,740,434,64
174470000,2011,electricity,781,5588.1,7.16,2052,46.5,790,401,93
174470000,2012,electricity,810,6158.9,7.6,2052,46.5,790,401,93
174470000,2013,electricity,821,6548.6,7.98,2052,46.5,790,401,93
174470000,2014,electricity,834,6046.1,7.25,2052,46.5,790,401,93
174470000,2015,electricity,847,6432.7,7.59,2052,46.5,790,401,93
174470000,2016,electricity,867,6601.2,7.61,2052,46.5,790,401,93
174470000,2017,electricity,900,6537.7,7.26,2052,46.5,790,401,93
174470000,2018,electricity,834,5831.4,6.99,2052,46.5,790,401,93
174470000,2019,electricity,859,5857.0,6.82,2052,46.5,790,401,93
174470000,2020,electricity,866,6017.4,6.95,2052,46.5,790,401,93
174470000,2021,electricity,891,6467.0,7.26,2052,46.5,790,401,93
174470000,2022,electricity,921,6001.6,6.52,2052,46.5,790,401,93
174470000,2023,electricity,1033,5833.1,5.65,2052,46.5,790,401,93
174470000,2024,electricity,1087,5948.0,5.47,2052,46.5,790,401,93
174470000,2011,gas,53,751.0,14.17,2052,46.5,790,401,93
174470000,2012,gas,55,871.0,15.84,2052,46.5,790,401,93
174470000,2013,gas,55,890.0,16.18,2052,46.5,790,401,93
174470000,2014,gas,55,687.0,12.49,2052,46.5,790,401,93
174470000,2015,gas,55,722.0,13.13,2052,46.5,790,401,93
174470000,2016,gas,55,759.0,13.8,2052,46.5,790,401,93
174470000,2017,gas,59,789.0,13.37,2052,46.5,790,401,93
174470000,2018,gas,52,678.9,13.06,2052,46.5,790,401,93
174470000,2019,gas,53,643.6,12.14,2052,46.5,790,401,93
174470000,2020,gas,50,604.3,12.09,2052,46.5,790,401,93
174470000,2021,gas,49,661.7,13.5,2052,46.5,790,401,93
174470000,2022,gas,50,481.5,9.63,2052,46.5,790,401,93
174470000,2023,gas,47,457.5,9.73,2052,46.5,790,401,93
174470000,2024,gas,45,452.9,10.06,2052,46.5,790,401,93
174570000,2011,electricity,578,3796.4,6.57,1194,47.6,495,250,62
174570000,2012,electricity,580,4006.7,6.91,1194,47.6,495,250,62
174570000,2013,electricity,596,4129.1,6.93,1194,47.6,495,250,62
174570000,2014,electricity,604,3815.6,6.32,1194,47.6,495,250,62
174570000,2015,electricity,621,4001.5,6.44,1194,47.6,495,250,62
174570000,2016,electricity,637,4250.8,6.67,1194,47.6,495,250,62
174570000,2017,electricity,660,4140.8,6.27,1194,47.6,495,250,62
174570000,2018,electricity,603,3819.2,6.33,1194,47.6,495,250,62
174570000,2019,electricity,619,3818.9,6.17,1194,47.6,495,250,62
174570000,2020,electricity,632,3938.8,6.23,1194,47.6,495,250,62
174570000,2021,electricity,621,4246.5,6.84,1194,47.6,495,250,62
174570000,2022,electricity,627,3917.3,6.25,1194,47.6,495,250,62
174570000,2023,electricity,632,3877.0,6.13,1194,47.6,495,250,62
174570000,2024,electricity,639,3830.8,6.0,1194,47.6,495,250,62
174660000,2011,electricity,948,7313.5,7.71,2339,50.4,931,550,58
174660000,2012,electricity,968,8107.0,8.38,2339,50.4,931,550,58
174660000,2013,electricity,983,8550.4,8.7,2339,50.4,931,550,58
174660000,2014,electricity,1009,7789.3,7.72,2339,50.4,931,550,58
174660000,2015,electricity,1018,8352.3,8.2,2339,50.4,931,550,58
174660000,2016,electricity,1033,8636.0,8.36,2339,50.4,931,550,58
174660000,2017,electricity,1052,8537.8,8.12,2339,50.4,931,550,58
174660000,2018,electricity,1007,8070.6,8.01,2339,50.4,931,550,58
174660000,2019,electricity,1016,8014.7,7.89,2339,50.4,931,550,58
174660000,2020,electricity,1041,8128.8,7.81,2339,50.4,931,550,58
174660000,2021,electricity,1051,8541.1,8.13,2339,50.4,931,550,58
174660000,2022,electricity,1066,7735.0,7.26,2339,50.4,931,550,58
174660000,2023,electricity,1069,7522.8,7.04,2339,50.4,931,550,58
174660000,2024,electricity,1079,7402.8,6.86,2339,50.4,931,550,58
174720000,2011,electricity,797,6051.1,7.59,2316,64.0,847,507,64
174720000,2012,electricity,877,7287.7,8.31,2316,64.0,847,507,64
174720000,2013,electricity,900,7968.7,8.85,2316,64.0,847,507,64
174720000,2014,electricity,901,7218.8,8.01,2316,64.0,847,507,64
174720000,2015,electricity,911,7507.7,8.24,2316,64.0,847,507,64
174720000,2016,electricity,922,7957.0,8.63,2316,64.0,847,507,64
174720000,2017,electricity,929,7805.8,8.4,2316,64.0,847,507,64
174720000,2018,electricity,869,7125.0,8.2,2316,64.0,847,507,64
174720000,2019,electricity,878,7048.5,8.03,2316,64.0,847,507,64
174720000,2020,electricity,879,7023.2,7.99,2316,64.0,847,507,64
174720000,2021,electricity,887,7411.9,8.36,2316,64.0,847,507,64
174720000,2022,electricity,890,6610.7,7.43,2316,64.0,847,507,64
174720000,2023,electricity,893,6288.4,7.04,2316,64.0,847,507,64
174720000,2024,electricity,892,6184.0,6.93,2316,64.0,847,507,64
174800000,2011,electricity,366,2703.2,7.39,747,44.2,279,168,16
174800000,2012,electricity,367,2802.6,7.64,747,44.2,279,168,16
174800000,2013,electricity,369,2947.8,7.99,747,44.2,279,168,16
174800000,2014,electricity,374,2797.5,7.48,747,44.2,279,168,16
174800000,2015,electricity,373,2947.8,7.9,747,44.2,279,168,16
174800000,2016,electricity,370,2954.7,7.99,747,44.2,279,168,16
174800000,2017,electricity,368,2932.0,7.97,747,44.2,279,168,16
174800000,2018,electricity,337,2714.9,8.06,747,44.2,279,168,16
174800000,2019,electricity,342,2731.3,7.99,747,44.2,279,168,16
174800000,2020,electricity,343,2706.8,7.89,747,44.2,279,168,16
174800000,2021,electricity,328,2752.5,8.39,747,44.2,279,168,16
174800000,2022,electricity,328,2451.3,7.47,747,44.2,279,168,16
174800000,2023,electricity,332,2341.9,7.05,747,44.2,279,168,16
174800000,2024,electricity,328,2324.7,7.09,747,44.2,279,168,16
174820000,2011,electricity,302,2294.8,7.6,641,41.3,253,112,31
174820000,2012,electricity,310,2434.3,7.85,641,41.3,253,112,31
174820000,2013,electricity,316,2611.3,8.26,641,41.3,253,112,31
174820000,2014,electricity,318,2404.0,7.56,641,41.3,253,112,31
174820000,2015,electricity,320,2392.3,7.48,641,41.3,253,112,31
174820000,2016,electricity,324,2459.8,7.59,641,41.3,253,112,31
174820000,2017,electricity,322,2394.3,7.44,641,41.3,253,112,31
174820000,2018,electricity,286,2175.7,7.61,641,41.3,253,112,31
174820000,2019,electricity,290,2122.5,7.32,641,41.3,253,112,31
174820000,2020,electricity,287,2121.1,7.39,641,41.3,253,112,31
174820000,2021,electricity,291,2348.5,8.07,641,41.3,253,112,31
174820000,2022,electricity,301,2111.0,7.01,641,41.3,253,112,31
174820000,2023,electricity,305,2071.7,6.79,641,41.3,253,112,31
174820000,2024,electricity,325,2087.1,6.42,641,41.3,253,112,31
174830000,2011,electricity,797,5124.9,6.43,1505,47.9,665,409,45
174830000,2012,electricity,818,5888.9,7.2,1505,47.9,665,409,45
174830000,2013,electricity,833,6303.1,7.57,1505,47.9,665,409,45
174830000,2014,electricity,837,5654.7,6.76,1505,47.9,665,409,45
174830000,2015,electricity,848,5911.4,6.97,1505,47.9,665,409,45
174830000,2016,electricity,857,6028.0,7.03,1505,47.9,665,409,45
174830000,2017,electricity,876,5990.5,6.84,1505,47.9,665,409,45
174830000,2018,electricity,778,5316.7,6.83,1505,47.9,665,409,45
174830000,2019,electricity,794,5214.3,6.57,1505,47.9,665,409,45
174830000,2020,electricity,800,5276.4,6.6,1505,47.9,665,409,45
174830000,2021,electricity,805,5677.1,7.05,1505,47.9,665,409,45
174830000,2022,electricity,858,5127.0,5.98,1505,47.9,665,409,45
174830000,2023,electricity,857,5043.7,5.89,1505,47.9,665,409,45
174830000,2024,electricity,865,4896.8,5.66,1505,47.9,665,409,45
174830000,2011,gas,85,1012.0,11.91,1505,47.9,665,409,45
174830000,2012,gas,82,1411.0,17.21,1505,47.9,665,409,45
174830000,2013,gas,85,1445.0,17.0,1505,47.9,665,409,45
174830000,2014,gas,85,1190.0,14.0,1505,47.9,665,409,45
174830000,2015,gas,85,1321.0,15.54,1505,47.9,665,409,45
174830000,2016,gas,85,1350.0,15.88,1505,47.9,665,409,45
174830000,2017,gas,86,1315.0,15.29,1505,47.9,665,409,45
174830000,2018,gas,85,1264.0,14.87,1505,47.9,665,409,45
174830000,2019,gas,84,1132.8,13.49,1505,47.9,665,409,45
174830000,2020,gas,83,1032.5,12.44,1505,47.9,665,409,45
174830000,2021,gas,83,1132.7,13.65,1505,47.9,665,409,45
174830000,2022,gas,78,861.3,11.04,1505,47.9,665,409,45
174830000,2023,gas,78,812.2,10.41,1505,47.9,665,409,45
174830000,2024,gas,74,775.1,10.47,1505,47.9,665,409,45
