{"type": "FeatureCollection", "features": [{"type": "Feature", "properties": {"route_short_name": "1", "route_long_name": "ILLICO La Pallice / Laleu <> Aytr\u00e9 Belle Aire", "shape_id": "CA_LA_ROCHELLE:JourneyPattern:1_F765FBF73E9EC5F6F0A4C187E777C4B2", "n_points": 480, "n_shape_variants_in_source": 13}, "geometry": {"type": "LineString", "coordinates": [[-1.098094, 46.131287], [-1.098228, 46.13127], [-1.09951, 46.13137], [-1.10056, 46.13145], [-1.101927, 46.131546], [-1.101977, 46.131565], [-1.102003, 46.131596], [-1.102049, 46.131645], [-1.102108, 46.13168], [-1.102211, 46.131695], [-1.102323, 46.131683], [-1.10241, 46.131657], [-1.102463, 46.13162], [-1.102535, 46.131588], [-1.102628, 46.13158], [-1.103411, 46.131626], [-1.104171, 46.131664], [-1.104877, 46.131702], [-1.10508, 46.131767], [-1.10508, 46.131767], [-1.106465, 46.13181], [-1.107152, 46.131855], [-1.107827, 46.13193], [-1.108275, 46.131927], [-1.10867, 46.13197], [-1.109331, 46.132107], [-1.109538, 46.132156], [-1.11063, 46.13241], [-1.11083, 46.13246], [-1.11124, 46.132603], [-1.111575, 46.132767], [-1.11264, 46.13314], [-1.11325, 46.13332], [-1.11357, 46.13339], [-1.11371, 46.1334], [-1.11406, 46.13344], [-1.11451, 46.13362], [-1.11501, 46.13375], [-1.11566, 46.13388], [-1.11626, 46.13399], [-1.11651, 46.13401], [-1.11711, 46.13404], [-1.11765, 46.13411], [-1.11767, 46.13412], [-1.11769, 46.13414], [-1.11775, 46.13413], [-1.11799, 46.13414], [-1.118247, 46.134274], [-1.118247, 46.134274], [-1.118959, 46.13445], [-1.11977, 46.13476], [-1.12017, 46.1349], [-1.120379, 46.134926], [-1.120457, 46.134956], [-1.12051, 46.135], [-1.12052, 46.13501], [-1.12053, 46.13503], [-1.12063, 46.1351], [-1.120708, 46.135124], [-1.120777, 46.135128], [-1.120959, 46.135185], [-1.121702, 46.13545], [-1.123003, 46.135918], [-1.124238, 46.136444], [-1.124365, 46.136402], [-1.124465, 46.13644], [-1.124537, 46.136482], [-1.12458, 46.13654], [-1.124611, 46.13657], [-1.124657, 46.136604], [-1.124762, 46.136627], [-1.12486, 46.13663], [-1.12495, 46.136627], [-1.125037, 46.13665], [-1.125247, 46.136726], [-1.126017, 46.137005], [-1.126403, 46.137146], [-1.126788, 46.13728], [-1.127359, 46.13748], [-1.127641, 46.137585], [-1.127793, 46.13763], [-1.127941, 46.137733], [-1.128424, 46.137856], [-1.128902, 46.13803], [-1.129113, 46.138107], [-1.129349, 46.13819], [-1.129644, 46.138294], [-1.129939, 46.138397], [-1.130537, 46.13858], [-1.130904, 46.13872], [-1.131263, 46.138863], [-1.131441, 46.13897], [-1.131506, 46.139027], [-1.131561, 46.139107], [-1.131597, 46.13921], [-1.131607, 46.139313], [-1.131592, 46.139465], [-1.131584, 46.13954], [-1.131597, 46.139614], [-1.131609, 46.139668], [-1.131653, 46.13975], [-1.131718, 46.139828], [-1.131792, 46.139893], [-1.131913, 46.139957], [-1.132055, 46.140003], [-1.132239, 46.14003], [-1.132479, 46.140053], [-1.132687, 46.140053], [-1.133123, 46.140095], [-1.133568, 46.14014], [-1.133794, 46.140167], [-1.133902, 46.14019], [-1.13401, 46.14021], [-1.134515, 46.140247], [-1.134991, 46.14034], [-1.13522, 46.140316], [-1.135419, 46.140354], [-1.135612, 46.14041], [-1.1358, 46.14048], [-1.136807, 46.14084], [-1.137321, 46.14102], [-1.137578, 46.14111], [-1.137821, 46.141205], [-1.138763, 46.14152], [-1.138997, 46.141605], [-1.139088, 46.141647], [-1.139325, 46.14174], [-1.139483, 46.141838], [-1.139643, 46.14187], [-1.139742, 46.141926], [-1.139761, 46.14196], [-1.139772, 46.142002], [-1.139818, 46.142056], [-1.139874, 46.142082], [-1.139922, 46.142094], [-1.13997, 46.14209], [-1.14005, 46.142075], [-1.140116, 46.14206], [-1.140204, 46.14207], [-1.140307, 46.142105], [-1.1406, 46.142246], [-1.140741, 46.142323], [-1.140875, 46.142414], [-1.141045, 46.14261], [-1.141167, 46.14282], [-1.141236, 46.143024], [-1.141236, 46.143024], [-1.141471, 46.14341], [-1.14151, 46.14351], [-1.14169, 46.143898], [-1.141875, 46.14428], [-1.142234, 46.144917], [-1.142553, 46.145565], [-1.142552, 46.145676], [-1.142552, 46.145676], [-1.142768, 46.145973], [-1.142928, 46.146286], [-1.143084, 46.14659], [-1.143122, 46.146683], [-1.143143, 46.14683], [-1.143167, 46.14698], [-1.14323, 46.14742], [-1.143243, 46.14749], [-1.143267, 46.147682], [-1.143311, 46.147873], [-1.14338, 46.14805], [-1.1434, 46.14811], [-1.1435, 46.14827], [-1.14363, 46.14842], [-1.143852, 46.14862], [-1.143969, 46.148716], [-1.144089, 46.148815], [-1.144488, 46.149178], [-1.14472, 46.14942], [-1.14447, 46.14953], [-1.14429, 46.14962], [-1.14419, 46.14964], [-1.14396, 46.14969], [-1.14289, 46.15023], [-1.14279, 46.15033], [-1.14261, 46.15072], [-1.1419, 46.15099], [-1.14183, 46.1511], [-1.1417, 46.15142], [-1.14168, 46.15148], [-1.14155, 46.15161], [-1.141394, 46.151688], [-1.141394, 46.151688], [-1.14133, 46.15184], [-1.14132, 46.15183], [-1.1413, 46.15183], [-1.14125, 46.15183], [-1.14117, 46.15186], [-1.14114, 46.15192], [-1.1403, 46.15187], [-1.14018, 46.15184], [-1.13972, 46.15192], [-1.13965, 46.15188], [-1.1395, 46.15185], [-1.13934, 46.15186], [-1.13924, 46.1519], [-1.13914, 46.152], [-1.13912, 46.15212], [-1.13916, 46.15221], [-1.13924, 46.15227], [-1.13928, 46.15229], [-1.13936, 46.15245], [-1.13936, 46.15268], [-1.139336, 46.15282], [-1.139269, 46.15339], [-1.139255, 46.153687], [-1.139246, 46.153896], [-1.139243, 46.154102], [-1.139272, 46.15433], [-1.13934, 46.154564], [-1.139389, 46.154663], [-1.13948, 46.15481], [-1.13961, 46.154984], [-1.13976, 46.155144], [-1.139954, 46.1553], [-1.140171, 46.15544], [-1.140327, 46.15554], [-1.140501, 46.15563], [-1.140851, 46.15582], [-1.141271, 46.156044], [-1.141658, 46.156258], [-1.141963, 46.15642], [-1.142274, 46.15658], [-1.142869, 46.156902], [-1.143213, 46.15708], [-1.1434, 46.15718], [-1.144052, 46.15753], [-1.144533, 46.157784], [-1.144722, 46.15791], [-1.145441, 46.15843], [-1.145654, 46.158527], [-1.145799, 46.158604], [-1.145955, 46.158676], [-1.146104, 46.158752], [-1.14627, 46.15881], [-1.14644, 46.15887], [-1.146568, 46.158897], [-1.146709, 46.158916], [-1.14769, 46.159], [-1.14793, 46.159023], [-1.148324, 46.15905], [-1.148721, 46.15906], [-1.148975, 46.15906], [-1.149121, 46.15907], [-1.149318, 46.159042], [-1.149602, 46.158997], [-1.149668, 46.15895], [-1.149791, 46.158916], [-1.149831, 46.15889], [-1.149859, 46.158844], [-1.149906, 46.15881], [-1.149981, 46.15877], [-1.150055, 46.15873], [-1.150747, 46.158333], [-1.150911, 46.158222], [-1.151012, 46.158176], [-1.151143, 46.15816], [-1.1516, 46.15816], [-1.152056, 46.158157], [-1.152564, 46.158146], [-1.153071, 46.158123], [-1.153461, 46.158108], [-1.153613, 46.158062], [-1.153761, 46.15804], [-1.154002, 46.157974], [-1.154308, 46.15789], [-1.154451, 46.157856], [-1.154598, 46.15783], [-1.154728, 46.157818], [-1.154872, 46.157814], [-1.155065, 46.157825], [-1.155212, 46.157852], [-1.155415, 46.157883], [-1.155621, 46.157936], [-1.155985, 46.158035], [-1.156423, 46.15816], [-1.156514, 46.158188], [-1.156527, 46.158222], [-1.156374, 46.158665], [-1.156119, 46.159176], [-1.155806, 46.160076], [-1.155585, 46.160606], [-1.155512, 46.1607], [-1.155204, 46.161232], [-1.154737, 46.16205], [-1.1547, 46.1621], [-1.154671, 46.162113], [-1.154618, 46.16211], [-1.154161, 46.16205], [-1.153066, 46.161896], [-1.15299, 46.161922], [-1.15293, 46.161983], [-1.152918, 46.162064], [-1.152941, 46.162113], [-1.153955, 46.162277], [-1.154318, 46.16233], [-1.154716, 46.16236], [-1.154878, 46.16233], [-1.155084, 46.162273], [-1.155233, 46.162247], [-1.155417, 46.162216], [-1.15574, 46.16223], [-1.158463, 46.16247], [-1.160313, 46.162674], [-1.160313, 46.162674], [-1.163395, 46.16295], [-1.165139, 46.16312], [-1.165741, 46.16322], [-1.167119, 46.163322], [-1.167805, 46.16339], [-1.168486, 46.16348], [-1.16942, 46.16355], [-1.17057, 46.163654], [-1.171131, 46.163715], [-1.173736, 46.163982], [-1.174879, 46.164097], [-1.175021, 46.16411], [-1.17528, 46.16419], [-1.175433, 46.164185], [-1.175562, 46.164227], [-1.175609, 46.164284], [-1.17571, 46.164326], [-1.175885, 46.16434], [-1.176088, 46.164352], [-1.176158, 46.16432], [-1.176233, 46.164272], [-1.176316, 46.16425], [-1.176729, 46.164284], [-1.17793, 46.16449], [-1.178371, 46.164562], [-1.17882, 46.164623], [-1.179014, 46.164635], [-1.179287, 46.16463], [-1.17988, 46.164627], [-1.180309, 46.16463], [-1.180533, 46.16463], [-1.180706, 46.164604], [-1.181133, 46.164623], [-1.181339, 46.164593], [-1.18142, 46.16459], [-1.181712, 46.16459], [-1.18175, 46.1646], [-1.18177, 46.16462], [-1.18184, 46.16463], [-1.18191, 46.16462], [-1.181955, 46.164616], [-1.182287, 46.164673], [-1.183034, 46.164825], [-1.18335, 46.164898], [-1.183393, 46.164925], [-1.18342, 46.164936], [-1.18345, 46.16494], [-1.183501, 46.164936], [-1.183548, 46.16491], [-1.18372, 46.164883], [-1.184047, 46.164917], [-1.184334, 46.16495], [-1.184618, 46.164993], [-1.186044, 46.16531], [-1.186044, 46.16531], [-1.186564, 46.16542], [-1.187072, 46.165535], [-1.1875, 46.165615], [-1.187634, 46.165634], [-1.18777, 46.16564], [-1.187933, 46.165657], [-1.188078, 46.165714], [-1.188108, 46.165733], [-1.188147, 46.16575], [-1.188222, 46.16576], [-1.188313, 46.16578], [-1.188397, 46.16581], [-1.18863, 46.16586], [-1.189755, 46.16616], [-1.189755, 46.16616], [-1.19098, 46.16639], [-1.19134, 46.16653], [-1.191613, 46.166676], [-1.191919, 46.166805], [-1.192113, 46.16686], [-1.192358, 46.166927], [-1.192751, 46.167004], [-1.19414, 46.1671], [-1.19439, 46.16714], [-1.19489, 46.16725], [-1.19549, 46.16738], [-1.196269, 46.16762], [-1.196269, 46.16762], [-1.19687, 46.16776], [-1.1973, 46.16796], [-1.19757, 46.16808], [-1.19796, 46.16826], [-1.19834, 46.16839], [-1.19869, 46.16847], [-1.19899, 46.16854], [-1.199794, 46.168934], [-1.20019, 46.16904], [-1.20094, 46.16933], [-1.20142, 46.1695], [-1.20188, 46.16967], [-1.20201, 46.16974], [-1.20237, 46.16997], [-1.20281, 46.17019], [-1.203019, 46.170284], [-1.203127, 46.170284], [-1.203202, 46.170334], [-1.20323, 46.17038], [-1.20347, 46.17073], [-1.203514, 46.17079], [-1.203516, 46.17083], [-1.20332, 46.17093], [-1.20259, 46.17128], [-1.201227, 46.17193], [-1.201227, 46.17193], [-1.200592, 46.17232], [-1.20048, 46.17239], [-1.20008, 46.1726], [-1.1997, 46.17283], [-1.19946, 46.17301], [-1.19941, 46.17306], [-1.199139, 46.17328], [-1.19844, 46.17392], [-1.19813, 46.17421], [-1.19775, 46.174572], [-1.19723, 46.17482], [-1.19698, 46.17494], [-1.196655, 46.17504], [-1.195889, 46.175404], [-1.195517, 46.175545], [-1.195406, 46.175556], [-1.195331, 46.17561], [-1.195167, 46.17569], [-1.19507, 46.175705], [-1.194987, 46.1757], [-1.194923, 46.17569], [-1.194856, 46.175705], [-1.194794, 46.175728], [-1.194759, 46.17577], [-1.194764, 46.175827], [-1.194803, 46.175846], [-1.194852, 46.175854], [-1.194935, 46.175835], [-1.195008, 46.175804], [-1.195132, 46.17577], [-1.195444, 46.17562], [-1.195582, 46.175556], [-1.195841, 46.175457], [-1.196102, 46.175346], [-1.196744, 46.175076], [-1.19696, 46.175003], [-1.197177, 46.174915], [-1.197232, 46.17484], [-1.197238, 46.174786], [-1.197218, 46.17474], [-1.197096, 46.174683], [-1.196982, 46.174595], [-1.196908, 46.17448], [-1.196492, 46.173386], [-1.196083, 46.172283], [-1.195963, 46.171986], [-1.195811, 46.17154], [-1.195664, 46.171093], [-1.195601, 46.17094], [-1.195516, 46.17081], [-1.195447, 46.17073], [-1.195421, 46.17066], [-1.195433, 46.17059], [-1.19543, 46.17055], [-1.19543, 46.17053], [-1.19542, 46.1705], [-1.1954, 46.17048], [-1.195375, 46.170444], [-1.19535, 46.17028], [-1.195267, 46.170025], [-1.195291, 46.16987]]}}, {"type": "Feature", "properties": {"route_short_name": "10", "route_long_name": "L'Houmeau <> Place de Verdun", "shape_id": "CA_LA_ROCHELLE:JourneyPattern:10_0255F5899ACA72870B612077131DE6DF", "n_points": 419, "n_shape_variants_in_source": 3}, "geometry": {"type": "LineString", "coordinates": [[-1.181827, 46.196003], [-1.184215, 46.19686], [-1.18426, 46.196915], [-1.18429, 46.19698], [-1.184327, 46.197006], [-1.184393, 46.197006], [-1.18446, 46.196964], [-1.184901, 46.196648], [-1.185195, 46.19645], [-1.185331, 46.196354], [-1.185459, 46.196243], [-1.185579, 46.19613], [-1.185922, 46.19566], [-1.186124, 46.195477], [-1.186219, 46.19523], [-1.186503, 46.19483], [-1.186622, 46.194702], [-1.186739, 46.194553], [-1.186821, 46.194386], [-1.186903, 46.194244], [-1.186995, 46.19403], [-1.18707, 46.19381], [-1.18711, 46.19367], [-1.187109, 46.193546], [-1.187053, 46.193382], [-1.186941, 46.19299], [-1.186864, 46.192898], [-1.186853, 46.19286], [-1.186863, 46.19277], [-1.186881, 46.19267], [-1.186909, 46.192482], [-1.186925, 46.192375], [-1.186932, 46.192326], [-1.186954, 46.19228], [-1.187101, 46.19205], [-1.187332, 46.191723], [-1.187461, 46.191513], [-1.187717, 46.19112], [-1.187827, 46.190975], [-1.18791, 46.19085], [-1.188015, 46.190723], [-1.188222, 46.190475], [-1.188423, 46.190247], [-1.188655, 46.190025], [-1.188655, 46.190025], [-1.188977, 46.189587], [-1.189152, 46.189358], [-1.189306, 46.189117], [-1.189451, 46.188892], [-1.189553, 46.18874], [-1.189628, 46.18863], [-1.189719, 46.188522], [-1.189956, 46.188274], [-1.190084, 46.188133], [-1.190192, 46.188023], [-1.190469, 46.187653], [-1.190534, 46.187542], [-1.190579, 46.18743], [-1.190626, 46.18729], [-1.190649, 46.187145], [-1.190673, 46.18693], [-1.190733, 46.18678], [-1.190711, 46.186672], [-1.190744, 46.18656], [-1.190804, 46.1864], [-1.190947, 46.186142], [-1.191094, 46.185883], [-1.191214, 46.18566], [-1.191321, 46.18544], [-1.191429, 46.18523], [-1.191452, 46.18518], [-1.191452, 46.185127], [-1.191438, 46.185074], [-1.191396, 46.18498], [-1.191368, 46.18492], [-1.191341, 46.18476], [-1.191333, 46.18468], [-1.191336, 46.1846], [-1.191345, 46.184544], [-1.191372, 46.18447], [-1.191429, 46.184402], [-1.191482, 46.18437], [-1.191522, 46.184322], [-1.191522, 46.184277], [-1.191503, 46.184235], [-1.191463, 46.1842], [-1.191425, 46.184177], [-1.191333, 46.18417], [-1.191254, 46.184193], [-1.191178, 46.184235], [-1.191018, 46.18427], [-1.190393, 46.18438], [-1.190151, 46.184418], [-1.190034, 46.18444], [-1.189967, 46.184437], [-1.189891, 46.184406], [-1.189583, 46.184307], [-1.189253, 46.184216], [-1.189069, 46.18413], [-1.188862, 46.18412], [-1.188692, 46.184093], [-1.188525, 46.184074], [-1.188353, 46.18408], [-1.188186, 46.184093], [-1.188031, 46.184128], [-1.187871, 46.18418], [-1.18774, 46.184242], [-1.187558, 46.18437], [-1.187386, 46.184517], [-1.186633, 46.185158], [-1.186427, 46.185326], [-1.186233, 46.185493], [-1.186144, 46.185513], [-1.18589, 46.1858], [-1.185817, 46.185844], [-1.18573, 46.18586], [-1.18539, 46.18582], [-1.18517, 46.1858], [-1.185073, 46.185806], [-1.185022, 46.185825], [-1.184985, 46.185856], [-1.184893, 46.18602], [-1.184745, 46.186234], [-1.18462, 46.186344], [-1.18432, 46.18686], [-1.18422, 46.18701], [-1.184097, 46.18709], [-1.18386, 46.18744], [-1.18348, 46.1881], [-1.18337, 46.18832], [-1.18401, 46.18855], [-1.183697, 46.188976], [-1.183697, 46.188976], [-1.18328, 46.18959], [-1.183063, 46.189804], [-1.18301, 46.189827], [-1.182908, 46.18979], [-1.182613, 46.189674], [-1.18236, 46.18958], [-1.182153, 46.189472], [-1.182024, 46.189404], [-1.181913, 46.18933], [-1.181769, 46.18922], [-1.181639, 46.189102], [-1.181533, 46.18898], [-1.181439, 46.188858], [-1.181362, 46.188713], [-1.181302, 46.188564], [-1.181233, 46.188267], [-1.181205, 46.188072], [-1.181161, 46.18792], [-1.181095, 46.187763], [-1.181009, 46.187626], [-1.180919, 46.187504], [-1.18081, 46.187386], [-1.180343, 46.18687], [-1.180219, 46.18676], [-1.18007, 46.186638], [-1.179938, 46.186558], [-1.179797, 46.18649], [-1.179168, 46.186234], [-1.17866, 46.18603], [-1.178488, 46.185932], [-1.178222, 46.185787], [-1.178136, 46.185802], [-1.17806, 46.185787], [-1.177892, 46.18573], [-1.177152, 46.18545], [-1.17675, 46.18531], [-1.17635, 46.185158], [-1.17581, 46.18496], [-1.175511, 46.18485], [-1.17523, 46.18472], [-1.175033, 46.18461], [-1.17486, 46.18449], [-1.17466, 46.18432], [-1.1745, 46.18415], [-1.174371, 46.183975], [-1.174234, 46.18371], [-1.174098, 46.183453], [-1.173914, 46.183086], [-1.173734, 46.182747], [-1.17364, 46.18259], [-1.17357, 46.18247], [-1.173506, 46.182384], [-1.173472, 46.182304], [-1.173396, 46.182137], [-1.173355, 46.182064], [-1.1733, 46.18202], [-1.17327, 46.182], [-1.17323, 46.18198], [-1.17312, 46.18194], [-1.17295, 46.18191], [-1.172861, 46.181835], [-1.172724, 46.18191], [-1.17258, 46.18192], [-1.172494, 46.18193], [-1.172423, 46.181953], [-1.17231, 46.18199], [-1.172221, 46.18202], [-1.172047, 46.182014], [-1.171846, 46.182007], [-1.171659, 46.18198], [-1.171475, 46.181953], [-1.170881, 46.181828], [-1.170281, 46.181698], [-1.169696, 46.18157], [-1.169388, 46.181465], [-1.169081, 46.181355], [-1.168816, 46.18127], [-1.168563, 46.181202], [-1.168126, 46.18109], [-1.167682, 46.180996], [-1.16724, 46.18092], [-1.167204, 46.18089], [-1.167187, 46.18083], [-1.16718, 46.180763], [-1.167189, 46.1807], [-1.167205, 46.180515], [-1.167227, 46.180405], [-1.16733, 46.180206], [-1.167357, 46.180035], [-1.167408, 46.17991], [-1.167449, 46.179783], [-1.167491, 46.179626], [-1.167525, 46.179466], [-1.167557, 46.179302], [-1.167577, 46.179134], [-1.167598, 46.178898], [-1.167603, 46.178658], [-1.167595, 46.17842], [-1.167573, 46.178185], [-1.16749, 46.177734], [-1.167395, 46.177284], [-1.167207, 46.176388], [-1.167106, 46.17592], [-1.167001, 46.175446], [-1.166925, 46.175068], [-1.166835, 46.174694], [-1.166781, 46.17455], [-1.16672, 46.17441], [-1.16668, 46.17431], [-1.166659, 46.174217], [-1.166668, 46.174137], [-1.166701, 46.174076], [-1.16671, 46.17403], [-1.1667, 46.17399], [-1.166687, 46.173946], [-1.16665, 46.17392], [-1.166589, 46.173897], [-1.166506, 46.173866], [-1.166392, 46.173767], [-1.166264, 46.173637], [-1.166141, 46.17346], [-1.166141, 46.17346], [-1.16559, 46.17298], [-1.165084, 46.172493], [-1.164799, 46.172215], [-1.16473, 46.17215], [-1.16465, 46.17201], [-1.164587, 46.17187], [-1.164513, 46.1718], [-1.164411, 46.171783], [-1.164224, 46.17183], [-1.163645, 46.172047], [-1.163522, 46.172092], [-1.16338, 46.172092], [-1.16338, 46.172092], [-1.162332, 46.172573], [-1.162095, 46.172676], [-1.161714, 46.17284], [-1.161467, 46.172928], [-1.161364, 46.172974], [-1.161288, 46.173023], [-1.161233, 46.173065], [-1.1612, 46.17308], [-1.16117, 46.17308], [-1.16112, 46.1731], [-1.16107, 46.17316], [-1.16107, 46.1732], [-1.16108, 46.17322], [-1.160973, 46.173447], [-1.160811, 46.173634], [-1.160101, 46.17482], [-1.15961, 46.1756], [-1.15938, 46.175888], [-1.159337, 46.176018], [-1.159278, 46.176105], [-1.159197, 46.176167], [-1.15914, 46.17618], [-1.159053, 46.176224], [-1.15903, 46.17629], [-1.159035, 46.17634], [-1.15903, 46.1764], [-1.159007, 46.176456], [-1.158705, 46.17668], [-1.15861, 46.176746], [-1.158507, 46.176785], [-1.158121, 46.1769], [-1.157666, 46.177025], [-1.156677, 46.177235], [-1.156677, 46.177235], [-1.156412, 46.17734], [-1.156333, 46.177353], [-1.15629, 46.17733], [-1.1562, 46.17698], [-1.15616, 46.17667], [-1.15611, 46.17599], [-1.156, 46.17579], [-1.155952, 46.175674], [-1.15584, 46.1756], [-1.155511, 46.175365], [-1.155454, 46.175316], [-1.155399, 46.175304], [-1.155137, 46.175446], [-1.154879, 46.175594], [-1.154413, 46.175858], [-1.154146, 46.176003], [-1.153945, 46.176125], [-1.1537, 46.17625], [-1.153195, 46.17654], [-1.15272, 46.176823], [-1.152492, 46.176937], [-1.152325, 46.177006], [-1.152196, 46.177044], [-1.152131, 46.177048], [-1.15208, 46.17702], [-1.151811, 46.176826], [-1.15148, 46.17668], [-1.15127, 46.17652], [-1.151137, 46.176395], [-1.151064, 46.176315], [-1.151004, 46.176224], [-1.15094, 46.17609], [-1.15087, 46.1759], [-1.150727, 46.175545], [-1.150614, 46.175186], [-1.150548, 46.174828], [-1.15051, 46.174454], [-1.150505, 46.173798], [-1.150541, 46.17299], [-1.150541, 46.17299], [-1.1505, 46.17257], [-1.150495, 46.17216], [-1.150486, 46.17136], [-1.150495, 46.17117], [-1.150516, 46.17103], [-1.150562, 46.170906], [-1.150669, 46.1707], [-1.15081, 46.170498], [-1.151013, 46.170284], [-1.151172, 46.17014], [-1.151317, 46.17002], [-1.151419, 46.169987], [-1.151501, 46.169964], [-1.151601, 46.169937], [-1.151734, 46.169914], [-1.151864, 46.169857], [-1.151962, 46.16977], [-1.152, 46.169655], [-1.152008, 46.169598], [-1.151993, 46.169476], [-1.151984, 46.169403], [-1.151997, 46.169327], [-1.152058, 46.16918], [-1.152173, 46.16901], [-1.152261, 46.168945], [-1.152261, 46.168945], [-1.152305, 46.168804], [-1.152578, 46.16837], [-1.152798, 46.167934], [-1.152905, 46.167686], [-1.153017, 46.167435], [-1.153133, 46.167194], [-1.153244, 46.167007], [-1.153298, 46.16687], [-1.153313, 46.166718], [-1.153312, 46.166634], [-1.15332, 46.166553], [-1.153339, 46.16645], [-1.153393, 46.16635], [-1.15346, 46.16628], [-1.153769, 46.166023], [-1.153769, 46.166023], [-1.154251, 46.16556], [-1.154318, 46.165516], [-1.154402, 46.16551], [-1.154606, 46.1655], [-1.154741, 46.165485], [-1.154825, 46.165462], [-1.154897, 46.16543], [-1.155018, 46.165375], [-1.155555, 46.16504], [-1.155649, 46.164963], [-1.155676, 46.16487], [-1.155686, 46.16472], [-1.155713, 46.164536], [-1.155505, 46.163914], [-1.155431, 46.163605], [-1.155392, 46.163445], [-1.155347, 46.16329], [-1.155308, 46.16321], [-1.15515, 46.16293], [-1.155119, 46.162853], [-1.155115, 46.16278], [-1.155145, 46.16266], [-1.155185, 46.16253], [-1.155211, 46.162437], [-1.155206, 46.162388], [-1.155175, 46.16234], [-1.155118, 46.162296], [-1.155085, 46.162285], [-1.15503, 46.16228], [-1.154985, 46.162296], [-1.154954, 46.16233], [-1.15492, 46.16244], [-1.154915, 46.1625], [-1.154874, 46.162544], [-1.154794, 46.162594]]}}, {"type": "Feature", "properties": {"route_short_name": "11", "route_long_name": "Nieul-sur-Mer <> Place de Verdun", "shape_id": "CA_LA_ROCHELLE:JourneyPattern:11_E8DEF27C2483789DFBB8AEE654F39008", "n_points": 537, "n_shape_variants_in_source": 3}, "geometry": {"type": "LineString", "coordinates": [[-1.15465, 46.1624], [-1.154725, 46.162384], [-1.154949, 46.162327], [-1.155333, 46.16223], [-1.15543, 46.16222], [-1.155587, 46.16222], [-1.156339, 46.162296], [-1.157679, 46.16241], [-1.158041, 46.162437], [-1.158142, 46.16246], [-1.158225, 46.162483], [-1.158301, 46.162502], [-1.15834, 46.16254], [-1.158398, 46.162594], [-1.158418, 46.162697], [-1.15844, 46.16307], [-1.15848, 46.16333], [-1.15854, 46.163605], [-1.158569, 46.163864], [-1.158659, 46.163963], [-1.15872, 46.16406], [-1.15913, 46.16468], [-1.15924, 46.16484], [-1.159292, 46.16492], [-1.159319, 46.16501], [-1.15953, 46.16569], [-1.159561, 46.16582], [-1.15958, 46.165928], [-1.159589, 46.165997], [-1.159587, 46.166107], [-1.15955, 46.16651], [-1.159528, 46.166737], [-1.159482, 46.16696], [-1.159429, 46.16711], [-1.159316, 46.167355], [-1.159213, 46.167595], [-1.159113, 46.16774], [-1.159113, 46.16774], [-1.158934, 46.1682], [-1.158799, 46.168556], [-1.158719, 46.16874], [-1.15863, 46.168896], [-1.158572, 46.169018], [-1.158529, 46.16913], [-1.158477, 46.16932], [-1.158459, 46.16942], [-1.158447, 46.169514], [-1.15845, 46.16965], [-1.158455, 46.169746], [-1.158468, 46.169838], [-1.15849, 46.17], [-1.15851, 46.170097], [-1.1586, 46.17032], [-1.15878, 46.170963], [-1.158951, 46.17124], [-1.158991, 46.171356], [-1.159038, 46.171474], [-1.159126, 46.1716], [-1.159171, 46.17166], [-1.159227, 46.171722], [-1.159327, 46.171806], [-1.15948, 46.17192], [-1.159857, 46.17216], [-1.16046, 46.1726], [-1.160611, 46.172726], [-1.160727, 46.17288], [-1.160963, 46.173084], [-1.161035, 46.17314], [-1.161051, 46.173176], [-1.161061, 46.17322], [-1.1611, 46.17325], [-1.16115, 46.17328], [-1.161219, 46.17328], [-1.161293, 46.173252], [-1.161337, 46.173206], [-1.161337, 46.173157], [-1.161324, 46.1731], [-1.161351, 46.173054], [-1.161407, 46.173004], [-1.161474, 46.172974], [-1.161614, 46.172916], [-1.161901, 46.172794], [-1.16251, 46.17253], [-1.16289, 46.17237], [-1.163488, 46.172176], [-1.163488, 46.172176], [-1.163867, 46.172], [-1.163948, 46.17198], [-1.164029, 46.171955], [-1.164201, 46.171898], [-1.164338, 46.17185], [-1.164405, 46.171825], [-1.164468, 46.171818], [-1.164516, 46.171833], [-1.164541, 46.171867], [-1.164619, 46.17202], [-1.164656, 46.172096], [-1.164711, 46.17216], [-1.164775, 46.172234], [-1.165065, 46.172523], [-1.1656, 46.17303], [-1.165997, 46.173477], [-1.16623, 46.17365], [-1.166282, 46.17374], [-1.166321, 46.17384], [-1.166324, 46.17389], [-1.166308, 46.173943], [-1.166282, 46.173996], [-1.166282, 46.174046], [-1.1663, 46.17409], [-1.166345, 46.174133], [-1.166398, 46.174164], [-1.166479, 46.174183], [-1.166563, 46.17424], [-1.166631, 46.174328], [-1.166744, 46.17457], [-1.16683, 46.174816], [-1.166913, 46.175186], [-1.167097, 46.176044], [-1.167482, 46.177864], [-1.16754, 46.17819], [-1.167563, 46.178455], [-1.167565, 46.17887], [-1.167554, 46.179085], [-1.167523, 46.179302], [-1.167459, 46.17963], [-1.167383, 46.179886], [-1.167288, 46.180138], [-1.167219, 46.18032], [-1.167127, 46.18051], [-1.167119, 46.18065], [-1.1671, 46.180756], [-1.167032, 46.180847], [-1.1669, 46.18097], [-1.16685, 46.1811], [-1.166843, 46.181232], [-1.166825, 46.18162], [-1.166822, 46.181934], [-1.16681, 46.181984], [-1.166775, 46.18201], [-1.166618, 46.18199], [-1.16508, 46.18202], [-1.16419, 46.18204], [-1.163794, 46.182034], [-1.163662, 46.18205], [-1.163531, 46.182056], [-1.163427, 46.182076], [-1.163322, 46.1821], [-1.162627, 46.182465], [-1.161959, 46.182823], [-1.161289, 46.18317], [-1.161088, 46.183285], [-1.160969, 46.18335], [-1.160847, 46.1834], [-1.160784, 46.18341], [-1.160714, 46.18342], [-1.16058, 46.18342], [-1.16051, 46.183426], [-1.160411, 46.1834], [-1.15979, 46.18346], [-1.159492, 46.183468], [-1.158883, 46.1835], [-1.158792, 46.183502], [-1.158756, 46.183517], [-1.158731, 46.18356], [-1.158672, 46.184242], [-1.158672, 46.184242], [-1.158725, 46.184517], [-1.158737, 46.184784], [-1.158776, 46.185345], [-1.1588, 46.185623], [-1.158825, 46.1859], [-1.15885, 46.18617], [-1.158861, 46.186356], [-1.158882, 46.18662], [-1.158885, 46.186752], [-1.15888, 46.186886], [-1.158822, 46.187206], [-1.158858, 46.187313], [-1.158867, 46.18741], [-1.158874, 46.187443], [-1.158857, 46.18747], [-1.15883, 46.18751], [-1.15883, 46.18756], [-1.158828, 46.187595], [-1.158808, 46.187622], [-1.158733, 46.18774], [-1.15859, 46.18808], [-1.158521, 46.188244], [-1.158462, 46.188404], [-1.158433, 46.18851], [-1.158417, 46.18861], [-1.158386, 46.188816], [-1.158352, 46.189056], [-1.158332, 46.189167], [-1.158299, 46.189274], [-1.15826, 46.1894], [-1.158215, 46.189487], [-1.158133, 46.189613], [-1.157863, 46.189964], [-1.157592, 46.190315], [-1.157369, 46.1905], [-1.157369, 46.1905], [-1.157258, 46.190742], [-1.157103, 46.190956], [-1.15694, 46.191193], [-1.156852, 46.191315], [-1.15677, 46.191444], [-1.156727, 46.191544], [-1.156681, 46.191635], [-1.156535, 46.191998], [-1.156396, 46.192356], [-1.15627, 46.192703], [-1.156213, 46.19288], [-1.156173, 46.193054], [-1.15615, 46.193195], [-1.156146, 46.193287], [-1.156161, 46.19337], [-1.156182, 46.19349], [-1.156205, 46.193714], [-1.156269, 46.193783], [-1.156279, 46.193863], [-1.156273, 46.193913], [-1.156249, 46.19394], [-1.15621, 46.19396], [-1.15606, 46.19398], [-1.155982, 46.193974], [-1.155906, 46.19395], [-1.155826, 46.193913], [-1.155759, 46.19386], [-1.155496, 46.19364], [-1.155333, 46.193516], [-1.155247, 46.19344], [-1.155151, 46.19339], [-1.155059, 46.193336], [-1.154791, 46.1932], [-1.154401, 46.193047], [-1.154161, 46.192963], [-1.153951, 46.192856], [-1.153702, 46.192722], [-1.153379, 46.19258], [-1.153066, 46.19243], [-1.151865, 46.191914], [-1.151746, 46.191853], [-1.15162, 46.19179], [-1.151509, 46.19175], [-1.151442, 46.191727], [-1.15143, 46.19171], [-1.151409, 46.191685], [-1.151355, 46.191658], [-1.151289, 46.191654], [-1.151253, 46.191666], [-1.151213, 46.191666], [-1.151175, 46.191654], [-1.150837, 46.191566], [-1.150508, 46.19147], [-1.150274, 46.1914], [-1.150038, 46.191322], [-1.149474, 46.191105], [-1.149248, 46.19101], [-1.149017, 46.19093], [-1.148733, 46.19085], [-1.148397, 46.190784], [-1.148034, 46.190727], [-1.147763, 46.190674], [-1.147616, 46.190643], [-1.14749, 46.1906], [-1.147423, 46.190556], [-1.147392, 46.1905], [-1.147377, 46.190434], [-1.147344, 46.19038], [-1.147283, 46.19033], [-1.14722, 46.19028], [-1.14703, 46.19022], [-1.1469, 46.1902], [-1.14673, 46.19021], [-1.14658, 46.19025], [-1.14646, 46.19032], [-1.14636, 46.19044], [-1.14632, 46.19054], [-1.14634, 46.19066], [-1.14645, 46.19081], [-1.14651, 46.19085], [-1.14666, 46.19092], [-1.1468, 46.191], [-1.147102, 46.191486], [-1.147102, 46.191486], [-1.147226, 46.191505], [-1.147296, 46.191624], [-1.147297, 46.19168], [-1.147293, 46.19172], [-1.147324, 46.191772], [-1.147367, 46.191803], [-1.147428, 46.191822], [-1.147508, 46.19187], [-1.147712, 46.192104], [-1.147907, 46.192333], [-1.148131, 46.192562], [-1.14829, 46.1927], [-1.148467, 46.19283], [-1.148767, 46.193024], [-1.148983, 46.19314], [-1.149212, 46.193245], [-1.150126, 46.19359], [-1.151446, 46.19406], [-1.151699, 46.194157], [-1.152679, 46.19453], [-1.15348, 46.19481], [-1.153649, 46.194866], [-1.154945, 46.195343], [-1.15618, 46.19579], [-1.156385, 46.19588], [-1.156583, 46.195972], [-1.156737, 46.19607], [-1.156891, 46.196175], [-1.157007, 46.19627], [-1.15711, 46.19636], [-1.157232, 46.1965], [-1.157308, 46.196598], [-1.157371, 46.19671], [-1.157554, 46.197086], [-1.157733, 46.197433], [-1.15781, 46.19758], [-1.157902, 46.197712], [-1.15822, 46.19805], [-1.158551, 46.198387], [-1.159251, 46.1991], [-1.159925, 46.19982], [-1.159925, 46.19982], [-1.16013, 46.20002], [-1.160182, 46.20009], [-1.160188, 46.200146], [-1.160174, 46.200188], [-1.160186, 46.20024], [-1.160213, 46.200283], [-1.160251, 46.20031], [-1.160313, 46.200333], [-1.16038, 46.20038], [-1.160453, 46.200436], [-1.160529, 46.2005], [-1.16061, 46.20058], [-1.16064, 46.20067], [-1.16063, 46.20126], [-1.160586, 46.20192], [-1.160566, 46.20225], [-1.160553, 46.202583], [-1.160489, 46.20328], [-1.160473, 46.20365], [-1.160462, 46.203995], [-1.160266, 46.20621], [-1.160312, 46.206264], [-1.160283, 46.206303], [-1.16025, 46.20633], [-1.160209, 46.20634], [-1.160089, 46.206303], [-1.159924, 46.206272], [-1.159492, 46.206177], [-1.159232, 46.206123], [-1.159033, 46.2061], [-1.158739, 46.20608], [-1.158534, 46.20607], [-1.158418, 46.20608], [-1.158346, 46.206097], [-1.158317, 46.206123], [-1.158318, 46.206154], [-1.15832, 46.20625], [-1.158321, 46.20633], [-1.158302, 46.2068], [-1.158291, 46.20727], [-1.158274, 46.20803], [-1.158269, 46.208412], [-1.15825, 46.2086], [-1.158217, 46.208786], [-1.158122, 46.209023], [-1.15808, 46.20938], [-1.15804, 46.209522], [-1.157984, 46.209602], [-1.157932, 46.209675], [-1.157897, 46.209713], [-1.15785, 46.209724], [-1.157787, 46.20974], [-1.157756, 46.20978], [-1.15776, 46.20985], [-1.157834, 46.209892], [-1.157925, 46.20989], [-1.158001, 46.209866], [-1.158187, 46.209873], [-1.158515, 46.20986], [-1.158826, 46.20985], [-1.15944, 46.20984], [-1.16008, 46.20977], [-1.16049, 46.20972], [-1.16118, 46.20953], [-1.16122, 46.20955], [-1.16129, 46.20955], [-1.16133, 46.20952], [-1.16142, 46.20954], [-1.161581, 46.209564], [-1.16178, 46.20957], [-1.161904, 46.209564], [-1.162028, 46.209553], [-1.163394, 46.20943], [-1.163394, 46.20943], [-1.164161, 46.20931], [-1.16456, 46.20927], [-1.164923, 46.209236], [-1.165039, 46.20921], [-1.16509, 46.20919], [-1.165162, 46.209198], [-1.165214, 46.209198], [-1.165303, 46.20917], [-1.16547, 46.20918], [-1.16613, 46.20921], [-1.166633, 46.20924], [-1.166881, 46.209263], [-1.167, 46.20927], [-1.16713, 46.209274], [-1.167874, 46.20922], [-1.168257, 46.20919], [-1.168448, 46.209183], [-1.168639, 46.209175], [-1.169291, 46.209175], [-1.17006, 46.20919], [-1.170307, 46.209198], [-1.170366, 46.209206], [-1.170429, 46.209198], [-1.170476, 46.209175], [-1.170508, 46.209133], [-1.170527, 46.20901], [-1.170599, 46.20871], [-1.170659, 46.20847], [-1.170686, 46.208355], [-1.170724, 46.208244], [-1.17078, 46.208153], [-1.170849, 46.20806], [-1.170954, 46.207966], [-1.171044, 46.20788], [-1.171103, 46.20781], [-1.171161, 46.20771], [-1.17119, 46.20765], [-1.17121, 46.207584], [-1.171243, 46.20739], [-1.17128, 46.207203], [-1.171312, 46.20712], [-1.171415, 46.20696], [-1.171457, 46.206875], [-1.171504, 46.20679], [-1.171535, 46.206696], [-1.171559, 46.206596], [-1.171671, 46.2062], [-1.171775, 46.205795], [-1.171874, 46.20541], [-1.171896, 46.205353], [-1.17192, 46.20534], [-1.171967, 46.205322], [-1.171981, 46.20528], [-1.171962, 46.205242], [-1.171929, 46.205223], [-1.171915, 46.205193], [-1.171939, 46.205116], [-1.172047, 46.204792], [-1.172047, 46.204792], [-1.17209, 46.204502], [-1.172118, 46.204372], [-1.17217, 46.20425], [-1.172217, 46.204174], [-1.172278, 46.204098], [-1.172375, 46.204], [-1.172495, 46.203907], [-1.172663, 46.20381], [-1.172824, 46.20375], [-1.172975, 46.203693], [-1.173169, 46.2036], [-1.173352, 46.20349], [-1.173498, 46.20338], [-1.173636, 46.20327], [-1.173794, 46.20314], [-1.173965, 46.203007], [-1.174212, 46.202816], [-1.174382, 46.202682], [-1.174544, 46.202557], [-1.174672, 46.20246], [-1.17478, 46.202377], [-1.174887, 46.202312], [-1.175016, 46.20228], [-1.175016, 46.20228], [-1.17513, 46.202194], [-1.175278, 46.202145], [-1.175412, 46.20211], [-1.175531, 46.202087], [-1.175586, 46.202072], [-1.175687, 46.202084], [-1.175772, 46.20212], [-1.175923, 46.202183], [-1.176075, 46.202217], [-1.176241, 46.202248], [-1.17632, 46.202267], [-1.176394, 46.202293], [-1.178435, 46.20343], [-1.180458, 46.20459], [-1.182085, 46.205456], [-1.182291, 46.20553], [-1.182509, 46.205593], [-1.183289, 46.205814], [-1.183615, 46.205914], [-1.183827, 46.205982], [-1.18399, 46.20605], [-1.184015, 46.20609], [-1.184015, 46.206135], [-1.18404, 46.20618], [-1.184077, 46.20622], [-1.18413, 46.20623], [-1.18418, 46.20623], [-1.184221, 46.206238], [-1.18426, 46.20628], [-1.18456, 46.20661], [-1.184843, 46.206924], [-1.186213, 46.208344], [-1.186213, 46.208344], [-1.186476, 46.208527], [-1.186504, 46.208572], [-1.18651, 46.20865], [-1.18651, 46.2087], [-1.186481, 46.208736], [-1.186409, 46.20879], [-1.185838, 46.20909], [-1.18526, 46.20938], [-1.18511, 46.20942], [-1.184906, 46.209446], [-1.184613, 46.209427], [-1.184485, 46.209427], [-1.184472, 46.209473], [-1.184472, 46.209515], [-1.184516, 46.209545], [-1.184573, 46.20957], [-1.184643, 46.209568], [-1.184938, 46.209476]]}}, {"type": "Feature", "properties": {"route_short_name": "12", "route_long_name": "Esnandes <> Place de Verdun", "shape_id": "CA_LA_ROCHELLE:JourneyPattern:12_FD7074A562B9BD43E12BD3F3917B53B4", "n_points": 628, "n_shape_variants_in_source": 8}, "geometry": {"type": "LineString", "coordinates": [[-1.114519, 46.25217], [-1.114097, 46.252613], [-1.114155, 46.2526], [-1.114291, 46.25242], [-1.114519, 46.25217], [-1.114777, 46.251762], [-1.115085, 46.251366], [-1.115184, 46.251274], [-1.115343, 46.25104], [-1.115501, 46.250816], [-1.115584, 46.250698], [-1.11564, 46.25059], [-1.115733, 46.25041], [-1.115783, 46.25032], [-1.11582, 46.25023], [-1.116003, 46.249683], [-1.116055, 46.249645], [-1.116055, 46.249645], [-1.116052, 46.24954], [-1.116097, 46.24944], [-1.116151, 46.24936], [-1.116358, 46.249172], [-1.1166, 46.248966], [-1.11683, 46.248756], [-1.117013, 46.248585], [-1.117113, 46.248474], [-1.117251, 46.24828], [-1.117554, 46.247772], [-1.117643, 46.247627], [-1.117801, 46.247437], [-1.117953, 46.247272], [-1.118265, 46.24697], [-1.118616, 46.246593], [-1.11867, 46.24652], [-1.118733, 46.246456], [-1.118779, 46.246445], [-1.118817, 46.246426], [-1.118839, 46.246403], [-1.11884, 46.24637], [-1.118843, 46.246334], [-1.11888, 46.246284], [-1.118981, 46.246162], [-1.119119, 46.24599], [-1.119333, 46.245663], [-1.119425, 46.24564], [-1.119425, 46.24564], [-1.119876, 46.244766], [-1.119994, 46.244583], [-1.120223, 46.24432], [-1.120601, 46.24389], [-1.120981, 46.243465], [-1.121233, 46.243176], [-1.121475, 46.242878], [-1.121558, 46.242756], [-1.12181, 46.242306], [-1.12227, 46.241405], [-1.122372, 46.241173], [-1.122498, 46.240948], [-1.122726, 46.24062], [-1.122948, 46.24031], [-1.123205, 46.24001], [-1.123588, 46.239662], [-1.123718, 46.239513], [-1.123908, 46.23913], [-1.124202, 46.23848], [-1.124829, 46.23707], [-1.124975, 46.236748], [-1.125104, 46.236446], [-1.125179, 46.23623], [-1.125256, 46.235867], [-1.125276, 46.235752], [-1.125302, 46.235706], [-1.125386, 46.235683], [-1.125615, 46.235638], [-1.125809, 46.23557], [-1.126475, 46.235092], [-1.126851, 46.234802], [-1.127045, 46.234665], [-1.12724, 46.23454], [-1.127413, 46.234463], [-1.12758, 46.2344], [-1.127876, 46.23434], [-1.128129, 46.234325], [-1.128378, 46.234344], [-1.128516, 46.234352], [-1.128657, 46.23435], [-1.128819, 46.234333], [-1.128916, 46.234245], [-1.129092, 46.23424], [-1.129225, 46.234165], [-1.129335, 46.23406], [-1.129412, 46.23394], [-1.129444, 46.233837], [-1.129515, 46.23375], [-1.12958, 46.233665], [-1.129701, 46.23349], [-1.12982, 46.233162], [-1.129879, 46.23299], [-1.129905, 46.23282], [-1.129915, 46.232693], [-1.12991, 46.23258], [-1.129889, 46.232388], [-1.12988, 46.232224], [-1.129896, 46.23212], [-1.129924, 46.231983], [-1.129992, 46.231796], [-1.130073, 46.23164], [-1.130138, 46.231552], [-1.130202, 46.231476], [-1.130319, 46.23137], [-1.130408, 46.231293], [-1.130467, 46.231224], [-1.130602, 46.230854], [-1.130706, 46.230583], [-1.130798, 46.230408], [-1.130897, 46.230244], [-1.130996, 46.230038], [-1.131052, 46.229904], [-1.131172, 46.229782], [-1.131161, 46.22972], [-1.131369, 46.22969], [-1.131853, 46.229668], [-1.132065, 46.229656], [-1.132197, 46.22965], [-1.132415, 46.229664], [-1.13276, 46.229702], [-1.133212, 46.22974], [-1.133807, 46.22978], [-1.134121, 46.229794], [-1.134404, 46.22982], [-1.134901, 46.2299], [-1.135325, 46.230015], [-1.135692, 46.23007], [-1.135981, 46.23015], [-1.136164, 46.230194], [-1.13634, 46.23026], [-1.136466, 46.23033], [-1.136586, 46.230408], [-1.137113, 46.23081], [-1.137394, 46.23101], [-1.13746, 46.23105], [-1.13753, 46.231087], [-1.137615, 46.231094], [-1.137715, 46.231075], [-1.13787, 46.23103], [-1.137963, 46.230988], [-1.138014, 46.23097], [-1.138092, 46.230984], [-1.138411, 46.23106], [-1.13878, 46.231133], [-1.139139, 46.2312], [-1.140056, 46.231373], [-1.140421, 46.23144], [-1.1409, 46.231506], [-1.141043, 46.23151], [-1.141371, 46.231567], [-1.14172, 46.23164], [-1.142346, 46.231735], [-1.143131, 46.23188], [-1.143675, 46.23198], [-1.144364, 46.23208], [-1.145088, 46.232216], [-1.145088, 46.232216], [-1.145432, 46.232235], [-1.145747, 46.23227], [-1.145956, 46.2323], [-1.146121, 46.23234], [-1.146388, 46.232437], [-1.146473, 46.23247], [-1.146537, 46.232475], [-1.146598, 46.23245], [-1.14676, 46.23226], [-1.146995, 46.232018], [-1.147214, 46.231804], [-1.147442, 46.231598], [-1.147677, 46.231407], [-1.147832, 46.231285], [-1.14795, 46.231148], [-1.148123, 46.230873], [-1.148219, 46.230732], [-1.148487, 46.23011], [-1.148845, 46.229282], [-1.148924, 46.22908], [-1.148964, 46.228912], [-1.148994, 46.22873], [-1.149052, 46.22808], [-1.149112, 46.22744], [-1.149103, 46.227367], [-1.149077, 46.227314], [-1.149015, 46.22728], [-1.148946, 46.227253], [-1.148817, 46.227234], [-1.148452, 46.227215], [-1.14809, 46.22716], [-1.147614, 46.22703], [-1.14714, 46.22689], [-1.14604, 46.22673], [-1.14539, 46.22666], [-1.14501, 46.22665], [-1.14452, 46.22663], [-1.14403, 46.2266], [-1.14351, 46.22655], [-1.14317, 46.22654], [-1.142301, 46.226578], [-1.141987, 46.226585], [-1.14178, 46.22657], [-1.141573, 46.226543], [-1.141399, 46.226498], [-1.141131, 46.226425], [-1.140678, 46.226242], [-1.140111, 46.22604], [-1.139748, 46.225983], [-1.139706, 46.225945], [-1.13968, 46.22588], [-1.139642, 46.225826], [-1.13954, 46.22579], [-1.139479, 46.225746], [-1.138998, 46.22535], [-1.138802, 46.225113], [-1.13861, 46.224865], [-1.138389, 46.224606], [-1.138133, 46.224316], [-1.137875, 46.22402], [-1.137591, 46.223637], [-1.13745, 46.223404], [-1.137373, 46.2233], [-1.137318, 46.223248], [-1.13722, 46.22321], [-1.137101, 46.223198], [-1.136393, 46.223152], [-1.135651, 46.223103], [-1.13383, 46.223007], [-1.13343, 46.22298], [-1.13317, 46.22294], [-1.132936, 46.222885], [-1.132768, 46.22284], [-1.132688, 46.222797], [-1.132574, 46.222725], [-1.132459, 46.222637], [-1.132373, 46.222584], [-1.13228, 46.22258], [-1.132153, 46.22259], [-1.131998, 46.222614], [-1.131847, 46.222607], [-1.131711, 46.22258], [-1.131075, 46.222443], [-1.130643, 46.222317], [-1.13004, 46.22212], [-1.129521, 46.221943], [-1.129109, 46.2218], [-1.129023, 46.221767], [-1.12901, 46.221714], [-1.129051, 46.22166], [-1.129249, 46.22147], [-1.129661, 46.22109], [-1.129933, 46.22084], [-1.13033, 46.2205], [-1.13075, 46.2202], [-1.13083, 46.22015], [-1.130948, 46.220062], [-1.131582, 46.219635], [-1.132215, 46.219223], [-1.132823, 46.21882], [-1.133337, 46.21843], [-1.13373, 46.21805], [-1.134068, 46.217613], [-1.1346, 46.21677], [-1.134818, 46.216328], [-1.134867, 46.216183], [-1.134908, 46.216034], [-1.134947, 46.21578], [-1.134965, 46.215527], [-1.134958, 46.215347], [-1.134931, 46.21517], [-1.134583, 46.213543], [-1.134495, 46.21312], [-1.134479, 46.21293], [-1.13448, 46.212685], [-1.13452, 46.212395], [-1.13455, 46.21224], [-1.134656, 46.21196], [-1.134739, 46.21177], [-1.13484, 46.21158], [-1.13507, 46.21127], [-1.13526, 46.21106], [-1.135335, 46.21102], [-1.13541, 46.21101], [-1.13557, 46.21098], [-1.135709, 46.210922], [-1.135815, 46.210907], [-1.135909, 46.210915], [-1.136047, 46.210964], [-1.136146, 46.210987], [-1.136209, 46.21101], [-1.136267, 46.21103], [-1.136334, 46.21103], [-1.136389, 46.21097], [-1.136407, 46.210938], [-1.13639, 46.210896], [-1.136312, 46.21086], [-1.136108, 46.210815], [-1.135896, 46.210754], [-1.135799, 46.21068], [-1.135735, 46.21059], [-1.13572, 46.210487], [-1.136203, 46.20969], [-1.13642, 46.209248], [-1.136568, 46.20891], [-1.136697, 46.208557], [-1.13684, 46.20809], [-1.136987, 46.207336], [-1.137141, 46.206814], [-1.137301, 46.206287], [-1.137502, 46.20559], [-1.137594, 46.20527], [-1.13767, 46.205], [-1.13775, 46.204716], [-1.137852, 46.204353], [-1.137931, 46.204082], [-1.138075, 46.203587], [-1.138201, 46.203117], [-1.138294, 46.202774], [-1.138352, 46.20256], [-1.13845, 46.20222], [-1.138817, 46.20096], [-1.139003, 46.20033], [-1.139094, 46.20001], [-1.13919, 46.199707], [-1.139377, 46.19906], [-1.139576, 46.198402], [-1.139778, 46.19775], [-1.139968, 46.1972], [-1.140159, 46.19669], [-1.14066, 46.195305], [-1.140907, 46.194603], [-1.141029, 46.194252], [-1.14116, 46.193893], [-1.141267, 46.19361], [-1.141341, 46.193424], [-1.141431, 46.193222], [-1.141529, 46.19306], [-1.141604, 46.19295], [-1.141687, 46.19284], [-1.141858, 46.192657], [-1.14205, 46.192474], [-1.142233, 46.19233], [-1.142443, 46.19219], [-1.142609, 46.192085], [-1.142783, 46.191994], [-1.143113, 46.191845], [-1.14355, 46.191685], [-1.144759, 46.191284], [-1.145224, 46.191154], [-1.14578, 46.190998], [-1.146213, 46.19088], [-1.146309, 46.190853], [-1.146409, 46.19085], [-1.146461, 46.19085], [-1.146518, 46.19086], [-1.146594, 46.190895], [-1.146706, 46.190945], [-1.1468, 46.191], [-1.146927, 46.19114], [-1.14699, 46.191273], [-1.147102, 46.191486], [-1.147102, 46.191486], [-1.147221, 46.1915], [-1.147291, 46.191597], [-1.147306, 46.191666], [-1.147308, 46.19172], [-1.147335, 46.191784], [-1.147383, 46.19181], [-1.147456, 46.19181], [-1.147517, 46.19179], [-1.147557, 46.191746], [-1.14756, 46.19169], [-1.147509, 46.191647], [-1.147453, 46.191628], [-1.147401, 46.19158], [-1.147213, 46.19134], [-1.14709, 46.19114], [-1.14707, 46.19103], [-1.147096, 46.190952], [-1.147145, 46.190903], [-1.147256, 46.190834], [-1.147338, 46.190777], [-1.147397, 46.190643], [-1.147387, 46.190468], [-1.147315, 46.19034], [-1.14713, 46.19025], [-1.14693, 46.1902], [-1.14684, 46.1902], [-1.14664, 46.19023], [-1.146421, 46.190193], [-1.146124, 46.190113], [-1.145073, 46.189922], [-1.1445, 46.189804], [-1.144322, 46.189735], [-1.143654, 46.18963], [-1.143313, 46.18956], [-1.142974, 46.1895], [-1.14114, 46.189247], [-1.140902, 46.1892], [-1.140663, 46.18913], [-1.140663, 46.18913], [-1.140426, 46.189117], [-1.140199, 46.18908], [-1.139966, 46.189045], [-1.139865, 46.189034], [-1.139836, 46.189014], [-1.13983, 46.18898], [-1.139855, 46.18893], [-1.139944, 46.188816], [-1.140074, 46.18865], [-1.140145, 46.18856], [-1.140203, 46.188477], [-1.140241, 46.188404], [-1.140256, 46.188324], [-1.140286, 46.187992], [-1.140268, 46.18776], [-1.140268, 46.18764], [-1.140265, 46.187527], [-1.140275, 46.1874], [-1.140349, 46.18705], [-1.140394, 46.186844], [-1.140411, 46.186718], [-1.140413, 46.186626], [-1.140428, 46.18658], [-1.140703, 46.186253], [-1.140974, 46.185925], [-1.141329, 46.185505], [-1.141515, 46.185287], [-1.141666, 46.185104], [-1.14173, 46.18511], [-1.14173, 46.18511], [-1.141703, 46.18506], [-1.141792, 46.184967], [-1.141957, 46.184788], [-1.141997, 46.18474], [-1.14207, 46.184616], [-1.142133, 46.18451], [-1.14219, 46.184414], [-1.14222, 46.18436], [-1.14227, 46.184326], [-1.14237, 46.18428], [-1.142447, 46.18424], [-1.142451, 46.184185], [-1.142383, 46.184143], [-1.142203, 46.183983], [-1.142032, 46.183815], [-1.141727, 46.18351], [-1.141577, 46.183365], [-1.141418, 46.18322], [-1.141043, 46.18291], [-1.140855, 46.18276], [-1.140744, 46.18268], [-1.140633, 46.182526], [-1.140633, 46.182526], [-1.140443, 46.182404], [-1.140288, 46.18228], [-1.140117, 46.182167], [-1.139751, 46.18195], [-1.139654, 46.18189], [-1.139628, 46.181858], [-1.139624, 46.181824], [-1.139615, 46.1816], [-1.139615, 46.181484], [-1.139611, 46.181427], [-1.139621, 46.18137], [-1.139637, 46.18133], [-1.139698, 46.18126], [-1.139726, 46.181213], [-1.139865, 46.181087], [-1.139996, 46.18095], [-1.14008, 46.180862], [-1.140157, 46.180775], [-1.140224, 46.180622], [-1.14023, 46.18056], [-1.140284, 46.180485], [-1.140337, 46.180428], [-1.140414, 46.180336], [-1.140461, 46.180256], [-1.140506, 46.18015], [-1.140563, 46.180016], [-1.140533, 46.17991], [-1.140588, 46.17972], [-1.140637, 46.17947], [-1.140686, 46.179222], [-1.14073, 46.17901], [-1.140768, 46.17875], [-1.14078, 46.178616], [-1.140785, 46.17855], [-1.140782, 46.178505], [-1.140824, 46.17848], [-1.140908, 46.178493], [-1.141584, 46.178547], [-1.14166, 46.17854], [-1.14158, 46.178574], [-1.141945, 46.178562], [-1.142086, 46.178577], [-1.142513, 46.178642], [-1.14294, 46.17871], [-1.143116, 46.178738], [-1.143974, 46.1788], [-1.144248, 46.178833], [-1.144488, 46.178864], [-1.14474, 46.17888], [-1.14523, 46.17893], [-1.145524, 46.178963], [-1.145599, 46.178963], [-1.145678, 46.178955], [-1.145823, 46.178944], [-1.146276, 46.178913], [-1.146731, 46.178867], [-1.14713, 46.178814], [-1.147389, 46.178772], [-1.147544, 46.178753], [-1.147794, 46.1787], [-1.148108, 46.17862], [-1.148211, 46.1786], [-1.148292, 46.178577], [-1.148497, 46.17854], [-1.149365, 46.17824], [-1.149808, 46.178104], [-1.150202, 46.178017], [-1.150202, 46.178017], [-1.150414, 46.177914], [-1.150633, 46.177834], [-1.151174, 46.1776], [-1.151511, 46.177456], [-1.151717, 46.17737], [-1.15216, 46.177162], [-1.1522, 46.17713], [-1.152205, 46.17709], [-1.152133, 46.177032], [-1.15206, 46.177], [-1.151811, 46.176826], [-1.15148, 46.17668], [-1.15127, 46.17652], [-1.151137, 46.176395], [-1.151064, 46.176315], [-1.151004, 46.176224], [-1.15094, 46.17609], [-1.15087, 46.1759], [-1.150727, 46.175545], [-1.150614, 46.175186], [-1.150548, 46.174828], [-1.15051, 46.174454], [-1.150505, 46.173798], [-1.150541, 46.17299], [-1.150541, 46.17299], [-1.1505, 46.17257], [-1.150495, 46.17216], [-1.150486, 46.17136], [-1.150495, 46.17117], [-1.150516, 46.17103], [-1.150562, 46.170906], [-1.150669, 46.1707], [-1.15081, 46.170498], [-1.151013, 46.170284], [-1.151172, 46.17014], [-1.151317, 46.17002], [-1.151419, 46.169987], [-1.151501, 46.169964], [-1.151601, 46.169937], [-1.151734, 46.169914], [-1.151864, 46.169857], [-1.151962, 46.16977], [-1.152, 46.169655], [-1.152008, 46.169598], [-1.151993, 46.169476], [-1.151984, 46.169403], [-1.151997, 46.169327], [-1.152058, 46.16918], [-1.152173, 46.16901], [-1.152261, 46.168945], [-1.152261, 46.168945], [-1.152305, 46.168804], [-1.152578, 46.16837], [-1.152798, 46.167934], [-1.152905, 46.167686], [-1.153017, 46.167435], [-1.153133, 46.167194], [-1.153244, 46.167007], [-1.153298, 46.16687], [-1.153313, 46.166718], [-1.153312, 46.166634], [-1.15332, 46.166553], [-1.153339, 46.16645], [-1.153393, 46.16635], [-1.15346, 46.16628], [-1.153769, 46.166023], [-1.153769, 46.166023], [-1.154251, 46.16556], [-1.154318, 46.165516], [-1.154402, 46.16551], [-1.154606, 46.1655], [-1.154741, 46.165485], [-1.154825, 46.165462], [-1.154897, 46.16543], [-1.155018, 46.165375], [-1.155555, 46.16504], [-1.155649, 46.164963], [-1.155676, 46.16487], [-1.155686, 46.16472], [-1.155713, 46.164536], [-1.155505, 46.163914], [-1.155431, 46.163605], [-1.155392, 46.163445], [-1.155347, 46.16329], [-1.155308, 46.16321], [-1.15515, 46.16293], [-1.155119, 46.162853], [-1.155115, 46.16278], [-1.155145, 46.16266], [-1.155185, 46.16253], [-1.155211, 46.162437], [-1.155206, 46.162388], [-1.155175, 46.16234], [-1.155118, 46.162296], [-1.155085, 46.162285], [-1.15503, 46.16228], [-1.154985, 46.162296], [-1.154954, 46.16233], [-1.15492, 46.16244], [-1.154915, 46.1625], [-1.154874, 46.162544], [-1.154794, 46.162594]]}}, {"type": "Feature", "properties": {"route_short_name": "13", "route_long_name": "Saint-Xandre <> Place de Verdun", "shape_id": "CA_LA_ROCHELLE:JourneyPattern:13_2543F32D1F090504F7D287B9F95329D6", "n_points": 425, "n_shape_variants_in_source": 5}, "geometry": {"type": "LineString", "coordinates": [[-1.109913, 46.20691], [-1.109722, 46.206947], [-1.109666, 46.20699], [-1.109432, 46.207], [-1.109079, 46.207027], [-1.108749, 46.20702], [-1.108419, 46.20701], [-1.10812, 46.20698], [-1.107848, 46.20696], [-1.107583, 46.20693], [-1.107315, 46.20689], [-1.107138, 46.206863], [-1.106986, 46.206837], [-1.106855, 46.2068], [-1.106696, 46.20676], [-1.106555, 46.20671], [-1.106309, 46.20662], [-1.106061, 46.206528], [-1.105758, 46.20644], [-1.105475, 46.206375], [-1.105186, 46.20631], [-1.104643, 46.206238], [-1.104355, 46.206196], [-1.10415, 46.206158], [-1.103707, 46.206047], [-1.103282, 46.205925], [-1.10318, 46.205894], [-1.103125, 46.205853], [-1.103077, 46.205807], [-1.102945, 46.205723], [-1.102821, 46.20565], [-1.102589, 46.205486], [-1.102526, 46.20542], [-1.102304, 46.20527], [-1.102198, 46.205204], [-1.102134, 46.20516], [-1.102089, 46.20515], [-1.102065, 46.205112], [-1.10207, 46.205074], [-1.102087, 46.204987], [-1.102108, 46.20491], [-1.102166, 46.20469], [-1.102189, 46.204605], [-1.102188, 46.204514], [-1.102189, 46.20437], [-1.102195, 46.2042], [-1.102201, 46.204105], [-1.102251, 46.203938], [-1.102365, 46.203564], [-1.102414, 46.2034], [-1.102472, 46.20327], [-1.102769, 46.2028], [-1.102769, 46.2028], [-1.102773, 46.20274], [-1.102821, 46.20266], [-1.102861, 46.202606], [-1.102893, 46.20254], [-1.102931, 46.20251], [-1.103002, 46.202484], [-1.10327, 46.20241], [-1.104201, 46.20217], [-1.10448, 46.2021], [-1.104576, 46.202072], [-1.104647, 46.20204], [-1.1047, 46.201992], [-1.104731, 46.20194], [-1.104938, 46.201378], [-1.105057, 46.201073], [-1.105097, 46.200916], [-1.105167, 46.200764], [-1.105273, 46.200607], [-1.105378, 46.20044], [-1.105525, 46.20025], [-1.105778, 46.19994], [-1.106146, 46.199486], [-1.106413, 46.199154], [-1.106882, 46.19859], [-1.107338, 46.19802], [-1.107718, 46.197556], [-1.107798, 46.197426], [-1.108055, 46.196938], [-1.108306, 46.196453], [-1.108604, 46.195908], [-1.108906, 46.195366], [-1.109105, 46.19501], [-1.109223, 46.19483], [-1.109333, 46.1947], [-1.1095, 46.19453], [-1.110647, 46.19356], [-1.111203, 46.19313], [-1.111599, 46.19291], [-1.111961, 46.192677], [-1.112808, 46.19215], [-1.113775, 46.191555], [-1.11399, 46.191437], [-1.114415, 46.191208], [-1.114848, 46.19094], [-1.115281, 46.190678], [-1.116049, 46.190228], [-1.116049, 46.190228], [-1.116133, 46.19011], [-1.116411, 46.1899], [-1.116713, 46.189648], [-1.116868, 46.189526], [-1.116978, 46.189407], [-1.117061, 46.189297], [-1.117171, 46.18907], [-1.117349, 46.18868], [-1.117521, 46.188286], [-1.117691, 46.188072], [-1.117691, 46.188072], [-1.11768, 46.18792], [-1.117724, 46.18785], [-1.117768, 46.187805], [-1.117829, 46.187798], [-1.117888, 46.187805], [-1.118058, 46.187836], [-1.118188, 46.18786], [-1.118282, 46.187862], [-1.118341, 46.187843], [-1.118383, 46.187782], [-1.118444, 46.187534], [-1.118471, 46.187397], [-1.118537, 46.187088], [-1.118557, 46.186993], [-1.118519, 46.186657], [-1.118492, 46.18648], [-1.118437, 46.186348], [-1.118283, 46.186058], [-1.118206, 46.185925], [-1.118194, 46.18578], [-1.118045, 46.18554], [-1.117946, 46.185276], [-1.11794, 46.18519], [-1.117969, 46.185116], [-1.118021, 46.18507], [-1.118023, 46.18502], [-1.117997, 46.18498], [-1.11796, 46.184956], [-1.117923, 46.184948], [-1.117907, 46.184906], [-1.117871, 46.184734], [-1.117827, 46.18455], [-1.117772, 46.18437], [-1.11769, 46.184174], [-1.117593, 46.18401], [-1.117452, 46.183716], [-1.117216, 46.18353], [-1.117063, 46.183315], [-1.116891, 46.183056], [-1.116776, 46.18288], [-1.116667, 46.18273], [-1.116584, 46.18258], [-1.116334, 46.181976], [-1.116262, 46.18177], [-1.116208, 46.181572], [-1.116175, 46.181347], [-1.116233, 46.180977], [-1.116233, 46.180977], [-1.116202, 46.180626], [-1.11622, 46.18018], [-1.116215, 46.179955], [-1.116236, 46.17973], [-1.116291, 46.179222], [-1.116316, 46.178963], [-1.116332, 46.178707], [-1.116361, 46.17836], [-1.116366, 46.178177], [-1.11637, 46.17809], [-1.116382, 46.178013], [-1.116418, 46.177895], [-1.116444, 46.177826], [-1.116503, 46.17778], [-1.116553, 46.17772], [-1.116557, 46.177647], [-1.116541, 46.177593], [-1.116535, 46.177547], [-1.116565, 46.177486], [-1.116653, 46.17741], [-1.11733, 46.17702], [-1.117636, 46.176765], [-1.117675, 46.17674], [-1.117749, 46.176735], [-1.117964, 46.176807], [-1.118669, 46.17699], [-1.119343, 46.17716], [-1.119533, 46.177208], [-1.119877, 46.177296], [-1.120213, 46.177395], [-1.120767, 46.177593], [-1.12091, 46.177654], [-1.120962, 46.177673], [-1.121013, 46.17768], [-1.121064, 46.17768], [-1.12111, 46.17767], [-1.121172, 46.177658], [-1.121243, 46.177666], [-1.121303, 46.177685], [-1.121358, 46.17772], [-1.121688, 46.17804], [-1.121841, 46.17813], [-1.121874, 46.178185], [-1.121849, 46.178257], [-1.121874, 46.178307], [-1.121911, 46.178345], [-1.121953, 46.17837], [-1.122028, 46.17839], [-1.122116, 46.1784], [-1.122707, 46.17891], [-1.122785, 46.17898], [-1.122777, 46.17906], [-1.122782, 46.179157], [-1.122843, 46.17923], [-1.122893, 46.179264], [-1.122976, 46.17929], [-1.123034, 46.179302], [-1.123114, 46.179287], [-1.123191, 46.179256], [-1.123241, 46.179188], [-1.123287, 46.179104], [-1.123257, 46.17903], [-1.123169, 46.17898], [-1.123088, 46.178944], [-1.123031, 46.17891], [-1.123038, 46.178833], [-1.123105, 46.17876], [-1.123311, 46.178658], [-1.123507, 46.178524], [-1.123591, 46.178444], [-1.123697, 46.178345], [-1.123785, 46.17822], [-1.123829, 46.17811], [-1.123856, 46.17801], [-1.123867, 46.1779], [-1.123875, 46.1778], [-1.123871, 46.177715], [-1.123851, 46.17763], [-1.123846, 46.177547], [-1.123862, 46.177483], [-1.123889, 46.17742], [-1.123972, 46.177357], [-1.124035, 46.177307], [-1.124302, 46.17719], [-1.124401, 46.177155], [-1.124565, 46.177086], [-1.124683, 46.17703], [-1.124833, 46.176926], [-1.125027, 46.176765], [-1.12547, 46.17642], [-1.125746, 46.176235], [-1.125908, 46.176105], [-1.126099, 46.175915], [-1.126535, 46.175617], [-1.126603, 46.175575], [-1.126665, 46.17552], [-1.126729, 46.175476], [-1.12682, 46.175396], [-1.126871, 46.175343], [-1.126936, 46.17525], [-1.12717, 46.174896], [-1.127652, 46.174232], [-1.127783, 46.17398], [-1.127826, 46.17394], [-1.127894, 46.173965], [-1.128188, 46.174053], [-1.128575, 46.17418], [-1.12929, 46.174435], [-1.12999, 46.1747], [-1.131092, 46.175037], [-1.131386, 46.17514], [-1.131386, 46.17514], [-1.132652, 46.17545], [-1.132755, 46.175404], [-1.1328, 46.175297], [-1.13304, 46.17501], [-1.13323, 46.17479], [-1.133463, 46.174526], [-1.13386, 46.174065], [-1.133993, 46.1739], [-1.134199, 46.173748], [-1.134306, 46.173695], [-1.13443, 46.17364], [-1.135183, 46.17342], [-1.135183, 46.17342], [-1.135419, 46.173313], [-1.135591, 46.173256], [-1.135742, 46.173172], [-1.135882, 46.173046], [-1.136004, 46.172897], [-1.136253, 46.172615], [-1.136919, 46.171883], [-1.13723, 46.17158], [-1.13723, 46.17158], [-1.137879, 46.170834], [-1.1382, 46.17049], [-1.138499, 46.170135], [-1.138681, 46.16988], [-1.138805, 46.169636], [-1.138845, 46.169506], [-1.138886, 46.169353], [-1.138886, 46.169353], [-1.13888, 46.16894], [-1.138981, 46.168728], [-1.139101, 46.168518], [-1.139516, 46.168], [-1.139807, 46.167698], [-1.139861, 46.167633], [-1.139929, 46.167587], [-1.140041, 46.16758], [-1.14008, 46.16758], [-1.140145, 46.167572], [-1.14019, 46.16757], [-1.140464, 46.167618], [-1.140988, 46.167797], [-1.141433, 46.167873], [-1.142138, 46.168064], [-1.142848, 46.168255], [-1.143328, 46.16838], [-1.143813, 46.168514], [-1.144411, 46.168705], [-1.144411, 46.168705], [-1.145007, 46.168827], [-1.14521, 46.16889], [-1.14574, 46.16903], [-1.14626, 46.16916], [-1.14652, 46.16925], [-1.146587, 46.16928], [-1.14662, 46.16932], [-1.146656, 46.169357], [-1.14673, 46.16938], [-1.14689, 46.16943], [-1.147069, 46.169476], [-1.147149, 46.16946], [-1.14726, 46.16944], [-1.14744, 46.16948], [-1.14786, 46.1696], [-1.147988, 46.169624], [-1.14821, 46.169613], [-1.148453, 46.169594], [-1.148693, 46.169533], [-1.148997, 46.169434], [-1.148997, 46.169434], [-1.149338, 46.169277], [-1.149492, 46.16921], [-1.149644, 46.169144], [-1.149733, 46.16912], [-1.149793, 46.16912], [-1.149858, 46.16913], [-1.149924, 46.16913], [-1.150019, 46.169136], [-1.150131, 46.169167], [-1.150479, 46.169254], [-1.150696, 46.16933], [-1.15087, 46.16942], [-1.150985, 46.169476], [-1.151078, 46.169544], [-1.151155, 46.169617], [-1.15121, 46.169693], [-1.151249, 46.16977], [-1.151297, 46.16983], [-1.151389, 46.169888], [-1.15155, 46.169926], [-1.151671, 46.169926], [-1.151796, 46.16989], [-1.151923, 46.16982], [-1.151989, 46.169712], [-1.151996, 46.169594], [-1.151981, 46.169483], [-1.151987, 46.16939], [-1.152004, 46.169304], [-1.152053, 46.169174], [-1.152168, 46.16901], [-1.152261, 46.168945], [-1.152261, 46.168945], [-1.152305, 46.168804], [-1.152578, 46.16837], [-1.152798, 46.167934], [-1.152905, 46.167686], [-1.153017, 46.167435], [-1.153133, 46.167194], [-1.153244, 46.167007], [-1.153298, 46.16687], [-1.153313, 46.166718], [-1.153312, 46.166634], [-1.15332, 46.166553], [-1.153339, 46.16645], [-1.153393, 46.16635], [-1.15346, 46.16628], [-1.153769, 46.166023], [-1.153769, 46.166023], [-1.154251, 46.16556], [-1.154318, 46.165516], [-1.154402, 46.16551], [-1.154606, 46.1655], [-1.154741, 46.165485], [-1.154825, 46.165462], [-1.154897, 46.16543], [-1.155018, 46.165375], [-1.155555, 46.16504], [-1.155649, 46.164963], [-1.155676, 46.16487], [-1.155686, 46.16472], [-1.155713, 46.164536], [-1.155503, 46.16391], [-1.155426, 46.163593], [-1.155391, 46.163437], [-1.155334, 46.16329], [-1.155306, 46.16322], [-1.15515, 46.16293], [-1.155124, 46.162857], [-1.155123, 46.162785], [-1.15515, 46.16266], [-1.155174, 46.16257], [-1.155203, 46.162487], [-1.155213, 46.16242], [-1.155191, 46.16237], [-1.155136, 46.162304], [-1.155075, 46.162273], [-1.15503, 46.16226], [-1.154985, 46.162243], [-1.154925, 46.162243], [-1.154869, 46.16223], [-1.154671, 46.162228], [-1.15419, 46.16218], [-1.154072, 46.162197]]}}, {"type": "Feature", "properties": {"route_short_name": "14", "route_long_name": "Dompierre-sur-Mer <> Place de Verdun", "shape_id": "CA_LA_ROCHELLE:JourneyPattern:14_92C8DABED9BCCC691E06A8E22012F208", "n_points": 676, "n_shape_variants_in_source": 3}, "geometry": {"type": "LineString", "coordinates": [[-1.048452, 46.179604], [-1.04804, 46.179737], [-1.047391, 46.179886], [-1.046877, 46.180008], [-1.046362, 46.18013], [-1.045857, 46.18023], [-1.045616, 46.180298], [-1.045572, 46.18034], [-1.045549, 46.180386], [-1.045488, 46.18128], [-1.045441, 46.181946], [-1.045464, 46.181995], [-1.045686, 46.1821], [-1.04592, 46.18219], [-1.04606, 46.182217], [-1.046183, 46.182255], [-1.046282, 46.18233], [-1.046593, 46.182533], [-1.046703, 46.182602], [-1.04672, 46.182644], [-1.046699, 46.182682], [-1.04655, 46.18284], [-1.046341, 46.183014], [-1.046178, 46.183117], [-1.045998, 46.183224], [-1.045781, 46.183315], [-1.045566, 46.183395], [-1.045102, 46.183544], [-1.044939, 46.183613], [-1.044809, 46.1837], [-1.044338, 46.184193], [-1.044217, 46.18428], [-1.044222, 46.18434], [-1.044273, 46.18437], [-1.044343, 46.18439], [-1.044402, 46.184433], [-1.044452, 46.18451], [-1.044452, 46.18451], [-1.04481, 46.18467], [-1.04492, 46.18471], [-1.0452, 46.18485], [-1.04551, 46.1851], [-1.046041, 46.185604], [-1.046508, 46.186085], [-1.0466, 46.18621], [-1.04695, 46.18656], [-1.04716, 46.18667], [-1.047408, 46.186825], [-1.04764, 46.187], [-1.04782, 46.1871], [-1.048655, 46.187286], [-1.048912, 46.187275], [-1.049158, 46.187267], [-1.049401, 46.18727], [-1.049671, 46.187305], [-1.050083, 46.187363], [-1.050186, 46.187393], [-1.050289, 46.18744], [-1.050517, 46.187557], [-1.050719, 46.18768], [-1.050913, 46.187813], [-1.051231, 46.188072], [-1.051481, 46.188354], [-1.0518, 46.18879], [-1.051915, 46.18894], [-1.052003, 46.18908], [-1.05207, 46.18917], [-1.052099, 46.1892], [-1.052141, 46.18921], [-1.052273, 46.189186], [-1.052425, 46.189163], [-1.05249, 46.18916], [-1.052589, 46.18915], [-1.052673, 46.18918], [-1.052697, 46.189243], [-1.052771, 46.189514], [-1.052825, 46.189796], [-1.052927, 46.190216], [-1.053062, 46.19064], [-1.053172, 46.19105], [-1.053261, 46.191486], [-1.05356, 46.19291], [-1.05362, 46.19319], [-1.053716, 46.193657], [-1.053778, 46.19412], [-1.053826, 46.194588], [-1.053849, 46.194843], [-1.053818, 46.194965], [-1.053813, 46.19503], [-1.053861, 46.19506], [-1.054, 46.195045], [-1.054198, 46.195065], [-1.054401, 46.195095], [-1.054701, 46.195114], [-1.054835, 46.19509], [-1.054945, 46.19507], [-1.05501, 46.19505], [-1.055093, 46.195015], [-1.055173, 46.194958], [-1.05557, 46.19465], [-1.055753, 46.194496], [-1.056449, 46.19395], [-1.056873, 46.193604], [-1.057483, 46.193104], [-1.05809, 46.19261], [-1.05815, 46.192566], [-1.058379, 46.19237], [-1.058627, 46.19216], [-1.059052, 46.191795], [-1.059501, 46.19143], [-1.059905, 46.19111], [-1.060306, 46.19078], [-1.060779, 46.190414], [-1.060975, 46.190266], [-1.061153, 46.190125], [-1.061592, 46.18976], [-1.062127, 46.18941], [-1.062127, 46.18941], [-1.062238, 46.18924], [-1.062425, 46.189106], [-1.062802, 46.188812], [-1.062797, 46.188744], [-1.062745, 46.1887], [-1.062699, 46.18865], [-1.06266, 46.18859], [-1.06254, 46.188335], [-1.062432, 46.188087], [-1.06234, 46.187897], [-1.062254, 46.187717], [-1.062153, 46.187553], [-1.062057, 46.187393], [-1.061853, 46.187107], [-1.061716, 46.186943], [-1.061572, 46.1868], [-1.061215, 46.186523], [-1.06044, 46.185986], [-1.060372, 46.18589], [-1.060305, 46.18588], [-1.060279, 46.185856], [-1.060264, 46.185825], [-1.060254, 46.185795], [-1.060267, 46.18576], [-1.060286, 46.185722], [-1.060352, 46.18568], [-1.060591, 46.18563], [-1.060964, 46.18554], [-1.061255, 46.185455], [-1.061589, 46.185246], [-1.061933, 46.185024], [-1.062052, 46.18495], [-1.062113, 46.184883], [-1.062186, 46.184765], [-1.062335, 46.1845], [-1.062454, 46.184284], [-1.062501, 46.18424], [-1.062566, 46.18421], [-1.062949, 46.18413], [-1.063248, 46.184067], [-1.063378, 46.18407], [-1.063546, 46.1841], [-1.063657, 46.184147], [-1.06371, 46.18418], [-1.063737, 46.18422], [-1.063805, 46.18425], [-1.063886, 46.184254], [-1.063951, 46.184223], [-1.064046, 46.184223], [-1.064133, 46.184254], [-1.064266, 46.18428], [-1.064531, 46.18434], [-1.06488, 46.184414], [-1.065207, 46.184464], [-1.065494, 46.184525], [-1.065777, 46.18464], [-1.065861, 46.184673], [-1.065916, 46.184692], [-1.066022, 46.184727], [-1.066164, 46.184784], [-1.066885, 46.185158], [-1.06697, 46.18521], [-1.06708, 46.185246], [-1.067433, 46.185425], [-1.067831, 46.185665], [-1.068011, 46.185757], [-1.068187, 46.185863], [-1.068547, 46.186073], [-1.06868, 46.186195], [-1.06868, 46.186195], [-1.06947, 46.18669], [-1.069531, 46.186745], [-1.069583, 46.186817], [-1.069673, 46.18698], [-1.069691, 46.187042], [-1.069707, 46.187103], [-1.069678, 46.187157], [-1.069554, 46.187214], [-1.069347, 46.187305], [-1.069014, 46.187443], [-1.068402, 46.187717], [-1.067846, 46.187958], [-1.067793, 46.18796], [-1.067751, 46.18796], [-1.067718, 46.187984], [-1.067702, 46.18802], [-1.067719, 46.18804], [-1.06775, 46.188057], [-1.067781, 46.18806], [-1.067814, 46.188087], [-1.067843, 46.188126], [-1.068234, 46.188503], [-1.068397, 46.188667], [-1.068397, 46.188667], [-1.069001, 46.189068], [-1.069209, 46.1892], [-1.0694, 46.1893], [-1.070155, 46.189655], [-1.070707, 46.18988], [-1.070954, 46.189983], [-1.071219, 46.19008], [-1.071687, 46.19025], [-1.072175, 46.1904], [-1.072666, 46.19056], [-1.073154, 46.19074], [-1.073644, 46.19091], [-1.07442, 46.19118], [-1.074694, 46.191277], [-1.074975, 46.19136], [-1.07525, 46.191402], [-1.07555, 46.191425], [-1.075814, 46.191437], [-1.075952, 46.19146], [-1.076471, 46.191456], [-1.076649, 46.19144], [-1.076754, 46.191444], [-1.07683, 46.19146], [-1.07689, 46.19148], [-1.07702, 46.19147], [-1.07708, 46.19143], [-1.0771, 46.19137], [-1.0771, 46.19132], [-1.07706, 46.19128], [-1.07703, 46.19126], [-1.07699, 46.19112], [-1.077018, 46.191036], [-1.07706, 46.19095], [-1.07715, 46.190857], [-1.07727, 46.19077], [-1.077589, 46.19057], [-1.077744, 46.190468], [-1.07787, 46.19035], [-1.07825, 46.18987], [-1.07872, 46.18922], [-1.07888, 46.18903], [-1.07907, 46.18887], [-1.07953, 46.18856], [-1.079846, 46.18838], [-1.08013, 46.18818], [-1.0804, 46.18795], [-1.080442, 46.187904], [-1.0805, 46.187878], [-1.080555, 46.18786], [-1.080647, 46.18785], [-1.081, 46.18782], [-1.08133, 46.18778], [-1.081803, 46.187702], [-1.08324, 46.1875], [-1.083869, 46.18751], [-1.083869, 46.18751], [-1.084308, 46.187477], [-1.084777, 46.187447], [-1.085385, 46.187416], [-1.085709, 46.18741], [-1.086054, 46.18744], [-1.086295, 46.187477], [-1.086527, 46.187527], [-1.086767, 46.18759], [-1.08721, 46.187714], [-1.087289, 46.187687], [-1.087316, 46.187634], [-1.087433, 46.187363], [-1.08753, 46.18721], [-1.08779, 46.18695], [-1.08801, 46.18675], [-1.088156, 46.18664], [-1.088244, 46.186638], [-1.088347, 46.186684], [-1.088435, 46.186718], [-1.088623, 46.186756], [-1.08879, 46.186764], [-1.088934, 46.186745], [-1.089087, 46.186703], [-1.089723, 46.186478], [-1.089866, 46.186474], [-1.089866, 46.186474], [-1.09034, 46.18626], [-1.090614, 46.186172], [-1.09071, 46.18614], [-1.090794, 46.18612], [-1.090818, 46.18606], [-1.090799, 46.18602], [-1.090819, 46.185978], [-1.091277, 46.18562], [-1.091355, 46.18555], [-1.091447, 46.185482], [-1.091519, 46.185402], [-1.091782, 46.185], [-1.091799, 46.184948], [-1.091823, 46.184895], [-1.091892, 46.1849], [-1.091963, 46.18493], [-1.092252, 46.184994], [-1.092582, 46.18505], [-1.092883, 46.18508], [-1.093194, 46.18511], [-1.093422, 46.18512], [-1.093664, 46.185123], [-1.09392, 46.18511], [-1.094219, 46.185078], [-1.095179, 46.18497], [-1.095392, 46.18495], [-1.095544, 46.18497], [-1.095544, 46.18497], [-1.095748, 46.184937], [-1.095881, 46.18493], [-1.09612, 46.18493], [-1.096209, 46.18494], [-1.096308, 46.18495], [-1.096478, 46.18494], [-1.096498, 46.1849], [-1.096483, 46.18485], [-1.09646, 46.1847], [-1.096446, 46.1842], [-1.096459, 46.184143], [-1.096464, 46.184055], [-1.096457, 46.18398], [-1.096473, 46.183907], [-1.096513, 46.183735], [-1.096573, 46.18356], [-1.09664, 46.18349], [-1.09674, 46.1834], [-1.096784, 46.183353], [-1.096831, 46.183277], [-1.09686, 46.18319], [-1.096929, 46.18284], [-1.096963, 46.18278], [-1.096963, 46.18278], [-1.097135, 46.18219], [-1.097226, 46.181885], [-1.097291, 46.181606], [-1.097294, 46.181557], [-1.09733, 46.181522], [-1.097387, 46.181522], [-1.097486, 46.18154], [-1.097949, 46.18156], [-1.098368, 46.181564], [-1.098585, 46.18157], [-1.098822, 46.181545], [-1.098975, 46.18153], [-1.099138, 46.18152], [-1.099817, 46.181427], [-1.09998, 46.18142], [-1.100132, 46.181435], [-1.10027, 46.181435], [-1.100551, 46.18146], [-1.100878, 46.18151], [-1.10099, 46.18154], [-1.101114, 46.18156], [-1.1012, 46.181557], [-1.101328, 46.181572], [-1.101513, 46.18158], [-1.101705, 46.181576], [-1.101753, 46.18159], [-1.101781, 46.18161], [-1.10182, 46.18162], [-1.101899, 46.181614], [-1.101953, 46.18162], [-1.102065, 46.181625], [-1.102279, 46.181637], [-1.103009, 46.18168], [-1.103273, 46.181694], [-1.103588, 46.18169], [-1.104005, 46.18167], [-1.104444, 46.181644], [-1.104996, 46.181602], [-1.105569, 46.181557], [-1.106897, 46.18144], [-1.107473, 46.181404], [-1.108285, 46.18138], [-1.109382, 46.18135], [-1.109924, 46.18134], [-1.110506, 46.181328], [-1.111236, 46.181313], [-1.111994, 46.18129], [-1.11348, 46.18124], [-1.1135, 46.181282], [-1.11481, 46.181248], [-1.115938, 46.181232], [-1.116037, 46.181236], [-1.116124, 46.181236], [-1.116168, 46.181213], [-1.116182, 46.18116], [-1.116191, 46.181046], [-1.116233, 46.180977], [-1.116233, 46.180977], [-1.116202, 46.180626], [-1.11622, 46.18018], [-1.116215, 46.179955], [-1.116236, 46.17973], [-1.116291, 46.179222], [-1.116316, 46.178963], [-1.116332, 46.178707], [-1.116361, 46.17836], [-1.116366, 46.178177], [-1.11637, 46.17809], [-1.116382, 46.178013], [-1.116418, 46.177895], [-1.116444, 46.177826], [-1.116503, 46.17778], [-1.116553, 46.17772], [-1.116557, 46.177647], [-1.116541, 46.177593], [-1.116535, 46.177547], [-1.116565, 46.177486], [-1.116653, 46.17741], [-1.11733, 46.17702], [-1.117636, 46.176765], [-1.117675, 46.17674], [-1.117749, 46.176735], [-1.117964, 46.176807], [-1.118669, 46.17699], [-1.119343, 46.17716], [-1.119533, 46.177208], [-1.119877, 46.177296], [-1.120213, 46.177395], [-1.120767, 46.177593], [-1.12091, 46.177654], [-1.120962, 46.177673], [-1.121013, 46.17768], [-1.121064, 46.17768], [-1.12111, 46.17767], [-1.121172, 46.177658], [-1.121243, 46.177666], [-1.121303, 46.177685], [-1.121358, 46.17772], [-1.121688, 46.17804], [-1.12184, 46.17813], [-1.121862, 46.178165], [-1.12187, 46.1782], [-1.12185, 46.17825], [-1.12186, 46.1783], [-1.121887, 46.17834], [-1.121946, 46.17837], [-1.122017, 46.178383], [-1.122115, 46.17841], [-1.122165, 46.178444], [-1.122435, 46.178673], [-1.122651, 46.17886], [-1.12274, 46.17894], [-1.122764, 46.178978], [-1.12278, 46.17902], [-1.122761, 46.1791], [-1.122776, 46.179173], [-1.12281, 46.179226], [-1.122869, 46.17927], [-1.122938, 46.1793], [-1.12308, 46.1793], [-1.123172, 46.17933], [-1.123315, 46.179398], [-1.12362, 46.179638], [-1.124251, 46.180164], [-1.124367, 46.1803], [-1.124474, 46.180447], [-1.124529, 46.180534], [-1.124577, 46.180634], [-1.124608, 46.18084], [-1.124708, 46.180973], [-1.124717, 46.181057], [-1.124707, 46.18114], [-1.124648, 46.1812], [-1.124615, 46.18126], [-1.124612, 46.18134], [-1.124637, 46.181393], [-1.124693, 46.181442], [-1.1248, 46.18148], [-1.124928, 46.181488], [-1.125033, 46.18146], [-1.125105, 46.181404], [-1.12515, 46.18136], [-1.12521, 46.18133], [-1.12535, 46.18131], [-1.12589, 46.18127], [-1.126119, 46.18123], [-1.12634, 46.18116], [-1.12644, 46.18111], [-1.12669, 46.18097], [-1.126898, 46.18082], [-1.12707, 46.1807], [-1.127204, 46.1806], [-1.128242, 46.179844], [-1.128513, 46.179653], [-1.128785, 46.179455], [-1.12946, 46.17895], [-1.129901, 46.178646], [-1.130634, 46.178112], [-1.130737, 46.178062], [-1.130799, 46.178024], [-1.1309, 46.177975], [-1.13117, 46.17771], [-1.1314, 46.17758], [-1.13177, 46.17743], [-1.13204, 46.17735], [-1.13256, 46.17723], [-1.13408, 46.17695], [-1.13421, 46.1769], [-1.13435, 46.17683], [-1.13451, 46.17677], [-1.13456, 46.17678], [-1.13462, 46.17678], [-1.13474, 46.17676], [-1.13481, 46.17669], [-1.13483, 46.17663], [-1.13481, 46.17657], [-1.13475, 46.17652], [-1.13467, 46.1765], [-1.134238, 46.176105], [-1.134238, 46.176105], [-1.13391, 46.17593], [-1.13348, 46.17568], [-1.13327, 46.17561], [-1.13261, 46.17544], [-1.13295, 46.17508], [-1.13304, 46.17501], [-1.13323, 46.17479], [-1.1334, 46.17459], [-1.13395, 46.17394], [-1.13418, 46.17374], [-1.13441, 46.17363], [-1.135183, 46.17342], [-1.135183, 46.17342], [-1.135419, 46.173313], [-1.135591, 46.173256], [-1.135742, 46.173172], [-1.135882, 46.173046], [-1.136004, 46.172897], [-1.136253, 46.172615], [-1.136919, 46.171883], [-1.13723, 46.17158], [-1.13723, 46.17158], [-1.137879, 46.170834], [-1.1382, 46.17049], [-1.138499, 46.170135], [-1.138681, 46.16988], [-1.138805, 46.169636], [-1.138845, 46.169506], [-1.138886, 46.169353], [-1.138886, 46.169353], [-1.13888, 46.16894], [-1.138981, 46.168728], [-1.139101, 46.168518], [-1.139516, 46.168], [-1.139807, 46.167698], [-1.139861, 46.167633], [-1.139929, 46.167587], [-1.140041, 46.16758], [-1.14008, 46.16758], [-1.140145, 46.167572], [-1.14019, 46.16757], [-1.140464, 46.167618], [-1.140988, 46.167797], [-1.141433, 46.167873], [-1.142138, 46.168064], [-1.142848, 46.168255], [-1.143328, 46.16838], [-1.143813, 46.168514], [-1.144411, 46.168705], [-1.144411, 46.168705], [-1.145007, 46.168827], [-1.14521, 46.16889], [-1.14574, 46.16903], [-1.14626, 46.16916], [-1.14652, 46.16925], [-1.146587, 46.16928], [-1.14662, 46.16932], [-1.146656, 46.169357], [-1.14673, 46.16938], [-1.14689, 46.16943], [-1.147069, 46.169476], [-1.147149, 46.16946], [-1.14726, 46.16944], [-1.14744, 46.16948], [-1.14786, 46.1696], [-1.147988, 46.169624], [-1.14821, 46.169613], [-1.148453, 46.169594], [-1.148693, 46.169533], [-1.148997, 46.169434], [-1.148997, 46.169434], [-1.149338, 46.169277], [-1.149492, 46.16921], [-1.149644, 46.169144], [-1.149733, 46.16912], [-1.149793, 46.16912], [-1.149858, 46.16913], [-1.149924, 46.16913], [-1.150019, 46.169136], [-1.150131, 46.169167], [-1.150479, 46.169254], [-1.150696, 46.16933], [-1.15087, 46.16942], [-1.150985, 46.169476], [-1.151078, 46.169544], [-1.151155, 46.169617], [-1.15121, 46.169693], [-1.151249, 46.16977], [-1.151297, 46.16983], [-1.151389, 46.169888], [-1.15155, 46.169926], [-1.151671, 46.169926], [-1.151796, 46.16989], [-1.151923, 46.16982], [-1.151989, 46.169712], [-1.151996, 46.169594], [-1.151981, 46.169483], [-1.151987, 46.16939], [-1.152004, 46.169304], [-1.152053, 46.169174], [-1.152168, 46.16901], [-1.152261, 46.168945], [-1.152261, 46.168945], [-1.152305, 46.168804], [-1.152578, 46.16837], [-1.152798, 46.167934], [-1.152905, 46.167686], [-1.153017, 46.167435], [-1.153133, 46.167194], [-1.153244, 46.167007], [-1.153298, 46.16687], [-1.153313, 46.166718], [-1.153312, 46.166634], [-1.15332, 46.166553], [-1.153339, 46.16645], [-1.153393, 46.16635], [-1.15346, 46.16628], [-1.153769, 46.166023], [-1.153769, 46.166023], [-1.154251, 46.16556], [-1.154318, 46.165516], [-1.154402, 46.16551], [-1.154606, 46.1655], [-1.154741, 46.165485], [-1.154825, 46.165462], [-1.154897, 46.16543], [-1.155018, 46.165375], [-1.155555, 46.16504], [-1.155649, 46.164963], [-1.155676, 46.16487], [-1.155686, 46.16472], [-1.155713, 46.164536], [-1.155331, 46.16329], [-1.1553, 46.16323], [-1.15515, 46.16293], [-1.15512, 46.162857], [-1.155117, 46.162785], [-1.15515, 46.16266], [-1.155179, 46.16255], [-1.155203, 46.16248], [-1.155198, 46.162376], [-1.155142, 46.16231], [-1.155091, 46.162277], [-1.155046, 46.16226], [-1.154997, 46.162243], [-1.15494, 46.162235], [-1.154865, 46.162216], [-1.154643, 46.16223], [-1.154086, 46.162155], [-1.153958, 46.16218]]}}, {"type": "Feature", "properties": {"route_short_name": "15", "route_long_name": "V\u00e9rines <> Place de Verdun", "shape_id": "CA_LA_ROCHELLE:JourneyPattern:15_60134C40B044694960FE7688294AF4D9", "n_points": 731, "n_shape_variants_in_source": 3}, "geometry": {"type": "LineString", "coordinates": [[-0.951025, 46.178307], [-0.950483, 46.17816], [-0.95026, 46.178097], [-0.950207, 46.17808], [-0.950183, 46.17805], [-0.950204, 46.177994], [-0.950461, 46.176964], [-0.950495, 46.176918], [-0.950558, 46.176918], [-0.950647, 46.17697], [-0.951272, 46.177418], [-0.951655, 46.177677], [-0.951835, 46.177795], [-0.952027, 46.1779], [-0.952205, 46.177986], [-0.952416, 46.178043], [-0.952632, 46.1781], [-0.952876, 46.178143], [-0.953329, 46.17821], [-0.953832, 46.178272], [-0.954395, 46.178307], [-0.954576, 46.17835], [-0.954698, 46.178387], [-0.955077, 46.17851], [-0.955246, 46.178574], [-0.95534, 46.178623], [-0.955353, 46.178665], [-0.955424, 46.17868], [-0.955497, 46.17867], [-0.955578, 46.178665], [-0.955719, 46.178684], [-0.955891, 46.178715], [-0.956057, 46.178757], [-0.956169, 46.178795], [-0.956257, 46.178825], [-0.956275, 46.17886], [-0.95638, 46.17886], [-0.956451, 46.178875], [-0.956559, 46.17891], [-0.956935, 46.179047], [-0.957311, 46.17918], [-0.95761, 46.17932], [-0.95788, 46.17946], [-0.95791, 46.17949], [-0.95819, 46.18017], [-0.958188, 46.180305], [-0.95816, 46.180443], [-0.957999, 46.18131], [-0.95795, 46.18153], [-0.95778, 46.18187], [-0.957712, 46.181976], [-0.957628, 46.18208], [-0.957112, 46.182594], [-0.957048, 46.182705], [-0.95701, 46.182796], [-0.957006, 46.182888], [-0.957022, 46.182995], [-0.957065, 46.183098], [-0.957118, 46.183186], [-0.95719, 46.18327], [-0.957341, 46.18342], [-0.957492, 46.183567], [-0.95795, 46.18397], [-0.95825, 46.184265], [-0.95855, 46.18459], [-0.958699, 46.184746], [-0.958859, 46.184883], [-0.95904, 46.18501], [-0.95967, 46.18537], [-0.95993, 46.18552], [-0.96006, 46.18561], [-0.96023, 46.18577], [-0.960327, 46.185905], [-0.96041, 46.186054], [-0.960687, 46.18655], [-0.960789, 46.18673], [-0.96092, 46.186897], [-0.961059, 46.18704], [-0.961178, 46.187195], [-0.961231, 46.187294], [-0.961326, 46.18751], [-0.961419, 46.187725], [-0.961508, 46.187893], [-0.961621, 46.18806], [-0.961867, 46.188377], [-0.962365, 46.188934], [-0.9626, 46.1892], [-0.96326, 46.19012], [-0.963615, 46.190678], [-0.96385, 46.1911], [-0.96411, 46.19158], [-0.96428, 46.19182], [-0.96436, 46.19189], [-0.96463, 46.192], [-0.964901, 46.192135], [-0.965016, 46.19223], [-0.965896, 46.1926], [-0.966323, 46.192806], [-0.96675, 46.19301], [-0.966983, 46.193127], [-0.967057, 46.193165], [-0.967086, 46.1932], [-0.967113, 46.19323], [-0.967176, 46.193256], [-0.967244, 46.193264], [-0.967543, 46.193455], [-0.967743, 46.193577], [-0.967835, 46.19365], [-0.967883, 46.19373], [-0.967883, 46.19373], [-0.968196, 46.193954], [-0.968336, 46.194077], [-0.96849, 46.19419], [-0.9692, 46.1947], [-0.970152, 46.195362], [-0.9703, 46.195457], [-0.970328, 46.195522], [-0.970345, 46.195564], [-0.970387, 46.195587], [-0.970442, 46.195595], [-0.970513, 46.195614], [-0.970667, 46.19569], [-0.97083, 46.19576], [-0.97127, 46.19592], [-0.971955, 46.19622], [-0.97272, 46.1964], [-0.97362, 46.19678], [-0.9759, 46.19778], [-0.97626, 46.19794], [-0.97704, 46.19827], [-0.97782, 46.19856], [-0.97823, 46.19872], [-0.97954, 46.19922], [-0.98047, 46.19955], [-0.98086, 46.19972], [-0.98123, 46.19994], [-0.98196, 46.20046], [-0.98263, 46.20094], [-0.98361, 46.20178], [-0.9852, 46.20315], [-0.98722, 46.20483], [-0.98887, 46.20609], [-0.98896, 46.20617], [-0.9891, 46.2064], [-0.98907, 46.20643], [-0.98905, 46.20651], [-0.9891, 46.20658], [-0.98917, 46.20663], [-0.98927, 46.20666], [-0.98937, 46.20664], [-0.98947, 46.20659], [-0.98949, 46.20657], [-0.98973, 46.20657], [-0.98997, 46.20666], [-0.990627, 46.206993], [-0.990627, 46.206993], [-0.991613, 46.207333], [-0.991705, 46.20736], [-0.99191, 46.20736], [-0.99227, 46.20737], [-0.992447, 46.207386], [-0.992613, 46.207413], [-0.992703, 46.207436], [-0.992791, 46.20747], [-0.99308, 46.20759], [-0.993306, 46.20769], [-0.993782, 46.207886], [-0.99407, 46.208], [-0.994171, 46.208035], [-0.994272, 46.208084], [-0.994326, 46.2081], [-0.994379, 46.208076], [-0.994444, 46.207817], [-0.994515, 46.207558], [-0.994569, 46.20732], [-0.994627, 46.2072], [-0.994692, 46.20708], [-0.995062, 46.206604], [-0.995183, 46.20642], [-0.995664, 46.20563], [-0.995902, 46.20524], [-0.996133, 46.204838], [-0.996426, 46.204353], [-0.996578, 46.204132], [-0.996748, 46.203915], [-0.997236, 46.20332], [-0.99748, 46.20302], [-0.99771, 46.20272], [-0.997979, 46.202282], [-0.998142, 46.20199], [-0.998309, 46.2017], [-0.99854, 46.201294], [-0.998763, 46.20089], [-0.998948, 46.20056], [-0.999156, 46.20025], [-0.99944, 46.19983], [-0.999576, 46.19961], [-0.999705, 46.199394], [-1.000461, 46.19815], [-1.000839, 46.19753], [-1.001028, 46.197216], [-1.001121, 46.197056], [-1.00121, 46.196903], [-1.001259, 46.196754], [-1.001285, 46.196575], [-1.00128, 46.19628], [-1.00133, 46.1961], [-1.00146, 46.19593], [-1.001676, 46.19576], [-1.001918, 46.19559], [-1.002249, 46.195366], [-1.00257, 46.19514], [-1.002666, 46.19507], [-1.002755, 46.194992], [-1.002865, 46.194866], [-1.002951, 46.194744], [-1.003232, 46.194225], [-1.003365, 46.193962], [-1.0035, 46.1937], [-1.003811, 46.193222], [-1.003942, 46.19305], [-1.004188, 46.19271], [-1.00441, 46.1924], [-1.004667, 46.192043], [-1.00495, 46.19165], [-1.005301, 46.19118], [-1.005769, 46.190605], [-1.005912, 46.190426], [-1.005976, 46.190342], [-1.006026, 46.19026], [-1.006069, 46.190174], [-1.006108, 46.190052], [-1.006138, 46.189888], [-1.006147, 46.18971], [-1.006222, 46.18923], [-1.006239, 46.189144], [-1.006275, 46.18906], [-1.006617, 46.18826], [-1.006797, 46.187866], [-1.006893, 46.187637], [-1.006963, 46.187492], [-1.007063, 46.18734], [-1.007344, 46.18701], [-1.007634, 46.186684], [-1.007772, 46.186497], [-1.00783, 46.1864], [-1.007898, 46.186325], [-1.007982, 46.186234], [-1.008082, 46.18608], [-1.008212, 46.185883], [-1.008326, 46.185673], [-1.008449, 46.18546], [-1.008521, 46.18532], [-1.008562, 46.18528], [-1.008626, 46.185287], [-1.008699, 46.18536], [-1.008864, 46.185482], [-1.00904, 46.18559], [-1.009215, 46.185696], [-1.009394, 46.185818], [-1.00968, 46.18593], [-1.010176, 46.186214], [-1.010443, 46.186356], [-1.010733, 46.186527], [-1.011023, 46.186687], [-1.011309, 46.186844], [-1.011561, 46.186966], [-1.012272, 46.1872], [-1.012441, 46.18726], [-1.012529, 46.187305], [-1.012617, 46.187366], [-1.01273, 46.18746], [-1.01273, 46.18746], [-1.0134, 46.1878], [-1.01391, 46.188], [-1.01459, 46.18826], [-1.01471, 46.18833], [-1.01539, 46.18881], [-1.01581, 46.18911], [-1.016208, 46.189358], [-1.016208, 46.189358], [-1.01698, 46.18975], [-1.01736, 46.18998], [-1.01746, 46.19006], [-1.01799, 46.19072], [-1.01827, 46.1912], [-1.01844, 46.1913], [-1.01852, 46.19134], [-1.01945, 46.1916], [-1.019966, 46.191746], [-1.019966, 46.191746], [-1.02034, 46.19182], [-1.02058, 46.1919], [-1.020737, 46.191994], [-1.021014, 46.19216], [-1.02124, 46.19229], [-1.02148, 46.19241], [-1.02204, 46.19263], [-1.02219, 46.19271], [-1.022253, 46.19279], [-1.022262, 46.19287], [-1.022251, 46.193066], [-1.022272, 46.19322], [-1.02233, 46.19343], [-1.022447, 46.19381], [-1.022594, 46.194283], [-1.022594, 46.194283], [-1.022762, 46.19452], [-1.02285, 46.194668], [-1.022939, 46.19481], [-1.023062, 46.194996], [-1.023178, 46.19515], [-1.023284, 46.19528], [-1.023401, 46.195396], [-1.023555, 46.195522], [-1.023739, 46.19564], [-1.024092, 46.195843], [-1.024459, 46.196033], [-1.025027, 46.1963], [-1.025331, 46.196457], [-1.02548, 46.19654], [-1.025621, 46.19663], [-1.025753, 46.19673], [-1.025861, 46.19685], [-1.025908, 46.196926], [-1.025956, 46.197033], [-1.025991, 46.1972], [-1.02602, 46.19737], [-1.026055, 46.19756], [-1.0261, 46.197704], [-1.026171, 46.197834], [-1.026258, 46.197975], [-1.026354, 46.19811], [-1.026555, 46.198345], [-1.026765, 46.198578], [-1.026923, 46.19873], [-1.027076, 46.198868], [-1.027343, 46.199085], [-1.02751, 46.19921], [-1.0277, 46.199352], [-1.027913, 46.19949], [-1.028301, 46.19969], [-1.02875, 46.19991], [-1.029112, 46.20008], [-1.029307, 46.200172], [-1.029496, 46.200283], [-1.02976, 46.20047], [-1.03025, 46.20082], [-1.030469, 46.200966], [-1.030773, 46.201153], [-1.030945, 46.201252], [-1.031113, 46.20134], [-1.031259, 46.201427], [-1.031345, 46.20151], [-1.031369, 46.201576], [-1.03138, 46.20165], [-1.031353, 46.201694], [-1.031277, 46.201744], [-1.031176, 46.201782], [-1.030693, 46.201912], [-1.030397, 46.201977], [-1.02903, 46.20242], [-1.02873, 46.2025], [-1.0285, 46.20254], [-1.028411, 46.202538], [-1.028323, 46.202522], [-1.028254, 46.202484], [-1.028193, 46.202442], [-1.028147, 46.20237], [-1.028097, 46.202316], [-1.028033, 46.20226], [-1.027987, 46.2022], [-1.027946, 46.202114], [-1.02793, 46.20203], [-1.02794, 46.20194], [-1.02805, 46.20174], [-1.0283, 46.20144], [-1.02846, 46.2013], [-1.02868, 46.20114], [-1.028877, 46.20101], [-1.02908, 46.2009], [-1.0293, 46.2008], [-1.02976, 46.20064], [-1.02988, 46.20061], [-1.03004, 46.20057], [-1.03036, 46.200485], [-1.030668, 46.200397], [-1.031349, 46.200245], [-1.03203, 46.200115], [-1.032734, 46.199993], [-1.033341, 46.1999], [-1.033923, 46.19982], [-1.034679, 46.199734], [-1.036182, 46.19961], [-1.037042, 46.199547], [-1.037897, 46.199486], [-1.038931, 46.19935], [-1.039903, 46.199177], [-1.040492, 46.199062], [-1.041079, 46.198925], [-1.041514, 46.19881], [-1.04299, 46.198376], [-1.043736, 46.198154], [-1.044502, 46.19794], [-1.045305, 46.197758], [-1.04566, 46.19768], [-1.045892, 46.197636], [-1.04655, 46.197502], [-1.047153, 46.197433], [-1.047605, 46.197414], [-1.047918, 46.197422], [-1.048267, 46.19745], [-1.04914, 46.19752], [-1.049988, 46.197598], [-1.050372, 46.19763], [-1.050623, 46.197647], [-1.050701, 46.19763], [-1.050763, 46.1976], [-1.050708, 46.197502], [-1.050657, 46.19738], [-1.050634, 46.19727], [-1.050624, 46.197163], [-1.050622, 46.19701], [-1.050657, 46.196873], [-1.050733, 46.19672], [-1.050858, 46.196575], [-1.05103, 46.196426], [-1.051379, 46.19618], [-1.051776, 46.195877], [-1.051991, 46.1957], [-1.052161, 46.19559], [-1.052295, 46.19551], [-1.052448, 46.19545], [-1.052989, 46.195312], [-1.053452, 46.195194], [-1.053452, 46.195194], [-1.053575, 46.195107], [-1.053734, 46.195057], [-1.053878, 46.195045], [-1.054001, 46.195045], [-1.054211, 46.195084], [-1.054452, 46.195126], [-1.054661, 46.19513], [-1.054767, 46.19511], [-1.054878, 46.19509], [-1.054996, 46.195045], [-1.055149, 46.19496], [-1.055557, 46.194637], [-1.056103, 46.19419], [-1.056315, 46.19403], [-1.056526, 46.193855], [-1.056837, 46.1936], [-1.057153, 46.19334], [-1.057477, 46.19308], [-1.057794, 46.192825], [-1.05815, 46.192566], [-1.058379, 46.19237], [-1.058627, 46.19216], [-1.059052, 46.191795], [-1.059501, 46.19143], [-1.059905, 46.19111], [-1.060306, 46.19078], [-1.060779, 46.190414], [-1.060975, 46.190266], [-1.061153, 46.190125], [-1.061592, 46.18976], [-1.062127, 46.18941], [-1.062127, 46.18941], [-1.062238, 46.18924], [-1.062425, 46.189106], [-1.062802, 46.188812], [-1.062797, 46.188744], [-1.062745, 46.1887], [-1.062699, 46.18865], [-1.06266, 46.18859], [-1.06254, 46.188335], [-1.062432, 46.188087], [-1.06234, 46.187897], [-1.062254, 46.187717], [-1.062153, 46.187553], [-1.062057, 46.187393], [-1.061853, 46.187107], [-1.061716, 46.186943], [-1.061572, 46.1868], [-1.061215, 46.186523], [-1.06044, 46.185986], [-1.060372, 46.18589], [-1.060305, 46.18588], [-1.060279, 46.185856], [-1.060264, 46.185825], [-1.060254, 46.185795], [-1.060267, 46.18576], [-1.060286, 46.185722], [-1.060352, 46.18568], [-1.060591, 46.18563], [-1.060964, 46.18554], [-1.061255, 46.185455], [-1.061589, 46.185246], [-1.061933, 46.185024], [-1.062052, 46.18495], [-1.062113, 46.184883], [-1.062186, 46.184765], [-1.062335, 46.1845], [-1.062454, 46.184284], [-1.062501, 46.18424], [-1.062566, 46.18421], [-1.062949, 46.18413], [-1.063248, 46.184067], [-1.063378, 46.18407], [-1.063546, 46.1841], [-1.063657, 46.184147], [-1.06371, 46.18418], [-1.063737, 46.18422], [-1.063805, 46.18425], [-1.063886, 46.184254], [-1.063951, 46.184223], [-1.064046, 46.184223], [-1.064133, 46.184254], [-1.064266, 46.18428], [-1.064531, 46.18434], [-1.06488, 46.184414], [-1.065207, 46.184464], [-1.065494, 46.184525], [-1.065777, 46.18464], [-1.065861, 46.184673], [-1.065916, 46.184692], [-1.066022, 46.184727], [-1.066164, 46.184784], [-1.066885, 46.185158], [-1.06697, 46.18521], [-1.06708, 46.185246], [-1.067433, 46.185425], [-1.067831, 46.185665], [-1.068011, 46.185757], [-1.068187, 46.185863], [-1.068547, 46.186073], [-1.06868, 46.186195], [-1.06868, 46.186195], [-1.06947, 46.18669], [-1.069531, 46.186745], [-1.069583, 46.186817], [-1.069673, 46.18698], [-1.069691, 46.187042], [-1.069707, 46.187103], [-1.069678, 46.187157], [-1.069554, 46.187214], [-1.069347, 46.187305], [-1.069014, 46.187443], [-1.068402, 46.187717], [-1.067846, 46.187958], [-1.067793, 46.18796], [-1.067751, 46.18796], [-1.067718, 46.187984], [-1.067702, 46.18802], [-1.067719, 46.18804], [-1.06775, 46.188057], [-1.067781, 46.18806], [-1.067814, 46.188087], [-1.067843, 46.188126], [-1.068234, 46.188503], [-1.068397, 46.188667], [-1.068397, 46.188667], [-1.06899, 46.18908], [-1.0694, 46.1893], [-1.07016, 46.18965], [-1.07072, 46.18986], [-1.07125, 46.19004], [-1.07174, 46.1902], [-1.0719, 46.19002], [-1.07259, 46.18935], [-1.07327, 46.18874], [-1.07367, 46.18842], [-1.07369, 46.18833], [-1.07413, 46.18802], [-1.07471, 46.18762], [-1.0754, 46.18713], [-1.0768, 46.18614], [-1.07775, 46.1855], [-1.07864, 46.18497], [-1.07983, 46.18434], [-1.08037, 46.18409], [-1.08106, 46.1838], [-1.08161, 46.18359], [-1.08261, 46.18324], [-1.08368, 46.1829], [-1.08583, 46.1823], [-1.08822, 46.18164], [-1.08981, 46.18119], [-1.09197, 46.18056], [-1.09396, 46.17996], [-1.09817, 46.17871], [-1.11601, 46.17339], [-1.11991, 46.17226], [-1.12189, 46.17168], [-1.12312, 46.17129], [-1.124425, 46.17085], [-1.127659, 46.169758], [-1.130011, 46.169], [-1.130011, 46.169], [-1.133491, 46.16786], [-1.133491, 46.16786], [-1.136625, 46.166817], [-1.136625, 46.166817], [-1.13718, 46.16671], [-1.13767, 46.16685], [-1.13795, 46.1669], [-1.13821, 46.16698], [-1.13918, 46.16723], [-1.13926, 46.16725], [-1.13934, 46.16729], [-1.13949, 46.16734], [-1.13981, 46.16743], [-1.13992, 46.16746], [-1.13992, 46.16747], [-1.13992, 46.1675], [-1.13995, 46.16754], [-1.14006, 46.16758], [-1.14014, 46.16758], [-1.14025, 46.16757], [-1.140988, 46.167797], [-1.141433, 46.167873], [-1.142138, 46.168064], [-1.142848, 46.168255], [-1.143328, 46.16838], [-1.143813, 46.168514], [-1.144411, 46.168705], [-1.144411, 46.168705], [-1.145007, 46.168827], [-1.14521, 46.16889], [-1.14574, 46.16903], [-1.14626, 46.16916], [-1.14652, 46.16925], [-1.146587, 46.16928], [-1.14662, 46.16932], [-1.146656, 46.169357], [-1.14673, 46.16938], [-1.14689, 46.16943], [-1.147069, 46.169476], [-1.147149, 46.16946], [-1.14726, 46.16944], [-1.14744, 46.16948], [-1.14786, 46.1696], [-1.147988, 46.169624], [-1.14821, 46.169613], [-1.148453, 46.169594], [-1.148693, 46.169533], [-1.148997, 46.169434], [-1.148997, 46.169434], [-1.149338, 46.169277], [-1.149492, 46.16921], [-1.149644, 46.169144], [-1.149733, 46.16912], [-1.149793, 46.16912], [-1.149858, 46.16913], [-1.149924, 46.16913], [-1.150019, 46.169136], [-1.150131, 46.169167], [-1.150479, 46.169254], [-1.150696, 46.16933], [-1.15087, 46.16942], [-1.150985, 46.169476], [-1.151078, 46.169544], [-1.151155, 46.169617], [-1.15121, 46.169693], [-1.151249, 46.16977], [-1.151297, 46.16983], [-1.151389, 46.169888], [-1.15155, 46.169926], [-1.151671, 46.169926], [-1.151796, 46.16989], [-1.151923, 46.16982], [-1.151989, 46.169712], [-1.151996, 46.169594], [-1.151981, 46.169483], [-1.151987, 46.16939], [-1.152004, 46.169304], [-1.152053, 46.169174], [-1.152168, 46.16901], [-1.152261, 46.168945], [-1.152261, 46.168945], [-1.152305, 46.168804], [-1.152578, 46.16837], [-1.152798, 46.167934], [-1.152905, 46.167686], [-1.153017, 46.167435], [-1.153133, 46.167194], [-1.153244, 46.167007], [-1.153298, 46.16687], [-1.153313, 46.166718], [-1.153312, 46.166634], [-1.15332, 46.166553], [-1.153339, 46.16645], [-1.153393, 46.16635], [-1.15346, 46.16628], [-1.153769, 46.166023], [-1.153769, 46.166023], [-1.154251, 46.16556], [-1.154318, 46.165516], [-1.154402, 46.16551], [-1.154606, 46.1655], [-1.154741, 46.165485], [-1.154825, 46.165462], [-1.154897, 46.16543], [-1.155018, 46.165375], [-1.155555, 46.16504], [-1.155649, 46.164963], [-1.155676, 46.16487], [-1.155686, 46.16472], [-1.155713, 46.164536], [-1.155503, 46.16391], [-1.155426, 46.163593], [-1.155391, 46.163437], [-1.155334, 46.16329], [-1.155306, 46.16322], [-1.15515, 46.16293], [-1.155124, 46.162857], [-1.155123, 46.162785], [-1.15515, 46.16266], [-1.155174, 46.16257], [-1.155203, 46.162487], [-1.155213, 46.16242], [-1.155191, 46.16237], [-1.155136, 46.162304], [-1.155075, 46.162273], [-1.15503, 46.16226], [-1.154985, 46.162243], [-1.154925, 46.162243], [-1.154869, 46.16223], [-1.154671, 46.162228], [-1.15419, 46.16218], [-1.154072, 46.162197]]}}, {"type": "Feature", "properties": {"route_short_name": "16", "route_long_name": "Parc d'Activit\u00e9s P\u00e9rigny <> Dames Blanches", "shape_id": "CA_LA_ROCHELLE:JourneyPattern:16_9843DC226D91CBD512D0E543727B47D7", "n_points": 317, "n_shape_variants_in_source": 2}, "geometry": {"type": "LineString", "coordinates": [[-1.149602, 46.158997], [-1.149763, 46.158916], [-1.149837, 46.15888], [-1.149859, 46.158844], [-1.14983, 46.15879], [-1.1498, 46.15873], [-1.149719, 46.158596], [-1.149671, 46.158546], [-1.14959, 46.15853], [-1.149489, 46.15857], [-1.149341, 46.158596], [-1.14923, 46.15861], [-1.14895, 46.158634], [-1.14867, 46.15864], [-1.148355, 46.158592], [-1.147, 46.15863], [-1.14641, 46.15857], [-1.14595, 46.15846], [-1.145427, 46.158176], [-1.145037, 46.15801], [-1.144587, 46.157776], [-1.144061, 46.157513], [-1.143379, 46.157135], [-1.143234, 46.15706], [-1.142961, 46.156918], [-1.142685, 46.156773], [-1.14222, 46.15653], [-1.141871, 46.156345], [-1.141536, 46.156162], [-1.141177, 46.155968], [-1.140814, 46.15577], [-1.140305, 46.155495], [-1.140217, 46.155445], [-1.140143, 46.155396], [-1.139949, 46.15526], [-1.139783, 46.155117], [-1.139674, 46.155003], [-1.139567, 46.15487], [-1.139485, 46.15475], [-1.139395, 46.154575], [-1.139365, 46.15452], [-1.139308, 46.154316], [-1.139278, 46.154087], [-1.13928, 46.15386], [-1.139289, 46.15365], [-1.13932, 46.153275], [-1.139491, 46.152657], [-1.139491, 46.152657], [-1.139495, 46.15249], [-1.139511, 46.152416], [-1.139531, 46.15236], [-1.139592, 46.152344], [-1.13965, 46.15232], [-1.139729, 46.15229], [-1.139776, 46.152252], [-1.139816, 46.152203], [-1.139836, 46.15213], [-1.139837, 46.152058], [-1.139812, 46.151997], [-1.139771, 46.15194], [-1.139698, 46.15188], [-1.139604, 46.15185], [-1.139503, 46.15183], [-1.139411, 46.15183], [-1.13932, 46.151855], [-1.139238, 46.151882], [-1.139154, 46.1519], [-1.139028, 46.1519], [-1.138884, 46.15187], [-1.138551, 46.151802], [-1.138229, 46.151737], [-1.138055, 46.151714], [-1.137888, 46.151726], [-1.137766, 46.15175], [-1.137648, 46.151783], [-1.137496, 46.15185], [-1.137382, 46.151928], [-1.137294, 46.15202], [-1.137222, 46.15216], [-1.137174, 46.152298], [-1.137042, 46.15261], [-1.136926, 46.152927], [-1.13658, 46.153873], [-1.136519, 46.154022], [-1.136445, 46.154175], [-1.13634, 46.15435], [-1.136052, 46.15471], [-1.135861, 46.15491], [-1.135637, 46.155067], [-1.135417, 46.155228], [-1.135235, 46.155334], [-1.134961, 46.155476], [-1.134672, 46.155563], [-1.134424, 46.155693], [-1.134113, 46.155792], [-1.133737, 46.15588], [-1.133366, 46.155937], [-1.132984, 46.155975], [-1.132803, 46.15599], [-1.1322, 46.156036], [-1.13102, 46.156143], [-1.130659, 46.156166], [-1.130052, 46.15621], [-1.129859, 46.156258], [-1.12819, 46.156406], [-1.126901, 46.15652], [-1.126399, 46.15656], [-1.12618, 46.156574], [-1.126062, 46.15657], [-1.125944, 46.156574], [-1.125944, 46.156574], [-1.125756, 46.156612], [-1.124436, 46.156734], [-1.123587, 46.1568], [-1.123174, 46.156815], [-1.122762, 46.156822], [-1.12224, 46.15682], [-1.122083, 46.15678], [-1.121905, 46.15676], [-1.121714, 46.15678], [-1.121588, 46.15678], [-1.121468, 46.156773], [-1.12118, 46.15675], [-1.12065, 46.15669], [-1.119933, 46.15655], [-1.119933, 46.15655], [-1.11944, 46.15644], [-1.119155, 46.156345], [-1.118891, 46.15623], [-1.118629, 46.1561], [-1.118418, 46.15596], [-1.118227, 46.15581], [-1.118049, 46.155647], [-1.11789, 46.15548], [-1.11761, 46.15516], [-1.117366, 46.154873], [-1.117124, 46.154587], [-1.11695, 46.15439], [-1.116767, 46.154194], [-1.116568, 46.15399], [-1.116493, 46.153915], [-1.116418, 46.153828], [-1.11633, 46.15366], [-1.11633, 46.15366], [-1.116082, 46.15341], [-1.115903, 46.1532], [-1.115768, 46.153088], [-1.115642, 46.15301], [-1.115588, 46.15297], [-1.115561, 46.152912], [-1.115531, 46.15284], [-1.115534, 46.15276], [-1.11551, 46.15268], [-1.115433, 46.152596], [-1.11532, 46.152523], [-1.115197, 46.15249], [-1.115038, 46.152473], [-1.114902, 46.152496], [-1.114769, 46.152554], [-1.114685, 46.15262], [-1.114626, 46.152702], [-1.11461, 46.15277], [-1.11459, 46.15285], [-1.114521, 46.152935], [-1.114441, 46.152996], [-1.114334, 46.153057], [-1.114236, 46.15309], [-1.11411, 46.15313], [-1.113888, 46.1532], [-1.113548, 46.1533], [-1.113407, 46.153347], [-1.113214, 46.1534], [-1.113092, 46.153423], [-1.112971, 46.153427], [-1.112866, 46.15341], [-1.112767, 46.15337], [-1.1126, 46.15325], [-1.112503, 46.15318], [-1.112379, 46.153114], [-1.112184, 46.153057], [-1.11201, 46.153034], [-1.1118, 46.153038], [-1.111618, 46.153065], [-1.111466, 46.153107], [-1.111339, 46.153156], [-1.1112, 46.153236], [-1.111092, 46.153328], [-1.111007, 46.153427], [-1.110951, 46.153526], [-1.110916, 46.153625], [-1.110906, 46.153717], [-1.110913, 46.153824], [-1.110931, 46.15391], [-1.110999, 46.154034], [-1.11107, 46.15412], [-1.111167, 46.154205], [-1.111262, 46.15427], [-1.11132, 46.15434], [-1.111355, 46.154427], [-1.111351, 46.154526], [-1.111309, 46.154613], [-1.11125, 46.15466], [-1.110857, 46.154922], [-1.11044, 46.15518], [-1.10981, 46.1556], [-1.10918, 46.15597], [-1.10918, 46.15597], [-1.1089, 46.1562], [-1.1088, 46.15624], [-1.108673, 46.156265], [-1.108579, 46.15632], [-1.108557, 46.15639], [-1.108567, 46.15648], [-1.108622, 46.156525], [-1.108698, 46.156567], [-1.108803, 46.156586], [-1.108941, 46.156597], [-1.109077, 46.156654], [-1.1092, 46.15672], [-1.10934, 46.15683], [-1.109388, 46.15688], [-1.10941, 46.156975], [-1.109387, 46.157047], [-1.109311, 46.15718], [-1.10927, 46.15729], [-1.109258, 46.157433], [-1.109288, 46.157547], [-1.109349, 46.157646], [-1.109426, 46.15773], [-1.109549, 46.157864], [-1.110209, 46.158375], [-1.110879, 46.15887], [-1.111371, 46.15924], [-1.111865, 46.159595], [-1.112252, 46.15993], [-1.112252, 46.15993], [-1.112426, 46.16002], [-1.112427, 46.160076], [-1.112368, 46.160133], [-1.112273, 46.160194], [-1.111674, 46.160587], [-1.111573, 46.160633], [-1.11147, 46.160664], [-1.111277, 46.160694], [-1.111163, 46.16072], [-1.111072, 46.16077], [-1.110991, 46.160824], [-1.109338, 46.1619], [-1.109275, 46.16193], [-1.109207, 46.161922], [-1.109096, 46.161835], [-1.108972, 46.161705], [-1.108872, 46.161625], [-1.108803, 46.16161], [-1.108722, 46.161633], [-1.108594, 46.161716], [-1.108383, 46.1618], [-1.107895, 46.16217], [-1.107728, 46.162277], [-1.107479, 46.162384], [-1.107388, 46.162415], [-1.10735, 46.16246], [-1.1073, 46.16252], [-1.107103, 46.16288], [-1.106901, 46.16326], [-1.10686, 46.16334], [-1.106795, 46.16338], [-1.10669, 46.163364], [-1.106578, 46.163372], [-1.106502, 46.16341], [-1.106425, 46.163456], [-1.106344, 46.1635], [-1.106111, 46.163643], [-1.1058, 46.163765], [-1.1058, 46.163765], [-1.104873, 46.164326], [-1.104177, 46.164684], [-1.103514, 46.165005], [-1.102856, 46.165348], [-1.102779, 46.165382], [-1.10274, 46.16539], [-1.102685, 46.165398], [-1.102615, 46.16538], [-1.102521, 46.16529], [-1.101905, 46.164677], [-1.101477, 46.16431], [-1.10109, 46.16387], [-1.100871, 46.163544], [-1.100673, 46.16316], [-1.100488, 46.16277], [-1.100295, 46.162376], [-1.100222, 46.16219], [-1.100222, 46.16219], [-1.099953, 46.16166], [-1.099832, 46.16139], [-1.099708, 46.161114], [-1.099683, 46.16102], [-1.099642, 46.16097], [-1.099609, 46.160923], [-1.09955, 46.160904], [-1.098763, 46.16106], [-1.09769, 46.16126], [-1.096202, 46.16148], [-1.096202, 46.16148], [-1.095381, 46.161663], [-1.094399, 46.161835], [-1.094211, 46.161873], [-1.094046, 46.161884], [-1.093941, 46.16188], [-1.093854, 46.161854], [-1.09376, 46.16184], [-1.093666, 46.161842], [-1.093583, 46.161877], [-1.093528, 46.16192], [-1.093475, 46.161972], [-1.093399, 46.16201], [-1.093011, 46.16205]]}}, {"type": "Feature", "properties": {"route_short_name": "17", "route_long_name": "Saint-Christophe <> Gare La Rochelle", "shape_id": "CA_LA_ROCHELLE:JourneyPattern:17_63A86D06E75B454E0925F8D5344508BB", "n_points": 809, "n_shape_variants_in_source": 4}, "geometry": {"type": "LineString", "coordinates": [[-1.146658, 46.153763], [-1.147178, 46.152676], [-1.146962, 46.152794], [-1.14672, 46.152943], [-1.146411, 46.15313], [-1.146235, 46.15325], [-1.146183, 46.153316], [-1.146207, 46.153366], [-1.146289, 46.153427], [-1.146392, 46.153507], [-1.146533, 46.153625], [-1.146658, 46.153763], [-1.14689, 46.153908], [-1.147025, 46.15402], [-1.14717, 46.15415], [-1.147639, 46.15452], [-1.14832, 46.15506], [-1.14871, 46.15539], [-1.149186, 46.155792], [-1.149326, 46.155884], [-1.149332, 46.155876], [-1.149384, 46.155926], [-1.149408, 46.155987], [-1.149567, 46.15642], [-1.149706, 46.15673], [-1.149921, 46.157036], [-1.150213, 46.157482], [-1.150424, 46.15779], [-1.150495, 46.15789], [-1.150542, 46.157955], [-1.150562, 46.158024], [-1.150536, 46.158066], [-1.15048, 46.1581], [-1.150357, 46.15816], [-1.14996, 46.15835], [-1.149666, 46.158436], [-1.149666, 46.158436], [-1.149553, 46.15855], [-1.149456, 46.15858], [-1.14936, 46.1586], [-1.149211, 46.158623], [-1.149029, 46.158634], [-1.14773, 46.15864], [-1.147, 46.15863], [-1.146702, 46.158607], [-1.14641, 46.15857], [-1.146169, 46.15852], [-1.14595, 46.15846], [-1.145427, 46.158176], [-1.145037, 46.15801], [-1.144587, 46.157776], [-1.144061, 46.157513], [-1.143379, 46.157135], [-1.143234, 46.15706], [-1.142961, 46.156918], [-1.142685, 46.156773], [-1.14222, 46.15653], [-1.141871, 46.156345], [-1.141536, 46.156162], [-1.141177, 46.155968], [-1.140814, 46.15577], [-1.140305, 46.155495], [-1.140217, 46.155445], [-1.140143, 46.155396], [-1.139949, 46.15526], [-1.139783, 46.155117], [-1.139674, 46.155003], [-1.139567, 46.15487], [-1.139485, 46.15475], [-1.139395, 46.154575], [-1.139365, 46.15452], [-1.139308, 46.154316], [-1.139278, 46.154087], [-1.13928, 46.15386], [-1.139289, 46.15365], [-1.13932, 46.153275], [-1.139491, 46.152657], [-1.139491, 46.152657], [-1.139495, 46.15249], [-1.139511, 46.152416], [-1.139531, 46.15236], [-1.139592, 46.152344], [-1.13965, 46.15232], [-1.139729, 46.15229], [-1.139776, 46.152252], [-1.139816, 46.152203], [-1.139836, 46.15213], [-1.139837, 46.152058], [-1.139812, 46.151997], [-1.139771, 46.15194], [-1.139698, 46.15188], [-1.139604, 46.15185], [-1.139503, 46.15183], [-1.139411, 46.15183], [-1.13932, 46.151855], [-1.139238, 46.151882], [-1.139154, 46.1519], [-1.139028, 46.1519], [-1.138884, 46.15187], [-1.138551, 46.151802], [-1.138229, 46.151737], [-1.138055, 46.151714], [-1.137888, 46.151726], [-1.137766, 46.15175], [-1.137648, 46.151783], [-1.137496, 46.15185], [-1.137382, 46.151928], [-1.137294, 46.15202], [-1.137222, 46.15216], [-1.137174, 46.152298], [-1.137042, 46.15261], [-1.136926, 46.152927], [-1.13658, 46.153873], [-1.136519, 46.154022], [-1.136445, 46.154175], [-1.13634, 46.15435], [-1.136052, 46.15471], [-1.135861, 46.15491], [-1.135637, 46.155067], [-1.135417, 46.155228], [-1.135235, 46.155334], [-1.134961, 46.155476], [-1.134672, 46.155563], [-1.134424, 46.155693], [-1.134113, 46.155792], [-1.133737, 46.15588], [-1.133366, 46.155937], [-1.132984, 46.155975], [-1.132803, 46.15599], [-1.1322, 46.156036], [-1.13102, 46.156143], [-1.130659, 46.156166], [-1.130052, 46.15621], [-1.129859, 46.156258], [-1.12819, 46.156406], [-1.126901, 46.15652], [-1.126399, 46.15656], [-1.12618, 46.156574], [-1.126062, 46.15657], [-1.125944, 46.156574], [-1.125944, 46.156574], [-1.125756, 46.156612], [-1.124436, 46.156734], [-1.123587, 46.1568], [-1.123174, 46.156815], [-1.122762, 46.156822], [-1.12224, 46.15682], [-1.122083, 46.15678], [-1.121905, 46.15676], [-1.121714, 46.15678], [-1.121588, 46.15678], [-1.121468, 46.156773], [-1.12118, 46.15675], [-1.12065, 46.15669], [-1.119933, 46.15655], [-1.119933, 46.15655], [-1.11944, 46.15644], [-1.119155, 46.156345], [-1.118891, 46.15623], [-1.118629, 46.1561], [-1.118418, 46.15596], [-1.118227, 46.15581], [-1.118049, 46.155647], [-1.11789, 46.15548], [-1.11761, 46.15516], [-1.117366, 46.154873], [-1.117124, 46.154587], [-1.11695, 46.15439], [-1.116767, 46.154194], [-1.116568, 46.15399], [-1.116493, 46.153915], [-1.116418, 46.153828], [-1.11633, 46.15366], [-1.11633, 46.15366], [-1.116082, 46.15341], [-1.115903, 46.1532], [-1.115768, 46.153088], [-1.115642, 46.15301], [-1.115588, 46.15297], [-1.115561, 46.152912], [-1.115531, 46.15284], [-1.115534, 46.15276], [-1.11551, 46.15268], [-1.115433, 46.152596], [-1.11532, 46.152523], [-1.115197, 46.15249], [-1.115038, 46.152473], [-1.114902, 46.152496], [-1.114769, 46.152554], [-1.114685, 46.15262], [-1.114626, 46.152702], [-1.11461, 46.15277], [-1.11459, 46.15285], [-1.114521, 46.152935], [-1.114441, 46.152996], [-1.114334, 46.153057], [-1.114236, 46.15309], [-1.11411, 46.15313], [-1.113888, 46.1532], [-1.113548, 46.1533], [-1.113407, 46.153347], [-1.113214, 46.1534], [-1.113092, 46.153423], [-1.112971, 46.153427], [-1.112866, 46.15341], [-1.112767, 46.15337], [-1.1126, 46.15325], [-1.112503, 46.15318], [-1.112379, 46.153114], [-1.112184, 46.153057], [-1.11201, 46.153034], [-1.1118, 46.153038], [-1.111618, 46.153065], [-1.111466, 46.153107], [-1.111339, 46.153156], [-1.1112, 46.153236], [-1.111092, 46.153328], [-1.111007, 46.153427], [-1.110951, 46.153526], [-1.110916, 46.153625], [-1.110906, 46.153717], [-1.110913, 46.153824], [-1.110931, 46.15391], [-1.110999, 46.154034], [-1.11107, 46.15412], [-1.111167, 46.154205], [-1.111262, 46.15427], [-1.11132, 46.15434], [-1.111355, 46.154427], [-1.111351, 46.154526], [-1.111309, 46.154613], [-1.11125, 46.15466], [-1.110857, 46.154922], [-1.11044, 46.15518], [-1.10981, 46.1556], [-1.10918, 46.15597], [-1.10918, 46.15597], [-1.10885, 46.15625], [-1.1088, 46.15624], [-1.10868, 46.15625], [-1.10859, 46.15629], [-1.10854, 46.15638], [-1.10854, 46.15642], [-1.10854, 46.15645], [-1.10842, 46.15652], [-1.10508, 46.15869], [-1.10464, 46.15896], [-1.1035, 46.15956], [-1.10308, 46.15974], [-1.1028, 46.15983], [-1.10268, 46.15981], [-1.10256, 46.15983], [-1.10248, 46.15991], [-1.10247, 46.15995], [-1.10229, 46.16004], [-1.10206, 46.16013], [-1.10159, 46.1603], [-1.10101, 46.1605], [-1.10007, 46.16078], [-1.09877, 46.16107], [-1.096202, 46.16148], [-1.096202, 46.16148], [-1.095381, 46.161663], [-1.094399, 46.161835], [-1.094211, 46.161873], [-1.094046, 46.161884], [-1.093941, 46.16188], [-1.093854, 46.161854], [-1.09376, 46.16184], [-1.093666, 46.161842], [-1.093583, 46.161877], [-1.093528, 46.16192], [-1.093475, 46.161972], [-1.093399, 46.16201], [-1.093011, 46.16205], [-1.093011, 46.16205], [-1.091962, 46.16227], [-1.090919, 46.162453], [-1.090464, 46.162525], [-1.09022, 46.162544], [-1.09001, 46.16255], [-1.089914, 46.162548], [-1.08982, 46.16253], [-1.089749, 46.162502], [-1.089685, 46.16246], [-1.089637, 46.16242], [-1.089567, 46.162384], [-1.089444, 46.162354], [-1.089313, 46.162342], [-1.089188, 46.162357], [-1.089097, 46.16239], [-1.088999, 46.162445], [-1.08888, 46.16248], [-1.088771, 46.162495], [-1.08861, 46.162483], [-1.088266, 46.16244], [-1.087766, 46.16238], [-1.087526, 46.162346], [-1.087308, 46.1623], [-1.087081, 46.162247], [-1.086859, 46.16218], [-1.085495, 46.16174], [-1.084147, 46.161297], [-1.08332, 46.161022], [-1.082505, 46.160755], [-1.080434, 46.160065], [-1.080135, 46.159954], [-1.079825, 46.15982], [-1.07782, 46.158894], [-1.076814, 46.158436], [-1.075808, 46.157974], [-1.074858, 46.157536], [-1.07392, 46.15711], [-1.072885, 46.156567], [-1.072816, 46.156517], [-1.072779, 46.156467], [-1.072742, 46.156387], [-1.072696, 46.15632], [-1.072622, 46.15625], [-1.07253, 46.15621], [-1.072419, 46.156193], [-1.07231, 46.15618], [-1.07219, 46.15619], [-1.07211, 46.15621], [-1.072, 46.15626], [-1.0719, 46.15636], [-1.07187, 46.15648], [-1.07189, 46.15654], [-1.07195, 46.15664], [-1.072, 46.156704], [-1.07209, 46.15676], [-1.072202, 46.156815], [-1.07225, 46.156895], [-1.072256, 46.156967], [-1.072262, 46.157116], [-1.072249, 46.157562], [-1.072225, 46.158066], [-1.072204, 46.158455], [-1.072152, 46.158722], [-1.072105, 46.158875], [-1.072053, 46.159008], [-1.071974, 46.15916], [-1.071871, 46.15931], [-1.07178, 46.15943], [-1.07165, 46.15957], [-1.071465, 46.159737], [-1.07127, 46.159885], [-1.071024, 46.16004], [-1.070826, 46.160168], [-1.070565, 46.160347], [-1.070348, 46.160534], [-1.0702, 46.160675], [-1.070101, 46.160797], [-1.06996, 46.16102], [-1.06982, 46.16129], [-1.06958, 46.16181], [-1.06923, 46.16247], [-1.06843, 46.16405], [-1.068358, 46.16422], [-1.068277, 46.16441], [-1.06804, 46.16507], [-1.067852, 46.1656], [-1.067675, 46.166122], [-1.067413, 46.166965], [-1.06717, 46.16781], [-1.066939, 46.168476], [-1.066721, 46.16912], [-1.066579, 46.169518], [-1.066397, 46.170048], [-1.06623, 46.17046], [-1.065981, 46.170925], [-1.065494, 46.17165], [-1.065192, 46.172092], [-1.064912, 46.17253], [-1.064711, 46.172894], [-1.064608, 46.173115], [-1.064512, 46.17332], [-1.064439, 46.173534], [-1.064428, 46.173725], [-1.064448, 46.173897], [-1.064503, 46.17405], [-1.064603, 46.174202], [-1.064633, 46.174263], [-1.064641, 46.174297], [-1.064671, 46.17433], [-1.064705, 46.174427], [-1.064825, 46.17447], [-1.064875, 46.17452], [-1.064911, 46.174587], [-1.064913, 46.1747], [-1.064905, 46.174793], [-1.064929, 46.174862], [-1.064988, 46.17492], [-1.065065, 46.17496], [-1.06513, 46.17501], [-1.065168, 46.1751], [-1.065213, 46.175182], [-1.06535, 46.1754], [-1.06534, 46.17556], [-1.065287, 46.17566], [-1.065173, 46.175743], [-1.064555, 46.176186], [-1.064336, 46.17629], [-1.064176, 46.176346], [-1.064013, 46.176373], [-1.06293, 46.17649], [-1.062633, 46.17653], [-1.062352, 46.176575], [-1.061693, 46.176697], [-1.06104, 46.176815], [-1.060402, 46.176914], [-1.05909, 46.177124], [-1.058427, 46.177235], [-1.057765, 46.177345], [-1.05737, 46.177425], [-1.056604, 46.17761], [-1.05584, 46.177795], [-1.055057, 46.178], [-1.054766, 46.17808], [-1.054255, 46.178238], [-1.05376, 46.17838], [-1.053071, 46.17856], [-1.052588, 46.178677], [-1.05215, 46.17877], [-1.051667, 46.178852], [-1.051182, 46.178925], [-1.050671, 46.179024], [-1.050407, 46.179085], [-1.050157, 46.179157], [-1.049339, 46.179398], [-1.049245, 46.179424], [-1.049188, 46.17944], [-1.049097, 46.179436], [-1.048972, 46.179394], [-1.048878, 46.179356], [-1.048608, 46.179176], [-1.048608, 46.179176], [-1.04781, 46.17878], [-1.047355, 46.17855], [-1.046907, 46.178314], [-1.046122, 46.17794], [-1.045333, 46.17756], [-1.044551, 46.17715], [-1.044149, 46.17694], [-1.043738, 46.176754], [-1.043013, 46.17651], [-1.042283, 46.17627], [-1.041478, 46.17603], [-1.04068, 46.1758], [-1.040111, 46.175674], [-1.039571, 46.17557], [-1.039409, 46.175533], [-1.03913, 46.17546], [-1.03859, 46.17528], [-1.03836, 46.1752], [-1.037803, 46.174973], [-1.037227, 46.174747], [-1.037004, 46.174664], [-1.036519, 46.17453], [-1.035838, 46.1743], [-1.035838, 46.1743], [-1.035359, 46.174168], [-1.034914, 46.173992], [-1.034559, 46.17386], [-1.034201, 46.173744], [-1.033116, 46.173405], [-1.032043, 46.17305], [-1.031498, 46.172897], [-1.030951, 46.172752], [-1.029913, 46.172516], [-1.029528, 46.172424], [-1.02896, 46.172268], [-1.0284, 46.1721], [-1.02806, 46.171997], [-1.02755, 46.17184], [-1.02631, 46.171455], [-1.02507, 46.17108], [-1.024556, 46.170933], [-1.024389, 46.170864], [-1.024217, 46.17081], [-1.024069, 46.170784], [-1.023747, 46.170708], [-1.023447, 46.17064], [-1.022983, 46.170517], [-1.022983, 46.170517], [-1.02252, 46.170467], [-1.02233, 46.17044], [-1.022264, 46.17042], [-1.022235, 46.170387], [-1.022268, 46.17035], [-1.022346, 46.17026], [-1.022419, 46.170155], [-1.022832, 46.169613], [-1.022981, 46.1694], [-1.02301, 46.169342], [-1.023101, 46.169228], [-1.023146, 46.169178], [-1.023261, 46.169037], [-1.023388, 46.16889], [-1.023535, 46.16875], [-1.02378, 46.168526], [-1.02396, 46.16831], [-1.024154, 46.16808], [-1.024192, 46.168007], [-1.024299, 46.167866], [-1.024353, 46.167824], [-1.024529, 46.16761], [-1.024687, 46.167397], [-1.025028, 46.16692], [-1.025214, 46.16668], [-1.025306, 46.16656], [-1.025375, 46.166515], [-1.025428, 46.166462], [-1.02562, 46.16624], [-1.025699, 46.166138], [-1.025721, 46.16609], [-1.025843, 46.16594], [-1.025921, 46.1659], [-1.026224, 46.165558], [-1.026256, 46.165504], [-1.026583, 46.16516], [-1.026667, 46.165096], [-1.027102, 46.16467], [-1.027186, 46.164604], [-1.027232, 46.164562], [-1.027219, 46.164497], [-1.026969, 46.164387], [-1.026602, 46.16424], [-1.02625, 46.16407], [-1.025957, 46.163902], [-1.025701, 46.16373], [-1.025149, 46.163334], [-1.024933, 46.16318], [-1.024713, 46.163067], [-1.024474, 46.162952], [-1.024225, 46.162853], [-1.023943, 46.162758], [-1.023658, 46.16267], [-1.023085, 46.162495], [-1.022738, 46.16238], [-1.022406, 46.162273], [-1.022094, 46.162163], [-1.021794, 46.162018], [-1.020899, 46.161762], [-1.020607, 46.161655], [-1.020465, 46.1616], [-1.020337, 46.161533], [-1.02019, 46.161453], [-1.020055, 46.161373], [-1.019463, 46.16095], [-1.019158, 46.160732], [-1.018853, 46.16053], [-1.018608, 46.160374], [-1.018371, 46.160225], [-1.017877, 46.159935], [-1.017402, 46.159637], [-1.017196, 46.1595], [-1.016993, 46.15936], [-1.016657, 46.159107], [-1.016488, 46.158985], [-1.01633, 46.15886], [-1.016223, 46.158764], [-1.016129, 46.15867], [-1.015932, 46.158436], [-1.015744, 46.1582], [-1.015447, 46.157833], [-1.015121, 46.157448], [-1.014955, 46.157303], [-1.01469, 46.15713], [-1.01426, 46.1569], [-1.014025, 46.15675], [-1.013827, 46.15662], [-1.013643, 46.15649], [-1.013517, 46.15638], [-1.013417, 46.15627], [-1.013341, 46.156166], [-1.013281, 46.15607], [-1.013245, 46.156017], [-1.013185, 46.155964], [-1.0131, 46.155922], [-1.012969, 46.155827], [-1.012757, 46.15583], [-1.012398, 46.15575], [-1.012315, 46.155724], [-1.012249, 46.15569], [-1.011978, 46.155617], [-1.011903, 46.15561], [-1.01174, 46.155556], [-1.011599, 46.1555], [-1.011258, 46.155403], [-1.011173, 46.155403], [-1.010877, 46.155315], [-1.010757, 46.15526], [-1.010459, 46.155163], [-1.010167, 46.155087], [-1.009965, 46.15503], [-1.009735, 46.15498], [-1.00947, 46.154938], [-1.009263, 46.15489], [-1.009138, 46.15485], [-1.009015, 46.154774], [-1.008834, 46.154648], [-1.008653, 46.154533], [-1.008523, 46.15445], [-1.008443, 46.154404], [-1.00835, 46.154377], [-1.008243, 46.154366], [-1.007674, 46.15436], [-1.007519, 46.154346], [-1.007368, 46.154346], [-1.007278, 46.15436], [-1.007112, 46.15438], [-1.00575, 46.1544], [-1.00467, 46.154415], [-1.004389, 46.15444], [-1.004107, 46.154495], [-1.00373, 46.15459], [-1.002955, 46.15481], [-1.002175, 46.155033], [-1.001686, 46.155167], [-1.00121, 46.15528], [-1.000737, 46.15538], [-1.000189, 46.15548], [-0.99913, 46.15568], [-0.99856, 46.15575], [-0.997305, 46.155876], [-0.997068, 46.155895], [-0.996711, 46.155937], [-0.99637, 46.15598], [-0.996084, 46.156025], [-0.99459, 46.15638], [-0.99349, 46.15665], [-0.992931, 46.156784], [-0.99237, 46.1569], [-0.99213, 46.15694], [-0.9918, 46.15697], [-0.99137, 46.15696], [-0.990711, 46.1569], [-0.990529, 46.15689], [-0.990373, 46.156883], [-0.990041, 46.156887], [-0.98977, 46.15691], [-0.98937, 46.15695], [-0.98889, 46.157], [-0.988761, 46.157], [-0.98863, 46.15699], [-0.98849, 46.156956], [-0.988353, 46.15691], [-0.988231, 46.156864], [-0.988147, 46.156815], [-0.988053, 46.15675], [-0.987914, 46.156605], [-0.987773, 46.156467], [-0.98766, 46.15637], [-0.98756, 46.15631], [-0.987466, 46.156273], [-0.98739, 46.15626], [-0.98732, 46.15627], [-0.987011, 46.1563], [-0.987011, 46.1563], [-0.986283, 46.15655], [-0.985872, 46.156654], [-0.985499, 46.156742], [-0.985194, 46.156815], [-0.984994, 46.15687], [-0.984777, 46.15695], [-0.984554, 46.157047], [-0.984303, 46.157158], [-0.983949, 46.15734], [-0.98342, 46.157627], [-0.98292, 46.15792], [-0.98211, 46.15832], [-0.98173, 46.15852], [-0.98145, 46.1587], [-0.981211, 46.15887], [-0.980997, 46.15904], [-0.980849, 46.15915], [-0.980696, 46.15921], [-0.980507, 46.159256], [-0.980355, 46.159275], [-0.980185, 46.15927], [-0.979936, 46.159214], [-0.979378, 46.15907], [-0.979077, 46.158997], [-0.978779, 46.158943], [-0.978348, 46.158894], [-0.977938, 46.15884], [-0.977155, 46.158756], [-0.976377, 46.158634], [-0.976138, 46.158638], [-0.975993, 46.158627], [-0.97585, 46.158623], [-0.975465, 46.158634], [-0.975367, 46.158653], [-0.975087, 46.15866], [-0.9749, 46.158665], [-0.974655, 46.158672], [-0.97442, 46.15867], [-0.97401, 46.15863], [-0.973551, 46.158573], [-0.973321, 46.158535], [-0.97309, 46.158512], [-0.9728, 46.158497], [-0.972525, 46.15848], [-0.971916, 46.15846], [-0.971543, 46.15843], [-0.971189, 46.1584], [-0.970952, 46.15835], [-0.96973, 46.15829], [-0.969508, 46.158268], [-0.969295, 46.15823], [-0.969075, 46.158188], [-0.968861, 46.15815], [-0.968224, 46.15805], [-0.96761, 46.15795], [-0.966991, 46.157833], [-0.966382, 46.15772], [-0.965367, 46.157528], [-0.964351, 46.157333], [-0.96341, 46.157116], [-0.9628, 46.156963], [-0.962371, 46.15686], [-0.962036, 46.15678], [-0.9617, 46.15671], [-0.961215, 46.156612], [-0.96073, 46.156525], [-0.960321, 46.156445], [-0.960073, 46.15638], [-0.959875, 46.15632], [-0.95978, 46.156277], [-0.959701, 46.156235], [-0.959609, 46.15617], [-0.959494, 46.156048], [-0.95939, 46.155914], [-0.959133, 46.155514], [-0.959045, 46.155396], [-0.958956, 46.155304], [-0.958892, 46.15525], [-0.958815, 46.155197], [-0.958704, 46.155144], [-0.958598, 46.155106], [-0.957086, 46.15469], [-0.956475, 46.154526], [-0.956127, 46.154423], [-0.955876, 46.154343], [-0.955528, 46.15422], [-0.955187, 46.15409], [-0.954955, 46.154], [-0.954655, 46.15387], [-0.954402, 46.15375], [-0.953673, 46.15338], [-0.953063, 46.15306], [-0.952775, 46.152905], [-0.952473, 46.15276], [-0.952235, 46.15266], [-0.952, 46.15256], [-0.950017, 46.151833], [-0.949846, 46.151764], [-0.949769, 46.151722], [-0.949785, 46.151653], [-0.949803, 46.151543], [-0.949843, 46.15122], [-0.94992, 46.150578], [-0.950074, 46.14921], [-0.950127, 46.14887], [-0.95015, 46.14853], [-0.950186, 46.14819], [-0.950221, 46.147846], [-0.950238, 46.147705], [-0.95025, 46.147415], [-0.950253, 46.147125], [-0.950239, 46.146873], [-0.95022, 46.146683], [-0.950199, 46.146484], [-0.950178, 46.146355], [-0.950139, 46.14626], [-0.950095, 46.14617], [-0.950015, 46.146065], [-0.949925, 46.145985], [-0.949844, 46.14591], [-0.949764, 46.145866], [-0.949587, 46.1458], [-0.949429, 46.145756], [-0.949243, 46.145725], [-0.948296, 46.145596], [-0.9478, 46.14552], [-0.947342, 46.145454], [-0.946902, 46.145367], [-0.946902, 46.145367], [-0.946311, 46.145336], [-0.94601, 46.145298], [-0.945698, 46.145252], [-0.945561, 46.145214], [-0.945444, 46.145164], [-0.94533, 46.14509], [-0.944653, 46.14467], [-0.944451, 46.14454], [-0.944121, 46.144333], [-0.943951, 46.14423], [-0.94381, 46.14412], [-0.94376, 46.14407], [-0.943732, 46.144005], [-0.943706, 46.143932], [-0.943687, 46.143833], [-0.943679, 46.143288], [-0.943676, 46.142815], [-0.943667, 46.14258], [-0.943665, 46.142345], [-0.9437, 46.141888]]}}, {"type": "Feature", "properties": {"route_short_name": "18", "route_long_name": "La Jarrie <> Gare La Rochelle", "shape_id": "CA_LA_ROCHELLE:JourneyPattern:18_FB1372FFF0BD649DCFA2346EFDFD4CE4", "n_points": 635, "n_shape_variants_in_source": 2}, "geometry": {"type": "LineString", "coordinates": [[-1.146658, 46.153763], [-1.147178, 46.152676], [-1.146962, 46.152794], [-1.14672, 46.152943], [-1.146411, 46.15313], [-1.146235, 46.15325], [-1.146183, 46.153316], [-1.146207, 46.153366], [-1.146289, 46.153427], [-1.146392, 46.153507], [-1.146533, 46.153625], [-1.146658, 46.153763], [-1.14689, 46.153908], [-1.147025, 46.15402], [-1.14717, 46.15415], [-1.147639, 46.15452], [-1.14832, 46.15506], [-1.14871, 46.15539], [-1.149186, 46.155792], [-1.149326, 46.155884], [-1.149332, 46.155876], [-1.149384, 46.155926], [-1.149408, 46.155987], [-1.149567, 46.15642], [-1.149706, 46.15673], [-1.149921, 46.157036], [-1.150213, 46.157482], [-1.150424, 46.15779], [-1.150495, 46.15789], [-1.150542, 46.157955], [-1.150562, 46.158024], [-1.150536, 46.158066], [-1.15048, 46.1581], [-1.150357, 46.15816], [-1.14996, 46.15835], [-1.149666, 46.158436], [-1.149666, 46.158436], [-1.149553, 46.15855], [-1.149456, 46.15858], [-1.14936, 46.1586], [-1.149211, 46.158623], [-1.149029, 46.158634], [-1.14773, 46.15864], [-1.147, 46.15863], [-1.146702, 46.158607], [-1.14641, 46.15857], [-1.146169, 46.15852], [-1.14595, 46.15846], [-1.145427, 46.158176], [-1.145037, 46.15801], [-1.144587, 46.157776], [-1.144061, 46.157513], [-1.143379, 46.157135], [-1.143234, 46.15706], [-1.142961, 46.156918], [-1.142685, 46.156773], [-1.14222, 46.15653], [-1.141871, 46.156345], [-1.141536, 46.156162], [-1.141177, 46.155968], [-1.140814, 46.15577], [-1.140305, 46.155495], [-1.140217, 46.155445], [-1.140143, 46.155396], [-1.139949, 46.15526], [-1.139783, 46.155117], [-1.139674, 46.155003], [-1.139567, 46.15487], [-1.139485, 46.15475], [-1.139395, 46.154575], [-1.139365, 46.15452], [-1.139308, 46.154316], [-1.139278, 46.154087], [-1.13928, 46.15386], [-1.139289, 46.15365], [-1.13932, 46.153275], [-1.139491, 46.152657], [-1.139491, 46.152657], [-1.139495, 46.15249], [-1.139511, 46.152416], [-1.139531, 46.15236], [-1.139592, 46.152344], [-1.13965, 46.15232], [-1.139729, 46.15229], [-1.139776, 46.152252], [-1.139816, 46.152203], [-1.139836, 46.15213], [-1.139837, 46.152058], [-1.139812, 46.151997], [-1.139771, 46.15194], [-1.139698, 46.15188], [-1.139604, 46.15185], [-1.139503, 46.15183], [-1.139411, 46.15183], [-1.13932, 46.151855], [-1.139238, 46.151882], [-1.139154, 46.1519], [-1.139028, 46.1519], [-1.138884, 46.15187], [-1.138551, 46.151802], [-1.138229, 46.151737], [-1.138055, 46.151714], [-1.137888, 46.151726], [-1.137766, 46.15175], [-1.137648, 46.151783], [-1.137496, 46.15185], [-1.137382, 46.151928], [-1.137294, 46.15202], [-1.137222, 46.15216], [-1.137174, 46.152298], [-1.137042, 46.15261], [-1.136926, 46.152927], [-1.13658, 46.153873], [-1.136519, 46.154022], [-1.136445, 46.154175], [-1.13634, 46.15435], [-1.136052, 46.15471], [-1.135861, 46.15491], [-1.135637, 46.155067], [-1.135417, 46.155228], [-1.135235, 46.155334], [-1.134961, 46.155476], [-1.134672, 46.155563], [-1.134424, 46.155693], [-1.134113, 46.155792], [-1.133737, 46.15588], [-1.133366, 46.155937], [-1.132984, 46.155975], [-1.132803, 46.15599], [-1.1322, 46.156036], [-1.13102, 46.156143], [-1.130659, 46.156166], [-1.130052, 46.15621], [-1.129859, 46.156258], [-1.12819, 46.156406], [-1.126901, 46.15652], [-1.126399, 46.15656], [-1.12618, 46.156574], [-1.126062, 46.15657], [-1.125944, 46.156574], [-1.125944, 46.156574], [-1.125756, 46.156612], [-1.124436, 46.156734], [-1.123587, 46.1568], [-1.123174, 46.156815], [-1.122762, 46.156822], [-1.12224, 46.15682], [-1.122083, 46.15678], [-1.121905, 46.15676], [-1.121714, 46.15678], [-1.121588, 46.15678], [-1.121468, 46.156773], [-1.12118, 46.15675], [-1.12065, 46.15669], [-1.119933, 46.15655], [-1.119933, 46.15655], [-1.11944, 46.15644], [-1.119155, 46.156345], [-1.118891, 46.15623], [-1.118629, 46.1561], [-1.118418, 46.15596], [-1.118227, 46.15581], [-1.118049, 46.155647], [-1.11789, 46.15548], [-1.11761, 46.15516], [-1.117366, 46.154873], [-1.117124, 46.154587], [-1.11695, 46.15439], [-1.116767, 46.154194], [-1.116568, 46.15399], [-1.116493, 46.153915], [-1.116418, 46.153828], [-1.11633, 46.15366], [-1.11633, 46.15366], [-1.116082, 46.15341], [-1.115903, 46.1532], [-1.115768, 46.153088], [-1.115642, 46.15301], [-1.115588, 46.15297], [-1.115561, 46.152912], [-1.115531, 46.15284], [-1.115534, 46.15276], [-1.11551, 46.15268], [-1.115433, 46.152596], [-1.11532, 46.152523], [-1.115197, 46.15249], [-1.115038, 46.152473], [-1.114902, 46.152496], [-1.114769, 46.152554], [-1.114685, 46.15262], [-1.114626, 46.152702], [-1.11461, 46.15277], [-1.11459, 46.15285], [-1.114521, 46.152935], [-1.114441, 46.152996], [-1.114334, 46.153057], [-1.114236, 46.15309], [-1.11411, 46.15313], [-1.113888, 46.1532], [-1.113548, 46.1533], [-1.113407, 46.153347], [-1.113214, 46.1534], [-1.113092, 46.153423], [-1.112971, 46.153427], [-1.112866, 46.15341], [-1.112767, 46.15337], [-1.1126, 46.15325], [-1.112503, 46.15318], [-1.112379, 46.153114], [-1.112184, 46.153057], [-1.11201, 46.153034], [-1.1118, 46.153038], [-1.111618, 46.153065], [-1.111466, 46.153107], [-1.111339, 46.153156], [-1.1112, 46.153236], [-1.111092, 46.153328], [-1.111007, 46.153427], [-1.110951, 46.153526], [-1.110916, 46.153625], [-1.110906, 46.153717], [-1.110913, 46.153824], [-1.110931, 46.15391], [-1.110999, 46.154034], [-1.11107, 46.15412], [-1.111167, 46.154205], [-1.111262, 46.15427], [-1.11132, 46.15434], [-1.111355, 46.154427], [-1.111351, 46.154526], [-1.111309, 46.154613], [-1.11125, 46.15466], [-1.110857, 46.154922], [-1.11044, 46.15518], [-1.10981, 46.1556], [-1.10918, 46.15597], [-1.10918, 46.15597], [-1.10885, 46.15625], [-1.1088, 46.15624], [-1.10868, 46.15625], [-1.10859, 46.15629], [-1.10854, 46.15638], [-1.10854, 46.15642], [-1.10854, 46.15645], [-1.10842, 46.15652], [-1.10508, 46.15869], [-1.10464, 46.15896], [-1.1035, 46.15956], [-1.10308, 46.15974], [-1.1028, 46.15983], [-1.10268, 46.15981], [-1.10256, 46.15983], [-1.10248, 46.15991], [-1.10247, 46.15995], [-1.10229, 46.16004], [-1.10206, 46.16013], [-1.10159, 46.1603], [-1.10101, 46.1605], [-1.10007, 46.16078], [-1.09877, 46.16107], [-1.096202, 46.16148], [-1.096202, 46.16148], [-1.095381, 46.161663], [-1.094399, 46.161835], [-1.094211, 46.161873], [-1.094046, 46.161884], [-1.093941, 46.16188], [-1.093854, 46.161854], [-1.09376, 46.16184], [-1.093666, 46.161842], [-1.093583, 46.161877], [-1.093528, 46.16192], [-1.093475, 46.161972], [-1.093399, 46.16201], [-1.093011, 46.16205], [-1.093011, 46.16205], [-1.091958, 46.16227], [-1.09092, 46.162457], [-1.090469, 46.16252], [-1.090234, 46.162544], [-1.09001, 46.16255], [-1.08982, 46.16253], [-1.089746, 46.162502], [-1.089692, 46.162453], [-1.089622, 46.162403], [-1.089534, 46.16237], [-1.089417, 46.162346], [-1.089303, 46.16234], [-1.089181, 46.162357], [-1.089071, 46.162403], [-1.088959, 46.162457], [-1.088854, 46.162483], [-1.088767, 46.162495], [-1.088263, 46.16244], [-1.087684, 46.16237], [-1.087488, 46.16234], [-1.0873, 46.1623], [-1.086881, 46.162186], [-1.085508, 46.161743], [-1.084139, 46.161293], [-1.083321, 46.161022], [-1.082503, 46.160755], [-1.080435, 46.16006], [-1.080137, 46.15995], [-1.079821, 46.159817], [-1.077817, 46.158894], [-1.076809, 46.15843], [-1.075807, 46.157974], [-1.074863, 46.15754], [-1.074381, 46.15732], [-1.073915, 46.157104], [-1.073379, 46.156826], [-1.072913, 46.15658], [-1.072828, 46.15652], [-1.072778, 46.156464], [-1.072741, 46.156387], [-1.072697, 46.156322], [-1.072631, 46.15626], [-1.072556, 46.15622], [-1.072457, 46.156193], [-1.072345, 46.156178], [-1.07219, 46.15619], [-1.07211, 46.15621], [-1.072018, 46.156227], [-1.07194, 46.15623], [-1.071869, 46.156216], [-1.07182, 46.1562], [-1.07162, 46.15609], [-1.071446, 46.155975], [-1.07127, 46.15587], [-1.071145, 46.155796], [-1.071031, 46.15574], [-1.070878, 46.155666], [-1.070727, 46.1556], [-1.070454, 46.15549], [-1.070177, 46.15539], [-1.068544, 46.154877], [-1.067721, 46.154625], [-1.066907, 46.154373], [-1.066488, 46.15423], [-1.066104, 46.15409], [-1.065426, 46.153824], [-1.06527, 46.153767], [-1.065161, 46.153717], [-1.065074, 46.153683], [-1.065016, 46.153637], [-1.064985, 46.15359], [-1.064972, 46.153538], [-1.064935, 46.153484], [-1.064874, 46.15344], [-1.0648, 46.153408], [-1.064703, 46.153393], [-1.064622, 46.153404], [-1.064532, 46.153416], [-1.064431, 46.153423], [-1.06436, 46.15341], [-1.064287, 46.153385], [-1.064194, 46.153343], [-1.063468, 46.153072], [-1.062946, 46.152897], [-1.062507, 46.152737], [-1.061454, 46.152317], [-1.060399, 46.15191], [-1.059511, 46.151577], [-1.058653, 46.15128], [-1.058291, 46.151154], [-1.056902, 46.150677], [-1.055527, 46.15018], [-1.054619, 46.14983], [-1.053701, 46.149487], [-1.050741, 46.148365], [-1.049275, 46.147808], [-1.048523, 46.147522], [-1.047787, 46.147243], [-1.047091, 46.14696], [-1.04636, 46.14664], [-1.046141, 46.14654], [-1.045965, 46.146442], [-1.045543, 46.146233], [-1.045142, 46.146015], [-1.044298, 46.145554], [-1.04371, 46.14524], [-1.04312, 46.14493], [-1.04238, 46.14456], [-1.041836, 46.144276], [-1.041305, 46.14399], [-1.040884, 46.143764], [-1.040487, 46.143562], [-1.040084, 46.143364], [-1.039677, 46.143173], [-1.038484, 46.14265], [-1.037879, 46.142387], [-1.037568, 46.142246], [-1.037277, 46.14212], [-1.036382, 46.14172], [-1.035476, 46.141327], [-1.03473, 46.14099], [-1.034391, 46.140816], [-1.034067, 46.14065], [-1.033831, 46.140553], [-1.033611, 46.14042], [-1.033611, 46.14042], [-1.033377, 46.140373], [-1.03322, 46.14032], [-1.03273, 46.14017], [-1.032501, 46.140114], [-1.031547, 46.139885], [-1.030714, 46.139706], [-1.029901, 46.139526], [-1.027427, 46.13894], [-1.027427, 46.13894], [-1.026912, 46.138897], [-1.026783, 46.13887], [-1.026652, 46.13887], [-1.02652, 46.13885], [-1.02537, 46.13861], [-1.024794, 46.138493], [-1.02422, 46.13837], [-1.02342, 46.13817], [-1.023246, 46.13811], [-1.023159, 46.138073], [-1.023121, 46.138042], [-1.023097, 46.13802], [-1.02305, 46.138], [-1.023002, 46.137993], [-1.022955, 46.137997], [-1.022854, 46.13799], [-1.022635, 46.137955], [-1.022301, 46.137863], [-1.02183, 46.137733], [-1.020551, 46.137398], [-1.019783, 46.13723], [-1.01898, 46.13708], [-1.018333, 46.136986], [-1.017231, 46.136814], [-1.016134, 46.136635], [-1.014786, 46.136368], [-1.01053, 46.13574], [-1.01039, 46.13571], [-1.00992, 46.13562], [-1.00964, 46.13553], [-1.00963, 46.13552], [-1.00962, 46.1355], [-1.00959, 46.13547], [-1.00957, 46.13545], [-1.00951, 46.13544], [-1.0094, 46.13545], [-1.00922, 46.13546], [-1.00881, 46.1354], [-1.00852, 46.13536], [-1.00852, 46.13528], [-1.00849, 46.13517], [-1.00806, 46.13448], [-1.0075, 46.13379], [-1.00685, 46.13265], [-1.00631, 46.13172], [-1.006225, 46.131577], [-1.006175, 46.1315], [-1.006122, 46.13148], [-1.006068, 46.131474], [-1.006036, 46.131443], [-1.006014, 46.131405], [-1.006012, 46.13137], [-1.006047, 46.131332], [-1.006045, 46.13129], [-1.00595, 46.13113], [-1.00589, 46.131], [-1.00576, 46.13084], [-1.00564, 46.13068], [-1.00546, 46.13039], [-1.00537, 46.13021], [-1.00532, 46.13011], [-1.00532, 46.13003], [-1.0053, 46.12992], [-1.00521, 46.12976], [-1.00507, 46.12958], [-1.00472, 46.12895], [-1.0047, 46.12885], [-1.00476, 46.12884], [-1.00467, 46.12876], [-1.00451, 46.12849], [-1.00441, 46.12827], [-1.00419, 46.12786], [-1.00373, 46.1271], [-1.00328, 46.12658], [-1.00314, 46.12641], [-1.00302, 46.1262], [-1.00291, 46.12589], [-1.00283, 46.12563], [-1.00335, 46.12564], [-1.00358, 46.12564], [-1.00383, 46.12563], [-1.00427, 46.12558], [-1.00489, 46.12549], [-1.00536, 46.12539], [-1.00635, 46.12518], [-1.00636, 46.12519], [-1.00639, 46.12521], [-1.00664, 46.12523], [-1.00669, 46.12521], [-1.00671, 46.12518], [-1.00671, 46.12514], [-1.0067, 46.12513], [-1.00642, 46.12509], [-1.00636, 46.12503], [-1.00623, 46.12486], [-1.00615, 46.12465], [-1.00614, 46.12458], [-1.00612, 46.12421], [-1.00618, 46.123768], [-1.006163, 46.123283], [-1.006166, 46.123013], [-1.006151, 46.12291], [-1.006151, 46.1228], [-1.006163, 46.122646], [-1.006175, 46.122364], [-1.00617, 46.12183], [-1.006182, 46.120857], [-1.006182, 46.120373], [-1.006182, 46.12013], [-1.006179, 46.11989], [-1.006168, 46.11966], [-1.006147, 46.11943], [-1.006101, 46.119186], [-1.006043, 46.118958], [-1.005845, 46.118217], [-1.005774, 46.117966], [-1.005738, 46.117718], [-1.005738, 46.117718], [-1.005632, 46.11743], [-1.005548, 46.117146], [-1.005446, 46.116863], [-1.005328, 46.116585], [-1.005103, 46.11605], [-1.004986, 46.11578], [-1.004869, 46.115513], [-1.004722, 46.115158], [-1.004561, 46.114803], [-1.004498, 46.114643], [-1.004451, 46.114487], [-1.004433, 46.114357], [-1.004423, 46.114223], [-1.004486, 46.11381], [-1.004538, 46.11353], [-1.004577, 46.113327], [-1.004604, 46.113228], [-1.004674, 46.113075], [-1.004755, 46.112965], [-1.004861, 46.11283], [-1.005008, 46.112663], [-1.005083, 46.11256], [-1.00514, 46.112453], [-1.005183, 46.11236], [-1.005213, 46.112183], [-1.005289, 46.11168], [-1.005375, 46.11118], [-1.005429, 46.110737], [-1.0055, 46.110397], [-1.00555, 46.11007], [-1.005674, 46.109352], [-1.005688, 46.10931], [-1.00573, 46.109287], [-1.005819, 46.10931], [-1.005914, 46.10933], [-1.00633, 46.10942], [-1.006575, 46.109505], [-1.006575, 46.109505], [-1.006885, 46.10955], [-1.00717, 46.10963], [-1.0074, 46.1097], [-1.007566, 46.109764], [-1.007703, 46.109818], [-1.008017, 46.109974], [-1.00828, 46.11011], [-1.008511, 46.110207], [-1.008626, 46.110252], [-1.008754, 46.110294], [-1.009227, 46.110424], [-1.009475, 46.110497], [-1.009704, 46.110573], [-1.009892, 46.11064], [-1.01008, 46.11072], [-1.010354, 46.110863], [-1.01062, 46.11102], [-1.010888, 46.11123], [-1.010888, 46.11123], [-1.01196, 46.11193], [-1.012719, 46.11247], [-1.013076, 46.112755], [-1.013253, 46.112904], [-1.01344, 46.11304], [-1.013674, 46.113194], [-1.013916, 46.11334], [-1.014644, 46.113758], [-1.015391, 46.11418], [-1.015966, 46.1145], [-1.016256, 46.114655], [-1.016554, 46.114803], [-1.016808, 46.11494], [-1.01708, 46.115063], [-1.017407, 46.115196], [-1.017735, 46.115314], [-1.018228, 46.115505], [-1.018702, 46.115715], [-1.018702, 46.115715], [-1.020435, 46.116325], [-1.021292, 46.116646], [-1.021721, 46.11681], [-1.021935, 46.116882], [-1.022149, 46.11696], [-1.02257, 46.11713], [-1.022999, 46.117287], [-1.02343, 46.11745], [-1.023858, 46.117603], [-1.023858, 46.117603], [-1.024285, 46.11773], [-1.024742, 46.11787], [-1.024857, 46.117905], [-1.02493, 46.11794], [-1.024979, 46.11796], [-1.02502, 46.11799], [-1.025035, 46.118027], [-1.025037, 46.118065], [-1.02503, 46.11811], [-1.025008, 46.118145], [-1.024842, 46.118397], [-1.024764, 46.118526], [-1.0247, 46.11865], [-1.024606, 46.118874], [-1.024564, 46.11899], [-1.024525, 46.11911], [-1.0245, 46.11914], [-1.024473, 46.11916], [-1.024456, 46.119194], [-1.0244, 46.119232]]}}, {"type": "Feature", "properties": {"route_short_name": "19", "route_long_name": "Salles-sur-Mer / La Jarne <> Dames Blanches", "shape_id": "CA_LA_ROCHELLE:JourneyPattern:19_05FE8B3DA78B4EF3DAEBB55B213E450D", "n_points": 586, "n_shape_variants_in_source": 4}, "geometry": {"type": "LineString", "coordinates": [[-1.149602, 46.158997], [-1.149763, 46.158916], [-1.149837, 46.15888], [-1.149859, 46.158844], [-1.14983, 46.15879], [-1.1498, 46.15873], [-1.149719, 46.158596], [-1.149671, 46.158546], [-1.14959, 46.15853], [-1.149489, 46.15857], [-1.149341, 46.158596], [-1.14923, 46.15861], [-1.14895, 46.158634], [-1.14867, 46.15864], [-1.148355, 46.158592], [-1.147, 46.15863], [-1.14641, 46.15857], [-1.14595, 46.15846], [-1.145427, 46.158176], [-1.145037, 46.15801], [-1.144587, 46.157776], [-1.144061, 46.157513], [-1.143379, 46.157135], [-1.143234, 46.15706], [-1.142961, 46.156918], [-1.142685, 46.156773], [-1.14222, 46.15653], [-1.141871, 46.156345], [-1.141536, 46.156162], [-1.141177, 46.155968], [-1.140814, 46.15577], [-1.140305, 46.155495], [-1.140217, 46.155445], [-1.140143, 46.155396], [-1.139949, 46.15526], [-1.139783, 46.155117], [-1.139674, 46.155003], [-1.139567, 46.15487], [-1.139485, 46.15475], [-1.139395, 46.154575], [-1.139365, 46.15452], [-1.139308, 46.154316], [-1.139278, 46.154087], [-1.13928, 46.15386], [-1.139289, 46.15365], [-1.13932, 46.153275], [-1.139491, 46.152657], [-1.139491, 46.152657], [-1.13962, 46.15234], [-1.13969, 46.15226], [-1.13975, 46.15221], [-1.1398, 46.15213], [-1.13981, 46.15207], [-1.13978, 46.15198], [-1.13969, 46.1519], [-1.13965, 46.15188], [-1.13965, 46.15152], [-1.13958, 46.15107], [-1.13948, 46.15074], [-1.13946, 46.15069], [-1.13924, 46.15017], [-1.13913, 46.14997], [-1.13862, 46.14928], [-1.13846, 46.14905], [-1.13731, 46.14752], [-1.1372, 46.14737], [-1.13694, 46.14691], [-1.13686, 46.1466], [-1.13683, 46.1463], [-1.13686, 46.14606], [-1.13691, 46.14576], [-1.13695, 46.14563], [-1.13708, 46.14557], [-1.13713, 46.14554], [-1.13718, 46.14545], [-1.13718, 46.14536], [-1.13713, 46.14527], [-1.13703, 46.14521], [-1.13694, 46.14518], [-1.13683, 46.14517], [-1.1367, 46.14519], [-1.13659, 46.14525], [-1.136503, 46.145264], [-1.136403, 46.145256], [-1.136322, 46.145256], [-1.136213, 46.14524], [-1.13606, 46.14523], [-1.135502, 46.145184], [-1.135502, 46.145184], [-1.134961, 46.145164], [-1.134527, 46.14512], [-1.133995, 46.14503], [-1.133019, 46.144794], [-1.130556, 46.144203], [-1.130396, 46.144146], [-1.130295, 46.14407], [-1.130269, 46.143967], [-1.130275, 46.143864], [-1.130339, 46.14362], [-1.130366, 46.143494], [-1.13036, 46.14337], [-1.130295, 46.143265], [-1.130201, 46.14318], [-1.130099, 46.143116], [-1.12998, 46.143078], [-1.12823, 46.14285], [-1.12765, 46.142788], [-1.127253, 46.142742], [-1.126891, 46.14271], [-1.126644, 46.1427], [-1.126551, 46.142666], [-1.126459, 46.14265], [-1.126373, 46.142685], [-1.126335, 46.14275], [-1.12639, 46.14282], [-1.126447, 46.14285], [-1.126489, 46.142906], [-1.126619, 46.143234], [-1.126606, 46.143322], [-1.12656, 46.14338], [-1.126437, 46.14341], [-1.12628, 46.14341], [-1.12613, 46.14341], [-1.122141, 46.143196], [-1.121824, 46.143166], [-1.121733, 46.143147], [-1.12166, 46.14311], [-1.121591, 46.143055], [-1.121515, 46.14302], [-1.121391, 46.14302], [-1.121317, 46.143055], [-1.121271, 46.143078], [-1.121176, 46.143097], [-1.120987, 46.14311], [-1.120293, 46.14305], [-1.118861, 46.14291], [-1.118001, 46.142845], [-1.117105, 46.142815], [-1.114661, 46.142815], [-1.113972, 46.142807], [-1.113485, 46.142776], [-1.112775, 46.14269], [-1.111626, 46.14252], [-1.109608, 46.14223], [-1.109349, 46.14218], [-1.109215, 46.142113], [-1.109142, 46.14202], [-1.109068, 46.141964], [-1.108977, 46.141922], [-1.108841, 46.141907], [-1.108689, 46.14191], [-1.108487, 46.14184], [-1.108298, 46.141724], [-1.108006, 46.141525], [-1.107852, 46.141422], [-1.107719, 46.141346], [-1.10752, 46.14127], [-1.10721, 46.14118], [-1.10672, 46.14106], [-1.10637, 46.14097], [-1.10618, 46.1409], [-1.10599, 46.14078], [-1.10592, 46.14071], [-1.10582, 46.14058], [-1.105751, 46.140507], [-1.105608, 46.14031], [-1.105076, 46.139503], [-1.104611, 46.138786], [-1.104251, 46.138233], [-1.103702, 46.13739], [-1.103341, 46.136875], [-1.103009, 46.136356], [-1.102621, 46.135727], [-1.102332, 46.13527], [-1.102241, 46.135113], [-1.102156, 46.134956], [-1.102101, 46.134834], [-1.101963, 46.13453], [-1.101839, 46.13419], [-1.10179, 46.134], [-1.10174, 46.133778], [-1.101705, 46.133575], [-1.10169, 46.13326], [-1.101695, 46.13304], [-1.10173, 46.13283], [-1.10182, 46.13244], [-1.10196, 46.132], [-1.102019, 46.131817], [-1.10207, 46.131744], [-1.102173, 46.131695], [-1.102228, 46.131695], [-1.10235, 46.13168], [-1.102426, 46.13164], [-1.10248, 46.131565], [-1.102487, 46.131485], [-1.102454, 46.131413], [-1.102344, 46.131363], [-1.102225, 46.131344], [-1.102115, 46.131355], [-1.101997, 46.131416], [-1.101925, 46.13144], [-1.101725, 46.13143], [-1.10069, 46.13136], [-1.098883, 46.131275], [-1.09685, 46.13115], [-1.096625, 46.13113], [-1.096519, 46.131096], [-1.0964, 46.131065], [-1.09617, 46.13108], [-1.095986, 46.131092], [-1.095721, 46.131077], [-1.095493, 46.131046], [-1.095248, 46.13101], [-1.095131, 46.13099], [-1.095061, 46.130966], [-1.095014, 46.130928], [-1.094936, 46.130898], [-1.094842, 46.130882], [-1.094746, 46.1309], [-1.094668, 46.13094], [-1.094601, 46.13097], [-1.09453, 46.13098], [-1.094411, 46.130985], [-1.094217, 46.130947], [-1.094043, 46.13092], [-1.093817, 46.130905], [-1.09335, 46.130886], [-1.09287, 46.13086], [-1.092351, 46.130848], [-1.09179, 46.130817], [-1.091226, 46.13078], [-1.088663, 46.130615], [-1.087381, 46.13053], [-1.086721, 46.130486], [-1.086097, 46.13045], [-1.08486, 46.130367], [-1.084235, 46.13033], [-1.083621, 46.13029], [-1.082283, 46.130203], [-1.081858, 46.13018], [-1.081673, 46.130165], [-1.081527, 46.13015], [-1.08127, 46.13011], [-1.081154, 46.130085], [-1.081081, 46.13006], [-1.08103, 46.13002], [-1.080962, 46.12999], [-1.080862, 46.12998], [-1.080776, 46.129997], [-1.080693, 46.130035], [-1.080604, 46.130054], [-1.080494, 46.130054], [-1.080095, 46.13004], [-1.080072, 46.13], [-1.07974, 46.130016], [-1.079613, 46.13], [-1.079519, 46.12999], [-1.079481, 46.12997], [-1.079461, 46.129936], [-1.079434, 46.12991], [-1.079388, 46.129887], [-1.079336, 46.129883], [-1.079281, 46.12989], [-1.079242, 46.129906], [-1.079204, 46.12993], [-1.07916, 46.12995], [-1.079086, 46.129967], [-1.07901, 46.129974], [-1.078823, 46.129963], [-1.078151, 46.12995], [-1.077903, 46.12996], [-1.07767, 46.12998], [-1.077047, 46.130054], [-1.076572, 46.13011], [-1.076101, 46.130157], [-1.075848, 46.130173], [-1.075601, 46.130177], [-1.075195, 46.13017], [-1.074655, 46.130135], [-1.07411, 46.130104], [-1.073465, 46.13006], [-1.073134, 46.130035], [-1.072818, 46.13001], [-1.072458, 46.12996], [-1.072114, 46.1299], [-1.071585, 46.129787], [-1.071115, 46.129658], [-1.070669, 46.129482], [-1.07033, 46.12944], [-1.0696, 46.12925], [-1.06821, 46.12889], [-1.06705, 46.1286], [-1.06648, 46.12846], [-1.06682, 46.12775], [-1.06741, 46.12662], [-1.06763, 46.1262], [-1.068005, 46.12582], [-1.068338, 46.12534], [-1.068517, 46.12513], [-1.068636, 46.125023], [-1.068699, 46.124977], [-1.06879, 46.12493], [-1.069039, 46.124878], [-1.069288, 46.124832], [-1.069534, 46.124783], [-1.06977, 46.12471], [-1.06992, 46.12465], [-1.07032, 46.12437], [-1.070382, 46.124344], [-1.070488, 46.124344], [-1.07117, 46.12436], [-1.07191, 46.12437], [-1.071943, 46.12438], [-1.072087, 46.124454], [-1.072176, 46.124454], [-1.07222, 46.12441], [-1.072289, 46.124386], [-1.072941, 46.12447], [-1.072941, 46.12447], [-1.07407, 46.12448], [-1.074271, 46.12449], [-1.074506, 46.124474], [-1.074701, 46.124443], [-1.07514, 46.124355], [-1.07532, 46.124348], [-1.075674, 46.124344], [-1.076183, 46.12441], [-1.07805, 46.12441], [-1.07798, 46.12333], [-1.07796, 46.12294], [-1.07789, 46.12246], [-1.07772, 46.12168], [-1.0776, 46.12115], [-1.07753, 46.12078], [-1.0775, 46.12043], [-1.07751, 46.12022], [-1.07772, 46.11939], [-1.077916, 46.11891], [-1.077955, 46.118626], [-1.078032, 46.118347], [-1.078084, 46.118122], [-1.078146, 46.11791], [-1.078182, 46.117805], [-1.078143, 46.117733], [-1.077314, 46.11721], [-1.077147, 46.1171], [-1.07648, 46.116714], [-1.075769, 46.116356], [-1.07527, 46.116093], [-1.074775, 46.11584], [-1.073936, 46.115414], [-1.073095, 46.114994], [-1.072463, 46.11467], [-1.071855, 46.11433], [-1.07104, 46.113865], [-1.070583, 46.11356], [-1.070337, 46.113365], [-1.070181, 46.11322], [-1.069773, 46.11278], [-1.069467, 46.11243], [-1.069367, 46.112328], [-1.069262, 46.11224], [-1.069166, 46.11217], [-1.069051, 46.112106], [-1.068792, 46.111996], [-1.068531, 46.111877], [-1.067994, 46.11162], [-1.067471, 46.111366], [-1.067213, 46.111168], [-1.066832, 46.111034], [-1.066666, 46.11095], [-1.066531, 46.11087], [-1.066242, 46.110676], [-1.065974, 46.110474], [-1.065251, 46.10994], [-1.064915, 46.109688], [-1.06457, 46.109432], [-1.06349, 46.108593], [-1.063112, 46.108303], [-1.062919, 46.108173], [-1.062638, 46.10796], [-1.062348, 46.107742], [-1.062155, 46.107597], [-1.061824, 46.107365], [-1.061754, 46.107327], [-1.061566, 46.10719], [-1.061373, 46.107067], [-1.061242, 46.106995], [-1.061123, 46.10694], [-1.060958, 46.106895], [-1.060747, 46.10686], [-1.060346, 46.106808], [-1.05974, 46.106728], [-1.059463, 46.106678], [-1.0592, 46.106586], [-1.058867, 46.106564], [-1.058586, 46.106518], [-1.058462, 46.106487], [-1.058404, 46.10647], [-1.058361, 46.106445], [-1.058343, 46.106403], [-1.058321, 46.10636], [-1.058282, 46.106228], [-1.058275, 46.106113], [-1.058267, 46.105995], [-1.058244, 46.105762], [-1.058249, 46.105583], [-1.058288, 46.105396], [-1.058335, 46.10521], [-1.058411, 46.10498], [-1.058446, 46.104877], [-1.058471, 46.104767], [-1.058493, 46.104637], [-1.058477, 46.1046], [-1.058401, 46.10457], [-1.058299, 46.10456], [-1.058045, 46.104584], [-1.057388, 46.104633], [-1.056449, 46.10471], [-1.055883, 46.104725], [-1.055539, 46.104748], [-1.055243, 46.104794], [-1.054944, 46.10483], [-1.054817, 46.104855], [-1.05469, 46.104897], [-1.053969, 46.10509], [-1.053855, 46.105167], [-1.05359, 46.10539], [-1.05347, 46.10544], [-1.052842, 46.10565], [-1.052672, 46.10569], [-1.052547, 46.105705], [-1.05246, 46.105698], [-1.052419, 46.105694], [-1.052381, 46.105686], [-1.05235, 46.105663], [-1.052334, 46.10563], [-1.052315, 46.105587], [-1.052294, 46.105495], [-1.052283, 46.1054], [-1.052294, 46.10522], [-1.052311, 46.10504], [-1.052339, 46.10487], [-1.052384, 46.104717], [-1.052447, 46.10457], [-1.05263, 46.10421], [-1.05263, 46.10421], [-1.052816, 46.10374], [-1.052922, 46.103497], [-1.052976, 46.10337], [-1.052995, 46.10328], [-1.053045, 46.103233], [-1.053085, 46.10322], [-1.053129, 46.103207], [-1.053155, 46.10317], [-1.053135, 46.103134], [-1.0531, 46.10311], [-1.053096, 46.10307], [-1.05311, 46.102913], [-1.053115, 46.102764], [-1.053141, 46.102573], [-1.053173, 46.10247], [-1.053207, 46.102364], [-1.053297, 46.10211], [-1.053482, 46.10163], [-1.053557, 46.10145], [-1.053632, 46.101303], [-1.053694, 46.101154], [-1.05377, 46.10082], [-1.05385, 46.100494], [-1.053931, 46.100227], [-1.054072, 46.099876], [-1.054072, 46.099876], [-1.054213, 46.099316], [-1.054324, 46.09892], [-1.054386, 46.09872], [-1.054456, 46.09852], [-1.054523, 46.098354], [-1.054622, 46.098206], [-1.054736, 46.098057], [-1.054996, 46.097782], [-1.055505, 46.097263], [-1.055764, 46.097], [-1.056021, 46.09674], [-1.056368, 46.096397], [-1.056436, 46.096367], [-1.056525, 46.09637], [-1.05674, 46.0964], [-1.056893, 46.09642], [-1.05696, 46.09643], [-1.05702, 46.09642], [-1.057078, 46.09639], [-1.057146, 46.096333], [-1.057721, 46.09597], [-1.057834, 46.095905], [-1.057949, 46.09586], [-1.05822, 46.09579], [-1.05863, 46.09575], [-1.058733, 46.09577], [-1.05927, 46.09572], [-1.05932, 46.09566], [-1.05954, 46.09553], [-1.05973, 46.09542], [-1.05992, 46.09516], [-1.06026, 46.09467], [-1.06046, 46.09432], [-1.06048, 46.09424], [-1.06054, 46.09401], [-1.060576, 46.09386], [-1.060582, 46.093803], [-1.060566, 46.093773], [-1.06054, 46.093754], [-1.060492, 46.09371], [-1.060471, 46.093662], [-1.06049, 46.093544], [-1.060535, 46.093403], [-1.060574, 46.09316], [-1.06051, 46.09248], [-1.0604, 46.09036], [-1.060483, 46.09025], [-1.06035, 46.08945], [-1.06032, 46.08868], [-1.06034, 46.08839], [-1.060369, 46.088257], [-1.060396, 46.0882], [-1.060402, 46.088158], [-1.06034, 46.088116], [-1.060229, 46.088066], [-1.059981, 46.087845], [-1.059918, 46.0878], [-1.059844, 46.08772], [-1.059838, 46.087563], [-1.059777, 46.0875], [-1.059717, 46.08746], [-1.059631, 46.087456], [-1.059541, 46.087482], [-1.05952, 46.087532], [-1.059544, 46.087585], [-1.059605, 46.08764], [-1.059724, 46.087685], [-1.059918, 46.087833], [-1.060071, 46.087948], [-1.060141, 46.088036], [-1.060173, 46.088104], [-1.060238, 46.088165], [-1.060295, 46.088207], [-1.060328, 46.088226], [-1.060374, 46.08822], [-1.06041, 46.08818], [-1.060446, 46.088142], [-1.060495, 46.088108], [-1.060581, 46.08806], [-1.06082, 46.08796], [-1.060941, 46.08791], [-1.061165, 46.08781], [-1.061373, 46.087723], [-1.061577, 46.087612], [-1.06199, 46.08733], [-1.062321, 46.087093], [-1.062655, 46.08686], [-1.062796, 46.08678], [-1.062947, 46.0867], [-1.063105, 46.08664], [-1.063282, 46.086582], [-1.06348, 46.08653], [-1.066129, 46.086014], [-1.066465, 46.08593], [-1.066625, 46.085884], [-1.066779, 46.085827], [-1.066961, 46.085762], [-1.067108, 46.085693], [-1.067479, 46.0855], [-1.068056, 46.085205], [-1.068279, 46.08509], [-1.068396, 46.085033], [-1.068513, 46.084988], [-1.068731, 46.08491], [-1.069027, 46.084824], [-1.069328, 46.084747], [-1.07147, 46.084255], [-1.07235, 46.084057], [-1.072795, 46.083958], [-1.073216, 46.08386], [-1.073399, 46.0838], [-1.073569, 46.08373], [-1.074052, 46.08353]]}}, {"type": "Feature", "properties": {"route_short_name": "2", "route_long_name": "ILLICO Mireuil <> Villeneuve", "shape_id": "CA_LA_ROCHELLE:JourneyPattern:2_0AE33C1DB155FBE9F7EE23CB67E335FF", "n_points": 354, "n_shape_variants_in_source": 3}, "geometry": {"type": "LineString", "coordinates": [[-1.116269, 46.150887], [-1.116297, 46.150826], [-1.116542, 46.15086], [-1.11695, 46.15092], [-1.11741, 46.151], [-1.117494, 46.151043], [-1.11754, 46.1511], [-1.117605, 46.151295], [-1.117671, 46.151352], [-1.117808, 46.15139], [-1.117902, 46.15143], [-1.117902, 46.15143], [-1.11878, 46.15155], [-1.118848, 46.151573], [-1.118909, 46.151608], [-1.119024, 46.151684], [-1.119269, 46.151733], [-1.119512, 46.151775], [-1.120137, 46.15188], [-1.120969, 46.15202], [-1.121049, 46.152023], [-1.12112, 46.15201], [-1.12128, 46.15198], [-1.121373, 46.151966], [-1.1215, 46.15199], [-1.121691, 46.15206], [-1.121691, 46.15206], [-1.12226, 46.152115], [-1.122407, 46.152126], [-1.122518, 46.152115], [-1.12265, 46.15206], [-1.12286, 46.15192], [-1.122959, 46.1519], [-1.123071, 46.151917], [-1.123847, 46.152046], [-1.124555, 46.152187], [-1.124918, 46.152214], [-1.12509, 46.15225], [-1.125169, 46.152287], [-1.125215, 46.152344], [-1.12531, 46.15254], [-1.125383, 46.152607], [-1.125509, 46.152645], [-1.125646, 46.152664], [-1.12619, 46.15275], [-1.12626, 46.15276], [-1.126334, 46.152786], [-1.126434, 46.15286], [-1.126473, 46.152893], [-1.126554, 46.152924], [-1.126694, 46.152977], [-1.126694, 46.152977], [-1.128427, 46.153233], [-1.128975, 46.153316], [-1.12923, 46.15326], [-1.129325, 46.153263], [-1.1299, 46.15335], [-1.13016, 46.15338], [-1.130282, 46.15336], [-1.130464, 46.153206], [-1.13062, 46.15315], [-1.130779, 46.15317], [-1.130939, 46.153206], [-1.131108, 46.153263], [-1.131523, 46.1533], [-1.131607, 46.153316], [-1.131639, 46.153347], [-1.131638, 46.15339], [-1.13152, 46.15372], [-1.131271, 46.15446], [-1.130829, 46.15576], [-1.13072, 46.15613], [-1.130744, 46.156197], [-1.130806, 46.15623], [-1.131048, 46.156223], [-1.131363, 46.156223], [-1.13282, 46.15607], [-1.133007, 46.156055], [-1.133492, 46.156006], [-1.133739, 46.155964], [-1.133963, 46.15592], [-1.134261, 46.155838], [-1.134519, 46.155754], [-1.134842, 46.15563], [-1.135287, 46.15541], [-1.135448, 46.15532], [-1.135575, 46.155235], [-1.13593, 46.15496], [-1.136141, 46.15475], [-1.136405, 46.154495], [-1.136405, 46.154495], [-1.136444, 46.154392], [-1.136574, 46.15417], [-1.136702, 46.153885], [-1.137038, 46.152954], [-1.137282, 46.15233], [-1.137332, 46.152187], [-1.137403, 46.152046], [-1.137469, 46.151966], [-1.137561, 46.15192], [-1.137673, 46.151863], [-1.137794, 46.15183], [-1.137906, 46.151806], [-1.138013, 46.1518], [-1.138131, 46.1518], [-1.138239, 46.15182], [-1.138457, 46.15186], [-1.138688, 46.15193], [-1.13889, 46.15202], [-1.13907, 46.15213], [-1.13918, 46.15223], [-1.13926, 46.15228], [-1.139403, 46.152325], [-1.139437, 46.15236], [-1.139451, 46.15242], [-1.139434, 46.152542], [-1.139336, 46.15282], [-1.139269, 46.15339], [-1.139255, 46.153687], [-1.139246, 46.153896], [-1.139243, 46.154102], [-1.139272, 46.15433], [-1.13934, 46.154564], [-1.139389, 46.154663], [-1.13948, 46.15481], [-1.13961, 46.154984], [-1.13976, 46.155144], [-1.139954, 46.1553], [-1.140171, 46.15544], [-1.140327, 46.15554], [-1.140501, 46.15563], [-1.140851, 46.15582], [-1.141271, 46.156044], [-1.141658, 46.156258], [-1.141963, 46.15642], [-1.142274, 46.15658], [-1.142869, 46.156902], [-1.143213, 46.15708], [-1.1434, 46.15718], [-1.144052, 46.15753], [-1.144533, 46.157784], [-1.144722, 46.15791], [-1.145441, 46.15843], [-1.145654, 46.158527], [-1.145799, 46.158604], [-1.145955, 46.158676], [-1.146104, 46.158752], [-1.14627, 46.15881], [-1.14644, 46.15887], [-1.146568, 46.158897], [-1.146709, 46.158916], [-1.14769, 46.159], [-1.14793, 46.159023], [-1.148324, 46.15905], [-1.148721, 46.15906], [-1.148975, 46.15906], [-1.149121, 46.15907], [-1.149318, 46.159042], [-1.149602, 46.158997], [-1.149668, 46.15895], [-1.149791, 46.158916], [-1.149831, 46.15889], [-1.149859, 46.158844], [-1.149906, 46.15881], [-1.149981, 46.15877], [-1.150055, 46.15873], [-1.150747, 46.158333], [-1.150911, 46.158222], [-1.151012, 46.158176], [-1.151143, 46.15816], [-1.1516, 46.15816], [-1.152056, 46.158157], [-1.152564, 46.158146], [-1.153071, 46.158123], [-1.153461, 46.158108], [-1.153613, 46.158062], [-1.153761, 46.15804], [-1.154002, 46.157974], [-1.154308, 46.15789], [-1.154451, 46.157856], [-1.154598, 46.15783], [-1.154728, 46.157818], [-1.154872, 46.157814], [-1.155065, 46.157825], [-1.155212, 46.157852], [-1.155415, 46.157883], [-1.155621, 46.157936], [-1.155985, 46.158035], [-1.156423, 46.15816], [-1.156514, 46.158188], [-1.156527, 46.158222], [-1.156374, 46.158665], [-1.156119, 46.159176], [-1.155806, 46.160076], [-1.155585, 46.160606], [-1.155512, 46.1607], [-1.155204, 46.161232], [-1.154737, 46.16205], [-1.1547, 46.1621], [-1.154671, 46.162113], [-1.154618, 46.16211], [-1.154161, 46.16205], [-1.153066, 46.161896], [-1.15299, 46.161922], [-1.15293, 46.161983], [-1.152918, 46.162064], [-1.152941, 46.162113], [-1.153955, 46.162277], [-1.154318, 46.16233], [-1.154716, 46.16236], [-1.154878, 46.16233], [-1.155084, 46.162273], [-1.155233, 46.162247], [-1.155417, 46.162216], [-1.15574, 46.16223], [-1.158463, 46.16247], [-1.160313, 46.162674], [-1.160313, 46.162674], [-1.161861, 46.16279], [-1.162628, 46.162872], [-1.163389, 46.16295], [-1.164248, 46.163033], [-1.164677, 46.163082], [-1.165117, 46.163116], [-1.165157, 46.16314], [-1.165157, 46.16322], [-1.165126, 46.163315], [-1.165096, 46.163406], [-1.165053, 46.16358], [-1.164941, 46.163815], [-1.164591, 46.165043], [-1.164423, 46.165543], [-1.164163, 46.16623], [-1.164163, 46.16623], [-1.163908, 46.16713], [-1.163861, 46.167294], [-1.163843, 46.167343], [-1.163889, 46.16738], [-1.164043, 46.167397], [-1.164525, 46.16747], [-1.16495, 46.16752], [-1.165126, 46.167534], [-1.1653, 46.16753], [-1.16617, 46.16751], [-1.166398, 46.167515], [-1.166786, 46.167633], [-1.166913, 46.167686], [-1.166913, 46.167686], [-1.168093, 46.168037], [-1.16927, 46.1684], [-1.16948, 46.1685], [-1.16955, 46.16857], [-1.169577, 46.16864], [-1.169598, 46.1688], [-1.169622, 46.168896], [-1.169613, 46.16899], [-1.169754, 46.169273], [-1.169849, 46.169567], [-1.169898, 46.169605], [-1.169987, 46.169613], [-1.170532, 46.16944], [-1.171363, 46.169212], [-1.171585, 46.16911], [-1.171692, 46.169083], [-1.171791, 46.169067], [-1.171856, 46.169067], [-1.171907, 46.169075], [-1.171961, 46.169075], [-1.17203, 46.169064], [-1.172088, 46.16903], [-1.17212, 46.168987], [-1.172163, 46.168964], [-1.172212, 46.168922], [-1.172274, 46.1689], [-1.172399, 46.168846], [-1.172821, 46.168716], [-1.173074, 46.168636], [-1.174244, 46.168293], [-1.175957, 46.167725], [-1.176718, 46.167484], [-1.177404, 46.167263], [-1.177559, 46.16723], [-1.177783, 46.16724], [-1.178144, 46.167324], [-1.178144, 46.167324], [-1.17847, 46.167324], [-1.178899, 46.167374], [-1.179231, 46.167408], [-1.179368, 46.167465], [-1.179406, 46.167534], [-1.179461, 46.167564], [-1.179509, 46.167572], [-1.179571, 46.16756], [-1.17962, 46.16753], [-1.179658, 46.1675], [-1.17969, 46.167484], [-1.17977, 46.16747], [-1.180739, 46.16757], [-1.181047, 46.167633], [-1.181047, 46.167633], [-1.183071, 46.167812], [-1.185158, 46.168064], [-1.185158, 46.168064], [-1.186067, 46.168133], [-1.186731, 46.1682], [-1.186813, 46.168205], [-1.186826, 46.16824], [-1.18683, 46.16832], [-1.186877, 46.169212], [-1.186877, 46.169212], [-1.186945, 46.169437], [-1.186933, 46.169487], [-1.186886, 46.16949], [-1.185449, 46.169346], [-1.185318, 46.16933], [-1.18523, 46.16934], [-1.18515, 46.16942], [-1.18512, 46.16954], [-1.18504, 46.16979], [-1.18498, 46.16982], [-1.184819, 46.169827], [-1.18343, 46.16969], [-1.18343, 46.16969], [-1.183318, 46.16968], [-1.183252, 46.16969], [-1.183145, 46.16969], [-1.182571, 46.169632], [-1.180417, 46.1694], [-1.180305, 46.16938], [-1.18023, 46.1694], [-1.180193, 46.169476], [-1.180127, 46.16973], [-1.179986, 46.170204], [-1.179986, 46.170204], [-1.179752, 46.171253], [-1.179578, 46.172207], [-1.179396, 46.173153], [-1.179351, 46.173424], [-1.179296, 46.173622], [-1.179299, 46.173725], [-1.179275, 46.17384], [-1.17925, 46.173935], [-1.17923, 46.173977], [-1.179268, 46.17401], [-1.179321, 46.174007], [-1.179404, 46.174015], [-1.179518, 46.174026], [-1.179644, 46.174046], [-1.179733, 46.174053], [-1.179787, 46.17401], [-1.179804, 46.17393], [-1.179757, 46.173874], [-1.179642, 46.173805], [-1.179458, 46.173668]]}}, {"type": "Feature", "properties": {"route_short_name": "20", "route_long_name": "Ch\u00e2telaillon <> Gare La Rochelle", "shape_id": "CA_LA_ROCHELLE:JourneyPattern:20_D8061BB5A957999B66F821E47F2BB90B", "n_points": 909, "n_shape_variants_in_source": 6}, "geometry": {"type": "LineString", "coordinates": [[-1.082861, 46.05335], [-1.082829, 46.053394], [-1.082783, 46.05341], [-1.082496, 46.053425], [-1.082187, 46.05343], [-1.081579, 46.05344], [-1.08145, 46.053448], [-1.081178, 46.053493], [-1.081006, 46.053555], [-1.080832, 46.053646], [-1.080112, 46.054146], [-1.079404, 46.054634], [-1.079294, 46.054672], [-1.078238, 46.055454], [-1.077155, 46.0562], [-1.076617, 46.05657], [-1.076519, 46.05661], [-1.076449, 46.056618], [-1.076395, 46.056637], [-1.076364, 46.05667], [-1.07638, 46.056717], [-1.07644, 46.056747], [-1.076497, 46.056763], [-1.076667, 46.056824], [-1.077325, 46.05706], [-1.077325, 46.05706], [-1.078221, 46.057365], [-1.079109, 46.057667], [-1.079431, 46.057755], [-1.07959, 46.057796], [-1.079734, 46.057808], [-1.080184, 46.057755], [-1.080339, 46.05774], [-1.080467, 46.05774], [-1.080949, 46.05778], [-1.081525, 46.05781], [-1.081817, 46.057835], [-1.08209, 46.05787], [-1.082284, 46.05791], [-1.082477, 46.057953], [-1.082677, 46.058006], [-1.082677, 46.058006], [-1.082846, 46.058014], [-1.082875, 46.058037], [-1.082907, 46.058075], [-1.082959, 46.05811], [-1.08305, 46.05812], [-1.08312, 46.0581], [-1.083161, 46.05807], [-1.083208, 46.058056], [-1.083313, 46.058067], [-1.083387, 46.058075], [-1.083468, 46.058067], [-1.083586, 46.058056], [-1.083715, 46.05803], [-1.083788, 46.05802], [-1.083868, 46.058025], [-1.084382, 46.05806], [-1.084729, 46.05809], [-1.085082, 46.058144], [-1.085378, 46.058193], [-1.085671, 46.05825], [-1.085976, 46.058315], [-1.086265, 46.058384], [-1.086382, 46.05843], [-1.086407, 46.058456], [-1.08642, 46.05849], [-1.08644, 46.05852], [-1.086478, 46.058533], [-1.086541, 46.058537], [-1.086592, 46.058517], [-1.086628, 46.058487], [-1.086667, 46.058464], [-1.086725, 46.058464], [-1.086778, 46.05848], [-1.086879, 46.058506], [-1.086989, 46.058525], [-1.087227, 46.058567], [-1.087418, 46.058613], [-1.087598, 46.058674], [-1.088422, 46.058987], [-1.088422, 46.058987], [-1.089111, 46.05921], [-1.08928, 46.05927], [-1.089412, 46.05932], [-1.089508, 46.05939], [-1.089562, 46.059467], [-1.089674, 46.059708], [-1.089764, 46.059948], [-1.089831, 46.06009], [-1.089918, 46.06025], [-1.090018, 46.060394], [-1.090117, 46.060528], [-1.09022, 46.060646], [-1.090375, 46.06079], [-1.090803, 46.061115], [-1.091106, 46.06132], [-1.091221, 46.06141], [-1.091274, 46.061462], [-1.0913, 46.06152], [-1.091387, 46.061947], [-1.091475, 46.062527], [-1.091529, 46.062675], [-1.09158, 46.062756], [-1.091856, 46.06295], [-1.092133, 46.06315], [-1.092206, 46.063217], [-1.092245, 46.06329], [-1.092243, 46.063354], [-1.09215, 46.06364], [-1.092017, 46.06407], [-1.091975, 46.0641], [-1.091914, 46.06411], [-1.091441, 46.064083], [-1.091303, 46.064083], [-1.091174, 46.0641], [-1.090779, 46.0642], [-1.089592, 46.06453], [-1.089332, 46.06461], [-1.089054, 46.064674], [-1.088494, 46.06479], [-1.088148, 46.064903], [-1.087742, 46.065025], [-1.086929, 46.06524], [-1.086352, 46.065403], [-1.08594, 46.065514], [-1.085807, 46.06555], [-1.085763, 46.06559], [-1.085793, 46.065636], [-1.086456, 46.06611], [-1.087127, 46.066586], [-1.087275, 46.06672], [-1.088347, 46.067467], [-1.089188, 46.068066], [-1.089285, 46.068134], [-1.089364, 46.068165], [-1.08947, 46.068188], [-1.089771, 46.06823], [-1.090501, 46.068333], [-1.090614, 46.068356], [-1.090645, 46.06839], [-1.090416, 46.068974], [-1.090058, 46.07031], [-1.089637, 46.07164], [-1.089522, 46.07201], [-1.089399, 46.07238], [-1.08936, 46.07252], [-1.089365, 46.072582], [-1.089375, 46.07264], [-1.089435, 46.072742], [-1.089569, 46.07295], [-1.089752, 46.073345], [-1.090637, 46.074726], [-1.090652, 46.074802], [-1.090635, 46.074944], [-1.090589, 46.07502], [-1.09049, 46.07518], [-1.09002, 46.07595], [-1.089851, 46.076347], [-1.089829, 46.07643], [-1.089834, 46.076504], [-1.08989, 46.0766], [-1.09031, 46.077217], [-1.09047, 46.07739], [-1.090639, 46.077557], [-1.091063, 46.078094], [-1.091196, 46.078163], [-1.09127, 46.07826], [-1.091324, 46.078297], [-1.091383, 46.078297], [-1.092269, 46.078007], [-1.092374, 46.077965], [-1.092454, 46.07797], [-1.092548, 46.077984], [-1.092619, 46.077957], [-1.09264, 46.0779], [-1.092623, 46.07786], [-1.092574, 46.07783], [-1.092515, 46.077805], [-1.09246, 46.077747], [-1.092426, 46.07769], [-1.092287, 46.077457], [-1.092192, 46.07728], [-1.092073, 46.077084], [-1.091934, 46.07686], [-1.091852, 46.076714], [-1.091644, 46.07631], [-1.091644, 46.07631], [-1.091382, 46.075905], [-1.091148, 46.07548], [-1.091029, 46.075287], [-1.090956, 46.075172], [-1.090883, 46.075134], [-1.090688, 46.07515], [-1.090574, 46.075165], [-1.090502, 46.07519], [-1.09033, 46.07544], [-1.090202, 46.075565], [-1.090202, 46.075565], [-1.089986, 46.076023], [-1.089839, 46.07634], [-1.08977, 46.07643], [-1.089649, 46.07649], [-1.089311, 46.076595], [-1.089106, 46.076653], [-1.088896, 46.076694], [-1.088237, 46.076786], [-1.0881, 46.076797], [-1.088003, 46.07678], [-1.087915, 46.076794], [-1.087869, 46.07684], [-1.08787, 46.0769], [-1.087897, 46.076935], [-1.087952, 46.07696], [-1.088031, 46.077007], [-1.088146, 46.07709], [-1.088382, 46.07743], [-1.088533, 46.0777], [-1.088533, 46.0777], [-1.088886, 46.0782], [-1.089057, 46.078457], [-1.089239, 46.078705], [-1.089681, 46.07931], [-1.090134, 46.079926], [-1.090347, 46.080215], [-1.090459, 46.080368], [-1.090564, 46.080536], [-1.09076, 46.08091], [-1.090938, 46.0813], [-1.090938, 46.0813], [-1.0911, 46.081554], [-1.09124, 46.081814], [-1.091405, 46.082115], [-1.091548, 46.08235], [-1.091656, 46.082504], [-1.091779, 46.082638], [-1.092071, 46.08294], [-1.09224, 46.08308], [-1.092303, 46.083164], [-1.092363, 46.083244], [-1.092554, 46.083466], [-1.092727, 46.08369], [-1.092806, 46.08376], [-1.092897, 46.08382], [-1.092967, 46.083874], [-1.093002, 46.083935], [-1.093015, 46.083973], [-1.093036, 46.08403], [-1.093073, 46.08414], [-1.0931, 46.08433], [-1.0931, 46.08433], [-1.09319, 46.08443], [-1.093285, 46.08457], [-1.093406, 46.084724], [-1.093543, 46.084873], [-1.093818, 46.08518], [-1.094218, 46.085613], [-1.094846, 46.086327], [-1.095145, 46.08665], [-1.095465, 46.086994], [-1.095863, 46.087425], [-1.096065, 46.087646], [-1.096274, 46.08786], [-1.096497, 46.088097], [-1.096497, 46.088097], [-1.096681, 46.08822], [-1.096855, 46.088356], [-1.097028, 46.08849], [-1.097203, 46.088627], [-1.09764, 46.088963], [-1.097868, 46.08913], [-1.098079, 46.089302], [-1.098207, 46.089428], [-1.098321, 46.089565], [-1.098423, 46.0897], [-1.09852, 46.08984], [-1.098608, 46.090015], [-1.09868, 46.090202], [-1.098921, 46.091003], [-1.099065, 46.09149], [-1.099218, 46.091972], [-1.099275, 46.092182], [-1.099305, 46.0924], [-1.099305, 46.0924], [-1.099438, 46.09292], [-1.099476, 46.093185], [-1.099502, 46.093315], [-1.099515, 46.093452], [-1.099523, 46.093895], [-1.099523, 46.094116], [-1.099518, 46.09435], [-1.099526, 46.09443], [-1.09955, 46.09449], [-1.099564, 46.09454], [-1.099568, 46.094578], [-1.099537, 46.09464], [-1.099531, 46.094704], [-1.099563, 46.094757], [-1.099629, 46.09478], [-1.099722, 46.09479], [-1.099814, 46.094837], [-1.09992, 46.094925], [-1.100004, 46.09498], [-1.100102, 46.09501], [-1.100302, 46.095097], [-1.100302, 46.095097], [-1.100479, 46.095108], [-1.100572, 46.095135], [-1.100658, 46.09517], [-1.100807, 46.095222], [-1.100899, 46.095276], [-1.10098, 46.09534], [-1.10135, 46.09566], [-1.101592, 46.09585], [-1.101851, 46.09604], [-1.102103, 46.096195], [-1.102366, 46.096348], [-1.103251, 46.096817], [-1.103699, 46.097057], [-1.103921, 46.09718], [-1.104115, 46.0973], [-1.104279, 46.097466], [-1.104391, 46.097645], [-1.10472, 46.09802], [-1.104878, 46.0982], [-1.10505, 46.09838], [-1.105359, 46.09873], [-1.105663, 46.09908], [-1.105973, 46.09943], [-1.106281, 46.099785], [-1.106529, 46.10007], [-1.106783, 46.100353], [-1.107123, 46.100746], [-1.107312, 46.100945], [-1.107469, 46.101128], [-1.107561, 46.10122], [-1.107667, 46.1013], [-1.107708, 46.101376], [-1.107708, 46.101376], [-1.107836, 46.10141], [-1.107871, 46.101448], [-1.107905, 46.101498], [-1.10793, 46.101578], [-1.107916, 46.101673], [-1.107883, 46.101757], [-1.107774, 46.10187], [-1.107711, 46.101933], [-1.107665, 46.101997], [-1.107365, 46.102806], [-1.107326, 46.10296], [-1.107302, 46.1031], [-1.107289, 46.103283], [-1.107289, 46.10345], [-1.10728, 46.103676], [-1.10728, 46.103676], [-1.107373, 46.103893], [-1.1074, 46.10412], [-1.10741, 46.10423], [-1.1074, 46.10435], [-1.10725, 46.10479], [-1.107238, 46.104893], [-1.10726, 46.10499], [-1.107315, 46.105015], [-1.108324, 46.105213], [-1.108667, 46.105267], [-1.1088, 46.105267], [-1.10893, 46.10525], [-1.109018, 46.10524], [-1.10976, 46.105247], [-1.109918, 46.105263], [-1.110201, 46.105305], [-1.110267, 46.105305], [-1.110329, 46.10533], [-1.11041, 46.10542], [-1.11054, 46.10554], [-1.110805, 46.105755], [-1.111041, 46.105904], [-1.111277, 46.106056], [-1.111277, 46.106056], [-1.111413, 46.106083], [-1.111599, 46.106148], [-1.111891, 46.106216], [-1.112104, 46.106274], [-1.112325, 46.106323], [-1.112448, 46.10637], [-1.112562, 46.10642], [-1.1134, 46.10685], [-1.11397, 46.10716], [-1.114406, 46.107388], [-1.114819, 46.10764], [-1.114913, 46.10768], [-1.114949, 46.107746], [-1.114976, 46.10779], [-1.115031, 46.107838], [-1.115015, 46.107887], [-1.114996, 46.10796], [-1.115, 46.108025], [-1.11515, 46.108307], [-1.115298, 46.108612], [-1.115424, 46.10893], [-1.115484, 46.10909], [-1.115528, 46.109253], [-1.11554, 46.10933], [-1.115535, 46.10941], [-1.115453, 46.10996], [-1.115431, 46.110207], [-1.115426, 46.11045], [-1.11538, 46.1108], [-1.11533, 46.111057], [-1.115262, 46.111324], [-1.11513, 46.1118], [-1.115109, 46.11185], [-1.115032, 46.111855], [-1.11498, 46.11184], [-1.114687, 46.111736], [-1.114332, 46.111614], [-1.113956, 46.11152], [-1.11381, 46.111485], [-1.113666, 46.111443], [-1.113347, 46.111313], [-1.113037, 46.111187], [-1.112368, 46.11092], [-1.112147, 46.11082], [-1.111968, 46.110706], [-1.11174, 46.11055], [-1.111532, 46.11037], [-1.1114, 46.110157], [-1.111119, 46.109924], [-1.111024, 46.109848], [-1.110956, 46.10974], [-1.110713, 46.109467], [-1.110545, 46.10929], [-1.110479, 46.1092], [-1.110358, 46.10891], [-1.11018, 46.10862], [-1.110108, 46.108524], [-1.110018, 46.10834], [-1.109989, 46.108253], [-1.109824, 46.107967], [-1.109788, 46.107903], [-1.109651, 46.107677], [-1.109636, 46.10761], [-1.109536, 46.107475], [-1.10947, 46.107426], [-1.109401, 46.107353], [-1.109293, 46.107162], [-1.10907, 46.10672], [-1.108738, 46.1062], [-1.108674, 46.106125], [-1.108618, 46.10609], [-1.108561, 46.10607], [-1.10852, 46.10608], [-1.10844, 46.106113], [-1.108316, 46.10617], [-1.10821, 46.10624], [-1.107555, 46.106575], [-1.107555, 46.106575], [-1.10733, 46.10674], [-1.10694, 46.10689], [-1.106281, 46.107124], [-1.105611, 46.107334], [-1.105491, 46.107418], [-1.10542, 46.10744], [-1.105338, 46.10745], [-1.105249, 46.107437], [-1.105184, 46.107464], [-1.105163, 46.1075], [-1.10517, 46.10753], [-1.105208, 46.107567], [-1.105273, 46.107586], [-1.105322, 46.107613], [-1.105393, 46.107723], [-1.10549, 46.10789], [-1.10554, 46.10805], [-1.105559, 46.10826], [-1.105484, 46.10877], [-1.105429, 46.10904], [-1.10538, 46.10917], [-1.105065, 46.10961], [-1.104958, 46.10971], [-1.104958, 46.10971], [-1.104981, 46.109764], [-1.105007, 46.10981], [-1.105046, 46.109844], [-1.10514, 46.109844], [-1.105214, 46.10981], [-1.105217, 46.109745], [-1.105282, 46.10952], [-1.105283, 46.10944], [-1.10531, 46.10937], [-1.105399, 46.10921], [-1.105441, 46.10911], [-1.105484, 46.108936], [-1.105516, 46.108765], [-1.105563, 46.108505], [-1.105588, 46.10826], [-1.105588, 46.108147], [-1.10556, 46.108006], [-1.105505, 46.107883], [-1.105421, 46.10771], [-1.105386, 46.10764], [-1.10536, 46.10757], [-1.105352, 46.107517], [-1.105325, 46.107475], [-1.105253, 46.10744], [-1.105192, 46.10741], [-1.105131, 46.107365], [-1.105088, 46.107292], [-1.105024, 46.107193], [-1.104982, 46.10712], [-1.104958, 46.10706], [-1.104957, 46.106995], [-1.104967, 46.10688], [-1.104982, 46.10676], [-1.10507, 46.10593], [-1.105117, 46.10552], [-1.10514, 46.105278], [-1.105157, 46.105114], [-1.105181, 46.104984], [-1.10523, 46.104866], [-1.105286, 46.10477], [-1.10532, 46.10471], [-1.105328, 46.104668], [-1.105275, 46.10464], [-1.105189, 46.10463], [-1.104995, 46.104595], [-1.104674, 46.104546], [-1.1044, 46.10447], [-1.1044, 46.10447], [-1.103906, 46.10444], [-1.10341, 46.104385], [-1.103299, 46.104378], [-1.103227, 46.10436], [-1.102891, 46.104317], [-1.102601, 46.1043], [-1.102435, 46.104294], [-1.102346, 46.10428], [-1.102242, 46.10426], [-1.10213, 46.10427], [-1.102061, 46.10431], [-1.10199, 46.104336], [-1.101835, 46.10436], [-1.101647, 46.10437], [-1.101372, 46.10437], [-1.101152, 46.104366], [-1.100753, 46.104324], [-1.100455, 46.104286], [-1.099973, 46.10422], [-1.099488, 46.104153], [-1.09892, 46.10407], [-1.098352, 46.103947], [-1.098283, 46.103962], [-1.098239, 46.103935], [-1.098196, 46.103893], [-1.098135, 46.10381], [-1.098023, 46.10375], [-1.097911, 46.10373], [-1.097821, 46.103737], [-1.097749, 46.103767], [-1.097695, 46.103813], [-1.097594, 46.103874], [-1.097469, 46.103897], [-1.097275, 46.10391], [-1.09701, 46.10391], [-1.096834, 46.103893], [-1.096727, 46.10385], [-1.09664, 46.10383], [-1.09653, 46.10383], [-1.096451, 46.103848], [-1.096384, 46.10389], [-1.09632, 46.103924], [-1.09623, 46.103954], [-1.09611, 46.10397], [-1.09591, 46.10399], [-1.09565, 46.104008], [-1.095111, 46.104034], [-1.094788, 46.104015], [-1.094153, 46.104088], [-1.093996, 46.104088], [-1.093886, 46.104088], [-1.0938, 46.104076], [-1.093723, 46.10405], [-1.09367, 46.104], [-1.09359, 46.10396], [-1.09347, 46.10394], [-1.09334, 46.10395], [-1.09324, 46.10398], [-1.09317, 46.10404], [-1.09312, 46.10411], [-1.09312, 46.10418], [-1.09315, 46.10426], [-1.09322, 46.10432], [-1.09334, 46.10437], [-1.09349, 46.10438], [-1.09356, 46.1044], [-1.09364, 46.10446], [-1.0938, 46.10462], [-1.093848, 46.10467], [-1.094097, 46.104958], [-1.094221, 46.105103], [-1.094351, 46.105232], [-1.094466, 46.105328], [-1.094547, 46.105385], [-1.094636, 46.105434], [-1.094762, 46.10549], [-1.094927, 46.10555], [-1.095086, 46.105602], [-1.09526, 46.105633], [-1.095503, 46.105663], [-1.095719, 46.105694], [-1.096138, 46.10574], [-1.096498, 46.10579], [-1.096721, 46.10583], [-1.09684, 46.10588], [-1.096932, 46.10593], [-1.097067, 46.106064], [-1.097155, 46.10615], [-1.097225, 46.106243], [-1.098207, 46.10735], [-1.099179, 46.108467], [-1.099894, 46.109314], [-1.1006, 46.110172], [-1.100841, 46.110474], [-1.10109, 46.11077], [-1.101342, 46.111076], [-1.101593, 46.111362], [-1.102151, 46.112015], [-1.102694, 46.11266], [-1.103187, 46.113274], [-1.103433, 46.11358], [-1.103688, 46.113888], [-1.104188, 46.114487], [-1.104436, 46.11479], [-1.104692, 46.115105], [-1.106089, 46.11682], [-1.10679, 46.11768], [-1.107143, 46.118107], [-1.107489, 46.118538], [-1.10763, 46.118755], [-1.107784, 46.118965], [-1.107871, 46.119083], [-1.10806, 46.11944], [-1.10814, 46.11966], [-1.10818, 46.11988], [-1.1082, 46.12011], [-1.10819, 46.12036], [-1.108132, 46.120697], [-1.10799, 46.12139], [-1.107948, 46.121593], [-1.107944, 46.121788], [-1.10796, 46.121937], [-1.107994, 46.12208], [-1.108071, 46.12226], [-1.108157, 46.122417], [-1.108279, 46.122574], [-1.108419, 46.12273], [-1.108555, 46.122856], [-1.108706, 46.122967], [-1.108801, 46.123035], [-1.108915, 46.123096], [-1.109018, 46.123154], [-1.109133, 46.1232], [-1.109268, 46.123257], [-1.109422, 46.123314], [-1.109654, 46.1234], [-1.110117, 46.123566], [-1.110956, 46.123863], [-1.111352, 46.12403], [-1.111665, 46.124187], [-1.11188, 46.12431], [-1.112082, 46.124443], [-1.112262, 46.124577], [-1.112573, 46.124855], [-1.112775, 46.125057], [-1.11295, 46.12527], [-1.11378, 46.12628], [-1.115494, 46.128384], [-1.115941, 46.128944], [-1.116166, 46.12922], [-1.116388, 46.12949], [-1.116722, 46.129887], [-1.116892, 46.13012], [-1.11698, 46.130276], [-1.117124, 46.130386], [-1.117471, 46.130802], [-1.117818, 46.131226], [-1.118209, 46.131714], [-1.118558, 46.132214], [-1.118962, 46.132637], [-1.119329, 46.13307], [-1.119941, 46.13383], [-1.120285, 46.13425], [-1.120567, 46.1346], [-1.120642, 46.134712], [-1.120621, 46.134785], [-1.12059, 46.13484], [-1.12055, 46.13487], [-1.12052, 46.1349], [-1.12051, 46.13498], [-1.12053, 46.13503], [-1.12063, 46.1351], [-1.120751, 46.13512], [-1.120915, 46.135162], [-1.121698, 46.135445], [-1.124238, 46.136444], [-1.124365, 46.136402], [-1.124465, 46.13644], [-1.124537, 46.136482], [-1.12458, 46.13654], [-1.124611, 46.13657], [-1.124657, 46.136604], [-1.124762, 46.136627], [-1.12486, 46.13663], [-1.12495, 46.136627], [-1.125037, 46.13665], [-1.125247, 46.136726], [-1.126017, 46.137005], [-1.126403, 46.137146], [-1.126788, 46.13728], [-1.127359, 46.13748], [-1.127641, 46.137585], [-1.127793, 46.13763], [-1.127941, 46.137733], [-1.128424, 46.137856], [-1.128902, 46.13803], [-1.129113, 46.138107], [-1.129349, 46.13819], [-1.129644, 46.138294], [-1.129939, 46.138397], [-1.130537, 46.13858], [-1.130904, 46.13872], [-1.131263, 46.138863], [-1.131441, 46.13897], [-1.131506, 46.139027], [-1.131561, 46.139107], [-1.131597, 46.13921], [-1.131607, 46.139313], [-1.131592, 46.139465], [-1.131584, 46.13954], [-1.131597, 46.139614], [-1.131609, 46.139668], [-1.131653, 46.13975], [-1.131718, 46.139828], [-1.131792, 46.139893], [-1.131913, 46.139957], [-1.132055, 46.140003], [-1.132239, 46.14003], [-1.132479, 46.140053], [-1.132687, 46.140053], [-1.133123, 46.140095], [-1.133568, 46.14014], [-1.133794, 46.140167], [-1.133902, 46.14019], [-1.13401, 46.14021], [-1.134515, 46.140247], [-1.134991, 46.14034], [-1.13522, 46.140316], [-1.135419, 46.140354], [-1.135612, 46.14041], [-1.1358, 46.14048], [-1.136807, 46.14084], [-1.137321, 46.14102], [-1.137578, 46.14111], [-1.137821, 46.141205], [-1.138763, 46.14152], [-1.138997, 46.141605], [-1.139088, 46.141647], [-1.139325, 46.14174], [-1.139483, 46.141838], [-1.13975, 46.14191], [-1.13978, 46.14195], [-1.13978, 46.14198], [-1.13979, 46.14201], [-1.13976, 46.1421], [-1.139424, 46.14252], [-1.1392, 46.14281], [-1.139127, 46.142895], [-1.13833, 46.14394], [-1.138252, 46.143944], [-1.138252, 46.143944], [-1.13795, 46.14445], [-1.137801, 46.144646], [-1.13769, 46.144783], [-1.137564, 46.144905], [-1.137213, 46.14513], [-1.137105, 46.145164], [-1.137024, 46.145176], [-1.136895, 46.145153], [-1.136784, 46.145153], [-1.136678, 46.145176], [-1.136564, 46.14524], [-1.136504, 46.14534], [-1.136501, 46.14545], [-1.136553, 46.145546], [-1.136692, 46.14563], [-1.136767, 46.14566], [-1.136783, 46.14572], [-1.136813, 46.145916], [-1.136816, 46.146057], [-1.136822, 46.1463], [-1.136837, 46.146606], [-1.136873, 46.146763], [-1.136928, 46.14691], [-1.137038, 46.147152], [-1.137179, 46.14738], [-1.137957, 46.148426], [-1.138537, 46.149208], [-1.139105, 46.149982], [-1.139224, 46.150192], [-1.139375, 46.150505], [-1.139493, 46.150833], [-1.139519, 46.151054], [-1.139526, 46.151268], [-1.139514, 46.151485], [-1.139471, 46.151684], [-1.139401, 46.151787], [-1.139336, 46.151848], [-1.13929, 46.15187], [-1.139229, 46.15189], [-1.139155, 46.15194], [-1.13911, 46.152008], [-1.139095, 46.152065], [-1.139099, 46.152126], [-1.139116, 46.152184], [-1.139156, 46.15223], [-1.139225, 46.152287], [-1.139292, 46.15232], [-1.139392, 46.15234], [-1.139461, 46.152367], [-1.139441, 46.152527], [-1.139404, 46.152695], [-1.139336, 46.15282], [-1.139269, 46.15339], [-1.139255, 46.153687], [-1.139246, 46.153896], [-1.139243, 46.154102], [-1.139272, 46.15433], [-1.13934, 46.154564], [-1.139389, 46.154663], [-1.13948, 46.15481], [-1.13961, 46.154984], [-1.13976, 46.155144], [-1.139954, 46.1553], [-1.140171, 46.15544], [-1.140327, 46.15554], [-1.140501, 46.15563], [-1.140851, 46.15582], [-1.141271, 46.156044], [-1.141658, 46.156258], [-1.141963, 46.15642], [-1.142274, 46.15658], [-1.142869, 46.156902], [-1.143213, 46.15708], [-1.1434, 46.15718], [-1.144052, 46.15753], [-1.144533, 46.157784], [-1.144722, 46.15791], [-1.145441, 46.15843], [-1.145647, 46.158524], [-1.1458, 46.158607], [-1.145962, 46.158688], [-1.146261, 46.158813], [-1.146545, 46.158905], [-1.14718, 46.158962], [-1.14783, 46.15901], [-1.14803, 46.15903], [-1.14826, 46.15903], [-1.148643, 46.15903], [-1.148999, 46.159004], [-1.149142, 46.158993], [-1.149285, 46.158966], [-1.149415, 46.158936], [-1.14954, 46.158897], [-1.149786, 46.158817], [-1.149969, 46.158775], [-1.150152, 46.158676], [-1.150338, 46.15857], [-1.150467, 46.158512], [-1.150711, 46.158432], [-1.150769, 46.158348], [-1.150824, 46.158302], [-1.150869, 46.158253], [-1.150873, 46.158207], [-1.150857, 46.158165], [-1.150821, 46.15814], [-1.150769, 46.15812], [-1.15068, 46.158073], [-1.150643, 46.15803], [-1.150613, 46.15799], [-1.150513, 46.15784], [-1.150252, 46.15746], [-1.149992, 46.157078], [-1.149745, 46.15672], [-1.149606, 46.156406], [-1.149511, 46.156197], [-1.149498, 46.156067], [-1.149469, 46.155968], [-1.149392, 46.155884], [-1.149298, 46.155804], [-1.149138, 46.155685], [-1.149002, 46.155537], [-1.148741, 46.155365], [-1.148343, 46.15504], [-1.147665, 46.15449], [-1.147269, 46.15418], [-1.147091, 46.154037], [-1.146971, 46.15393], [-1.146849, 46.153824], [-1.146505, 46.153515]]}}, {"type": "Feature", "properties": {"route_short_name": "201", "route_long_name": "Coll\u00e8ge J. Guiton <> Lagord", "shape_id": "CA_LA_ROCHELLE:JourneyPattern:201_BE7AAF6CCAB8BBBFE061C559A048E13D", "n_points": 295, "n_shape_variants_in_source": 6}, "geometry": {"type": "LineString", "coordinates": [[-1.171552, 46.17225], [-1.171201, 46.172356], [-1.171102, 46.172417], [-1.171018, 46.172504], [-1.171001, 46.17258], [-1.170907, 46.172607], [-1.16993, 46.17291], [-1.16811, 46.17348], [-1.16789, 46.17354], [-1.16767, 46.17358], [-1.16753, 46.17353], [-1.16743, 46.17354], [-1.16736, 46.17357], [-1.16734, 46.1736], [-1.16731, 46.17368], [-1.16712, 46.17379], [-1.1669, 46.17387], [-1.16661, 46.1739], [-1.16649, 46.17388], [-1.16641, 46.17389], [-1.16632, 46.17394], [-1.16628, 46.17403], [-1.16633, 46.17412], [-1.16642, 46.17416], [-1.16657, 46.17424], [-1.16665, 46.17432], [-1.1667, 46.17442], [-1.16676, 46.17455], [-1.1668, 46.17468], [-1.16688, 46.17497], [-1.16703, 46.17567], [-1.16718, 46.17639], [-1.16749, 46.17786], [-1.16758, 46.17845], [-1.16758, 46.17874], [-1.16756, 46.17913], [-1.16754, 46.1793], [-1.16743, 46.17978], [-1.167127, 46.18051], [-1.16706, 46.18074], [-1.1669, 46.18097], [-1.16685, 46.18117], [-1.16685, 46.18128], [-1.16683, 46.18152], [-1.16683, 46.18201], [-1.16605, 46.18202], [-1.16508, 46.18202], [-1.16368, 46.18207], [-1.16343, 46.18208], [-1.16333, 46.18211], [-1.16301, 46.18226], [-1.16136, 46.18312], [-1.16108, 46.18327], [-1.16073, 46.18341], [-1.1603, 46.18344], [-1.15979, 46.18346], [-1.15973, 46.18344], [-1.15875, 46.18346], [-1.15873, 46.18418], [-1.15875, 46.18478], [-1.15878, 46.18529], [-1.15888, 46.18635], [-1.1589, 46.18688], [-1.158822, 46.187206], [-1.15889, 46.18741], [-1.1589, 46.18746], [-1.15887, 46.18747], [-1.15883, 46.18751], [-1.1587, 46.1875], [-1.15774, 46.18758], [-1.157513, 46.187546], [-1.157513, 46.187546], [-1.157, 46.18752], [-1.15654, 46.18744], [-1.15645, 46.18741], [-1.15633, 46.18733], [-1.15607, 46.18716], [-1.15593, 46.1871], [-1.15546, 46.18698], [-1.15532, 46.18691], [-1.15521, 46.18682], [-1.15514, 46.18676], [-1.15515, 46.18672], [-1.15512, 46.18669], [-1.15507, 46.18668], [-1.15503, 46.1867], [-1.15502, 46.18674], [-1.15495, 46.18677], [-1.15483, 46.1869], [-1.15464, 46.18731], [-1.154516, 46.187492], [-1.15414, 46.18845], [-1.15386, 46.18909], [-1.15386, 46.18919], [-1.15393, 46.1892], [-1.15388, 46.18932], [-1.15382, 46.18941], [-1.15374, 46.18945], [-1.15368, 46.18958], [-1.153422, 46.190144], [-1.153422, 46.190144], [-1.15333, 46.19048], [-1.15352, 46.19054], [-1.15393, 46.19063], [-1.15462, 46.19081], [-1.15503, 46.19093], [-1.15659, 46.1915], [-1.15675, 46.19156], [-1.1567, 46.19164], [-1.15642, 46.19236], [-1.15623, 46.19293], [-1.15618, 46.19311], [-1.15617, 46.19331], [-1.15624, 46.19362], [-1.156205, 46.193714], [-1.156269, 46.193783], [-1.156279, 46.193863], [-1.156273, 46.193913], [-1.156249, 46.19394], [-1.15621, 46.19396], [-1.15606, 46.19398], [-1.155982, 46.193974], [-1.155906, 46.19395], [-1.155826, 46.193913], [-1.155759, 46.19386], [-1.155496, 46.19364], [-1.155333, 46.193516], [-1.155247, 46.19344], [-1.155151, 46.19339], [-1.155059, 46.193336], [-1.154791, 46.1932], [-1.154401, 46.193047], [-1.154161, 46.192963], [-1.153951, 46.192856], [-1.153702, 46.192722], [-1.153379, 46.19258], [-1.153066, 46.19243], [-1.151865, 46.191914], [-1.151746, 46.191853], [-1.15162, 46.19179], [-1.151509, 46.19175], [-1.151442, 46.191727], [-1.15143, 46.19171], [-1.151409, 46.191685], [-1.151355, 46.191658], [-1.151289, 46.191654], [-1.151253, 46.191666], [-1.151213, 46.191666], [-1.151175, 46.191654], [-1.150837, 46.191566], [-1.150508, 46.19147], [-1.150274, 46.1914], [-1.150038, 46.191322], [-1.149474, 46.191105], [-1.149248, 46.19101], [-1.149017, 46.19093], [-1.148733, 46.19085], [-1.148397, 46.190784], [-1.1477, 46.19068], [-1.14749, 46.1906], [-1.14738, 46.19051], [-1.14734, 46.19041], [-1.14722, 46.1903], [-1.14703, 46.19022], [-1.1469, 46.1902], [-1.14673, 46.19021], [-1.14653, 46.19022], [-1.1463, 46.19017], [-1.14554, 46.19002], [-1.14466, 46.18984], [-1.144322, 46.189735], [-1.143654, 46.18963], [-1.143313, 46.18956], [-1.142974, 46.1895], [-1.14114, 46.189247], [-1.140902, 46.1892], [-1.140663, 46.18913], [-1.140663, 46.18913], [-1.140426, 46.189117], [-1.140199, 46.18908], [-1.139966, 46.189045], [-1.139865, 46.189034], [-1.139836, 46.189014], [-1.13983, 46.18898], [-1.139855, 46.18893], [-1.139944, 46.188816], [-1.140074, 46.18865], [-1.140145, 46.18856], [-1.140203, 46.188477], [-1.140241, 46.188404], [-1.140256, 46.188324], [-1.140286, 46.187992], [-1.140268, 46.18776], [-1.140268, 46.18764], [-1.140265, 46.187527], [-1.140275, 46.1874], [-1.140349, 46.18705], [-1.140394, 46.186844], [-1.140411, 46.186718], [-1.140413, 46.186626], [-1.140428, 46.18658], [-1.140703, 46.186253], [-1.140974, 46.185925], [-1.141329, 46.185505], [-1.141515, 46.185287], [-1.141666, 46.185104], [-1.14173, 46.18511], [-1.14173, 46.18511], [-1.141703, 46.18506], [-1.141792, 46.184967], [-1.141957, 46.184788], [-1.141997, 46.18474], [-1.14207, 46.184616], [-1.142133, 46.18451], [-1.14219, 46.184414], [-1.14222, 46.18436], [-1.14227, 46.184326], [-1.14237, 46.18428], [-1.142447, 46.18424], [-1.142451, 46.184185], [-1.142383, 46.184143], [-1.142203, 46.183983], [-1.142032, 46.183815], [-1.141727, 46.18351], [-1.141577, 46.183365], [-1.141418, 46.18322], [-1.141043, 46.18291], [-1.140855, 46.18276], [-1.140744, 46.18268], [-1.140633, 46.182526], [-1.140633, 46.182526], [-1.140443, 46.182404], [-1.140288, 46.18228], [-1.140117, 46.182167], [-1.139751, 46.18195], [-1.139654, 46.18189], [-1.139628, 46.181858], [-1.139624, 46.181824], [-1.139615, 46.1816], [-1.139615, 46.181484], [-1.139611, 46.181427], [-1.139621, 46.18137], [-1.139637, 46.18133], [-1.139698, 46.18126], [-1.139726, 46.181213], [-1.139865, 46.181087], [-1.139996, 46.18095], [-1.14008, 46.180862], [-1.140157, 46.180775], [-1.140224, 46.180622], [-1.14023, 46.18056], [-1.140284, 46.180485], [-1.140337, 46.180428], [-1.140414, 46.180336], [-1.140461, 46.180256], [-1.140506, 46.18015], [-1.140563, 46.180016], [-1.140533, 46.17991], [-1.140588, 46.17972], [-1.140637, 46.17947], [-1.140686, 46.179222], [-1.14073, 46.17901], [-1.140768, 46.17875], [-1.14078, 46.178616], [-1.140785, 46.17855], [-1.140782, 46.178505], [-1.140824, 46.17848], [-1.140908, 46.178493], [-1.141584, 46.178547], [-1.14166, 46.17854], [-1.14158, 46.178574], [-1.141945, 46.178562], [-1.142086, 46.178577], [-1.142513, 46.178642], [-1.14294, 46.17871], [-1.143116, 46.178738], [-1.143974, 46.1788], [-1.144248, 46.178833], [-1.144488, 46.178864], [-1.14474, 46.17888], [-1.14523, 46.17893], [-1.145524, 46.178963], [-1.145599, 46.178963], [-1.145678, 46.178955], [-1.145823, 46.178944], [-1.146276, 46.178913], [-1.146731, 46.178867], [-1.14713, 46.178814], [-1.147389, 46.178772], [-1.147544, 46.178753], [-1.147794, 46.1787], [-1.148108, 46.17862], [-1.148211, 46.1786], [-1.148292, 46.178577], [-1.148497, 46.17854]]}}, {"type": "Feature", "properties": {"route_short_name": "202", "route_long_name": "Coll\u00e8ge J. Guiton <> L'Houmeau", "shape_id": "CA_LA_ROCHELLE:JourneyPattern:202_178FEC87BA8912C319028B3288CE6D5D", "n_points": 346, "n_shape_variants_in_source": 6}, "geometry": {"type": "LineString", "coordinates": [[-1.185255, 46.191612], [-1.185127, 46.191833], [-1.184974, 46.19203], [-1.184811, 46.192253], [-1.184704, 46.192413], [-1.184595, 46.19256], [-1.184487, 46.192722], [-1.18445, 46.192783], [-1.184399, 46.19284], [-1.184151, 46.193043], [-1.183904, 46.193245], [-1.183763, 46.193314], [-1.18341, 46.19373], [-1.18332, 46.19372], [-1.18328, 46.19372], [-1.18326, 46.19374], [-1.18255, 46.19328], [-1.182111, 46.19293], [-1.18131, 46.19244], [-1.18026, 46.19201], [-1.17977, 46.19179], [-1.17954, 46.19173], [-1.17889, 46.19159], [-1.17825, 46.19143], [-1.17697, 46.19098], [-1.17668, 46.19091], [-1.17621, 46.19086], [-1.17564, 46.19089], [-1.175591, 46.190865], [-1.17543, 46.1909], [-1.1755, 46.19131], [-1.17549, 46.19152], [-1.17537, 46.19171], [-1.1752, 46.19187], [-1.1749, 46.1921], [-1.17395, 46.19274], [-1.17356, 46.19304], [-1.17341, 46.19318], [-1.173686, 46.193386], [-1.17389, 46.19348], [-1.17393, 46.19351], [-1.17401, 46.19351], [-1.17418, 46.19354], [-1.17488, 46.19378], [-1.17556, 46.19404], [-1.17756, 46.19479], [-1.17923, 46.1954], [-1.1798, 46.19561], [-1.17997, 46.19566], [-1.18012, 46.19566], [-1.18027, 46.19563], [-1.18072, 46.19545], [-1.18088, 46.19557], [-1.181827, 46.196003], [-1.184215, 46.19686], [-1.18426, 46.196915], [-1.18429, 46.19698], [-1.184327, 46.197006], [-1.184393, 46.197006], [-1.18446, 46.196964], [-1.184901, 46.196648], [-1.185195, 46.19645], [-1.185331, 46.196354], [-1.185459, 46.196243], [-1.185579, 46.19613], [-1.185922, 46.19566], [-1.186124, 46.195477], [-1.186219, 46.19523], [-1.186503, 46.19483], [-1.186622, 46.194702], [-1.186739, 46.194553], [-1.186821, 46.194386], [-1.186903, 46.194244], [-1.186995, 46.19403], [-1.18707, 46.19381], [-1.18711, 46.19367], [-1.187109, 46.193546], [-1.187053, 46.193382], [-1.186941, 46.19299], [-1.18683, 46.19274], [-1.18688, 46.19248], [-1.18695, 46.19227], [-1.18709, 46.19204], [-1.1878, 46.19097], [-1.18819, 46.19046], [-1.18875, 46.18983], [-1.18908, 46.18941], [-1.18951, 46.18875], [-1.18974, 46.18848], [-1.19016, 46.18802], [-1.19044, 46.18763], [-1.19055, 46.18743], [-1.19061, 46.18715], [-1.19067, 46.18671], [-1.19082, 46.18631], [-1.19113, 46.18575], [-1.19134, 46.18534], [-1.19137, 46.18519], [-1.19136, 46.18496], [-1.1913, 46.1846], [-1.19134, 46.18451], [-1.19138, 46.18444], [-1.19146, 46.18436], [-1.19149, 46.18428], [-1.19147, 46.18424], [-1.19136, 46.18419], [-1.19129, 46.18419], [-1.19109, 46.18426], [-1.1909, 46.18431], [-1.19062, 46.18435], [-1.19009, 46.18444], [-1.18997, 46.18444], [-1.18991, 46.18442], [-1.18939, 46.18427], [-1.18899, 46.18417], [-1.18866, 46.18411], [-1.18827, 46.1841], [-1.18797, 46.18417], [-1.18781, 46.18422], [-1.18765, 46.18432], [-1.18714, 46.18473], [-1.186144, 46.185513], [-1.18589, 46.1858], [-1.18582, 46.18585], [-1.18573, 46.18586], [-1.18539, 46.18582], [-1.18517, 46.1858], [-1.18508, 46.18582], [-1.18501, 46.18585], [-1.18491, 46.18602], [-1.18473, 46.18623], [-1.18432, 46.18686], [-1.18423, 46.18701], [-1.18483, 46.18722], [-1.18566, 46.18751], [-1.18574, 46.18755], [-1.18578, 46.18762], [-1.1858, 46.18769], [-1.18587, 46.18774], [-1.18596, 46.18778], [-1.185994, 46.187675], [-1.18596, 46.18778], [-1.18601, 46.1878], [-1.18625, 46.18789], [-1.18672, 46.18802], [-1.18679, 46.18803], [-1.18688, 46.188], [-1.18693, 46.18797], [-1.18705, 46.18777], [-1.18725, 46.18742], [-1.18757, 46.18688], [-1.18765, 46.18671], [-1.18766, 46.18662], [-1.18763, 46.18653], [-1.187586, 46.186363], [-1.187586, 46.186363], [-1.18736, 46.18602], [-1.18738, 46.18584], [-1.1875, 46.18562], [-1.18812, 46.18462], [-1.18813, 46.18454], [-1.18812, 46.18452], [-1.18765, 46.18432], [-1.18781, 46.18422], [-1.18797, 46.18417], [-1.18827, 46.1841], [-1.18866, 46.18411], [-1.189166, 46.184254], [-1.189518, 46.184322], [-1.189839, 46.184414], [-1.189902, 46.184433], [-1.189975, 46.184444], [-1.19003, 46.18445], [-1.190101, 46.18445], [-1.190321, 46.184414], [-1.190622, 46.184364], [-1.190909, 46.184322], [-1.190967, 46.184315], [-1.191018, 46.18431], [-1.191078, 46.184315], [-1.19113, 46.18433], [-1.191187, 46.18435], [-1.19123, 46.18438], [-1.19125, 46.184414], [-1.191265, 46.184444], [-1.191278, 46.18448], [-1.191285, 46.18451], [-1.19129, 46.184624], [-1.191308, 46.18474], [-1.191343, 46.184963], [-1.191361, 46.185085], [-1.191366, 46.18514], [-1.191361, 46.18519], [-1.191324, 46.18534], [-1.191236, 46.185547], [-1.191127, 46.18575], [-1.190875, 46.186096], [-1.190875, 46.186096], [-1.19082, 46.18631], [-1.190759, 46.186424], [-1.190713, 46.18654], [-1.19067, 46.18671], [-1.19064, 46.18685], [-1.19063, 46.18699], [-1.190595, 46.18721], [-1.190577, 46.18732], [-1.19055, 46.18743], [-1.1905, 46.18753], [-1.19044, 46.18763], [-1.19032, 46.18781], [-1.19016, 46.18802], [-1.18994, 46.18825], [-1.1897, 46.18851], [-1.189602, 46.188618], [-1.18953, 46.18873], [-1.18926, 46.18912], [-1.189101, 46.18936], [-1.18903, 46.189472], [-1.188954, 46.18957], [-1.188755, 46.18981], [-1.188538, 46.19005], [-1.18819, 46.19046], [-1.1878, 46.19097], [-1.18729, 46.19175], [-1.18727, 46.19178], [-1.18696, 46.19166], [-1.18654, 46.1915], [-1.18651, 46.19149], [-1.18615, 46.19148], [-1.18598, 46.19147], [-1.18577, 46.19141], [-1.18554, 46.19131], [-1.18515, 46.19106], [-1.18477, 46.19082], [-1.18418, 46.19043], [-1.18384, 46.19022], [-1.18353, 46.19005], [-1.18349, 46.19003], [-1.183538, 46.190014], [-1.18349, 46.19003], [-1.18342, 46.19], [-1.18318, 46.18991], [-1.1826, 46.1897], [-1.18212, 46.18949], [-1.1819, 46.18934], [-1.18163, 46.18911], [-1.18143, 46.18886], [-1.18138, 46.18877], [-1.18129, 46.18856], [-1.18122, 46.18827], [-1.18118, 46.18806], [-1.18107, 46.18777], [-1.18093, 46.18757], [-1.18062, 46.18721], [-1.18019, 46.18676], [-1.17991, 46.18656], [-1.17962, 46.18643], [-1.17916, 46.18625], [-1.178222, 46.185787], [-1.178136, 46.185802], [-1.17806, 46.185787], [-1.177892, 46.18573], [-1.177152, 46.18545], [-1.17675, 46.18531], [-1.17635, 46.185158], [-1.17581, 46.18496], [-1.175511, 46.18485], [-1.17523, 46.18472], [-1.175033, 46.18461], [-1.17486, 46.18449], [-1.17466, 46.18432], [-1.1745, 46.18415], [-1.174371, 46.183975], [-1.174234, 46.18371], [-1.174098, 46.183453], [-1.173914, 46.183086], [-1.173734, 46.182747], [-1.17364, 46.18259], [-1.17357, 46.18247], [-1.173506, 46.182384], [-1.173472, 46.182304], [-1.173396, 46.182137], [-1.173355, 46.182064], [-1.1733, 46.18202], [-1.17327, 46.182], [-1.17323, 46.18198], [-1.17312, 46.18194], [-1.17295, 46.18191], [-1.172861, 46.181835], [-1.17266, 46.18192], [-1.172437, 46.181946], [-1.172299, 46.182003], [-1.17207, 46.18202], [-1.17185, 46.18202], [-1.17147, 46.18197], [-1.17028, 46.18171], [-1.16979, 46.18161], [-1.16939, 46.18148], [-1.16886, 46.18129], [-1.16856, 46.18121], [-1.16768, 46.18101], [-1.16724, 46.18092], [-1.16713, 46.18091], [-1.16716, 46.18084], [-1.16717, 46.18069], [-1.16718, 46.18052], [-1.1673, 46.18014], [-1.16743, 46.17978], [-1.16754, 46.1793], [-1.16756, 46.17913], [-1.16758, 46.17874], [-1.16758, 46.17845], [-1.16749, 46.17786], [-1.16718, 46.17639], [-1.16703, 46.17567], [-1.16688, 46.17497], [-1.1668, 46.17468], [-1.1667, 46.17442], [-1.16665, 46.17432], [-1.16664, 46.17421], [-1.16666, 46.17412], [-1.16669, 46.17408], [-1.1667, 46.17402], [-1.16679, 46.17394], [-1.1669, 46.17387], [-1.16701, 46.17383], [-1.16727, 46.17377], [-1.1674, 46.17379], [-1.16758, 46.17379], [-1.16765, 46.17377], [-1.1677, 46.17374], [-1.16771, 46.17369], [-1.16771, 46.17365], [-1.16781, 46.17362], [-1.16795, 46.17353], [-1.16952, 46.17303], [-1.171007, 46.17258], [-1.171199, 46.172527], [-1.171423, 46.17246], [-1.171864, 46.172318], [-1.171976, 46.172268], [-1.171994, 46.17225], [-1.171939, 46.17224], [-1.171813, 46.17227], [-1.171676, 46.172264], [-1.171552, 46.17225]]}}, {"type": "Feature", "properties": {"route_short_name": "203", "route_long_name": "Coll\u00e8ge J. Guiton <> Nieul-sur-Mer", "shape_id": "CA_LA_ROCHELLE:JourneyPattern:203_3EA25830C0B024FA06EF21ADDE1F23D1", "n_points": 423, "n_shape_variants_in_source": 1}, "geometry": {"type": "LineString", "coordinates": [[-1.124516, 46.20081], [-1.1253, 46.20055], [-1.12574, 46.20045], [-1.12633, 46.20046], [-1.12696, 46.20044], [-1.12843, 46.20049], [-1.12953, 46.20052], [-1.13193, 46.20058], [-1.13234, 46.20058], [-1.13329, 46.20048], [-1.13425, 46.20048], [-1.13501, 46.20043], [-1.13609, 46.20025], [-1.13619, 46.20025], [-1.13623, 46.20029], [-1.13628, 46.20038], [-1.13628, 46.20118], [-1.13624, 46.2026], [-1.13624, 46.20372], [-1.13623, 46.20444], [-1.13623, 46.20488], [-1.13625, 46.20492], [-1.13635, 46.205], [-1.13649, 46.20504], [-1.1373, 46.20511], [-1.13779, 46.20516], [-1.13803, 46.20518], [-1.138, 46.20531], [-1.13792, 46.20545], [-1.13782, 46.20563], [-1.13772, 46.20586], [-1.13752, 46.20645], [-1.13717, 46.20757], [-1.13679, 46.20883], [-1.13676, 46.20905], [-1.1368, 46.20935], [-1.13684, 46.20976], [-1.13682, 46.20999], [-1.13678, 46.21014], [-1.13674, 46.21023], [-1.13649, 46.2107], [-1.13637, 46.21078], [-1.13627, 46.21088], [-1.13615, 46.21083], [-1.13592, 46.21076], [-1.13581, 46.2107], [-1.13575, 46.21064], [-1.13568, 46.21057], [-1.13559, 46.21051], [-1.13548, 46.21049], [-1.13535, 46.21049], [-1.13521, 46.21052], [-1.13512, 46.21058], [-1.13505, 46.21064], [-1.13502, 46.21071], [-1.13504, 46.21084], [-1.13518, 46.21096], [-1.13526, 46.21099], [-1.13549, 46.211], [-1.13563, 46.21096], [-1.13576, 46.2109], [-1.13594, 46.21089], [-1.136047, 46.210964], [-1.13638, 46.21097], [-1.1367, 46.21097], [-1.13771, 46.21095], [-1.1386, 46.21087], [-1.13888, 46.21085], [-1.13919, 46.21088], [-1.1395, 46.21096], [-1.13968, 46.21103], [-1.14031, 46.21126], [-1.14114, 46.21137], [-1.14153, 46.2114], [-1.14187, 46.2114], [-1.14201, 46.21139], [-1.14224, 46.21138], [-1.14338, 46.21126], [-1.14407, 46.21122], [-1.14469, 46.21126], [-1.14548, 46.21129], [-1.1458, 46.21129], [-1.14641, 46.21124], [-1.14742, 46.21114], [-1.14802, 46.21105], [-1.1486, 46.2109], [-1.14945, 46.21076], [-1.14987, 46.21073], [-1.15045, 46.21072], [-1.15092, 46.21073], [-1.15156, 46.21078], [-1.15214, 46.21079], [-1.15406, 46.21063], [-1.15502, 46.21053], [-1.15588, 46.2104], [-1.15639, 46.21032], [-1.157344, 46.210167], [-1.157344, 46.210167], [-1.1576, 46.21003], [-1.15772, 46.20997], [-1.15781, 46.2099], [-1.15783, 46.20991], [-1.15788, 46.20992], [-1.15797, 46.20989], [-1.158, 46.20986], [-1.15808, 46.20988], [-1.15838, 46.2099], [-1.1591, 46.20986], [-1.16049, 46.20972], [-1.16118, 46.20953], [-1.16119, 46.20954], [-1.16126, 46.20956], [-1.16131, 46.20954], [-1.16133, 46.20952], [-1.16142, 46.20954], [-1.16178, 46.20957], [-1.16231, 46.20951], [-1.163394, 46.20943], [-1.163394, 46.20943], [-1.164161, 46.20931], [-1.16456, 46.20927], [-1.164923, 46.209236], [-1.165039, 46.20921], [-1.16509, 46.20919], [-1.165162, 46.209198], [-1.165214, 46.209198], [-1.165303, 46.20917], [-1.16547, 46.20918], [-1.16613, 46.20921], [-1.166633, 46.20924], [-1.166881, 46.209263], [-1.167, 46.20927], [-1.16713, 46.209274], [-1.167874, 46.20922], [-1.168257, 46.20919], [-1.168448, 46.209183], [-1.168639, 46.209175], [-1.169291, 46.209175], [-1.17006, 46.20919], [-1.170307, 46.209198], [-1.170366, 46.209206], [-1.170429, 46.209198], [-1.170476, 46.209175], [-1.170508, 46.209133], [-1.170527, 46.20901], [-1.170599, 46.20871], [-1.170659, 46.20847], [-1.170686, 46.208355], [-1.170724, 46.208244], [-1.17078, 46.208153], [-1.170849, 46.20806], [-1.170954, 46.207966], [-1.171044, 46.20788], [-1.171103, 46.20781], [-1.171161, 46.20771], [-1.17119, 46.20765], [-1.17121, 46.207584], [-1.171243, 46.20739], [-1.17128, 46.207203], [-1.171312, 46.20712], [-1.171415, 46.20696], [-1.171457, 46.206875], [-1.171504, 46.20679], [-1.171535, 46.206696], [-1.171559, 46.206596], [-1.171671, 46.2062], [-1.171775, 46.205795], [-1.171874, 46.20541], [-1.171896, 46.205353], [-1.17192, 46.20534], [-1.171967, 46.205322], [-1.171981, 46.20528], [-1.171962, 46.205242], [-1.171929, 46.205223], [-1.171915, 46.205193], [-1.171939, 46.205116], [-1.172047, 46.204792], [-1.172047, 46.204792], [-1.17206, 46.2045], [-1.17215, 46.20424], [-1.17224, 46.2041], [-1.17248, 46.2039], [-1.17265, 46.2038], [-1.17296, 46.20368], [-1.17334, 46.20348], [-1.17395, 46.203], [-1.17452, 46.20255], [-1.17476, 46.20238], [-1.17505, 46.2022], [-1.17538, 46.2021], [-1.17556, 46.20207], [-1.17563, 46.20208], [-1.17574, 46.20211], [-1.17617, 46.20223], [-1.17631, 46.20225], [-1.17647, 46.20232], [-1.17793, 46.20313], [-1.18199, 46.2054], [-1.18227, 46.2055], [-1.18337, 46.20583], [-1.18394, 46.20602], [-1.18403, 46.2061], [-1.18403, 46.20616], [-1.18406, 46.20619], [-1.18415, 46.20623], [-1.18421, 46.20623], [-1.18444, 46.20648], [-1.18464, 46.20668], [-1.18485, 46.20692], [-1.18539, 46.20745], [-1.18567, 46.20772], [-1.18597, 46.20802], [-1.18646, 46.2085], [-1.18647, 46.20854], [-1.18651, 46.20865], [-1.18651, 46.20866], [-1.1865, 46.20868], [-1.1865, 46.2087], [-1.18638, 46.20883], [-1.185183, 46.209404], [-1.184853, 46.209446], [-1.184539, 46.209427], [-1.1845, 46.209465], [-1.184494, 46.209507], [-1.184516, 46.209538], [-1.184566, 46.20956], [-1.184704, 46.209534], [-1.184938, 46.209476], [-1.184938, 46.209476], [-1.185281, 46.209393], [-1.186513, 46.20878], [-1.186589, 46.20877], [-1.186657, 46.20877], [-1.18672, 46.20875], [-1.18675, 46.20869], [-1.18672, 46.20863], [-1.186636, 46.208588], [-1.186587, 46.208557], [-1.186507, 46.208504], [-1.186302, 46.208267], [-1.18542, 46.207443], [-1.184873, 46.206898], [-1.18466, 46.20667], [-1.18448, 46.20643], [-1.184356, 46.206257], [-1.18433, 46.206207], [-1.184327, 46.20616], [-1.18431, 46.20608], [-1.18422, 46.20603], [-1.18369, 46.20589], [-1.183293, 46.20578], [-1.182222, 46.205475], [-1.18202, 46.205387], [-1.180497, 46.2045], [-1.17639, 46.20228], [-1.17624, 46.20224], [-1.17609, 46.20221], [-1.17589, 46.20215], [-1.17578, 46.202], [-1.1758, 46.20195], [-1.17578, 46.2019], [-1.17571, 46.20184], [-1.17563, 46.20184], [-1.17556, 46.20185], [-1.17547, 46.20185], [-1.1749, 46.20166], [-1.17366, 46.20134], [-1.17257, 46.20105], [-1.17223, 46.20101], [-1.171936, 46.20094], [-1.17051, 46.20091], [-1.1675, 46.20077], [-1.167016, 46.20068], [-1.167016, 46.20068], [-1.16337, 46.20051], [-1.16214, 46.20044], [-1.16184, 46.20041], [-1.16101, 46.20024], [-1.16071, 46.20018], [-1.16051, 46.20013], [-1.16043, 46.20008], [-1.16034, 46.20007], [-1.16015, 46.19996], [-1.159888, 46.19962], [-1.159888, 46.19962], [-1.15833, 46.19815], [-1.15807, 46.19788], [-1.15791, 46.19771], [-1.15774, 46.19743], [-1.15747, 46.19684], [-1.15733, 46.19661], [-1.15716, 46.19639], [-1.15701, 46.19624], [-1.1571, 46.19615], [-1.15712, 46.19608], [-1.1571, 46.196], [-1.1569, 46.19548], [-1.15679, 46.19521], [-1.15648, 46.19438], [-1.15643, 46.19422], [-1.15642, 46.19413], [-1.15646, 46.19405], [-1.15648, 46.194], [-1.15646, 46.19396], [-1.15636, 46.19391], [-1.15627, 46.19373], [-1.15618, 46.19337], [-1.15617, 46.19319], [-1.15619, 46.19305], [-1.15641, 46.1924], [-1.15675, 46.19156], [-1.1568, 46.19144], [-1.15695, 46.19122], [-1.15726, 46.19078], [-1.15807, 46.18974], [-1.15829, 46.18938], [-1.15836, 46.18914], [-1.1584, 46.18887], [-1.15845, 46.18851], [-1.15852, 46.18825], [-1.1587, 46.18783], [-1.15879, 46.18767], [-1.15885, 46.18761], [-1.15888, 46.18759], [-1.15896, 46.1876], [-1.15901, 46.18757], [-1.15916, 46.18765], [-1.15946, 46.18776], [-1.15979, 46.18785], [-1.15992, 46.18787], [-1.16014, 46.18792], [-1.16054, 46.18799], [-1.1613, 46.18816], [-1.16172, 46.18823], [-1.1619, 46.18827], [-1.16189, 46.18832], [-1.16192, 46.18835], [-1.16203, 46.18836], [-1.16207, 46.18834], [-1.16209, 46.18827], [-1.16239, 46.18807], [-1.16266, 46.1879], [-1.16308, 46.18768], [-1.16362, 46.18745], [-1.16385, 46.18733], [-1.16422, 46.18707], [-1.16453, 46.18684], [-1.16483, 46.18665], [-1.16508, 46.18653], [-1.16549, 46.18637], [-1.165813, 46.186237], [-1.165813, 46.186237], [-1.16609, 46.18616], [-1.16618, 46.18613], [-1.16618, 46.18616], [-1.16623, 46.18619], [-1.16628, 46.1862], [-1.16635, 46.18618], [-1.16638, 46.18616], [-1.16638, 46.18609], [-1.16643, 46.18594], [-1.16648, 46.18587], [-1.16649, 46.18586], [-1.16651, 46.18583], [-1.1665, 46.1858], [-1.16644, 46.18576], [-1.1664, 46.18576], [-1.16627, 46.18506], [-1.16626, 46.18491], [-1.16626, 46.1848], [-1.16628, 46.18469], [-1.16631, 46.18459], [-1.16634, 46.18453], [-1.16633, 46.1845], [-1.16633, 46.18441], [-1.16635, 46.18431], [-1.1665, 46.18387], [-1.16679, 46.18295], [-1.16682, 46.18252], [-1.16683, 46.18152], [-1.16685, 46.18128], [-1.16699, 46.18111], [-1.16705, 46.18104], [-1.16708, 46.18099], [-1.16713, 46.18091], [-1.16717, 46.18076], [-1.16718, 46.1806], [-1.16723, 46.18033], [-1.1674, 46.17984], [-1.16751, 46.17947], [-1.16756, 46.17914], [-1.16759, 46.17866], [-1.16757, 46.17838], [-1.16752, 46.17802], [-1.16741, 46.17745], [-1.1672, 46.17649], [-1.16708, 46.17594], [-1.16693, 46.17518], [-1.16681, 46.1747], [-1.16675, 46.17453], [-1.16665, 46.17432], [-1.16666, 46.17412], [-1.1667, 46.17402], [-1.1669, 46.17387], [-1.16712, 46.17379], [-1.16736, 46.17377], [-1.16745, 46.1738], [-1.16753, 46.1738], [-1.16762, 46.17378], [-1.1677, 46.17374], [-1.16771, 46.17365], [-1.1679, 46.17357], [-1.16795, 46.17353], [-1.16811, 46.17348], [-1.16941, 46.17308], [-1.170808, 46.172634], [-1.171181, 46.17254], [-1.171897, 46.172302], [-1.171995, 46.172268], [-1.17199, 46.17225], [-1.171927, 46.172253], [-1.171782, 46.17227], [-1.171552, 46.17225]]}}, {"type": "Feature", "properties": {"route_short_name": "204", "route_long_name": "Coll\u00e8ge J. Guiton <> Nieul-sur-Mer (centre)", "shape_id": "CA_LA_ROCHELLE:JourneyPattern:204_BDCA11D2585D9598A6CA514F4E44CBEA", "n_points": 302, "n_shape_variants_in_source": 3}, "geometry": {"type": "LineString", "coordinates": [[-1.171552, 46.17225], [-1.171193, 46.17236], [-1.171044, 46.17247], [-1.170983, 46.172554], [-1.16993, 46.17291], [-1.16811, 46.17348], [-1.16789, 46.17354], [-1.16767, 46.17358], [-1.16753, 46.17353], [-1.16743, 46.17354], [-1.16736, 46.17357], [-1.16734, 46.1736], [-1.16731, 46.17368], [-1.16712, 46.17379], [-1.1669, 46.17387], [-1.16661, 46.1739], [-1.16649, 46.17388], [-1.16641, 46.17389], [-1.16632, 46.17394], [-1.16628, 46.17403], [-1.16633, 46.17412], [-1.16642, 46.17416], [-1.16657, 46.17424], [-1.16665, 46.17432], [-1.1667, 46.17442], [-1.16676, 46.17455], [-1.1668, 46.17468], [-1.16688, 46.17497], [-1.16703, 46.17567], [-1.16718, 46.17639], [-1.16749, 46.17786], [-1.16758, 46.17845], [-1.16758, 46.17874], [-1.16756, 46.17913], [-1.16754, 46.1793], [-1.16743, 46.17978], [-1.1673, 46.18014], [-1.16718, 46.18052], [-1.16712, 46.18064], [-1.16699, 46.18084], [-1.1669, 46.18097], [-1.16685, 46.1811], [-1.16685, 46.18128], [-1.16683, 46.18152], [-1.16683, 46.18217], [-1.1668, 46.18277], [-1.16679, 46.18295], [-1.16662, 46.18348], [-1.16635, 46.18431], [-1.16624, 46.18447], [-1.16618, 46.18448], [-1.16615, 46.18452], [-1.16615, 46.18457], [-1.16619, 46.1846], [-1.16623, 46.18467], [-1.16624, 46.18475], [-1.16626, 46.18498], [-1.16637, 46.18558], [-1.16639, 46.18576], [-1.16637, 46.18577], [-1.16634, 46.18579], [-1.16632, 46.18582], [-1.16633, 46.18585], [-1.16634, 46.18586], [-1.16635, 46.18589], [-1.16632, 46.18602], [-1.1663, 46.18605], [-1.16625, 46.18606], [-1.1662, 46.18607], [-1.16618, 46.18613], [-1.16568, 46.18629], [-1.16529, 46.18645], [-1.16495, 46.18659], [-1.16453, 46.18684], [-1.16422, 46.18707], [-1.16385, 46.18733], [-1.16362, 46.18745], [-1.16308, 46.18768], [-1.16266, 46.1879], [-1.16239, 46.18807], [-1.16208, 46.18826], [-1.16206, 46.18824], [-1.16195, 46.18823], [-1.1619, 46.18827], [-1.16172, 46.18823], [-1.1613, 46.18816], [-1.16054, 46.18799], [-1.15992, 46.18787], [-1.15979, 46.18785], [-1.15946, 46.18776], [-1.15916, 46.18765], [-1.15901, 46.18757], [-1.15903, 46.18752], [-1.15897, 46.18746], [-1.1589, 46.18746], [-1.15884, 46.1875], [-1.15882, 46.18753], [-1.15886, 46.18758], [-1.15885, 46.18761], [-1.15879, 46.18767], [-1.1587, 46.18783], [-1.15852, 46.18825], [-1.15845, 46.18851], [-1.1584, 46.18887], [-1.15836, 46.18914], [-1.15829, 46.18938], [-1.15807, 46.18974], [-1.15726, 46.19078], [-1.15695, 46.19122], [-1.1568, 46.19144], [-1.15675, 46.19156], [-1.15647, 46.19223], [-1.15641, 46.1924], [-1.15619, 46.19305], [-1.15617, 46.19319], [-1.15618, 46.19337], [-1.15627, 46.19373], [-1.15629, 46.19378], [-1.15627, 46.19392], [-1.15623, 46.19394], [-1.1562, 46.19397], [-1.1562, 46.19403], [-1.15623, 46.19407], [-1.15629, 46.1941], [-1.15636, 46.19418], [-1.15642, 46.1943], [-1.15649, 46.19443], [-1.15688, 46.19543], [-1.15712, 46.19608], [-1.15707, 46.19621], [-1.15701, 46.19624], [-1.15709, 46.19632], [-1.15724, 46.19649], [-1.15739, 46.1967], [-1.15757, 46.19708], [-1.15774, 46.19743], [-1.15791, 46.19771], [-1.15822, 46.19803], [-1.15851, 46.19833], [-1.15913, 46.19895], [-1.159925, 46.19982], [-1.159925, 46.19982], [-1.16013, 46.20002], [-1.160182, 46.20009], [-1.160188, 46.200146], [-1.160174, 46.200188], [-1.160186, 46.20024], [-1.160213, 46.200283], [-1.160251, 46.20031], [-1.160313, 46.200333], [-1.16038, 46.20038], [-1.160453, 46.200436], [-1.160529, 46.2005], [-1.16061, 46.20058], [-1.16064, 46.20067], [-1.16063, 46.20126], [-1.160586, 46.20192], [-1.160566, 46.20225], [-1.160553, 46.202583], [-1.160489, 46.20328], [-1.160473, 46.20365], [-1.160462, 46.203995], [-1.160266, 46.20621], [-1.160312, 46.206264], [-1.160283, 46.206303], [-1.16025, 46.20633], [-1.160209, 46.20634], [-1.160089, 46.206303], [-1.159924, 46.206272], [-1.159492, 46.206177], [-1.159232, 46.206123], [-1.159033, 46.2061], [-1.158739, 46.20608], [-1.158534, 46.20607], [-1.158418, 46.20608], [-1.158346, 46.206097], [-1.158317, 46.206123], [-1.158318, 46.206154], [-1.15832, 46.20625], [-1.158321, 46.20633], [-1.158302, 46.2068], [-1.158291, 46.20727], [-1.158274, 46.20803], [-1.158269, 46.208412], [-1.15825, 46.2086], [-1.158217, 46.208786], [-1.158122, 46.209023], [-1.15808, 46.20938], [-1.15804, 46.209522], [-1.157984, 46.209602], [-1.157932, 46.209675], [-1.157897, 46.209713], [-1.15785, 46.209724], [-1.157787, 46.20974], [-1.157756, 46.20978], [-1.15776, 46.20985], [-1.157834, 46.209892], [-1.157925, 46.20989], [-1.158001, 46.209866], [-1.158187, 46.209873], [-1.158515, 46.20986], [-1.158826, 46.20985], [-1.15944, 46.20984], [-1.16008, 46.20977], [-1.16049, 46.20972], [-1.16118, 46.20953], [-1.16122, 46.20955], [-1.16129, 46.20955], [-1.16133, 46.20952], [-1.16142, 46.20954], [-1.161581, 46.209564], [-1.16178, 46.20957], [-1.161904, 46.209564], [-1.162028, 46.209553], [-1.163394, 46.20943], [-1.163394, 46.20943], [-1.164161, 46.20931], [-1.16456, 46.20927], [-1.164923, 46.209236], [-1.165039, 46.20921], [-1.16509, 46.20919], [-1.165162, 46.209198], [-1.165214, 46.209198], [-1.165303, 46.20917], [-1.16547, 46.20918], [-1.16613, 46.20921], [-1.166633, 46.20924], [-1.166881, 46.209263], [-1.167, 46.20927], [-1.16713, 46.209274], [-1.167874, 46.20922], [-1.168257, 46.20919], [-1.168448, 46.209183], [-1.168639, 46.209175], [-1.169291, 46.209175], [-1.17006, 46.20919], [-1.170307, 46.209198], [-1.170366, 46.209206], [-1.170429, 46.209198], [-1.170476, 46.209175], [-1.170508, 46.209133], [-1.170527, 46.20901], [-1.170599, 46.20871], [-1.170659, 46.20847], [-1.170686, 46.208355], [-1.170724, 46.208244], [-1.17078, 46.208153], [-1.170849, 46.20806], [-1.170954, 46.207966], [-1.171044, 46.20788], [-1.171103, 46.20781], [-1.171161, 46.20771], [-1.17119, 46.20765], [-1.17121, 46.207584], [-1.171243, 46.20739], [-1.17128, 46.207203], [-1.171312, 46.20712], [-1.171415, 46.20696], [-1.171457, 46.206875], [-1.171504, 46.20679], [-1.171535, 46.206696], [-1.171559, 46.206596], [-1.171671, 46.2062], [-1.171775, 46.205795], [-1.171874, 46.20541], [-1.171896, 46.205353], [-1.17192, 46.20534], [-1.171967, 46.205322], [-1.171981, 46.20528], [-1.171962, 46.205242], [-1.171929, 46.205223], [-1.171915, 46.205193], [-1.171939, 46.205116], [-1.172047, 46.204792], [-1.172047, 46.204792], [-1.17206, 46.2045], [-1.17215, 46.20424], [-1.17224, 46.2041], [-1.17248, 46.2039], [-1.17265, 46.2038], [-1.17296, 46.20368], [-1.17334, 46.20348], [-1.17395, 46.203], [-1.17452, 46.20255], [-1.17476, 46.20238], [-1.17505, 46.2022], [-1.17538, 46.2021], [-1.17556, 46.20207], [-1.17568, 46.20206], [-1.17576, 46.20202], [-1.17579, 46.20197], [-1.17579, 46.20193], [-1.17575, 46.20187], [-1.17566, 46.20184], [-1.17561, 46.20184], [-1.17552, 46.20186], [-1.1754, 46.20183], [-1.1749, 46.20166], [-1.17366, 46.20134], [-1.17257, 46.20105], [-1.17223, 46.20101], [-1.171936, 46.20094]]}}, {"type": "Feature", "properties": {"route_short_name": "205", "route_long_name": "Coll\u00e8ge J. Guiton <> Nieul-sur-Mer (Ouest)", "shape_id": "CA_LA_ROCHELLE:JourneyPattern:205_B4B286344C5D89BF2BE6432446D97208", "n_points": 213, "n_shape_variants_in_source": 3}, "geometry": {"type": "LineString", "coordinates": [[-1.171552, 46.17225], [-1.171232, 46.172333], [-1.171099, 46.17242], [-1.171028, 46.172493], [-1.170983, 46.172558], [-1.16993, 46.17291], [-1.16811, 46.17348], [-1.16789, 46.17354], [-1.16767, 46.17358], [-1.16753, 46.17353], [-1.16743, 46.17354], [-1.16736, 46.17357], [-1.16734, 46.1736], [-1.16731, 46.17368], [-1.16712, 46.17379], [-1.1669, 46.17387], [-1.16661, 46.1739], [-1.16649, 46.17388], [-1.16641, 46.17389], [-1.16632, 46.17394], [-1.16628, 46.17403], [-1.16633, 46.17412], [-1.16642, 46.17416], [-1.16657, 46.17424], [-1.16665, 46.17432], [-1.1667, 46.17442], [-1.16676, 46.17455], [-1.1668, 46.17468], [-1.16688, 46.17497], [-1.16703, 46.17567], [-1.16718, 46.17639], [-1.16749, 46.17786], [-1.16758, 46.17845], [-1.16758, 46.17874], [-1.16756, 46.17913], [-1.16754, 46.1793], [-1.16743, 46.17978], [-1.1673, 46.18014], [-1.16718, 46.18052], [-1.16712, 46.18064], [-1.16699, 46.18084], [-1.1669, 46.18097], [-1.16685, 46.1811], [-1.16685, 46.18128], [-1.16683, 46.18152], [-1.16683, 46.18217], [-1.1668, 46.18277], [-1.16679, 46.18295], [-1.16662, 46.18348], [-1.16635, 46.18431], [-1.16624, 46.18447], [-1.16618, 46.18448], [-1.16615, 46.18452], [-1.16615, 46.18457], [-1.16619, 46.1846], [-1.16623, 46.18467], [-1.16624, 46.18475], [-1.16626, 46.18498], [-1.16637, 46.18558], [-1.16639, 46.18576], [-1.16637, 46.18577], [-1.16634, 46.18579], [-1.16632, 46.18582], [-1.16633, 46.18585], [-1.16634, 46.18586], [-1.16635, 46.18589], [-1.16632, 46.18602], [-1.1663, 46.18605], [-1.16625, 46.18606], [-1.1662, 46.18607], [-1.16618, 46.18613], [-1.16568, 46.18629], [-1.16529, 46.18645], [-1.16495, 46.18659], [-1.16453, 46.18684], [-1.16422, 46.18707], [-1.16385, 46.18733], [-1.16362, 46.18745], [-1.16308, 46.18768], [-1.16266, 46.1879], [-1.16239, 46.18807], [-1.16208, 46.18826], [-1.16206, 46.18824], [-1.16195, 46.18823], [-1.1619, 46.18827], [-1.16172, 46.18823], [-1.1613, 46.18816], [-1.16054, 46.18799], [-1.15992, 46.18787], [-1.15979, 46.18785], [-1.15946, 46.18776], [-1.15916, 46.18765], [-1.15901, 46.18757], [-1.15903, 46.18752], [-1.15897, 46.18746], [-1.1589, 46.18746], [-1.15884, 46.1875], [-1.15882, 46.18753], [-1.15886, 46.18758], [-1.15885, 46.18761], [-1.15879, 46.18767], [-1.1587, 46.18783], [-1.15852, 46.18825], [-1.15845, 46.18851], [-1.1584, 46.18887], [-1.15836, 46.18914], [-1.15829, 46.18938], [-1.15807, 46.18974], [-1.15726, 46.19078], [-1.15695, 46.19122], [-1.1568, 46.19144], [-1.15675, 46.19156], [-1.15647, 46.19223], [-1.15641, 46.1924], [-1.15619, 46.19305], [-1.15617, 46.19319], [-1.15618, 46.19337], [-1.15627, 46.19373], [-1.15629, 46.19378], [-1.15627, 46.19392], [-1.15623, 46.19394], [-1.1562, 46.19397], [-1.1562, 46.19403], [-1.15623, 46.19407], [-1.15629, 46.1941], [-1.15636, 46.19418], [-1.15642, 46.1943], [-1.15649, 46.19443], [-1.15688, 46.19543], [-1.15712, 46.19608], [-1.15707, 46.19621], [-1.15701, 46.19624], [-1.15709, 46.19632], [-1.15724, 46.19649], [-1.15739, 46.1967], [-1.15757, 46.19708], [-1.15774, 46.19743], [-1.15791, 46.19771], [-1.15822, 46.19803], [-1.15851, 46.19833], [-1.15913, 46.19895], [-1.15959, 46.19942], [-1.16003, 46.19986], [-1.16013, 46.20002], [-1.1602, 46.20014], [-1.16019, 46.20022], [-1.16025, 46.20029], [-1.1604, 46.20032], [-1.16051, 46.20026], [-1.1607, 46.20022], [-1.16086, 46.20021], [-1.16101, 46.20024], [-1.16184, 46.20041], [-1.16214, 46.20044], [-1.16337, 46.20051], [-1.166966, 46.200745], [-1.166966, 46.200745], [-1.16904, 46.20083], [-1.17129, 46.20095], [-1.17223, 46.20101], [-1.17257, 46.20105], [-1.17366, 46.20134], [-1.17423, 46.2015], [-1.17513, 46.20176], [-1.17534, 46.20181], [-1.17539, 46.20185], [-1.17546, 46.20192], [-1.17545, 46.20196], [-1.17549, 46.20202], [-1.17554, 46.20206], [-1.17566, 46.20207], [-1.17609, 46.20221], [-1.17624, 46.20224], [-1.17639, 46.20228], [-1.17723, 46.20274], [-1.180458, 46.20459], [-1.182085, 46.205456], [-1.182291, 46.20553], [-1.182509, 46.205593], [-1.183289, 46.205814], [-1.183615, 46.205914], [-1.183827, 46.205982], [-1.18399, 46.20605], [-1.184015, 46.20609], [-1.184015, 46.206135], [-1.18404, 46.20618], [-1.184077, 46.20622], [-1.18413, 46.20623], [-1.18418, 46.20623], [-1.184221, 46.206238], [-1.18426, 46.20628], [-1.18456, 46.20661], [-1.184843, 46.206924], [-1.186213, 46.208344], [-1.186213, 46.208344], [-1.186476, 46.208527], [-1.186504, 46.208572], [-1.18651, 46.20865], [-1.18651, 46.2087], [-1.186481, 46.208736], [-1.186409, 46.20879], [-1.185838, 46.20909], [-1.18526, 46.20938], [-1.18511, 46.20942], [-1.184906, 46.209446], [-1.184613, 46.209427], [-1.184485, 46.209427], [-1.184472, 46.209473], [-1.184472, 46.209515], [-1.184516, 46.209545], [-1.184573, 46.20957], [-1.184643, 46.209568], [-1.184938, 46.209476]]}}, {"type": "Feature", "properties": {"route_short_name": "206", "route_long_name": "Coll\u00e8ge J. Guiton <> Marsilly via Nieul-sur-Mer", "shape_id": "CA_LA_ROCHELLE:JourneyPattern:206_E0ABD99BA247FF37D6D07B95DAA8F898", "n_points": 494, "n_shape_variants_in_source": 3}, "geometry": {"type": "LineString", "coordinates": [[-1.171552, 46.17225], [-1.171244, 46.172337], [-1.171145, 46.172386], [-1.17105, 46.172462], [-1.171005, 46.172527], [-1.170944, 46.172577], [-1.16993, 46.17291], [-1.16811, 46.17348], [-1.16789, 46.17354], [-1.16767, 46.17358], [-1.16753, 46.17353], [-1.16743, 46.17354], [-1.16736, 46.17357], [-1.16734, 46.1736], [-1.16731, 46.17368], [-1.16712, 46.17379], [-1.1669, 46.17387], [-1.16661, 46.1739], [-1.16649, 46.17388], [-1.16641, 46.17389], [-1.16632, 46.17394], [-1.16628, 46.17403], [-1.16633, 46.17412], [-1.16642, 46.17416], [-1.16657, 46.17424], [-1.16665, 46.17432], [-1.1667, 46.17442], [-1.16676, 46.17455], [-1.1668, 46.17468], [-1.16688, 46.17497], [-1.16703, 46.17567], [-1.16718, 46.17639], [-1.16749, 46.17786], [-1.16758, 46.17845], [-1.16758, 46.17874], [-1.16756, 46.17913], [-1.16754, 46.1793], [-1.16743, 46.17978], [-1.1673, 46.18014], [-1.16718, 46.18052], [-1.16712, 46.18064], [-1.16699, 46.18084], [-1.1669, 46.18097], [-1.16685, 46.1811], [-1.16685, 46.18128], [-1.16683, 46.18152], [-1.16683, 46.18217], [-1.1668, 46.18277], [-1.16679, 46.18295], [-1.16662, 46.18348], [-1.16635, 46.18431], [-1.16624, 46.18447], [-1.16618, 46.18448], [-1.16615, 46.18452], [-1.16615, 46.18457], [-1.16619, 46.1846], [-1.16623, 46.18467], [-1.16624, 46.18475], [-1.16626, 46.18498], [-1.16637, 46.18558], [-1.16639, 46.18576], [-1.16637, 46.18577], [-1.16634, 46.18579], [-1.16632, 46.18582], [-1.16633, 46.18585], [-1.16634, 46.18586], [-1.16635, 46.18589], [-1.16632, 46.18602], [-1.1663, 46.18605], [-1.16625, 46.18606], [-1.1662, 46.18607], [-1.16618, 46.18613], [-1.16568, 46.18629], [-1.16529, 46.18645], [-1.16495, 46.18659], [-1.16453, 46.18684], [-1.16422, 46.18707], [-1.16385, 46.18733], [-1.16362, 46.18745], [-1.16308, 46.18768], [-1.16266, 46.1879], [-1.16239, 46.18807], [-1.16208, 46.18826], [-1.16206, 46.18824], [-1.16195, 46.18823], [-1.1619, 46.18827], [-1.16172, 46.18823], [-1.1613, 46.18816], [-1.16054, 46.18799], [-1.15992, 46.18787], [-1.15979, 46.18785], [-1.15946, 46.18776], [-1.15916, 46.18765], [-1.15901, 46.18757], [-1.15903, 46.18752], [-1.15897, 46.18746], [-1.1589, 46.18746], [-1.15884, 46.1875], [-1.15882, 46.18753], [-1.15886, 46.18758], [-1.15885, 46.18761], [-1.15879, 46.18767], [-1.1587, 46.18783], [-1.15852, 46.18825], [-1.15845, 46.18851], [-1.1584, 46.18887], [-1.15836, 46.18914], [-1.15829, 46.18938], [-1.15807, 46.18974], [-1.15726, 46.19078], [-1.15695, 46.19122], [-1.1568, 46.19144], [-1.15675, 46.19156], [-1.15647, 46.19223], [-1.15641, 46.1924], [-1.15619, 46.19305], [-1.15617, 46.19319], [-1.15618, 46.19337], [-1.15627, 46.19373], [-1.15629, 46.19378], [-1.15627, 46.19392], [-1.15623, 46.19394], [-1.1562, 46.19397], [-1.1562, 46.19403], [-1.15623, 46.19407], [-1.15629, 46.1941], [-1.15636, 46.19418], [-1.15642, 46.1943], [-1.15649, 46.19443], [-1.15688, 46.19543], [-1.15712, 46.19608], [-1.15707, 46.19621], [-1.15701, 46.19624], [-1.15709, 46.19632], [-1.15724, 46.19649], [-1.15739, 46.1967], [-1.15757, 46.19708], [-1.15774, 46.19743], [-1.15791, 46.19771], [-1.15822, 46.19803], [-1.15851, 46.19833], [-1.15913, 46.19895], [-1.15959, 46.19942], [-1.16003, 46.19986], [-1.16013, 46.20002], [-1.1602, 46.20014], [-1.16019, 46.20022], [-1.16025, 46.20029], [-1.16032, 46.20031], [-1.16038, 46.20038], [-1.16054, 46.20048], [-1.16061, 46.20058], [-1.16064, 46.20067], [-1.16064, 46.20082], [-1.16062, 46.20153], [-1.16058, 46.20258], [-1.16056, 46.20295], [-1.16053, 46.20313], [-1.1605, 46.20362], [-1.16043, 46.20507], [-1.16037, 46.20586], [-1.1603, 46.20638], [-1.15948, 46.20621], [-1.15897, 46.20613], [-1.15872, 46.20611], [-1.15849, 46.20612], [-1.15838, 46.20614], [-1.15836, 46.2062], [-1.15833, 46.20637], [-1.15831, 46.20662], [-1.15827, 46.20778], [-1.15823, 46.20879], [-1.15805, 46.20957], [-1.158, 46.20966], [-1.15794, 46.20975], [-1.1579, 46.20974], [-1.15784, 46.20975], [-1.15779, 46.20977], [-1.15775, 46.20983], [-1.15777, 46.20987], [-1.15781, 46.2099], [-1.15767, 46.21], [-1.15752, 46.21005], [-1.157213, 46.21006], [-1.157213, 46.21006], [-1.1563, 46.21034], [-1.15547, 46.21047], [-1.15482, 46.21055], [-1.15366, 46.21067], [-1.15207, 46.21079], [-1.15181, 46.2108], [-1.15125, 46.21076], [-1.15075, 46.21072], [-1.15013, 46.21072], [-1.1492, 46.21079], [-1.14894, 46.21083], [-1.14818, 46.211], [-1.14779, 46.21109], [-1.1472, 46.21117], [-1.14613, 46.21126], [-1.14548, 46.21129], [-1.14537, 46.21129], [-1.14441, 46.21124], [-1.14399, 46.21122], [-1.1433, 46.21127], [-1.14213, 46.21139], [-1.14153, 46.2114], [-1.14064, 46.2113], [-1.14031, 46.21126], [-1.14002, 46.21117], [-1.13963, 46.21101], [-1.13919, 46.21088], [-1.13885, 46.21085], [-1.13838, 46.21088], [-1.13768, 46.21095], [-1.13689, 46.21097], [-1.13676, 46.21097], [-1.13665, 46.21096], [-1.13642, 46.2109], [-1.13607, 46.21081], [-1.13587, 46.21073], [-1.13576, 46.21066], [-1.13572, 46.2106], [-1.13564, 46.21054], [-1.13554, 46.2105], [-1.13541, 46.21048], [-1.13528, 46.2105], [-1.13516, 46.21055], [-1.13508, 46.21061], [-1.13504, 46.21068], [-1.13502, 46.21074], [-1.13503, 46.2108], [-1.13514, 46.21093], [-1.13528, 46.211], [-1.13541, 46.21101], [-1.13557, 46.21098], [-1.13569, 46.21092], [-1.13586, 46.21089], [-1.136047, 46.210964], [-1.136258, 46.210987], [-1.136324, 46.210995], [-1.13638, 46.21097], [-1.136388, 46.2109], [-1.13621, 46.21085], [-1.13598, 46.21078], [-1.13576, 46.21066], [-1.13572, 46.2106], [-1.13564, 46.21054], [-1.13554, 46.2105], [-1.13541, 46.21048], [-1.13528, 46.2105], [-1.13516, 46.21055], [-1.13508, 46.21061], [-1.13504, 46.21068], [-1.13502, 46.21074], [-1.13503, 46.2108], [-1.13514, 46.21093], [-1.13511, 46.21106], [-1.13474, 46.21155], [-1.13454, 46.21195], [-1.13448, 46.21209], [-1.13441, 46.21236], [-1.13437, 46.21257], [-1.13436, 46.21279], [-1.13437, 46.21308], [-1.13447, 46.21361], [-1.13479, 46.21513], [-1.13484, 46.21544], [-1.13485, 46.2156], [-1.13478, 46.21622], [-1.13472, 46.21645], [-1.13457, 46.21676], [-1.13403, 46.2176], [-1.1337, 46.21803], [-1.13333, 46.2184], [-1.13281, 46.2188], [-1.13235, 46.21909], [-1.13057, 46.22027], [-1.12943, 46.22098], [-1.12857, 46.22154], [-1.12794, 46.22194], [-1.12708, 46.22262], [-1.12677, 46.22291], [-1.1263, 46.22336], [-1.12586, 46.22389], [-1.12546, 46.22446], [-1.12515, 46.22499], [-1.12489, 46.22558], [-1.12465, 46.22635], [-1.12462, 46.22653], [-1.12444, 46.22774], [-1.12426, 46.22903], [-1.12406, 46.2304], [-1.12399, 46.23098], [-1.12396, 46.23118], [-1.12393, 46.23126], [-1.12381, 46.23172], [-1.12376, 46.23183], [-1.12369, 46.2319], [-1.12363, 46.23191], [-1.12356, 46.23195], [-1.12346, 46.23207], [-1.12344, 46.23217], [-1.12347, 46.23225], [-1.12353, 46.23233], [-1.12371, 46.2324], [-1.12393, 46.23238], [-1.12408, 46.23232], [-1.12418, 46.23221], [-1.12419, 46.23216], [-1.12435, 46.23211], [-1.12471, 46.23204], [-1.1258, 46.2319], [-1.12604, 46.2319], [-1.1266, 46.23195], [-1.12708, 46.23201], [-1.12793, 46.23213], [-1.12846, 46.23228], [-1.1289, 46.23235], [-1.12973, 46.23241], [-1.12986, 46.23242], [-1.12987, 46.23239], [-1.12987, 46.23224], [-1.12988, 46.23207], [-1.13006, 46.23163], [-1.13016, 46.23149], [-1.1303, 46.23136], [-1.13046, 46.23119], [-1.13073, 46.23051], [-1.13096, 46.2301], [-1.131, 46.22999], [-1.131172, 46.229782], [-1.131161, 46.22972], [-1.131369, 46.22969], [-1.131853, 46.229668], [-1.132065, 46.229656], [-1.132197, 46.22965], [-1.132415, 46.229664], [-1.13276, 46.229702], [-1.133212, 46.22974], [-1.133807, 46.22978], [-1.134121, 46.229794], [-1.134404, 46.22982], [-1.134901, 46.2299], [-1.135325, 46.230015], [-1.135692, 46.23007], [-1.135981, 46.23015], [-1.136164, 46.230194], [-1.13634, 46.23026], [-1.136466, 46.23033], [-1.136586, 46.230408], [-1.137113, 46.23081], [-1.137394, 46.23101], [-1.13746, 46.23105], [-1.13753, 46.231087], [-1.137615, 46.231094], [-1.137715, 46.231075], [-1.13787, 46.23103], [-1.137963, 46.230988], [-1.138014, 46.23097], [-1.138092, 46.230984], [-1.138411, 46.23106], [-1.13878, 46.231133], [-1.139139, 46.2312], [-1.140056, 46.231373], [-1.140421, 46.23144], [-1.1409, 46.231506], [-1.141043, 46.23151], [-1.141371, 46.231567], [-1.14172, 46.23164], [-1.142346, 46.231735], [-1.143131, 46.23188], [-1.143675, 46.23198], [-1.144364, 46.23208], [-1.145088, 46.232216], [-1.145088, 46.232216], [-1.145432, 46.232235], [-1.145747, 46.23227], [-1.145956, 46.2323], [-1.146121, 46.23234], [-1.146388, 46.232437], [-1.146473, 46.23247], [-1.146537, 46.232475], [-1.146598, 46.23245], [-1.14676, 46.23226], [-1.146995, 46.232018], [-1.147214, 46.231804], [-1.147442, 46.231598], [-1.147677, 46.231407], [-1.147832, 46.231285], [-1.14795, 46.231148], [-1.148123, 46.230873], [-1.148219, 46.230732], [-1.148487, 46.23011], [-1.148845, 46.229282], [-1.148924, 46.22908], [-1.148964, 46.228912], [-1.148994, 46.22873], [-1.149052, 46.22808], [-1.149112, 46.22744], [-1.149103, 46.227367], [-1.149077, 46.227314], [-1.149015, 46.22728], [-1.148946, 46.227253], [-1.148817, 46.227234], [-1.148452, 46.227215], [-1.14809, 46.22716], [-1.147614, 46.22703], [-1.14714, 46.22689], [-1.14604, 46.22673], [-1.14539, 46.22666], [-1.14501, 46.22665], [-1.14452, 46.22663], [-1.14403, 46.2266], [-1.14351, 46.22655], [-1.14317, 46.22654], [-1.142301, 46.226578], [-1.141987, 46.226585], [-1.14178, 46.22657], [-1.141573, 46.226543], [-1.141399, 46.226498], [-1.141131, 46.226425], [-1.140678, 46.226242], [-1.140111, 46.22604], [-1.13969, 46.22599], [-1.13968, 46.22585], [-1.13972, 46.2251], [-1.13981, 46.22423], [-1.13991, 46.2241], [-1.14017, 46.22403], [-1.1408, 46.22403], [-1.14116, 46.22404], [-1.14293, 46.22414], [-1.14345, 46.22418], [-1.14385, 46.22418], [-1.14404, 46.22416], [-1.14428, 46.22409], [-1.1446, 46.22394], [-1.14477, 46.22384], [-1.14563, 46.22325], [-1.14595, 46.22299], [-1.14636, 46.22262], [-1.14669, 46.22235], [-1.14698, 46.22216], [-1.14739, 46.22194], [-1.1478, 46.22171], [-1.14802, 46.22159], [-1.14857, 46.22123], [-1.14864, 46.22118], [-1.14895, 46.22089], [-1.14912, 46.22069], [-1.149325, 46.220505], [-1.14979, 46.21987], [-1.15008, 46.21956], [-1.15037, 46.21926], [-1.15078, 46.21901], [-1.15115, 46.21882], [-1.15188, 46.21846], [-1.15213, 46.21837], [-1.15246, 46.21822], [-1.15269, 46.21816], [-1.1529, 46.21805], [-1.15306, 46.21792], [-1.15314, 46.21782], [-1.15331, 46.2175], [-1.1535, 46.21714], [-1.15361, 46.217], [-1.15375, 46.21689], [-1.15396, 46.21682], [-1.15419, 46.21677], [-1.15472, 46.2167], [-1.15493, 46.21659], [-1.15508, 46.21647], [-1.15531, 46.21618], [-1.15589, 46.21529], [-1.15599, 46.21516], [-1.15607, 46.21511], [-1.15637, 46.21491], [-1.15672, 46.21472], [-1.15693, 46.21453], [-1.157, 46.2144], [-1.15706, 46.21423], [-1.15721, 46.21393], [-1.15729, 46.21383], [-1.15755, 46.21359], [-1.15803, 46.21325], [-1.15849, 46.21299], [-1.15878, 46.21288], [-1.15939, 46.21274], [-1.15958, 46.21264], [-1.15965, 46.21259], [-1.15979, 46.21241], [-1.15995, 46.21192], [-1.160066, 46.211647]]}}, {"type": "Feature", "properties": {"route_short_name": "207", "route_long_name": "Coll\u00e8ge J. Guiton <> Marsilly via Le Payaud", "shape_id": "CA_LA_ROCHELLE:JourneyPattern:207_F2ECC39E5DE5E792711320DD0CB4AE9A", "n_points": 304, "n_shape_variants_in_source": 2}, "geometry": {"type": "LineString", "coordinates": [[-1.134258, 46.22975], [-1.13322, 46.22974], [-1.13231, 46.22964], [-1.13128, 46.22969], [-1.13108, 46.22971], [-1.13108, 46.22975], [-1.131, 46.22999], [-1.13096, 46.2301], [-1.13073, 46.23051], [-1.13046, 46.23119], [-1.1303, 46.23136], [-1.13016, 46.23149], [-1.13006, 46.23163], [-1.12988, 46.23207], [-1.12987, 46.23239], [-1.12986, 46.23242], [-1.12973, 46.23241], [-1.1289, 46.23235], [-1.12846, 46.23228], [-1.12793, 46.23213], [-1.12708, 46.23201], [-1.1266, 46.23195], [-1.12604, 46.2319], [-1.1258, 46.2319], [-1.12471, 46.23204], [-1.12416, 46.23203], [-1.12412, 46.23198], [-1.12403, 46.23192], [-1.12395, 46.23177], [-1.12394, 46.23161], [-1.12398, 46.23126], [-1.12396, 46.23118], [-1.12405, 46.23051], [-1.12407, 46.23036], [-1.12428, 46.2289], [-1.12455, 46.22691], [-1.12467, 46.22624], [-1.12473, 46.22607], [-1.12489, 46.22558], [-1.12509, 46.22513], [-1.12527, 46.22479], [-1.12546, 46.22446], [-1.12586, 46.22389], [-1.1263, 46.22336], [-1.12672, 46.22295], [-1.12702, 46.22268], [-1.12725, 46.22248], [-1.12749, 46.22228], [-1.12794, 46.22194], [-1.12854, 46.22157], [-1.12857, 46.22154], [-1.12907, 46.22122], [-1.13087, 46.22006], [-1.13252, 46.21897], [-1.13286, 46.21876], [-1.13333, 46.2184], [-1.1336, 46.21813], [-1.13375, 46.21796], [-1.13403, 46.2176], [-1.1344, 46.21704], [-1.13472, 46.21645], [-1.13484, 46.21618], [-1.13491, 46.21592], [-1.13494, 46.21566], [-1.13492, 46.21526], [-1.13488, 46.21499], [-1.13466, 46.214], [-1.13448, 46.21307], [-1.13446, 46.21277], [-1.13447, 46.21256], [-1.13451, 46.21235], [-1.13458, 46.2121], [-1.13472, 46.21179], [-1.13484, 46.21158], [-1.13502, 46.21133], [-1.1352, 46.21112], [-1.13533, 46.21104], [-1.13549, 46.211], [-1.13563, 46.21096], [-1.13576, 46.2109], [-1.13594, 46.21089], [-1.13624, 46.21094], [-1.13638, 46.21097], [-1.13642, 46.2109], [-1.13649, 46.21075], [-1.13654, 46.21061], [-1.13674, 46.21022], [-1.13681, 46.21006], [-1.13682, 46.20996], [-1.13684, 46.20957], [-1.13677, 46.20919], [-1.13677, 46.20897], [-1.13692, 46.20845], [-1.13719, 46.20751], [-1.13754, 46.20642], [-1.13779, 46.20569], [-1.138, 46.20531], [-1.13803, 46.20518], [-1.13781, 46.20516], [-1.13758, 46.20514], [-1.1371, 46.20509], [-1.1364, 46.20502], [-1.13629, 46.20497], [-1.13624, 46.2049], [-1.13623, 46.20426], [-1.13624, 46.20354], [-1.13625, 46.20246], [-1.13628, 46.20108], [-1.13629, 46.20041], [-1.13627, 46.20034], [-1.13623, 46.20029], [-1.13615, 46.20025], [-1.13574, 46.20031], [-1.13501, 46.20043], [-1.13462, 46.20047], [-1.13395, 46.20048], [-1.13329, 46.20048], [-1.1326, 46.20055], [-1.13219, 46.20058], [-1.13173, 46.20058], [-1.12924, 46.20052], [-1.12687, 46.20044], [-1.1262, 46.20046], [-1.12574, 46.20045], [-1.12555, 46.20048], [-1.12475, 46.20071], [-1.1244, 46.20078], [-1.12409, 46.20083], [-1.1239, 46.20084], [-1.12334, 46.20085], [-1.12303, 46.20084], [-1.12271, 46.20079], [-1.12266, 46.20102], [-1.12253, 46.20132], [-1.12285, 46.20148], [-1.12348, 46.20174], [-1.12383, 46.20134], [-1.1239, 46.20084], [-1.12409, 46.20083], [-1.1244, 46.20078], [-1.124516, 46.20081], [-1.1253, 46.20055], [-1.12574, 46.20045], [-1.12633, 46.20046], [-1.12696, 46.20044], [-1.12843, 46.20049], [-1.12953, 46.20052], [-1.13193, 46.20058], [-1.13234, 46.20058], [-1.13329, 46.20048], [-1.13425, 46.20048], [-1.13501, 46.20043], [-1.13609, 46.20025], [-1.13619, 46.20025], [-1.13623, 46.20029], [-1.13628, 46.20038], [-1.13628, 46.20118], [-1.13624, 46.2026], [-1.13624, 46.20372], [-1.13623, 46.20444], [-1.13623, 46.20488], [-1.13625, 46.20492], [-1.13635, 46.205], [-1.13649, 46.20504], [-1.1373, 46.20511], [-1.13779, 46.20516], [-1.13803, 46.20518], [-1.13828, 46.2052], [-1.13833, 46.20518], [-1.13847, 46.20507], [-1.13847, 46.20453], [-1.13848, 46.20373], [-1.13848, 46.20309], [-1.1385, 46.20291], [-1.13854, 46.20274], [-1.13864, 46.20239], [-1.1386, 46.20231], [-1.13854, 46.20226], [-1.13845, 46.20222], [-1.13866, 46.20146], [-1.13917, 46.19969], [-1.13947, 46.19863], [-1.13986, 46.19739], [-1.14017, 46.19652], [-1.14111, 46.19385], [-1.14141, 46.19316], [-1.14148, 46.19304], [-1.14154, 46.19295], [-1.14164, 46.19282], [-1.14191, 46.19254], [-1.14213, 46.19235], [-1.14257, 46.19208], [-1.14287, 46.19193], [-1.14345, 46.1917], [-1.14455, 46.19134], [-1.14478, 46.19126], [-1.14496, 46.19123], [-1.14577, 46.191], [-1.14628, 46.19086], [-1.14642, 46.19085], [-1.14651, 46.19085], [-1.14658, 46.19089], [-1.14674, 46.19093], [-1.14696, 46.19094], [-1.14712, 46.19089], [-1.14724, 46.19083], [-1.14735, 46.1907], [-1.14738, 46.19057], [-1.14737, 46.19048], [-1.14732, 46.1904], [-1.14733, 46.19024], [-1.14737, 46.19014], [-1.14847, 46.18893], [-1.1494, 46.18791], [-1.15073, 46.18649], [-1.15133, 46.18586], [-1.1518, 46.1853], [-1.15206, 46.18486], [-1.15211, 46.18473], [-1.15217, 46.18455], [-1.15239, 46.18353], [-1.15248, 46.18305], [-1.15265, 46.18219], [-1.15271, 46.18183], [-1.15288, 46.18067], [-1.15294, 46.18051], [-1.15301, 46.18042], [-1.15307, 46.1804], [-1.15322, 46.18033], [-1.15333, 46.18024], [-1.15352, 46.17993], [-1.15367, 46.17983], [-1.15528, 46.17932], [-1.15546, 46.17926], [-1.15566, 46.17924], [-1.15581, 46.17925], [-1.15596, 46.17932], [-1.15601, 46.17936], [-1.15605, 46.17931], [-1.15621, 46.17919], [-1.15641, 46.17909], [-1.15665, 46.17902], [-1.15693, 46.179], [-1.1572, 46.17902], [-1.15802, 46.17919], [-1.1585, 46.17928], [-1.15876, 46.17929], [-1.15942, 46.17929], [-1.16026, 46.1793], [-1.16106, 46.17934], [-1.16261, 46.17946], [-1.16294, 46.1795], [-1.16321, 46.17958], [-1.16362, 46.17975], [-1.16418, 46.18004], [-1.16468, 46.18034], [-1.16499, 46.18046], [-1.16559, 46.18059], [-1.16638, 46.18078], [-1.16695, 46.18089], [-1.16713, 46.18091], [-1.16716, 46.18084], [-1.16717, 46.18069], [-1.16718, 46.18052], [-1.1673, 46.18014], [-1.16738, 46.17993], [-1.16747, 46.17963], [-1.16755, 46.17924], [-1.16758, 46.17874], [-1.16758, 46.17845], [-1.16755, 46.17819], [-1.16742, 46.17752], [-1.16724, 46.17667], [-1.16709, 46.17597], [-1.16685, 46.17481], [-1.16676, 46.17455], [-1.1667, 46.17442], [-1.16665, 46.17432], [-1.16664, 46.17421], [-1.16666, 46.17412], [-1.16669, 46.17408], [-1.1667, 46.17402], [-1.16679, 46.17394], [-1.1669, 46.17387], [-1.16701, 46.17383], [-1.16727, 46.17377], [-1.1674, 46.17379], [-1.16749, 46.1738], [-1.16765, 46.17377], [-1.1677, 46.17374], [-1.16771, 46.17369], [-1.16771, 46.17365], [-1.16781, 46.17362], [-1.16795, 46.17353], [-1.16859, 46.17332], [-1.17013, 46.17284], [-1.171054, 46.172565], [-1.171455, 46.172443], [-1.171935, 46.1723], [-1.171983, 46.17228], [-1.171987, 46.172253], [-1.171932, 46.172253], [-1.171821, 46.172276], [-1.171552, 46.17225]]}}, {"type": "Feature", "properties": {"route_short_name": "208", "route_long_name": "Coll\u00e8ge J. Guiton <> Esnandes via Marsilly", "shape_id": "CA_LA_ROCHELLE:JourneyPattern:208_3E0F441D3613056F8DC36413EE7628BD", "n_points": 525, "n_shape_variants_in_source": 4}, "geometry": {"type": "LineString", "coordinates": [[-1.12308, 46.23983], [-1.12317, 46.23992], [-1.12324, 46.23994], [-1.12317, 46.24], [-1.12269, 46.24061], [-1.12246, 46.24094], [-1.12222, 46.24139], [-1.1218, 46.24224], [-1.12149, 46.24279], [-1.12128, 46.24306], [-1.12095, 46.24345], [-1.12055, 46.24392], [-1.12004, 46.24449], [-1.11976, 46.24493], [-1.1191, 46.24599], [-1.11879, 46.24631], [-1.11878, 46.24631], [-1.11876, 46.24631], [-1.11872, 46.24631], [-1.11868, 46.24632], [-1.11865, 46.24638], [-1.11866, 46.24639], [-1.1186, 46.2465], [-1.11858, 46.24658], [-1.11843, 46.24677], [-1.11818, 46.24704], [-1.11771, 46.24752], [-1.11758, 46.2477], [-1.11723, 46.24828], [-1.11709, 46.24848], [-1.1169, 46.24867], [-1.11642, 46.24907], [-1.11628, 46.2492], [-1.11608, 46.24944], [-1.11582, 46.25023], [-1.11574, 46.2504], [-1.11555, 46.25072], [-1.11532, 46.25104], [-1.11508, 46.25135], [-1.114465, 46.252087], [-1.114268, 46.25238], [-1.114197, 46.252422], [-1.114078, 46.252422], [-1.113978, 46.25241], [-1.113911, 46.252426], [-1.113869, 46.252476], [-1.11389, 46.25252], [-1.113919, 46.252552], [-1.114062, 46.25261], [-1.114142, 46.2526], [-1.11419, 46.252556], [-1.114325, 46.25238], [-1.114519, 46.25217], [-1.114777, 46.251762], [-1.115085, 46.251366], [-1.115184, 46.251274], [-1.115343, 46.25104], [-1.115501, 46.250816], [-1.115584, 46.250698], [-1.11564, 46.25059], [-1.115733, 46.25041], [-1.115783, 46.25032], [-1.11582, 46.25023], [-1.116003, 46.249683], [-1.116055, 46.249645], [-1.116055, 46.249645], [-1.116052, 46.24954], [-1.116097, 46.24944], [-1.116151, 46.24936], [-1.116358, 46.249172], [-1.1166, 46.248966], [-1.11683, 46.248756], [-1.117013, 46.248585], [-1.117113, 46.248474], [-1.117251, 46.24828], [-1.117554, 46.247772], [-1.117643, 46.247627], [-1.117801, 46.247437], [-1.117953, 46.247272], [-1.118265, 46.24697], [-1.118616, 46.246593], [-1.11867, 46.24652], [-1.118733, 46.246456], [-1.118779, 46.246445], [-1.118817, 46.246426], [-1.118839, 46.246403], [-1.11884, 46.24637], [-1.118843, 46.246334], [-1.11888, 46.246284], [-1.118981, 46.246162], [-1.119119, 46.24599], [-1.119333, 46.245663], [-1.119425, 46.24564], [-1.119425, 46.24564], [-1.119876, 46.244766], [-1.119994, 46.244583], [-1.120223, 46.24432], [-1.120601, 46.24389], [-1.120981, 46.243465], [-1.121233, 46.243176], [-1.121475, 46.242878], [-1.121558, 46.242756], [-1.12181, 46.242306], [-1.12227, 46.241405], [-1.122372, 46.241173], [-1.122498, 46.240948], [-1.122726, 46.24062], [-1.122948, 46.24031], [-1.123205, 46.24001], [-1.123588, 46.239662], [-1.123718, 46.239513], [-1.123908, 46.23913], [-1.124202, 46.23848], [-1.124829, 46.23707], [-1.124975, 46.236748], [-1.125104, 46.236446], [-1.125179, 46.23623], [-1.125256, 46.235867], [-1.125276, 46.235752], [-1.125302, 46.235706], [-1.125386, 46.235683], [-1.125615, 46.235638], [-1.125809, 46.23557], [-1.126475, 46.235092], [-1.126851, 46.234802], [-1.127045, 46.234665], [-1.12724, 46.23454], [-1.127413, 46.234463], [-1.12758, 46.2344], [-1.127876, 46.23434], [-1.128129, 46.234325], [-1.128378, 46.234344], [-1.128516, 46.234352], [-1.128657, 46.23435], [-1.128819, 46.234333], [-1.128916, 46.234245], [-1.129092, 46.23424], [-1.129225, 46.234165], [-1.129335, 46.23406], [-1.129412, 46.23394], [-1.129444, 46.233837], [-1.129515, 46.23375], [-1.12958, 46.233665], [-1.129701, 46.23349], [-1.12982, 46.233162], [-1.129879, 46.23299], [-1.129905, 46.23282], [-1.129915, 46.232693], [-1.12991, 46.23258], [-1.129889, 46.232388], [-1.12988, 46.232224], [-1.129896, 46.23212], [-1.129924, 46.231983], [-1.129992, 46.231796], [-1.130073, 46.23164], [-1.130138, 46.231552], [-1.130202, 46.231476], [-1.130319, 46.23137], [-1.130408, 46.231293], [-1.130467, 46.231224], [-1.130602, 46.230854], [-1.130706, 46.230583], [-1.130798, 46.230408], [-1.130897, 46.230244], [-1.130996, 46.230038], [-1.131052, 46.229904], [-1.131172, 46.229782], [-1.131161, 46.22972], [-1.131369, 46.22969], [-1.131853, 46.229668], [-1.132065, 46.229656], [-1.132197, 46.22965], [-1.132415, 46.229664], [-1.13276, 46.229702], [-1.133212, 46.22974], [-1.133807, 46.22978], [-1.134121, 46.229794], [-1.134404, 46.22982], [-1.134901, 46.2299], [-1.135325, 46.230015], [-1.135692, 46.23007], [-1.135981, 46.23015], [-1.136164, 46.230194], [-1.13634, 46.23026], [-1.136466, 46.23033], [-1.136586, 46.230408], [-1.137113, 46.23081], [-1.137394, 46.23101], [-1.13746, 46.23105], [-1.13753, 46.231087], [-1.137615, 46.231094], [-1.137715, 46.231075], [-1.13787, 46.23103], [-1.137963, 46.230988], [-1.138014, 46.23097], [-1.138092, 46.230984], [-1.138411, 46.23106], [-1.13878, 46.231133], [-1.139139, 46.2312], [-1.140056, 46.231373], [-1.140421, 46.23144], [-1.1409, 46.231506], [-1.141043, 46.23151], [-1.141371, 46.231567], [-1.14172, 46.23164], [-1.142346, 46.231735], [-1.143131, 46.23188], [-1.143675, 46.23198], [-1.144364, 46.23208], [-1.145088, 46.232216], [-1.145088, 46.232216], [-1.145432, 46.232235], [-1.145747, 46.23227], [-1.145956, 46.2323], [-1.146121, 46.23234], [-1.146388, 46.232437], [-1.146473, 46.23247], [-1.146537, 46.232475], [-1.146598, 46.23245], [-1.14676, 46.23226], [-1.146995, 46.232018], [-1.147214, 46.231804], [-1.147442, 46.231598], [-1.147677, 46.231407], [-1.147832, 46.231285], [-1.14795, 46.231148], [-1.148123, 46.230873], [-1.148219, 46.230732], [-1.148487, 46.23011], [-1.148845, 46.229282], [-1.148924, 46.22908], [-1.148964, 46.228912], [-1.148994, 46.22873], [-1.149052, 46.22808], [-1.149112, 46.22744], [-1.149103, 46.227367], [-1.149077, 46.227314], [-1.149015, 46.22728], [-1.148946, 46.227253], [-1.148817, 46.227234], [-1.148452, 46.227215], [-1.14809, 46.22716], [-1.147614, 46.22703], [-1.14714, 46.22689], [-1.14604, 46.22673], [-1.14539, 46.22666], [-1.14501, 46.22665], [-1.14452, 46.22663], [-1.14403, 46.2266], [-1.14351, 46.22655], [-1.14317, 46.22654], [-1.142301, 46.226578], [-1.141987, 46.226585], [-1.14178, 46.22657], [-1.141573, 46.226543], [-1.141399, 46.226498], [-1.141131, 46.226425], [-1.140678, 46.226242], [-1.140111, 46.22604], [-1.13969, 46.22599], [-1.13968, 46.22585], [-1.13972, 46.2251], [-1.13981, 46.22423], [-1.13991, 46.2241], [-1.14017, 46.22403], [-1.1408, 46.22403], [-1.14116, 46.22404], [-1.14293, 46.22414], [-1.14345, 46.22418], [-1.14385, 46.22418], [-1.14404, 46.22416], [-1.14428, 46.22409], [-1.1446, 46.22394], [-1.14477, 46.22384], [-1.14563, 46.22325], [-1.14595, 46.22299], [-1.14636, 46.22262], [-1.14669, 46.22235], [-1.14698, 46.22216], [-1.14739, 46.22194], [-1.1478, 46.22171], [-1.14802, 46.22159], [-1.14857, 46.22123], [-1.14864, 46.22118], [-1.14895, 46.22089], [-1.14912, 46.22069], [-1.149325, 46.220505], [-1.14979, 46.21987], [-1.15008, 46.21956], [-1.15037, 46.21926], [-1.15078, 46.21901], [-1.15115, 46.21882], [-1.15188, 46.21846], [-1.15213, 46.21837], [-1.15246, 46.21822], [-1.15269, 46.21816], [-1.1529, 46.21805], [-1.15306, 46.21792], [-1.15314, 46.21782], [-1.15331, 46.2175], [-1.1535, 46.21714], [-1.15361, 46.217], [-1.15375, 46.21689], [-1.15396, 46.21682], [-1.15419, 46.21677], [-1.15472, 46.2167], [-1.15493, 46.21659], [-1.15508, 46.21647], [-1.15531, 46.21618], [-1.15589, 46.21529], [-1.15599, 46.21516], [-1.15607, 46.21511], [-1.15637, 46.21491], [-1.15672, 46.21472], [-1.15693, 46.21453], [-1.157, 46.2144], [-1.15706, 46.21423], [-1.15721, 46.21393], [-1.15729, 46.21383], [-1.15755, 46.21359], [-1.15803, 46.21325], [-1.15849, 46.21299], [-1.15878, 46.21288], [-1.15939, 46.21274], [-1.15958, 46.21264], [-1.15965, 46.21259], [-1.15979, 46.21241], [-1.15995, 46.21192], [-1.160066, 46.211647], [-1.160066, 46.211647], [-1.16028, 46.21063], [-1.16049, 46.20972], [-1.16041, 46.20973], [-1.15973, 46.20981], [-1.15933, 46.20984], [-1.15853, 46.20989], [-1.15813, 46.20989], [-1.15805, 46.20988], [-1.158, 46.20986], [-1.158, 46.20985], [-1.158, 46.20982], [-1.15799, 46.20979], [-1.15795, 46.20976], [-1.15794, 46.20975], [-1.158, 46.20966], [-1.15805, 46.20957], [-1.15816, 46.20912], [-1.158291, 46.20883], [-1.158291, 46.20883], [-1.15826, 46.208744], [-1.158301, 46.208485], [-1.15832, 46.20822], [-1.158332, 46.20742], [-1.158339, 46.207024], [-1.158349, 46.206623], [-1.15836, 46.2062], [-1.15838, 46.20614], [-1.158452, 46.206104], [-1.15872, 46.2061], [-1.158977, 46.206116], [-1.159233, 46.20615], [-1.159484, 46.206203], [-1.160303, 46.206375], [-1.160375, 46.20636], [-1.160396, 46.2063], [-1.16037, 46.206215], [-1.160408, 46.20602], [-1.160408, 46.20602], [-1.16042, 46.20522], [-1.16049, 46.20396], [-1.16052, 46.2033], [-1.16053, 46.20313], [-1.16056, 46.20295], [-1.1606, 46.202], [-1.16064, 46.20107], [-1.16064, 46.20067], [-1.16061, 46.20058], [-1.16054, 46.20048], [-1.16048, 46.20035], [-1.16047, 46.20029], [-1.1605, 46.20027], [-1.16053, 46.20024], [-1.16052, 46.20014], [-1.16048, 46.20011], [-1.16038, 46.20007], [-1.16025, 46.20002], [-1.16003, 46.19986], [-1.15883, 46.19866], [-1.15833, 46.19815], [-1.15807, 46.19788], [-1.15791, 46.19771], [-1.15774, 46.19743], [-1.15747, 46.19684], [-1.15733, 46.19661], [-1.15716, 46.19639], [-1.15701, 46.19624], [-1.1571, 46.19615], [-1.15712, 46.19608], [-1.1571, 46.196], [-1.1569, 46.19548], [-1.15679, 46.19521], [-1.15648, 46.19438], [-1.15643, 46.19422], [-1.15642, 46.19413], [-1.15646, 46.19405], [-1.15648, 46.194], [-1.15646, 46.19396], [-1.15636, 46.19391], [-1.15627, 46.19373], [-1.15618, 46.19337], [-1.15617, 46.19319], [-1.15619, 46.19305], [-1.15641, 46.1924], [-1.15675, 46.19156], [-1.1568, 46.19144], [-1.15695, 46.19122], [-1.15726, 46.19078], [-1.15807, 46.18974], [-1.15829, 46.18938], [-1.15836, 46.18914], [-1.1584, 46.18887], [-1.15845, 46.18851], [-1.15852, 46.18825], [-1.1587, 46.18783], [-1.15879, 46.18767], [-1.15885, 46.18761], [-1.15888, 46.18759], [-1.15896, 46.1876], [-1.15901, 46.18757], [-1.15916, 46.18765], [-1.15946, 46.18776], [-1.15979, 46.18785], [-1.15992, 46.18787], [-1.16014, 46.18792], [-1.16054, 46.18799], [-1.1613, 46.18816], [-1.16172, 46.18823], [-1.1619, 46.18827], [-1.16189, 46.18832], [-1.16192, 46.18835], [-1.16203, 46.18836], [-1.16207, 46.18834], [-1.16209, 46.18827], [-1.16239, 46.18807], [-1.16266, 46.1879], [-1.16308, 46.18768], [-1.16362, 46.18745], [-1.16385, 46.18733], [-1.16422, 46.18707], [-1.16453, 46.18684], [-1.16483, 46.18665], [-1.16508, 46.18653], [-1.16549, 46.18637], [-1.16585, 46.18623], [-1.16618, 46.18613], [-1.1662, 46.18617], [-1.16626, 46.1862], [-1.16632, 46.1862], [-1.16639, 46.18614], [-1.16638, 46.18606], [-1.16645, 46.1859], [-1.16649, 46.18587], [-1.16651, 46.18584], [-1.16649, 46.18578], [-1.16641, 46.18576], [-1.1664, 46.18576], [-1.16637, 46.18558], [-1.16626, 46.18498], [-1.16625, 46.18482], [-1.16627, 46.18474], [-1.16629, 46.18464], [-1.16633, 46.18458], [-1.16634, 46.18451], [-1.16632, 46.18445], [-1.16634, 46.18437], [-1.16654, 46.18373], [-1.16675, 46.18307], [-1.1668, 46.18284], [-1.16682, 46.18235], [-1.16684, 46.18135], [-1.16685, 46.18128], [-1.16692, 46.18119], [-1.16701, 46.18108], [-1.16706, 46.18103], [-1.16711, 46.18095], [-1.16716, 46.18084], [-1.16717, 46.18069], [-1.16718, 46.18052], [-1.1673, 46.18014], [-1.16743, 46.17978], [-1.16754, 46.1793], [-1.16756, 46.17913], [-1.16758, 46.17874], [-1.16758, 46.17845], [-1.16749, 46.17786], [-1.16735, 46.17717], [-1.16713, 46.17613], [-1.16688, 46.17497], [-1.1668, 46.17468], [-1.1667, 46.17442], [-1.16665, 46.17432], [-1.16664, 46.17421], [-1.16666, 46.17412], [-1.16669, 46.17408], [-1.1667, 46.17402], [-1.16679, 46.17394], [-1.1669, 46.17387], [-1.16701, 46.17383], [-1.16727, 46.17377], [-1.1674, 46.17379], [-1.16758, 46.17379], [-1.16765, 46.17377], [-1.1677, 46.17374], [-1.16771, 46.17369], [-1.16771, 46.17365], [-1.16781, 46.17362], [-1.16795, 46.17353], [-1.16952, 46.17303], [-1.17086, 46.1726], [-1.171127, 46.172546], [-1.171979, 46.172283], [-1.171998, 46.172256], [-1.171972, 46.172245], [-1.171857, 46.17227], [-1.171552, 46.17225]]}}, {"type": "Feature", "properties": {"route_short_name": "209", "route_long_name": "Coll\u00e8ge J. Guiton <> Esnandes via Les Moindreaux", "shape_id": "CA_LA_ROCHELLE:JourneyPattern:209_5A73479FEEEAFEBF1BFE1CF363D5990B", "n_points": 310, "n_shape_variants_in_source": 2}, "geometry": {"type": "LineString", "coordinates": [[-1.12308, 46.23983], [-1.12317, 46.23992], [-1.12324, 46.23994], [-1.12317, 46.24], [-1.12269, 46.24061], [-1.12246, 46.24094], [-1.12222, 46.24139], [-1.1218, 46.24224], [-1.12149, 46.24279], [-1.12128, 46.24306], [-1.12095, 46.24345], [-1.12055, 46.24392], [-1.12004, 46.24449], [-1.11976, 46.24493], [-1.1191, 46.24599], [-1.11879, 46.24631], [-1.11878, 46.24631], [-1.11876, 46.24631], [-1.11872, 46.24631], [-1.11868, 46.24632], [-1.11865, 46.24638], [-1.11866, 46.24639], [-1.1186, 46.2465], [-1.11858, 46.24658], [-1.11843, 46.24677], [-1.11818, 46.24704], [-1.11771, 46.24752], [-1.11758, 46.2477], [-1.11723, 46.24828], [-1.11709, 46.24848], [-1.1169, 46.24867], [-1.11642, 46.24907], [-1.11628, 46.2492], [-1.11608, 46.24944], [-1.11582, 46.25023], [-1.11574, 46.2504], [-1.11555, 46.25072], [-1.11532, 46.25104], [-1.11508, 46.25135], [-1.11456, 46.25204], [-1.11427, 46.25242], [-1.11412, 46.25262], [-1.11389, 46.25254], [-1.11387, 46.2525], [-1.11389, 46.25245], [-1.11396, 46.2524], [-1.11408, 46.25242], [-1.11427, 46.25242], [-1.11432, 46.25235], [-1.11469, 46.25187], [-1.11499, 46.25147], [-1.11527, 46.25111], [-1.11552, 46.25076], [-1.11564, 46.25059], [-1.11576, 46.25036], [-1.11589, 46.25003], [-1.116, 46.24965], [-1.116055, 46.249645], [-1.116055, 46.249645], [-1.116052, 46.24954], [-1.116097, 46.24944], [-1.116151, 46.24936], [-1.116358, 46.249172], [-1.1166, 46.248966], [-1.11683, 46.248756], [-1.117013, 46.248585], [-1.117113, 46.248474], [-1.117251, 46.24828], [-1.117554, 46.247772], [-1.117643, 46.247627], [-1.117801, 46.247437], [-1.117953, 46.247272], [-1.118265, 46.24697], [-1.118616, 46.246593], [-1.11867, 46.24652], [-1.118733, 46.246456], [-1.118779, 46.246445], [-1.118817, 46.246426], [-1.118839, 46.246403], [-1.11884, 46.24637], [-1.118843, 46.246334], [-1.11888, 46.246284], [-1.118981, 46.246162], [-1.119119, 46.24599], [-1.119333, 46.245663], [-1.119425, 46.24564], [-1.119425, 46.24564], [-1.11969, 46.24504], [-1.12002, 46.24452], [-1.12088, 46.24353], [-1.12144, 46.24286], [-1.12157, 46.24266], [-1.12177, 46.24229], [-1.1222, 46.24144], [-1.12234, 46.24114], [-1.1226, 46.24074], [-1.12298, 46.24022], [-1.12324, 46.23994], [-1.12356, 46.23964], [-1.12368, 46.2395], [-1.12402, 46.23881], [-1.12449, 46.23776], [-1.12489, 46.2369], [-1.12508, 46.23644], [-1.12524, 46.23587], [-1.12527, 46.23561], [-1.12526, 46.23535], [-1.12522, 46.23503], [-1.12515, 46.23466], [-1.12492, 46.23378], [-1.12481, 46.23341], [-1.12464, 46.23302], [-1.12459, 46.23294], [-1.12422, 46.23246], [-1.12412, 46.23228], [-1.12416, 46.23224], [-1.12419, 46.23216], [-1.12419, 46.23209], [-1.12412, 46.23198], [-1.12403, 46.23192], [-1.12395, 46.23177], [-1.12394, 46.23161], [-1.12398, 46.23126], [-1.12396, 46.23118], [-1.12405, 46.23051], [-1.12407, 46.23036], [-1.12428, 46.2289], [-1.12455, 46.22691], [-1.12467, 46.22624], [-1.12473, 46.22607], [-1.12489, 46.22558], [-1.12509, 46.22513], [-1.12527, 46.22479], [-1.12546, 46.22446], [-1.12586, 46.22389], [-1.1263, 46.22336], [-1.12672, 46.22295], [-1.12702, 46.22268], [-1.12725, 46.22248], [-1.12749, 46.22228], [-1.12794, 46.22194], [-1.12854, 46.22157], [-1.12857, 46.22154], [-1.12907, 46.22122], [-1.13087, 46.22006], [-1.13252, 46.21897], [-1.13286, 46.21876], [-1.13333, 46.2184], [-1.1336, 46.21813], [-1.13375, 46.21796], [-1.13403, 46.2176], [-1.1344, 46.21704], [-1.13472, 46.21645], [-1.13484, 46.21618], [-1.13491, 46.21592], [-1.13494, 46.21566], [-1.13492, 46.21526], [-1.13488, 46.21499], [-1.13466, 46.214], [-1.13448, 46.21307], [-1.13446, 46.21277], [-1.13447, 46.21256], [-1.13451, 46.21235], [-1.13458, 46.2121], [-1.13472, 46.21179], [-1.13484, 46.21158], [-1.13502, 46.21133], [-1.1352, 46.21112], [-1.13533, 46.21104], [-1.13549, 46.211], [-1.13563, 46.21096], [-1.13573, 46.21088], [-1.13577, 46.21081], [-1.13578, 46.21074], [-1.13576, 46.21066], [-1.13572, 46.2106], [-1.13571, 46.21048], [-1.13581, 46.21029], [-1.13591, 46.21013], [-1.13623, 46.20962], [-1.13627, 46.20954], [-1.13645, 46.20916], [-1.13665, 46.20864], [-1.13675, 46.20832], [-1.13684, 46.20795], [-1.13697, 46.20742], [-1.13702, 46.20717], [-1.13702, 46.20708], [-1.13735, 46.20593], [-1.13756, 46.20519], [-1.13758, 46.20514], [-1.13791, 46.20404], [-1.1381, 46.20336], [-1.13845, 46.20222], [-1.13926, 46.19933], [-1.13952, 46.19845], [-1.13986, 46.19736], [-1.14023, 46.19635], [-1.14115, 46.19376], [-1.14138, 46.19321], [-1.14143, 46.19312], [-1.14152, 46.19299], [-1.14164, 46.19282], [-1.14203, 46.19244], [-1.14243, 46.19215], [-1.14262, 46.19206], [-1.14311, 46.19183], [-1.14355, 46.19166], [-1.14478, 46.19126], [-1.14522, 46.19116], [-1.14578, 46.19099], [-1.14635, 46.19085], [-1.14651, 46.19085], [-1.14666, 46.19092], [-1.14684, 46.19094], [-1.14709, 46.19091], [-1.14716, 46.19087], [-1.14729, 46.19077], [-1.14738, 46.19063], [-1.14738, 46.19051], [-1.14734, 46.19041], [-1.14732, 46.1903], [-1.14734, 46.1902], [-1.14743, 46.19007], [-1.14881, 46.18855], [-1.15014, 46.18711], [-1.15105, 46.18616], [-1.15165, 46.18549], [-1.1518, 46.1853], [-1.15206, 46.18486], [-1.15216, 46.18461], [-1.15232, 46.18391], [-1.15255, 46.18273], [-1.15273, 46.18169], [-1.1529, 46.1806], [-1.15301, 46.18042], [-1.15314, 46.18037], [-1.15328, 46.18028], [-1.15337, 46.18018], [-1.15346, 46.18004], [-1.15356, 46.17989], [-1.15372, 46.17981], [-1.15535, 46.1793], [-1.15546, 46.17926], [-1.15552, 46.17926], [-1.15572, 46.17924], [-1.15584, 46.17925], [-1.15592, 46.17929], [-1.15601, 46.17936], [-1.15612, 46.17925], [-1.15632, 46.17913], [-1.15653, 46.17905], [-1.15677, 46.179], [-1.15705, 46.179], [-1.15746, 46.17907], [-1.15827, 46.17925], [-1.15864, 46.17929], [-1.15904, 46.17929], [-1.15966, 46.17929], [-1.16029, 46.1793], [-1.16165, 46.17938], [-1.1628, 46.17948], [-1.16307, 46.17953], [-1.1634, 46.17965], [-1.16387, 46.17987], [-1.16442, 46.1802], [-1.16482, 46.18041], [-1.16505, 46.18048], [-1.16566, 46.18061], [-1.16667, 46.18084], [-1.16713, 46.18091], [-1.16717, 46.18076], [-1.16718, 46.1806], [-1.16723, 46.18033], [-1.1674, 46.17984], [-1.16751, 46.17947], [-1.16756, 46.17914], [-1.16759, 46.17866], [-1.16757, 46.17838], [-1.16752, 46.17802], [-1.16741, 46.17745], [-1.1672, 46.17649], [-1.16708, 46.17594], [-1.16693, 46.17518], [-1.16681, 46.1747], [-1.16675, 46.17453], [-1.16665, 46.17432], [-1.16666, 46.17412], [-1.1667, 46.17402], [-1.1669, 46.17387], [-1.16712, 46.17379], [-1.16736, 46.17377], [-1.16745, 46.1738], [-1.16753, 46.1738], [-1.16762, 46.17378], [-1.1677, 46.17374], [-1.16771, 46.17365], [-1.1679, 46.17357], [-1.16795, 46.17353], [-1.16811, 46.17348], [-1.16941, 46.17308], [-1.17075, 46.17264], [-1.17128, 46.17251], [-1.171939, 46.17229], [-1.172013, 46.172264], [-1.172017, 46.172245], [-1.171987, 46.172237], [-1.171869, 46.17226], [-1.171775, 46.17227], [-1.171552, 46.17225]]}}, {"type": "Feature", "properties": {"route_short_name": "21", "route_long_name": "Thair\u00e9 <> Ch\u00e2telaillon Gare", "shape_id": "CA_LA_ROCHELLE:JourneyPattern:21_FF2B8263B546E4FD4E8D5B77DC566378", "n_points": 385, "n_shape_variants_in_source": 2}, "geometry": {"type": "LineString", "coordinates": [[-1.091063, 46.078094], [-1.091196, 46.078163], [-1.09127, 46.07826], [-1.091324, 46.078297], [-1.091383, 46.078297], [-1.092269, 46.078007], [-1.092374, 46.077965], [-1.092454, 46.07797], [-1.092548, 46.077984], [-1.092619, 46.077957], [-1.09264, 46.0779], [-1.092623, 46.07786], [-1.092574, 46.07783], [-1.092515, 46.077805], [-1.09246, 46.077747], [-1.092426, 46.07769], [-1.092287, 46.077457], [-1.092192, 46.07728], [-1.092073, 46.077084], [-1.091934, 46.07686], [-1.091852, 46.076714], [-1.091644, 46.07631], [-1.091644, 46.07631], [-1.091382, 46.075905], [-1.091148, 46.07548], [-1.091029, 46.075287], [-1.090956, 46.075172], [-1.090883, 46.075134], [-1.090688, 46.07515], [-1.090574, 46.075165], [-1.090502, 46.07519], [-1.09033, 46.07544], [-1.090202, 46.075565], [-1.090202, 46.075565], [-1.08999, 46.07602], [-1.08985, 46.07634], [-1.08977, 46.07643], [-1.08965, 46.0765], [-1.08931, 46.07659], [-1.0889, 46.07669], [-1.08823, 46.07679], [-1.08803, 46.076805], [-1.087942, 46.076813], [-1.08789, 46.07684], [-1.087852, 46.076874], [-1.087799, 46.076885], [-1.087664, 46.076885], [-1.08748, 46.076862], [-1.08748, 46.076862], [-1.087436, 46.076916], [-1.087368, 46.076935], [-1.086817, 46.07701], [-1.085272, 46.077232], [-1.084505, 46.07733], [-1.084092, 46.077396], [-1.083828, 46.077442], [-1.083665, 46.07749], [-1.083491, 46.077515], [-1.083491, 46.077515], [-1.083133, 46.077717], [-1.082549, 46.078], [-1.082428, 46.078056], [-1.082351, 46.07807], [-1.082284, 46.078056], [-1.08222, 46.078037], [-1.08213, 46.07804], [-1.082059, 46.07807], [-1.082028, 46.078125], [-1.08204, 46.07817], [-1.082069, 46.078217], [-1.082074, 46.078255], [-1.082085, 46.078285], [-1.082068, 46.078335], [-1.08203, 46.078377], [-1.081971, 46.078434], [-1.081908, 46.07849], [-1.08101, 46.07921], [-1.080688, 46.079414], [-1.08024, 46.07983], [-1.080125, 46.079933], [-1.080018, 46.08004], [-1.079935, 46.08014], [-1.079867, 46.08023], [-1.07982, 46.08028], [-1.079777, 46.08032], [-1.079729, 46.080364], [-1.07966, 46.08042], [-1.07958, 46.08045], [-1.079499, 46.080475], [-1.079433, 46.08052], [-1.079403, 46.080563], [-1.079398, 46.080612], [-1.07943, 46.08067], [-1.079511, 46.08072], [-1.079569, 46.080753], [-1.079663, 46.0808], [-1.079712, 46.08085], [-1.079728, 46.08091], [-1.079747, 46.080997], [-1.079752, 46.081097], [-1.079749, 46.081245], [-1.079724, 46.081394], [-1.079703, 46.081463], [-1.079665, 46.081566], [-1.079605, 46.08166], [-1.079542, 46.08175], [-1.079462, 46.08184], [-1.079363, 46.08194], [-1.079248, 46.082027], [-1.079127, 46.0821], [-1.078965, 46.082184], [-1.078807, 46.082245], [-1.07812, 46.08252], [-1.07719, 46.08284], [-1.076933, 46.08289], [-1.076799, 46.082916], [-1.076659, 46.08293], [-1.076314, 46.08298], [-1.075953, 46.08305], [-1.075823, 46.08306], [-1.07573, 46.083054], [-1.075632, 46.08302], [-1.07558, 46.08299], [-1.075549, 46.082947], [-1.075522, 46.082905], [-1.07551, 46.08287], [-1.07549, 46.08283], [-1.07545, 46.082783], [-1.0754, 46.08275], [-1.075336, 46.082726], [-1.075261, 46.082706], [-1.075199, 46.082687], [-1.075136, 46.08267], [-1.075093, 46.082634], [-1.075035, 46.082584], [-1.074941, 46.082523], [-1.07486, 46.082497], [-1.074753, 46.082474], [-1.073966, 46.082413], [-1.073717, 46.08245], [-1.073502, 46.082447], [-1.073303, 46.08243], [-1.07169, 46.0822], [-1.071436, 46.08216], [-1.071193, 46.082138], [-1.070865, 46.082138], [-1.070528, 46.08215], [-1.070179, 46.082172], [-1.06965, 46.08224], [-1.069388, 46.08228], [-1.069133, 46.08231], [-1.068924, 46.082325], [-1.068685, 46.082336], [-1.068396, 46.08234], [-1.068151, 46.082336], [-1.067917, 46.082317], [-1.067751, 46.0823], [-1.067375, 46.08225], [-1.067009, 46.08218], [-1.064191, 46.08161], [-1.061383, 46.08104], [-1.059403, 46.08063], [-1.058422, 46.080433], [-1.058173, 46.080383], [-1.058018, 46.080364], [-1.057905, 46.080345], [-1.057832, 46.080315], [-1.057787, 46.08028], [-1.057716, 46.080257], [-1.057643, 46.08026], [-1.057557, 46.08027], [-1.057483, 46.08026], [-1.05742, 46.080246], [-1.05693, 46.08013], [-1.056439, 46.080036], [-1.055945, 46.07993], [-1.055458, 46.079826], [-1.054968, 46.079727], [-1.054494, 46.079643], [-1.05438, 46.07965], [-1.05432, 46.079712], [-1.054281, 46.079784], [-1.054248, 46.079853], [-1.054172, 46.079876], [-1.054244, 46.07996], [-1.054281, 46.08], [-1.054337, 46.080044], [-1.054415, 46.080055], [-1.05449, 46.08002], [-1.054511, 46.079956], [-1.054479, 46.079906], [-1.054442, 46.079853], [-1.054403, 46.079792], [-1.054387, 46.079735], [-1.054393, 46.079685], [-1.054401, 46.079655], [-1.054369, 46.079628], [-1.053595, 46.079502], [-1.053218, 46.07944], [-1.05283, 46.0794], [-1.052593, 46.079372], [-1.052503, 46.079357], [-1.052435, 46.079338], [-1.052398, 46.07932], [-1.052332, 46.07931], [-1.052291, 46.07934], [-1.05226, 46.07938], [-1.052238, 46.07942], [-1.05205, 46.079567], [-1.052003, 46.079594], [-1.05195, 46.07961], [-1.0519, 46.079624], [-1.051815, 46.07963], [-1.051718, 46.07963], [-1.051623, 46.079643], [-1.051136, 46.07976], [-1.050302, 46.079983], [-1.049322, 46.080265], [-1.048861, 46.0804], [-1.048555, 46.08047], [-1.04815, 46.08056], [-1.04579, 46.08094], [-1.045145, 46.08106], [-1.044813, 46.081127], [-1.044526, 46.081192], [-1.044066, 46.08131], [-1.04358, 46.08147], [-1.04335, 46.08154], [-1.042878, 46.081707], [-1.042412, 46.081863], [-1.041973, 46.08199], [-1.041539, 46.0821], [-1.040995, 46.082233], [-1.04047, 46.082348], [-1.039935, 46.082447], [-1.039493, 46.082527], [-1.039067, 46.082603], [-1.03785, 46.08283], [-1.037096, 46.082977], [-1.036599, 46.083088], [-1.036054, 46.083237], [-1.035667, 46.08335], [-1.035379, 46.083454], [-1.03515, 46.08354], [-1.034701, 46.083702], [-1.034275, 46.083862], [-1.032875, 46.084454], [-1.032167, 46.084763], [-1.031811, 46.08491], [-1.031475, 46.08505], [-1.031235, 46.085133], [-1.031042, 46.08519], [-1.0308, 46.08525], [-1.030501, 46.085316], [-1.030307, 46.085342], [-1.030116, 46.08536], [-1.029803, 46.085384], [-1.029489, 46.08539], [-1.027598, 46.08539], [-1.026645, 46.085384], [-1.02571, 46.08538], [-1.025455, 46.085365], [-1.02521, 46.08535], [-1.025001, 46.08532], [-1.023221, 46.084953], [-1.022884, 46.084896], [-1.022673, 46.08486], [-1.022493, 46.084846], [-1.02232, 46.08484], [-1.022198, 46.08483], [-1.022087, 46.084835], [-1.02203, 46.08482], [-1.022024, 46.08477], [-1.022064, 46.084606], [-1.022082, 46.08452], [-1.022086, 46.084446], [-1.02208, 46.08437], [-1.02205, 46.08434], [-1.02197, 46.084297], [-1.021872, 46.084263], [-1.021786, 46.08424], [-1.021187, 46.08422], [-1.020908, 46.084213], [-1.020653, 46.084206], [-1.02013, 46.08419], [-1.01993, 46.08417], [-1.019818, 46.084152], [-1.019741, 46.084118], [-1.019563, 46.08397], [-1.019563, 46.08397], [-1.019189, 46.083767], [-1.018958, 46.083626], [-1.018883, 46.083553], [-1.018788, 46.083477], [-1.018741, 46.08341], [-1.018686, 46.08325], [-1.018648, 46.08312], [-1.018622, 46.083027], [-1.018535, 46.082893], [-1.018329, 46.08256], [-1.018183, 46.082333], [-1.018022, 46.082123], [-1.01793, 46.08202], [-1.017607, 46.081764], [-1.016855, 46.081215], [-1.016601, 46.080997], [-1.016552, 46.08093], [-1.016517, 46.080856], [-1.016476, 46.08075], [-1.016462, 46.080612], [-1.016454, 46.080368], [-1.016455, 46.08029], [-1.016443, 46.08021], [-1.016422, 46.080147], [-1.016387, 46.08011], [-1.01635, 46.08008], [-1.01629, 46.080032], [-1.016213, 46.08001], [-1.015974, 46.07994], [-1.01575, 46.079872], [-1.01549, 46.079777], [-1.015258, 46.07967], [-1.014715, 46.079426], [-1.014325, 46.07927], [-1.01413, 46.079163], [-1.014028, 46.079105], [-1.013951, 46.07905], [-1.013797, 46.078922], [-1.013392, 46.07852], [-1.013229, 46.078354], [-1.013047, 46.078205], [-1.012893, 46.078102], [-1.012778, 46.078033], [-1.012649, 46.077972], [-1.0121, 46.07776], [-1.011652, 46.077625], [-1.011413, 46.077557], [-1.011188, 46.077507], [-1.010636, 46.0774], [-1.010501, 46.077366], [-1.010383, 46.07732], [-1.01009, 46.0772], [-1.01002, 46.07718], [-1.00996, 46.07714], [-1.009789, 46.077057], [-1.00958, 46.076977], [-1.009276, 46.076904], [-1.008754, 46.076748], [-1.008316, 46.076614], [-1.007671, 46.076443], [-1.00714, 46.07628], [-1.006676, 46.07609], [-1.006418, 46.075977], [-1.006026, 46.07583], [-1.005633, 46.07571], [-1.005251, 46.075638], [-1.004861, 46.07556], [-1.004424, 46.075485], [-1.004182, 46.075436], [-1.003955, 46.0754], [-1.003777, 46.07538], [-1.003714, 46.07536], [-1.003663, 46.07533], [-1.003633, 46.075283], [-1.003649, 46.07523], [-1.003663, 46.075108], [-1.003696, 46.074997], [-1.003844, 46.074623], [-1.003882, 46.07452], [-1.003921, 46.0744], [-1.003996, 46.07414], [-1.00402, 46.074013], [-1.004034, 46.073887], [-1.00403, 46.073784], [-1.004017, 46.073685], [-1.003999, 46.073505], [-1.003975, 46.073402], [-1.003959, 46.073364], [-1.003954, 46.073334], [-1.003987, 46.073307], [-1.004057, 46.07332], [-1.00437, 46.073402], [-1.004734, 46.073486], [-1.005387, 46.07364], [-1.005766, 46.073734]]}}, {"type": "Feature", "properties": {"route_short_name": "211", "route_long_name": "Coll\u00e8ge Beauregard <> Place de Verdun", "shape_id": "CA_LA_ROCHELLE:JourneyPattern:211_DA9F67DCA7C1F5BA8EC3CC72F2C8B697", "n_points": 147, "n_shape_variants_in_source": 2}, "geometry": {"type": "LineString", "coordinates": [[-1.132525, 46.171227], [-1.132628, 46.17118], [-1.132748, 46.17114], [-1.132798, 46.171085], [-1.132894, 46.171013], [-1.132942, 46.17097], [-1.133039, 46.170975], [-1.133972, 46.171303], [-1.134154, 46.17133], [-1.134282, 46.171356], [-1.134675, 46.17151], [-1.135406, 46.171818], [-1.136455, 46.172253], [-1.136513, 46.172283], [-1.136568, 46.17226], [-1.13723, 46.17158], [-1.13723, 46.17158], [-1.137879, 46.170834], [-1.1382, 46.17049], [-1.138499, 46.170135], [-1.138681, 46.16988], [-1.138805, 46.169636], [-1.138845, 46.169506], [-1.138886, 46.169353], [-1.138886, 46.169353], [-1.13888, 46.16894], [-1.138981, 46.168728], [-1.139101, 46.168518], [-1.139516, 46.168], [-1.139807, 46.167698], [-1.139861, 46.167633], [-1.139929, 46.167587], [-1.140041, 46.16758], [-1.14008, 46.16758], [-1.140145, 46.167572], [-1.14019, 46.16757], [-1.140464, 46.167618], [-1.140988, 46.167797], [-1.141433, 46.167873], [-1.142138, 46.168064], [-1.142848, 46.168255], [-1.143328, 46.16838], [-1.143813, 46.168514], [-1.144411, 46.168705], [-1.144411, 46.168705], [-1.145007, 46.168827], [-1.14521, 46.16889], [-1.14574, 46.16903], [-1.14626, 46.16916], [-1.14652, 46.16925], [-1.146587, 46.16928], [-1.14662, 46.16932], [-1.146656, 46.169357], [-1.14673, 46.16938], [-1.14689, 46.16943], [-1.147069, 46.169476], [-1.147149, 46.16946], [-1.14726, 46.16944], [-1.14744, 46.16948], [-1.14786, 46.1696], [-1.147988, 46.169624], [-1.14821, 46.169613], [-1.148453, 46.169594], [-1.148693, 46.169533], [-1.148997, 46.169434], [-1.148997, 46.169434], [-1.149338, 46.169277], [-1.149492, 46.16921], [-1.149644, 46.169144], [-1.149733, 46.16912], [-1.149793, 46.16912], [-1.149858, 46.16913], [-1.149924, 46.16913], [-1.150019, 46.169136], [-1.150131, 46.169167], [-1.150479, 46.169254], [-1.150696, 46.16933], [-1.15087, 46.16942], [-1.150985, 46.169476], [-1.151078, 46.169544], [-1.151155, 46.169617], [-1.15121, 46.169693], [-1.151249, 46.16977], [-1.151297, 46.16983], [-1.151389, 46.169888], [-1.15155, 46.169926], [-1.151671, 46.169926], [-1.151796, 46.16989], [-1.151923, 46.16982], [-1.151989, 46.169712], [-1.151996, 46.169594], [-1.151981, 46.169483], [-1.151987, 46.16939], [-1.152004, 46.169304], [-1.152053, 46.169174], [-1.152168, 46.16901], [-1.152261, 46.168945], [-1.152261, 46.168945], [-1.152305, 46.168804], [-1.152578, 46.16837], [-1.152798, 46.167934], [-1.152905, 46.167686], [-1.153017, 46.167435], [-1.153133, 46.167194], [-1.153244, 46.167007], [-1.153298, 46.16687], [-1.153313, 46.166718], [-1.153312, 46.166634], [-1.15332, 46.166553], [-1.153339, 46.16645], [-1.153393, 46.16635], [-1.15346, 46.16628], [-1.153769, 46.166023], [-1.153769, 46.166023], [-1.154251, 46.16556], [-1.154318, 46.165516], [-1.154402, 46.16551], [-1.154606, 46.1655], [-1.154741, 46.165485], [-1.154825, 46.165462], [-1.154897, 46.16543], [-1.155018, 46.165375], [-1.155555, 46.16504], [-1.155649, 46.164963], [-1.155676, 46.16487], [-1.155686, 46.16472], [-1.155713, 46.164536], [-1.155338, 46.163284], [-1.155312, 46.163223], [-1.15515, 46.16293], [-1.155123, 46.16285], [-1.155122, 46.162758], [-1.15515, 46.16266], [-1.155189, 46.16252], [-1.155209, 46.162434], [-1.155197, 46.162388], [-1.155171, 46.16235], [-1.15509, 46.16229], [-1.15507, 46.16228], [-1.15503, 46.16226], [-1.154992, 46.16225], [-1.154946, 46.162243], [-1.154867, 46.162228], [-1.154767, 46.16223], [-1.154669, 46.16224], [-1.154388, 46.16221], [-1.154305, 46.16223]]}}, {"type": "Feature", "properties": {"route_short_name": "212", "route_long_name": "Coll\u00e8ge Beauregard <> Puilboreau", "shape_id": "CA_LA_ROCHELLE:JourneyPattern:212_8BA0627AD004A4E578B1539F9EC7914B", "n_points": 261, "n_shape_variants_in_source": 4}, "geometry": {"type": "LineString", "coordinates": [[-1.119094, 46.194607], [-1.11837, 46.19543], [-1.11833, 46.19551], [-1.11807, 46.19543], [-1.11735, 46.19522], [-1.11583, 46.1948], [-1.11474, 46.1945], [-1.11405, 46.19431], [-1.1137, 46.1942], [-1.11322, 46.19398], [-1.1119, 46.19334], [-1.11169, 46.19322], [-1.11169, 46.19317], [-1.11173, 46.19305], [-1.11173, 46.19297], [-1.11162, 46.19287], [-1.11286, 46.19209], [-1.11407, 46.19134], [-1.11525, 46.19063], [-1.11565, 46.19037], [-1.11608, 46.19013], [-1.1162, 46.19004], [-1.11692, 46.18944], [-1.11705, 46.18929], [-1.11712, 46.18914], [-1.1172, 46.18899], [-1.11738, 46.18858], [-1.11749, 46.18827], [-1.11772, 46.18783], [-1.11776, 46.1878], [-1.11789, 46.18774], [-1.11778, 46.18765], [-1.11764, 46.18758], [-1.11732, 46.18751], [-1.11696, 46.18748], [-1.11637, 46.18744], [-1.11612, 46.18742], [-1.11568, 46.18735], [-1.11512, 46.1872], [-1.11422, 46.18709], [-1.11309, 46.18705], [-1.112858, 46.187023], [-1.11174, 46.18705], [-1.11076, 46.187], [-1.11003, 46.18696], [-1.10926, 46.18696], [-1.10735, 46.18702], [-1.10685, 46.18702], [-1.10662, 46.18699], [-1.10641, 46.1869], [-1.10632, 46.18689], [-1.10626, 46.18693], [-1.10601, 46.18693], [-1.10523, 46.18684], [-1.10263, 46.18651], [-1.1016, 46.18631], [-1.10118, 46.18621], [-1.10021, 46.186], [-1.09975, 46.18594], [-1.09915, 46.18582], [-1.09856, 46.18566], [-1.09843, 46.18555], [-1.09724, 46.18513], [-1.09661, 46.18495], [-1.09648, 46.18493], [-1.09646, 46.1847], [-1.09643, 46.18407], [-1.0965, 46.18373], [-1.09657, 46.18355], [-1.09664, 46.18349], [-1.09674, 46.1834], [-1.09678, 46.18334], [-1.09683, 46.18326], [-1.09688, 46.18308], [-1.096963, 46.18278], [-1.096963, 46.18278], [-1.097135, 46.18219], [-1.097226, 46.181885], [-1.097291, 46.181606], [-1.097294, 46.181557], [-1.09733, 46.181522], [-1.097387, 46.181522], [-1.097486, 46.18154], [-1.097949, 46.18156], [-1.098368, 46.181564], [-1.098585, 46.18157], [-1.098822, 46.181545], [-1.098975, 46.18153], [-1.099138, 46.18152], [-1.099817, 46.181427], [-1.09998, 46.18142], [-1.100132, 46.181435], [-1.10027, 46.181435], [-1.100551, 46.18146], [-1.100878, 46.18151], [-1.10099, 46.18154], [-1.101114, 46.18156], [-1.1012, 46.181557], [-1.101328, 46.181572], [-1.101513, 46.18158], [-1.101705, 46.181576], [-1.101753, 46.18159], [-1.101781, 46.18161], [-1.10182, 46.18162], [-1.101899, 46.181614], [-1.101953, 46.18162], [-1.102065, 46.181625], [-1.102279, 46.181637], [-1.103009, 46.18168], [-1.103273, 46.181694], [-1.103588, 46.18169], [-1.104005, 46.18167], [-1.104444, 46.181644], [-1.104996, 46.181602], [-1.105569, 46.181557], [-1.106897, 46.18144], [-1.107473, 46.181404], [-1.108285, 46.18138], [-1.109382, 46.18135], [-1.109924, 46.18134], [-1.110506, 46.181328], [-1.111236, 46.181313], [-1.111994, 46.18129], [-1.11348, 46.18124], [-1.1135, 46.181282], [-1.11493, 46.18123], [-1.116, 46.18122], [-1.11615, 46.18123], [-1.11615, 46.18135], [-1.11618, 46.1816], [-1.11624, 46.18178], [-1.1164, 46.18223], [-1.11666, 46.18276], [-1.11705, 46.18332], [-1.11722, 46.18357], [-1.11749, 46.1839], [-1.1176, 46.18404], [-1.11773, 46.18434], [-1.11782, 46.18461], [-1.11788, 46.1849], [-1.1179, 46.1851], [-1.11812, 46.18501], [-1.11841, 46.1848], [-1.11899, 46.18432], [-1.11972, 46.18371], [-1.12041, 46.18318], [-1.120647, 46.183086], [-1.120647, 46.183086], [-1.12064, 46.18301], [-1.12056, 46.18307], [-1.11999, 46.1835], [-1.11929, 46.18407], [-1.11854, 46.1847], [-1.11818, 46.18497], [-1.11812, 46.18501], [-1.11789, 46.18496], [-1.11785, 46.18474], [-1.11779, 46.18452], [-1.11767, 46.18418], [-1.11758, 46.18402], [-1.11802, 46.18388], [-1.11905, 46.18353], [-1.11914, 46.18348], [-1.11919, 46.18341], [-1.11922, 46.18332], [-1.11922, 46.18324], [-1.11924, 46.18316], [-1.11931, 46.1831], [-1.11966, 46.18297], [-1.12039, 46.18274], [-1.12075, 46.1826], [-1.12095, 46.18256], [-1.1211, 46.1826], [-1.1211, 46.18262], [-1.12111, 46.18267], [-1.12114, 46.18271], [-1.12121, 46.18276], [-1.1213, 46.18278], [-1.1214, 46.18276], [-1.12147, 46.18273], [-1.12152, 46.18269], [-1.12155, 46.18263], [-1.12155, 46.18258], [-1.12154, 46.18255], [-1.1217, 46.18246], [-1.12192, 46.18233], [-1.12209, 46.18223], [-1.12218, 46.18216], [-1.12263, 46.18202], [-1.123888, 46.181656], [-1.123888, 46.181656], [-1.12423, 46.18153], [-1.12444, 46.18147], [-1.12467, 46.18144], [-1.12477, 46.18148], [-1.12489, 46.18149], [-1.12501, 46.18148], [-1.1251, 46.18143], [-1.12515, 46.18135], [-1.12527, 46.18132], [-1.1257, 46.18129], [-1.1262, 46.18121], [-1.12655, 46.18106], [-1.12713, 46.1807], [-1.1272, 46.18059], [-1.12781, 46.18015], [-1.12824, 46.17983], [-1.12914, 46.17918], [-1.13033, 46.17833], [-1.1309, 46.177975], [-1.13117, 46.17771], [-1.1314, 46.17758], [-1.13177, 46.17743], [-1.13204, 46.17735], [-1.13256, 46.17723], [-1.13408, 46.17695], [-1.13421, 46.1769], [-1.13435, 46.17683], [-1.13451, 46.17677], [-1.13456, 46.17678], [-1.13462, 46.17678], [-1.13474, 46.17676], [-1.13481, 46.17669], [-1.13483, 46.17663], [-1.13481, 46.17657], [-1.13475, 46.17652], [-1.13467, 46.1765], [-1.13441, 46.1763], [-1.13391, 46.17593], [-1.13348, 46.17568], [-1.13327, 46.17561], [-1.13261, 46.17544], [-1.13142, 46.17512], [-1.13091, 46.17497], [-1.12999, 46.1747], [-1.12862, 46.17418], [-1.12778, 46.17392], [-1.12911, 46.17201], [-1.1292, 46.17202], [-1.12926, 46.17197], [-1.12928, 46.1719], [-1.12921, 46.17185], [-1.12932, 46.17169], [-1.12958, 46.17123], [-1.12976, 46.17101], [-1.12989, 46.1709], [-1.13011, 46.17076], [-1.13032, 46.17067], [-1.13073, 46.17054], [-1.13108, 46.17043], [-1.13115, 46.17044], [-1.13116, 46.17046], [-1.1312, 46.17049], [-1.13126, 46.17049], [-1.13129, 46.17048], [-1.13142, 46.1705], [-1.13208, 46.17069], [-1.13228, 46.17074], [-1.13233, 46.17094], [-1.13242, 46.17105], [-1.132525, 46.171227]]}}, {"type": "Feature", "properties": {"route_short_name": "213", "route_long_name": "Coll\u00e8ge Beauregard <> Puilboreau (L'Abbaye)", "shape_id": "CA_LA_ROCHELLE:JourneyPattern:213_B3F60934B7311A7BB8DA744D992F9A0A", "n_points": 142, "n_shape_variants_in_source": 2}, "geometry": {"type": "LineString", "coordinates": [[-1.119094, 46.194607], [-1.11837, 46.19543], [-1.11833, 46.19551], [-1.11807, 46.19543], [-1.11735, 46.19522], [-1.11583, 46.1948], [-1.11474, 46.1945], [-1.11405, 46.19431], [-1.1137, 46.1942], [-1.11322, 46.19398], [-1.1119, 46.19334], [-1.11169, 46.19322], [-1.11169, 46.19317], [-1.11173, 46.19305], [-1.11173, 46.19297], [-1.11162, 46.19287], [-1.11286, 46.19209], [-1.11407, 46.19134], [-1.11525, 46.19063], [-1.116049, 46.190228], [-1.116049, 46.190228], [-1.11612, 46.1901], [-1.1167, 46.18964], [-1.11692, 46.18944], [-1.11705, 46.18929], [-1.11716, 46.18907], [-1.11733, 46.18868], [-1.11749, 46.18827], [-1.11772, 46.18783], [-1.11789, 46.18774], [-1.11832, 46.18776], [-1.11844, 46.1874], [-1.11847, 46.18727], [-1.11853, 46.18703], [-1.11853, 46.18686], [-1.1185, 46.18666], [-1.11844, 46.18642], [-1.11841, 46.18633], [-1.11834, 46.18621], [-1.11825, 46.18606], [-1.118194, 46.18578], [-1.11793, 46.18528], [-1.1179, 46.1851], [-1.1181, 46.18503], [-1.11818, 46.18497], [-1.11854, 46.1847], [-1.11929, 46.18407], [-1.11999, 46.1835], [-1.12056, 46.18307], [-1.12068, 46.18304], [-1.12088, 46.18294], [-1.12114, 46.18281], [-1.12121, 46.18276], [-1.12123, 46.18276], [-1.12128, 46.18277], [-1.12137, 46.18277], [-1.12146, 46.18274], [-1.12154, 46.18266], [-1.12155, 46.1826], [-1.12155, 46.18258], [-1.12154, 46.18255], [-1.1217, 46.18246], [-1.12192, 46.18233], [-1.12209, 46.18223], [-1.12218, 46.18216], [-1.1224, 46.18209], [-1.12311, 46.18187], [-1.12415, 46.18155], [-1.12433, 46.18149], [-1.12456, 46.18146], [-1.12469, 46.18145], [-1.12475, 46.18147], [-1.12486, 46.18149], [-1.12494, 46.18149], [-1.125, 46.18149], [-1.12508, 46.18144], [-1.12514, 46.18137], [-1.12521, 46.18133], [-1.12535, 46.18131], [-1.12589, 46.18127], [-1.12612, 46.18122], [-1.12644, 46.18111], [-1.12693, 46.18082], [-1.12713, 46.1807], [-1.1272, 46.18059], [-1.12806, 46.17996], [-1.12893, 46.17933], [-1.12949, 46.17892], [-1.1299, 46.17864], [-1.13064, 46.17809], [-1.13121, 46.17768], [-1.1314, 46.17758], [-1.13177, 46.17743], [-1.13228, 46.1773], [-1.13387, 46.17699], [-1.13414, 46.17693], [-1.13442, 46.1768], [-1.13452, 46.17677], [-1.13455, 46.17678], [-1.13461, 46.17679], [-1.13473, 46.17676], [-1.1348, 46.1767], [-1.13483, 46.17664], [-1.13482, 46.17658], [-1.13476, 46.17653], [-1.13468, 46.1765], [-1.13446, 46.17633], [-1.13402, 46.17602], [-1.13361, 46.17574], [-1.13334, 46.17563], [-1.13277, 46.17547], [-1.1311, 46.17503], [-1.13005, 46.17471], [-1.12902, 46.17433], [-1.12832, 46.17409], [-1.12778, 46.17392], [-1.12782, 46.17386], [-1.12879, 46.17245], [-1.12911, 46.17201], [-1.12917, 46.17202], [-1.12922, 46.17201], [-1.12929, 46.17191], [-1.12927, 46.17188], [-1.12921, 46.17185], [-1.12932, 46.17171], [-1.12944, 46.17147], [-1.12958, 46.17123], [-1.12976, 46.17101], [-1.12989, 46.1709], [-1.13011, 46.17076], [-1.13045, 46.17062], [-1.13095, 46.17046], [-1.13115, 46.17043], [-1.13115, 46.17045], [-1.13119, 46.17049], [-1.13125, 46.1705], [-1.1313, 46.17047], [-1.13202, 46.17068], [-1.13228, 46.17074], [-1.13235, 46.17099], [-1.13242, 46.17105], [-1.132525, 46.171227]]}}, {"type": "Feature", "properties": {"route_short_name": "214", "route_long_name": "Coll\u00e8ge Beauregard <> Saint-Xandre (Ouest)", "shape_id": "CA_LA_ROCHELLE:JourneyPattern:214_39656EB92EDD80B4024795CBDAEB8119", "n_points": 208, "n_shape_variants_in_source": 4}, "geometry": {"type": "LineString", "coordinates": [[-1.109913, 46.20691], [-1.109722, 46.206947], [-1.109666, 46.20699], [-1.109432, 46.207], [-1.109079, 46.207027], [-1.108749, 46.20702], [-1.108419, 46.20701], [-1.10812, 46.20698], [-1.107848, 46.20696], [-1.107583, 46.20693], [-1.107315, 46.20689], [-1.107138, 46.206863], [-1.106986, 46.206837], [-1.106855, 46.2068], [-1.106696, 46.20676], [-1.106555, 46.20671], [-1.106309, 46.20662], [-1.106061, 46.206528], [-1.105758, 46.20644], [-1.105475, 46.206375], [-1.105186, 46.20631], [-1.104643, 46.206238], [-1.104355, 46.206196], [-1.10415, 46.206158], [-1.103707, 46.206047], [-1.103282, 46.205925], [-1.10318, 46.205894], [-1.103125, 46.205853], [-1.103077, 46.205807], [-1.102945, 46.205723], [-1.102821, 46.20565], [-1.102589, 46.205486], [-1.102526, 46.20542], [-1.102304, 46.20527], [-1.102198, 46.205204], [-1.102134, 46.20516], [-1.102089, 46.20515], [-1.102065, 46.205112], [-1.10207, 46.205074], [-1.102087, 46.204987], [-1.102108, 46.20491], [-1.102166, 46.20469], [-1.102189, 46.204605], [-1.102188, 46.204514], [-1.102189, 46.20437], [-1.102195, 46.2042], [-1.102201, 46.204105], [-1.102251, 46.203938], [-1.102365, 46.203564], [-1.102414, 46.2034], [-1.102472, 46.20327], [-1.102769, 46.2028], [-1.102769, 46.2028], [-1.102773, 46.20274], [-1.102821, 46.20266], [-1.102861, 46.202606], [-1.102893, 46.20254], [-1.102931, 46.20251], [-1.103002, 46.202484], [-1.10327, 46.20241], [-1.104201, 46.20217], [-1.10448, 46.2021], [-1.104576, 46.202072], [-1.104647, 46.20204], [-1.1047, 46.201992], [-1.104731, 46.20194], [-1.104938, 46.201378], [-1.105057, 46.201073], [-1.105097, 46.200916], [-1.105167, 46.200764], [-1.105273, 46.200607], [-1.105378, 46.20044], [-1.105525, 46.20025], [-1.105778, 46.19994], [-1.106146, 46.199486], [-1.106413, 46.199154], [-1.10717, 46.19816], [-1.10756, 46.19768], [-1.10785, 46.19727], [-1.10839, 46.19626], [-1.10887, 46.19535], [-1.10909, 46.19495], [-1.10929, 46.1947], [-1.10948, 46.19452], [-1.10991, 46.19416], [-1.11085, 46.19337], [-1.11123, 46.1931], [-1.11162, 46.19287], [-1.11286, 46.19209], [-1.11407, 46.19134], [-1.11525, 46.19063], [-1.11565, 46.19037], [-1.11608, 46.19013], [-1.1162, 46.19004], [-1.11692, 46.18944], [-1.11705, 46.18929], [-1.11712, 46.18914], [-1.1172, 46.18899], [-1.11738, 46.18858], [-1.11749, 46.18827], [-1.11772, 46.18783], [-1.11776, 46.1878], [-1.11789, 46.18774], [-1.11809, 46.18775], [-1.11832, 46.18776], [-1.11841, 46.18753], [-1.11843, 46.18745], [-1.11844, 46.18739], [-1.11853, 46.18703], [-1.1185, 46.18666], [-1.11842, 46.18636], [-1.11826, 46.18607], [-1.11809, 46.18572], [-1.11802, 46.18552], [-1.11793, 46.1853], [-1.1179, 46.1851], [-1.11812, 46.18501], [-1.11841, 46.1848], [-1.11938, 46.18399], [-1.12011, 46.18341], [-1.12041, 46.18318], [-1.12056, 46.18307], [-1.12065, 46.18304], [-1.1208, 46.18297], [-1.12096, 46.18291], [-1.12108, 46.18285], [-1.1212, 46.18275], [-1.12125, 46.18277], [-1.12134, 46.18278], [-1.12143, 46.18275], [-1.12151, 46.1827], [-1.12155, 46.18265], [-1.12155, 46.18259], [-1.12154, 46.18255], [-1.12188, 46.18235], [-1.12214, 46.18218], [-1.12251, 46.18205], [-1.12355, 46.18173], [-1.12423, 46.18153], [-1.12444, 46.18147], [-1.12467, 46.18144], [-1.12477, 46.18148], [-1.12489, 46.18149], [-1.12501, 46.18148], [-1.1251, 46.18143], [-1.12515, 46.18135], [-1.12527, 46.18132], [-1.1257, 46.18129], [-1.1262, 46.18121], [-1.12655, 46.18106], [-1.12713, 46.1807], [-1.1272, 46.18059], [-1.12781, 46.18015], [-1.12824, 46.17983], [-1.12914, 46.17918], [-1.13033, 46.17833], [-1.13074, 46.17803], [-1.13117, 46.17771], [-1.1314, 46.17758], [-1.13177, 46.17743], [-1.13204, 46.17735], [-1.13256, 46.17723], [-1.13408, 46.17695], [-1.13421, 46.1769], [-1.13435, 46.17683], [-1.13451, 46.17677], [-1.13456, 46.17678], [-1.13467, 46.17678], [-1.13478, 46.17673], [-1.13482, 46.17666], [-1.13483, 46.1766], [-1.13478, 46.17654], [-1.13471, 46.17651], [-1.13467, 46.1765], [-1.13441, 46.1763], [-1.13391, 46.17593], [-1.13348, 46.17568], [-1.13327, 46.17561], [-1.13261, 46.17544], [-1.13142, 46.17512], [-1.13091, 46.17497], [-1.12999, 46.1747], [-1.12862, 46.17418], [-1.12778, 46.17392], [-1.12911, 46.17201], [-1.1292, 46.17202], [-1.12926, 46.17197], [-1.12928, 46.1719], [-1.12921, 46.17185], [-1.12932, 46.17169], [-1.12958, 46.17123], [-1.12976, 46.17101], [-1.12989, 46.1709], [-1.13011, 46.17076], [-1.13032, 46.17067], [-1.13073, 46.17054], [-1.13108, 46.17043], [-1.13115, 46.17044], [-1.13116, 46.17046], [-1.1312, 46.17049], [-1.13126, 46.17049], [-1.13129, 46.17048], [-1.13142, 46.1705], [-1.13208, 46.17069], [-1.13228, 46.17074], [-1.13233, 46.17094], [-1.13242, 46.17105], [-1.132525, 46.171227]]}}, {"type": "Feature", "properties": {"route_short_name": "215", "route_long_name": "Coll\u00e8ge Beauregard <> Saint-Xandre (Nord)", "shape_id": "CA_LA_ROCHELLE:JourneyPattern:215_A84DCCBAE14E502EA19B41144BF56701", "n_points": 264, "n_shape_variants_in_source": 4}, "geometry": {"type": "LineString", "coordinates": [[-1.132525, 46.171227], [-1.13275, 46.17108], [-1.13302, 46.17096], [-1.13409, 46.17131], [-1.13442, 46.17142], [-1.13622, 46.17216], [-1.13653, 46.17228], [-1.13616, 46.17268], [-1.13573, 46.17315], [-1.13541, 46.1733], [-1.13441, 46.17363], [-1.13418, 46.17374], [-1.13395, 46.17394], [-1.13345, 46.17451], [-1.13338, 46.17455], [-1.13314, 46.17476], [-1.13299, 46.175], [-1.13295, 46.17508], [-1.13268, 46.17538], [-1.13261, 46.17544], [-1.13277, 46.17547], [-1.13334, 46.17563], [-1.13361, 46.17574], [-1.13402, 46.17602], [-1.13446, 46.17633], [-1.13448, 46.17644], [-1.13445, 46.17653], [-1.13441, 46.17657], [-1.13438, 46.17661], [-1.13437, 46.17665], [-1.13414, 46.17686], [-1.134, 46.17694], [-1.13387, 46.17699], [-1.13256, 46.17723], [-1.13204, 46.17735], [-1.13177, 46.17743], [-1.1314, 46.17758], [-1.13117, 46.17771], [-1.13074, 46.17803], [-1.13033, 46.17833], [-1.12914, 46.17918], [-1.12824, 46.17983], [-1.12781, 46.18015], [-1.12707, 46.18066], [-1.12662, 46.18094], [-1.12639, 46.18108], [-1.12629, 46.18112], [-1.12601, 46.1812], [-1.12569, 46.18124], [-1.12526, 46.18125], [-1.12514, 46.18121], [-1.12509, 46.18116], [-1.12501, 46.18112], [-1.1249, 46.1811], [-1.12472, 46.18113], [-1.12465, 46.18119], [-1.1246, 46.18126], [-1.1246, 46.1813], [-1.1246, 46.18134], [-1.12452, 46.18139], [-1.12433, 46.18149], [-1.12415, 46.18155], [-1.12311, 46.18187], [-1.1224, 46.18209], [-1.12218, 46.18216], [-1.12206, 46.18219], [-1.12164, 46.1824], [-1.12145, 46.18248], [-1.12142, 46.18247], [-1.12135, 46.18245], [-1.12128, 46.18245], [-1.12121, 46.18247], [-1.12112, 46.18254], [-1.1211, 46.18264], [-1.12112, 46.18268], [-1.12113, 46.1827], [-1.12097, 46.18283], [-1.12062, 46.18302], [-1.12011, 46.18341], [-1.11938, 46.18399], [-1.11841, 46.1848], [-1.11812, 46.18501], [-1.1179, 46.1851], [-1.11793, 46.1853], [-1.11802, 46.18552], [-1.11809, 46.18572], [-1.11826, 46.18607], [-1.11842, 46.18636], [-1.1185, 46.18666], [-1.11853, 46.18703], [-1.11844, 46.18739], [-1.11841, 46.18753], [-1.11832, 46.18776], [-1.11809, 46.18775], [-1.11789, 46.18774], [-1.11776, 46.1878], [-1.11772, 46.18783], [-1.117469, 46.188103], [-1.117321, 46.18868], [-1.117215, 46.188908], [-1.117105, 46.189144], [-1.117035, 46.18929], [-1.11692, 46.18944], [-1.1162, 46.19004], [-1.116122, 46.190052], [-1.11607, 46.190083], [-1.116024, 46.19014], [-1.115738, 46.19027], [-1.1149, 46.19085], [-1.11435, 46.19118], [-1.11363, 46.19161], [-1.11119, 46.19312], [-1.11064, 46.19355], [-1.10962, 46.1944], [-1.10947, 46.19452], [-1.10916, 46.19486], [-1.10889, 46.1953], [-1.10867, 46.19574], [-1.10829, 46.19645], [-1.10773, 46.19745], [-1.10743, 46.19783], [-1.10716, 46.19818], [-1.10662, 46.19884], [-1.10598, 46.19964], [-1.1057, 46.2], [-1.1055, 46.20024], [-1.10535, 46.20043], [-1.10515, 46.20076], [-1.1051, 46.20086], [-1.10491, 46.20137], [-1.10474, 46.20184], [-1.10466, 46.202], [-1.10456, 46.20207], [-1.10433, 46.20214], [-1.10357, 46.20234], [-1.10293, 46.20247], [-1.10292, 46.20246], [-1.10291, 46.20245], [-1.10288, 46.20242], [-1.10278, 46.20242], [-1.10273, 46.20248], [-1.10273, 46.20251], [-1.10276, 46.20254], [-1.10279, 46.20255], [-1.1028, 46.20255], [-1.10278, 46.20265], [-1.10276, 46.20274], [-1.10252, 46.20311], [-1.10238, 46.20342], [-1.10234, 46.20355], [-1.10223, 46.20393], [-1.10218, 46.20411], [-1.10215, 46.20437], [-1.10215, 46.2045], [-1.10215, 46.20464], [-1.10208, 46.20491], [-1.10201, 46.20513], [-1.102, 46.20513], [-1.10198, 46.20513], [-1.10195, 46.20515], [-1.10194, 46.20518], [-1.10195, 46.20519], [-1.10188, 46.20522], [-1.10135, 46.20535], [-1.10106, 46.20542], [-1.10083, 46.20543], [-1.10083, 46.20543], [-1.10078, 46.20557], [-1.10065, 46.20592], [-1.10056, 46.20599], [-1.10031, 46.20609], [-1.1002, 46.20621], [-1.10009, 46.20635], [-1.09998, 46.20644], [-1.09985, 46.20661], [-1.09949, 46.20706], [-1.09906, 46.20766], [-1.09812, 46.20884], [-1.09809, 46.20892], [-1.09792, 46.20914], [-1.09767, 46.20947], [-1.09725, 46.21], [-1.09702, 46.21028], [-1.09686, 46.21042], [-1.09678, 46.2105], [-1.09575, 46.21136], [-1.0952, 46.21184], [-1.09503, 46.212], [-1.09481, 46.21234], [-1.09465, 46.21262], [-1.09419, 46.21336], [-1.0941, 46.21349], [-1.09396, 46.21365], [-1.09402, 46.21373], [-1.09408, 46.2138], [-1.09438, 46.2143], [-1.094536, 46.214653], [-1.09503, 46.21504], [-1.0953, 46.2154], [-1.09547, 46.21569], [-1.0955, 46.21575], [-1.09606, 46.21644], [-1.09624, 46.21668], [-1.09578, 46.21673], [-1.09446, 46.2169], [-1.09356, 46.21705], [-1.09307, 46.2171], [-1.09243, 46.21714], [-1.0918, 46.21719], [-1.09143, 46.2173], [-1.09105, 46.21747], [-1.09081, 46.21751], [-1.09059, 46.2175], [-1.09024, 46.21741], [-1.09017, 46.21735], [-1.09011, 46.21728], [-1.0901, 46.21717], [-1.09012, 46.21708], [-1.09009, 46.217], [-1.09002, 46.21694], [-1.08992, 46.21688], [-1.08975, 46.21686], [-1.08966, 46.21688], [-1.08961, 46.21689], [-1.08927, 46.21686], [-1.08909, 46.21683], [-1.08862, 46.21666], [-1.08737, 46.21613], [-1.08713, 46.21603], [-1.08613, 46.21577], [-1.08563, 46.21566], [-1.08517, 46.21556], [-1.08456, 46.2154], [-1.08354, 46.2151], [-1.08241, 46.21483], [-1.08162, 46.21464], [-1.08088, 46.21449], [-1.07912, 46.2142], [-1.07876, 46.21419], [-1.07845, 46.21422], [-1.07781, 46.21429], [-1.07705, 46.21432], [-1.07653, 46.21438], [-1.07637, 46.21443], [-1.07619, 46.21452], [-1.07596, 46.21468], [-1.07591, 46.21472], [-1.0758, 46.21481], [-1.07538, 46.214943], [-1.07538, 46.214943], [-1.07511, 46.21515], [-1.07479, 46.21531], [-1.07391, 46.21585], [-1.07376, 46.21572], [-1.07363, 46.21555], [-1.07348, 46.21529], [-1.07305, 46.21461], [-1.0729, 46.21446], [-1.07279, 46.21439], [-1.07153, 46.21362], [-1.07132, 46.21352], [-1.0711, 46.21345], [-1.07058, 46.21336], [-1.070466, 46.213318]]}}, {"type": "Feature", "properties": {"route_short_name": "216", "route_long_name": "Coll\u00e8ge Beauregard <> Saint-Xandre (Est)", "shape_id": "CA_LA_ROCHELLE:JourneyPattern:216_335F841AA076221BEF06453DC2B8974F", "n_points": 371, "n_shape_variants_in_source": 4}, "geometry": {"type": "LineString", "coordinates": [[-1.132525, 46.171227], [-1.13275, 46.17108], [-1.13302, 46.17096], [-1.13409, 46.17131], [-1.13442, 46.17142], [-1.13622, 46.17216], [-1.13653, 46.17228], [-1.13616, 46.17268], [-1.13573, 46.17315], [-1.13541, 46.1733], [-1.13441, 46.17363], [-1.13418, 46.17374], [-1.13395, 46.17394], [-1.13345, 46.17451], [-1.13338, 46.17455], [-1.13314, 46.17476], [-1.13299, 46.175], [-1.13295, 46.17508], [-1.13268, 46.17538], [-1.13261, 46.17544], [-1.13277, 46.17547], [-1.13334, 46.17563], [-1.13361, 46.17574], [-1.13402, 46.17602], [-1.13446, 46.17633], [-1.13448, 46.17644], [-1.13445, 46.17653], [-1.13441, 46.17657], [-1.13438, 46.17661], [-1.13437, 46.17665], [-1.13414, 46.17686], [-1.134, 46.17694], [-1.13387, 46.17699], [-1.13256, 46.17723], [-1.13204, 46.17735], [-1.13177, 46.17743], [-1.1314, 46.17758], [-1.13117, 46.17771], [-1.13074, 46.17803], [-1.13033, 46.17833], [-1.12914, 46.17918], [-1.12824, 46.17983], [-1.12781, 46.18015], [-1.12707, 46.18066], [-1.12662, 46.18094], [-1.12639, 46.18108], [-1.12629, 46.18112], [-1.12601, 46.1812], [-1.12569, 46.18124], [-1.12526, 46.18125], [-1.12514, 46.18121], [-1.12509, 46.18116], [-1.12501, 46.18112], [-1.1249, 46.1811], [-1.12472, 46.18113], [-1.12465, 46.18119], [-1.1246, 46.18126], [-1.1246, 46.1813], [-1.1246, 46.18134], [-1.12452, 46.18139], [-1.12433, 46.18149], [-1.12415, 46.18155], [-1.12311, 46.18187], [-1.1224, 46.18209], [-1.12218, 46.18216], [-1.12206, 46.18219], [-1.12164, 46.1824], [-1.12145, 46.18248], [-1.12142, 46.18247], [-1.12135, 46.18245], [-1.12128, 46.18245], [-1.12121, 46.18247], [-1.12112, 46.18254], [-1.1211, 46.18264], [-1.12112, 46.18268], [-1.12113, 46.1827], [-1.12097, 46.18283], [-1.12062, 46.18302], [-1.12011, 46.18341], [-1.11938, 46.18399], [-1.11841, 46.1848], [-1.11812, 46.18501], [-1.1179, 46.1851], [-1.11793, 46.1853], [-1.117927, 46.18549], [-1.11808, 46.18569], [-1.11825, 46.18606], [-1.11841, 46.18633], [-1.1185, 46.18666], [-1.11853, 46.18686], [-1.11853, 46.18703], [-1.11847, 46.18727], [-1.11844, 46.1874], [-1.11841, 46.18752], [-1.11832, 46.18776], [-1.11834, 46.18783], [-1.11844, 46.18792], [-1.11886, 46.18804], [-1.11888, 46.18855], [-1.11889, 46.18955], [-1.1189, 46.18993], [-1.11893, 46.19029], [-1.11894, 46.19088], [-1.11892, 46.19127], [-1.11892, 46.1914], [-1.11895, 46.19156], [-1.11903, 46.19178], [-1.11914, 46.19201], [-1.11933, 46.19243], [-1.11963, 46.19313], [-1.11974, 46.19338], [-1.11979, 46.19355], [-1.11981, 46.1937], [-1.11979, 46.19388], [-1.11969, 46.19406], [-1.11923, 46.1945], [-1.119094, 46.194607], [-1.119094, 46.194607], [-1.11837, 46.19543], [-1.11826, 46.19571], [-1.11812, 46.19632], [-1.11807, 46.19645], [-1.11785, 46.19674], [-1.11775, 46.19686], [-1.11737, 46.19715], [-1.11723, 46.19727], [-1.11719, 46.19734], [-1.11718, 46.19742], [-1.11721, 46.19749], [-1.11727, 46.19756], [-1.11748, 46.19769], [-1.11792, 46.19797], [-1.11828, 46.1982], [-1.11851, 46.19836], [-1.11858, 46.19845], [-1.11861, 46.19854], [-1.11861, 46.1986], [-1.11852, 46.19875], [-1.11835, 46.19895], [-1.118, 46.19946], [-1.1177, 46.19993], [-1.1176, 46.20009], [-1.11773, 46.20013], [-1.1184, 46.20036], [-1.11874, 46.20049], [-1.11901, 46.20061], [-1.11932, 46.20078], [-1.11955, 46.20093], [-1.11967, 46.20094], [-1.11986, 46.20091], [-1.12031, 46.20082], [-1.12085, 46.20073], [-1.12157, 46.20071], [-1.12243, 46.20074], [-1.12306, 46.20084], [-1.1237, 46.20085], [-1.12409, 46.20083], [-1.124516, 46.20081], [-1.1253, 46.20055], [-1.12574, 46.20045], [-1.12633, 46.20046], [-1.12696, 46.20044], [-1.12843, 46.20049], [-1.12953, 46.20052], [-1.13193, 46.20058], [-1.13234, 46.20058], [-1.13329, 46.20048], [-1.13425, 46.20048], [-1.13501, 46.20043], [-1.13609, 46.20025], [-1.13619, 46.20025], [-1.13623, 46.20029], [-1.13628, 46.20038], [-1.13628, 46.20118], [-1.13624, 46.2026], [-1.13624, 46.20372], [-1.13623, 46.20444], [-1.13623, 46.20488], [-1.13625, 46.20492], [-1.13635, 46.205], [-1.13649, 46.20504], [-1.1373, 46.20511], [-1.13779, 46.20516], [-1.13803, 46.20518], [-1.138, 46.20531], [-1.13792, 46.20545], [-1.13782, 46.20563], [-1.13769, 46.20593], [-1.13726, 46.20723], [-1.13706, 46.20798], [-1.13677, 46.20897], [-1.13677, 46.20919], [-1.13684, 46.20957], [-1.13682, 46.20996], [-1.13681, 46.21006], [-1.13654, 46.21061], [-1.13649, 46.2107], [-1.13643, 46.21074], [-1.136277, 46.210762], [-1.13627, 46.21088], [-1.13615, 46.21083], [-1.13592, 46.21076], [-1.13581, 46.2107], [-1.13575, 46.21064], [-1.13568, 46.21057], [-1.13559, 46.21051], [-1.13548, 46.21049], [-1.13535, 46.21049], [-1.13521, 46.21052], [-1.13512, 46.21058], [-1.13501, 46.21065], [-1.13483, 46.2107], [-1.13457, 46.21072], [-1.13433, 46.21071], [-1.13405, 46.21075], [-1.1338, 46.21075], [-1.13388, 46.21086], [-1.134038, 46.210957], [-1.13422, 46.21098], [-1.13433, 46.21077], [-1.13433, 46.21071], [-1.13394, 46.21075], [-1.1336, 46.21074], [-1.13231, 46.21057], [-1.1315, 46.21048], [-1.12977, 46.2103], [-1.12897, 46.21014], [-1.12879, 46.21009], [-1.12832, 46.20996], [-1.12754, 46.2097], [-1.12731, 46.20961], [-1.12644, 46.20931], [-1.12598, 46.2092], [-1.12562, 46.20915], [-1.12494, 46.2091], [-1.1243, 46.20908], [-1.12276, 46.20905], [-1.12138, 46.209], [-1.12026, 46.20898], [-1.11995, 46.20895], [-1.11984, 46.20892], [-1.11937, 46.20879], [-1.11894, 46.20865], [-1.11828, 46.20841], [-1.11783, 46.20823], [-1.11748, 46.20808], [-1.11696, 46.20792], [-1.11644, 46.20777], [-1.11609, 46.2077], [-1.11558, 46.20763], [-1.11452, 46.20754], [-1.11365, 46.20737], [-1.11228, 46.207], [-1.11163, 46.20695], [-1.11117, 46.20693], [-1.11058, 46.20694], [-1.10985, 46.207], [-1.10909, 46.20706], [-1.10866, 46.20706], [-1.10779, 46.207], [-1.10734, 46.20695], [-1.10691, 46.20687], [-1.10654, 46.20676], [-1.10599, 46.20655], [-1.10561, 46.20644], [-1.10527, 46.20637], [-1.10479, 46.2063], [-1.10408, 46.20618], [-1.10361, 46.20606], [-1.10325, 46.20596], [-1.1031, 46.20588], [-1.10306, 46.20583], [-1.10281, 46.20568], [-1.10257, 46.20549], [-1.10237, 46.20535], [-1.10216, 46.20523], [-1.10206, 46.20519], [-1.10207, 46.20518], [-1.10207, 46.20517], [-1.10207, 46.20516], [-1.10205, 46.20515], [-1.10202, 46.20513], [-1.10211, 46.20478], [-1.10216, 46.20461], [-1.10215, 46.2044], [-1.10218, 46.20411], [-1.10225, 46.20388], [-1.10235, 46.20351], [-1.10245, 46.20327], [-1.1026, 46.20299], [-1.10276, 46.20274], [-1.10283, 46.20266], [-1.10288, 46.20254], [-1.10289, 46.20254], [-1.10289, 46.20253], [-1.1029, 46.20253], [-1.10291, 46.20252], [-1.10292, 46.20251], [-1.10292, 46.20247], [-1.10286, 46.20242], [-1.10285, 46.20241], [-1.10284, 46.20241], [-1.10278, 46.20241], [-1.10264, 46.20232], [-1.10251, 46.20222], [-1.10243, 46.20218], [-1.10229, 46.20202], [-1.10211, 46.20182], [-1.10177, 46.20151], [-1.1015, 46.20129], [-1.10135, 46.20123], [-1.1011, 46.20106], [-1.10084, 46.20094], [-1.10022, 46.20071], [-1.0996, 46.20047], [-1.09921, 46.20029], [-1.09887, 46.20014], [-1.09882, 46.20013], [-1.09872, 46.19999], [-1.09862, 46.19989], [-1.09841, 46.19979], [-1.098316, 46.19968], [-1.09799, 46.19969], [-1.09779, 46.19973], [-1.09754, 46.19964], [-1.09713, 46.19955], [-1.09631, 46.19942], [-1.09552, 46.19929], [-1.09537, 46.19925], [-1.0953, 46.19921], [-1.0952, 46.19926], [-1.09504, 46.1994], [-1.09499, 46.19948], [-1.0947, 46.19998], [-1.09454, 46.2002], [-1.09438, 46.20045], [-1.09433, 46.20049], [-1.09445, 46.20082], [-1.09448, 46.20105], [-1.09445, 46.20123], [-1.09426, 46.20153], [-1.093786, 46.201942], [-1.09356, 46.2023], [-1.09337, 46.20264], [-1.09331, 46.20277], [-1.09323, 46.20303], [-1.09317, 46.20337], [-1.09317, 46.20349], [-1.09314, 46.20394], [-1.09262, 46.20397], [-1.09226, 46.20399], [-1.09207, 46.204], [-1.09186, 46.20406], [-1.09167, 46.20417], [-1.09152, 46.20432], [-1.09139, 46.20443], [-1.09135, 46.20446], [-1.09123, 46.20448], [-1.09113, 46.20451], [-1.09109, 46.20458], [-1.0911, 46.2047], [-1.09122, 46.2048], [-1.09131, 46.20485], [-1.09136, 46.20493], [-1.09144, 46.20509], [-1.09152, 46.2052], [-1.09168, 46.2053], [-1.09179, 46.20533], [-1.09229, 46.20547], [-1.09291, 46.20558], [-1.092697, 46.20601]]}}, {"type": "Feature", "properties": {"route_short_name": "217", "route_long_name": "Coll\u00e8ge Beauregard <> Saint-Xandre (renfort Est)", "shape_id": "CA_LA_ROCHELLE:JourneyPattern:217_7FFC59F15EE08D7FBD1EDB4A80381424", "n_points": 242, "n_shape_variants_in_source": 2}, "geometry": {"type": "LineString", "coordinates": [[-1.132525, 46.171227], [-1.13275, 46.17108], [-1.13302, 46.17096], [-1.13409, 46.17131], [-1.13442, 46.17142], [-1.13622, 46.17216], [-1.13653, 46.17228], [-1.13616, 46.17268], [-1.13573, 46.17315], [-1.13541, 46.1733], [-1.13441, 46.17363], [-1.13418, 46.17374], [-1.13395, 46.17394], [-1.13345, 46.17451], [-1.13338, 46.17455], [-1.13314, 46.17476], [-1.13299, 46.175], [-1.13295, 46.17508], [-1.13268, 46.17538], [-1.13261, 46.17544], [-1.13277, 46.17547], [-1.13334, 46.17563], [-1.13361, 46.17574], [-1.13402, 46.17602], [-1.13446, 46.17633], [-1.13448, 46.17644], [-1.13445, 46.17653], [-1.13441, 46.17657], [-1.13438, 46.17661], [-1.13437, 46.17665], [-1.13414, 46.17686], [-1.134, 46.17694], [-1.13387, 46.17699], [-1.13256, 46.17723], [-1.13204, 46.17735], [-1.13177, 46.17743], [-1.1314, 46.17758], [-1.13117, 46.17771], [-1.13074, 46.17803], [-1.13033, 46.17833], [-1.12914, 46.17918], [-1.12824, 46.17983], [-1.12781, 46.18015], [-1.12707, 46.18066], [-1.12662, 46.18094], [-1.12639, 46.18108], [-1.12629, 46.18112], [-1.12601, 46.1812], [-1.12569, 46.18124], [-1.12526, 46.18125], [-1.12514, 46.18121], [-1.12509, 46.18116], [-1.12501, 46.18112], [-1.1249, 46.1811], [-1.12472, 46.18113], [-1.12465, 46.18119], [-1.1246, 46.18126], [-1.1246, 46.1813], [-1.1246, 46.18134], [-1.12452, 46.18139], [-1.12433, 46.18149], [-1.12415, 46.18155], [-1.12311, 46.18187], [-1.1224, 46.18209], [-1.12218, 46.18216], [-1.12206, 46.18219], [-1.12164, 46.1824], [-1.12145, 46.18248], [-1.12142, 46.18247], [-1.12135, 46.18245], [-1.12128, 46.18245], [-1.12121, 46.18247], [-1.12112, 46.18254], [-1.1211, 46.18264], [-1.12112, 46.18268], [-1.12113, 46.1827], [-1.12097, 46.18283], [-1.12062, 46.18302], [-1.12011, 46.18341], [-1.11938, 46.18399], [-1.11841, 46.1848], [-1.11812, 46.18501], [-1.1179, 46.1851], [-1.11793, 46.1853], [-1.11802, 46.18552], [-1.11809, 46.18572], [-1.11826, 46.18607], [-1.11842, 46.18636], [-1.1185, 46.18666], [-1.11853, 46.18703], [-1.11844, 46.18739], [-1.11841, 46.18753], [-1.11832, 46.18776], [-1.11809, 46.18775], [-1.11789, 46.18774], [-1.11776, 46.1878], [-1.11772, 46.18783], [-1.117469, 46.188103], [-1.11733, 46.18868], [-1.11716, 46.18907], [-1.11705, 46.18929], [-1.11692, 46.18944], [-1.1167, 46.18964], [-1.11612, 46.1901], [-1.116, 46.19017], [-1.11561, 46.1904], [-1.1149, 46.19085], [-1.11435, 46.19118], [-1.11363, 46.19161], [-1.11119, 46.19312], [-1.11064, 46.19355], [-1.10962, 46.1944], [-1.10947, 46.19452], [-1.10916, 46.19486], [-1.10889, 46.1953], [-1.10867, 46.19574], [-1.10829, 46.19645], [-1.10773, 46.19745], [-1.10743, 46.19783], [-1.10716, 46.19818], [-1.10662, 46.19884], [-1.10598, 46.19964], [-1.1057, 46.2], [-1.1055, 46.20024], [-1.10535, 46.20043], [-1.10515, 46.20076], [-1.1051, 46.20086], [-1.10491, 46.20137], [-1.10474, 46.20184], [-1.10466, 46.202], [-1.10456, 46.20207], [-1.10433, 46.20214], [-1.10357, 46.20234], [-1.10293, 46.20247], [-1.10292, 46.20246], [-1.10291, 46.20245], [-1.10288, 46.20242], [-1.10285, 46.20241], [-1.10278, 46.20241], [-1.10243, 46.20218], [-1.10198, 46.20169], [-1.10158, 46.20135], [-1.10149, 46.20128], [-1.10135, 46.20123], [-1.10124, 46.20115], [-1.10105, 46.20104], [-1.10078, 46.20092], [-1.09958, 46.20046], [-1.09897, 46.20019], [-1.09882, 46.20013], [-1.09866, 46.19993], [-1.09858, 46.19987], [-1.098316, 46.19968], [-1.09799, 46.19969], [-1.09779, 46.19973], [-1.09754, 46.19964], [-1.09713, 46.19955], [-1.09631, 46.19942], [-1.09552, 46.19929], [-1.09537, 46.19925], [-1.0953, 46.19921], [-1.0952, 46.19926], [-1.09504, 46.1994], [-1.09499, 46.19948], [-1.0947, 46.19998], [-1.09454, 46.2002], [-1.09438, 46.20045], [-1.09433, 46.20049], [-1.09445, 46.20082], [-1.09448, 46.20105], [-1.09445, 46.20123], [-1.09426, 46.20153], [-1.093786, 46.201942], [-1.09356, 46.2023], [-1.09337, 46.20264], [-1.09331, 46.20277], [-1.09323, 46.20303], [-1.09317, 46.20337], [-1.09317, 46.20349], [-1.09314, 46.20394], [-1.09262, 46.20397], [-1.09226, 46.20399], [-1.09207, 46.204], [-1.09186, 46.20406], [-1.09167, 46.20417], [-1.09152, 46.20432], [-1.09139, 46.20443], [-1.09135, 46.20446], [-1.09123, 46.20448], [-1.09113, 46.20451], [-1.09109, 46.20458], [-1.0911, 46.2047], [-1.09122, 46.2048], [-1.09131, 46.20485], [-1.09136, 46.20493], [-1.09144, 46.20509], [-1.09152, 46.2052], [-1.09168, 46.2053], [-1.09179, 46.20533], [-1.09229, 46.20547], [-1.09291, 46.20558], [-1.092697, 46.20601], [-1.09266, 46.20637], [-1.09258, 46.20662], [-1.09254, 46.2069], [-1.09243, 46.20753], [-1.09275, 46.20761], [-1.09348, 46.20774], [-1.09461, 46.20809], [-1.09698, 46.20883], [-1.0978, 46.2091], [-1.09792, 46.20914], [-1.09809, 46.20892], [-1.09819, 46.20884], [-1.09849, 46.20845], [-1.09934, 46.20737], [-1.09971, 46.20689], [-1.0999, 46.20664], [-1.10009, 46.20635], [-1.1002, 46.20621], [-1.10031, 46.20609], [-1.10056, 46.20599], [-1.10065, 46.20592], [-1.10078, 46.20557], [-1.10094, 46.20545], [-1.1018, 46.20526], [-1.10195, 46.2052], [-1.10197, 46.20521], [-1.10199, 46.20522], [-1.10203, 46.20521], [-1.10205, 46.20521], [-1.10216, 46.20523], [-1.10237, 46.20535], [-1.10252, 46.20546], [-1.10281, 46.20568], [-1.10306, 46.20583], [-1.1031, 46.20588], [-1.10325, 46.20596], [-1.10361, 46.20606], [-1.10408, 46.20618], [-1.10527, 46.20637], [-1.105286, 46.206413]]}}, {"type": "Feature", "properties": {"route_short_name": "22", "route_long_name": "Yves <> Ch\u00e2telaillon Gare", "shape_id": "CA_LA_ROCHELLE:JourneyPattern:22_7217542908D70DB9522BEAC543CAB958", "n_points": 402, "n_shape_variants_in_source": 4}, "geometry": {"type": "LineString", "coordinates": [[-1.091063, 46.078094], [-1.091196, 46.078163], [-1.09127, 46.07826], [-1.091324, 46.078297], [-1.091383, 46.078297], [-1.092269, 46.078007], [-1.092374, 46.077965], [-1.092454, 46.07797], [-1.092548, 46.077984], [-1.092619, 46.077957], [-1.09264, 46.0779], [-1.092623, 46.07786], [-1.092574, 46.07783], [-1.092515, 46.077805], [-1.09246, 46.077747], [-1.092426, 46.07769], [-1.092287, 46.077457], [-1.092192, 46.07728], [-1.092073, 46.077084], [-1.091934, 46.07686], [-1.091852, 46.076714], [-1.091644, 46.07631], [-1.091644, 46.07631], [-1.0911, 46.07551], [-1.09088, 46.07514], [-1.09049, 46.07518], [-1.09033, 46.07544], [-1.09017, 46.07569], [-1.09, 46.07598], [-1.08982, 46.07637], [-1.08968, 46.07648], [-1.08945, 46.07655], [-1.0891, 46.07665], [-1.08851, 46.07674], [-1.08806, 46.07681], [-1.088, 46.07681], [-1.08783, 46.07662], [-1.08756, 46.07632], [-1.08705, 46.07575], [-1.08688, 46.07558], [-1.08667, 46.07544], [-1.08593, 46.07489], [-1.08533, 46.0745], [-1.08512, 46.07439], [-1.0836, 46.07393], [-1.08316, 46.0738], [-1.08261, 46.07362], [-1.08216, 46.07349], [-1.08199, 46.0734], [-1.08198, 46.0734], [-1.08197, 46.07339], [-1.08192, 46.07338], [-1.08184, 46.0734], [-1.08182, 46.07346], [-1.08188, 46.07351], [-1.08197, 46.0735], [-1.08201, 46.07344], [-1.082, 46.07341], [-1.08195, 46.07334], [-1.08191, 46.07328], [-1.08189, 46.07312], [-1.08182, 46.07276], [-1.08165, 46.07189], [-1.08154, 46.07128], [-1.08153, 46.07117], [-1.08159, 46.07085], [-1.08171, 46.07055], [-1.08183, 46.07034], [-1.08197, 46.07013], [-1.08252, 46.0693], [-1.0834, 46.06795], [-1.0844, 46.06642], [-1.08502, 46.06547], [-1.0852, 46.06527], [-1.08524, 46.06527], [-1.08529, 46.06526], [-1.08568, 46.06555], [-1.08714, 46.06658], [-1.08837, 46.06745], [-1.0892, 46.06806], [-1.08943, 46.06817], [-1.08976, 46.06823], [-1.09049, 46.06834], [-1.09066, 46.06837], [-1.09076, 46.06806], [-1.09083, 46.06782], [-1.09114, 46.06681], [-1.09148, 46.065914], [-1.091865, 46.06463], [-1.092067, 46.063984], [-1.092166, 46.063663], [-1.092215, 46.0635], [-1.092248, 46.063408], [-1.092271, 46.063324], [-1.09226, 46.063255], [-1.09222, 46.063194], [-1.092147, 46.063126], [-1.092067, 46.06307], [-1.091729, 46.06282], [-1.09166, 46.062775], [-1.091608, 46.062737], [-1.091568, 46.062683], [-1.091531, 46.062504], [-1.091558, 46.06231], [-1.091558, 46.06231], [-1.091365, 46.061615], [-1.091349, 46.061527], [-1.09131, 46.06145], [-1.091256, 46.061394], [-1.091197, 46.061344], [-1.090641, 46.060963], [-1.090424, 46.06079], [-1.090235, 46.060616], [-1.090088, 46.060432], [-1.089954, 46.060246], [-1.08982, 46.060005], [-1.089651, 46.059566], [-1.089585, 46.05945], [-1.089508, 46.059353], [-1.089428, 46.0593], [-1.089318, 46.059258], [-1.088633, 46.059013], [-1.088066, 46.058784], [-1.088066, 46.058784], [-1.08761, 46.05866], [-1.087428, 46.05859], [-1.087211, 46.05854], [-1.086846, 46.05847], [-1.086801, 46.058453], [-1.086782, 46.05843], [-1.086758, 46.0584], [-1.08672, 46.05838], [-1.08668, 46.058384], [-1.086646, 46.058414], [-1.08662, 46.058434], [-1.086573, 46.058437], [-1.086529, 46.058445], [-1.086486, 46.058445], [-1.086441, 46.058422], [-1.08635, 46.05839], [-1.086191, 46.058346], [-1.086038, 46.05831], [-1.08568, 46.05823], [-1.085192, 46.05814], [-1.08469, 46.05807], [-1.084265, 46.058033], [-1.083831, 46.058002], [-1.083687, 46.05801], [-1.083551, 46.058037], [-1.083434, 46.05805], [-1.083317, 46.058044], [-1.083242, 46.058033], [-1.083191, 46.058018], [-1.08317, 46.05801], [-1.083148, 46.057983], [-1.083099, 46.057953], [-1.083019, 46.057938], [-1.082956, 46.05795], [-1.08292, 46.05797], [-1.082879, 46.057987], [-1.082801, 46.057983], [-1.082563, 46.05794], [-1.082277, 46.057854], [-1.082277, 46.057854], [-1.082112, 46.05785], [-1.081943, 46.057823], [-1.081626, 46.057796], [-1.081438, 46.05779], [-1.081277, 46.057785], [-1.08059, 46.05773], [-1.08045, 46.057716], [-1.08031, 46.05772], [-1.080101, 46.057743], [-1.079872, 46.05777], [-1.079738, 46.05778], [-1.079634, 46.057777], [-1.079527, 46.057762], [-1.079359, 46.05772], [-1.078474, 46.05743], [-1.076755, 46.056793], [-1.076587, 46.056774], [-1.076538, 46.056736], [-1.076528, 46.056698], [-1.076515, 46.056664], [-1.07647, 46.05664], [-1.076415, 46.056637], [-1.07638, 46.05666], [-1.076352, 46.05669], [-1.076271, 46.05674], [-1.07619, 46.05678], [-1.076065, 46.056847], [-1.07595, 46.05693], [-1.07558, 46.05718], [-1.074733, 46.057774], [-1.074333, 46.05806], [-1.074013, 46.058273], [-1.073862, 46.058384], [-1.073709, 46.05848], [-1.073567, 46.05855], [-1.073427, 46.058605], [-1.07332, 46.05863], [-1.073195, 46.058643], [-1.073055, 46.058647], [-1.072411, 46.05862], [-1.070713, 46.05852], [-1.070713, 46.05852], [-1.069995, 46.05853], [-1.069526, 46.05851], [-1.069275, 46.058483], [-1.069034, 46.05846], [-1.067816, 46.058258], [-1.066607, 46.058037], [-1.065958, 46.05793], [-1.065333, 46.05785], [-1.064788, 46.05778], [-1.064279, 46.05774], [-1.064048, 46.057724], [-1.063839, 46.057693], [-1.063009, 46.057575], [-1.062173, 46.057453], [-1.061761, 46.057396], [-1.061623, 46.05738], [-1.06152, 46.057384], [-1.061437, 46.0574], [-1.061364, 46.057392], [-1.061315, 46.05736], [-1.061265, 46.05733], [-1.061116, 46.057297], [-1.060275, 46.057175], [-1.059331, 46.057053], [-1.058858, 46.056984], [-1.058503, 46.05694], [-1.058323, 46.05691], [-1.05824, 46.056892], [-1.058179, 46.05687], [-1.058031, 46.05679], [-1.057593, 46.056522], [-1.057457, 46.056454], [-1.05733, 46.056396], [-1.056972, 46.056248], [-1.056848, 46.05618], [-1.05677, 46.0561], [-1.05636, 46.05558], [-1.0561, 46.05525], [-1.055837, 46.054928], [-1.054303, 46.05307], [-1.05279, 46.05121], [-1.052057, 46.05029], [-1.051686, 46.049828], [-1.051322, 46.04937], [-1.05124, 46.049267], [-1.05115, 46.04919], [-1.051038, 46.049076], [-1.050883, 46.048965], [-1.050717, 46.04886], [-1.050512, 46.048725], [-1.050405, 46.048645], [-1.049645, 46.04772], [-1.049386, 46.047363], [-1.049098, 46.047024], [-1.048113, 46.04582], [-1.047768, 46.04539], [-1.047442, 46.044994], [-1.047236, 46.04469], [-1.047236, 46.04469], [-1.046699, 46.044075], [-1.046432, 46.043766], [-1.046285, 46.0436], [-1.046249, 46.043514], [-1.046227, 46.043446], [-1.046223, 46.043396], [-1.046246, 46.04332], [-1.04632, 46.04319], [-1.04661, 46.04271], [-1.046668, 46.04262], [-1.0467, 46.04254], [-1.04671, 46.04248], [-1.046691, 46.042416], [-1.046653, 46.042362], [-1.04659, 46.042316], [-1.046443, 46.042274], [-1.04631, 46.04226], [-1.046183, 46.042244], [-1.046069, 46.04223], [-1.045943, 46.042206], [-1.045798, 46.04219], [-1.045633, 46.042194], [-1.045493, 46.042206], [-1.045215, 46.04222], [-1.044058, 46.04228], [-1.04383, 46.04234], [-1.043397, 46.042374], [-1.04329, 46.04239], [-1.043189, 46.04242], [-1.043126, 46.04244], [-1.043053, 46.04246], [-1.042992, 46.042454], [-1.042913, 46.042435], [-1.042745, 46.042442], [-1.040955, 46.042603], [-1.039889, 46.0427], [-1.039755, 46.042713], [-1.039663, 46.04271], [-1.039616, 46.04267], [-1.03962, 46.042618], [-1.039656, 46.04255], [-1.039722, 46.042458], [-1.0402, 46.04189], [-1.04028, 46.041813], [-1.04037, 46.041733], [-1.0406, 46.041527], [-1.040755, 46.04138], [-1.041018, 46.041153], [-1.041419, 46.040775], [-1.041773, 46.040424], [-1.042347, 46.039845], [-1.042486, 46.039707], [-1.04262, 46.03957], [-1.043065, 46.039116], [-1.04351, 46.03866], [-1.04421, 46.038], [-1.0443, 46.03791], [-1.044752, 46.037544], [-1.044963, 46.037365], [-1.045155, 46.03718], [-1.04542, 46.0369], [-1.04565, 46.0366], [-1.045816, 46.0363], [-1.045968, 46.036], [-1.046383, 46.03501], [-1.04659, 46.03451], [-1.046785, 46.03402], [-1.04742, 46.03247], [-1.04789, 46.03128], [-1.047955, 46.03114], [-1.048001, 46.030983], [-1.048092, 46.03064], [-1.04813, 46.03037], [-1.048161, 46.03016], [-1.048205, 46.029808], [-1.048226, 46.02937], [-1.04815, 46.02857], [-1.04813, 46.02839], [-1.048049, 46.02801], [-1.047904, 46.02749], [-1.047745, 46.026974], [-1.047168, 46.025127], [-1.046872, 46.024204], [-1.046733, 46.023735], [-1.046586, 46.023273], [-1.04632, 46.022404], [-1.046176, 46.02197], [-1.046109, 46.02175], [-1.046079, 46.021645], [-1.046034, 46.021545], [-1.045932, 46.02136], [-1.045813, 46.0212], [-1.045626, 46.02095], [-1.045571, 46.020844], [-1.045578, 46.02078], [-1.045597, 46.02075], [-1.045653, 46.020725], [-1.045776, 46.020733], [-1.045919, 46.020725], [-1.04604, 46.02072], [-1.046166, 46.020706], [-1.046291, 46.02068], [-1.046405, 46.020638], [-1.046481, 46.020576], [-1.046535, 46.020515], [-1.046558, 46.020428], [-1.04659, 46.020386], [-1.046643, 46.020355], [-1.046731, 46.020344], [-1.046913, 46.020355], [-1.047079, 46.020367], [-1.04755, 46.02039], [-1.047655, 46.02039], [-1.047705, 46.02038], [-1.047756, 46.020355], [-1.047789, 46.02028], [-1.047815, 46.020195], [-1.047843, 46.02005], [-1.047854, 46.019913], [-1.047793, 46.019554], [-1.04767, 46.01919], [-1.04761, 46.01893], [-1.04761, 46.01883], [-1.047647, 46.018654], [-1.047691, 46.0185], [-1.047729, 46.018406], [-1.047799, 46.01827], [-1.047916, 46.018116], [-1.048046, 46.01796], [-1.048222, 46.01775], [-1.048323, 46.017628], [-1.048382, 46.01757], [-1.048456, 46.017555], [-1.04862, 46.017605], [-1.048777, 46.017643], [-1.04895, 46.01768], [-1.048343, 46.017635]]}}, {"type": "Feature", "properties": {"route_short_name": "221", "route_long_name": "Coll\u00e8ge Fabre d'Eglantine <> Saint-Rogatien", "shape_id": "CA_LA_ROCHELLE:JourneyPattern:221_C1065C505DE61540F8AB27710B8C65B0", "n_points": 249, "n_shape_variants_in_source": 2}, "geometry": {"type": "LineString", "coordinates": [[-1.115227, 46.152042], [-1.11522, 46.15199], [-1.11512, 46.15189], [-1.11504, 46.15186], [-1.11489, 46.15188], [-1.11511, 46.15217], [-1.11513, 46.15223], [-1.11508, 46.15237], [-1.11495, 46.15251], [-1.11493, 46.15251], [-1.11488, 46.15253], [-1.11476, 46.15258], [-1.1147, 46.15264], [-1.11465, 46.15271], [-1.11464, 46.15279], [-1.11456, 46.15289], [-1.11445, 46.15298], [-1.11425, 46.1531], [-1.11396, 46.15318], [-1.11367, 46.15327], [-1.11318, 46.1534], [-1.11284, 46.1534], [-1.11275, 46.15338], [-1.11268, 46.15331], [-1.11251, 46.15319], [-1.11231, 46.15311], [-1.11208, 46.15306], [-1.11189, 46.15305], [-1.11163, 46.15309], [-1.1114, 46.15317], [-1.11122, 46.15326], [-1.11108, 46.1534], [-1.111, 46.15351], [-1.11096, 46.15363], [-1.11095, 46.15375], [-1.11097, 46.15388], [-1.11106, 46.15405], [-1.11115, 46.15415], [-1.11127, 46.15423], [-1.11134, 46.15441], [-1.11134, 46.1545], [-1.11131, 46.15457], [-1.11125, 46.15466], [-1.11087, 46.15493], [-1.11012, 46.15539], [-1.10899, 46.15615], [-1.10887, 46.15626], [-1.10881, 46.15624], [-1.10876, 46.15624], [-1.10865, 46.15626], [-1.10857, 46.15632], [-1.10854, 46.15641], [-1.10854, 46.15644], [-1.1085, 46.15647], [-1.1053, 46.15855], [-1.10498, 46.15876], [-1.10431, 46.15915], [-1.10339, 46.15961], [-1.10319, 46.1597], [-1.10281, 46.15983], [-1.10276, 46.15981], [-1.10264, 46.15981], [-1.10244, 46.15969], [-1.1022, 46.15951], [-1.1009, 46.15836], [-1.099519, 46.157223], [-1.099519, 46.157223], [-1.09952, 46.1571], [-1.09952, 46.15705], [-1.09947, 46.15698], [-1.09937, 46.15693], [-1.09929, 46.15691], [-1.09914, 46.15693], [-1.09878, 46.15661], [-1.09829, 46.15624], [-1.09817, 46.15615], [-1.09807, 46.1561], [-1.0978, 46.15588], [-1.09769, 46.1558], [-1.09748, 46.15563], [-1.09705, 46.15522], [-1.09679, 46.15497], [-1.09649, 46.15464], [-1.09646, 46.15461], [-1.09666, 46.15455], [-1.09662, 46.1545], [-1.09637, 46.15457], [-1.09609, 46.15463], [-1.09581, 46.15469], [-1.09579, 46.15466], [-1.09582, 46.15471], [-1.09523, 46.15485], [-1.09389, 46.15514], [-1.0932, 46.15529], [-1.09257, 46.15543], [-1.09219, 46.15548], [-1.09195, 46.15552], [-1.09168, 46.15554], [-1.09154, 46.1555], [-1.09138, 46.1555], [-1.09109, 46.15553], [-1.091, 46.15555], [-1.0909, 46.15558], [-1.09088, 46.15556], [-1.09082, 46.15553], [-1.09074, 46.15554], [-1.09069, 46.15558], [-1.09069, 46.15564], [-1.09071, 46.15567], [-1.0908, 46.15569], [-1.09079, 46.15585], [-1.09079, 46.15607], [-1.09081, 46.15625], [-1.09084, 46.15637], [-1.09083, 46.15643], [-1.0908, 46.1565], [-1.09065, 46.15665], [-1.09016, 46.15708], [-1.08948, 46.15767], [-1.08935, 46.15769], [-1.08813, 46.15774], [-1.08799, 46.15773], [-1.088, 46.15769], [-1.08798, 46.15765], [-1.0879, 46.15762], [-1.0878, 46.15765], [-1.08777, 46.15768], [-1.08777, 46.15772], [-1.08783, 46.15777], [-1.08783, 46.15827], [-1.08776, 46.15882], [-1.08767, 46.15916], [-1.08761, 46.15938], [-1.08758, 46.15945], [-1.08756, 46.15944], [-1.08751, 46.15945], [-1.08744, 46.15949], [-1.08578, 46.15909], [-1.08428, 46.15882], [-1.08388, 46.15874], [-1.08377, 46.15869], [-1.08374, 46.15866], [-1.0837, 46.15865], [-1.08358, 46.15867], [-1.08344, 46.15866], [-1.08319, 46.15862], [-1.08293, 46.15855], [-1.08279, 46.1585], [-1.08207, 46.15821], [-1.08182, 46.15814], [-1.08209, 46.15765], [-1.08223, 46.15748], [-1.08245, 46.15725], [-1.08273, 46.15701], [-1.08303, 46.15651], [-1.08307, 46.15637], [-1.08317, 46.1561], [-1.08323, 46.15601], [-1.0835, 46.15568], [-1.08403, 46.15532], [-1.08418, 46.15521], [-1.0848, 46.15477], [-1.0857, 46.15416], [-1.08576, 46.15407], [-1.08604, 46.15362], [-1.08617, 46.15342], [-1.08636, 46.15323], [-1.08655, 46.15306], [-1.08635, 46.153], [-1.08563, 46.15267], [-1.08494, 46.15235], [-1.08483, 46.15229], [-1.084861, 46.15226], [-1.084861, 46.15226], [-1.084323, 46.152042], [-1.084029, 46.1519], [-1.083788, 46.151806], [-1.08341, 46.15169], [-1.08312, 46.15164], [-1.08301, 46.1516], [-1.08291, 46.15158], [-1.08274, 46.15151], [-1.082458, 46.15144], [-1.081422, 46.151165], [-1.080391, 46.15089], [-1.07995, 46.15078], [-1.079784, 46.15074], [-1.079461, 46.150715], [-1.079157, 46.150692], [-1.077783, 46.15063], [-1.077523, 46.15063], [-1.0773, 46.150658], [-1.077123, 46.1507], [-1.077012, 46.15072], [-1.0769, 46.15072], [-1.076814, 46.150696], [-1.07671, 46.15068], [-1.076632, 46.15068], [-1.076555, 46.150696], [-1.076487, 46.150738], [-1.07644, 46.15079], [-1.07636, 46.15082], [-1.076264, 46.150864], [-1.076165, 46.150894], [-1.07571, 46.15099], [-1.075506, 46.15103], [-1.075302, 46.15106], [-1.075015, 46.151085], [-1.074843, 46.151096], [-1.07448, 46.151115], [-1.074292, 46.151127], [-1.07415, 46.15112], [-1.07361, 46.15097], [-1.073363, 46.150867], [-1.073187, 46.150833], [-1.072841, 46.150784], [-1.072687, 46.15074], [-1.07257, 46.150642], [-1.072399, 46.150513], [-1.07217, 46.15038], [-1.071858, 46.150234], [-1.071329, 46.15002], [-1.071042, 46.149895], [-1.070901, 46.149837], [-1.070774, 46.14979], [-1.07041, 46.1497], [-1.070136, 46.149647], [-1.06986, 46.149597], [-1.0694, 46.14954], [-1.068675, 46.149467], [-1.068414, 46.149475], [-1.068153, 46.149452], [-1.067901, 46.14941], [-1.066021, 46.14908], [-1.065962, 46.14905], [-1.065925, 46.149006], [-1.065895, 46.148975], [-1.065851, 46.148956], [-1.0658, 46.14896], [-1.06574, 46.14898], [-1.065687, 46.149], [-1.064867, 46.148853], [-1.063561, 46.148563], [-1.062651, 46.148346], [-1.062145, 46.148224], [-1.062058, 46.14828], [-1.062093, 46.14839], [-1.062351, 46.148468], [-1.062822, 46.14863]]}}, {"type": "Feature", "properties": {"route_short_name": "222", "route_long_name": "Coll\u00e8ge Fabre d'Eglantine <> P\u00e9rigny (Ouest et Sud)", "shape_id": "CA_LA_ROCHELLE:JourneyPattern:222_DEC10A8C7A9D678E5DFFAA368D6D6CF5", "n_points": 158, "n_shape_variants_in_source": 2}, "geometry": {"type": "LineString", "coordinates": [[-1.092552, 46.15538], [-1.09195, 46.15552], [-1.09168, 46.15554], [-1.09154, 46.1555], [-1.09138, 46.1555], [-1.09109, 46.15553], [-1.091, 46.15555], [-1.0909, 46.15558], [-1.09088, 46.15556], [-1.09082, 46.15553], [-1.09074, 46.15554], [-1.09071, 46.15556], [-1.09064, 46.15555], [-1.0903, 46.1555], [-1.08933, 46.15546], [-1.08858, 46.15546], [-1.08847, 46.15544], [-1.08838, 46.1554], [-1.08829, 46.15534], [-1.08821, 46.15517], [-1.088144, 46.155], [-1.08806, 46.15492], [-1.08781, 46.1546], [-1.08763, 46.15442], [-1.08742, 46.1542], [-1.08736, 46.15411], [-1.0872, 46.15368], [-1.08715, 46.15355], [-1.08699, 46.1533], [-1.08691, 46.15321], [-1.08685, 46.15309], [-1.08675, 46.15288], [-1.08692, 46.15271], [-1.08759, 46.15226], [-1.08806, 46.15195], [-1.08844, 46.15164], [-1.08869, 46.15139], [-1.08982, 46.15022], [-1.089913, 46.15017], [-1.089913, 46.15017], [-1.09084, 46.14909], [-1.09179, 46.14949], [-1.09208, 46.14966], [-1.09305, 46.15028], [-1.09345, 46.15059], [-1.09356, 46.15075], [-1.09356, 46.15089], [-1.09353, 46.15098], [-1.0935, 46.15101], [-1.09348, 46.15104], [-1.09348, 46.15109], [-1.09352, 46.15115], [-1.09361, 46.15119], [-1.09368, 46.15119], [-1.09379, 46.15127], [-1.09384, 46.15139], [-1.09387, 46.15144], [-1.093816, 46.151543], [-1.093816, 46.151543], [-1.09385, 46.15171], [-1.09387, 46.15176], [-1.09395, 46.15186], [-1.09432, 46.15246], [-1.09449, 46.15277], [-1.09448, 46.153], [-1.09451, 46.15312], [-1.09454, 46.15324], [-1.09468, 46.15348], [-1.09502, 46.15407], [-1.09505, 46.15411], [-1.09523, 46.15424], [-1.09534, 46.1544], [-1.09552, 46.15478], [-1.0961, 46.15465], [-1.0964, 46.15459], [-1.0968, 46.15447], [-1.0976, 46.15418], [-1.09834, 46.15389], [-1.09874, 46.1537], [-1.099838, 46.153225], [-1.100271, 46.153004], [-1.100555, 46.1529], [-1.101309, 46.15264], [-1.101718, 46.152527], [-1.102147, 46.152435], [-1.103063, 46.15225], [-1.103373, 46.15219], [-1.103683, 46.15215], [-1.104166, 46.152153], [-1.104166, 46.152153], [-1.104325, 46.152126], [-1.104646, 46.15214], [-1.10496, 46.15217], [-1.105695, 46.152267], [-1.106416, 46.15239], [-1.1072, 46.15255], [-1.107381, 46.152596], [-1.10757, 46.152622], [-1.107765, 46.152637], [-1.1081, 46.15264], [-1.108736, 46.15267], [-1.11004, 46.15263], [-1.110196, 46.152637], [-1.11032, 46.15267], [-1.11051, 46.15274], [-1.110713, 46.152885], [-1.11097, 46.15309], [-1.11107, 46.15323], [-1.111095, 46.153347], [-1.111059, 46.1534], [-1.110966, 46.15351], [-1.110924, 46.153637], [-1.110904, 46.153774], [-1.110924, 46.15389], [-1.110974, 46.15399], [-1.111069, 46.154114], [-1.111242, 46.15425], [-1.111397, 46.154335], [-1.111527, 46.154385], [-1.111673, 46.15442], [-1.11182, 46.154438], [-1.111972, 46.154434], [-1.112124, 46.154423], [-1.112267, 46.15439], [-1.112496, 46.154316], [-1.11267, 46.154205], [-1.11276, 46.15411], [-1.112828, 46.154022], [-1.112894, 46.15388], [-1.112927, 46.15372], [-1.112934, 46.153633], [-1.112984, 46.15355], [-1.11306, 46.15349], [-1.113385, 46.153374], [-1.113562, 46.153316], [-1.113901, 46.15321], [-1.114438, 46.153065], [-1.114553, 46.15304], [-1.114656, 46.153038], [-1.114759, 46.153046], [-1.114879, 46.15308], [-1.115, 46.153114], [-1.115075, 46.153126], [-1.11515, 46.153114], [-1.115251, 46.153095], [-1.115341, 46.153057], [-1.115422, 46.15301], [-1.115486, 46.15295], [-1.115522, 46.15288], [-1.115536, 46.152794], [-1.115514, 46.152714], [-1.115456, 46.152626], [-1.115356, 46.15255], [-1.115273, 46.15251], [-1.11524, 46.15247], [-1.115177, 46.152336], [-1.1152, 46.1522], [-1.115227, 46.152042]]}}, {"type": "Feature", "properties": {"route_short_name": "223", "route_long_name": "Coll\u00e8ge Fabre d'Eglantine <> P\u00e9rigny (Est)", "shape_id": "CA_LA_ROCHELLE:JourneyPattern:223_114372D75D2C8C06948E1998060735D4", "n_points": 166, "n_shape_variants_in_source": 2}, "geometry": {"type": "LineString", "coordinates": [[-1.115227, 46.152042], [-1.11522, 46.15199], [-1.11512, 46.15189], [-1.11504, 46.15186], [-1.11489, 46.15188], [-1.11481, 46.15191], [-1.11476, 46.15197], [-1.11476, 46.15203], [-1.11483, 46.15208], [-1.11496, 46.15214], [-1.115054, 46.15217], [-1.115079, 46.152264], [-1.115056, 46.15237], [-1.11502, 46.15245], [-1.11494, 46.15251], [-1.11489, 46.15252], [-1.11481, 46.15256], [-1.11473, 46.15261], [-1.11467, 46.15268], [-1.11464, 46.15275], [-1.11464, 46.15279], [-1.11459, 46.15285], [-1.11445, 46.15298], [-1.11425, 46.1531], [-1.11411, 46.15313], [-1.11389, 46.1532], [-1.11376, 46.15324], [-1.11341, 46.15335], [-1.11301, 46.15342], [-1.11275, 46.15338], [-1.1126, 46.15325], [-1.11241, 46.15315], [-1.1122, 46.15308], [-1.11196, 46.15305], [-1.11169, 46.15307], [-1.11144, 46.15314], [-1.11121, 46.15311], [-1.11104, 46.15306], [-1.11085, 46.15297], [-1.11058, 46.15278], [-1.11046, 46.15271], [-1.11032, 46.15267], [-1.11004, 46.15263], [-1.10943, 46.15263], [-1.10839, 46.15264], [-1.10757, 46.15262], [-1.1072, 46.15255], [-1.10651, 46.1524], [-1.10584, 46.15228], [-1.10496, 46.15217], [-1.10431, 46.15212], [-1.1039, 46.15213], [-1.10368, 46.15214], [-1.10309, 46.15224], [-1.10168, 46.15254], [-1.10133, 46.15263], [-1.1007, 46.15285], [-1.09986, 46.15317], [-1.09898, 46.15357], [-1.09845, 46.15384], [-1.09786, 46.15408], [-1.09712, 46.15435], [-1.0968, 46.15447], [-1.0964, 46.15459], [-1.095794, 46.15466], [-1.095794, 46.15466], [-1.09346, 46.15524], [-1.093, 46.15533], [-1.09256, 46.15543], [-1.09227, 46.15547], [-1.09202, 46.15551], [-1.09175, 46.15554], [-1.09145, 46.1555], [-1.0911, 46.15553], [-1.0909, 46.15558], [-1.09086, 46.15555], [-1.09077, 46.15553], [-1.0907, 46.15557], [-1.09068, 46.1556], [-1.0907, 46.15565], [-1.09077, 46.15569], [-1.0908, 46.15569], [-1.09079, 46.15573], [-1.09079, 46.1558], [-1.09078, 46.15599], [-1.09081, 46.15624], [-1.09083, 46.15633], [-1.09082, 46.15647], [-1.09069, 46.15661], [-1.0905, 46.15678], [-1.08951, 46.15765], [-1.08942, 46.15768], [-1.088497, 46.15769], [-1.088497, 46.15769], [-1.088154, 46.157738], [-1.088071, 46.157722], [-1.08803, 46.157707], [-1.088, 46.15769], [-1.08798, 46.15765], [-1.0879, 46.15762], [-1.08785, 46.15762], [-1.0878, 46.15765], [-1.08777, 46.15768], [-1.08776, 46.15772], [-1.08779, 46.15776], [-1.087813, 46.157784], [-1.087815, 46.157818], [-1.087808, 46.157856], [-1.087812, 46.158016], [-1.087819, 46.158222], [-1.087794, 46.15843], [-1.087709, 46.159], [-1.08765, 46.15918], [-1.08755, 46.159363], [-1.087556, 46.159428], [-1.087537, 46.159462], [-1.087497, 46.159477], [-1.08745, 46.15948], [-1.087416, 46.159473], [-1.086899, 46.159348], [-1.086083, 46.15914], [-1.085817, 46.159077], [-1.085711, 46.159027], [-1.085615, 46.159023], [-1.085413, 46.15898], [-1.0853, 46.158947], [-1.085148, 46.158947], [-1.084953, 46.158913], [-1.084002, 46.15875], [-1.083877, 46.158722], [-1.083825, 46.158684], [-1.083782, 46.158653], [-1.083737, 46.15864], [-1.083689, 46.158646], [-1.08358, 46.15867], [-1.08344, 46.15866], [-1.08313, 46.15861], [-1.082867, 46.15851], [-1.082124, 46.158176], [-1.081961, 46.158165], [-1.081885, 46.158142], [-1.081847, 46.158115], [-1.081873, 46.15806], [-1.082067, 46.157726], [-1.082142, 46.1576], [-1.082241, 46.15748], [-1.082459, 46.157253], [-1.082609, 46.157135], [-1.082684, 46.157093], [-1.082735, 46.157043], [-1.082903, 46.156788], [-1.082972, 46.15667], [-1.083039, 46.156563], [-1.083073, 46.156498], [-1.083077, 46.156403], [-1.08309, 46.156353], [-1.08313, 46.156235], [-1.083186, 46.15612], [-1.083207, 46.156063], [-1.083243, 46.156017], [-1.083519, 46.15569], [-1.083554, 46.155632], [-1.083731, 46.155544], [-1.083884, 46.155437], [-1.084037, 46.15533], [-1.084177, 46.155266]]}}, {"type": "Feature", "properties": {"route_short_name": "224", "route_long_name": "Coll\u00e8ge Fabre d'Eglantine <> P\u00e9rigny Rompsay", "shape_id": "CA_LA_ROCHELLE:JourneyPattern:224_C4036FA7C3FC4F06D4B8254149BA98B9", "n_points": 165, "n_shape_variants_in_source": 2}, "geometry": {"type": "LineString", "coordinates": [[-1.107333, 46.171326], [-1.107373, 46.17148], [-1.107405, 46.171562], [-1.107445, 46.17163], [-1.10744, 46.17169], [-1.10744, 46.17176], [-1.1075, 46.17184], [-1.10756, 46.17187], [-1.10768, 46.17187], [-1.10775, 46.17185], [-1.1078, 46.1718], [-1.10784, 46.17173], [-1.1078, 46.17164], [-1.1077, 46.17159], [-1.107615, 46.171577], [-1.107537, 46.17156], [-1.107486, 46.171516], [-1.107444, 46.171455], [-1.10731, 46.1708], [-1.10721, 46.17059], [-1.1071, 46.17046], [-1.10691, 46.17035], [-1.10677, 46.17031], [-1.10648, 46.17026], [-1.10632, 46.1702], [-1.10626, 46.17016], [-1.10625, 46.17014], [-1.1063, 46.17009], [-1.1064, 46.17], [-1.10759, 46.16948], [-1.1082, 46.1691], [-1.10861, 46.16887], [-1.108783, 46.168842], [-1.109098, 46.168682], [-1.109603, 46.168472], [-1.109866, 46.168358], [-1.110122, 46.16824], [-1.11046, 46.168053], [-1.110751, 46.16788], [-1.110935, 46.16777], [-1.110979, 46.167744], [-1.111015, 46.167736], [-1.111068, 46.16772], [-1.111134, 46.1677], [-1.111201, 46.16767], [-1.1113, 46.16763], [-1.111405, 46.16762], [-1.11151, 46.16763], [-1.112763, 46.167885], [-1.112763, 46.167885], [-1.1144, 46.16816], [-1.114686, 46.168217], [-1.114827, 46.168217], [-1.114924, 46.168224], [-1.11504, 46.16827], [-1.115073, 46.16831], [-1.115135, 46.16833], [-1.115214, 46.168335], [-1.115301, 46.16831], [-1.115354, 46.16826], [-1.115365, 46.1682], [-1.115402, 46.16814], [-1.11547, 46.16808], [-1.115538, 46.168026], [-1.115591, 46.167953], [-1.115725, 46.167828], [-1.115725, 46.167828], [-1.115794, 46.167656], [-1.116025, 46.167366], [-1.116209, 46.167126], [-1.116523, 46.166843], [-1.116925, 46.16652], [-1.117448, 46.166126], [-1.117878, 46.165855], [-1.118227, 46.165672], [-1.118434, 46.165596], [-1.119035, 46.16545], [-1.1193, 46.165462], [-1.11974, 46.16532], [-1.12014, 46.165203], [-1.12034, 46.16515], [-1.120537, 46.1651], [-1.1207, 46.16507], [-1.121256, 46.164967], [-1.121566, 46.16491], [-1.12179, 46.16489], [-1.12282, 46.16476], [-1.123238, 46.164684], [-1.123646, 46.164593], [-1.124677, 46.164375], [-1.124677, 46.164375], [-1.12486, 46.16431], [-1.12513, 46.16427], [-1.12535, 46.1643], [-1.12546, 46.16434], [-1.1255, 46.16436], [-1.12551, 46.16441], [-1.12556, 46.16447], [-1.12563, 46.16451], [-1.12573, 46.16454], [-1.12585, 46.16454], [-1.12597, 46.1645], [-1.12603, 46.16446], [-1.12609, 46.16437], [-1.1261, 46.16433], [-1.12606, 46.16422], [-1.12601, 46.16418], [-1.12585, 46.16413], [-1.12573, 46.16414], [-1.12555, 46.16382], [-1.12549, 46.16374], [-1.12542, 46.1637], [-1.12513, 46.16364], [-1.12469, 46.16355], [-1.12461, 46.16351], [-1.12449, 46.16336], [-1.12407, 46.16258], [-1.12375, 46.16198], [-1.1237, 46.16191], [-1.12373, 46.1619], [-1.12378, 46.16188], [-1.12381, 46.16181], [-1.12377, 46.16174], [-1.12366, 46.16171], [-1.12361, 46.16172], [-1.12356, 46.16161], [-1.12349, 46.16147], [-1.12311, 46.16083], [-1.12281, 46.16037], [-1.12265, 46.1602], [-1.12254, 46.15994], [-1.12198, 46.15899], [-1.12143, 46.15804], [-1.12129, 46.15776], [-1.12121, 46.1576], [-1.12106, 46.1574], [-1.12105, 46.15732], [-1.12094, 46.15728], [-1.12085, 46.15728], [-1.12074, 46.15726], [-1.12039, 46.15716], [-1.11903, 46.1568], [-1.11881, 46.15669], [-1.11869, 46.15661], [-1.11862, 46.15653], [-1.11858, 46.15645], [-1.11858, 46.15637], [-1.11862, 46.15633], [-1.11861, 46.15616], [-1.11864, 46.1561], [-1.11823, 46.15581], [-1.11789, 46.15548], [-1.11761, 46.15516], [-1.11712, 46.15459], [-1.11648, 46.15391], [-1.11593, 46.15329], [-1.11576, 46.15313], [-1.11558, 46.15299], [-1.11549, 46.15286], [-1.1155, 46.15277], [-1.11546, 46.15268], [-1.1154, 46.15261], [-1.11531, 46.15255], [-1.11516, 46.15234], [-1.115227, 46.152042]]}}, {"type": "Feature", "properties": {"route_short_name": "231", "route_long_name": "Coll\u00e8ge A. Camus <> Villeneuve", "shape_id": "CA_LA_ROCHELLE:JourneyPattern:231_1F9615BD84A326999C7E433C2C19E004", "n_points": 113, "n_shape_variants_in_source": 2}, "geometry": {"type": "LineString", "coordinates": [[-1.127491, 46.154385], [-1.12754, 46.15369], [-1.12774, 46.15311], [-1.12843, 46.15322], [-1.129, 46.1533], [-1.12923, 46.15326], [-1.12932, 46.15325], [-1.1299, 46.15335], [-1.13016, 46.15338], [-1.13027, 46.15334], [-1.13046, 46.1532], [-1.13062, 46.15315], [-1.13074, 46.15316], [-1.131108, 46.153263], [-1.131523, 46.1533], [-1.131607, 46.153316], [-1.131639, 46.153347], [-1.131638, 46.15339], [-1.13152, 46.15372], [-1.131271, 46.15446], [-1.130829, 46.15576], [-1.13072, 46.15613], [-1.130744, 46.156197], [-1.130806, 46.15623], [-1.131048, 46.156223], [-1.131363, 46.156223], [-1.13282, 46.15607], [-1.133007, 46.156055], [-1.133492, 46.156006], [-1.133739, 46.155964], [-1.133963, 46.15592], [-1.134261, 46.155838], [-1.134519, 46.155754], [-1.134842, 46.15563], [-1.135287, 46.15541], [-1.135448, 46.15532], [-1.135575, 46.155235], [-1.13593, 46.15496], [-1.136141, 46.15475], [-1.136405, 46.154495], [-1.136405, 46.154495], [-1.1365, 46.15417], [-1.13663, 46.15388], [-1.13696, 46.15293], [-1.13721, 46.1523], [-1.13735, 46.15203], [-1.13741, 46.15196], [-1.13767, 46.15181], [-1.13791, 46.15176], [-1.13806, 46.15176], [-1.13846, 46.15184], [-1.13871, 46.15193], [-1.139, 46.15209], [-1.13914, 46.15218], [-1.1392, 46.15225], [-1.13928, 46.15229], [-1.13942, 46.15233], [-1.13956, 46.15232], [-1.13969, 46.15226], [-1.13975, 46.15221], [-1.1398, 46.15213], [-1.13981, 46.15207], [-1.13978, 46.15198], [-1.13969, 46.1519], [-1.13965, 46.15188], [-1.13965, 46.15152], [-1.13958, 46.15107], [-1.13948, 46.15074], [-1.13946, 46.15069], [-1.13924, 46.15017], [-1.13913, 46.14997], [-1.13862, 46.14928], [-1.13846, 46.14905], [-1.13731, 46.14752], [-1.1372, 46.14737], [-1.13694, 46.14691], [-1.13686, 46.1466], [-1.13683, 46.1463], [-1.13686, 46.14606], [-1.13691, 46.14576], [-1.13695, 46.14563], [-1.13708, 46.14557], [-1.13713, 46.14554], [-1.13718, 46.14545], [-1.13718, 46.14536], [-1.13726, 46.14524], [-1.13741, 46.1451], [-1.13751, 46.14497], [-1.13786, 46.14466], [-1.13802, 46.14447], [-1.1384, 46.14392], [-1.13908, 46.14309], [-1.13925, 46.14285], [-1.13946, 46.14258], [-1.13967, 46.14234], [-1.13987, 46.14215], [-1.13994, 46.14209], [-1.13999, 46.14209], [-1.14003, 46.14208], [-1.14006, 46.14207], [-1.14008, 46.14206], [-1.14026, 46.14211], [-1.14076, 46.14237], [-1.14084, 46.14243], [-1.14119, 46.14281], [-1.14132, 46.14307], [-1.14151, 46.1434], [-1.14151, 46.14348], [-1.14159, 46.1437], [-1.14184, 46.14429], [-1.14231, 46.14513], [-1.14254, 46.14557], [-1.142552, 46.145676]]}}, {"type": "Feature", "properties": {"route_short_name": "232", "route_long_name": "Coll\u00e8ge A. Camus <> Les Minimes", "shape_id": "CA_LA_ROCHELLE:JourneyPattern:232_521ECD0C965DC92EF21DA20974C5EA56", "n_points": 150, "n_shape_variants_in_source": 2}, "geometry": {"type": "LineString", "coordinates": [[-1.14248, 46.14514], [-1.14199, 46.14425], [-1.141723, 46.143753], [-1.141587, 46.143497], [-1.141522, 46.143356], [-1.141348, 46.14303], [-1.141215, 46.14279], [-1.14116, 46.14267], [-1.14104, 46.1424], [-1.14094, 46.14229], [-1.14079, 46.14219], [-1.14047, 46.14207], [-1.140206, 46.14199], [-1.140141, 46.141956], [-1.140116, 46.141914], [-1.14012, 46.14189], [-1.14014, 46.141857], [-1.140204, 46.14179], [-1.140444, 46.141582], [-1.140684, 46.141396], [-1.140964, 46.141224], [-1.141287, 46.141075], [-1.141536, 46.14097], [-1.141827, 46.14087], [-1.142353, 46.140743], [-1.142549, 46.14071], [-1.142674, 46.14068], [-1.143016, 46.140675], [-1.143531, 46.1406], [-1.143818, 46.14055], [-1.143991, 46.14051], [-1.144153, 46.140457], [-1.144416, 46.14035], [-1.144666, 46.140217], [-1.144847, 46.140102], [-1.14493, 46.140076], [-1.145014, 46.13996], [-1.145045, 46.13994], [-1.145086, 46.139923], [-1.145157, 46.139896], [-1.145217, 46.13983], [-1.145234, 46.13978], [-1.145251, 46.139717], [-1.1453, 46.13965], [-1.145429, 46.139526], [-1.145505, 46.139477], [-1.145823, 46.139347], [-1.146589, 46.139133], [-1.147053, 46.138996], [-1.14727, 46.13894], [-1.14814, 46.1388], [-1.14923, 46.13864], [-1.149261, 46.138657], [-1.149745, 46.138554], [-1.149995, 46.13852], [-1.15024, 46.13851], [-1.150317, 46.13851], [-1.15037, 46.13852], [-1.15045, 46.13856], [-1.150532, 46.138573], [-1.15062, 46.13857], [-1.15066, 46.13856], [-1.150738, 46.13852], [-1.150808, 46.138477], [-1.15081, 46.13841], [-1.15078, 46.138344], [-1.150768, 46.138306], [-1.150799, 46.138283], [-1.150848, 46.138275], [-1.150944, 46.13827], [-1.151074, 46.13831], [-1.151209, 46.138336], [-1.151411, 46.138325], [-1.152075, 46.138306], [-1.15308, 46.13821], [-1.153287, 46.138214], [-1.153494, 46.138237], [-1.153901, 46.138336], [-1.154009, 46.138363], [-1.154104, 46.138412], [-1.15423, 46.138535], [-1.154374, 46.1389], [-1.154398, 46.138935], [-1.154434, 46.13898], [-1.154485, 46.13903], [-1.154731, 46.139168], [-1.155091, 46.139374], [-1.155091, 46.139374], [-1.155378, 46.13953], [-1.155512, 46.139614], [-1.155647, 46.139698], [-1.155903, 46.13987], [-1.156171, 46.14004], [-1.156525, 46.140274], [-1.156716, 46.140392], [-1.156898, 46.140514], [-1.157048, 46.14061], [-1.157181, 46.140717], [-1.157261, 46.140816], [-1.157294, 46.140923], [-1.157292, 46.140987], [-1.157278, 46.141052], [-1.157255, 46.141167], [-1.157188, 46.14136], [-1.157139, 46.141487], [-1.157086, 46.14155], [-1.157086, 46.14155], [-1.157075, 46.141666], [-1.157045, 46.14179], [-1.15707, 46.14203], [-1.157126, 46.142048], [-1.157503, 46.14205], [-1.15772, 46.14209], [-1.15794, 46.14212], [-1.15815, 46.14206], [-1.15827, 46.14196], [-1.15845, 46.14183], [-1.15872, 46.14169], [-1.15898, 46.14161], [-1.159541, 46.14151], [-1.16338, 46.14071], [-1.16338, 46.14071], [-1.164503, 46.140427], [-1.16472, 46.14038], [-1.16491, 46.14039], [-1.16501, 46.14041], [-1.16524, 46.14051], [-1.165353, 46.14059], [-1.165499, 46.1407], [-1.166187, 46.141132], [-1.166439, 46.141216], [-1.1667, 46.141224], [-1.167495, 46.141052], [-1.16857, 46.140827], [-1.16863, 46.140766], [-1.168659, 46.1406], [-1.168717, 46.140434], [-1.168872, 46.13996], [-1.168872, 46.13996], [-1.168911, 46.139835], [-1.168928, 46.13976], [-1.168936, 46.1397], [-1.168901, 46.139626], [-1.168167, 46.139133], [-1.167919, 46.138992], [-1.167827, 46.13897], [-1.167718, 46.138973], [-1.16742, 46.13904], [-1.166407, 46.139248], [-1.165886, 46.139355]]}}, {"type": "Feature", "properties": {"route_short_name": "241", "route_long_name": "Coll\u00e8ge M. Chagall <> Dompierre Chagnolet", "shape_id": "CA_LA_ROCHELLE:JourneyPattern:241_F9A9BB09A2B7F07BF666ACE7859D40C2", "n_points": 404, "n_shape_variants_in_source": 3}, "geometry": {"type": "LineString", "coordinates": [[-1.094463, 46.17121], [-1.09394, 46.17126], [-1.09348, 46.17131], [-1.092873, 46.171448], [-1.092438, 46.17155], [-1.092226, 46.171577], [-1.092106, 46.1716], [-1.092073, 46.171627], [-1.09207, 46.17166], [-1.09212, 46.171722], [-1.092253, 46.17182], [-1.0925, 46.17196], [-1.09253, 46.172], [-1.09253, 46.17205], [-1.09231, 46.17241], [-1.0922, 46.17256], [-1.09214, 46.17271], [-1.09213, 46.17282], [-1.09221, 46.17315], [-1.09227, 46.1737], [-1.09229, 46.17395], [-1.09229, 46.17412], [-1.092236, 46.174408], [-1.092236, 46.174408], [-1.092238, 46.17456], [-1.092282, 46.174694], [-1.09247, 46.17527], [-1.09254, 46.17536], [-1.09276, 46.17551], [-1.093028, 46.175674], [-1.093064, 46.175728], [-1.093068, 46.175777], [-1.093027, 46.17582], [-1.092707, 46.17612], [-1.092476, 46.17636], [-1.092402, 46.176373], [-1.09234, 46.17655], [-1.09221, 46.17667], [-1.09217, 46.17673], [-1.09198, 46.17685], [-1.09192, 46.17685], [-1.09186, 46.17686], [-1.09171, 46.17697], [-1.09127, 46.17734], [-1.09092, 46.17762], [-1.09066, 46.17785], [-1.09054, 46.17804], [-1.09046, 46.17827], [-1.09046, 46.17848], [-1.09053, 46.17877], [-1.09066, 46.17914], [-1.09069, 46.17925], [-1.09069, 46.17941], [-1.09067, 46.17953], [-1.09061, 46.17959], [-1.09054, 46.17972], [-1.09042, 46.17983], [-1.09034, 46.17988], [-1.09027, 46.17988], [-1.09019, 46.17989], [-1.0901, 46.17993], [-1.09, 46.18003], [-1.08997, 46.18012], [-1.09, 46.18019], [-1.09005, 46.18025], [-1.09014, 46.1803], [-1.09027, 46.18033], [-1.09031, 46.18033], [-1.09042, 46.18041], [-1.09049, 46.18048], [-1.09063, 46.18061], [-1.09084, 46.18092], [-1.09095, 46.18108], [-1.09108, 46.18144], [-1.09101, 46.18151], [-1.09099, 46.18159], [-1.09101, 46.18166], [-1.09104, 46.18171], [-1.09105, 46.18172], [-1.091, 46.18178], [-1.09092, 46.18194], [-1.09087, 46.1821], [-1.09086, 46.18227], [-1.09093, 46.18244], [-1.09107, 46.18254], [-1.09142, 46.18272], [-1.09162, 46.18282], [-1.0918, 46.18297], [-1.09193, 46.18314], [-1.09203, 46.18333], [-1.09225, 46.18373], [-1.09227, 46.18383], [-1.09219, 46.18404], [-1.09198, 46.18455], [-1.0919, 46.18474], [-1.0918, 46.18489], [-1.09149, 46.18538], [-1.09135, 46.18553], [-1.09078, 46.18597], [-1.09067, 46.18609], [-1.09046, 46.18622], [-1.08929, 46.18663], [-1.089091, 46.186638], [-1.088955, 46.186703], [-1.088805, 46.186714], [-1.088665, 46.18671], [-1.088529, 46.18669], [-1.088318, 46.186634], [-1.088225, 46.186607], [-1.088178, 46.186615], [-1.088126, 46.18664], [-1.088058, 46.18668], [-1.087806, 46.186916], [-1.087599, 46.187115], [-1.087528, 46.187195], [-1.08748, 46.18727], [-1.087321, 46.187572], [-1.087269, 46.18764], [-1.087237, 46.18767], [-1.087204, 46.18768], [-1.087139, 46.18766], [-1.086895, 46.187576], [-1.086635, 46.187523], [-1.086382, 46.18747], [-1.086266, 46.187443], [-1.086034, 46.18741], [-1.085892, 46.18739], [-1.08573, 46.187374], [-1.085425, 46.18738], [-1.085221, 46.187393], [-1.084948, 46.187412], [-1.084753, 46.187416], [-1.084282, 46.187454], [-1.084051, 46.187458], [-1.083816, 46.187428], [-1.08352, 46.187466], [-1.083345, 46.187477], [-1.083256, 46.187492], [-1.08306, 46.187523], [-1.08271, 46.187565], [-1.082288, 46.18761], [-1.08205, 46.187645], [-1.081786, 46.187675], [-1.081587, 46.18771], [-1.081512, 46.187737], [-1.081324, 46.18777], [-1.081249, 46.187775], [-1.081004, 46.18782], [-1.080761, 46.187843], [-1.080623, 46.18785], [-1.080532, 46.187866], [-1.080467, 46.187893], [-1.080366, 46.187965], [-1.080118, 46.188175], [-1.079908, 46.188324], [-1.079723, 46.188442], [-1.079531, 46.188553], [-1.079279, 46.18871], [-1.079087, 46.188847], [-1.078955, 46.18895], [-1.078817, 46.189095], [-1.078641, 46.18931], [-1.078415, 46.189625], [-1.07821, 46.18992], [-1.078084, 46.19009], [-1.07795, 46.19026], [-1.07787, 46.19035], [-1.077788, 46.190434], [-1.077661, 46.190536], [-1.077526, 46.190624], [-1.077286, 46.190765], [-1.077166, 46.19085], [-1.077104, 46.1909], [-1.07706, 46.19095], [-1.076953, 46.19113], [-1.076911, 46.191208], [-1.076878, 46.191246], [-1.076835, 46.191273], [-1.076801, 46.1913], [-1.076767, 46.191326], [-1.076737, 46.191345], [-1.0767, 46.191376], [-1.076638, 46.191414], [-1.076549, 46.19144], [-1.076451, 46.191444], [-1.076311, 46.19145], [-1.076141, 46.19144], [-1.075591, 46.19141], [-1.075335, 46.19139], [-1.075141, 46.19137], [-1.075054, 46.191357], [-1.075, 46.191296], [-1.075, 46.191296], [-1.07442, 46.19118], [-1.07365, 46.1909], [-1.07268, 46.19053], [-1.07188, 46.19025], [-1.07116, 46.19002], [-1.07068, 46.18984], [-1.06991, 46.18954], [-1.06936, 46.18928], [-1.06899, 46.18908], [-1.06823, 46.18851], [-1.0679, 46.18819], [-1.06778, 46.18806], [-1.06779, 46.18806], [-1.0678, 46.18806], [-1.06781, 46.18805], [-1.06782, 46.18804], [-1.06783, 46.18802], [-1.06781, 46.188], [-1.06944, 46.18728], [-1.06977, 46.18714], [-1.06959, 46.18681], [-1.06951, 46.18671], [-1.06887, 46.18627], [-1.0681, 46.18582], [-1.0668, 46.18512], [-1.06616, 46.18479], [-1.06554, 46.18454], [-1.06548, 46.18452], [-1.06511, 46.18442], [-1.06417, 46.18425], [-1.06396, 46.18412], [-1.06395, 46.1841], [-1.06392, 46.18408], [-1.06388, 46.18407], [-1.0638, 46.18406], [-1.06376, 46.18408], [-1.06366, 46.1841], [-1.06352, 46.1841], [-1.06339, 46.18407], [-1.06328, 46.18406], [-1.06269, 46.18418], [-1.06252, 46.18423], [-1.06245, 46.18428], [-1.06209, 46.18488], [-1.06199, 46.18498], [-1.06164, 46.1852], [-1.06133, 46.18541], [-1.06116, 46.18548], [-1.06044, 46.18566], [-1.06019, 46.18568], [-1.06015, 46.18567], [-1.06011, 46.18567], [-1.06004, 46.18568], [-1.06, 46.18571], [-1.05998, 46.18574], [-1.05999, 46.18579], [-1.06005, 46.18584], [-1.06009, 46.18585], [-1.06011, 46.18585], [-1.06043, 46.186], [-1.06114, 46.18649], [-1.0615, 46.18677], [-1.06183, 46.18712], [-1.06223, 46.18771], [-1.06246, 46.18817], [-1.06251, 46.18829], [-1.06268, 46.18868], [-1.06277, 46.18875], [-1.06284, 46.18878], [-1.06255, 46.18899], [-1.06177, 46.18962], [-1.06141, 46.18992], [-1.06113, 46.19014], [-1.06136, 46.19024], [-1.062, 46.19049], [-1.06312, 46.19089], [-1.06328, 46.19092], [-1.06348, 46.19091], [-1.0636, 46.19091], [-1.06381, 46.19091], [-1.06378, 46.19098], [-1.06346, 46.19146], [-1.063, 46.19213], [-1.0624, 46.19299], [-1.06216, 46.19339], [-1.06164, 46.19425], [-1.061, 46.19532], [-1.06045, 46.19626], [-1.06028, 46.1966], [-1.06009, 46.19712], [-1.05997, 46.19749], [-1.05982, 46.19785], [-1.05954, 46.19818], [-1.05917, 46.19861], [-1.05886, 46.19893], [-1.05852, 46.19914], [-1.05833, 46.19922], [-1.05777, 46.19943], [-1.05727, 46.19961], [-1.05695, 46.1998], [-1.05665, 46.20005], [-1.05656, 46.20009], [-1.05609, 46.2012], [-1.05589, 46.20171], [-1.05579, 46.20191], [-1.0555, 46.20229], [-1.05514, 46.20274], [-1.05467, 46.20352], [-1.05445, 46.20382], [-1.0539, 46.20447], [-1.05367, 46.20482], [-1.05315, 46.20588], [-1.05283, 46.20649], [-1.05248, 46.20711], [-1.05198, 46.20794], [-1.05141, 46.20782], [-1.05092, 46.20776], [-1.05009, 46.20769], [-1.04984, 46.20764], [-1.04966, 46.20755], [-1.04964, 46.20746], [-1.04971, 46.20726], [-1.04965, 46.20719], [-1.04937, 46.20706], [-1.0493, 46.20704], [-1.0492, 46.20705], [-1.04916, 46.20707], [-1.048905, 46.207275], [-1.04884, 46.20735], [-1.04881, 46.20735], [-1.04876, 46.20736], [-1.04866, 46.20734], [-1.04862, 46.20733], [-1.04838, 46.20724], [-1.04821, 46.20717], [-1.04771, 46.207], [-1.04724, 46.20683], [-1.04768, 46.20631], [-1.047858, 46.206245], [-1.047858, 46.206245], [-1.04818, 46.20589], [-1.04833, 46.20573], [-1.04854, 46.20542], [-1.0491, 46.2044], [-1.04918, 46.20421], [-1.0492, 46.20406], [-1.04918, 46.20397], [-1.04906, 46.20373], [-1.04893, 46.20356], [-1.0488, 46.20332], [-1.04873, 46.20309], [-1.04868, 46.20285], [-1.04868, 46.20273], [-1.04874, 46.20256], [-1.04933, 46.20192], [-1.04969, 46.20149], [-1.05009, 46.20101], [-1.050336, 46.2008], [-1.05093, 46.19989], [-1.05127, 46.19941], [-1.05139, 46.19909], [-1.05144, 46.19885], [-1.05147, 46.19875], [-1.05144, 46.19868], [-1.0514, 46.19852], [-1.05132, 46.19838], [-1.05107, 46.19807], [-1.05064, 46.19741], [-1.0506, 46.19718], [-1.05062, 46.19698], [-1.05073, 46.19671], [-1.05083, 46.19657], [-1.05102, 46.19639], [-1.05135, 46.19617], [-1.05147, 46.19608], [-1.05205, 46.19568], [-1.05207, 46.19567], [-1.0521, 46.19565], [-1.05214, 46.1956], [-1.05241, 46.1955], [-1.05279, 46.19537], [-1.053452, 46.195194], [-1.053452, 46.195194], [-1.05384, 46.19506], [-1.05438, 46.1951], [-1.0547, 46.19512], [-1.05494, 46.19506], [-1.05508, 46.19499], [-1.05529, 46.19485], [-1.05557, 46.19465], [-1.05574, 46.19449], [-1.05643, 46.19393], [-1.05733, 46.1932], [-1.05827, 46.19245], [-1.05951, 46.19143], [-1.06113, 46.19014], [-1.06241, 46.18909], [-1.06229, 46.18908], [-1.06218, 46.18909], [-1.06151, 46.18927], [-1.0609, 46.1894], [-1.06018, 46.18948], [-1.05961, 46.18958], [-1.05942, 46.18964], [-1.05905, 46.1898], [-1.05877, 46.18949], [-1.05844, 46.18903], [-1.05823, 46.18904], [-1.05815, 46.18904], [-1.0581, 46.18902], [-1.058005, 46.188663]]}}, {"type": "Feature", "properties": {"route_short_name": "242", "route_long_name": "Coll\u00e8ge M. Chagall <> Mouillepieds", "shape_id": "CA_LA_ROCHELLE:JourneyPattern:242_479E65AFE561945A25EC289640A1277A", "n_points": 182, "n_shape_variants_in_source": 1}, "geometry": {"type": "LineString", "coordinates": [[-1.048905, 46.207275], [-1.04884, 46.20735], [-1.04881, 46.20735], [-1.04876, 46.20736], [-1.04866, 46.20734], [-1.04862, 46.20733], [-1.04838, 46.20724], [-1.04821, 46.20717], [-1.04771, 46.207], [-1.04724, 46.20683], [-1.04768, 46.20631], [-1.047858, 46.206245], [-1.047858, 46.206245], [-1.04818, 46.20589], [-1.04833, 46.20573], [-1.04854, 46.20542], [-1.0491, 46.2044], [-1.04918, 46.20421], [-1.0492, 46.20406], [-1.04918, 46.20397], [-1.04906, 46.20373], [-1.04893, 46.20356], [-1.0488, 46.20332], [-1.04873, 46.20309], [-1.04868, 46.20285], [-1.04868, 46.20273], [-1.04874, 46.20256], [-1.04933, 46.20192], [-1.04969, 46.20149], [-1.05009, 46.20101], [-1.050336, 46.2008], [-1.05093, 46.19989], [-1.05127, 46.19941], [-1.05139, 46.19909], [-1.05144, 46.19885], [-1.05147, 46.19875], [-1.05144, 46.19868], [-1.0514, 46.19852], [-1.05132, 46.19838], [-1.05107, 46.19807], [-1.05095, 46.1981], [-1.05082, 46.1981], [-1.05061, 46.19802], [-1.05031, 46.19784], [-1.05001, 46.19776], [-1.04863, 46.19764], [-1.04801, 46.19758], [-1.04764, 46.19756], [-1.04704, 46.1976], [-1.04665, 46.19764], [-1.0462, 46.19772], [-1.0458, 46.1978], [-1.04466, 46.19808], [-1.04355, 46.19837], [-1.04271, 46.19861], [-1.04158, 46.19894], [-1.0411, 46.19908], [-1.04086, 46.19915], [-1.04018, 46.19931], [-1.03997, 46.19936], [-1.03943, 46.19946], [-1.0388, 46.1996], [-1.03833, 46.19973], [-1.03625, 46.20031], [-1.03512, 46.20064], [-1.03438, 46.20086], [-1.03416, 46.20089], [-1.03297, 46.20124], [-1.03203, 46.20152], [-1.03173, 46.2016], [-1.03159, 46.20161], [-1.03156, 46.20159], [-1.03152, 46.20158], [-1.03144, 46.20159], [-1.03138, 46.20163], [-1.03139, 46.2017], [-1.03131, 46.20174], [-1.03117, 46.2018], [-1.030397, 46.201977], [-1.02903, 46.20242], [-1.02873, 46.2025], [-1.0285, 46.20254], [-1.028411, 46.202538], [-1.028323, 46.202522], [-1.028254, 46.202484], [-1.028193, 46.202442], [-1.028147, 46.20237], [-1.028097, 46.202316], [-1.028033, 46.20226], [-1.027987, 46.2022], [-1.027946, 46.202114], [-1.02793, 46.20203], [-1.02794, 46.20194], [-1.02805, 46.20174], [-1.0283, 46.20144], [-1.02846, 46.2013], [-1.02868, 46.20114], [-1.028877, 46.20101], [-1.02908, 46.2009], [-1.0293, 46.2008], [-1.02976, 46.20064], [-1.02988, 46.20061], [-1.03004, 46.20057], [-1.03036, 46.200485], [-1.030668, 46.200397], [-1.031349, 46.200245], [-1.03203, 46.200115], [-1.032734, 46.199993], [-1.033341, 46.1999], [-1.033923, 46.19982], [-1.034679, 46.199734], [-1.036182, 46.19961], [-1.037042, 46.199547], [-1.037897, 46.199486], [-1.038931, 46.19935], [-1.039903, 46.199177], [-1.040492, 46.199062], [-1.041079, 46.198925], [-1.041514, 46.19881], [-1.04299, 46.198376], [-1.043736, 46.198154], [-1.044502, 46.19794], [-1.045305, 46.197758], [-1.04566, 46.19768], [-1.045892, 46.197636], [-1.04655, 46.197502], [-1.047153, 46.197433], [-1.047605, 46.197414], [-1.047918, 46.197422], [-1.048267, 46.19745], [-1.04914, 46.19752], [-1.049988, 46.197598], [-1.050372, 46.19763], [-1.050623, 46.197647], [-1.050701, 46.19763], [-1.050763, 46.1976], [-1.050708, 46.197502], [-1.050657, 46.19738], [-1.050634, 46.19727], [-1.050624, 46.197163], [-1.050622, 46.19701], [-1.050657, 46.196873], [-1.050733, 46.19672], [-1.050858, 46.196575], [-1.05103, 46.196426], [-1.051379, 46.19618], [-1.051776, 46.195877], [-1.051991, 46.1957], [-1.052161, 46.19559], [-1.052295, 46.19551], [-1.052448, 46.19545], [-1.052989, 46.195312], [-1.053452, 46.195194], [-1.053452, 46.195194], [-1.05384, 46.19506], [-1.05438, 46.1951], [-1.0547, 46.19512], [-1.05494, 46.19506], [-1.05508, 46.19499], [-1.05529, 46.19485], [-1.05557, 46.19465], [-1.05574, 46.19449], [-1.05643, 46.19393], [-1.05733, 46.1932], [-1.05827, 46.19245], [-1.05951, 46.19143], [-1.06113, 46.19014], [-1.06241, 46.18909], [-1.06229, 46.18908], [-1.06218, 46.18909], [-1.06151, 46.18927], [-1.0609, 46.1894], [-1.06018, 46.18948], [-1.05961, 46.18958], [-1.05942, 46.18964], [-1.05905, 46.1898], [-1.05877, 46.18949], [-1.05844, 46.18903], [-1.05823, 46.18904], [-1.05815, 46.18904], [-1.0581, 46.18902], [-1.058005, 46.188663]]}}, {"type": "Feature", "properties": {"route_short_name": "243", "route_long_name": "Coll\u00e8ge M. Chagall <> Sainte-Soulle", "shape_id": "CA_LA_ROCHELLE:JourneyPattern:243_6F13591F02E1C408246D8B1B68D7AF10", "n_points": 249, "n_shape_variants_in_source": 4}, "geometry": {"type": "LineString", "coordinates": [[-1.058005, 46.188663], [-1.05777, 46.18844], [-1.05776, 46.18837], [-1.05779, 46.18829], [-1.05783, 46.18822], [-1.05783, 46.18816], [-1.05771, 46.18788], [-1.05755, 46.18753], [-1.05753, 46.1874], [-1.05758, 46.18728], [-1.05767, 46.18719], [-1.0577, 46.18713], [-1.05769, 46.18707], [-1.05828, 46.18712], [-1.05895, 46.18719], [-1.06008, 46.18748], [-1.06177, 46.18791], [-1.06203, 46.18797], [-1.06239, 46.18804], [-1.06243, 46.1881], [-1.06249, 46.18823], [-1.06263, 46.18859], [-1.06274, 46.18873], [-1.06284, 46.18878], [-1.06241, 46.18909], [-1.06113, 46.19014], [-1.05951, 46.19143], [-1.05827, 46.19245], [-1.05643, 46.19393], [-1.05574, 46.19449], [-1.05557, 46.19465], [-1.05529, 46.19485], [-1.05508, 46.19499], [-1.05494, 46.19506], [-1.0547, 46.19512], [-1.05438, 46.1951], [-1.05384, 46.19506], [-1.05328, 46.19522], [-1.05255, 46.19545], [-1.05241, 46.1955], [-1.05238, 46.19548], [-1.05234, 46.19547], [-1.05229, 46.19547], [-1.05188, 46.19561], [-1.04975, 46.19626], [-1.04823, 46.19672], [-1.04774, 46.19695], [-1.0474, 46.19708], [-1.04691, 46.1972], [-1.04683, 46.19727], [-1.04612, 46.1974], [-1.04513, 46.19762], [-1.04458, 46.19777], [-1.04331, 46.19813], [-1.0421, 46.19849], [-1.04115, 46.19876], [-1.03999, 46.19902], [-1.03913, 46.19917], [-1.03795, 46.19933], [-1.03492, 46.19958], [-1.03388, 46.19969], [-1.03257, 46.19988], [-1.03128, 46.20012], [-1.03082, 46.20021], [-1.02999, 46.2004], [-1.02981, 46.20039], [-1.02955, 46.20045], [-1.02928, 46.20048], [-1.02904, 46.20048], [-1.02875, 46.20046], [-1.02828, 46.2004], [-1.02795, 46.20036], [-1.02762, 46.20034], [-1.0275, 46.20035], [-1.02732, 46.2004], [-1.02717, 46.20048], [-1.02706, 46.2006], [-1.02701, 46.20071], [-1.02705, 46.2009], [-1.02715, 46.20115], [-1.02741, 46.2017], [-1.02747, 46.20186], [-1.0275, 46.20201], [-1.02749, 46.20215], [-1.02745, 46.20225], [-1.02739, 46.20229], [-1.02729, 46.20239], [-1.02727, 46.20253], [-1.02733, 46.20268], [-1.02743, 46.20276], [-1.02753, 46.20281], [-1.02766, 46.20284], [-1.02789, 46.20282], [-1.02807, 46.20272], [-1.02812, 46.20268], [-1.02814, 46.20266], [-1.02826, 46.20261], [-1.02861, 46.20257], [-1.02917, 46.20249], [-1.03068, 46.20202], [-1.0315, 46.20175], [-1.03159, 46.20173], [-1.03162, 46.20168], [-1.03161, 46.20163], [-1.03155, 46.20159], [-1.03153, 46.20158], [-1.03126, 46.2014], [-1.03062, 46.20105], [-1.03029, 46.20084], [-1.02981, 46.20051], [-1.02956, 46.20033], [-1.02946, 46.20025], [-1.02916, 46.20005], [-1.02848, 46.19973], [-1.028, 46.19948], [-1.02754, 46.1992], [-1.02736, 46.19908], [-1.02708, 46.19886], [-1.02678, 46.19857], [-1.02648, 46.19824], [-1.02618, 46.19782], [-1.02606, 46.19756], [-1.02604, 46.19744], [-1.02601, 46.19728], [-1.02596, 46.19703], [-1.02589, 46.19691], [-1.02587, 46.19685], [-1.02563, 46.19662], [-1.02504, 46.19629], [-1.02448, 46.19602], [-1.02375, 46.19563], [-1.02342, 46.19539], [-1.02319, 46.19514], [-1.02296, 46.1948], [-1.02279, 46.19452], [-1.02265, 46.19421], [-1.022669, 46.19417], [-1.02243, 46.19364], [-1.02236, 46.19338], [-1.022289, 46.193104], [-1.022287, 46.192837], [-1.02224, 46.19274], [-1.022159, 46.19267], [-1.021591, 46.192432], [-1.021237, 46.19226], [-1.020954, 46.192097], [-1.020652, 46.191875], [-1.020408, 46.19182], [-1.020177, 46.191753], [-1.019434, 46.191563], [-1.018555, 46.191322], [-1.018445, 46.191265], [-1.018324, 46.191185], [-1.018246, 46.191105], [-1.018003, 46.190716], [-1.017508, 46.190052], [-1.017365, 46.189938], [-1.017007, 46.189735], [-1.016275, 46.189297], [-1.01581, 46.18911], [-1.01539, 46.18881], [-1.01471, 46.18833], [-1.01459, 46.18826], [-1.01391, 46.188], [-1.01355, 46.18786], [-1.0134, 46.1878], [-1.01262, 46.18736], [-1.0124, 46.18726], [-1.01204, 46.18713], [-1.01138, 46.1869], [-1.01125, 46.18683], [-1.00997, 46.1861], [-1.009413, 46.185722], [-1.009413, 46.185722], [-1.00904, 46.18559], [-1.00854, 46.18525], [-1.00848, 46.18521], [-1.00843, 46.18515], [-1.00842, 46.18508], [-1.00845, 46.18499], [-1.009, 46.18414], [-1.00937, 46.18365], [-1.00944, 46.18352], [-1.00944, 46.18345], [-1.00942, 46.18343], [-1.00922, 46.18337], [-1.00857, 46.18328], [-1.00822, 46.18318], [-1.00799, 46.18306], [-1.00667, 46.18224], [-1.00558, 46.18146], [-1.00512, 46.18113], [-1.00492, 46.18099], [-1.00449, 46.18074], [-1.00424, 46.18061], [-1.00342, 46.18026], [-1.00323, 46.18014], [-1.00315, 46.18006], [-1.00305, 46.17982], [-1.00299, 46.17938], [-1.00301, 46.17905], [-1.0032, 46.17819], [-1.0033, 46.17739], [-1.00332, 46.177], [-1.0033, 46.17672], [-1.00319, 46.1763], [-1.00314, 46.17605], [-1.00312, 46.17583], [-1.00314, 46.17506], [-1.00317, 46.17468], [-1.00325, 46.17428], [-1.00348, 46.17343], [-1.00371, 46.17205], [-1.00384, 46.17152], [-1.00476, 46.1715], [-1.0056, 46.1715], [-1.00659, 46.17149], [-1.00833, 46.17138], [-1.00872, 46.17136], [-1.0097, 46.17134], [-1.01034, 46.17136], [-1.01041, 46.17136], [-1.011, 46.17133], [-1.01173, 46.17124], [-1.01333, 46.171], [-1.01485, 46.17056], [-1.01666, 46.17003], [-1.01722, 46.16992], [-1.01757, 46.1699], [-1.01806, 46.16992], [-1.01864, 46.16999], [-1.01963, 46.17015], [-1.02036, 46.17025], [-1.0206, 46.17027], [-1.02184, 46.17036], [-1.02311, 46.17058], [-1.02409, 46.1708], [-1.02507, 46.17108], [-1.02755, 46.17184], [-1.02806, 46.172], [-1.0284, 46.1721], [-1.02956, 46.17244], [-1.02991, 46.17252], [-1.03095, 46.17276], [-1.03203, 46.17306], [-1.03422, 46.17376], [-1.03486, 46.17398], [-1.03535, 46.17417], [-1.035919, 46.174423]]}}, {"type": "Feature", "properties": {"route_short_name": "244", "route_long_name": "Coll\u00e8ge M. Chagall <> Sainte-Soulle via Belle Croix", "shape_id": "CA_LA_ROCHELLE:JourneyPattern:244_F8357103EF5516C8F11785A630E81BB3", "n_points": 322, "n_shape_variants_in_source": 4}, "geometry": {"type": "LineString", "coordinates": [[-1.035919, 46.174423], [-1.037, 46.17468], [-1.038357, 46.17521], [-1.038595, 46.175304], [-1.039052, 46.175465], [-1.03938, 46.17555], [-1.039612, 46.175602], [-1.040035, 46.175686], [-1.040429, 46.175762], [-1.040892, 46.17588], [-1.041356, 46.176014], [-1.041816, 46.17616], [-1.04227, 46.176296], [-1.042999, 46.176525], [-1.043719, 46.176777], [-1.04416, 46.17697], [-1.045106, 46.17747], [-1.046086, 46.177948], [-1.04781, 46.17878], [-1.048794, 46.17934], [-1.048888, 46.179443], [-1.048888, 46.179443], [-1.04904, 46.17951], [-1.04904, 46.17953], [-1.04905, 46.17957], [-1.04914, 46.17962], [-1.04917, 46.17963], [-1.04927, 46.1796], [-1.04929, 46.17958], [-1.0493, 46.17955], [-1.04931, 46.17951], [-1.04943, 46.17942], [-1.04953, 46.17935], [-1.05016, 46.17916], [-1.05119, 46.17894], [-1.05215, 46.17877], [-1.05307, 46.17857], [-1.05363, 46.17842], [-1.05584, 46.17781], [-1.05767, 46.17737], [-1.05842, 46.17724], [-1.06193, 46.17666], [-1.06294, 46.1765], [-1.06416, 46.17636], [-1.0643, 46.17632], [-1.06456, 46.17619], [-1.06518, 46.17575], [-1.06529, 46.17567], [-1.06534, 46.17556], [-1.06535, 46.17543], [-1.06533, 46.17535], [-1.06525, 46.17522], [-1.06523, 46.17515], [-1.06525, 46.1751], [-1.06528, 46.17504], [-1.06532, 46.17499], [-1.06536, 46.17498], [-1.06549, 46.17492], [-1.06555, 46.17486], [-1.06558, 46.17479], [-1.06558, 46.17473], [-1.06556, 46.17467], [-1.06548, 46.17459], [-1.06539, 46.17455], [-1.06528, 46.17453], [-1.06518, 46.17454], [-1.06504, 46.17458], [-1.06494, 46.17468], [-1.06492, 46.17477], [-1.06494, 46.17484], [-1.06503, 46.17493], [-1.06511, 46.17497], [-1.06515, 46.17505], [-1.06525, 46.17522], [-1.063117, 46.176407], [-1.06535, 46.1754], [-1.06536, 46.17545], [-1.06532, 46.17562], [-1.06524, 46.17571], [-1.06507, 46.17584], [-1.06444, 46.17626], [-1.06416, 46.17636], [-1.06293, 46.1765], [-1.05777, 46.17736], [-1.05737, 46.17744], [-1.05584, 46.17781], [-1.05506, 46.17802], [-1.05497, 46.17805], [-1.05455, 46.17816], [-1.05336, 46.1785], [-1.05273, 46.17865], [-1.0517, 46.17885], [-1.05055, 46.17906], [-1.04933, 46.17941], [-1.04914, 46.17945], [-1.04908, 46.17946], [-1.04905, 46.17949], [-1.04904, 46.17953], [-1.04905, 46.17957], [-1.04907, 46.17958], [-1.04907, 46.17959], [-1.049, 46.17977], [-1.04881, 46.17996], [-1.04804, 46.18058], [-1.0473, 46.18116], [-1.04701, 46.18145], [-1.04693, 46.18162], [-1.04691, 46.18175], [-1.04693, 46.18219], [-1.04689, 46.18234], [-1.04674, 46.1826], [-1.0467, 46.18269], [-1.04636, 46.18303], [-1.0461, 46.18319], [-1.0459, 46.18329], [-1.04556, 46.18344], [-1.04504, 46.1836], [-1.04495, 46.18364], [-1.04478, 46.18375], [-1.04438, 46.18419], [-1.04403, 46.18444], [-1.04281, 46.18554], [-1.0421, 46.18618], [-1.04121, 46.18733], [-1.04084, 46.18768], [-1.04076, 46.18769], [-1.04047, 46.1878], [-1.04008, 46.18787], [-1.03805, 46.18809], [-1.03758, 46.18819], [-1.0369, 46.18838], [-1.03644, 46.18851], [-1.03613, 46.18856], [-1.03558, 46.1886], [-1.03513, 46.18867], [-1.03408, 46.18896], [-1.03333, 46.18908], [-1.03277, 46.18912], [-1.03223, 46.18917], [-1.03202, 46.18922], [-1.03175, 46.18931], [-1.03134, 46.18948], [-1.03062, 46.18969], [-1.03019, 46.18982], [-1.02866, 46.19032], [-1.02837, 46.19043], [-1.0278, 46.19073], [-1.0276, 46.19085], [-1.02745, 46.19091], [-1.02721, 46.19096], [-1.02689, 46.19097], [-1.02585, 46.191], [-1.02548, 46.19098], [-1.02492, 46.19091], [-1.02442, 46.19081], [-1.02425, 46.19074], [-1.02381, 46.19049], [-1.02342, 46.19023], [-1.02322, 46.19013], [-1.02246, 46.18987], [-1.02128, 46.1895], [-1.02069, 46.18933], [-1.02021, 46.18916], [-1.02006, 46.1891], [-1.01943, 46.18894], [-1.01919, 46.18891], [-1.01899, 46.18891], [-1.01842, 46.18896], [-1.0183, 46.18906], [-1.0175, 46.18942], [-1.01737, 46.18948], [-1.01698, 46.18975], [-1.01736, 46.18998], [-1.01746, 46.19006], [-1.01799, 46.19072], [-1.01827, 46.1912], [-1.01844, 46.1913], [-1.01852, 46.19134], [-1.01945, 46.1916], [-1.019966, 46.191746], [-1.019966, 46.191746], [-1.02034, 46.19182], [-1.02058, 46.1919], [-1.020737, 46.191994], [-1.021014, 46.19216], [-1.02124, 46.19229], [-1.02148, 46.19241], [-1.02204, 46.19263], [-1.02219, 46.19271], [-1.022253, 46.19279], [-1.022262, 46.19287], [-1.022251, 46.193066], [-1.022272, 46.19322], [-1.02233, 46.19343], [-1.022447, 46.19381], [-1.022594, 46.194283], [-1.022594, 46.194283], [-1.02279, 46.19452], [-1.02296, 46.1948], [-1.02319, 46.19514], [-1.02342, 46.19539], [-1.02375, 46.19563], [-1.02448, 46.19602], [-1.02504, 46.19629], [-1.02563, 46.19662], [-1.02587, 46.19685], [-1.02589, 46.19691], [-1.02596, 46.19703], [-1.02601, 46.19728], [-1.02604, 46.19744], [-1.02606, 46.19756], [-1.02618, 46.19782], [-1.02648, 46.19824], [-1.02678, 46.19857], [-1.02708, 46.19886], [-1.02751, 46.19921], [-1.02792, 46.19948], [-1.02837, 46.19972], [-1.02901, 46.20003], [-1.0291, 46.2001], [-1.02946, 46.20025], [-1.02956, 46.20033], [-1.02981, 46.20051], [-1.0299, 46.20058], [-1.03029, 46.20084], [-1.03062, 46.20105], [-1.03126, 46.2014], [-1.03134, 46.20152], [-1.03138, 46.20164], [-1.03138, 46.20166], [-1.03138, 46.20167], [-1.03138, 46.20169], [-1.03131, 46.20174], [-1.03019, 46.20209], [-1.02903, 46.20242], [-1.02873, 46.2025], [-1.0285, 46.20254], [-1.02834, 46.20252], [-1.02819, 46.20245], [-1.02813, 46.20234], [-1.02801, 46.20226], [-1.02793, 46.20203], [-1.02794, 46.20194], [-1.0281, 46.20167], [-1.02835, 46.2014], [-1.02852, 46.20125], [-1.02873, 46.2011], [-1.02913, 46.20087], [-1.02945, 46.20074], [-1.02988, 46.20061], [-1.02989, 46.20061], [-1.02993, 46.20055], [-1.03019, 46.20048], [-1.0306, 46.20039], [-1.03124, 46.20025], [-1.0324, 46.20003], [-1.03292, 46.19995], [-1.03407, 46.19979], [-1.03502, 46.19969], [-1.03649, 46.19957], [-1.0379, 46.19945], [-1.03894, 46.19932], [-1.03992, 46.19915], [-1.04108, 46.1989], [-1.04146, 46.1988], [-1.04447, 46.19792], [-1.0453, 46.1977], [-1.04569, 46.19761], [-1.04584, 46.19763], [-1.04655, 46.19752], [-1.04718, 46.19745], [-1.0476, 46.19743], [-1.04827, 46.19746], [-1.04999, 46.19761], [-1.05062, 46.19765], [-1.05076, 46.19762], [-1.05064, 46.19741], [-1.0506, 46.19718], [-1.05062, 46.19698], [-1.05067, 46.19685], [-1.05075, 46.19667], [-1.05083, 46.19657], [-1.05102, 46.19639], [-1.05135, 46.19617], [-1.05147, 46.19608], [-1.05182, 46.19584], [-1.05206, 46.19568], [-1.05209, 46.19566], [-1.05214, 46.19561], [-1.05241, 46.1955], [-1.05358, 46.19514], [-1.05384, 46.19506], [-1.05417, 46.19508], [-1.05446, 46.19511], [-1.05475, 46.19511], [-1.05501, 46.19504], [-1.05557, 46.19465], [-1.0561, 46.19418], [-1.05652, 46.19386], [-1.05745, 46.1931], [-1.05848, 46.19229], [-1.05907, 46.19178], [-1.05983, 46.19117], [-1.06141, 46.18992], [-1.06177, 46.18962], [-1.06241, 46.18909], [-1.06239, 46.18909], [-1.06233, 46.18908], [-1.06226, 46.18908], [-1.06204, 46.18913], [-1.06124, 46.18934], [-1.06077, 46.18942], [-1.06, 46.1895], [-1.05952, 46.1896], [-1.05928, 46.18969], [-1.05905, 46.1898], [-1.05894, 46.18969], [-1.05844, 46.18903], [-1.0582, 46.18904], [-1.05812, 46.18903], [-1.05809, 46.189], [-1.058005, 46.188663]]}}, {"type": "Feature", "properties": {"route_short_name": "245", "route_long_name": "Coll\u00e8ge M. Chagall <> Sainte-Soulle via Belle Croix (renfort)", "shape_id": "CA_LA_ROCHELLE:JourneyPattern:245_7D91779C7859EE28FF703C0F3BF408FF", "n_points": 276, "n_shape_variants_in_source": 2}, "geometry": {"type": "LineString", "coordinates": [[-1.026408, 46.203262], [-1.02704, 46.20303], [-1.0272, 46.20295], [-1.02735, 46.20286], [-1.0275, 46.20283], [-1.02778, 46.20284], [-1.02798, 46.20278], [-1.02814, 46.20266], [-1.02826, 46.20261], [-1.02841, 46.20258], [-1.02883, 46.20255], [-1.02917, 46.20249], [-1.03007, 46.20221], [-1.03128, 46.20184], [-1.03152, 46.20175], [-1.03159, 46.20173], [-1.03162, 46.20167], [-1.0316, 46.20162], [-1.03154, 46.20158], [-1.0314, 46.2015], [-1.03126, 46.2014], [-1.03099, 46.20126], [-1.03044, 46.20094], [-1.0301, 46.20071], [-1.02974, 46.20046], [-1.02946, 46.20025], [-1.02916, 46.20005], [-1.02848, 46.19973], [-1.028, 46.19948], [-1.02736, 46.19908], [-1.02708, 46.19886], [-1.02678, 46.19857], [-1.02637, 46.1981], [-1.02618, 46.19782], [-1.02606, 46.19756], [-1.02601, 46.19728], [-1.02596, 46.19703], [-1.02589, 46.19691], [-1.02587, 46.19685], [-1.02563, 46.19662], [-1.02504, 46.19629], [-1.02414, 46.19584], [-1.02356, 46.1955], [-1.02342, 46.19539], [-1.02319, 46.19514], [-1.02296, 46.1948], [-1.02279, 46.19452], [-1.022669, 46.19417], [-1.02243, 46.19364], [-1.02236, 46.19338], [-1.022289, 46.193104], [-1.022287, 46.192837], [-1.02224, 46.19274], [-1.022159, 46.19267], [-1.021591, 46.192432], [-1.021237, 46.19226], [-1.020954, 46.192097], [-1.020652, 46.191875], [-1.02018, 46.19177], [-1.01945, 46.1916], [-1.01852, 46.19134], [-1.01844, 46.1913], [-1.01827, 46.1912], [-1.01799, 46.19072], [-1.01746, 46.19006], [-1.01736, 46.18998], [-1.01698, 46.18975], [-1.01737, 46.18948], [-1.0175, 46.18942], [-1.01815, 46.18913], [-1.0183, 46.18906], [-1.01842, 46.18896], [-1.01899, 46.18891], [-1.01919, 46.18891], [-1.01943, 46.18894], [-1.02006, 46.1891], [-1.02021, 46.18916], [-1.02069, 46.18933], [-1.02128, 46.1895], [-1.02199, 46.1897], [-1.02246, 46.18987], [-1.02322, 46.19013], [-1.02342, 46.19023], [-1.02381, 46.19049], [-1.02425, 46.19074], [-1.02442, 46.19081], [-1.02492, 46.19091], [-1.02548, 46.19098], [-1.02585, 46.191], [-1.02689, 46.19097], [-1.02721, 46.19096], [-1.02745, 46.19091], [-1.0276, 46.19085], [-1.0278, 46.19073], [-1.02837, 46.19043], [-1.02866, 46.19032], [-1.03019, 46.18982], [-1.03062, 46.18969], [-1.03134, 46.18948], [-1.03175, 46.18931], [-1.03202, 46.18922], [-1.03223, 46.18917], [-1.03277, 46.18912], [-1.03333, 46.18908], [-1.03408, 46.18896], [-1.03513, 46.18867], [-1.03558, 46.1886], [-1.03613, 46.18856], [-1.03644, 46.18851], [-1.0369, 46.18838], [-1.03758, 46.18819], [-1.03805, 46.18809], [-1.03834, 46.18806], [-1.03862, 46.18802], [-1.04008, 46.18787], [-1.04047, 46.1878], [-1.04076, 46.18769], [-1.04084, 46.18768], [-1.04121, 46.18733], [-1.0421, 46.18618], [-1.04403, 46.18444], [-1.04438, 46.18419], [-1.04478, 46.18375], [-1.04495, 46.18364], [-1.04504, 46.1836], [-1.04556, 46.18344], [-1.0459, 46.18329], [-1.0461, 46.18319], [-1.04636, 46.18303], [-1.0467, 46.18269], [-1.04674, 46.1826], [-1.04689, 46.18234], [-1.04693, 46.18219], [-1.04691, 46.18175], [-1.04693, 46.18162], [-1.04701, 46.18145], [-1.0473, 46.18116], [-1.04804, 46.18058], [-1.048791, 46.180035], [-1.04917, 46.17963], [-1.04928, 46.17959], [-1.0493, 46.17956], [-1.04931, 46.17953], [-1.04931, 46.17951], [-1.04953, 46.17935], [-1.05055, 46.17906], [-1.0517, 46.17885], [-1.05273, 46.17865], [-1.05326, 46.17852], [-1.05376, 46.17838], [-1.05497, 46.17805], [-1.05506, 46.17802], [-1.05584, 46.17781], [-1.05737, 46.17744], [-1.05777, 46.17736], [-1.06015, 46.17696], [-1.06236, 46.17659], [-1.06379, 46.1764], [-1.06422, 46.17634], [-1.06444, 46.17626], [-1.06459, 46.17617], [-1.06524, 46.17571], [-1.06532, 46.17562], [-1.06535, 46.17551], [-1.06535, 46.1754], [-1.06523, 46.17518], [-1.06524, 46.17512], [-1.06526, 46.17507], [-1.06532, 46.17499], [-1.06541, 46.17496], [-1.06555, 46.17486], [-1.06558, 46.17473], [-1.06553, 46.17464], [-1.06543, 46.17456], [-1.06534, 46.17453], [-1.06524, 46.17453], [-1.06514, 46.17454], [-1.06497, 46.17463], [-1.06493, 46.1747], [-1.06493, 46.17481], [-1.06498, 46.1749], [-1.06505, 46.17495], [-1.06513, 46.17501], [-1.06517, 46.1751], [-1.06528, 46.17526], [-1.063117, 46.176407], [-1.06535, 46.1754], [-1.06536, 46.17545], [-1.06532, 46.17562], [-1.06524, 46.17571], [-1.06507, 46.17584], [-1.06444, 46.17626], [-1.06416, 46.17636], [-1.06293, 46.1765], [-1.05777, 46.17736], [-1.05737, 46.17744], [-1.05584, 46.17781], [-1.05506, 46.17802], [-1.05497, 46.17805], [-1.05455, 46.17816], [-1.05336, 46.1785], [-1.05273, 46.17865], [-1.0517, 46.17885], [-1.05055, 46.17906], [-1.04933, 46.17941], [-1.04914, 46.17945], [-1.04908, 46.17946], [-1.04905, 46.17949], [-1.04904, 46.17953], [-1.04905, 46.17957], [-1.04914, 46.17962], [-1.04917, 46.17963], [-1.04927, 46.1796], [-1.04945, 46.17963], [-1.04993, 46.17979], [-1.0504, 46.17995], [-1.05157, 46.18034], [-1.05227, 46.18046], [-1.0531, 46.18062], [-1.05356, 46.18072], [-1.05436, 46.18094], [-1.05454, 46.18101], [-1.05487, 46.18121], [-1.05529, 46.18152], [-1.05568, 46.18187], [-1.05599, 46.1822], [-1.05614, 46.1823], [-1.0564, 46.18242], [-1.0565, 46.18247], [-1.05677, 46.18258], [-1.05724, 46.1828], [-1.05745, 46.18294], [-1.0576, 46.18309], [-1.0578, 46.18334], [-1.05802, 46.18367], [-1.05843, 46.18438], [-1.05859, 46.1846], [-1.0595, 46.18529], [-1.05987, 46.18557], [-1.05992, 46.18563], [-1.05995, 46.18568], [-1.05998, 46.18575], [-1.05998, 46.18577], [-1.05999, 46.18579], [-1.06006, 46.18584], [-1.06009, 46.18585], [-1.06011, 46.18585], [-1.06022, 46.1859], [-1.06043, 46.186], [-1.06097, 46.18637], [-1.0612, 46.18654], [-1.06156, 46.18681], [-1.06183, 46.18712], [-1.06202, 46.18739], [-1.06225, 46.18773], [-1.06249, 46.18823], [-1.06263, 46.18859], [-1.0627, 46.1887], [-1.06284, 46.18878], [-1.06241, 46.18909], [-1.06237, 46.18909], [-1.06223, 46.18908], [-1.06179, 46.1892], [-1.06114, 46.18936], [-1.06072, 46.18943], [-1.06018, 46.18948], [-1.05979, 46.18954], [-1.05942, 46.18964], [-1.05905, 46.1898], [-1.05877, 46.18949], [-1.05844, 46.18903], [-1.05823, 46.18904], [-1.05815, 46.18904], [-1.0581, 46.18902], [-1.05808, 46.18898], [-1.058005, 46.188663]]}}, {"type": "Feature", "properties": {"route_short_name": "246", "route_long_name": "Coll\u00e8ge M. Chagall <> V\u00e9rines via Sainte-Soulle", "shape_id": "CA_LA_ROCHELLE:JourneyPattern:246_003012C80DB8C0EBE12171DDEDC5D147", "n_points": 232, "n_shape_variants_in_source": 3}, "geometry": {"type": "LineString", "coordinates": [[-0.990202, 46.21036], [-0.99018, 46.21], [-0.99021, 46.20987], [-0.99038, 46.20925], [-0.99042, 46.20916], [-0.99052, 46.20911], [-0.99071, 46.20906], [-0.99102, 46.20903], [-0.99108, 46.20902], [-0.9913, 46.20853], [-0.99152, 46.20801], [-0.99173, 46.20748], [-0.99173, 46.20743], [-0.99162, 46.20732], [-0.99127, 46.20719], [-0.99065, 46.20697], [-0.990305, 46.206753], [-0.990305, 46.206753], [-0.98973, 46.20657], [-0.98952, 46.20647], [-0.98951, 46.20645], [-0.98948, 46.20641], [-0.98943, 46.20637], [-0.98931, 46.20634], [-0.98918, 46.20636], [-0.98909, 46.20641], [-0.98905, 46.20648], [-0.98908, 46.20657], [-0.98915, 46.20662], [-0.98919, 46.20664], [-0.98921, 46.20665], [-0.98927, 46.20684], [-0.98927, 46.20702], [-0.98917, 46.20729], [-0.98879, 46.20795], [-0.987969, 46.209316], [-0.9876, 46.21007], [-0.98747, 46.21042], [-0.98742, 46.21065], [-0.98741, 46.2109], [-0.98742, 46.21118], [-0.98749, 46.21146], [-0.98759, 46.21173], [-0.98795, 46.21236], [-0.98836, 46.213], [-0.98911, 46.21427], [-0.98928, 46.21456], [-0.98973, 46.21527], [-0.98985, 46.21537], [-0.99002, 46.21545], [-0.9902, 46.2155], [-0.99042, 46.21553], [-0.9906, 46.21552], [-0.99075, 46.21549], [-0.99088, 46.21543], [-0.99108, 46.21527], [-0.99118, 46.2151], [-0.99122, 46.21492], [-0.99116, 46.21466], [-0.991, 46.2143], [-0.99097, 46.21417], [-0.99099, 46.21408], [-0.99108, 46.214], [-0.9912, 46.21394], [-0.99165, 46.21381], [-0.99166, 46.2138], [-0.99169, 46.21375], [-0.9939, 46.21309], [-0.99434, 46.21297], [-0.99528, 46.21268], [-0.99815, 46.21183], [-0.9991, 46.21155], [-1.0004, 46.21116], [-1.00358, 46.21022], [-1.0087, 46.2087], [-1.01117, 46.20797], [-1.01388, 46.20716], [-1.01461, 46.20692], [-1.01577, 46.2065], [-1.01678, 46.2061], [-1.01813, 46.20551], [-1.02091, 46.20414], [-1.02383, 46.20271], [-1.02394, 46.20271], [-1.02409, 46.20264], [-1.02447, 46.20249], [-1.02476, 46.2024], [-1.02522, 46.2023], [-1.02591, 46.20222], [-1.02665, 46.20221], [-1.02686, 46.20222], [-1.02706, 46.20227], [-1.0272, 46.20237], [-1.02728, 46.20245], [-1.02727, 46.20249], [-1.02728, 46.20257], [-1.0273, 46.20264], [-1.02733, 46.20268], [-1.02731, 46.20276], [-1.02726, 46.2029], [-1.0272, 46.20295], [-1.02704, 46.20303], [-1.026686, 46.203136], [-1.026432, 46.20321], [-1.026285, 46.203247], [-1.026233, 46.203262], [-1.026207, 46.203167], [-1.026197, 46.203083], [-1.026212, 46.202873], [-1.026242, 46.20275], [-1.026313, 46.202682], [-1.026482, 46.20264], [-1.026529, 46.20256], [-1.026473, 46.2025], [-1.026286, 46.202522], [-1.026232, 46.20259], [-1.026219, 46.202663], [-1.026181, 46.20287], [-1.026169, 46.203114], [-1.026196, 46.20322], [-1.026228, 46.20328], [-1.026408, 46.203262], [-1.02704, 46.20303], [-1.0272, 46.20295], [-1.02735, 46.20286], [-1.0275, 46.20283], [-1.02778, 46.20284], [-1.02798, 46.20278], [-1.02814, 46.20266], [-1.02826, 46.20261], [-1.02841, 46.20258], [-1.02883, 46.20255], [-1.02917, 46.20249], [-1.03007, 46.20221], [-1.03128, 46.20184], [-1.03152, 46.20175], [-1.03159, 46.20173], [-1.03162, 46.20167], [-1.0316, 46.20162], [-1.03154, 46.20158], [-1.03146, 46.20159], [-1.03139, 46.20162], [-1.03138, 46.20168], [-1.03139, 46.2017], [-1.03131, 46.20174], [-1.03117, 46.2018], [-1.030397, 46.201977], [-1.0286, 46.20253], [-1.02841, 46.20253], [-1.02828, 46.20249], [-1.02819, 46.20245], [-1.02818, 46.20242], [-1.02815, 46.20237], [-1.02804, 46.20228], [-1.02801, 46.20226], [-1.02796, 46.20215], [-1.02793, 46.20206], [-1.02794, 46.20195], [-1.02799, 46.20184], [-1.02816, 46.20159], [-1.02846, 46.2013], [-1.02868, 46.20114], [-1.02893, 46.20098], [-1.0293, 46.2008], [-1.02976, 46.20064], [-1.02988, 46.20061], [-1.02993, 46.20055], [-1.03064, 46.20038], [-1.03203, 46.2001], [-1.03343, 46.19988], [-1.03468, 46.19972], [-1.03704, 46.19952], [-1.03808, 46.19943], [-1.03934, 46.19926], [-1.04052, 46.19903], [-1.04136, 46.19883], [-1.04319, 46.19829], [-1.04501, 46.19778], [-1.0454, 46.19768], [-1.04569, 46.19761], [-1.04583, 46.19763], [-1.04585, 46.19763], [-1.04642, 46.19753], [-1.04697, 46.19746], [-1.04742, 46.19743], [-1.04811, 46.19745], [-1.04992, 46.1976], [-1.05058, 46.19765], [-1.05076, 46.19762], [-1.05064, 46.19741], [-1.0506, 46.19728], [-1.05063, 46.19701], [-1.05066, 46.19687], [-1.05073, 46.1967], [-1.0508, 46.1966], [-1.05102, 46.19639], [-1.05178, 46.19587], [-1.05207, 46.19567], [-1.0521, 46.19565], [-1.05213, 46.19562], [-1.05214, 46.19561], [-1.05226, 46.19556], [-1.05255, 46.19545], [-1.05328, 46.19522], [-1.05384, 46.19506], [-1.05438, 46.1951], [-1.0547, 46.19512], [-1.05494, 46.19506], [-1.05508, 46.19499], [-1.05529, 46.19485], [-1.05557, 46.19465], [-1.05574, 46.19449], [-1.05643, 46.19393], [-1.05733, 46.1932], [-1.05827, 46.19245], [-1.05951, 46.19143], [-1.06113, 46.19014], [-1.06241, 46.18909], [-1.06229, 46.18908], [-1.06218, 46.18909], [-1.06151, 46.18927], [-1.0609, 46.1894], [-1.06018, 46.18948], [-1.05961, 46.18958], [-1.05942, 46.18964], [-1.05905, 46.1898], [-1.05877, 46.18949], [-1.05844, 46.18903], [-1.05823, 46.18904], [-1.05815, 46.18904], [-1.0581, 46.18902], [-1.058005, 46.188663]]}}, {"type": "Feature", "properties": {"route_short_name": "247", "route_long_name": "Coll\u00e8ge M. Chagall <> V\u00e9rines", "shape_id": "CA_LA_ROCHELLE:JourneyPattern:247_B3B6DC1AE11F47C7DFAA32A634E24106", "n_points": 334, "n_shape_variants_in_source": 4}, "geometry": {"type": "LineString", "coordinates": [[-1.058005, 46.188663], [-1.05777, 46.18844], [-1.05776, 46.18837], [-1.05779, 46.18829], [-1.05783, 46.18822], [-1.05783, 46.18816], [-1.05771, 46.18788], [-1.05755, 46.18753], [-1.05753, 46.1874], [-1.05758, 46.18728], [-1.05767, 46.18719], [-1.0577, 46.18713], [-1.05769, 46.18707], [-1.05828, 46.18712], [-1.05895, 46.18719], [-1.06008, 46.18748], [-1.06177, 46.18791], [-1.06203, 46.18797], [-1.06239, 46.18804], [-1.06243, 46.1881], [-1.06249, 46.18823], [-1.06263, 46.18859], [-1.06274, 46.18873], [-1.06284, 46.18878], [-1.06241, 46.18909], [-1.06113, 46.19014], [-1.05951, 46.19143], [-1.05827, 46.19245], [-1.05643, 46.19393], [-1.05574, 46.19449], [-1.05557, 46.19465], [-1.05529, 46.19485], [-1.05508, 46.19499], [-1.05494, 46.19506], [-1.0547, 46.19512], [-1.05438, 46.1951], [-1.05384, 46.19506], [-1.05328, 46.19522], [-1.05255, 46.19545], [-1.05241, 46.1955], [-1.05238, 46.19548], [-1.05234, 46.19547], [-1.05229, 46.19547], [-1.05188, 46.19561], [-1.04975, 46.19626], [-1.04823, 46.19672], [-1.04774, 46.19695], [-1.0474, 46.19708], [-1.04691, 46.1972], [-1.04683, 46.19727], [-1.04612, 46.1974], [-1.04513, 46.19762], [-1.04458, 46.19777], [-1.04331, 46.19813], [-1.0421, 46.19849], [-1.04115, 46.19876], [-1.03999, 46.19902], [-1.03913, 46.19917], [-1.03795, 46.19933], [-1.03492, 46.19958], [-1.03388, 46.19969], [-1.03257, 46.19988], [-1.03128, 46.20012], [-1.02956, 46.20051], [-1.0286, 46.20077], [-1.02798, 46.20095], [-1.02654, 46.20144], [-1.02559, 46.2018], [-1.02489, 46.20208], [-1.02397, 46.20251], [-1.02167, 46.20363], [-1.02073, 46.20411], [-1.01919, 46.20487], [-1.01817, 46.20537], [-1.01755, 46.20565], [-1.01638, 46.20613], [-1.01501, 46.20662], [-1.01351, 46.20708], [-1.01099, 46.20783], [-1.00484, 46.20965], [-0.99736, 46.21188], [-0.99258, 46.21329], [-0.99113, 46.21372], [-0.991, 46.21371], [-0.99077, 46.21375], [-0.99069, 46.21373], [-0.99061, 46.21368], [-0.99051, 46.21335], [-0.99047, 46.21325], [-0.99041, 46.2132], [-0.99025, 46.21318], [-0.98978, 46.21312], [-0.98874, 46.21301], [-0.98836, 46.213], [-0.98812, 46.21262], [-0.98771, 46.21195], [-0.98759, 46.21173], [-0.98749, 46.21146], [-0.98742, 46.21118], [-0.98741, 46.2109], [-0.98742, 46.21065], [-0.98747, 46.21042], [-0.98749, 46.21035], [-0.9876, 46.21007], [-0.98787, 46.20959], [-0.98859, 46.20831], [-0.98894, 46.2077], [-0.989, 46.20759], [-0.98917, 46.20729], [-0.98925, 46.20709], [-0.98931, 46.20697], [-0.98935, 46.20684], [-0.98936, 46.20665], [-0.98939, 46.20664], [-0.98941, 46.20663], [-0.98946, 46.2066], [-0.9895, 46.20655], [-0.98951, 46.20646], [-0.98944, 46.20638], [-0.98933, 46.20634], [-0.98926, 46.20634], [-0.98922, 46.20634], [-0.98895, 46.20615], [-0.98844, 46.20574], [-0.98723, 46.20483], [-0.98631, 46.20406], [-0.9844, 46.20246], [-0.98312, 46.20136], [-0.98253, 46.20086], [-0.98225, 46.20065], [-0.98108, 46.19985], [-0.98062, 46.19961], [-0.98044, 46.19954], [-0.97823, 46.19872], [-0.97782, 46.19856], [-0.97669, 46.19812], [-0.9759, 46.19778], [-0.97474, 46.19728], [-0.97318, 46.19659], [-0.9725, 46.19633], [-0.972211, 46.196194], [-0.971687, 46.196033], [-0.971099, 46.19583], [-0.970735, 46.195683], [-0.970595, 46.19561], [-0.970538, 46.195568], [-0.970516, 46.195534], [-0.970497, 46.195503], [-0.970463, 46.195484], [-0.96901, 46.19456], [-0.970297, 46.19542], [-0.969545, 46.19492], [-0.969023, 46.194546], [-0.968515, 46.194176], [-0.968122, 46.193882], [-0.967932, 46.19369], [-0.967849, 46.193604], [-0.967536, 46.193417], [-0.967313, 46.193214], [-0.967313, 46.193214], [-0.967234, 46.19318], [-0.967175, 46.193157], [-0.967107, 46.19315], [-0.965906, 46.192577], [-0.965647, 46.19243], [-0.965647, 46.19243], [-0.964804, 46.192047], [-0.964415, 46.191864], [-0.964338, 46.19181], [-0.964288, 46.19176], [-0.964202, 46.191666], [-0.964037, 46.19138], [-0.963754, 46.19086], [-0.963585, 46.190563], [-0.963394, 46.190273], [-0.962853, 46.189495], [-0.962653, 46.18923], [-0.962445, 46.188984], [-0.962055, 46.188538], [-0.961725, 46.18814], [-0.961627, 46.187996], [-0.961547, 46.18789], [-0.961307, 46.18736], [-0.961225, 46.187195], [-0.961141, 46.187077], [-0.960981, 46.186905], [-0.960728, 46.186573], [-0.960541, 46.186234], [-0.960437, 46.186043], [-0.960327, 46.18585], [-0.960245, 46.18574], [-0.960049, 46.18557], [-0.959788, 46.185417], [-0.95923, 46.18513], [-0.95907, 46.18503], [-0.95888, 46.1849], [-0.95857, 46.18461], [-0.9584, 46.18445], [-0.95799, 46.18402], [-0.95722, 46.18329], [-0.95712, 46.18317], [-0.957048, 46.182926], [-0.957125, 46.18264], [-0.957463, 46.182304], [-0.957727, 46.181995], [-0.95797, 46.18153], [-0.958149, 46.18072], [-0.958213, 46.18036], [-0.958221, 46.180225], [-0.958186, 46.180096], [-0.957957, 46.179554], [-0.957911, 46.17947], [-0.957878, 46.179432], [-0.957572, 46.17927], [-0.95703, 46.179016], [-0.95703, 46.179016], [-0.956579, 46.178898], [-0.956543, 46.17887], [-0.956517, 46.178844], [-0.956484, 46.178818], [-0.956474, 46.178787], [-0.956455, 46.178753], [-0.956406, 46.178726], [-0.956354, 46.178726], [-0.956183, 46.17873], [-0.956092, 46.17871], [-0.955714, 46.178658], [-0.955569, 46.178642], [-0.955437, 46.178658], [-0.955339, 46.178707], [-0.954819, 46.17896], [-0.954559, 46.179043], [-0.95413, 46.179134], [-0.95393, 46.179146], [-0.95373, 46.17914], [-0.953481, 46.179096], [-0.953244, 46.179047], [-0.952972, 46.178978], [-0.952373, 46.178802], [-0.952073, 46.178707], [-0.95178, 46.17861], [-0.95154, 46.17853], [-0.951025, 46.178307], [-0.951025, 46.178307], [-0.95014, 46.17806], [-0.95045, 46.17698], [-0.95048, 46.17685], [-0.9516, 46.17764], [-0.95188, 46.1778], [-0.95208, 46.17791], [-0.95231, 46.178], [-0.95275, 46.1781], [-0.95356, 46.17823], [-0.95426, 46.17829], [-0.95454, 46.17834], [-0.95509, 46.17851], [-0.9555, 46.17868], [-0.9557, 46.17869], [-0.95601, 46.17874], [-0.95615, 46.1788], [-0.95626, 46.17882], [-0.95626, 46.17883], [-0.95627, 46.17883], [-0.95628, 46.17885], [-0.95631, 46.17887], [-0.9564, 46.17887], [-0.95645, 46.17883], [-0.95647, 46.17879], [-0.95647, 46.17875], [-0.95654, 46.17872], [-0.95666, 46.17863], [-0.95713, 46.17834], [-0.95746, 46.17816], [-0.95778, 46.1783], [-0.95828, 46.17843], [-0.95905, 46.17859], [-0.95948, 46.17877], [-0.9597, 46.17887], [-0.95994, 46.17902], [-0.96063, 46.17949], [-0.96163, 46.18016], [-0.96179, 46.18026], [-0.96209, 46.18038], [-0.96274, 46.18053], [-0.96323, 46.1806], [-0.96348, 46.18064], [-0.96372, 46.18071], [-0.96462, 46.18105], [-0.96519, 46.18125], [-0.96585, 46.18139], [-0.96645, 46.18142], [-0.96713, 46.1814], [-0.96732, 46.18142], [-0.96777, 46.18146], [-0.9684, 46.18158], [-0.96865, 46.18165], [-0.96944, 46.18189], [-0.96983, 46.18197], [-0.97022, 46.18203], [-0.97097, 46.18208], [-0.97181, 46.18217], [-0.97258, 46.18237], [-0.97281, 46.18246], [-0.97283, 46.18258], [-0.97294, 46.18299], [-0.97305, 46.18325], [-0.97325, 46.18329], [-0.97388, 46.18351], [-0.97514, 46.18393], [-0.97563, 46.18428], [-0.97618, 46.18457], [-0.97646, 46.18469], [-0.97678, 46.18483], [-0.97714, 46.18496], [-0.97766, 46.18509], [-0.97798, 46.18518], [-0.97844, 46.18534], [-0.97869, 46.18539], [-0.97894, 46.1854], [-0.97917, 46.18536], [-0.97987, 46.18514], [-0.98026, 46.18508], [-0.98063, 46.18505], [-0.98088, 46.1851], [-0.98111, 46.18524], [-0.98142, 46.1854], [-0.98188, 46.18552], [-0.98222, 46.18558], [-0.98241, 46.18561], [-0.98297, 46.1856], [-0.98386, 46.18565], [-0.98471, 46.18575], [-0.98555, 46.18589], [-0.986152, 46.18603]]}}, {"type": "Feature", "properties": {"route_short_name": "251", "route_long_name": "Coll\u00e8ge F. Dolto <> Saint-Christophe via St-M\u00e9dard d'Aunis", "shape_id": "CA_LA_ROCHELLE:JourneyPattern:251_F5C268FD0CBF3EEA72F7E2308657C4B7", "n_points": 374, "n_shape_variants_in_source": 2}, "geometry": {"type": "LineString", "coordinates": [[-1.002091, 46.131523], [-1.002153, 46.131557], [-1.002169, 46.131607], [-1.002067, 46.13174], [-1.001984, 46.131794], [-1.001891, 46.131798], [-1.001408, 46.13163], [-1.000937, 46.13145], [-1.000781, 46.131393], [-1.000742, 46.13139], [-1.000702, 46.131397], [-1.000649, 46.131454], [-1.00052, 46.13161], [-1.00024, 46.13198], [-0.99974, 46.13261], [-0.99953, 46.13286], [-0.99951, 46.13286], [-0.99949, 46.13286], [-0.99944, 46.13286], [-0.99935, 46.1329], [-0.99932, 46.13297], [-0.99937, 46.13303], [-0.99946, 46.13306], [-0.99956, 46.13303], [-0.99959, 46.13301], [-1.00136, 46.13365], [-1.00278, 46.13414], [-1.00412, 46.13449], [-1.00531, 46.13479], [-1.00592, 46.13492], [-1.00852, 46.13536], [-1.00893, 46.13541], [-1.00909, 46.13545], [-1.00926, 46.13549], [-1.00933, 46.13554], [-1.00934, 46.13556], [-1.00935, 46.13559], [-1.00935, 46.13565], [-1.00932, 46.13574], [-1.00921, 46.13589], [-1.00918, 46.13596], [-1.00911, 46.13724], [-1.00912, 46.1374], [-1.00926, 46.13763], [-1.0094, 46.13779], [-1.0094, 46.13788], [-1.00938, 46.138], [-1.00888, 46.13888], [-1.00818, 46.14008], [-1.00811, 46.1402], [-1.00782, 46.14069], [-1.00774, 46.14092], [-1.00768, 46.14148], [-1.00768, 46.14159], [-1.00757, 46.14189], [-1.00725, 46.14261], [-1.00716, 46.14288], [-1.00714, 46.14313], [-1.00717, 46.14328], [-1.00727, 46.14352], [-1.0074, 46.14393], [-1.00742, 46.14422], [-1.00733, 46.14478], [-1.00726, 46.14508], [-1.00719, 46.14534], [-1.00717, 46.14556], [-1.00721, 46.14603], [-1.00725, 46.14741], [-1.00729, 46.14774], [-1.00735, 46.14798], [-1.00744, 46.14823], [-1.0079, 46.14932], [-1.00796, 46.14957], [-1.00795, 46.15011], [-1.00791, 46.15037], [-1.00784, 46.15065], [-1.0077, 46.15104], [-1.00758, 46.15136], [-1.00743, 46.15175], [-1.00739, 46.15204], [-1.0074, 46.1534], [-1.00743, 46.15438], [-1.00752, 46.155], [-1.00749, 46.15528], [-1.00744, 46.15549], [-1.00742, 46.15553], [-1.0073, 46.15574], [-1.00686, 46.1563], [-1.00659, 46.15662], [-1.00613, 46.15712], [-1.00586, 46.1574], [-1.00577, 46.15756], [-1.00548, 46.15815], [-1.00534, 46.15844], [-1.00525, 46.15866], [-1.00523, 46.15883], [-1.00525, 46.15909], [-1.00535, 46.15929], [-1.00557, 46.15952], [-1.00587, 46.15977], [-1.0061, 46.16001], [-1.00629, 46.16027], [-1.00671, 46.16085], [-1.00686, 46.16108], [-1.00698, 46.16136], [-1.007, 46.16171], [-1.00698, 46.16225], [-1.00688, 46.16275], [-1.00683, 46.1634], [-1.00679, 46.16502], [-1.00685, 46.16574], [-1.00685, 46.16608], [-1.0068, 46.16623], [-1.00675, 46.1663], [-1.00661, 46.16644], [-1.0063, 46.16671], [-1.00614, 46.16692], [-1.006, 46.16718], [-1.00597, 46.1673], [-1.0059, 46.16754], [-1.00566, 46.16861], [-1.00554, 46.16897], [-1.00527, 46.16941], [-1.00462, 46.17037], [-1.00434, 46.17078], [-1.00394, 46.17131], [-1.00388, 46.17141], [-1.00384, 46.17152], [-1.00357, 46.17155], [-1.003466, 46.1715], [-1.00301, 46.17163], [-1.00247, 46.17179], [-1.00224, 46.1719], [-1.00185, 46.17212], [-1.00076, 46.17288], [-1.00011, 46.17334], [-0.99982, 46.17351], [-0.99924, 46.17378], [-0.99884, 46.17391], [-0.9983, 46.17408], [-0.99738, 46.17436], [-0.99657, 46.17453], [-0.99492, 46.17478], [-0.99387, 46.17488], [-0.9925, 46.17494], [-0.98979, 46.17504], [-0.98876, 46.17515], [-0.98809, 46.17518], [-0.98679, 46.17516], [-0.98561, 46.17514], [-0.98497, 46.17517], [-0.98445, 46.17522], [-0.98394, 46.1753], [-0.9829, 46.17553], [-0.98214, 46.17563], [-0.98134, 46.17567], [-0.9796, 46.17571], [-0.97635, 46.17581], [-0.97526, 46.17586], [-0.97317, 46.17599], [-0.97103, 46.17611], [-0.97036, 46.17621], [-0.96794, 46.17667], [-0.96725, 46.17679], [-0.9657, 46.17687], [-0.96332, 46.17698], [-0.9615, 46.17705], [-0.96098, 46.17707], [-0.95994, 46.17714], [-0.95957, 46.17723], [-0.95909, 46.17743], [-0.95766, 46.17807], [-0.95725, 46.17827], [-0.9569, 46.17811], [-0.95626, 46.17781], [-0.956327, 46.177784], [-0.95626, 46.17781], [-0.95618, 46.17777], [-0.95574, 46.17753], [-0.95521, 46.17727], [-0.95455, 46.17703], [-0.95405, 46.17677], [-0.95381, 46.17652], [-0.9534, 46.17571], [-0.95332, 46.17544], [-0.95331, 46.17529], [-0.9534, 46.17483], [-0.95352, 46.17451], [-0.95362, 46.17432], [-0.95388, 46.17406], [-0.95402, 46.1739], [-0.95408, 46.17381], [-0.95412, 46.17369], [-0.95412, 46.17353], [-0.95403, 46.17328], [-0.95395, 46.17313], [-0.95371, 46.17272], [-0.95358, 46.17255], [-0.9532, 46.17232], [-0.95304, 46.17215], [-0.95299, 46.172], [-0.95299, 46.17188], [-0.95309, 46.17144], [-0.95313, 46.17126], [-0.9532, 46.17092], [-0.95323, 46.17067], [-0.95319, 46.17053], [-0.95311, 46.17039], [-0.95301, 46.17027], [-0.95239, 46.16979], [-0.95172, 46.16934], [-0.95137, 46.1691], [-0.95128, 46.16905], [-0.95112, 46.16892], [-0.95099, 46.16875], [-0.95095, 46.16866], [-0.95084, 46.16834], [-0.95082, 46.16819], [-0.95083, 46.1681], [-0.9507, 46.16806], [-0.94981, 46.16762], [-0.94885, 46.1672], [-0.94813, 46.16692], [-0.94777, 46.16681], [-0.947719, 46.166725], [-0.9476, 46.16675], [-0.94766, 46.16657], [-0.94768, 46.16628], [-0.94769, 46.16586], [-0.94774, 46.16528], [-0.94777, 46.1652], [-0.94789, 46.16498], [-0.94812, 46.1647], [-0.94823, 46.16459], [-0.9486, 46.16439], [-0.94977, 46.16373], [-0.95013, 46.16353], [-0.95034, 46.16342], [-0.95094, 46.1632], [-0.95105, 46.16313], [-0.95088, 46.16295], [-0.95022, 46.16204], [-0.94981, 46.16146], [-0.94979, 46.1614], [-0.94972, 46.16117], [-0.94975, 46.16078], [-0.94987, 46.16021], [-0.95006, 46.15944], [-0.95016, 46.15886], [-0.950141, 46.158726], [-0.950141, 46.158726], [-0.95006, 46.15822], [-0.95, 46.1576], [-0.94997, 46.15688], [-0.94994, 46.15603], [-0.949862, 46.155987], [-0.949725, 46.155964], [-0.949473, 46.155865], [-0.949221, 46.155735], [-0.948514, 46.155373], [-0.948268, 46.155254], [-0.947396, 46.154846], [-0.947033, 46.154705], [-0.94666, 46.154583], [-0.946167, 46.154453], [-0.945754, 46.154358], [-0.94437, 46.154015], [-0.943631, 46.15388], [-0.942728, 46.15373], [-0.94229, 46.15365], [-0.941467, 46.15342], [-0.941194, 46.153362], [-0.94104, 46.15334], [-0.940885, 46.15332], [-0.940291, 46.15332], [-0.939848, 46.15334], [-0.939303, 46.153385], [-0.938569, 46.15346], [-0.936788, 46.153633], [-0.93597, 46.153706], [-0.934833, 46.153767], [-0.934247, 46.153797], [-0.933999, 46.15382], [-0.933516, 46.153847], [-0.932853, 46.15387], [-0.932778, 46.15384], [-0.932753, 46.15378], [-0.93275, 46.1537], [-0.93274, 46.15358], [-0.932719, 46.15346], [-0.93238, 46.1525], [-0.93235, 46.15236], [-0.93239, 46.15216], [-0.93258, 46.15169], [-0.93262, 46.15156], [-0.93263, 46.1515], [-0.93272, 46.15147], [-0.93287, 46.15143], [-0.9331, 46.15134], [-0.93339, 46.15121], [-0.93427, 46.15074], [-0.93521, 46.15032], [-0.93595, 46.15004], [-0.93609, 46.14989], [-0.93615, 46.14972], [-0.93624, 46.14826], [-0.93627, 46.14801], [-0.9363, 46.1479], [-0.93637, 46.14784], [-0.93652, 46.14778], [-0.93664, 46.14777], [-0.93685, 46.14781], [-0.93804, 46.14807], [-0.93832, 46.1481], [-0.93923, 46.1481], [-0.93951, 46.14809], [-0.94005, 46.14804], [-0.94055, 46.14796], [-0.94115, 46.14785], [-0.941755, 46.147762], [-0.941755, 46.147762], [-0.9425, 46.14767], [-0.94317, 46.14764], [-0.94357, 46.14757], [-0.94378, 46.14749], [-0.94469, 46.14707], [-0.94504, 46.14689], [-0.94535, 46.14667], [-0.94548, 46.14656], [-0.94561, 46.14638], [-0.94566, 46.14619], [-0.94569, 46.14596], [-0.94573, 46.14583], [-0.94591, 46.14529], [-0.94768, 46.14551], [-0.94871, 46.14566], [-0.94887, 46.14542], [-0.94898, 46.1453], [-0.94912, 46.14515], [-0.94952, 46.14469], [-0.94966, 46.14455], [-0.94984, 46.1444], [-0.95003, 46.14432], [-0.95096, 46.14405], [-0.95137, 46.14391], [-0.95196, 46.14365], [-0.95217, 46.1435], [-0.95266, 46.14319], [-0.95404, 46.14238], [-0.955697, 46.141335], [-0.95601, 46.14112], [-0.95664, 46.14079], [-0.95681, 46.14072], [-0.957, 46.14069], [-0.95723, 46.14069], [-0.95753, 46.14077], [-0.95785, 46.1409], [-0.95839, 46.14111], [-0.95855, 46.14113], [-0.9589, 46.14111], [-0.95952, 46.14107], [-0.95977, 46.1411], [-0.95994, 46.14116], [-0.96053, 46.14161], [-0.96081, 46.14179], [-0.96116, 46.14193], [-0.96155, 46.14206], [-0.96191, 46.14213], [-0.9637, 46.14224], [-0.96508, 46.14229], [-0.96556, 46.1423], [-0.96601, 46.14225], [-0.96667, 46.14216], [-0.96695, 46.14208]]}}, {"type": "Feature", "properties": {"route_short_name": "252", "route_long_name": "Coll\u00e8ge F. Dolto <> Montroy via Clavette", "shape_id": "CA_LA_ROCHELLE:JourneyPattern:252_1454D69DC41E88C3890085B711689F04", "n_points": 334, "n_shape_variants_in_source": 4}, "geometry": {"type": "LineString", "coordinates": [[-1.002091, 46.131523], [-1.002177, 46.13157], [-1.002193, 46.131634], [-1.002122, 46.13172], [-1.002016, 46.13181], [-1.001953, 46.131824], [-1.001897, 46.13182], [-1.000816, 46.131447], [-1.000762, 46.13144], [-1.000701, 46.131443], [-1.000655, 46.131466], [-1.00052, 46.13161], [-1.00024, 46.13198], [-0.99974, 46.13261], [-0.99953, 46.13286], [-0.99951, 46.13286], [-0.99949, 46.13286], [-0.99944, 46.13286], [-0.99935, 46.1329], [-0.99932, 46.13297], [-0.99937, 46.13303], [-0.99946, 46.13306], [-0.99956, 46.13303], [-0.99959, 46.13301], [-1.00136, 46.13365], [-1.00278, 46.13414], [-1.00412, 46.13449], [-1.00531, 46.13479], [-1.00592, 46.13492], [-1.00852, 46.13536], [-1.00893, 46.13541], [-1.00909, 46.13545], [-1.00926, 46.13549], [-1.00933, 46.13554], [-1.00934, 46.13556], [-1.00937, 46.13561], [-1.00944, 46.13564], [-1.00955, 46.13563], [-1.00958, 46.13561], [-1.00976, 46.13561], [-1.00992, 46.13562], [-1.01056, 46.13574], [-1.01357, 46.13621], [-1.014544, 46.136402], [-1.015792, 46.1366], [-1.017016, 46.136806], [-1.017971, 46.136955], [-1.018959, 46.137104], [-1.019771, 46.137257], [-1.020538, 46.137424], [-1.021806, 46.13776], [-1.02232, 46.137897], [-1.022805, 46.138035], [-1.022892, 46.138065], [-1.022935, 46.138092], [-1.022965, 46.13811], [-1.023016, 46.138126], [-1.023072, 46.13812], [-1.02313, 46.138115], [-1.023408, 46.138187], [-1.024073, 46.13835], [-1.024762, 46.138504], [-1.025633, 46.138687], [-1.0265, 46.138863], [-1.026628, 46.13888], [-1.026709, 46.138885], [-1.026984, 46.138935], [-1.027019, 46.138958], [-1.027093, 46.138985], [-1.027188, 46.139008], [-1.027188, 46.139008], [-1.027288, 46.139008], [-1.027367, 46.139008], [-1.02775, 46.13908], [-1.027934, 46.139122], [-1.028539, 46.139256], [-1.029538, 46.13947], [-1.030578, 46.1397], [-1.032061, 46.14003], [-1.032417, 46.140114], [-1.032707, 46.140205], [-1.03313, 46.140373], [-1.03313, 46.140373], [-1.03402, 46.14072], [-1.0347, 46.14101], [-1.03546, 46.14134], [-1.03967, 46.14318], [-1.04129, 46.144], [-1.04214, 46.14445], [-1.04232, 46.14458], [-1.04272, 46.1448], [-1.04337, 46.14516], [-1.04413, 46.14557], [-1.0454, 46.14621], [-1.04595, 46.14648], [-1.04614, 46.14655], [-1.04728, 46.14706], [-1.04777, 46.14726], [-1.04936, 46.14787], [-1.05278, 46.14916], [-1.05392, 46.14959], [-1.05552, 46.15019], [-1.05808, 46.1511], [-1.05859, 46.15128], [-1.06039, 46.15192], [-1.0625, 46.15275], [-1.06293, 46.15292], [-1.06344, 46.15311], [-1.06424, 46.15341], [-1.06425, 46.15344], [-1.06427, 46.15346], [-1.06444, 46.15358], [-1.06445, 46.15363], [-1.06448, 46.15368], [-1.06437, 46.15382], [-1.06435, 46.15387], [-1.06435, 46.15389], [-1.0643, 46.15391], [-1.06418, 46.15392], [-1.06403, 46.15391], [-1.06352, 46.15381], [-1.06328, 46.15379], [-1.06306, 46.15381], [-1.06166, 46.15409], [-1.05851, 46.15483], [-1.05701, 46.15506], [-1.05523, 46.1553], [-1.05395, 46.15545], [-1.05344, 46.15552], [-1.05208, 46.15578], [-1.05156, 46.15594], [-1.05078, 46.15622], [-1.04986, 46.15655], [-1.04918, 46.15672], [-1.04867, 46.15685], [-1.04795, 46.15711], [-1.04473, 46.15828], [-1.0445, 46.15837], [-1.04266, 46.15897], [-1.04124, 46.15942], [-1.04102, 46.15951], [-1.04061, 46.15973], [-1.03998, 46.16005], [-1.03943, 46.16028], [-1.03888, 46.1606], [-1.0379, 46.16141], [-1.03773, 46.16154], [-1.03733, 46.16179], [-1.03557, 46.16261], [-1.03534, 46.16269], [-1.03331, 46.16335], [-1.03164, 46.16387], [-1.03043, 46.16428], [-1.02923, 46.16471], [-1.02865, 46.16493], [-1.02837, 46.16495], [-1.02796, 46.16484], [-1.0275, 46.16466], [-1.027394, 46.164562], [-1.027394, 46.164562], [-1.02655, 46.16422], [-1.02614, 46.16401], [-1.02568, 46.16375], [-1.02533, 46.16349], [-1.02484, 46.16315], [-1.02456, 46.16301], [-1.02373, 46.1627], [-1.02256, 46.16235], [-1.021794, 46.162018], [-1.020899, 46.161762], [-1.020607, 46.161655], [-1.020465, 46.1616], [-1.020337, 46.161533], [-1.02019, 46.161453], [-1.020055, 46.161373], [-1.019463, 46.16095], [-1.019158, 46.160732], [-1.018853, 46.16053], [-1.018608, 46.160374], [-1.018371, 46.160225], [-1.017877, 46.159935], [-1.017402, 46.159637], [-1.017196, 46.1595], [-1.016993, 46.15936], [-1.016657, 46.159107], [-1.016488, 46.158985], [-1.01633, 46.15886], [-1.016223, 46.158764], [-1.016129, 46.15867], [-1.015932, 46.158436], [-1.015744, 46.1582], [-1.015447, 46.157833], [-1.015121, 46.157448], [-1.014955, 46.157303], [-1.01469, 46.15713], [-1.01426, 46.1569], [-1.014025, 46.15675], [-1.013827, 46.15662], [-1.013643, 46.15649], [-1.013517, 46.15638], [-1.013417, 46.15627], [-1.013341, 46.156166], [-1.013281, 46.15607], [-1.013245, 46.156017], [-1.013185, 46.155964], [-1.0131, 46.155922], [-1.012969, 46.155827], [-1.012757, 46.15583], [-1.012398, 46.15575], [-1.012315, 46.155724], [-1.012249, 46.15569], [-1.011978, 46.155617], [-1.011903, 46.15561], [-1.01174, 46.155556], [-1.011599, 46.1555], [-1.011258, 46.155403], [-1.011173, 46.155403], [-1.010877, 46.155315], [-1.010757, 46.15526], [-1.010459, 46.155163], [-1.010167, 46.155087], [-1.009965, 46.15503], [-1.009735, 46.15498], [-1.00947, 46.154938], [-1.009263, 46.15489], [-1.009138, 46.15485], [-1.009015, 46.154774], [-1.008834, 46.154648], [-1.008653, 46.154533], [-1.008523, 46.15445], [-1.008443, 46.154404], [-1.00835, 46.154377], [-1.008243, 46.154366], [-1.007674, 46.15436], [-1.007519, 46.154346], [-1.007368, 46.154346], [-1.007278, 46.15436], [-1.007112, 46.15438], [-1.00575, 46.1544], [-1.00467, 46.154415], [-1.004389, 46.15444], [-1.004107, 46.154495], [-1.00373, 46.15459], [-1.002955, 46.15481], [-1.002175, 46.155033], [-1.001686, 46.155167], [-1.00121, 46.15528], [-1.000737, 46.15538], [-1.000189, 46.15548], [-0.99913, 46.15568], [-0.99856, 46.15575], [-0.997305, 46.155876], [-0.997068, 46.155895], [-0.996711, 46.155937], [-0.99637, 46.15598], [-0.996084, 46.156025], [-0.99459, 46.15638], [-0.99349, 46.15665], [-0.992931, 46.156784], [-0.99237, 46.1569], [-0.99213, 46.15694], [-0.9918, 46.15697], [-0.99137, 46.15696], [-0.990711, 46.1569], [-0.990529, 46.15689], [-0.990373, 46.156883], [-0.990041, 46.156887], [-0.98977, 46.15691], [-0.98937, 46.15695], [-0.98889, 46.157], [-0.988761, 46.157], [-0.98863, 46.15699], [-0.98849, 46.156956], [-0.988353, 46.15691], [-0.988231, 46.156864], [-0.988147, 46.156815], [-0.988053, 46.15675], [-0.987914, 46.156605], [-0.987773, 46.156467], [-0.98766, 46.15637], [-0.98756, 46.15631], [-0.987466, 46.156273], [-0.98739, 46.15626], [-0.98732, 46.15627], [-0.987011, 46.1563], [-0.987011, 46.1563], [-0.986283, 46.15655], [-0.985872, 46.156654], [-0.985499, 46.156742], [-0.985194, 46.156815], [-0.984994, 46.15687], [-0.984777, 46.15695], [-0.984554, 46.157047], [-0.984303, 46.157158], [-0.983949, 46.15734], [-0.98342, 46.157627], [-0.98292, 46.15792], [-0.98211, 46.15832], [-0.98173, 46.15852], [-0.98145, 46.1587], [-0.981211, 46.15887], [-0.980997, 46.15904], [-0.980849, 46.15915], [-0.980696, 46.15921], [-0.980507, 46.159256], [-0.980355, 46.159275], [-0.980185, 46.15927], [-0.979936, 46.159214], [-0.979378, 46.15907], [-0.979077, 46.158997], [-0.978779, 46.158943], [-0.978348, 46.158894], [-0.977938, 46.15884], [-0.977155, 46.158756], [-0.976377, 46.158634], [-0.976138, 46.158638], [-0.975993, 46.158627], [-0.97585, 46.158623], [-0.975465, 46.158634], [-0.975367, 46.158653], [-0.975087, 46.15866], [-0.9749, 46.158665], [-0.974655, 46.158672], [-0.97442, 46.15867], [-0.97401, 46.15863], [-0.973551, 46.158573], [-0.973321, 46.158535], [-0.97309, 46.158512], [-0.9728, 46.158497], [-0.972525, 46.15848], [-0.971916, 46.15846], [-0.971543, 46.15843], [-0.971189, 46.1584], [-0.970952, 46.15835]]}}, {"type": "Feature", "properties": {"route_short_name": "253", "route_long_name": "Coll\u00e8ge F. Dolto <> Croix-Chapeau", "shape_id": "CA_LA_ROCHELLE:JourneyPattern:253_E08FA3E8321F42A7A967E877C694247B", "n_points": 202, "n_shape_variants_in_source": 2}, "geometry": {"type": "LineString", "coordinates": [[-0.997838, 46.10745], [-0.99887, 46.10767], [-1.00238, 46.10864], [-1.00332, 46.1089], [-1.00461, 46.10912], [-1.00619, 46.10939], [-1.006575, 46.109505], [-1.006575, 46.109505], [-1.006885, 46.10955], [-1.00717, 46.10963], [-1.0074, 46.1097], [-1.007566, 46.109764], [-1.007703, 46.109818], [-1.008017, 46.109974], [-1.00828, 46.11011], [-1.008511, 46.110207], [-1.008626, 46.110252], [-1.008754, 46.110294], [-1.009227, 46.110424], [-1.009475, 46.110497], [-1.009704, 46.110573], [-1.009892, 46.11064], [-1.01008, 46.11072], [-1.010354, 46.110863], [-1.01062, 46.11102], [-1.010888, 46.11123], [-1.010888, 46.11123], [-1.01196, 46.11193], [-1.012719, 46.11247], [-1.013076, 46.112755], [-1.013253, 46.112904], [-1.01344, 46.11304], [-1.013674, 46.113194], [-1.013916, 46.11334], [-1.014644, 46.113758], [-1.015391, 46.11418], [-1.015966, 46.1145], [-1.016256, 46.114655], [-1.016554, 46.114803], [-1.016808, 46.11494], [-1.01708, 46.115063], [-1.017407, 46.115196], [-1.017735, 46.115314], [-1.018228, 46.115505], [-1.018702, 46.115715], [-1.018702, 46.115715], [-1.020435, 46.116325], [-1.021292, 46.116646], [-1.021721, 46.11681], [-1.021935, 46.116882], [-1.022149, 46.11696], [-1.02257, 46.11713], [-1.022999, 46.117287], [-1.02343, 46.11745], [-1.023858, 46.117603], [-1.023858, 46.117603], [-1.0243, 46.11772], [-1.02475, 46.11785], [-1.02481, 46.11789], [-1.02493, 46.11794], [-1.02501, 46.11798], [-1.02502, 46.11799], [-1.02502, 46.11801], [-1.02505, 46.11804], [-1.02509, 46.11806], [-1.02519, 46.11807], [-1.02528, 46.11806], [-1.02556, 46.1181], [-1.02636, 46.1183], [-1.02679, 46.1184], [-1.02683, 46.1184], [-1.02818, 46.11873], [-1.02962, 46.1191], [-1.03537, 46.12056], [-1.03724, 46.12104], [-1.03854, 46.12137], [-1.03913, 46.12151], [-1.04001, 46.12173], [-1.04004, 46.12176], [-1.04098, 46.12203], [-1.04165, 46.1222], [-1.04309, 46.12254], [-1.04315, 46.12254], [-1.04517, 46.12305], [-1.04695, 46.12351], [-1.04886, 46.12399], [-1.05544, 46.12566], [-1.06385, 46.1278], [-1.0655, 46.12823], [-1.06609, 46.12838], [-1.06627, 46.12844], [-1.06703, 46.12865], [-1.068319, 46.12898], [-1.068373, 46.129032], [-1.06836, 46.129112], [-1.06826, 46.12921], [-1.06809, 46.12934], [-1.06789, 46.12944], [-1.06757, 46.12956], [-1.067008, 46.1297], [-1.066649, 46.12976], [-1.066141, 46.129837], [-1.065489, 46.129986], [-1.06435, 46.130283], [-1.063561, 46.13048], [-1.062947, 46.1306], [-1.06162, 46.13079], [-1.06144, 46.13079], [-1.05952, 46.13083], [-1.05791, 46.13082], [-1.05679, 46.13077], [-1.05576, 46.13068], [-1.05546, 46.13068], [-1.05506, 46.13075], [-1.0548, 46.13082], [-1.0543, 46.131], [-1.05366, 46.13127], [-1.05278, 46.13164], [-1.05253, 46.13175], [-1.05209, 46.1319], [-1.05176, 46.13199], [-1.05138, 46.13205], [-1.05083, 46.13202], [-1.05008, 46.13189], [-1.04914, 46.13172], [-1.04856, 46.13167], [-1.0481, 46.13166], [-1.04641, 46.13171], [-1.04568, 46.13175], [-1.04541, 46.13177], [-1.0441, 46.13187], [-1.044041, 46.131817], [-1.0429, 46.13197], [-1.04111, 46.13217], [-1.03851, 46.13245], [-1.03833, 46.13245], [-1.03811, 46.13244], [-1.03796, 46.13242], [-1.03716, 46.13218], [-1.03689, 46.13212], [-1.03537, 46.1318], [-1.03363, 46.13145], [-1.03087, 46.13091], [-1.02975, 46.13085], [-1.02842, 46.13076], [-1.02563, 46.13087], [-1.02512, 46.13087], [-1.02269, 46.13048], [-1.02247, 46.13042], [-1.02197, 46.13019], [-1.02053, 46.12939], [-1.02025, 46.12926], [-1.02012, 46.12921], [-1.01909, 46.12897], [-1.01889, 46.12915], [-1.01822, 46.12966], [-1.01716, 46.13046], [-1.01654, 46.13082], [-1.01639, 46.1309], [-1.01603, 46.13111], [-1.0153, 46.13147], [-1.01464, 46.13186], [-1.01413, 46.13214], [-1.01365, 46.13237], [-1.0132, 46.13263], [-1.01302, 46.13272], [-1.01285, 46.13275], [-1.01285, 46.13278], [-1.01281, 46.13287], [-1.01275, 46.13294], [-1.01209, 46.1334], [-1.01197, 46.13348], [-1.01107, 46.13409], [-1.01075, 46.13434], [-1.01014, 46.13487], [-1.00971, 46.13527], [-1.00946, 46.13544], [-1.00943, 46.13544], [-1.00938, 46.13546], [-1.00922, 46.13546], [-1.00905, 46.13544], [-1.00834, 46.13533], [-1.00586, 46.13491], [-1.00492, 46.13469], [-1.00388, 46.13442], [-1.00289, 46.13417], [-1.00245, 46.13403], [-1.00015, 46.1332], [-0.9996, 46.13298], [-0.99961, 46.13297], [-0.99961, 46.13293], [-0.99959, 46.1329], [-0.99955, 46.13287], [-0.99954, 46.13287], [-0.99974, 46.13261], [-1.00024, 46.13198], [-1.00071, 46.13136], [-1.000865, 46.131172], [-1.000919, 46.131145], [-1.000985, 46.13114], [-1.001042, 46.131145], [-1.002091, 46.131523]]}}, {"type": "Feature", "properties": {"route_short_name": "254", "route_long_name": "Coll\u00e8ge F. Dolto <> Bourgneuf via Montroy", "shape_id": "CA_LA_ROCHELLE:JourneyPattern:254_7AA8D9E217FCD2AC7DEF5F265469BAAB", "n_points": 197, "n_shape_variants_in_source": 2}, "geometry": {"type": "LineString", "coordinates": [[-1.035838, 46.1743], [-1.035359, 46.174168], [-1.034914, 46.173992], [-1.034559, 46.17386], [-1.034201, 46.173744], [-1.033116, 46.173405], [-1.032043, 46.17305], [-1.031498, 46.172897], [-1.030951, 46.172752], [-1.029913, 46.172516], [-1.029528, 46.172424], [-1.02896, 46.172268], [-1.0284, 46.1721], [-1.02806, 46.171997], [-1.02755, 46.17184], [-1.02631, 46.171455], [-1.02507, 46.17108], [-1.024556, 46.170933], [-1.024389, 46.170864], [-1.024217, 46.17081], [-1.024069, 46.170784], [-1.023747, 46.170708], [-1.023447, 46.17064], [-1.022983, 46.170517], [-1.022983, 46.170517], [-1.02184, 46.17036], [-1.0206, 46.17027], [-1.02036, 46.17025], [-1.01963, 46.17015], [-1.01864, 46.16999], [-1.01806, 46.16992], [-1.017604, 46.169884], [-1.01729, 46.169888], [-1.016982, 46.169926], [-1.016773, 46.169895], [-1.016408, 46.170074], [-1.016468, 46.169827], [-1.016388, 46.169884], [-1.016345, 46.169975], [-1.016342, 46.170055], [-1.01645, 46.17008], [-1.016992, 46.169952], [-1.017431, 46.16988], [-1.017629, 46.169884], [-1.01806, 46.16992], [-1.01924, 46.17008], [-1.02036, 46.17025], [-1.02152, 46.17033], [-1.02184, 46.17036], [-1.02223, 46.17042], [-1.02241, 46.17015], [-1.02324, 46.16903], [-1.02378, 46.168526], [-1.02396, 46.16831], [-1.024154, 46.16808], [-1.024192, 46.168007], [-1.024299, 46.167866], [-1.024353, 46.167824], [-1.024529, 46.16761], [-1.024687, 46.167397], [-1.025028, 46.16692], [-1.025214, 46.16668], [-1.025306, 46.16656], [-1.025375, 46.166515], [-1.025428, 46.166462], [-1.02562, 46.16624], [-1.025699, 46.166138], [-1.025721, 46.16609], [-1.025843, 46.16594], [-1.025921, 46.1659], [-1.026224, 46.165558], [-1.026256, 46.165504], [-1.026583, 46.16516], [-1.026667, 46.165096], [-1.027102, 46.16467], [-1.027186, 46.164604], [-1.027232, 46.164562], [-1.027219, 46.164497], [-1.026969, 46.164387], [-1.026602, 46.16424], [-1.02625, 46.16407], [-1.025957, 46.163902], [-1.025701, 46.16373], [-1.025149, 46.163334], [-1.024933, 46.16318], [-1.024713, 46.163067], [-1.024474, 46.162952], [-1.024225, 46.162853], [-1.023943, 46.162758], [-1.023658, 46.16267], [-1.023085, 46.162495], [-1.022738, 46.16238], [-1.022406, 46.162273], [-1.022094, 46.162163], [-1.021794, 46.162018], [-1.02084, 46.16175], [-1.02032, 46.16154], [-1.01968, 46.1611], [-1.01885, 46.16054], [-1.01807, 46.16006], [-1.01729, 46.15958], [-1.0164, 46.15896], [-1.01611, 46.15868], [-1.0156, 46.15807], [-1.01533, 46.15772], [-1.01495, 46.15731], [-1.01456, 46.15706], [-1.01398, 46.15674], [-1.01363, 46.15651], [-1.0134, 46.15628], [-1.01321, 46.15603], [-1.01299, 46.1559], [-1.01276, 46.15583], [-1.01224, 46.15571], [-1.01123, 46.15542], [-1.01016, 46.1551], [-1.00976, 46.155], [-1.00924, 46.1549], [-1.00899, 46.15478], [-1.00864, 46.15454], [-1.00835, 46.15439], [-1.00829, 46.15431], [-1.00784, 46.15385], [-1.00768, 46.1537], [-1.00753, 46.15356], [-1.0074, 46.1534], [-1.00739, 46.15234], [-1.007419, 46.152187], [-1.007419, 46.152187], [-1.00739, 46.15204], [-1.00742, 46.15183], [-1.00743, 46.15175], [-1.00758, 46.15136], [-1.0077, 46.15104], [-1.00784, 46.15065], [-1.00791, 46.15037], [-1.00795, 46.15011], [-1.00796, 46.14957], [-1.0079, 46.14932], [-1.00744, 46.14823], [-1.00735, 46.14798], [-1.00729, 46.14774], [-1.00725, 46.14741], [-1.00724, 46.14719], [-1.00721, 46.14603], [-1.00717, 46.14556], [-1.00719, 46.14534], [-1.00726, 46.14508], [-1.00733, 46.14478], [-1.00742, 46.14422], [-1.0074, 46.14393], [-1.00727, 46.14352], [-1.00717, 46.14328], [-1.00714, 46.14313], [-1.00716, 46.14288], [-1.00725, 46.14261], [-1.00757, 46.14189], [-1.00768, 46.14159], [-1.00768, 46.14148], [-1.00774, 46.14092], [-1.00782, 46.14069], [-1.00811, 46.1402], [-1.00818, 46.14008], [-1.00858, 46.13939], [-1.00938, 46.138], [-1.0094, 46.13788], [-1.0094, 46.13779], [-1.00926, 46.13763], [-1.00912, 46.1374], [-1.00911, 46.13724], [-1.00918, 46.13596], [-1.00921, 46.13589], [-1.00945, 46.13566], [-1.00952, 46.13563], [-1.00957, 46.13562], [-1.00961, 46.13559], [-1.00964, 46.13553], [-1.00959, 46.13547], [-1.00954, 46.13544], [-1.00942, 46.13544], [-1.0094, 46.13545], [-1.00922, 46.13546], [-1.00881, 46.1354], [-1.0064, 46.135], [-1.00586, 46.13491], [-1.00492, 46.13469], [-1.00289, 46.13417], [-1.00165, 46.13375], [-0.9996, 46.13299], [-0.99961, 46.13296], [-0.9996, 46.13292], [-0.99954, 46.13287], [-1.00024, 46.13198], [-1.000847, 46.13118], [-1.000904, 46.13114], [-1.000977, 46.13114], [-1.002091, 46.131523]]}}, {"type": "Feature", "properties": {"route_short_name": "255", "route_long_name": "Coll\u00e8ge F. Dolto <> Saint-Christophe", "shape_id": "CA_LA_ROCHELLE:JourneyPattern:255_E7C2A50DFF5575282659A63168A172DE", "n_points": 256, "n_shape_variants_in_source": 2}, "geometry": {"type": "LineString", "coordinates": [[-1.002091, 46.131523], [-1.002172, 46.131554], [-1.00218, 46.131596], [-1.002044, 46.131737], [-1.00194, 46.131786], [-1.00187, 46.131794], [-1.001051, 46.13152], [-1.000753, 46.13141], [-1.000719, 46.131374], [-1.000733, 46.13134], [-1.00104, 46.13094], [-1.00163, 46.13024], [-1.00181, 46.13007], [-1.00212, 46.12987], [-1.00355, 46.12928], [-1.00453, 46.1289], [-1.00476, 46.12884], [-1.00467, 46.12876], [-1.00451, 46.12849], [-1.00441, 46.12827], [-1.00381, 46.12721], [-1.00351, 46.12684], [-1.00316, 46.12643], [-1.00309, 46.12633], [-1.00297, 46.12607], [-1.00291, 46.12589], [-1.00283, 46.12563], [-1.00271, 46.12562], [-1.00255, 46.1256], [-1.00242, 46.1256], [-1.00073, 46.12553], [-0.9996, 46.12549], [-0.9965, 46.12557], [-0.99443, 46.12566], [-0.99366, 46.12574], [-0.98976, 46.12629], [-0.98686, 46.12667], [-0.98483, 46.12695], [-0.985924, 46.127995], [-0.98402, 46.1271], [-0.983886, 46.1271], [-0.983808, 46.127132], [-0.983814, 46.127186], [-0.983883, 46.12723], [-0.983934, 46.127262], [-0.984, 46.1273], [-0.98413, 46.12736], [-0.98427, 46.12742], [-0.98556, 46.12785], [-0.98622, 46.12806], [-0.98846, 46.12873], [-0.98954, 46.12908], [-0.99329, 46.13022], [-0.99606, 46.13108], [-0.99687, 46.13139], [-0.99779, 46.13186], [-0.99845, 46.13226], [-0.99912, 46.13276], [-0.99934, 46.1329], [-0.99934, 46.13291], [-0.99933, 46.13293], [-0.99932, 46.13294], [-0.99933, 46.13298], [-0.99938, 46.13304], [-0.9994, 46.13305], [-0.99857, 46.13408], [-0.99825, 46.13442], [-0.99742, 46.13512], [-0.99731, 46.1351], [-0.99535, 46.13513], [-0.99364, 46.13516], [-0.99193, 46.13518], [-0.99085, 46.1352], [-0.98994, 46.13516], [-0.98779, 46.13499], [-0.98753, 46.13499], [-0.98701, 46.13499], [-0.98623, 46.13502], [-0.98572, 46.13506], [-0.98431, 46.1353], [-0.98252, 46.1356], [-0.98205, 46.13569], [-0.98058, 46.13596], [-0.97865, 46.13619], [-0.97782, 46.13632], [-0.97621, 46.13656], [-0.97579, 46.13662], [-0.9734, 46.13692], [-0.9718, 46.13712], [-0.97185, 46.13742], [-0.97187, 46.13754], [-0.97181, 46.13771], [-0.97168, 46.13793], [-0.97122, 46.13869], [-0.97078, 46.13925], [-0.9705, 46.13955], [-0.9701, 46.13998], [-0.96978, 46.14033], [-0.96972, 46.14043], [-0.96959, 46.14063], [-0.96951, 46.14087], [-0.9695, 46.1411], [-0.96944, 46.14168], [-0.9694, 46.14174], [-0.96937, 46.14184], [-0.96923, 46.14222], [-0.9693, 46.14262], [-0.96947, 46.1431], [-0.96952, 46.14314], [-0.96964, 46.14321], [-0.97015, 46.14341], [-0.97049, 46.14351], [-0.970736, 46.14347], [-0.970736, 46.14347], [-0.97165, 46.14332], [-0.97244, 46.14325], [-0.97348, 46.14319], [-0.97371, 46.14317], [-0.9743, 46.14312], [-0.9749, 46.14312], [-0.97488, 46.14334], [-0.9749, 46.1437], [-0.97494, 46.14391], [-0.97502, 46.14408], [-0.97513, 46.14426], [-0.97506, 46.14426], [-0.975, 46.14428], [-0.9738, 46.14456], [-0.97324, 46.14469], [-0.97241, 46.1449], [-0.97222, 46.14494], [-0.97193, 46.14499], [-0.97153, 46.14499], [-0.97061, 46.14496], [-0.96803, 46.14491], [-0.96672, 46.14497], [-0.96609, 46.14496], [-0.96555, 46.14497], [-0.965, 46.145], [-0.96389, 46.14512], [-0.96324, 46.14525], [-0.96217, 46.14552], [-0.96065, 46.1458], [-0.95973, 46.14597], [-0.95944, 46.146], [-0.95902, 46.14595], [-0.95799, 46.14569], [-0.95772, 46.14568], [-0.9574, 46.14569], [-0.95721, 46.14575], [-0.95643, 46.14608], [-0.95596, 46.14628], [-0.95567, 46.14636], [-0.95517, 46.14643], [-0.95459, 46.14646], [-0.95426, 46.14644], [-0.95406, 46.14646], [-0.95374, 46.14652], [-0.95298, 46.14673], [-0.95278, 46.14683], [-0.95229, 46.14722], [-0.952069, 46.14732], [-0.95178, 46.14754], [-0.95148, 46.14767], [-0.9513, 46.14774], [-0.95107, 46.14777], [-0.95082, 46.14779], [-0.95021, 46.14778], [-0.95023, 46.14713], [-0.95021, 46.14681], [-0.95019, 46.14649], [-0.95015, 46.14632], [-0.95009, 46.14619], [-0.94994, 46.146], [-0.94984, 46.14592], [-0.94958, 46.14581], [-0.94871, 46.14566], [-0.94806, 46.14556], [-0.946902, 46.145367], [-0.946902, 46.145367], [-0.946311, 46.145336], [-0.94601, 46.145298], [-0.945698, 46.145252], [-0.945561, 46.145214], [-0.945444, 46.145164], [-0.94533, 46.14509], [-0.944653, 46.14467], [-0.944451, 46.14454], [-0.944121, 46.144333], [-0.943951, 46.14423], [-0.94381, 46.14412], [-0.94376, 46.14407], [-0.943732, 46.144005], [-0.943706, 46.143932], [-0.943687, 46.143833], [-0.943679, 46.143288], [-0.943676, 46.142815], [-0.943667, 46.14258], [-0.943665, 46.142345], [-0.9437, 46.141888], [-0.9437, 46.141888], [-0.94364, 46.14166], [-0.94362, 46.14144], [-0.94363, 46.14112], [-0.94366, 46.14057], [-0.94371, 46.14022], [-0.94377, 46.13985], [-0.9438, 46.13945], [-0.94382, 46.13822], [-0.94383, 46.13775], [-0.94379, 46.1366], [-0.94375, 46.13607], [-0.94376, 46.13599], [-0.94379, 46.13599], [-0.94385, 46.13597], [-0.9439, 46.13594], [-0.94396, 46.13587], [-0.94395, 46.13578], [-0.94387, 46.13571], [-0.94376, 46.13568], [-0.94363, 46.1357], [-0.94354, 46.13576], [-0.94352, 46.1358], [-0.94351, 46.13582], [-0.94326, 46.13583], [-0.94269, 46.1358], [-0.94172, 46.13572], [-0.94123, 46.13569], [-0.94073, 46.13569], [-0.94023, 46.13574], [-0.93933, 46.13585], [-0.93844, 46.13594], [-0.93753, 46.13603], [-0.93673, 46.13616], [-0.93601, 46.13627], [-0.93508, 46.13637], [-0.93394, 46.13645], [-0.93128, 46.13666], [-0.92969, 46.13674], [-0.92803, 46.13681], [-0.92715, 46.1368], [-0.92621, 46.13668], [-0.92507, 46.13651], [-0.92471, 46.13649], [-0.92436, 46.13649], [-0.92433, 46.13638], [-0.92426, 46.13622], [-0.92409, 46.13581], [-0.92407, 46.13565], [-0.92408, 46.13542], [-0.92408, 46.13512], [-0.92403, 46.13477], [-0.92393, 46.13428], [-0.92378, 46.13358], [-0.92367, 46.1331], [-0.923536, 46.13253]]}}, {"type": "Feature", "properties": {"route_short_name": "256", "route_long_name": "Coll\u00e8ge F. Dolto <> Saint-M\u00e9dard d'Aunis", "shape_id": "CA_LA_ROCHELLE:JourneyPattern:256_65525E7776A91C16BCB158C4D59534CB", "n_points": 161, "n_shape_variants_in_source": 2}, "geometry": {"type": "LineString", "coordinates": [[-1.002091, 46.131523], [-1.002172, 46.131565], [-1.002178, 46.131603], [-1.002154, 46.131634], [-1.001982, 46.131783], [-1.001916, 46.13181], [-1.000761, 46.131393], [-1.000722, 46.131393], [-1.000686, 46.131413], [-1.00024, 46.13198], [-0.99974, 46.13261], [-0.99953, 46.13286], [-0.99951, 46.13286], [-0.99949, 46.13286], [-0.99944, 46.13286], [-0.99935, 46.1329], [-0.99932, 46.13297], [-0.99937, 46.13303], [-0.99946, 46.13306], [-0.99956, 46.13303], [-0.99959, 46.13301], [-1.00136, 46.13365], [-1.00278, 46.13414], [-1.00412, 46.13449], [-1.00531, 46.13479], [-1.00592, 46.13492], [-1.00852, 46.13536], [-1.00893, 46.13541], [-1.00909, 46.13545], [-1.00926, 46.13549], [-1.00933, 46.13554], [-1.00934, 46.13556], [-1.00935, 46.13559], [-1.00935, 46.13565], [-1.00932, 46.13574], [-1.00921, 46.13589], [-1.00918, 46.13596], [-1.00911, 46.13724], [-1.00912, 46.1374], [-1.00926, 46.13763], [-1.0094, 46.13779], [-1.0094, 46.13788], [-1.00938, 46.138], [-1.00888, 46.13888], [-1.00818, 46.14008], [-1.00811, 46.1402], [-1.00782, 46.14069], [-1.00774, 46.14092], [-1.00768, 46.14148], [-1.00768, 46.14159], [-1.00757, 46.14189], [-1.00725, 46.14261], [-1.00716, 46.14288], [-1.00714, 46.14313], [-1.00717, 46.14328], [-1.00727, 46.14352], [-1.0074, 46.14393], [-1.00742, 46.14422], [-1.00733, 46.14478], [-1.00726, 46.14508], [-1.00719, 46.14534], [-1.00717, 46.14556], [-1.00721, 46.14603], [-1.00725, 46.14741], [-1.00729, 46.14774], [-1.00735, 46.14798], [-1.00744, 46.14823], [-1.0079, 46.14932], [-1.00796, 46.14957], [-1.00795, 46.15011], [-1.00791, 46.15037], [-1.00784, 46.15065], [-1.0077, 46.15104], [-1.00758, 46.15136], [-1.00743, 46.15175], [-1.00739, 46.15204], [-1.0074, 46.1534], [-1.007416, 46.154247], [-1.007393, 46.154312], [-1.007311, 46.154343], [-1.007235, 46.154354], [-1.007134, 46.154373], [-1.00575, 46.1544], [-1.00467, 46.15442], [-1.0041, 46.1545], [-1.00373, 46.15459], [-1.00218, 46.15504], [-1.00121, 46.15528], [-0.99913, 46.15568], [-0.9973, 46.1559], [-0.99711, 46.15593], [-0.99634, 46.156], [-0.9961, 46.15605], [-0.99459, 46.15638], [-0.99349, 46.15665], [-0.99279, 46.15682], [-0.99237, 46.1569], [-0.99213, 46.15694], [-0.99171, 46.15697], [-0.99137, 46.15696], [-0.99066, 46.1569], [-0.98977, 46.15691], [-0.98889, 46.157], [-0.98863, 46.15699], [-0.98824, 46.15688], [-0.98804, 46.15675], [-0.98777, 46.15647], [-0.98766, 46.15637], [-0.98749, 46.15629], [-0.98739, 46.15626], [-0.98732, 46.15627], [-0.987011, 46.1563], [-0.987011, 46.1563], [-0.986283, 46.15655], [-0.985872, 46.156654], [-0.985499, 46.156742], [-0.985194, 46.156815], [-0.984994, 46.15687], [-0.984777, 46.15695], [-0.984554, 46.157047], [-0.984303, 46.157158], [-0.983949, 46.15734], [-0.98342, 46.157627], [-0.98292, 46.15792], [-0.98211, 46.15832], [-0.98173, 46.15852], [-0.98145, 46.1587], [-0.981211, 46.15887], [-0.980997, 46.15904], [-0.980849, 46.15915], [-0.980696, 46.15921], [-0.980507, 46.159256], [-0.980355, 46.159275], [-0.980185, 46.15927], [-0.979936, 46.159214], [-0.979378, 46.15907], [-0.979077, 46.158997], [-0.978779, 46.158943], [-0.978348, 46.158894], [-0.977938, 46.15884], [-0.977155, 46.158756], [-0.976377, 46.158634], [-0.976138, 46.158638], [-0.975993, 46.158627], [-0.97585, 46.158623], [-0.975465, 46.158634], [-0.975367, 46.158653], [-0.975087, 46.15866], [-0.9749, 46.158665], [-0.974655, 46.158672], [-0.97442, 46.15867], [-0.97401, 46.15863], [-0.973551, 46.158573], [-0.973321, 46.158535], [-0.97309, 46.158512], [-0.9728, 46.158497], [-0.972525, 46.15848], [-0.971916, 46.15846], [-0.971543, 46.15843], [-0.971189, 46.1584], [-0.970952, 46.15835]]}}, {"type": "Feature", "properties": {"route_short_name": "261", "route_long_name": "Coll\u00e8ge de l'Atlantique <> Angoulins-sur-Mer via La Jarne", "shape_id": "CA_LA_ROCHELLE:JourneyPattern:261_C43C737010559B1AD1B4E22728144A0D", "n_points": 319, "n_shape_variants_in_source": 2}, "geometry": {"type": "LineString", "coordinates": [[-1.126066, 46.131687], [-1.12613, 46.13179], [-1.12605, 46.13197], [-1.12545, 46.13312], [-1.12401, 46.13271], [-1.12365, 46.13263], [-1.12311, 46.13254], [-1.1227, 46.1325], [-1.12223, 46.13252], [-1.12201, 46.1325], [-1.12202, 46.13242], [-1.12196, 46.13237], [-1.12187, 46.13236], [-1.12179, 46.13239], [-1.12176, 46.13245], [-1.12176, 46.13251], [-1.12095, 46.13274], [-1.12061, 46.13285], [-1.12008, 46.13305], [-1.11957, 46.13324], [-1.1195, 46.13327], [-1.11952, 46.13329], [-1.11934, 46.13336], [-1.1182, 46.1338], [-1.11792, 46.13391], [-1.11773, 46.13405], [-1.1177, 46.13405], [-1.11769, 46.13405], [-1.11735, 46.13406], [-1.11709, 46.13404], [-1.11651, 46.13401], [-1.11626, 46.13399], [-1.11566, 46.13388], [-1.11501, 46.13375], [-1.11451, 46.13362], [-1.11426, 46.13352], [-1.11406, 46.13344], [-1.11388, 46.13341], [-1.11364, 46.1334], [-1.11342, 46.13338], [-1.11282, 46.1332], [-1.11201, 46.1329], [-1.11103, 46.13252], [-1.11047, 46.13236], [-1.10955, 46.13215], [-1.10891, 46.13201], [-1.10839, 46.13194], [-1.10693, 46.13183], [-1.10503, 46.1317], [-1.10446, 46.13167], [-1.1041, 46.13161], [-1.10353, 46.13156], [-1.10263, 46.13151], [-1.10251, 46.13148], [-1.10238, 46.1314], [-1.10226, 46.13136], [-1.10213, 46.13137], [-1.10208, 46.13139], [-1.10206, 46.13141], [-1.10198, 46.13144], [-1.1015, 46.13142], [-1.10046, 46.13135], [-1.09759, 46.1312], [-1.09615, 46.13111], [-1.09534, 46.13104], [-1.09505, 46.13098], [-1.09502, 46.13095], [-1.09499, 46.13093], [-1.09486, 46.1309], [-1.09474, 46.13092], [-1.0947, 46.13094], [-1.09469, 46.13095], [-1.09437, 46.13098], [-1.09404, 46.13093], [-1.09361, 46.13089], [-1.0926, 46.13085], [-1.09205, 46.13084], [-1.09075, 46.13076], [-1.0844, 46.13035], [-1.08182, 46.13018], [-1.08106, 46.13007], [-1.08104, 46.13004], [-1.08096, 46.13], [-1.08085, 46.12999], [-1.08076, 46.13001], [-1.08069, 46.13007], [-1.08067, 46.13014], [-1.0807, 46.13021], [-1.08078, 46.13025], [-1.08088, 46.13027], [-1.08097, 46.13025], [-1.08103, 46.13022], [-1.08107, 46.13016], [-1.08107, 46.13009], [-1.08101, 46.13002], [-1.08092, 46.12999], [-1.08082, 46.12999], [-1.08073, 46.13003], [-1.08063, 46.13006], [-1.080072, 46.13], [-1.080072, 46.13], [-1.07946, 46.12998], [-1.07945, 46.12996], [-1.07944, 46.12995], [-1.07943, 46.12993], [-1.07944, 46.12987], [-1.07941, 46.12978], [-1.07933, 46.12964], [-1.0791, 46.12906], [-1.07897, 46.12879], [-1.07881, 46.12853], [-1.07876, 46.12845], [-1.07823, 46.12762], [-1.07819, 46.12752], [-1.07818, 46.12743], [-1.07817, 46.12703], [-1.07823, 46.126812], [-1.07823, 46.126812], [-1.07818, 46.12629], [-1.07804, 46.12558], [-1.07801, 46.12519], [-1.07803, 46.12467], [-1.07805, 46.12441], [-1.07788, 46.12441], [-1.076661, 46.124363], [-1.076214, 46.12432], [-1.075687, 46.12432], [-1.075316, 46.124317], [-1.075134, 46.12433], [-1.07491, 46.12438], [-1.074617, 46.124447], [-1.074476, 46.124474], [-1.074288, 46.124466], [-1.074029, 46.12446], [-1.072566, 46.124355], [-1.072566, 46.124355], [-1.07223, 46.12437], [-1.07229, 46.12404], [-1.07235, 46.12376], [-1.07257, 46.12277], [-1.07282, 46.12128], [-1.07316, 46.12138], [-1.07405, 46.12157], [-1.0748, 46.12171], [-1.07532, 46.12172], [-1.07598, 46.12174], [-1.0771, 46.12171], [-1.07772, 46.12168], [-1.07753, 46.12078], [-1.0775, 46.12043], [-1.07751, 46.12022], [-1.07772, 46.11939], [-1.077916, 46.11891], [-1.07799, 46.11834], [-1.07811, 46.1179], [-1.07817, 46.11779], [-1.07828, 46.11757], [-1.07878, 46.11661], [-1.07934, 46.11572], [-1.07947, 46.11557], [-1.08027, 46.11446], [-1.08056, 46.1141], [-1.08077, 46.11386], [-1.08113, 46.11352], [-1.08201, 46.11295], [-1.08236, 46.11269], [-1.08247, 46.11257], [-1.08269, 46.11224], [-1.08291, 46.11183], [-1.08311, 46.1115], [-1.08382, 46.11039], [-1.08419, 46.10969], [-1.08459, 46.10881], [-1.08484, 46.10831], [-1.08517, 46.10782], [-1.08578, 46.10696], [-1.086, 46.10671], [-1.08622, 46.10651], [-1.08689, 46.1059], [-1.08774, 46.10529], [-1.08894, 46.10451], [-1.08911, 46.10441], [-1.08937, 46.10432], [-1.08984, 46.10427], [-1.09129, 46.10425], [-1.09191, 46.10419], [-1.09251, 46.10411], [-1.09269, 46.1041], [-1.09277, 46.10412], [-1.0929, 46.10413], [-1.09307, 46.10418], [-1.09312, 46.10421], [-1.09315, 46.10426], [-1.09323, 46.10432], [-1.09335, 46.10437], [-1.0935, 46.10438], [-1.09361, 46.10435], [-1.09369, 46.10429], [-1.09375, 46.10422], [-1.09378, 46.10419], [-1.09385, 46.10417], [-1.09411, 46.1041], [-1.09553, 46.10402], [-1.09606, 46.10399], [-1.09611, 46.104], [-1.09641, 46.10402], [-1.09644, 46.10405], [-1.09648, 46.10407], [-1.09658, 46.10409], [-1.09669, 46.10408], [-1.09676, 46.10404], [-1.09678, 46.10401], [-1.09712, 46.10395], [-1.09746, 46.10394], [-1.0977, 46.10399], [-1.09772, 46.10401], [-1.09782, 46.10406], [-1.09798, 46.10406], [-1.09809, 46.10401], [-1.09841, 46.10401], [-1.099116, 46.10415], [-1.10046, 46.104313], [-1.100779, 46.104355], [-1.101093, 46.104385], [-1.101384, 46.1044], [-1.101675, 46.10439], [-1.10199, 46.10438], [-1.102064, 46.104393], [-1.102112, 46.104416], [-1.102172, 46.10444], [-1.10224, 46.10444], [-1.102295, 46.104435], [-1.102329, 46.10441], [-1.102376, 46.104374], [-1.102436, 46.104362], [-1.102566, 46.104343], [-1.1027, 46.104336], [-1.103307, 46.104385], [-1.103911, 46.104465], [-1.104219, 46.10452], [-1.104567, 46.10459], [-1.104652, 46.104637], [-1.10476, 46.10457], [-1.1049, 46.10397], [-1.10497, 46.10363], [-1.10573, 46.10386], [-1.10603, 46.10394], [-1.10653, 46.10402], [-1.10732, 46.10412], [-1.1074, 46.10412], [-1.10739, 46.104], [-1.10737, 46.10382], [-1.107391, 46.103615], [-1.107324, 46.103428], [-1.107339, 46.103237], [-1.107351, 46.10307], [-1.107389, 46.10288], [-1.107454, 46.10269], [-1.107562, 46.10241], [-1.107706, 46.102024], [-1.107734, 46.101955], [-1.107825, 46.101864], [-1.107916, 46.10177], [-1.107974, 46.101734], [-1.108011, 46.10168], [-1.108034, 46.10162], [-1.108086, 46.10161], [-1.108086, 46.10161], [-1.108001, 46.101555], [-1.107953, 46.101486], [-1.107892, 46.101414], [-1.107772, 46.10133], [-1.107645, 46.101254], [-1.107557, 46.101185], [-1.107465, 46.101086], [-1.107309, 46.100914], [-1.106993, 46.100555], [-1.106738, 46.10027], [-1.10649, 46.099983], [-1.106237, 46.0997], [-1.106116, 46.099552], [-1.105996, 46.099415], [-1.105629, 46.099007], [-1.105444, 46.0988], [-1.105261, 46.098595], [-1.105083, 46.098385], [-1.104902, 46.09819], [-1.104722, 46.09798], [-1.104559, 46.09777], [-1.104411, 46.097576], [-1.104293, 46.097427], [-1.10422, 46.097355], [-1.104146, 46.097294], [-1.103913, 46.097115], [-1.103913, 46.097115], [-1.103402, 46.09687], [-1.103194, 46.096764], [-1.102982, 46.09665], [-1.102581, 46.096436], [-1.102171, 46.09621], [-1.102015, 46.09612], [-1.101867, 46.096012], [-1.101722, 46.095924], [-1.101647, 46.095882], [-1.101584, 46.095837], [-1.101522, 46.09579], [-1.101476, 46.095745], [-1.101448, 46.095707], [-1.101369, 46.09563], [-1.10118, 46.095474], [-1.100997, 46.09532], [-1.10087, 46.095234], [-1.100784, 46.095192], [-1.100646, 46.095142], [-1.10036, 46.09506], [-1.100205, 46.09502], [-1.10009, 46.09496], [-1.100051, 46.094913], [-1.100005, 46.094822]]}}, {"type": "Feature", "properties": {"route_short_name": "262", "route_long_name": "Coll\u00e8ge de l'Atlantique <> La Jarne", "shape_id": "CA_LA_ROCHELLE:JourneyPattern:262_136499DFA5351A49B4826C3DB2AD84C1", "n_points": 241, "n_shape_variants_in_source": 3}, "geometry": {"type": "LineString", "coordinates": [[-1.077891, 46.118744], [-1.07772, 46.11939], [-1.07751, 46.12022], [-1.0775, 46.12043], [-1.07753, 46.12078], [-1.07772, 46.12168], [-1.07789, 46.12246], [-1.07796, 46.12294], [-1.07798, 46.12333], [-1.07805, 46.12441], [-1.076661, 46.124363], [-1.076214, 46.12432], [-1.075687, 46.12432], [-1.075316, 46.124317], [-1.075134, 46.12433], [-1.07491, 46.12438], [-1.074617, 46.124447], [-1.074476, 46.124474], [-1.074288, 46.124466], [-1.074029, 46.12446], [-1.072566, 46.124355], [-1.072356, 46.124386], [-1.072227, 46.12438], [-1.07218, 46.124416], [-1.072128, 46.12445], [-1.072128, 46.124496], [-1.072163, 46.124542], [-1.072176, 46.1246], [-1.072111, 46.125935], [-1.072083, 46.126427], [-1.072065, 46.12668], [-1.072054, 46.12683], [-1.072043, 46.12688], [-1.071974, 46.12691], [-1.071873, 46.12692], [-1.071653, 46.12691], [-1.071601, 46.12689], [-1.071487, 46.12689], [-1.071412, 46.126904], [-1.071358, 46.126945], [-1.071083, 46.12703], [-1.071083, 46.12703], [-1.070459, 46.12736], [-1.070231, 46.127357], [-1.070095, 46.12736], [-1.070016, 46.127365], [-1.069953, 46.12735], [-1.0699, 46.12728], [-1.069756, 46.127148], [-1.069519, 46.12695], [-1.069288, 46.126766], [-1.06903, 46.126556], [-1.068752, 46.12632], [-1.068435, 46.12601], [-1.068298, 46.125862], [-1.068175, 46.125725], [-1.06812, 46.125664], [-1.068061, 46.12565], [-1.067996, 46.12569], [-1.06787, 46.125835], [-1.067779, 46.125954], [-1.067617, 46.12622], [-1.067388, 46.126514], [-1.067388, 46.126514], [-1.067143, 46.127125], [-1.06711, 46.127182], [-1.067081, 46.127216], [-1.067034, 46.12722], [-1.066988, 46.127213], [-1.066869, 46.127163], [-1.066418, 46.126972], [-1.066084, 46.126842], [-1.066001, 46.126793], [-1.065757, 46.1267], [-1.065164, 46.126476], [-1.065044, 46.12643], [-1.06488, 46.12632], [-1.064459, 46.126152], [-1.063907, 46.12593], [-1.063517, 46.12578], [-1.06341, 46.125732], [-1.063329, 46.125717], [-1.063284, 46.125732], [-1.063258, 46.125748], [-1.062952, 46.12619], [-1.062952, 46.12619], [-1.062707, 46.126823], [-1.06254, 46.127136], [-1.062449, 46.127296], [-1.062381, 46.127354], [-1.062346, 46.12739], [-1.062354, 46.127422], [-1.062387, 46.127457], [-1.06294, 46.127598], [-1.063501, 46.12774], [-1.064494, 46.127995], [-1.065488, 46.128246], [-1.066077, 46.12839], [-1.06644, 46.12849], [-1.067241, 46.128704], [-1.068049, 46.128918], [-1.06874, 46.1291], [-1.069165, 46.129204], [-1.0696, 46.1293], [-1.070156, 46.129444], [-1.070213, 46.129463], [-1.070256, 46.12949], [-1.070315, 46.129505], [-1.070388, 46.12954], [-1.070452, 46.129524], [-1.070649, 46.129562], [-1.071563, 46.1298], [-1.071829, 46.129864], [-1.072091, 46.129917], [-1.072423, 46.12997], [-1.072816, 46.130028], [-1.073117, 46.13006], [-1.073431, 46.13008], [-1.074675, 46.130157], [-1.075134, 46.13019], [-1.0756, 46.1302], [-1.076069, 46.13018], [-1.07671, 46.130116], [-1.077194, 46.130062], [-1.077671, 46.130005], [-1.077915, 46.12999], [-1.078145, 46.12998], [-1.078507, 46.130005], [-1.079172, 46.130054], [-1.07923, 46.13007], [-1.07928, 46.13009], [-1.079376, 46.130096], [-1.079483, 46.130074], [-1.080191, 46.130165], [-1.08068, 46.13017], [-1.0807, 46.13021], [-1.08078, 46.13025], [-1.08088, 46.13027], [-1.08097, 46.13025], [-1.08103, 46.13022], [-1.08119, 46.13019], [-1.08188, 46.13019], [-1.0861, 46.13046], [-1.09123, 46.13079], [-1.09205, 46.13084], [-1.09221, 46.13088], [-1.09319, 46.13094], [-1.09403, 46.13103], [-1.09436, 46.13105], [-1.09453, 46.13108], [-1.09465, 46.13114], [-1.09466, 46.13115], [-1.09471, 46.13118], [-1.09481, 46.13122], [-1.09493, 46.13121], [-1.09511, 46.13114], [-1.09521, 46.13113], [-1.09571, 46.13114], [-1.0968, 46.13119], [-1.09807, 46.13126], [-1.09951, 46.13137], [-1.10056, 46.13145], [-1.10192, 46.13154], [-1.10202, 46.13159], [-1.10206, 46.13163], [-1.10218, 46.13168], [-1.10232, 46.13167], [-1.10251, 46.1316], [-1.10289, 46.1316], [-1.10346, 46.13165], [-1.10408, 46.13167], [-1.10446, 46.13167], [-1.10503, 46.1317], [-1.10693, 46.13183], [-1.10839, 46.13194], [-1.10891, 46.13201], [-1.10955, 46.13215], [-1.11047, 46.13236], [-1.11103, 46.13252], [-1.11201, 46.1329], [-1.11282, 46.1332], [-1.11342, 46.13338], [-1.11388, 46.13341], [-1.11406, 46.13344], [-1.11426, 46.13352], [-1.11451, 46.13362], [-1.11501, 46.13375], [-1.11566, 46.13388], [-1.11626, 46.13399], [-1.11651, 46.13401], [-1.11709, 46.13404], [-1.11765, 46.13411], [-1.11767, 46.13413], [-1.11771, 46.13414], [-1.11778, 46.13411], [-1.11778, 46.13408], [-1.11778, 46.13407], [-1.11792, 46.13391], [-1.1182, 46.1338], [-1.11872, 46.1336], [-1.11952, 46.13329], [-1.11959, 46.13327], [-1.11957, 46.13324], [-1.1198, 46.13316], [-1.12061, 46.13285], [-1.12176, 46.13251], [-1.1218, 46.13254], [-1.12189, 46.13256], [-1.122, 46.13253], [-1.12201, 46.1325], [-1.12215, 46.13253], [-1.1224, 46.13251], [-1.12268, 46.1325], [-1.12333, 46.13256], [-1.12395, 46.1327], [-1.12522, 46.13304], [-1.12545, 46.13312], [-1.12561, 46.13283], [-1.12591, 46.13225], [-1.1261, 46.13188], [-1.12613, 46.13176], [-1.12613, 46.13141], [-1.12613, 46.13126], [-1.12615, 46.13126], [-1.12618, 46.13126], [-1.1262, 46.13126], [-1.12626, 46.13126], [-1.1263, 46.13124], [-1.12637, 46.13119], [-1.1264, 46.13112], [-1.12638, 46.13105], [-1.1263, 46.131], [-1.1262, 46.13098], [-1.1261, 46.13099], [-1.12602, 46.13104], [-1.12599, 46.13111], [-1.12601, 46.13118], [-1.12608, 46.13124], [-1.12612, 46.13125], [-1.12613, 46.13141], [-1.126066, 46.131687]]}}, {"type": "Feature", "properties": {"route_short_name": "263", "route_long_name": "Coll\u00e8ge de l'Atlantique <> Angoulins-sur-Mer", "shape_id": "CA_LA_ROCHELLE:JourneyPattern:263_06AD96303409326369BB91B9E9F456B6", "n_points": 339, "n_shape_variants_in_source": 3}, "geometry": {"type": "LineString", "coordinates": [[-1.100302, 46.095097], [-1.100479, 46.095108], [-1.100572, 46.095135], [-1.100658, 46.09517], [-1.100807, 46.095222], [-1.100899, 46.095276], [-1.10098, 46.09534], [-1.10135, 46.09566], [-1.101592, 46.09585], [-1.101851, 46.09604], [-1.102103, 46.096195], [-1.102366, 46.096348], [-1.103251, 46.096817], [-1.103699, 46.097057], [-1.103921, 46.09718], [-1.104115, 46.0973], [-1.104279, 46.097466], [-1.104391, 46.097645], [-1.10472, 46.09802], [-1.104878, 46.0982], [-1.10505, 46.09838], [-1.105359, 46.09873], [-1.105663, 46.09908], [-1.105973, 46.09943], [-1.106281, 46.099785], [-1.106529, 46.10007], [-1.106783, 46.100353], [-1.107123, 46.100746], [-1.107312, 46.100945], [-1.107469, 46.101128], [-1.107561, 46.10122], [-1.107667, 46.1013], [-1.107708, 46.101376], [-1.107708, 46.101376], [-1.107836, 46.10141], [-1.107871, 46.101448], [-1.107905, 46.101498], [-1.10793, 46.101578], [-1.107916, 46.101673], [-1.107883, 46.101757], [-1.107774, 46.10187], [-1.107711, 46.101933], [-1.107665, 46.101997], [-1.107365, 46.102806], [-1.107326, 46.10296], [-1.107302, 46.1031], [-1.107289, 46.103283], [-1.107289, 46.10345], [-1.10728, 46.103676], [-1.10728, 46.103676], [-1.107373, 46.103893], [-1.1074, 46.10412], [-1.10741, 46.10423], [-1.1074, 46.10435], [-1.10725, 46.10479], [-1.107238, 46.104893], [-1.10726, 46.10499], [-1.107315, 46.105015], [-1.108324, 46.105213], [-1.108667, 46.105267], [-1.1088, 46.105267], [-1.10893, 46.10525], [-1.109018, 46.10524], [-1.10976, 46.105247], [-1.109918, 46.105263], [-1.110201, 46.105305], [-1.110267, 46.105305], [-1.110329, 46.10533], [-1.11041, 46.10542], [-1.11054, 46.10554], [-1.110805, 46.105755], [-1.111041, 46.105904], [-1.111277, 46.106056], [-1.111277, 46.106056], [-1.111413, 46.106083], [-1.111599, 46.106148], [-1.111891, 46.106216], [-1.112104, 46.106274], [-1.112325, 46.106323], [-1.112448, 46.10637], [-1.112562, 46.10642], [-1.1134, 46.10685], [-1.11397, 46.10716], [-1.114406, 46.107388], [-1.114819, 46.10764], [-1.114913, 46.10768], [-1.114949, 46.107746], [-1.114976, 46.10779], [-1.115031, 46.107838], [-1.115015, 46.107887], [-1.114996, 46.10796], [-1.115, 46.108025], [-1.11515, 46.108307], [-1.115298, 46.108612], [-1.115424, 46.10893], [-1.115484, 46.10909], [-1.115528, 46.109253], [-1.11554, 46.10933], [-1.115535, 46.10941], [-1.115453, 46.10996], [-1.115431, 46.110207], [-1.115426, 46.11045], [-1.11538, 46.1108], [-1.11533, 46.111057], [-1.115262, 46.111324], [-1.11513, 46.1118], [-1.115109, 46.11185], [-1.115032, 46.111855], [-1.11498, 46.11184], [-1.114687, 46.111736], [-1.114332, 46.111614], [-1.113956, 46.11152], [-1.11381, 46.111485], [-1.113666, 46.111443], [-1.113347, 46.111313], [-1.113037, 46.111187], [-1.112368, 46.11092], [-1.112147, 46.11082], [-1.111968, 46.110706], [-1.11174, 46.11055], [-1.111532, 46.11037], [-1.1114, 46.110157], [-1.111119, 46.109924], [-1.111024, 46.109848], [-1.110956, 46.10974], [-1.110713, 46.109467], [-1.110545, 46.10929], [-1.110479, 46.1092], [-1.110358, 46.10891], [-1.11018, 46.10862], [-1.110108, 46.108524], [-1.110018, 46.10834], [-1.109989, 46.108253], [-1.109824, 46.107967], [-1.109788, 46.107903], [-1.109651, 46.107677], [-1.109636, 46.10761], [-1.109536, 46.107475], [-1.10947, 46.107426], [-1.109401, 46.107353], [-1.109293, 46.107162], [-1.10907, 46.10672], [-1.108738, 46.1062], [-1.108674, 46.106125], [-1.108618, 46.10609], [-1.108561, 46.10607], [-1.10852, 46.10608], [-1.10844, 46.106113], [-1.108316, 46.10617], [-1.10821, 46.10624], [-1.107555, 46.106575], [-1.107555, 46.106575], [-1.10733, 46.10674], [-1.10694, 46.10689], [-1.106281, 46.107124], [-1.105611, 46.107334], [-1.105423, 46.10743], [-1.105365, 46.107437], [-1.10526, 46.107433], [-1.105167, 46.10738], [-1.105111, 46.10731], [-1.10503, 46.10717], [-1.104978, 46.107067], [-1.104968, 46.10697], [-1.10498, 46.106876], [-1.105033, 46.106407], [-1.105075, 46.10594], [-1.105127, 46.105507], [-1.10516, 46.10515], [-1.10518, 46.10502], [-1.1052, 46.104946], [-1.105233, 46.104877], [-1.1053, 46.10475], [-1.105316, 46.10469], [-1.105275, 46.104633], [-1.105073, 46.104603], [-1.104733, 46.104557], [-1.1044, 46.10447], [-1.1044, 46.10447], [-1.103906, 46.10444], [-1.10341, 46.104385], [-1.103299, 46.104378], [-1.103227, 46.10436], [-1.102891, 46.104317], [-1.102601, 46.1043], [-1.102435, 46.104294], [-1.102346, 46.10428], [-1.102242, 46.10426], [-1.10213, 46.10427], [-1.102061, 46.10431], [-1.10199, 46.104336], [-1.101835, 46.10436], [-1.101647, 46.10437], [-1.101372, 46.10437], [-1.101152, 46.104366], [-1.100753, 46.104324], [-1.100455, 46.104286], [-1.099973, 46.10422], [-1.099488, 46.104153], [-1.09892, 46.10407], [-1.098352, 46.103947], [-1.09814, 46.1039], [-1.0981, 46.10383], [-1.09802, 46.10378], [-1.09793, 46.10376], [-1.09778, 46.10378], [-1.09772, 46.10382], [-1.09745, 46.10389], [-1.09728, 46.1039], [-1.09701, 46.10391], [-1.09676, 46.10388], [-1.09672, 46.10386], [-1.09664, 46.10383], [-1.09653, 46.10383], [-1.09645, 46.10386], [-1.09642, 46.10389], [-1.0964, 46.10391], [-1.09611, 46.10397], [-1.09591, 46.104], [-1.09565, 46.10401], [-1.09511, 46.10405], [-1.09471, 46.10407], [-1.09411, 46.1041], [-1.09402, 46.10408], [-1.09389, 46.10408], [-1.09373, 46.10406], [-1.09367, 46.104], [-1.09359, 46.10396], [-1.09347, 46.10394], [-1.09334, 46.10395], [-1.09324, 46.10398], [-1.09317, 46.10404], [-1.09312, 46.10411], [-1.09312, 46.10418], [-1.09315, 46.10426], [-1.09323, 46.10432], [-1.09335, 46.10437], [-1.0935, 46.10438], [-1.0936, 46.10444], [-1.09371, 46.10453], [-1.09382, 46.10463], [-1.09386, 46.10464], [-1.0939, 46.10471], [-1.09401, 46.10482], [-1.09427, 46.10512], [-1.09444, 46.10528], [-1.09469, 46.10544], [-1.095, 46.10556], [-1.09512, 46.10559], [-1.0955, 46.10565], [-1.09557, 46.10568], [-1.09604, 46.10573], [-1.09658, 46.1058], [-1.09685, 46.10588], [-1.09701, 46.106], [-1.09705, 46.10603], [-1.09714, 46.10604], [-1.09835, 46.10747], [-1.09899, 46.10821], [-1.09964, 46.10896], [-1.10106, 46.11071], [-1.10242, 46.11231], [-1.10608, 46.11681], [-1.10749, 46.11851], [-1.10762, 46.11866], [-1.10781, 46.1189], [-1.10782, 46.11902], [-1.108, 46.11928], [-1.10809, 46.11946], [-1.10813, 46.1196], [-1.10816, 46.1198], [-1.10819, 46.12005], [-1.10819, 46.12027], [-1.10815, 46.12064], [-1.10809, 46.12093], [-1.10805, 46.12112], [-1.108, 46.12134], [-1.10795, 46.12166], [-1.10796, 46.12197], [-1.10804, 46.12218], [-1.10815, 46.12241], [-1.10834, 46.12265], [-1.10869, 46.12295], [-1.10887, 46.12306], [-1.10909, 46.12317], [-1.10933, 46.12327], [-1.11056, 46.12371], [-1.11114, 46.12393], [-1.11134, 46.12402], [-1.11166, 46.12418], [-1.11206, 46.12443], [-1.11227, 46.12457], [-1.11257, 46.12484], [-1.11271, 46.12498], [-1.11307, 46.12542], [-1.11354, 46.126], [-1.11447, 46.12714], [-1.1153, 46.12815], [-1.11628, 46.12934], [-1.1166, 46.12972], [-1.11763, 46.13101], [-1.11918, 46.13289], [-1.1195, 46.13327], [-1.11965, 46.13322], [-1.12026, 46.13299], [-1.12068, 46.13282], [-1.12141, 46.1326], [-1.12177, 46.13252], [-1.12184, 46.13255], [-1.12195, 46.13256], [-1.122, 46.13253], [-1.12201, 46.1325], [-1.12223, 46.13252], [-1.12246, 46.13251], [-1.1227, 46.1325], [-1.12311, 46.13254], [-1.12365, 46.13263], [-1.12386, 46.13268], [-1.12494, 46.13296], [-1.12545, 46.13312], [-1.12584, 46.13238], [-1.12605, 46.13197], [-1.12613, 46.13179], [-1.12613, 46.13126], [-1.12619, 46.13126], [-1.12629, 46.13125], [-1.12637, 46.1312], [-1.1264, 46.13113], [-1.12638, 46.13106], [-1.12632, 46.131], [-1.12621, 46.13098], [-1.12611, 46.13099], [-1.12603, 46.13104], [-1.12599, 46.1311], [-1.126, 46.13117], [-1.12607, 46.13123], [-1.12611, 46.13125], [-1.12613, 46.13126], [-1.126066, 46.131687]]}}, {"type": "Feature", "properties": {"route_short_name": "271", "route_long_name": "Coll\u00e8ge A. Malraux <> Salles-sur-Mer", "shape_id": "CA_LA_ROCHELLE:JourneyPattern:271_ECCC39DACBBE750B507F089BE3E43FC3", "n_points": 340, "n_shape_variants_in_source": 2}, "geometry": {"type": "LineString", "coordinates": [[-1.087855, 46.079807], [-1.088393, 46.080025], [-1.088409, 46.08005], [-1.088365, 46.080166], [-1.088373, 46.0802], [-1.08992, 46.08108], [-1.09093, 46.08166], [-1.09102, 46.0817], [-1.09108, 46.08168], [-1.09112, 46.08166], [-1.09114, 46.08163], [-1.0911, 46.08155], [-1.09079, 46.08096], [-1.0905, 46.08043], [-1.08974, 46.07938], [-1.0891, 46.0785], [-1.088461, 46.077454], [-1.088461, 46.077454], [-1.08822, 46.07719], [-1.08815, 46.0771], [-1.08811, 46.07699], [-1.08808, 46.07694], [-1.08811, 46.0769], [-1.0881, 46.07686], [-1.08806, 46.07681], [-1.088, 46.07681], [-1.08789, 46.07684], [-1.0878, 46.0769], [-1.08767, 46.07693], [-1.08746, 46.07694], [-1.08682, 46.07702], [-1.08609, 46.07712], [-1.08484, 46.0773], [-1.08408, 46.07742], [-1.08376, 46.07748], [-1.08339, 46.07761], [-1.08248, 46.07805], [-1.08236, 46.0781], [-1.08233, 46.07811], [-1.0823, 46.07808], [-1.0822, 46.07804], [-1.08212, 46.07805], [-1.08204, 46.07812], [-1.08207, 46.07821], [-1.08215, 46.07824], [-1.0821, 46.07831], [-1.08199, 46.07843], [-1.08184, 46.07856], [-1.08099, 46.07923], [-1.08024, 46.07983], [-1.08003, 46.08004], [-1.07989, 46.08023], [-1.07985, 46.08026], [-1.07982, 46.08028], [-1.07975, 46.08035], [-1.07958, 46.08045], [-1.07951, 46.08048], [-1.07944, 46.08054], [-1.07941, 46.0806], [-1.07943, 46.08067], [-1.07952, 46.08072], [-1.07957, 46.08074], [-1.07977, 46.0809], [-1.07979, 46.08105], [-1.07978, 46.0813], [-1.0797, 46.08157], [-1.07959, 46.08175], [-1.07941, 46.08195], [-1.07917, 46.08212], [-1.07898, 46.08221], [-1.07816, 46.0825], [-1.07729, 46.08281], [-1.07669, 46.08295], [-1.07616, 46.08304], [-1.07595, 46.08307], [-1.07571, 46.08307], [-1.0756, 46.08302], [-1.07551, 46.08293], [-1.07551, 46.08289], [-1.0755, 46.08285], [-1.07543, 46.08277], [-1.0753, 46.08273], [-1.07517, 46.08274], [-1.07505, 46.0828], [-1.07503, 46.08284], [-1.07502, 46.08288], [-1.07425, 46.08338], [-1.07356, 46.08372], [-1.07322, 46.08384], [-1.07178, 46.084126], [-1.07178, 46.084126], [-1.070209, 46.08452], [-1.069599, 46.08466], [-1.069104, 46.08478], [-1.06859, 46.08494], [-1.068264, 46.08507], [-1.067951, 46.08522], [-1.067469, 46.085476], [-1.067014, 46.085712], [-1.066737, 46.085823], [-1.066596, 46.085873], [-1.066455, 46.08591], [-1.066234, 46.08597], [-1.066002, 46.08602], [-1.064813, 46.08625], [-1.064216, 46.086365], [-1.063902, 46.086414], [-1.063641, 46.08647], [-1.063476, 46.086506], [-1.063323, 46.086548], [-1.063127, 46.08661], [-1.063031, 46.086636], [-1.062938, 46.086678], [-1.062745, 46.086773], [-1.062552, 46.0869], [-1.061827, 46.087414], [-1.061505, 46.087624], [-1.061367, 46.087704], [-1.06091, 46.08789], [-1.060639, 46.087994], [-1.06045, 46.08808], [-1.0604, 46.08811], [-1.060335, 46.088127], [-1.060272, 46.088116], [-1.060192, 46.088028], [-1.060077, 46.087933], [-1.059924, 46.087807], [-1.059837, 46.087727], [-1.059838, 46.087563], [-1.059751, 46.087494], [-1.059664, 46.08746], [-1.059561, 46.087482], [-1.05952, 46.087543], [-1.059561, 46.0876], [-1.059625, 46.08763], [-1.05971, 46.087673], [-1.059793, 46.08772], [-1.059893, 46.08781], [-1.059938, 46.087845], [-1.060119, 46.087994], [-1.060175, 46.088108], [-1.06029, 46.08823], [-1.06027, 46.08839], [-1.06033, 46.08916], [-1.06035, 46.08945], [-1.0604, 46.09031], [-1.06048, 46.09206], [-1.06052, 46.09284], [-1.06053, 46.09302], [-1.06052, 46.09334], [-1.06048, 46.09349], [-1.06036, 46.09372], [-1.06012, 46.09396], [-1.05998, 46.09407], [-1.05896, 46.09469], [-1.05838, 46.09505], [-1.05678, 46.09605], [-1.05653, 46.09625], [-1.05626, 46.09649], [-1.05498, 46.09777], [-1.05472, 46.09805], [-1.05451, 46.09834], [-1.05444, 46.09852], [-1.05428, 46.09903], [-1.05392, 46.10021], [-1.05372, 46.101], [-1.05319, 46.10237], [-1.05309, 46.10276], [-1.05306, 46.103], [-1.05305, 46.10311], [-1.05304, 46.10311], [-1.05303, 46.10312], [-1.05301, 46.10313], [-1.053, 46.10315], [-1.05301, 46.10318], [-1.05302, 46.10319], [-1.053, 46.10322], [-1.05266, 46.10402], [-1.052358, 46.10455], [-1.052358, 46.10455], [-1.052347, 46.10475], [-1.052301, 46.10493], [-1.052258, 46.10515], [-1.052236, 46.105286], [-1.052239, 46.105427], [-1.052267, 46.105595], [-1.052262, 46.105644], [-1.052236, 46.105682], [-1.052239, 46.105732], [-1.052266, 46.105762], [-1.052343, 46.10577], [-1.052389, 46.105755], [-1.05244, 46.105736], [-1.052504, 46.10573], [-1.05258, 46.105724], [-1.052672, 46.105713], [-1.052895, 46.105644], [-1.053151, 46.10556], [-1.053382, 46.105473], [-1.053601, 46.10538], [-1.053671, 46.105343], [-1.053742, 46.10528], [-1.053864, 46.105194], [-1.053908, 46.105164], [-1.05398, 46.105137], [-1.054293, 46.105022], [-1.054625, 46.104927], [-1.054939, 46.104855], [-1.055109, 46.104828], [-1.055203, 46.104813], [-1.055296, 46.104805], [-1.055374, 46.104782], [-1.05546, 46.104767], [-1.055624, 46.10475], [-1.055875, 46.104736], [-1.055996, 46.104744], [-1.056129, 46.10474], [-1.056744, 46.104706], [-1.057457, 46.104645], [-1.058, 46.104603], [-1.058185, 46.10459], [-1.058338, 46.104584], [-1.058397, 46.104572], [-1.058456, 46.10459], [-1.058473, 46.10463], [-1.058461, 46.104664], [-1.058362, 46.105064], [-1.058256, 46.105396], [-1.058229, 46.105545], [-1.058218, 46.105682], [-1.058216, 46.10596], [-1.058238, 46.10615], [-1.058266, 46.10636], [-1.058254, 46.106415], [-1.058211, 46.106445], [-1.058191, 46.106487], [-1.0582, 46.106533], [-1.058236, 46.106583], [-1.058294, 46.106586], [-1.058357, 46.106583], [-1.058416, 46.10655], [-1.058474, 46.10652], [-1.058566, 46.106518], [-1.058677, 46.106544], [-1.059655, 46.106766], [-1.059655, 46.106766], [-1.060319, 46.10682], [-1.060884, 46.1069], [-1.060997, 46.10692], [-1.061139, 46.10697], [-1.06143, 46.10714], [-1.061654, 46.10728], [-1.061991, 46.107513], [-1.062315, 46.107754], [-1.062778, 46.108105], [-1.062999, 46.108288], [-1.06324, 46.10846], [-1.0642, 46.109188], [-1.064673, 46.109554], [-1.065166, 46.109913], [-1.065556, 46.110207], [-1.06594, 46.11049], [-1.06647, 46.11088], [-1.06694, 46.11112], [-1.067308, 46.111336], [-1.067308, 46.111336], [-1.0683, 46.11178], [-1.06895, 46.11209], [-1.06923, 46.11225], [-1.06944, 46.11244], [-1.0696, 46.11263], [-1.0699, 46.11298], [-1.07019, 46.11329], [-1.07056, 46.11358], [-1.07145, 46.11412], [-1.0719, 46.11437], [-1.07309, 46.115], [-1.0746, 46.11576], [-1.07563, 46.11629], [-1.07576, 46.11636], [-1.07729, 46.11722], [-1.07805, 46.11773], [-1.07817, 46.11779], [-1.07823, 46.11768], [-1.07846, 46.11723], [-1.07878, 46.11661], [-1.07918, 46.11597], [-1.0794, 46.11565], [-1.07952, 46.11551], [-1.07976, 46.11518], [-1.08027, 46.11446], [-1.08052, 46.11415], [-1.08068, 46.11395], [-1.08104, 46.11361], [-1.08113, 46.11352], [-1.08166, 46.11317], [-1.08208, 46.11291], [-1.08244, 46.1126], [-1.08258, 46.11242], [-1.08295, 46.11176], [-1.08353, 46.11085], [-1.08382, 46.11039], [-1.08419, 46.10969], [-1.08484, 46.10831], [-1.08517, 46.10782], [-1.08578, 46.10696], [-1.086, 46.10671], [-1.08622, 46.10651], [-1.08689, 46.1059], [-1.08774, 46.10529], [-1.08812, 46.10504], [-1.08911, 46.10441], [-1.08928, 46.10434], [-1.08923, 46.10431], [-1.08918, 46.10429], [-1.08856, 46.10426], [-1.08811, 46.10428], [-1.0878, 46.10432], [-1.0873, 46.10444], [-1.08669, 46.10454], [-1.08572, 46.10466], [-1.08518, 46.10468], [-1.08505, 46.10466], [-1.08491, 46.1046], [-1.08461, 46.10429], [-1.08433, 46.10414], [-1.08403, 46.1041], [-1.08346, 46.10412], [-1.0831, 46.10412], [-1.0823, 46.1042], [-1.08182, 46.10422], [-1.08154, 46.10416], [-1.08123, 46.104], [-1.08076, 46.10373], [-1.08051, 46.10361], [-1.0804, 46.10359], [-1.08013, 46.10358], [-1.07973, 46.1036], [-1.07936, 46.10362], [-1.083269, 46.104084]]}}, {"type": "Feature", "properties": {"route_short_name": "272", "route_long_name": "Coll\u00e8ge A. Malraux <> Thair\u00e9", "shape_id": "CA_LA_ROCHELLE:JourneyPattern:272_B0F75D503C00B8D40EED0E9FF0F188B4", "n_points": 522, "n_shape_variants_in_source": 4}, "geometry": {"type": "LineString", "coordinates": [[-1.087855, 46.079807], [-1.088393, 46.080025], [-1.088409, 46.08005], [-1.088365, 46.080166], [-1.088373, 46.0802], [-1.08992, 46.08108], [-1.09093, 46.08166], [-1.09102, 46.0817], [-1.09108, 46.08168], [-1.09112, 46.08166], [-1.09114, 46.08163], [-1.0911, 46.08155], [-1.09079, 46.08096], [-1.0905, 46.08043], [-1.08974, 46.07938], [-1.0891, 46.0785], [-1.088461, 46.077454], [-1.088461, 46.077454], [-1.08822, 46.07719], [-1.08815, 46.0771], [-1.08811, 46.07699], [-1.08808, 46.07694], [-1.08811, 46.0769], [-1.0881, 46.07686], [-1.08806, 46.07681], [-1.088, 46.07681], [-1.08789, 46.07684], [-1.0878, 46.0769], [-1.08767, 46.07693], [-1.08746, 46.07694], [-1.08682, 46.07702], [-1.08609, 46.07712], [-1.08484, 46.0773], [-1.08408, 46.07742], [-1.08376, 46.07748], [-1.08339, 46.07761], [-1.08248, 46.07805], [-1.08236, 46.0781], [-1.08233, 46.07811], [-1.0823, 46.07808], [-1.0822, 46.07804], [-1.08212, 46.07805], [-1.08204, 46.07812], [-1.08207, 46.07821], [-1.08215, 46.07824], [-1.0821, 46.07831], [-1.08199, 46.07843], [-1.08184, 46.07856], [-1.08099, 46.07923], [-1.08024, 46.07983], [-1.08003, 46.08004], [-1.07989, 46.08023], [-1.07985, 46.08026], [-1.07982, 46.08028], [-1.07975, 46.08035], [-1.07958, 46.08045], [-1.07951, 46.08048], [-1.07944, 46.08054], [-1.07941, 46.0806], [-1.07943, 46.08067], [-1.07952, 46.08072], [-1.07957, 46.08074], [-1.07977, 46.0809], [-1.07979, 46.08105], [-1.07978, 46.0813], [-1.0797, 46.08157], [-1.07959, 46.08175], [-1.07941, 46.08195], [-1.07917, 46.08212], [-1.07898, 46.08221], [-1.07816, 46.0825], [-1.07729, 46.08281], [-1.07669, 46.08295], [-1.07616, 46.08304], [-1.07595, 46.08307], [-1.07571, 46.08307], [-1.0756, 46.08302], [-1.07551, 46.08293], [-1.07551, 46.08289], [-1.0755, 46.08285], [-1.07543, 46.08277], [-1.0753, 46.08273], [-1.07524, 46.08272], [-1.07505, 46.08263], [-1.07493, 46.08255], [-1.07478, 46.0825], [-1.073966, 46.082413], [-1.073717, 46.08245], [-1.073502, 46.082447], [-1.073303, 46.08243], [-1.07169, 46.0822], [-1.071436, 46.08216], [-1.071193, 46.082138], [-1.070865, 46.082138], [-1.070528, 46.08215], [-1.070179, 46.082172], [-1.06965, 46.08224], [-1.069388, 46.08228], [-1.069133, 46.08231], [-1.068924, 46.082325], [-1.068685, 46.082336], [-1.068396, 46.08234], [-1.068151, 46.082336], [-1.067917, 46.082317], [-1.067751, 46.0823], [-1.067375, 46.08225], [-1.067009, 46.08218], [-1.064191, 46.08161], [-1.061383, 46.08104], [-1.059403, 46.08063], [-1.058422, 46.080433], [-1.058173, 46.080383], [-1.058018, 46.080364], [-1.057905, 46.080345], [-1.057832, 46.080315], [-1.057787, 46.08028], [-1.057716, 46.080257], [-1.057643, 46.08026], [-1.057557, 46.08027], [-1.057483, 46.08026], [-1.05742, 46.080246], [-1.05693, 46.08013], [-1.056439, 46.080036], [-1.055945, 46.07993], [-1.055458, 46.079826], [-1.054968, 46.079727], [-1.054494, 46.079643], [-1.05438, 46.07965], [-1.05432, 46.079712], [-1.054281, 46.079784], [-1.054248, 46.079853], [-1.054172, 46.079876], [-1.054244, 46.07996], [-1.054281, 46.08], [-1.054337, 46.080044], [-1.054415, 46.080055], [-1.05449, 46.08002], [-1.054511, 46.079956], [-1.054479, 46.079906], [-1.054442, 46.079853], [-1.054403, 46.079792], [-1.054387, 46.079735], [-1.054393, 46.079685], [-1.054401, 46.079655], [-1.054369, 46.079628], [-1.053595, 46.079502], [-1.053218, 46.07944], [-1.05283, 46.0794], [-1.052593, 46.079372], [-1.052503, 46.079357], [-1.052435, 46.079338], [-1.052398, 46.07932], [-1.052332, 46.07931], [-1.052291, 46.07934], [-1.05226, 46.07938], [-1.052238, 46.07942], [-1.05205, 46.079567], [-1.052003, 46.079594], [-1.05195, 46.07961], [-1.0519, 46.079624], [-1.051815, 46.07963], [-1.051718, 46.07963], [-1.051623, 46.079643], [-1.051136, 46.07976], [-1.050302, 46.079983], [-1.049322, 46.080265], [-1.048861, 46.0804], [-1.048555, 46.08047], [-1.04815, 46.08056], [-1.04579, 46.08094], [-1.045145, 46.08106], [-1.044813, 46.081127], [-1.044526, 46.081192], [-1.044066, 46.08131], [-1.04358, 46.08147], [-1.04335, 46.08154], [-1.042878, 46.081707], [-1.042412, 46.081863], [-1.041973, 46.08199], [-1.041539, 46.0821], [-1.040995, 46.082233], [-1.04047, 46.082348], [-1.039935, 46.082447], [-1.039493, 46.082527], [-1.039067, 46.082603], [-1.03785, 46.08283], [-1.037096, 46.082977], [-1.036599, 46.083088], [-1.036054, 46.083237], [-1.035667, 46.08335], [-1.035379, 46.083454], [-1.03515, 46.08354], [-1.034701, 46.083702], [-1.034275, 46.083862], [-1.032875, 46.084454], [-1.032167, 46.084763], [-1.031811, 46.08491], [-1.031475, 46.08505], [-1.031235, 46.085133], [-1.031042, 46.08519], [-1.0308, 46.08525], [-1.030501, 46.085316], [-1.030307, 46.085342], [-1.030116, 46.08536], [-1.029803, 46.085384], [-1.029489, 46.08539], [-1.027598, 46.08539], [-1.026645, 46.085384], [-1.02571, 46.08538], [-1.025455, 46.085365], [-1.02521, 46.08535], [-1.025001, 46.08532], [-1.023221, 46.084953], [-1.022884, 46.084896], [-1.022673, 46.08486], [-1.022493, 46.084846], [-1.02232, 46.08484], [-1.022198, 46.08483], [-1.022087, 46.084835], [-1.02203, 46.08482], [-1.022024, 46.08477], [-1.022064, 46.084606], [-1.022082, 46.08452], [-1.022086, 46.084446], [-1.02208, 46.08437], [-1.02205, 46.08434], [-1.02197, 46.084297], [-1.021872, 46.084263], [-1.021786, 46.08424], [-1.021187, 46.08422], [-1.020908, 46.084213], [-1.020653, 46.084206], [-1.02013, 46.08419], [-1.01993, 46.08417], [-1.019818, 46.084152], [-1.019741, 46.084118], [-1.019563, 46.08397], [-1.019563, 46.08397], [-1.01892, 46.08361], [-1.01874, 46.08346], [-1.01859, 46.08303], [-1.01839, 46.08269], [-1.01801, 46.08213], [-1.01793, 46.08202], [-1.0176, 46.08177], [-1.01685, 46.08123], [-1.01657, 46.081], [-1.01649, 46.08088], [-1.01643, 46.08074], [-1.01643, 46.08032], [-1.01642, 46.08021], [-1.01639, 46.08014], [-1.01635, 46.08008], [-1.01629, 46.08005], [-1.01575, 46.07989], [-1.01523, 46.07969], [-1.0147, 46.07944], [-1.01433, 46.07929], [-1.01394, 46.07907], [-1.01338, 46.07853], [-1.01302, 46.07822], [-1.01265, 46.078], [-1.0121, 46.07776], [-1.01122, 46.07754], [-1.01064, 46.07741], [-1.0105, 46.07738], [-1.0104, 46.07733], [-1.01009, 46.0772], [-1.01002, 46.0772], [-1.00996, 46.07714], [-1.00993, 46.07711], [-1.00995, 46.07709], [-1.00995, 46.07704], [-1.00992, 46.07689], [-1.00987, 46.07666], [-1.00992, 46.07643], [-1.01009, 46.076], [-1.01023, 46.07547], [-1.01027, 46.07535], [-1.01028, 46.07514], [-1.01028, 46.07494], [-1.01031, 46.07435], [-1.01022, 46.07407], [-1.01023, 46.07407], [-1.01025, 46.07406], [-1.01029, 46.07404], [-1.01032, 46.07402], [-1.01033, 46.07396], [-1.01029, 46.0739], [-1.0102, 46.07388], [-1.01019, 46.07388], [-1.01014, 46.07373], [-1.01005, 46.07353], [-1.01, 46.07335], [-1.00995, 46.07303], [-1.00987, 46.07206], [-1.00982, 46.07176], [-1.00958, 46.07087], [-1.00942, 46.07045], [-1.00938, 46.07036], [-1.00936, 46.07032], [-1.0093, 46.07033], [-1.00919, 46.07035], [-1.009, 46.07056], [-1.00886, 46.07068], [-1.00875, 46.07074], [-1.00825, 46.07095], [-1.00765, 46.07117], [-1.00638, 46.07166], [-1.00548, 46.07202], [-1.00506, 46.07218], [-1.00452, 46.07216], [-1.00365, 46.07214], [-1.00315, 46.07217], [-1.00249, 46.07225], [-1.00231, 46.07228], [-1.00212, 46.07226], [-1.00198, 46.07224], [-1.00133, 46.07219], [-1.00074, 46.07217], [-1.00026, 46.07211], [-0.99939, 46.0719], [-0.99874, 46.07173], [-0.99797, 46.07154], [-0.99788, 46.07178], [-0.99772, 46.07209], [-0.99746, 46.07254], [-0.99702, 46.07331], [-0.99693, 46.07348], [-0.99691, 46.07362], [-0.99746, 46.07365], [-0.99805, 46.07369], [-0.99795, 46.07408], [-0.997863, 46.074257], [-0.99739, 46.07609], [-0.99729, 46.07635], [-0.99719, 46.07646], [-0.9971, 46.07654], [-0.99676, 46.07674], [-0.9964, 46.0769], [-0.9956, 46.07729], [-0.99397, 46.07806], [-0.99156, 46.07921], [-0.99119, 46.07936], [-0.99082, 46.07947], [-0.98978, 46.07977], [-0.98951, 46.07986], [-0.98921, 46.08001], [-0.9886, 46.08042], [-0.98776, 46.08098], [-0.98756, 46.0811], [-0.98493, 46.08234], [-0.98445, 46.08248], [-0.98353, 46.08268], [-0.98204, 46.08299], [-0.98158, 46.0831], [-0.98096, 46.08346], [-0.97906, 46.08451], [-0.97871, 46.0847], [-0.97825, 46.08491], [-0.97799, 46.08498], [-0.97765, 46.08503], [-0.97752, 46.0851], [-0.97732, 46.08503], [-0.97697, 46.08495], [-0.97658, 46.08485], [-0.97627, 46.08479], [-0.97456, 46.08436], [-0.97246, 46.08387], [-0.96982, 46.0835], [-0.96656, 46.08306], [-0.96573, 46.08297], [-0.96532, 46.08293], [-0.96526, 46.0829], [-0.96529, 46.08286], [-0.96529, 46.08277], [-0.96607, 46.08234], [-0.966522, 46.082176], [-0.966522, 46.082176], [-0.96691, 46.08194], [-0.96713, 46.08182], [-0.96796, 46.08135], [-0.96861, 46.08091], [-0.96928, 46.08035], [-0.96995, 46.07968], [-0.9703, 46.07943], [-0.97044, 46.07934], [-0.97131, 46.07881], [-0.97184, 46.07853], [-0.97253, 46.07825], [-0.97341, 46.07791], [-0.97385, 46.07769], [-0.97395, 46.07763], [-0.97482, 46.07712], [-0.97596, 46.07638], [-0.97716, 46.07569], [-0.97772, 46.07535], [-0.97824, 46.07503], [-0.97858, 46.07476], [-0.97906, 46.0743], [-0.97968, 46.07372], [-0.98007, 46.07341], [-0.98049, 46.0731], [-0.98117, 46.07262], [-0.98161, 46.07229], [-0.98208, 46.07189], [-0.9826, 46.07137], [-0.98286, 46.07106], [-0.98307, 46.07078], [-0.98321, 46.07055], [-0.98324, 46.07039], [-0.9833, 46.0701], [-0.98338, 46.06981], [-0.98364, 46.06925], [-0.98378, 46.06884], [-0.98391, 46.06859], [-0.98396, 46.06852], [-0.98404, 46.06848], [-0.9841, 46.06842], [-0.984186, 46.06826], [-0.98437, 46.06728], [-0.98439, 46.06713], [-0.98461, 46.06718], [-0.98504, 46.06728], [-0.98596, 46.06748], [-0.98796, 46.06794], [-0.98883, 46.06819], [-0.99022, 46.06864], [-0.99116, 46.06897], [-0.99182, 46.06919], [-0.99211, 46.06927], [-0.99292, 46.06954], [-0.99418, 46.06999], [-0.99481, 46.07026], [-0.99505, 46.07036], [-0.99644, 46.07103], [-0.99686, 46.07122], [-0.99733, 46.07138], [-0.99874, 46.07173], [-0.99939, 46.0719], [-1.00026, 46.07211], [-1.00074, 46.07217], [-1.00133, 46.07219], [-1.00198, 46.07224], [-1.00212, 46.07226], [-1.00231, 46.07228], [-1.00249, 46.07225], [-1.00283, 46.07221], [-1.00315, 46.07217], [-1.00365, 46.07214], [-1.00452, 46.07216], [-1.00506, 46.07218], [-1.00548, 46.07202], [-1.00638, 46.07166], [-1.00765, 46.07117], [-1.00825, 46.07095], [-1.00875, 46.07074], [-1.00886, 46.07068], [-1.009, 46.07056], [-1.00917, 46.07049], [-1.00934, 46.07046], [-1.00942, 46.07045], [-1.00947, 46.07057], [-1.00955, 46.07077], [-1.00973, 46.07138], [-1.00986, 46.07199], [-1.00998, 46.07327], [-1.01007, 46.07359], [-1.01019, 46.07388], [-1.01017, 46.07388], [-1.01015, 46.07388], [-1.01013, 46.07389], [-1.01009, 46.07391], [-1.01006, 46.07397], [-1.01009, 46.07403], [-1.01017, 46.07407], [-1.01026, 46.07406], [-1.01032, 46.07401], [-1.01033, 46.074], [-1.01092, 46.07405], [-1.01136, 46.07408], [-1.01238, 46.07412], [-1.01292, 46.07408], [-1.01338, 46.07403], [-1.01369, 46.07402], [-1.01435, 46.07404], [-1.01595, 46.07421], [-1.01642, 46.07424], [-1.01678, 46.07424], [-1.01782, 46.07408], [-1.01802, 46.0741], [-1.01823, 46.07413], [-1.01865, 46.07419], [-1.01914, 46.0742], [-1.01968, 46.07415], [-1.02024, 46.07404], [-1.02107, 46.07381], [-1.02173, 46.07365], [-1.02239, 46.07358], [-1.02308, 46.07354], [-1.02348, 46.07354], [-1.02368, 46.07357], [-1.02386, 46.0736], [-1.02411, 46.07369], [-1.025, 46.074], [-1.02577, 46.07426], [-1.02644, 46.07439], [-1.02673, 46.07441], [-1.02722, 46.07439], [-1.02816, 46.0743], [-1.0287, 46.07429], [-1.02901, 46.07432], [-1.02982, 46.07456], [-1.03067, 46.07483], [-1.03093, 46.07493], [-1.03154, 46.07523], [-1.0318, 46.07533], [-1.03218, 46.07541], [-1.03284, 46.07547], [-1.03346, 46.0755], [-1.03404, 46.07554], [-1.0345, 46.075706]]}}, {"type": "Feature", "properties": {"route_short_name": "273", "route_long_name": "Coll\u00e8ge A. Malraux <> Yves via Ch\u00e2telaillon-Plage", "shape_id": "CA_LA_ROCHELLE:JourneyPattern:273_E84DAE84838764717BB816C1845C2DD4", "n_points": 376, "n_shape_variants_in_source": 2}, "geometry": {"type": "LineString", "coordinates": [[-1.087855, 46.079807], [-1.088344, 46.079998], [-1.088355, 46.080036], [-1.088307, 46.080124], [-1.088323, 46.08017], [-1.08992, 46.08108], [-1.09093, 46.08166], [-1.09102, 46.0817], [-1.09124, 46.08181], [-1.09133, 46.08199], [-1.09147, 46.08223], [-1.09165, 46.08245], [-1.09239, 46.08323], [-1.09255, 46.08347], [-1.09273, 46.08369], [-1.0929, 46.08382], [-1.09298, 46.08393], [-1.09307, 46.08395], [-1.09316, 46.08394], [-1.09321, 46.08391], [-1.09323, 46.08385], [-1.09322, 46.08382], [-1.09326, 46.08376], [-1.09335, 46.08368], [-1.0937, 46.08354], [-1.0939, 46.08348], [-1.09446, 46.0833], [-1.09472, 46.08328], [-1.09476, 46.08331], [-1.09553, 46.08319], [-1.0956, 46.08318], [-1.09561, 46.08309], [-1.09561, 46.08301], [-1.09557, 46.08294], [-1.09545, 46.08285], [-1.09528, 46.08254], [-1.09496, 46.08203], [-1.09402, 46.08042], [-1.09333, 46.07926], [-1.09284, 46.07844], [-1.09258, 46.07796], [-1.09263, 46.07793], [-1.09263, 46.07787], [-1.09259, 46.07783], [-1.0925, 46.07783], [-1.09196, 46.07696], [-1.09088, 46.07514], [-1.09058, 46.07459], [-1.08995, 46.07354], [-1.089766, 46.073128], [-1.089766, 46.073128], [-1.089547, 46.072845], [-1.089413, 46.072636], [-1.089377, 46.072582], [-1.089391, 46.07253], [-1.089497, 46.072178], [-1.089594, 46.071854], [-1.089698, 46.07153], [-1.089958, 46.070694], [-1.090088, 46.07028], [-1.090223, 46.069862], [-1.090384, 46.06937], [-1.090563, 46.06887], [-1.090563, 46.06887], [-1.090986, 46.06739], [-1.091222, 46.06665], [-1.091341, 46.06628], [-1.09148, 46.065914], [-1.091865, 46.06463], [-1.092067, 46.063984], [-1.092166, 46.063663], [-1.092215, 46.0635], [-1.092248, 46.063408], [-1.092271, 46.063324], [-1.09226, 46.063255], [-1.09222, 46.063194], [-1.092147, 46.063126], [-1.092067, 46.06307], [-1.091729, 46.06282], [-1.09166, 46.062775], [-1.091608, 46.062737], [-1.091568, 46.062683], [-1.091531, 46.062504], [-1.091558, 46.06231], [-1.091558, 46.06231], [-1.091365, 46.061615], [-1.091349, 46.061527], [-1.09131, 46.06145], [-1.091256, 46.061394], [-1.091197, 46.061344], [-1.090641, 46.060963], [-1.090424, 46.06079], [-1.090235, 46.060616], [-1.090088, 46.060432], [-1.089954, 46.060246], [-1.08982, 46.060005], [-1.089651, 46.059566], [-1.089585, 46.05945], [-1.089508, 46.059353], [-1.089428, 46.0593], [-1.089318, 46.059258], [-1.088633, 46.059013], [-1.088066, 46.058784], [-1.088066, 46.058784], [-1.08761, 46.05866], [-1.087428, 46.05859], [-1.087211, 46.05854], [-1.086846, 46.05847], [-1.086801, 46.058453], [-1.086782, 46.05843], [-1.086758, 46.0584], [-1.08672, 46.05838], [-1.08668, 46.058384], [-1.086646, 46.058414], [-1.08662, 46.058434], [-1.086573, 46.058437], [-1.086529, 46.058445], [-1.086486, 46.058445], [-1.086441, 46.058422], [-1.08635, 46.05839], [-1.086191, 46.058346], [-1.086038, 46.05831], [-1.08568, 46.05823], [-1.085192, 46.05814], [-1.08469, 46.05807], [-1.084265, 46.058033], [-1.083831, 46.058002], [-1.083687, 46.05801], [-1.083551, 46.058037], [-1.083434, 46.05805], [-1.083317, 46.058044], [-1.083242, 46.058033], [-1.083191, 46.058018], [-1.08317, 46.05801], [-1.083148, 46.057983], [-1.083099, 46.057953], [-1.083019, 46.057938], [-1.082956, 46.05795], [-1.08292, 46.05797], [-1.082879, 46.057987], [-1.082801, 46.057983], [-1.082563, 46.05794], [-1.082277, 46.057854], [-1.082277, 46.057854], [-1.082112, 46.05785], [-1.081943, 46.057823], [-1.081626, 46.057796], [-1.081438, 46.05779], [-1.081277, 46.057785], [-1.08059, 46.05773], [-1.08045, 46.057716], [-1.08031, 46.05772], [-1.080101, 46.057743], [-1.079872, 46.05777], [-1.079738, 46.05778], [-1.079634, 46.057777], [-1.079527, 46.057762], [-1.079359, 46.05772], [-1.078474, 46.05743], [-1.076755, 46.056793], [-1.076587, 46.056774], [-1.076538, 46.056736], [-1.076528, 46.056698], [-1.076515, 46.056664], [-1.07647, 46.05664], [-1.076415, 46.056637], [-1.07638, 46.05666], [-1.076352, 46.05669], [-1.076271, 46.05674], [-1.07619, 46.05678], [-1.076065, 46.056847], [-1.07595, 46.05693], [-1.07558, 46.05718], [-1.074733, 46.057774], [-1.074333, 46.05806], [-1.074013, 46.058273], [-1.073862, 46.058384], [-1.073709, 46.05848], [-1.073567, 46.05855], [-1.073427, 46.058605], [-1.07332, 46.05863], [-1.073195, 46.058643], [-1.073055, 46.058647], [-1.072411, 46.05862], [-1.070713, 46.05852], [-1.070713, 46.05852], [-1.069995, 46.05853], [-1.069526, 46.05851], [-1.069275, 46.058483], [-1.069034, 46.05846], [-1.067816, 46.058258], [-1.066607, 46.058037], [-1.065958, 46.05793], [-1.065333, 46.05785], [-1.064788, 46.05778], [-1.064279, 46.05774], [-1.064048, 46.057724], [-1.063839, 46.057693], [-1.063009, 46.057575], [-1.062173, 46.057453], [-1.061761, 46.057396], [-1.061623, 46.05738], [-1.06152, 46.057384], [-1.061437, 46.0574], [-1.061364, 46.057392], [-1.061315, 46.05736], [-1.061265, 46.05733], [-1.061116, 46.057297], [-1.060275, 46.057175], [-1.059331, 46.057053], [-1.058858, 46.056984], [-1.058503, 46.05694], [-1.058323, 46.05691], [-1.05824, 46.056892], [-1.058179, 46.05687], [-1.058031, 46.05679], [-1.057593, 46.056522], [-1.057457, 46.056454], [-1.05733, 46.056396], [-1.056972, 46.056248], [-1.056848, 46.05618], [-1.05677, 46.0561], [-1.05636, 46.05558], [-1.0561, 46.05525], [-1.055837, 46.054928], [-1.054303, 46.05307], [-1.05279, 46.05121], [-1.052057, 46.05029], [-1.051686, 46.049828], [-1.051322, 46.04937], [-1.05124, 46.049267], [-1.05115, 46.04919], [-1.051038, 46.049076], [-1.050883, 46.048965], [-1.050717, 46.04886], [-1.050512, 46.048725], [-1.050405, 46.048645], [-1.049645, 46.04772], [-1.049386, 46.047363], [-1.049098, 46.047024], [-1.048113, 46.04582], [-1.047768, 46.04539], [-1.047442, 46.044994], [-1.047236, 46.04469], [-1.047236, 46.04469], [-1.046699, 46.044075], [-1.046432, 46.043766], [-1.046285, 46.0436], [-1.046249, 46.043514], [-1.046227, 46.043446], [-1.046223, 46.043396], [-1.046246, 46.04332], [-1.04632, 46.04319], [-1.04661, 46.04271], [-1.046668, 46.04262], [-1.0467, 46.04254], [-1.04671, 46.04248], [-1.046691, 46.042416], [-1.046653, 46.042362], [-1.04659, 46.042316], [-1.046443, 46.042274], [-1.04631, 46.04226], [-1.046183, 46.042244], [-1.046069, 46.04223], [-1.045943, 46.042206], [-1.045798, 46.04219], [-1.045633, 46.042194], [-1.045493, 46.042206], [-1.045215, 46.04222], [-1.044058, 46.04228], [-1.04383, 46.04234], [-1.043397, 46.042374], [-1.04329, 46.04239], [-1.043189, 46.04242], [-1.043126, 46.04244], [-1.043053, 46.04246], [-1.042992, 46.042454], [-1.042913, 46.042435], [-1.042745, 46.042442], [-1.040955, 46.042603], [-1.039889, 46.0427], [-1.039755, 46.042713], [-1.039663, 46.04271], [-1.039616, 46.04267], [-1.03962, 46.042618], [-1.039656, 46.04255], [-1.039722, 46.042458], [-1.0402, 46.04189], [-1.04028, 46.041813], [-1.04037, 46.041733], [-1.0406, 46.041527], [-1.040755, 46.04138], [-1.041018, 46.041153], [-1.041419, 46.040775], [-1.041773, 46.040424], [-1.042347, 46.039845], [-1.042486, 46.039707], [-1.04262, 46.03957], [-1.043065, 46.039116], [-1.04351, 46.03866], [-1.04421, 46.038], [-1.0443, 46.03791], [-1.044752, 46.037544], [-1.044963, 46.037365], [-1.045155, 46.03718], [-1.04542, 46.0369], [-1.04565, 46.0366], [-1.045816, 46.0363], [-1.045968, 46.036], [-1.046383, 46.03501], [-1.04659, 46.03451], [-1.046785, 46.03402], [-1.04742, 46.03247], [-1.04789, 46.03128], [-1.047955, 46.03114], [-1.048001, 46.030983], [-1.048092, 46.03064], [-1.04813, 46.03037], [-1.048161, 46.03016], [-1.048205, 46.029808], [-1.048226, 46.02937], [-1.04815, 46.02857], [-1.04813, 46.02839], [-1.048049, 46.02801], [-1.047904, 46.02749], [-1.047745, 46.026974], [-1.047168, 46.025127], [-1.046872, 46.024204], [-1.046733, 46.023735], [-1.046586, 46.023273], [-1.04632, 46.022404], [-1.046176, 46.02197], [-1.046109, 46.02175], [-1.046079, 46.021645], [-1.046034, 46.021545], [-1.045932, 46.02136], [-1.045813, 46.0212], [-1.045626, 46.02095], [-1.045571, 46.020844], [-1.045578, 46.02078], [-1.045597, 46.02075], [-1.045653, 46.020725], [-1.045776, 46.020733], [-1.045919, 46.020725], [-1.04604, 46.02072], [-1.046166, 46.020706], [-1.046291, 46.02068], [-1.046405, 46.020638], [-1.046481, 46.020576], [-1.046535, 46.020515], [-1.046558, 46.020428], [-1.04659, 46.020386], [-1.046643, 46.020355], [-1.046731, 46.020344], [-1.046913, 46.020355], [-1.047079, 46.020367], [-1.04755, 46.02039], [-1.047655, 46.02039], [-1.047705, 46.02038], [-1.047756, 46.020355], [-1.047789, 46.02028], [-1.047815, 46.020195], [-1.047843, 46.02005], [-1.047854, 46.019913], [-1.047793, 46.019554], [-1.04767, 46.01919], [-1.04761, 46.01893], [-1.04761, 46.01883], [-1.047647, 46.018654], [-1.047691, 46.0185], [-1.047729, 46.018406], [-1.047799, 46.01827], [-1.047916, 46.018116], [-1.048046, 46.01796], [-1.048222, 46.01775], [-1.048343, 46.017635]]}}, {"type": "Feature", "properties": {"route_short_name": "274", "route_long_name": "Coll\u00e8ge A. Malraux <> La Jarne via Salles-sur-Mer", "shape_id": "CA_LA_ROCHELLE:JourneyPattern:274_C4EF0C4DC1A8C63D1D8965F80FCA9835", "n_points": 281, "n_shape_variants_in_source": 2}, "geometry": {"type": "LineString", "coordinates": [[-1.051991, 46.112465], [-1.05192, 46.11321], [-1.05184, 46.11346], [-1.05158, 46.11419], [-1.05139, 46.11455], [-1.05117, 46.11489], [-1.05023, 46.11601], [-1.049344, 46.117077], [-1.049344, 46.117077], [-1.04912, 46.11747], [-1.04902, 46.11768], [-1.04872, 46.11851], [-1.04855, 46.11904], [-1.0482, 46.12009], [-1.04796, 46.12085], [-1.04785, 46.12156], [-1.04779, 46.12192], [-1.04773, 46.1221], [-1.04708, 46.12331], [-1.04695, 46.12351], [-1.04646, 46.12338], [-1.04315, 46.12254], [-1.04311, 46.12251], [-1.0411, 46.12197], [-1.04007, 46.12173], [-1.04001, 46.12173], [-1.03816, 46.12127], [-1.03476, 46.12041], [-1.02927, 46.11901], [-1.02683, 46.1184], [-1.02681, 46.11837], [-1.02557, 46.11804], [-1.02529, 46.11795], [-1.02527, 46.11792], [-1.02526, 46.11791], [-1.02542, 46.11774], [-1.0261, 46.11737], [-1.02654, 46.11707], [-1.02665, 46.11699], [-1.02694, 46.11672], [-1.0272, 46.11647], [-1.02826, 46.11543], [-1.02843, 46.11527], [-1.02913, 46.11476], [-1.02979, 46.11435], [-1.0299, 46.11429], [-1.03049, 46.11411], [-1.03213, 46.11366], [-1.03291, 46.11345], [-1.03511, 46.11293], [-1.0359, 46.11273], [-1.03776, 46.1121], [-1.04009, 46.11149], [-1.04173, 46.11106], [-1.04442, 46.11037], [-1.04938, 46.10907], [-1.05022, 46.10884], [-1.05041, 46.1088], [-1.05052, 46.10878], [-1.0508, 46.10867], [-1.05128, 46.10842], [-1.05141, 46.10833], [-1.05156, 46.10814], [-1.05165, 46.10794], [-1.0517, 46.10778], [-1.05169, 46.1077], [-1.05171, 46.10765], [-1.05193, 46.10707], [-1.05207, 46.10649], [-1.05222, 46.10599], [-1.05228, 46.10586], [-1.05236, 46.10577], [-1.05237, 46.10577], [-1.05238, 46.10576], [-1.0524, 46.10576], [-1.05242, 46.10574], [-1.05241, 46.10571], [-1.05235, 46.10568], [-1.05234, 46.10568], [-1.0523, 46.10555], [-1.05231, 46.10514], [-1.05237, 46.10478], [-1.05243, 46.10457], [-1.05266, 46.10402], [-1.05269, 46.10393], [-1.053, 46.10322], [-1.05303, 46.1032], [-1.05304, 46.1032], [-1.05305, 46.1032], [-1.05306, 46.1032], [-1.05308, 46.1032], [-1.05313, 46.10319], [-1.05314, 46.10315], [-1.05312, 46.10312], [-1.05308, 46.10311], [-1.05305, 46.10311], [-1.05305, 46.10305], [-1.05313, 46.10257], [-1.05333, 46.10201], [-1.05367, 46.10115], [-1.05377, 46.10082], [-1.05387, 46.10038], [-1.054072, 46.099876], [-1.054072, 46.099876], [-1.054213, 46.099316], [-1.054324, 46.09892], [-1.054386, 46.09872], [-1.054456, 46.09852], [-1.054523, 46.098354], [-1.054622, 46.098206], [-1.054736, 46.098057], [-1.054996, 46.097782], [-1.055505, 46.097263], [-1.055764, 46.097], [-1.056021, 46.09674], [-1.056368, 46.096397], [-1.056436, 46.096367], [-1.056525, 46.09637], [-1.05674, 46.0964], [-1.056893, 46.09642], [-1.05696, 46.09643], [-1.05702, 46.09642], [-1.057078, 46.09639], [-1.057146, 46.096333], [-1.057721, 46.09597], [-1.057834, 46.095905], [-1.057949, 46.09586], [-1.05822, 46.09579], [-1.05863, 46.09575], [-1.058733, 46.09577], [-1.05927, 46.09572], [-1.05932, 46.09566], [-1.05954, 46.09553], [-1.05973, 46.09542], [-1.05992, 46.09516], [-1.06026, 46.09467], [-1.06046, 46.09432], [-1.06048, 46.09424], [-1.06054, 46.09401], [-1.060576, 46.09386], [-1.060582, 46.093803], [-1.060566, 46.093773], [-1.06054, 46.093754], [-1.060492, 46.09371], [-1.060471, 46.093662], [-1.06049, 46.093544], [-1.060535, 46.093403], [-1.060574, 46.09316], [-1.06051, 46.09248], [-1.0604, 46.09036], [-1.060483, 46.09025], [-1.06035, 46.08945], [-1.06032, 46.08868], [-1.06034, 46.08839], [-1.06036, 46.08825], [-1.06043, 46.08816], [-1.06091, 46.08789], [-1.06138, 46.08771], [-1.06184, 46.08742], [-1.06265, 46.08686], [-1.063, 46.08668], [-1.06332, 46.08657], [-1.06348, 46.08653], [-1.06601, 46.08603], [-1.06646, 46.08592], [-1.06679, 46.08581], [-1.06738, 46.08553], [-1.06796, 46.08523], [-1.0685, 46.08498], [-1.06871, 46.0849], [-1.06932, 46.08474], [-1.07147, 46.08425], [-1.07322, 46.08384], [-1.07356, 46.08372], [-1.07425, 46.08338], [-1.07485, 46.08303], [-1.07494, 46.08302], [-1.07507, 46.083], [-1.07508, 46.08301], [-1.07511, 46.08303], [-1.07525, 46.08306], [-1.07537, 46.08305], [-1.0756, 46.08307], [-1.07595, 46.08307], [-1.07704, 46.08288], [-1.07774, 46.08266], [-1.07805, 46.08254], [-1.07843, 46.08241], [-1.07898, 46.08221], [-1.07917, 46.08212], [-1.07941, 46.08195], [-1.07959, 46.08175], [-1.0797, 46.08157], [-1.07976, 46.0814], [-1.07979, 46.08115], [-1.07978, 46.08096], [-1.07976, 46.08076], [-1.07981, 46.08068], [-1.07985, 46.08061], [-1.07982, 46.08053], [-1.07981, 46.08051], [-1.07981, 46.08043], [-1.07989, 46.08026], [-1.08003, 46.08004], [-1.08024, 46.07983], [-1.08099, 46.07923], [-1.08184, 46.07856], [-1.08199, 46.07843], [-1.0821, 46.07831], [-1.08215, 46.07824], [-1.08223, 46.07824], [-1.08228, 46.07821], [-1.08232, 46.07815], [-1.0823, 46.07808], [-1.0822, 46.07804], [-1.08222, 46.07785], [-1.08219, 46.07772], [-1.08209, 46.07754], [-1.08156, 46.07656], [-1.0815, 46.07637], [-1.08144, 46.07616], [-1.08143, 46.07597], [-1.08143, 46.07568], [-1.08151, 46.07541], [-1.08168, 46.07505], [-1.08181, 46.07478], [-1.08192, 46.07448], [-1.082, 46.07413], [-1.08201, 46.07392], [-1.08198, 46.07373], [-1.082016, 46.07367], [-1.082016, 46.07367], [-1.081953, 46.07361], [-1.081957, 46.07356], [-1.081969, 46.0735], [-1.082023, 46.073483], [-1.08216, 46.07349], [-1.08261, 46.07362], [-1.08316, 46.0738], [-1.0836, 46.07393], [-1.08512, 46.07439], [-1.08533, 46.0745], [-1.08593, 46.07489], [-1.08667, 46.07544], [-1.08688, 46.07558], [-1.08705, 46.07575], [-1.08756, 46.07632], [-1.08783, 46.07662], [-1.08788, 46.07666], [-1.0879, 46.07676], [-1.08792, 46.07683], [-1.08789, 46.07684], [-1.08787, 46.0769], [-1.08789, 46.07694], [-1.08794, 46.07697], [-1.088, 46.07697], [-1.08815, 46.0771], [-1.08839, 46.07743], [-1.08874, 46.07796], [-1.08918, 46.0786], [-1.08952, 46.07908], [-1.08996, 46.07968], [-1.09015, 46.07992], [-1.09056, 46.08052], [-1.09104, 46.08142], [-1.09096, 46.08143], [-1.09086, 46.08142], [-1.09074, 46.08138], [-1.08852, 46.08009], [-1.088454, 46.08007], [-1.08841, 46.08008], [-1.088276, 46.08013], [-1.088234, 46.080124], [-1.08802, 46.08], [-1.0878, 46.07988], [-1.087706, 46.07983], [-1.087696, 46.079803], [-1.087795, 46.079704], [-1.087823, 46.0797], [-1.08791, 46.07974], [-1.087855, 46.079807]]}}, {"type": "Feature", "properties": {"route_short_name": "275", "route_long_name": "Coll\u00e8ge A. Malraux <> Yves via Thair\u00e9", "shape_id": "CA_LA_ROCHELLE:JourneyPattern:275_ED69E13AC0428EAA140ABD7E8EF6AD92", "n_points": 275, "n_shape_variants_in_source": 2}, "geometry": {"type": "LineString", "coordinates": [[-1.087855, 46.079807], [-1.088393, 46.080025], [-1.088409, 46.08005], [-1.088365, 46.080166], [-1.088373, 46.0802], [-1.08992, 46.08108], [-1.09093, 46.08166], [-1.09102, 46.0817], [-1.09108, 46.08168], [-1.09112, 46.08166], [-1.09114, 46.08163], [-1.0911, 46.08155], [-1.09079, 46.08096], [-1.0905, 46.08043], [-1.08974, 46.07938], [-1.0891, 46.0785], [-1.088461, 46.077454], [-1.088461, 46.077454], [-1.08822, 46.07719], [-1.08815, 46.0771], [-1.08811, 46.07699], [-1.08808, 46.07694], [-1.08811, 46.0769], [-1.0881, 46.07686], [-1.08806, 46.07681], [-1.088, 46.07681], [-1.08789, 46.07684], [-1.0878, 46.0769], [-1.08767, 46.07693], [-1.08746, 46.07694], [-1.08682, 46.07702], [-1.08609, 46.07712], [-1.08484, 46.0773], [-1.08408, 46.07742], [-1.08376, 46.07748], [-1.08339, 46.07761], [-1.08248, 46.07805], [-1.08236, 46.0781], [-1.08233, 46.07811], [-1.0823, 46.07808], [-1.0822, 46.07804], [-1.08212, 46.07805], [-1.08204, 46.07812], [-1.08207, 46.07821], [-1.08215, 46.07824], [-1.0821, 46.07831], [-1.08199, 46.07843], [-1.08184, 46.07856], [-1.08099, 46.07923], [-1.08024, 46.07983], [-1.08003, 46.08004], [-1.07989, 46.08023], [-1.07985, 46.08026], [-1.07982, 46.08028], [-1.07975, 46.08035], [-1.07958, 46.08045], [-1.07951, 46.08048], [-1.07944, 46.08054], [-1.07941, 46.0806], [-1.07943, 46.08067], [-1.07952, 46.08072], [-1.07957, 46.08074], [-1.07977, 46.0809], [-1.07979, 46.08105], [-1.07978, 46.0813], [-1.0797, 46.08157], [-1.07959, 46.08175], [-1.07941, 46.08195], [-1.07917, 46.08212], [-1.07898, 46.08221], [-1.07816, 46.0825], [-1.07729, 46.08281], [-1.07669, 46.08295], [-1.07616, 46.08304], [-1.07595, 46.08307], [-1.07571, 46.08307], [-1.0756, 46.08302], [-1.07551, 46.08293], [-1.07551, 46.08289], [-1.0755, 46.08285], [-1.07543, 46.08277], [-1.0753, 46.08273], [-1.07524, 46.08272], [-1.07505, 46.08263], [-1.07493, 46.08255], [-1.07478, 46.0825], [-1.07372, 46.08248], [-1.0733, 46.08245], [-1.07202, 46.08226], [-1.07115, 46.08216], [-1.07088, 46.08216], [-1.07019, 46.08219], [-1.06911, 46.08233], [-1.06834, 46.08237], [-1.06788, 46.08234], [-1.06718, 46.08224], [-1.06146, 46.08109], [-1.05785, 46.08035], [-1.05483, 46.07972], [-1.05283, 46.07941], [-1.05263, 46.0794], [-1.05242, 46.07936], [-1.05237, 46.07932], [-1.0523, 46.07932], [-1.05227, 46.07936], [-1.05227, 46.07939], [-1.05202, 46.07959], [-1.052, 46.07959], [-1.05198, 46.07959], [-1.05194, 46.0796], [-1.05193, 46.07961], [-1.05171, 46.07965], [-1.05091, 46.07984], [-1.05042, 46.07997], [-1.04973, 46.08017], [-1.04933, 46.08027], [-1.0493, 46.08023], [-1.04819, 46.07995], [-1.04731, 46.07974], [-1.04641, 46.07947], [-1.04563, 46.07919], [-1.04495, 46.07894], [-1.04453, 46.07876], [-1.04345, 46.07828], [-1.043, 46.07812], [-1.04268, 46.07803], [-1.04213, 46.07794], [-1.04151, 46.07788], [-1.04112, 46.0778], [-1.03995, 46.07751], [-1.03908, 46.07732], [-1.0383, 46.07713], [-1.03775, 46.07692], [-1.03707, 46.07658], [-1.03671, 46.07641], [-1.03591, 46.0761], [-1.035, 46.07579], [-1.03415, 46.07557], [-1.03372, 46.07551], [-1.0329, 46.07547], [-1.03238, 46.07544], [-1.03199, 46.07537], [-1.03162, 46.07526], [-1.03109, 46.07501], [-1.03073, 46.07485], [-1.03044, 46.07475], [-1.02902, 46.07433], [-1.02876, 46.07429], [-1.02824, 46.07429], [-1.02686, 46.07441], [-1.02662, 46.07441], [-1.02639, 46.07439], [-1.0261, 46.07434], [-1.0257, 46.07424], [-1.02536, 46.07413], [-1.02453, 46.07384], [-1.02407, 46.07367], [-1.0237, 46.07357], [-1.02362, 46.07355], [-1.02329, 46.07353], [-1.02239, 46.07358], [-1.02175, 46.07365], [-1.02113, 46.0738], [-1.02062, 46.07394], [-1.01995, 46.07411], [-1.01942, 46.07419], [-1.0189, 46.0742], [-1.01849, 46.07417], [-1.01824, 46.07413], [-1.01803, 46.0741], [-1.01791, 46.07408], [-1.0176, 46.07411], [-1.01692, 46.07422], [-1.01676, 46.07424], [-1.01644, 46.07424], [-1.01599, 46.07421], [-1.01562, 46.07417], [-1.01489, 46.07409], [-1.01386, 46.07402], [-1.01349, 46.07402], [-1.01313, 46.07406], [-1.01246, 46.07412], [-1.01168, 46.0741], [-1.01106, 46.07406], [-1.01034, 46.07398], [-1.01033, 46.07395], [-1.01028, 46.0739], [-1.0102, 46.07388], [-1.01011, 46.0739], [-1.01006, 46.07395], [-1.00898, 46.07384], [-1.00836, 46.07378], [-1.00593, 46.07371], [-1.00551, 46.07367], [-1.00466, 46.07347], [-1.004547, 46.073387], [-1.00393, 46.07329], [-1.004, 46.07317], [-1.00434, 46.07277], [-1.00452, 46.0726], [-1.00489, 46.07228], [-1.00499, 46.07221], [-1.00531, 46.07209], [-1.00632, 46.07168], [-1.007, 46.07141], [-1.00781, 46.07111], [-1.00854, 46.07084], [-1.00875, 46.07074], [-1.00892, 46.07064], [-1.00908, 46.07052], [-1.00927, 46.07047], [-1.00942, 46.07045], [-1.00938, 46.07036], [-1.00928, 46.07015], [-1.00926, 46.07002], [-1.00925, 46.06972], [-1.00925, 46.0696], [-1.00932, 46.06927], [-1.00963, 46.06805], [-1.00971, 46.06781], [-1.00977, 46.06764], [-1.00997, 46.06732], [-1.01028, 46.0668], [-1.01037, 46.06663], [-1.01047, 46.06634], [-1.01051, 46.06618], [-1.01053, 46.066], [-1.01052, 46.06563], [-1.01055, 46.06531], [-1.01061, 46.0651], [-1.01092, 46.06429], [-1.01107, 46.06389], [-1.01159, 46.06275], [-1.01207, 46.06178], [-1.01273, 46.06053], [-1.01341, 46.05966], [-1.01395, 46.05899], [-1.01417, 46.05874], [-1.01434, 46.05856], [-1.01446, 46.05847], [-1.01473, 46.05833], [-1.01525, 46.05823], [-1.01603, 46.05816], [-1.01632, 46.05812], [-1.0164, 46.05809], [-1.01663, 46.05795], [-1.01703, 46.0576], [-1.01747, 46.05722], [-1.01793, 46.05676], [-1.01808, 46.0566], [-1.01821, 46.05642], [-1.01888, 46.05534], [-1.01921, 46.05467], [-1.01945, 46.05416], [-1.01988, 46.05331], [-1.02, 46.05303], [-1.02019, 46.05271], [-1.02041, 46.0525], [-1.02058, 46.05238], [-1.02123, 46.05211], [-1.02254, 46.05159], [-1.02299, 46.05141], [-1.02295, 46.0513], [-1.02294, 46.05122], [-1.02297, 46.05104], [-1.02299, 46.05097], [-1.02309, 46.05083], [-1.0235, 46.0503], [-1.02381, 46.04983], [-1.02384, 46.04974], [-1.02383, 46.04968], [-1.02394, 46.04962], [-1.02416, 46.04935], [-1.02431, 46.0492], [-1.024519, 46.04904]]}}, {"type": "Feature", "properties": {"route_short_name": "276", "route_long_name": "Coll\u00e8ge A. Malraux <> Saint-Vivien", "shape_id": "CA_LA_ROCHELLE:JourneyPattern:276_5906055537E511AF00AB610E3AE93B61", "n_points": 141, "n_shape_variants_in_source": 2}, "geometry": {"type": "LineString", "coordinates": [[-1.054172, 46.079876], [-1.054246, 46.07996], [-1.054291, 46.08001], [-1.054337, 46.080048], [-1.054421, 46.080048], [-1.054501, 46.080006], [-1.054509, 46.079926], [-1.054451, 46.079853], [-1.054396, 46.07978], [-1.054378, 46.079735], [-1.054398, 46.079685], [-1.054445, 46.079655], [-1.054513, 46.07966], [-1.05472, 46.0797], [-1.0553, 46.07981], [-1.056041, 46.079967], [-1.057286, 46.080235], [-1.05738, 46.08026], [-1.057469, 46.080296], [-1.05754, 46.080338], [-1.057545, 46.08039], [-1.057579, 46.080437], [-1.057629, 46.08046], [-1.057715, 46.080463], [-1.057781, 46.08044], [-1.057847, 46.08041], [-1.057948, 46.080395], [-1.058091, 46.080406], [-1.058295, 46.080437], [-1.058503, 46.080475], [-1.06114, 46.08102], [-1.063699, 46.081543], [-1.064981, 46.081795], [-1.06626, 46.08206], [-1.06718, 46.08224], [-1.067417, 46.08228], [-1.06766, 46.08231], [-1.067829, 46.082333], [-1.067999, 46.082348], [-1.068169, 46.08236], [-1.068341, 46.082367], [-1.068624, 46.082363], [-1.068866, 46.082355], [-1.069122, 46.08233], [-1.069345, 46.08231], [-1.069632, 46.082268], [-1.06989, 46.08223], [-1.070018, 46.08221], [-1.07014, 46.0822], [-1.070332, 46.08218], [-1.070601, 46.082165], [-1.07087, 46.082165], [-1.071002, 46.082165], [-1.07115, 46.082165], [-1.07132, 46.08218], [-1.071506, 46.08219], [-1.07169, 46.082214], [-1.07307, 46.08241], [-1.07329, 46.082447], [-1.07354, 46.08247], [-1.073925, 46.082493], [-1.07478, 46.0825], [-1.07493, 46.08255], [-1.07501, 46.08264], [-1.07505, 46.0828], [-1.07504, 46.08283], [-1.07502, 46.08286], [-1.07502, 46.08293], [-1.07509, 46.08302], [-1.07519, 46.08305], [-1.07535, 46.08306], [-1.07538, 46.08305], [-1.07565, 46.08307], [-1.07588, 46.08307], [-1.07611, 46.08305], [-1.07667, 46.08295], [-1.07719, 46.08284], [-1.07791, 46.08259], [-1.0788, 46.08228], [-1.07911, 46.08215], [-1.07928, 46.08205], [-1.0795, 46.08186], [-1.07961, 46.08173], [-1.07975, 46.08145], [-1.07976, 46.0814], [-1.07979, 46.08109], [-1.07978, 46.08095], [-1.07975, 46.08082], [-1.07978, 46.08071], [-1.07982, 46.08067], [-1.07984, 46.08064], [-1.07984, 46.08056], [-1.07982, 46.08052], [-1.0798, 46.0805], [-1.07984, 46.08036], [-1.07989, 46.08023], [-1.0801, 46.07996], [-1.08046, 46.07965], [-1.08101, 46.07921], [-1.08192, 46.07849], [-1.08212, 46.07827], [-1.08215, 46.07824], [-1.08217, 46.07824], [-1.08227, 46.07821], [-1.08231, 46.07818], [-1.08233, 46.07811], [-1.08255, 46.07801], [-1.08315, 46.07772], [-1.08362, 46.07752], [-1.08391, 46.07745], [-1.08424, 46.07739], [-1.08506, 46.07727], [-1.08678, 46.07703], [-1.08726, 46.07695], [-1.0876, 46.07694], [-1.08782, 46.07694], [-1.08793, 46.07696], [-1.088, 46.07697], [-1.08822, 46.07719], [-1.08896, 46.0783], [-1.0896, 46.07919], [-1.09006, 46.07981], [-1.0905, 46.08043], [-1.09079, 46.08096], [-1.09104, 46.08142], [-1.09098, 46.08143], [-1.09091, 46.08143], [-1.0908, 46.0814], [-1.09069, 46.08135], [-1.088479, 46.080067], [-1.088418, 46.08006], [-1.088351, 46.080086], [-1.088288, 46.080105], [-1.088216, 46.080105], [-1.08777, 46.07986], [-1.087697, 46.07982], [-1.08769, 46.079777], [-1.087776, 46.07971], [-1.087822, 46.079712], [-1.08794, 46.07977], [-1.087855, 46.079807]]}}, {"type": "Feature", "properties": {"route_short_name": "3", "route_long_name": "ILLICO Lagord P+R Greffi\u00e8res <> Cottes Mailles P+R S. Veil", "shape_id": "CA_LA_ROCHELLE:JourneyPattern:3_B313C9879C23AFB1D8549AB6057509E0", "n_points": 497, "n_shape_variants_in_source": 5}, "geometry": {"type": "LineString", "coordinates": [[-1.128424, 46.142944], [-1.12997, 46.14313], [-1.130075, 46.143177], [-1.130175, 46.143246], [-1.130247, 46.143314], [-1.13029, 46.14339], [-1.130287, 46.14349], [-1.130256, 46.143616], [-1.130203, 46.143814], [-1.130183, 46.143898], [-1.130173, 46.143974], [-1.130176, 46.14404], [-1.130201, 46.1441], [-1.130246, 46.14416], [-1.130323, 46.144196], [-1.130533, 46.144257], [-1.131793, 46.144554], [-1.133066, 46.14487], [-1.133459, 46.144955], [-1.133859, 46.145054], [-1.134292, 46.145126], [-1.135013, 46.1452], [-1.135388, 46.145226], [-1.136213, 46.14527], [-1.136433, 46.14527], [-1.136506, 46.14531], [-1.13654, 46.14549], [-1.1366, 46.14556], [-1.13673, 46.14563], [-1.13687, 46.14564], [-1.13695, 46.14563], [-1.13708, 46.14557], [-1.13716, 46.14549], [-1.13719, 46.1454], [-1.13718, 46.14536], [-1.137221, 46.14525], [-1.137481, 46.145054], [-1.137601, 46.144955], [-1.137753, 46.1448], [-1.13786, 46.14466], [-1.13802, 46.14447], [-1.138182, 46.14427], [-1.138415, 46.143936], [-1.13905, 46.143105], [-1.139374, 46.142693], [-1.13957, 46.14245], [-1.139766, 46.142307], [-1.139892, 46.14215], [-1.139997, 46.142086], [-1.14007, 46.14206], [-1.14012, 46.14202], [-1.14014, 46.14196], [-1.14012, 46.1419], [-1.14011, 46.14189], [-1.14014, 46.14183], [-1.140581, 46.141464], [-1.14069, 46.141396], [-1.140899, 46.14126], [-1.141268, 46.14108], [-1.141489, 46.140987], [-1.141727, 46.140907], [-1.14209, 46.140804], [-1.142453, 46.140728], [-1.142703, 46.140682], [-1.143016, 46.140675], [-1.143531, 46.1406], [-1.143818, 46.14055], [-1.143991, 46.14051], [-1.144153, 46.140457], [-1.144416, 46.14035], [-1.144666, 46.140217], [-1.144847, 46.140102], [-1.14493, 46.140076], [-1.145014, 46.13996], [-1.145045, 46.13994], [-1.145086, 46.139923], [-1.145157, 46.139896], [-1.145217, 46.13983], [-1.145234, 46.13978], [-1.145251, 46.139717], [-1.1453, 46.13965], [-1.145429, 46.139526], [-1.145505, 46.139477], [-1.145823, 46.139347], [-1.146589, 46.139133], [-1.147053, 46.138996], [-1.14727, 46.13894], [-1.14814, 46.1388], [-1.14923, 46.13864], [-1.149261, 46.138657], [-1.149745, 46.138554], [-1.149995, 46.13852], [-1.15024, 46.13851], [-1.150317, 46.13851], [-1.15037, 46.13852], [-1.15045, 46.13856], [-1.150532, 46.138573], [-1.15062, 46.13857], [-1.15066, 46.13856], [-1.150738, 46.13852], [-1.150808, 46.138477], [-1.15081, 46.13841], [-1.15078, 46.138344], [-1.150768, 46.138306], [-1.150799, 46.138283], [-1.150848, 46.138275], [-1.150944, 46.13827], [-1.151074, 46.13831], [-1.151209, 46.138336], [-1.151411, 46.138325], [-1.152075, 46.138306], [-1.15308, 46.13821], [-1.153287, 46.138214], [-1.153494, 46.138237], [-1.153901, 46.138336], [-1.154009, 46.138363], [-1.154104, 46.138412], [-1.15423, 46.138535], [-1.154374, 46.1389], [-1.154398, 46.138935], [-1.154434, 46.13898], [-1.154485, 46.13903], [-1.154731, 46.139168], [-1.155091, 46.139374], [-1.155091, 46.139374], [-1.155378, 46.13953], [-1.155512, 46.139614], [-1.155647, 46.139698], [-1.155903, 46.13987], [-1.156171, 46.14004], [-1.156525, 46.140274], [-1.156716, 46.140392], [-1.156898, 46.140514], [-1.157048, 46.14061], [-1.157181, 46.140717], [-1.157261, 46.140816], [-1.157294, 46.140923], [-1.157292, 46.140987], [-1.157278, 46.141052], [-1.157255, 46.141167], [-1.157188, 46.14136], [-1.157139, 46.141487], [-1.157086, 46.14155], [-1.157086, 46.14155], [-1.157078, 46.14164], [-1.157045, 46.141758], [-1.157032, 46.14184], [-1.157042, 46.141933], [-1.157083, 46.142094], [-1.157092, 46.142155], [-1.157092, 46.142223], [-1.157079, 46.1423], [-1.15695, 46.1427], [-1.156843, 46.142986], [-1.156744, 46.14327], [-1.156744, 46.14327], [-1.1567, 46.14347], [-1.156634, 46.14366], [-1.156501, 46.144043], [-1.156472, 46.144176], [-1.156478, 46.144226], [-1.156496, 46.144306], [-1.156578, 46.144558], [-1.156592, 46.144688], [-1.156587, 46.144764], [-1.156552, 46.144833], [-1.156489, 46.14491], [-1.1564, 46.14498], [-1.156285, 46.14504], [-1.156135, 46.145092], [-1.155323, 46.145367], [-1.154955, 46.145485], [-1.154629, 46.14559], [-1.154574, 46.145615], [-1.154523, 46.145653], [-1.154466, 46.145718], [-1.154448, 46.145763], [-1.154441, 46.145824], [-1.154408, 46.145935], [-1.154408, 46.145935], [-1.15443, 46.1464], [-1.154416, 46.146843], [-1.154382, 46.14773], [-1.154376, 46.147896], [-1.154376, 46.147984], [-1.154356, 46.14807], [-1.154322, 46.148144], [-1.154262, 46.148205], [-1.154206, 46.14824], [-1.154153, 46.148262], [-1.154027, 46.148285], [-1.153702, 46.148308], [-1.153702, 46.148308], [-1.153327, 46.14839], [-1.153053, 46.148438], [-1.152922, 46.148468], [-1.152794, 46.148514], [-1.152672, 46.14856], [-1.152192, 46.148754], [-1.151914, 46.14886], [-1.151758, 46.148907], [-1.151599, 46.14893], [-1.151329, 46.14893], [-1.151246, 46.148937], [-1.151188, 46.148952], [-1.151144, 46.14897], [-1.151114, 46.149002], [-1.151039, 46.14917], [-1.150924, 46.149426], [-1.150853, 46.149483], [-1.150784, 46.149506], [-1.150661, 46.149525], [-1.150502, 46.1495], [-1.15036, 46.149536], [-1.150234, 46.149612], [-1.150158, 46.14967], [-1.15011, 46.14973], [-1.15009, 46.14979], [-1.150079, 46.149853], [-1.150078, 46.150085], [-1.150082, 46.150555], [-1.150091, 46.15148], [-1.15009, 46.152378], [-1.150058, 46.15272], [-1.150058, 46.15272], [-1.150095, 46.15282], [-1.15008, 46.152866], [-1.150046, 46.152916], [-1.149989, 46.152943], [-1.149915, 46.152954], [-1.149821, 46.152966], [-1.149656, 46.15297], [-1.149215, 46.15298], [-1.149013, 46.152973], [-1.148924, 46.152985], [-1.148865, 46.152985], [-1.148801, 46.152992], [-1.148761, 46.152973], [-1.148754, 46.15294], [-1.148739, 46.152866], [-1.148698, 46.152725], [-1.14865, 46.15261], [-1.14861, 46.15252], [-1.14858, 46.15247], [-1.148469, 46.152287], [-1.148366, 46.152203], [-1.148336, 46.15217], [-1.148329, 46.152145], [-1.148321, 46.15211], [-1.148287, 46.152073], [-1.14822, 46.15204], [-1.14813, 46.15204], [-1.14808, 46.152058], [-1.14806, 46.15208], [-1.14804, 46.15211], [-1.148017, 46.152157], [-1.14796, 46.15221], [-1.147887, 46.152267], [-1.147797, 46.152313], [-1.147587, 46.15244], [-1.147376, 46.15256], [-1.147182, 46.15267], [-1.14697, 46.15278], [-1.146212, 46.153255], [-1.146178, 46.15331], [-1.146189, 46.15335], [-1.146217, 46.15339], [-1.146401, 46.15352], [-1.146658, 46.153763], [-1.14689, 46.153908], [-1.147025, 46.15402], [-1.14717, 46.15415], [-1.147639, 46.15452], [-1.14832, 46.15506], [-1.14871, 46.15539], [-1.149186, 46.155792], [-1.149325, 46.155876], [-1.149383, 46.155926], [-1.149411, 46.15599], [-1.14957, 46.15642], [-1.149701, 46.15671], [-1.149915, 46.157024], [-1.150219, 46.157475], [-1.150438, 46.1578], [-1.150494, 46.157955], [-1.150555, 46.157978], [-1.150576, 46.158012], [-1.150565, 46.158047], [-1.150522, 46.158092], [-1.150055, 46.158306], [-1.149743, 46.15846], [-1.149701, 46.15848], [-1.149493, 46.15857], [-1.149236, 46.158615], [-1.14904, 46.15863], [-1.147812, 46.158638], [-1.147731, 46.158665], [-1.147693, 46.158733], [-1.147663, 46.158985], [-1.147648, 46.159092], [-1.147467, 46.1596], [-1.147325, 46.15998], [-1.147247, 46.16022], [-1.147202, 46.16021], [-1.146913, 46.161133], [-1.14646, 46.16237], [-1.146372, 46.162655], [-1.146312, 46.162827], [-1.146254, 46.16292], [-1.146158, 46.16298], [-1.145855, 46.163067], [-1.145788, 46.163113], [-1.145749, 46.163143], [-1.145761, 46.16318], [-1.145805, 46.16321], [-1.14606, 46.16337], [-1.146175, 46.163456], [-1.146313, 46.163532], [-1.146834, 46.163784], [-1.147158, 46.163902], [-1.147483, 46.16401], [-1.147733, 46.164085], [-1.14829, 46.16418], [-1.14889, 46.16427], [-1.150219, 46.164528], [-1.150457, 46.16456], [-1.151479, 46.16469], [-1.151554, 46.1647], [-1.151585, 46.164692], [-1.151617, 46.16467], [-1.151642, 46.164604], [-1.151791, 46.164257], [-1.152007, 46.163677], [-1.15224, 46.163124], [-1.152571, 46.162277], [-1.152649, 46.16214], [-1.152677, 46.16209], [-1.152711, 46.16206], [-1.152774, 46.162052], [-1.152845, 46.162067], [-1.153163, 46.162155], [-1.15465, 46.1624], [-1.15465, 46.1624], [-1.154814, 46.162422], [-1.154884, 46.162445], [-1.154933, 46.162476], [-1.154937, 46.16262], [-1.154912, 46.16276], [-1.15489, 46.162903], [-1.154855, 46.163044], [-1.154848, 46.16312], [-1.154883, 46.163162], [-1.154942, 46.163185], [-1.15502, 46.163193], [-1.1552, 46.16323], [-1.15523, 46.16327], [-1.15527, 46.16335], [-1.15531, 46.16367], [-1.15546, 46.16428], [-1.155541, 46.16449], [-1.155541, 46.16449], [-1.15557, 46.16474], [-1.15557, 46.16487], [-1.1555, 46.16497], [-1.154939, 46.165314], [-1.154853, 46.16534], [-1.154739, 46.16535], [-1.154313, 46.16539], [-1.15421, 46.16542], [-1.153998, 46.165596], [-1.153793, 46.165775], [-1.15339, 46.166138], [-1.153302, 46.16622], [-1.15324, 46.166298], [-1.153208, 46.166374], [-1.153186, 46.166466], [-1.153175, 46.166546], [-1.153185, 46.16667], [-1.153192, 46.166794], [-1.15313, 46.16698], [-1.152875, 46.167313], [-1.152875, 46.167313], [-1.15283, 46.16755], [-1.152779, 46.167652], [-1.15267, 46.167892], [-1.15254, 46.168144], [-1.152448, 46.168343], [-1.152183, 46.168774], [-1.152036, 46.168953], [-1.151878, 46.169155], [-1.151678, 46.169327], [-1.151592, 46.169357], [-1.151512, 46.169376], [-1.151408, 46.169415], [-1.151325, 46.169464], [-1.15129, 46.16951], [-1.15123, 46.16961], [-1.151203, 46.169693], [-1.151186, 46.16979], [-1.15115, 46.169907], [-1.150903, 46.170177], [-1.150816, 46.170197], [-1.150816, 46.170197], [-1.150557, 46.170578], [-1.150409, 46.17084], [-1.150346, 46.170994], [-1.150312, 46.17118], [-1.150311, 46.1715], [-1.15033, 46.17338], [-1.150302, 46.173733], [-1.150302, 46.173733], [-1.150329, 46.17424], [-1.15035, 46.17471], [-1.150409, 46.17506], [-1.150494, 46.175392], [-1.15061, 46.175724], [-1.150764, 46.176117], [-1.15099, 46.17658], [-1.151091, 46.176826], [-1.151192, 46.176968], [-1.151293, 46.17711], [-1.151375, 46.177258], [-1.151375, 46.177258], [-1.151591, 46.177414], [-1.152139, 46.178104], [-1.152187, 46.178223], [-1.152243, 46.178326], [-1.152324, 46.178383], [-1.152396, 46.178432], [-1.152433, 46.17851], [-1.152437, 46.17908], [-1.152397, 46.17924], [-1.152343, 46.179295], [-1.15225, 46.17936], [-1.152187, 46.179447], [-1.152153, 46.17956], [-1.152139, 46.179703], [-1.152125, 46.1798], [-1.152111, 46.179974], [-1.152118, 46.180088], [-1.152162, 46.18019], [-1.152237, 46.18028], [-1.152331, 46.18036], [-1.152469, 46.180424], [-1.152559, 46.180454], [-1.152676, 46.180546], [-1.15275, 46.18066], [-1.15276, 46.18072], [-1.15271, 46.18106], [-1.152596, 46.181507], [-1.152466, 46.18222], [-1.15234, 46.18293], [-1.152321, 46.18305], [-1.152307, 46.183132], [-1.15215, 46.183758], [-1.15215, 46.183758], [-1.152104, 46.18421], [-1.152052, 46.184437], [-1.151979, 46.184647], [-1.15186, 46.18491], [-1.151714, 46.185158], [-1.151609, 46.185303], [-1.151506, 46.18544], [-1.150894, 46.186134], [-1.150416, 46.186527], [-1.147833, 46.189377], [-1.147286, 46.18984], [-1.147025, 46.190132], [-1.146961, 46.190174], [-1.146897, 46.190186], [-1.14673, 46.19021], [-1.14658, 46.19025], [-1.14646, 46.19032], [-1.14636, 46.19044], [-1.14632, 46.19054], [-1.14634, 46.19066], [-1.14645, 46.19081], [-1.14651, 46.19085], [-1.14666, 46.19092], [-1.1468, 46.191], [-1.147102, 46.191486], [-1.147102, 46.191486], [-1.14723, 46.19151], [-1.147304, 46.191612], [-1.147335, 46.191666], [-1.147331, 46.191708], [-1.147313, 46.19175], [-1.147256, 46.19183], [-1.147198, 46.191895], [-1.147195, 46.191963], [-1.147199, 46.19217], [-1.14718, 46.19221], [-1.147121, 46.1923], [-1.147078, 46.192345], [-1.146984, 46.192375], [-1.146858, 46.192352], [-1.146408, 46.192226]]}}, {"type": "Feature", "properties": {"route_short_name": "300", "route_long_name": "NAVETTE Lyc\u00e9e Saint-Exup\u00e9ry <> Place de Verdun", "shape_id": "CA_LA_ROCHELLE:JourneyPattern:300_7B3DFCA22EF3F97875326C45BC38A9E4", "n_points": 66, "n_shape_variants_in_source": 2}, "geometry": {"type": "LineString", "coordinates": [[-1.177691, 46.15662], [-1.1772, 46.15661], [-1.177119, 46.15663], [-1.177049, 46.1567], [-1.176912, 46.15678], [-1.176913, 46.156822], [-1.17715, 46.15684], [-1.17965, 46.15703], [-1.18024, 46.15709], [-1.18009, 46.15736], [-1.18001, 46.15753], [-1.1799, 46.15786], [-1.1798, 46.15834], [-1.17969, 46.15916], [-1.17966, 46.15942], [-1.17956, 46.15982], [-1.17949, 46.16012], [-1.17938, 46.16047], [-1.17929, 46.16084], [-1.17907, 46.16135], [-1.17902, 46.16141], [-1.1789, 46.16149], [-1.17884, 46.16153], [-1.17882, 46.16153], [-1.17879, 46.16155], [-1.17855, 46.16157], [-1.17801, 46.16155], [-1.17735, 46.16148], [-1.176827, 46.161407], [-1.17638, 46.16137], [-1.17626, 46.16136], [-1.17623, 46.16136], [-1.17617, 46.16135], [-1.17614, 46.16135], [-1.17604, 46.16132], [-1.17589, 46.16128], [-1.17513, 46.16116], [-1.175, 46.16117], [-1.17406, 46.16101], [-1.17297, 46.16084], [-1.17134, 46.16058], [-1.17134, 46.16055], [-1.17132, 46.1605], [-1.17126, 46.16046], [-1.17118, 46.16043], [-1.17111, 46.16044], [-1.17104, 46.16047], [-1.17099, 46.16051], [-1.1662, 46.15977], [-1.15971, 46.15873], [-1.15805, 46.15846], [-1.1576, 46.15838], [-1.15655, 46.15819], [-1.15624, 46.15903], [-1.15583, 46.16007], [-1.15571, 46.16042], [-1.15566, 46.16059], [-1.15558, 46.16065], [-1.15531, 46.16104], [-1.15501, 46.16157], [-1.15473, 46.1621], [-1.154657, 46.16211], [-1.152972, 46.161854], [-1.152875, 46.161964], [-1.152903, 46.162086], [-1.153955, 46.162277]]}}, {"type": "Feature", "properties": {"route_short_name": "301", "route_long_name": "Lyc\u00e9e Saint-Exup\u00e9ry <> Laleu via Mireuil", "shape_id": "CA_LA_ROCHELLE:JourneyPattern:301_0557B5ACF74CDC9FD3DBDB8852983756", "n_points": 211, "n_shape_variants_in_source": 3}, "geometry": {"type": "LineString", "coordinates": [[-1.177691, 46.15662], [-1.177185, 46.156612], [-1.17705, 46.156693], [-1.176901, 46.15678], [-1.176926, 46.156822], [-1.17715, 46.15684], [-1.1777, 46.15687], [-1.17909, 46.15698], [-1.18024, 46.15709], [-1.18009, 46.15736], [-1.18001, 46.15753], [-1.1799, 46.15786], [-1.1798, 46.15834], [-1.17969, 46.15916], [-1.17966, 46.15942], [-1.17956, 46.15982], [-1.17949, 46.16012], [-1.17929, 46.16084], [-1.17906, 46.16139], [-1.17896, 46.16145], [-1.17884, 46.16153], [-1.17881, 46.16154], [-1.17878, 46.16155], [-1.17877, 46.16156], [-1.17821, 46.16156], [-1.1774, 46.16149], [-1.17666, 46.16138], [-1.17638, 46.16137], [-1.17626, 46.16136], [-1.1762, 46.16135], [-1.17614, 46.16135], [-1.17604, 46.1614], [-1.17603, 46.16144], [-1.17603, 46.16148], [-1.17606, 46.16152], [-1.17608, 46.16154], [-1.17619, 46.16189], [-1.17617, 46.16252], [-1.176124, 46.16305], [-1.17609, 46.16392], [-1.1761, 46.1642], [-1.17599, 46.16419], [-1.17586, 46.1642], [-1.17558, 46.16434], [-1.1754, 46.16463], [-1.17504, 46.16519], [-1.17516, 46.1652], [-1.175819, 46.16534], [-1.175819, 46.16534], [-1.178119, 46.165623], [-1.17834, 46.16564], [-1.17843, 46.16571], [-1.17844, 46.16575], [-1.17838, 46.16588], [-1.1785, 46.16692], [-1.17779, 46.16714], [-1.17773, 46.16718], [-1.17769, 46.16731], [-1.17767, 46.16753], [-1.17764, 46.16827], [-1.17758, 46.169014], [-1.17745, 46.16946], [-1.177299, 46.17019], [-1.17709, 46.17105], [-1.17701, 46.17141], [-1.17785, 46.1715], [-1.17941, 46.17167], [-1.17971, 46.1717], [-1.17965, 46.17197], [-1.179691, 46.17212], [-1.179691, 46.17212], [-1.179941, 46.17072], [-1.18031, 46.17078], [-1.18099, 46.17085], [-1.182472, 46.171036], [-1.18266, 46.17103], [-1.18275, 46.17108], [-1.18277, 46.17111], [-1.18314, 46.17103], [-1.18408, 46.17081], [-1.185325, 46.17053], [-1.185325, 46.17053], [-1.18661, 46.17022], [-1.18672, 46.17019], [-1.1868, 46.17013], [-1.18687, 46.17007], [-1.18694, 46.16997], [-1.18699, 46.16983], [-1.18686, 46.16854], [-1.18682, 46.16826], [-1.18682, 46.1682], [-1.18626, 46.16814], [-1.18556, 46.16807], [-1.18515, 46.16802], [-1.18508, 46.167973], [-1.18508, 46.167973], [-1.18299, 46.16779], [-1.18308, 46.16738], [-1.18315, 46.16689], [-1.183294, 46.165985], [-1.18335, 46.16544], [-1.18343, 46.16504], [-1.18351, 46.16493], [-1.18352, 46.16492], [-1.18353, 46.16492], [-1.18354, 46.16491], [-1.18354, 46.16489], [-1.18384, 46.16488], [-1.18435, 46.16494], [-1.185525, 46.165188], [-1.186044, 46.16531], [-1.186044, 46.16531], [-1.186564, 46.16542], [-1.187072, 46.165535], [-1.1875, 46.165615], [-1.187634, 46.165634], [-1.18777, 46.16564], [-1.187933, 46.165657], [-1.188078, 46.165714], [-1.188108, 46.165733], [-1.188147, 46.16575], [-1.188222, 46.16576], [-1.188313, 46.16578], [-1.188397, 46.16581], [-1.18863, 46.16586], [-1.189755, 46.16616], [-1.189755, 46.16616], [-1.19098, 46.16639], [-1.19134, 46.16653], [-1.191613, 46.166676], [-1.191919, 46.166805], [-1.192113, 46.16686], [-1.192358, 46.166927], [-1.192751, 46.167004], [-1.19414, 46.1671], [-1.19439, 46.16714], [-1.19489, 46.16725], [-1.19549, 46.16738], [-1.196269, 46.16762], [-1.196269, 46.16762], [-1.19687, 46.16776], [-1.1973, 46.16796], [-1.19757, 46.16808], [-1.19796, 46.16826], [-1.19834, 46.16839], [-1.19869, 46.16847], [-1.19899, 46.16854], [-1.199794, 46.168934], [-1.20019, 46.16904], [-1.20094, 46.16933], [-1.20142, 46.1695], [-1.20188, 46.16967], [-1.20201, 46.16974], [-1.20237, 46.16997], [-1.20281, 46.17019], [-1.203019, 46.170284], [-1.203127, 46.170284], [-1.203202, 46.170334], [-1.20323, 46.17038], [-1.20347, 46.17073], [-1.203514, 46.17079], [-1.203516, 46.17083], [-1.20332, 46.17093], [-1.20259, 46.17128], [-1.201227, 46.17193], [-1.201227, 46.17193], [-1.200911, 46.17215], [-1.200742, 46.17224], [-1.200653, 46.172295], [-1.200573, 46.172337], [-1.20048, 46.17239], [-1.20008, 46.1726], [-1.199763, 46.172794], [-1.199461, 46.173016], [-1.199401, 46.173065], [-1.199132, 46.17327], [-1.19844, 46.17392], [-1.19813, 46.17421], [-1.197934, 46.17439], [-1.197841, 46.17448], [-1.197783, 46.174534], [-1.197673, 46.174614], [-1.19735, 46.17476], [-1.197216, 46.17475], [-1.1971, 46.174694], [-1.196991, 46.174603], [-1.196908, 46.1745], [-1.196527, 46.173473], [-1.196306, 46.17288], [-1.196194, 46.172577], [-1.196079, 46.17228], [-1.196021, 46.172134], [-1.19599, 46.172066], [-1.195967, 46.171993], [-1.195819, 46.17154], [-1.195743, 46.171314], [-1.195661, 46.17109], [-1.195605, 46.170944], [-1.195534, 46.170837], [-1.195451, 46.17073], [-1.19543, 46.170692], [-1.195429, 46.17065], [-1.19544, 46.170586], [-1.19543, 46.17054], [-1.19542, 46.17051], [-1.195383, 46.170464], [-1.195365, 46.170418], [-1.19535, 46.17028], [-1.195268, 46.170025], [-1.195255, 46.16995], [-1.195291, 46.16987]]}}, {"type": "Feature", "properties": {"route_short_name": "309", "route_long_name": "NAVETTE Lyc\u00e9e Saint-Exup\u00e9ry <> Lyc\u00e9e Valin", "shape_id": "CA_LA_ROCHELLE:JourneyPattern:309_99D9407E85554D08ED4646DA00446C21", "n_points": 168, "n_shape_variants_in_source": 3}, "geometry": {"type": "LineString", "coordinates": [[-1.177691, 46.15662], [-1.177257, 46.156605], [-1.177132, 46.156647], [-1.176931, 46.156757], [-1.176945, 46.156807], [-1.177274, 46.15684], [-1.179474, 46.157005], [-1.17965, 46.15703], [-1.180004, 46.157055], [-1.180115, 46.157063], [-1.180174, 46.157146], [-1.180147, 46.157238], [-1.180057, 46.15739], [-1.179994, 46.157536], [-1.17986, 46.15796], [-1.17978, 46.15851], [-1.17966, 46.15942], [-1.1795, 46.16007], [-1.17938, 46.16047], [-1.179258, 46.160835], [-1.179067, 46.161324], [-1.179015, 46.16143], [-1.1789, 46.16149], [-1.178845, 46.161507], [-1.17876, 46.161522], [-1.178683, 46.161552], [-1.178617, 46.16157], [-1.17855, 46.16157], [-1.178155, 46.161568], [-1.17789, 46.161556], [-1.177411, 46.161507], [-1.17684, 46.16141], [-1.176691, 46.16138], [-1.17652, 46.16138], [-1.176383, 46.16139], [-1.176288, 46.161346], [-1.17619, 46.161335], [-1.176117, 46.16135], [-1.176042, 46.1614], [-1.176037, 46.161484], [-1.17608, 46.16154], [-1.176118, 46.16162], [-1.176159, 46.1618], [-1.176172, 46.162113], [-1.176107, 46.163097], [-1.176083, 46.163567], [-1.176077, 46.163975], [-1.176054, 46.16409], [-1.176011, 46.16415], [-1.175944, 46.164177], [-1.175746, 46.164165], [-1.175639, 46.164177], [-1.175529, 46.16417], [-1.175408, 46.164146], [-1.175246, 46.164116], [-1.175087, 46.164097], [-1.174154, 46.163986], [-1.172493, 46.16383], [-1.170838, 46.16366], [-1.168853, 46.16347], [-1.166881, 46.163273], [-1.165077, 46.16309], [-1.16386, 46.162968], [-1.163139, 46.162895], [-1.15998, 46.16258], [-1.158744, 46.16244], [-1.157502, 46.16234], [-1.15646, 46.162243], [-1.155365, 46.162136], [-1.155192, 46.16212], [-1.155049, 46.162163], [-1.154934, 46.162193], [-1.154842, 46.162205], [-1.1547, 46.16213], [-1.15463, 46.16211], [-1.15358, 46.16195], [-1.15298, 46.16186], [-1.152907, 46.161842], [-1.152847, 46.161793], [-1.152841, 46.16171], [-1.152882, 46.16161], [-1.153081, 46.16118], [-1.153256, 46.16078], [-1.153382, 46.160454], [-1.153424, 46.160336], [-1.153433, 46.160267], [-1.153412, 46.16023], [-1.15287, 46.16015], [-1.152092, 46.160046], [-1.151825, 46.160004], [-1.151475, 46.1599], [-1.151369, 46.159893], [-1.151028, 46.159798], [-1.15077, 46.159725], [-1.150661, 46.159657], [-1.150396, 46.159534], [-1.150284, 46.15949], [-1.150199, 46.15943], [-1.150112, 46.159348], [-1.150032, 46.159187], [-1.149963, 46.159035], [-1.14988, 46.15889], [-1.149819, 46.158756], [-1.149757, 46.15865], [-1.14971, 46.158577], [-1.149659, 46.15855], [-1.149591, 46.15854], [-1.149487, 46.15857], [-1.14923, 46.15861], [-1.148998, 46.158634], [-1.14867, 46.15864], [-1.148357, 46.158638], [-1.148355, 46.158592], [-1.147, 46.15863], [-1.14641, 46.15857], [-1.14595, 46.15846], [-1.14557, 46.15827], [-1.1446, 46.15777], [-1.1436, 46.15724], [-1.14332, 46.15709], [-1.14297, 46.15694], [-1.1427, 46.15679], [-1.14131, 46.15604], [-1.14027, 46.15548], [-1.14014, 46.1554], [-1.13978, 46.15512], [-1.13957, 46.15489], [-1.13948, 46.15477], [-1.13939, 46.15458], [-1.1393, 46.15432], [-1.13927, 46.15409], [-1.13927, 46.1539], [-1.13928, 46.15372], [-1.13929, 46.1534], [-1.13933, 46.15336], [-1.13936, 46.15327], [-1.13952, 46.15278], [-1.13962, 46.15234], [-1.13969, 46.15226], [-1.13972, 46.15224], [-1.13977, 46.15219], [-1.1398, 46.15211], [-1.13981, 46.15206], [-1.13975, 46.15195], [-1.13967, 46.15189], [-1.13958, 46.15186], [-1.13942, 46.15185], [-1.13926, 46.15188], [-1.13924, 46.1519], [-1.13888, 46.15188], [-1.13855, 46.15181], [-1.13833, 46.15177], [-1.13822, 46.15178], [-1.13802, 46.15176], [-1.13776, 46.15179], [-1.13751, 46.15189], [-1.13736, 46.15202], [-1.13732, 46.15208], [-1.13705, 46.15272], [-1.13672, 46.15362], [-1.13659, 46.15397], [-1.1365, 46.15417], [-1.13638, 46.15436], [-1.13612, 46.15468], [-1.13594, 46.15487], [-1.13588, 46.15492], [-1.13611, 46.15504], [-1.136316, 46.15507]]}}, {"type": "Feature", "properties": {"route_short_name": "310", "route_long_name": "NAVETTE LEP Rompsay-Doriole <> Pl. de Verdun via D. Blanches", "shape_id": "CA_LA_ROCHELLE:JourneyPattern:310_D1D8755158811E88572718C662A6ABFE", "n_points": 138, "n_shape_variants_in_source": 2}, "geometry": {"type": "LineString", "coordinates": [[-1.153652, 46.161934], [-1.153031, 46.161995], [-1.152941, 46.161945], [-1.152904, 46.16189], [-1.152877, 46.16183], [-1.152833, 46.16177], [-1.152845, 46.161697], [-1.153271, 46.160748], [-1.153427, 46.16034], [-1.153436, 46.16026], [-1.153356, 46.160217], [-1.152861, 46.160156], [-1.152068, 46.16005], [-1.151782, 46.159992], [-1.151486, 46.159904], [-1.151411, 46.159897], [-1.151329, 46.15988], [-1.15074, 46.159714], [-1.150696, 46.159687], [-1.150617, 46.159637], [-1.150379, 46.15954], [-1.15028, 46.159485], [-1.150199, 46.15943], [-1.150101, 46.159317], [-1.150027, 46.15918], [-1.14988, 46.15889], [-1.149802, 46.158707], [-1.14967, 46.15855], [-1.14962, 46.158527], [-1.149573, 46.15854], [-1.149487, 46.15857], [-1.149233, 46.15862], [-1.148949, 46.15864], [-1.148669, 46.15864], [-1.148358, 46.158638], [-1.148355, 46.158592], [-1.147641, 46.158646], [-1.147, 46.15863], [-1.146613, 46.1586], [-1.146261, 46.15855], [-1.146093, 46.158504], [-1.14595, 46.15846], [-1.145716, 46.158363], [-1.145545, 46.158287], [-1.145276, 46.158154], [-1.145168, 46.158115], [-1.145057, 46.158085], [-1.14493, 46.15809], [-1.1448, 46.15812], [-1.144673, 46.15818], [-1.144581, 46.15824], [-1.1445, 46.158287], [-1.144397, 46.15831], [-1.144225, 46.158283], [-1.143715, 46.15819], [-1.143484, 46.158146], [-1.143234, 46.158104], [-1.142569, 46.15798], [-1.142452, 46.157963], [-1.142334, 46.157948], [-1.142252, 46.15799], [-1.142213, 46.158073], [-1.142115, 46.158348], [-1.141967, 46.158676], [-1.141878, 46.158848], [-1.141771, 46.159035], [-1.141633, 46.15923], [-1.141292, 46.15968], [-1.141151, 46.159855], [-1.140925, 46.160137], [-1.140664, 46.160458], [-1.140425, 46.160767], [-1.140204, 46.161037], [-1.140008, 46.161285], [-1.139945, 46.16134], [-1.139884, 46.16137], [-1.139813, 46.161373], [-1.13975, 46.1614], [-1.139709, 46.16143], [-1.13969, 46.16147], [-1.139687, 46.161537], [-1.139699, 46.161594], [-1.139658, 46.161674], [-1.139336, 46.162052], [-1.139253, 46.162163], [-1.139197, 46.162266], [-1.139046, 46.162663], [-1.138929, 46.16306], [-1.13889, 46.16312], [-1.13885, 46.16316], [-1.13876, 46.16324], [-1.138681, 46.16328], [-1.138603, 46.163307], [-1.138549, 46.16334], [-1.138497, 46.163357], [-1.138452, 46.163357], [-1.13837, 46.16334], [-1.137984, 46.163246], [-1.13753, 46.163147], [-1.13666, 46.162968], [-1.136287, 46.162926], [-1.1359, 46.1629], [-1.13549, 46.1629], [-1.134116, 46.162933], [-1.133054, 46.162933], [-1.131993, 46.162918], [-1.131409, 46.16291], [-1.13127, 46.162918], [-1.131021, 46.162952], [-1.130765, 46.163], [-1.130439, 46.16309], [-1.130015, 46.16324], [-1.12948, 46.16337], [-1.12932, 46.1634], [-1.128116, 46.163612], [-1.126377, 46.163975], [-1.126245, 46.16403], [-1.1261, 46.16411], [-1.12593, 46.16414], [-1.125812, 46.16412], [-1.125746, 46.164085], [-1.12567, 46.16398], [-1.125592, 46.163815], [-1.125511, 46.163727], [-1.125392, 46.163666], [-1.124732, 46.16354], [-1.124634, 46.1635], [-1.12453, 46.16342], [-1.124197, 46.16275], [-1.124037, 46.162445], [-1.123774, 46.161938], [-1.12379, 46.16186], [-1.123838, 46.161808], [-1.123907, 46.16177], [-1.124049, 46.16172], [-1.125594, 46.16128], [-1.126278, 46.161087], [-1.12688, 46.161007]]}}, {"type": "Feature", "properties": {"route_short_name": "311", "route_long_name": "NAVETTE LEP Rompsay-Doriole <> Pl. de Verdun via Gare", "shape_id": "CA_LA_ROCHELLE:JourneyPattern:311_2853079CF40551500C89E1C34BF862D5", "n_points": 131, "n_shape_variants_in_source": 4}, "geometry": {"type": "LineString", "coordinates": [[-1.153652, 46.161934], [-1.15298, 46.16186], [-1.152866, 46.16181], [-1.152829, 46.161716], [-1.15287, 46.16161], [-1.15324, 46.16074], [-1.15342, 46.16023], [-1.15287, 46.16015], [-1.1521, 46.16004], [-1.15182, 46.15999], [-1.1514, 46.15988], [-1.1507, 46.1597], [-1.15038, 46.15955], [-1.15019, 46.15944], [-1.15002, 46.15919], [-1.14988, 46.15889], [-1.14983, 46.15879], [-1.15003, 46.15872], [-1.15038, 46.15855], [-1.15064, 46.15841], [-1.15075, 46.15834], [-1.150828, 46.1583], [-1.150861, 46.15823], [-1.150823, 46.158157], [-1.150766, 46.15812], [-1.150692, 46.158073], [-1.150648, 46.15803], [-1.150604, 46.157974], [-1.15054, 46.157887], [-1.150249, 46.15746], [-1.149939, 46.15701], [-1.149741, 46.156715], [-1.149601, 46.156414], [-1.149512, 46.156178], [-1.14946, 46.15596], [-1.149303, 46.15581], [-1.148976, 46.155556], [-1.148494, 46.15516], [-1.148283, 46.155], [-1.147776, 46.154587], [-1.147277, 46.15418], [-1.14698, 46.15394], [-1.146571, 46.153603], [-1.146489, 46.153534], [-1.146393, 46.153465], [-1.14633, 46.153408], [-1.146261, 46.153355], [-1.146166, 46.153324], [-1.146031, 46.15336], [-1.145865, 46.15346], [-1.145659, 46.153572], [-1.145475, 46.153618], [-1.145475, 46.153618], [-1.144994, 46.153976], [-1.144557, 46.154255], [-1.144094, 46.154526], [-1.143861, 46.15466], [-1.143671, 46.154797], [-1.143553, 46.154896], [-1.143461, 46.154995], [-1.14337, 46.155087], [-1.143317, 46.155174], [-1.14322, 46.155457], [-1.143104, 46.15575], [-1.142957, 46.15614], [-1.14282, 46.1565], [-1.142705, 46.15671], [-1.14263, 46.156937], [-1.142444, 46.157375], [-1.142282, 46.157818], [-1.142186, 46.158146], [-1.142105, 46.158356], [-1.141965, 46.15868], [-1.14177, 46.15904], [-1.141445, 46.15949], [-1.141107, 46.159916], [-1.140849, 46.160233], [-1.140606, 46.160545], [-1.140339, 46.160866], [-1.140061, 46.161217], [-1.13998, 46.161312], [-1.139911, 46.161366], [-1.13984, 46.16139], [-1.13977, 46.1614], [-1.13972, 46.16143], [-1.13969, 46.16147], [-1.13968, 46.16151], [-1.13969, 46.16153], [-1.139679, 46.161636], [-1.13931, 46.16207], [-1.13922, 46.1622], [-1.13913, 46.1624], [-1.13891, 46.16309], [-1.13887, 46.16315], [-1.13883, 46.16318], [-1.13873, 46.16326], [-1.13855, 46.16332], [-1.13848, 46.16336], [-1.13688, 46.16301], [-1.13626, 46.16292], [-1.13579, 46.16289], [-1.1351, 46.1629], [-1.13409, 46.16292], [-1.13336, 46.16293], [-1.1316, 46.1629], [-1.13118, 46.16292], [-1.13076, 46.16299], [-1.12991, 46.16325], [-1.12943, 46.16338], [-1.12922, 46.16342], [-1.12768, 46.16371], [-1.12636, 46.16399], [-1.12602, 46.16413], [-1.12585, 46.16413], [-1.12573, 46.16414], [-1.12555, 46.16382], [-1.12549, 46.16374], [-1.12542, 46.1637], [-1.12513, 46.16364], [-1.12469, 46.16355], [-1.12461, 46.16351], [-1.12449, 46.16336], [-1.12382, 46.16211], [-1.12375, 46.16198], [-1.1237, 46.16191], [-1.12373, 46.1619], [-1.12378, 46.16188], [-1.1238, 46.16185], [-1.1238, 46.16177], [-1.12641, 46.16103], [-1.12688, 46.161007]]}}, {"type": "Feature", "properties": {"route_short_name": "319", "route_long_name": "NAVETTE LEP Rompsay-Doriole <> Lyc\u00e9e Valin", "shape_id": "CA_LA_ROCHELLE:JourneyPattern:319_992C330141A3EED2E4E2A9529CED30C3", "n_points": 123, "n_shape_variants_in_source": 2}, "geometry": {"type": "LineString", "coordinates": [[-1.12688, 46.161007], [-1.12847, 46.16045], [-1.12871, 46.16045], [-1.12886, 46.16048], [-1.12893, 46.16054], [-1.12901, 46.16056], [-1.12908, 46.16062], [-1.12927, 46.16082], [-1.12947, 46.16104], [-1.12958, 46.16114], [-1.12969, 46.1612], [-1.12996, 46.16129], [-1.13028, 46.16135], [-1.13044, 46.16135], [-1.13179, 46.16123], [-1.13197, 46.16121], [-1.13212, 46.16123], [-1.13237, 46.1613], [-1.13266, 46.1614], [-1.13301, 46.16145], [-1.13335, 46.16144], [-1.13358, 46.16141], [-1.13444, 46.16118], [-1.13489, 46.1611], [-1.13525, 46.16109], [-1.13606, 46.16111], [-1.13645, 46.1611], [-1.13681, 46.16106], [-1.13725, 46.16097], [-1.13737, 46.16096], [-1.13765, 46.161], [-1.13949, 46.16141], [-1.13968, 46.16149], [-1.13968, 46.16151], [-1.13971, 46.16156], [-1.13981, 46.16161], [-1.13994, 46.16159], [-1.13999, 46.16153], [-1.14, 46.16149], [-1.14, 46.16147], [-1.14027, 46.16108], [-1.14036, 46.16095], [-1.14046, 46.16087], [-1.14051, 46.1608], [-1.14101, 46.16016], [-1.14128, 46.15982], [-1.1415, 46.15958], [-1.14178, 46.15922], [-1.14196, 46.15893], [-1.14208, 46.1586], [-1.14212, 46.15848], [-1.14213, 46.15835], [-1.14221, 46.15817], [-1.14235, 46.15782], [-1.14239, 46.15767], [-1.14265, 46.15695], [-1.14267, 46.15686], [-1.14273, 46.15682], [-1.1428, 46.15674], [-1.14288, 46.15667], [-1.14299, 46.15664], [-1.14308, 46.15664], [-1.14325, 46.15665], [-1.14402, 46.1568], [-1.14416, 46.15685], [-1.14424, 46.15693], [-1.14427, 46.15703], [-1.14426, 46.1571], [-1.14421, 46.15717], [-1.1441, 46.15723], [-1.14388, 46.15728], [-1.1436, 46.15724], [-1.14332, 46.15709], [-1.14293, 46.15692], [-1.14274, 46.15682], [-1.14236, 46.15662], [-1.14083, 46.15578], [-1.1405, 46.1556], [-1.14019, 46.15543], [-1.13978, 46.15512], [-1.13949, 46.15478], [-1.13941, 46.15463], [-1.1393, 46.15432], [-1.13927, 46.15409], [-1.13927, 46.15389], [-1.1393, 46.15371], [-1.13938, 46.15331], [-1.13944, 46.1531], [-1.13959, 46.15243], [-1.13965, 46.15228], [-1.13974, 46.15223], [-1.13978, 46.15217], [-1.1398, 46.1521], [-1.1398, 46.15206], [-1.13984, 46.15202], [-1.13999, 46.15193], [-1.14026, 46.15187], [-1.14049, 46.15188], [-1.14114, 46.15194], [-1.14115, 46.15196], [-1.14118, 46.15199], [-1.14126, 46.15202], [-1.14134, 46.152], [-1.14138, 46.15198], [-1.14139, 46.15197], [-1.14249, 46.15244], [-1.14215, 46.15283], [-1.14174, 46.15336], [-1.14134, 46.15385], [-1.14131, 46.15398], [-1.14131, 46.15444], [-1.14127, 46.15456], [-1.14119, 46.15471], [-1.14093, 46.15513], [-1.14054, 46.15555], [-1.14011, 46.15588], [-1.13942, 46.15628], [-1.13881, 46.15664], [-1.13877, 46.15665], [-1.13868, 46.15662], [-1.13702, 46.15561], [-1.13611, 46.15504], [-1.136316, 46.15507]]}}, {"type": "Feature", "properties": {"route_short_name": "320", "route_long_name": "NAVETTE Lyc\u00e9e Valin <> Place de Verdun", "shape_id": "CA_LA_ROCHELLE:JourneyPattern:320_DF4F3EB2004D66095372C4FD7F0150DE", "n_points": 165, "n_shape_variants_in_source": 2}, "geometry": {"type": "LineString", "coordinates": [[-1.151811, 46.176826], [-1.15148, 46.17668], [-1.15127, 46.17652], [-1.151137, 46.176395], [-1.151064, 46.176315], [-1.151004, 46.176224], [-1.15094, 46.17609], [-1.15087, 46.1759], [-1.150727, 46.175545], [-1.150614, 46.175186], [-1.150548, 46.174828], [-1.15051, 46.174454], [-1.150505, 46.173798], [-1.150541, 46.17299], [-1.150541, 46.17299], [-1.15046, 46.17216], [-1.15044, 46.17136], [-1.15046, 46.17117], [-1.15047, 46.17103], [-1.15052, 46.1709], [-1.15078, 46.17049], [-1.15099, 46.17027], [-1.1513, 46.16995], [-1.15144, 46.16989], [-1.15147, 46.1699], [-1.15151, 46.16991], [-1.15158, 46.16992], [-1.15173, 46.1699], [-1.15186, 46.16985], [-1.15195, 46.16977], [-1.15198, 46.16966], [-1.15198, 46.16962], [-1.15196, 46.16949], [-1.15197, 46.1693], [-1.15201, 46.16918], [-1.15211, 46.16897], [-1.15221, 46.16884], [-1.15231, 46.16871], [-1.15261, 46.16815], [-1.15285, 46.16776], [-1.15291, 46.16761], [-1.15302, 46.16736], [-1.15313, 46.16715], [-1.15329, 46.16684], [-1.1533, 46.16672], [-1.15328, 46.16664], [-1.15331, 46.16652], [-1.15337, 46.16634], [-1.1535, 46.1662], [-1.153769, 46.166023], [-1.153769, 46.166023], [-1.154251, 46.16556], [-1.154318, 46.165516], [-1.154402, 46.16551], [-1.154606, 46.1655], [-1.154741, 46.165485], [-1.154825, 46.165462], [-1.154897, 46.16543], [-1.155018, 46.165375], [-1.155555, 46.16504], [-1.155649, 46.164963], [-1.155676, 46.16487], [-1.155686, 46.16472], [-1.155713, 46.164536], [-1.155318, 46.163265], [-1.155253, 46.163124], [-1.15519, 46.163017], [-1.155154, 46.162914], [-1.155138, 46.162876], [-1.155134, 46.162838], [-1.155135, 46.162758], [-1.155156, 46.162678], [-1.155181, 46.162617], [-1.155234, 46.162483], [-1.155214, 46.162434], [-1.155118, 46.16231], [-1.155055, 46.162228], [-1.155004, 46.1622], [-1.154875, 46.16219], [-1.154785, 46.162163], [-1.154718, 46.16214], [-1.154663, 46.162117], [-1.153996, 46.162], [-1.153652, 46.161934], [-1.153652, 46.161934], [-1.15285, 46.161842], [-1.152833, 46.161743], [-1.152895, 46.161537], [-1.153128, 46.161022], [-1.153278, 46.160683], [-1.153375, 46.160454], [-1.153417, 46.1603], [-1.153412, 46.160225], [-1.152274, 46.160053], [-1.151831, 46.15999], [-1.151077, 46.159805], [-1.150767, 46.159718], [-1.150615, 46.15964], [-1.150351, 46.159515], [-1.150235, 46.159454], [-1.150135, 46.159386], [-1.149935, 46.158985], [-1.149824, 46.158775], [-1.14974, 46.158646], [-1.149653, 46.15854], [-1.149465, 46.15857], [-1.149145, 46.158627], [-1.14712, 46.15863], [-1.14658, 46.15858], [-1.146273, 46.15853], [-1.145971, 46.15845], [-1.14568, 46.158333], [-1.144961, 46.15795], [-1.144437, 46.1577], [-1.143939, 46.157436], [-1.143619, 46.15726], [-1.143339, 46.15712], [-1.14293, 46.15692], [-1.14236, 46.15662], [-1.14083, 46.15578], [-1.1405, 46.1556], [-1.14019, 46.15543], [-1.13978, 46.15512], [-1.13949, 46.15478], [-1.13941, 46.15463], [-1.1393, 46.15432], [-1.13927, 46.15409], [-1.13927, 46.15389], [-1.1393, 46.15371], [-1.13938, 46.15331], [-1.13944, 46.1531], [-1.13959, 46.15243], [-1.13965, 46.15228], [-1.13974, 46.15223], [-1.13978, 46.15217], [-1.1398, 46.1521], [-1.1398, 46.15206], [-1.13984, 46.15202], [-1.13999, 46.15193], [-1.14026, 46.15187], [-1.14049, 46.15188], [-1.14114, 46.15194], [-1.14115, 46.15196], [-1.14122, 46.15201], [-1.1413, 46.15201], [-1.14138, 46.15198], [-1.14139, 46.15197], [-1.14249, 46.15244], [-1.14215, 46.15283], [-1.14174, 46.15336], [-1.14134, 46.15385], [-1.14131, 46.15398], [-1.14131, 46.15444], [-1.14127, 46.15456], [-1.14119, 46.15471], [-1.14093, 46.15513], [-1.14054, 46.15555], [-1.14011, 46.15588], [-1.13942, 46.15628], [-1.13881, 46.15664], [-1.13877, 46.15665], [-1.13868, 46.15662], [-1.13702, 46.15561], [-1.136338, 46.155186], [-1.136316, 46.15507]]}}, {"type": "Feature", "properties": {"route_short_name": "321", "route_long_name": "Lyc\u00e9e Valin <> Saint-Rogatien via P\u00e9rigny", "shape_id": "CA_LA_ROCHELLE:JourneyPattern:321_10EB1CAE50493F58806076945A412F9E", "n_points": 328, "n_shape_variants_in_source": 3}, "geometry": {"type": "LineString", "coordinates": [[-1.134672, 46.155563], [-1.134424, 46.155693], [-1.134113, 46.155792], [-1.133737, 46.15588], [-1.133366, 46.155937], [-1.132984, 46.155975], [-1.132803, 46.15599], [-1.1322, 46.156036], [-1.13102, 46.156143], [-1.130659, 46.156166], [-1.130052, 46.15621], [-1.129859, 46.156258], [-1.12819, 46.156406], [-1.126901, 46.15652], [-1.126399, 46.15656], [-1.12618, 46.156574], [-1.126062, 46.15657], [-1.125944, 46.156574], [-1.125944, 46.156574], [-1.125756, 46.156612], [-1.124436, 46.156734], [-1.123587, 46.1568], [-1.123174, 46.156815], [-1.122762, 46.156822], [-1.12224, 46.15682], [-1.122083, 46.15678], [-1.121905, 46.15676], [-1.121714, 46.15678], [-1.121588, 46.15678], [-1.121468, 46.156773], [-1.12118, 46.15675], [-1.12065, 46.15669], [-1.119933, 46.15655], [-1.119933, 46.15655], [-1.11944, 46.15644], [-1.119155, 46.156345], [-1.118891, 46.15623], [-1.118629, 46.1561], [-1.118418, 46.15596], [-1.118227, 46.15581], [-1.118049, 46.155647], [-1.11789, 46.15548], [-1.11761, 46.15516], [-1.117366, 46.154873], [-1.117124, 46.154587], [-1.11695, 46.15439], [-1.116767, 46.154194], [-1.116568, 46.15399], [-1.116493, 46.153915], [-1.116418, 46.153828], [-1.11633, 46.15366], [-1.11633, 46.15366], [-1.116136, 46.15349], [-1.11593, 46.153233], [-1.115788, 46.153114], [-1.115643, 46.15302], [-1.11557, 46.152946], [-1.115514, 46.15288], [-1.11553, 46.1528], [-1.115511, 46.152706], [-1.115443, 46.15263], [-1.11536, 46.15257], [-1.11518, 46.15251], [-1.115, 46.1525], [-1.11487, 46.15253], [-1.11473, 46.15261], [-1.11467, 46.15268], [-1.11464, 46.15275], [-1.11464, 46.15279], [-1.11459, 46.15285], [-1.114462, 46.152992], [-1.11425, 46.1531], [-1.114098, 46.15315], [-1.113885, 46.15322], [-1.113549, 46.15332], [-1.113379, 46.15337], [-1.113189, 46.15341], [-1.113001, 46.153427], [-1.112869, 46.15341], [-1.11275, 46.15338], [-1.1126, 46.15325], [-1.11241, 46.15315], [-1.1122, 46.15308], [-1.11196, 46.15305], [-1.11183, 46.15305], [-1.11157, 46.1531], [-1.111433, 46.15313], [-1.111311, 46.15313], [-1.11118, 46.153114], [-1.111094, 46.153095], [-1.11104, 46.15306], [-1.110878, 46.15295], [-1.110624, 46.152767], [-1.11052, 46.152714], [-1.110421, 46.152664], [-1.11029, 46.15263], [-1.110191, 46.152615], [-1.109626, 46.15261], [-1.108516, 46.15259], [-1.10779, 46.15263], [-1.107513, 46.152596], [-1.107305, 46.152557], [-1.107, 46.152496], [-1.10646, 46.15238], [-1.10584, 46.15228], [-1.105351, 46.152203], [-1.104947, 46.15215], [-1.10461, 46.152126], [-1.104222, 46.152107], [-1.10384, 46.152122], [-1.103475, 46.152164], [-1.10328, 46.15217], [-1.10328, 46.15217], [-1.10321, 46.15221], [-1.103019, 46.152245], [-1.102557, 46.152332], [-1.1021, 46.152428], [-1.101614, 46.15253], [-1.101165, 46.15267], [-1.100629, 46.152855], [-1.100083, 46.153034], [-1.099543, 46.1533], [-1.098983, 46.15358], [-1.098652, 46.15375], [-1.09834, 46.15389], [-1.097932, 46.154045], [-1.097523, 46.154198], [-1.096795, 46.154465], [-1.096396, 46.15458], [-1.095794, 46.15466], [-1.095794, 46.15466], [-1.09346, 46.15524], [-1.09288, 46.155342], [-1.092745, 46.155388], [-1.092552, 46.15538], [-1.09188, 46.15553], [-1.09175, 46.15554], [-1.09163, 46.15552], [-1.091541, 46.155502], [-1.09145, 46.155495], [-1.09131, 46.1555], [-1.091152, 46.155518], [-1.091, 46.15555], [-1.090949, 46.15556], [-1.090872, 46.15557], [-1.090809, 46.155537], [-1.090744, 46.155544], [-1.090687, 46.15556], [-1.090655, 46.155594], [-1.090656, 46.155655], [-1.090683, 46.155685], [-1.090735, 46.1557], [-1.090766, 46.155724], [-1.090774, 46.155766], [-1.090768, 46.155846], [-1.090775, 46.155945], [-1.090798, 46.156216], [-1.090814, 46.15634], [-1.09082, 46.15647], [-1.090682, 46.156605], [-1.090495, 46.156776], [-1.08948, 46.15767], [-1.089414, 46.15768], [-1.089341, 46.15768], [-1.088497, 46.15769], [-1.088497, 46.15769], [-1.088154, 46.157738], [-1.088071, 46.157722], [-1.08803, 46.157707], [-1.088, 46.15769], [-1.08798, 46.15765], [-1.0879, 46.15762], [-1.08785, 46.15762], [-1.0878, 46.15765], [-1.08777, 46.15768], [-1.08776, 46.15772], [-1.08779, 46.15776], [-1.087813, 46.157784], [-1.087815, 46.157818], [-1.087808, 46.157856], [-1.087812, 46.158016], [-1.087819, 46.158222], [-1.087794, 46.15843], [-1.087709, 46.159], [-1.08765, 46.15918], [-1.08755, 46.159363], [-1.087556, 46.159428], [-1.087537, 46.159462], [-1.087497, 46.159477], [-1.08745, 46.15948], [-1.087416, 46.159473], [-1.086899, 46.159348], [-1.086083, 46.15914], [-1.085817, 46.159077], [-1.085711, 46.159027], [-1.085615, 46.159023], [-1.085413, 46.15898], [-1.0853, 46.158947], [-1.085148, 46.158947], [-1.084953, 46.158913], [-1.084002, 46.15875], [-1.083877, 46.158722], [-1.083825, 46.158684], [-1.083782, 46.158653], [-1.083737, 46.15864], [-1.083689, 46.158646], [-1.08358, 46.15867], [-1.08344, 46.15866], [-1.08313, 46.15861], [-1.082867, 46.15851], [-1.082124, 46.158176], [-1.081961, 46.158165], [-1.081885, 46.158142], [-1.081847, 46.158115], [-1.081873, 46.15806], [-1.082067, 46.157726], [-1.082142, 46.1576], [-1.082241, 46.15748], [-1.082459, 46.157253], [-1.082609, 46.157135], [-1.082684, 46.157093], [-1.082735, 46.157043], [-1.082903, 46.156788], [-1.082972, 46.15667], [-1.083039, 46.156563], [-1.083073, 46.156498], [-1.083077, 46.156403], [-1.08309, 46.156353], [-1.08313, 46.156235], [-1.083186, 46.15612], [-1.083207, 46.156063], [-1.083243, 46.156017], [-1.083519, 46.15569], [-1.083554, 46.155632], [-1.083731, 46.155544], [-1.083884, 46.155437], [-1.084037, 46.15533], [-1.084177, 46.155266], [-1.085155, 46.154537], [-1.085689, 46.154182], [-1.085735, 46.15413], [-1.085945, 46.153805], [-1.086029, 46.153656], [-1.086123, 46.153507], [-1.086314, 46.153297], [-1.08647, 46.153145], [-1.086523, 46.153095], [-1.08655, 46.15306], [-1.086517, 46.153027], [-1.086132, 46.15288], [-1.085484, 46.152588], [-1.084861, 46.15226], [-1.084861, 46.15226], [-1.084323, 46.152042], [-1.084029, 46.1519], [-1.083788, 46.151806], [-1.08341, 46.15169], [-1.08312, 46.15164], [-1.08301, 46.1516], [-1.08291, 46.15158], [-1.08274, 46.15151], [-1.082458, 46.15144], [-1.081422, 46.151165], [-1.080391, 46.15089], [-1.07995, 46.15078], [-1.079784, 46.15074], [-1.079461, 46.150715], [-1.079157, 46.150692], [-1.077783, 46.15063], [-1.077523, 46.15063], [-1.0773, 46.150658], [-1.077123, 46.1507], [-1.077012, 46.15072], [-1.0769, 46.15072], [-1.076814, 46.150696], [-1.07671, 46.15068], [-1.076632, 46.15068], [-1.076555, 46.150696], [-1.076487, 46.150738], [-1.07644, 46.15079], [-1.07636, 46.15082], [-1.076264, 46.150864], [-1.076165, 46.150894], [-1.07571, 46.15099], [-1.075506, 46.15103], [-1.075302, 46.15106], [-1.075015, 46.151085], [-1.074843, 46.151096], [-1.07448, 46.151115], [-1.074292, 46.151127], [-1.07415, 46.15112], [-1.07361, 46.15097], [-1.073363, 46.150867], [-1.073187, 46.150833], [-1.072841, 46.150784], [-1.072687, 46.15074], [-1.07257, 46.150642], [-1.072399, 46.150513], [-1.07217, 46.15038], [-1.071858, 46.150234], [-1.071329, 46.15002], [-1.071042, 46.149895], [-1.070901, 46.149837], [-1.070774, 46.14979], [-1.07041, 46.1497], [-1.070136, 46.149647], [-1.06986, 46.149597], [-1.0694, 46.14954], [-1.068675, 46.149467], [-1.068414, 46.149475], [-1.068153, 46.149452], [-1.067901, 46.14941], [-1.066021, 46.14908], [-1.065962, 46.14905], [-1.065925, 46.149006], [-1.065895, 46.148975], [-1.065851, 46.148956], [-1.0658, 46.14896], [-1.06574, 46.14898], [-1.065687, 46.149], [-1.064867, 46.148853], [-1.063561, 46.148563], [-1.062651, 46.148346], [-1.062145, 46.148224], [-1.062058, 46.14828], [-1.062093, 46.14839], [-1.062351, 46.148468], [-1.062822, 46.14863]]}}, {"type": "Feature", "properties": {"route_short_name": "322", "route_long_name": "Lyc\u00e9e Valin <> Saint-M\u00e9dard d'Aunis", "shape_id": "CA_LA_ROCHELLE:JourneyPattern:322_924BC9F848FE0E16FBE749AFC759F98F", "n_points": 678, "n_shape_variants_in_source": 5}, "geometry": {"type": "LineString", "coordinates": [[-1.134672, 46.155563], [-1.13446, 46.15573], [-1.13413, 46.15583], [-1.13375, 46.15591], [-1.13298, 46.15601], [-1.13281, 46.156], [-1.1322, 46.15607], [-1.13097, 46.15617], [-1.12986, 46.15626], [-1.12819, 46.15641], [-1.12552, 46.15664], [-1.12375, 46.1568], [-1.12251, 46.15682], [-1.12121, 46.15676], [-1.12034, 46.15665], [-1.11995, 46.15659], [-1.11944, 46.15644], [-1.1189, 46.15623], [-1.11864, 46.1561], [-1.11823, 46.15581], [-1.11789, 46.15548], [-1.11712, 46.15459], [-1.11629, 46.15371], [-1.11593, 46.15329], [-1.11576, 46.15313], [-1.11558, 46.15299], [-1.11549, 46.15286], [-1.1155, 46.15277], [-1.11546, 46.15268], [-1.1154, 46.15261], [-1.11531, 46.15255], [-1.11514, 46.1525], [-1.11495, 46.15251], [-1.1149, 46.15252], [-1.11486, 46.15254], [-1.11476, 46.15258], [-1.1147, 46.15264], [-1.11465, 46.15271], [-1.11464, 46.15279], [-1.11456, 46.15289], [-1.11445, 46.15298], [-1.11425, 46.1531], [-1.11396, 46.15318], [-1.1138, 46.15323], [-1.1135, 46.15332], [-1.11318, 46.1534], [-1.11284, 46.1534], [-1.11275, 46.15338], [-1.11268, 46.15331], [-1.11251, 46.15319], [-1.11231, 46.15311], [-1.11208, 46.15306], [-1.11189, 46.15305], [-1.11176, 46.15306], [-1.1115, 46.15312], [-1.11131, 46.15321], [-1.11115, 46.15332], [-1.111, 46.15351], [-1.11096, 46.15363], [-1.11095, 46.15375], [-1.11099, 46.15393], [-1.11106, 46.15405], [-1.11115, 46.15415], [-1.11127, 46.15423], [-1.11134, 46.15441], [-1.11134, 46.1545], [-1.11131, 46.15457], [-1.11125, 46.15466], [-1.11087, 46.15493], [-1.11012, 46.15539], [-1.10899, 46.15615], [-1.10887, 46.15626], [-1.10884, 46.15625], [-1.10879, 46.15624], [-1.10867, 46.15625], [-1.10859, 46.1563], [-1.10854, 46.15639], [-1.10854, 46.15644], [-1.1085, 46.15647], [-1.10712, 46.15737], [-1.10498, 46.15876], [-1.10431, 46.15915], [-1.10339, 46.15961], [-1.10298, 46.15978], [-1.10281, 46.15983], [-1.10278, 46.15982], [-1.10273, 46.15981], [-1.10267, 46.15981], [-1.10255, 46.15984], [-1.10248, 46.15991], [-1.10247, 46.15993], [-1.10239, 46.16], [-1.10147, 46.16035], [-1.10097, 46.16052], [-1.0999, 46.16083], [-1.09957, 46.1609], [-1.09789, 46.16123], [-1.09501, 46.16175], [-1.09388, 46.16191], [-1.09386, 46.1619], [-1.09382, 46.16189], [-1.09373, 46.16188], [-1.09364, 46.16191], [-1.09358, 46.16196], [-1.09356, 46.16199], [-1.09264, 46.16217], [-1.09092, 46.16244], [-1.09022, 46.16253], [-1.09001, 46.16255], [-1.08982, 46.16253], [-1.08968, 46.16248], [-1.08963, 46.16243], [-1.0895, 46.16238], [-1.08929, 46.16236], [-1.08911, 46.16239], [-1.08906, 46.16242], [-1.08901, 46.16245], [-1.08863, 46.16248], [-1.08784, 46.16238], [-1.0873, 46.16231], [-1.08687, 46.1622], [-1.0832, 46.16101], [-1.08147, 46.16043], [-1.08043, 46.16007], [-1.08012, 46.15997], [-1.07981, 46.15983], [-1.0758, 46.15798], [-1.0739, 46.15712], [-1.07287, 46.15657], [-1.07274, 46.15648], [-1.07273, 46.15639], [-1.07261, 46.15627], [-1.07243, 46.1562], [-1.07224, 46.15619], [-1.07215, 46.1562], [-1.07207, 46.15622], [-1.07194, 46.15623], [-1.07182, 46.1562], [-1.07162, 46.15609], [-1.07127, 46.15587], [-1.07081, 46.15564], [-1.07017, 46.1554], [-1.06662, 46.15429], [-1.06538, 46.15386], [-1.06521, 46.15379], [-1.0652, 46.15376], [-1.06516, 46.15373], [-1.06495, 46.1536], [-1.06494, 46.15358], [-1.06492, 46.15353], [-1.06489, 46.15349], [-1.06477, 46.15343], [-1.06469, 46.15342], [-1.06459, 46.15344], [-1.06448, 46.1535], [-1.06444, 46.15358], [-1.06448, 46.15368], [-1.06437, 46.15382], [-1.06435, 46.15387], [-1.06435, 46.15389], [-1.0643, 46.15391], [-1.06418, 46.15392], [-1.06403, 46.15391], [-1.06352, 46.15381], [-1.06328, 46.15379], [-1.06306, 46.15381], [-1.06166, 46.15409], [-1.05851, 46.15483], [-1.05701, 46.15506], [-1.05523, 46.1553], [-1.05395, 46.15545], [-1.05344, 46.15552], [-1.05208, 46.15578], [-1.05156, 46.15594], [-1.05078, 46.15622], [-1.04986, 46.15655], [-1.04918, 46.15672], [-1.04867, 46.15685], [-1.04795, 46.15711], [-1.04473, 46.15828], [-1.0445, 46.15837], [-1.04266, 46.15897], [-1.04124, 46.15942], [-1.04102, 46.15951], [-1.04061, 46.15973], [-1.03998, 46.16005], [-1.03943, 46.16028], [-1.03888, 46.1606], [-1.0379, 46.16141], [-1.03773, 46.16154], [-1.03733, 46.16179], [-1.03557, 46.16261], [-1.03534, 46.16269], [-1.03331, 46.16335], [-1.03164, 46.16387], [-1.03043, 46.16428], [-1.02923, 46.16471], [-1.02865, 46.16493], [-1.02837, 46.16495], [-1.02796, 46.16484], [-1.0275, 46.16466], [-1.027394, 46.164562], [-1.027394, 46.164562], [-1.02655, 46.16422], [-1.02614, 46.16401], [-1.02568, 46.16375], [-1.02533, 46.16349], [-1.02484, 46.16315], [-1.02456, 46.16301], [-1.02373, 46.1627], [-1.02256, 46.16235], [-1.021794, 46.162018], [-1.020899, 46.161762], [-1.020607, 46.161655], [-1.020465, 46.1616], [-1.020337, 46.161533], [-1.02019, 46.161453], [-1.020055, 46.161373], [-1.019463, 46.16095], [-1.019158, 46.160732], [-1.018853, 46.16053], [-1.018608, 46.160374], [-1.018371, 46.160225], [-1.017877, 46.159935], [-1.017402, 46.159637], [-1.017196, 46.1595], [-1.016993, 46.15936], [-1.016657, 46.159107], [-1.016488, 46.158985], [-1.01633, 46.15886], [-1.016223, 46.158764], [-1.016129, 46.15867], [-1.015932, 46.158436], [-1.015744, 46.1582], [-1.015447, 46.157833], [-1.015121, 46.157448], [-1.014955, 46.157303], [-1.01469, 46.15713], [-1.01426, 46.1569], [-1.014025, 46.15675], [-1.013827, 46.15662], [-1.013643, 46.15649], [-1.013517, 46.15638], [-1.013417, 46.15627], [-1.013341, 46.156166], [-1.013281, 46.15607], [-1.013245, 46.156017], [-1.013185, 46.155964], [-1.0131, 46.155922], [-1.012969, 46.155827], [-1.012757, 46.15583], [-1.012398, 46.15575], [-1.012315, 46.155724], [-1.012249, 46.15569], [-1.011978, 46.155617], [-1.011903, 46.15561], [-1.01174, 46.155556], [-1.011599, 46.1555], [-1.011258, 46.155403], [-1.011173, 46.155403], [-1.010877, 46.155315], [-1.010757, 46.15526], [-1.010459, 46.155163], [-1.010167, 46.155087], [-1.009965, 46.15503], [-1.009735, 46.15498], [-1.00947, 46.154938], [-1.009263, 46.15489], [-1.009138, 46.15485], [-1.009015, 46.154774], [-1.008834, 46.154648], [-1.008653, 46.154533], [-1.008523, 46.15445], [-1.008443, 46.154404], [-1.00835, 46.154377], [-1.008243, 46.154366], [-1.007674, 46.15436], [-1.007519, 46.154346], [-1.007368, 46.154346], [-1.007278, 46.15436], [-1.007112, 46.15438], [-1.00575, 46.1544], [-1.00467, 46.154415], [-1.004389, 46.15444], [-1.004107, 46.154495], [-1.00373, 46.15459], [-1.002955, 46.15481], [-1.002175, 46.155033], [-1.001686, 46.155167], [-1.00121, 46.15528], [-1.000737, 46.15538], [-1.000189, 46.15548], [-0.99913, 46.15568], [-0.99856, 46.15575], [-0.997305, 46.155876], [-0.997068, 46.155895], [-0.996711, 46.155937], [-0.99637, 46.15598], [-0.996084, 46.156025], [-0.99459, 46.15638], [-0.99349, 46.15665], [-0.992931, 46.156784], [-0.99237, 46.1569], [-0.99213, 46.15694], [-0.9918, 46.15697], [-0.99137, 46.15696], [-0.990711, 46.1569], [-0.990529, 46.15689], [-0.990373, 46.156883], [-0.990041, 46.156887], [-0.98977, 46.15691], [-0.98937, 46.15695], [-0.98889, 46.157], [-0.988761, 46.157], [-0.98863, 46.15699], [-0.98849, 46.156956], [-0.988353, 46.15691], [-0.988231, 46.156864], [-0.988147, 46.156815], [-0.988053, 46.15675], [-0.987914, 46.156605], [-0.987773, 46.156467], [-0.98766, 46.15637], [-0.98756, 46.15631], [-0.987466, 46.156273], [-0.98739, 46.15626], [-0.98732, 46.15627], [-0.987011, 46.1563], [-0.987011, 46.1563], [-0.986283, 46.15655], [-0.985872, 46.156654], [-0.985499, 46.156742], [-0.985194, 46.156815], [-0.984994, 46.15687], [-0.984777, 46.15695], [-0.984554, 46.157047], [-0.984303, 46.157158], [-0.983949, 46.15734], [-0.98342, 46.157627], [-0.98292, 46.15792], [-0.98211, 46.15832], [-0.98173, 46.15852], [-0.98145, 46.1587], [-0.981211, 46.15887], [-0.980997, 46.15904], [-0.980849, 46.15915], [-0.980696, 46.15921], [-0.980507, 46.159256], [-0.980355, 46.159275], [-0.980185, 46.15927], [-0.979936, 46.159214], [-0.979378, 46.15907], [-0.979077, 46.158997], [-0.978779, 46.158943], [-0.978348, 46.158894], [-0.977938, 46.15884], [-0.977155, 46.158756], [-0.976377, 46.158634], [-0.976138, 46.158638], [-0.975993, 46.158627], [-0.97585, 46.158623], [-0.975465, 46.158634], [-0.975367, 46.158653], [-0.975087, 46.15866], [-0.9749, 46.158665], [-0.974655, 46.158672], [-0.97442, 46.15867], [-0.97401, 46.15863], [-0.973551, 46.158573], [-0.973321, 46.158535], [-0.97309, 46.158512], [-0.9728, 46.158497], [-0.972525, 46.15848], [-0.971916, 46.15846], [-0.971543, 46.15843], [-0.971189, 46.1584], [-0.970952, 46.15835], [-0.97034, 46.15834], [-0.97041, 46.15802], [-0.97049, 46.15791], [-0.9706, 46.15756], [-0.9707, 46.15715], [-0.97075, 46.15694], [-0.97082, 46.15645], [-0.97083, 46.1558], [-0.97083, 46.15569], [-0.97093, 46.15532], [-0.97168, 46.15399], [-0.97191, 46.15361], [-0.97196, 46.15346], [-0.97197, 46.15335], [-0.97196, 46.15321], [-0.97193, 46.15299], [-0.9717, 46.1512], [-0.97155, 46.1499], [-0.9715, 46.14966], [-0.97116, 46.14853], [-0.9711, 46.14828], [-0.97107, 46.14764], [-0.97105, 46.14728], [-0.97087, 46.14639], [-0.97073, 46.14568], [-0.97062, 46.14506], [-0.97061, 46.14496], [-0.97143, 46.14499], [-0.97193, 46.14499], [-0.9723, 46.14492], [-0.97318, 46.14471], [-0.97502, 46.14427], [-0.97513, 46.14426], [-0.97494, 46.14391], [-0.9749, 46.1437], [-0.97488, 46.14334], [-0.9749, 46.14312], [-0.97458, 46.14311], [-0.97419, 46.14312], [-0.97378, 46.14316], [-0.97337, 46.1432], [-0.97184, 46.1433], [-0.970894, 46.1434], [-0.970894, 46.1434], [-0.97049, 46.14351], [-0.97015, 46.14341], [-0.96964, 46.14321], [-0.96952, 46.14314], [-0.96947, 46.1431], [-0.9693, 46.14262], [-0.96923, 46.14222], [-0.96937, 46.14184], [-0.9694, 46.14174], [-0.96928, 46.14174], [-0.96852, 46.14157], [-0.96829, 46.14157], [-0.96811, 46.14164], [-0.96773, 46.14191], [-0.96755, 46.14197], [-0.96735, 46.14204], [-0.96667, 46.14216], [-0.96628, 46.14222], [-0.96556, 46.1423], [-0.96508, 46.14229], [-0.96459, 46.14227], [-0.96252, 46.14217], [-0.96191, 46.14213], [-0.96155, 46.14206], [-0.96081, 46.14179], [-0.96053, 46.14161], [-0.95994, 46.14116], [-0.95977, 46.1411], [-0.95952, 46.14107], [-0.9589, 46.14111], [-0.95855, 46.14113], [-0.95839, 46.14111], [-0.95753, 46.14077], [-0.95723, 46.14069], [-0.957, 46.14069], [-0.95681, 46.14072], [-0.95664, 46.14079], [-0.95632, 46.14095], [-0.95595, 46.14116], [-0.95535, 46.14154], [-0.95441, 46.14215], [-0.95349, 46.14271], [-0.95258, 46.14324], [-0.95196, 46.14365], [-0.95137, 46.14391], [-0.95123, 46.14396], [-0.95096, 46.14405], [-0.95003, 46.14432], [-0.94984, 46.1444], [-0.94966, 46.14455], [-0.94952, 46.14469], [-0.94898, 46.1453], [-0.94887, 46.14542], [-0.94871, 46.14566], [-0.94806, 46.14556], [-0.94659, 46.14538], [-0.94591, 46.14529], [-0.94584, 46.14545], [-0.94569, 46.14596], [-0.94566, 46.14619], [-0.94561, 46.14638], [-0.94548, 46.14656], [-0.94535, 46.14667], [-0.94504, 46.14689], [-0.94451, 46.14716], [-0.94378, 46.14749], [-0.94357, 46.14757], [-0.94317, 46.14764], [-0.94276, 46.14766], [-0.94217, 46.1477], [-0.94138, 46.1478], [-0.94106, 46.14786], [-0.94054, 46.14796], [-0.93986, 46.14807], [-0.93942, 46.1481], [-0.93851, 46.14811], [-0.93812, 46.14809], [-0.93793, 46.14805], [-0.93668, 46.14777], [-0.9366, 46.14777], [-0.93645, 46.1478], [-0.93632, 46.14787], [-0.93629, 46.14792], [-0.93625, 46.14807], [-0.93624, 46.14836], [-0.93614, 46.14979], [-0.93607, 46.14993], [-0.93595, 46.15004], [-0.93582, 46.15011], [-0.93521, 46.15032], [-0.93468, 46.15055], [-0.93394, 46.15091], [-0.93324, 46.15128], [-0.93296, 46.1514], [-0.93263, 46.1515], [-0.93261, 46.15162], [-0.93256, 46.15176], [-0.93245, 46.15199], [-0.93236, 46.15226], [-0.93236, 46.15245], [-0.93241, 46.1526], [-0.93262, 46.1532], [-0.932641, 46.153328], [-0.93272, 46.15352], [-0.93275, 46.15364], [-0.93275, 46.15374], [-0.93272, 46.15387], [-0.93272, 46.15391], [-0.93304, 46.1539], [-0.93418, 46.15383], [-0.93519, 46.15377], [-0.9365, 46.15369], [-0.93979, 46.15337], [-0.94104, 46.15334], [-0.94111, 46.15338], [-0.94156, 46.15348], [-0.94225, 46.15367], [-0.94426, 46.15403], [-0.94472, 46.15413], [-0.94598, 46.15444], [-0.94675, 46.15464], [-0.94735, 46.15486], [-0.94825, 46.15528], [-0.94916, 46.15573], [-0.94957, 46.15593], [-0.94994, 46.15603], [-0.94994, 46.15613], [-0.94995, 46.1564], [-0.94998, 46.15719], [-0.95, 46.15758], [-0.950038, 46.158276], [-0.95014, 46.15877], [-0.95016, 46.15894], [-0.95006, 46.15945], [-0.94982, 46.16041], [-0.94975, 46.16078], [-0.94972, 46.16105], [-0.94973, 46.16125], [-0.9498, 46.16144], [-0.94994, 46.16166], [-0.9506, 46.16256], [-0.95088, 46.16295], [-0.95105, 46.16313], [-0.95089, 46.16322], [-0.95022, 46.16349], [-0.95001, 46.1636], [-0.94971, 46.16377], [-0.94896, 46.1642], [-0.94831, 46.16454], [-0.9482, 46.16463], [-0.94789, 46.16498], [-0.94775, 46.16526], [-0.9477, 46.16574], [-0.94768, 46.16643], [-0.947597, 46.166607], [-0.9476, 46.16675], [-0.94777, 46.16681], [-0.94813, 46.16692], [-0.94959, 46.16753], [-0.94981, 46.16762], [-0.9507, 46.16806], [-0.95083, 46.1681], [-0.95082, 46.16819], [-0.95084, 46.16834], [-0.95095, 46.16866], [-0.95099, 46.16875], [-0.95112, 46.16892], [-0.95128, 46.16905], [-0.95137, 46.1691], [-0.95172, 46.16934], [-0.95239, 46.16979], [-0.95301, 46.17027], [-0.95311, 46.17039], [-0.95319, 46.17053], [-0.95323, 46.17067], [-0.9532, 46.17092], [-0.95309, 46.17144], [-0.95299, 46.17188], [-0.95299, 46.172], [-0.95304, 46.17215], [-0.9532, 46.17232], [-0.95353, 46.17252], [-0.95358, 46.17255], [-0.95368, 46.17266], [-0.95378, 46.17283], [-0.95403, 46.17328], [-0.95413, 46.17359], [-0.95412, 46.17369], [-0.95408, 46.17381], [-0.95388, 46.17406], [-0.95362, 46.17432], [-0.95352, 46.17451], [-0.9534, 46.17483], [-0.95331, 46.17529], [-0.95332, 46.17544], [-0.9534, 46.17571], [-0.95367, 46.17627], [-0.95381, 46.17652], [-0.95405, 46.17677], [-0.95455, 46.17703], [-0.95485, 46.17714], [-0.95515, 46.17725], [-0.9554, 46.17735], [-0.95618, 46.17777], [-0.95669, 46.17801], [-0.956794, 46.17809], [-0.95712, 46.17821], [-0.95725, 46.17827], [-0.95746, 46.17816], [-0.95759, 46.1781], [-0.95811, 46.17787], [-0.95904, 46.17746], [-0.95947, 46.17727], [-0.95982, 46.17716], [-0.95995, 46.17714], [-0.96088, 46.17708], [-0.96129, 46.17706], [-0.96432, 46.17692], [-0.96712, 46.1768], [-0.96741, 46.17676], [-0.9705, 46.17618], [-0.97112, 46.1761], [-0.97182, 46.17605], [-0.97589, 46.17583], [-0.98038, 46.17569], [-0.98151, 46.17566], [-0.98254, 46.17559], [-0.98394, 46.1753], [-0.98471, 46.17519], [-0.98502, 46.17517], [-0.98639, 46.17515], [-0.98736, 46.17517], [-0.98841, 46.17517], [-0.98917, 46.17511], [-0.98972, 46.17505], [-0.99135, 46.17498], [-0.9936, 46.17489], [-0.99421, 46.17485], [-0.99482, 46.17479], [-0.99596, 46.17462], [-0.99702, 46.17445], [-0.99759, 46.1743], [-0.99906, 46.17385], [-0.99955, 46.17364], [-0.99983, 46.17351], [-1.00042, 46.17312], [-1.00122, 46.17255], [-1.00185, 46.17212], [-1.00212, 46.17196], [-1.00228, 46.17188], [-1.00252, 46.17177], [-1.00308, 46.17162], [-1.00357, 46.17155], [-1.00384, 46.17152], [-1.00388, 46.17141], [-1.00394, 46.17131], [-1.0042, 46.17104]]}}, {"type": "Feature", "properties": {"route_short_name": "323", "route_long_name": "Lyc\u00e9e Valin <> Saint-M\u00e9dard d'Aunis (renfort)", "shape_id": "CA_LA_ROCHELLE:JourneyPattern:323_D7716DB7119FD8BA861022CF1A85CC05", "n_points": 420, "n_shape_variants_in_source": 2}, "geometry": {"type": "LineString", "coordinates": [[-1.134672, 46.155563], [-1.13446, 46.15573], [-1.13413, 46.15583], [-1.13375, 46.15591], [-1.13298, 46.15601], [-1.13281, 46.156], [-1.1322, 46.15607], [-1.13097, 46.15617], [-1.12986, 46.15626], [-1.12819, 46.15641], [-1.12552, 46.15664], [-1.12375, 46.1568], [-1.12251, 46.15682], [-1.12121, 46.15676], [-1.12034, 46.15665], [-1.11995, 46.15659], [-1.11944, 46.15644], [-1.1189, 46.15623], [-1.11864, 46.1561], [-1.11823, 46.15581], [-1.11789, 46.15548], [-1.11712, 46.15459], [-1.11629, 46.15371], [-1.11593, 46.15329], [-1.11576, 46.15313], [-1.11558, 46.15299], [-1.11549, 46.15286], [-1.1155, 46.15277], [-1.11546, 46.15268], [-1.1154, 46.15261], [-1.11531, 46.15255], [-1.11514, 46.1525], [-1.11495, 46.15251], [-1.1149, 46.15252], [-1.11486, 46.15254], [-1.11476, 46.15258], [-1.1147, 46.15264], [-1.11465, 46.15271], [-1.11464, 46.15279], [-1.11456, 46.15289], [-1.11445, 46.15298], [-1.11425, 46.1531], [-1.11396, 46.15318], [-1.1138, 46.15323], [-1.1135, 46.15332], [-1.11318, 46.1534], [-1.11284, 46.1534], [-1.11275, 46.15338], [-1.11268, 46.15331], [-1.11251, 46.15319], [-1.11231, 46.15311], [-1.11208, 46.15306], [-1.11189, 46.15305], [-1.11176, 46.15306], [-1.1115, 46.15312], [-1.11131, 46.15321], [-1.11115, 46.15332], [-1.111, 46.15351], [-1.11096, 46.15363], [-1.11095, 46.15375], [-1.11099, 46.15393], [-1.11106, 46.15405], [-1.11115, 46.15415], [-1.11127, 46.15423], [-1.11134, 46.15441], [-1.11134, 46.1545], [-1.11131, 46.15457], [-1.11125, 46.15466], [-1.11087, 46.15493], [-1.11012, 46.15539], [-1.10899, 46.15615], [-1.10887, 46.15626], [-1.10884, 46.15625], [-1.10879, 46.15624], [-1.10867, 46.15625], [-1.10859, 46.1563], [-1.10854, 46.15639], [-1.10854, 46.15644], [-1.1085, 46.15647], [-1.10712, 46.15737], [-1.10498, 46.15876], [-1.10431, 46.15915], [-1.10339, 46.15961], [-1.10298, 46.15978], [-1.10281, 46.15983], [-1.10278, 46.15982], [-1.10273, 46.15981], [-1.10267, 46.15981], [-1.10255, 46.15984], [-1.10248, 46.15991], [-1.10247, 46.15993], [-1.10239, 46.16], [-1.10147, 46.16035], [-1.10097, 46.16052], [-1.0999, 46.16083], [-1.09957, 46.1609], [-1.09789, 46.16123], [-1.09501, 46.16175], [-1.09388, 46.16191], [-1.09386, 46.1619], [-1.09382, 46.16189], [-1.09373, 46.16188], [-1.09364, 46.16191], [-1.09358, 46.16196], [-1.09356, 46.16199], [-1.09264, 46.16217], [-1.09092, 46.16244], [-1.09022, 46.16253], [-1.09001, 46.16255], [-1.08982, 46.16253], [-1.08968, 46.16248], [-1.08963, 46.16243], [-1.0895, 46.16238], [-1.08929, 46.16236], [-1.08911, 46.16239], [-1.08906, 46.16242], [-1.08901, 46.16245], [-1.08863, 46.16248], [-1.08784, 46.16238], [-1.0873, 46.16231], [-1.08687, 46.1622], [-1.0832, 46.16101], [-1.08147, 46.16043], [-1.08043, 46.16007], [-1.08012, 46.15997], [-1.07981, 46.15983], [-1.0758, 46.15798], [-1.0739, 46.15712], [-1.07287, 46.15657], [-1.07274, 46.15648], [-1.07273, 46.15639], [-1.07261, 46.15627], [-1.07243, 46.1562], [-1.07224, 46.15619], [-1.07215, 46.1562], [-1.07207, 46.15622], [-1.07194, 46.15623], [-1.07182, 46.1562], [-1.07162, 46.15609], [-1.07127, 46.15587], [-1.07081, 46.15564], [-1.07017, 46.1554], [-1.06662, 46.15429], [-1.06538, 46.15386], [-1.06521, 46.15379], [-1.0652, 46.15376], [-1.06516, 46.15373], [-1.06495, 46.1536], [-1.06494, 46.15358], [-1.06492, 46.15353], [-1.06489, 46.15349], [-1.06477, 46.15343], [-1.06469, 46.15342], [-1.06459, 46.15344], [-1.06448, 46.1535], [-1.06444, 46.15358], [-1.06448, 46.15368], [-1.06437, 46.15382], [-1.06435, 46.15387], [-1.06435, 46.15389], [-1.0643, 46.15391], [-1.06418, 46.15392], [-1.06403, 46.15391], [-1.06352, 46.15381], [-1.06328, 46.15379], [-1.06306, 46.15381], [-1.06166, 46.15409], [-1.05851, 46.15483], [-1.05701, 46.15506], [-1.05523, 46.1553], [-1.05395, 46.15545], [-1.05344, 46.15552], [-1.05208, 46.15578], [-1.05156, 46.15594], [-1.05078, 46.15622], [-1.04986, 46.15655], [-1.04918, 46.15672], [-1.04867, 46.15685], [-1.04795, 46.15711], [-1.04473, 46.15828], [-1.0445, 46.15837], [-1.04266, 46.15897], [-1.04124, 46.15942], [-1.04102, 46.15951], [-1.04061, 46.15973], [-1.03998, 46.16005], [-1.03943, 46.16028], [-1.03888, 46.1606], [-1.0379, 46.16141], [-1.03773, 46.16154], [-1.03733, 46.16179], [-1.03557, 46.16261], [-1.03534, 46.16269], [-1.03331, 46.16335], [-1.03164, 46.16387], [-1.03043, 46.16428], [-1.02923, 46.16471], [-1.02865, 46.16493], [-1.02837, 46.16495], [-1.02796, 46.16484], [-1.0275, 46.16466], [-1.027394, 46.164562], [-1.027394, 46.164562], [-1.02655, 46.16422], [-1.02614, 46.16401], [-1.02568, 46.16375], [-1.02533, 46.16349], [-1.02484, 46.16315], [-1.02456, 46.16301], [-1.02373, 46.1627], [-1.02256, 46.16235], [-1.021794, 46.162018], [-1.020899, 46.161762], [-1.020607, 46.161655], [-1.020465, 46.1616], [-1.020337, 46.161533], [-1.02019, 46.161453], [-1.020055, 46.161373], [-1.019463, 46.16095], [-1.019158, 46.160732], [-1.018853, 46.16053], [-1.018608, 46.160374], [-1.018371, 46.160225], [-1.017877, 46.159935], [-1.017402, 46.159637], [-1.017196, 46.1595], [-1.016993, 46.15936], [-1.016657, 46.159107], [-1.016488, 46.158985], [-1.01633, 46.15886], [-1.016223, 46.158764], [-1.016129, 46.15867], [-1.015932, 46.158436], [-1.015744, 46.1582], [-1.015447, 46.157833], [-1.015121, 46.157448], [-1.014955, 46.157303], [-1.01469, 46.15713], [-1.01426, 46.1569], [-1.014025, 46.15675], [-1.013827, 46.15662], [-1.013643, 46.15649], [-1.013517, 46.15638], [-1.013417, 46.15627], [-1.013341, 46.156166], [-1.013281, 46.15607], [-1.013245, 46.156017], [-1.013185, 46.155964], [-1.0131, 46.155922], [-1.012969, 46.155827], [-1.012757, 46.15583], [-1.012398, 46.15575], [-1.012315, 46.155724], [-1.012249, 46.15569], [-1.011978, 46.155617], [-1.011903, 46.15561], [-1.01174, 46.155556], [-1.011599, 46.1555], [-1.011258, 46.155403], [-1.011173, 46.155403], [-1.010877, 46.155315], [-1.010757, 46.15526], [-1.010459, 46.155163], [-1.010167, 46.155087], [-1.009965, 46.15503], [-1.009735, 46.15498], [-1.00947, 46.154938], [-1.009263, 46.15489], [-1.009138, 46.15485], [-1.009015, 46.154774], [-1.008834, 46.154648], [-1.008653, 46.154533], [-1.008523, 46.15445], [-1.008443, 46.154404], [-1.00835, 46.154377], [-1.008243, 46.154366], [-1.007674, 46.15436], [-1.007519, 46.154346], [-1.007368, 46.154346], [-1.007278, 46.15436], [-1.007112, 46.15438], [-1.00575, 46.1544], [-1.00467, 46.154415], [-1.004389, 46.15444], [-1.004107, 46.154495], [-1.00373, 46.15459], [-1.002955, 46.15481], [-1.002175, 46.155033], [-1.001686, 46.155167], [-1.00121, 46.15528], [-1.000737, 46.15538], [-1.000189, 46.15548], [-0.99913, 46.15568], [-0.99856, 46.15575], [-0.997305, 46.155876], [-0.997068, 46.155895], [-0.996711, 46.155937], [-0.99637, 46.15598], [-0.996084, 46.156025], [-0.99459, 46.15638], [-0.99349, 46.15665], [-0.992931, 46.156784], [-0.99237, 46.1569], [-0.99213, 46.15694], [-0.9918, 46.15697], [-0.99137, 46.15696], [-0.990711, 46.1569], [-0.990529, 46.15689], [-0.990373, 46.156883], [-0.990041, 46.156887], [-0.98977, 46.15691], [-0.98937, 46.15695], [-0.98889, 46.157], [-0.988761, 46.157], [-0.98863, 46.15699], [-0.98849, 46.156956], [-0.988353, 46.15691], [-0.988231, 46.156864], [-0.988147, 46.156815], [-0.988053, 46.15675], [-0.987914, 46.156605], [-0.987773, 46.156467], [-0.98766, 46.15637], [-0.98756, 46.15631], [-0.987466, 46.156273], [-0.98739, 46.15626], [-0.98732, 46.15627], [-0.987011, 46.1563], [-0.987011, 46.1563], [-0.986283, 46.15655], [-0.985872, 46.156654], [-0.985499, 46.156742], [-0.985194, 46.156815], [-0.984994, 46.15687], [-0.984777, 46.15695], [-0.984554, 46.157047], [-0.984303, 46.157158], [-0.983949, 46.15734], [-0.98342, 46.157627], [-0.98292, 46.15792], [-0.98211, 46.15832], [-0.98173, 46.15852], [-0.98145, 46.1587], [-0.981211, 46.15887], [-0.980997, 46.15904], [-0.980849, 46.15915], [-0.980696, 46.15921], [-0.980507, 46.159256], [-0.980355, 46.159275], [-0.980185, 46.15927], [-0.979936, 46.159214], [-0.979378, 46.15907], [-0.979077, 46.158997], [-0.978779, 46.158943], [-0.978348, 46.158894], [-0.977938, 46.15884], [-0.977155, 46.158756], [-0.976377, 46.158634], [-0.976138, 46.158638], [-0.975993, 46.158627], [-0.97585, 46.158623], [-0.975465, 46.158634], [-0.975367, 46.158653], [-0.975087, 46.15866], [-0.9749, 46.158665], [-0.974655, 46.158672], [-0.97442, 46.15867], [-0.97401, 46.15863], [-0.973551, 46.158573], [-0.973321, 46.158535], [-0.97309, 46.158512], [-0.9728, 46.158497], [-0.972525, 46.15848], [-0.971916, 46.15846], [-0.971543, 46.15843], [-0.971189, 46.1584], [-0.970952, 46.15835], [-0.97034, 46.15834], [-0.97041, 46.15802], [-0.97049, 46.15791], [-0.9706, 46.15756], [-0.9707, 46.15715], [-0.97075, 46.15694], [-0.97082, 46.15645], [-0.97083, 46.1558], [-0.97083, 46.15569], [-0.97093, 46.15532], [-0.97168, 46.15399], [-0.97191, 46.15361], [-0.97196, 46.15346], [-0.97197, 46.15335], [-0.97196, 46.15321], [-0.97193, 46.15299], [-0.9717, 46.1512], [-0.97155, 46.1499], [-0.9715, 46.14966], [-0.97116, 46.14853], [-0.9711, 46.14828], [-0.97107, 46.14764], [-0.97105, 46.14728], [-0.97087, 46.14639], [-0.97073, 46.14568], [-0.97062, 46.14506], [-0.97061, 46.14496], [-0.97143, 46.14499], [-0.97193, 46.14499], [-0.9723, 46.14492], [-0.97318, 46.14471], [-0.97502, 46.14427], [-0.97513, 46.14426], [-0.97494, 46.14391], [-0.9749, 46.1437], [-0.97488, 46.14334], [-0.9749, 46.14312], [-0.97458, 46.14311], [-0.97419, 46.14312], [-0.97378, 46.14316], [-0.97337, 46.1432], [-0.97184, 46.1433], [-0.970894, 46.1434]]}}, {"type": "Feature", "properties": {"route_short_name": "324", "route_long_name": "Lyc\u00e9e Valin <> Saint-Christophe via Clavette", "shape_id": "CA_LA_ROCHELLE:JourneyPattern:324_3FF5D08FBFC522D6BB7F15FE681D6F82", "n_points": 416, "n_shape_variants_in_source": 2}, "geometry": {"type": "LineString", "coordinates": [[-1.134672, 46.155563], [-1.13446, 46.15573], [-1.13413, 46.15583], [-1.13375, 46.15591], [-1.13298, 46.15601], [-1.13281, 46.156], [-1.1322, 46.15607], [-1.13097, 46.15617], [-1.12986, 46.15626], [-1.12819, 46.15641], [-1.12552, 46.15664], [-1.12375, 46.1568], [-1.12251, 46.15682], [-1.12121, 46.15676], [-1.12034, 46.15665], [-1.11995, 46.15659], [-1.11944, 46.15644], [-1.1189, 46.15623], [-1.11864, 46.1561], [-1.11823, 46.15581], [-1.11789, 46.15548], [-1.11712, 46.15459], [-1.11629, 46.15371], [-1.11593, 46.15329], [-1.11576, 46.15313], [-1.11558, 46.15299], [-1.11549, 46.15286], [-1.1155, 46.15277], [-1.11546, 46.15268], [-1.1154, 46.15261], [-1.11531, 46.15255], [-1.11514, 46.1525], [-1.11495, 46.15251], [-1.1149, 46.15252], [-1.11486, 46.15254], [-1.11476, 46.15258], [-1.1147, 46.15264], [-1.11465, 46.15271], [-1.11464, 46.15279], [-1.11456, 46.15289], [-1.11445, 46.15298], [-1.11425, 46.1531], [-1.11396, 46.15318], [-1.1138, 46.15323], [-1.1135, 46.15332], [-1.11318, 46.1534], [-1.11284, 46.1534], [-1.11275, 46.15338], [-1.11268, 46.15331], [-1.11251, 46.15319], [-1.11231, 46.15311], [-1.11208, 46.15306], [-1.11189, 46.15305], [-1.11176, 46.15306], [-1.1115, 46.15312], [-1.11131, 46.15321], [-1.11115, 46.15332], [-1.111, 46.15351], [-1.11096, 46.15363], [-1.11095, 46.15375], [-1.11099, 46.15393], [-1.11106, 46.15405], [-1.11115, 46.15415], [-1.11127, 46.15423], [-1.11134, 46.15441], [-1.11134, 46.1545], [-1.11131, 46.15457], [-1.11125, 46.15466], [-1.11087, 46.15493], [-1.11012, 46.15539], [-1.10899, 46.15615], [-1.10887, 46.15626], [-1.10884, 46.15625], [-1.10879, 46.15624], [-1.10867, 46.15625], [-1.10859, 46.1563], [-1.10854, 46.15639], [-1.10854, 46.15644], [-1.1085, 46.15647], [-1.10712, 46.15737], [-1.10498, 46.15876], [-1.10431, 46.15915], [-1.10339, 46.15961], [-1.10298, 46.15978], [-1.10281, 46.15983], [-1.10278, 46.15982], [-1.10273, 46.15981], [-1.10267, 46.15981], [-1.10255, 46.15984], [-1.10248, 46.15991], [-1.10247, 46.15993], [-1.10239, 46.16], [-1.10147, 46.16035], [-1.10097, 46.16052], [-1.0999, 46.16083], [-1.09957, 46.1609], [-1.09789, 46.16123], [-1.09501, 46.16175], [-1.09388, 46.16191], [-1.09386, 46.1619], [-1.09382, 46.16189], [-1.09373, 46.16188], [-1.09364, 46.16191], [-1.09358, 46.16196], [-1.09356, 46.16199], [-1.09264, 46.16217], [-1.09092, 46.16244], [-1.09022, 46.16253], [-1.09001, 46.16255], [-1.08982, 46.16253], [-1.08968, 46.16248], [-1.08963, 46.16243], [-1.0895, 46.16238], [-1.08929, 46.16236], [-1.08911, 46.16239], [-1.08906, 46.16242], [-1.08901, 46.16245], [-1.08863, 46.16248], [-1.08784, 46.16238], [-1.0873, 46.16231], [-1.08687, 46.1622], [-1.0832, 46.16101], [-1.08147, 46.16043], [-1.08043, 46.16007], [-1.08012, 46.15997], [-1.07981, 46.15983], [-1.0758, 46.15798], [-1.0739, 46.15712], [-1.07287, 46.15657], [-1.07274, 46.15648], [-1.07273, 46.15639], [-1.07261, 46.15627], [-1.07243, 46.1562], [-1.07224, 46.15619], [-1.07215, 46.1562], [-1.07207, 46.15622], [-1.07194, 46.15623], [-1.07182, 46.1562], [-1.07162, 46.15609], [-1.07127, 46.15587], [-1.07081, 46.15564], [-1.07017, 46.1554], [-1.06662, 46.15429], [-1.06538, 46.15386], [-1.06521, 46.15379], [-1.0652, 46.15376], [-1.06516, 46.15373], [-1.06495, 46.1536], [-1.06494, 46.15358], [-1.06492, 46.15353], [-1.06489, 46.15349], [-1.06477, 46.15343], [-1.06469, 46.15342], [-1.06459, 46.15344], [-1.06428, 46.15341], [-1.06424, 46.15341], [-1.06344, 46.15311], [-1.06293, 46.15292], [-1.0625, 46.15275], [-1.06039, 46.15192], [-1.05859, 46.15128], [-1.05838, 46.1512], [-1.05808, 46.1511], [-1.05552, 46.15019], [-1.05392, 46.14959], [-1.05278, 46.14916], [-1.04936, 46.14787], [-1.04777, 46.14726], [-1.04728, 46.14706], [-1.04614, 46.14655], [-1.04599, 46.14644], [-1.04566, 46.14628], [-1.04464, 46.14574], [-1.04402, 46.14541], [-1.04274, 46.14474], [-1.04238, 46.14456], [-1.04129, 46.144], [-1.03967, 46.14318], [-1.03546, 46.14134], [-1.03473, 46.14099], [-1.03454, 46.14089], [-1.03387, 46.14058], [-1.033611, 46.14042], [-1.033611, 46.14042], [-1.033377, 46.140373], [-1.03322, 46.14032], [-1.03273, 46.14017], [-1.032501, 46.140114], [-1.031547, 46.139885], [-1.030714, 46.139706], [-1.029901, 46.139526], [-1.027427, 46.13894], [-1.027427, 46.13894], [-1.026912, 46.138897], [-1.026783, 46.13887], [-1.026652, 46.13887], [-1.02652, 46.13885], [-1.02537, 46.13861], [-1.024794, 46.138493], [-1.02422, 46.13837], [-1.02342, 46.13817], [-1.023246, 46.13811], [-1.023159, 46.138073], [-1.023121, 46.138042], [-1.023097, 46.13802], [-1.02305, 46.138], [-1.023002, 46.137993], [-1.022955, 46.137997], [-1.022854, 46.13799], [-1.022635, 46.137955], [-1.022301, 46.137863], [-1.02183, 46.137733], [-1.020551, 46.137398], [-1.019783, 46.13723], [-1.01898, 46.13708], [-1.018333, 46.136986], [-1.017231, 46.136814], [-1.016134, 46.136635], [-1.014786, 46.136368], [-1.01133, 46.13587], [-1.01046, 46.13573], [-1.00992, 46.13562], [-1.00963, 46.13553], [-1.00961, 46.1355], [-1.00956, 46.13545], [-1.0095, 46.13544], [-1.00939, 46.13546], [-1.00933, 46.13551], [-1.00933, 46.13555], [-1.00935, 46.13558], [-1.00935, 46.13565], [-1.00932, 46.13574], [-1.00921, 46.13589], [-1.00882, 46.13585], [-1.00861, 46.13586], [-1.00735, 46.13593], [-1.00665, 46.13598], [-1.0063, 46.13602], [-1.00615, 46.13604], [-1.00601, 46.13604], [-1.00585, 46.13602], [-1.00582, 46.13602], [-1.00576, 46.13603], [-1.00573, 46.13604], [-1.00534, 46.13605], [-1.00504, 46.13602], [-1.00328, 46.13594], [-1.00143, 46.13594], [-1.00066, 46.13594], [-1.00006, 46.13591], [-0.99915, 46.13585], [-0.99833, 46.13574], [-0.9981, 46.13566], [-0.99803, 46.13562], [-0.99781, 46.13533], [-0.99773, 46.13525], [-0.99756, 46.13516], [-0.99731, 46.1351], [-0.99364, 46.13516], [-0.99193, 46.13518], [-0.99085, 46.1352], [-0.98994, 46.13516], [-0.98779, 46.13499], [-0.98753, 46.13499], [-0.98701, 46.13499], [-0.98623, 46.13502], [-0.98572, 46.13506], [-0.98431, 46.1353], [-0.98252, 46.1356], [-0.98205, 46.13569], [-0.98058, 46.13596], [-0.97865, 46.13619], [-0.97782, 46.13632], [-0.97621, 46.13656], [-0.97579, 46.13662], [-0.9734, 46.13692], [-0.9718, 46.13712], [-0.97185, 46.13742], [-0.97187, 46.13754], [-0.97181, 46.13771], [-0.97168, 46.13793], [-0.97122, 46.13869], [-0.97078, 46.13925], [-0.9705, 46.13955], [-0.9701, 46.13998], [-0.96978, 46.14033], [-0.96972, 46.14043], [-0.96959, 46.14063], [-0.96951, 46.14087], [-0.9695, 46.1411], [-0.96944, 46.14168], [-0.9694, 46.14174], [-0.96928, 46.14174], [-0.96852, 46.14157], [-0.96829, 46.14157], [-0.96811, 46.14164], [-0.96773, 46.14191], [-0.96755, 46.14197], [-0.96735, 46.14204], [-0.96695, 46.14208], [-0.96695, 46.14208], [-0.96618, 46.14223], [-0.96544, 46.14231], [-0.96238, 46.14216], [-0.96183, 46.14211], [-0.96155, 46.14206], [-0.96135, 46.14199], [-0.96098, 46.14186], [-0.96081, 46.14179], [-0.96064, 46.14169], [-0.96002, 46.14121], [-0.95977, 46.1411], [-0.95952, 46.14107], [-0.95934, 46.14107], [-0.95873, 46.14113], [-0.95847, 46.14112], [-0.95821, 46.14105], [-0.95737, 46.14072], [-0.95714, 46.14068], [-0.95681, 46.14072], [-0.956283, 46.140934], [-0.95595, 46.14116], [-0.95535, 46.14154], [-0.95441, 46.14215], [-0.95349, 46.14271], [-0.95258, 46.14324], [-0.95196, 46.14365], [-0.95137, 46.14391], [-0.95123, 46.14396], [-0.95096, 46.14405], [-0.95003, 46.14432], [-0.94984, 46.1444], [-0.94966, 46.14455], [-0.94952, 46.14469], [-0.94898, 46.1453], [-0.94887, 46.14542], [-0.94871, 46.14566], [-0.94806, 46.14556], [-0.946902, 46.145367], [-0.946902, 46.145367], [-0.946311, 46.145336], [-0.94601, 46.145298], [-0.945698, 46.145252], [-0.945561, 46.145214], [-0.945444, 46.145164], [-0.94533, 46.14509], [-0.944653, 46.14467], [-0.944451, 46.14454], [-0.944121, 46.144333], [-0.943951, 46.14423], [-0.94381, 46.14412], [-0.94376, 46.14407], [-0.943732, 46.144005], [-0.943706, 46.143932], [-0.943687, 46.143833], [-0.943679, 46.143288], [-0.943676, 46.142815], [-0.943667, 46.14258], [-0.943665, 46.142345], [-0.9437, 46.141888], [-0.9437, 46.141888], [-0.94364, 46.14166], [-0.94362, 46.14144], [-0.94363, 46.14112], [-0.94366, 46.14057], [-0.94371, 46.14022], [-0.94377, 46.13985], [-0.9438, 46.13945], [-0.94382, 46.13822], [-0.94383, 46.13775], [-0.94379, 46.1366], [-0.94375, 46.13607], [-0.94376, 46.13599], [-0.94379, 46.13599], [-0.94385, 46.13597], [-0.9439, 46.13594], [-0.94396, 46.13587], [-0.94395, 46.13578], [-0.94387, 46.13571], [-0.94376, 46.13568], [-0.94363, 46.1357], [-0.94354, 46.13576], [-0.94352, 46.1358], [-0.94351, 46.13582], [-0.94326, 46.13583], [-0.94269, 46.1358], [-0.94172, 46.13572], [-0.94123, 46.13569], [-0.94073, 46.13569], [-0.94023, 46.13574], [-0.93933, 46.13585], [-0.93844, 46.13594], [-0.93753, 46.13603], [-0.93673, 46.13616], [-0.93601, 46.13627], [-0.93508, 46.13637], [-0.93394, 46.13645], [-0.93128, 46.13666], [-0.92969, 46.13674], [-0.92803, 46.13681], [-0.92715, 46.1368], [-0.92621, 46.13668], [-0.92507, 46.13651], [-0.92471, 46.13649], [-0.92436, 46.13649], [-0.92433, 46.13638], [-0.92426, 46.13622], [-0.92409, 46.13581], [-0.92407, 46.13565], [-0.92408, 46.13542], [-0.92408, 46.13512], [-0.92403, 46.13477], [-0.92393, 46.13428], [-0.92378, 46.13358], [-0.92367, 46.1331], [-0.923536, 46.13253]]}}, {"type": "Feature", "properties": {"route_short_name": "327", "route_long_name": "Lyc\u00e9e Valin <> La Jarrie", "shape_id": "CA_LA_ROCHELLE:JourneyPattern:327_A446BE7AA67F811098CD2F98F5CB2124", "n_points": 425, "n_shape_variants_in_source": 3}, "geometry": {"type": "LineString", "coordinates": [[-1.136316, 46.15507], [-1.13611, 46.15504], [-1.13588, 46.15492], [-1.13572, 46.15506], [-1.13539, 46.15528], [-1.13535, 46.15531], [-1.13507, 46.15546], [-1.13472, 46.15562], [-1.13422, 46.1558], [-1.13392, 46.15588], [-1.13348, 46.15596], [-1.1322, 46.15607], [-1.13068, 46.15619], [-1.12855, 46.15637], [-1.12655, 46.15655], [-1.12444, 46.15675], [-1.12359, 46.15681], [-1.12277, 46.15682], [-1.12224, 46.15682], [-1.12118, 46.15675], [-1.12065, 46.15669], [-1.12023, 46.15663], [-1.11972, 46.15653], [-1.11915, 46.15633], [-1.11873, 46.15616], [-1.11857, 46.15607], [-1.11806, 46.15566], [-1.11724, 46.15474], [-1.11705, 46.15451], [-1.11638, 46.15381], [-1.11586, 46.15321], [-1.11563, 46.15304], [-1.11553, 46.15294], [-1.11549, 46.15286], [-1.1155, 46.15281], [-1.11548, 46.15272], [-1.11544, 46.15264], [-1.11536, 46.15257], [-1.11518, 46.15251], [-1.115, 46.1525], [-1.11492, 46.15252], [-1.11465, 46.15258], [-1.11446, 46.15259], [-1.11421, 46.15251], [-1.11404, 46.15244], [-1.11362, 46.1522], [-1.11333, 46.152], [-1.11307, 46.15175], [-1.11296, 46.15162], [-1.11286, 46.1516], [-1.11279, 46.15148], [-1.11245, 46.15096], [-1.11199, 46.15024], [-1.11118, 46.14899], [-1.10841, 46.1447], [-1.10586, 46.14076], [-1.10244, 46.13546], [-1.10223, 46.13512], [-1.10212, 46.13496], [-1.10216, 46.1349], [-1.10216, 46.13489], [-1.10206, 46.13471], [-1.10198, 46.13453], [-1.10185, 46.13419], [-1.10173, 46.13376], [-1.10169, 46.1334], [-1.10169, 46.13311], [-1.10179, 46.13255], [-1.1019, 46.13219], [-1.102, 46.1319], [-1.10204, 46.1318], [-1.10218, 46.13168], [-1.10225, 46.13168], [-1.10239, 46.13164], [-1.10246, 46.13156], [-1.10245, 46.13147], [-1.10237, 46.13139], [-1.10225, 46.13136], [-1.10212, 46.13137], [-1.10207, 46.1314], [-1.10204, 46.13142], [-1.10191, 46.13144], [-1.10139, 46.13142], [-1.09971, 46.13131], [-1.09708, 46.13117], [-1.09548, 46.13106], [-1.09519, 46.13102], [-1.09504, 46.13097], [-1.09501, 46.13095], [-1.09497, 46.13093], [-1.09485, 46.1309], [-1.09473, 46.13093], [-1.0947, 46.13095], [-1.09453, 46.13098], [-1.0942, 46.13095], [-1.09342, 46.13088], [-1.09234, 46.13084], [-1.09123, 46.13079], [-1.09073, 46.13076], [-1.08438, 46.13035], [-1.08309, 46.13027], [-1.08188, 46.13019], [-1.08153, 46.13014], [-1.08127, 46.13011], [-1.08106, 46.13006], [-1.08103, 46.13003], [-1.08094, 46.12999], [-1.08084, 46.12999], [-1.08075, 46.13002], [-1.08071, 46.13004], [-1.08063, 46.13006], [-1.08003, 46.13003], [-1.07946, 46.12998], [-1.07945, 46.12996], [-1.07944, 46.12995], [-1.07941, 46.12992], [-1.07932, 46.1299], [-1.07923, 46.12992], [-1.07921, 46.12994], [-1.07882, 46.12995], [-1.07815, 46.12996], [-1.07767, 46.12999], [-1.07671, 46.1301], [-1.0761, 46.13016], [-1.0756, 46.13018], [-1.07469, 46.13014], [-1.07383, 46.13009], [-1.07314, 46.13004], [-1.07249, 46.12997], [-1.07173, 46.12983], [-1.07133, 46.12973], [-1.07066, 46.12955], [-1.07054, 46.12951], [-1.07005, 46.12936], [-1.06891, 46.12907], [-1.0685, 46.12896], [-1.06838, 46.12911], [-1.06809, 46.12934], [-1.06768, 46.12953], [-1.06738, 46.12962], [-1.06697, 46.12973], [-1.06678, 46.12976], [-1.06622, 46.12985], [-1.06578, 46.12994], [-1.06449, 46.13026], [-1.06358, 46.1305], [-1.06296, 46.13062], [-1.06162, 46.13079], [-1.05971, 46.13083], [-1.05863, 46.13083], [-1.05783, 46.13082], [-1.0568, 46.13077], [-1.056, 46.13069], [-1.05546, 46.13068], [-1.05506, 46.13075], [-1.0548, 46.13082], [-1.0543, 46.131], [-1.05379, 46.13121], [-1.05348, 46.13135], [-1.05253, 46.13175], [-1.05209, 46.1319], [-1.05176, 46.13199], [-1.05138, 46.13205], [-1.05083, 46.13202], [-1.05058, 46.13199], [-1.04914, 46.13172], [-1.04856, 46.13167], [-1.0483, 46.13167], [-1.0481, 46.13166], [-1.04641, 46.13171], [-1.04568, 46.13175], [-1.04541, 46.13177], [-1.04453, 46.13184], [-1.044041, 46.131817], [-1.0429, 46.13197], [-1.04111, 46.13217], [-1.03851, 46.13245], [-1.03833, 46.13245], [-1.03811, 46.13244], [-1.03796, 46.13242], [-1.03716, 46.13218], [-1.03689, 46.13212], [-1.03681, 46.13213], [-1.03658, 46.13224], [-1.0359, 46.1326], [-1.03534, 46.13297], [-1.03429, 46.13367], [-1.03172, 46.13523], [-1.03106, 46.13571], [-1.0306, 46.13611], [-1.03006, 46.13663], [-1.02951, 46.13714], [-1.02896, 46.13766], [-1.02873, 46.13786], [-1.02782, 46.13846], [-1.02759, 46.13863], [-1.02731, 46.13888], [-1.02725, 46.13897], [-1.02652, 46.13885], [-1.02579, 46.1387], [-1.02477, 46.13849], [-1.02408, 46.13834], [-1.02342, 46.13817], [-1.02311, 46.13804], [-1.02311, 46.13803], [-1.0231, 46.13803], [-1.02309, 46.13801], [-1.02308, 46.138], [-1.02304, 46.13799], [-1.02299, 46.138], [-1.02298, 46.13801], [-1.02262, 46.13796], [-1.0223, 46.13787], [-1.02197, 46.13778], [-1.02055, 46.1374], [-1.01908, 46.1371], [-1.0179, 46.13692], [-1.01574, 46.13658], [-1.014786, 46.136368], [-1.01133, 46.13587], [-1.01046, 46.13573], [-1.00992, 46.13562], [-1.00963, 46.13553], [-1.00961, 46.1355], [-1.0096, 46.13548], [-1.00971, 46.13527], [-1.010055, 46.134995], [-1.010055, 46.134995], [-1.01082, 46.13427], [-1.01174, 46.13363], [-1.01275, 46.13294], [-1.01284, 46.13281], [-1.01308, 46.13271], [-1.0132, 46.13263], [-1.01365, 46.13237], [-1.013688, 46.132324], [-1.01413, 46.13214], [-1.01464, 46.13186], [-1.0153, 46.13147], [-1.01603, 46.13111], [-1.01634, 46.13093], [-1.01641, 46.13089], [-1.01685, 46.13066], [-1.01718, 46.13045], [-1.01758, 46.13014], [-1.01806, 46.12978], [-1.0188, 46.12921], [-1.01897, 46.12909], [-1.01909, 46.12897], [-1.01881, 46.12891], [-1.01861, 46.12883], [-1.01743, 46.12824], [-1.01858, 46.12726], [-1.0191, 46.12681], [-1.02126, 46.12488], [-1.02155, 46.12463], [-1.02192, 46.12428], [-1.022, 46.12417], [-1.02212, 46.12396], [-1.02223, 46.12351], [-1.02243, 46.12277], [-1.02203, 46.12276], [-1.02119, 46.12278], [-1.02055, 46.12281], [-1.01953, 46.12281], [-1.01851, 46.12277], [-1.01808, 46.12281], [-1.01758, 46.12293], [-1.01615, 46.12328], [-1.01536, 46.12345], [-1.01447, 46.12369], [-1.01337, 46.1239], [-1.011394, 46.1242], [-1.011394, 46.1242], [-1.00918, 46.1247], [-1.00878, 46.12478], [-1.00731, 46.125], [-1.0067, 46.12513], [-1.00642, 46.12509], [-1.00641, 46.12509], [-1.0064, 46.12509], [-1.00639, 46.1251], [-1.00637, 46.1251], [-1.00635, 46.12512], [-1.00634, 46.12515], [-1.00634, 46.12516], [-1.00587, 46.12528], [-1.00512, 46.12545], [-1.00469, 46.12552], [-1.00368, 46.12564], [-1.00335, 46.12564], [-1.00271, 46.12562], [-1.00255, 46.1256], [-1.00103, 46.12554], [-0.99984, 46.1255], [-0.99868, 46.12551], [-0.99695, 46.12556], [-0.9965, 46.12557], [-0.99443, 46.12566], [-0.99366, 46.12574], [-0.99199, 46.12597], [-0.98952, 46.12632], [-0.98712, 46.12664], [-0.98502, 46.12692], [-0.98465, 46.12699], [-0.98405, 46.12713], [-0.98387, 46.12719], [-0.98391, 46.12723], [-0.98395, 46.12726], [-0.98407, 46.12733], [-0.98444, 46.12747], [-0.985924, 46.127995], [-0.985924, 46.127995], [-0.98405, 46.12713], [-0.98387, 46.12719], [-0.98391, 46.12723], [-0.98395, 46.12726], [-0.984, 46.1273], [-0.98413, 46.12736], [-0.98427, 46.12742], [-0.98556, 46.12785], [-0.98622, 46.12806], [-0.98846, 46.12873], [-0.98954, 46.12908], [-0.99329, 46.13022], [-0.99606, 46.13108], [-0.99687, 46.13139], [-0.99779, 46.13186], [-0.99845, 46.13226], [-0.99912, 46.13276], [-0.99934, 46.1329], [-0.99934, 46.13291], [-0.99933, 46.13293], [-0.99932, 46.13294], [-0.99933, 46.13298], [-0.99938, 46.13304], [-0.9994, 46.13305], [-0.99857, 46.13408], [-0.99825, 46.13442], [-0.99742, 46.13512], [-0.99731, 46.1351], [-0.99535, 46.13513], [-0.99364, 46.13516], [-0.99193, 46.13518], [-0.99085, 46.1352], [-0.98994, 46.13516], [-0.98779, 46.13499], [-0.98753, 46.13499], [-0.98701, 46.13499], [-0.98623, 46.13502], [-0.98572, 46.13506], [-0.98431, 46.1353], [-0.98252, 46.1356], [-0.98205, 46.13569], [-0.98058, 46.13596], [-0.97865, 46.13619], [-0.97782, 46.13632], [-0.97621, 46.13656], [-0.97579, 46.13662], [-0.9734, 46.13692], [-0.97066, 46.13727], [-0.9704, 46.13729], [-0.96954, 46.13735], [-0.96858, 46.13738], [-0.96781, 46.13735], [-0.96716, 46.13731], [-0.96663, 46.13724], [-0.96605, 46.13711], [-0.96484, 46.13677], [-0.9634, 46.13636], [-0.96267, 46.13615], [-0.96098, 46.13568], [-0.96058, 46.13558], [-0.96005, 46.13552], [-0.95868, 46.13547], [-0.95741, 46.1355], [-0.95641, 46.13556], [-0.95457, 46.13584], [-0.95386, 46.13598], [-0.95324, 46.1361], [-0.95281, 46.13615], [-0.94893, 46.13603], [-0.94799, 46.13597], [-0.94728, 46.13589], [-0.94662, 46.13582], [-0.94634, 46.13581], [-0.94578, 46.1358], [-0.94396, 46.13583], [-0.94396, 46.13581], [-0.94395, 46.13579], [-0.94393, 46.13575], [-0.94389, 46.13572], [-0.94378, 46.13568], [-0.94364, 46.13569], [-0.94355, 46.13575], [-0.94351, 46.13583], [-0.94311, 46.13582], [-0.94242, 46.13578], [-0.94159, 46.13571], [-0.94073, 46.13569], [-0.93959, 46.13582], [-0.93911, 46.13588], [-0.9378, 46.13599], [-0.93703, 46.13611], [-0.93601, 46.13627], [-0.93508, 46.13637], [-0.93438, 46.13642], [-0.93303, 46.13652], [-0.93199, 46.1366], [-0.92999, 46.13673], [-0.92879, 46.13678], [-0.92755, 46.13682], [-0.9268, 46.13676], [-0.92632, 46.1367], [-0.92555, 46.13658], [-0.92482, 46.13649], [-0.92436, 46.13649], [-0.92429, 46.1363], [-0.92409, 46.13581], [-0.92407, 46.1356], [-0.92408, 46.13512], [-0.92398, 46.13452], [-0.92379, 46.13363], [-0.92371, 46.13328], [-0.923536, 46.13253]]}}, {"type": "Feature", "properties": {"route_short_name": "330", "route_long_name": "Lyc\u00e9e Valin <> Croix-Chapeau via La Jarne", "shape_id": "CA_LA_ROCHELLE:JourneyPattern:330_D232CD60083A09FCEAE54C6D6B2B1B4C", "n_points": 249, "n_shape_variants_in_source": 2}, "geometry": {"type": "LineString", "coordinates": [[-0.997838, 46.10745], [-0.99887, 46.10767], [-1.00238, 46.10864], [-1.00332, 46.1089], [-1.00461, 46.10912], [-1.00619, 46.10939], [-1.006575, 46.109505], [-1.006575, 46.109505], [-1.006885, 46.10955], [-1.00717, 46.10963], [-1.0074, 46.1097], [-1.007566, 46.109764], [-1.007703, 46.109818], [-1.008017, 46.109974], [-1.00828, 46.11011], [-1.008511, 46.110207], [-1.008626, 46.110252], [-1.008754, 46.110294], [-1.009227, 46.110424], [-1.009475, 46.110497], [-1.009704, 46.110573], [-1.009892, 46.11064], [-1.01008, 46.11072], [-1.010354, 46.110863], [-1.01062, 46.11102], [-1.010888, 46.11123], [-1.010888, 46.11123], [-1.01196, 46.11193], [-1.012719, 46.11247], [-1.013076, 46.112755], [-1.013253, 46.112904], [-1.01344, 46.11304], [-1.013674, 46.113194], [-1.013916, 46.11334], [-1.014644, 46.113758], [-1.015391, 46.11418], [-1.015966, 46.1145], [-1.016256, 46.114655], [-1.016554, 46.114803], [-1.016808, 46.11494], [-1.01708, 46.115063], [-1.017407, 46.115196], [-1.017735, 46.115314], [-1.018228, 46.115505], [-1.018702, 46.115715], [-1.018702, 46.115715], [-1.020435, 46.116325], [-1.021292, 46.116646], [-1.021721, 46.11681], [-1.021935, 46.116882], [-1.022149, 46.11696], [-1.02257, 46.11713], [-1.022999, 46.117287], [-1.02343, 46.11745], [-1.023858, 46.117603], [-1.023858, 46.117603], [-1.0243, 46.11772], [-1.02475, 46.11785], [-1.02481, 46.11789], [-1.02493, 46.11794], [-1.02501, 46.11798], [-1.02502, 46.11799], [-1.02502, 46.11801], [-1.02505, 46.11804], [-1.02509, 46.11806], [-1.02519, 46.11807], [-1.02528, 46.11806], [-1.02556, 46.1181], [-1.02636, 46.1183], [-1.02679, 46.1184], [-1.02683, 46.1184], [-1.02818, 46.11873], [-1.02962, 46.1191], [-1.03537, 46.12056], [-1.03724, 46.12104], [-1.039119, 46.121536], [-1.039119, 46.121536], [-1.04001, 46.12173], [-1.04004, 46.12176], [-1.04098, 46.12203], [-1.04269, 46.12245], [-1.04309, 46.12254], [-1.04315, 46.12254], [-1.04517, 46.12305], [-1.04695, 46.12351], [-1.04837, 46.12386], [-1.04995, 46.12426], [-1.050277, 46.124386], [-1.050277, 46.124386], [-1.06145, 46.1272], [-1.06385, 46.1278], [-1.0655, 46.12823], [-1.06609, 46.12838], [-1.06627, 46.12844], [-1.06703, 46.12865], [-1.06886, 46.12913], [-1.07003, 46.1294], [-1.070388, 46.12954], [-1.070452, 46.129524], [-1.070649, 46.129562], [-1.071563, 46.1298], [-1.071829, 46.129864], [-1.072091, 46.129917], [-1.072423, 46.12997], [-1.072816, 46.130028], [-1.073117, 46.13006], [-1.073431, 46.13008], [-1.074675, 46.130157], [-1.075134, 46.13019], [-1.0756, 46.1302], [-1.076069, 46.13018], [-1.07671, 46.130116], [-1.077194, 46.130062], [-1.077671, 46.130005], [-1.077915, 46.12999], [-1.078145, 46.12998], [-1.078507, 46.130005], [-1.079172, 46.130054], [-1.07923, 46.13007], [-1.07928, 46.13009], [-1.079376, 46.130096], [-1.079483, 46.130074], [-1.080191, 46.130165], [-1.08068, 46.13017], [-1.0807, 46.13021], [-1.08078, 46.13025], [-1.08088, 46.13027], [-1.08097, 46.13025], [-1.08103, 46.13022], [-1.08119, 46.13019], [-1.08188, 46.13019], [-1.0861, 46.13046], [-1.09123, 46.13079], [-1.09205, 46.13084], [-1.09221, 46.13088], [-1.09319, 46.13094], [-1.09403, 46.13103], [-1.09436, 46.13105], [-1.09453, 46.13108], [-1.09465, 46.13114], [-1.09466, 46.13115], [-1.09471, 46.13118], [-1.09481, 46.13122], [-1.09493, 46.13121], [-1.09511, 46.13114], [-1.09521, 46.13113], [-1.09571, 46.13114], [-1.0968, 46.13119], [-1.09807, 46.13126], [-1.09951, 46.13137], [-1.09987, 46.1314], [-1.09996, 46.13145], [-1.10015, 46.13151], [-1.10029, 46.13159], [-1.10044, 46.13175], [-1.10058, 46.132], [-1.10064, 46.13208], [-1.10077, 46.13243], [-1.10082, 46.13257], [-1.10095, 46.13291], [-1.10107, 46.13321], [-1.10133, 46.13391], [-1.10142, 46.13397], [-1.10146, 46.13406], [-1.10156, 46.13426], [-1.10163, 46.13441], [-1.1019, 46.13487], [-1.10252, 46.13582], [-1.10319, 46.13685], [-1.10365, 46.13757], [-1.10493, 46.13954], [-1.10792, 46.14417], [-1.11168, 46.14999], [-1.11164, 46.15006], [-1.11177, 46.1503], [-1.11193, 46.15064], [-1.11223, 46.1513], [-1.11245, 46.15181], [-1.11263, 46.15226], [-1.11265, 46.15247], [-1.11264, 46.15255], [-1.11255, 46.15268], [-1.11242, 46.15281], [-1.1123, 46.15289], [-1.11212, 46.15297], [-1.11196, 46.15305], [-1.11189, 46.15305], [-1.11176, 46.15306], [-1.1115, 46.15312], [-1.11131, 46.15321], [-1.11115, 46.15332], [-1.111, 46.15351], [-1.11096, 46.15363], [-1.11095, 46.15375], [-1.11099, 46.15393], [-1.11106, 46.15405], [-1.11115, 46.15415], [-1.11141, 46.1543], [-1.11172, 46.15439], [-1.11201, 46.1544], [-1.11226, 46.15437], [-1.11246, 46.15429], [-1.11262, 46.1542], [-1.1128, 46.15402], [-1.11287, 46.15389], [-1.1129, 46.15372], [-1.11289, 46.15363], [-1.11306, 46.15349], [-1.11341, 46.15335], [-1.11355, 46.15331], [-1.11389, 46.1532], [-1.11447, 46.15305], [-1.11475, 46.15304], [-1.11488, 46.15306], [-1.11499, 46.15309], [-1.1152, 46.15308], [-1.11525, 46.15307], [-1.11543, 46.15308], [-1.11564, 46.15315], [-1.11591, 46.15338], [-1.11658, 46.15411], [-1.11702, 46.15461], [-1.11798, 46.15565], [-1.11822, 46.15586], [-1.11855, 46.15611], [-1.1187, 46.1562], [-1.11913, 46.15638], [-1.11971, 46.15657], [-1.12022, 46.15668], [-1.12115, 46.15679], [-1.12242, 46.15688], [-1.12322, 46.15688], [-1.12377, 46.15686], [-1.12462, 46.15678], [-1.12657, 46.15661], [-1.12909, 46.15638], [-1.13222, 46.15613], [-1.13282, 46.15607], [-1.133258, 46.156033], [-1.133915, 46.15593], [-1.134248, 46.155846], [-1.134549, 46.155743], [-1.134942, 46.15558], [-1.135351, 46.15537], [-1.135482, 46.155285], [-1.135606, 46.15521], [-1.135998, 46.154896], [-1.136173, 46.154716], [-1.136405, 46.154495]]}}, {"type": "Feature", "properties": {"route_short_name": "331", "route_long_name": "Lyc\u00e9e Valin <> Salles-sur-Mer via La Jarne", "shape_id": "CA_LA_ROCHELLE:JourneyPattern:331_03C27D5A2903E0A8777C25923F47522E", "n_points": 395, "n_shape_variants_in_source": 2}, "geometry": {"type": "LineString", "coordinates": [[-1.07178, 46.084126], [-1.070209, 46.08452], [-1.069599, 46.08466], [-1.069104, 46.08478], [-1.06859, 46.08494], [-1.068264, 46.08507], [-1.067951, 46.08522], [-1.067469, 46.085476], [-1.067014, 46.085712], [-1.066737, 46.085823], [-1.066596, 46.085873], [-1.066455, 46.08591], [-1.066234, 46.08597], [-1.066002, 46.08602], [-1.064813, 46.08625], [-1.064216, 46.086365], [-1.063902, 46.086414], [-1.063641, 46.08647], [-1.063476, 46.086506], [-1.063323, 46.086548], [-1.063127, 46.08661], [-1.063031, 46.086636], [-1.062938, 46.086678], [-1.062745, 46.086773], [-1.062552, 46.0869], [-1.061827, 46.087414], [-1.061505, 46.087624], [-1.061367, 46.087704], [-1.06091, 46.08789], [-1.060639, 46.087994], [-1.06045, 46.08808], [-1.0604, 46.08811], [-1.060335, 46.088127], [-1.060272, 46.088116], [-1.060192, 46.088028], [-1.060077, 46.087933], [-1.059924, 46.087807], [-1.059837, 46.087727], [-1.059838, 46.087563], [-1.059784, 46.087486], [-1.059709, 46.08744], [-1.059604, 46.087444], [-1.059556, 46.08746], [-1.059524, 46.087494], [-1.059549, 46.08756], [-1.05988, 46.08781], [-1.05991, 46.08784], [-1.060055, 46.08795], [-1.060133, 46.08804], [-1.06016, 46.08811], [-1.06029, 46.08823], [-1.060283, 46.088394], [-1.06033, 46.08916], [-1.06035, 46.08945], [-1.060305, 46.090263], [-1.06052, 46.09266], [-1.06052, 46.09334], [-1.06044, 46.09359], [-1.060404, 46.093678], [-1.060407, 46.093716], [-1.060431, 46.093735], [-1.060521, 46.093758], [-1.060549, 46.093777], [-1.060567, 46.093853], [-1.06054, 46.09401], [-1.06048, 46.09424], [-1.06046, 46.09432], [-1.06026, 46.09467], [-1.05992, 46.09516], [-1.05973, 46.09542], [-1.05932, 46.09566], [-1.05927, 46.09572], [-1.05863, 46.09575], [-1.05822, 46.09579], [-1.057947, 46.0958], [-1.057816, 46.095894], [-1.057694, 46.095955], [-1.057064, 46.096363], [-1.057008, 46.096397], [-1.056932, 46.09641], [-1.056675, 46.096382], [-1.056577, 46.09637], [-1.05653, 46.096348], [-1.056498, 46.09633], [-1.056429, 46.096313], [-1.056362, 46.096333], [-1.056156, 46.09653], [-1.055973, 46.096733], [-1.055332, 46.09739], [-1.054707, 46.098038], [-1.054579, 46.098194], [-1.054493, 46.098347], [-1.054423, 46.098526], [-1.054264, 46.09903], [-1.053933, 46.099926], [-1.053933, 46.099926], [-1.053857, 46.10038], [-1.05377, 46.10069], [-1.053697, 46.101], [-1.053641, 46.1012], [-1.053464, 46.101604], [-1.053311, 46.10201], [-1.053206, 46.10229], [-1.053121, 46.102573], [-1.053079, 46.10279], [-1.053045, 46.10301], [-1.05303, 46.103046], [-1.053015, 46.103096], [-1.053006, 46.103123], [-1.053001, 46.103153], [-1.05301, 46.10318], [-1.053001, 46.103207], [-1.05297, 46.10325], [-1.052957, 46.103287], [-1.052685, 46.103912], [-1.052527, 46.104267], [-1.052358, 46.10455], [-1.052358, 46.10455], [-1.052347, 46.10475], [-1.052301, 46.10493], [-1.052258, 46.10515], [-1.052236, 46.105286], [-1.052239, 46.105427], [-1.052267, 46.105595], [-1.052262, 46.105644], [-1.052236, 46.105682], [-1.052239, 46.105732], [-1.052266, 46.105762], [-1.052343, 46.10577], [-1.052389, 46.105755], [-1.05244, 46.105736], [-1.052504, 46.10573], [-1.05258, 46.105724], [-1.052672, 46.105713], [-1.052895, 46.105644], [-1.053151, 46.10556], [-1.053382, 46.105473], [-1.053601, 46.10538], [-1.053671, 46.105343], [-1.053742, 46.10528], [-1.053864, 46.105194], [-1.053908, 46.105164], [-1.05398, 46.105137], [-1.054293, 46.105022], [-1.054625, 46.104927], [-1.054939, 46.104855], [-1.055109, 46.104828], [-1.055203, 46.104813], [-1.055296, 46.104805], [-1.055374, 46.104782], [-1.05546, 46.104767], [-1.055624, 46.10475], [-1.055875, 46.104736], [-1.055996, 46.104744], [-1.056129, 46.10474], [-1.056744, 46.104706], [-1.057457, 46.104645], [-1.058, 46.104603], [-1.058185, 46.10459], [-1.058338, 46.104584], [-1.058397, 46.104572], [-1.058456, 46.10459], [-1.058473, 46.10463], [-1.058461, 46.104664], [-1.058362, 46.105064], [-1.058256, 46.105396], [-1.058229, 46.105545], [-1.058218, 46.105682], [-1.058216, 46.10596], [-1.058238, 46.10615], [-1.058266, 46.10636], [-1.058254, 46.106415], [-1.058211, 46.106445], [-1.058191, 46.106487], [-1.0582, 46.106533], [-1.058236, 46.106583], [-1.058294, 46.106586], [-1.058357, 46.106583], [-1.058416, 46.10655], [-1.058474, 46.10652], [-1.058566, 46.106518], [-1.058677, 46.106544], [-1.059655, 46.106766], [-1.059655, 46.106766], [-1.060319, 46.10682], [-1.060884, 46.1069], [-1.060997, 46.10692], [-1.061139, 46.10697], [-1.06143, 46.10714], [-1.061654, 46.10728], [-1.061991, 46.107513], [-1.062315, 46.107754], [-1.062778, 46.108105], [-1.062999, 46.108288], [-1.06324, 46.10846], [-1.0642, 46.109188], [-1.064673, 46.109554], [-1.065166, 46.109913], [-1.065556, 46.110207], [-1.06594, 46.11049], [-1.06647, 46.11088], [-1.06694, 46.11112], [-1.067308, 46.111336], [-1.067308, 46.111336], [-1.06781, 46.111553], [-1.068287, 46.111786], [-1.068614, 46.111942], [-1.06895, 46.11209], [-1.069097, 46.112164], [-1.06923, 46.11225], [-1.06944, 46.11244], [-1.0696, 46.11263], [-1.0699, 46.11298], [-1.070197, 46.11328], [-1.070556, 46.113583], [-1.070766, 46.113728], [-1.070987, 46.113865], [-1.071445, 46.114124], [-1.071887, 46.11438], [-1.072472, 46.1147], [-1.073073, 46.11501], [-1.073831, 46.11539], [-1.074585, 46.115772], [-1.075613, 46.1163], [-1.076361, 46.116688], [-1.076548, 46.11678], [-1.076729, 46.116886], [-1.077087, 46.117104], [-1.07757, 46.117413], [-1.07805, 46.11773], [-1.078109, 46.11778], [-1.078136, 46.11782], [-1.07811, 46.1179], [-1.07798, 46.11839], [-1.077891, 46.118744], [-1.077891, 46.118744], [-1.07772, 46.11939], [-1.07751, 46.12022], [-1.0775, 46.12043], [-1.07753, 46.12078], [-1.07772, 46.12168], [-1.07789, 46.12246], [-1.07796, 46.12294], [-1.07798, 46.12333], [-1.07805, 46.12441], [-1.07801, 46.12496], [-1.07804, 46.12557], [-1.07806, 46.12572], [-1.07818, 46.12629], [-1.07819, 46.12646], [-1.078125, 46.126926], [-1.07818, 46.12746], [-1.0782, 46.12757], [-1.07825, 46.12767], [-1.07878, 46.12848], [-1.07894, 46.12872], [-1.0791, 46.12906], [-1.07938, 46.12972], [-1.07927, 46.12991], [-1.07926, 46.12991], [-1.07923, 46.12992], [-1.07921, 46.12993], [-1.07919, 46.12996], [-1.07918, 46.12999], [-1.07921, 46.13006], [-1.07929, 46.13009], [-1.07938, 46.13008], [-1.08002, 46.13011], [-1.080191, 46.130165], [-1.08068, 46.13017], [-1.0807, 46.13021], [-1.08078, 46.13025], [-1.08088, 46.13027], [-1.08097, 46.13025], [-1.08103, 46.13022], [-1.08119, 46.13019], [-1.08188, 46.13019], [-1.0861, 46.13046], [-1.09123, 46.13079], [-1.09205, 46.13084], [-1.09221, 46.13088], [-1.09319, 46.13094], [-1.09403, 46.13103], [-1.09436, 46.13105], [-1.09453, 46.13108], [-1.09465, 46.13114], [-1.09466, 46.13115], [-1.09471, 46.13118], [-1.09481, 46.13122], [-1.09493, 46.13121], [-1.09511, 46.13114], [-1.09521, 46.13113], [-1.09571, 46.13114], [-1.0968, 46.13119], [-1.09807, 46.13126], [-1.09951, 46.13137], [-1.09987, 46.1314], [-1.09996, 46.13145], [-1.10015, 46.13151], [-1.10029, 46.13159], [-1.10044, 46.13175], [-1.10058, 46.132], [-1.10064, 46.13208], [-1.10077, 46.13243], [-1.10082, 46.13257], [-1.10095, 46.13291], [-1.10107, 46.13321], [-1.10133, 46.13391], [-1.10142, 46.13397], [-1.10146, 46.13406], [-1.10156, 46.13426], [-1.10163, 46.13441], [-1.1019, 46.13487], [-1.10252, 46.13582], [-1.10319, 46.13685], [-1.10365, 46.13757], [-1.10493, 46.13954], [-1.10792, 46.14417], [-1.11168, 46.14999], [-1.11164, 46.15006], [-1.11177, 46.1503], [-1.11193, 46.15064], [-1.11223, 46.1513], [-1.11245, 46.15181], [-1.11263, 46.15226], [-1.11265, 46.15247], [-1.11264, 46.15255], [-1.11255, 46.15268], [-1.11242, 46.15281], [-1.1123, 46.15289], [-1.11212, 46.15297], [-1.11196, 46.15305], [-1.11189, 46.15305], [-1.11176, 46.15306], [-1.1115, 46.15312], [-1.11131, 46.15321], [-1.11115, 46.15332], [-1.111, 46.15351], [-1.11096, 46.15363], [-1.11095, 46.15375], [-1.11099, 46.15393], [-1.11106, 46.15405], [-1.11115, 46.15415], [-1.11141, 46.1543], [-1.11172, 46.15439], [-1.11201, 46.1544], [-1.11226, 46.15437], [-1.11246, 46.15429], [-1.11262, 46.1542], [-1.1128, 46.15402], [-1.11287, 46.15389], [-1.1129, 46.15372], [-1.11289, 46.15363], [-1.11306, 46.15349], [-1.11341, 46.15335], [-1.11355, 46.15331], [-1.11389, 46.1532], [-1.11447, 46.15305], [-1.11475, 46.15304], [-1.11488, 46.15306], [-1.11499, 46.15309], [-1.1152, 46.15308], [-1.11525, 46.15307], [-1.11543, 46.15308], [-1.11564, 46.15315], [-1.11591, 46.15338], [-1.11658, 46.15411], [-1.11702, 46.15461], [-1.11798, 46.15565], [-1.11822, 46.15586], [-1.11855, 46.15611], [-1.1187, 46.1562], [-1.11913, 46.15638], [-1.11971, 46.15657], [-1.12022, 46.15668], [-1.12115, 46.15679], [-1.12242, 46.15688], [-1.12322, 46.15688], [-1.12377, 46.15686], [-1.12462, 46.15678], [-1.12657, 46.15661], [-1.12909, 46.15638], [-1.13222, 46.15613], [-1.13282, 46.15607], [-1.133258, 46.156033], [-1.133915, 46.15593], [-1.134248, 46.155846], [-1.134549, 46.155743], [-1.134942, 46.15558], [-1.135351, 46.15537], [-1.135482, 46.155285], [-1.135606, 46.15521], [-1.135998, 46.154896], [-1.136173, 46.154716], [-1.136405, 46.154495]]}}, {"type": "Feature", "properties": {"route_short_name": "332", "route_long_name": "Lyc\u00e9e Valin <> Thair\u00e9 via La Jarne <> Salles/Mer <> St-Vivien", "shape_id": "CA_LA_ROCHELLE:JourneyPattern:332_F8A401F72EFA8619DF769EC900802EB0", "n_points": 751, "n_shape_variants_in_source": 4}, "geometry": {"type": "LineString", "coordinates": [[-0.984083, 46.068336], [-0.98407, 46.06846], [-0.98396, 46.06852], [-0.98385, 46.06869], [-0.98376, 46.06891], [-0.98371, 46.06907], [-0.98355, 46.06943], [-0.98334, 46.06994], [-0.98322, 46.07053], [-0.98317, 46.07063], [-0.98287, 46.07104], [-0.98258, 46.07139], [-0.98231, 46.07167], [-0.98182, 46.07212], [-0.98142, 46.07245], [-0.98097, 46.07276], [-0.98043, 46.07315], [-0.97997, 46.07348], [-0.97956, 46.07383], [-0.97898, 46.07437], [-0.97834, 46.07496], [-0.97806, 46.07515], [-0.9774, 46.07555], [-0.97578, 46.0765], [-0.97464, 46.07723], [-0.97394, 46.07764], [-0.97353, 46.07786], [-0.97334, 46.07794], [-0.97233, 46.07832], [-0.97178, 46.07855], [-0.97106, 46.07896], [-0.97034, 46.0794], [-0.97015, 46.07952], [-0.96989, 46.07974], [-0.96953, 46.0801], [-0.96919, 46.08043], [-0.96852, 46.08098], [-0.96808, 46.08128], [-0.96772, 46.08149], [-0.96692, 46.08194], [-0.966366, 46.082165], [-0.96535, 46.08273], [-0.96529, 46.08277], [-0.96525, 46.08272], [-0.96518, 46.08269], [-0.96505, 46.08269], [-0.96498, 46.08272], [-0.96493, 46.0828], [-0.96494, 46.08286], [-0.965, 46.08292], [-0.96505, 46.08294], [-0.96516, 46.08294], [-0.96526, 46.0829], [-0.96537, 46.08294], [-0.9656, 46.08296], [-0.96605, 46.08299], [-0.9665, 46.08305], [-0.96972, 46.08349], [-0.9724, 46.08387], [-0.97299, 46.08399], [-0.97603, 46.08473], [-0.97652, 46.08484], [-0.97732, 46.08503], [-0.97752, 46.0851], [-0.97758, 46.08505], [-0.9778, 46.08501], [-0.978, 46.08498], [-0.97825, 46.08491], [-0.97871, 46.0847], [-0.97928, 46.08439], [-0.98077, 46.08356], [-0.98145, 46.08317], [-0.98158, 46.0831], [-0.98182, 46.08303], [-0.98229, 46.08294], [-0.98278, 46.08283], [-0.98467, 46.08243], [-0.98493, 46.08234], [-0.9858, 46.08194], [-0.98763, 46.08106], [-0.98851, 46.08049], [-0.98904, 46.08012], [-0.98935, 46.07993], [-0.98955, 46.07984], [-0.99058, 46.07954], [-0.99101, 46.07942], [-0.99137, 46.07929], [-0.99226, 46.07887], [-0.99383, 46.07812], [-0.99516, 46.0775], [-0.99634, 46.07693], [-0.99662, 46.0768], [-0.99702, 46.07659], [-0.99725, 46.07641], [-0.99734, 46.07624], [-0.99788, 46.07432], [-0.997938, 46.074223], [-0.997938, 46.074223], [-0.99805, 46.07369], [-0.99716, 46.07364], [-0.99691, 46.07362], [-0.99693, 46.07348], [-0.9972, 46.073], [-0.9975, 46.07248], [-0.99788, 46.07178], [-0.99797, 46.07154], [-0.99874, 46.07173], [-0.99897, 46.07179], [-0.99959, 46.07196], [-1.00026, 46.07211], [-1.00061, 46.07216], [-1.00113, 46.07218], [-1.00161, 46.07221], [-1.00212, 46.07226], [-1.00231, 46.07228], [-1.00249, 46.07225], [-1.00283, 46.07221], [-1.00343, 46.07215], [-1.003672, 46.07215], [-1.00401, 46.07215], [-1.00506, 46.07218], [-1.00598, 46.07182], [-1.003672, 46.07215], [-1.00452, 46.07216], [-1.00506, 46.07218], [-1.00548, 46.07202], [-1.00638, 46.07166], [-1.00765, 46.07117], [-1.00825, 46.07095], [-1.00875, 46.07074], [-1.00886, 46.07068], [-1.009, 46.07056], [-1.00917, 46.07049], [-1.00934, 46.07046], [-1.00942, 46.07045], [-1.00947, 46.07057], [-1.00955, 46.07077], [-1.00973, 46.07138], [-1.00986, 46.07199], [-1.00998, 46.07327], [-1.01007, 46.07359], [-1.01019, 46.07388], [-1.01017, 46.07388], [-1.01015, 46.07388], [-1.01013, 46.07389], [-1.01009, 46.07391], [-1.01007, 46.07394], [-1.01007, 46.074], [-1.01013, 46.07405], [-1.01022, 46.07407], [-1.01031, 46.07435], [-1.0103, 46.07457], [-1.01028, 46.07514], [-1.01027, 46.07535], [-1.01023, 46.07547], [-1.01018, 46.07568], [-1.01009, 46.076], [-1.00992, 46.07643], [-1.00987, 46.07666], [-1.00976, 46.07693], [-1.00974, 46.07702], [-1.00978, 46.0772], [-1.00982, 46.07725], [-1.0099, 46.07729], [-1.01037, 46.07737], [-1.01064, 46.07741], [-1.01122, 46.07754], [-1.0121, 46.07776], [-1.01265, 46.078], [-1.01302, 46.07822], [-1.01338, 46.07853], [-1.01394, 46.07907], [-1.01433, 46.07929], [-1.0147, 46.07944], [-1.01523, 46.07969], [-1.01575, 46.07989], [-1.01629, 46.08005], [-1.01635, 46.08008], [-1.01639, 46.08014], [-1.01642, 46.08021], [-1.01643, 46.08032], [-1.01643, 46.08074], [-1.01649, 46.08088], [-1.01657, 46.081], [-1.01685, 46.08123], [-1.0176, 46.08177], [-1.01793, 46.08202], [-1.01801, 46.08213], [-1.01828, 46.08251], [-1.01839, 46.08269], [-1.01859, 46.08303], [-1.01874, 46.08346], [-1.01892, 46.08361], [-1.019355, 46.083908], [-1.019725, 46.084133], [-1.019903, 46.08418], [-1.020119, 46.084206], [-1.02065, 46.084217], [-1.021781, 46.084255], [-1.021927, 46.08429], [-1.02205, 46.08434], [-1.022067, 46.084377], [-1.022058, 46.084457], [-1.021997, 46.084785], [-1.022014, 46.08483], [-1.022069, 46.084846], [-1.022328, 46.084858], [-1.022777, 46.084904], [-1.02321, 46.08497], [-1.024105, 46.085155], [-1.024557, 46.085262], [-1.025, 46.085335], [-1.025218, 46.085365], [-1.025468, 46.085377], [-1.025722, 46.08539], [-1.027606, 46.085403], [-1.029493, 46.085407], [-1.0298, 46.0854], [-1.03014, 46.08538], [-1.030302, 46.08536], [-1.030458, 46.08534], [-1.030615, 46.08531], [-1.030774, 46.085278], [-1.031018, 46.085217], [-1.031254, 46.085148], [-1.031487, 46.085075], [-1.032898, 46.084476], [-1.033606, 46.084175], [-1.034295, 46.083878], [-1.034724, 46.083706], [-1.035155, 46.083546], [-1.03539, 46.08346], [-1.036, 46.08328], [-1.036301, 46.083187], [-1.03661, 46.083107], [-1.03723, 46.082966], [-1.037855, 46.08284], [-1.039074, 46.082615], [-1.03994, 46.08246], [-1.04047, 46.08236], [-1.04103, 46.08224], [-1.041558, 46.08211], [-1.041997, 46.081997], [-1.042428, 46.081875], [-1.043359, 46.081554], [-1.043632, 46.081463], [-1.044081, 46.08132], [-1.044295, 46.081264], [-1.044538, 46.081207], [-1.045167, 46.081074], [-1.045795, 46.08095], [-1.046977, 46.080757], [-1.047563, 46.080666], [-1.04815, 46.080566], [-1.04845, 46.08051], [-1.048666, 46.080463], [-1.04888, 46.08041], [-1.04911, 46.080345], [-1.049342, 46.08028], [-1.04995, 46.0801], [-1.05031, 46.08], [-1.051147, 46.07978], [-1.051388, 46.079712], [-1.051611, 46.079662], [-1.05171, 46.07965], [-1.05183, 46.07966], [-1.051901, 46.07968], [-1.05195, 46.079693], [-1.051982, 46.079693], [-1.052016, 46.079693], [-1.052053, 46.079674], [-1.052055, 46.07963], [-1.052092, 46.07959], [-1.052229, 46.07947], [-1.052306, 46.079437], [-1.052354, 46.07942], [-1.05241, 46.0794], [-1.052478, 46.07939], [-1.05263, 46.0794], [-1.05312, 46.07945], [-1.054294, 46.07963], [-1.054368, 46.07965], [-1.054355, 46.079697], [-1.054285, 46.079773], [-1.054172, 46.079876], [-1.054246, 46.07996], [-1.054291, 46.08001], [-1.054337, 46.080048], [-1.054421, 46.080048], [-1.054501, 46.080006], [-1.054509, 46.079926], [-1.054451, 46.079853], [-1.054396, 46.07978], [-1.054378, 46.079735], [-1.054398, 46.079685], [-1.054445, 46.079655], [-1.054513, 46.07966], [-1.05472, 46.0797], [-1.0553, 46.07981], [-1.056041, 46.079967], [-1.057286, 46.080235], [-1.05738, 46.08026], [-1.057469, 46.080296], [-1.05754, 46.080338], [-1.057545, 46.08039], [-1.057579, 46.080437], [-1.057629, 46.08046], [-1.057715, 46.080463], [-1.057781, 46.08044], [-1.057847, 46.08041], [-1.057948, 46.080395], [-1.058091, 46.080406], [-1.058295, 46.080437], [-1.058503, 46.080475], [-1.06114, 46.08102], [-1.063699, 46.081543], [-1.064981, 46.081795], [-1.06626, 46.08206], [-1.06718, 46.08224], [-1.067417, 46.08228], [-1.06766, 46.08231], [-1.067829, 46.082333], [-1.067999, 46.082348], [-1.068169, 46.08236], [-1.068341, 46.082367], [-1.068624, 46.082363], [-1.068866, 46.082355], [-1.069122, 46.08233], [-1.069345, 46.08231], [-1.069632, 46.082268], [-1.06989, 46.08223], [-1.070018, 46.08221], [-1.07014, 46.0822], [-1.070332, 46.08218], [-1.070601, 46.082165], [-1.07087, 46.082165], [-1.071002, 46.082165], [-1.07115, 46.082165], [-1.07132, 46.08218], [-1.071506, 46.08219], [-1.07169, 46.082214], [-1.07307, 46.08241], [-1.07329, 46.082447], [-1.07354, 46.08247], [-1.073925, 46.082493], [-1.07478, 46.0825], [-1.07493, 46.08255], [-1.07501, 46.08264], [-1.07505, 46.0828], [-1.07504, 46.08283], [-1.07502, 46.08286], [-1.07502, 46.08288], [-1.07425, 46.08338], [-1.07356, 46.08372], [-1.07322, 46.08384], [-1.07178, 46.084126], [-1.07178, 46.084126], [-1.070209, 46.08452], [-1.069599, 46.08466], [-1.069104, 46.08478], [-1.06859, 46.08494], [-1.068264, 46.08507], [-1.067951, 46.08522], [-1.067469, 46.085476], [-1.067014, 46.085712], [-1.066737, 46.085823], [-1.066596, 46.085873], [-1.066455, 46.08591], [-1.066234, 46.08597], [-1.066002, 46.08602], [-1.064813, 46.08625], [-1.064216, 46.086365], [-1.063902, 46.086414], [-1.063641, 46.08647], [-1.063476, 46.086506], [-1.063323, 46.086548], [-1.063127, 46.08661], [-1.063031, 46.086636], [-1.062938, 46.086678], [-1.062745, 46.086773], [-1.062552, 46.0869], [-1.061827, 46.087414], [-1.061505, 46.087624], [-1.061367, 46.087704], [-1.06091, 46.08789], [-1.060639, 46.087994], [-1.06045, 46.08808], [-1.0604, 46.08811], [-1.060335, 46.088127], [-1.060272, 46.088116], [-1.060192, 46.088028], [-1.060077, 46.087933], [-1.059924, 46.087807], [-1.059837, 46.087727], [-1.059838, 46.087563], [-1.059784, 46.087486], [-1.059709, 46.08744], [-1.059604, 46.087444], [-1.059556, 46.08746], [-1.059524, 46.087494], [-1.059549, 46.08756], [-1.05988, 46.08781], [-1.05991, 46.08784], [-1.060055, 46.08795], [-1.060133, 46.08804], [-1.06016, 46.08811], [-1.06029, 46.08823], [-1.060283, 46.088394], [-1.06033, 46.08916], [-1.06035, 46.08945], [-1.060305, 46.090263], [-1.06052, 46.09266], [-1.06052, 46.09334], [-1.06044, 46.09359], [-1.060404, 46.093678], [-1.060407, 46.093716], [-1.060431, 46.093735], [-1.060521, 46.093758], [-1.060549, 46.093777], [-1.060567, 46.093853], [-1.06054, 46.09401], [-1.06048, 46.09424], [-1.06046, 46.09432], [-1.06026, 46.09467], [-1.05992, 46.09516], [-1.05973, 46.09542], [-1.05932, 46.09566], [-1.05927, 46.09572], [-1.05863, 46.09575], [-1.05822, 46.09579], [-1.057947, 46.0958], [-1.057816, 46.095894], [-1.057694, 46.095955], [-1.057064, 46.096363], [-1.057008, 46.096397], [-1.056932, 46.09641], [-1.056675, 46.096382], [-1.056577, 46.09637], [-1.05653, 46.096348], [-1.056498, 46.09633], [-1.056429, 46.096313], [-1.056362, 46.096333], [-1.056156, 46.09653], [-1.055973, 46.096733], [-1.055332, 46.09739], [-1.054707, 46.098038], [-1.054579, 46.098194], [-1.054493, 46.098347], [-1.054423, 46.098526], [-1.054264, 46.09903], [-1.053933, 46.099926], [-1.053933, 46.099926], [-1.053857, 46.10038], [-1.05377, 46.10069], [-1.053697, 46.101], [-1.053641, 46.1012], [-1.053464, 46.101604], [-1.053311, 46.10201], [-1.053206, 46.10229], [-1.053121, 46.102573], [-1.053079, 46.10279], [-1.053045, 46.10301], [-1.05303, 46.103046], [-1.053015, 46.103096], [-1.053006, 46.103123], [-1.053001, 46.103153], [-1.05301, 46.10318], [-1.053001, 46.103207], [-1.05297, 46.10325], [-1.052957, 46.103287], [-1.052685, 46.103912], [-1.052527, 46.104267], [-1.052358, 46.10455], [-1.052358, 46.10455], [-1.052347, 46.10475], [-1.052301, 46.10493], [-1.052258, 46.10515], [-1.052236, 46.105286], [-1.052239, 46.105427], [-1.052267, 46.105595], [-1.052262, 46.105644], [-1.052236, 46.105682], [-1.052239, 46.105732], [-1.052266, 46.105762], [-1.052343, 46.10577], [-1.052389, 46.105755], [-1.05244, 46.105736], [-1.052504, 46.10573], [-1.05258, 46.105724], [-1.052672, 46.105713], [-1.052895, 46.105644], [-1.053151, 46.10556], [-1.053382, 46.105473], [-1.053601, 46.10538], [-1.053671, 46.105343], [-1.053742, 46.10528], [-1.053864, 46.105194], [-1.053908, 46.105164], [-1.05398, 46.105137], [-1.054293, 46.105022], [-1.054625, 46.104927], [-1.054939, 46.104855], [-1.055109, 46.104828], [-1.055203, 46.104813], [-1.055296, 46.104805], [-1.055374, 46.104782], [-1.05546, 46.104767], [-1.055624, 46.10475], [-1.055875, 46.104736], [-1.055996, 46.104744], [-1.056129, 46.10474], [-1.056744, 46.104706], [-1.057457, 46.104645], [-1.058, 46.104603], [-1.058185, 46.10459], [-1.058338, 46.104584], [-1.058397, 46.104572], [-1.058456, 46.10459], [-1.058473, 46.10463], [-1.058461, 46.104664], [-1.058362, 46.105064], [-1.058256, 46.105396], [-1.058229, 46.105545], [-1.058218, 46.105682], [-1.058216, 46.10596], [-1.058238, 46.10615], [-1.058266, 46.10636], [-1.058254, 46.106415], [-1.058211, 46.106445], [-1.058191, 46.106487], [-1.0582, 46.106533], [-1.058236, 46.106583], [-1.058294, 46.106586], [-1.058357, 46.106583], [-1.058416, 46.10655], [-1.058474, 46.10652], [-1.058566, 46.106518], [-1.058677, 46.106544], [-1.059655, 46.106766], [-1.059655, 46.106766], [-1.060319, 46.10682], [-1.060884, 46.1069], [-1.060997, 46.10692], [-1.061139, 46.10697], [-1.06143, 46.10714], [-1.061654, 46.10728], [-1.061991, 46.107513], [-1.062315, 46.107754], [-1.062778, 46.108105], [-1.062999, 46.108288], [-1.06324, 46.10846], [-1.0642, 46.109188], [-1.064673, 46.109554], [-1.065166, 46.109913], [-1.065556, 46.110207], [-1.06594, 46.11049], [-1.06647, 46.11088], [-1.06694, 46.11112], [-1.067308, 46.111336], [-1.067308, 46.111336], [-1.06781, 46.111553], [-1.068287, 46.111786], [-1.068614, 46.111942], [-1.06895, 46.11209], [-1.069097, 46.112164], [-1.06923, 46.11225], [-1.06944, 46.11244], [-1.0696, 46.11263], [-1.0699, 46.11298], [-1.070197, 46.11328], [-1.070556, 46.113583], [-1.070766, 46.113728], [-1.070987, 46.113865], [-1.071445, 46.114124], [-1.071887, 46.11438], [-1.072472, 46.1147], [-1.073073, 46.11501], [-1.073831, 46.11539], [-1.074585, 46.115772], [-1.075613, 46.1163], [-1.076361, 46.116688], [-1.076548, 46.11678], [-1.076729, 46.116886], [-1.077087, 46.117104], [-1.07757, 46.117413], [-1.07805, 46.11773], [-1.078109, 46.11778], [-1.078136, 46.11782], [-1.07811, 46.1179], [-1.07798, 46.11839], [-1.077891, 46.118744], [-1.077891, 46.118744], [-1.07772, 46.11939], [-1.07751, 46.12022], [-1.0775, 46.12043], [-1.07753, 46.12078], [-1.07772, 46.12168], [-1.07789, 46.12246], [-1.07796, 46.12294], [-1.07798, 46.12333], [-1.07805, 46.12441], [-1.07801, 46.12496], [-1.07804, 46.12557], [-1.07806, 46.12572], [-1.07818, 46.12629], [-1.07819, 46.12646], [-1.078125, 46.126926], [-1.07818, 46.12746], [-1.0782, 46.12757], [-1.07825, 46.12767], [-1.07878, 46.12848], [-1.07894, 46.12872], [-1.0791, 46.12906], [-1.07938, 46.12972], [-1.07927, 46.12991], [-1.07926, 46.12991], [-1.07923, 46.12992], [-1.07921, 46.12993], [-1.07919, 46.12996], [-1.07918, 46.12999], [-1.07921, 46.13006], [-1.07929, 46.13009], [-1.07938, 46.13008], [-1.08002, 46.13011], [-1.080191, 46.130165], [-1.08068, 46.13017], [-1.0807, 46.13021], [-1.08078, 46.13025], [-1.08088, 46.13027], [-1.08097, 46.13025], [-1.08103, 46.13022], [-1.08119, 46.13019], [-1.08188, 46.13019], [-1.0861, 46.13046], [-1.09123, 46.13079], [-1.09205, 46.13084], [-1.09221, 46.13088], [-1.09319, 46.13094], [-1.09403, 46.13103], [-1.09436, 46.13105], [-1.09453, 46.13108], [-1.09465, 46.13114], [-1.09466, 46.13115], [-1.09471, 46.13118], [-1.09481, 46.13122], [-1.09493, 46.13121], [-1.09511, 46.13114], [-1.09521, 46.13113], [-1.09571, 46.13114], [-1.0968, 46.13119], [-1.09807, 46.13126], [-1.09951, 46.13137], [-1.09987, 46.1314], [-1.09996, 46.13145], [-1.10015, 46.13151], [-1.10029, 46.13159], [-1.10044, 46.13175], [-1.10058, 46.132], [-1.10064, 46.13208], [-1.10077, 46.13243], [-1.10082, 46.13257], [-1.10095, 46.13291], [-1.10107, 46.13321], [-1.10133, 46.13391], [-1.10142, 46.13397], [-1.10146, 46.13406], [-1.10156, 46.13426], [-1.10163, 46.13441], [-1.1019, 46.13487], [-1.10252, 46.13582], [-1.10319, 46.13685], [-1.10365, 46.13757], [-1.10493, 46.13954], [-1.10792, 46.14417], [-1.11168, 46.14999], [-1.11164, 46.15006], [-1.11177, 46.1503], [-1.11193, 46.15064], [-1.11223, 46.1513], [-1.11245, 46.15181], [-1.11263, 46.15226], [-1.11265, 46.15247], [-1.11264, 46.15255], [-1.11255, 46.15268], [-1.11242, 46.15281], [-1.1123, 46.15289], [-1.11212, 46.15297], [-1.11196, 46.15305], [-1.11189, 46.15305], [-1.11176, 46.15306], [-1.1115, 46.15312], [-1.11131, 46.15321], [-1.11115, 46.15332], [-1.111, 46.15351], [-1.11096, 46.15363], [-1.11095, 46.15375], [-1.11099, 46.15393], [-1.11106, 46.15405], [-1.11115, 46.15415], [-1.11141, 46.1543], [-1.11172, 46.15439], [-1.11201, 46.1544], [-1.11226, 46.15437], [-1.11246, 46.15429], [-1.11262, 46.1542], [-1.1128, 46.15402], [-1.11287, 46.15389], [-1.1129, 46.15372], [-1.11289, 46.15363], [-1.11306, 46.15349], [-1.11341, 46.15335], [-1.11355, 46.15331], [-1.11389, 46.1532], [-1.11447, 46.15305], [-1.11475, 46.15304], [-1.11488, 46.15306], [-1.11499, 46.15309], [-1.1152, 46.15308], [-1.11525, 46.15307], [-1.11543, 46.15308], [-1.11564, 46.15315], [-1.11591, 46.15338], [-1.11658, 46.15411], [-1.11702, 46.15461], [-1.11798, 46.15565], [-1.11822, 46.15586], [-1.11855, 46.15611], [-1.1187, 46.1562], [-1.11913, 46.15638], [-1.11971, 46.15657], [-1.12022, 46.15668], [-1.12115, 46.15679], [-1.12242, 46.15688], [-1.12322, 46.15688], [-1.12377, 46.15686], [-1.12462, 46.15678], [-1.12657, 46.15661], [-1.12909, 46.15638], [-1.13222, 46.15613], [-1.13282, 46.15607], [-1.133258, 46.156033], [-1.133915, 46.15593], [-1.134248, 46.155846], [-1.134549, 46.155743], [-1.134942, 46.15558], [-1.135351, 46.15537], [-1.135482, 46.155285], [-1.135606, 46.15521], [-1.135998, 46.154896], [-1.136173, 46.154716], [-1.136405, 46.154495]]}}, {"type": "Feature", "properties": {"route_short_name": "334", "route_long_name": "Lyc\u00e9e Valin <> Ch\u00e2telaillon-Plage via Angoulins/Mer", "shape_id": "CA_LA_ROCHELLE:JourneyPattern:334_5ED10C6220B9F5CF94A6FCAFB26ACFEE", "n_points": 651, "n_shape_variants_in_source": 3}, "geometry": {"type": "LineString", "coordinates": [[-1.071674, 46.05864], [-1.0728, 46.05866], [-1.073011, 46.058666], [-1.073223, 46.058666], [-1.073352, 46.058647], [-1.073465, 46.05862], [-1.073596, 46.058563], [-1.073848, 46.058422], [-1.074461, 46.058], [-1.074973, 46.05764], [-1.075789, 46.05706], [-1.076157, 46.056812], [-1.076274, 46.05676], [-1.07633, 46.056744], [-1.076382, 46.05674], [-1.076445, 46.05674], [-1.076494, 46.05676], [-1.076547, 46.056774], [-1.077325, 46.05706], [-1.077325, 46.05706], [-1.078221, 46.057365], [-1.079109, 46.057667], [-1.079431, 46.057755], [-1.07959, 46.057796], [-1.079734, 46.057808], [-1.080184, 46.057755], [-1.080339, 46.05774], [-1.080467, 46.05774], [-1.080949, 46.05778], [-1.081525, 46.05781], [-1.081817, 46.057835], [-1.08209, 46.05787], [-1.082284, 46.05791], [-1.082477, 46.057953], [-1.082677, 46.058006], [-1.082677, 46.058006], [-1.082846, 46.058014], [-1.082875, 46.058037], [-1.082907, 46.058075], [-1.082959, 46.05811], [-1.08305, 46.05812], [-1.08312, 46.0581], [-1.083161, 46.05807], [-1.083208, 46.058056], [-1.083313, 46.058067], [-1.083387, 46.058075], [-1.083468, 46.058067], [-1.083586, 46.058056], [-1.083715, 46.05803], [-1.083788, 46.05802], [-1.083868, 46.058025], [-1.084382, 46.05806], [-1.084729, 46.05809], [-1.085082, 46.058144], [-1.085378, 46.058193], [-1.085671, 46.05825], [-1.085976, 46.058315], [-1.086265, 46.058384], [-1.086382, 46.05843], [-1.086407, 46.058456], [-1.08642, 46.05849], [-1.08644, 46.05852], [-1.086478, 46.058533], [-1.086541, 46.058537], [-1.086592, 46.058517], [-1.086628, 46.058487], [-1.086667, 46.058464], [-1.086725, 46.058464], [-1.086778, 46.05848], [-1.086879, 46.058506], [-1.086989, 46.058525], [-1.087227, 46.058567], [-1.087418, 46.058613], [-1.087598, 46.058674], [-1.088422, 46.058987], [-1.088422, 46.058987], [-1.089111, 46.05921], [-1.08928, 46.05927], [-1.089412, 46.05932], [-1.089508, 46.05939], [-1.089562, 46.059467], [-1.089674, 46.059708], [-1.089764, 46.059948], [-1.089831, 46.06009], [-1.089918, 46.06025], [-1.090018, 46.060394], [-1.090117, 46.060528], [-1.09022, 46.060646], [-1.090375, 46.06079], [-1.090803, 46.061115], [-1.091106, 46.06132], [-1.091221, 46.06141], [-1.091274, 46.061462], [-1.0913, 46.06152], [-1.091387, 46.061947], [-1.091475, 46.062527], [-1.091529, 46.062675], [-1.09158, 46.062756], [-1.091856, 46.06295], [-1.092133, 46.06315], [-1.092206, 46.063217], [-1.092245, 46.06329], [-1.092243, 46.063354], [-1.09215, 46.06364], [-1.092017, 46.06407], [-1.091975, 46.0641], [-1.091914, 46.06411], [-1.091441, 46.064083], [-1.091303, 46.064083], [-1.091174, 46.0641], [-1.090779, 46.0642], [-1.089592, 46.06453], [-1.089332, 46.06461], [-1.089054, 46.064674], [-1.088494, 46.06479], [-1.088148, 46.064903], [-1.087742, 46.065025], [-1.086929, 46.06524], [-1.086352, 46.065403], [-1.08594, 46.065514], [-1.085807, 46.06555], [-1.085763, 46.06559], [-1.085793, 46.065636], [-1.086456, 46.06611], [-1.087127, 46.066586], [-1.087275, 46.06672], [-1.088347, 46.067467], [-1.089188, 46.068066], [-1.089285, 46.068134], [-1.089364, 46.068165], [-1.08947, 46.068188], [-1.089771, 46.06823], [-1.090501, 46.068333], [-1.090614, 46.068356], [-1.090645, 46.06839], [-1.090416, 46.068974], [-1.090058, 46.07031], [-1.089637, 46.07164], [-1.089522, 46.07201], [-1.089399, 46.07238], [-1.08936, 46.07252], [-1.089365, 46.072582], [-1.089375, 46.07264], [-1.089435, 46.072742], [-1.089569, 46.07295], [-1.089752, 46.073345], [-1.090268, 46.074078], [-1.090518, 46.074482], [-1.09062, 46.07468], [-1.090645, 46.074802], [-1.090627, 46.07495], [-1.090552, 46.075092], [-1.090326, 46.07544], [-1.090202, 46.075565], [-1.090202, 46.075565], [-1.089986, 46.076023], [-1.089839, 46.07634], [-1.08977, 46.07643], [-1.089649, 46.07649], [-1.089311, 46.076595], [-1.089106, 46.076653], [-1.088896, 46.076694], [-1.088237, 46.076786], [-1.0881, 46.076797], [-1.088003, 46.07678], [-1.087915, 46.076794], [-1.087869, 46.07684], [-1.08787, 46.0769], [-1.087897, 46.076935], [-1.087952, 46.07696], [-1.088031, 46.077007], [-1.088146, 46.07709], [-1.088382, 46.07743], [-1.088533, 46.0777], [-1.088533, 46.0777], [-1.088886, 46.0782], [-1.089057, 46.078457], [-1.089239, 46.078705], [-1.089681, 46.07931], [-1.090134, 46.079926], [-1.090347, 46.080215], [-1.090459, 46.080368], [-1.090564, 46.080536], [-1.09076, 46.08091], [-1.090938, 46.0813], [-1.090938, 46.0813], [-1.0911, 46.081554], [-1.09124, 46.081814], [-1.091405, 46.082115], [-1.091548, 46.08235], [-1.091656, 46.082504], [-1.091779, 46.082638], [-1.092071, 46.08294], [-1.09224, 46.08308], [-1.092303, 46.083164], [-1.092363, 46.083244], [-1.092554, 46.083466], [-1.092727, 46.08369], [-1.092806, 46.08376], [-1.092897, 46.08382], [-1.092967, 46.083874], [-1.093002, 46.083935], [-1.093015, 46.083973], [-1.093036, 46.08403], [-1.093073, 46.08414], [-1.0931, 46.08433], [-1.0931, 46.08433], [-1.09319, 46.08443], [-1.093285, 46.08457], [-1.093406, 46.084724], [-1.093543, 46.084873], [-1.093818, 46.08518], [-1.094218, 46.085613], [-1.094846, 46.086327], [-1.095145, 46.08665], [-1.095465, 46.086994], [-1.095863, 46.087425], [-1.096065, 46.087646], [-1.096274, 46.08786], [-1.096497, 46.088097], [-1.096497, 46.088097], [-1.096681, 46.08822], [-1.096855, 46.088356], [-1.097028, 46.08849], [-1.097203, 46.088627], [-1.09764, 46.088963], [-1.097868, 46.08913], [-1.098079, 46.089302], [-1.098207, 46.089428], [-1.098321, 46.089565], [-1.098423, 46.0897], [-1.09852, 46.08984], [-1.098608, 46.090015], [-1.09868, 46.090202], [-1.098921, 46.091003], [-1.099065, 46.09149], [-1.099218, 46.091972], [-1.099275, 46.092182], [-1.099305, 46.0924], [-1.099305, 46.0924], [-1.099438, 46.09292], [-1.099476, 46.093185], [-1.099502, 46.093315], [-1.099515, 46.093452], [-1.099523, 46.093895], [-1.099523, 46.094116], [-1.099518, 46.09435], [-1.099526, 46.09443], [-1.09955, 46.09449], [-1.099564, 46.09454], [-1.099568, 46.094578], [-1.099537, 46.09464], [-1.099531, 46.094704], [-1.099563, 46.094757], [-1.099629, 46.09478], [-1.099722, 46.09479], [-1.099814, 46.094837], [-1.09992, 46.094925], [-1.100004, 46.09498], [-1.100102, 46.09501], [-1.100302, 46.095097], [-1.100302, 46.095097], [-1.100479, 46.095108], [-1.100572, 46.095135], [-1.100658, 46.09517], [-1.100807, 46.095222], [-1.100899, 46.095276], [-1.10098, 46.09534], [-1.10135, 46.09566], [-1.101592, 46.09585], [-1.101851, 46.09604], [-1.102103, 46.096195], [-1.102366, 46.096348], [-1.103251, 46.096817], [-1.103699, 46.097057], [-1.103921, 46.09718], [-1.104115, 46.0973], [-1.104279, 46.097466], [-1.104391, 46.097645], [-1.10472, 46.09802], [-1.104878, 46.0982], [-1.10505, 46.09838], [-1.105359, 46.09873], [-1.105663, 46.09908], [-1.105973, 46.09943], [-1.106281, 46.099785], [-1.106529, 46.10007], [-1.106783, 46.100353], [-1.107123, 46.100746], [-1.107312, 46.100945], [-1.107469, 46.101128], [-1.107561, 46.10122], [-1.107667, 46.1013], [-1.107708, 46.101376], [-1.107708, 46.101376], [-1.107836, 46.10141], [-1.107871, 46.101448], [-1.107905, 46.101498], [-1.10793, 46.101578], [-1.107916, 46.101673], [-1.107883, 46.101757], [-1.107774, 46.10187], [-1.107711, 46.101933], [-1.107665, 46.101997], [-1.107365, 46.102806], [-1.107326, 46.10296], [-1.107302, 46.1031], [-1.107289, 46.103283], [-1.107289, 46.10345], [-1.10728, 46.103676], [-1.10728, 46.103676], [-1.107373, 46.103893], [-1.1074, 46.10412], [-1.10741, 46.10423], [-1.1074, 46.10435], [-1.10725, 46.10479], [-1.107238, 46.104893], [-1.10726, 46.10499], [-1.107315, 46.105015], [-1.108324, 46.105213], [-1.108667, 46.105267], [-1.1088, 46.105267], [-1.10893, 46.10525], [-1.109018, 46.10524], [-1.10976, 46.105247], [-1.109918, 46.105263], [-1.110201, 46.105305], [-1.110267, 46.105305], [-1.110329, 46.10533], [-1.11041, 46.10542], [-1.11054, 46.10554], [-1.110805, 46.105755], [-1.111041, 46.105904], [-1.111277, 46.106056], [-1.111277, 46.106056], [-1.111413, 46.106083], [-1.111599, 46.106148], [-1.111891, 46.106216], [-1.112104, 46.106274], [-1.112325, 46.106323], [-1.112448, 46.10637], [-1.112562, 46.10642], [-1.1134, 46.10685], [-1.11397, 46.10716], [-1.114406, 46.107388], [-1.114819, 46.10764], [-1.114913, 46.10768], [-1.114949, 46.107746], [-1.114976, 46.10779], [-1.115031, 46.107838], [-1.115015, 46.107887], [-1.114996, 46.10796], [-1.115, 46.108025], [-1.11515, 46.108307], [-1.115298, 46.108612], [-1.115424, 46.10893], [-1.115484, 46.10909], [-1.115528, 46.109253], [-1.11554, 46.10933], [-1.115535, 46.10941], [-1.115453, 46.10996], [-1.115431, 46.110207], [-1.115426, 46.11045], [-1.11538, 46.1108], [-1.11533, 46.111057], [-1.115262, 46.111324], [-1.11513, 46.1118], [-1.115109, 46.11185], [-1.115032, 46.111855], [-1.11498, 46.11184], [-1.114687, 46.111736], [-1.114332, 46.111614], [-1.113956, 46.11152], [-1.11381, 46.111485], [-1.113666, 46.111443], [-1.113347, 46.111313], [-1.113037, 46.111187], [-1.112368, 46.11092], [-1.112147, 46.11082], [-1.111968, 46.110706], [-1.11174, 46.11055], [-1.111532, 46.11037], [-1.1114, 46.110157], [-1.111119, 46.109924], [-1.111024, 46.109848], [-1.110956, 46.10974], [-1.110713, 46.109467], [-1.110545, 46.10929], [-1.110479, 46.1092], [-1.110358, 46.10891], [-1.11018, 46.10862], [-1.110108, 46.108524], [-1.110018, 46.10834], [-1.109989, 46.108253], [-1.109824, 46.107967], [-1.109788, 46.107903], [-1.109651, 46.107677], [-1.109636, 46.10761], [-1.109536, 46.107475], [-1.10947, 46.107426], [-1.109401, 46.107353], [-1.109293, 46.107162], [-1.10907, 46.10672], [-1.108738, 46.1062], [-1.108674, 46.106125], [-1.108618, 46.10609], [-1.108561, 46.10607], [-1.10852, 46.10608], [-1.10844, 46.106113], [-1.108316, 46.10617], [-1.10821, 46.10624], [-1.107555, 46.106575], [-1.107555, 46.106575], [-1.10733, 46.10674], [-1.10694, 46.10689], [-1.106281, 46.107124], [-1.105611, 46.107334], [-1.105423, 46.10743], [-1.105365, 46.107437], [-1.10526, 46.107433], [-1.105167, 46.10738], [-1.105111, 46.10731], [-1.10503, 46.10717], [-1.104978, 46.107067], [-1.104968, 46.10697], [-1.10498, 46.106876], [-1.105033, 46.106407], [-1.105075, 46.10594], [-1.105127, 46.105507], [-1.10516, 46.10515], [-1.10518, 46.10502], [-1.1052, 46.104946], [-1.105233, 46.104877], [-1.1053, 46.10475], [-1.105316, 46.10469], [-1.105275, 46.104633], [-1.105073, 46.104603], [-1.104733, 46.104557], [-1.1044, 46.10447], [-1.1044, 46.10447], [-1.103906, 46.10444], [-1.10341, 46.104385], [-1.103299, 46.104378], [-1.103227, 46.10436], [-1.102891, 46.104317], [-1.102601, 46.1043], [-1.102435, 46.104294], [-1.102346, 46.10428], [-1.102242, 46.10426], [-1.10213, 46.10427], [-1.102061, 46.10431], [-1.10199, 46.104336], [-1.101835, 46.10436], [-1.101647, 46.10437], [-1.101372, 46.10437], [-1.101152, 46.104366], [-1.100753, 46.104324], [-1.100455, 46.104286], [-1.099973, 46.10422], [-1.099488, 46.104153], [-1.09892, 46.10407], [-1.098352, 46.103947], [-1.098283, 46.103962], [-1.098239, 46.103935], [-1.098196, 46.103893], [-1.098135, 46.10381], [-1.098023, 46.10375], [-1.097911, 46.10373], [-1.097821, 46.103737], [-1.097749, 46.103767], [-1.097695, 46.103813], [-1.097594, 46.103874], [-1.097469, 46.103897], [-1.097275, 46.10391], [-1.09701, 46.10391], [-1.096834, 46.103893], [-1.096727, 46.10385], [-1.09664, 46.10383], [-1.09653, 46.10383], [-1.096451, 46.103848], [-1.096384, 46.10389], [-1.09632, 46.103924], [-1.09623, 46.103954], [-1.09611, 46.10397], [-1.09591, 46.10399], [-1.09565, 46.104008], [-1.095111, 46.104034], [-1.094788, 46.104015], [-1.09411, 46.1041], [-1.09395, 46.10408], [-1.09378, 46.10407], [-1.09372, 46.10405], [-1.09369, 46.10402], [-1.0936, 46.10397], [-1.09349, 46.10394], [-1.09337, 46.10394], [-1.09326, 46.10397], [-1.09319, 46.10402], [-1.09313, 46.10409], [-1.09311, 46.10417], [-1.09313, 46.10423], [-1.09321, 46.10431], [-1.09332, 46.10436], [-1.09347, 46.10438], [-1.09355, 46.1044], [-1.09366, 46.10448], [-1.09381, 46.10462], [-1.09386, 46.10464], [-1.09419, 46.10504], [-1.09443, 46.10527], [-1.09462, 46.1054], [-1.09494, 46.10554], [-1.09533, 46.10563], [-1.09568, 46.10569], [-1.09652, 46.10579], [-1.09677, 46.10585], [-1.09691, 46.10592], [-1.09698, 46.10597], [-1.09707, 46.10603], [-1.09714, 46.10604], [-1.09802, 46.10708], [-1.09834, 46.10745], [-1.09853, 46.10768], [-1.09923, 46.10848], [-1.09984, 46.1092], [-1.10132, 46.11102], [-1.10267, 46.11261], [-1.10461, 46.11501], [-1.10663, 46.11746], [-1.10813, 46.11928], [-1.10881, 46.12011], [-1.10912, 46.12049], [-1.10944, 46.12094], [-1.10962, 46.12129], [-1.10975, 46.12162], [-1.10982, 46.12187], [-1.10985, 46.12211], [-1.10989, 46.12253], [-1.10986, 46.123], [-1.10979, 46.12349], [-1.10963, 46.12394], [-1.10946, 46.12427], [-1.10919, 46.12468], [-1.10885, 46.12509], [-1.10845, 46.12546], [-1.10798, 46.12582], [-1.10746, 46.12614], [-1.10695, 46.1264], [-1.10513, 46.12732], [-1.10412, 46.12784], [-1.10361, 46.12817], [-1.1034, 46.12832], [-1.10291, 46.12872], [-1.10268, 46.12893], [-1.1022, 46.12945], [-1.10178, 46.13006], [-1.10155, 46.13047], [-1.10136, 46.13093], [-1.10121, 46.13145], [-1.10114, 46.13185], [-1.10111, 46.13221], [-1.10111, 46.13254], [-1.10116, 46.13301], [-1.1012, 46.13321], [-1.10126, 46.13346], [-1.10142, 46.13397], [-1.10159, 46.13433], [-1.10183, 46.13476], [-1.10247, 46.13575], [-1.10303, 46.1366], [-1.10411, 46.13828], [-1.10874, 46.14545], [-1.1102, 46.1477], [-1.11154, 46.14978], [-1.11168, 46.14999], [-1.11164, 46.15006], [-1.1119, 46.15058], [-1.11218, 46.15119], [-1.1126, 46.15217], [-1.11264, 46.15237], [-1.11264, 46.15251], [-1.11259, 46.15262], [-1.11245, 46.15278], [-1.11238, 46.15284], [-1.1122, 46.15294], [-1.11196, 46.15305], [-1.11183, 46.15305], [-1.11157, 46.1531], [-1.11135, 46.15319], [-1.11119, 46.15329], [-1.11103, 46.15346], [-1.11098, 46.15357], [-1.11095, 46.15369], [-1.11097, 46.15388], [-1.11109, 46.15409], [-1.11134, 46.15427], [-1.11164, 46.15438], [-1.11195, 46.15441], [-1.1122, 46.15438], [-1.11242, 46.15431], [-1.11259, 46.15423], [-1.11271, 46.15413], [-1.11278, 46.15405], [-1.11285, 46.15394], [-1.11289, 46.15376], [-1.11289, 46.15367], [-1.11289, 46.15363], [-1.11298, 46.15355], [-1.11306, 46.15349], [-1.1133, 46.15338], [-1.1135, 46.15332], [-1.1138, 46.15323], [-1.11425, 46.1531], [-1.1146, 46.15304], [-1.11485, 46.15305], [-1.11496, 46.15308], [-1.11518, 46.15308], [-1.11528, 46.15306], [-1.11553, 46.1531], [-1.11564, 46.15315], [-1.11575, 46.15323], [-1.11604, 46.15353], [-1.11623, 46.15373], [-1.11698, 46.15457], [-1.11775, 46.1554], [-1.11811, 46.15578], [-1.11841, 46.15602], [-1.11861, 46.15615], [-1.11888, 46.15628], [-1.11943, 46.15649], [-1.11994, 46.15663], [-1.12071, 46.15675], [-1.12118, 46.1568], [-1.12231, 46.15687], [-1.12277, 46.15689], [-1.1236, 46.15688], [-1.12447, 46.1568], [-1.12655, 46.15661], [-1.12856, 46.15643], [-1.13099, 46.15623], [-1.13282, 46.15607], [-1.133103, 46.15604], [-1.133684, 46.15596], [-1.134006, 46.155895], [-1.134354, 46.155792], [-1.134854, 46.15562], [-1.135204, 46.15545], [-1.135452, 46.155304], [-1.1358, 46.15505], [-1.136026, 46.154858], [-1.136405, 46.154495]]}}, {"type": "Feature", "properties": {"route_short_name": "335", "route_long_name": "Lyc\u00e9e Valin <> Ch\u00e2telaillon-Plage via Angoulins/Mer (renfort)", "shape_id": "CA_LA_ROCHELLE:JourneyPattern:335_80F88F9D529BAB6C5A6DD896D7487C70", "n_points": 513, "n_shape_variants_in_source": 1}, "geometry": {"type": "LineString", "coordinates": [[-1.082016, 46.07367], [-1.08194, 46.07361], [-1.08196, 46.07356], [-1.082, 46.07348], [-1.082, 46.07347], [-1.08201, 46.07346], [-1.08201, 46.07343], [-1.08195, 46.07338], [-1.08186, 46.07339], [-1.08182, 46.07344], [-1.08186, 46.0735], [-1.08194, 46.07351], [-1.08198, 46.07349], [-1.08216, 46.07349], [-1.08261, 46.07362], [-1.08316, 46.0738], [-1.0836, 46.07393], [-1.08512, 46.07439], [-1.08533, 46.0745], [-1.08593, 46.07489], [-1.08667, 46.07544], [-1.08688, 46.07558], [-1.08705, 46.07575], [-1.08756, 46.07632], [-1.08783, 46.07662], [-1.08788, 46.07666], [-1.0879, 46.07676], [-1.08792, 46.07683], [-1.08789, 46.07684], [-1.08787, 46.0769], [-1.08789, 46.07694], [-1.08794, 46.07697], [-1.088, 46.07697], [-1.08815, 46.0771], [-1.08839, 46.07743], [-1.088533, 46.0777], [-1.088533, 46.0777], [-1.088886, 46.0782], [-1.089057, 46.078457], [-1.089239, 46.078705], [-1.089681, 46.07931], [-1.090134, 46.079926], [-1.090347, 46.080215], [-1.090459, 46.080368], [-1.090564, 46.080536], [-1.09076, 46.08091], [-1.090938, 46.0813], [-1.090938, 46.0813], [-1.0911, 46.081554], [-1.09124, 46.081814], [-1.091405, 46.082115], [-1.091548, 46.08235], [-1.091656, 46.082504], [-1.091779, 46.082638], [-1.092071, 46.08294], [-1.09224, 46.08308], [-1.092303, 46.083164], [-1.092363, 46.083244], [-1.092554, 46.083466], [-1.092727, 46.08369], [-1.092806, 46.08376], [-1.092897, 46.08382], [-1.092967, 46.083874], [-1.093002, 46.083935], [-1.093015, 46.083973], [-1.093036, 46.08403], [-1.093073, 46.08414], [-1.0931, 46.08433], [-1.0931, 46.08433], [-1.09319, 46.08443], [-1.093285, 46.08457], [-1.093406, 46.084724], [-1.093543, 46.084873], [-1.093818, 46.08518], [-1.094218, 46.085613], [-1.094846, 46.086327], [-1.095145, 46.08665], [-1.095465, 46.086994], [-1.095863, 46.087425], [-1.096065, 46.087646], [-1.096274, 46.08786], [-1.096497, 46.088097], [-1.096497, 46.088097], [-1.096681, 46.08822], [-1.096855, 46.088356], [-1.097028, 46.08849], [-1.097203, 46.088627], [-1.09764, 46.088963], [-1.097868, 46.08913], [-1.098079, 46.089302], [-1.098207, 46.089428], [-1.098321, 46.089565], [-1.098423, 46.0897], [-1.09852, 46.08984], [-1.098608, 46.090015], [-1.09868, 46.090202], [-1.098921, 46.091003], [-1.099065, 46.09149], [-1.099218, 46.091972], [-1.099275, 46.092182], [-1.099305, 46.0924], [-1.099305, 46.0924], [-1.099438, 46.09292], [-1.099476, 46.093185], [-1.099502, 46.093315], [-1.099515, 46.093452], [-1.099523, 46.093895], [-1.099523, 46.094116], [-1.099518, 46.09435], [-1.099526, 46.09443], [-1.09955, 46.09449], [-1.099564, 46.09454], [-1.099568, 46.094578], [-1.099537, 46.09464], [-1.099531, 46.094704], [-1.099563, 46.094757], [-1.099629, 46.09478], [-1.099722, 46.09479], [-1.099814, 46.094837], [-1.09992, 46.094925], [-1.100004, 46.09498], [-1.100102, 46.09501], [-1.100302, 46.095097], [-1.100302, 46.095097], [-1.100479, 46.095108], [-1.100572, 46.095135], [-1.100658, 46.09517], [-1.100807, 46.095222], [-1.100899, 46.095276], [-1.10098, 46.09534], [-1.10135, 46.09566], [-1.101592, 46.09585], [-1.101851, 46.09604], [-1.102103, 46.096195], [-1.102366, 46.096348], [-1.103251, 46.096817], [-1.103699, 46.097057], [-1.103921, 46.09718], [-1.104115, 46.0973], [-1.104279, 46.097466], [-1.104391, 46.097645], [-1.10472, 46.09802], [-1.104878, 46.0982], [-1.10505, 46.09838], [-1.105359, 46.09873], [-1.105663, 46.09908], [-1.105973, 46.09943], [-1.106281, 46.099785], [-1.106529, 46.10007], [-1.106783, 46.100353], [-1.107123, 46.100746], [-1.107312, 46.100945], [-1.107469, 46.101128], [-1.107561, 46.10122], [-1.107667, 46.1013], [-1.107708, 46.101376], [-1.107708, 46.101376], [-1.107836, 46.10141], [-1.107871, 46.101448], [-1.107905, 46.101498], [-1.10793, 46.101578], [-1.107916, 46.101673], [-1.107883, 46.101757], [-1.107774, 46.10187], [-1.107711, 46.101933], [-1.107665, 46.101997], [-1.107365, 46.102806], [-1.107326, 46.10296], [-1.107302, 46.1031], [-1.107289, 46.103283], [-1.107289, 46.10345], [-1.10728, 46.103676], [-1.10728, 46.103676], [-1.107373, 46.103893], [-1.1074, 46.10412], [-1.10741, 46.10423], [-1.1074, 46.10435], [-1.10725, 46.10479], [-1.107238, 46.104893], [-1.10726, 46.10499], [-1.107315, 46.105015], [-1.108324, 46.105213], [-1.108667, 46.105267], [-1.1088, 46.105267], [-1.10893, 46.10525], [-1.109018, 46.10524], [-1.10976, 46.105247], [-1.109918, 46.105263], [-1.110201, 46.105305], [-1.110267, 46.105305], [-1.110329, 46.10533], [-1.11041, 46.10542], [-1.11054, 46.10554], [-1.110805, 46.105755], [-1.111041, 46.105904], [-1.111277, 46.106056], [-1.111277, 46.106056], [-1.111413, 46.106083], [-1.111599, 46.106148], [-1.111891, 46.106216], [-1.112104, 46.106274], [-1.112325, 46.106323], [-1.112448, 46.10637], [-1.112562, 46.10642], [-1.1134, 46.10685], [-1.11397, 46.10716], [-1.114406, 46.107388], [-1.114819, 46.10764], [-1.114913, 46.10768], [-1.114949, 46.107746], [-1.114976, 46.10779], [-1.115031, 46.107838], [-1.115015, 46.107887], [-1.114996, 46.10796], [-1.115, 46.108025], [-1.11515, 46.108307], [-1.115298, 46.108612], [-1.115424, 46.10893], [-1.115484, 46.10909], [-1.115528, 46.109253], [-1.11554, 46.10933], [-1.115535, 46.10941], [-1.115453, 46.10996], [-1.115431, 46.110207], [-1.115426, 46.11045], [-1.11538, 46.1108], [-1.11533, 46.111057], [-1.115262, 46.111324], [-1.11513, 46.1118], [-1.115109, 46.11185], [-1.115032, 46.111855], [-1.11498, 46.11184], [-1.114687, 46.111736], [-1.114332, 46.111614], [-1.113956, 46.11152], [-1.11381, 46.111485], [-1.113666, 46.111443], [-1.113347, 46.111313], [-1.113037, 46.111187], [-1.112368, 46.11092], [-1.112147, 46.11082], [-1.111968, 46.110706], [-1.11174, 46.11055], [-1.111532, 46.11037], [-1.1114, 46.110157], [-1.111119, 46.109924], [-1.111024, 46.109848], [-1.110956, 46.10974], [-1.110713, 46.109467], [-1.110545, 46.10929], [-1.110479, 46.1092], [-1.110358, 46.10891], [-1.11018, 46.10862], [-1.110108, 46.108524], [-1.110018, 46.10834], [-1.109989, 46.108253], [-1.109824, 46.107967], [-1.109788, 46.107903], [-1.109651, 46.107677], [-1.109636, 46.10761], [-1.109536, 46.107475], [-1.10947, 46.107426], [-1.109401, 46.107353], [-1.109293, 46.107162], [-1.10907, 46.10672], [-1.108738, 46.1062], [-1.108674, 46.106125], [-1.108618, 46.10609], [-1.108561, 46.10607], [-1.10852, 46.10608], [-1.10844, 46.106113], [-1.108316, 46.10617], [-1.10821, 46.10624], [-1.107555, 46.106575], [-1.107555, 46.106575], [-1.10733, 46.10674], [-1.10694, 46.10689], [-1.106281, 46.107124], [-1.105611, 46.107334], [-1.105423, 46.10743], [-1.105365, 46.107437], [-1.10526, 46.107433], [-1.105167, 46.10738], [-1.105111, 46.10731], [-1.10503, 46.10717], [-1.104978, 46.107067], [-1.104968, 46.10697], [-1.10498, 46.106876], [-1.105033, 46.106407], [-1.105075, 46.10594], [-1.105127, 46.105507], [-1.10516, 46.10515], [-1.10518, 46.10502], [-1.1052, 46.104946], [-1.105233, 46.104877], [-1.1053, 46.10475], [-1.105316, 46.10469], [-1.105275, 46.104633], [-1.105073, 46.104603], [-1.104733, 46.104557], [-1.1044, 46.10447], [-1.1044, 46.10447], [-1.103906, 46.10444], [-1.10341, 46.104385], [-1.103299, 46.104378], [-1.103227, 46.10436], [-1.102891, 46.104317], [-1.102601, 46.1043], [-1.102435, 46.104294], [-1.102346, 46.10428], [-1.102242, 46.10426], [-1.10213, 46.10427], [-1.102061, 46.10431], [-1.10199, 46.104336], [-1.101835, 46.10436], [-1.101647, 46.10437], [-1.101372, 46.10437], [-1.101152, 46.104366], [-1.100753, 46.104324], [-1.100455, 46.104286], [-1.099973, 46.10422], [-1.099488, 46.104153], [-1.09892, 46.10407], [-1.098352, 46.103947], [-1.098283, 46.103962], [-1.098239, 46.103935], [-1.098196, 46.103893], [-1.098135, 46.10381], [-1.098023, 46.10375], [-1.097911, 46.10373], [-1.097821, 46.103737], [-1.097749, 46.103767], [-1.097695, 46.103813], [-1.097594, 46.103874], [-1.097469, 46.103897], [-1.097275, 46.10391], [-1.09701, 46.10391], [-1.096834, 46.103893], [-1.096727, 46.10385], [-1.09664, 46.10383], [-1.09653, 46.10383], [-1.096451, 46.103848], [-1.096384, 46.10389], [-1.09632, 46.103924], [-1.09623, 46.103954], [-1.09611, 46.10397], [-1.09591, 46.10399], [-1.09565, 46.104008], [-1.095111, 46.104034], [-1.094788, 46.104015], [-1.09411, 46.1041], [-1.09395, 46.10408], [-1.09378, 46.10407], [-1.09372, 46.10405], [-1.09369, 46.10402], [-1.0936, 46.10397], [-1.09349, 46.10394], [-1.09337, 46.10394], [-1.09326, 46.10397], [-1.09319, 46.10402], [-1.09313, 46.10409], [-1.09311, 46.10417], [-1.09313, 46.10423], [-1.09321, 46.10431], [-1.09332, 46.10436], [-1.09347, 46.10438], [-1.09355, 46.1044], [-1.09366, 46.10448], [-1.09381, 46.10462], [-1.09386, 46.10464], [-1.09419, 46.10504], [-1.09443, 46.10527], [-1.09462, 46.1054], [-1.09494, 46.10554], [-1.09533, 46.10563], [-1.09568, 46.10569], [-1.09652, 46.10579], [-1.09677, 46.10585], [-1.09691, 46.10592], [-1.09698, 46.10597], [-1.09707, 46.10603], [-1.09714, 46.10604], [-1.09802, 46.10708], [-1.09834, 46.10745], [-1.09853, 46.10768], [-1.09923, 46.10848], [-1.09984, 46.1092], [-1.10132, 46.11102], [-1.10267, 46.11261], [-1.10461, 46.11501], [-1.10663, 46.11746], [-1.10813, 46.11928], [-1.10881, 46.12011], [-1.10912, 46.12049], [-1.10944, 46.12094], [-1.10962, 46.12129], [-1.10975, 46.12162], [-1.10982, 46.12187], [-1.10985, 46.12211], [-1.10989, 46.12253], [-1.10986, 46.123], [-1.10979, 46.12349], [-1.10963, 46.12394], [-1.10946, 46.12427], [-1.10919, 46.12468], [-1.10885, 46.12509], [-1.10845, 46.12546], [-1.10798, 46.12582], [-1.10746, 46.12614], [-1.10695, 46.1264], [-1.10513, 46.12732], [-1.10412, 46.12784], [-1.10361, 46.12817], [-1.1034, 46.12832], [-1.10291, 46.12872], [-1.10268, 46.12893], [-1.1022, 46.12945], [-1.10178, 46.13006], [-1.10155, 46.13047], [-1.10136, 46.13093], [-1.10121, 46.13145], [-1.10114, 46.13185], [-1.10111, 46.13221], [-1.10111, 46.13254], [-1.10116, 46.13301], [-1.1012, 46.13321], [-1.10126, 46.13346], [-1.10142, 46.13397], [-1.10159, 46.13433], [-1.10183, 46.13476], [-1.10247, 46.13575], [-1.10303, 46.1366], [-1.10411, 46.13828], [-1.10874, 46.14545], [-1.1102, 46.1477], [-1.11154, 46.14978], [-1.11168, 46.14999], [-1.11164, 46.15006], [-1.1119, 46.15058], [-1.11218, 46.15119], [-1.1126, 46.15217], [-1.11264, 46.15237], [-1.11264, 46.15251], [-1.11259, 46.15262], [-1.11245, 46.15278], [-1.11238, 46.15284], [-1.1122, 46.15294], [-1.11196, 46.15305], [-1.11183, 46.15305], [-1.11157, 46.1531], [-1.11135, 46.15319], [-1.11119, 46.15329], [-1.11103, 46.15346], [-1.11098, 46.15357], [-1.11095, 46.15369], [-1.11097, 46.15388], [-1.11109, 46.15409], [-1.11134, 46.15427], [-1.11164, 46.15438], [-1.11195, 46.15441], [-1.1122, 46.15438], [-1.11242, 46.15431], [-1.11259, 46.15423], [-1.11271, 46.15413], [-1.11278, 46.15405], [-1.11285, 46.15394], [-1.11289, 46.15376], [-1.11289, 46.15367], [-1.11289, 46.15363], [-1.11298, 46.15355], [-1.11306, 46.15349], [-1.1133, 46.15338], [-1.1135, 46.15332], [-1.1138, 46.15323], [-1.11425, 46.1531], [-1.1146, 46.15304], [-1.11485, 46.15305], [-1.11496, 46.15308], [-1.11518, 46.15308], [-1.11528, 46.15306], [-1.11553, 46.1531], [-1.11564, 46.15315], [-1.11575, 46.15323], [-1.11604, 46.15353], [-1.11623, 46.15373], [-1.11698, 46.15457], [-1.11775, 46.1554], [-1.11811, 46.15578], [-1.11841, 46.15602], [-1.11861, 46.15615], [-1.11888, 46.15628], [-1.11943, 46.15649], [-1.11994, 46.15663], [-1.12071, 46.15675], [-1.12118, 46.1568], [-1.12231, 46.15687], [-1.12277, 46.15689], [-1.1236, 46.15688], [-1.12447, 46.1568], [-1.12655, 46.15661], [-1.12856, 46.15643], [-1.13099, 46.15623], [-1.13282, 46.15607], [-1.133103, 46.15604], [-1.133684, 46.15596], [-1.134006, 46.155895], [-1.134354, 46.155792], [-1.134854, 46.15562], [-1.135204, 46.15545], [-1.135452, 46.155304], [-1.1358, 46.15505], [-1.136026, 46.154858], [-1.136405, 46.154495]]}}, {"type": "Feature", "properties": {"route_short_name": "336", "route_long_name": "Lyc\u00e9e Valin <> Yves", "shape_id": "CA_LA_ROCHELLE:JourneyPattern:336_CF94BEEB3245A4BA54D1C2F6454517DE", "n_points": 623, "n_shape_variants_in_source": 3}, "geometry": {"type": "LineString", "coordinates": [[-1.136316, 46.15507], [-1.13611, 46.15504], [-1.13588, 46.15492], [-1.13572, 46.15506], [-1.13539, 46.15528], [-1.13535, 46.15531], [-1.13507, 46.15546], [-1.13472, 46.15562], [-1.13422, 46.1558], [-1.13392, 46.15588], [-1.13348, 46.15596], [-1.1322, 46.15607], [-1.13068, 46.15619], [-1.12855, 46.15637], [-1.12655, 46.15655], [-1.12444, 46.15675], [-1.12359, 46.15681], [-1.12277, 46.15682], [-1.12224, 46.15682], [-1.12118, 46.15675], [-1.12065, 46.15669], [-1.12023, 46.15663], [-1.11972, 46.15653], [-1.11915, 46.15633], [-1.11873, 46.15616], [-1.11857, 46.15607], [-1.11806, 46.15566], [-1.11724, 46.15474], [-1.11705, 46.15451], [-1.11638, 46.15381], [-1.11586, 46.15321], [-1.11563, 46.15304], [-1.11553, 46.15294], [-1.11549, 46.15286], [-1.1155, 46.15281], [-1.11548, 46.15272], [-1.11544, 46.15264], [-1.11536, 46.15257], [-1.11518, 46.15251], [-1.115, 46.1525], [-1.11492, 46.15252], [-1.11465, 46.15258], [-1.11446, 46.15259], [-1.11421, 46.15251], [-1.11404, 46.15244], [-1.11362, 46.1522], [-1.11333, 46.152], [-1.11307, 46.15175], [-1.11296, 46.15162], [-1.11286, 46.1516], [-1.11279, 46.15148], [-1.11245, 46.15096], [-1.11199, 46.15024], [-1.11118, 46.14899], [-1.10841, 46.1447], [-1.10586, 46.14076], [-1.10244, 46.13546], [-1.10186, 46.13455], [-1.1016, 46.13403], [-1.10147, 46.13369], [-1.10134, 46.13324], [-1.10126, 46.13277], [-1.10124, 46.1323], [-1.10126, 46.13193], [-1.10134, 46.13148], [-1.10146, 46.13103], [-1.10164, 46.13058], [-1.10187, 46.13014], [-1.10207, 46.12983], [-1.10233, 46.12948], [-1.10276, 46.12901], [-1.10328, 46.12855], [-1.10374, 46.12821], [-1.1041, 46.12797], [-1.10469, 46.12765], [-1.10563, 46.12718], [-1.107, 46.12649], [-1.10753, 46.12622], [-1.10792, 46.126], [-1.10834, 46.1257], [-1.1087, 46.1254], [-1.10907, 46.12502], [-1.10939, 46.12462], [-1.10964, 46.12421], [-1.10976, 46.12398], [-1.10984, 46.12376], [-1.10991, 46.12353], [-1.10998, 46.12321], [-1.11002, 46.1226], [-1.11, 46.12212], [-1.10997, 46.12193], [-1.10988, 46.12162], [-1.10977, 46.12132], [-1.10959, 46.12094], [-1.10938, 46.12062], [-1.10893, 46.12006], [-1.10824, 46.11922], [-1.10712, 46.11786], [-1.10543, 46.1158], [-1.10388, 46.11392], [-1.10269, 46.11244], [-1.10193, 46.11152], [-1.10147, 46.11092], [-1.10083, 46.1101], [-1.10061, 46.10984], [-1.10001, 46.10912], [-1.09971, 46.10878], [-1.09908, 46.10809], [-1.09834, 46.10724], [-1.09726, 46.10598], [-1.09642, 46.10495], [-1.09387, 46.10183], [-1.09333, 46.10115], [-1.09242, 46.10005], [-1.09128, 46.09871], [-1.09048, 46.09773], [-1.08946, 46.09648], [-1.0876, 46.09421], [-1.08369, 46.08942], [-1.08005, 46.08498], [-1.07906, 46.08375], [-1.07854, 46.08305], [-1.07839, 46.08286], [-1.07841, 46.08278], [-1.07838, 46.08273], [-1.07817, 46.08242], [-1.07807, 46.08224], [-1.078, 46.08205], [-1.078, 46.0819], [-1.07801, 46.08181], [-1.07806, 46.08168], [-1.07817, 46.08155], [-1.07861, 46.08117], [-1.07903, 46.08084], [-1.07911, 46.0808], [-1.0793, 46.08073], [-1.0795, 46.08071], [-1.07952, 46.08072], [-1.07957, 46.08074], [-1.07968, 46.08074], [-1.07978, 46.08071], [-1.07984, 46.08064], [-1.07984, 46.08056], [-1.07982, 46.08052], [-1.0798, 46.0805], [-1.07984, 46.08036], [-1.07989, 46.08023], [-1.0801, 46.07996], [-1.08046, 46.07965], [-1.08101, 46.07921], [-1.081202, 46.079117], [-1.081202, 46.079117], [-1.081541, 46.07881], [-1.081741, 46.07865], [-1.081943, 46.078495], [-1.08203, 46.07843], [-1.08208, 46.07838], [-1.082112, 46.078327], [-1.082153, 46.078293], [-1.082193, 46.078262], [-1.082242, 46.07824], [-1.082293, 46.078217], [-1.082333, 46.07818], [-1.082346, 46.078144], [-1.082378, 46.078114], [-1.082562, 46.07802], [-1.082865, 46.07787], [-1.083165, 46.07773], [-1.083395, 46.07762], [-1.083605, 46.077538], [-1.083756, 46.077484], [-1.08391, 46.07745], [-1.084319, 46.07741], [-1.084319, 46.07741], [-1.085516, 46.07722], [-1.08678, 46.077038], [-1.087247, 46.07697], [-1.08743, 46.076954], [-1.087565, 46.07695], [-1.087655, 46.076984], [-1.087773, 46.076954], [-1.087847, 46.076954], [-1.087941, 46.076977], [-1.088022, 46.076973], [-1.088083, 46.076946], [-1.088123, 46.07689], [-1.088171, 46.07686], [-1.088265, 46.076828], [-1.088893, 46.076744], [-1.08918, 46.076702], [-1.08942, 46.07666], [-1.089691, 46.07658], [-1.08977, 46.07657], [-1.08982, 46.07658], [-1.089881, 46.076603], [-1.090105, 46.076912], [-1.090234, 46.077106], [-1.0903, 46.077206], [-1.090381, 46.077297], [-1.090612, 46.07753], [-1.090848, 46.077766], [-1.090992, 46.07792], [-1.091063, 46.078094], [-1.091196, 46.078163], [-1.09127, 46.07826], [-1.091324, 46.078297], [-1.091383, 46.078297], [-1.092269, 46.078007], [-1.092374, 46.077965], [-1.092454, 46.07797], [-1.092548, 46.077984], [-1.092619, 46.077957], [-1.09264, 46.0779], [-1.092623, 46.07786], [-1.092574, 46.07783], [-1.092515, 46.077805], [-1.09246, 46.077747], [-1.092426, 46.07769], [-1.092287, 46.077457], [-1.092192, 46.07728], [-1.092073, 46.077084], [-1.091934, 46.07686], [-1.091852, 46.076714], [-1.091644, 46.07631], [-1.091644, 46.07631], [-1.091182, 46.075542], [-1.09095, 46.075176], [-1.090696, 46.07479], [-1.090638, 46.074627], [-1.090608, 46.074547], [-1.090559, 46.074474], [-1.090278, 46.07406], [-1.08987, 46.07339], [-1.089766, 46.073128], [-1.089766, 46.073128], [-1.089547, 46.072845], [-1.089413, 46.072636], [-1.089377, 46.072582], [-1.089391, 46.07253], [-1.089497, 46.072178], [-1.089594, 46.071854], [-1.089698, 46.07153], [-1.089958, 46.070694], [-1.090088, 46.07028], [-1.090223, 46.069862], [-1.090384, 46.06937], [-1.090563, 46.06887], [-1.090563, 46.06887], [-1.090665, 46.06844], [-1.090682, 46.06838], [-1.090677, 46.068348], [-1.090624, 46.068333], [-1.090451, 46.06831], [-1.089523, 46.068172], [-1.089416, 46.068153], [-1.089327, 46.06812], [-1.088991, 46.067886], [-1.088459, 46.06751], [-1.087945, 46.06714], [-1.087566, 46.066814], [-1.086646, 46.06621], [-1.086198, 46.06589], [-1.085842, 46.06564], [-1.085802, 46.06559], [-1.085896, 46.065536], [-1.087194, 46.065197], [-1.08767, 46.065067], [-1.087968, 46.06498], [-1.088572, 46.064854], [-1.088974, 46.06472], [-1.089386, 46.064617], [-1.089561, 46.064556], [-1.09078, 46.064228], [-1.091029, 46.064156], [-1.091143, 46.06412], [-1.091259, 46.064106], [-1.091488, 46.06411], [-1.091862, 46.064125], [-1.091944, 46.06414], [-1.091989, 46.064137], [-1.092027, 46.064117], [-1.092255, 46.063396], [-1.092275, 46.06332], [-1.092257, 46.063255], [-1.092208, 46.063175], [-1.092091, 46.063084], [-1.091708, 46.062805], [-1.09161, 46.062717], [-1.091567, 46.062637], [-1.091558, 46.06231], [-1.091558, 46.06231], [-1.091365, 46.061615], [-1.091349, 46.061527], [-1.09131, 46.06145], [-1.091256, 46.061394], [-1.091197, 46.061344], [-1.090641, 46.060963], [-1.090424, 46.06079], [-1.090235, 46.060616], [-1.090088, 46.060432], [-1.089954, 46.060246], [-1.08982, 46.060005], [-1.089651, 46.059566], [-1.089585, 46.05945], [-1.089508, 46.059353], [-1.089428, 46.0593], [-1.089318, 46.059258], [-1.088633, 46.059013], [-1.088066, 46.058784], [-1.088066, 46.058784], [-1.087615, 46.05865], [-1.087431, 46.058586], [-1.087242, 46.058548], [-1.08689, 46.058483], [-1.086818, 46.058464], [-1.086768, 46.058426], [-1.086767, 46.05838], [-1.086783, 46.058327], [-1.086818, 46.058273], [-1.08684, 46.05822], [-1.086871, 46.05804], [-1.086934, 46.05773], [-1.086982, 46.05748], [-1.087038, 46.05723], [-1.087068, 46.057106], [-1.087083, 46.056908], [-1.087119, 46.05672], [-1.087153, 46.056522], [-1.087191, 46.056328], [-1.087233, 46.05626], [-1.087233, 46.05626], [-1.087334, 46.055466], [-1.087364, 46.055336], [-1.087391, 46.055225], [-1.087405, 46.05503], [-1.08745, 46.054768], [-1.087501, 46.054504], [-1.087569, 46.054096], [-1.087608, 46.053844], [-1.087635, 46.05368], [-1.087629, 46.05362], [-1.087597, 46.05357], [-1.087535, 46.053543], [-1.087293, 46.05353], [-1.086765, 46.05352], [-1.086667, 46.05351], [-1.086644, 46.053474], [-1.086616, 46.05344], [-1.086383, 46.053375], [-1.086143, 46.053314], [-1.086026, 46.05329], [-1.08552, 46.053276], [-1.084743, 46.053246], [-1.084292, 46.053226], [-1.08387, 46.05321], [-1.08379, 46.05323], [-1.08359, 46.05336], [-1.083486, 46.053402], [-1.083339, 46.053406], [-1.083228, 46.0534], [-1.08313, 46.05338], [-1.082861, 46.05335], [-1.082861, 46.05335], [-1.082829, 46.053394], [-1.082783, 46.05341], [-1.082496, 46.053425], [-1.082187, 46.05343], [-1.081579, 46.05344], [-1.08145, 46.053448], [-1.081178, 46.053493], [-1.081006, 46.053555], [-1.080832, 46.053646], [-1.080112, 46.054146], [-1.079404, 46.054634], [-1.079294, 46.054672], [-1.07734, 46.05609], [-1.07657, 46.05662], [-1.0765, 46.05665], [-1.07646, 46.05663], [-1.07639, 46.05664], [-1.07638, 46.05668], [-1.07638, 46.05671], [-1.07627, 46.05675], [-1.07614, 46.05681], [-1.07577, 46.05705], [-1.07498, 46.05762], [-1.07471, 46.0578], [-1.07435, 46.05806], [-1.07372, 46.05849], [-1.07344, 46.05861], [-1.07322, 46.05866], [-1.0728, 46.05866], [-1.07189, 46.05861], [-1.070713, 46.05852], [-1.070713, 46.05852], [-1.069995, 46.05853], [-1.069526, 46.05851], [-1.069275, 46.058483], [-1.069034, 46.05846], [-1.067816, 46.058258], [-1.066607, 46.058037], [-1.065958, 46.05793], [-1.065333, 46.05785], [-1.064788, 46.05778], [-1.064279, 46.05774], [-1.064048, 46.057724], [-1.063839, 46.057693], [-1.063009, 46.057575], [-1.062173, 46.057453], [-1.061761, 46.057396], [-1.061623, 46.05738], [-1.06152, 46.057384], [-1.061437, 46.0574], [-1.061364, 46.057392], [-1.061315, 46.05736], [-1.061265, 46.05733], [-1.061116, 46.057297], [-1.060275, 46.057175], [-1.059331, 46.057053], [-1.058858, 46.056984], [-1.058503, 46.05694], [-1.058323, 46.05691], [-1.05824, 46.056892], [-1.058179, 46.05687], [-1.058031, 46.05679], [-1.057593, 46.056522], [-1.057457, 46.056454], [-1.05733, 46.056396], [-1.056972, 46.056248], [-1.056848, 46.05618], [-1.05677, 46.0561], [-1.05636, 46.05558], [-1.0561, 46.05525], [-1.055837, 46.054928], [-1.054303, 46.05307], [-1.05279, 46.05121], [-1.052057, 46.05029], [-1.051686, 46.049828], [-1.051322, 46.04937], [-1.05124, 46.049267], [-1.05115, 46.04919], [-1.051038, 46.049076], [-1.050883, 46.048965], [-1.050717, 46.04886], [-1.050512, 46.048725], [-1.050405, 46.048645], [-1.049645, 46.04772], [-1.049386, 46.047363], [-1.049098, 46.047024], [-1.048113, 46.04582], [-1.047768, 46.04539], [-1.047442, 46.044994], [-1.047236, 46.04469], [-1.047236, 46.04469], [-1.046699, 46.044075], [-1.046432, 46.043766], [-1.046285, 46.0436], [-1.046249, 46.043514], [-1.046227, 46.043446], [-1.046223, 46.043396], [-1.046246, 46.04332], [-1.04632, 46.04319], [-1.04661, 46.04271], [-1.046668, 46.04262], [-1.0467, 46.04254], [-1.04671, 46.04248], [-1.046691, 46.042416], [-1.046653, 46.042362], [-1.04659, 46.042316], [-1.046443, 46.042274], [-1.04631, 46.04226], [-1.046183, 46.042244], [-1.046069, 46.04223], [-1.045943, 46.042206], [-1.045798, 46.04219], [-1.045633, 46.042194], [-1.045493, 46.042206], [-1.045215, 46.04222], [-1.044058, 46.04228], [-1.04343, 46.04241], [-1.04331, 46.04245], [-1.04312, 46.04249], [-1.04306, 46.04245], [-1.04302, 46.04243], [-1.04292, 46.04242], [-1.04199, 46.04252], [-1.03981, 46.04271], [-1.03892, 46.04278], [-1.03738, 46.04293], [-1.03636, 46.04302], [-1.03601, 46.0431], [-1.03576, 46.0432], [-1.03561, 46.04328], [-1.03545, 46.04343], [-1.03537, 46.04354], [-1.03513, 46.04386], [-1.03476, 46.04433], [-1.0345, 46.04464], [-1.03433, 46.04479], [-1.0336, 46.04531], [-1.03322, 46.04557], [-1.03292, 46.04584], [-1.03243, 46.04624], [-1.03211, 46.04643], [-1.0318, 46.04656], [-1.03153, 46.04666], [-1.03108, 46.04678], [-1.03044, 46.04692], [-1.02998, 46.04705], [-1.02918, 46.0473], [-1.02834, 46.04759], [-1.02629, 46.04831], [-1.02612, 46.0484], [-1.0259, 46.04858], [-1.02551, 46.04905], [-1.02512, 46.04986], [-1.02496, 46.05001], [-1.02484, 46.05011], [-1.02426, 46.05051], [-1.02387, 46.05087], [-1.0235, 46.05119], [-1.0234, 46.05124], [-1.02299, 46.05141], [-1.02295, 46.0513], [-1.02294, 46.05122], [-1.02297, 46.05104], [-1.02299, 46.05097], [-1.02331, 46.05055], [-1.02363, 46.05011], [-1.02381, 46.04983], [-1.02384, 46.04974], [-1.02383, 46.04968], [-1.02394, 46.04962], [-1.02426, 46.04926], [-1.024519, 46.04904], [-1.024519, 46.04904], [-1.02509, 46.04847], [-1.02527, 46.04836], [-1.02548, 46.04828], [-1.02576, 46.04825], [-1.02607, 46.04824], [-1.02638, 46.04827], [-1.0266, 46.0482], [-1.02831, 46.0476], [-1.02908, 46.04734], [-1.02987, 46.04708], [-1.03034, 46.04694], [-1.03133, 46.04671], [-1.03178, 46.04657], [-1.03202, 46.04647], [-1.03227, 46.04635], [-1.0326, 46.04612], [-1.03322, 46.04557], [-1.03367, 46.04526], [-1.03441, 46.04472], [-1.03456, 46.04458], [-1.03481, 46.04427], [-1.03524, 46.04371], [-1.03538, 46.04352], [-1.03553, 46.04334], [-1.03575, 46.0432], [-1.03588, 46.04314], [-1.03616, 46.04306], [-1.03664, 46.043], [-1.0377, 46.0429], [-1.03931, 46.04274], [-1.03949, 46.04274], [-1.03969, 46.04248], [-1.0402, 46.04189], [-1.04033, 46.04173], [-1.04058, 46.04151], [-1.04073, 46.04137], [-1.04098, 46.04114], [-1.04141, 46.04077], [-1.04176, 46.04042], [-1.04234, 46.03984], [-1.04262, 46.03957], [-1.04351, 46.03866], [-1.04421, 46.038], [-1.0443, 46.03791], [-1.04515, 46.03718], [-1.04542, 46.0369], [-1.04565, 46.0366], [-1.04596, 46.036], [-1.0462, 46.0354], [-1.04692, 46.03368], [-1.0475, 46.03227], [-1.04783, 46.03145], [-1.048, 46.03088], [-1.04812, 46.03046], [-1.04815, 46.03019], [-1.04819, 46.02981], [-1.04819, 46.02902], [-1.04811, 46.02829], [-1.04773, 46.02698], [-1.04678, 46.02398], [-1.04619, 46.02209], [-1.04601, 46.02153], [-1.0459, 46.02135], [-1.04561, 46.02096], [-1.04554, 46.02078], [-1.04554, 46.02072], [-1.04569, 46.02073], [-1.04586, 46.02074], [-1.04617, 46.0207], [-1.04632, 46.02066], [-1.04647, 46.02054], [-1.04652, 46.02043], [-1.04653, 46.02035], [-1.04662, 46.02035], [-1.04698, 46.02036], [-1.04732, 46.02037], [-1.04765, 46.02038], [-1.04776, 46.02037], [-1.04776, 46.02032], [-1.04782, 46.02004], [-1.04781, 46.01974], [-1.04761, 46.01893], [-1.04764, 46.01857], [-1.04773, 46.01835], [-1.04785, 46.01818], [-1.04815, 46.01782], [-1.048343, 46.017635]]}}, {"type": "Feature", "properties": {"route_short_name": "339", "route_long_name": "Lyc\u00e9e Valin <> Dompierre Chagnolet", "shape_id": "CA_LA_ROCHELLE:JourneyPattern:339_8234990D941909568194725608C2BDBC", "n_points": 299, "n_shape_variants_in_source": 2}, "geometry": {"type": "LineString", "coordinates": [[-1.092566, 46.176384], [-1.09272, 46.17613], [-1.093061, 46.175823], [-1.093129, 46.175777], [-1.093131, 46.17573], [-1.09297, 46.175606], [-1.092779, 46.175488], [-1.092665, 46.17542], [-1.092571, 46.175343], [-1.092518, 46.175293], [-1.092481, 46.175247], [-1.092304, 46.174652], [-1.092275, 46.174557], [-1.092344, 46.17441], [-1.092344, 46.17441], [-1.092297, 46.174248], [-1.09229, 46.174183], [-1.092304, 46.174126], [-1.092329, 46.17401], [-1.092295, 46.173576], [-1.09227, 46.173355], [-1.092237, 46.173138], [-1.092147, 46.172817], [-1.092151, 46.17271], [-1.092187, 46.172615], [-1.092223, 46.172565], [-1.09231, 46.17241], [-1.092526, 46.172085], [-1.092551, 46.172024], [-1.092528, 46.17197], [-1.092389, 46.171867], [-1.092191, 46.171764], [-1.09214, 46.17171], [-1.09214, 46.17167], [-1.092188, 46.171627], [-1.092251, 46.1716], [-1.09232, 46.1716], [-1.09325, 46.17136], [-1.09373, 46.17128], [-1.09394, 46.171272], [-1.094483, 46.17129], [-1.094547, 46.171326], [-1.094547, 46.171326], [-1.09487, 46.17136], [-1.09496, 46.17139], [-1.0955, 46.17146], [-1.095789, 46.171455], [-1.09694, 46.17138], [-1.09734, 46.17134], [-1.09812, 46.17128], [-1.09856, 46.17127], [-1.09945, 46.171288], [-1.099855, 46.171288], [-1.100252, 46.17128], [-1.101067, 46.171207], [-1.102539, 46.17109], [-1.102767, 46.171062], [-1.10299, 46.17102], [-1.10329, 46.17094], [-1.103654, 46.17081], [-1.10399, 46.17068], [-1.104128, 46.170628], [-1.10428, 46.17059], [-1.104661, 46.170544], [-1.105104, 46.170452], [-1.105489, 46.170364], [-1.105795, 46.170273], [-1.105973, 46.170242], [-1.10614, 46.17026], [-1.106249, 46.170246], [-1.10629, 46.1702], [-1.106294, 46.17016], [-1.106284, 46.170128], [-1.1063, 46.17009], [-1.106372, 46.170025], [-1.10724, 46.169643], [-1.107431, 46.16957], [-1.107606, 46.169487], [-1.108112, 46.169186], [-1.108621, 46.16888], [-1.108783, 46.168842], [-1.109098, 46.168682], [-1.109603, 46.168472], [-1.109866, 46.168358], [-1.110122, 46.16824], [-1.11046, 46.168053], [-1.110751, 46.16788], [-1.110935, 46.16777], [-1.110979, 46.167744], [-1.111015, 46.167736], [-1.111068, 46.16772], [-1.111134, 46.1677], [-1.111201, 46.16767], [-1.1113, 46.16763], [-1.111405, 46.16762], [-1.11151, 46.16763], [-1.112763, 46.167885], [-1.112763, 46.167885], [-1.1144, 46.16816], [-1.114686, 46.168217], [-1.114827, 46.168217], [-1.114924, 46.168224], [-1.11504, 46.16827], [-1.115073, 46.16831], [-1.115135, 46.16833], [-1.115214, 46.168335], [-1.115301, 46.16831], [-1.115354, 46.16826], [-1.115365, 46.1682], [-1.115402, 46.16814], [-1.11547, 46.16808], [-1.115538, 46.168026], [-1.115591, 46.167953], [-1.115725, 46.167828], [-1.115725, 46.167828], [-1.115794, 46.167656], [-1.116025, 46.167366], [-1.116209, 46.167126], [-1.116523, 46.166843], [-1.116925, 46.16652], [-1.117448, 46.166126], [-1.117878, 46.165855], [-1.118227, 46.165672], [-1.118434, 46.165596], [-1.119035, 46.16545], [-1.1193, 46.165462], [-1.11974, 46.16532], [-1.12014, 46.165203], [-1.12034, 46.16515], [-1.120537, 46.1651], [-1.1207, 46.16507], [-1.121256, 46.164967], [-1.121566, 46.16491], [-1.12179, 46.16489], [-1.12282, 46.16476], [-1.123238, 46.164684], [-1.123646, 46.164593], [-1.124677, 46.164375], [-1.124677, 46.164375], [-1.12486, 46.16431], [-1.12513, 46.16427], [-1.12535, 46.1643], [-1.12546, 46.16434], [-1.1255, 46.16436], [-1.12551, 46.16441], [-1.12556, 46.16447], [-1.12563, 46.16451], [-1.12573, 46.16454], [-1.12585, 46.16454], [-1.12597, 46.1645], [-1.12603, 46.16446], [-1.12609, 46.16437], [-1.1261, 46.16433], [-1.12606, 46.16422], [-1.12601, 46.16418], [-1.12585, 46.16413], [-1.12573, 46.16414], [-1.12555, 46.16382], [-1.12549, 46.16374], [-1.12542, 46.1637], [-1.12513, 46.16364], [-1.12469, 46.16355], [-1.12461, 46.16351], [-1.12449, 46.16336], [-1.12407, 46.16258], [-1.12375, 46.16198], [-1.1237, 46.16191], [-1.12373, 46.1619], [-1.12378, 46.16188], [-1.12381, 46.16181], [-1.12377, 46.16174], [-1.12366, 46.16171], [-1.12361, 46.16172], [-1.12356, 46.16161], [-1.12349, 46.16147], [-1.12311, 46.16083], [-1.12281, 46.16037], [-1.12265, 46.1602], [-1.12254, 46.15994], [-1.12198, 46.15899], [-1.12143, 46.15804], [-1.12129, 46.15776], [-1.12121, 46.1576], [-1.12106, 46.1574], [-1.12105, 46.15732], [-1.12094, 46.15728], [-1.12085, 46.15728], [-1.12074, 46.15726], [-1.12039, 46.15716], [-1.11903, 46.1568], [-1.11881, 46.15669], [-1.11869, 46.15661], [-1.11862, 46.15653], [-1.11858, 46.15645], [-1.11858, 46.15637], [-1.11862, 46.15633], [-1.118743, 46.156277], [-1.118875, 46.156296], [-1.119143, 46.156403], [-1.11971, 46.15657], [-1.12022, 46.15668], [-1.12115, 46.15679], [-1.12242, 46.15688], [-1.12322, 46.15688], [-1.12377, 46.15686], [-1.12462, 46.15678], [-1.12657, 46.15661], [-1.12909, 46.15638], [-1.13222, 46.15613], [-1.13282, 46.15607], [-1.133205, 46.156033], [-1.133825, 46.155937], [-1.134197, 46.155846], [-1.13457, 46.155727], [-1.134941, 46.15558], [-1.13536, 46.15536], [-1.135471, 46.155293], [-1.135561, 46.155235], [-1.135963, 46.154915], [-1.136157, 46.154716], [-1.136405, 46.154495], [-1.136405, 46.154495], [-1.13642, 46.15432], [-1.1366, 46.15398], [-1.137, 46.15289], [-1.13715, 46.1525], [-1.13732, 46.15211], [-1.13742, 46.15196], [-1.13747, 46.15191], [-1.13759, 46.15183], [-1.13779, 46.15177], [-1.13796, 46.15175], [-1.13817, 46.15176], [-1.13845, 46.15181], [-1.13865, 46.15185], [-1.13869, 46.15191], [-1.1389, 46.15202], [-1.13915, 46.15216], [-1.1392, 46.15223], [-1.13928, 46.15228], [-1.13936, 46.15241], [-1.13937, 46.15248], [-1.13935, 46.15258], [-1.1393, 46.1528], [-1.13927, 46.15308], [-1.13928, 46.15323], [-1.13928, 46.15336], [-1.13928, 46.15372], [-1.13927, 46.1539], [-1.13928, 46.1542], [-1.13933, 46.15444], [-1.13941, 46.15463], [-1.13949, 46.15478], [-1.13978, 46.15512], [-1.14019, 46.15543], [-1.1405, 46.1556], [-1.14083, 46.15578], [-1.14144, 46.15612], [-1.14274, 46.15682], [-1.14323, 46.15707], [-1.14336, 46.15717], [-1.14404, 46.15754], [-1.1446, 46.15785], [-1.14567, 46.15852], [-1.14627, 46.15881], [-1.14644, 46.15887], [-1.14671, 46.15891], [-1.14769, 46.159], [-1.14745, 46.1596], [-1.14732, 46.15998], [-1.1469, 46.16113], [-1.14669, 46.16175], [-1.1463, 46.16284], [-1.146203, 46.16295], [-1.14577, 46.16314], [-1.146091, 46.163387], [-1.146476, 46.16361], [-1.147677, 46.16406], [-1.14836, 46.16419], [-1.14889, 46.16426], [-1.14958, 46.16439], [-1.150219, 46.164528], [-1.15104, 46.16462], [-1.15158, 46.16468], [-1.152377, 46.162773], [-1.152716, 46.16206], [-1.154672, 46.162373], [-1.154931, 46.162468], [-1.15484, 46.163063], [-1.154855, 46.163128], [-1.15494, 46.163155], [-1.15519, 46.16304], [-1.15513, 46.16284], [-1.15514, 46.16274], [-1.15523, 46.16248], [-1.15513, 46.16233], [-1.15487, 46.16219], [-1.15463, 46.16211], [-1.153652, 46.161934]]}}, {"type": "Feature", "properties": {"route_short_name": "341", "route_long_name": "Ly Vieljeux / Pl Verdun <> Esnandes via Lagord-Nieul-Marsilly", "shape_id": "CA_LA_ROCHELLE:JourneyPattern:341_0D3D6D67B9FF6D9AC9E613F9F630C3F6", "n_points": 507, "n_shape_variants_in_source": 3}, "geometry": {"type": "LineString", "coordinates": [[-1.154647, 46.162285], [-1.154473, 46.16233], [-1.153396, 46.162163], [-1.152749, 46.162064], [-1.152667, 46.16211], [-1.152599, 46.162186], [-1.15237, 46.16275], [-1.15223, 46.16309], [-1.152, 46.16364], [-1.15178, 46.16423], [-1.15158, 46.16468], [-1.151488, 46.16491], [-1.151488, 46.16491], [-1.15138, 46.165268], [-1.15124, 46.165623], [-1.151098, 46.165974], [-1.15095, 46.16632], [-1.15089, 46.16646], [-1.150702, 46.1667], [-1.150702, 46.1667], [-1.15054, 46.16708], [-1.15041, 46.16739], [-1.1502, 46.16786], [-1.15002, 46.1683], [-1.14988, 46.16856], [-1.14985, 46.16867], [-1.14981, 46.16878], [-1.14977, 46.16887], [-1.14971, 46.16892], [-1.14969, 46.16897], [-1.14969, 46.169], [-1.14971, 46.16905], [-1.14977, 46.1691], [-1.14986, 46.16912], [-1.15003, 46.16913], [-1.15064, 46.1693], [-1.15084, 46.16939], [-1.15108, 46.16954], [-1.15123, 46.16964], [-1.15123, 46.16968], [-1.15127, 46.16978], [-1.15121, 46.1699], [-1.15092, 46.17019], [-1.15071, 46.17041], [-1.15057, 46.17058], [-1.15042, 46.17084], [-1.15037, 46.17098], [-1.15034, 46.17116], [-1.15033, 46.1715], [-1.15033, 46.17232], [-1.15033, 46.17338], [-1.150302, 46.173733], [-1.150302, 46.173733], [-1.150329, 46.17424], [-1.15035, 46.17471], [-1.150409, 46.17506], [-1.150494, 46.175392], [-1.15061, 46.175724], [-1.150764, 46.176117], [-1.15099, 46.17658], [-1.151091, 46.176826], [-1.151192, 46.176968], [-1.151293, 46.17711], [-1.151375, 46.177258], [-1.151375, 46.177258], [-1.1516, 46.17741], [-1.15212, 46.17806], [-1.15219, 46.17815], [-1.1522, 46.17821], [-1.15226, 46.1783], [-1.15234, 46.17836], [-1.15242, 46.17841], [-1.15245, 46.1785], [-1.15246, 46.17908], [-1.15244, 46.17917], [-1.15241, 46.17924], [-1.15237, 46.1793], [-1.15221, 46.17945], [-1.15217, 46.17958], [-1.15214, 46.17971], [-1.15212, 46.17998], [-1.15214, 46.18012], [-1.1522, 46.18023], [-1.15229, 46.18031], [-1.1524, 46.18037], [-1.15257, 46.18043], [-1.15282, 46.18045], [-1.15299, 46.18043], [-1.15307, 46.1804], [-1.15322, 46.18033], [-1.15333, 46.18024], [-1.15352, 46.17993], [-1.15367, 46.17983], [-1.15528, 46.17932], [-1.15546, 46.17926], [-1.15566, 46.17924], [-1.15581, 46.17925], [-1.15596, 46.17932], [-1.15601, 46.17936], [-1.15605, 46.17931], [-1.15621, 46.17919], [-1.15641, 46.17909], [-1.15665, 46.17902], [-1.15693, 46.179], [-1.15698, 46.17905], [-1.15713, 46.1791], [-1.1576, 46.17919], [-1.157636, 46.17922], [-1.15785, 46.17923], [-1.15795, 46.17922], [-1.15802, 46.17919], [-1.15827, 46.17925], [-1.15864, 46.17929], [-1.15904, 46.17929], [-1.15923, 46.17929], [-1.15906, 46.17996], [-1.15905, 46.18001], [-1.15899, 46.18027], [-1.158819, 46.180706], [-1.15881, 46.18149], [-1.15878, 46.18236], [-1.15877, 46.18287], [-1.15875, 46.18346], [-1.15874, 46.18388], [-1.158672, 46.184242], [-1.158672, 46.184242], [-1.158725, 46.184517], [-1.158737, 46.184784], [-1.158776, 46.185345], [-1.1588, 46.185623], [-1.158825, 46.1859], [-1.15885, 46.18617], [-1.158861, 46.186356], [-1.158882, 46.18662], [-1.158885, 46.186752], [-1.15888, 46.186886], [-1.158822, 46.187206], [-1.158858, 46.187313], [-1.158867, 46.18741], [-1.158874, 46.187443], [-1.158857, 46.18747], [-1.15883, 46.18751], [-1.15883, 46.18756], [-1.158828, 46.187595], [-1.158808, 46.187622], [-1.158733, 46.18774], [-1.15859, 46.18808], [-1.158521, 46.188244], [-1.158462, 46.188404], [-1.158433, 46.18851], [-1.158417, 46.18861], [-1.158386, 46.188816], [-1.158352, 46.189056], [-1.158332, 46.189167], [-1.158299, 46.189274], [-1.15826, 46.1894], [-1.158215, 46.189487], [-1.158133, 46.189613], [-1.157863, 46.189964], [-1.157592, 46.190315], [-1.157369, 46.1905], [-1.157369, 46.1905], [-1.157258, 46.190742], [-1.157103, 46.190956], [-1.15694, 46.191193], [-1.156852, 46.191315], [-1.15677, 46.191444], [-1.156727, 46.191544], [-1.156681, 46.191635], [-1.156535, 46.191998], [-1.156396, 46.192356], [-1.15627, 46.192703], [-1.156213, 46.19288], [-1.156173, 46.193054], [-1.15615, 46.193195], [-1.156146, 46.193287], [-1.156161, 46.19337], [-1.156182, 46.19349], [-1.156205, 46.193714], [-1.15629, 46.19378], [-1.15627, 46.19392], [-1.15625, 46.19393], [-1.15621, 46.19396], [-1.15619, 46.194], [-1.15621, 46.19406], [-1.15626, 46.19409], [-1.15632, 46.19413], [-1.15639, 46.19424], [-1.15647, 46.19439], [-1.15679, 46.19521], [-1.1571, 46.196], [-1.15712, 46.19608], [-1.1571, 46.19615], [-1.15701, 46.19624], [-1.15716, 46.19639], [-1.15733, 46.19661], [-1.15747, 46.19684], [-1.15774, 46.19743], [-1.15791, 46.19771], [-1.15807, 46.19788], [-1.15833, 46.19815], [-1.15883, 46.19866], [-1.159925, 46.19982], [-1.159925, 46.19982], [-1.16013, 46.20002], [-1.1602, 46.20014], [-1.16019, 46.20022], [-1.16025, 46.20029], [-1.1604, 46.20032], [-1.16047, 46.20029], [-1.16051, 46.20026], [-1.1607, 46.20022], [-1.16086, 46.20021], [-1.16101, 46.20024], [-1.16184, 46.20041], [-1.16214, 46.20044], [-1.16337, 46.20051], [-1.16558, 46.20064], [-1.166966, 46.200745], [-1.166966, 46.200745], [-1.16904, 46.20083], [-1.17129, 46.20095], [-1.171952, 46.20101], [-1.171952, 46.20101], [-1.17238, 46.20102], [-1.1728, 46.2011], [-1.17472, 46.20164], [-1.17534, 46.20181], [-1.17543, 46.20189], [-1.17545, 46.20194], [-1.17545, 46.20198], [-1.17523, 46.20213], [-1.17505, 46.2022], [-1.174822, 46.20227], [-1.17452, 46.20255], [-1.173943, 46.202995], [-1.17334, 46.20348], [-1.17296, 46.20368], [-1.172643, 46.203793], [-1.172463, 46.2039], [-1.172339, 46.203995], [-1.17224, 46.2041], [-1.172145, 46.20424], [-1.172086, 46.20437], [-1.17206, 46.2045], [-1.17198, 46.204586], [-1.171918, 46.20505], [-1.171887, 46.205173], [-1.171858, 46.205215], [-1.171821, 46.205235], [-1.1718, 46.20527], [-1.1718, 46.2053], [-1.17184, 46.20534], [-1.171849, 46.20536], [-1.17185, 46.20539], [-1.171628, 46.20619], [-1.171521, 46.2066], [-1.17148, 46.20679], [-1.17137, 46.206947], [-1.171244, 46.207188], [-1.171175, 46.20758], [-1.171133, 46.2077], [-1.171055, 46.2078], [-1.170908, 46.207966], [-1.170815, 46.208054], [-1.170697, 46.208225], [-1.170621, 46.208466], [-1.170561, 46.20871], [-1.170495, 46.209015], [-1.170471, 46.20912], [-1.170452, 46.209156], [-1.170409, 46.20917], [-1.170067, 46.209164], [-1.169291, 46.209152], [-1.168644, 46.209156], [-1.168259, 46.209175], [-1.167877, 46.209206], [-1.167503, 46.20923], [-1.167143, 46.20926], [-1.166137, 46.2092], [-1.16547, 46.209156], [-1.165214, 46.209133], [-1.165125, 46.20914], [-1.16509, 46.209175], [-1.165022, 46.209187], [-1.164953, 46.209198], [-1.16479, 46.209217], [-1.163822, 46.209305], [-1.163822, 46.209305], [-1.16231, 46.20951], [-1.16178, 46.20957], [-1.16142, 46.20954], [-1.16133, 46.20952], [-1.16134, 46.2095], [-1.16131, 46.20946], [-1.16125, 46.20945], [-1.16119, 46.20947], [-1.16117, 46.20951], [-1.16118, 46.20953], [-1.16049, 46.20972], [-1.16006, 46.21145], [-1.159963, 46.21165], [-1.159963, 46.21165], [-1.15985, 46.21228], [-1.15974, 46.21248], [-1.1596, 46.21263], [-1.15953, 46.21268], [-1.15931, 46.21277], [-1.15873, 46.2129], [-1.1585, 46.21299], [-1.15834, 46.21307], [-1.15777, 46.21343], [-1.15737, 46.21375], [-1.15726, 46.21387], [-1.15713, 46.21406], [-1.157, 46.2144], [-1.15693, 46.21453], [-1.15683, 46.21463], [-1.15656, 46.21482], [-1.1562, 46.21501], [-1.15599, 46.21516], [-1.1558, 46.21543], [-1.15518, 46.21634], [-1.155, 46.21654], [-1.15488, 46.21662], [-1.15476, 46.21669], [-1.15438, 46.21676], [-1.15401, 46.2168], [-1.15375, 46.21689], [-1.15361, 46.217], [-1.1535, 46.21714], [-1.15326, 46.21761], [-1.15314, 46.21782], [-1.15306, 46.21792], [-1.1528, 46.21811], [-1.15246, 46.21822], [-1.15188, 46.21846], [-1.15098, 46.2189], [-1.15052, 46.21915], [-1.15028, 46.21934], [-1.14999, 46.21966], [-1.14965, 46.22004], [-1.149275, 46.220455], [-1.14895, 46.22089], [-1.14858, 46.22122], [-1.14802, 46.22159], [-1.1478, 46.22172], [-1.14698, 46.22216], [-1.14669, 46.22235], [-1.14636, 46.22262], [-1.14595, 46.22299], [-1.14563, 46.22325], [-1.14517, 46.22358], [-1.1446, 46.22394], [-1.14428, 46.22409], [-1.14404, 46.22416], [-1.14385, 46.22418], [-1.14345, 46.22418], [-1.14319, 46.22416], [-1.14167, 46.22405], [-1.14095, 46.22403], [-1.1406, 46.22402], [-1.14017, 46.22403], [-1.13991, 46.2241], [-1.13981, 46.22423], [-1.13977, 46.22459], [-1.13972, 46.2251], [-1.13968, 46.22585], [-1.13966, 46.22621], [-1.13962, 46.22646], [-1.139555, 46.2266], [-1.13957, 46.22683], [-1.13949, 46.22709], [-1.139283, 46.22751], [-1.139083, 46.227932], [-1.138733, 46.228725], [-1.138554, 46.229122], [-1.138399, 46.229523], [-1.138312, 46.22979], [-1.138197, 46.230053], [-1.138215, 46.230152], [-1.138197, 46.230335], [-1.138223, 46.23043], [-1.138266, 46.23051], [-1.13827, 46.23058], [-1.138188, 46.23073], [-1.13801, 46.23095], [-1.137941, 46.230995], [-1.13787, 46.23103], [-1.13771, 46.23107], [-1.13757, 46.23107], [-1.137421, 46.230988], [-1.137123, 46.230797], [-1.136598, 46.23039], [-1.136469, 46.23031], [-1.136329, 46.23024], [-1.136151, 46.23017], [-1.135968, 46.230118], [-1.135007, 46.22989], [-1.134631, 46.22983], [-1.134258, 46.22975], [-1.134258, 46.22975], [-1.13303, 46.22972], [-1.13243, 46.22966], [-1.132286, 46.229645], [-1.13203, 46.22961], [-1.131202, 46.22969], [-1.13113, 46.2297], [-1.131076, 46.229744], [-1.13106, 46.229813], [-1.131025, 46.22991], [-1.130979, 46.23001], [-1.130883, 46.23021], [-1.13071, 46.23055], [-1.130569, 46.230873], [-1.130455, 46.231197], [-1.130388, 46.231285], [-1.1303, 46.23136], [-1.13019, 46.23145], [-1.13006, 46.23163], [-1.129953, 46.23181], [-1.129903, 46.231956], [-1.129865, 46.23208], [-1.129849, 46.232166], [-1.129863, 46.2324], [-1.129862, 46.232597], [-1.129874, 46.232822], [-1.12986, 46.232925], [-1.129797, 46.23302], [-1.129797, 46.23302], [-1.12981, 46.23323], [-1.12961, 46.23357], [-1.12949, 46.23375], [-1.12936, 46.2339], [-1.12916, 46.23404], [-1.129, 46.23412], [-1.12866, 46.23421], [-1.12802, 46.23431], [-1.12758, 46.2344], [-1.12724, 46.23454], [-1.127, 46.23469], [-1.12587, 46.2355], [-1.12579, 46.23556], [-1.12567, 46.23558], [-1.12544, 46.23558], [-1.12534, 46.23557], [-1.12527, 46.23556], [-1.12527, 46.23561], [-1.12524, 46.23587], [-1.12508, 46.23644], [-1.12481, 46.23707], [-1.12417, 46.23847], [-1.12402, 46.23881], [-1.12368, 46.2395], [-1.12356, 46.23964], [-1.12337, 46.239807], [-1.123253, 46.239853], [-1.123173, 46.23987], [-1.12308, 46.23983], [-1.1231, 46.23994], [-1.12308, 46.239998], [-1.123063, 46.24008], [-1.12269, 46.24061], [-1.12246, 46.24094], [-1.12222, 46.24139], [-1.1218, 46.24224], [-1.12149, 46.24279], [-1.12128, 46.24306], [-1.12095, 46.24345], [-1.12055, 46.24392], [-1.12004, 46.24449], [-1.11976, 46.24493], [-1.1191, 46.24599], [-1.11879, 46.24631], [-1.11878, 46.24631], [-1.11876, 46.24631], [-1.11872, 46.24631], [-1.11868, 46.24632], [-1.11865, 46.24638], [-1.11866, 46.24639], [-1.1186, 46.2465], [-1.11858, 46.24658], [-1.11843, 46.24677], [-1.11818, 46.24704], [-1.118044, 46.247066], [-1.117876, 46.247307], [-1.117757, 46.24744], [-1.117666, 46.247555], [-1.117557, 46.2477], [-1.117434, 46.24789], [-1.117177, 46.248337], [-1.11707, 46.248486], [-1.11697, 46.248577], [-1.116857, 46.248688], [-1.116615, 46.248898], [-1.116259, 46.2492], [-1.116125, 46.24931], [-1.116067, 46.249393], [-1.115927, 46.249634], [-1.115786, 46.25023], [-1.11572, 46.25041], [-1.115678, 46.2505], [-1.115625, 46.25059], [-1.11532, 46.25104], [-1.11514, 46.251274], [-1.114926, 46.251503], [-1.114513, 46.251945]]}}, {"type": "Feature", "properties": {"route_short_name": "342", "route_long_name": "Lyc\u00e9e Vieljeux <> Nieul-sur-Mer", "shape_id": "CA_LA_ROCHELLE:JourneyPattern:342_1918E41F844297294FA20274CB6D2F98", "n_points": 273, "n_shape_variants_in_source": 1}, "geometry": {"type": "LineString", "coordinates": [[-1.184938, 46.209476], [-1.185281, 46.209393], [-1.186513, 46.20878], [-1.186589, 46.20877], [-1.186657, 46.20877], [-1.18672, 46.20875], [-1.18675, 46.20869], [-1.18672, 46.20863], [-1.186636, 46.208588], [-1.186587, 46.208557], [-1.186507, 46.208504], [-1.186302, 46.208267], [-1.18542, 46.207443], [-1.184873, 46.206898], [-1.18466, 46.20667], [-1.18448, 46.20643], [-1.184356, 46.206257], [-1.18433, 46.206207], [-1.184327, 46.20616], [-1.18431, 46.20608], [-1.18422, 46.20603], [-1.18369, 46.20589], [-1.183293, 46.20578], [-1.182222, 46.205475], [-1.18202, 46.205387], [-1.180497, 46.2045], [-1.178486, 46.203415], [-1.177486, 46.202858], [-1.176516, 46.202324], [-1.176407, 46.202267], [-1.176313, 46.202232], [-1.176163, 46.202206], [-1.175979, 46.20217], [-1.175891, 46.202137], [-1.175861, 46.202106], [-1.175846, 46.202072], [-1.175821, 46.20203], [-1.175822, 46.201992], [-1.175824, 46.201942], [-1.175809, 46.201897], [-1.175771, 46.201855], [-1.1757, 46.201824], [-1.175596, 46.20182], [-1.17551, 46.201855], [-1.175457, 46.201912], [-1.175443, 46.201973], [-1.17541, 46.20201], [-1.17532, 46.20208], [-1.175046, 46.202194], [-1.174822, 46.20227], [-1.17452, 46.20255], [-1.173943, 46.202995], [-1.17334, 46.20348], [-1.17296, 46.20368], [-1.172643, 46.203793], [-1.172463, 46.2039], [-1.172339, 46.203995], [-1.17224, 46.2041], [-1.172145, 46.20424], [-1.172086, 46.20437], [-1.17206, 46.2045], [-1.17198, 46.204586], [-1.171918, 46.20505], [-1.171887, 46.205173], [-1.171858, 46.205215], [-1.171821, 46.205235], [-1.1718, 46.20527], [-1.1718, 46.2053], [-1.17184, 46.20534], [-1.171849, 46.20536], [-1.17185, 46.20539], [-1.171628, 46.20619], [-1.171521, 46.2066], [-1.17148, 46.20679], [-1.17137, 46.206947], [-1.171244, 46.207188], [-1.171175, 46.20758], [-1.171133, 46.2077], [-1.171055, 46.2078], [-1.170908, 46.207966], [-1.170815, 46.208054], [-1.170697, 46.208225], [-1.170621, 46.208466], [-1.170561, 46.20871], [-1.170495, 46.209015], [-1.170471, 46.20912], [-1.170452, 46.209156], [-1.170409, 46.20917], [-1.170067, 46.209164], [-1.169291, 46.209152], [-1.168644, 46.209156], [-1.168259, 46.209175], [-1.167877, 46.209206], [-1.167503, 46.20923], [-1.167143, 46.20926], [-1.166137, 46.2092], [-1.16547, 46.209156], [-1.165214, 46.209133], [-1.165125, 46.20914], [-1.16509, 46.209175], [-1.165022, 46.209187], [-1.164953, 46.209198], [-1.16479, 46.209217], [-1.163822, 46.209305], [-1.163822, 46.209305], [-1.16178, 46.20957], [-1.16157, 46.209557], [-1.161428, 46.20953], [-1.161358, 46.209503], [-1.161338, 46.20946], [-1.161291, 46.20943], [-1.161227, 46.20943], [-1.161181, 46.20945], [-1.16117, 46.20948], [-1.161126, 46.20952], [-1.16083, 46.20961], [-1.160532, 46.209694], [-1.160284, 46.20973], [-1.16008, 46.209743], [-1.159443, 46.209812], [-1.158847, 46.20984], [-1.15851, 46.20984], [-1.158189, 46.209846], [-1.158104, 46.209835], [-1.158043, 46.20982], [-1.158, 46.2098], [-1.15797, 46.20977], [-1.157972, 46.209736], [-1.158014, 46.20969], [-1.158039, 46.209625], [-1.158087, 46.209503], [-1.158115, 46.20938], [-1.158291, 46.20883], [-1.158291, 46.20883], [-1.15826, 46.208744], [-1.158301, 46.208485], [-1.15832, 46.20822], [-1.158332, 46.20742], [-1.158339, 46.207024], [-1.158349, 46.206623], [-1.15836, 46.2062], [-1.15838, 46.20614], [-1.158452, 46.206104], [-1.15872, 46.2061], [-1.158977, 46.206116], [-1.159233, 46.20615], [-1.159484, 46.206203], [-1.160303, 46.206375], [-1.160375, 46.20636], [-1.160396, 46.2063], [-1.16037, 46.206215], [-1.160408, 46.20602], [-1.160408, 46.20602], [-1.160441, 46.205006], [-1.160469, 46.204494], [-1.160503, 46.20399], [-1.160543, 46.203476], [-1.160583, 46.20258], [-1.160622, 46.202057], [-1.16064, 46.201653], [-1.160651, 46.20126], [-1.160675, 46.200966], [-1.160682, 46.200806], [-1.160668, 46.20066], [-1.160638, 46.200558], [-1.160572, 46.200462], [-1.16048, 46.20035], [-1.160487, 46.200306], [-1.160517, 46.200275], [-1.16055, 46.200233], [-1.160551, 46.200172], [-1.160516, 46.20012], [-1.160444, 46.200085], [-1.160346, 46.200054], [-1.16025, 46.20002], [-1.16013, 46.199947], [-1.160034, 46.199852], [-1.159888, 46.19962], [-1.159888, 46.19962], [-1.158965, 46.198753], [-1.15853, 46.19831], [-1.158305, 46.19809], [-1.158086, 46.19787], [-1.15799, 46.19777], [-1.157922, 46.197685], [-1.157765, 46.197426], [-1.15747, 46.19684], [-1.157346, 46.1966], [-1.157171, 46.19638], [-1.156961, 46.19619], [-1.156787, 46.196068], [-1.156595, 46.195953], [-1.156407, 46.195858], [-1.15621, 46.19577], [-1.1552, 46.1954], [-1.154187, 46.19503], [-1.153565, 46.19481], [-1.152758, 46.194496], [-1.15163, 46.1941], [-1.151455, 46.19404], [-1.150332, 46.193634], [-1.149224, 46.19322], [-1.148999, 46.19311], [-1.148781, 46.192997], [-1.14848, 46.192802], [-1.148154, 46.19255], [-1.147942, 46.192326], [-1.147751, 46.192085], [-1.147634, 46.191933], [-1.147568, 46.19182], [-1.147557, 46.191784], [-1.147562, 46.191746], [-1.147558, 46.191704], [-1.147534, 46.191654], [-1.147476, 46.191628], [-1.147419, 46.191605], [-1.147263, 46.19139], [-1.147263, 46.19139], [-1.14713, 46.19122], [-1.14707, 46.19108], [-1.14707, 46.19097], [-1.14712, 46.19089], [-1.14716, 46.19087], [-1.14729, 46.19077], [-1.14738, 46.19063], [-1.14738, 46.19051], [-1.14734, 46.19041], [-1.14732, 46.1903], [-1.14734, 46.1902], [-1.14743, 46.19007], [-1.148, 46.18944], [-1.15014, 46.18711], [-1.15105, 46.18616], [-1.15165, 46.18549], [-1.1518, 46.1853], [-1.15206, 46.18486], [-1.15216, 46.18461], [-1.15232, 46.18391], [-1.15246, 46.18314], [-1.15265, 46.18217], [-1.15281, 46.18113], [-1.1529, 46.1806], [-1.15301, 46.18042], [-1.15314, 46.18037], [-1.15328, 46.18028], [-1.15337, 46.18018], [-1.1534, 46.1801], [-1.15341, 46.18002], [-1.1534, 46.17987], [-1.15329, 46.17955], [-1.15325, 46.17944], [-1.15326, 46.17939], [-1.15318, 46.1793], [-1.15309, 46.17924], [-1.15293, 46.17918], [-1.15283, 46.17917], [-1.15266, 46.17906], [-1.15259, 46.17895], [-1.15258, 46.17879], [-1.15259, 46.17863], [-1.15262, 46.1784], [-1.15271, 46.17836], [-1.15279, 46.1783], [-1.15284, 46.17822], [-1.15284, 46.17815], [-1.1528, 46.17808], [-1.15271, 46.17794], [-1.15271, 46.17775], [-1.15268, 46.17765], [-1.1526, 46.17752], [-1.15225, 46.17713], [-1.15206, 46.177], [-1.151811, 46.176826]]}}, {"type": "Feature", "properties": {"route_short_name": "343", "route_long_name": "Ly Vieljeux / Pl Verdun <> Nieul-sur-Mer via Lagord", "shape_id": "CA_LA_ROCHELLE:JourneyPattern:343_43765F52EB772768BDECEA7DD850A982", "n_points": 151, "n_shape_variants_in_source": 1}, "geometry": {"type": "LineString", "coordinates": [[-1.1749, 46.20166], [-1.17366, 46.20134], [-1.17257, 46.20105], [-1.17223, 46.20101], [-1.171936, 46.20094], [-1.17051, 46.20091], [-1.1675, 46.20077], [-1.167016, 46.20068], [-1.167016, 46.20068], [-1.16337, 46.20051], [-1.16214, 46.20044], [-1.16184, 46.20041], [-1.16101, 46.20024], [-1.16071, 46.20018], [-1.16051, 46.20013], [-1.16043, 46.20008], [-1.16034, 46.20007], [-1.16015, 46.19996], [-1.159888, 46.19962], [-1.159888, 46.19962], [-1.15833, 46.19815], [-1.15807, 46.19788], [-1.15791, 46.19771], [-1.15774, 46.19743], [-1.15747, 46.19684], [-1.15733, 46.19661], [-1.15716, 46.19639], [-1.15701, 46.19624], [-1.1571, 46.19615], [-1.15712, 46.19608], [-1.1571, 46.196], [-1.1569, 46.19548], [-1.15679, 46.19521], [-1.15648, 46.19438], [-1.15643, 46.19422], [-1.15642, 46.19413], [-1.15646, 46.19405], [-1.15648, 46.194], [-1.15646, 46.19396], [-1.15636, 46.19391], [-1.15627, 46.19373], [-1.15625, 46.193512], [-1.15618, 46.19337], [-1.15617, 46.19319], [-1.15627, 46.19282], [-1.15642, 46.19236], [-1.1567, 46.19164], [-1.1568, 46.19144], [-1.15713, 46.19096], [-1.157519, 46.19055], [-1.157781, 46.190136], [-1.157935, 46.189938], [-1.158078, 46.189743], [-1.158203, 46.189568], [-1.158266, 46.189438], [-1.158322, 46.18929], [-1.15836, 46.18914], [-1.158404, 46.18887], [-1.158455, 46.18851], [-1.158543, 46.188255], [-1.158711, 46.187847], [-1.158802, 46.18769], [-1.158869, 46.187634], [-1.15891, 46.18762], [-1.158976, 46.18761], [-1.159033, 46.18758], [-1.15905, 46.187523], [-1.159012, 46.18747], [-1.158955, 46.187443], [-1.158916, 46.18738], [-1.158899, 46.18732], [-1.15889, 46.18714], [-1.158906, 46.186916], [-1.15895, 46.18668], [-1.15879, 46.1854], [-1.15875, 46.18481], [-1.15874, 46.18438], [-1.15875, 46.18355], [-1.158808, 46.183216], [-1.158808, 46.183216], [-1.15878, 46.18236], [-1.15881, 46.18149], [-1.15883, 46.18126], [-1.159008, 46.18039], [-1.159008, 46.18039], [-1.15906, 46.17998], [-1.15923, 46.17929], [-1.15876, 46.17929], [-1.1585, 46.17928], [-1.15802, 46.17919], [-1.157955, 46.179153], [-1.1572, 46.17902], [-1.15693, 46.179], [-1.15665, 46.17902], [-1.15641, 46.17909], [-1.15621, 46.17919], [-1.15605, 46.17931], [-1.15596, 46.17942], [-1.15583, 46.17968], [-1.15552, 46.18047], [-1.15524, 46.18111], [-1.15516, 46.18142], [-1.15512, 46.18178], [-1.154994, 46.18244], [-1.1549, 46.18309], [-1.15488, 46.18319], [-1.15486, 46.18318], [-1.15482, 46.18318], [-1.15476, 46.18322], [-1.15467, 46.18324], [-1.1532, 46.18313], [-1.15249, 46.18306], [-1.15261, 46.18239], [-1.1529, 46.18067], [-1.15295, 46.18051], [-1.15302, 46.18042], [-1.15313, 46.18038], [-1.1533, 46.18026], [-1.15341, 46.18014], [-1.15341, 46.17994], [-1.15336, 46.17972], [-1.15327, 46.17943], [-1.15324, 46.17936], [-1.15317, 46.1793], [-1.15309, 46.17925], [-1.15293, 46.17918], [-1.15283, 46.17917], [-1.15272, 46.17911], [-1.15262, 46.179], [-1.15258, 46.17887], [-1.15258, 46.17871], [-1.15258, 46.17856], [-1.15262, 46.1784], [-1.15266, 46.17839], [-1.15284, 46.17833], [-1.15306, 46.17827], [-1.15401, 46.17802], [-1.15591, 46.17752], [-1.15611, 46.17745], [-1.15632, 46.17739], [-1.15629, 46.17733], [-1.1562, 46.17698], [-1.15616, 46.17667], [-1.15611, 46.17599], [-1.156, 46.17579], [-1.15584, 46.1756], [-1.1554, 46.1753], [-1.1549, 46.1756], [-1.15395, 46.17613], [-1.15287, 46.17675], [-1.152627, 46.176826]]}}, {"type": "Feature", "properties": {"route_short_name": "344", "route_long_name": "Ly Vieljeux / Pl Verdun <> Esnandes via Lagord Est", "shape_id": "CA_LA_ROCHELLE:JourneyPattern:344_A043A3166DEC37C191B8A6F2A378BAE7", "n_points": 343, "n_shape_variants_in_source": 1}, "geometry": {"type": "LineString", "coordinates": [[-1.12308, 46.23983], [-1.12317, 46.23992], [-1.12324, 46.23994], [-1.12317, 46.24], [-1.12269, 46.24061], [-1.12246, 46.24094], [-1.12222, 46.24139], [-1.1218, 46.24224], [-1.12149, 46.24279], [-1.12128, 46.24306], [-1.12095, 46.24345], [-1.12055, 46.24392], [-1.12004, 46.24449], [-1.11976, 46.24493], [-1.1191, 46.24599], [-1.11879, 46.24631], [-1.11878, 46.24631], [-1.11876, 46.24631], [-1.11872, 46.24631], [-1.11868, 46.24632], [-1.11865, 46.24638], [-1.11866, 46.24639], [-1.1186, 46.2465], [-1.11858, 46.24658], [-1.11843, 46.24677], [-1.11818, 46.24704], [-1.11771, 46.24752], [-1.11758, 46.2477], [-1.11723, 46.24828], [-1.11709, 46.24848], [-1.1169, 46.24867], [-1.11642, 46.24907], [-1.11628, 46.2492], [-1.11608, 46.24944], [-1.11582, 46.25023], [-1.11574, 46.2504], [-1.11555, 46.25072], [-1.11532, 46.25104], [-1.11508, 46.25135], [-1.114465, 46.252087], [-1.114268, 46.25238], [-1.114197, 46.252422], [-1.114078, 46.252422], [-1.113978, 46.25241], [-1.113911, 46.252426], [-1.113869, 46.252476], [-1.11389, 46.25252], [-1.113919, 46.252552], [-1.114062, 46.25261], [-1.114142, 46.2526], [-1.11419, 46.252556], [-1.114325, 46.25238], [-1.114519, 46.25217], [-1.114777, 46.251762], [-1.115085, 46.251366], [-1.115184, 46.251274], [-1.115343, 46.25104], [-1.115501, 46.250816], [-1.115584, 46.250698], [-1.11564, 46.25059], [-1.115733, 46.25041], [-1.115783, 46.25032], [-1.11582, 46.25023], [-1.116003, 46.249683], [-1.116055, 46.249645], [-1.116055, 46.249645], [-1.116052, 46.24954], [-1.116097, 46.24944], [-1.116151, 46.24936], [-1.116358, 46.249172], [-1.1166, 46.248966], [-1.11683, 46.248756], [-1.117013, 46.248585], [-1.117113, 46.248474], [-1.117251, 46.24828], [-1.117554, 46.247772], [-1.117643, 46.247627], [-1.117801, 46.247437], [-1.117953, 46.247272], [-1.118265, 46.24697], [-1.118616, 46.246593], [-1.11867, 46.24652], [-1.118733, 46.246456], [-1.118779, 46.246445], [-1.118817, 46.246426], [-1.118839, 46.246403], [-1.11884, 46.24637], [-1.118843, 46.246334], [-1.11888, 46.246284], [-1.118981, 46.246162], [-1.119119, 46.24599], [-1.119333, 46.245663], [-1.119425, 46.24564], [-1.119425, 46.24564], [-1.11969, 46.24504], [-1.12002, 46.24452], [-1.12088, 46.24353], [-1.12144, 46.24286], [-1.12157, 46.24266], [-1.12177, 46.24229], [-1.1222, 46.24144], [-1.12234, 46.24114], [-1.1226, 46.24074], [-1.12298, 46.24022], [-1.12324, 46.23994], [-1.12356, 46.23964], [-1.12368, 46.2395], [-1.12402, 46.23881], [-1.12449, 46.23776], [-1.12489, 46.2369], [-1.12508, 46.23644], [-1.12524, 46.23587], [-1.12527, 46.23561], [-1.12526, 46.23535], [-1.12522, 46.23503], [-1.12515, 46.23466], [-1.12492, 46.23378], [-1.12481, 46.23341], [-1.12464, 46.23302], [-1.12459, 46.23294], [-1.12422, 46.23246], [-1.12412, 46.23228], [-1.12416, 46.23224], [-1.12419, 46.23216], [-1.12419, 46.23209], [-1.12412, 46.23198], [-1.12403, 46.23192], [-1.12395, 46.23177], [-1.12394, 46.23161], [-1.12398, 46.23126], [-1.12396, 46.23118], [-1.12405, 46.23051], [-1.12407, 46.23036], [-1.12428, 46.2289], [-1.12455, 46.22691], [-1.12467, 46.22624], [-1.12473, 46.22607], [-1.12489, 46.22558], [-1.12509, 46.22513], [-1.12527, 46.22479], [-1.12546, 46.22446], [-1.12586, 46.22389], [-1.1263, 46.22336], [-1.12672, 46.22295], [-1.12702, 46.22268], [-1.12725, 46.22248], [-1.12749, 46.22228], [-1.12794, 46.22194], [-1.12854, 46.22157], [-1.12857, 46.22154], [-1.12907, 46.22122], [-1.13087, 46.22006], [-1.13252, 46.21897], [-1.13286, 46.21876], [-1.13333, 46.2184], [-1.1336, 46.21813], [-1.13375, 46.21796], [-1.13403, 46.2176], [-1.1344, 46.21704], [-1.13472, 46.21645], [-1.13484, 46.21618], [-1.13491, 46.21592], [-1.13494, 46.21566], [-1.13492, 46.21526], [-1.13488, 46.21499], [-1.13466, 46.214], [-1.13448, 46.21307], [-1.13446, 46.21277], [-1.13447, 46.21256], [-1.13451, 46.21235], [-1.13458, 46.2121], [-1.13472, 46.21179], [-1.13484, 46.21158], [-1.13502, 46.21133], [-1.1352, 46.21112], [-1.13533, 46.21104], [-1.13549, 46.211], [-1.13563, 46.21096], [-1.13573, 46.21088], [-1.13577, 46.21081], [-1.13578, 46.21074], [-1.13576, 46.21066], [-1.13572, 46.2106], [-1.13571, 46.21048], [-1.13581, 46.21029], [-1.13591, 46.21013], [-1.13623, 46.20962], [-1.13627, 46.20954], [-1.13645, 46.20916], [-1.13665, 46.20864], [-1.13675, 46.20832], [-1.13684, 46.20795], [-1.13697, 46.20742], [-1.13702, 46.20717], [-1.13702, 46.20708], [-1.13735, 46.20593], [-1.13756, 46.20519], [-1.13758, 46.20514], [-1.13791, 46.20404], [-1.1381, 46.20336], [-1.13845, 46.20222], [-1.13926, 46.19933], [-1.13952, 46.19845], [-1.13986, 46.19736], [-1.14023, 46.19635], [-1.14115, 46.19376], [-1.14138, 46.19321], [-1.14143, 46.19312], [-1.14152, 46.19299], [-1.14164, 46.19282], [-1.14203, 46.19244], [-1.14243, 46.19215], [-1.14262, 46.19206], [-1.14311, 46.19183], [-1.14355, 46.19166], [-1.14478, 46.19126], [-1.14522, 46.19116], [-1.14578, 46.19099], [-1.14635, 46.19085], [-1.14651, 46.19085], [-1.14666, 46.19092], [-1.14684, 46.19094], [-1.14709, 46.19091], [-1.14716, 46.19087], [-1.14729, 46.19077], [-1.14738, 46.19063], [-1.14738, 46.19051], [-1.14734, 46.19041], [-1.14729, 46.19036], [-1.14722, 46.1903], [-1.14703, 46.19022], [-1.1469, 46.1902], [-1.14673, 46.19021], [-1.14653, 46.19022], [-1.14642, 46.1902], [-1.14598, 46.19009], [-1.14496, 46.18991], [-1.14433, 46.18978], [-1.144322, 46.189735], [-1.143654, 46.18963], [-1.143313, 46.18956], [-1.142974, 46.1895], [-1.14114, 46.189247], [-1.140902, 46.1892], [-1.140663, 46.18913], [-1.140663, 46.18913], [-1.140426, 46.189117], [-1.140199, 46.18908], [-1.139966, 46.189045], [-1.139865, 46.189034], [-1.139836, 46.189014], [-1.13983, 46.18898], [-1.139855, 46.18893], [-1.139944, 46.188816], [-1.140074, 46.18865], [-1.140145, 46.18856], [-1.140203, 46.188477], [-1.140241, 46.188404], [-1.140256, 46.188324], [-1.140286, 46.187992], [-1.140268, 46.18776], [-1.140268, 46.18764], [-1.140265, 46.187527], [-1.140275, 46.1874], [-1.140349, 46.18705], [-1.140394, 46.186844], [-1.140411, 46.186718], [-1.140413, 46.186626], [-1.140428, 46.18658], [-1.140703, 46.186253], [-1.140974, 46.185925], [-1.141329, 46.185505], [-1.141515, 46.185287], [-1.141666, 46.185104], [-1.14173, 46.18511], [-1.14173, 46.18511], [-1.14167, 46.18507], [-1.14177, 46.18495], [-1.14196, 46.18474], [-1.14205, 46.1846], [-1.14217, 46.18441], [-1.14226, 46.18432], [-1.14245, 46.18421], [-1.14257, 46.18429], [-1.14303, 46.1845], [-1.14396, 46.18477], [-1.14426, 46.18481], [-1.14431, 46.18486], [-1.14438, 46.18486], [-1.14441, 46.18485], [-1.14459, 46.185], [-1.14456, 46.18503], [-1.14457, 46.18508], [-1.14462, 46.18511], [-1.14468, 46.18511], [-1.14472, 46.18508], [-1.14482, 46.18508], [-1.14558, 46.1853], [-1.14921, 46.18605], [-1.14957, 46.18612], [-1.1502, 46.18612], [-1.15057, 46.18613], [-1.15072, 46.18612], [-1.15105, 46.18616], [-1.15169, 46.18545], [-1.15184, 46.18523], [-1.15202, 46.18494], [-1.15216, 46.1846], [-1.15228, 46.18414], [-1.15248, 46.18314], [-1.15291, 46.18061], [-1.15294, 46.18052], [-1.15301, 46.18042], [-1.15318, 46.18035], [-1.15334, 46.18023], [-1.1534, 46.18016], [-1.15341, 46.1801], [-1.1534, 46.17987], [-1.15325, 46.17939], [-1.15321, 46.17933], [-1.15313, 46.17927], [-1.15304, 46.17922], [-1.15283, 46.17917], [-1.15266, 46.17906], [-1.15259, 46.17895], [-1.15259, 46.17863], [-1.15262, 46.1784], [-1.15271, 46.17836], [-1.15318, 46.17824], [-1.15601, 46.17749], [-1.15632, 46.17739], [-1.1562, 46.17698], [-1.15616, 46.17657], [-1.15611, 46.17599], [-1.15602, 46.17582], [-1.15594, 46.17571], [-1.15584, 46.1756], [-1.15549, 46.17536], [-1.1554, 46.1753], [-1.15528, 46.17537], [-1.15461, 46.17577], [-1.15349, 46.17639], [-1.152627, 46.176826]]}}, {"type": "Feature", "properties": {"route_short_name": "346", "route_long_name": "Ly Vieljeux / Verdun <> St-Xandre / Ste-Soulle via Puilboreau", "shape_id": "CA_LA_ROCHELLE:JourneyPattern:346_749BF96B642DBC399E19DC849304051C", "n_points": 561, "n_shape_variants_in_source": 3}, "geometry": {"type": "LineString", "coordinates": [[-1.154305, 46.16223], [-1.154165, 46.162285], [-1.15336, 46.16215], [-1.153071, 46.16211], [-1.152815, 46.16207], [-1.152733, 46.162067], [-1.152657, 46.1621], [-1.152594, 46.16219], [-1.152269, 46.16298], [-1.151929, 46.16386], [-1.151488, 46.16491], [-1.151488, 46.16491], [-1.15138, 46.165268], [-1.15124, 46.165623], [-1.151098, 46.165974], [-1.15095, 46.16632], [-1.15089, 46.16646], [-1.150702, 46.1667], [-1.150702, 46.1667], [-1.15054, 46.16708], [-1.15041, 46.16739], [-1.1502, 46.16786], [-1.15002, 46.1683], [-1.14988, 46.16856], [-1.14985, 46.16867], [-1.14981, 46.16878], [-1.14977, 46.16887], [-1.14971, 46.16892], [-1.14969, 46.16897], [-1.14969, 46.169], [-1.14971, 46.16905], [-1.14977, 46.1691], [-1.14986, 46.16912], [-1.15003, 46.16913], [-1.15064, 46.1693], [-1.15084, 46.16939], [-1.15108, 46.16954], [-1.15123, 46.16964], [-1.15123, 46.16968], [-1.15127, 46.16978], [-1.15121, 46.1699], [-1.15092, 46.17019], [-1.15071, 46.17041], [-1.15057, 46.17058], [-1.15042, 46.17084], [-1.15037, 46.17098], [-1.15034, 46.17116], [-1.15033, 46.1715], [-1.15033, 46.17232], [-1.15033, 46.17338], [-1.15043, 46.17471], [-1.15048, 46.17505], [-1.15066, 46.17571], [-1.15072, 46.17589], [-1.15106, 46.17675], [-1.15131, 46.1771], [-1.151375, 46.177258], [-1.151375, 46.177258], [-1.1516, 46.17741], [-1.15212, 46.17806], [-1.15219, 46.17815], [-1.1522, 46.17821], [-1.15226, 46.1783], [-1.15234, 46.17836], [-1.15242, 46.17841], [-1.15245, 46.1785], [-1.15246, 46.17885], [-1.1524, 46.17897], [-1.15234, 46.1791], [-1.15216, 46.17929], [-1.15201, 46.17939], [-1.15167, 46.17951], [-1.15101, 46.17972], [-1.15082, 46.1798], [-1.15043, 46.17993], [-1.15015, 46.18002], [-1.14946, 46.18027], [-1.14878, 46.18045], [-1.14877, 46.18045], [-1.14872, 46.18052], [-1.14857, 46.18055], [-1.14787, 46.18072], [-1.14681, 46.18097], [-1.14605, 46.18113], [-1.14519, 46.18128], [-1.14455, 46.18136], [-1.14351, 46.18144], [-1.14198, 46.18147], [-1.13881, 46.1815], [-1.138, 46.18151], [-1.1373, 46.18149], [-1.13619, 46.18139], [-1.13578, 46.18134], [-1.13495, 46.18121], [-1.13365, 46.18092], [-1.13301, 46.18074], [-1.1324, 46.18054], [-1.13195, 46.18038], [-1.13122, 46.18007], [-1.13042, 46.17967], [-1.12948, 46.1791], [-1.12878, 46.17861], [-1.12815, 46.17812], [-1.12815, 46.17803], [-1.12798, 46.17787], [-1.12783, 46.17771], [-1.12772, 46.17756], [-1.12764, 46.17741], [-1.12756, 46.17715], [-1.12754, 46.17685], [-1.12759, 46.1766], [-1.12764, 46.17633], [-1.12763, 46.1762], [-1.12756, 46.17603], [-1.12742, 46.17589], [-1.12726, 46.17581], [-1.12706, 46.17575], [-1.12687, 46.17573], [-1.12668, 46.17575], [-1.12642, 46.17584], [-1.12625, 46.17594], [-1.12614, 46.17602], [-1.12605, 46.17611], [-1.12554, 46.17652], [-1.12478, 46.17711], [-1.12458, 46.17725], [-1.12442, 46.17734], [-1.12431, 46.17737], [-1.12426, 46.17737], [-1.12416, 46.17738], [-1.12407, 46.17742], [-1.12401, 46.17748], [-1.12399, 46.17755], [-1.124, 46.17762], [-1.12404, 46.17769], [-1.12408, 46.17771], [-1.12411, 46.17776], [-1.12411, 46.17787], [-1.12405, 46.17805], [-1.12396, 46.17824], [-1.12382, 46.17846], [-1.1236, 46.17866], [-1.12344, 46.17878], [-1.12323, 46.17889], [-1.12311, 46.17892], [-1.12302, 46.17891], [-1.1229, 46.17892], [-1.12283, 46.17896], [-1.12279, 46.179], [-1.12276, 46.17908], [-1.12276, 46.17916], [-1.1228, 46.17923], [-1.12285, 46.17928], [-1.12292, 46.1793], [-1.12306, 46.17931], [-1.12311, 46.1793], [-1.12324, 46.17935], [-1.12343, 46.17946], [-1.12356, 46.17957], [-1.12387, 46.17984], [-1.12416, 46.18009], [-1.12442, 46.18035], [-1.12454, 46.18053], [-1.12467, 46.18081], [-1.12472, 46.18097], [-1.12472, 46.18107], [-1.12472, 46.18113], [-1.12468, 46.18116], [-1.12462, 46.18123], [-1.1246, 46.1813], [-1.1246, 46.18134], [-1.12452, 46.18139], [-1.12433, 46.18149], [-1.12392, 46.18162], [-1.123502, 46.18171], [-1.123502, 46.18171], [-1.12251, 46.18205], [-1.12214, 46.18218], [-1.122, 46.18223], [-1.12183, 46.18229], [-1.12146, 46.18249], [-1.12143, 46.18247], [-1.12137, 46.18245], [-1.1213, 46.18245], [-1.12117, 46.18249], [-1.12111, 46.18258], [-1.12111, 46.18267], [-1.12112, 46.18269], [-1.12106, 46.18276], [-1.120727, 46.182922], [-1.12062, 46.18302], [-1.12041, 46.18318], [-1.11972, 46.18371], [-1.11899, 46.18432], [-1.11841, 46.1848], [-1.11812, 46.18501], [-1.1179, 46.1851], [-1.11793, 46.1853], [-1.117927, 46.18549], [-1.11808, 46.18569], [-1.11825, 46.18606], [-1.11841, 46.18633], [-1.1185, 46.18666], [-1.11853, 46.18686], [-1.11853, 46.18703], [-1.11847, 46.18727], [-1.11844, 46.1874], [-1.11841, 46.18752], [-1.11832, 46.18776], [-1.11834, 46.18783], [-1.11844, 46.18792], [-1.11886, 46.18804], [-1.11888, 46.18855], [-1.11889, 46.18955], [-1.1189, 46.18993], [-1.11893, 46.19029], [-1.11894, 46.19088], [-1.11892, 46.19127], [-1.11892, 46.1914], [-1.11895, 46.19156], [-1.11903, 46.19178], [-1.11914, 46.19201], [-1.11933, 46.19243], [-1.11963, 46.19313], [-1.11974, 46.19338], [-1.11979, 46.19355], [-1.11981, 46.1937], [-1.11979, 46.19388], [-1.11969, 46.19406], [-1.11923, 46.1945], [-1.119094, 46.194607], [-1.119094, 46.194607], [-1.11837, 46.19543], [-1.11826, 46.19571], [-1.11812, 46.19632], [-1.11807, 46.19645], [-1.11785, 46.19674], [-1.11775, 46.19686], [-1.11737, 46.19715], [-1.11723, 46.19727], [-1.11719, 46.19734], [-1.11718, 46.19742], [-1.11721, 46.19749], [-1.11727, 46.19756], [-1.11748, 46.19769], [-1.11792, 46.19797], [-1.11828, 46.1982], [-1.11851, 46.19836], [-1.11858, 46.19845], [-1.11861, 46.19854], [-1.11861, 46.1986], [-1.11852, 46.19875], [-1.11835, 46.19895], [-1.118, 46.19946], [-1.1177, 46.19993], [-1.1176, 46.20009], [-1.11773, 46.20013], [-1.1184, 46.20036], [-1.11874, 46.20049], [-1.11901, 46.20061], [-1.11949, 46.20088], [-1.11957, 46.20095], [-1.1198, 46.20092], [-1.12021, 46.20083], [-1.12095, 46.20073], [-1.12159, 46.20071], [-1.12233, 46.20073], [-1.12271, 46.20079], [-1.12266, 46.20102], [-1.12253, 46.20132], [-1.12285, 46.20148], [-1.12348, 46.20174], [-1.12383, 46.20134], [-1.123908, 46.20098], [-1.1239, 46.20084], [-1.1237, 46.20085], [-1.12306, 46.20084], [-1.12243, 46.20074], [-1.12157, 46.20071], [-1.12085, 46.20073], [-1.12031, 46.20082], [-1.11986, 46.20091], [-1.11967, 46.20094], [-1.11955, 46.20093], [-1.11932, 46.20078], [-1.11901, 46.20061], [-1.11876, 46.2005], [-1.11854, 46.20041], [-1.11785, 46.20017], [-1.11716, 46.19996], [-1.11573, 46.19953], [-1.11504, 46.19932], [-1.11461, 46.19915], [-1.11447, 46.19907], [-1.11411, 46.19884], [-1.11388, 46.19867], [-1.11334, 46.19842], [-1.11271, 46.1982], [-1.11258, 46.19817], [-1.1123, 46.19812], [-1.1121, 46.1981], [-1.11175, 46.19808], [-1.11117, 46.19808], [-1.1109, 46.19805], [-1.11061, 46.19799], [-1.10984, 46.19778], [-1.10938, 46.19769], [-1.10884, 46.19761], [-1.10795, 46.19746], [-1.10773, 46.19745], [-1.10756, 46.19768], [-1.10737, 46.19791], [-1.10702, 46.19834], [-1.10648, 46.19902], [-1.106216, 46.199253], [-1.1057, 46.2], [-1.1055, 46.20024], [-1.10535, 46.20043], [-1.10515, 46.20076], [-1.1051, 46.20086], [-1.10491, 46.20137], [-1.10474, 46.20184], [-1.10466, 46.202], [-1.10456, 46.20207], [-1.10433, 46.20214], [-1.10357, 46.20234], [-1.10293, 46.20247], [-1.10292, 46.20245], [-1.10291, 46.20244], [-1.10287, 46.20242], [-1.10278, 46.20241], [-1.10243, 46.20218], [-1.102277, 46.202156], [-1.102277, 46.202156], [-1.10198, 46.20169], [-1.10158, 46.20135], [-1.10149, 46.20128], [-1.10135, 46.20123], [-1.10124, 46.20115], [-1.10105, 46.20104], [-1.10078, 46.20092], [-1.09958, 46.20046], [-1.09897, 46.20019], [-1.09882, 46.20013], [-1.09866, 46.19993], [-1.09858, 46.19987], [-1.098316, 46.19968], [-1.09799, 46.19969], [-1.09779, 46.19973], [-1.09754, 46.19964], [-1.09713, 46.19955], [-1.09631, 46.19942], [-1.09552, 46.19929], [-1.09537, 46.19925], [-1.0953, 46.19921], [-1.0952, 46.19926], [-1.09504, 46.1994], [-1.09499, 46.19948], [-1.0947, 46.19998], [-1.09454, 46.2002], [-1.09438, 46.20045], [-1.09433, 46.20049], [-1.09445, 46.20082], [-1.09448, 46.20105], [-1.09445, 46.20123], [-1.09426, 46.20153], [-1.093786, 46.201942], [-1.09356, 46.2023], [-1.09337, 46.20264], [-1.09331, 46.20277], [-1.09323, 46.20303], [-1.09317, 46.20337], [-1.09317, 46.20349], [-1.09314, 46.20394], [-1.09262, 46.20397], [-1.09226, 46.20399], [-1.09207, 46.204], [-1.09186, 46.20406], [-1.09167, 46.20417], [-1.09152, 46.20432], [-1.09139, 46.20443], [-1.09135, 46.20446], [-1.09123, 46.20448], [-1.09113, 46.20451], [-1.09109, 46.20458], [-1.0911, 46.2047], [-1.09122, 46.2048], [-1.09131, 46.20485], [-1.09136, 46.20493], [-1.09144, 46.20509], [-1.09152, 46.2052], [-1.09168, 46.2053], [-1.09179, 46.20533], [-1.09229, 46.20547], [-1.09291, 46.20558], [-1.092697, 46.20601], [-1.09266, 46.20637], [-1.09258, 46.20662], [-1.09254, 46.2069], [-1.09243, 46.20753], [-1.09275, 46.20761], [-1.09348, 46.20774], [-1.09461, 46.20809], [-1.09592, 46.2085], [-1.09652, 46.20868], [-1.09774, 46.20908], [-1.09792, 46.20914], [-1.09767, 46.20947], [-1.09725, 46.21], [-1.09702, 46.21028], [-1.09686, 46.21042], [-1.09678, 46.2105], [-1.09575, 46.21136], [-1.0952, 46.21184], [-1.09503, 46.212], [-1.09481, 46.21234], [-1.09465, 46.21262], [-1.09419, 46.21336], [-1.0941, 46.21349], [-1.09396, 46.21365], [-1.09402, 46.21373], [-1.09408, 46.2138], [-1.09438, 46.2143], [-1.094536, 46.214653], [-1.09503, 46.21504], [-1.0953, 46.2154], [-1.09547, 46.21569], [-1.0955, 46.21575], [-1.09606, 46.21644], [-1.09624, 46.21668], [-1.09578, 46.21673], [-1.09446, 46.2169], [-1.09356, 46.21705], [-1.09307, 46.2171], [-1.09243, 46.21714], [-1.0918, 46.21719], [-1.09143, 46.2173], [-1.09105, 46.21747], [-1.09081, 46.21751], [-1.09059, 46.2175], [-1.09024, 46.21741], [-1.09017, 46.21735], [-1.09011, 46.21728], [-1.0901, 46.21717], [-1.09012, 46.21708], [-1.09009, 46.217], [-1.09002, 46.21694], [-1.08992, 46.21688], [-1.08975, 46.21686], [-1.08966, 46.21688], [-1.08961, 46.21689], [-1.08927, 46.21686], [-1.08909, 46.21683], [-1.08862, 46.21666], [-1.08737, 46.21613], [-1.08713, 46.21603], [-1.08613, 46.21577], [-1.08563, 46.21566], [-1.08517, 46.21556], [-1.08456, 46.2154], [-1.08354, 46.2151], [-1.08241, 46.21483], [-1.08162, 46.21464], [-1.08088, 46.21449], [-1.07912, 46.2142], [-1.07876, 46.21419], [-1.07845, 46.21422], [-1.07781, 46.21429], [-1.07705, 46.21432], [-1.07653, 46.21438], [-1.07637, 46.21443], [-1.07619, 46.21452], [-1.07596, 46.21468], [-1.07591, 46.21472], [-1.0758, 46.21481], [-1.07538, 46.214943], [-1.07538, 46.214943], [-1.07511, 46.21515], [-1.07479, 46.21531], [-1.07391, 46.21585], [-1.07376, 46.21572], [-1.07363, 46.21555], [-1.07348, 46.21529], [-1.07305, 46.21461], [-1.0729, 46.21446], [-1.07279, 46.21439], [-1.07153, 46.21362], [-1.07132, 46.21352], [-1.0711, 46.21345], [-1.07058, 46.21336], [-1.070466, 46.213318], [-1.0693, 46.2132], [-1.06852, 46.21314], [-1.06787, 46.21309], [-1.06752, 46.21302], [-1.06724, 46.21294], [-1.06586, 46.21244], [-1.06553, 46.21232], [-1.0651, 46.21213], [-1.06478, 46.21194], [-1.06459, 46.21183], [-1.06427, 46.2117], [-1.06329, 46.21144], [-1.06281, 46.21131], [-1.05981, 46.21055], [-1.05825, 46.21017], [-1.0577, 46.21011], [-1.05718, 46.21004], [-1.05687, 46.20998], [-1.05577, 46.2097], [-1.0554, 46.20955], [-1.05529, 46.20949], [-1.0548, 46.20916], [-1.05462, 46.20903], [-1.0541, 46.20865], [-1.05366, 46.20845], [-1.05328, 46.20832], [-1.05293, 46.20822], [-1.05198, 46.20794], [-1.05141, 46.20782], [-1.05092, 46.20776], [-1.05009, 46.20769], [-1.04984, 46.20764], [-1.04966, 46.20755], [-1.04964, 46.20746], [-1.04971, 46.20729], [-1.0497, 46.20723], [-1.04937, 46.20706], [-1.04925, 46.20704], [-1.04916, 46.20707], [-1.048905, 46.207275], [-1.04884, 46.20735], [-1.04881, 46.20735], [-1.04876, 46.20736], [-1.04866, 46.20734], [-1.04862, 46.20733], [-1.04838, 46.20724], [-1.04821, 46.20717], [-1.04771, 46.207], [-1.04724, 46.20683], [-1.04768, 46.20631], [-1.047858, 46.206245], [-1.047858, 46.206245], [-1.04818, 46.20589], [-1.04833, 46.20573], [-1.04854, 46.20542], [-1.0491, 46.2044], [-1.04918, 46.20421], [-1.0492, 46.20406], [-1.04918, 46.20397], [-1.04906, 46.20373], [-1.04893, 46.20356], [-1.0488, 46.20332], [-1.04873, 46.20309], [-1.04868, 46.20285], [-1.04868, 46.20273], [-1.04874, 46.20256], [-1.04933, 46.20192], [-1.04969, 46.20149], [-1.05009, 46.20101], [-1.050336, 46.2008]]}}, {"type": "Feature", "properties": {"route_short_name": "347", "route_long_name": "Ly Vieljeux / Pl Verdun <> Saint-Xandre / Sainte-Soulle", "shape_id": "CA_LA_ROCHELLE:JourneyPattern:347_7A33D1C1BB75B8E579118AC15ABB535C", "n_points": 405, "n_shape_variants_in_source": 2}, "geometry": {"type": "LineString", "coordinates": [[-1.050152, 46.200787], [-1.04973, 46.20145], [-1.04927, 46.20198], [-1.04874, 46.20256], [-1.04868, 46.20273], [-1.04868, 46.20285], [-1.04873, 46.20309], [-1.0488, 46.20332], [-1.04893, 46.20356], [-1.04906, 46.20373], [-1.04918, 46.20397], [-1.0492, 46.20406], [-1.04918, 46.20421], [-1.049, 46.20458], [-1.04848, 46.20551], [-1.04833, 46.20573], [-1.04818, 46.20589], [-1.047747, 46.206203], [-1.047747, 46.206203], [-1.04768, 46.20631], [-1.04724, 46.20683], [-1.04771, 46.207], [-1.04821, 46.20717], [-1.04838, 46.20724], [-1.04862, 46.20733], [-1.04866, 46.20734], [-1.04876, 46.20736], [-1.04881, 46.20735], [-1.04884, 46.20735], [-1.048966, 46.20737], [-1.04916, 46.20707], [-1.0492, 46.20705], [-1.0493, 46.20704], [-1.04937, 46.20706], [-1.04965, 46.20719], [-1.04971, 46.20726], [-1.04964, 46.20746], [-1.04966, 46.20755], [-1.04984, 46.20764], [-1.05009, 46.20769], [-1.05092, 46.20776], [-1.05141, 46.20782], [-1.05198, 46.20794], [-1.05328, 46.20832], [-1.05366, 46.20845], [-1.0541, 46.20865], [-1.05462, 46.20903], [-1.0548, 46.20916], [-1.05529, 46.20949], [-1.0554, 46.20955], [-1.05577, 46.2097], [-1.05687, 46.20998], [-1.05718, 46.21004], [-1.0577, 46.21011], [-1.05825, 46.21017], [-1.05866, 46.21026], [-1.06023, 46.21066], [-1.06329, 46.21144], [-1.06427, 46.2117], [-1.06459, 46.21183], [-1.06478, 46.21194], [-1.0651, 46.21213], [-1.06529, 46.21222], [-1.06553, 46.21232], [-1.06586, 46.21244], [-1.06724, 46.21294], [-1.06752, 46.21302], [-1.06787, 46.21309], [-1.06861, 46.21315], [-1.0693, 46.2132], [-1.06981, 46.21326], [-1.070413, 46.213383], [-1.070413, 46.213383], [-1.07108, 46.21345], [-1.07137, 46.21353], [-1.07231, 46.21409], [-1.07299, 46.21454], [-1.07376, 46.21572], [-1.07391, 46.21585], [-1.07479, 46.21531], [-1.0752, 46.21511], [-1.075419, 46.215034], [-1.075419, 46.215034], [-1.0758, 46.21481], [-1.07591, 46.21472], [-1.07619, 46.21452], [-1.07637, 46.21443], [-1.07653, 46.21438], [-1.07705, 46.21432], [-1.07781, 46.21429], [-1.07845, 46.21422], [-1.07876, 46.21419], [-1.07912, 46.2142], [-1.08088, 46.21449], [-1.08162, 46.21464], [-1.08241, 46.21483], [-1.08354, 46.2151], [-1.08456, 46.2154], [-1.08517, 46.21556], [-1.08563, 46.21566], [-1.08613, 46.21577], [-1.08713, 46.21603], [-1.08737, 46.21613], [-1.08862, 46.21666], [-1.08909, 46.21683], [-1.0893, 46.21696], [-1.08941, 46.21704], [-1.08945, 46.2171], [-1.08945, 46.21714], [-1.08948, 46.21719], [-1.08956, 46.21727], [-1.08968, 46.21731], [-1.08984, 46.21732], [-1.08993, 46.2173], [-1.09004, 46.21725], [-1.09011, 46.21715], [-1.09011, 46.21713], [-1.09017, 46.2171], [-1.0905, 46.21698], [-1.09077, 46.21688], [-1.09105, 46.21669], [-1.09155, 46.21621], [-1.0918, 46.21596], [-1.09206, 46.21573], [-1.09288, 46.21475], [-1.0936, 46.21403], [-1.0939, 46.21373], [-1.093972, 46.213696], [-1.09419, 46.21336], [-1.09465, 46.21262], [-1.09481, 46.21234], [-1.09503, 46.212], [-1.0952, 46.21184], [-1.09536, 46.21168], [-1.09575, 46.21136], [-1.09678, 46.2105], [-1.09686, 46.21042], [-1.09702, 46.21028], [-1.09725, 46.21], [-1.09767, 46.20947], [-1.09792, 46.20914], [-1.09774, 46.20908], [-1.09652, 46.20868], [-1.09592, 46.2085], [-1.09348, 46.20774], [-1.09275, 46.20761], [-1.09243, 46.20753], [-1.09254, 46.2069], [-1.09258, 46.20662], [-1.09266, 46.20637], [-1.092916, 46.205887], [-1.092916, 46.205887], [-1.09291, 46.20558], [-1.09229, 46.20547], [-1.09179, 46.20533], [-1.09168, 46.2053], [-1.09152, 46.2052], [-1.09147, 46.20514], [-1.09144, 46.20509], [-1.09141, 46.20502], [-1.09147, 46.20484], [-1.09152, 46.20477], [-1.09159, 46.2047], [-1.09159, 46.20461], [-1.09151, 46.20453], [-1.09151, 46.20438], [-1.09157, 46.20428], [-1.09163, 46.20421], [-1.09181, 46.20408], [-1.09201, 46.20401], [-1.09256, 46.20398], [-1.09296, 46.20395], [-1.09314, 46.20394], [-1.09316, 46.20367], [-1.09317, 46.2034], [-1.0932, 46.20318], [-1.09327, 46.20291], [-1.09334, 46.20271], [-1.09346, 46.20247], [-1.09377, 46.20202], [-1.093927, 46.2019], [-1.093927, 46.2019], [-1.09426, 46.20153], [-1.09444, 46.20126], [-1.09448, 46.20112], [-1.09448, 46.20096], [-1.09441, 46.20068], [-1.09433, 46.20049], [-1.09438, 46.20045], [-1.09467, 46.20001], [-1.09481, 46.19976], [-1.09502, 46.19944], [-1.09514, 46.1993], [-1.0953, 46.19921], [-1.09542, 46.19927], [-1.0956, 46.19931], [-1.09617, 46.19939], [-1.09694, 46.19952], [-1.09744, 46.19961], [-1.0979, 46.19977], [-1.098116, 46.19996], [-1.09897, 46.20019], [-1.09958, 46.20046], [-1.10078, 46.20092], [-1.10105, 46.20104], [-1.10124, 46.20115], [-1.10135, 46.20123], [-1.10149, 46.20128], [-1.10158, 46.20135], [-1.10198, 46.20169], [-1.10243, 46.20218], [-1.10246, 46.20224], [-1.10258, 46.20236], [-1.10273, 46.20251], [-1.10274, 46.20252], [-1.10275, 46.20253], [-1.10279, 46.20255], [-1.10289, 46.20254], [-1.10291, 46.20252], [-1.103, 46.2025], [-1.10433, 46.20214], [-1.10456, 46.20207], [-1.10466, 46.202], [-1.10474, 46.20184], [-1.10491, 46.20137], [-1.10515, 46.20076], [-1.10535, 46.20043], [-1.1055, 46.20024], [-1.1057, 46.2], [-1.10598, 46.19964], [-1.10627, 46.19929], [-1.10716, 46.19818], [-1.10743, 46.19783], [-1.10773, 46.19745], [-1.10829, 46.19645], [-1.10867, 46.19574], [-1.10889, 46.1953], [-1.10916, 46.19486], [-1.10947, 46.19452], [-1.10962, 46.1944], [-1.11064, 46.19355], [-1.11119, 46.19312], [-1.11153, 46.19291], [-1.11286, 46.19209], [-1.11398, 46.1914], [-1.1149, 46.19085], [-1.11561, 46.1904], [-1.116, 46.19017], [-1.11612, 46.1901], [-1.1167, 46.18964], [-1.11692, 46.18944], [-1.11705, 46.18929], [-1.11716, 46.18907], [-1.11733, 46.18868], [-1.11749, 46.18827], [-1.11772, 46.18783], [-1.11789, 46.18774], [-1.11832, 46.18776], [-1.11844, 46.1874], [-1.11847, 46.18727], [-1.11853, 46.18703], [-1.11853, 46.18686], [-1.1185, 46.18666], [-1.11844, 46.18642], [-1.11841, 46.18633], [-1.11834, 46.18621], [-1.11825, 46.18606], [-1.11812, 46.18578], [-1.11802, 46.18555], [-1.11793, 46.18528], [-1.1179, 46.1851], [-1.1181, 46.18503], [-1.11818, 46.18497], [-1.11854, 46.1847], [-1.11929, 46.18407], [-1.11999, 46.1835], [-1.12056, 46.18307], [-1.12068, 46.18304], [-1.12088, 46.18294], [-1.12114, 46.18281], [-1.12121, 46.18276], [-1.12123, 46.18276], [-1.12128, 46.18277], [-1.12133, 46.18278], [-1.12142, 46.18276], [-1.1215, 46.18271], [-1.12154, 46.18266], [-1.12155, 46.1826], [-1.12155, 46.18258], [-1.12154, 46.18255], [-1.1217, 46.18246], [-1.12192, 46.18233], [-1.12209, 46.18223], [-1.12218, 46.18216], [-1.1224, 46.18209], [-1.12311, 46.18187], [-1.12415, 46.18155], [-1.12433, 46.18149], [-1.12456, 46.18146], [-1.12469, 46.18145], [-1.12475, 46.18147], [-1.12486, 46.18149], [-1.125, 46.18149], [-1.12508, 46.18144], [-1.12514, 46.18137], [-1.12516, 46.1813], [-1.12515, 46.18123], [-1.1251, 46.18117], [-1.12503, 46.18113], [-1.12494, 46.1811], [-1.12481, 46.18105], [-1.12474, 46.18098], [-1.12467, 46.18081], [-1.12455, 46.18055], [-1.12448, 46.18044], [-1.12425, 46.18017], [-1.12363, 46.17963], [-1.12336, 46.1794], [-1.12329, 46.17932], [-1.12327, 46.17921], [-1.1233, 46.17914], [-1.1233, 46.17907], [-1.12327, 46.17902], [-1.1233, 46.17892], [-1.12349, 46.17874], [-1.12372, 46.17857], [-1.1239, 46.17835], [-1.12414, 46.17788], [-1.12429, 46.17777], [-1.12434, 46.17775], [-1.12444, 46.17771], [-1.12449, 46.17769], [-1.12549, 46.17778], [-1.12682, 46.1779], [-1.12732, 46.17798], [-1.12761, 46.17806], [-1.12779, 46.17813], [-1.12821, 46.17841], [-1.12844, 46.17856], [-1.12854, 46.17857], [-1.12877, 46.17873], [-1.12916, 46.179], [-1.12995, 46.17951], [-1.13085, 46.18], [-1.13128, 46.1802], [-1.13183, 46.18044], [-1.13244, 46.18066], [-1.13355, 46.18099], [-1.13478, 46.18127], [-1.13544, 46.18139], [-1.13643, 46.18151], [-1.13739, 46.18158], [-1.13894, 46.1816], [-1.1431, 46.18155], [-1.14396, 46.18151], [-1.14463, 46.18144], [-1.14531, 46.18135], [-1.14589, 46.18125], [-1.14644, 46.18115], [-1.14739, 46.18093], [-1.14754, 46.18094], [-1.14796, 46.18086], [-1.14871, 46.18072], [-1.14989, 46.18051], [-1.15085, 46.18033], [-1.1513, 46.18028], [-1.15152, 46.18027], [-1.15196, 46.1803], [-1.15223, 46.1803], [-1.15232, 46.18033], [-1.15241, 46.18037], [-1.15257, 46.18043], [-1.15281, 46.18045], [-1.15302, 46.18042], [-1.15322, 46.18033], [-1.15337, 46.18019], [-1.15341, 46.18014], [-1.15341, 46.18006], [-1.15341, 46.17994], [-1.15336, 46.17972], [-1.15324, 46.17936], [-1.15309, 46.17925], [-1.15293, 46.17918], [-1.15283, 46.17917], [-1.15272, 46.17911], [-1.15262, 46.179], [-1.15258, 46.17887], [-1.15258, 46.17856], [-1.15262, 46.1784], [-1.15266, 46.17839], [-1.15284, 46.17833], [-1.15322, 46.17823], [-1.15493, 46.17778], [-1.15611, 46.17745], [-1.15632, 46.17739], [-1.15629, 46.17733], [-1.1562, 46.17698], [-1.15616, 46.17667], [-1.15611, 46.17599], [-1.156, 46.17579], [-1.15584, 46.1756], [-1.1554, 46.1753], [-1.15458, 46.17579], [-1.15345, 46.17641], [-1.152627, 46.176826]]}}, {"type": "Feature", "properties": {"route_short_name": "348", "route_long_name": "Ly Vieljeux / Pl Verdun <> Saint-Xandre via Puilboreau", "shape_id": "CA_LA_ROCHELLE:JourneyPattern:348_61C7BD27734ACC50FE04266C165279C2", "n_points": 483, "n_shape_variants_in_source": 2}, "geometry": {"type": "LineString", "coordinates": [[-1.119094, 46.194607], [-1.11837, 46.19543], [-1.11826, 46.19571], [-1.11812, 46.19632], [-1.11807, 46.19645], [-1.11785, 46.19674], [-1.11775, 46.19686], [-1.11737, 46.19715], [-1.11723, 46.19727], [-1.11719, 46.19734], [-1.11718, 46.19742], [-1.11721, 46.19749], [-1.11727, 46.19756], [-1.11748, 46.19769], [-1.11792, 46.19797], [-1.11828, 46.1982], [-1.11851, 46.19836], [-1.11858, 46.19845], [-1.11861, 46.19854], [-1.11861, 46.1986], [-1.11852, 46.19875], [-1.11835, 46.19895], [-1.118, 46.19946], [-1.1177, 46.19993], [-1.1176, 46.20009], [-1.11773, 46.20013], [-1.1184, 46.20036], [-1.11874, 46.20049], [-1.11901, 46.20061], [-1.11932, 46.20078], [-1.11955, 46.20093], [-1.11967, 46.20094], [-1.11986, 46.20091], [-1.12031, 46.20082], [-1.12085, 46.20073], [-1.12157, 46.20071], [-1.12243, 46.20074], [-1.12306, 46.20084], [-1.1237, 46.20085], [-1.12409, 46.20083], [-1.124516, 46.20081], [-1.1253, 46.20055], [-1.12574, 46.20045], [-1.12633, 46.20046], [-1.12696, 46.20044], [-1.12843, 46.20049], [-1.12953, 46.20052], [-1.13193, 46.20058], [-1.13234, 46.20058], [-1.13329, 46.20048], [-1.13425, 46.20048], [-1.13501, 46.20043], [-1.13609, 46.20025], [-1.13619, 46.20025], [-1.13623, 46.20029], [-1.13628, 46.20038], [-1.13628, 46.20118], [-1.13624, 46.2026], [-1.13624, 46.20372], [-1.13623, 46.20444], [-1.13623, 46.20488], [-1.13625, 46.20492], [-1.13635, 46.205], [-1.13649, 46.20504], [-1.1373, 46.20511], [-1.13779, 46.20516], [-1.13803, 46.20518], [-1.138, 46.20531], [-1.13792, 46.20545], [-1.13782, 46.20563], [-1.13769, 46.20593], [-1.13726, 46.20723], [-1.13706, 46.20798], [-1.13677, 46.20897], [-1.13677, 46.20919], [-1.13684, 46.20957], [-1.13682, 46.20996], [-1.13681, 46.21006], [-1.13654, 46.21061], [-1.13649, 46.2107], [-1.13643, 46.21074], [-1.136277, 46.210762], [-1.13627, 46.21088], [-1.13615, 46.21083], [-1.13592, 46.21076], [-1.13581, 46.2107], [-1.13575, 46.21064], [-1.13568, 46.21057], [-1.13559, 46.21051], [-1.13548, 46.21049], [-1.13535, 46.21049], [-1.13521, 46.21052], [-1.13512, 46.21058], [-1.13501, 46.21065], [-1.13483, 46.2107], [-1.13457, 46.21072], [-1.13433, 46.21071], [-1.13405, 46.21075], [-1.1338, 46.21075], [-1.13388, 46.21086], [-1.134038, 46.210957], [-1.13422, 46.21098], [-1.13433, 46.21077], [-1.13433, 46.21071], [-1.13394, 46.21075], [-1.1336, 46.21074], [-1.13231, 46.21057], [-1.1315, 46.21048], [-1.12977, 46.2103], [-1.12897, 46.21014], [-1.12879, 46.21009], [-1.12832, 46.20996], [-1.12754, 46.2097], [-1.12731, 46.20961], [-1.12644, 46.20931], [-1.12598, 46.2092], [-1.12562, 46.20915], [-1.12494, 46.2091], [-1.1243, 46.20908], [-1.12276, 46.20905], [-1.12138, 46.209], [-1.12037, 46.20899], [-1.12003, 46.20896], [-1.11968, 46.20889], [-1.11833, 46.20843], [-1.11731, 46.20802], [-1.11628, 46.20773], [-1.11569, 46.20764], [-1.11482, 46.20757], [-1.1143, 46.2075], [-1.11365, 46.20737], [-1.11274, 46.20712], [-1.11228, 46.207], [-1.112, 46.20697], [-1.11167, 46.20695], [-1.11082, 46.20693], [-1.109913, 46.20691], [-1.109913, 46.20691], [-1.109722, 46.206947], [-1.109666, 46.20699], [-1.109432, 46.207], [-1.109079, 46.207027], [-1.108749, 46.20702], [-1.108419, 46.20701], [-1.10812, 46.20698], [-1.107848, 46.20696], [-1.107583, 46.20693], [-1.107315, 46.20689], [-1.107138, 46.206863], [-1.106986, 46.206837], [-1.106855, 46.2068], [-1.106696, 46.20676], [-1.106555, 46.20671], [-1.106309, 46.20662], [-1.106061, 46.206528], [-1.105758, 46.20644], [-1.105475, 46.206375], [-1.105186, 46.20631], [-1.10408, 46.20618], [-1.10325, 46.20596], [-1.1031, 46.20588], [-1.10306, 46.20583], [-1.10281, 46.20568], [-1.10252, 46.20546], [-1.10237, 46.20535], [-1.10216, 46.20523], [-1.10206, 46.20519], [-1.10207, 46.20519], [-1.10207, 46.20517], [-1.10206, 46.20516], [-1.10204, 46.20513], [-1.10202, 46.20513], [-1.10216, 46.20461], [-1.10215, 46.2044], [-1.10218, 46.20411], [-1.10228, 46.20377], [-1.10245, 46.20327], [-1.1026, 46.20299], [-1.10276, 46.20274], [-1.10283, 46.20266], [-1.10288, 46.20254], [-1.10289, 46.20254], [-1.1029, 46.20253], [-1.10291, 46.20252], [-1.103, 46.2025], [-1.10357, 46.20234], [-1.10433, 46.20214], [-1.10456, 46.20207], [-1.10466, 46.202], [-1.10474, 46.20184], [-1.10491, 46.20137], [-1.10515, 46.20076], [-1.10535, 46.20043], [-1.1055, 46.20024], [-1.1057, 46.2], [-1.10598, 46.19964], [-1.10662, 46.19884], [-1.10743, 46.19783], [-1.10773, 46.19745], [-1.10829, 46.19645], [-1.10867, 46.19574], [-1.10889, 46.1953], [-1.10916, 46.19486], [-1.10947, 46.19452], [-1.10962, 46.1944], [-1.11064, 46.19355], [-1.11119, 46.19312], [-1.11251, 46.19231], [-1.11363, 46.19161], [-1.11435, 46.19118], [-1.1149, 46.19085], [-1.11561, 46.1904], [-1.116049, 46.190228], [-1.116049, 46.190228], [-1.116133, 46.19011], [-1.116411, 46.1899], [-1.116713, 46.189648], [-1.116868, 46.189526], [-1.116978, 46.189407], [-1.117061, 46.189297], [-1.117171, 46.18907], [-1.117349, 46.18868], [-1.117521, 46.188286], [-1.117691, 46.188072], [-1.117691, 46.188072], [-1.11768, 46.18792], [-1.117724, 46.18785], [-1.117768, 46.187805], [-1.117829, 46.187798], [-1.117888, 46.187805], [-1.118058, 46.187836], [-1.118188, 46.18786], [-1.118282, 46.187862], [-1.118341, 46.187843], [-1.118383, 46.187782], [-1.118444, 46.187534], [-1.118471, 46.187397], [-1.118537, 46.187088], [-1.118557, 46.186993], [-1.118519, 46.186657], [-1.118492, 46.18648], [-1.118437, 46.186348], [-1.118283, 46.186058], [-1.118206, 46.185925], [-1.118194, 46.18578], [-1.11793, 46.18528], [-1.1179, 46.1851], [-1.1181, 46.18503], [-1.11818, 46.18497], [-1.11854, 46.1847], [-1.11929, 46.18407], [-1.11999, 46.1835], [-1.12056, 46.18307], [-1.120647, 46.183086], [-1.120647, 46.183086], [-1.12064, 46.18301], [-1.12056, 46.18307], [-1.11999, 46.1835], [-1.11929, 46.18407], [-1.11854, 46.1847], [-1.11818, 46.18497], [-1.11812, 46.18501], [-1.11789, 46.18496], [-1.11785, 46.18474], [-1.11779, 46.18452], [-1.11767, 46.18418], [-1.11758, 46.18402], [-1.11802, 46.18388], [-1.11905, 46.18353], [-1.11914, 46.18348], [-1.11919, 46.18341], [-1.11922, 46.18332], [-1.11922, 46.18324], [-1.11924, 46.18316], [-1.11931, 46.1831], [-1.11966, 46.18297], [-1.12039, 46.18274], [-1.12075, 46.1826], [-1.12095, 46.18256], [-1.1211, 46.1826], [-1.1211, 46.18262], [-1.12111, 46.18267], [-1.12114, 46.18271], [-1.12121, 46.18276], [-1.1213, 46.18278], [-1.1214, 46.18276], [-1.12147, 46.18273], [-1.12152, 46.18269], [-1.12155, 46.18263], [-1.12155, 46.18258], [-1.12154, 46.18255], [-1.1217, 46.18246], [-1.12192, 46.18233], [-1.12209, 46.18223], [-1.12218, 46.18216], [-1.12263, 46.18202], [-1.123888, 46.181656], [-1.123888, 46.181656], [-1.12423, 46.18153], [-1.12444, 46.18147], [-1.12467, 46.18144], [-1.12477, 46.18148], [-1.12489, 46.18149], [-1.12501, 46.18148], [-1.1251, 46.18143], [-1.12515, 46.18135], [-1.12516, 46.18128], [-1.12514, 46.18121], [-1.12509, 46.18116], [-1.12501, 46.18112], [-1.1249, 46.1811], [-1.12478, 46.18102], [-1.1247, 46.18089], [-1.12463, 46.18072], [-1.1245, 46.18048], [-1.12434, 46.18026], [-1.1241, 46.18003], [-1.12348, 46.17951], [-1.12336, 46.1794], [-1.12329, 46.17932], [-1.12327, 46.17921], [-1.12329, 46.17918], [-1.1233, 46.1791], [-1.12327, 46.17902], [-1.1233, 46.17892], [-1.12344, 46.17878], [-1.1236, 46.17866], [-1.12382, 46.17846], [-1.12396, 46.17824], [-1.12405, 46.17805], [-1.12414, 46.17788], [-1.12429, 46.17777], [-1.12439, 46.17773], [-1.12449, 46.17769], [-1.126, 46.17783], [-1.12704, 46.17793], [-1.12754, 46.17803], [-1.12779, 46.17813], [-1.12843, 46.17856], [-1.12854, 46.17857], [-1.1294, 46.17917], [-1.13027, 46.1797], [-1.13114, 46.18014], [-1.13153, 46.18031], [-1.13227, 46.1806], [-1.13336, 46.18094], [-1.13407, 46.18112], [-1.13532, 46.18137], [-1.13613, 46.18148], [-1.13691, 46.18156], [-1.13793, 46.1816], [-1.13974, 46.18159], [-1.14336, 46.18154], [-1.14452, 46.18146], [-1.14582, 46.18127], [-1.14739, 46.18093], [-1.14756, 46.18094], [-1.14856, 46.18075], [-1.14978, 46.18053], [-1.15026, 46.18044], [-1.1507, 46.18036], [-1.15116, 46.18029], [-1.15146, 46.18028], [-1.15175, 46.18029], [-1.15206, 46.18029], [-1.1522, 46.18029], [-1.15235, 46.18034], [-1.15248, 46.1804], [-1.15262, 46.18044], [-1.15292, 46.18044], [-1.15314, 46.18037], [-1.15328, 46.18028], [-1.15337, 46.18018], [-1.15341, 46.18002], [-1.1534, 46.17987], [-1.15336, 46.17972], [-1.15329, 46.17955], [-1.15325, 46.17944], [-1.15326, 46.17939], [-1.15318, 46.1793], [-1.15309, 46.17924], [-1.15293, 46.17918], [-1.15283, 46.17917], [-1.15266, 46.17906], [-1.15259, 46.17895], [-1.15259, 46.17863], [-1.15262, 46.1784], [-1.15271, 46.17836], [-1.15279, 46.1783], [-1.15284, 46.17822], [-1.15284, 46.17815], [-1.1528, 46.17808], [-1.15271, 46.17794], [-1.15271, 46.17775], [-1.15268, 46.17765], [-1.1526, 46.17752], [-1.15249, 46.1774], [-1.15225, 46.17713], [-1.15215, 46.17707], [-1.151811, 46.176826], [-1.15148, 46.17668], [-1.15127, 46.17652], [-1.151137, 46.176395], [-1.151064, 46.176315], [-1.151004, 46.176224], [-1.15094, 46.17609], [-1.15087, 46.1759], [-1.150727, 46.175545], [-1.150614, 46.175186], [-1.150548, 46.174828], [-1.15051, 46.174454], [-1.150505, 46.173798], [-1.150541, 46.17299], [-1.150541, 46.17299], [-1.15046, 46.17216], [-1.15044, 46.17136], [-1.15046, 46.17117], [-1.15047, 46.17103], [-1.15052, 46.1709], [-1.15078, 46.17049], [-1.15099, 46.17027], [-1.1513, 46.16995], [-1.15144, 46.16989], [-1.15147, 46.1699], [-1.15151, 46.16991], [-1.15158, 46.16992], [-1.15173, 46.1699], [-1.15186, 46.16985], [-1.15195, 46.16977], [-1.15198, 46.16966], [-1.15198, 46.16962], [-1.15196, 46.16949], [-1.15197, 46.1693], [-1.15201, 46.16918], [-1.15211, 46.16897], [-1.15221, 46.16884], [-1.15231, 46.16871], [-1.15261, 46.16815], [-1.15285, 46.16776], [-1.15291, 46.16761], [-1.15302, 46.16736], [-1.15313, 46.16715], [-1.15329, 46.16684], [-1.1533, 46.16672], [-1.15328, 46.16664], [-1.15331, 46.16652], [-1.15337, 46.16634], [-1.1535, 46.1662], [-1.153769, 46.166023], [-1.153769, 46.166023], [-1.154251, 46.16556], [-1.154318, 46.165516], [-1.154402, 46.16551], [-1.154606, 46.1655], [-1.154741, 46.165485], [-1.154825, 46.165462], [-1.154897, 46.16543], [-1.155018, 46.165375], [-1.155555, 46.16504], [-1.155649, 46.164963], [-1.155676, 46.16487], [-1.155686, 46.16472], [-1.155713, 46.164536], [-1.155318, 46.163265], [-1.155253, 46.163124], [-1.15519, 46.163017], [-1.155154, 46.162914], [-1.155138, 46.162876], [-1.155134, 46.162838], [-1.155135, 46.162758], [-1.155156, 46.162678], [-1.155181, 46.162617], [-1.155234, 46.162483], [-1.155214, 46.162434], [-1.155118, 46.16231], [-1.155055, 46.162228], [-1.155004, 46.1622], [-1.154875, 46.16219], [-1.154785, 46.162163], [-1.154718, 46.16214], [-1.154663, 46.162117], [-1.153996, 46.162], [-1.153652, 46.161934]]}}, {"type": "Feature", "properties": {"route_short_name": "349", "route_long_name": "Ly Vieljeux / Pl Verdun <> Ste-Soulle via Dompierre-Puilboreau", "shape_id": "CA_LA_ROCHELLE:JourneyPattern:349_06422086B1C3E6137F5EF60C98F9F301", "n_points": 471, "n_shape_variants_in_source": 1}, "geometry": {"type": "LineString", "coordinates": [[-1.044452, 46.18451], [-1.04481, 46.18467], [-1.04492, 46.18471], [-1.0452, 46.18485], [-1.04551, 46.1851], [-1.046041, 46.185604], [-1.046508, 46.186085], [-1.0466, 46.18621], [-1.04695, 46.18656], [-1.04716, 46.18667], [-1.047408, 46.186825], [-1.04764, 46.187], [-1.04782, 46.1871], [-1.048655, 46.187286], [-1.04886, 46.18729], [-1.04939, 46.18729], [-1.04961, 46.18732], [-1.05, 46.18737], [-1.05024, 46.18744], [-1.05051, 46.18757], [-1.05087, 46.18781], [-1.05098, 46.18789], [-1.05121, 46.18808], [-1.05143, 46.18831], [-1.0516, 46.18853], [-1.052, 46.18908], [-1.05207, 46.18915], [-1.05213, 46.18921], [-1.05227, 46.18918], [-1.05242, 46.18917], [-1.05249, 46.18916], [-1.05258, 46.18916], [-1.05267, 46.18917], [-1.05269, 46.18924], [-1.05273, 46.18937], [-1.05283, 46.18979], [-1.05334, 46.19186], [-1.05362, 46.19319], [-1.05377, 46.19412], [-1.05384, 46.19506], [-1.05461, 46.19512], [-1.05481, 46.1951], [-1.05494, 46.19506], [-1.05508, 46.19499], [-1.05529, 46.19485], [-1.05557, 46.19465], [-1.05574, 46.19449], [-1.05643, 46.19393], [-1.05685, 46.19358], [-1.05781, 46.19282], [-1.05827, 46.19245], [-1.05864, 46.19216], [-1.05951, 46.19143], [-1.06013, 46.19093], [-1.06113, 46.19014], [-1.06164, 46.18972], [-1.06241, 46.18909], [-1.06284, 46.18878], [-1.0627, 46.1887], [-1.06263, 46.18859], [-1.06249, 46.18823], [-1.06225, 46.18773], [-1.06202, 46.18739], [-1.06183, 46.18712], [-1.06156, 46.18681], [-1.0612, 46.18654], [-1.06097, 46.18637], [-1.06035, 46.18592], [-1.06023, 46.1858], [-1.06024, 46.18578], [-1.06024, 46.18577], [-1.06044, 46.18566], [-1.06116, 46.18548], [-1.06133, 46.18541], [-1.06164, 46.1852], [-1.06199, 46.18498], [-1.06209, 46.18488], [-1.06245, 46.18428], [-1.06252, 46.18423], [-1.06269, 46.18418], [-1.06328, 46.18406], [-1.06339, 46.18407], [-1.06364, 46.18415], [-1.06372, 46.18419], [-1.06373, 46.18421], [-1.06381, 46.18424], [-1.06389, 46.18424], [-1.06391, 46.18423], [-1.06417, 46.18425], [-1.06488, 46.184414], [-1.06549, 46.18453], [-1.06616, 46.18479], [-1.06782, 46.18567], [-1.06855, 46.18607], [-1.06942, 46.18665], [-1.06953, 46.18674], [-1.06963, 46.18688], [-1.06977, 46.18714], [-1.0696, 46.18721], [-1.06937, 46.18732], [-1.06909, 46.18744], [-1.0679, 46.18796], [-1.0678, 46.18799], [-1.06778, 46.18799], [-1.06775, 46.18799], [-1.06772, 46.188], [-1.06772, 46.18804], [-1.06777, 46.18807], [-1.06778, 46.18806], [-1.06814, 46.18844], [-1.068397, 46.188667], [-1.068397, 46.188667], [-1.069001, 46.189068], [-1.069209, 46.1892], [-1.0694, 46.1893], [-1.070155, 46.189655], [-1.070707, 46.18988], [-1.070954, 46.189983], [-1.071219, 46.19008], [-1.071687, 46.19025], [-1.072175, 46.1904], [-1.072666, 46.19056], [-1.073154, 46.19074], [-1.073644, 46.19091], [-1.07442, 46.19118], [-1.074694, 46.191277], [-1.074975, 46.19136], [-1.07525, 46.191402], [-1.07555, 46.191425], [-1.075814, 46.191437], [-1.075952, 46.19146], [-1.076471, 46.191456], [-1.076649, 46.19144], [-1.076754, 46.191444], [-1.07683, 46.19146], [-1.07689, 46.19148], [-1.07702, 46.19147], [-1.07708, 46.19143], [-1.0771, 46.19137], [-1.0771, 46.19132], [-1.07706, 46.19128], [-1.07703, 46.19126], [-1.07699, 46.19112], [-1.077018, 46.191036], [-1.07706, 46.19095], [-1.07715, 46.190857], [-1.07727, 46.19077], [-1.077589, 46.19057], [-1.077744, 46.190468], [-1.07787, 46.19035], [-1.07825, 46.18987], [-1.07872, 46.18922], [-1.07888, 46.18903], [-1.07907, 46.18887], [-1.07953, 46.18856], [-1.079846, 46.18838], [-1.08013, 46.18818], [-1.0804, 46.18795], [-1.080442, 46.187904], [-1.0805, 46.187878], [-1.080555, 46.18786], [-1.080647, 46.18785], [-1.081, 46.18782], [-1.08133, 46.18778], [-1.081803, 46.187702], [-1.08324, 46.1875], [-1.083869, 46.18751], [-1.083869, 46.18751], [-1.084308, 46.187477], [-1.084777, 46.187447], [-1.085385, 46.187416], [-1.085709, 46.18741], [-1.086054, 46.18744], [-1.086295, 46.187477], [-1.086527, 46.187527], [-1.086767, 46.18759], [-1.08721, 46.187714], [-1.087289, 46.187687], [-1.087316, 46.187634], [-1.087433, 46.187363], [-1.08753, 46.18721], [-1.08779, 46.18695], [-1.08801, 46.18675], [-1.088156, 46.18664], [-1.088244, 46.186638], [-1.088347, 46.186684], [-1.088435, 46.186718], [-1.088623, 46.186756], [-1.08879, 46.186764], [-1.088934, 46.186745], [-1.089087, 46.186703], [-1.089723, 46.186478], [-1.089866, 46.186474], [-1.089866, 46.186474], [-1.09034, 46.18626], [-1.090614, 46.186172], [-1.09071, 46.18614], [-1.090794, 46.18612], [-1.090818, 46.18606], [-1.090799, 46.18602], [-1.090819, 46.185978], [-1.091277, 46.18562], [-1.091355, 46.18555], [-1.091447, 46.185482], [-1.091519, 46.185402], [-1.091782, 46.185], [-1.091799, 46.184948], [-1.091823, 46.184895], [-1.091892, 46.1849], [-1.091963, 46.18493], [-1.092252, 46.184994], [-1.092582, 46.18505], [-1.092883, 46.18508], [-1.093194, 46.18511], [-1.093422, 46.18512], [-1.093664, 46.185123], [-1.09392, 46.18511], [-1.094219, 46.185078], [-1.095179, 46.18497], [-1.095392, 46.18495], [-1.095544, 46.18497], [-1.095544, 46.18497], [-1.095748, 46.184937], [-1.095881, 46.18493], [-1.09612, 46.18493], [-1.096209, 46.18494], [-1.096308, 46.18495], [-1.096478, 46.18494], [-1.096498, 46.1849], [-1.096483, 46.18485], [-1.09646, 46.1847], [-1.096446, 46.1842], [-1.096459, 46.184143], [-1.096464, 46.184055], [-1.096457, 46.18398], [-1.096473, 46.183907], [-1.096513, 46.183735], [-1.096573, 46.18356], [-1.09664, 46.18349], [-1.09674, 46.1834], [-1.096784, 46.183353], [-1.096831, 46.183277], [-1.09686, 46.18319], [-1.096929, 46.18284], [-1.096963, 46.18278], [-1.096963, 46.18278], [-1.097135, 46.18219], [-1.097226, 46.181885], [-1.097291, 46.181606], [-1.097294, 46.181557], [-1.09733, 46.181522], [-1.097387, 46.181522], [-1.097486, 46.18154], [-1.097949, 46.18156], [-1.098368, 46.181564], [-1.098585, 46.18157], [-1.098822, 46.181545], [-1.098975, 46.18153], [-1.099138, 46.18152], [-1.09982, 46.18142], [-1.10022, 46.18142], [-1.10128, 46.18154], [-1.10172, 46.18155], [-1.10174, 46.18157], [-1.10176, 46.18159], [-1.10182, 46.18162], [-1.10189, 46.18162], [-1.10195, 46.18158], [-1.10197, 46.18153], [-1.10196, 46.18152], [-1.10205, 46.18148], [-1.10276, 46.18125], [-1.1035, 46.18108], [-1.10413, 46.18092], [-1.10456, 46.18074], [-1.10469, 46.18066], [-1.10489, 46.18055], [-1.1051, 46.1804], [-1.10515, 46.18007], [-1.1057, 46.17995], [-1.10601, 46.17989], [-1.10612, 46.17984], [-1.10644, 46.17968], [-1.10692, 46.17945], [-1.10765, 46.17923], [-1.108458, 46.179058], [-1.10907, 46.17886], [-1.10999, 46.17868], [-1.1121, 46.17828], [-1.11308, 46.17808], [-1.1137, 46.17795], [-1.11401, 46.17791], [-1.11516, 46.17783], [-1.11601, 46.17779], [-1.11626, 46.17783], [-1.11635, 46.17783], [-1.11644, 46.1778], [-1.11658, 46.17775], [-1.11692, 46.17774], [-1.11733, 46.17782], [-1.11752, 46.1779], [-1.11782, 46.17809], [-1.11832, 46.17847], [-1.11857, 46.17859], [-1.11856, 46.17864], [-1.11864, 46.17871], [-1.11877, 46.1787], [-1.11881, 46.17867], [-1.11892, 46.17873], [-1.11926, 46.17886], [-1.12035, 46.17914], [-1.12145, 46.17941], [-1.12177, 46.17944], [-1.12207, 46.17942], [-1.12248, 46.17932], [-1.12267, 46.17927], [-1.12277, 46.17926], [-1.12288, 46.17929], [-1.12303, 46.17931], [-1.12311, 46.1793], [-1.123272, 46.17923], [-1.123325, 46.17901], [-1.123186, 46.178883], [-1.123076, 46.17883], [-1.123137, 46.178745], [-1.123346, 46.17858], [-1.12371, 46.178284], [-1.123859, 46.17784], [-1.123834, 46.177525], [-1.123977, 46.177322], [-1.124276, 46.177193], [-1.124582, 46.17707], [-1.124806, 46.17691], [-1.125687, 46.176235], [-1.126243, 46.175854], [-1.126757, 46.17541], [-1.126946, 46.175175], [-1.127759, 46.173927], [-1.130236, 46.174755], [-1.13261, 46.17544], [-1.13268, 46.17538], [-1.13295, 46.17508], [-1.13304, 46.17501], [-1.13334, 46.17466], [-1.13345, 46.17451], [-1.13395, 46.17394], [-1.13418, 46.17374], [-1.13441, 46.17363], [-1.1353, 46.17333], [-1.13561, 46.17322], [-1.13576, 46.17312], [-1.13716, 46.17159], [-1.13809, 46.17056], [-1.13834, 46.17029], [-1.13849, 46.17013], [-1.13866, 46.16986], [-1.13879, 46.16957], [-1.13883, 46.16898], [-1.139, 46.16862], [-1.13925, 46.16829], [-1.1395, 46.16798], [-1.1398, 46.16768], [-1.13984, 46.16767], [-1.13995, 46.16758], [-1.14, 46.16757], [-1.14004, 46.16758], [-1.14015, 46.16758], [-1.1402, 46.16756], [-1.14025, 46.16757], [-1.14088, 46.16772], [-1.141, 46.16772], [-1.14239, 46.1681], [-1.14465, 46.1687], [-1.14536, 46.16893], [-1.14636, 46.1692], [-1.14645, 46.16922], [-1.14657, 46.16928], [-1.14666, 46.16935], [-1.14676, 46.16939], [-1.14697, 46.16945], [-1.14709, 46.16946], [-1.14719, 46.16944], [-1.14735, 46.16946], [-1.14754, 46.16951], [-1.14795, 46.16961], [-1.14833, 46.1696], [-1.14857, 46.16956], [-1.1488, 46.16948], [-1.148997, 46.169434], [-1.148997, 46.169434], [-1.149338, 46.169277], [-1.149492, 46.16921], [-1.149644, 46.169144], [-1.149733, 46.16912], [-1.149793, 46.16912], [-1.149858, 46.16913], [-1.149924, 46.16913], [-1.150019, 46.169136], [-1.150131, 46.169167], [-1.150479, 46.169254], [-1.150696, 46.16933], [-1.15087, 46.16942], [-1.150985, 46.169476], [-1.151078, 46.169544], [-1.151155, 46.169617], [-1.15121, 46.169693], [-1.151249, 46.16977], [-1.151297, 46.16983], [-1.151389, 46.169888], [-1.15155, 46.169926], [-1.151671, 46.169926], [-1.151796, 46.16989], [-1.151923, 46.16982], [-1.151989, 46.169712], [-1.151996, 46.169594], [-1.151981, 46.169483], [-1.151987, 46.16939], [-1.152004, 46.169304], [-1.152053, 46.169174], [-1.152168, 46.16901], [-1.152261, 46.168945], [-1.152261, 46.168945], [-1.152305, 46.168804], [-1.152578, 46.16837], [-1.152798, 46.167934], [-1.152905, 46.167686], [-1.153017, 46.167435], [-1.153133, 46.167194], [-1.153244, 46.167007], [-1.153298, 46.16687], [-1.153313, 46.166718], [-1.153312, 46.166634], [-1.15332, 46.166553], [-1.153339, 46.16645], [-1.153393, 46.16635], [-1.15346, 46.16628], [-1.153769, 46.166023], [-1.153769, 46.166023], [-1.154251, 46.16556], [-1.154318, 46.165516], [-1.154402, 46.16551], [-1.154606, 46.1655], [-1.154741, 46.165485], [-1.154825, 46.165462], [-1.154897, 46.16543], [-1.155018, 46.165375], [-1.155555, 46.16504], [-1.155649, 46.164963], [-1.155676, 46.16487], [-1.155686, 46.16472], [-1.155713, 46.164536], [-1.155318, 46.163265], [-1.155253, 46.163124], [-1.15519, 46.163017], [-1.155154, 46.162914], [-1.155138, 46.162876], [-1.155134, 46.162838], [-1.155135, 46.162758], [-1.155156, 46.162678], [-1.155181, 46.162617], [-1.155234, 46.162483], [-1.155214, 46.162434], [-1.155118, 46.16231], [-1.155055, 46.162228], [-1.155004, 46.1622], [-1.154875, 46.16219], [-1.154785, 46.162163], [-1.154718, 46.16214], [-1.154663, 46.162117], [-1.153996, 46.162], [-1.153652, 46.161934]]}}, {"type": "Feature", "properties": {"route_short_name": "352", "route_long_name": "Place de Verdun <> Sainte-Soulle via Bourgneuf", "shape_id": "CA_LA_ROCHELLE:JourneyPattern:352_FA72D5A5BD4568D9114908CC55814E4A", "n_points": 470, "n_shape_variants_in_source": 2}, "geometry": {"type": "LineString", "coordinates": [[-1.154416, 46.16225], [-1.154301, 46.16229], [-1.154173, 46.162296], [-1.153233, 46.16214], [-1.152742, 46.16206], [-1.152668, 46.16207], [-1.152598, 46.162178], [-1.152358, 46.16275], [-1.152147, 46.163326], [-1.152034, 46.163612], [-1.15195, 46.16378], [-1.15159, 46.16465], [-1.151488, 46.16491], [-1.151488, 46.16491], [-1.15138, 46.165268], [-1.15124, 46.165623], [-1.151098, 46.165974], [-1.15095, 46.16632], [-1.15089, 46.16646], [-1.150702, 46.1667], [-1.150702, 46.1667], [-1.15061, 46.16691], [-1.150511, 46.16711], [-1.15029, 46.16766], [-1.15017, 46.16792], [-1.15004, 46.16822], [-1.149921, 46.1685], [-1.14983, 46.16873], [-1.149771, 46.168854], [-1.149698, 46.16892], [-1.14965, 46.16898], [-1.14953, 46.169067], [-1.149275, 46.16918], [-1.148943, 46.169327], [-1.14871, 46.169426], [-1.148555, 46.16946], [-1.148555, 46.16946], [-1.14842, 46.16951], [-1.14813, 46.16953], [-1.14779, 46.16952], [-1.14737, 46.16941], [-1.14712, 46.16929], [-1.14683, 46.1692], [-1.14668, 46.16921], [-1.1465, 46.16915], [-1.1456, 46.16891], [-1.14522, 46.16881], [-1.14503, 46.16881], [-1.14465, 46.1687], [-1.144, 46.16853], [-1.14239, 46.1681], [-1.141, 46.16772], [-1.14054, 46.16757], [-1.14031, 46.16749], [-1.14021, 46.16738], [-1.14017, 46.16735], [-1.14012, 46.16735], [-1.14002, 46.16737], [-1.13999, 46.16738], [-1.13988, 46.16738], [-1.13957, 46.1673], [-1.13926, 46.16725], [-1.13821, 46.16698], [-1.13795, 46.1669], [-1.13767, 46.16678], [-1.13727, 46.16658], [-1.13712, 46.16653], [-1.13695, 46.16652], [-1.13647, 46.16674], [-1.13641, 46.16677], [-1.13508, 46.1672], [-1.13115, 46.1685], [-1.12851, 46.16935], [-1.12472, 46.17063], [-1.12332, 46.17108], [-1.12288, 46.1712], [-1.12274, 46.17125], [-1.12187, 46.17151], [-1.12027, 46.17201], [-1.11537, 46.17349], [-1.10553, 46.17643], [-1.0951, 46.17954], [-1.09377, 46.17993], [-1.09308, 46.18014], [-1.09296, 46.18011], [-1.09249, 46.18023], [-1.0921, 46.1803], [-1.09182, 46.18032], [-1.09127, 46.18029], [-1.0909, 46.18024], [-1.09074, 46.18019], [-1.09063, 46.18014], [-1.09063, 46.18009], [-1.0906, 46.17999], [-1.09057, 46.17995], [-1.09052, 46.17992], [-1.09038, 46.17988], [-1.09027, 46.17988], [-1.0902, 46.17989], [-1.08992, 46.17971], [-1.08974, 46.1796], [-1.08956, 46.17943], [-1.08871, 46.17867], [-1.08821, 46.17829], [-1.0878, 46.17809], [-1.08736, 46.17792], [-1.08678, 46.1778], [-1.08626, 46.17775], [-1.08539, 46.17771], [-1.08513, 46.1777], [-1.08408, 46.17765], [-1.08311, 46.17761], [-1.0812, 46.17755], [-1.07822, 46.17744], [-1.07757, 46.17741], [-1.07689, 46.17739], [-1.07658, 46.17737], [-1.07627, 46.17739], [-1.07616, 46.1774], [-1.076, 46.1774], [-1.07498, 46.17735], [-1.0744, 46.17731], [-1.07338, 46.17729], [-1.07262, 46.17726], [-1.07223, 46.17723], [-1.07194, 46.17715], [-1.07112, 46.17691], [-1.07095, 46.17687], [-1.07038, 46.17671], [-1.07023, 46.17664], [-1.07002, 46.17656], [-1.06987, 46.17645], [-1.06984, 46.17639], [-1.0698, 46.17634], [-1.06971, 46.17629], [-1.0696, 46.17626], [-1.06929, 46.17624], [-1.06897, 46.17611], [-1.06875, 46.17601], [-1.06843, 46.17584], [-1.06829, 46.17576], [-1.06783, 46.1754], [-1.06725, 46.17495], [-1.06703, 46.17478], [-1.06693, 46.17473], [-1.06674, 46.17472], [-1.06643, 46.17486], [-1.06619, 46.17498], [-1.06598, 46.17504], [-1.06587, 46.17505], [-1.0657, 46.17502], [-1.06555, 46.17486], [-1.06558, 46.17473], [-1.06553, 46.17464], [-1.06543, 46.17456], [-1.06534, 46.17453], [-1.06524, 46.17453], [-1.06514, 46.17454], [-1.06497, 46.17463], [-1.06493, 46.1747], [-1.06493, 46.17481], [-1.06498, 46.1749], [-1.06505, 46.17495], [-1.06513, 46.17501], [-1.06517, 46.1751], [-1.06528, 46.17526], [-1.06535, 46.1754], [-1.06536, 46.17545], [-1.06532, 46.17562], [-1.06524, 46.17571], [-1.06507, 46.17584], [-1.06444, 46.17626], [-1.06416, 46.17636], [-1.06293, 46.1765], [-1.05777, 46.17736], [-1.05737, 46.17744], [-1.05584, 46.17781], [-1.05506, 46.17802], [-1.05497, 46.17805], [-1.05455, 46.17816], [-1.05336, 46.1785], [-1.05273, 46.17865], [-1.0517, 46.17885], [-1.05055, 46.17906], [-1.04933, 46.17941], [-1.04914, 46.17945], [-1.04881, 46.17933], [-1.048608, 46.179176], [-1.048608, 46.179176], [-1.04781, 46.17878], [-1.047355, 46.17855], [-1.046907, 46.178314], [-1.046122, 46.17794], [-1.045333, 46.17756], [-1.044551, 46.17715], [-1.044149, 46.17694], [-1.043738, 46.176754], [-1.043013, 46.17651], [-1.042283, 46.17627], [-1.041478, 46.17603], [-1.04068, 46.1758], [-1.040111, 46.175674], [-1.039571, 46.17557], [-1.039409, 46.175533], [-1.03913, 46.17546], [-1.03859, 46.17528], [-1.03836, 46.1752], [-1.037803, 46.174973], [-1.037227, 46.174747], [-1.037004, 46.174664], [-1.036519, 46.17453], [-1.035838, 46.1743], [-1.035838, 46.1743], [-1.035359, 46.174168], [-1.034914, 46.173992], [-1.034559, 46.17386], [-1.034201, 46.173744], [-1.033116, 46.173405], [-1.032043, 46.17305], [-1.031498, 46.172897], [-1.030951, 46.172752], [-1.029913, 46.172516], [-1.029528, 46.172424], [-1.02896, 46.172268], [-1.0284, 46.1721], [-1.02806, 46.171997], [-1.02755, 46.17184], [-1.02631, 46.171455], [-1.02507, 46.17108], [-1.024556, 46.170933], [-1.024389, 46.170864], [-1.024217, 46.17081], [-1.024069, 46.170784], [-1.023747, 46.170708], [-1.023447, 46.17064], [-1.022983, 46.170517], [-1.022983, 46.170517], [-1.02252, 46.170467], [-1.02233, 46.17044], [-1.022264, 46.17042], [-1.022235, 46.170387], [-1.022268, 46.17035], [-1.022346, 46.17026], [-1.022419, 46.170155], [-1.022832, 46.169613], [-1.022981, 46.1694], [-1.02301, 46.169342], [-1.023101, 46.169228], [-1.023146, 46.169178], [-1.023261, 46.169037], [-1.023388, 46.16889], [-1.023535, 46.16875], [-1.02378, 46.168526], [-1.02396, 46.16831], [-1.024154, 46.16808], [-1.024192, 46.168007], [-1.024299, 46.167866], [-1.024353, 46.167824], [-1.024529, 46.16761], [-1.024687, 46.167397], [-1.025028, 46.16692], [-1.025214, 46.16668], [-1.025306, 46.16656], [-1.025375, 46.166515], [-1.025428, 46.166462], [-1.02562, 46.16624], [-1.025699, 46.166138], [-1.025721, 46.16609], [-1.025843, 46.16594], [-1.025921, 46.1659], [-1.026224, 46.165558], [-1.026256, 46.165504], [-1.026583, 46.16516], [-1.026667, 46.165096], [-1.027102, 46.16467], [-1.027186, 46.164604], [-1.027232, 46.164562], [-1.027219, 46.164497], [-1.026969, 46.164387], [-1.026602, 46.16424], [-1.02625, 46.16407], [-1.025957, 46.163902], [-1.025701, 46.16373], [-1.025149, 46.163334], [-1.024933, 46.16318], [-1.024713, 46.163067], [-1.024474, 46.162952], [-1.024225, 46.162853], [-1.023943, 46.162758], [-1.023658, 46.16267], [-1.023085, 46.162495], [-1.022738, 46.16238], [-1.022406, 46.162273], [-1.022094, 46.162163], [-1.021794, 46.162018], [-1.020899, 46.161762], [-1.020607, 46.161655], [-1.020465, 46.1616], [-1.020337, 46.161533], [-1.02019, 46.161453], [-1.020055, 46.161373], [-1.019463, 46.16095], [-1.019158, 46.160732], [-1.018853, 46.16053], [-1.018608, 46.160374], [-1.018371, 46.160225], [-1.017877, 46.159935], [-1.017402, 46.159637], [-1.017196, 46.1595], [-1.016993, 46.15936], [-1.016657, 46.159107], [-1.016488, 46.158985], [-1.01633, 46.15886], [-1.016223, 46.158764], [-1.016129, 46.15867], [-1.015932, 46.158436], [-1.015744, 46.1582], [-1.015447, 46.157833], [-1.015121, 46.157448], [-1.014955, 46.157303], [-1.01469, 46.15713], [-1.01426, 46.1569], [-1.014025, 46.15675], [-1.013827, 46.15662], [-1.013643, 46.15649], [-1.013517, 46.15638], [-1.013417, 46.15627], [-1.013341, 46.156166], [-1.013281, 46.15607], [-1.013245, 46.156017], [-1.013185, 46.155964], [-1.0131, 46.155922], [-1.012969, 46.155827], [-1.01276, 46.15583], [-1.01224, 46.15571], [-1.01123, 46.15542], [-1.01016, 46.1551], [-1.00976, 46.155], [-1.00924, 46.1549], [-1.00899, 46.15478], [-1.00864, 46.15454], [-1.00835, 46.15439], [-1.00824, 46.15438], [-1.00743, 46.15438], [-1.00751, 46.15489], [-1.00752, 46.155], [-1.00749, 46.15528], [-1.00744, 46.15549], [-1.00742, 46.15553], [-1.00734, 46.15567], [-1.00686, 46.1563], [-1.00659, 46.15662], [-1.00623, 46.15701], [-1.00586, 46.1574], [-1.00568, 46.15776], [-1.00534, 46.15844], [-1.00525, 46.15866], [-1.00523, 46.15883], [-1.00525, 46.15909], [-1.00535, 46.15929], [-1.00557, 46.15952], [-1.00587, 46.15977], [-1.0061, 46.16001], [-1.00629, 46.16027], [-1.00671, 46.16085], [-1.00686, 46.16108], [-1.00698, 46.16136], [-1.007, 46.16171], [-1.00698, 46.16225], [-1.00688, 46.16275], [-1.00684, 46.16322], [-1.00681, 46.16379], [-1.00679, 46.16496], [-1.00683, 46.16556], [-1.00686, 46.16591], [-1.00685, 46.16608], [-1.0068, 46.16623], [-1.0067, 46.16635], [-1.00651, 46.16651], [-1.00621, 46.16682], [-1.00607, 46.16703], [-1.00597, 46.1673], [-1.00588, 46.16759], [-1.00574, 46.16828], [-1.00564, 46.16865], [-1.0056, 46.16879], [-1.00546, 46.16912], [-1.00524, 46.16945], [-1.00483, 46.17006], [-1.00459, 46.17041], [-1.00403, 46.17118], [-1.00391, 46.17136], [-1.00384, 46.17152], [-1.00377, 46.17179], [-1.00363, 46.17245], [-1.00348, 46.17343], [-1.00337, 46.17383], [-1.00325, 46.17428], [-1.00317, 46.17468], [-1.00314, 46.17506], [-1.00312, 46.17565], [-1.00312, 46.17583], [-1.00314, 46.17605], [-1.00319, 46.1763], [-1.0033, 46.17672], [-1.00332, 46.177], [-1.0033, 46.17739], [-1.00324, 46.17794], [-1.00316, 46.17836], [-1.00301, 46.17905], [-1.00299, 46.17938], [-1.00305, 46.17982], [-1.00315, 46.18006], [-1.00323, 46.18014], [-1.00342, 46.18026], [-1.00424, 46.18061], [-1.00449, 46.18074], [-1.00492, 46.18099], [-1.00512, 46.18113], [-1.00558, 46.18146], [-1.00566, 46.18151], [-1.00667, 46.18224], [-1.00726, 46.1826], [-1.00799, 46.18306], [-1.00822, 46.18318], [-1.00857, 46.18328], [-1.00922, 46.18337], [-1.00942, 46.18343], [-1.00944, 46.18345], [-1.00944, 46.18352], [-1.00937, 46.18365], [-1.00911, 46.184], [-1.009, 46.18414], [-1.00845, 46.18499], [-1.00842, 46.18508], [-1.00843, 46.18515], [-1.00848, 46.18521], [-1.00854, 46.18525], [-1.00904, 46.18559], [-1.009394, 46.185818], [-1.00968, 46.18593], [-1.010176, 46.186214], [-1.010443, 46.186356], [-1.010733, 46.186527], [-1.011023, 46.186687], [-1.011309, 46.186844], [-1.011561, 46.186966], [-1.012272, 46.1872], [-1.012441, 46.18726], [-1.012529, 46.187305], [-1.012617, 46.187366], [-1.01273, 46.18746], [-1.01273, 46.18746], [-1.0134, 46.1878], [-1.01391, 46.188], [-1.01459, 46.18826], [-1.01471, 46.18833], [-1.01539, 46.18881], [-1.01581, 46.18911], [-1.016208, 46.189358], [-1.016208, 46.189358], [-1.01698, 46.18975], [-1.01736, 46.18998], [-1.01746, 46.19006], [-1.01799, 46.19072], [-1.01827, 46.1912], [-1.01844, 46.1913], [-1.01852, 46.19134], [-1.01945, 46.1916], [-1.019966, 46.191746]]}}, {"type": "Feature", "properties": {"route_short_name": "353", "route_long_name": "Place de Verdun <> Sainte-Soulle via Bourgneuf (renfort)", "shape_id": "CA_LA_ROCHELLE:JourneyPattern:353_371E0462F89C10AB4A4BA3356321BE4E", "n_points": 415, "n_shape_variants_in_source": 2}, "geometry": {"type": "LineString", "coordinates": [[-0.974294, 46.183666], [-0.97508, 46.1839], [-0.97522, 46.18398], [-0.9755, 46.18419], [-0.97573, 46.18434], [-0.97635, 46.18464], [-0.9767, 46.1848], [-0.97714, 46.18496], [-0.97774, 46.18511], [-0.97845, 46.18534], [-0.97872, 46.18539], [-0.97899, 46.18539], [-0.97909, 46.18538], [-0.97944, 46.18527], [-0.97991, 46.18513], [-0.98037, 46.18506], [-0.98068, 46.18506], [-0.98078, 46.18507], [-0.98096, 46.18515], [-0.9812, 46.1853], [-0.98142, 46.1854], [-0.98173, 46.18549], [-0.98211, 46.18557], [-0.98232, 46.1856], [-0.98257, 46.18561], [-0.98335, 46.18561], [-0.984, 46.18566], [-0.98534, 46.18586], [-0.98603, 46.18596], [-0.986152, 46.18603], [-0.98673, 46.18601], [-0.98776, 46.18606], [-0.98828, 46.18606], [-0.99034, 46.1859], [-0.99107, 46.18583], [-0.99136, 46.18577], [-0.9923, 46.18555], [-0.99304, 46.18538], [-0.99465, 46.18506], [-0.99602, 46.18474], [-0.99671, 46.1845], [-0.99733, 46.1843], [-0.99818, 46.18415], [-0.99888, 46.18404], [-0.99995, 46.18392], [-1.00079, 46.18386], [-1.0019, 46.18383], [-1.00251, 46.18384], [-1.0033, 46.183968], [-1.00508, 46.18422], [-1.00548, 46.18431], [-1.00703, 46.18476], [-1.00792, 46.18504], [-1.00832, 46.18516], [-1.00843, 46.18515], [-1.00842, 46.18508], [-1.00845, 46.18499], [-1.009, 46.18414], [-1.00937, 46.18365], [-1.00944, 46.18352], [-1.00944, 46.18345], [-1.00942, 46.18343], [-1.00922, 46.18337], [-1.00857, 46.18328], [-1.00822, 46.18318], [-1.00799, 46.18306], [-1.00667, 46.18224], [-1.00558, 46.18146], [-1.00512, 46.18113], [-1.00492, 46.18099], [-1.00449, 46.18074], [-1.00424, 46.18061], [-1.00342, 46.18026], [-1.00323, 46.18014], [-1.00315, 46.18006], [-1.00305, 46.17982], [-1.00299, 46.17938], [-1.00301, 46.17905], [-1.0032, 46.17819], [-1.0033, 46.17739], [-1.00332, 46.177], [-1.0033, 46.17672], [-1.00319, 46.1763], [-1.00314, 46.17605], [-1.00312, 46.17583], [-1.00314, 46.17506], [-1.00317, 46.17468], [-1.00325, 46.17428], [-1.00348, 46.17343], [-1.00371, 46.17205], [-1.00384, 46.17152], [-1.00476, 46.1715], [-1.0056, 46.1715], [-1.00659, 46.17149], [-1.00833, 46.17138], [-1.00872, 46.17136], [-1.0097, 46.17134], [-1.01034, 46.17136], [-1.01041, 46.17136], [-1.011, 46.17133], [-1.01173, 46.17124], [-1.01333, 46.171], [-1.01485, 46.17056], [-1.01666, 46.17003], [-1.01722, 46.16992], [-1.01757, 46.1699], [-1.01806, 46.16992], [-1.01864, 46.16999], [-1.01963, 46.17015], [-1.020161, 46.170242], [-1.02085, 46.17029], [-1.02203, 46.17038], [-1.022777, 46.170544], [-1.022777, 46.170544], [-1.023331, 46.170616], [-1.023885, 46.170746], [-1.024178, 46.170845], [-1.024442, 46.170895], [-1.02476, 46.17099], [-1.025864, 46.17132], [-1.026957, 46.17167], [-1.02793, 46.17197], [-1.028375, 46.172104], [-1.029171, 46.172344], [-1.02968, 46.172478], [-1.030935, 46.172783], [-1.032019, 46.173073], [-1.03287, 46.17334], [-1.033721, 46.173615], [-1.034577, 46.17389], [-1.034839, 46.17398], [-1.035318, 46.17416], [-1.035785, 46.174324], [-1.035919, 46.174423], [-1.035919, 46.174423], [-1.037, 46.17468], [-1.038357, 46.17521], [-1.038595, 46.175304], [-1.039052, 46.175465], [-1.03938, 46.17555], [-1.039612, 46.175602], [-1.040035, 46.175686], [-1.040429, 46.175762], [-1.040892, 46.17588], [-1.041356, 46.176014], [-1.041816, 46.17616], [-1.04227, 46.176296], [-1.042999, 46.176525], [-1.043719, 46.176777], [-1.04416, 46.17697], [-1.045106, 46.17747], [-1.046086, 46.177948], [-1.04781, 46.17878], [-1.048794, 46.17934], [-1.048888, 46.179443], [-1.048888, 46.179443], [-1.04904, 46.1795], [-1.04904, 46.17951], [-1.04904, 46.17953], [-1.04906, 46.17957], [-1.04914, 46.17962], [-1.04917, 46.17963], [-1.04928, 46.17959], [-1.04929, 46.17958], [-1.0493, 46.17955], [-1.04931, 46.17951], [-1.04953, 46.17935], [-1.05055, 46.17906], [-1.0517, 46.17885], [-1.05273, 46.17865], [-1.05326, 46.17852], [-1.05376, 46.17838], [-1.05497, 46.17805], [-1.05506, 46.17802], [-1.05584, 46.17781], [-1.05737, 46.17744], [-1.05777, 46.17736], [-1.06015, 46.17696], [-1.06236, 46.17659], [-1.06422, 46.17634], [-1.06444, 46.17626], [-1.06459, 46.17617], [-1.06524, 46.17571], [-1.06532, 46.17562], [-1.06535, 46.17551], [-1.06535, 46.1754], [-1.06523, 46.17518], [-1.06524, 46.17512], [-1.06526, 46.17507], [-1.06532, 46.17499], [-1.06541, 46.17496], [-1.06582, 46.17504], [-1.06593, 46.17505], [-1.06619, 46.17498], [-1.06669, 46.17474], [-1.06678, 46.17472], [-1.06689, 46.17473], [-1.06697, 46.17475], [-1.06729, 46.17497], [-1.06811, 46.17562], [-1.06839, 46.17581], [-1.06852, 46.17588], [-1.06875, 46.17601], [-1.06885, 46.17611], [-1.06895, 46.17618], [-1.06906, 46.17625], [-1.06923, 46.17643], [-1.06922, 46.17648], [-1.06923, 46.17654], [-1.06929, 46.17662], [-1.0694, 46.17668], [-1.06953, 46.17671], [-1.06965, 46.1767], [-1.06975, 46.17667], [-1.06979, 46.17664], [-1.07012, 46.17667], [-1.07038, 46.17671], [-1.07095, 46.17687], [-1.07112, 46.17691], [-1.07194, 46.17715], [-1.07223, 46.17723], [-1.07262, 46.17726], [-1.07295, 46.17728], [-1.07338, 46.17729], [-1.0744, 46.17731], [-1.076, 46.1774], [-1.07627, 46.17739], [-1.07658, 46.17737], [-1.07689, 46.17739], [-1.07757, 46.17741], [-1.07822, 46.17744], [-1.07965, 46.17749], [-1.08202, 46.17758], [-1.08408, 46.17765], [-1.08524, 46.1777], [-1.08565, 46.17772], [-1.08678, 46.1778], [-1.08736, 46.17792], [-1.0878, 46.17809], [-1.08821, 46.17829], [-1.08871, 46.17867], [-1.08913, 46.17904], [-1.08974, 46.1796], [-1.08992, 46.17983], [-1.09003, 46.17999], [-1.08997, 46.18009], [-1.08998, 46.18016], [-1.09003, 46.18024], [-1.09008, 46.18027], [-1.0902, 46.18032], [-1.09027, 46.18033], [-1.09031, 46.18033], [-1.09042, 46.18041], [-1.09049, 46.18048], [-1.09063, 46.18061], [-1.09095, 46.18108], [-1.09108, 46.18144], [-1.09104, 46.18147], [-1.091, 46.18155], [-1.091, 46.18163], [-1.09102, 46.18168], [-1.09109, 46.18175], [-1.09117, 46.1818], [-1.09135, 46.18182], [-1.09144, 46.1818], [-1.09158, 46.18173], [-1.09164, 46.18163], [-1.09164, 46.18153], [-1.09161, 46.18148], [-1.09158, 46.18146], [-1.09158, 46.18133], [-1.09162, 46.18123], [-1.09198, 46.18085], [-1.09233, 46.1806], [-1.09269, 46.18042], [-1.09316, 46.18026], [-1.09317, 46.18025], [-1.09323, 46.18018], [-1.09347, 46.18011], [-1.09379, 46.18001], [-1.09414, 46.17991], [-1.09458, 46.17978], [-1.09479, 46.17972], [-1.09578, 46.17942], [-1.098, 46.17876], [-1.10131, 46.17777], [-1.11096, 46.1749], [-1.11524, 46.17362], [-1.11923, 46.17246], [-1.12082, 46.17199], [-1.12264, 46.17145], [-1.1257, 46.1704], [-1.13262, 46.1681], [-1.13604, 46.16698], [-1.13642, 46.16686], [-1.13667, 46.1668], [-1.13679, 46.16677], [-1.13713, 46.16676], [-1.13724, 46.16674], [-1.1373, 46.16676], [-1.13768, 46.16685], [-1.13846, 46.16706], [-1.13943, 46.16733], [-1.1398, 46.16744], [-1.13992, 46.16749], [-1.13993, 46.16752], [-1.13999, 46.16757], [-1.14006, 46.16758], [-1.14017, 46.16757], [-1.1402, 46.16756], [-1.14034, 46.16759], [-1.14088, 46.16772], [-1.141, 46.16772], [-1.14145, 46.16784], [-1.14286, 46.16822], [-1.14503, 46.16881], [-1.14521, 46.16889], [-1.14547, 46.16896], [-1.14601, 46.1691], [-1.14645, 46.16922], [-1.14652, 46.16925], [-1.14662, 46.16932], [-1.14673, 46.16938], [-1.14678, 46.16939], [-1.14705, 46.16947], [-1.14726, 46.16944], [-1.14764, 46.16954], [-1.14798, 46.16961], [-1.14821, 46.16961], [-1.14845, 46.16959], [-1.14869, 46.16953], [-1.14891, 46.16944], [-1.148997, 46.169434], [-1.148997, 46.169434], [-1.149338, 46.169277], [-1.149492, 46.16921], [-1.149644, 46.169144], [-1.149733, 46.16912], [-1.149793, 46.16912], [-1.149858, 46.16913], [-1.149924, 46.16913], [-1.150019, 46.169136], [-1.150131, 46.169167], [-1.150479, 46.169254], [-1.150696, 46.16933], [-1.15087, 46.16942], [-1.150985, 46.169476], [-1.151078, 46.169544], [-1.151155, 46.169617], [-1.15121, 46.169693], [-1.151249, 46.16977], [-1.151297, 46.16983], [-1.151389, 46.169888], [-1.15155, 46.169926], [-1.151671, 46.169926], [-1.151796, 46.16989], [-1.151923, 46.16982], [-1.151989, 46.169712], [-1.151996, 46.169594], [-1.151981, 46.169483], [-1.151987, 46.16939], [-1.152004, 46.169304], [-1.152053, 46.169174], [-1.152168, 46.16901], [-1.152261, 46.168945], [-1.152261, 46.168945], [-1.152305, 46.168804], [-1.152578, 46.16837], [-1.152798, 46.167934], [-1.152905, 46.167686], [-1.153017, 46.167435], [-1.153133, 46.167194], [-1.153244, 46.167007], [-1.153298, 46.16687], [-1.153313, 46.166718], [-1.153312, 46.166634], [-1.15332, 46.166553], [-1.153339, 46.16645], [-1.153393, 46.16635], [-1.15346, 46.16628], [-1.153769, 46.166023], [-1.153769, 46.166023], [-1.154251, 46.16556], [-1.154318, 46.165516], [-1.154402, 46.16551], [-1.154606, 46.1655], [-1.154741, 46.165485], [-1.154825, 46.165462], [-1.154897, 46.16543], [-1.155018, 46.165375], [-1.155555, 46.16504], [-1.155649, 46.164963], [-1.155676, 46.16487], [-1.155686, 46.16472], [-1.155713, 46.164536], [-1.155318, 46.163265], [-1.155253, 46.163124], [-1.15519, 46.163017], [-1.155154, 46.162914], [-1.155138, 46.162876], [-1.155134, 46.162838], [-1.155135, 46.162758], [-1.155156, 46.162678], [-1.155181, 46.162617], [-1.155234, 46.162483], [-1.155214, 46.162434], [-1.155118, 46.16231], [-1.155055, 46.162228], [-1.155004, 46.1622], [-1.154875, 46.16219], [-1.154785, 46.162163], [-1.154718, 46.16214], [-1.154663, 46.162117], [-1.153996, 46.162], [-1.153652, 46.161934]]}}, {"type": "Feature", "properties": {"route_short_name": "354", "route_long_name": "Place de Verdun <> V\u00e9rines via Dompierre <> Sainte-Soulle", "shape_id": "CA_LA_ROCHELLE:JourneyPattern:354_5E914C54718A35C535E10FAAD32EC516", "n_points": 562, "n_shape_variants_in_source": 2}, "geometry": {"type": "LineString", "coordinates": [[-1.154533, 46.162273], [-1.154411, 46.162323], [-1.15281, 46.16207], [-1.152699, 46.162067], [-1.152639, 46.16214], [-1.152513, 46.162388], [-1.15237, 46.16275], [-1.15223, 46.16309], [-1.152, 46.16364], [-1.15178, 46.16423], [-1.15158, 46.16468], [-1.151488, 46.16491], [-1.151488, 46.16491], [-1.15138, 46.165268], [-1.15124, 46.165623], [-1.151098, 46.165974], [-1.15095, 46.16632], [-1.15089, 46.16646], [-1.150702, 46.1667], [-1.150702, 46.1667], [-1.15061, 46.16691], [-1.150511, 46.16711], [-1.15029, 46.16766], [-1.15017, 46.16792], [-1.15004, 46.16822], [-1.149921, 46.1685], [-1.14983, 46.16873], [-1.149771, 46.168854], [-1.149698, 46.16892], [-1.14965, 46.16898], [-1.14953, 46.169067], [-1.149275, 46.16918], [-1.148943, 46.169327], [-1.14871, 46.169426], [-1.148555, 46.16946], [-1.148555, 46.16946], [-1.14842, 46.16951], [-1.14813, 46.16953], [-1.14779, 46.16952], [-1.14737, 46.16941], [-1.14712, 46.16929], [-1.14683, 46.1692], [-1.14668, 46.16921], [-1.1465, 46.16915], [-1.1456, 46.16891], [-1.14522, 46.16881], [-1.14503, 46.16881], [-1.14465, 46.1687], [-1.144, 46.16853], [-1.14239, 46.1681], [-1.141, 46.16772], [-1.14054, 46.16757], [-1.14031, 46.16749], [-1.14021, 46.16738], [-1.14017, 46.16735], [-1.14012, 46.16735], [-1.14002, 46.16737], [-1.13999, 46.16738], [-1.13988, 46.16738], [-1.13957, 46.1673], [-1.13926, 46.16725], [-1.13821, 46.16698], [-1.13795, 46.1669], [-1.13767, 46.16678], [-1.13727, 46.16658], [-1.13712, 46.16653], [-1.13695, 46.16652], [-1.13647, 46.16674], [-1.13641, 46.16677], [-1.13508, 46.1672], [-1.13115, 46.1685], [-1.12851, 46.16935], [-1.12472, 46.17063], [-1.12332, 46.17108], [-1.12288, 46.1712], [-1.12274, 46.17125], [-1.12187, 46.17151], [-1.12027, 46.17201], [-1.11537, 46.17349], [-1.10553, 46.17643], [-1.0951, 46.17954], [-1.08998, 46.18106], [-1.08588, 46.1822], [-1.08408, 46.1827], [-1.08255, 46.18314], [-1.08145, 46.18351], [-1.08126, 46.18353], [-1.08095, 46.18364], [-1.08055, 46.18377], [-1.08031, 46.18384], [-1.0787, 46.18422], [-1.07796, 46.18439], [-1.07751, 46.18451], [-1.07625, 46.18488], [-1.07522, 46.18519], [-1.07382, 46.1856], [-1.07306, 46.18581], [-1.07289, 46.18586], [-1.07171, 46.18629], [-1.07054, 46.1868], [-1.069952, 46.18699], [-1.069872, 46.18708], [-1.069812, 46.187103], [-1.069754, 46.18709], [-1.069725, 46.18704], [-1.069683, 46.186947], [-1.069638, 46.186867], [-1.069579, 46.18676], [-1.069512, 46.186687], [-1.069431, 46.186634], [-1.06913, 46.18642], [-1.068577, 46.18601], [-1.068577, 46.18601], [-1.068479, 46.185993], [-1.068287, 46.18589], [-1.06748, 46.185444], [-1.067233, 46.185314], [-1.067088, 46.185234], [-1.066998, 46.185204], [-1.066952, 46.18519], [-1.066899, 46.18514], [-1.066819, 46.185104], [-1.066484, 46.184933], [-1.066169, 46.184776], [-1.06603, 46.18472], [-1.065921, 46.184673], [-1.065881, 46.184673], [-1.065797, 46.184635], [-1.06566, 46.184574], [-1.065472, 46.1845], [-1.065302, 46.184437], [-1.065302, 46.184437], [-1.064915, 46.18439], [-1.064541, 46.184326], [-1.064175, 46.184242], [-1.06407, 46.184196], [-1.064024, 46.18415], [-1.063998, 46.184116], [-1.063961, 46.18409], [-1.0639, 46.18407], [-1.063843, 46.18406], [-1.063768, 46.184074], [-1.063701, 46.184093], [-1.063612, 46.1841], [-1.063525, 46.184082], [-1.06343, 46.184067], [-1.063329, 46.184055], [-1.06322, 46.18407], [-1.062598, 46.184196], [-1.062536, 46.184216], [-1.062479, 46.18425], [-1.062431, 46.184303], [-1.06217, 46.18475], [-1.062101, 46.18488], [-1.06203, 46.18495], [-1.06193, 46.18502], [-1.061713, 46.18515], [-1.061508, 46.18529], [-1.06125, 46.18545], [-1.06111, 46.1855], [-1.06095, 46.18554], [-1.060644, 46.185616], [-1.06034, 46.18567], [-1.060257, 46.185684], [-1.060197, 46.18568], [-1.060155, 46.185673], [-1.06012, 46.18567], [-1.06008, 46.18567], [-1.06002, 46.18569], [-1.05999, 46.18572], [-1.05998, 46.18576], [-1.06, 46.18581], [-1.060051, 46.185852], [-1.060118, 46.185875], [-1.060214, 46.18588], [-1.060317, 46.185944], [-1.060405, 46.18605], [-1.060405, 46.18605], [-1.060816, 46.186287], [-1.061193, 46.186546], [-1.061386, 46.186687], [-1.061541, 46.186817], [-1.061689, 46.186962], [-1.06183, 46.18712], [-1.062239, 46.187737], [-1.06243, 46.1881], [-1.06263, 46.18859], [-1.06268, 46.18868], [-1.062733, 46.188744], [-1.062763, 46.18879], [-1.062751, 46.188828], [-1.062656, 46.18889], [-1.06256, 46.18896], [-1.062339, 46.189125], [-1.062028, 46.189384], [-1.061991, 46.18935], [-1.061572, 46.189754], [-1.061342, 46.189926], [-1.061083, 46.190125], [-1.060118, 46.19092], [-1.059504, 46.19142], [-1.059071, 46.191776], [-1.058631, 46.192116], [-1.058242, 46.192436], [-1.05783, 46.19274], [-1.05685, 46.19358], [-1.056292, 46.194016], [-1.055731, 46.19448], [-1.055534, 46.194637], [-1.05522, 46.19489], [-1.055022, 46.195023], [-1.054924, 46.195057], [-1.054787, 46.195084], [-1.054661, 46.195084], [-1.054396, 46.195065], [-1.054072, 46.195038], [-1.053843, 46.195026], [-1.05356, 46.195103], [-1.053273, 46.19518], [-1.052913, 46.19525], [-1.05255, 46.19545], [-1.05241, 46.1955], [-1.05238, 46.19548], [-1.05234, 46.19547], [-1.05229, 46.19547], [-1.05188, 46.19561], [-1.0509, 46.19591], [-1.0489, 46.19651], [-1.04823, 46.19672], [-1.04774, 46.19695], [-1.0474, 46.19708], [-1.04691, 46.1972], [-1.04683, 46.19727], [-1.04612, 46.1974], [-1.04513, 46.19762], [-1.04406, 46.19791], [-1.04257, 46.19835], [-1.04179, 46.19859], [-1.04067, 46.19888], [-1.03951, 46.19911], [-1.0385, 46.19926], [-1.03713, 46.1994], [-1.03542, 46.19953], [-1.0344, 46.19963], [-1.0333, 46.19977], [-1.03184, 46.20001], [-1.03082, 46.20021], [-1.02999, 46.2004], [-1.02981, 46.20039], [-1.02955, 46.20045], [-1.02928, 46.20048], [-1.02904, 46.20048], [-1.02875, 46.20046], [-1.02795, 46.20036], [-1.02762, 46.20034], [-1.0275, 46.20035], [-1.02732, 46.2004], [-1.0272, 46.20046], [-1.02709, 46.20057], [-1.02702, 46.20067], [-1.02702, 46.20076], [-1.02703, 46.20084], [-1.02713, 46.20111], [-1.02726, 46.20138], [-1.02744, 46.20177], [-1.0275, 46.202], [-1.0275, 46.2021], [-1.02749, 46.20217], [-1.02745, 46.20225], [-1.02742, 46.20227], [-1.02736, 46.20231], [-1.02731, 46.20236], [-1.02727, 46.20249], [-1.0273, 46.20264], [-1.0273, 46.202694], [-1.027289, 46.20276], [-1.027244, 46.20285], [-1.027184, 46.20291], [-1.026423, 46.203167], [-1.026281, 46.203136], [-1.026229, 46.20308], [-1.026198, 46.203026], [-1.026198, 46.202927], [-1.02622, 46.20278], [-1.026271, 46.202686], [-1.026412, 46.202663], [-1.026457, 46.202633], [-1.026472, 46.202595], [-1.026474, 46.20255], [-1.026441, 46.20252], [-1.026304, 46.202522], [-1.026238, 46.202545], [-1.02621, 46.202587], [-1.026153, 46.202824], [-1.026145, 46.203056], [-1.026161, 46.20316], [-1.026198, 46.203224], [-1.026231, 46.203266], [-1.026313, 46.203262], [-1.026408, 46.203262], [-1.02704, 46.20303], [-1.0272, 46.20295], [-1.02735, 46.20286], [-1.0275, 46.20283], [-1.02778, 46.20284], [-1.02798, 46.20278], [-1.02814, 46.20266], [-1.02826, 46.20261], [-1.02841, 46.20258], [-1.02883, 46.20255], [-1.02917, 46.20249], [-1.03007, 46.20221], [-1.030466, 46.202095], [-1.030466, 46.202095], [-1.0315, 46.20175], [-1.03154, 46.20175], [-1.03161, 46.20171], [-1.03162, 46.20166], [-1.03159, 46.2016], [-1.03155, 46.20159], [-1.03153, 46.20158], [-1.03128, 46.20142], [-1.03039, 46.20091], [-1.02986, 46.20055], [-1.02972, 46.20044], [-1.02916, 46.20005], [-1.02848, 46.19973], [-1.028, 46.19948], [-1.02792, 46.19948], [-1.02768, 46.19956], [-1.02755, 46.1997], [-1.02744, 46.19982], [-1.02691, 46.20035], [-1.02682, 46.2005], [-1.02662, 46.20098], [-1.02645, 46.20127], [-1.02632, 46.20141], [-1.02597, 46.2016], [-1.0259, 46.20167], [-1.02542, 46.20186], [-1.02474, 46.20215], [-1.02336, 46.2028], [-1.02159, 46.20367], [-1.02059, 46.20418], [-1.01838, 46.20527], [-1.01719, 46.2058], [-1.01614, 46.20622], [-1.01456, 46.20676], [-1.01336, 46.20712], [-1.00701, 46.20901], [-0.99948, 46.21124], [-0.99154, 46.2136], [-0.99113, 46.21372], [-0.99103, 46.2137], [-0.99102, 46.2137], [-0.99088, 46.21374], [-0.99079, 46.21375], [-0.9907, 46.21374], [-0.99065, 46.21371], [-0.99059, 46.2136], [-0.99052, 46.2134], [-0.99049, 46.21329], [-0.99041, 46.2132], [-0.99045, 46.21304], [-0.99041, 46.21247], [-0.99035, 46.21236], [-0.99024, 46.21218], [-0.99011, 46.21203], [-0.98982, 46.21174], [-0.98971, 46.21157], [-0.9897, 46.21146], [-0.98971, 46.2114], [-0.98981, 46.2112], [-0.99012, 46.21063], [-0.99016, 46.2105], [-0.990202, 46.21036], [-0.990202, 46.21036], [-0.99018, 46.21], [-0.99021, 46.20987], [-0.99038, 46.20925], [-0.99042, 46.20916], [-0.99052, 46.20911], [-0.99071, 46.20906], [-0.99102, 46.20903], [-0.99108, 46.20902], [-0.9913, 46.20853], [-0.99152, 46.20801], [-0.99173, 46.20748], [-0.99173, 46.20743], [-0.99162, 46.20732], [-0.99127, 46.20719], [-0.99065, 46.20697], [-0.990305, 46.206753], [-0.990305, 46.206753], [-0.98973, 46.20657], [-0.98952, 46.20647], [-0.98951, 46.20645], [-0.98948, 46.20641], [-0.98943, 46.20637], [-0.98931, 46.20634], [-0.98924, 46.20634], [-0.98896, 46.20617], [-0.98887, 46.20609], [-0.98822, 46.20558], [-0.98722, 46.20483], [-0.9852, 46.20315], [-0.98361, 46.20178], [-0.98263, 46.20094], [-0.98196, 46.20046], [-0.98123, 46.19994], [-0.98086, 46.19972], [-0.98047, 46.19955], [-0.97954, 46.19922], [-0.97782, 46.19856], [-0.97704, 46.19827], [-0.97626, 46.19794], [-0.9759, 46.19778], [-0.9745, 46.19717], [-0.97362, 46.19678], [-0.97272, 46.1964], [-0.972211, 46.196194], [-0.971687, 46.196033], [-0.971099, 46.19583], [-0.970735, 46.195683], [-0.970595, 46.19561], [-0.970538, 46.195568], [-0.970516, 46.195534], [-0.970497, 46.195503], [-0.970463, 46.195484], [-0.96901, 46.19456], [-0.970297, 46.19542], [-0.969545, 46.19492], [-0.969023, 46.194546], [-0.968515, 46.194176], [-0.968122, 46.193882], [-0.967932, 46.19369], [-0.967849, 46.193604], [-0.967536, 46.193417], [-0.967313, 46.193214], [-0.967313, 46.193214], [-0.967234, 46.19318], [-0.967175, 46.193157], [-0.967107, 46.19315], [-0.965906, 46.192577], [-0.965647, 46.19243], [-0.965647, 46.19243], [-0.964804, 46.192047], [-0.964415, 46.191864], [-0.964338, 46.19181], [-0.964288, 46.19176], [-0.964202, 46.191666], [-0.964037, 46.19138], [-0.963754, 46.19086], [-0.963585, 46.190563], [-0.963394, 46.190273], [-0.962853, 46.189495], [-0.962653, 46.18923], [-0.962445, 46.188984], [-0.962055, 46.188538], [-0.961725, 46.18814], [-0.961627, 46.187996], [-0.961547, 46.18789], [-0.961307, 46.18736], [-0.961225, 46.187195], [-0.961141, 46.187077], [-0.960981, 46.186905], [-0.960728, 46.186573], [-0.960541, 46.186234], [-0.960437, 46.186043], [-0.960327, 46.18585], [-0.960245, 46.18574], [-0.960049, 46.18557], [-0.959788, 46.185417], [-0.95923, 46.18513], [-0.95907, 46.18503], [-0.95888, 46.1849], [-0.95857, 46.18461], [-0.9584, 46.18445], [-0.95799, 46.18402], [-0.95722, 46.18329], [-0.95712, 46.18317], [-0.957048, 46.182926], [-0.957125, 46.18264], [-0.957463, 46.182304], [-0.957727, 46.181995], [-0.95797, 46.18153], [-0.958149, 46.18072], [-0.958213, 46.18036], [-0.958221, 46.180225], [-0.958186, 46.180096], [-0.957957, 46.179554], [-0.957911, 46.17947], [-0.957878, 46.179432], [-0.957572, 46.17927], [-0.95703, 46.179016], [-0.95703, 46.179016], [-0.95657, 46.17891], [-0.95648, 46.17884], [-0.95646, 46.17881], [-0.95647, 46.17879], [-0.95647, 46.17876], [-0.95659, 46.17866], [-0.95708, 46.17837], [-0.95752, 46.17814], [-0.95883, 46.17756], [-0.95946, 46.17728], [-0.95976, 46.17718], [-0.95994, 46.17714], [-0.96031, 46.1771], [-0.96124, 46.17706], [-0.96358, 46.17697], [-0.96725, 46.17679], [-0.96794, 46.17667], [-0.97036, 46.17621], [-0.97103, 46.17611], [-0.97138, 46.17608], [-0.97526, 46.17586], [-0.97512, 46.17615], [-0.97504, 46.17638], [-0.97468, 46.17743], [-0.97427, 46.17861], [-0.97363, 46.18017], [-0.97328, 46.181], [-0.9731, 46.18144], [-0.97291, 46.18197], [-0.97282, 46.18227], [-0.9728, 46.18244], [-0.97283, 46.18258], [-0.97294, 46.18299], [-0.97305, 46.18325], [-0.97325, 46.18329], [-0.97388, 46.18351], [-0.974294, 46.183666], [-0.97508, 46.1839], [-0.97522, 46.18398], [-0.9755, 46.18419], [-0.97573, 46.18434], [-0.97635, 46.18464], [-0.9767, 46.1848], [-0.97714, 46.18496], [-0.97774, 46.18511], [-0.97845, 46.18534], [-0.97872, 46.18539], [-0.97899, 46.18539], [-0.97909, 46.18538], [-0.97944, 46.18527], [-0.97991, 46.18513], [-0.98037, 46.18506], [-0.98068, 46.18506], [-0.98078, 46.18507], [-0.98096, 46.18515], [-0.9812, 46.1853], [-0.98142, 46.1854], [-0.98173, 46.18549], [-0.98211, 46.18557], [-0.98232, 46.1856], [-0.98257, 46.18561], [-0.98335, 46.18561], [-0.984, 46.18566], [-0.98534, 46.18586], [-0.98603, 46.18596], [-0.986152, 46.18603]]}}, {"type": "Feature", "properties": {"route_short_name": "355", "route_long_name": "Place de Verdun <> V\u00e9rines via Sainte-Soulle", "shape_id": "CA_LA_ROCHELLE:JourneyPattern:355_A6A77A0B17214989EF868DFEF8F43437", "n_points": 337, "n_shape_variants_in_source": 1}, "geometry": {"type": "LineString", "coordinates": [[-0.990202, 46.21036], [-0.99018, 46.21], [-0.99021, 46.20987], [-0.99038, 46.20925], [-0.99042, 46.20916], [-0.99052, 46.20911], [-0.99071, 46.20906], [-0.99102, 46.20903], [-0.99108, 46.20902], [-0.9913, 46.20853], [-0.99152, 46.20801], [-0.99173, 46.20748], [-0.99173, 46.20743], [-0.99162, 46.20732], [-0.99127, 46.20719], [-0.99065, 46.20697], [-0.990305, 46.206753], [-0.990305, 46.206753], [-0.98973, 46.20657], [-0.98952, 46.20647], [-0.98951, 46.20645], [-0.98948, 46.20641], [-0.98943, 46.20637], [-0.98931, 46.20634], [-0.98918, 46.20636], [-0.98909, 46.20641], [-0.98905, 46.20648], [-0.98908, 46.20657], [-0.98915, 46.20662], [-0.98919, 46.20664], [-0.98921, 46.20665], [-0.98927, 46.20684], [-0.98927, 46.20702], [-0.98917, 46.20729], [-0.98879, 46.20795], [-0.987969, 46.209316], [-0.9876, 46.21007], [-0.98747, 46.21042], [-0.98742, 46.21065], [-0.98741, 46.2109], [-0.98742, 46.21118], [-0.98749, 46.21146], [-0.98759, 46.21173], [-0.98795, 46.21236], [-0.98836, 46.213], [-0.98911, 46.21427], [-0.98928, 46.21456], [-0.98973, 46.21527], [-0.98985, 46.21537], [-0.99002, 46.21545], [-0.9902, 46.2155], [-0.99042, 46.21553], [-0.9906, 46.21552], [-0.99075, 46.21549], [-0.99088, 46.21543], [-0.99108, 46.21527], [-0.99118, 46.2151], [-0.99122, 46.21492], [-0.99116, 46.21466], [-0.991, 46.2143], [-0.99097, 46.21417], [-0.99099, 46.21408], [-0.99108, 46.214], [-0.9912, 46.21394], [-0.99165, 46.21381], [-0.99166, 46.2138], [-0.99169, 46.21375], [-0.9939, 46.21309], [-0.99434, 46.21297], [-0.99528, 46.21268], [-0.99815, 46.21183], [-0.9991, 46.21155], [-1.0004, 46.21116], [-1.00358, 46.21022], [-1.0087, 46.2087], [-1.01117, 46.20797], [-1.01388, 46.20716], [-1.01461, 46.20692], [-1.01577, 46.2065], [-1.01678, 46.2061], [-1.01813, 46.20551], [-1.02091, 46.20414], [-1.02383, 46.20271], [-1.02394, 46.20271], [-1.02409, 46.20264], [-1.02447, 46.20249], [-1.02476, 46.2024], [-1.02522, 46.2023], [-1.02591, 46.20222], [-1.02665, 46.20221], [-1.02686, 46.20222], [-1.02706, 46.20227], [-1.0272, 46.20237], [-1.02728, 46.20245], [-1.02727, 46.20249], [-1.02728, 46.20257], [-1.0273, 46.20264], [-1.02733, 46.20268], [-1.02731, 46.20276], [-1.02726, 46.2029], [-1.0272, 46.20295], [-1.02704, 46.20303], [-1.026686, 46.203136], [-1.026432, 46.20321], [-1.026285, 46.203247], [-1.026233, 46.203262], [-1.026207, 46.203167], [-1.026197, 46.203083], [-1.026212, 46.202873], [-1.026242, 46.20275], [-1.026313, 46.202682], [-1.026482, 46.20264], [-1.026529, 46.20256], [-1.026473, 46.2025], [-1.026286, 46.202522], [-1.026232, 46.20259], [-1.026219, 46.202663], [-1.026181, 46.20287], [-1.026169, 46.203114], [-1.026196, 46.20322], [-1.026228, 46.20328], [-1.026408, 46.203262], [-1.02704, 46.20303], [-1.0272, 46.20295], [-1.02735, 46.20286], [-1.0275, 46.20283], [-1.02778, 46.20284], [-1.02798, 46.20278], [-1.02814, 46.20266], [-1.02826, 46.20261], [-1.02841, 46.20258], [-1.02883, 46.20255], [-1.02917, 46.20249], [-1.03007, 46.20221], [-1.03128, 46.20184], [-1.03152, 46.20175], [-1.03159, 46.20173], [-1.03162, 46.20167], [-1.0316, 46.20162], [-1.03154, 46.20158], [-1.03146, 46.20159], [-1.03139, 46.20162], [-1.03138, 46.20168], [-1.03139, 46.2017], [-1.03131, 46.20174], [-1.03117, 46.2018], [-1.030397, 46.201977], [-1.0286, 46.20253], [-1.02841, 46.20253], [-1.02828, 46.20249], [-1.02819, 46.20245], [-1.02818, 46.20242], [-1.02815, 46.20237], [-1.02804, 46.20228], [-1.02801, 46.20226], [-1.02796, 46.20215], [-1.02793, 46.20206], [-1.02794, 46.20195], [-1.02799, 46.20184], [-1.02816, 46.20159], [-1.02846, 46.2013], [-1.02868, 46.20114], [-1.02893, 46.20098], [-1.0293, 46.2008], [-1.02976, 46.20064], [-1.02988, 46.20061], [-1.02993, 46.20055], [-1.03064, 46.20038], [-1.03203, 46.2001], [-1.03343, 46.19988], [-1.03468, 46.19972], [-1.03704, 46.19952], [-1.03808, 46.19943], [-1.03934, 46.19926], [-1.04052, 46.19903], [-1.04136, 46.19883], [-1.04319, 46.19829], [-1.04501, 46.19778], [-1.04588, 46.19757], [-1.04652, 46.19744], [-1.04788, 46.19722], [-1.05034, 46.19689], [-1.05313, 46.19651], [-1.05721, 46.19595], [-1.05834, 46.19575], [-1.05945, 46.19552], [-1.06054, 46.19526], [-1.06191, 46.19486], [-1.06296, 46.19451], [-1.06397, 46.19414], [-1.06511, 46.19367], [-1.06611, 46.19322], [-1.06718, 46.19267], [-1.06822, 46.19209], [-1.06921, 46.19147], [-1.07027, 46.19074], [-1.07191, 46.18958], [-1.07369, 46.18833], [-1.07598, 46.18672], [-1.07703, 46.18598], [-1.078, 46.18534], [-1.07905, 46.18474], [-1.07983, 46.18434], [-1.08037, 46.18409], [-1.08106, 46.1838], [-1.08161, 46.18359], [-1.08261, 46.18324], [-1.08368, 46.1829], [-1.08583, 46.1823], [-1.08822, 46.18164], [-1.09089, 46.18088], [-1.0947, 46.17974], [-1.09884, 46.17851], [-1.11735, 46.173], [-1.12078, 46.17201], [-1.12256, 46.17147], [-1.12348, 46.17116], [-1.12489, 46.17067], [-1.12918, 46.16923], [-1.13529, 46.16723], [-1.13662, 46.1668], [-1.13675, 46.16678], [-1.13698, 46.16676], [-1.13724, 46.16674], [-1.13755, 46.16681], [-1.13831, 46.16702], [-1.13924, 46.16728], [-1.13969, 46.16741], [-1.13992, 46.16748], [-1.13993, 46.16751], [-1.13998, 46.16756], [-1.14004, 46.16758], [-1.14015, 46.16758], [-1.1402, 46.16756], [-1.14025, 46.16757], [-1.14088, 46.16772], [-1.141, 46.16772], [-1.14239, 46.1681], [-1.14465, 46.1687], [-1.14536, 46.16893], [-1.14636, 46.1692], [-1.14645, 46.16922], [-1.14657, 46.16928], [-1.14666, 46.16935], [-1.14676, 46.16939], [-1.14697, 46.16945], [-1.14709, 46.16946], [-1.14719, 46.16944], [-1.14735, 46.16946], [-1.14754, 46.16951], [-1.14795, 46.16961], [-1.14833, 46.1696], [-1.14857, 46.16956], [-1.1488, 46.16948], [-1.148997, 46.169434], [-1.148997, 46.169434], [-1.149338, 46.169277], [-1.149492, 46.16921], [-1.149644, 46.169144], [-1.149733, 46.16912], [-1.149793, 46.16912], [-1.149858, 46.16913], [-1.149924, 46.16913], [-1.150019, 46.169136], [-1.150131, 46.169167], [-1.150479, 46.169254], [-1.150696, 46.16933], [-1.15087, 46.16942], [-1.150985, 46.169476], [-1.151078, 46.169544], [-1.151155, 46.169617], [-1.15121, 46.169693], [-1.151249, 46.16977], [-1.151297, 46.16983], [-1.151389, 46.169888], [-1.15155, 46.169926], [-1.151671, 46.169926], [-1.151796, 46.16989], [-1.151923, 46.16982], [-1.151989, 46.169712], [-1.151996, 46.169594], [-1.151981, 46.169483], [-1.151987, 46.16939], [-1.152004, 46.169304], [-1.152053, 46.169174], [-1.152168, 46.16901], [-1.152261, 46.168945], [-1.152261, 46.168945], [-1.152305, 46.168804], [-1.152578, 46.16837], [-1.152798, 46.167934], [-1.152905, 46.167686], [-1.153017, 46.167435], [-1.153133, 46.167194], [-1.153244, 46.167007], [-1.153298, 46.16687], [-1.153313, 46.166718], [-1.153312, 46.166634], [-1.15332, 46.166553], [-1.153339, 46.16645], [-1.153393, 46.16635], [-1.15346, 46.16628], [-1.153769, 46.166023], [-1.153769, 46.166023], [-1.154251, 46.16556], [-1.154318, 46.165516], [-1.154402, 46.16551], [-1.154606, 46.1655], [-1.154741, 46.165485], [-1.154825, 46.165462], [-1.154897, 46.16543], [-1.155018, 46.165375], [-1.155555, 46.16504], [-1.155649, 46.164963], [-1.155676, 46.16487], [-1.155686, 46.16472], [-1.155713, 46.164536], [-1.155318, 46.163265], [-1.155253, 46.163124], [-1.15519, 46.163017], [-1.155154, 46.162914], [-1.155138, 46.162876], [-1.155134, 46.162838], [-1.155135, 46.162758], [-1.155156, 46.162678], [-1.155181, 46.162617], [-1.155234, 46.162483], [-1.155214, 46.162434], [-1.155118, 46.16231], [-1.155055, 46.162228], [-1.155004, 46.1622], [-1.154875, 46.16219], [-1.154785, 46.162163], [-1.154718, 46.16214], [-1.154663, 46.162117], [-1.153996, 46.162], [-1.153652, 46.161934]]}}, {"type": "Feature", "properties": {"route_short_name": "357", "route_long_name": "NAVETTE PdV <> Vieljeux", "shape_id": "CA_LA_ROCHELLE:JourneyPattern:357_C118512D3239D60D5D194032BF735443", "n_points": 46, "n_shape_variants_in_source": 1}, "geometry": {"type": "LineString", "coordinates": [[-1.153652, 46.161934], [-1.15358, 46.16195], [-1.152992, 46.161873], [-1.152871, 46.162067], [-1.152685, 46.162067], [-1.15237, 46.16275], [-1.15195, 46.16378], [-1.15159, 46.16465], [-1.15134, 46.16533], [-1.15092, 46.16639], [-1.15059, 46.16697], [-1.15052, 46.16711], [-1.1502, 46.16785], [-1.15004, 46.16822], [-1.1499, 46.16849], [-1.14986, 46.16864], [-1.14982, 46.16876], [-1.14976, 46.16888], [-1.14969, 46.16894], [-1.14969, 46.169], [-1.14974, 46.16908], [-1.14982, 46.16911], [-1.14993, 46.16911], [-1.15031, 46.1692], [-1.15064, 46.1693], [-1.15084, 46.16939], [-1.15123, 46.16963], [-1.15123, 46.16971], [-1.15126, 46.16976], [-1.15127, 46.16978], [-1.15121, 46.1699], [-1.15092, 46.17019], [-1.15071, 46.17041], [-1.15057, 46.17058], [-1.15042, 46.17084], [-1.15037, 46.17098], [-1.15034, 46.17116], [-1.15033, 46.1715], [-1.15033, 46.17339], [-1.15033, 46.17451], [-1.15039, 46.175], [-1.1505, 46.17543], [-1.15071, 46.17599], [-1.15098, 46.17659], [-1.15118, 46.1769], [-1.151375, 46.177258]]}}, {"type": "Feature", "properties": {"route_short_name": "358", "route_long_name": "NAVETTE Place de Verdun <> Lyc\u00e9e Valin", "shape_id": "CA_LA_ROCHELLE:JourneyPattern:358_A37E9634BCC45F5DB54ECADB6FA0907B", "n_points": 84, "n_shape_variants_in_source": 2}, "geometry": {"type": "LineString", "coordinates": [[-1.136316, 46.15507], [-1.13611, 46.15504], [-1.13588, 46.15492], [-1.13594, 46.15487], [-1.13612, 46.15468], [-1.13638, 46.15436], [-1.13659, 46.15397], [-1.13685, 46.15325], [-1.13705, 46.15272], [-1.13732, 46.15208], [-1.13736, 46.15202], [-1.13751, 46.15189], [-1.13776, 46.15179], [-1.13802, 46.15176], [-1.13822, 46.15178], [-1.13831, 46.15182], [-1.13868, 46.15192], [-1.13889, 46.15202], [-1.13907, 46.15213], [-1.13918, 46.15223], [-1.13926, 46.15228], [-1.13933, 46.15236], [-1.13936, 46.15241], [-1.13937, 46.15247], [-1.13935, 46.15256], [-1.139336, 46.15282], [-1.13928, 46.15303], [-1.13929, 46.15318], [-1.13928, 46.15335], [-1.13929, 46.1534], [-1.13927, 46.15409], [-1.13933, 46.15444], [-1.13937, 46.15454], [-1.13949, 46.15478], [-1.13978, 46.15512], [-1.14019, 46.15543], [-1.14073, 46.15573], [-1.14119, 46.15597], [-1.14248, 46.15668], [-1.14293, 46.15692], [-1.14323, 46.15707], [-1.14336, 46.15717], [-1.14404, 46.15754], [-1.1446, 46.15785], [-1.14567, 46.15852], [-1.14627, 46.15881], [-1.14644, 46.15887], [-1.14671, 46.15891], [-1.14769, 46.159], [-1.14793, 46.15902], [-1.14872, 46.15903], [-1.14916, 46.15899], [-1.14946, 46.15892], [-1.149716, 46.15884], [-1.14993, 46.158787], [-1.150318, 46.15857], [-1.150459, 46.158524], [-1.150711, 46.158432], [-1.150917, 46.158203], [-1.15107, 46.15816], [-1.1518, 46.15816], [-1.15268, 46.15814], [-1.1529, 46.15812], [-1.153155, 46.1581], [-1.153553, 46.15807], [-1.153751, 46.158035], [-1.154243, 46.15791], [-1.154637, 46.15781], [-1.154946, 46.15781], [-1.155401, 46.157867], [-1.155824, 46.157986], [-1.156485, 46.15816], [-1.156518, 46.158283], [-1.15631, 46.158855], [-1.15598, 46.15968], [-1.155665, 46.160442], [-1.155563, 46.160652], [-1.155441, 46.160862], [-1.155203, 46.161236], [-1.154951, 46.16167], [-1.154779, 46.162], [-1.154731, 46.162094], [-1.154652, 46.162106], [-1.153652, 46.161934]]}}, {"type": "Feature", "properties": {"route_short_name": "359", "route_long_name": "NAVETTE Lyc\u00e9e Vieljeux <> Lyc\u00e9e Valin", "shape_id": "CA_LA_ROCHELLE:JourneyPattern:359_1BFD5E1BD15E01C48870552855338C87", "n_points": 146, "n_shape_variants_in_source": 2}, "geometry": {"type": "LineString", "coordinates": [[-1.136405, 46.154495], [-1.13642, 46.15432], [-1.1366, 46.15398], [-1.137, 46.15289], [-1.13715, 46.1525], [-1.13732, 46.15211], [-1.13742, 46.15196], [-1.13747, 46.15191], [-1.13759, 46.15183], [-1.13779, 46.15177], [-1.13796, 46.15175], [-1.13817, 46.15176], [-1.13845, 46.15181], [-1.13865, 46.15185], [-1.13869, 46.15191], [-1.1389, 46.15202], [-1.13915, 46.15216], [-1.1392, 46.15223], [-1.13928, 46.15228], [-1.13936, 46.15241], [-1.13937, 46.15248], [-1.13935, 46.15258], [-1.1393, 46.1528], [-1.13927, 46.15308], [-1.13928, 46.15323], [-1.13928, 46.15336], [-1.13928, 46.15372], [-1.13927, 46.1539], [-1.13928, 46.1542], [-1.13933, 46.15444], [-1.13941, 46.15463], [-1.13949, 46.15478], [-1.13978, 46.15512], [-1.14019, 46.15543], [-1.1405, 46.1556], [-1.14083, 46.15578], [-1.14144, 46.15612], [-1.14274, 46.15682], [-1.14323, 46.15707], [-1.14336, 46.15717], [-1.14404, 46.15754], [-1.1446, 46.15785], [-1.14567, 46.15852], [-1.14627, 46.15881], [-1.14644, 46.15887], [-1.14671, 46.15891], [-1.14793, 46.15902], [-1.14872, 46.15903], [-1.14916, 46.15899], [-1.14946, 46.15892], [-1.150711, 46.158432], [-1.15075, 46.15834], [-1.15086, 46.15824], [-1.150922, 46.158203], [-1.150994, 46.158176], [-1.15107, 46.15816], [-1.152023, 46.158157], [-1.152877, 46.15813], [-1.153094, 46.15812], [-1.153307, 46.1581], [-1.153448, 46.158085], [-1.153598, 46.158066], [-1.153695, 46.158047], [-1.154024, 46.157967], [-1.154319, 46.157887], [-1.154655, 46.157814], [-1.154909, 46.15781], [-1.155231, 46.157845], [-1.155741, 46.157967], [-1.156197, 46.158092], [-1.156489, 46.158157], [-1.15652, 46.15825], [-1.15639, 46.15862], [-1.15618, 46.15919], [-1.155806, 46.16007], [-1.155683, 46.160423], [-1.15558, 46.16065], [-1.15531, 46.16104], [-1.15477, 46.16204], [-1.15473, 46.16209], [-1.1547, 46.16213], [-1.15466, 46.16212], [-1.1546, 46.16211], [-1.15391, 46.16201], [-1.15298, 46.16186], [-1.1529, 46.16209], [-1.15452, 46.16235], [-1.15467, 46.16237], [-1.154859, 46.16242], [-1.15496, 46.16246], [-1.15491, 46.1627], [-1.15482, 46.16315], [-1.15497, 46.16317], [-1.15512, 46.16321], [-1.1552, 46.16323], [-1.15523, 46.16327], [-1.15527, 46.16335], [-1.15531, 46.16367], [-1.15546, 46.16428], [-1.15557, 46.16474], [-1.15557, 46.16487], [-1.15554, 46.16493], [-1.15493, 46.16532], [-1.15484, 46.16535], [-1.15466, 46.16538], [-1.15431, 46.16541], [-1.15413, 46.1655], [-1.15336, 46.16621], [-1.15328, 46.1663], [-1.15321, 46.16647], [-1.1532, 46.16655], [-1.1532, 46.16679], [-1.15313, 46.16698], [-1.15294, 46.16734], [-1.15281, 46.16758], [-1.15256, 46.16815], [-1.15227, 46.1687], [-1.15217, 46.16883], [-1.152, 46.16904], [-1.15165, 46.16936], [-1.15157, 46.16939], [-1.15152, 46.1694], [-1.15143, 46.16942], [-1.15133, 46.16948], [-1.15128, 46.16952], [-1.15123, 46.16962], [-1.15123, 46.16968], [-1.15127, 46.16978], [-1.15121, 46.1699], [-1.15092, 46.17019], [-1.15071, 46.17041], [-1.15042, 46.17083], [-1.15037, 46.17098], [-1.15032, 46.17132], [-1.15033, 46.17214], [-1.15033, 46.17299], [-1.15036, 46.17373], [-1.15043, 46.17471], [-1.15048, 46.17505], [-1.15066, 46.17571], [-1.15072, 46.17589], [-1.15088, 46.17632], [-1.15106, 46.17675], [-1.1512, 46.17697], [-1.15144, 46.17723], [-1.151375, 46.177258]]}}, {"type": "Feature", "properties": {"route_short_name": "392", "route_long_name": "Navette Lyc\u00e9es", "shape_id": "CA_LA_ROCHELLE:JourneyPattern:392_4310F469D15627334658563C0563D302", "n_points": 488, "n_shape_variants_in_source": 1}, "geometry": {"type": "LineString", "coordinates": [[-1.146505, 46.153515], [-1.14635, 46.15342], [-1.146253, 46.15333], [-1.146111, 46.15331], [-1.145946, 46.153416], [-1.145203, 46.153847], [-1.144779, 46.154118], [-1.14411, 46.15452], [-1.143859, 46.154655], [-1.143651, 46.154804], [-1.143521, 46.154922], [-1.14342, 46.155037], [-1.143341, 46.155144], [-1.143298, 46.155262], [-1.143173, 46.15558], [-1.1429, 46.15629], [-1.142824, 46.156475], [-1.142796, 46.15653], [-1.142813, 46.156574], [-1.14286, 46.156597], [-1.142934, 46.156605], [-1.143093, 46.156624], [-1.143273, 46.15664], [-1.14406, 46.1568], [-1.14416, 46.15685], [-1.14424, 46.15693], [-1.14427, 46.15703], [-1.14426, 46.1571], [-1.14421, 46.15717], [-1.14415, 46.15722], [-1.144045, 46.1573], [-1.143923, 46.15735], [-1.143825, 46.15735], [-1.143754, 46.157337], [-1.143573, 46.157246], [-1.143378, 46.15714], [-1.14323, 46.15706], [-1.14288, 46.15688], [-1.14247, 46.15667], [-1.141077, 46.15592], [-1.140552, 46.155636], [-1.140271, 46.15548], [-1.14014, 46.1554], [-1.139953, 46.15527], [-1.13978, 46.15512], [-1.13957, 46.15489], [-1.139484, 46.154762], [-1.139365, 46.154514], [-1.1393, 46.15432], [-1.139277, 46.154083], [-1.13928, 46.15386], [-1.1393, 46.15353], [-1.139323, 46.153305], [-1.139419, 46.152813], [-1.139492, 46.152466], [-1.139522, 46.152374], [-1.139562, 46.152344], [-1.139652, 46.15232], [-1.139724, 46.152283], [-1.139764, 46.15225], [-1.139797, 46.152187], [-1.13982, 46.15212], [-1.13981, 46.15206], [-1.13975, 46.15195], [-1.13967, 46.15189], [-1.13958, 46.15186], [-1.13942, 46.15185], [-1.13926, 46.15188], [-1.139111, 46.15191], [-1.138981, 46.151897], [-1.13888, 46.15188], [-1.13855, 46.15181], [-1.13823, 46.15174], [-1.138044, 46.15172], [-1.13785, 46.151733], [-1.137681, 46.151775], [-1.137524, 46.151833], [-1.137402, 46.15191], [-1.13732, 46.15199], [-1.137246, 46.152115], [-1.137171, 46.152298], [-1.136918, 46.152927], [-1.136707, 46.153522], [-1.136579, 46.153873], [-1.136445, 46.15418], [-1.136345, 46.154335], [-1.13622, 46.154514], [-1.136085, 46.15467], [-1.135951, 46.15481], [-1.13581, 46.15494], [-1.135624, 46.155087], [-1.135425, 46.155224], [-1.135281, 46.155308], [-1.134994, 46.155457], [-1.134672, 46.155563], [-1.13462, 46.15566], [-1.13446, 46.15573], [-1.13413, 46.15583], [-1.13375, 46.15591], [-1.13298, 46.15601], [-1.13281, 46.156], [-1.1322, 46.15607], [-1.13068, 46.15619], [-1.12908, 46.15632], [-1.12819, 46.15641], [-1.12552, 46.15664], [-1.12375, 46.1568], [-1.12251, 46.15682], [-1.12121, 46.15676], [-1.12034, 46.15665], [-1.11995, 46.15659], [-1.11944, 46.15644], [-1.1189, 46.15623], [-1.11864, 46.1561], [-1.11857, 46.15607], [-1.11855, 46.15611], [-1.11849, 46.15627], [-1.11846, 46.15631], [-1.11844, 46.15633], [-1.11847, 46.1564], [-1.11852, 46.15654], [-1.11861, 46.15664], [-1.11868, 46.15669], [-1.11892, 46.1568], [-1.11902, 46.15681], [-1.12039, 46.15716], [-1.12057, 46.15721], [-1.12071, 46.1573], [-1.12079, 46.15734], [-1.12079, 46.15739], [-1.12083, 46.15744], [-1.12088, 46.15746], [-1.12099, 46.15745], [-1.1211, 46.1575], [-1.12117, 46.15755], [-1.12125, 46.15767], [-1.12132, 46.15785], [-1.12143, 46.15804], [-1.12178, 46.15865], [-1.12198, 46.15899], [-1.12251, 46.15988], [-1.12263, 46.16015], [-1.1227, 46.16025], [-1.12282, 46.16038], [-1.12311, 46.16083], [-1.12335, 46.16123], [-1.1234, 46.16132], [-1.12353, 46.16155], [-1.12361, 46.16172], [-1.12354, 46.16178], [-1.12354, 46.16185], [-1.1236, 46.1619], [-1.1237, 46.16191], [-1.12379, 46.16186], [-1.12381, 46.16179], [-1.1238, 46.16177], [-1.12404, 46.1617], [-1.12582, 46.1612], [-1.12688, 46.161007], [-1.128479, 46.160465], [-1.128632, 46.160435], [-1.128761, 46.160446], [-1.12886, 46.16048], [-1.12895, 46.16053], [-1.12901, 46.16056], [-1.12908, 46.16062], [-1.12927, 46.16082], [-1.12947, 46.16104], [-1.12958, 46.16114], [-1.12969, 46.1612], [-1.12996, 46.16129], [-1.13028, 46.16135], [-1.13044, 46.16135], [-1.13179, 46.16123], [-1.13197, 46.16121], [-1.13212, 46.16123], [-1.13237, 46.1613], [-1.13266, 46.1614], [-1.133002, 46.161457], [-1.13335, 46.16144], [-1.13358, 46.16141], [-1.13444, 46.16118], [-1.13489, 46.1611], [-1.13525, 46.16109], [-1.13606, 46.16111], [-1.13645, 46.1611], [-1.13681, 46.16106], [-1.13725, 46.16097], [-1.13737, 46.16096], [-1.13765, 46.161], [-1.139505, 46.161423], [-1.139622, 46.16148], [-1.13968, 46.16151], [-1.13971, 46.16156], [-1.13981, 46.16161], [-1.13994, 46.16159], [-1.139987, 46.161564], [-1.140015, 46.16151], [-1.140017, 46.16147], [-1.140039, 46.161404], [-1.140073, 46.161312], [-1.140199, 46.161137], [-1.140321, 46.160976], [-1.140474, 46.1608], [-1.14101, 46.16016], [-1.14128, 46.15982], [-1.141485, 46.159576], [-1.14178, 46.15922], [-1.141945, 46.15893], [-1.142043, 46.15877], [-1.142116, 46.15859], [-1.142167, 46.15847], [-1.14224, 46.158314], [-1.142301, 46.15815], [-1.142329, 46.15808], [-1.142362, 46.158035], [-1.142401, 46.158005], [-1.142498, 46.15801], [-1.142741, 46.158047], [-1.143652, 46.1582], [-1.144555, 46.15836], [-1.145298, 46.158493], [-1.145656, 46.158566], [-1.145786, 46.158607], [-1.14627, 46.15881], [-1.14653, 46.15889], [-1.14692, 46.15893], [-1.14783, 46.15901], [-1.148279, 46.15905], [-1.14881, 46.159058], [-1.149148, 46.159065], [-1.149328, 46.159042], [-1.149602, 46.158997], [-1.149668, 46.15895], [-1.149791, 46.158916], [-1.149831, 46.15889], [-1.149859, 46.158844], [-1.149906, 46.15881], [-1.149981, 46.15877], [-1.150055, 46.15873], [-1.150747, 46.158333], [-1.150911, 46.158222], [-1.151012, 46.158176], [-1.151143, 46.15816], [-1.1516, 46.15816], [-1.152056, 46.158157], [-1.152564, 46.158146], [-1.153071, 46.158123], [-1.153461, 46.158108], [-1.1535, 46.15807], [-1.15355, 46.15803], [-1.15368, 46.15801], [-1.15465, 46.15781], [-1.15491, 46.15781], [-1.15534, 46.15787], [-1.15634, 46.15814], [-1.15811, 46.15847], [-1.15976, 46.15874], [-1.16746, 46.15996], [-1.17099, 46.16052], [-1.17104, 46.16058], [-1.17111, 46.16062], [-1.17122, 46.16063], [-1.17131, 46.1606], [-1.17132, 46.16059], [-1.17151, 46.16061], [-1.17406, 46.16101], [-1.175, 46.16117], [-1.17514, 46.16122], [-1.17538, 46.16126], [-1.17593, 46.16137], [-1.17603, 46.16144], [-1.17602, 46.16146], [-1.17603, 46.16148], [-1.17605, 46.16152], [-1.1761, 46.16155], [-1.17621, 46.16156], [-1.17631, 46.16152], [-1.17649, 46.16145], [-1.17675, 46.16147], [-1.17796, 46.16161], [-1.17879, 46.16165], [-1.1788, 46.16166], [-1.17882, 46.16167], [-1.17884, 46.16167], [-1.1789, 46.16167], [-1.17895, 46.16165], [-1.17897, 46.16159], [-1.17896, 46.16156], [-1.17906, 46.16139], [-1.17929, 46.16084], [-1.17938, 46.16047], [-1.17956, 46.15982], [-1.17966, 46.15942], [-1.17969, 46.15916], [-1.1798, 46.15834], [-1.1799, 46.15786], [-1.18001, 46.15753], [-1.18009, 46.15736], [-1.18024, 46.15709], [-1.18036, 46.15685], [-1.18076, 46.15605], [-1.18084, 46.15583], [-1.18089, 46.15554], [-1.18089, 46.15521], [-1.18074, 46.15434], [-1.18078, 46.15416], [-1.18083, 46.15407], [-1.18091, 46.15403], [-1.18094, 46.15396], [-1.1809, 46.15391], [-1.18082, 46.15387], [-1.18074, 46.15387], [-1.18069, 46.15391], [-1.18065, 46.15396], [-1.18066, 46.15401], [-1.18072, 46.15424], [-1.180738, 46.155037], [-1.180738, 46.155037], [-1.1809, 46.15535], [-1.18086, 46.15574], [-1.18074, 46.15609], [-1.18044, 46.1567], [-1.18036, 46.15685], [-1.18016, 46.15684], [-1.17967, 46.1568], [-1.17938, 46.15677], [-1.1779, 46.15667], [-1.177691, 46.15662], [-1.177196, 46.156612], [-1.177116, 46.15664], [-1.177058, 46.156696], [-1.176896, 46.15679], [-1.176905, 46.156822], [-1.17715, 46.15684], [-1.1788, 46.15697], [-1.17965, 46.15703], [-1.18024, 46.15709], [-1.18015, 46.15724], [-1.18001, 46.15753], [-1.17986, 46.15796], [-1.17966, 46.15942], [-1.17948, 46.16017], [-1.17934, 46.1606], [-1.17929, 46.16084], [-1.17907, 46.16135], [-1.17902, 46.16141], [-1.1789, 46.16149], [-1.17884, 46.16153], [-1.1788, 46.16154], [-1.17878, 46.16156], [-1.17855, 46.16157], [-1.17801, 46.16155], [-1.17684, 46.16141], [-1.17652, 46.16138], [-1.17628, 46.16138], [-1.17625, 46.16136], [-1.17619, 46.16135], [-1.17613, 46.16135], [-1.17597, 46.1613], [-1.17513, 46.16116], [-1.175, 46.16117], [-1.1746, 46.16111], [-1.17352, 46.16093], [-1.1728, 46.16081], [-1.17134, 46.16058], [-1.17134, 46.16057], [-1.17134, 46.16054], [-1.17133, 46.16052], [-1.17129, 46.16047], [-1.17121, 46.16044], [-1.17113, 46.16043], [-1.17106, 46.16045], [-1.17101, 46.16049], [-1.171, 46.16051], [-1.17092, 46.16051], [-1.16767, 46.16], [-1.163, 46.15925], [-1.15985, 46.15876], [-1.15951, 46.1587], [-1.157621, 46.15837], [-1.156542, 46.15818], [-1.156403, 46.158623], [-1.156061, 46.159508], [-1.15583, 46.16007], [-1.15571, 46.16042], [-1.15554, 46.161], [-1.15544, 46.16129], [-1.15523, 46.16188], [-1.15515, 46.16212], [-1.1551, 46.16215], [-1.15507, 46.16216], [-1.15505, 46.16217], [-1.15502, 46.16219], [-1.15501, 46.16221], [-1.15482, 46.16315], [-1.1552, 46.16323], [-1.15523, 46.16327], [-1.15527, 46.16335], [-1.15531, 46.16367], [-1.15546, 46.16428], [-1.155541, 46.16449], [-1.155541, 46.16449], [-1.15559, 46.16479], [-1.15554, 46.16495], [-1.15546, 46.16502], [-1.15491, 46.16533], [-1.15476, 46.16536], [-1.15431, 46.16541], [-1.15413, 46.1655], [-1.15341, 46.16616], [-1.15334, 46.16623], [-1.15323, 46.16638], [-1.1532, 46.16655], [-1.15321, 46.1667], [-1.15322, 46.16679], [-1.1532, 46.16688], [-1.15311, 46.16705], [-1.1529, 46.1674], [-1.15268, 46.16789], [-1.15246, 46.16834], [-1.15228, 46.16864], [-1.15207, 46.16897], [-1.15183, 46.16924], [-1.15165, 46.16936], [-1.15158, 46.16939], [-1.1515, 46.1694], [-1.15134, 46.16946], [-1.15125, 46.16956], [-1.15123, 46.16964], [-1.15123, 46.16968], [-1.15124, 46.16973], [-1.15123, 46.16976], [-1.1512, 46.16979], [-1.15118, 46.16987], [-1.15113, 46.16997], [-1.15101, 46.17009], [-1.15079, 46.17031], [-1.15066, 46.17046], [-1.15051, 46.17068], [-1.15041, 46.17088], [-1.15036, 46.17101], [-1.15033, 46.17123], [-1.15033, 46.17169], [-1.15035, 46.17299], [-1.15033, 46.1739], [-1.15033, 46.17439], [-1.15038, 46.17491], [-1.15047, 46.17532], [-1.15067, 46.17589], [-1.15086, 46.17634], [-1.15108, 46.17675], [-1.15115, 46.17685], [-1.15137, 46.17714], [-1.151375, 46.177258], [-1.151375, 46.177258], [-1.151591, 46.177414], [-1.152139, 46.178104], [-1.152187, 46.178223], [-1.152243, 46.178326], [-1.152324, 46.178383], [-1.152396, 46.178432], [-1.152433, 46.17851], [-1.152437, 46.17908], [-1.152397, 46.17924], [-1.152343, 46.179295], [-1.15225, 46.17936], [-1.152187, 46.179447], [-1.152153, 46.17956], [-1.152139, 46.179703], [-1.152125, 46.1798], [-1.152111, 46.179974], [-1.152118, 46.180088], [-1.152162, 46.18019], [-1.152237, 46.18028], [-1.152331, 46.18036], [-1.152469, 46.180424], [-1.152559, 46.180454], [-1.152676, 46.180546], [-1.15275, 46.18066], [-1.15276, 46.18072], [-1.15271, 46.18106], [-1.152596, 46.181507], [-1.152466, 46.18222], [-1.15234, 46.18293], [-1.152321, 46.18305], [-1.152307, 46.183132], [-1.15215, 46.183758]]}}, {"type": "Feature", "properties": {"route_short_name": "393", "route_long_name": "Navette Universit\u00e9", "shape_id": "CA_LA_ROCHELLE:JourneyPattern:393_686531A5C8604987674E6E99221C2B13", "n_points": 268, "n_shape_variants_in_source": 1}, "geometry": {"type": "LineString", "coordinates": [[-1.146505, 46.153515], [-1.146378, 46.15345], [-1.146311, 46.15338], [-1.146291, 46.153324], [-1.146294, 46.153282], [-1.146311, 46.15338], [-1.146294, 46.153282], [-1.14635, 46.15322], [-1.14646, 46.15315], [-1.14695, 46.15286], [-1.14724, 46.15267], [-1.14767, 46.15243], [-1.14797, 46.15227], [-1.14814, 46.15222], [-1.14816, 46.15223], [-1.14821, 46.15223], [-1.148391, 46.15229], [-1.14851, 46.152428], [-1.14857, 46.15255], [-1.148689, 46.15289], [-1.148714, 46.152954], [-1.148755, 46.152992], [-1.148829, 46.153], [-1.148924, 46.152996], [-1.149303, 46.152996], [-1.149468, 46.152992], [-1.149622, 46.15298], [-1.149854, 46.152966], [-1.150063, 46.15296], [-1.150105, 46.152927], [-1.150111, 46.152885], [-1.1501, 46.152782], [-1.150096, 46.152744], [-1.150099, 46.152622], [-1.150082, 46.15217], [-1.150071, 46.149956], [-1.150086, 46.149837], [-1.150124, 46.149723], [-1.150204, 46.14962], [-1.150311, 46.149548], [-1.150623, 46.149555], [-1.150773, 46.149532], [-1.150891, 46.14949], [-1.150972, 46.1494], [-1.150997, 46.149292], [-1.151089, 46.1491], [-1.151152, 46.149017], [-1.151236, 46.14896], [-1.151755, 46.14892], [-1.151974, 46.14885], [-1.152272, 46.14871], [-1.152957, 46.148468], [-1.153223, 46.148426], [-1.153448, 46.14838], [-1.153858, 46.148376], [-1.153858, 46.148376], [-1.154096, 46.148308], [-1.154224, 46.148262], [-1.154314, 46.148205], [-1.15439, 46.148117], [-1.154423, 46.147987], [-1.154434, 46.147762], [-1.154448, 46.14749], [-1.154494, 46.14653], [-1.154527, 46.14587], [-1.154511, 46.145767], [-1.154539, 46.145695], [-1.154587, 46.145653], [-1.154693, 46.14561], [-1.155154, 46.145454], [-1.156193, 46.1451], [-1.156353, 46.145035], [-1.15647, 46.144966], [-1.156582, 46.14485], [-1.156627, 46.144756], [-1.156639, 46.144676], [-1.156631, 46.144592], [-1.156599, 46.14446], [-1.156583, 46.14439], [-1.156557, 46.144318], [-1.156525, 46.144234], [-1.15652, 46.14415], [-1.156605, 46.143864], [-1.156683, 46.143642], [-1.156836, 46.143227], [-1.156829, 46.143105], [-1.157092, 46.142227], [-1.157191, 46.142143], [-1.157315, 46.142056], [-1.157442, 46.142048], [-1.157602, 46.142048], [-1.157709, 46.142105], [-1.157859, 46.14221], [-1.158019, 46.142334], [-1.158159, 46.14254], [-1.158228, 46.14265], [-1.158392, 46.142776], [-1.158892, 46.143105], [-1.159298, 46.14341], [-1.159535, 46.143707], [-1.159644, 46.143963], [-1.159647, 46.144146], [-1.159631, 46.14425], [-1.159578, 46.14426], [-1.159498, 46.144314], [-1.159473, 46.14438], [-1.159497, 46.14443], [-1.159556, 46.144474], [-1.159643, 46.14451], [-1.159748, 46.144497], [-1.159842, 46.14444], [-1.159861, 46.144375], [-1.159802, 46.14429], [-1.159737, 46.144264], [-1.159726, 46.144154], [-1.159688, 46.14398], [-1.159688, 46.14398], [-1.15956, 46.14373], [-1.15947, 46.14359], [-1.15933, 46.14343], [-1.15899, 46.14318], [-1.15852, 46.14287], [-1.15831, 46.14271], [-1.15822, 46.14252], [-1.15819, 46.14237], [-1.1582, 46.14219], [-1.15824, 46.142], [-1.15825, 46.14198], [-1.15827, 46.14196], [-1.15845, 46.14183], [-1.15872, 46.14169], [-1.15898, 46.14161], [-1.159541, 46.14151], [-1.16338, 46.14071], [-1.16338, 46.14071], [-1.164503, 46.140427], [-1.16472, 46.14038], [-1.16491, 46.14039], [-1.16501, 46.14041], [-1.16524, 46.14051], [-1.165353, 46.14059], [-1.165499, 46.1407], [-1.166187, 46.141132], [-1.166439, 46.141216], [-1.1667, 46.141224], [-1.167495, 46.141052], [-1.16857, 46.140827], [-1.16863, 46.140766], [-1.168659, 46.1406], [-1.168717, 46.140434], [-1.168872, 46.13996], [-1.168872, 46.13996], [-1.168911, 46.139835], [-1.168928, 46.13976], [-1.168936, 46.1397], [-1.168901, 46.139626], [-1.168167, 46.139133], [-1.167919, 46.138992], [-1.167827, 46.13897], [-1.167718, 46.138973], [-1.16742, 46.13904], [-1.166407, 46.139248], [-1.165886, 46.139355], [-1.165886, 46.139355], [-1.165422, 46.139458], [-1.165296, 46.13949], [-1.165211, 46.13951], [-1.16516, 46.13954], [-1.165105, 46.139683], [-1.165058, 46.13982], [-1.165011, 46.139954], [-1.164983, 46.14005], [-1.164944, 46.140102], [-1.164865, 46.1402], [-1.164824, 46.140247], [-1.164757, 46.14028], [-1.16389, 46.14047], [-1.16178, 46.14091], [-1.16178, 46.14091], [-1.159194, 46.141457], [-1.15883, 46.14155], [-1.15848, 46.14156], [-1.15814, 46.14155], [-1.15805, 46.14151], [-1.15792, 46.14149], [-1.15779, 46.1415], [-1.15767, 46.14152], [-1.15756, 46.14158], [-1.157486, 46.141624], [-1.157458, 46.141678], [-1.157419, 46.14172], [-1.157349, 46.14175], [-1.1573, 46.141766], [-1.15723, 46.14177], [-1.157177, 46.141754], [-1.157129, 46.141727], [-1.157108, 46.14169], [-1.15709, 46.141655], [-1.157143, 46.14152], [-1.157216, 46.14141], [-1.157235, 46.14132], [-1.157306, 46.14107], [-1.157325, 46.140915], [-1.157283, 46.14078], [-1.157215, 46.140686], [-1.156177, 46.139984], [-1.155655, 46.13964], [-1.155102, 46.139313], [-1.155102, 46.139313], [-1.154491, 46.13897], [-1.154414, 46.13884], [-1.154337, 46.13861], [-1.154283, 46.138504], [-1.154217, 46.138424], [-1.154118, 46.138355], [-1.153475, 46.138187], [-1.153205, 46.138176], [-1.152795, 46.138206], [-1.152467, 46.138226], [-1.152022, 46.138268], [-1.152022, 46.138268], [-1.15166, 46.138294], [-1.151194, 46.138313], [-1.151116, 46.138306], [-1.151024, 46.138287], [-1.150926, 46.138252], [-1.150839, 46.138252], [-1.150744, 46.13828], [-1.150682, 46.138252], [-1.150605, 46.138237], [-1.150519, 46.138237], [-1.150414, 46.138252], [-1.150334, 46.13829], [-1.150296, 46.13838], [-1.150312, 46.138462], [-1.150356, 46.13852], [-1.150433, 46.13856], [-1.150537, 46.138577], [-1.150647, 46.13856], [-1.150733, 46.13852], [-1.150804, 46.138466], [-1.151185, 46.13845], [-1.151309, 46.13843], [-1.151482, 46.13842], [-1.15246, 46.13834], [-1.15317, 46.13831], [-1.15334, 46.13833], [-1.15356, 46.1384], [-1.15384, 46.13849], [-1.15399, 46.1386], [-1.15406, 46.13871], [-1.15406, 46.13874], [-1.15396, 46.13898], [-1.15393, 46.1391], [-1.15369, 46.13987], [-1.153461, 46.140335], [-1.153461, 46.140335], [-1.15306, 46.14184], [-1.15284, 46.14257], [-1.15285, 46.14266], [-1.15291, 46.14276], [-1.15332, 46.14306], [-1.15335, 46.14313], [-1.15334, 46.14315], [-1.15335, 46.14319], [-1.15337, 46.14325], [-1.15339, 46.14326], [-1.153302, 46.14354]]}}, {"type": "Feature", "properties": {"route_short_name": "4", "route_long_name": "ILLICO Beaulieu P+R <> Les Minimes", "shape_id": "CA_LA_ROCHELLE:JourneyPattern:4_83A2319481A9651D362E66B2A09A7300", "n_points": 412, "n_shape_variants_in_source": 2}, "geometry": {"type": "LineString", "coordinates": [[-1.168872, 46.13996], [-1.168911, 46.139835], [-1.168928, 46.13976], [-1.168936, 46.1397], [-1.168901, 46.139626], [-1.168167, 46.139133], [-1.167919, 46.138992], [-1.167827, 46.13897], [-1.167718, 46.138973], [-1.16742, 46.13904], [-1.166407, 46.139248], [-1.165886, 46.139355], [-1.165886, 46.139355], [-1.165422, 46.139458], [-1.165296, 46.13949], [-1.165211, 46.13951], [-1.16516, 46.13954], [-1.165105, 46.139683], [-1.165058, 46.13982], [-1.165011, 46.139954], [-1.164983, 46.14005], [-1.164944, 46.140102], [-1.164865, 46.1402], [-1.164824, 46.140247], [-1.164757, 46.14028], [-1.16389, 46.14047], [-1.16178, 46.14091], [-1.16178, 46.14091], [-1.159194, 46.141457], [-1.15883, 46.14155], [-1.15848, 46.14156], [-1.158264, 46.141552], [-1.15814, 46.141518], [-1.15805, 46.14149], [-1.15792, 46.14148], [-1.157785, 46.14148], [-1.15767, 46.141502], [-1.157555, 46.141552], [-1.157461, 46.141632], [-1.157405, 46.141685], [-1.157328, 46.14177], [-1.157215, 46.14186], [-1.157148, 46.141895], [-1.157102, 46.14194], [-1.157078, 46.141983], [-1.157081, 46.142036], [-1.157086, 46.142105], [-1.157102, 46.142223], [-1.157066, 46.142334], [-1.156744, 46.14327], [-1.156744, 46.14327], [-1.1567, 46.14347], [-1.156634, 46.14366], [-1.156501, 46.144043], [-1.156472, 46.144176], [-1.156478, 46.144226], [-1.156496, 46.144306], [-1.156578, 46.144558], [-1.156592, 46.144688], [-1.156587, 46.144764], [-1.156552, 46.144833], [-1.156489, 46.14491], [-1.1564, 46.14498], [-1.156285, 46.14504], [-1.156135, 46.145092], [-1.155323, 46.145367], [-1.154955, 46.145485], [-1.154629, 46.14559], [-1.154574, 46.145615], [-1.154523, 46.145653], [-1.154466, 46.145718], [-1.154448, 46.145763], [-1.154441, 46.145824], [-1.154408, 46.145935], [-1.154408, 46.145935], [-1.15443, 46.1464], [-1.154416, 46.146843], [-1.154382, 46.14773], [-1.154376, 46.147896], [-1.154376, 46.147984], [-1.154356, 46.14807], [-1.154322, 46.148144], [-1.154262, 46.148205], [-1.154206, 46.14824], [-1.154153, 46.148262], [-1.154027, 46.148285], [-1.153702, 46.148308], [-1.153702, 46.148308], [-1.153327, 46.14839], [-1.153053, 46.148438], [-1.152922, 46.148468], [-1.152794, 46.148514], [-1.152672, 46.14856], [-1.152192, 46.148754], [-1.151914, 46.14886], [-1.151758, 46.148907], [-1.151599, 46.14893], [-1.151329, 46.14893], [-1.151246, 46.148937], [-1.151188, 46.148952], [-1.151144, 46.14897], [-1.151114, 46.149002], [-1.151039, 46.14917], [-1.150924, 46.149426], [-1.150853, 46.149483], [-1.150784, 46.149506], [-1.150661, 46.149525], [-1.150502, 46.1495], [-1.15036, 46.149536], [-1.150234, 46.149612], [-1.150158, 46.14967], [-1.15011, 46.14973], [-1.15009, 46.14979], [-1.150079, 46.149853], [-1.150078, 46.150085], [-1.150082, 46.150555], [-1.150091, 46.15148], [-1.15009, 46.152378], [-1.150058, 46.15272], [-1.150058, 46.15272], [-1.150095, 46.15282], [-1.15008, 46.152866], [-1.150046, 46.152916], [-1.149989, 46.152943], [-1.149915, 46.152954], [-1.149821, 46.152966], [-1.149656, 46.15297], [-1.149215, 46.15298], [-1.149013, 46.152973], [-1.148924, 46.152985], [-1.148865, 46.152985], [-1.148801, 46.152992], [-1.148761, 46.152973], [-1.148754, 46.15294], [-1.148739, 46.152866], [-1.148698, 46.152725], [-1.14865, 46.15261], [-1.14861, 46.15252], [-1.14858, 46.15247], [-1.148469, 46.152287], [-1.148366, 46.152203], [-1.148336, 46.15217], [-1.148329, 46.152145], [-1.148321, 46.15211], [-1.148287, 46.152073], [-1.14822, 46.15204], [-1.14813, 46.15204], [-1.14808, 46.152058], [-1.14806, 46.15208], [-1.14804, 46.15211], [-1.148017, 46.152157], [-1.14796, 46.15221], [-1.147887, 46.152267], [-1.147797, 46.152313], [-1.147587, 46.15244], [-1.147376, 46.15256], [-1.147182, 46.15267], [-1.14697, 46.15278], [-1.146212, 46.153255], [-1.146178, 46.15331], [-1.146189, 46.15335], [-1.146217, 46.15339], [-1.146401, 46.15352], [-1.146658, 46.153763], [-1.14689, 46.153908], [-1.147025, 46.15402], [-1.14717, 46.15415], [-1.147639, 46.15452], [-1.14832, 46.15506], [-1.14871, 46.15539], [-1.149186, 46.155792], [-1.149326, 46.155884], [-1.149332, 46.155876], [-1.149384, 46.155926], [-1.149408, 46.155987], [-1.149567, 46.15642], [-1.149706, 46.15673], [-1.149921, 46.157036], [-1.150213, 46.157482], [-1.150424, 46.15779], [-1.150495, 46.15789], [-1.150542, 46.157955], [-1.150562, 46.158024], [-1.150536, 46.158066], [-1.15048, 46.1581], [-1.150357, 46.15816], [-1.14996, 46.15835], [-1.149666, 46.158436], [-1.149666, 46.158436], [-1.1495, 46.15856], [-1.14923, 46.158615], [-1.14885, 46.158646], [-1.14806, 46.15864], [-1.147825, 46.15864], [-1.147737, 46.158653], [-1.147708, 46.158684], [-1.147699, 46.15873], [-1.147689, 46.1589], [-1.147681, 46.158997], [-1.14763, 46.15914], [-1.147437, 46.15966], [-1.147202, 46.16021], [-1.146913, 46.161133], [-1.14646, 46.16237], [-1.146372, 46.162655], [-1.146312, 46.162827], [-1.146254, 46.16292], [-1.146158, 46.16298], [-1.145855, 46.163067], [-1.145605, 46.163208], [-1.145328, 46.163383], [-1.14484, 46.16373], [-1.144247, 46.164112], [-1.143919, 46.164333], [-1.143176, 46.164944], [-1.142934, 46.165134], [-1.142532, 46.165436], [-1.142318, 46.165623], [-1.141888, 46.16593], [-1.141888, 46.16593], [-1.141857, 46.166008], [-1.140547, 46.16707], [-1.140327, 46.167248], [-1.14015, 46.16735], [-1.14009, 46.16735], [-1.14, 46.16737], [-1.13997, 46.16739], [-1.13988, 46.16738], [-1.13957, 46.1673], [-1.139322, 46.167187], [-1.139322, 46.167187], [-1.138428, 46.16701], [-1.137951, 46.16689], [-1.137666, 46.166782], [-1.137566, 46.166725], [-1.137488, 46.166683], [-1.13719, 46.16655], [-1.13703, 46.16652], [-1.13695, 46.16652], [-1.13662, 46.16669], [-1.13632, 46.16679], [-1.135752, 46.16693], [-1.135752, 46.16693], [-1.131716, 46.168266], [-1.12799, 46.16953], [-1.126297, 46.17007], [-1.124611, 46.17066], [-1.123722, 46.17099], [-1.123378, 46.171112], [-1.123193, 46.17118], [-1.123123, 46.171253], [-1.123099, 46.171288], [-1.12311, 46.171333], [-1.123149, 46.171364], [-1.123195, 46.17141], [-1.123727, 46.17193], [-1.123902, 46.17207], [-1.124106, 46.172184], [-1.12429, 46.17227], [-1.124438, 46.172363], [-1.1254, 46.17283], [-1.125883, 46.173115], [-1.126505, 46.173466], [-1.126746, 46.173573], [-1.126758, 46.17363], [-1.126758, 46.17363], [-1.127208, 46.17376], [-1.127722, 46.17391], [-1.127756, 46.173943], [-1.12775, 46.17399], [-1.127505, 46.1743], [-1.127505, 46.1743], [-1.127395, 46.174496], [-1.127059, 46.175007], [-1.12692, 46.175213], [-1.126851, 46.17532], [-1.126766, 46.17542], [-1.126632, 46.17553], [-1.126487, 46.17563], [-1.12612, 46.175877], [-1.125925, 46.176098], [-1.125551, 46.176376], [-1.125379, 46.176487], [-1.125217, 46.176598], [-1.12488, 46.176865], [-1.124675, 46.177013], [-1.124569, 46.17707], [-1.124457, 46.177116], [-1.124201, 46.177216], [-1.124067, 46.177273], [-1.123941, 46.17734], [-1.123849, 46.17743], [-1.123802, 46.177536], [-1.123814, 46.177708], [-1.123832, 46.177776], [-1.123828, 46.17785], [-1.12382, 46.177933], [-1.123801, 46.178017], [-1.12377, 46.178127], [-1.12373, 46.178226], [-1.123674, 46.178307], [-1.123603, 46.178375], [-1.123489, 46.17849], [-1.123347, 46.17855], [-1.12318, 46.17861], [-1.123051, 46.178635], [-1.122904, 46.178646], [-1.122764, 46.178642], [-1.122645, 46.178627], [-1.122501, 46.17859], [-1.122368, 46.178493], [-1.12227, 46.1784], [-1.122218, 46.17834], [-1.122214, 46.178257], [-1.122189, 46.178192], [-1.12212, 46.178154], [-1.122041, 46.178135], [-1.121931, 46.178146], [-1.121844, 46.178097], [-1.121641, 46.17777], [-1.121441, 46.177746], [-1.121337, 46.17767], [-1.12126, 46.177628], [-1.121232, 46.177578], [-1.121233, 46.17752], [-1.121256, 46.17744], [-1.121307, 46.177326], [-1.121674, 46.17667], [-1.12186, 46.176323], [-1.122054, 46.175983], [-1.12213, 46.17585], [-1.122156, 46.175785], [-1.122176, 46.175743], [-1.122162, 46.175697], [-1.122094, 46.175625], [-1.121941, 46.17557], [-1.12157, 46.1755], [-1.121469, 46.17549], [-1.121378, 46.17546], [-1.121147, 46.175404], [-1.120709, 46.175285], [-1.12057, 46.17521], [-1.120547, 46.17515], [-1.120537, 46.17509], [-1.120527, 46.17499], [-1.12054, 46.17493], [-1.120579, 46.174866], [-1.120649, 46.17481], [-1.120701, 46.174767], [-1.120727, 46.174717], [-1.120719, 46.17465], [-1.120675, 46.174606], [-1.120633, 46.17457], [-1.120571, 46.174557], [-1.120515, 46.174534], [-1.120472, 46.17448], [-1.120435, 46.174408], [-1.120415, 46.17434], [-1.120387, 46.174282], [-1.120343, 46.17423], [-1.120019, 46.173973], [-1.119838, 46.173798], [-1.119838, 46.173798], [-1.119096, 46.17329], [-1.118944, 46.173176], [-1.118869, 46.173122], [-1.118791, 46.173077], [-1.118694, 46.17307], [-1.117703, 46.173927], [-1.117631, 46.174026], [-1.116427, 46.175014], [-1.116427, 46.175014], [-1.115524, 46.175816], [-1.115015, 46.176247], [-1.114741, 46.17648], [-1.114624, 46.176563], [-1.114533, 46.17658], [-1.114403, 46.176548], [-1.114106, 46.176384], [-1.113799, 46.176243], [-1.113526, 46.176163], [-1.113244, 46.176113], [-1.112947, 46.176067], [-1.112947, 46.176067], [-1.112525, 46.176014], [-1.112272, 46.175972], [-1.112098, 46.17594], [-1.11194, 46.175934], [-1.111784, 46.175957], [-1.109716, 46.176563], [-1.108765, 46.176846], [-1.10778, 46.17712], [-1.107097, 46.177322], [-1.10643, 46.17753], [-1.10643, 46.17753], [-1.105989, 46.177654], [-1.10542, 46.17781], [-1.10496, 46.17793], [-1.104642, 46.178024], [-1.104468, 46.178078], [-1.104309, 46.17815], [-1.104023, 46.178288], [-1.103688, 46.17845], [-1.103597, 46.178513], [-1.10354, 46.17858], [-1.10347, 46.17875], [-1.10345, 46.17876], [-1.103411, 46.17879], [-1.10339, 46.178833], [-1.103395, 46.17888], [-1.103476, 46.17906], [-1.103505, 46.179165]]}}, {"type": "Feature", "properties": {"route_short_name": "401", "route_long_name": "Ecoles de Montroy <> Clavette", "shape_id": "CA_LA_ROCHELLE:JourneyPattern:401_D65F3D9C8B1B4FF46C892F9E1D5BE66B", "n_points": 223, "n_shape_variants_in_source": 2}, "geometry": {"type": "LineString", "coordinates": [[-1.012969, 46.155827], [-1.01276, 46.15583], [-1.01224, 46.15571], [-1.01123, 46.15542], [-1.01016, 46.1551], [-1.00976, 46.155], [-1.00924, 46.1549], [-1.00899, 46.15478], [-1.00864, 46.15454], [-1.00835, 46.15439], [-1.00824, 46.15438], [-1.00743, 46.15438], [-1.00742, 46.15405], [-1.00739, 46.15268], [-1.007419, 46.152187], [-1.007419, 46.152187], [-1.00739, 46.15204], [-1.00742, 46.15183], [-1.00743, 46.15175], [-1.00758, 46.15136], [-1.0077, 46.15104], [-1.00784, 46.15065], [-1.00791, 46.15037], [-1.00795, 46.15011], [-1.00796, 46.14957], [-1.0079, 46.14932], [-1.00744, 46.14823], [-1.00735, 46.14798], [-1.00729, 46.14774], [-1.00725, 46.14741], [-1.00724, 46.14719], [-1.00721, 46.14603], [-1.00717, 46.14556], [-1.00719, 46.14534], [-1.00726, 46.14508], [-1.00733, 46.14478], [-1.00742, 46.14422], [-1.0074, 46.14393], [-1.00727, 46.14352], [-1.00717, 46.14328], [-1.00714, 46.14313], [-1.00716, 46.14288], [-1.00725, 46.14261], [-1.00757, 46.14189], [-1.00768, 46.14159], [-1.00768, 46.14148], [-1.00772, 46.14105], [-1.00774, 46.14092], [-1.00782, 46.14069], [-1.00813, 46.14016], [-1.00835, 46.13979], [-1.00904, 46.1386], [-1.00938, 46.138], [-1.0094, 46.13793], [-1.0094, 46.13779], [-1.00916, 46.13749], [-1.0091, 46.13729], [-1.00919, 46.13592], [-1.00932, 46.13577], [-1.0094, 46.13569], [-1.00951, 46.13564], [-1.00956, 46.13562], [-1.00976, 46.13561], [-1.00992, 46.13562], [-1.01046, 46.13573], [-1.01133, 46.13587], [-1.014544, 46.136402], [-1.015792, 46.1366], [-1.017016, 46.136806], [-1.017971, 46.136955], [-1.018959, 46.137104], [-1.019771, 46.137257], [-1.020538, 46.137424], [-1.021806, 46.13776], [-1.02232, 46.137897], [-1.022805, 46.138035], [-1.022892, 46.138065], [-1.022935, 46.138092], [-1.022965, 46.13811], [-1.023016, 46.138126], [-1.023072, 46.13812], [-1.02313, 46.138115], [-1.023408, 46.138187], [-1.024073, 46.13835], [-1.024762, 46.138504], [-1.025633, 46.138687], [-1.0265, 46.138863], [-1.026628, 46.13888], [-1.026709, 46.138885], [-1.026984, 46.138935], [-1.027019, 46.138958], [-1.027093, 46.138985], [-1.027188, 46.139008], [-1.027188, 46.139008], [-1.02855, 46.13924], [-1.02969, 46.1395], [-1.03077, 46.13973], [-1.03207, 46.14002], [-1.03243, 46.1401], [-1.0327, 46.14021], [-1.03338, 46.14045], [-1.03467, 46.141], [-1.03486, 46.14106], [-1.03562, 46.1414], [-1.03838, 46.14262], [-1.03967, 46.14318], [-1.04028, 46.14347], [-1.04049, 46.14358], [-1.04214, 46.14445], [-1.04252, 46.14469], [-1.04293, 46.14492], [-1.0436, 46.14528], [-1.04395, 46.14548], [-1.04444, 46.14573], [-1.04571, 46.14636], [-1.04596, 46.14648], [-1.04628, 46.14661], [-1.04773, 46.14725], [-1.05054, 46.14831], [-1.0554, 46.15015], [-1.06039, 46.15192], [-1.06296, 46.15293], [-1.06424, 46.15341], [-1.06426, 46.15345], [-1.06429, 46.15348], [-1.06444, 46.15359], [-1.06445, 46.15365], [-1.06447, 46.15368], [-1.06439, 46.15379], [-1.06435, 46.15389], [-1.06418, 46.15392], [-1.06369, 46.15385], [-1.0634, 46.15379], [-1.06317, 46.1538], [-1.06232, 46.15395], [-1.05958, 46.15458], [-1.05806, 46.15491], [-1.05599, 46.1552], [-1.05446, 46.15539], [-1.0535, 46.15551], [-1.05238, 46.15572], [-1.05171, 46.1559], [-1.05009, 46.15647], [-1.04977, 46.15657], [-1.04912, 46.15673], [-1.04864, 46.15686], [-1.0468, 46.15753], [-1.04455, 46.15835], [-1.04357, 46.15869], [-1.04133, 46.15938], [-1.04099, 46.15953], [-1.04034, 46.15988], [-1.03953, 46.16024], [-1.03932, 46.16034], [-1.03911, 46.16046], [-1.03888, 46.1606], [-1.03867, 46.16076], [-1.03804, 46.16131], [-1.03787, 46.16144], [-1.0375, 46.1617], [-1.03733, 46.16179], [-1.03581, 46.16251], [-1.03547, 46.16265], [-1.03533, 46.16269], [-1.03297, 46.16346], [-1.03142, 46.16394], [-1.03033, 46.16432], [-1.02884, 46.16486], [-1.02865, 46.16493], [-1.0285, 46.16495], [-1.02837, 46.16495], [-1.02821, 46.16492], [-1.02786, 46.1648], [-1.02742, 46.16462], [-1.027394, 46.164562], [-1.027394, 46.164562], [-1.02655, 46.16422], [-1.02614, 46.16401], [-1.02568, 46.16375], [-1.02533, 46.16349], [-1.02484, 46.16315], [-1.02456, 46.16301], [-1.02373, 46.1627], [-1.02256, 46.16235], [-1.021794, 46.162018], [-1.020899, 46.161762], [-1.020607, 46.161655], [-1.020465, 46.1616], [-1.020337, 46.161533], [-1.02019, 46.161453], [-1.020055, 46.161373], [-1.019463, 46.16095], [-1.019158, 46.160732], [-1.018853, 46.16053], [-1.018608, 46.160374], [-1.018371, 46.160225], [-1.017877, 46.159935], [-1.017402, 46.159637], [-1.017196, 46.1595], [-1.016993, 46.15936], [-1.016657, 46.159107], [-1.016488, 46.158985], [-1.01633, 46.15886], [-1.016223, 46.158764], [-1.016129, 46.15867], [-1.015932, 46.158436], [-1.015744, 46.1582], [-1.015447, 46.157833], [-1.015121, 46.157448], [-1.014955, 46.157303], [-1.01469, 46.15713], [-1.01426, 46.1569], [-1.014025, 46.15675], [-1.013827, 46.15662], [-1.013643, 46.15649], [-1.013517, 46.15638], [-1.013417, 46.15627], [-1.013341, 46.156166], [-1.013281, 46.15607], [-1.013245, 46.156017], [-1.013185, 46.155964], [-1.0131, 46.155922], [-1.012969, 46.155827]]}}, {"type": "Feature", "properties": {"route_short_name": "5", "route_long_name": "Chef de Baie / Port-Neuf <> Aytr\u00e9 P+R S. Veil / Aytr\u00e9 Plage", "shape_id": "CA_LA_ROCHELLE:JourneyPattern:5_A174D38027B170AA2993C30575E03B7D", "n_points": 562, "n_shape_variants_in_source": 10}, "geometry": {"type": "LineString", "coordinates": [[-1.127705, 46.127308], [-1.127613, 46.127243], [-1.127567, 46.127224], [-1.127521, 46.127224], [-1.127472, 46.127243], [-1.127448, 46.12728], [-1.127469, 46.127438], [-1.127478, 46.127514], [-1.127462, 46.12755], [-1.127393, 46.127563], [-1.127286, 46.127556], [-1.127063, 46.127567], [-1.126851, 46.127586], [-1.126634, 46.1276], [-1.12642, 46.1276], [-1.126271, 46.127598], [-1.126133, 46.127586], [-1.125685, 46.127537], [-1.12538, 46.127472], [-1.124975, 46.12735], [-1.124649, 46.12721], [-1.124486, 46.127132], [-1.124322, 46.12706], [-1.124167, 46.127018], [-1.124003, 46.127], [-1.12382, 46.127003], [-1.12263, 46.12718], [-1.122529, 46.12717], [-1.122402, 46.12713], [-1.122143, 46.127186], [-1.122044, 46.127205], [-1.121948, 46.12724], [-1.121829, 46.12732], [-1.121671, 46.127487], [-1.121573, 46.127647], [-1.121548, 46.127697], [-1.121505, 46.127728], [-1.121463, 46.127743], [-1.121384, 46.12777], [-1.12136, 46.12779], [-1.12135, 46.12785], [-1.121371, 46.127903], [-1.12141, 46.12795], [-1.1215, 46.12798], [-1.12164, 46.12797], [-1.121863, 46.128048], [-1.12218, 46.128223], [-1.122383, 46.128307], [-1.122484, 46.12836], [-1.12256, 46.12842], [-1.122609, 46.128464], [-1.12264, 46.12852], [-1.122671, 46.128613], [-1.122675, 46.128716], [-1.122715, 46.12897], [-1.122751, 46.12905], [-1.12277, 46.12914], [-1.122838, 46.129604], [-1.122838, 46.129604], [-1.122869, 46.12978], [-1.122907, 46.12996], [-1.122909, 46.13011], [-1.122879, 46.130264], [-1.122837, 46.130432], [-1.122755, 46.13061], [-1.122655, 46.13076], [-1.122487, 46.130962], [-1.122341, 46.131184], [-1.122187, 46.131428], [-1.122116, 46.13158], [-1.122058, 46.131733], [-1.122002, 46.131905], [-1.121959, 46.132053], [-1.12192, 46.13222], [-1.121873, 46.13233], [-1.12183, 46.13237], [-1.12177, 46.13242], [-1.121745, 46.13246], [-1.121705, 46.132477], [-1.121609, 46.132526], [-1.121438, 46.13257], [-1.121438, 46.13257], [-1.12068, 46.13282], [-1.12026, 46.13299], [-1.11965, 46.13322], [-1.11953, 46.13325], [-1.11946, 46.13328], [-1.11948, 46.13331], [-1.11934, 46.13336], [-1.11872, 46.1336], [-1.11803, 46.133835], [-1.11792, 46.13391], [-1.11773, 46.13405], [-1.1177, 46.13405], [-1.11769, 46.13405], [-1.11735, 46.13406], [-1.11709, 46.13404], [-1.11651, 46.13401], [-1.11626, 46.13399], [-1.11566, 46.13388], [-1.11501, 46.13375], [-1.11451, 46.13362], [-1.11426, 46.13352], [-1.11406, 46.13344], [-1.11388, 46.13341], [-1.11364, 46.1334], [-1.11342, 46.13338], [-1.113186, 46.13363], [-1.113186, 46.13363], [-1.112999, 46.13403], [-1.1128, 46.13442], [-1.112612, 46.134815], [-1.112545, 46.13493], [-1.112373, 46.13518], [-1.112288, 46.13531], [-1.11222, 46.13544], [-1.111694, 46.13646], [-1.111694, 46.13646], [-1.111502, 46.13697], [-1.111422, 46.13716], [-1.111348, 46.137337], [-1.11126, 46.13756], [-1.11116, 46.13779], [-1.111134, 46.13785], [-1.111196, 46.1379], [-1.111306, 46.13793], [-1.111794, 46.13809], [-1.112034, 46.13812], [-1.112494, 46.138294], [-1.112971, 46.138477], [-1.1131, 46.138515], [-1.113256, 46.138542], [-1.113559, 46.138596], [-1.114541, 46.138775], [-1.114694, 46.13884], [-1.114803, 46.138847], [-1.1149, 46.13891], [-1.115116, 46.1392], [-1.115323, 46.139465], [-1.115377, 46.13956], [-1.115397, 46.13965], [-1.115331, 46.139847], [-1.115187, 46.140198], [-1.11507, 46.14052], [-1.114961, 46.140663], [-1.114921, 46.140884], [-1.114856, 46.140915], [-1.11479, 46.140938], [-1.114756, 46.140984], [-1.114757, 46.141033], [-1.114777, 46.14108], [-1.114819, 46.141106], [-1.114877, 46.141117], [-1.114936, 46.141117], [-1.114997, 46.141113], [-1.115072, 46.14113], [-1.115331, 46.141205], [-1.115633, 46.14129], [-1.115959, 46.14136], [-1.11636, 46.14142], [-1.116847, 46.141468], [-1.11734, 46.141506], [-1.117676, 46.141514], [-1.118011, 46.141506], [-1.119402, 46.14146], [-1.119891, 46.14146], [-1.121133, 46.14158], [-1.121473, 46.14154], [-1.12206, 46.141552], [-1.122687, 46.14156], [-1.123004, 46.141563], [-1.123134, 46.141563], [-1.12331, 46.141544], [-1.123535, 46.14152], [-1.123758, 46.141483], [-1.124177, 46.141403], [-1.12439, 46.14137], [-1.124607, 46.141346], [-1.124987, 46.14132], [-1.125332, 46.141296], [-1.125455, 46.14131], [-1.12591, 46.14124], [-1.12642, 46.14258], [-1.126433, 46.142616], [-1.126425, 46.142654], [-1.126371, 46.14269], [-1.126338, 46.142735], [-1.126343, 46.142796], [-1.126378, 46.142834], [-1.12643, 46.14286], [-1.126479, 46.14286], [-1.126525, 46.14285], [-1.126565, 46.142822], [-1.126598, 46.142788], [-1.126622, 46.142754], [-1.126675, 46.14275], [-1.126748, 46.14274], [-1.126891, 46.14274], [-1.128424, 46.142944], [-1.12997, 46.14313], [-1.130075, 46.143177], [-1.130175, 46.143246], [-1.130247, 46.143314], [-1.13029, 46.14339], [-1.130287, 46.14349], [-1.130256, 46.143616], [-1.130203, 46.143814], [-1.130183, 46.143898], [-1.130173, 46.143974], [-1.130176, 46.14404], [-1.130201, 46.1441], [-1.130246, 46.14416], [-1.130323, 46.144196], [-1.130533, 46.144257], [-1.131793, 46.144554], [-1.133066, 46.14487], [-1.133459, 46.144955], [-1.133859, 46.145054], [-1.134292, 46.145126], [-1.135013, 46.1452], [-1.135388, 46.145226], [-1.136205, 46.145283], [-1.136264, 46.145275], [-1.136324, 46.145275], [-1.136404, 46.145287], [-1.136455, 46.145313], [-1.13651, 46.145363], [-1.136512, 46.145412], [-1.13654, 46.14549], [-1.1366, 46.14556], [-1.13673, 46.14563], [-1.13678, 46.14571], [-1.13683, 46.14595], [-1.13684, 46.14612], [-1.13686, 46.1466], [-1.13694, 46.14691], [-1.1372, 46.14737], [-1.13746, 46.14773], [-1.13856, 46.1492], [-1.13865, 46.14933], [-1.13913, 46.14997], [-1.13924, 46.15017], [-1.13948, 46.15073], [-1.1395, 46.15083], [-1.13955, 46.15127], [-1.13946, 46.15168], [-1.13931, 46.15186], [-1.13918, 46.15194], [-1.13912, 46.15205], [-1.13914, 46.15218], [-1.1392, 46.15225], [-1.13928, 46.15229], [-1.13936, 46.15245], [-1.13937, 46.15258], [-1.139336, 46.15282], [-1.139269, 46.15339], [-1.139255, 46.153687], [-1.139246, 46.153896], [-1.139243, 46.154102], [-1.139272, 46.15433], [-1.13934, 46.154564], [-1.139389, 46.154663], [-1.13948, 46.15481], [-1.13961, 46.154984], [-1.13976, 46.155144], [-1.139954, 46.1553], [-1.140171, 46.15544], [-1.140327, 46.15554], [-1.140501, 46.15563], [-1.140851, 46.15582], [-1.141271, 46.156044], [-1.141658, 46.156258], [-1.141963, 46.15642], [-1.142274, 46.15658], [-1.142869, 46.156902], [-1.143213, 46.15708], [-1.1434, 46.15718], [-1.144052, 46.15753], [-1.144533, 46.157784], [-1.144722, 46.15791], [-1.145441, 46.15843], [-1.14567, 46.15852], [-1.146291, 46.15879], [-1.146436, 46.158848], [-1.146574, 46.15888], [-1.147655, 46.15897], [-1.14769, 46.159], [-1.147466, 46.159607], [-1.147202, 46.16021], [-1.146913, 46.161133], [-1.14646, 46.16237], [-1.146372, 46.162655], [-1.146312, 46.162827], [-1.146254, 46.16292], [-1.146158, 46.16298], [-1.145855, 46.163067], [-1.145788, 46.163113], [-1.145749, 46.163143], [-1.145761, 46.16318], [-1.145805, 46.16321], [-1.14606, 46.16337], [-1.146175, 46.163456], [-1.146313, 46.163532], [-1.146834, 46.163784], [-1.147158, 46.163902], [-1.147483, 46.16401], [-1.147733, 46.164085], [-1.14829, 46.16418], [-1.14889, 46.16427], [-1.150219, 46.164528], [-1.150453, 46.164555], [-1.150988, 46.164623], [-1.151525, 46.16468], [-1.151572, 46.164692], [-1.151612, 46.16468], [-1.151791, 46.164238], [-1.152025, 46.16365], [-1.152141, 46.163376], [-1.152252, 46.163105], [-1.152403, 46.162746], [-1.152549, 46.1624], [-1.152644, 46.162167], [-1.152686, 46.16211], [-1.152709, 46.162083], [-1.152756, 46.16207], [-1.152933, 46.16209], [-1.153955, 46.162277], [-1.154594, 46.16235], [-1.154909, 46.162323], [-1.154988, 46.162285], [-1.155084, 46.162224], [-1.155182, 46.162064], [-1.155268, 46.161858], [-1.15577, 46.160305], [-1.156369, 46.15881], [-1.156369, 46.15881], [-1.156559, 46.15827], [-1.156606, 46.158226], [-1.156714, 46.158226], [-1.157555, 46.1584], [-1.158719, 46.158596], [-1.159343, 46.158703], [-1.15995, 46.15879], [-1.161397, 46.15904], [-1.163645, 46.159367], [-1.1652, 46.159657], [-1.1652, 46.159657], [-1.167482, 46.15999], [-1.168372, 46.16015], [-1.169628, 46.16032], [-1.170274, 46.160423], [-1.170645, 46.160484], [-1.170878, 46.160522], [-1.170924, 46.160534], [-1.170967, 46.16055], [-1.17102, 46.16057], [-1.17105, 46.16059], [-1.171145, 46.160618], [-1.17124, 46.16063], [-1.17134, 46.16061], [-1.171419, 46.160614], [-1.171511, 46.16062], [-1.172047, 46.16074], [-1.172047, 46.16074], [-1.17301, 46.16087], [-1.174056, 46.161022], [-1.175, 46.16118], [-1.175147, 46.161205], [-1.175388, 46.161247], [-1.175713, 46.16137], [-1.175713, 46.16137], [-1.175939, 46.16136], [-1.176002, 46.1614], [-1.176013, 46.161434], [-1.17602, 46.16146], [-1.17604, 46.1615], [-1.176077, 46.161537], [-1.17613, 46.16156], [-1.17624, 46.16156], [-1.176298, 46.16154], [-1.17634, 46.16152], [-1.176399, 46.16147], [-1.17649, 46.16145], [-1.17675, 46.16147], [-1.177183, 46.161533], [-1.177549, 46.16156], [-1.177894, 46.161633], [-1.177894, 46.161633], [-1.1783, 46.161636], [-1.178552, 46.161617], [-1.178748, 46.161655], [-1.178771, 46.161667], [-1.178813, 46.16168], [-1.17887, 46.16168], [-1.17892, 46.16167], [-1.17896, 46.16162], [-1.17896, 46.16156], [-1.178992, 46.16152], [-1.179074, 46.161385], [-1.179203, 46.161118], [-1.17929, 46.16084], [-1.179357, 46.160606], [-1.179499, 46.160175], [-1.179535, 46.16007], [-1.179633, 46.159912], [-1.179677, 46.15948], [-1.179745, 46.158997], [-1.179807, 46.158524], [-1.179887, 46.15796], [-1.180005, 46.157597], [-1.180058, 46.15753], [-1.180058, 46.15753], [-1.180181, 46.157253], [-1.180239, 46.15714], [-1.180241, 46.157093], [-1.180284, 46.157063], [-1.18045, 46.1571], [-1.18128, 46.15717], [-1.181766, 46.157234], [-1.181766, 46.157234], [-1.183126, 46.157307], [-1.183192, 46.157204], [-1.183233, 46.157097], [-1.18332, 46.15709], [-1.183919, 46.157146], [-1.184358, 46.15725], [-1.184622, 46.157326], [-1.184719, 46.157364], [-1.184772, 46.15738], [-1.184822, 46.15737], [-1.184935, 46.157234], [-1.185163, 46.157047], [-1.185163, 46.157047], [-1.185235, 46.156864], [-1.185325, 46.156715], [-1.18535, 46.15664], [-1.185356, 46.156563], [-1.185354, 46.15646], [-1.185328, 46.15637], [-1.18526, 46.156223], [-1.185151, 46.156094], [-1.184765, 46.155823], [-1.184501, 46.1556], [-1.18435, 46.155422], [-1.184237, 46.155228], [-1.184181, 46.155106], [-1.184135, 46.15498], [-1.184113, 46.15483], [-1.184104, 46.154686], [-1.184163, 46.15443], [-1.184163, 46.15443], [-1.184148, 46.15429], [-1.184143, 46.154156], [-1.184113, 46.154015], [-1.184067, 46.153862], [-1.184037, 46.15381], [-1.18407, 46.15377], [-1.184405, 46.153736], [-1.18474, 46.153725], [-1.18508, 46.15373], [-1.185688, 46.15378], [-1.186025, 46.15382], [-1.186331, 46.15385], [-1.186644, 46.153847], [-1.187042, 46.15382], [-1.187421, 46.153786], [-1.187656, 46.15377], [-1.187886, 46.15377], [-1.188088, 46.153778], [-1.188285, 46.153816], [-1.188675, 46.153927], [-1.188844, 46.153996], [-1.189483, 46.15423], [-1.190116, 46.15447], [-1.190502, 46.154613], [-1.190701, 46.154667], [-1.19085, 46.15469], [-1.190952, 46.15474], [-1.19102, 46.1548], [-1.19108, 46.15491], [-1.191112, 46.15498], [-1.191094, 46.155045], [-1.190677, 46.15568], [-1.188069, 46.1602], [-1.188069, 46.1602], [-1.18775, 46.16086], [-1.187746, 46.160896], [-1.187794, 46.160934], [-1.187876, 46.16093], [-1.188701, 46.160828], [-1.192531, 46.16037], [-1.194375, 46.160152], [-1.194822, 46.160145], [-1.194822, 46.160145], [-1.195991, 46.159958], [-1.196278, 46.159935], [-1.196621, 46.15993], [-1.196931, 46.159946], [-1.197166, 46.159992], [-1.197211, 46.16005], [-1.197291, 46.160084], [-1.197677, 46.160088], [-1.197781, 46.160076], [-1.19784, 46.160046], [-1.197901, 46.159996], [-1.19798, 46.15989], [-1.198038, 46.159847], [-1.1981, 46.15981], [-1.19846, 46.15973], [-1.19938, 46.15956], [-1.199816, 46.1595], [-1.200053, 46.159477], [-1.200112, 46.159454], [-1.200131, 46.159393], [-1.200197, 46.15915], [-1.200441, 46.15884], [-1.200953, 46.15794], [-1.201456, 46.15713], [-1.201627, 46.156864], [-1.201854, 46.156605], [-1.201945, 46.15648], [-1.201998, 46.15634], [-1.202052, 46.15619], [-1.202134, 46.15605], [-1.202549, 46.1554], [-1.203116, 46.154488], [-1.203708, 46.15359], [-1.203708, 46.15359], [-1.204453, 46.15234], [-1.204916, 46.151604], [-1.205367, 46.150867], [-1.205545, 46.15062], [-1.205745, 46.150375], [-1.20595, 46.150146], [-1.2061, 46.14994], [-1.2063, 46.14983], [-1.20644, 46.14977], [-1.2066, 46.14974], [-1.20682, 46.14974], [-1.20706, 46.14979], [-1.20763, 46.14991], [-1.20878, 46.150383], [-1.20915, 46.15051], [-1.20931, 46.1506], [-1.20942, 46.15069], [-1.20952, 46.15075], [-1.20971, 46.15075], [-1.20983, 46.15071], [-1.20994, 46.15064], [-1.21011, 46.15055], [-1.2103, 46.15049], [-1.21108, 46.15029], [-1.21237, 46.14991], [-1.21524, 46.14912], [-1.21617, 46.14885], [-1.21691, 46.14867], [-1.21704, 46.14866], [-1.21744, 46.14874], [-1.21825, 46.14875], [-1.21908, 46.149], [-1.22035, 46.14942], [-1.220466, 46.149406]]}}, {"type": "Feature", "properties": {"route_short_name": "50", "route_long_name": "Place de Verdun <> Sablanceaux", "shape_id": "CA_LA_ROCHELLE:JourneyPattern:50_2308717AEA591D56E2A1839A6B1BA209", "n_points": 288, "n_shape_variants_in_source": 2}, "geometry": {"type": "LineString", "coordinates": [[-1.153652, 46.161934], [-1.153002, 46.16186], [-1.152914, 46.162086], [-1.154657, 46.162365], [-1.15494, 46.162323], [-1.155125, 46.162273], [-1.155354, 46.16223], [-1.15559, 46.162224], [-1.158432, 46.16247], [-1.160313, 46.162674], [-1.160313, 46.162674], [-1.163395, 46.16295], [-1.165139, 46.16312], [-1.165741, 46.16322], [-1.167119, 46.163322], [-1.167805, 46.16339], [-1.168486, 46.16348], [-1.16942, 46.16355], [-1.17057, 46.163654], [-1.171131, 46.163715], [-1.173736, 46.163982], [-1.174879, 46.164097], [-1.175021, 46.16411], [-1.17528, 46.16419], [-1.175433, 46.164185], [-1.175562, 46.164227], [-1.175609, 46.164284], [-1.17571, 46.164326], [-1.175885, 46.16434], [-1.176088, 46.164352], [-1.176158, 46.16432], [-1.176233, 46.164272], [-1.176316, 46.16425], [-1.176729, 46.164284], [-1.17793, 46.16449], [-1.178371, 46.164562], [-1.17882, 46.164623], [-1.179014, 46.164635], [-1.179287, 46.16463], [-1.17988, 46.164627], [-1.180309, 46.16463], [-1.180533, 46.16463], [-1.180706, 46.164604], [-1.181133, 46.164623], [-1.181339, 46.164593], [-1.18142, 46.16459], [-1.181712, 46.16459], [-1.18175, 46.1646], [-1.18177, 46.16462], [-1.18184, 46.16463], [-1.18191, 46.16462], [-1.181955, 46.164616], [-1.182287, 46.164673], [-1.183034, 46.164825], [-1.18335, 46.164898], [-1.183393, 46.164925], [-1.18342, 46.164936], [-1.18345, 46.16494], [-1.183501, 46.164936], [-1.183548, 46.16491], [-1.18372, 46.164883], [-1.184047, 46.164917], [-1.184334, 46.16495], [-1.184618, 46.164993], [-1.186044, 46.16531], [-1.186044, 46.16531], [-1.187075, 46.16553], [-1.187537, 46.165623], [-1.187779, 46.16564], [-1.187937, 46.165657], [-1.18805, 46.165707], [-1.188099, 46.16574], [-1.18815, 46.165756], [-1.188209, 46.165756], [-1.188258, 46.165745], [-1.188295, 46.165714], [-1.188315, 46.16567], [-1.188408, 46.1656], [-1.188446, 46.165585], [-1.188584, 46.165573], [-1.189747, 46.165485], [-1.191654, 46.165268], [-1.192124, 46.165234], [-1.193071, 46.165157], [-1.194208, 46.16505], [-1.194778, 46.164997], [-1.195341, 46.164925], [-1.195696, 46.16489], [-1.197243, 46.16474], [-1.197611, 46.16469], [-1.197703, 46.1647], [-1.198, 46.16466], [-1.198388, 46.164654], [-1.198388, 46.164654], [-1.200722, 46.164448], [-1.20192, 46.16431], [-1.203741, 46.164192], [-1.204575, 46.16416], [-1.207988, 46.163948], [-1.207988, 46.163948], [-1.208816, 46.16387], [-1.209652, 46.16382], [-1.211266, 46.163734], [-1.216441, 46.163406], [-1.216441, 46.163406], [-1.21802, 46.16326], [-1.21815, 46.16326], [-1.21827, 46.16331], [-1.21831, 46.16336], [-1.21778, 46.16394], [-1.21715, 46.16463], [-1.2165, 46.16534], [-1.21615, 46.16566], [-1.21591, 46.16586], [-1.21572, 46.16599], [-1.21545, 46.16613], [-1.21464, 46.16649], [-1.21403, 46.16674], [-1.21367, 46.16691], [-1.21295, 46.16742], [-1.21249, 46.16779], [-1.212393, 46.167854], [-1.21239, 46.167892], [-1.212411, 46.167915], [-1.212479, 46.167946], [-1.212531, 46.167995], [-1.21257, 46.168076], [-1.21264, 46.1683], [-1.21269, 46.16861], [-1.21282, 46.17031], [-1.212893, 46.17157], [-1.212863, 46.17169], [-1.212811, 46.17177], [-1.212703, 46.171856], [-1.212621, 46.17191], [-1.212595, 46.171947], [-1.21258, 46.171993], [-1.212591, 46.17204], [-1.212613, 46.17208], [-1.212666, 46.17211], [-1.212737, 46.172134], [-1.212821, 46.17214], [-1.212943, 46.172108], [-1.213033, 46.172047], [-1.213153, 46.172028], [-1.213412, 46.172024], [-1.213627, 46.172024], [-1.21385, 46.17204], [-1.21495, 46.17221], [-1.21549, 46.1723], [-1.216516, 46.17246], [-1.216761, 46.1725], [-1.2169, 46.17253], [-1.21708, 46.17258], [-1.21724, 46.17266], [-1.217325, 46.172718], [-1.21736, 46.17275], [-1.21738, 46.1728], [-1.21744, 46.17289], [-1.217503, 46.172947], [-1.2176, 46.17299], [-1.217676, 46.17301], [-1.21776, 46.17302], [-1.217868, 46.17301], [-1.21797, 46.173], [-1.218062, 46.172962], [-1.218137, 46.17291], [-1.2182, 46.17287], [-1.218327, 46.172832], [-1.21847, 46.17282], [-1.218684, 46.172832], [-1.218883, 46.17286], [-1.219037, 46.172916], [-1.219143, 46.172997], [-1.21924, 46.17312], [-1.219399, 46.173653], [-1.219391, 46.17374], [-1.219363, 46.17381], [-1.219312, 46.173855], [-1.21926, 46.17389], [-1.21916, 46.17395], [-1.219039, 46.173965], [-1.218915, 46.173958], [-1.218236, 46.173973], [-1.218119, 46.17397], [-1.217858, 46.173985], [-1.217698, 46.174026], [-1.217569, 46.17412], [-1.217421, 46.174255], [-1.217307, 46.1744], [-1.217214, 46.174534], [-1.217113, 46.174744], [-1.217062, 46.174877], [-1.217037, 46.175014], [-1.217006, 46.175224], [-1.217009, 46.175316], [-1.217054, 46.17539], [-1.217137, 46.17546], [-1.217263, 46.17551], [-1.217439, 46.17554], [-1.217653, 46.175564], [-1.218005, 46.175644], [-1.218147, 46.175682], [-1.218315, 46.175694], [-1.218659, 46.175694], [-1.219193, 46.175686], [-1.219633, 46.175682], [-1.220223, 46.175713], [-1.220548, 46.175735], [-1.221012, 46.17577], [-1.221277, 46.175762], [-1.221771, 46.17571], [-1.222273, 46.175655], [-1.223126, 46.175564], [-1.224027, 46.175446], [-1.225197, 46.17528], [-1.225865, 46.17518], [-1.226409, 46.17509], [-1.227002, 46.174995], [-1.228318, 46.174763], [-1.229091, 46.17461], [-1.229882, 46.174458], [-1.23098, 46.17423], [-1.232047, 46.17399], [-1.232861, 46.173798], [-1.233672, 46.1736], [-1.234602, 46.173363], [-1.235374, 46.17316], [-1.236076, 46.172962], [-1.236754, 46.172768], [-1.237736, 46.172474], [-1.238708, 46.172176], [-1.240101, 46.17172], [-1.240907, 46.17144], [-1.241679, 46.17116], [-1.24246, 46.17087], [-1.243214, 46.170586], [-1.244447, 46.170094], [-1.245684, 46.169567], [-1.246632, 46.16915], [-1.247503, 46.16875], [-1.248281, 46.168385], [-1.24906, 46.168007], [-1.250182, 46.16743], [-1.250764, 46.16712], [-1.251362, 46.1668], [-1.251937, 46.166477], [-1.252502, 46.16616], [-1.253236, 46.165733], [-1.254009, 46.16527], [-1.254463, 46.164993], [-1.254991, 46.164658], [-1.255488, 46.164337], [-1.255955, 46.164032], [-1.256169, 46.16389], [-1.2566, 46.16358], [-1.25706, 46.16323], [-1.25761, 46.16271], [-1.25773, 46.16258], [-1.257825, 46.162468], [-1.257955, 46.162354], [-1.25812, 46.16228], [-1.258177, 46.162277], [-1.258251, 46.162262], [-1.258327, 46.162216], [-1.258387, 46.16216], [-1.25841, 46.16207], [-1.25839, 46.162], [-1.25833, 46.16194], [-1.25825, 46.1619], [-1.25809, 46.16189], [-1.257994, 46.161907], [-1.257909, 46.161945], [-1.257859, 46.162018], [-1.257838, 46.162083], [-1.257863, 46.16214], [-1.257863, 46.162205], [-1.257844, 46.16227], [-1.257776, 46.16237], [-1.257678, 46.162415], [-1.257613, 46.162437], [-1.25738, 46.16252], [-1.25704, 46.16281], [-1.25693, 46.16292], [-1.25684, 46.16296], [-1.25677, 46.16297], [-1.25665, 46.16293], [-1.256477, 46.162754]]}}, {"type": "Feature", "properties": {"route_short_name": "6", "route_long_name": "Lyc\u00e9e Vieljeux <> Place de Verdun", "shape_id": "CA_LA_ROCHELLE:JourneyPattern:6_B44717FFD02DA41D325593CD538BCC1E", "n_points": 370, "n_shape_variants_in_source": 3}, "geometry": {"type": "LineString", "coordinates": [[-1.152014, 46.177986], [-1.152139, 46.1781], [-1.152177, 46.178192], [-1.152214, 46.178288], [-1.152297, 46.178364], [-1.1524, 46.178413], [-1.152585, 46.17842], [-1.15284, 46.17833], [-1.153741, 46.178112], [-1.154332, 46.17792], [-1.15518, 46.17772], [-1.156324, 46.177402], [-1.157022, 46.17725], [-1.157384, 46.177105], [-1.157763, 46.177013], [-1.158146, 46.17691], [-1.15852, 46.1768], [-1.158636, 46.176758], [-1.158728, 46.1767], [-1.159029, 46.17649], [-1.159128, 46.176414], [-1.159186, 46.176388], [-1.159241, 46.176373], [-1.159278, 46.17635], [-1.159299, 46.176327], [-1.15931, 46.17629], [-1.15931, 46.17624], [-1.159299, 46.176193], [-1.159321, 46.176136], [-1.159391, 46.176003], [-1.159519, 46.17585], [-1.159519, 46.17585], [-1.16089, 46.17364], [-1.16105, 46.17345], [-1.16105, 46.17345], [-1.1611, 46.17333], [-1.161137, 46.1733], [-1.161183, 46.173286], [-1.161239, 46.173283], [-1.16129, 46.17326], [-1.161331, 46.173218], [-1.161344, 46.173183], [-1.16134, 46.17315], [-1.161332, 46.173107], [-1.161339, 46.173065], [-1.161361, 46.173035], [-1.161415, 46.173004], [-1.161752, 46.17286], [-1.161898, 46.172794], [-1.16211, 46.1727], [-1.162345, 46.172604], [-1.16259, 46.1725], [-1.163005, 46.17233], [-1.163488, 46.172176], [-1.163488, 46.172176], [-1.163867, 46.172], [-1.163948, 46.17198], [-1.164029, 46.171955], [-1.164201, 46.171898], [-1.164338, 46.17185], [-1.164405, 46.171825], [-1.164468, 46.171818], [-1.164516, 46.171833], [-1.164541, 46.171867], [-1.164619, 46.17202], [-1.164656, 46.172096], [-1.164711, 46.17216], [-1.164775, 46.172234], [-1.165065, 46.172523], [-1.1656, 46.17303], [-1.165997, 46.173477], [-1.16623, 46.17365], [-1.166281, 46.173744], [-1.166323, 46.17384], [-1.166303, 46.17394], [-1.16629, 46.17398], [-1.166284, 46.174034], [-1.1663, 46.17409], [-1.16635, 46.17413], [-1.16646, 46.17417], [-1.166516, 46.17417], [-1.16657, 46.17416], [-1.16666, 46.17412], [-1.1667, 46.17402], [-1.166799, 46.173943], [-1.166913, 46.173885], [-1.167129, 46.173805], [-1.16725, 46.17378], [-1.16731, 46.17378], [-1.16736, 46.173782], [-1.167451, 46.173817], [-1.167541, 46.17382], [-1.167633, 46.1738], [-1.167709, 46.173744], [-1.167741, 46.173695], [-1.16777, 46.173653], [-1.167815, 46.173607], [-1.1679, 46.17357], [-1.16798, 46.173542], [-1.168172, 46.17348], [-1.1685, 46.173393], [-1.169941, 46.172924], [-1.171028, 46.172577], [-1.171292, 46.172504], [-1.171577, 46.172405], [-1.171848, 46.17232], [-1.172125, 46.172234], [-1.172394, 46.172165], [-1.173637, 46.171753], [-1.173824, 46.171696], [-1.173901, 46.17167], [-1.17395, 46.17163], [-1.173916, 46.171467], [-1.173879, 46.171303], [-1.173797, 46.170994], [-1.173735, 46.17087], [-1.173653, 46.170773], [-1.173606, 46.17074], [-1.17362, 46.170696], [-1.173771, 46.17065], [-1.173913, 46.1706], [-1.173913, 46.1706], [-1.174464, 46.170433], [-1.174975, 46.17027], [-1.175086, 46.170242], [-1.1752, 46.17024], [-1.17629, 46.17036], [-1.177131, 46.17045], [-1.177187, 46.170467], [-1.177228, 46.170456], [-1.177253, 46.17041], [-1.177261, 46.17036], [-1.177366, 46.170067], [-1.177366, 46.170067], [-1.177451, 46.16953], [-1.177505, 46.169254], [-1.177506, 46.1692], [-1.17755, 46.169167], [-1.177645, 46.169125], [-1.178333, 46.169224], [-1.178333, 46.169224], [-1.179676, 46.16932], [-1.179732, 46.16928], [-1.179712, 46.1692], [-1.179505, 46.167667], [-1.179534, 46.167603], [-1.179569, 46.16756], [-1.17962, 46.16753], [-1.179651, 46.1675], [-1.17969, 46.167477], [-1.179774, 46.167465], [-1.180545, 46.167545], [-1.181047, 46.167633], [-1.181047, 46.167633], [-1.182908, 46.167793], [-1.182973, 46.167805], [-1.183022, 46.16779], [-1.183046, 46.1677], [-1.183081, 46.167507], [-1.183132, 46.167263], [-1.183198, 46.16672], [-1.18325, 46.16617], [-1.183294, 46.165985], [-1.183374, 46.165447], [-1.183458, 46.165047], [-1.183501, 46.164955], [-1.18353, 46.16492], [-1.18354, 46.16491], [-1.18355, 46.16487], [-1.18354, 46.16485], [-1.18347, 46.16482], [-1.18343, 46.16482], [-1.183357, 46.164825], [-1.183214, 46.16482], [-1.18292, 46.16477], [-1.182737, 46.164726], [-1.182508, 46.164677], [-1.182347, 46.164642], [-1.182241, 46.16459], [-1.182241, 46.16459], [-1.181958, 46.164543], [-1.181907, 46.1645], [-1.181845, 46.164482], [-1.18176, 46.1645], [-1.18174, 46.16451], [-1.181653, 46.164536], [-1.181472, 46.164566], [-1.18136, 46.16457], [-1.180888, 46.16457], [-1.180675, 46.164577], [-1.1804, 46.16461], [-1.17988, 46.16461], [-1.17928, 46.164604], [-1.17888, 46.164604], [-1.178075, 46.16449], [-1.177426, 46.164375], [-1.176773, 46.164265], [-1.176383, 46.16422], [-1.176284, 46.16421], [-1.176225, 46.164215], [-1.176181, 46.164215], [-1.176156, 46.164204], [-1.176129, 46.164173], [-1.1761, 46.164093], [-1.1761, 46.16401], [-1.176161, 46.163563], [-1.176183, 46.16252], [-1.17621, 46.16207], [-1.176214, 46.161892], [-1.1762, 46.1617], [-1.17624, 46.16156], [-1.17626, 46.16155], [-1.17629, 46.16154], [-1.17642, 46.16146], [-1.17662, 46.16145], [-1.17683, 46.16149], [-1.177894, 46.161633], [-1.178392, 46.16162], [-1.178589, 46.161613], [-1.17869, 46.16163], [-1.178753, 46.16166], [-1.178785, 46.16167], [-1.178825, 46.161682], [-1.17887, 46.16168], [-1.17892, 46.16167], [-1.179, 46.16167], [-1.179175, 46.161663], [-1.179363, 46.161686], [-1.18029, 46.16171], [-1.18155, 46.16168], [-1.18263, 46.16158], [-1.18295, 46.1615], [-1.18298, 46.16151], [-1.18301, 46.16151], [-1.18307, 46.16149], [-1.18311, 46.16146], [-1.18312, 46.16141], [-1.18308, 46.16137], [-1.18303, 46.16135], [-1.183, 46.16135], [-1.182865, 46.161247], [-1.18276, 46.16121], [-1.182434, 46.161148], [-1.181569, 46.160995], [-1.181569, 46.160995], [-1.181289, 46.160973], [-1.181244, 46.160942], [-1.181384, 46.160637], [-1.181622, 46.160088], [-1.181795, 46.15969], [-1.181875, 46.159588], [-1.181875, 46.159588], [-1.181888, 46.15948], [-1.181943, 46.159378], [-1.18206, 46.15927], [-1.18219, 46.15921], [-1.182783, 46.1591], [-1.183164, 46.159023], [-1.183343, 46.15896], [-1.183475, 46.15889], [-1.183578, 46.158825], [-1.183675, 46.15875], [-1.18378, 46.158638], [-1.184045, 46.158314], [-1.184353, 46.157944], [-1.184588, 46.15766], [-1.184699, 46.15752], [-1.184769, 46.157433], [-1.18477, 46.15738], [-1.184723, 46.157333], [-1.18463, 46.15731], [-1.18437, 46.15723], [-1.184148, 46.157166], [-1.183917, 46.15713], [-1.18332, 46.15709], [-1.1829, 46.15706], [-1.181766, 46.15696], [-1.181766, 46.15696], [-1.18157, 46.15695], [-1.180477, 46.15687], [-1.180422, 46.15686], [-1.180391, 46.15683], [-1.180475, 46.1567], [-1.180628, 46.156395], [-1.180775, 46.1561], [-1.180844, 46.155922], [-1.180907, 46.155766], [-1.180934, 46.155373], [-1.1809, 46.155025], [-1.18084, 46.15468], [-1.180827, 46.154366], [-1.180776, 46.15427], [-1.18078, 46.15416], [-1.18081, 46.15412], [-1.180857, 46.154087], [-1.180909, 46.154064], [-1.18095, 46.15403], [-1.18097, 46.15397], [-1.180944, 46.15392], [-1.180921, 46.1539], [-1.180896, 46.153885], [-1.18082, 46.15387], [-1.18068, 46.15384], [-1.18049, 46.15376], [-1.18016, 46.15365], [-1.180015, 46.153603], [-1.179857, 46.15357], [-1.179679, 46.153553], [-1.179409, 46.15354], [-1.179255, 46.153553], [-1.178263, 46.153587], [-1.17748, 46.15362], [-1.177469, 46.153564], [-1.17719, 46.15363], [-1.17655, 46.15373], [-1.174576, 46.154015], [-1.17338, 46.154167], [-1.17255, 46.1543], [-1.17203, 46.15436], [-1.17157, 46.15441], [-1.17141, 46.15445], [-1.17123, 46.15454], [-1.171187, 46.154606], [-1.171165, 46.154667], [-1.17112, 46.154835], [-1.171013, 46.155487], [-1.170944, 46.15551], [-1.169647, 46.155552], [-1.166419, 46.155647], [-1.166419, 46.155647], [-1.163916, 46.155807], [-1.162569, 46.155872], [-1.161893, 46.155903], [-1.161222, 46.155907], [-1.161222, 46.155907], [-1.16098, 46.15593], [-1.16088, 46.15595], [-1.16085, 46.15596], [-1.16082, 46.15604], [-1.16083, 46.1561], [-1.16086, 46.15614], [-1.160877, 46.156162], [-1.16088, 46.15619], [-1.160867, 46.15626], [-1.16083, 46.15632], [-1.16042, 46.15677], [-1.16022, 46.157], [-1.1601, 46.15714], [-1.15983, 46.15771], [-1.15965, 46.15826], [-1.15955, 46.15857], [-1.159528, 46.15866], [-1.159479, 46.15869], [-1.156554, 46.158195], [-1.156119, 46.159176], [-1.155806, 46.160076], [-1.155585, 46.160606], [-1.155512, 46.1607], [-1.155204, 46.161232], [-1.154737, 46.16205], [-1.1547, 46.1621], [-1.154671, 46.162113], [-1.154618, 46.16211], [-1.154161, 46.16205], [-1.153066, 46.161896], [-1.15299, 46.161922], [-1.15293, 46.161983], [-1.152918, 46.162064], [-1.152941, 46.162113], [-1.153955, 46.162277]]}}, {"type": "Feature", "properties": {"route_short_name": "7", "route_long_name": "Place de Verdun <> P\u00e9rigny / Dompierre Chagnolet", "shape_id": "CA_LA_ROCHELLE:JourneyPattern:7_E88FFA179A7D183F3A5ADC8EEFBDDB6A", "n_points": 317, "n_shape_variants_in_source": 4}, "geometry": {"type": "LineString", "coordinates": [[-1.092566, 46.176384], [-1.09272, 46.17613], [-1.093061, 46.175823], [-1.093129, 46.175777], [-1.093131, 46.17573], [-1.09297, 46.175606], [-1.092779, 46.175488], [-1.092665, 46.17542], [-1.092571, 46.175343], [-1.092518, 46.175293], [-1.092481, 46.175247], [-1.092304, 46.174652], [-1.092275, 46.174557], [-1.092344, 46.17441], [-1.092344, 46.17441], [-1.092297, 46.174248], [-1.09229, 46.174183], [-1.092304, 46.174126], [-1.092329, 46.17401], [-1.092295, 46.173576], [-1.09227, 46.173355], [-1.092237, 46.173138], [-1.092147, 46.172817], [-1.092151, 46.17271], [-1.092187, 46.172615], [-1.092223, 46.172565], [-1.09231, 46.17241], [-1.092526, 46.172085], [-1.092551, 46.172024], [-1.092528, 46.17197], [-1.092389, 46.171867], [-1.092191, 46.171764], [-1.09214, 46.17171], [-1.09214, 46.17167], [-1.092188, 46.171627], [-1.092251, 46.1716], [-1.09232, 46.1716], [-1.09325, 46.17136], [-1.09373, 46.17128], [-1.09394, 46.171272], [-1.094483, 46.17129], [-1.094547, 46.171326], [-1.094547, 46.171326], [-1.09487, 46.17136], [-1.09496, 46.17139], [-1.0955, 46.17146], [-1.095789, 46.171455], [-1.09694, 46.17138], [-1.09734, 46.17134], [-1.09812, 46.17128], [-1.09856, 46.17127], [-1.09945, 46.171288], [-1.099855, 46.171288], [-1.100252, 46.17128], [-1.101067, 46.171207], [-1.102539, 46.17109], [-1.102767, 46.171062], [-1.10299, 46.17102], [-1.10329, 46.17094], [-1.103654, 46.17081], [-1.10399, 46.17068], [-1.104128, 46.170628], [-1.10428, 46.17059], [-1.104661, 46.170544], [-1.105104, 46.170452], [-1.105489, 46.170364], [-1.105795, 46.170273], [-1.105973, 46.170242], [-1.10614, 46.17026], [-1.106249, 46.170246], [-1.10629, 46.1702], [-1.106294, 46.17016], [-1.106284, 46.170128], [-1.1063, 46.17009], [-1.106372, 46.170025], [-1.10724, 46.169643], [-1.107431, 46.16957], [-1.107606, 46.169487], [-1.108112, 46.169186], [-1.108621, 46.16888], [-1.108783, 46.168842], [-1.109098, 46.168682], [-1.109603, 46.168472], [-1.109866, 46.168358], [-1.110122, 46.16824], [-1.11046, 46.168053], [-1.110751, 46.16788], [-1.110935, 46.16777], [-1.110979, 46.167744], [-1.111015, 46.167736], [-1.111068, 46.16772], [-1.111134, 46.1677], [-1.111201, 46.16767], [-1.1113, 46.16763], [-1.111405, 46.16762], [-1.11151, 46.16763], [-1.112763, 46.167885], [-1.112763, 46.167885], [-1.1144, 46.16816], [-1.114686, 46.168217], [-1.114827, 46.168217], [-1.114924, 46.168224], [-1.11504, 46.16827], [-1.115073, 46.16831], [-1.115135, 46.16833], [-1.115214, 46.168335], [-1.115301, 46.16831], [-1.115354, 46.16826], [-1.115365, 46.1682], [-1.115402, 46.16814], [-1.11547, 46.16808], [-1.115538, 46.168026], [-1.115591, 46.167953], [-1.115725, 46.167828], [-1.115725, 46.167828], [-1.115794, 46.167656], [-1.116025, 46.167366], [-1.116209, 46.167126], [-1.116523, 46.166843], [-1.116925, 46.16652], [-1.117448, 46.166126], [-1.117878, 46.165855], [-1.118227, 46.165672], [-1.118434, 46.165596], [-1.119035, 46.16545], [-1.1193, 46.165462], [-1.11974, 46.16532], [-1.12014, 46.165203], [-1.12034, 46.16515], [-1.120537, 46.1651], [-1.1207, 46.16507], [-1.121256, 46.164967], [-1.121566, 46.16491], [-1.12179, 46.16489], [-1.12282, 46.16476], [-1.123238, 46.164684], [-1.123646, 46.164593], [-1.124677, 46.164375], [-1.124677, 46.164375], [-1.124905, 46.164307], [-1.12513, 46.16427], [-1.125245, 46.164276], [-1.12535, 46.1643], [-1.12546, 46.16434], [-1.1255, 46.16436], [-1.12551, 46.16441], [-1.12556, 46.16447], [-1.12563, 46.16451], [-1.12573, 46.16454], [-1.12585, 46.16454], [-1.12597, 46.1645], [-1.12603, 46.16446], [-1.12609, 46.16437], [-1.1261, 46.16433], [-1.126123, 46.164204], [-1.126242, 46.164074], [-1.126376, 46.164005], [-1.126484, 46.16397], [-1.126908, 46.16392], [-1.12812, 46.16363], [-1.128729, 46.163525], [-1.129327, 46.163418], [-1.129488, 46.163383], [-1.129798, 46.1633], [-1.129893, 46.163277], [-1.129926, 46.163258], [-1.129945, 46.163223], [-1.129898, 46.16314], [-1.129838, 46.162968], [-1.12969, 46.162655], [-1.129595, 46.162327], [-1.129534, 46.1621], [-1.129451, 46.161884], [-1.12945, 46.16178], [-1.12949, 46.16171], [-1.129719, 46.161575], [-1.129787, 46.161503], [-1.129824, 46.16139], [-1.129847, 46.161297], [-1.129841, 46.161243], [-1.12979, 46.16121], [-1.129705, 46.161167], [-1.1296, 46.16111], [-1.129471, 46.161], [-1.129327, 46.160816], [-1.129211, 46.160633], [-1.129188, 46.160515], [-1.129221, 46.160458], [-1.12922, 46.160393], [-1.12917, 46.160324], [-1.129096, 46.16029], [-1.128975, 46.160297], [-1.128881, 46.160336], [-1.128829, 46.160427], [-1.128878, 46.16051], [-1.128939, 46.160538], [-1.129029, 46.160576], [-1.129119, 46.160637], [-1.129242, 46.16081], [-1.129211, 46.160877], [-1.129373, 46.160957], [-1.129462, 46.16105], [-1.12958, 46.16114], [-1.12969, 46.1612], [-1.12996, 46.16129], [-1.130119, 46.161343], [-1.130297, 46.161358], [-1.130538, 46.161354], [-1.13145, 46.16126], [-1.13179, 46.161236], [-1.131975, 46.161224], [-1.132119, 46.16124], [-1.132353, 46.161304], [-1.13258, 46.16138], [-1.132768, 46.161434], [-1.13297, 46.16146], [-1.133164, 46.161457], [-1.133353, 46.16145], [-1.133589, 46.16142], [-1.133872, 46.16135], [-1.134166, 46.1613], [-1.134323, 46.161236], [-1.134464, 46.161186], [-1.13467, 46.161137], [-1.134786, 46.161118], [-1.134895, 46.16111], [-1.135249, 46.1611], [-1.135656, 46.161114], [-1.13606, 46.16111], [-1.136248, 46.161106], [-1.13645, 46.1611], [-1.13665, 46.161083], [-1.136811, 46.161076], [-1.137033, 46.16103], [-1.137243, 46.160984], [-1.13737, 46.16096], [-1.137514, 46.160973], [-1.137653, 46.161003], [-1.138248, 46.16114], [-1.138605, 46.161263], [-1.139067, 46.161324], [-1.139491, 46.161423], [-1.13962, 46.16146], [-1.13968, 46.1615], [-1.1397, 46.16155], [-1.139737, 46.16159], [-1.139791, 46.16161], [-1.13986, 46.161617], [-1.139929, 46.1616], [-1.139992, 46.161606], [-1.140072, 46.16163], [-1.14022, 46.1617], [-1.14098, 46.162113], [-1.140998, 46.162174], [-1.140998, 46.162224], [-1.141019, 46.162273], [-1.141059, 46.1623], [-1.141134, 46.162327], [-1.141214, 46.162308], [-1.141273, 46.16228], [-1.14136, 46.16225], [-1.141579, 46.16223], [-1.141902, 46.16224], [-1.142376, 46.16227], [-1.142483, 46.162273], [-1.142553, 46.162273], [-1.14292, 46.16215], [-1.143172, 46.16207], [-1.143319, 46.162052], [-1.143675, 46.16202], [-1.144486, 46.161865], [-1.145315, 46.161682], [-1.145429, 46.161663], [-1.1455, 46.16166], [-1.145903, 46.161686], [-1.146219, 46.16177], [-1.146595, 46.16176], [-1.146654, 46.16177], [-1.146673, 46.1618], [-1.146473, 46.162376], [-1.1463, 46.162834], [-1.14628, 46.162884], [-1.146231, 46.162945], [-1.14614, 46.162987], [-1.145999, 46.16304], [-1.145855, 46.163067], [-1.145788, 46.163113], [-1.145749, 46.163143], [-1.145761, 46.16318], [-1.145805, 46.16321], [-1.14606, 46.16337], [-1.146175, 46.163456], [-1.146313, 46.163532], [-1.146834, 46.163784], [-1.147158, 46.163902], [-1.147483, 46.16401], [-1.147733, 46.164085], [-1.14829, 46.16418], [-1.14889, 46.16427], [-1.150219, 46.164528], [-1.150453, 46.164555], [-1.150988, 46.164623], [-1.151525, 46.16468], [-1.151572, 46.164692], [-1.151612, 46.16468], [-1.151791, 46.164238], [-1.152025, 46.16365], [-1.152141, 46.163376], [-1.152252, 46.163105], [-1.152403, 46.162746], [-1.152549, 46.1624], [-1.152644, 46.162167], [-1.152686, 46.16211], [-1.152709, 46.162083], [-1.152756, 46.16207], [-1.152933, 46.16209], [-1.153955, 46.162277]]}}, {"type": "Feature", "properties": {"route_short_name": "8", "route_long_name": "Saint-Rogatien <> Dames Blanches", "shape_id": "CA_LA_ROCHELLE:JourneyPattern:8_987D8E0FCEB0D1456821864B670EFDEE", "n_points": 420, "n_shape_variants_in_source": 2}, "geometry": {"type": "LineString", "coordinates": [[-1.149602, 46.158997], [-1.149763, 46.158916], [-1.149837, 46.15888], [-1.149859, 46.158844], [-1.14983, 46.15879], [-1.1498, 46.15873], [-1.149719, 46.158596], [-1.149671, 46.158546], [-1.14959, 46.15853], [-1.149489, 46.15857], [-1.149341, 46.158596], [-1.14923, 46.15861], [-1.14895, 46.158634], [-1.14867, 46.15864], [-1.148355, 46.158592], [-1.147, 46.15863], [-1.14641, 46.15857], [-1.14595, 46.15846], [-1.145427, 46.158176], [-1.145037, 46.15801], [-1.144587, 46.157776], [-1.144061, 46.157513], [-1.143379, 46.157135], [-1.143234, 46.15706], [-1.142961, 46.156918], [-1.142685, 46.156773], [-1.14222, 46.15653], [-1.141871, 46.156345], [-1.141536, 46.156162], [-1.141177, 46.155968], [-1.140814, 46.15577], [-1.140305, 46.155495], [-1.140217, 46.155445], [-1.140143, 46.155396], [-1.139949, 46.15526], [-1.139783, 46.155117], [-1.139674, 46.155003], [-1.139567, 46.15487], [-1.139485, 46.15475], [-1.139395, 46.154575], [-1.139365, 46.15452], [-1.139308, 46.154316], [-1.139278, 46.154087], [-1.13928, 46.15386], [-1.139289, 46.15365], [-1.13932, 46.153275], [-1.139491, 46.152657], [-1.139491, 46.152657], [-1.139495, 46.15249], [-1.139511, 46.152416], [-1.139531, 46.15236], [-1.139592, 46.152344], [-1.13965, 46.15232], [-1.139729, 46.15229], [-1.139776, 46.152252], [-1.139816, 46.152203], [-1.139836, 46.15213], [-1.139837, 46.152058], [-1.139812, 46.151997], [-1.139771, 46.15194], [-1.139698, 46.15188], [-1.139604, 46.15185], [-1.139503, 46.15183], [-1.139411, 46.15183], [-1.13932, 46.151855], [-1.139238, 46.151882], [-1.139154, 46.1519], [-1.139028, 46.1519], [-1.138884, 46.15187], [-1.138551, 46.151802], [-1.138229, 46.151737], [-1.138055, 46.151714], [-1.137888, 46.151726], [-1.137766, 46.15175], [-1.137648, 46.151783], [-1.137496, 46.15185], [-1.137382, 46.151928], [-1.137294, 46.15202], [-1.137222, 46.15216], [-1.137174, 46.152298], [-1.137042, 46.15261], [-1.136926, 46.152927], [-1.13658, 46.153873], [-1.136519, 46.154022], [-1.136445, 46.154175], [-1.13634, 46.15435], [-1.136052, 46.15471], [-1.135861, 46.15491], [-1.135637, 46.155067], [-1.135417, 46.155228], [-1.135235, 46.155334], [-1.134961, 46.155476], [-1.134672, 46.155563], [-1.134424, 46.155693], [-1.134113, 46.155792], [-1.133737, 46.15588], [-1.133366, 46.155937], [-1.132984, 46.155975], [-1.132803, 46.15599], [-1.1322, 46.156036], [-1.13102, 46.156143], [-1.130659, 46.156166], [-1.130052, 46.15621], [-1.129859, 46.156258], [-1.12819, 46.156406], [-1.126901, 46.15652], [-1.126399, 46.15656], [-1.12618, 46.156574], [-1.126062, 46.15657], [-1.125944, 46.156574], [-1.125944, 46.156574], [-1.125756, 46.156612], [-1.124436, 46.156734], [-1.123587, 46.1568], [-1.123174, 46.156815], [-1.122762, 46.156822], [-1.12224, 46.15682], [-1.122083, 46.15678], [-1.121905, 46.15676], [-1.121714, 46.15678], [-1.121588, 46.15678], [-1.121468, 46.156773], [-1.12118, 46.15675], [-1.12065, 46.15669], [-1.119933, 46.15655], [-1.119933, 46.15655], [-1.11944, 46.15644], [-1.119155, 46.156345], [-1.118891, 46.15623], [-1.118629, 46.1561], [-1.118418, 46.15596], [-1.118227, 46.15581], [-1.118049, 46.155647], [-1.11789, 46.15548], [-1.11761, 46.15516], [-1.117366, 46.154873], [-1.117124, 46.154587], [-1.11695, 46.15439], [-1.116767, 46.154194], [-1.116568, 46.15399], [-1.116493, 46.153915], [-1.116418, 46.153828], [-1.11633, 46.15366], [-1.11633, 46.15366], [-1.116136, 46.15349], [-1.11593, 46.153233], [-1.115788, 46.153114], [-1.115643, 46.15302], [-1.11557, 46.152946], [-1.115514, 46.15288], [-1.11553, 46.1528], [-1.115511, 46.152706], [-1.115443, 46.15263], [-1.11536, 46.15257], [-1.11518, 46.15251], [-1.115, 46.1525], [-1.11487, 46.15253], [-1.11473, 46.15261], [-1.11467, 46.15268], [-1.11464, 46.15275], [-1.11464, 46.15279], [-1.11459, 46.15285], [-1.114462, 46.152992], [-1.11425, 46.1531], [-1.114098, 46.15315], [-1.113885, 46.15322], [-1.113549, 46.15332], [-1.113379, 46.15337], [-1.113189, 46.15341], [-1.113001, 46.153427], [-1.112869, 46.15341], [-1.11275, 46.15338], [-1.1126, 46.15325], [-1.11241, 46.15315], [-1.1122, 46.15308], [-1.11196, 46.15305], [-1.11183, 46.15305], [-1.11157, 46.1531], [-1.111433, 46.15313], [-1.111311, 46.15313], [-1.11118, 46.153114], [-1.111094, 46.153095], [-1.11104, 46.15306], [-1.110878, 46.15295], [-1.110624, 46.152767], [-1.11052, 46.152714], [-1.110421, 46.152664], [-1.11029, 46.15263], [-1.110191, 46.152615], [-1.109626, 46.15261], [-1.108516, 46.15259], [-1.10779, 46.15263], [-1.107513, 46.152596], [-1.107305, 46.152557], [-1.107, 46.152496], [-1.10646, 46.15238], [-1.10584, 46.15228], [-1.105351, 46.152203], [-1.104947, 46.15215], [-1.10461, 46.152126], [-1.104222, 46.152107], [-1.10384, 46.152122], [-1.103475, 46.152164], [-1.10328, 46.15217], [-1.10328, 46.15217], [-1.10321, 46.15221], [-1.103019, 46.152245], [-1.102557, 46.152332], [-1.1021, 46.152428], [-1.101614, 46.15253], [-1.101165, 46.15267], [-1.100629, 46.152855], [-1.100083, 46.153034], [-1.099543, 46.1533], [-1.098983, 46.15358], [-1.098652, 46.15375], [-1.09834, 46.15389], [-1.097932, 46.154045], [-1.097523, 46.154198], [-1.096795, 46.154465], [-1.096396, 46.15458], [-1.095794, 46.15466], [-1.095794, 46.15466], [-1.09346, 46.15524], [-1.09288, 46.155342], [-1.092745, 46.155388], [-1.092552, 46.15538], [-1.09188, 46.15553], [-1.09175, 46.15554], [-1.09163, 46.15552], [-1.091541, 46.155502], [-1.09145, 46.155495], [-1.09131, 46.1555], [-1.091152, 46.155518], [-1.091, 46.15555], [-1.090949, 46.15556], [-1.090872, 46.15557], [-1.090809, 46.155537], [-1.090744, 46.155544], [-1.090687, 46.15556], [-1.090655, 46.155594], [-1.090656, 46.155655], [-1.090683, 46.155685], [-1.090735, 46.1557], [-1.090766, 46.155724], [-1.090774, 46.155766], [-1.090768, 46.155846], [-1.090775, 46.155945], [-1.090798, 46.156216], [-1.090814, 46.15634], [-1.09082, 46.15647], [-1.090682, 46.156605], [-1.090495, 46.156776], [-1.08948, 46.15767], [-1.089414, 46.15768], [-1.089341, 46.15768], [-1.088497, 46.15769], [-1.088497, 46.15769], [-1.088154, 46.157738], [-1.088071, 46.157722], [-1.08803, 46.157707], [-1.088, 46.15769], [-1.08798, 46.15765], [-1.0879, 46.15762], [-1.08785, 46.15762], [-1.0878, 46.15765], [-1.08777, 46.15768], [-1.08776, 46.15772], [-1.08779, 46.15776], [-1.087813, 46.157784], [-1.087815, 46.157818], [-1.087808, 46.157856], [-1.087812, 46.158016], [-1.087819, 46.158222], [-1.087794, 46.15843], [-1.087709, 46.159], [-1.08765, 46.15918], [-1.08755, 46.159363], [-1.087556, 46.159428], [-1.087537, 46.159462], [-1.087497, 46.159477], [-1.08745, 46.15948], [-1.087416, 46.159473], [-1.086899, 46.159348], [-1.086083, 46.15914], [-1.085817, 46.159077], [-1.085711, 46.159027], [-1.085615, 46.159023], [-1.085413, 46.15898], [-1.0853, 46.158947], [-1.085148, 46.158947], [-1.084953, 46.158913], [-1.084002, 46.15875], [-1.083877, 46.158722], [-1.083825, 46.158684], [-1.083782, 46.158653], [-1.083737, 46.15864], [-1.083689, 46.158646], [-1.08358, 46.15867], [-1.08344, 46.15866], [-1.08313, 46.15861], [-1.082867, 46.15851], [-1.082124, 46.158176], [-1.081961, 46.158165], [-1.081885, 46.158142], [-1.081847, 46.158115], [-1.081873, 46.15806], [-1.082067, 46.157726], [-1.082142, 46.1576], [-1.082241, 46.15748], [-1.082459, 46.157253], [-1.082609, 46.157135], [-1.082684, 46.157093], [-1.082735, 46.157043], [-1.082903, 46.156788], [-1.082972, 46.15667], [-1.083039, 46.156563], [-1.083073, 46.156498], [-1.083077, 46.156403], [-1.08309, 46.156353], [-1.08313, 46.156235], [-1.083186, 46.15612], [-1.083207, 46.156063], [-1.083243, 46.156017], [-1.083519, 46.15569], [-1.083554, 46.155632], [-1.083731, 46.155544], [-1.083884, 46.155437], [-1.084037, 46.15533], [-1.084177, 46.155266], [-1.085155, 46.154537], [-1.085689, 46.154182], [-1.085735, 46.15413], [-1.085945, 46.153805], [-1.086029, 46.153656], [-1.086123, 46.153507], [-1.086314, 46.153297], [-1.08647, 46.153145], [-1.086523, 46.153095], [-1.08655, 46.15306], [-1.086517, 46.153027], [-1.086132, 46.15288], [-1.085484, 46.152588], [-1.084861, 46.15226], [-1.084861, 46.15226], [-1.084323, 46.152042], [-1.084029, 46.1519], [-1.083788, 46.151806], [-1.08341, 46.15169], [-1.08312, 46.15164], [-1.08301, 46.1516], [-1.08291, 46.15158], [-1.08274, 46.15151], [-1.082458, 46.15144], [-1.081422, 46.151165], [-1.080391, 46.15089], [-1.07995, 46.15078], [-1.079784, 46.15074], [-1.079461, 46.150715], [-1.079157, 46.150692], [-1.077783, 46.15063], [-1.077523, 46.15063], [-1.0773, 46.150658], [-1.077123, 46.1507], [-1.077012, 46.15072], [-1.0769, 46.15072], [-1.076814, 46.150696], [-1.07671, 46.15068], [-1.076632, 46.15068], [-1.076555, 46.150696], [-1.076487, 46.150738], [-1.07644, 46.15079], [-1.07636, 46.15082], [-1.076264, 46.150864], [-1.076165, 46.150894], [-1.07571, 46.15099], [-1.075506, 46.15103], [-1.075302, 46.15106], [-1.075015, 46.151085], [-1.074843, 46.151096], [-1.07448, 46.151115], [-1.074292, 46.151127], [-1.07415, 46.15112], [-1.07361, 46.15097], [-1.073363, 46.150867], [-1.073187, 46.150833], [-1.072841, 46.150784], [-1.072687, 46.15074], [-1.07257, 46.150642], [-1.072399, 46.150513], [-1.07217, 46.15038], [-1.071858, 46.150234], [-1.071329, 46.15002], [-1.071042, 46.149895], [-1.070901, 46.149837], [-1.070774, 46.14979], [-1.07041, 46.1497], [-1.070136, 46.149647], [-1.06986, 46.149597], [-1.0694, 46.14954], [-1.068675, 46.149467], [-1.068414, 46.149475], [-1.068153, 46.149452], [-1.067901, 46.14941], [-1.066021, 46.14908], [-1.065962, 46.14905], [-1.065925, 46.149006], [-1.065895, 46.148975], [-1.065851, 46.148956], [-1.0658, 46.14896], [-1.06574, 46.14898], [-1.065687, 46.149], [-1.064867, 46.148853], [-1.063561, 46.148563], [-1.062651, 46.148346], [-1.062145, 46.148224], [-1.062058, 46.14828], [-1.062093, 46.14839], [-1.062351, 46.148468], [-1.062822, 46.14863]]}}, {"type": "Feature", "properties": {"route_short_name": "BUSDEMER", "route_long_name": "Le Bus de Mer", "shape_id": "CA_LA_ROCHELLE:JourneyPattern:BUSDEMER_EA8E882B3109B5E92C5AB4FF813D4435", "n_points": 2, "n_shape_variants_in_source": 2}, "geometry": {"type": "LineString", "coordinates": [[-1.170287, 46.14202], [-1.154029, 46.156185]]}}, {"type": "Feature", "properties": {"route_short_name": "D1", "route_long_name": "La Pallice <> Aytr\u00e9 Grands Pr\u00e9s (Dimanche)", "shape_id": "CA_LA_ROCHELLE:JourneyPattern:D1_8849F5A2880F0DF8ADE79DDDE08309A1", "n_points": 608, "n_shape_variants_in_source": 5}, "geometry": {"type": "LineString", "coordinates": [[-1.127705, 46.127308], [-1.127613, 46.127243], [-1.127567, 46.127224], [-1.127521, 46.127224], [-1.127472, 46.127243], [-1.127448, 46.12728], [-1.127469, 46.127438], [-1.127478, 46.127514], [-1.127462, 46.12755], [-1.127393, 46.127563], [-1.127286, 46.127556], [-1.127063, 46.127567], [-1.126851, 46.127586], [-1.126634, 46.1276], [-1.12642, 46.1276], [-1.126271, 46.127598], [-1.126133, 46.127586], [-1.125685, 46.127537], [-1.12538, 46.127472], [-1.124975, 46.12735], [-1.124649, 46.12721], [-1.124486, 46.127132], [-1.124322, 46.12706], [-1.124167, 46.127018], [-1.124003, 46.127], [-1.12382, 46.127003], [-1.12263, 46.12718], [-1.122529, 46.12717], [-1.122402, 46.12713], [-1.122143, 46.127186], [-1.122044, 46.127205], [-1.121948, 46.12724], [-1.121829, 46.12732], [-1.121671, 46.127487], [-1.121573, 46.127647], [-1.121548, 46.127697], [-1.121505, 46.127728], [-1.121463, 46.127743], [-1.121384, 46.12777], [-1.12136, 46.12779], [-1.12135, 46.12785], [-1.121371, 46.127903], [-1.12141, 46.12795], [-1.1215, 46.12798], [-1.12164, 46.12797], [-1.121863, 46.128048], [-1.12218, 46.128223], [-1.122383, 46.128307], [-1.122484, 46.12836], [-1.12256, 46.12842], [-1.122609, 46.128464], [-1.12264, 46.12852], [-1.122671, 46.128613], [-1.122675, 46.128716], [-1.122715, 46.12897], [-1.122751, 46.12905], [-1.12277, 46.12914], [-1.122838, 46.129604], [-1.122838, 46.129604], [-1.122869, 46.12978], [-1.122907, 46.12996], [-1.122909, 46.13011], [-1.122879, 46.130264], [-1.122837, 46.130432], [-1.122755, 46.13061], [-1.122655, 46.13076], [-1.122487, 46.130962], [-1.122341, 46.131184], [-1.122187, 46.131428], [-1.122116, 46.13158], [-1.122058, 46.131733], [-1.122002, 46.131905], [-1.121959, 46.132053], [-1.12192, 46.13222], [-1.121873, 46.13233], [-1.12183, 46.13237], [-1.12177, 46.13242], [-1.121745, 46.13246], [-1.121705, 46.132477], [-1.121609, 46.132526], [-1.121438, 46.13257], [-1.121438, 46.13257], [-1.1206, 46.13283], [-1.120168, 46.133], [-1.11996, 46.133087], [-1.119867, 46.133118], [-1.119777, 46.13313], [-1.11962, 46.13315], [-1.119525, 46.13321], [-1.119436, 46.13328], [-1.119034, 46.133446], [-1.118622, 46.133606], [-1.11792, 46.13388], [-1.117723, 46.133953], [-1.117644, 46.133987], [-1.117609, 46.134014], [-1.117599, 46.134056], [-1.117625, 46.13409], [-1.117673, 46.1341], [-1.117721, 46.134117], [-1.117767, 46.13413], [-1.117892, 46.13413], [-1.11799, 46.134136], [-1.118096, 46.134167], [-1.118247, 46.134274], [-1.118247, 46.134274], [-1.118959, 46.13445], [-1.11977, 46.13476], [-1.12017, 46.1349], [-1.120379, 46.134926], [-1.120457, 46.134956], [-1.12051, 46.135], [-1.12052, 46.13501], [-1.12053, 46.13503], [-1.12063, 46.1351], [-1.120708, 46.135124], [-1.120777, 46.135128], [-1.120959, 46.135185], [-1.121702, 46.13545], [-1.123003, 46.135918], [-1.124238, 46.136444], [-1.124365, 46.136402], [-1.124465, 46.13644], [-1.124537, 46.136482], [-1.12458, 46.13654], [-1.124611, 46.13657], [-1.124657, 46.136604], [-1.124762, 46.136627], [-1.12486, 46.13663], [-1.12495, 46.136627], [-1.125037, 46.13665], [-1.125247, 46.136726], [-1.126017, 46.137005], [-1.126403, 46.137146], [-1.126788, 46.13728], [-1.127359, 46.13748], [-1.127641, 46.137585], [-1.127793, 46.13763], [-1.127941, 46.137733], [-1.128424, 46.137856], [-1.128902, 46.13803], [-1.129113, 46.138107], [-1.129349, 46.13819], [-1.129644, 46.138294], [-1.129939, 46.138397], [-1.130537, 46.13858], [-1.130904, 46.13872], [-1.131263, 46.138863], [-1.131441, 46.13897], [-1.131506, 46.139027], [-1.131561, 46.139107], [-1.131597, 46.13921], [-1.131607, 46.139313], [-1.131592, 46.139465], [-1.131584, 46.13954], [-1.131597, 46.139614], [-1.131609, 46.139668], [-1.131653, 46.13975], [-1.131718, 46.139828], [-1.131792, 46.139893], [-1.131913, 46.139957], [-1.132055, 46.140003], [-1.132239, 46.14003], [-1.132479, 46.140053], [-1.132687, 46.140053], [-1.133123, 46.140095], [-1.133568, 46.14014], [-1.133794, 46.140167], [-1.133902, 46.14019], [-1.13401, 46.14021], [-1.134515, 46.140247], [-1.134991, 46.14034], [-1.13522, 46.140316], [-1.135419, 46.140354], [-1.135612, 46.14041], [-1.1358, 46.14048], [-1.136807, 46.14084], [-1.137321, 46.14102], [-1.137578, 46.14111], [-1.137821, 46.141205], [-1.138763, 46.14152], [-1.138997, 46.141605], [-1.139088, 46.141647], [-1.139325, 46.14174], [-1.139483, 46.141838], [-1.139643, 46.14187], [-1.139742, 46.141926], [-1.139761, 46.14196], [-1.139772, 46.142002], [-1.139818, 46.142056], [-1.139874, 46.142082], [-1.139922, 46.142094], [-1.13997, 46.14209], [-1.14005, 46.142075], [-1.140116, 46.14206], [-1.140204, 46.14207], [-1.140307, 46.142105], [-1.1406, 46.142246], [-1.140741, 46.142323], [-1.140875, 46.142414], [-1.141045, 46.14261], [-1.141167, 46.14282], [-1.141236, 46.143024], [-1.141236, 46.143024], [-1.141471, 46.14341], [-1.14151, 46.14351], [-1.14169, 46.143898], [-1.141875, 46.14428], [-1.142234, 46.144917], [-1.142553, 46.145565], [-1.142552, 46.145676], [-1.142552, 46.145676], [-1.142768, 46.145973], [-1.142928, 46.146286], [-1.143084, 46.14659], [-1.143122, 46.146683], [-1.143143, 46.14683], [-1.143167, 46.14698], [-1.14323, 46.14742], [-1.143243, 46.14749], [-1.143267, 46.147682], [-1.143311, 46.147873], [-1.14338, 46.14805], [-1.1434, 46.14811], [-1.1435, 46.14827], [-1.14363, 46.14842], [-1.143852, 46.14862], [-1.143969, 46.148716], [-1.144089, 46.148815], [-1.144488, 46.149178], [-1.14472, 46.14942], [-1.14447, 46.14953], [-1.14429, 46.14962], [-1.14419, 46.14964], [-1.14396, 46.14969], [-1.14289, 46.15023], [-1.14279, 46.15033], [-1.14261, 46.15072], [-1.1419, 46.15099], [-1.14183, 46.1511], [-1.1417, 46.15142], [-1.14168, 46.15148], [-1.14155, 46.15161], [-1.141394, 46.151688], [-1.141394, 46.151688], [-1.14133, 46.15184], [-1.14132, 46.15183], [-1.1413, 46.15183], [-1.14125, 46.15183], [-1.14117, 46.15186], [-1.14114, 46.15192], [-1.1403, 46.15187], [-1.14018, 46.15184], [-1.13972, 46.15192], [-1.13965, 46.15188], [-1.1395, 46.15185], [-1.13934, 46.15186], [-1.13924, 46.1519], [-1.13914, 46.152], [-1.13912, 46.15212], [-1.13916, 46.15221], [-1.13924, 46.15227], [-1.13928, 46.15229], [-1.13936, 46.15245], [-1.13936, 46.15268], [-1.139336, 46.15282], [-1.139269, 46.15339], [-1.139255, 46.153687], [-1.139246, 46.153896], [-1.139243, 46.154102], [-1.139272, 46.15433], [-1.13934, 46.154564], [-1.139389, 46.154663], [-1.13948, 46.15481], [-1.13961, 46.154984], [-1.13976, 46.155144], [-1.139954, 46.1553], [-1.140171, 46.15544], [-1.140327, 46.15554], [-1.140501, 46.15563], [-1.140851, 46.15582], [-1.141271, 46.156044], [-1.141658, 46.156258], [-1.141963, 46.15642], [-1.142274, 46.15658], [-1.142869, 46.156902], [-1.143213, 46.15708], [-1.1434, 46.15718], [-1.144052, 46.15753], [-1.144533, 46.157784], [-1.144722, 46.15791], [-1.145441, 46.15843], [-1.14567, 46.15852], [-1.146291, 46.15879], [-1.146436, 46.158848], [-1.146574, 46.15888], [-1.147655, 46.15897], [-1.14769, 46.159], [-1.147466, 46.159607], [-1.147202, 46.16021], [-1.146913, 46.161133], [-1.14646, 46.16237], [-1.146372, 46.162655], [-1.146312, 46.162827], [-1.146254, 46.16292], [-1.146158, 46.16298], [-1.145855, 46.163067], [-1.145788, 46.163113], [-1.145749, 46.163143], [-1.145761, 46.16318], [-1.145805, 46.16321], [-1.14606, 46.16337], [-1.146175, 46.163456], [-1.146313, 46.163532], [-1.146834, 46.163784], [-1.147158, 46.163902], [-1.147483, 46.16401], [-1.147733, 46.164085], [-1.14829, 46.16418], [-1.14889, 46.16427], [-1.150219, 46.164528], [-1.150453, 46.164555], [-1.150988, 46.164623], [-1.151525, 46.16468], [-1.151572, 46.164692], [-1.151612, 46.16468], [-1.151791, 46.164238], [-1.152025, 46.16365], [-1.152141, 46.163376], [-1.152252, 46.163105], [-1.152403, 46.162746], [-1.152549, 46.1624], [-1.152644, 46.162167], [-1.152686, 46.16211], [-1.152709, 46.162083], [-1.152756, 46.16207], [-1.152933, 46.16209], [-1.153955, 46.162277], [-1.154594, 46.16235], [-1.154909, 46.162323], [-1.154988, 46.162285], [-1.155084, 46.162224], [-1.155182, 46.162064], [-1.155268, 46.161858], [-1.15577, 46.160305], [-1.156369, 46.15881], [-1.156369, 46.15881], [-1.156559, 46.15827], [-1.156606, 46.158226], [-1.156714, 46.158226], [-1.157555, 46.1584], [-1.158719, 46.158596], [-1.159343, 46.158703], [-1.15995, 46.15879], [-1.161397, 46.15904], [-1.163645, 46.159367], [-1.1652, 46.159657], [-1.1652, 46.159657], [-1.167482, 46.15999], [-1.168372, 46.16015], [-1.169628, 46.16032], [-1.170274, 46.160423], [-1.170645, 46.160484], [-1.170878, 46.160522], [-1.170924, 46.160534], [-1.170967, 46.16055], [-1.17102, 46.16057], [-1.17105, 46.16059], [-1.171145, 46.160618], [-1.17124, 46.16063], [-1.17134, 46.16061], [-1.171419, 46.160614], [-1.171511, 46.16062], [-1.172047, 46.16074], [-1.172047, 46.16074], [-1.17301, 46.16087], [-1.174056, 46.161022], [-1.175, 46.16118], [-1.175147, 46.161205], [-1.175388, 46.161247], [-1.175713, 46.16137], [-1.175713, 46.16137], [-1.175939, 46.16136], [-1.176002, 46.1614], [-1.176013, 46.161434], [-1.17602, 46.16146], [-1.17604, 46.1615], [-1.176077, 46.161537], [-1.17613, 46.16156], [-1.17624, 46.16156], [-1.176298, 46.16154], [-1.17634, 46.16152], [-1.176399, 46.16147], [-1.17649, 46.16145], [-1.17675, 46.16147], [-1.177183, 46.161533], [-1.177549, 46.16156], [-1.177894, 46.161633], [-1.177894, 46.161633], [-1.1783, 46.161636], [-1.178552, 46.161617], [-1.178748, 46.161655], [-1.178771, 46.161667], [-1.178813, 46.16168], [-1.17887, 46.16168], [-1.17892, 46.16167], [-1.17896, 46.16162], [-1.17896, 46.16156], [-1.178992, 46.16152], [-1.179074, 46.161385], [-1.179203, 46.161118], [-1.17929, 46.16084], [-1.179357, 46.160606], [-1.179499, 46.160175], [-1.179535, 46.16007], [-1.179633, 46.159912], [-1.179677, 46.15948], [-1.179745, 46.158997], [-1.179807, 46.158524], [-1.179887, 46.15796], [-1.180005, 46.157597], [-1.180058, 46.15753], [-1.180058, 46.15753], [-1.180181, 46.157253], [-1.180239, 46.15714], [-1.180241, 46.157093], [-1.180284, 46.157063], [-1.18045, 46.1571], [-1.18128, 46.15717], [-1.181766, 46.157234], [-1.181766, 46.157234], [-1.1831, 46.157295], [-1.183171, 46.157207], [-1.183244, 46.157104], [-1.183321, 46.157097], [-1.183915, 46.15715], [-1.184365, 46.15724], [-1.184645, 46.15733], [-1.18474, 46.157364], [-1.184747, 46.15741], [-1.184483, 46.157684], [-1.184483, 46.157684], [-1.184198, 46.158096], [-1.184012, 46.15831], [-1.183747, 46.15863], [-1.18366, 46.15873], [-1.18345, 46.15888], [-1.18316, 46.159004], [-1.182779, 46.159077], [-1.18244, 46.159138], [-1.182244, 46.15918], [-1.182128, 46.15922], [-1.182041, 46.159267], [-1.181956, 46.159332], [-1.181872, 46.15943], [-1.181791, 46.15962], [-1.18172, 46.15977], [-1.181658, 46.15987], [-1.181217, 46.16093], [-1.181255, 46.16098], [-1.181691, 46.161076], [-1.18243, 46.16117], [-1.18267, 46.16118], [-1.18281, 46.16123], [-1.18285, 46.16126], [-1.1829, 46.16139], [-1.18289, 46.1614], [-1.18289, 46.16141], [-1.18274, 46.16148], [-1.18246, 46.16152], [-1.18196, 46.16157], [-1.18094, 46.16164], [-1.17989, 46.16164], [-1.17915, 46.16162], [-1.17897, 46.16159], [-1.17896, 46.16158], [-1.17896, 46.16157], [-1.17896, 46.16156], [-1.17894, 46.16155], [-1.17891, 46.16153], [-1.17888, 46.16153], [-1.1788, 46.16154], [-1.17878, 46.16156], [-1.17855, 46.16157], [-1.17801, 46.16155], [-1.17778, 46.161484], [-1.17778, 46.161484], [-1.17684, 46.16141], [-1.176684, 46.161377], [-1.17652, 46.16138], [-1.176391, 46.16139], [-1.17632, 46.16137], [-1.176275, 46.16134], [-1.176213, 46.161324], [-1.176142, 46.16133], [-1.176075, 46.161366], [-1.176033, 46.161404], [-1.176018, 46.16144], [-1.176025, 46.161488], [-1.17605, 46.16152], [-1.17611, 46.16159], [-1.17617, 46.161865], [-1.176165, 46.16222], [-1.176141, 46.162636], [-1.176124, 46.16305], [-1.176097, 46.16327], [-1.176087, 46.163486], [-1.176073, 46.163925], [-1.176059, 46.16407], [-1.175969, 46.164173], [-1.175731, 46.16416], [-1.175647, 46.164185], [-1.175598, 46.164234], [-1.175615, 46.164295], [-1.175671, 46.16433], [-1.175846, 46.164352], [-1.176044, 46.164364], [-1.176151, 46.16433], [-1.176214, 46.164288], [-1.176311, 46.164253], [-1.176447, 46.164253], [-1.176779, 46.164288], [-1.178073, 46.164513], [-1.178477, 46.164577], [-1.178655, 46.164608], [-1.178842, 46.164627], [-1.179877, 46.16463], [-1.180544, 46.164623], [-1.180697, 46.164604], [-1.181133, 46.164623], [-1.181339, 46.164593], [-1.18142, 46.16459], [-1.181712, 46.16459], [-1.18175, 46.1646], [-1.18177, 46.16462], [-1.18184, 46.16463], [-1.18191, 46.16462], [-1.181955, 46.164616], [-1.182287, 46.164673], [-1.183034, 46.164825], [-1.18335, 46.164898], [-1.183393, 46.164925], [-1.18342, 46.164936], [-1.18345, 46.16494], [-1.183501, 46.164936], [-1.183548, 46.16491], [-1.18372, 46.164883], [-1.184047, 46.164917], [-1.184334, 46.16495], [-1.184618, 46.164993], [-1.186044, 46.16531], [-1.186044, 46.16531], [-1.187075, 46.16553], [-1.187537, 46.165623], [-1.187779, 46.16564], [-1.187937, 46.165657], [-1.18805, 46.165707], [-1.188099, 46.16574], [-1.18815, 46.165756], [-1.188209, 46.165756], [-1.188258, 46.165745], [-1.188295, 46.165714], [-1.188315, 46.16567], [-1.188408, 46.1656], [-1.188446, 46.165585], [-1.188584, 46.165573], [-1.189747, 46.165485], [-1.191654, 46.165268], [-1.192124, 46.165234], [-1.193071, 46.165157], [-1.194208, 46.16505], [-1.194778, 46.164997], [-1.195341, 46.164925], [-1.195696, 46.16489], [-1.197243, 46.16474], [-1.197611, 46.16469], [-1.197703, 46.1647], [-1.198, 46.16466], [-1.198388, 46.164654], [-1.198388, 46.164654], [-1.200722, 46.164448], [-1.20192, 46.16431], [-1.203741, 46.164192], [-1.204575, 46.16416], [-1.207988, 46.163948], [-1.207988, 46.163948], [-1.208816, 46.16387], [-1.209652, 46.16382], [-1.211266, 46.163734], [-1.216441, 46.163406], [-1.216441, 46.163406], [-1.21802, 46.16326], [-1.218146, 46.16327], [-1.218243, 46.163322], [-1.218314, 46.16336], [-1.218359, 46.163345], [-1.218411, 46.163296], [-1.219009, 46.16292], [-1.219902, 46.162384], [-1.220072, 46.16223], [-1.220133, 46.162075], [-1.220118, 46.16189], [-1.220056, 46.16142], [-1.220066, 46.161144], [-1.220066, 46.161144], [-1.21991, 46.16055], [-1.21719, 46.16072], [-1.216369, 46.160736]]}}, {"type": "Feature", "properties": {"route_short_name": "D2", "route_long_name": "La Pallice / Mireuil <> P\u00e9rigny (Dimanche)", "shape_id": "CA_LA_ROCHELLE:JourneyPattern:D2_E1FDE1C7DAE38D7FF9A77752325F3E13", "n_points": 522, "n_shape_variants_in_source": 6}, "geometry": {"type": "LineString", "coordinates": [[-1.216369, 46.160736], [-1.21471, 46.16088], [-1.213604, 46.160957], [-1.213539, 46.16097], [-1.213498, 46.160988], [-1.213497, 46.161015], [-1.213509, 46.161083], [-1.213575, 46.161545], [-1.21366, 46.16206], [-1.21363, 46.162212], [-1.21363, 46.162212], [-1.21385, 46.16352], [-1.211269, 46.163654], [-1.211269, 46.163654], [-1.209582, 46.1638], [-1.209085, 46.163826], [-1.207263, 46.163906], [-1.207263, 46.163906], [-1.204136, 46.164112], [-1.201186, 46.164333], [-1.200566, 46.164375], [-1.200566, 46.164375], [-1.1983, 46.16462], [-1.198069, 46.164608], [-1.197934, 46.16462], [-1.19785, 46.164593], [-1.19781, 46.16457], [-1.197789, 46.16455], [-1.197729, 46.164513], [-1.197645, 46.164505], [-1.19759, 46.16454], [-1.19757, 46.16456], [-1.197542, 46.164585], [-1.19748, 46.16464], [-1.197371, 46.16469], [-1.19724, 46.164707], [-1.19568, 46.16486], [-1.195494, 46.164875], [-1.195119, 46.164906], [-1.194744, 46.16493], [-1.194344, 46.16495], [-1.19396, 46.164978], [-1.19316, 46.165073], [-1.192354, 46.165173], [-1.19214, 46.165195], [-1.19165, 46.16525], [-1.190391, 46.165356], [-1.188536, 46.165543], [-1.188386, 46.16556], [-1.188306, 46.165585], [-1.18824, 46.1656], [-1.188189, 46.165592], [-1.188146, 46.165596], [-1.188106, 46.165607], [-1.187976, 46.165623], [-1.187639, 46.165607], [-1.186911, 46.165474], [-1.186819, 46.165417], [-1.186819, 46.165417], [-1.185905, 46.165245], [-1.185004, 46.16505], [-1.18449, 46.16496], [-1.184163, 46.16491], [-1.18381, 46.16487], [-1.183564, 46.16485], [-1.18352, 46.16483], [-1.18347, 46.16482], [-1.18342, 46.16482], [-1.18338, 46.16486], [-1.183384, 46.164955], [-1.18341, 46.165047], [-1.18335, 46.16544], [-1.183202, 46.165844], [-1.183202, 46.165844], [-1.18318, 46.16657], [-1.18312, 46.16712], [-1.18303, 46.16761], [-1.182991, 46.16775], [-1.182946, 46.167778], [-1.181575, 46.167633], [-1.180497, 46.16746], [-1.17974, 46.16745], [-1.17966, 46.16746], [-1.17964, 46.16742], [-1.17957, 46.16739], [-1.17947, 46.16739], [-1.17942, 46.16743], [-1.17943, 46.16749], [-1.17947, 46.16753], [-1.17951, 46.16755], [-1.17953, 46.16755], [-1.1795, 46.16767], [-1.1795, 46.16784], [-1.17954, 46.16808], [-1.17964, 46.16894], [-1.17965, 46.16906], [-1.17969, 46.1692], [-1.17975, 46.16928], [-1.17984, 46.16936], [-1.180922, 46.16951], [-1.18231, 46.16962], [-1.1832, 46.1697], [-1.183477, 46.169724], [-1.183477, 46.169724], [-1.18486, 46.16984], [-1.184936, 46.169846], [-1.18501, 46.169827], [-1.18505, 46.169804], [-1.185089, 46.16977], [-1.185164, 46.169476], [-1.185193, 46.169407], [-1.185247, 46.16937], [-1.185323, 46.169357], [-1.186552, 46.169518], [-1.186723, 46.16951], [-1.186889, 46.16952], [-1.186948, 46.16953], [-1.186991, 46.169502], [-1.186958, 46.169228], [-1.186862, 46.168316], [-1.186855, 46.16824], [-1.186841, 46.168205], [-1.186807, 46.16818], [-1.18607, 46.16811], [-1.18508, 46.167973], [-1.18508, 46.167973], [-1.182793, 46.16776], [-1.181641, 46.16764], [-1.180497, 46.16746], [-1.179791, 46.167435], [-1.179699, 46.16743], [-1.17965, 46.16744], [-1.179609, 46.167427], [-1.179555, 46.167404], [-1.179484, 46.167404], [-1.179422, 46.167404], [-1.179327, 46.167385], [-1.178694, 46.16732], [-1.177718, 46.16721], [-1.17751, 46.167206], [-1.177141, 46.16727], [-1.176116, 46.167637], [-1.175345, 46.16789], [-1.174666, 46.168056], [-1.174666, 46.168056], [-1.173743, 46.168396], [-1.172807, 46.168686], [-1.172583, 46.168716], [-1.17225, 46.168854], [-1.172122, 46.168873], [-1.172058, 46.16887], [-1.172021, 46.16886], [-1.171988, 46.16886], [-1.171907, 46.168865], [-1.17182, 46.16892], [-1.17179, 46.16896], [-1.171747, 46.168995], [-1.171681, 46.16904], [-1.171476, 46.169113], [-1.17052, 46.169415], [-1.170101, 46.169544], [-1.170014, 46.169567], [-1.169934, 46.16957], [-1.169894, 46.169514], [-1.16978, 46.169228], [-1.169711, 46.168865], [-1.169635, 46.168743], [-1.16962, 46.16864], [-1.169577, 46.168552], [-1.169429, 46.16844], [-1.169034, 46.168304], [-1.168044, 46.168], [-1.166936, 46.16765], [-1.166722, 46.167576], [-1.16655, 46.16747], [-1.166316, 46.16727], [-1.166316, 46.16727], [-1.166063, 46.167187], [-1.165871, 46.167133], [-1.164148, 46.16686], [-1.164067, 46.166847], [-1.164048, 46.16681], [-1.164108, 46.16661], [-1.164263, 46.16631], [-1.164263, 46.16631], [-1.16444, 46.165607], [-1.164535, 46.165356], [-1.164621, 46.165054], [-1.164835, 46.164368], [-1.165052, 46.1637], [-1.165124, 46.16345], [-1.165158, 46.163277], [-1.165177, 46.16317], [-1.165156, 46.163136], [-1.165116, 46.1631], [-1.16498, 46.163086], [-1.164429, 46.163025], [-1.164175, 46.163002], [-1.1636, 46.162907], [-1.1636, 46.162907], [-1.163075, 46.16289], [-1.16241, 46.16282], [-1.161683, 46.16275], [-1.161008, 46.16264], [-1.159765, 46.16254], [-1.159223, 46.162495], [-1.158457, 46.16242], [-1.157681, 46.162357], [-1.157012, 46.162292], [-1.15636, 46.16223], [-1.155758, 46.16217], [-1.1556, 46.16216], [-1.15536, 46.16213], [-1.155221, 46.16212], [-1.155124, 46.162132], [-1.155015, 46.162186], [-1.154862, 46.162235], [-1.15473, 46.16225], [-1.15429, 46.162186], [-1.15364, 46.16209], [-1.153492, 46.162067], [-1.153116, 46.162003], [-1.153116, 46.162003], [-1.152975, 46.16198], [-1.152952, 46.16193], [-1.152947, 46.16187], [-1.152916, 46.16183], [-1.152865, 46.161785], [-1.152838, 46.16173], [-1.15287, 46.16161], [-1.152976, 46.1614], [-1.153074, 46.161186], [-1.153248, 46.160786], [-1.153272, 46.16072], [-1.153428, 46.160313], [-1.153431, 46.160267], [-1.153405, 46.160236], [-1.152872, 46.160126], [-1.1528718, 46.160126], [-1.15287, 46.16015], [-1.152463, 46.1601], [-1.151837, 46.160007], [-1.151475, 46.1599], [-1.151341, 46.15988], [-1.150807, 46.159737], [-1.150697, 46.159683], [-1.150622, 46.159634], [-1.150413, 46.159542], [-1.150233, 46.159454], [-1.150167, 46.1594], [-1.150105, 46.15933], [-1.150027, 46.159172], [-1.149944, 46.159], [-1.149853, 46.15882], [-1.149759, 46.15864], [-1.149681, 46.15856], [-1.149649, 46.15853], [-1.149573, 46.158535], [-1.14936, 46.1586], [-1.149105, 46.158627], [-1.14885, 46.15864], [-1.148358, 46.158638], [-1.148355, 46.158592], [-1.147, 46.15863], [-1.14641, 46.15857], [-1.14595, 46.15846], [-1.145427, 46.158176], [-1.145037, 46.15801], [-1.144587, 46.157776], [-1.144061, 46.157513], [-1.143379, 46.157135], [-1.143234, 46.15706], [-1.142961, 46.156918], [-1.142685, 46.156773], [-1.14222, 46.15653], [-1.141871, 46.156345], [-1.141536, 46.156162], [-1.141177, 46.155968], [-1.140814, 46.15577], [-1.140305, 46.155495], [-1.140217, 46.155445], [-1.140143, 46.155396], [-1.139949, 46.15526], [-1.139783, 46.155117], [-1.139674, 46.155003], [-1.139567, 46.15487], [-1.139485, 46.15475], [-1.139395, 46.154575], [-1.139365, 46.15452], [-1.139308, 46.154316], [-1.139278, 46.154087], [-1.13928, 46.15386], [-1.139289, 46.15365], [-1.13932, 46.153275], [-1.139491, 46.152657], [-1.139491, 46.152657], [-1.139495, 46.15249], [-1.139511, 46.152416], [-1.139531, 46.15236], [-1.139592, 46.152344], [-1.13965, 46.15232], [-1.139729, 46.15229], [-1.139776, 46.152252], [-1.139816, 46.152203], [-1.139836, 46.15213], [-1.139837, 46.152058], [-1.139812, 46.151997], [-1.139771, 46.15194], [-1.139698, 46.15188], [-1.139604, 46.15185], [-1.139503, 46.15183], [-1.139411, 46.15183], [-1.13932, 46.151855], [-1.139238, 46.151882], [-1.139154, 46.1519], [-1.139028, 46.1519], [-1.138884, 46.15187], [-1.138551, 46.151802], [-1.138229, 46.151737], [-1.138055, 46.151714], [-1.137888, 46.151726], [-1.137766, 46.15175], [-1.137648, 46.151783], [-1.137496, 46.15185], [-1.137382, 46.151928], [-1.137294, 46.15202], [-1.137222, 46.15216], [-1.137174, 46.152298], [-1.137042, 46.15261], [-1.136926, 46.152927], [-1.13658, 46.153873], [-1.136519, 46.154022], [-1.136445, 46.154175], [-1.13634, 46.15435], [-1.136052, 46.15471], [-1.135861, 46.15491], [-1.135637, 46.155067], [-1.135417, 46.155228], [-1.135235, 46.155334], [-1.134961, 46.155476], [-1.134672, 46.155563], [-1.134441, 46.15569], [-1.134109, 46.155792], [-1.133731, 46.155876], [-1.132975, 46.155975], [-1.132806, 46.155987], [-1.132196, 46.156048], [-1.130952, 46.156143], [-1.130844, 46.15614], [-1.130794, 46.156075], [-1.130805, 46.15595], [-1.130967, 46.155468], [-1.131075, 46.155273], [-1.131075, 46.155273], [-1.131253, 46.154625], [-1.13147, 46.153973], [-1.131656, 46.153423], [-1.131667, 46.153378], [-1.13166, 46.15333], [-1.131598, 46.15329], [-1.130997, 46.15315], [-1.130997, 46.15315], [-1.130689, 46.153137], [-1.130596, 46.153145], [-1.130503, 46.15317], [-1.13031, 46.15333], [-1.13022, 46.15336], [-1.13011, 46.153366], [-1.13, 46.153343], [-1.12934, 46.15324], [-1.129181, 46.15325], [-1.12904, 46.15329], [-1.128975, 46.1533], [-1.12891, 46.15329], [-1.126605, 46.15285], [-1.126605, 46.15285], [-1.126513, 46.152878], [-1.126453, 46.152847], [-1.126381, 46.152786], [-1.126319, 46.152756], [-1.126253, 46.152733], [-1.125861, 46.152668], [-1.125477, 46.152607], [-1.125387, 46.152584], [-1.125331, 46.15253], [-1.125277, 46.152435], [-1.125239, 46.15232], [-1.125179, 46.15226], [-1.12509, 46.15223], [-1.124908, 46.152195], [-1.124471, 46.152122], [-1.124023, 46.15205], [-1.123744, 46.151978], [-1.123744, 46.151978], [-1.12307, 46.1519], [-1.122958, 46.15189], [-1.122851, 46.15192], [-1.12265, 46.15206], [-1.12249, 46.15211], [-1.122379, 46.152103], [-1.122251, 46.152084], [-1.121971, 46.15203], [-1.121677, 46.151943], [-1.121525, 46.151962], [-1.121426, 46.15195], [-1.12133, 46.151962], [-1.121131, 46.152004], [-1.120875, 46.151978], [-1.120615, 46.151928], [-1.120065, 46.151844], [-1.119111, 46.151688], [-1.119009, 46.151653], [-1.118921, 46.1516], [-1.118858, 46.15156], [-1.118783, 46.151527], [-1.118645, 46.1515], [-1.118447, 46.151463], [-1.117883, 46.151333], [-1.117699, 46.151325], [-1.11762, 46.15128], [-1.117546, 46.151073], [-1.117423, 46.150986], [-1.116066, 46.150745], [-1.116066, 46.150745], [-1.115609, 46.150684], [-1.115251, 46.150623], [-1.11511, 46.150608], [-1.114973, 46.15061], [-1.114191, 46.150608], [-1.114125, 46.150627], [-1.114085, 46.150658], [-1.114045, 46.150707], [-1.114055, 46.150772], [-1.114304, 46.151108], [-1.114865, 46.151886], [-1.114976, 46.152027], [-1.115055, 46.152157], [-1.115072, 46.152237], [-1.115048, 46.152363], [-1.114974, 46.152462], [-1.114923, 46.1525], [-1.114845, 46.15253], [-1.11476, 46.15258], [-1.1147, 46.15264], [-1.11465, 46.15271], [-1.11461, 46.152798], [-1.11456, 46.15289], [-1.11445, 46.15298], [-1.114356, 46.153038], [-1.114254, 46.153076], [-1.113947, 46.153168], [-1.113663, 46.15326], [-1.1132, 46.153404], [-1.112997, 46.153423], [-1.112857, 46.153416], [-1.11275, 46.15338], [-1.11268, 46.15331], [-1.112514, 46.153183], [-1.112317, 46.153103], [-1.112077, 46.15304], [-1.11189, 46.15303], [-1.111642, 46.15307], [-1.11152, 46.153095], [-1.111423, 46.15312], [-1.111315, 46.153133], [-1.111179, 46.153126], [-1.111072, 46.153084], [-1.110989, 46.153027], [-1.110624, 46.152767], [-1.110502, 46.152702], [-1.110366, 46.152645], [-1.110207, 46.152622], [-1.11004, 46.15261], [-1.108516, 46.15259], [-1.10779, 46.15263], [-1.107513, 46.152596], [-1.107305, 46.152557], [-1.107, 46.152496], [-1.10646, 46.15238], [-1.10584, 46.15228], [-1.105351, 46.152203], [-1.104947, 46.15215], [-1.10461, 46.152126], [-1.104222, 46.152107], [-1.10384, 46.152122], [-1.103475, 46.152164], [-1.10328, 46.15217], [-1.10328, 46.15217], [-1.10321, 46.15221], [-1.103019, 46.152245], [-1.102557, 46.152332], [-1.1021, 46.152428], [-1.101614, 46.15253], [-1.101165, 46.15267], [-1.100629, 46.152855], [-1.100083, 46.153034], [-1.099534, 46.153305], [-1.098991, 46.153576], [-1.098672, 46.153744], [-1.098507, 46.153824], [-1.09834, 46.15389], [-1.097525, 46.1542], [-1.096855, 46.15443], [-1.09672, 46.15449], [-1.096459, 46.15457], [-1.096421, 46.154606], [-1.09646, 46.15465], [-1.096737, 46.155], [-1.096991, 46.155247], [-1.097179, 46.15544], [-1.097367, 46.15561], [-1.097499, 46.155724], [-1.097651, 46.155838], [-1.098116, 46.1562], [-1.099009, 46.156914], [-1.099058, 46.156967], [-1.099069, 46.157043], [-1.099063, 46.15712], [-1.099138, 46.15721], [-1.099293, 46.15723], [-1.099449, 46.15726], [-1.099652, 46.157448]]}}, {"type": "Feature", "properties": {"route_short_name": "D20", "route_long_name": "Ch\u00e2telaillon-Plage <> Place de Verdun (Dimanche)", "shape_id": "CA_LA_ROCHELLE:JourneyPattern:D20_D50697E93AB406942B72F11327D65D0D", "n_points": 779, "n_shape_variants_in_source": 2}, "geometry": {"type": "LineString", "coordinates": [[-1.082861, 46.05335], [-1.082829, 46.053394], [-1.082783, 46.05341], [-1.082496, 46.053425], [-1.082187, 46.05343], [-1.081579, 46.05344], [-1.08145, 46.053448], [-1.081178, 46.053493], [-1.081006, 46.053555], [-1.080832, 46.053646], [-1.080112, 46.054146], [-1.079404, 46.054634], [-1.079294, 46.054672], [-1.078238, 46.055454], [-1.077155, 46.0562], [-1.076617, 46.05657], [-1.076519, 46.05661], [-1.076449, 46.056618], [-1.076395, 46.056637], [-1.076364, 46.05667], [-1.07638, 46.056717], [-1.07644, 46.056747], [-1.076497, 46.056763], [-1.076667, 46.056824], [-1.077325, 46.05706], [-1.077325, 46.05706], [-1.078221, 46.057365], [-1.079109, 46.057667], [-1.079431, 46.057755], [-1.07959, 46.057796], [-1.079734, 46.057808], [-1.080184, 46.057755], [-1.080339, 46.05774], [-1.080467, 46.05774], [-1.080949, 46.05778], [-1.081525, 46.05781], [-1.081817, 46.057835], [-1.08209, 46.05787], [-1.082284, 46.05791], [-1.082477, 46.057953], [-1.082677, 46.058006], [-1.082677, 46.058006], [-1.082846, 46.058014], [-1.082875, 46.058037], [-1.082907, 46.058075], [-1.082959, 46.05811], [-1.08305, 46.05812], [-1.08312, 46.0581], [-1.083161, 46.05807], [-1.083208, 46.058056], [-1.083313, 46.058067], [-1.083387, 46.058075], [-1.083468, 46.058067], [-1.083586, 46.058056], [-1.083715, 46.05803], [-1.083788, 46.05802], [-1.083868, 46.058025], [-1.084382, 46.05806], [-1.084729, 46.05809], [-1.085082, 46.058144], [-1.085378, 46.058193], [-1.085671, 46.05825], [-1.085976, 46.058315], [-1.086265, 46.058384], [-1.086382, 46.05843], [-1.086407, 46.058456], [-1.08642, 46.05849], [-1.08644, 46.05852], [-1.086478, 46.058533], [-1.086541, 46.058537], [-1.086592, 46.058517], [-1.086628, 46.058487], [-1.086667, 46.058464], [-1.086725, 46.058464], [-1.086778, 46.05848], [-1.086879, 46.058506], [-1.086989, 46.058525], [-1.087227, 46.058567], [-1.087418, 46.058613], [-1.087598, 46.058674], [-1.088422, 46.058987], [-1.088422, 46.058987], [-1.089111, 46.05921], [-1.08928, 46.05927], [-1.089412, 46.05932], [-1.089508, 46.05939], [-1.089562, 46.059467], [-1.089674, 46.059708], [-1.089764, 46.059948], [-1.089831, 46.06009], [-1.089918, 46.06025], [-1.090018, 46.060394], [-1.090117, 46.060528], [-1.09022, 46.060646], [-1.090375, 46.06079], [-1.090803, 46.061115], [-1.091106, 46.06132], [-1.091221, 46.06141], [-1.091274, 46.061462], [-1.0913, 46.06152], [-1.091387, 46.061947], [-1.091475, 46.062527], [-1.091529, 46.062675], [-1.09158, 46.062756], [-1.091856, 46.06295], [-1.092133, 46.06315], [-1.092206, 46.063217], [-1.092245, 46.06329], [-1.092243, 46.063354], [-1.09215, 46.06364], [-1.092017, 46.06407], [-1.091975, 46.0641], [-1.091914, 46.06411], [-1.091441, 46.064083], [-1.091303, 46.064083], [-1.091174, 46.0641], [-1.090779, 46.0642], [-1.089592, 46.06453], [-1.089332, 46.06461], [-1.089054, 46.064674], [-1.088494, 46.06479], [-1.088148, 46.064903], [-1.087742, 46.065025], [-1.086929, 46.06524], [-1.086352, 46.065403], [-1.08594, 46.065514], [-1.085807, 46.06555], [-1.085763, 46.06559], [-1.085793, 46.065636], [-1.086456, 46.06611], [-1.087127, 46.066586], [-1.087275, 46.06672], [-1.088347, 46.067467], [-1.089188, 46.068066], [-1.089285, 46.068134], [-1.089364, 46.068165], [-1.08947, 46.068188], [-1.089771, 46.06823], [-1.090501, 46.068333], [-1.090614, 46.068356], [-1.090645, 46.06839], [-1.090416, 46.068974], [-1.090058, 46.07031], [-1.089637, 46.07164], [-1.089522, 46.07201], [-1.089399, 46.07238], [-1.08936, 46.07252], [-1.089365, 46.072582], [-1.089375, 46.07264], [-1.089435, 46.072742], [-1.089569, 46.07295], [-1.089752, 46.073345], [-1.090268, 46.074078], [-1.090518, 46.074482], [-1.09062, 46.07468], [-1.090645, 46.074802], [-1.090627, 46.07495], [-1.090552, 46.075092], [-1.090326, 46.07544], [-1.090202, 46.075565], [-1.090202, 46.075565], [-1.090107, 46.075798], [-1.089981, 46.07602], [-1.089839, 46.07634], [-1.089809, 46.076427], [-1.08993, 46.076645], [-1.090137, 46.076923], [-1.090318, 46.077194], [-1.091063, 46.078094], [-1.091196, 46.078163], [-1.09127, 46.07826], [-1.091324, 46.078297], [-1.091383, 46.078297], [-1.092269, 46.078007], [-1.092374, 46.077965], [-1.092454, 46.07797], [-1.092548, 46.077984], [-1.092619, 46.077957], [-1.09264, 46.0779], [-1.092623, 46.07786], [-1.092574, 46.07783], [-1.092515, 46.077805], [-1.09246, 46.077747], [-1.092426, 46.07769], [-1.092287, 46.077457], [-1.092192, 46.07728], [-1.092073, 46.077084], [-1.091934, 46.07686], [-1.091852, 46.076714], [-1.091644, 46.07631], [-1.091644, 46.07631], [-1.091382, 46.075905], [-1.091148, 46.07548], [-1.091029, 46.075287], [-1.090956, 46.075172], [-1.090883, 46.075134], [-1.090688, 46.07515], [-1.090574, 46.075165], [-1.090502, 46.07519], [-1.09033, 46.07544], [-1.090202, 46.075565], [-1.090202, 46.075565], [-1.089986, 46.076023], [-1.089839, 46.07634], [-1.08977, 46.07643], [-1.089649, 46.07649], [-1.089311, 46.076595], [-1.089106, 46.076653], [-1.088896, 46.076694], [-1.088237, 46.076786], [-1.0881, 46.076797], [-1.088003, 46.07678], [-1.087915, 46.076794], [-1.087869, 46.07684], [-1.08787, 46.0769], [-1.087897, 46.076935], [-1.087952, 46.07696], [-1.088031, 46.077007], [-1.088146, 46.07709], [-1.088382, 46.07743], [-1.088533, 46.0777], [-1.088533, 46.0777], [-1.088886, 46.0782], [-1.089057, 46.078457], [-1.089239, 46.078705], [-1.089681, 46.07931], [-1.090134, 46.079926], [-1.090347, 46.080215], [-1.090459, 46.080368], [-1.090564, 46.080536], [-1.09076, 46.08091], [-1.090938, 46.0813], [-1.090938, 46.0813], [-1.0911, 46.081554], [-1.09124, 46.081814], [-1.091405, 46.082115], [-1.091548, 46.08235], [-1.091656, 46.082504], [-1.091779, 46.082638], [-1.092071, 46.08294], [-1.09224, 46.08308], [-1.092303, 46.083164], [-1.092363, 46.083244], [-1.092554, 46.083466], [-1.092727, 46.08369], [-1.092806, 46.08376], [-1.092897, 46.08382], [-1.092967, 46.083874], [-1.093002, 46.083935], [-1.093015, 46.083973], [-1.093036, 46.08403], [-1.093073, 46.08414], [-1.0931, 46.08433], [-1.0931, 46.08433], [-1.09319, 46.08443], [-1.093285, 46.08457], [-1.093406, 46.084724], [-1.093543, 46.084873], [-1.093818, 46.08518], [-1.094218, 46.085613], [-1.094846, 46.086327], [-1.095145, 46.08665], [-1.095465, 46.086994], [-1.095863, 46.087425], [-1.096065, 46.087646], [-1.096274, 46.08786], [-1.096497, 46.088097], [-1.096497, 46.088097], [-1.096681, 46.08822], [-1.096855, 46.088356], [-1.097028, 46.08849], [-1.097203, 46.088627], [-1.09764, 46.088963], [-1.097868, 46.08913], [-1.098079, 46.089302], [-1.098207, 46.089428], [-1.098321, 46.089565], [-1.098423, 46.0897], [-1.09852, 46.08984], [-1.098608, 46.090015], [-1.09868, 46.090202], [-1.098921, 46.091003], [-1.099065, 46.09149], [-1.099218, 46.091972], [-1.099275, 46.092182], [-1.099305, 46.0924], [-1.099305, 46.0924], [-1.099438, 46.09292], [-1.099476, 46.093185], [-1.099502, 46.093315], [-1.099515, 46.093452], [-1.099523, 46.093895], [-1.099523, 46.094116], [-1.099518, 46.09435], [-1.099526, 46.09443], [-1.09955, 46.09449], [-1.099564, 46.09454], [-1.099568, 46.094578], [-1.099537, 46.09464], [-1.099531, 46.094704], [-1.099563, 46.094757], [-1.099629, 46.09478], [-1.099722, 46.09479], [-1.099814, 46.094837], [-1.09992, 46.094925], [-1.100004, 46.09498], [-1.100102, 46.09501], [-1.100302, 46.095097], [-1.100302, 46.095097], [-1.100479, 46.095108], [-1.100572, 46.095135], [-1.100658, 46.09517], [-1.100807, 46.095222], [-1.100899, 46.095276], [-1.10098, 46.09534], [-1.10135, 46.09566], [-1.101592, 46.09585], [-1.101851, 46.09604], [-1.102103, 46.096195], [-1.102366, 46.096348], [-1.103251, 46.096817], [-1.103699, 46.097057], [-1.103921, 46.09718], [-1.104115, 46.0973], [-1.104279, 46.097466], [-1.104391, 46.097645], [-1.10472, 46.09802], [-1.104878, 46.0982], [-1.10505, 46.09838], [-1.105359, 46.09873], [-1.105663, 46.09908], [-1.105973, 46.09943], [-1.106281, 46.099785], [-1.106529, 46.10007], [-1.106783, 46.100353], [-1.107123, 46.100746], [-1.107312, 46.100945], [-1.107469, 46.101128], [-1.107561, 46.10122], [-1.107667, 46.1013], [-1.107708, 46.101376], [-1.107708, 46.101376], [-1.107836, 46.10141], [-1.107871, 46.101448], [-1.107905, 46.101498], [-1.10793, 46.101578], [-1.107916, 46.101673], [-1.107883, 46.101757], [-1.107774, 46.10187], [-1.107711, 46.101933], [-1.107665, 46.101997], [-1.107365, 46.102806], [-1.107326, 46.10296], [-1.107302, 46.1031], [-1.107289, 46.103283], [-1.107289, 46.10345], [-1.10728, 46.103676], [-1.10728, 46.103676], [-1.107381, 46.103893], [-1.1074, 46.10412], [-1.10741, 46.10423], [-1.1074, 46.10435], [-1.10725, 46.10479], [-1.107243, 46.10489], [-1.107249, 46.104946], [-1.107284, 46.104984], [-1.107521, 46.105045], [-1.10776, 46.1051], [-1.107793, 46.105167], [-1.1078, 46.10523], [-1.107935, 46.10559], [-1.107991, 46.105858], [-1.1081, 46.10604], [-1.108216, 46.10618], [-1.108198, 46.106236], [-1.107555, 46.106575], [-1.107555, 46.106575], [-1.10733, 46.10674], [-1.10694, 46.10689], [-1.106281, 46.107124], [-1.105611, 46.107334], [-1.105423, 46.10743], [-1.105365, 46.107437], [-1.10526, 46.107433], [-1.105167, 46.10738], [-1.105111, 46.10731], [-1.10503, 46.10717], [-1.104978, 46.107067], [-1.104968, 46.10697], [-1.10498, 46.106876], [-1.105033, 46.106407], [-1.105075, 46.10594], [-1.105127, 46.105507], [-1.10516, 46.10515], [-1.10518, 46.10502], [-1.1052, 46.104946], [-1.105233, 46.104877], [-1.1053, 46.10475], [-1.105316, 46.10469], [-1.105275, 46.104633], [-1.105073, 46.104603], [-1.104733, 46.104557], [-1.1044, 46.10447], [-1.1044, 46.10447], [-1.103906, 46.10444], [-1.10341, 46.104385], [-1.103299, 46.104378], [-1.103227, 46.10436], [-1.102891, 46.104317], [-1.102601, 46.1043], [-1.102435, 46.104294], [-1.102346, 46.10428], [-1.102242, 46.10426], [-1.10213, 46.10427], [-1.102061, 46.10431], [-1.10199, 46.104336], [-1.101835, 46.10436], [-1.101647, 46.10437], [-1.101372, 46.10437], [-1.101152, 46.104366], [-1.100753, 46.104324], [-1.100455, 46.104286], [-1.099973, 46.10422], [-1.099488, 46.104153], [-1.09892, 46.10407], [-1.098352, 46.103947], [-1.098283, 46.103962], [-1.098239, 46.103935], [-1.098196, 46.103893], [-1.098135, 46.10381], [-1.098023, 46.10375], [-1.097911, 46.10373], [-1.097821, 46.103737], [-1.097749, 46.103767], [-1.097695, 46.103813], [-1.097594, 46.103874], [-1.097469, 46.103897], [-1.097275, 46.10391], [-1.09701, 46.10391], [-1.096834, 46.103893], [-1.096727, 46.10385], [-1.09664, 46.10383], [-1.09653, 46.10383], [-1.096451, 46.103848], [-1.096384, 46.10389], [-1.09632, 46.103924], [-1.09623, 46.103954], [-1.09611, 46.10397], [-1.09591, 46.10399], [-1.09565, 46.104008], [-1.095111, 46.104034], [-1.094788, 46.104015], [-1.094153, 46.104088], [-1.093996, 46.104088], [-1.093886, 46.104088], [-1.0938, 46.104076], [-1.093723, 46.10405], [-1.09367, 46.104], [-1.09359, 46.10396], [-1.09347, 46.10394], [-1.09334, 46.10395], [-1.09324, 46.10398], [-1.09317, 46.10404], [-1.09312, 46.10411], [-1.09312, 46.10418], [-1.09315, 46.10426], [-1.09322, 46.10432], [-1.09334, 46.10437], [-1.09349, 46.10438], [-1.09356, 46.1044], [-1.09364, 46.10446], [-1.0938, 46.10462], [-1.093848, 46.10467], [-1.094097, 46.104958], [-1.094221, 46.105103], [-1.094351, 46.105232], [-1.094466, 46.105328], [-1.094547, 46.105385], [-1.094636, 46.105434], [-1.094762, 46.10549], [-1.094927, 46.10555], [-1.095086, 46.105602], [-1.09526, 46.105633], [-1.095503, 46.105663], [-1.095719, 46.105694], [-1.096138, 46.10574], [-1.096498, 46.10579], [-1.096721, 46.10583], [-1.09684, 46.10588], [-1.096932, 46.10593], [-1.097067, 46.106064], [-1.097155, 46.10615], [-1.097225, 46.106243], [-1.098207, 46.10735], [-1.099179, 46.108467], [-1.099894, 46.109314], [-1.1006, 46.110172], [-1.100841, 46.110474], [-1.10109, 46.11077], [-1.101342, 46.111076], [-1.101593, 46.111362], [-1.102151, 46.112015], [-1.102694, 46.11266], [-1.103187, 46.113274], [-1.103433, 46.11358], [-1.103688, 46.113888], [-1.104188, 46.114487], [-1.104436, 46.11479], [-1.104692, 46.115105], [-1.106089, 46.11682], [-1.10679, 46.11768], [-1.107143, 46.118107], [-1.107489, 46.118538], [-1.10763, 46.118755], [-1.107784, 46.118965], [-1.107871, 46.119083], [-1.10806, 46.11944], [-1.10814, 46.11966], [-1.10818, 46.11988], [-1.1082, 46.12011], [-1.10819, 46.12036], [-1.108132, 46.120697], [-1.10799, 46.12139], [-1.107948, 46.121593], [-1.107944, 46.121788], [-1.10796, 46.121937], [-1.107994, 46.12208], [-1.108071, 46.12226], [-1.108157, 46.122417], [-1.108279, 46.122574], [-1.108419, 46.12273], [-1.108555, 46.122856], [-1.108706, 46.122967], [-1.108801, 46.123035], [-1.108915, 46.123096], [-1.109018, 46.123154], [-1.109133, 46.1232], [-1.109268, 46.123257], [-1.109422, 46.123314], [-1.109654, 46.1234], [-1.110117, 46.123566], [-1.110956, 46.123863], [-1.111352, 46.12403], [-1.111665, 46.124187], [-1.11188, 46.12431], [-1.112082, 46.124443], [-1.112262, 46.124577], [-1.112573, 46.124855], [-1.112775, 46.125057], [-1.11295, 46.12527], [-1.11378, 46.12628], [-1.115494, 46.128384], [-1.115941, 46.128944], [-1.116166, 46.12922], [-1.116388, 46.12949], [-1.116722, 46.129887], [-1.116892, 46.13012], [-1.11698, 46.130276], [-1.117124, 46.130386], [-1.117471, 46.130802], [-1.117818, 46.131226], [-1.118209, 46.131714], [-1.118558, 46.132214], [-1.118962, 46.132637], [-1.119329, 46.13307], [-1.119941, 46.13383], [-1.120285, 46.13425], [-1.120567, 46.1346], [-1.120642, 46.134712], [-1.120621, 46.134785], [-1.12059, 46.13484], [-1.12055, 46.13487], [-1.12052, 46.1349], [-1.12051, 46.13498], [-1.12053, 46.13503], [-1.12063, 46.1351], [-1.120751, 46.13512], [-1.120915, 46.135162], [-1.121698, 46.135445], [-1.124238, 46.136444], [-1.124365, 46.136402], [-1.124465, 46.13644], [-1.124537, 46.136482], [-1.12458, 46.13654], [-1.124611, 46.13657], [-1.124657, 46.136604], [-1.124762, 46.136627], [-1.12486, 46.13663], [-1.12495, 46.136627], [-1.125037, 46.13665], [-1.125247, 46.136726], [-1.126017, 46.137005], [-1.126403, 46.137146], [-1.126788, 46.13728], [-1.127359, 46.13748], [-1.127641, 46.137585], [-1.127793, 46.13763], [-1.127941, 46.137733], [-1.128424, 46.137856], [-1.128902, 46.13803], [-1.129113, 46.138107], [-1.129349, 46.13819], [-1.129644, 46.138294], [-1.129939, 46.138397], [-1.130537, 46.13858], [-1.130904, 46.13872], [-1.131263, 46.138863], [-1.131441, 46.13897], [-1.131506, 46.139027], [-1.131561, 46.139107], [-1.131597, 46.13921], [-1.131607, 46.139313], [-1.131592, 46.139465], [-1.131584, 46.13954], [-1.131597, 46.139614], [-1.131609, 46.139668], [-1.131653, 46.13975], [-1.131718, 46.139828], [-1.131792, 46.139893], [-1.131913, 46.139957], [-1.132055, 46.140003], [-1.132239, 46.14003], [-1.132479, 46.140053], [-1.132687, 46.140053], [-1.133123, 46.140095], [-1.133568, 46.14014], [-1.133794, 46.140167], [-1.133902, 46.14019], [-1.13401, 46.14021], [-1.134515, 46.140247], [-1.134991, 46.14034], [-1.13522, 46.140316], [-1.135419, 46.140354], [-1.135612, 46.14041], [-1.1358, 46.14048], [-1.136807, 46.14084], [-1.137321, 46.14102], [-1.137578, 46.14111], [-1.137821, 46.141205], [-1.138763, 46.14152], [-1.138997, 46.141605], [-1.139088, 46.141647], [-1.139325, 46.14174], [-1.139483, 46.141838], [-1.13975, 46.14191], [-1.13978, 46.14195], [-1.13978, 46.14198], [-1.13979, 46.14201], [-1.13976, 46.1421], [-1.139424, 46.14252], [-1.1392, 46.14281], [-1.139127, 46.142895], [-1.13833, 46.14394], [-1.138252, 46.143944], [-1.138252, 46.143944], [-1.13795, 46.14445], [-1.137801, 46.144646], [-1.13769, 46.144783], [-1.137564, 46.144905], [-1.137213, 46.14513], [-1.137105, 46.145164], [-1.137024, 46.145176], [-1.136895, 46.145153], [-1.136784, 46.145153], [-1.136678, 46.145176], [-1.136564, 46.14524], [-1.136504, 46.14534], [-1.136501, 46.14545], [-1.136553, 46.145546], [-1.136692, 46.14563], [-1.136767, 46.14566], [-1.136783, 46.14572], [-1.136813, 46.145916], [-1.136816, 46.146057], [-1.136822, 46.1463], [-1.136837, 46.146606], [-1.136873, 46.146763], [-1.136928, 46.14691], [-1.137038, 46.147152], [-1.137179, 46.14738], [-1.137957, 46.148426], [-1.138537, 46.149208], [-1.139105, 46.149982], [-1.139224, 46.150192], [-1.139375, 46.150505], [-1.139493, 46.150833], [-1.139519, 46.151054], [-1.139526, 46.151268], [-1.139514, 46.151485], [-1.139471, 46.151684], [-1.139401, 46.151787], [-1.139336, 46.151848], [-1.13929, 46.15187], [-1.139229, 46.15189], [-1.139155, 46.15194], [-1.13911, 46.152008], [-1.139095, 46.152065], [-1.139099, 46.152126], [-1.139116, 46.152184], [-1.139156, 46.15223], [-1.139225, 46.152287], [-1.139292, 46.15232], [-1.139392, 46.15234], [-1.139461, 46.152367], [-1.139441, 46.152527], [-1.139404, 46.152695], [-1.139336, 46.15282], [-1.139269, 46.15339], [-1.139255, 46.153687], [-1.139246, 46.153896], [-1.139243, 46.154102], [-1.139272, 46.15433], [-1.13934, 46.154564], [-1.139389, 46.154663], [-1.13948, 46.15481], [-1.13961, 46.154984], [-1.13976, 46.155144], [-1.139954, 46.1553], [-1.140171, 46.15544], [-1.140327, 46.15554], [-1.140501, 46.15563], [-1.140851, 46.15582], [-1.141271, 46.156044], [-1.141658, 46.156258], [-1.141963, 46.15642], [-1.142274, 46.15658], [-1.142869, 46.156902], [-1.143213, 46.15708], [-1.1434, 46.15718], [-1.144052, 46.15753], [-1.144533, 46.157784], [-1.144722, 46.15791], [-1.145441, 46.15843], [-1.14567, 46.15852], [-1.146291, 46.15879], [-1.146436, 46.158848], [-1.146574, 46.15888], [-1.147655, 46.15897], [-1.14769, 46.159], [-1.147466, 46.159607], [-1.147202, 46.16021], [-1.146913, 46.161133], [-1.14646, 46.16237], [-1.146372, 46.162655], [-1.146312, 46.162827], [-1.146254, 46.16292], [-1.146158, 46.16298], [-1.145855, 46.163067], [-1.145788, 46.163113], [-1.145749, 46.163143], [-1.145761, 46.16318], [-1.145805, 46.16321], [-1.14606, 46.16337], [-1.146175, 46.163456], [-1.146313, 46.163532], [-1.146834, 46.163784], [-1.147158, 46.163902], [-1.147483, 46.16401], [-1.147733, 46.164085], [-1.14829, 46.16418], [-1.14889, 46.16427], [-1.150219, 46.164528], [-1.150453, 46.164555], [-1.150988, 46.164623], [-1.151525, 46.16468], [-1.151572, 46.164692], [-1.151612, 46.16468], [-1.151791, 46.164238], [-1.152025, 46.16365], [-1.152141, 46.163376], [-1.152252, 46.163105], [-1.152403, 46.162746], [-1.152549, 46.1624], [-1.152644, 46.162167], [-1.152686, 46.16211], [-1.152709, 46.162083], [-1.152756, 46.16207], [-1.152933, 46.16209], [-1.153955, 46.162277]]}}, {"type": "Feature", "properties": {"route_short_name": "D3", "route_long_name": "Lagord P+R Greffi\u00e8res <> Les Minimes (Dimanche)", "shape_id": "CA_LA_ROCHELLE:JourneyPattern:D3_9E79D7F1AFACAF1267070ED16899DA01", "n_points": 392, "n_shape_variants_in_source": 3}, "geometry": {"type": "LineString", "coordinates": [[-1.168872, 46.13996], [-1.168911, 46.139835], [-1.168928, 46.13976], [-1.168936, 46.1397], [-1.168901, 46.139626], [-1.168167, 46.139133], [-1.167919, 46.138992], [-1.167827, 46.13897], [-1.167718, 46.138973], [-1.16742, 46.13904], [-1.166407, 46.139248], [-1.165886, 46.139355], [-1.165886, 46.139355], [-1.165422, 46.139458], [-1.165296, 46.13949], [-1.165211, 46.13951], [-1.16516, 46.13954], [-1.165105, 46.139683], [-1.165058, 46.13982], [-1.165011, 46.139954], [-1.164983, 46.14005], [-1.164944, 46.140102], [-1.164865, 46.1402], [-1.164824, 46.140247], [-1.164757, 46.14028], [-1.16389, 46.14047], [-1.16178, 46.14091], [-1.16178, 46.14091], [-1.159194, 46.141457], [-1.15883, 46.14155], [-1.15848, 46.14156], [-1.158264, 46.141552], [-1.15814, 46.141518], [-1.15805, 46.14149], [-1.15792, 46.14148], [-1.157785, 46.14148], [-1.15767, 46.141502], [-1.157555, 46.141552], [-1.157461, 46.141632], [-1.157405, 46.141685], [-1.157328, 46.14177], [-1.157215, 46.14186], [-1.157148, 46.141895], [-1.157102, 46.14194], [-1.157078, 46.141983], [-1.157081, 46.142036], [-1.157086, 46.142105], [-1.157102, 46.142223], [-1.157066, 46.142334], [-1.156744, 46.14327], [-1.156744, 46.14327], [-1.1567, 46.14347], [-1.156634, 46.14366], [-1.156501, 46.144043], [-1.156472, 46.144176], [-1.156478, 46.144226], [-1.156496, 46.144306], [-1.156578, 46.144558], [-1.156592, 46.144688], [-1.156587, 46.144764], [-1.156552, 46.144833], [-1.156489, 46.14491], [-1.1564, 46.14498], [-1.156285, 46.14504], [-1.156135, 46.145092], [-1.155323, 46.145367], [-1.154955, 46.145485], [-1.154629, 46.14559], [-1.154574, 46.145615], [-1.154523, 46.145653], [-1.154466, 46.145718], [-1.154448, 46.145763], [-1.154441, 46.145824], [-1.154408, 46.145935], [-1.154408, 46.145935], [-1.15443, 46.1464], [-1.154416, 46.146843], [-1.154382, 46.14773], [-1.154376, 46.147896], [-1.154376, 46.147984], [-1.154356, 46.14807], [-1.154322, 46.148144], [-1.154262, 46.148205], [-1.154206, 46.14824], [-1.154153, 46.148262], [-1.154027, 46.148285], [-1.153702, 46.148308], [-1.153702, 46.148308], [-1.153327, 46.14839], [-1.153053, 46.148438], [-1.152922, 46.148468], [-1.152794, 46.148514], [-1.152672, 46.14856], [-1.152192, 46.148754], [-1.151914, 46.14886], [-1.151758, 46.148907], [-1.151599, 46.14893], [-1.151329, 46.14893], [-1.151246, 46.148937], [-1.151188, 46.148952], [-1.151144, 46.14897], [-1.151114, 46.149002], [-1.151039, 46.14917], [-1.150924, 46.149426], [-1.150853, 46.149483], [-1.150784, 46.149506], [-1.150661, 46.149525], [-1.150502, 46.1495], [-1.15036, 46.149536], [-1.150234, 46.149612], [-1.150158, 46.14967], [-1.15011, 46.14973], [-1.15009, 46.14979], [-1.150079, 46.149853], [-1.150078, 46.150085], [-1.150082, 46.150555], [-1.150091, 46.15148], [-1.15009, 46.152378], [-1.150058, 46.15272], [-1.150058, 46.15272], [-1.150095, 46.15282], [-1.15008, 46.152866], [-1.150046, 46.152916], [-1.149989, 46.152943], [-1.149915, 46.152954], [-1.149821, 46.152966], [-1.149656, 46.15297], [-1.149215, 46.15298], [-1.149013, 46.152973], [-1.148924, 46.152985], [-1.148865, 46.152985], [-1.148801, 46.152992], [-1.148761, 46.152973], [-1.148754, 46.15294], [-1.148739, 46.152866], [-1.148698, 46.152725], [-1.14865, 46.15261], [-1.14861, 46.15252], [-1.14858, 46.15247], [-1.148469, 46.152287], [-1.148366, 46.152203], [-1.148336, 46.15217], [-1.148329, 46.152145], [-1.148321, 46.15211], [-1.148287, 46.152073], [-1.14822, 46.15204], [-1.14813, 46.15204], [-1.14808, 46.152058], [-1.14806, 46.15208], [-1.14804, 46.15211], [-1.148017, 46.152157], [-1.14796, 46.15221], [-1.147887, 46.152267], [-1.147797, 46.152313], [-1.147587, 46.15244], [-1.147376, 46.15256], [-1.147182, 46.15267], [-1.14697, 46.15278], [-1.146212, 46.153255], [-1.146178, 46.15331], [-1.146189, 46.15335], [-1.146217, 46.15339], [-1.146401, 46.15352], [-1.146658, 46.153763], [-1.14689, 46.153908], [-1.147025, 46.15402], [-1.14717, 46.15415], [-1.147639, 46.15452], [-1.14832, 46.15506], [-1.14871, 46.15539], [-1.149186, 46.155792], [-1.149325, 46.155876], [-1.149383, 46.155926], [-1.149411, 46.15599], [-1.14957, 46.15642], [-1.149701, 46.15671], [-1.149915, 46.157024], [-1.150219, 46.157475], [-1.150438, 46.1578], [-1.150494, 46.157955], [-1.150555, 46.157978], [-1.150576, 46.158012], [-1.150565, 46.158047], [-1.150522, 46.158092], [-1.150055, 46.158306], [-1.149743, 46.15846], [-1.149701, 46.15848], [-1.149493, 46.15857], [-1.149236, 46.158615], [-1.14904, 46.15863], [-1.147812, 46.158638], [-1.147731, 46.158665], [-1.147693, 46.158733], [-1.147663, 46.158985], [-1.147648, 46.159092], [-1.147467, 46.1596], [-1.147325, 46.15998], [-1.147247, 46.16022], [-1.147202, 46.16021], [-1.146913, 46.161133], [-1.14646, 46.16237], [-1.146372, 46.162655], [-1.146312, 46.162827], [-1.146254, 46.16292], [-1.146158, 46.16298], [-1.145855, 46.163067], [-1.145788, 46.163113], [-1.145749, 46.163143], [-1.145761, 46.16318], [-1.145805, 46.16321], [-1.14606, 46.16337], [-1.146175, 46.163456], [-1.146313, 46.163532], [-1.146834, 46.163784], [-1.147158, 46.163902], [-1.147483, 46.16401], [-1.147733, 46.164085], [-1.14829, 46.16418], [-1.14889, 46.16427], [-1.150219, 46.164528], [-1.150457, 46.16456], [-1.151479, 46.16469], [-1.151554, 46.1647], [-1.151585, 46.164692], [-1.151617, 46.16467], [-1.151642, 46.164604], [-1.151791, 46.164257], [-1.152007, 46.163677], [-1.15224, 46.163124], [-1.152571, 46.162277], [-1.152649, 46.16214], [-1.152677, 46.16209], [-1.152711, 46.16206], [-1.152774, 46.162052], [-1.152845, 46.162067], [-1.153163, 46.162155], [-1.15465, 46.1624], [-1.15465, 46.1624], [-1.154814, 46.162422], [-1.154884, 46.162445], [-1.154933, 46.162476], [-1.154937, 46.16262], [-1.154912, 46.16276], [-1.15489, 46.162903], [-1.154855, 46.163044], [-1.154848, 46.16312], [-1.154883, 46.163162], [-1.154942, 46.163185], [-1.15502, 46.163193], [-1.1552, 46.16323], [-1.15523, 46.16327], [-1.15527, 46.16335], [-1.15531, 46.16367], [-1.15546, 46.16428], [-1.155541, 46.16449], [-1.155541, 46.16449], [-1.15557, 46.16474], [-1.15557, 46.16487], [-1.1555, 46.16497], [-1.154939, 46.165314], [-1.154853, 46.16534], [-1.154739, 46.16535], [-1.154313, 46.16539], [-1.15421, 46.16542], [-1.153998, 46.165596], [-1.153793, 46.165775], [-1.15339, 46.166138], [-1.153302, 46.16622], [-1.15324, 46.166298], [-1.153208, 46.166374], [-1.153186, 46.166466], [-1.153175, 46.166546], [-1.153185, 46.16667], [-1.153192, 46.166794], [-1.15313, 46.16698], [-1.152875, 46.167313], [-1.152875, 46.167313], [-1.15283, 46.16755], [-1.152779, 46.167652], [-1.15267, 46.167892], [-1.15254, 46.168144], [-1.152448, 46.168343], [-1.152183, 46.168774], [-1.152036, 46.168953], [-1.151878, 46.169155], [-1.151678, 46.169327], [-1.151592, 46.169357], [-1.151512, 46.169376], [-1.151408, 46.169415], [-1.151325, 46.169464], [-1.15129, 46.16951], [-1.15123, 46.16961], [-1.151203, 46.169693], [-1.151186, 46.16979], [-1.15115, 46.169907], [-1.150903, 46.170177], [-1.150816, 46.170197], [-1.150816, 46.170197], [-1.150557, 46.170578], [-1.150409, 46.17084], [-1.150346, 46.170994], [-1.150312, 46.17118], [-1.150311, 46.1715], [-1.15033, 46.17338], [-1.150302, 46.173733], [-1.150302, 46.173733], [-1.150329, 46.17424], [-1.15035, 46.17471], [-1.150409, 46.17506], [-1.150494, 46.175392], [-1.15061, 46.175724], [-1.150764, 46.176117], [-1.15099, 46.17658], [-1.151091, 46.176826], [-1.151192, 46.176968], [-1.151293, 46.17711], [-1.151375, 46.177258], [-1.151375, 46.177258], [-1.151591, 46.177414], [-1.152139, 46.178104], [-1.152187, 46.178223], [-1.152243, 46.178326], [-1.152324, 46.178383], [-1.152396, 46.178432], [-1.152433, 46.17851], [-1.152437, 46.17908], [-1.152397, 46.17924], [-1.152343, 46.179295], [-1.15225, 46.17936], [-1.152187, 46.179447], [-1.152153, 46.17956], [-1.152139, 46.179703], [-1.152125, 46.1798], [-1.152111, 46.179974], [-1.152118, 46.180088], [-1.152162, 46.18019], [-1.152237, 46.18028], [-1.152331, 46.18036], [-1.152469, 46.180424], [-1.152559, 46.180454], [-1.152676, 46.180546], [-1.15275, 46.18066], [-1.15276, 46.18072], [-1.15271, 46.18106], [-1.152596, 46.181507], [-1.152466, 46.18222], [-1.15234, 46.18293], [-1.152321, 46.18305], [-1.152307, 46.183132], [-1.15215, 46.183758], [-1.15215, 46.183758], [-1.152104, 46.18421], [-1.152052, 46.184437], [-1.151979, 46.184647], [-1.15186, 46.18491], [-1.151714, 46.185158], [-1.151609, 46.185303], [-1.151506, 46.18544], [-1.150894, 46.186134], [-1.150416, 46.186527], [-1.147833, 46.189377], [-1.147286, 46.18984], [-1.147025, 46.190132], [-1.146961, 46.190174], [-1.146897, 46.190186], [-1.14673, 46.19021], [-1.14658, 46.19025], [-1.14646, 46.19032], [-1.14636, 46.19044], [-1.14632, 46.19054], [-1.14634, 46.19066], [-1.14645, 46.19081], [-1.14651, 46.19085], [-1.14666, 46.19092], [-1.1468, 46.191], [-1.147102, 46.191486], [-1.147102, 46.191486], [-1.14723, 46.19151], [-1.147304, 46.191612], [-1.147335, 46.191666], [-1.147331, 46.191708], [-1.147313, 46.19175], [-1.147256, 46.19183], [-1.147198, 46.191895], [-1.147195, 46.191963], [-1.147199, 46.19217], [-1.14718, 46.19221], [-1.147121, 46.1923], [-1.147078, 46.192345], [-1.146984, 46.192375], [-1.146858, 46.192352], [-1.146408, 46.192226]]}}, {"type": "Feature", "properties": {"route_short_name": "D4", "route_long_name": "Beaulieu <> Les Minimes (Dimanche)", "shape_id": "CA_LA_ROCHELLE:JourneyPattern:D4_F47584DB8205C9EC86C5BAC74D686F50", "n_points": 363, "n_shape_variants_in_source": 2}, "geometry": {"type": "LineString", "coordinates": [[-1.116627, 46.17494], [-1.117853, 46.173885], [-1.118722, 46.173153], [-1.118774, 46.173134], [-1.118849, 46.17313], [-1.119096, 46.17332], [-1.119866, 46.1739], [-1.119866, 46.1739], [-1.120164, 46.17412], [-1.120325, 46.174263], [-1.120374, 46.17436], [-1.1204, 46.174442], [-1.120385, 46.174545], [-1.120306, 46.174633], [-1.120295, 46.174686], [-1.12031, 46.174744], [-1.120338, 46.174786], [-1.120383, 46.174812], [-1.120454, 46.174873], [-1.120488, 46.17494], [-1.12049, 46.175007], [-1.12049, 46.17509], [-1.120514, 46.17517], [-1.120547, 46.175213], [-1.120588, 46.175255], [-1.120674, 46.1753], [-1.121142, 46.175423], [-1.121417, 46.1755], [-1.121489, 46.175507], [-1.121563, 46.175507], [-1.121689, 46.17552], [-1.12204, 46.175625], [-1.122111, 46.175644], [-1.122142, 46.175674], [-1.122154, 46.175713], [-1.121645, 46.17664], [-1.121363, 46.17714], [-1.121232, 46.177376], [-1.121197, 46.177505], [-1.121173, 46.17758], [-1.121176, 46.17762], [-1.121235, 46.17767], [-1.121316, 46.177696], [-1.121688, 46.17804], [-1.121841, 46.17813], [-1.121874, 46.178185], [-1.121849, 46.178257], [-1.121874, 46.178307], [-1.121911, 46.178345], [-1.121953, 46.17837], [-1.122028, 46.17839], [-1.122116, 46.1784], [-1.122707, 46.17891], [-1.122785, 46.17898], [-1.122777, 46.17906], [-1.122782, 46.179157], [-1.122843, 46.17923], [-1.122893, 46.179264], [-1.122976, 46.17929], [-1.123034, 46.179302], [-1.123114, 46.179287], [-1.123191, 46.179256], [-1.123241, 46.179188], [-1.123287, 46.179104], [-1.123257, 46.17903], [-1.123169, 46.17898], [-1.123088, 46.178944], [-1.123031, 46.17891], [-1.123038, 46.178833], [-1.123105, 46.17876], [-1.123311, 46.178658], [-1.123507, 46.178524], [-1.123591, 46.178444], [-1.123697, 46.178345], [-1.123785, 46.17822], [-1.123829, 46.17811], [-1.123856, 46.17801], [-1.123867, 46.1779], [-1.123875, 46.1778], [-1.123871, 46.177715], [-1.123851, 46.17763], [-1.123846, 46.177547], [-1.123862, 46.177483], [-1.123889, 46.17742], [-1.123972, 46.177357], [-1.124035, 46.177307], [-1.124302, 46.17719], [-1.124401, 46.177155], [-1.124565, 46.177086], [-1.124683, 46.17703], [-1.124833, 46.176926], [-1.125027, 46.176765], [-1.12547, 46.17642], [-1.125746, 46.176235], [-1.125908, 46.176105], [-1.126099, 46.175915], [-1.126535, 46.175617], [-1.126603, 46.175575], [-1.126665, 46.17552], [-1.126729, 46.175476], [-1.12682, 46.175396], [-1.126871, 46.175343], [-1.126936, 46.17525], [-1.12717, 46.174896], [-1.127652, 46.174232], [-1.12779, 46.173985], [-1.127799, 46.173943], [-1.127773, 46.173904], [-1.127317, 46.173763], [-1.127386, 46.17377], [-1.127386, 46.17377], [-1.126746, 46.17355], [-1.126517, 46.17344], [-1.126204, 46.17327], [-1.125907, 46.17309], [-1.125485, 46.172848], [-1.125019, 46.17261], [-1.124638, 46.172398], [-1.124638, 46.172398], [-1.12411, 46.17217], [-1.123923, 46.172047], [-1.123755, 46.17191], [-1.123225, 46.171394], [-1.123169, 46.17133], [-1.123187, 46.171276], [-1.123386, 46.1712], [-1.124425, 46.17085], [-1.127659, 46.169758], [-1.130011, 46.169], [-1.130011, 46.169], [-1.133491, 46.16786], [-1.133491, 46.16786], [-1.136625, 46.166817], [-1.136625, 46.166817], [-1.136761, 46.166775], [-1.1369, 46.166763], [-1.137041, 46.166756], [-1.137183, 46.16676], [-1.137428, 46.1668], [-1.13767, 46.16686], [-1.137935, 46.16693], [-1.138206, 46.167004], [-1.139149, 46.167267], [-1.139256, 46.167282], [-1.13934, 46.167305], [-1.139489, 46.167347], [-1.139807, 46.167442], [-1.139877, 46.167473], [-1.13992, 46.1675], [-1.13995, 46.16754], [-1.14006, 46.16758], [-1.14014, 46.16758], [-1.14021, 46.16756], [-1.14026, 46.16752], [-1.14027, 46.16749], [-1.14027, 46.16748], [-1.140249, 46.16744], [-1.140245, 46.167397], [-1.140363, 46.167267], [-1.140713, 46.167034], [-1.140713, 46.167034], [-1.142544, 46.16549], [-1.142783, 46.165302], [-1.143, 46.165276], [-1.143004, 46.165127], [-1.14323, 46.16496], [-1.14395, 46.16435], [-1.144268, 46.164127], [-1.144476, 46.16399], [-1.144804, 46.163773], [-1.144953, 46.16367], [-1.145128, 46.16356], [-1.145397, 46.163376], [-1.14568, 46.16322], [-1.145757, 46.163147], [-1.145749, 46.163105], [-1.145644, 46.16289], [-1.145644, 46.16289], [-1.145582, 46.162857], [-1.145493, 46.162704], [-1.145424, 46.16264], [-1.145351, 46.162525], [-1.145347, 46.162476], [-1.145495, 46.16174], [-1.145528, 46.16151], [-1.14567, 46.160915], [-1.145776, 46.16051], [-1.145856, 46.16024], [-1.14603, 46.15988], [-1.14603, 46.15988], [-1.146162, 46.1595], [-1.146222, 46.159393], [-1.146448, 46.15891], [-1.14656, 46.158894], [-1.146713, 46.158916], [-1.14769, 46.159], [-1.14793, 46.15902], [-1.148326, 46.15903], [-1.148724, 46.159023], [-1.148935, 46.159008], [-1.14916, 46.15899], [-1.14946, 46.158924], [-1.149731, 46.158836], [-1.149849, 46.15881], [-1.149959, 46.158783], [-1.150184, 46.158657], [-1.150319, 46.15858], [-1.150446, 46.15852], [-1.150711, 46.158432], [-1.150769, 46.158348], [-1.150824, 46.158302], [-1.150869, 46.158253], [-1.150873, 46.158207], [-1.150857, 46.158165], [-1.150821, 46.15814], [-1.150769, 46.15812], [-1.15068, 46.158073], [-1.150643, 46.15803], [-1.150613, 46.15799], [-1.150513, 46.15784], [-1.150252, 46.15746], [-1.149992, 46.157078], [-1.149745, 46.15672], [-1.149606, 46.156406], [-1.149511, 46.156197], [-1.149498, 46.156067], [-1.149469, 46.155968], [-1.149392, 46.155884], [-1.149298, 46.155804], [-1.149138, 46.155685], [-1.149002, 46.155537], [-1.148741, 46.155365], [-1.148343, 46.15504], [-1.147665, 46.15449], [-1.147269, 46.15418], [-1.147091, 46.154037], [-1.146971, 46.15393], [-1.146849, 46.153824], [-1.146505, 46.153515], [-1.146364, 46.15343], [-1.146293, 46.15334], [-1.146294, 46.15329], [-1.146448, 46.153164], [-1.14667, 46.15303], [-1.147135, 46.152756], [-1.148018, 46.152256], [-1.148116, 46.15223], [-1.148234, 46.152233], [-1.148334, 46.152264], [-1.148436, 46.152325], [-1.14852, 46.15244], [-1.14858, 46.152576], [-1.148694, 46.15289], [-1.148711, 46.152943], [-1.148748, 46.153], [-1.148811, 46.15302], [-1.148884, 46.153015], [-1.149295, 46.153015], [-1.149668, 46.153004], [-1.150041, 46.152958], [-1.150107, 46.15292], [-1.150134, 46.15285], [-1.150157, 46.152798], [-1.150161, 46.15274], [-1.150236, 46.152348], [-1.150236, 46.152348], [-1.15012, 46.15006], [-1.150107, 46.149883], [-1.150109, 46.149788], [-1.15017, 46.149685], [-1.150255, 46.149624], [-1.150298, 46.149597], [-1.150337, 46.14957], [-1.150391, 46.14956], [-1.150473, 46.149555], [-1.150659, 46.149555], [-1.150749, 46.149555], [-1.150831, 46.149532], [-1.150895, 46.149498], [-1.150958, 46.14944], [-1.151003, 46.14935], [-1.15104, 46.149242], [-1.151127, 46.14917], [-1.151127, 46.14917], [-1.151168, 46.149], [-1.151212, 46.14898], [-1.151259, 46.148964], [-1.151308, 46.14896], [-1.151414, 46.14896], [-1.151565, 46.14896], [-1.151757, 46.148933], [-1.151889, 46.148903], [-1.152022, 46.148857], [-1.152725, 46.148575], [-1.15295, 46.148487], [-1.153173, 46.14844], [-1.153478, 46.148396], [-1.153858, 46.148376], [-1.153858, 46.148376], [-1.154096, 46.148308], [-1.154224, 46.148262], [-1.154314, 46.148205], [-1.15439, 46.148117], [-1.154423, 46.147987], [-1.154434, 46.147762], [-1.154448, 46.14749], [-1.154494, 46.14653], [-1.154527, 46.14587], [-1.154511, 46.145767], [-1.154539, 46.145695], [-1.154587, 46.145653], [-1.154693, 46.14561], [-1.155154, 46.145454], [-1.156193, 46.1451], [-1.156353, 46.145035], [-1.15647, 46.144966], [-1.156582, 46.14485], [-1.156627, 46.144756], [-1.156639, 46.144676], [-1.156631, 46.144592], [-1.156599, 46.14446], [-1.156583, 46.14439], [-1.156557, 46.144318], [-1.156525, 46.144234], [-1.15652, 46.14415], [-1.156605, 46.143864], [-1.156683, 46.143642], [-1.156836, 46.143227], [-1.157149, 46.14224], [-1.157192, 46.142162], [-1.157255, 46.142124], [-1.157379, 46.14207], [-1.157493, 46.14205], [-1.157601, 46.142067], [-1.15773, 46.142097], [-1.157851, 46.142113], [-1.157961, 46.142113], [-1.158091, 46.14208], [-1.158221, 46.14202], [-1.158269, 46.141964], [-1.158342, 46.14192], [-1.158469, 46.14183], [-1.158584, 46.141747], [-1.158765, 46.141666], [-1.159541, 46.14151], [-1.16338, 46.14071], [-1.16338, 46.14071], [-1.164503, 46.140427], [-1.16472, 46.14038], [-1.16491, 46.14039], [-1.16501, 46.14041], [-1.16524, 46.14051], [-1.165353, 46.14059], [-1.165499, 46.1407], [-1.166187, 46.141132], [-1.166439, 46.141216], [-1.1667, 46.141224], [-1.167495, 46.141052], [-1.16857, 46.140827], [-1.16863, 46.140766], [-1.168659, 46.1406], [-1.168717, 46.140434], [-1.168872, 46.13996]]}}, {"type": "Feature", "properties": {"route_short_name": "D5", "route_long_name": "Place de Verdun <> Chef de Baie (plage) (Dimanche)", "shape_id": "CA_LA_ROCHELLE:JourneyPattern:D5_4107059BF45FA055551E1C32C828BEA8", "n_points": 191, "n_shape_variants_in_source": 2}, "geometry": {"type": "LineString", "coordinates": [[-1.153955, 46.162277], [-1.154594, 46.16235], [-1.154909, 46.162323], [-1.154988, 46.162285], [-1.155084, 46.162224], [-1.155182, 46.162064], [-1.155268, 46.161858], [-1.15577, 46.160305], [-1.156369, 46.15881], [-1.156369, 46.15881], [-1.156559, 46.15827], [-1.156606, 46.158226], [-1.156714, 46.158226], [-1.157555, 46.1584], [-1.159358, 46.15871], [-1.159486, 46.15872], [-1.159552, 46.158623], [-1.159646, 46.158306], [-1.159801, 46.15788], [-1.159978, 46.157436], [-1.160079, 46.157192], [-1.160178, 46.157043], [-1.160298, 46.156906], [-1.160404, 46.156773], [-1.160661, 46.15653], [-1.16073, 46.15649], [-1.160911, 46.156265], [-1.160966, 46.1562], [-1.161023, 46.156178], [-1.16108, 46.15618], [-1.1633, 46.15608], [-1.16658, 46.155968], [-1.170433, 46.155773], [-1.17095, 46.15579], [-1.17103, 46.15549], [-1.171153, 46.15483], [-1.17129, 46.15468], [-1.17148, 46.15455], [-1.17187, 46.1544], [-1.172151, 46.154358], [-1.17322, 46.15422], [-1.173761, 46.15417], [-1.17458, 46.15403], [-1.17557, 46.1539], [-1.176067, 46.15382], [-1.176559, 46.153744], [-1.176887, 46.15369], [-1.177185, 46.153645], [-1.177647, 46.153645], [-1.177647, 46.153645], [-1.178263, 46.153606], [-1.17876, 46.153587], [-1.179263, 46.153564], [-1.179427, 46.153557], [-1.179686, 46.15357], [-1.17986, 46.15359], [-1.180018, 46.15363], [-1.180293, 46.153736], [-1.180559, 46.15385], [-1.180617, 46.153908], [-1.18065, 46.15396], [-1.18068, 46.15409], [-1.1808, 46.15468], [-1.180738, 46.155037], [-1.180738, 46.155037], [-1.1809, 46.15535], [-1.180883, 46.15555], [-1.180837, 46.155743], [-1.180798, 46.15592], [-1.18074, 46.15609], [-1.1803, 46.15696], [-1.18026, 46.157017], [-1.180277, 46.15708], [-1.180345, 46.1571], [-1.18115, 46.15715], [-1.181766, 46.157234], [-1.181766, 46.157234], [-1.183126, 46.157307], [-1.183192, 46.157204], [-1.183233, 46.157097], [-1.18332, 46.15709], [-1.183919, 46.157146], [-1.184358, 46.15725], [-1.184622, 46.157326], [-1.184719, 46.157364], [-1.184772, 46.15738], [-1.184822, 46.15737], [-1.184935, 46.157234], [-1.185163, 46.157047], [-1.185163, 46.157047], [-1.185235, 46.156864], [-1.185325, 46.156715], [-1.18535, 46.15664], [-1.185356, 46.156563], [-1.185354, 46.15646], [-1.185328, 46.15637], [-1.18526, 46.156223], [-1.185151, 46.156094], [-1.184765, 46.155823], [-1.184501, 46.1556], [-1.18435, 46.155422], [-1.184237, 46.155228], [-1.184181, 46.155106], [-1.184135, 46.15498], [-1.184113, 46.15483], [-1.184104, 46.154686], [-1.184163, 46.15443], [-1.184163, 46.15443], [-1.184148, 46.15429], [-1.184143, 46.154156], [-1.184113, 46.154015], [-1.184067, 46.153862], [-1.184037, 46.15381], [-1.18407, 46.15377], [-1.184405, 46.153736], [-1.18474, 46.153725], [-1.18508, 46.15373], [-1.185688, 46.15378], [-1.186025, 46.15382], [-1.186331, 46.15385], [-1.186644, 46.153847], [-1.187042, 46.15382], [-1.187421, 46.153786], [-1.187656, 46.15377], [-1.187886, 46.15377], [-1.188088, 46.153778], [-1.188285, 46.153816], [-1.188675, 46.153927], [-1.188844, 46.153996], [-1.189483, 46.15423], [-1.190116, 46.15447], [-1.190502, 46.154613], [-1.190701, 46.154667], [-1.19085, 46.15469], [-1.190952, 46.15474], [-1.19102, 46.1548], [-1.19108, 46.15491], [-1.191112, 46.15498], [-1.191094, 46.155045], [-1.190677, 46.15568], [-1.188069, 46.1602], [-1.188069, 46.1602], [-1.18775, 46.16086], [-1.187746, 46.160896], [-1.187794, 46.160934], [-1.187876, 46.16093], [-1.188701, 46.160828], [-1.192531, 46.16037], [-1.194375, 46.160152], [-1.194822, 46.160145], [-1.194822, 46.160145], [-1.195991, 46.159958], [-1.196278, 46.159935], [-1.196621, 46.15993], [-1.196931, 46.159946], [-1.197166, 46.159992], [-1.197211, 46.16005], [-1.197291, 46.160084], [-1.197677, 46.160088], [-1.197781, 46.160076], [-1.19784, 46.160046], [-1.197901, 46.159996], [-1.19798, 46.15989], [-1.198038, 46.159847], [-1.1981, 46.15981], [-1.19846, 46.15973], [-1.19938, 46.15956], [-1.199816, 46.1595], [-1.200053, 46.159477], [-1.200112, 46.159454], [-1.200131, 46.159393], [-1.200197, 46.15915], [-1.200441, 46.15884], [-1.200953, 46.15794], [-1.201456, 46.15713], [-1.201627, 46.156864], [-1.201854, 46.156605], [-1.201945, 46.15648], [-1.201998, 46.15634], [-1.202052, 46.15619], [-1.202134, 46.15605], [-1.202549, 46.1554], [-1.203116, 46.154488], [-1.203708, 46.15359], [-1.203708, 46.15359], [-1.204453, 46.15234], [-1.204916, 46.151604], [-1.205367, 46.150867], [-1.205545, 46.15062], [-1.205745, 46.150375], [-1.20595, 46.150146]]}}, {"type": "Feature", "properties": {"route_short_name": "D9", "route_long_name": "Laleu A\u00e9roport <> Gare La Rochelle (Dimanche)", "shape_id": "CA_LA_ROCHELLE:JourneyPattern:D9_D88430817623B70889CD51BAEF34BD83", "n_points": 288, "n_shape_variants_in_source": 4}, "geometry": {"type": "LineString", "coordinates": [[-1.196269, 46.16762], [-1.19687, 46.16776], [-1.1973, 46.16796], [-1.19757, 46.16808], [-1.19796, 46.16826], [-1.19834, 46.16839], [-1.19869, 46.16847], [-1.19899, 46.16854], [-1.199794, 46.168934], [-1.20019, 46.16904], [-1.20094, 46.16933], [-1.20142, 46.1695], [-1.20188, 46.16967], [-1.20201, 46.16974], [-1.20237, 46.16997], [-1.20281, 46.17019], [-1.203019, 46.170284], [-1.203127, 46.170284], [-1.203202, 46.170334], [-1.20323, 46.17038], [-1.20347, 46.17073], [-1.203514, 46.17079], [-1.203516, 46.17083], [-1.20332, 46.17093], [-1.20259, 46.17128], [-1.201227, 46.17193], [-1.201227, 46.17193], [-1.200592, 46.17232], [-1.20048, 46.17239], [-1.20008, 46.1726], [-1.1997, 46.17283], [-1.19946, 46.17301], [-1.19941, 46.17306], [-1.199139, 46.17328], [-1.19844, 46.17392], [-1.19813, 46.17421], [-1.19775, 46.174572], [-1.19723, 46.17482], [-1.19698, 46.17494], [-1.196655, 46.17504], [-1.195889, 46.175404], [-1.195517, 46.175545], [-1.195406, 46.175556], [-1.195331, 46.17561], [-1.195167, 46.17569], [-1.19507, 46.175705], [-1.194987, 46.1757], [-1.194923, 46.17569], [-1.194856, 46.175705], [-1.194794, 46.175728], [-1.194759, 46.17577], [-1.194764, 46.175827], [-1.194803, 46.175846], [-1.194852, 46.175854], [-1.194935, 46.175835], [-1.195008, 46.175804], [-1.195132, 46.17577], [-1.195444, 46.17562], [-1.195582, 46.175556], [-1.195841, 46.175457], [-1.196102, 46.175346], [-1.196744, 46.175076], [-1.19696, 46.175003], [-1.197177, 46.174915], [-1.197232, 46.17484], [-1.197238, 46.174786], [-1.197218, 46.17474], [-1.197096, 46.174683], [-1.196982, 46.174595], [-1.196908, 46.17448], [-1.196492, 46.173386], [-1.196083, 46.172283], [-1.195963, 46.171986], [-1.195811, 46.17154], [-1.195664, 46.171093], [-1.195601, 46.17094], [-1.195516, 46.17081], [-1.195447, 46.17073], [-1.195421, 46.17066], [-1.195433, 46.17059], [-1.19543, 46.17055], [-1.19543, 46.17053], [-1.19542, 46.1705], [-1.1954, 46.17048], [-1.195375, 46.170444], [-1.19535, 46.17028], [-1.195267, 46.170025], [-1.195291, 46.16987], [-1.195209, 46.169285], [-1.195166, 46.16869], [-1.195137, 46.168194], [-1.195155, 46.16768], [-1.195155, 46.16768], [-1.195095, 46.167397], [-1.195105, 46.167343], [-1.19509, 46.167286], [-1.195041, 46.167267], [-1.194893, 46.167233], [-1.194406, 46.167114], [-1.19414, 46.167076], [-1.19328, 46.16702], [-1.193003, 46.167004], [-1.192741, 46.166973], [-1.192175, 46.16686], [-1.19175, 46.16672], [-1.19139, 46.16655], [-1.19115, 46.16639], [-1.19115, 46.16639], [-1.190824, 46.166325], [-1.190502, 46.16625], [-1.19, 46.16614], [-1.189498, 46.16603], [-1.188627, 46.16584], [-1.188475, 46.16581], [-1.188413, 46.165794], [-1.188358, 46.165768], [-1.188326, 46.16572], [-1.188321, 46.16567], [-1.18828, 46.16563], [-1.188238, 46.165604], [-1.18819, 46.16559], [-1.18814, 46.1656], [-1.188028, 46.165623], [-1.187968, 46.16563], [-1.187914, 46.16562], [-1.187773, 46.165615], [-1.187634, 46.165607], [-1.186911, 46.165466], [-1.186819, 46.165417], [-1.186819, 46.165417], [-1.186096, 46.16528], [-1.185551, 46.165157], [-1.185275, 46.165108], [-1.185003, 46.165043], [-1.184493, 46.164948], [-1.184161, 46.1649], [-1.18381, 46.16487], [-1.183582, 46.16485], [-1.183537, 46.16484], [-1.1835, 46.16483], [-1.183461, 46.164825], [-1.18342, 46.16482], [-1.18333, 46.164825], [-1.183227, 46.16482], [-1.182735, 46.164726], [-1.182377, 46.16465], [-1.182219, 46.16461], [-1.182241, 46.16459], [-1.182241, 46.16459], [-1.181982, 46.16455], [-1.181908, 46.164513], [-1.181847, 46.164486], [-1.181751, 46.16451], [-1.181649, 46.16454], [-1.181509, 46.164562], [-1.180719, 46.164574], [-1.180525, 46.164597], [-1.180288, 46.164604], [-1.17988, 46.16461], [-1.179267, 46.164616], [-1.178819, 46.1646], [-1.177937, 46.164463], [-1.176734, 46.16426], [-1.176442, 46.164234], [-1.176297, 46.16422], [-1.17616, 46.16422], [-1.176082, 46.164207], [-1.175728, 46.164165], [-1.175565, 46.164173], [-1.175242, 46.164116], [-1.17493, 46.164047], [-1.171789, 46.163757], [-1.17127, 46.163696], [-1.17075, 46.16364], [-1.169954, 46.16357], [-1.16827, 46.16341], [-1.167711, 46.16331], [-1.167711, 46.16331], [-1.165392, 46.163116], [-1.164784, 46.163074], [-1.16417, 46.16301], [-1.1636, 46.162907], [-1.1636, 46.162907], [-1.163075, 46.16289], [-1.16241, 46.16282], [-1.161683, 46.16275], [-1.161008, 46.16264], [-1.159765, 46.16254], [-1.159223, 46.162495], [-1.158457, 46.16242], [-1.157681, 46.162357], [-1.157012, 46.162292], [-1.15636, 46.16223], [-1.155758, 46.16217], [-1.1556, 46.16216], [-1.15536, 46.16213], [-1.155221, 46.16212], [-1.155124, 46.162132], [-1.155015, 46.162186], [-1.154862, 46.162235], [-1.15473, 46.16225], [-1.15429, 46.162186], [-1.15364, 46.16209], [-1.153492, 46.162067], [-1.153116, 46.162003], [-1.153116, 46.162003], [-1.153004, 46.161983], [-1.152959, 46.16199], [-1.152939, 46.162033], [-1.152905, 46.162064], [-1.15287, 46.16207], [-1.152811, 46.162086], [-1.152744, 46.16208], [-1.152684, 46.162094], [-1.152622, 46.162216], [-1.152377, 46.162758], [-1.152207, 46.163082], [-1.151992, 46.163647], [-1.151779, 46.164227], [-1.151576, 46.164665], [-1.150734, 46.164574], [-1.150334, 46.164528], [-1.149647, 46.16436], [-1.149134, 46.1643], [-1.148918, 46.164246], [-1.148319, 46.164165], [-1.147729, 46.164055], [-1.147533, 46.164], [-1.147351, 46.16393], [-1.146967, 46.163795], [-1.146605, 46.16364], [-1.146387, 46.163532], [-1.146184, 46.163418], [-1.145961, 46.163296], [-1.145783, 46.163136], [-1.145644, 46.16289], [-1.145644, 46.16289], [-1.145582, 46.162857], [-1.145493, 46.162704], [-1.145424, 46.16264], [-1.145351, 46.162525], [-1.145347, 46.162476], [-1.145495, 46.16174], [-1.145528, 46.16151], [-1.14567, 46.160915], [-1.145776, 46.16051], [-1.145856, 46.16024], [-1.14603, 46.15988], [-1.14603, 46.15988], [-1.14644, 46.15887], [-1.14646, 46.1587], [-1.14646, 46.15865], [-1.14641, 46.15857], [-1.14595, 46.15846], [-1.14557, 46.15827], [-1.1453, 46.15813], [-1.14512, 46.15809], [-1.14498, 46.15809], [-1.1448, 46.15812], [-1.14457, 46.15823], [-1.1445, 46.158287], [-1.144389, 46.158314], [-1.14422, 46.15829], [-1.14388, 46.15818], [-1.14388, 46.15818], [-1.142422, 46.15796], [-1.14236, 46.157932], [-1.142341, 46.157894], [-1.14235, 46.15782], [-1.142421, 46.15766], [-1.142546, 46.1574], [-1.142652, 46.157135], [-1.142757, 46.156708], [-1.142807, 46.156597], [-1.142862, 46.156494], [-1.142939, 46.15629], [-1.143007, 46.15612], [-1.143146, 46.15576], [-1.14334, 46.15527], [-1.143379, 46.15517], [-1.14345, 46.15507], [-1.143535, 46.15497], [-1.143688, 46.154835], [-1.14385, 46.15471], [-1.144417, 46.154373], [-1.144502, 46.154324], [-1.144879, 46.1541], [-1.145955, 46.153503]]}}, {"type": "Feature", "properties": {"route_short_name": "N1", "route_long_name": "N1 La Pallice <> Place de Verdun (Nuit)", "shape_id": "CA_LA_ROCHELLE:JourneyPattern:N1_96369DE61DDBD7480A615D569804898E", "n_points": 156, "n_shape_variants_in_source": 2}, "geometry": {"type": "LineString", "coordinates": [[-1.153955, 46.162277], [-1.154594, 46.16235], [-1.154909, 46.162323], [-1.154988, 46.162285], [-1.155084, 46.162224], [-1.155182, 46.162064], [-1.155268, 46.161858], [-1.15577, 46.160305], [-1.156369, 46.15881], [-1.156369, 46.15881], [-1.156559, 46.15827], [-1.156606, 46.158226], [-1.156714, 46.158226], [-1.157555, 46.1584], [-1.158719, 46.158596], [-1.159343, 46.158703], [-1.15995, 46.15879], [-1.161397, 46.15904], [-1.163645, 46.159367], [-1.1652, 46.159657], [-1.1652, 46.159657], [-1.167482, 46.15999], [-1.168372, 46.16015], [-1.169628, 46.16032], [-1.170274, 46.160423], [-1.170645, 46.160484], [-1.170878, 46.160522], [-1.170924, 46.160534], [-1.170967, 46.16055], [-1.17102, 46.16057], [-1.17105, 46.16059], [-1.171145, 46.160618], [-1.17124, 46.16063], [-1.17134, 46.16061], [-1.171419, 46.160614], [-1.171511, 46.16062], [-1.172047, 46.16074], [-1.172047, 46.16074], [-1.17301, 46.16087], [-1.174056, 46.161022], [-1.175, 46.16118], [-1.175147, 46.161205], [-1.175388, 46.161247], [-1.175713, 46.16137], [-1.17593, 46.16137], [-1.17603, 46.16144], [-1.17602, 46.16146], [-1.17604, 46.1615], [-1.17607, 46.16153], [-1.17619, 46.16186], [-1.17618, 46.16199], [-1.17618, 46.16222], [-1.176124, 46.16305], [-1.176097, 46.16327], [-1.176087, 46.163486], [-1.176073, 46.163925], [-1.176059, 46.16407], [-1.175969, 46.164173], [-1.175731, 46.16416], [-1.175647, 46.164185], [-1.175598, 46.164234], [-1.175615, 46.164295], [-1.175671, 46.16433], [-1.175846, 46.164352], [-1.176044, 46.164364], [-1.176151, 46.16433], [-1.176214, 46.164288], [-1.176311, 46.164253], [-1.176447, 46.164253], [-1.176779, 46.164288], [-1.178073, 46.164513], [-1.178477, 46.164577], [-1.178655, 46.164608], [-1.178842, 46.164627], [-1.179877, 46.16463], [-1.180544, 46.164623], [-1.180697, 46.164604], [-1.181133, 46.164623], [-1.181339, 46.164593], [-1.18142, 46.16459], [-1.181712, 46.16459], [-1.18175, 46.1646], [-1.18177, 46.16462], [-1.18184, 46.16463], [-1.18191, 46.16462], [-1.181955, 46.164616], [-1.182287, 46.164673], [-1.183034, 46.164825], [-1.18335, 46.164898], [-1.183393, 46.164925], [-1.18342, 46.164936], [-1.18345, 46.16494], [-1.183501, 46.164936], [-1.183548, 46.16491], [-1.18372, 46.164883], [-1.184047, 46.164917], [-1.184334, 46.16495], [-1.184618, 46.164993], [-1.186044, 46.16531], [-1.186044, 46.16531], [-1.187075, 46.16553], [-1.187537, 46.165623], [-1.187779, 46.16564], [-1.187937, 46.165657], [-1.18805, 46.165707], [-1.188099, 46.16574], [-1.18815, 46.165756], [-1.188209, 46.165756], [-1.188258, 46.165745], [-1.188295, 46.165714], [-1.188315, 46.16567], [-1.188408, 46.1656], [-1.188446, 46.165585], [-1.188584, 46.165573], [-1.189747, 46.165485], [-1.191654, 46.165268], [-1.192124, 46.165234], [-1.193071, 46.165157], [-1.194208, 46.16505], [-1.194778, 46.164997], [-1.195341, 46.164925], [-1.195696, 46.16489], [-1.197243, 46.16474], [-1.197611, 46.16469], [-1.197703, 46.1647], [-1.198, 46.16466], [-1.198388, 46.164654], [-1.198388, 46.164654], [-1.200722, 46.164448], [-1.20192, 46.16431], [-1.203741, 46.164192], [-1.204575, 46.16416], [-1.207988, 46.163948], [-1.207988, 46.163948], [-1.208816, 46.16387], [-1.209652, 46.16382], [-1.211266, 46.163734], [-1.216441, 46.163406], [-1.216441, 46.163406], [-1.21802, 46.16326], [-1.218146, 46.16327], [-1.218243, 46.163322], [-1.218314, 46.16336], [-1.218359, 46.163345], [-1.218411, 46.163296], [-1.219009, 46.16292], [-1.219902, 46.162384], [-1.220072, 46.16223], [-1.220133, 46.162075], [-1.220118, 46.16189], [-1.220056, 46.16142], [-1.220066, 46.161144], [-1.220066, 46.161144], [-1.21991, 46.16055], [-1.21719, 46.16072], [-1.216369, 46.160736]]}}, {"type": "Feature", "properties": {"route_short_name": "N11", "route_long_name": "N1 Aytr\u00e9 <> Grands Pr\u00e9s <> Place de Verdun (Nuit)", "shape_id": "CA_LA_ROCHELLE:JourneyPattern:N11_027012E600A842720B664F50FB13266C", "n_points": 276, "n_shape_variants_in_source": 3}, "geometry": {"type": "LineString", "coordinates": [[-1.121438, 46.13257], [-1.1206, 46.13283], [-1.120168, 46.133], [-1.11996, 46.133087], [-1.119867, 46.133118], [-1.119777, 46.13313], [-1.11962, 46.13315], [-1.119525, 46.13321], [-1.119436, 46.13328], [-1.119034, 46.133446], [-1.118622, 46.133606], [-1.11792, 46.13388], [-1.117723, 46.133953], [-1.117644, 46.133987], [-1.117609, 46.134014], [-1.117599, 46.134056], [-1.117625, 46.13409], [-1.117673, 46.1341], [-1.117721, 46.134117], [-1.117767, 46.13413], [-1.117892, 46.13413], [-1.11799, 46.134136], [-1.118096, 46.134167], [-1.118247, 46.134274], [-1.118247, 46.134274], [-1.118959, 46.13445], [-1.11977, 46.13476], [-1.12017, 46.1349], [-1.120379, 46.134926], [-1.120457, 46.134956], [-1.12051, 46.135], [-1.12052, 46.13501], [-1.12053, 46.13503], [-1.12063, 46.1351], [-1.120708, 46.135124], [-1.120777, 46.135128], [-1.120959, 46.135185], [-1.121702, 46.13545], [-1.123003, 46.135918], [-1.124238, 46.136444], [-1.124365, 46.136402], [-1.124465, 46.13644], [-1.124537, 46.136482], [-1.12458, 46.13654], [-1.124611, 46.13657], [-1.124657, 46.136604], [-1.124762, 46.136627], [-1.12486, 46.13663], [-1.12495, 46.136627], [-1.125037, 46.13665], [-1.125247, 46.136726], [-1.126017, 46.137005], [-1.126403, 46.137146], [-1.126788, 46.13728], [-1.127359, 46.13748], [-1.127641, 46.137585], [-1.127793, 46.13763], [-1.127941, 46.137733], [-1.128424, 46.137856], [-1.128902, 46.13803], [-1.129113, 46.138107], [-1.129349, 46.13819], [-1.129644, 46.138294], [-1.129939, 46.138397], [-1.130537, 46.13858], [-1.130904, 46.13872], [-1.131263, 46.138863], [-1.131441, 46.13897], [-1.131506, 46.139027], [-1.131561, 46.139107], [-1.131597, 46.13921], [-1.131607, 46.139313], [-1.131592, 46.139465], [-1.131584, 46.13954], [-1.131597, 46.139614], [-1.131609, 46.139668], [-1.131653, 46.13975], [-1.131718, 46.139828], [-1.131792, 46.139893], [-1.131913, 46.139957], [-1.132055, 46.140003], [-1.132239, 46.14003], [-1.132479, 46.140053], [-1.132687, 46.140053], [-1.133123, 46.140095], [-1.133568, 46.14014], [-1.133794, 46.140167], [-1.133902, 46.14019], [-1.13401, 46.14021], [-1.134515, 46.140247], [-1.134991, 46.14034], [-1.13522, 46.140316], [-1.135419, 46.140354], [-1.135612, 46.14041], [-1.1358, 46.14048], [-1.136807, 46.14084], [-1.137321, 46.14102], [-1.137578, 46.14111], [-1.137821, 46.141205], [-1.138763, 46.14152], [-1.138997, 46.141605], [-1.139088, 46.141647], [-1.139325, 46.14174], [-1.139483, 46.141838], [-1.139643, 46.14187], [-1.139742, 46.141926], [-1.139761, 46.14196], [-1.139772, 46.142002], [-1.139818, 46.142056], [-1.139874, 46.142082], [-1.139922, 46.142094], [-1.13997, 46.14209], [-1.14005, 46.142075], [-1.140116, 46.14206], [-1.140204, 46.14207], [-1.140307, 46.142105], [-1.1406, 46.142246], [-1.140741, 46.142323], [-1.140875, 46.142414], [-1.141045, 46.14261], [-1.141167, 46.14282], [-1.141236, 46.143024], [-1.141236, 46.143024], [-1.141471, 46.14341], [-1.14151, 46.14351], [-1.14169, 46.143898], [-1.141875, 46.14428], [-1.142234, 46.144917], [-1.142553, 46.145565], [-1.142552, 46.145676], [-1.142552, 46.145676], [-1.142768, 46.145973], [-1.142928, 46.146286], [-1.143084, 46.14659], [-1.143122, 46.146683], [-1.143143, 46.14683], [-1.143167, 46.14698], [-1.14323, 46.14742], [-1.143243, 46.14749], [-1.143267, 46.147682], [-1.143311, 46.147873], [-1.14338, 46.14805], [-1.1434, 46.14811], [-1.1435, 46.14827], [-1.14363, 46.14842], [-1.143852, 46.14862], [-1.143969, 46.148716], [-1.144089, 46.148815], [-1.144488, 46.149178], [-1.14472, 46.14942], [-1.14447, 46.14953], [-1.14429, 46.14962], [-1.14419, 46.14964], [-1.14396, 46.14969], [-1.14289, 46.15023], [-1.14279, 46.15033], [-1.14261, 46.15072], [-1.1419, 46.15099], [-1.14183, 46.1511], [-1.1417, 46.15142], [-1.14168, 46.15148], [-1.14155, 46.15161], [-1.141394, 46.151688], [-1.141394, 46.151688], [-1.14133, 46.15184], [-1.14132, 46.15183], [-1.1413, 46.15183], [-1.14125, 46.15183], [-1.14117, 46.15186], [-1.14114, 46.15192], [-1.1403, 46.15187], [-1.14018, 46.15184], [-1.13972, 46.15192], [-1.13965, 46.15188], [-1.1395, 46.15185], [-1.13934, 46.15186], [-1.13924, 46.1519], [-1.13914, 46.152], [-1.13912, 46.15212], [-1.13916, 46.15221], [-1.13924, 46.15227], [-1.13928, 46.15229], [-1.13936, 46.15245], [-1.13936, 46.15268], [-1.139336, 46.15282], [-1.139269, 46.15339], [-1.139255, 46.153687], [-1.139246, 46.153896], [-1.139243, 46.154102], [-1.139272, 46.15433], [-1.13934, 46.154564], [-1.139389, 46.154663], [-1.13948, 46.15481], [-1.13961, 46.154984], [-1.13976, 46.155144], [-1.139954, 46.1553], [-1.140171, 46.15544], [-1.140327, 46.15554], [-1.140501, 46.15563], [-1.140851, 46.15582], [-1.141271, 46.156044], [-1.141658, 46.156258], [-1.141963, 46.15642], [-1.142274, 46.15658], [-1.142869, 46.156902], [-1.143213, 46.15708], [-1.1434, 46.15718], [-1.144052, 46.15753], [-1.144533, 46.157784], [-1.144722, 46.15791], [-1.145441, 46.15843], [-1.145654, 46.158527], [-1.145799, 46.158604], [-1.145955, 46.158676], [-1.146104, 46.158752], [-1.14627, 46.15881], [-1.14644, 46.15887], [-1.146568, 46.158897], [-1.146709, 46.158916], [-1.14769, 46.159], [-1.14793, 46.159023], [-1.148324, 46.15905], [-1.148721, 46.15906], [-1.148975, 46.15906], [-1.149121, 46.15907], [-1.149318, 46.159042], [-1.149602, 46.158997], [-1.149668, 46.15895], [-1.149791, 46.158916], [-1.149831, 46.15889], [-1.149859, 46.158844], [-1.149906, 46.15881], [-1.149981, 46.15877], [-1.150055, 46.15873], [-1.150747, 46.158333], [-1.150911, 46.158222], [-1.151012, 46.158176], [-1.151143, 46.15816], [-1.1516, 46.15816], [-1.152056, 46.158157], [-1.152564, 46.158146], [-1.153071, 46.158123], [-1.153461, 46.158108], [-1.153613, 46.158062], [-1.153761, 46.15804], [-1.154002, 46.157974], [-1.154308, 46.15789], [-1.154451, 46.157856], [-1.154598, 46.15783], [-1.154728, 46.157818], [-1.154872, 46.157814], [-1.155065, 46.157825], [-1.155212, 46.157852], [-1.155415, 46.157883], [-1.155621, 46.157936], [-1.155985, 46.158035], [-1.156423, 46.15816], [-1.156514, 46.158188], [-1.156527, 46.158222], [-1.156374, 46.158665], [-1.156119, 46.159176], [-1.155806, 46.160076], [-1.155585, 46.160606], [-1.155512, 46.1607], [-1.155204, 46.161232], [-1.154737, 46.16205], [-1.1547, 46.1621], [-1.154671, 46.162113], [-1.154618, 46.16211], [-1.154161, 46.16205], [-1.153066, 46.161896], [-1.15299, 46.161922], [-1.15293, 46.161983], [-1.152918, 46.162064], [-1.152941, 46.162113], [-1.153955, 46.162277]]}}, {"type": "Feature", "properties": {"route_short_name": "N2", "route_long_name": "N2 Mireuil <> Place de Verdun (Nuit)", "shape_id": "CA_LA_ROCHELLE:JourneyPattern:N2_77F9ECED555E88144C371182A935CA84", "n_points": 147, "n_shape_variants_in_source": 4}, "geometry": {"type": "LineString", "coordinates": [[-1.153955, 46.162277], [-1.154318, 46.16233], [-1.154716, 46.16236], [-1.154878, 46.16233], [-1.155084, 46.162273], [-1.155233, 46.162247], [-1.155417, 46.162216], [-1.15574, 46.16223], [-1.158463, 46.16247], [-1.160313, 46.162674], [-1.160313, 46.162674], [-1.161861, 46.16279], [-1.162628, 46.162872], [-1.163389, 46.16295], [-1.164248, 46.163033], [-1.164677, 46.163082], [-1.165117, 46.163116], [-1.165157, 46.16314], [-1.165157, 46.16322], [-1.165126, 46.163315], [-1.165096, 46.163406], [-1.165053, 46.16358], [-1.164941, 46.163815], [-1.164591, 46.165043], [-1.164423, 46.165543], [-1.164163, 46.16623], [-1.164163, 46.16623], [-1.163908, 46.16713], [-1.163861, 46.167294], [-1.163843, 46.167343], [-1.163889, 46.16738], [-1.164043, 46.167397], [-1.164525, 46.16747], [-1.16495, 46.16752], [-1.165126, 46.167534], [-1.1653, 46.16753], [-1.16617, 46.16751], [-1.166398, 46.167515], [-1.166786, 46.167633], [-1.166913, 46.167686], [-1.166913, 46.167686], [-1.168093, 46.168037], [-1.16927, 46.1684], [-1.16948, 46.1685], [-1.16955, 46.16857], [-1.169577, 46.16864], [-1.169598, 46.1688], [-1.169622, 46.168896], [-1.169613, 46.16899], [-1.169754, 46.169273], [-1.169849, 46.169567], [-1.169898, 46.169605], [-1.169987, 46.169613], [-1.170532, 46.16944], [-1.171363, 46.169212], [-1.171585, 46.16911], [-1.171692, 46.169083], [-1.171791, 46.169067], [-1.171856, 46.169067], [-1.171907, 46.169075], [-1.171961, 46.169075], [-1.17203, 46.169064], [-1.172088, 46.16903], [-1.17212, 46.168987], [-1.172163, 46.168964], [-1.172212, 46.168922], [-1.172274, 46.1689], [-1.172399, 46.168846], [-1.172821, 46.168716], [-1.173074, 46.168636], [-1.174244, 46.168293], [-1.175957, 46.167725], [-1.176718, 46.167484], [-1.177404, 46.167263], [-1.177559, 46.16723], [-1.177783, 46.16724], [-1.178144, 46.167324], [-1.178144, 46.167324], [-1.17847, 46.167324], [-1.178899, 46.167374], [-1.179231, 46.167408], [-1.179368, 46.167465], [-1.179406, 46.167534], [-1.179461, 46.167564], [-1.179509, 46.167572], [-1.179571, 46.16756], [-1.17962, 46.16753], [-1.179658, 46.1675], [-1.17969, 46.167484], [-1.17977, 46.16747], [-1.180739, 46.16757], [-1.181047, 46.167633], [-1.181047, 46.167633], [-1.183071, 46.167812], [-1.185158, 46.168064], [-1.185158, 46.168064], [-1.186067, 46.168133], [-1.186731, 46.1682], [-1.186813, 46.168205], [-1.186826, 46.16824], [-1.18683, 46.16832], [-1.186877, 46.169212], [-1.186877, 46.169212], [-1.186945, 46.169437], [-1.186933, 46.169487], [-1.186886, 46.16949], [-1.185449, 46.169346], [-1.185318, 46.16933], [-1.18523, 46.16934], [-1.18515, 46.16942], [-1.18512, 46.16954], [-1.18504, 46.16979], [-1.18498, 46.16982], [-1.184819, 46.169827], [-1.18343, 46.16969], [-1.18343, 46.16969], [-1.183318, 46.16968], [-1.183252, 46.16969], [-1.183145, 46.16969], [-1.182571, 46.169632], [-1.180417, 46.1694], [-1.180305, 46.16938], [-1.18023, 46.1694], [-1.180193, 46.169476], [-1.180127, 46.16973], [-1.179986, 46.170204], [-1.179986, 46.170204], [-1.179752, 46.171253], [-1.179578, 46.172207], [-1.179396, 46.173153], [-1.179351, 46.173424], [-1.179296, 46.173622], [-1.179299, 46.173725], [-1.179275, 46.17384], [-1.17925, 46.173935], [-1.17923, 46.173977], [-1.179268, 46.17401], [-1.179321, 46.174007], [-1.179404, 46.174015], [-1.179518, 46.174026], [-1.179644, 46.174046], [-1.179733, 46.174053], [-1.179787, 46.17401], [-1.179804, 46.17393], [-1.179757, 46.173874], [-1.179642, 46.173805], [-1.179458, 46.173668]]}}, {"type": "Feature", "properties": {"route_short_name": "N22", "route_long_name": "N2 Villeneuve <> Place de Verdun (Nuit)", "shape_id": "CA_LA_ROCHELLE:JourneyPattern:N22_D35C9DDCB63917659211ABB37608C699", "n_points": 217, "n_shape_variants_in_source": 3}, "geometry": {"type": "LineString", "coordinates": [[-1.153116, 46.162003], [-1.152975, 46.16198], [-1.152952, 46.16193], [-1.152947, 46.16187], [-1.152916, 46.16183], [-1.152865, 46.161785], [-1.152838, 46.16173], [-1.15287, 46.16161], [-1.152976, 46.1614], [-1.153074, 46.161186], [-1.153248, 46.160786], [-1.153272, 46.16072], [-1.153428, 46.160313], [-1.153431, 46.160267], [-1.153405, 46.160236], [-1.152872, 46.160126], [-1.1528718, 46.160126], [-1.15287, 46.16015], [-1.152463, 46.1601], [-1.151837, 46.160007], [-1.151475, 46.1599], [-1.151341, 46.15988], [-1.150807, 46.159737], [-1.150697, 46.159683], [-1.150622, 46.159634], [-1.150413, 46.159542], [-1.150233, 46.159454], [-1.150167, 46.1594], [-1.150105, 46.15933], [-1.150027, 46.159172], [-1.149944, 46.159], [-1.149853, 46.15882], [-1.149759, 46.15864], [-1.149681, 46.15856], [-1.149649, 46.15853], [-1.149573, 46.158535], [-1.14936, 46.1586], [-1.149105, 46.158627], [-1.14885, 46.15864], [-1.148358, 46.158638], [-1.148355, 46.158592], [-1.147, 46.15863], [-1.14641, 46.15857], [-1.14595, 46.15846], [-1.145427, 46.158176], [-1.145037, 46.15801], [-1.144587, 46.157776], [-1.144061, 46.157513], [-1.143379, 46.157135], [-1.143234, 46.15706], [-1.142961, 46.156918], [-1.142685, 46.156773], [-1.14222, 46.15653], [-1.141871, 46.156345], [-1.141536, 46.156162], [-1.141177, 46.155968], [-1.140814, 46.15577], [-1.140305, 46.155495], [-1.140217, 46.155445], [-1.140143, 46.155396], [-1.139949, 46.15526], [-1.139783, 46.155117], [-1.139674, 46.155003], [-1.139567, 46.15487], [-1.139485, 46.15475], [-1.139395, 46.154575], [-1.139365, 46.15452], [-1.139308, 46.154316], [-1.139278, 46.154087], [-1.13928, 46.15386], [-1.139289, 46.15365], [-1.13932, 46.153275], [-1.139491, 46.152657], [-1.139491, 46.152657], [-1.139495, 46.15249], [-1.139511, 46.152416], [-1.139531, 46.15236], [-1.139592, 46.152344], [-1.13965, 46.15232], [-1.139729, 46.15229], [-1.139776, 46.152252], [-1.139816, 46.152203], [-1.139836, 46.15213], [-1.139837, 46.152058], [-1.139812, 46.151997], [-1.139771, 46.15194], [-1.139698, 46.15188], [-1.139604, 46.15185], [-1.139503, 46.15183], [-1.139411, 46.15183], [-1.13932, 46.151855], [-1.139238, 46.151882], [-1.139154, 46.1519], [-1.139028, 46.1519], [-1.138884, 46.15187], [-1.138551, 46.151802], [-1.138229, 46.151737], [-1.138055, 46.151714], [-1.137888, 46.151726], [-1.137766, 46.15175], [-1.137648, 46.151783], [-1.137496, 46.15185], [-1.137382, 46.151928], [-1.137294, 46.15202], [-1.137222, 46.15216], [-1.137174, 46.152298], [-1.137042, 46.15261], [-1.136926, 46.152927], [-1.13658, 46.153873], [-1.136519, 46.154022], [-1.136445, 46.154175], [-1.13634, 46.15435], [-1.136052, 46.15471], [-1.135861, 46.15491], [-1.135637, 46.155067], [-1.135417, 46.155228], [-1.135235, 46.155334], [-1.134961, 46.155476], [-1.134672, 46.155563], [-1.134441, 46.15569], [-1.134109, 46.155792], [-1.133731, 46.155876], [-1.132975, 46.155975], [-1.132806, 46.155987], [-1.132196, 46.156048], [-1.130952, 46.156143], [-1.130844, 46.15614], [-1.130794, 46.156075], [-1.130805, 46.15595], [-1.130967, 46.155468], [-1.131075, 46.155273], [-1.131075, 46.155273], [-1.131253, 46.154625], [-1.13147, 46.153973], [-1.131656, 46.153423], [-1.131667, 46.153378], [-1.13166, 46.15333], [-1.131598, 46.15329], [-1.130997, 46.15315], [-1.130997, 46.15315], [-1.130689, 46.153137], [-1.130596, 46.153145], [-1.130503, 46.15317], [-1.13031, 46.15333], [-1.13022, 46.15336], [-1.13011, 46.153366], [-1.13, 46.153343], [-1.12934, 46.15324], [-1.129181, 46.15325], [-1.12904, 46.15329], [-1.128975, 46.1533], [-1.12891, 46.15329], [-1.126605, 46.15285], [-1.126605, 46.15285], [-1.126513, 46.152878], [-1.126453, 46.152847], [-1.126381, 46.152786], [-1.126319, 46.152756], [-1.126253, 46.152733], [-1.125861, 46.152668], [-1.125477, 46.152607], [-1.125387, 46.152584], [-1.125331, 46.15253], [-1.125277, 46.152435], [-1.125239, 46.15232], [-1.125179, 46.15226], [-1.12509, 46.15223], [-1.124908, 46.152195], [-1.124471, 46.152122], [-1.124023, 46.15205], [-1.123744, 46.151978], [-1.123744, 46.151978], [-1.12307, 46.1519], [-1.122958, 46.15189], [-1.122851, 46.15192], [-1.12265, 46.15206], [-1.12249, 46.15211], [-1.122379, 46.152103], [-1.122251, 46.152084], [-1.121971, 46.15203], [-1.121677, 46.151943], [-1.121525, 46.151962], [-1.121426, 46.15195], [-1.12133, 46.151962], [-1.121131, 46.152004], [-1.120875, 46.151978], [-1.120615, 46.151928], [-1.120065, 46.151844], [-1.119111, 46.151688], [-1.119009, 46.151653], [-1.118921, 46.1516], [-1.118858, 46.15156], [-1.118783, 46.151527], [-1.118645, 46.1515], [-1.118447, 46.151463], [-1.117883, 46.151333], [-1.117782, 46.15135], [-1.117691, 46.151325], [-1.11762, 46.15128], [-1.117577, 46.15117], [-1.117558, 46.151108], [-1.117534, 46.151066], [-1.11748, 46.15102], [-1.117418, 46.15098], [-1.116979, 46.1509], [-1.116534, 46.150833], [-1.116012, 46.15075], [-1.115899, 46.150745], [-1.115812, 46.150776], [-1.115773, 46.150806], [-1.115751, 46.15085], [-1.115737, 46.150883], [-1.115747, 46.150917], [-1.115813, 46.150967], [-1.115897, 46.15099], [-1.115984, 46.150978], [-1.116269, 46.150887]]}}, {"type": "Feature", "properties": {"route_short_name": "N3", "route_long_name": "N3 Lagord P+R Greffi\u00e8res <> Place de Verdun (Nuit)", "shape_id": "CA_LA_ROCHELLE:JourneyPattern:N3_F86A80892B62570C6AD4AC26E7F37636", "n_points": 185, "n_shape_variants_in_source": 2}, "geometry": {"type": "LineString", "coordinates": [[-1.146408, 46.192226], [-1.1463, 46.192207], [-1.146242, 46.192207], [-1.146214, 46.19225], [-1.146211, 46.19229], [-1.146229, 46.19233], [-1.146256, 46.192352], [-1.146299, 46.192368], [-1.146388, 46.192364], [-1.146564, 46.19235], [-1.146724, 46.19236], [-1.146951, 46.19242], [-1.147007, 46.19243], [-1.147065, 46.192417], [-1.147113, 46.192406], [-1.147155, 46.19238], [-1.147199, 46.19235], [-1.147224, 46.192307], [-1.147242, 46.19225], [-1.147227, 46.19205], [-1.147222, 46.191925], [-1.147241, 46.191875], [-1.147295, 46.191833], [-1.147395, 46.19181], [-1.147448, 46.191814], [-1.147504, 46.191795], [-1.147547, 46.19175], [-1.147547, 46.191715], [-1.147536, 46.191685], [-1.147498, 46.191647], [-1.14745, 46.19163], [-1.147412, 46.191624], [-1.147399, 46.1916], [-1.147372, 46.19157], [-1.147263, 46.19139], [-1.147263, 46.19139], [-1.14713, 46.19122], [-1.14707, 46.19108], [-1.14707, 46.19097], [-1.14712, 46.19089], [-1.14716, 46.19087], [-1.14729, 46.19077], [-1.14738, 46.19063], [-1.14738, 46.19051], [-1.14734, 46.19041], [-1.147343, 46.190308], [-1.147361, 46.19021], [-1.147447, 46.190083], [-1.147736, 46.189842], [-1.150161, 46.187126], [-1.151461, 46.185852], [-1.151461, 46.185852], [-1.151618, 46.185577], [-1.151828, 46.185314], [-1.151967, 46.1851], [-1.152092, 46.184875], [-1.152194, 46.184624], [-1.152276, 46.184364], [-1.152336, 46.184097], [-1.152432, 46.18353], [-1.15251, 46.18309], [-1.152672, 46.182426], [-1.152723, 46.18188], [-1.152816, 46.181324], [-1.152922, 46.180687], [-1.152963, 46.18051], [-1.153031, 46.180435], [-1.15311, 46.180412], [-1.153243, 46.18035], [-1.15336, 46.180252], [-1.153421, 46.18012], [-1.153433, 46.179947], [-1.153415, 46.179832], [-1.153332, 46.17956], [-1.153296, 46.17943], [-1.153275, 46.179363], [-1.153227, 46.179302], [-1.153139, 46.17925], [-1.15305, 46.17922], [-1.15291, 46.17918], [-1.15283, 46.17916], [-1.15272, 46.17911], [-1.15262, 46.179], [-1.152593, 46.178864], [-1.1526, 46.17856], [-1.152632, 46.17843], [-1.152694, 46.17839], [-1.15278, 46.178345], [-1.152843, 46.17827], [-1.152868, 46.178185], [-1.152839, 46.178097], [-1.152767, 46.17801], [-1.152722, 46.17792], [-1.152726, 46.17775], [-1.152693, 46.17761], [-1.152551, 46.177418], [-1.15238, 46.177242], [-1.152209, 46.17709], [-1.152087, 46.177006], [-1.151811, 46.176826], [-1.15148, 46.17668], [-1.15127, 46.17652], [-1.151137, 46.176395], [-1.151064, 46.176315], [-1.151004, 46.176224], [-1.15094, 46.17609], [-1.15087, 46.1759], [-1.150727, 46.175545], [-1.150614, 46.175186], [-1.150548, 46.174828], [-1.15051, 46.174454], [-1.150505, 46.173798], [-1.150541, 46.17299], [-1.150541, 46.17299], [-1.1505, 46.17257], [-1.150495, 46.17216], [-1.150486, 46.17136], [-1.150495, 46.17117], [-1.150516, 46.17103], [-1.150562, 46.170906], [-1.150669, 46.1707], [-1.15081, 46.170498], [-1.151013, 46.170284], [-1.151172, 46.17014], [-1.151317, 46.17002], [-1.151419, 46.169987], [-1.151501, 46.169964], [-1.151601, 46.169937], [-1.151734, 46.169914], [-1.151864, 46.169857], [-1.151962, 46.16977], [-1.152, 46.169655], [-1.152008, 46.169598], [-1.151993, 46.169476], [-1.151984, 46.169403], [-1.151997, 46.169327], [-1.152058, 46.16918], [-1.152173, 46.16901], [-1.152261, 46.168945], [-1.152261, 46.168945], [-1.152305, 46.168804], [-1.152578, 46.16837], [-1.152798, 46.167934], [-1.152905, 46.167686], [-1.153017, 46.167435], [-1.153133, 46.167194], [-1.153244, 46.167007], [-1.153298, 46.16687], [-1.153313, 46.166718], [-1.153312, 46.166634], [-1.15332, 46.166553], [-1.153339, 46.16645], [-1.153393, 46.16635], [-1.15346, 46.16628], [-1.153769, 46.166023], [-1.153769, 46.166023], [-1.154251, 46.16556], [-1.154318, 46.165516], [-1.154402, 46.16551], [-1.154606, 46.1655], [-1.154741, 46.165485], [-1.154825, 46.165462], [-1.154897, 46.16543], [-1.155018, 46.165375], [-1.155555, 46.16504], [-1.155649, 46.164963], [-1.155676, 46.16487], [-1.155686, 46.16472], [-1.155713, 46.164536], [-1.155331, 46.163296], [-1.155236, 46.163116], [-1.155137, 46.162933], [-1.155116, 46.162865], [-1.155114, 46.162792], [-1.155151, 46.162666], [-1.155225, 46.162464], [-1.155204, 46.162376], [-1.155057, 46.16224], [-1.154964, 46.16221], [-1.154794, 46.1622], [-1.154599, 46.16222], [-1.154119, 46.16215], [-1.153644, 46.16209], [-1.153121, 46.16201], [-1.153116, 46.162003]]}}, {"type": "Feature", "properties": {"route_short_name": "N34", "route_long_name": "N3 Les Minimes <> Place de Verdun (Nuit)", "shape_id": "CA_LA_ROCHELLE:JourneyPattern:N34_9C7150C51A202EB6D6073F604037E44A", "n_points": 237, "n_shape_variants_in_source": 3}, "geometry": {"type": "LineString", "coordinates": [[-1.168872, 46.13996], [-1.168911, 46.139835], [-1.168928, 46.13976], [-1.168936, 46.1397], [-1.168901, 46.139626], [-1.168167, 46.139133], [-1.167919, 46.138992], [-1.167827, 46.13897], [-1.167718, 46.138973], [-1.16742, 46.13904], [-1.166407, 46.139248], [-1.165886, 46.139355], [-1.165886, 46.139355], [-1.165422, 46.139458], [-1.165296, 46.13949], [-1.165211, 46.13951], [-1.16516, 46.13954], [-1.165105, 46.139683], [-1.165058, 46.13982], [-1.165011, 46.139954], [-1.164983, 46.14005], [-1.164944, 46.140102], [-1.164865, 46.1402], [-1.164824, 46.140247], [-1.164757, 46.14028], [-1.16389, 46.14047], [-1.16178, 46.14091], [-1.16178, 46.14091], [-1.159194, 46.141457], [-1.15883, 46.14155], [-1.15848, 46.14156], [-1.158264, 46.141552], [-1.15814, 46.141518], [-1.15805, 46.14149], [-1.15792, 46.14148], [-1.157785, 46.14148], [-1.15767, 46.141502], [-1.157555, 46.141552], [-1.157461, 46.141632], [-1.157405, 46.141685], [-1.157328, 46.14177], [-1.157215, 46.14186], [-1.157148, 46.141895], [-1.157102, 46.14194], [-1.157078, 46.141983], [-1.157081, 46.142036], [-1.157086, 46.142105], [-1.157102, 46.142223], [-1.157066, 46.142334], [-1.156744, 46.14327], [-1.156744, 46.14327], [-1.1567, 46.14347], [-1.156634, 46.14366], [-1.156501, 46.144043], [-1.156472, 46.144176], [-1.156478, 46.144226], [-1.156496, 46.144306], [-1.156578, 46.144558], [-1.156592, 46.144688], [-1.156587, 46.144764], [-1.156552, 46.144833], [-1.156489, 46.14491], [-1.1564, 46.14498], [-1.156285, 46.14504], [-1.156135, 46.145092], [-1.155323, 46.145367], [-1.154955, 46.145485], [-1.154629, 46.14559], [-1.154574, 46.145615], [-1.154523, 46.145653], [-1.154466, 46.145718], [-1.154448, 46.145763], [-1.154441, 46.145824], [-1.154408, 46.145935], [-1.154408, 46.145935], [-1.15443, 46.1464], [-1.154416, 46.146843], [-1.154382, 46.14773], [-1.154376, 46.147896], [-1.154376, 46.147984], [-1.154356, 46.14807], [-1.154322, 46.148144], [-1.154262, 46.148205], [-1.154206, 46.14824], [-1.154153, 46.148262], [-1.154027, 46.148285], [-1.153702, 46.148308], [-1.153702, 46.148308], [-1.153327, 46.14839], [-1.153053, 46.148438], [-1.152922, 46.148468], [-1.152794, 46.148514], [-1.152672, 46.14856], [-1.152192, 46.148754], [-1.151914, 46.14886], [-1.151758, 46.148907], [-1.151599, 46.14893], [-1.151329, 46.14893], [-1.151246, 46.148937], [-1.151188, 46.148952], [-1.151144, 46.14897], [-1.151114, 46.149002], [-1.151039, 46.14917], [-1.150924, 46.149426], [-1.150853, 46.149483], [-1.150784, 46.149506], [-1.150661, 46.149525], [-1.150502, 46.1495], [-1.15036, 46.149536], [-1.150234, 46.149612], [-1.150158, 46.14967], [-1.15011, 46.14973], [-1.15009, 46.14979], [-1.150079, 46.149853], [-1.150078, 46.150085], [-1.150082, 46.150555], [-1.150091, 46.15148], [-1.15009, 46.152378], [-1.150058, 46.15272], [-1.150058, 46.15272], [-1.150095, 46.15282], [-1.15008, 46.152866], [-1.150046, 46.152916], [-1.149989, 46.152943], [-1.149915, 46.152954], [-1.149821, 46.152966], [-1.149656, 46.15297], [-1.149215, 46.15298], [-1.149013, 46.152973], [-1.148924, 46.152985], [-1.148865, 46.152985], [-1.148801, 46.152992], [-1.148761, 46.152973], [-1.148754, 46.15294], [-1.148739, 46.152866], [-1.148698, 46.152725], [-1.14865, 46.15261], [-1.14861, 46.15252], [-1.14858, 46.15247], [-1.148469, 46.152287], [-1.148366, 46.152203], [-1.148336, 46.15217], [-1.148329, 46.152145], [-1.148321, 46.15211], [-1.148287, 46.152073], [-1.14822, 46.15204], [-1.14813, 46.15204], [-1.14808, 46.152058], [-1.14806, 46.15208], [-1.14804, 46.15211], [-1.148017, 46.152157], [-1.14796, 46.15221], [-1.147887, 46.152267], [-1.147797, 46.152313], [-1.147587, 46.15244], [-1.147376, 46.15256], [-1.147182, 46.15267], [-1.14697, 46.15278], [-1.146212, 46.153255], [-1.146178, 46.15331], [-1.146189, 46.15335], [-1.146217, 46.15339], [-1.146401, 46.15352], [-1.146658, 46.153763], [-1.14689, 46.153908], [-1.147025, 46.15402], [-1.14717, 46.15415], [-1.147639, 46.15452], [-1.14832, 46.15506], [-1.14871, 46.15539], [-1.149186, 46.155792], [-1.149325, 46.155876], [-1.149383, 46.155926], [-1.149411, 46.15599], [-1.14957, 46.15642], [-1.149701, 46.15671], [-1.149915, 46.157024], [-1.150219, 46.157475], [-1.150438, 46.1578], [-1.150494, 46.157955], [-1.150555, 46.157978], [-1.150576, 46.158012], [-1.150565, 46.158047], [-1.150522, 46.158092], [-1.150055, 46.158306], [-1.149743, 46.15846], [-1.149701, 46.15848], [-1.149493, 46.15857], [-1.149236, 46.158615], [-1.14904, 46.15863], [-1.147812, 46.158638], [-1.147731, 46.158665], [-1.147693, 46.158733], [-1.147663, 46.158985], [-1.147648, 46.159092], [-1.147467, 46.1596], [-1.147325, 46.15998], [-1.147247, 46.16022], [-1.147202, 46.16021], [-1.146913, 46.161133], [-1.14646, 46.16237], [-1.146372, 46.162655], [-1.146312, 46.162827], [-1.146254, 46.16292], [-1.146158, 46.16298], [-1.145855, 46.163067], [-1.145788, 46.163113], [-1.145749, 46.163143], [-1.145761, 46.16318], [-1.145805, 46.16321], [-1.14606, 46.16337], [-1.146175, 46.163456], [-1.146313, 46.163532], [-1.146834, 46.163784], [-1.147158, 46.163902], [-1.147483, 46.16401], [-1.147733, 46.164085], [-1.14829, 46.16418], [-1.14889, 46.16427], [-1.150219, 46.164528], [-1.150457, 46.16456], [-1.151479, 46.16469], [-1.151554, 46.1647], [-1.151585, 46.164692], [-1.151617, 46.16467], [-1.151642, 46.164604], [-1.151791, 46.164257], [-1.152007, 46.163677], [-1.15224, 46.163124], [-1.152571, 46.162277], [-1.152649, 46.16214], [-1.152677, 46.16209], [-1.152711, 46.16206], [-1.152774, 46.162052], [-1.152845, 46.162067], [-1.153163, 46.162155], [-1.15465, 46.1624]]}}, {"type": "Feature", "properties": {"route_short_name": "NCV", "route_long_name": "Navette Coeur de Ville", "shape_id": "CA_LA_ROCHELLE:JourneyPattern:NCV_DCF64FB536E1F346B855FFAD3278A781", "n_points": 228, "n_shape_variants_in_source": 1}, "geometry": {"type": "LineString", "coordinates": [[-1.15283, 46.161957], [-1.152834, 46.162025], [-1.152792, 46.16205], [-1.152748, 46.162064], [-1.152672, 46.162083], [-1.152638, 46.16212], [-1.152614, 46.162155], [-1.15258, 46.16222], [-1.152475, 46.16247], [-1.152356, 46.16275], [-1.152329, 46.16281], [-1.152239, 46.163033], [-1.152225, 46.163067], [-1.152241, 46.163097], [-1.152309, 46.163113], [-1.152397, 46.163124], [-1.153007, 46.16324], [-1.153295, 46.163284], [-1.153614, 46.16335], [-1.154081, 46.16344], [-1.154444, 46.16351], [-1.154592, 46.163532], [-1.15467, 46.163548], [-1.154673, 46.1636], [-1.154625, 46.163685], [-1.154466, 46.164043], [-1.154466, 46.164043], [-1.154472, 46.164093], [-1.154421, 46.164097], [-1.1543, 46.16407], [-1.15421, 46.164043], [-1.15375, 46.163948], [-1.152733, 46.163757], [-1.152326, 46.163685], [-1.152148, 46.163654], [-1.152067, 46.163635], [-1.152046, 46.163605], [-1.152138, 46.16339], [-1.152215, 46.163177], [-1.152382, 46.162758], [-1.152504, 46.162487], [-1.152623, 46.16222], [-1.152772, 46.16195], [-1.152772, 46.16195], [-1.15284, 46.16176], [-1.15286, 46.16167], [-1.15286, 46.16163], [-1.152818, 46.161606], [-1.152358, 46.16154], [-1.151901, 46.161488], [-1.150963, 46.161385], [-1.150794, 46.161366], [-1.150477, 46.161263], [-1.150417, 46.161266], [-1.150406, 46.161236], [-1.15079, 46.16076], [-1.150959, 46.160534], [-1.15112, 46.160305], [-1.151311, 46.16003], [-1.151399, 46.15994], [-1.151399, 46.15994], [-1.15137, 46.159904], [-1.151328, 46.159878], [-1.151004, 46.159794], [-1.150835, 46.159744], [-1.150727, 46.159706], [-1.150643, 46.159645], [-1.150306, 46.159496], [-1.150233, 46.15945], [-1.150174, 46.159405], [-1.150125, 46.15935], [-1.15008, 46.159294], [-1.149948, 46.159016], [-1.149874, 46.15887], [-1.14988, 46.158825], [-1.150113, 46.1587], [-1.150368, 46.158558], [-1.150522, 46.158493], [-1.150711, 46.158432], [-1.150769, 46.158348], [-1.150824, 46.158302], [-1.150869, 46.158253], [-1.150873, 46.158207], [-1.150857, 46.158165], [-1.150821, 46.15814], [-1.150769, 46.15812], [-1.15068, 46.158073], [-1.150643, 46.15803], [-1.150613, 46.15799], [-1.150513, 46.15784], [-1.150252, 46.15746], [-1.149992, 46.157078], [-1.149745, 46.15672], [-1.149606, 46.156406], [-1.149511, 46.156197], [-1.149498, 46.156067], [-1.149469, 46.155968], [-1.149392, 46.155884], [-1.149298, 46.155804], [-1.149138, 46.155685], [-1.149002, 46.155537], [-1.14889, 46.155476], [-1.148824, 46.155426], [-1.14877, 46.15539], [-1.148719, 46.155388], [-1.148674, 46.155403], [-1.148441, 46.15556], [-1.148419, 46.1556], [-1.14843, 46.15564], [-1.148532, 46.15585], [-1.148606, 46.15602], [-1.14863, 46.15606], [-1.148679, 46.15608], [-1.148754, 46.156086], [-1.148824, 46.15608], [-1.148878, 46.156097], [-1.148897, 46.156174], [-1.148957, 46.156387], [-1.148992, 46.15649], [-1.149025, 46.156593], [-1.149085, 46.156727], [-1.149068, 46.156773], [-1.149057, 46.156834], [-1.148983, 46.156918], [-1.148992, 46.157135], [-1.14896, 46.15736], [-1.14888, 46.15789], [-1.148877, 46.15797], [-1.14892, 46.15804], [-1.14901, 46.15812], [-1.149413, 46.158375], [-1.149543, 46.15846], [-1.149578, 46.15849], [-1.149572, 46.15854], [-1.149502, 46.15857], [-1.14923, 46.15861], [-1.14904, 46.15863], [-1.148355, 46.158592], [-1.148057, 46.158634], [-1.147679, 46.15864], [-1.147124, 46.158638], [-1.147, 46.15863], [-1.146852, 46.158623], [-1.146631, 46.158604], [-1.14641, 46.15857], [-1.146177, 46.15852], [-1.14595, 46.15846], [-1.145733, 46.158367], [-1.145528, 46.158283], [-1.145277, 46.158157], [-1.145127, 46.158096], [-1.145039, 46.15809], [-1.144949, 46.158096], [-1.144861, 46.1581], [-1.144776, 46.158127], [-1.144699, 46.15816], [-1.14457, 46.15823], [-1.144533, 46.158283], [-1.144525, 46.158337], [-1.144551, 46.158363], [-1.144807, 46.158405], [-1.145322, 46.158527], [-1.14574, 46.15858], [-1.145994, 46.158703], [-1.14627, 46.15881], [-1.146507, 46.15889], [-1.146715, 46.15892], [-1.147275, 46.158966], [-1.14783, 46.15901], [-1.148065, 46.15905], [-1.148342, 46.159058], [-1.148799, 46.15906], [-1.149036, 46.159065], [-1.149324, 46.159035], [-1.149454, 46.159008], [-1.149602, 46.158997], [-1.149668, 46.15895], [-1.149791, 46.158916], [-1.149831, 46.15889], [-1.149859, 46.158844], [-1.149906, 46.15881], [-1.149981, 46.15877], [-1.150055, 46.15873], [-1.150747, 46.158333], [-1.150911, 46.158222], [-1.151012, 46.158176], [-1.151143, 46.15816], [-1.1516, 46.15816], [-1.152056, 46.158157], [-1.152564, 46.158146], [-1.153071, 46.158123], [-1.153461, 46.158108], [-1.153613, 46.158062], [-1.153761, 46.15804], [-1.154002, 46.157974], [-1.154308, 46.15789], [-1.154451, 46.157856], [-1.154598, 46.15783], [-1.154728, 46.157818], [-1.154872, 46.157814], [-1.155065, 46.157825], [-1.155212, 46.157852], [-1.155415, 46.157883], [-1.155621, 46.157936], [-1.155985, 46.158035], [-1.156423, 46.15816], [-1.156514, 46.158188], [-1.156527, 46.158222], [-1.156374, 46.158665], [-1.156119, 46.159176], [-1.155813, 46.16007], [-1.155787, 46.16016], [-1.155704, 46.16037], [-1.155608, 46.160583], [-1.15555, 46.160645], [-1.155504, 46.16073], [-1.155347, 46.161007], [-1.155277, 46.161087], [-1.1552, 46.16123], [-1.154747, 46.162037], [-1.154725, 46.16209], [-1.154673, 46.162117], [-1.154595, 46.16211], [-1.15358, 46.16195], [-1.153017, 46.16187], [-1.152948, 46.161873], [-1.152896, 46.161892], [-1.15283, 46.161957]]}}, {"type": "Feature", "properties": {"route_short_name": "PASSEUR", "route_long_name": "Le Passeur", "shape_id": "CA_LA_ROCHELLE:JourneyPattern:PASSEUR_1C71DEAC8388EC7116835282BCAC6744", "n_points": 2, "n_shape_variants_in_source": 2}, "geometry": {"type": "LineString", "coordinates": [[-1.154029, 46.156185], [-1.15437, 46.154182]]}}, {"type": "Feature", "properties": {"route_short_name": "R1", "route_long_name": "Stade Rochelais <> Belv\u00e9d\u00e8re", "shape_id": "CA_LA_ROCHELLE:JourneyPattern:R1_50273A02E708C372E414B3144D051AB4", "n_points": 172, "n_shape_variants_in_source": 2}, "geometry": {"type": "LineString", "coordinates": [[-1.179567, 46.161552], [-1.17915, 46.16162], [-1.17897, 46.16159], [-1.17896, 46.16158], [-1.17896, 46.16156], [-1.17894, 46.16154], [-1.17887, 46.16153], [-1.1788, 46.16154], [-1.17877, 46.16156], [-1.17855, 46.16157], [-1.17801, 46.16155], [-1.17666, 46.16138], [-1.17627, 46.16137], [-1.17625, 46.16136], [-1.17618, 46.16135], [-1.17607, 46.16138], [-1.17602, 46.16145], [-1.17607, 46.16153], [-1.17613, 46.16171], [-1.17619, 46.16189], [-1.17618, 46.16195], [-1.17618, 46.16217], [-1.17615, 46.16284], [-1.17609, 46.16392], [-1.17608, 46.16401], [-1.17599, 46.16418], [-1.17572, 46.16418], [-1.1757, 46.16418], [-1.17569, 46.16418], [-1.17566, 46.16419], [-1.17563, 46.1642], [-1.1756, 46.16424], [-1.17561, 46.16429], [-1.17566, 46.16433], [-1.17608, 46.16436], [-1.17615, 46.16433], [-1.17617, 46.16431], [-1.17618, 46.1643], [-1.17628, 46.16423], [-1.17673, 46.16427], [-1.17793, 46.16448], [-1.17882, 46.16461], [-1.17923, 46.16462], [-1.17999, 46.16461], [-1.181133, 46.164623], [-1.18136, 46.16457], [-1.18142, 46.16459], [-1.18174, 46.16459], [-1.18175, 46.1646], [-1.18177, 46.16462], [-1.18184, 46.16463], [-1.18191, 46.16462], [-1.18192, 46.16461], [-1.18229, 46.16465], [-1.18305, 46.16479], [-1.18339, 46.16491], [-1.18341, 46.16492], [-1.18342, 46.16493], [-1.18345, 46.16494], [-1.18352, 46.16492], [-1.18354, 46.1649], [-1.18372, 46.16488], [-1.18405, 46.1649], [-1.18456, 46.16497], [-1.18553, 46.16517], [-1.18743, 46.16559], [-1.18809, 46.16569], [-1.18813, 46.16573], [-1.18821, 46.16574], [-1.18827, 46.16571], [-1.18829, 46.16566], [-1.18854, 46.16555], [-1.18893, 46.16552], [-1.1906, 46.16536], [-1.19197, 46.16523], [-1.19233, 46.1652], [-1.19377, 46.16507], [-1.19495, 46.16496], [-1.19568, 46.16486], [-1.19751, 46.16469], [-1.19766, 46.16468], [-1.19769, 46.16468], [-1.19773, 46.16468], [-1.19775, 46.16467], [-1.198, 46.16466], [-1.1983, 46.16462], [-1.198388, 46.164654], [-1.20135, 46.16434], [-1.204575, 46.16416], [-1.20743, 46.16394], [-1.21052, 46.16375], [-1.216441, 46.163406], [-1.216441, 46.163406], [-1.21802, 46.16326], [-1.21815, 46.16326], [-1.21827, 46.16331], [-1.21831, 46.16336], [-1.21778, 46.16394], [-1.21715, 46.16463], [-1.2165, 46.16534], [-1.21615, 46.16566], [-1.21591, 46.16586], [-1.21572, 46.16599], [-1.21545, 46.16613], [-1.21464, 46.16649], [-1.21403, 46.16674], [-1.21367, 46.16691], [-1.21295, 46.16742], [-1.21249, 46.16779], [-1.212393, 46.167854], [-1.21239, 46.167892], [-1.212411, 46.167915], [-1.212479, 46.167946], [-1.212531, 46.167995], [-1.21257, 46.168076], [-1.21264, 46.1683], [-1.21269, 46.16861], [-1.21282, 46.17031], [-1.212893, 46.17157], [-1.212863, 46.17169], [-1.212811, 46.17177], [-1.212703, 46.171856], [-1.212621, 46.17191], [-1.212595, 46.171947], [-1.21258, 46.171993], [-1.212591, 46.17204], [-1.212613, 46.17208], [-1.212666, 46.17211], [-1.212737, 46.172134], [-1.212821, 46.17214], [-1.212943, 46.172108], [-1.213033, 46.172047], [-1.213153, 46.172028], [-1.213412, 46.172024], [-1.213627, 46.172024], [-1.21385, 46.17204], [-1.21495, 46.17221], [-1.21549, 46.1723], [-1.216516, 46.17246], [-1.216761, 46.1725], [-1.2169, 46.17253], [-1.21708, 46.17258], [-1.21724, 46.17266], [-1.217325, 46.172718], [-1.21736, 46.17275], [-1.21738, 46.1728], [-1.21744, 46.17289], [-1.217503, 46.172947], [-1.2176, 46.17299], [-1.217676, 46.17301], [-1.21776, 46.17302], [-1.217868, 46.17301], [-1.21797, 46.173], [-1.218062, 46.172962], [-1.218137, 46.17291], [-1.2182, 46.17287], [-1.218327, 46.172832], [-1.21847, 46.17282], [-1.218684, 46.172832], [-1.218883, 46.17286], [-1.219037, 46.172916], [-1.219143, 46.172997], [-1.21924, 46.17312], [-1.219399, 46.173653], [-1.219391, 46.17374], [-1.219363, 46.17381], [-1.219312, 46.173855], [-1.21926, 46.17389], [-1.21916, 46.17395], [-1.219039, 46.173965], [-1.218915, 46.173958], [-1.218236, 46.173973]]}}, {"type": "Feature", "properties": {"route_short_name": "R2", "route_long_name": "Stade Rochelais <> P+R Les Greffi\u00e8res", "shape_id": "CA_LA_ROCHELLE:JourneyPattern:R2_8651AA9F755632AE645CCADE647BF405", "n_points": 194, "n_shape_variants_in_source": 2}, "geometry": {"type": "LineString", "coordinates": [[-1.146408, 46.192226], [-1.146258, 46.192204], [-1.146184, 46.19228], [-1.146191, 46.192337], [-1.146256, 46.192368], [-1.146645, 46.19234], [-1.146989, 46.192406], [-1.147067, 46.192398], [-1.147128, 46.192368], [-1.147226, 46.19233], [-1.147252, 46.192287], [-1.147225, 46.19225], [-1.147256, 46.192142], [-1.147314, 46.191963], [-1.147329, 46.19186], [-1.147389, 46.1918], [-1.147484, 46.191784], [-1.14752, 46.19176], [-1.14753, 46.19173], [-1.14752, 46.19169], [-1.14749, 46.19166], [-1.14744, 46.19165], [-1.14713, 46.19122], [-1.14707, 46.19108], [-1.14707, 46.19097], [-1.14712, 46.19089], [-1.14716, 46.19087], [-1.14729, 46.19077], [-1.14738, 46.19063], [-1.14738, 46.19051], [-1.14734, 46.19041], [-1.14732, 46.1903], [-1.14734, 46.1902], [-1.14743, 46.19007], [-1.14881, 46.18855], [-1.15014, 46.18711], [-1.15105, 46.18616], [-1.151461, 46.185852], [-1.151461, 46.185852], [-1.15176, 46.18534], [-1.15198, 46.18501], [-1.15205, 46.18486], [-1.15219, 46.18449], [-1.15232, 46.18392], [-1.15239, 46.18353], [-1.15249, 46.18306], [-1.15273, 46.18169], [-1.15293, 46.18056], [-1.15302, 46.18042], [-1.15322, 46.18033], [-1.15337, 46.18019], [-1.15341, 46.18014], [-1.15341, 46.18006], [-1.15341, 46.17994], [-1.15336, 46.17972], [-1.15324, 46.17936], [-1.15309, 46.17925], [-1.15293, 46.17918], [-1.15283, 46.17917], [-1.15272, 46.17911], [-1.15262, 46.179], [-1.15258, 46.17887], [-1.15258, 46.17856], [-1.15262, 46.1784], [-1.15266, 46.17839], [-1.15275, 46.17834], [-1.15282, 46.17827], [-1.15284, 46.17818], [-1.15282, 46.17811], [-1.15275, 46.17802], [-1.15271, 46.17794], [-1.15271, 46.17775], [-1.15267, 46.17762], [-1.15236, 46.17726], [-1.1522, 46.1771], [-1.15205, 46.17701], [-1.151811, 46.176826], [-1.15151, 46.17672], [-1.15126, 46.17654], [-1.15102, 46.1763], [-1.15084, 46.17591], [-1.15067, 46.17547], [-1.1506, 46.17527], [-1.15051, 46.17477], [-1.15048, 46.17446], [-1.15048, 46.17407], [-1.15048, 46.17335], [-1.15047, 46.17235], [-1.15047, 46.17124], [-1.15049, 46.17111], [-1.15054, 46.17093], [-1.15071, 46.17062], [-1.15082, 46.17046], [-1.15105, 46.17023], [-1.15127, 46.17004], [-1.15147, 46.16996], [-1.15149, 46.16994], [-1.15151, 46.16991], [-1.15155, 46.16991], [-1.15162, 46.16991], [-1.15166, 46.16991], [-1.15183, 46.16986], [-1.15194, 46.16977], [-1.15199, 46.16965], [-1.15198, 46.16939], [-1.15201, 46.16925], [-1.1521, 46.16908], [-1.15242, 46.16859], [-1.15266, 46.16816], [-1.15283, 46.16781], [-1.1531, 46.16721], [-1.15327, 46.1669], [-1.1533, 46.16676], [-1.1533, 46.16664], [-1.1533, 46.16655], [-1.15333, 46.16645], [-1.15337, 46.16634], [-1.15344, 46.16627], [-1.153769, 46.166023], [-1.153769, 46.166023], [-1.15424, 46.16556], [-1.15439, 46.16549], [-1.15466, 46.16547], [-1.1548, 46.16545], [-1.15503, 46.16537], [-1.15557, 46.16507], [-1.15565, 46.16501], [-1.1557, 46.16493], [-1.15571, 46.16482], [-1.15563, 46.16446], [-1.15531, 46.16324], [-1.15519, 46.16304], [-1.15513, 46.16284], [-1.15514, 46.16274], [-1.15517, 46.16264], [-1.15523, 46.16248], [-1.15513, 46.16233], [-1.15502, 46.16228], [-1.154977, 46.162243], [-1.154891, 46.16221], [-1.154812, 46.162174], [-1.154722, 46.162132], [-1.154609, 46.16211], [-1.154369, 46.16208], [-1.154046, 46.162025], [-1.153392, 46.161926], [-1.153057, 46.16187], [-1.152975, 46.161877], [-1.152924, 46.16199], [-1.152916, 46.162067], [-1.152946, 46.162098], [-1.153186, 46.162144], [-1.153612, 46.162216], [-1.153955, 46.162277], [-1.154594, 46.16235], [-1.154909, 46.162323], [-1.154988, 46.162285], [-1.155084, 46.162224], [-1.155182, 46.162064], [-1.155268, 46.161858], [-1.15577, 46.160305], [-1.156369, 46.15881], [-1.156369, 46.15881], [-1.15655, 46.15819], [-1.1576, 46.15838], [-1.1579, 46.15843], [-1.15944, 46.15869], [-1.16291, 46.15924], [-1.168372, 46.16015], [-1.17092, 46.16051], [-1.17099, 46.16052], [-1.171, 46.16054], [-1.17102, 46.16057], [-1.17105, 46.16059], [-1.17114, 46.16063], [-1.17124, 46.16063], [-1.17132, 46.16059], [-1.17151, 46.16061], [-1.17297, 46.16084], [-1.175, 46.16117], [-1.17514, 46.16122], [-1.17538, 46.16126], [-1.17593, 46.16137], [-1.17603, 46.16144], [-1.17602, 46.16145], [-1.17603, 46.16147], [-1.17603, 46.16149], [-1.17606, 46.16152], [-1.17611, 46.16155], [-1.17623, 46.16156], [-1.17632, 46.16151], [-1.17649, 46.16145], [-1.17675, 46.16147], [-1.177894, 46.161633]]}}, {"type": "Feature", "properties": {"route_short_name": "R3", "route_long_name": "Stade Rochelais <> P+R Simone Veil", "shape_id": "CA_LA_ROCHELLE:JourneyPattern:R3_524BE5C397E5FC40F2EC30BB4635E530", "n_points": 174, "n_shape_variants_in_source": 2}, "geometry": {"type": "LineString", "coordinates": [[-1.179563, 46.16159], [-1.17915, 46.16162], [-1.17897, 46.16159], [-1.17896, 46.16158], [-1.17896, 46.16156], [-1.17894, 46.16154], [-1.17887, 46.16153], [-1.1788, 46.16154], [-1.17877, 46.16156], [-1.17855, 46.16157], [-1.17801, 46.16155], [-1.17666, 46.16138], [-1.17627, 46.16137], [-1.17625, 46.16136], [-1.17618, 46.16135], [-1.17612, 46.16136], [-1.17589, 46.16128], [-1.17513, 46.16116], [-1.175, 46.16117], [-1.17406, 46.16101], [-1.17151, 46.16061], [-1.17134, 46.16058], [-1.17134, 46.16056], [-1.17134, 46.16054], [-1.17133, 46.16051], [-1.17128, 46.16046], [-1.1712, 46.16044], [-1.17112, 46.16044], [-1.17105, 46.16046], [-1.171, 46.1605], [-1.17099, 46.16051], [-1.17082, 46.1605], [-1.168419, 46.160065], [-1.168419, 46.160065], [-1.15811, 46.15847], [-1.15655, 46.15819], [-1.156119, 46.159176], [-1.15583, 46.16007], [-1.15566, 46.16059], [-1.15555, 46.16068], [-1.1552, 46.16123], [-1.15473, 46.1621], [-1.154721, 46.162155], [-1.15466, 46.162193], [-1.154575, 46.16221], [-1.15449, 46.162197], [-1.153844, 46.162106], [-1.15354, 46.16207], [-1.153116, 46.162003], [-1.153116, 46.162003], [-1.152947, 46.162], [-1.152892, 46.162045], [-1.152868, 46.162064], [-1.152732, 46.162052], [-1.152668, 46.162086], [-1.152573, 46.162216], [-1.152514, 46.162354], [-1.15237, 46.16275], [-1.15195, 46.16378], [-1.15159, 46.16465], [-1.15158, 46.16468], [-1.15104, 46.16462], [-1.15073, 46.16458], [-1.14958, 46.16439], [-1.14889, 46.16426], [-1.14829, 46.16418], [-1.1476, 46.16405], [-1.14688, 46.16378], [-1.14632, 46.16353], [-1.14606, 46.16337], [-1.14577, 46.16314], [-1.145696, 46.16306], [-1.145644, 46.16289], [-1.145644, 46.16289], [-1.1455, 46.16272], [-1.145351, 46.16251], [-1.145344, 46.16242], [-1.145369, 46.16226], [-1.1455, 46.16166], [-1.14565, 46.16091], [-1.14579, 46.16043], [-1.14608, 46.15972], [-1.14622, 46.15937], [-1.14644, 46.15887], [-1.14645, 46.15878], [-1.14646, 46.15865], [-1.14641, 46.15857], [-1.14622, 46.15853], [-1.14584, 46.15841], [-1.145427, 46.158176], [-1.145037, 46.15801], [-1.144587, 46.157776], [-1.144061, 46.157513], [-1.143379, 46.157135], [-1.143234, 46.15706], [-1.142961, 46.156918], [-1.142685, 46.156773], [-1.14222, 46.15653], [-1.141871, 46.156345], [-1.141536, 46.156162], [-1.141177, 46.155968], [-1.140814, 46.15577], [-1.140305, 46.155495], [-1.140217, 46.155445], [-1.140143, 46.155396], [-1.139949, 46.15526], [-1.139783, 46.155117], [-1.139674, 46.155003], [-1.139567, 46.15487], [-1.139485, 46.15475], [-1.139395, 46.154575], [-1.139365, 46.15452], [-1.139308, 46.154316], [-1.139278, 46.154087], [-1.13928, 46.15386], [-1.139289, 46.15365], [-1.13932, 46.153275], [-1.139491, 46.152657], [-1.139491, 46.152657], [-1.13965, 46.15234], [-1.13966, 46.15227], [-1.1397, 46.15225], [-1.13973, 46.15222], [-1.13978, 46.15217], [-1.1398, 46.15212], [-1.13981, 46.15207], [-1.1398, 46.152], [-1.13977, 46.15194], [-1.13971, 46.15189], [-1.13968, 46.15187], [-1.13966, 46.15187], [-1.13966, 46.15181], [-1.13968, 46.15167], [-1.13967, 46.15145], [-1.13961, 46.15107], [-1.13955, 46.15086], [-1.13951, 46.15082], [-1.13945, 46.15062], [-1.13936, 46.15038], [-1.13914, 46.14996], [-1.1387, 46.14936], [-1.13746, 46.14769], [-1.1372, 46.14733], [-1.13703, 46.14706], [-1.1369, 46.14674], [-1.13686, 46.14652], [-1.13685, 46.1463], [-1.13684, 46.14612], [-1.13689, 46.14587], [-1.13693, 46.14567], [-1.136942, 46.145638], [-1.137096, 46.145615], [-1.137158, 46.14557], [-1.137213, 46.14549], [-1.137244, 46.14539], [-1.13723, 46.145306], [-1.137154, 46.14521], [-1.137026, 46.145157], [-1.136908, 46.14514], [-1.136741, 46.145145], [-1.136602, 46.145187], [-1.136513, 46.14524], [-1.136141, 46.145226], [-1.13549, 46.145203], [-1.134121, 46.145065], [-1.133224, 46.144848], [-1.130521, 46.144196], [-1.130308, 46.144093], [-1.130246, 46.1439], [-1.130344, 46.143513], [-1.130358, 46.143387], [-1.130274, 46.143238], [-1.130019, 46.14309], [-1.12823, 46.14285]]}}]}