{"type": "FeatureCollection", "features": [{"type": "Feature", "properties": {"route_short_name": "140", "route_long_name": "140 - COURCON - LA ROCHELLE", "shape_id": "CHARENTE_MARITIME:JourneyPattern:4831_6AF5BAD5D8D0940A00903D56F1C65B9B", "n_points": 1454, "n_shape_variants_in_source": 2}, "geometry": {"type": "LineString", "coordinates": [[-0.809582, 46.240788], [-0.809751, 46.240654], [-0.809797, 46.240616], [-0.809746, 46.240574], [-0.809747, 46.240574], [-0.809832, 46.240444], [-0.809883, 46.24037], [-0.809935, 46.240322], [-0.809993, 46.240276], [-0.809923, 46.240208], [-0.80983, 46.240086], [-0.809682, 46.23993], [-0.809447, 46.239803], [-0.80882, 46.239605], [-0.808454, 46.239502], [-0.8081, 46.239403], [-0.807981, 46.23991], [-0.807937, 46.240067], [-0.807922, 46.240116], [-0.80776, 46.240696], [-0.80771, 46.240894], [-0.807597, 46.241306], [-0.807474, 46.241653], [-0.807414, 46.241825], [-0.807343, 46.241997], [-0.807304, 46.242107], [-0.807181, 46.242466], [-0.807169, 46.2425], [-0.807156, 46.242653], [-0.807158, 46.2427], [-0.80716, 46.24273], [-0.807133, 46.242733], [-0.807108, 46.242744], [-0.80709, 46.242756], [-0.807079, 46.242775], [-0.807077, 46.242794], [-0.807083, 46.242813], [-0.807099, 46.24283], [-0.80712, 46.24284], [-0.807146, 46.242847], [-0.807138, 46.242874], [-0.806774, 46.24421], [-0.806693, 46.24441], [-0.80667, 46.24454], [-0.806682, 46.244556], [-0.806702, 46.24458], [-0.806738, 46.2446], [-0.806767, 46.244617], [-0.806791, 46.244637], [-0.806809, 46.2447], [-0.806815, 46.244755], [-0.80682, 46.2448], [-0.806762, 46.245197], [-0.806721, 46.245365], [-0.80664, 46.24547], [-0.80656, 46.24555], [-0.806374, 46.245697], [-0.806215, 46.245823], [-0.806067, 46.245956], [-0.805876, 46.246174], [-0.80556, 46.24653], [-0.805511, 46.24657], [-0.805302, 46.246746], [-0.804807, 46.247128], [-0.804409, 46.247524], [-0.804212, 46.24777], [-0.804298, 46.24778], [-0.80461, 46.247818], [-0.805005, 46.247856], [-0.805663, 46.247906], [-0.806352, 46.247913], [-0.807028, 46.2479], [-0.807633, 46.24785], [-0.808547, 46.247765], [-0.808995, 46.247845], [-0.809144, 46.24788], [-0.809538, 46.247997], [-0.810482, 46.247803], [-0.810984, 46.247696], [-0.811085, 46.247665], [-0.811138, 46.247635], [-0.811174, 46.247604], [-0.811204, 46.247566], [-0.811383, 46.24717], [-0.81147, 46.24697], [-0.812019, 46.246765], [-0.813036, 46.24641], [-0.813847, 46.246113], [-0.81387, 46.246105], [-0.813947, 46.24608], [-0.814158, 46.24622], [-0.814391, 46.24635], [-0.814672, 46.246483], [-0.815014, 46.24659], [-0.815573, 46.24672], [-0.815773, 46.246765], [-0.816122, 46.246845], [-0.816344, 46.246895], [-0.816499, 46.246933], [-0.816682, 46.246998], [-0.81704, 46.247112], [-0.817308, 46.24718], [-0.817493, 46.24721], [-0.817557, 46.247215], [-0.818184, 46.24724], [-0.818638, 46.247246], [-0.818956, 46.247276], [-0.819327, 46.24733], [-0.819752, 46.247414], [-0.820387, 46.247593], [-0.821223, 46.24785], [-0.822703, 46.24838], [-0.82304, 46.24848], [-0.823276, 46.248535], [-0.823565, 46.248596], [-0.824889, 46.24879], [-0.825437, 46.2489], [-0.826041, 46.249043], [-0.826584, 46.249184], [-0.827023, 46.249325], [-0.828105, 46.24976], [-0.828562, 46.249924], [-0.828893, 46.25002], [-0.829578, 46.2502], [-0.830224, 46.250393], [-0.830785, 46.250587], [-0.831672, 46.250896], [-0.832106, 46.251045], [-0.832734, 46.251286], [-0.833249, 46.251507], [-0.833688, 46.25171], [-0.834132, 46.251934], [-0.835131, 46.25256], [-0.835727, 46.252903], [-0.836149, 46.253117], [-0.836598, 46.253338], [-0.838247, 46.25405], [-0.838876, 46.2543], [-0.839414, 46.254475], [-0.839994, 46.25464], [-0.842081, 46.255154], [-0.842283, 46.25522], [-0.843426, 46.255642], [-0.843834, 46.255783], [-0.846378, 46.25652], [-0.848921, 46.25724], [-0.849935, 46.257534], [-0.8556, 46.259247], [-0.858044, 46.259983], [-0.858632, 46.26015], [-0.859215, 46.260292], [-0.859925, 46.260426], [-0.860747, 46.260567], [-0.861971, 46.260708], [-0.862342, 46.26077], [-0.862735, 46.260853], [-0.864417, 46.26129], [-0.864616, 46.261337], [-0.864788, 46.261364], [-0.864968, 46.261395], [-0.865314, 46.261433], [-0.865706, 46.261467], [-0.866961, 46.261543], [-0.867303, 46.26158], [-0.867656, 46.261642], [-0.868588, 46.26185], [-0.86912, 46.26198], [-0.869454, 46.26207], [-0.869785, 46.26219], [-0.870116, 46.262344], [-0.870523, 46.262573], [-0.870799, 46.26275], [-0.871075, 46.262936], [-0.871384, 46.26319], [-0.872155, 46.263885], [-0.872477, 46.26415], [-0.872777, 46.264362], [-0.873099, 46.26456], [-0.873465, 46.264767], [-0.873547, 46.26481], [-0.873942, 46.265003], [-0.874342, 46.26518], [-0.874553, 46.26527], [-0.874729, 46.265343], [-0.874861, 46.26539], [-0.875131, 46.26549], [-0.875149, 46.265446], [-0.875341, 46.264946], [-0.875355, 46.26491], [-0.875181, 46.264862], [-0.87525946, 46.264706], [-0.875264, 46.264698], [-0.875315, 46.2646], [-0.875466, 46.264618], [-0.875471, 46.264603], [-0.875535, 46.264427], [-0.875639, 46.26414], [-0.875774, 46.263824], [-0.875945, 46.263493], [-0.876197, 46.263023], [-0.876307, 46.26287], [-0.876444, 46.262707], [-0.8766, 46.26258], [-0.876809, 46.26244], [-0.877469, 46.26207], [-0.878646, 46.261513], [-0.879714, 46.26106], [-0.8801, 46.26088], [-0.880298, 46.260754], [-0.880439, 46.260624], [-0.880625, 46.26043], [-0.880736, 46.26035], [-0.880832, 46.260303], [-0.880907, 46.26029], [-0.880971, 46.260284], [-0.880994, 46.260025], [-0.881057, 46.25942], [-0.881134, 46.25869], [-0.8812, 46.25832], [-0.881379, 46.25757], [-0.881388, 46.257355], [-0.881431, 46.254997], [-0.881433, 46.254753], [-0.881428, 46.25025], [-0.881409, 46.24897], [-0.881369, 46.248287], [-0.881361, 46.24795], [-0.881364, 46.24759], [-0.881428, 46.246155], [-0.881464, 46.2453], [-0.881463, 46.244728], [-0.881417, 46.243435], [-0.881397, 46.242794], [-0.881394, 46.242462], [-0.881412, 46.242065], [-0.881454, 46.24133], [-0.881553, 46.240227], [-0.881584, 46.23966], [-0.881585, 46.239067], [-0.88158, 46.238926], [-0.881587, 46.238663], [-0.881573, 46.238358], [-0.881497, 46.237812], [-0.881349, 46.237076], [-0.88121, 46.236267], [-0.881175, 46.235184], [-0.881167, 46.23507], [-0.881152, 46.23445], [-0.881139, 46.234207], [-0.8811, 46.233833], [-0.880915, 46.23269], [-0.880886, 46.232388], [-0.880781, 46.231953], [-0.880671, 46.23163], [-0.880564, 46.231358], [-0.88041, 46.231045], [-0.880052, 46.230488], [-0.87974, 46.23009], [-0.879574, 46.22989], [-0.879371, 46.229645], [-0.879289, 46.229496], [-0.879263, 46.229416], [-0.879252, 46.229355], [-0.879248, 46.229298], [-0.879284, 46.229256], [-0.879304, 46.229214], [-0.879314, 46.2291], [-0.879287, 46.229034], [-0.879276, 46.22901], [-0.879217, 46.22896], [-0.879071, 46.228886], [-0.87899, 46.22887], [-0.878951, 46.228867], [-0.878858, 46.22887], [-0.878733, 46.228897], [-0.878629, 46.228954], [-0.878557, 46.22903], [-0.878525, 46.22912], [-0.878536, 46.22921], [-0.878515, 46.229267], [-0.878475, 46.22932], [-0.878443, 46.22936], [-0.87836, 46.229412], [-0.878311, 46.22943], [-0.878212, 46.229465], [-0.878076, 46.2295], [-0.877951, 46.22952], [-0.877669, 46.229553], [-0.877611, 46.22956], [-0.877573, 46.229565], [-0.877535, 46.22957], [-0.877514, 46.22957], [-0.877414, 46.22954], [-0.877374, 46.22954], [-0.877313, 46.229546], [-0.877288, 46.229557], [-0.877283, 46.22956], [-0.877251, 46.229584], [-0.877169, 46.229607], [-0.877146, 46.22961], [-0.877106, 46.229614], [-0.87705, 46.229607], [-0.876982, 46.229595], [-0.8769519, 46.229588], [-0.876899, 46.229576], [-0.87681, 46.229553], [-0.876764, 46.22954], [-0.876706, 46.22951], [-0.876677, 46.229485], [-0.876642, 46.229465], [-0.876579, 46.229446], [-0.876514, 46.229446], [-0.87647, 46.229446], [-0.876447, 46.229446], [-0.876421, 46.229473], [-0.876403, 46.229496], [-0.8764, 46.22952], [-0.876428, 46.22954], [-0.876467, 46.229565], [-0.876515, 46.229584], [-0.876583, 46.229588], [-0.876645, 46.22958], [-0.876751, 46.229588], [-0.876789, 46.2296], [-0.876909, 46.22963], [-0.876945, 46.229633], [-0.877046, 46.229652], [-0.87717, 46.229664], [-0.877186, 46.229664], [-0.877272, 46.229656], [-0.877331, 46.229675], [-0.877384, 46.229683], [-0.877427, 46.229683], [-0.877448, 46.229683], [-0.877511, 46.229664], [-0.877535, 46.229637], [-0.877684, 46.229607], [-0.877768, 46.22959], [-0.878056, 46.229553], [-0.878205, 46.22953], [-0.878352, 46.229492], [-0.878516, 46.229446], [-0.878629, 46.229404], [-0.878748, 46.229385], [-0.8788, 46.229404], [-0.878917, 46.229416], [-0.879033, 46.229404], [-0.879154, 46.229362], [-0.879248, 46.229298], [-0.879284, 46.229256], [-0.879304, 46.229214], [-0.879314, 46.2291], [-0.879287, 46.229034], [-0.879276, 46.22901], [-0.879217, 46.22896], [-0.879071, 46.228886], [-0.87899, 46.22887], [-0.878951, 46.228867], [-0.878924, 46.228825], [-0.878785, 46.228584], [-0.878436, 46.22725], [-0.878397, 46.227085], [-0.878376, 46.226948], [-0.878358, 46.226727], [-0.878359, 46.22661], [-0.878408, 46.226353], [-0.878516, 46.22612], [-0.878935, 46.225445], [-0.878992, 46.225372], [-0.879075, 46.225224], [-0.879174, 46.22508], [-0.879272, 46.225048], [-0.879356, 46.225], [-0.879507, 46.22501], [-0.879687, 46.22505], [-0.879875, 46.22518], [-0.87999, 46.22528], [-0.880057, 46.225388], [-0.880086, 46.22551], [-0.88009, 46.225636], [-0.880276, 46.225597], [-0.880588, 46.225494], [-0.880896, 46.225334], [-0.881129, 46.22517], [-0.881351, 46.224987], [-0.881572, 46.22479], [-0.88178, 46.224564], [-0.881856, 46.22447], [-0.88227, 46.22385], [-0.882297, 46.223854], [-0.882325, 46.22385], [-0.882351, 46.223843], [-0.882372, 46.223827], [-0.882386, 46.223812], [-0.882393, 46.223793], [-0.882392, 46.22377], [-0.882381, 46.223755], [-0.882363, 46.223736], [-0.882339, 46.223724], [-0.882612, 46.223213], [-0.88281, 46.222847], [-0.882828, 46.222816], [-0.882944, 46.22259], [-0.883313, 46.222042], [-0.883344, 46.221996], [-0.883416, 46.221886], [-0.883664, 46.22155], [-0.8839, 46.22123], [-0.884061, 46.22107], [-0.884243, 46.220936], [-0.88449, 46.22078], [-0.884876, 46.22054], [-0.885034, 46.220444], [-0.885127, 46.22039], [-0.885233, 46.22036], [-0.885249, 46.22038], [-0.885272, 46.22039], [-0.8853, 46.220398], [-0.885331, 46.220398], [-0.88536, 46.220394], [-0.885385, 46.220383], [-0.885403, 46.220364], [-0.885413, 46.220345], [-0.885413, 46.220325], [-0.885403, 46.220303], [-0.885383, 46.220287], [-0.885355, 46.220276], [-0.885858, 46.219654], [-0.885875, 46.21957], [-0.885884, 46.219524], [-0.885886, 46.21946], [-0.88588, 46.219425], [-0.885859, 46.219307], [-0.885832, 46.219215], [-0.885773, 46.21908], [-0.885753, 46.219006], [-0.885736, 46.218822], [-0.88589, 46.218643], [-0.886156, 46.218395], [-0.886178, 46.218376], [-0.886208, 46.21835], [-0.886325, 46.218246], [-0.886345, 46.21822], [-0.886525, 46.21797], [-0.886864, 46.218033], [-0.886871, 46.218014], [-0.886924, 46.217865], [-0.886931, 46.217842], [-0.88673, 46.217804], [-0.886622, 46.21778], [-0.886709, 46.2175], [-0.886841, 46.21721], [-0.886971, 46.216972], [-0.887069, 46.21673], [-0.887124, 46.21659], [-0.887197, 46.2164], [-0.887255, 46.21625], [-0.887315, 46.216095], [-0.887325, 46.21607], [-0.887342, 46.21603], [-0.887373, 46.215946], [-0.887433, 46.21584], [-0.887644, 46.215675], [-0.886938, 46.215485], [-0.886314, 46.21533], [-0.886177, 46.215305], [-0.88557, 46.215267], [-0.885483, 46.215256], [-0.885158, 46.21525], [-0.885022, 46.215233], [-0.884536, 46.215176], [-0.884192, 46.215088], [-0.884065, 46.21506], [-0.883969, 46.21504], [-0.88361, 46.21495], [-0.883291, 46.21485], [-0.883213, 46.214825], [-0.882985, 46.214745], [-0.882812, 46.214676], [-0.882448, 46.214485], [-0.881766, 46.214115], [-0.881249, 46.213863], [-0.880836, 46.21372], [-0.880573, 46.21366], [-0.880313, 46.21361], [-0.879782, 46.213512], [-0.879317, 46.21343], [-0.878844, 46.21332], [-0.87876, 46.213303], [-0.878542, 46.213234], [-0.878217, 46.213135], [-0.87805, 46.213078], [-0.877703, 46.21296], [-0.877417, 46.212852], [-0.877248, 46.212788], [-0.876782, 46.212578], [-0.876563, 46.212475], [-0.876102, 46.21222], [-0.876018, 46.212147], [-0.875924, 46.212086], [-0.875783, 46.212032], [-0.875652, 46.212006], [-0.875581, 46.21199], [-0.875592, 46.212105], [-0.875612, 46.212315], [-0.875621, 46.21241], [-0.875622, 46.212418], [-0.875673, 46.21296], [-0.875686, 46.213093], [-0.875801, 46.21423], [-0.875846, 46.21458], [-0.875953, 46.21533], [-0.876316, 46.217655], [-0.876417, 46.218166], [-0.876424, 46.21819], [-0.876548, 46.218643], [-0.876563, 46.21869], [-0.877117, 46.22033], [-0.877688, 46.22202], [-0.877877, 46.22258], [-0.878034, 46.222977], [-0.878163, 46.223248], [-0.878332, 46.223503], [-0.878819, 46.2241], [-0.878903, 46.224236], [-0.878898, 46.22432], [-0.878888, 46.224457], [-0.878862, 46.22454], [-0.87873, 46.22461], [-0.878648, 46.22471], [-0.878627, 46.224823], [-0.878671, 46.224934], [-0.878773, 46.22502], [-0.878918, 46.22508], [-0.878952, 46.22525], [-0.878935, 46.225445], [-0.878516, 46.22612], [-0.878408, 46.226353], [-0.878359, 46.22661], [-0.878358, 46.226727], [-0.878376, 46.226948], [-0.878397, 46.227085], [-0.878436, 46.22725], [-0.878785, 46.228584], [-0.878759, 46.22882], [-0.878733, 46.228897], [-0.878629, 46.228954], [-0.878557, 46.22903], [-0.878525, 46.22912], [-0.878536, 46.22921], [-0.87857, 46.22927], [-0.878624, 46.229324], [-0.878748, 46.229385], [-0.8788, 46.229404], [-0.878917, 46.229416], [-0.879033, 46.229404], [-0.879154, 46.229362], [-0.879248, 46.229298], [-0.879284, 46.229256], [-0.879304, 46.229214], [-0.879314, 46.2291], [-0.879287, 46.229034], [-0.879276, 46.22901], [-0.879305, 46.22895], [-0.879482, 46.22872], [-0.87974, 46.22855], [-0.879836, 46.22847], [-0.879905, 46.228382], [-0.879956, 46.22828], [-0.87999, 46.228157], [-0.880024, 46.228016], [-0.880035, 46.227932], [-0.880047, 46.22781], [-0.88003, 46.22737], [-0.880086, 46.22707], [-0.880132, 46.227005], [-0.880191, 46.22697], [-0.880264, 46.226944], [-0.880355, 46.226933], [-0.880665, 46.22692], [-0.88083, 46.22687], [-0.884878, 46.226795], [-0.885709, 46.226776], [-0.88606, 46.226772], [-0.887372, 46.226746], [-0.892908, 46.226635], [-0.894694, 46.226604], [-0.895864, 46.226578], [-0.897232, 46.22655], [-0.898683, 46.22653], [-0.901126, 46.22648], [-0.903321, 46.22644], [-0.905445, 46.226402], [-0.907666, 46.226357], [-0.910176, 46.226307], [-0.912831, 46.22626], [-0.913971, 46.22624], [-0.915549, 46.226208], [-0.9163, 46.226196], [-0.916724, 46.226204], [-0.917246, 46.226227], [-0.918086, 46.226284], [-0.918663, 46.226337], [-0.919282, 46.2264], [-0.919729, 46.226463], [-0.920295, 46.226555], [-0.920885, 46.22667], [-0.921445, 46.226795], [-0.922316, 46.227016], [-0.923117, 46.22725], [-0.923771, 46.227444], [-0.924065, 46.227535], [-0.924407, 46.22764], [-0.924599, 46.22773], [-0.92542, 46.22799], [-0.925588, 46.228073], [-0.925651, 46.228165], [-0.925672, 46.22825], [-0.925668, 46.22831], [-0.925597, 46.228413], [-0.925304, 46.22856], [-0.924888, 46.228756], [-0.924609, 46.22886], [-0.92433, 46.22895], [-0.923555, 46.22916], [-0.923546, 46.22911], [-0.92337, 46.228416], [-0.9233, 46.228024], [-0.923288, 46.22789], [-0.923302, 46.227753], [-0.923372, 46.227577], [-0.923654, 46.227108], [-0.924104, 46.226368], [-0.924284, 46.226093], [-0.924319, 46.22604], [-0.926929, 46.225994], [-0.927088, 46.22599], [-0.928048, 46.225983], [-0.928176, 46.22598], [-0.928176, 46.22598], [-0.928653, 46.22597], [-0.929023, 46.225952], [-0.929152, 46.225925], [-0.929269, 46.225887], [-0.929899, 46.22554], [-0.930293, 46.22534], [-0.930373, 46.225307], [-0.930553, 46.22523], [-0.930748, 46.225197], [-0.930965, 46.225185], [-0.931221, 46.225212], [-0.931266, 46.225227], [-0.931562, 46.22529], [-0.931576, 46.22529], [-0.931589, 46.225292], [-0.931657, 46.225307], [-0.931704, 46.225315], [-0.931997, 46.225376], [-0.932333, 46.22545], [-0.932811, 46.225513], [-0.933368, 46.225628], [-0.933593, 46.22568], [-0.933717, 46.22571], [-0.934027, 46.22581], [-0.934392, 46.225956], [-0.934782, 46.226124], [-0.935129, 46.226273], [-0.935519, 46.226425], [-0.935967, 46.22659], [-0.936402, 46.226723], [-0.936674, 46.226795], [-0.937083, 46.22687], [-0.937448, 46.226933], [-0.93792, 46.226994], [-0.938481, 46.227077], [-0.93873, 46.227116], [-0.939405, 46.227203], [-0.93984, 46.227264], [-0.940404, 46.227337], [-0.940812, 46.227394], [-0.941767, 46.227524], [-0.942263, 46.227596], [-0.9427, 46.227654], [-0.942936, 46.22767], [-0.943087, 46.227676], [-0.943374, 46.227688], [-0.943653, 46.227676], [-0.943737, 46.227665], [-0.94394, 46.22764], [-0.944211, 46.227566], [-0.944444, 46.227493], [-0.944592, 46.22742], [-0.944756, 46.227318], [-0.94489, 46.2272], [-0.944947, 46.227146], [-0.945041, 46.227016], [-0.945123, 46.226864], [-0.945228, 46.226646], [-0.945333, 46.226326], [-0.945369, 46.22619], [-0.945426, 46.22589], [-0.945499, 46.225796], [-0.945559, 46.22576], [-0.945642, 46.225727], [-0.945719, 46.22572], [-0.94573, 46.225716], [-0.94583, 46.225754], [-0.946269, 46.22596], [-0.946595, 46.226143], [-0.946844, 46.22632], [-0.947104, 46.226547], [-0.947603, 46.227173], [-0.947747, 46.227398], [-0.947807, 46.22759], [-0.94781, 46.22767], [-0.947797, 46.22781], [-0.947751, 46.227886], [-0.947663, 46.227985], [-0.947581, 46.228046], [-0.9475, 46.228104], [-0.947371, 46.228153], [-0.947, 46.22816], [-0.946818, 46.22813], [-0.946697, 46.228096], [-0.946584, 46.228043], [-0.946491, 46.227955], [-0.946431, 46.227875], [-0.94637, 46.227715], [-0.946399, 46.227528], [-0.946469, 46.227448], [-0.946566, 46.227345], [-0.946811, 46.227238], [-0.948122, 46.22673], [-0.948709, 46.226524], [-0.949009, 46.226387], [-0.949957, 46.2261], [-0.952349, 46.225395], [-0.954848, 46.224663], [-0.959373, 46.22333], [-0.960682, 46.222946], [-0.961776, 46.222614], [-0.963313, 46.22217], [-0.965486, 46.221523], [-0.968236, 46.22071], [-0.970988, 46.2199], [-0.978747, 46.21759], [-0.981987, 46.216633], [-0.988543, 46.21469], [-0.990979, 46.21398], [-0.994265, 46.212986], [-0.995135, 46.212727], [-0.996204, 46.212414], [-0.997963, 46.211903], [-0.999809, 46.211346], [-1.001675, 46.21079], [-1.002296, 46.210598], [-1.003487, 46.210228], [-1.005216, 46.209717], [-1.012794, 46.20747], [-1.014153, 46.20706], [-1.015633, 46.20654], [-1.016513, 46.206196], [-1.017204, 46.20591], [-1.017695, 46.205692], [-1.018355, 46.20539], [-1.018771, 46.205185], [-1.021351, 46.20391], [-1.022034, 46.20357], [-1.023147, 46.203022], [-1.023514, 46.202843], [-1.023887, 46.20266], [-1.024277, 46.202545], [-1.02443, 46.202488], [-1.024585, 46.202435], [-1.024793, 46.202374], [-1.024995, 46.20232], [-1.025147, 46.202293], [-1.025295, 46.202267], [-1.025485, 46.202244], [-1.025675, 46.202225], [-1.025883, 46.202213], [-1.026107, 46.202206], [-1.026538, 46.202198], [-1.026811, 46.202206], [-1.026976, 46.202225], [-1.027078, 46.202263], [-1.027167, 46.202324], [-1.027226, 46.202393], [-1.02726, 46.20243], [-1.02725, 46.202503], [-1.027263, 46.202576], [-1.027301, 46.202644], [-1.027348, 46.202698], [-1.027408, 46.20274], [-1.027479, 46.202778], [-1.027558, 46.2028], [-1.027634, 46.202816], [-1.027733, 46.20282], [-1.027831, 46.202812], [-1.027924, 46.20279], [-1.028007, 46.20275], [-1.028078, 46.2027], [-1.028139, 46.202637], [-1.028231, 46.202602], [-1.028306, 46.202583], [-1.028381, 46.202564], [-1.028464, 46.202557], [-1.028601, 46.202553], [-1.028654, 46.202545], [-1.028764, 46.202538], [-1.028958, 46.202503], [-1.029152, 46.20248], [-1.029685, 46.20231], [-1.029951, 46.202232], [-1.030277, 46.202126], [-1.030427, 46.202072], [-1.03045, 46.20207], [-1.030476, 46.202065], [-1.0304791, 46.202065], [-1.030538, 46.20206], [-1.030562, 46.202057], [-1.030592, 46.202053], [-1.030759, 46.202], [-1.030859, 46.20197], [-1.030926, 46.20195], [-1.031009, 46.201927], [-1.03111, 46.20188], [-1.031181, 46.20185], [-1.031423, 46.20178], [-1.031443, 46.20177], [-1.031504, 46.201744], [-1.031539, 46.20174], [-1.031572, 46.201733], [-1.031599, 46.201717], [-1.031623, 46.201694], [-1.031635, 46.201668], [-1.031635, 46.20164], [-1.031623, 46.201614], [-1.0316, 46.20159], [-1.031571, 46.201576], [-1.031536, 46.201565], [-1.03149, 46.201565], [-1.031446, 46.201572], [-1.031409, 46.201595], [-1.031385, 46.201622], [-1.031378, 46.201645], [-1.031379, 46.201668], [-1.031297, 46.201714], [-1.031216, 46.20175], [-1.031147, 46.20178], [-1.03109, 46.201797], [-1.030955, 46.201836], [-1.030576, 46.201942], [-1.030439, 46.20198], [-1.030359, 46.202003], [-1.030271, 46.202026], [-1.030219, 46.20204], [-1.029944, 46.202126], [-1.029621, 46.202217], [-1.0292, 46.202343], [-1.028701, 46.20249], [-1.028586, 46.202515], [-1.028473, 46.20252], [-1.028392, 46.202515], [-1.028325, 46.202496], [-1.028271, 46.202473], [-1.028232, 46.20245], [-1.028164, 46.202408], [-1.028126, 46.202343], [-1.02807, 46.20229], [-1.027998, 46.20224], [-1.027979, 46.202187], [-1.027938, 46.20208], [-1.02793, 46.20201], [-1.027936, 46.20196], [-1.027956, 46.2019], [-1.02801, 46.201794], [-1.028067, 46.201706], [-1.028135, 46.201622], [-1.028283, 46.201454], [-1.028408, 46.201336], [-1.02846, 46.20129], [-1.028515, 46.201244], [-1.028587, 46.201187], [-1.028668, 46.20113], [-1.02879, 46.20105], [-1.028919, 46.200974], [-1.029045, 46.200905], [-1.029184, 46.200836], [-1.029333, 46.20077], [-1.029495, 46.20071], [-1.029986, 46.20053], [-1.030965, 46.200314], [-1.031884, 46.20013], [-1.032462, 46.200024], [-1.033494, 46.199863], [-1.033934, 46.199806], [-1.034218, 46.19977], [-1.0345, 46.199738], [-1.034973, 46.199688], [-1.035357, 46.199657], [-1.035746, 46.199627], [-1.036493, 46.199566], [-1.036994, 46.19953], [-1.037351, 46.1995], [-1.037628, 46.199467], [-1.037931, 46.199436], [-1.038232, 46.1994], [-1.038563, 46.19936], [-1.038892, 46.199314], [-1.039096, 46.199287], [-1.039301, 46.199257], [-1.039525, 46.19922], [-1.039749, 46.199177], [-1.040004, 46.199127], [-1.04026, 46.199078], [-1.040516, 46.19902], [-1.04077, 46.19896], [-1.041014, 46.1989], [-1.041257, 46.198837], [-1.041552, 46.198765], [-1.041845, 46.198685], [-1.042125, 46.198605], [-1.042402, 46.19852], [-1.042954, 46.198353], [-1.04413, 46.19801], [-1.044459, 46.197914], [-1.044788, 46.197823], [-1.045119, 46.197735], [-1.045445, 46.197655], [-1.045778, 46.19758], [-1.046114, 46.19751], [-1.046452, 46.19744], [-1.046794, 46.197376], [-1.047134, 46.19732], [-1.047475, 46.197266], [-1.047817, 46.19722], [-1.048159, 46.19717], [-1.049571, 46.19698], [-1.051293, 46.19675], [-1.052091, 46.19664], [-1.052888, 46.196533], [-1.0537, 46.19642], [-1.054172, 46.196358], [-1.056459, 46.19605], [-1.056802, 46.196003], [-1.057266, 46.19593], [-1.057498, 46.195892], [-1.057728, 46.195854], [-1.058046, 46.195797], [-1.05836, 46.19574], [-1.058674, 46.195675], [-1.058986, 46.195614], [-1.059211, 46.195564], [-1.059432, 46.195515], [-1.059874, 46.19541], [-1.060185, 46.19534], [-1.060488, 46.19526], [-1.060796, 46.195183], [-1.0611, 46.195103], [-1.061441, 46.195004], [-1.061779, 46.194897], [-1.062209, 46.194756], [-1.062637, 46.194614], [-1.063059, 46.19447], [-1.063476, 46.19432], [-1.063703, 46.194233], [-1.063932, 46.194145], [-1.064376, 46.19397], [-1.064817, 46.19379], [-1.065252, 46.193604], [-1.065665, 46.193413], [-1.066075, 46.19322], [-1.066281, 46.193123], [-1.066481, 46.193024], [-1.066681, 46.192924], [-1.066878, 46.19282], [-1.067158, 46.192673], [-1.067436, 46.192524], [-1.06771, 46.19237], [-1.067983, 46.192215], [-1.06824, 46.192062], [-1.068496, 46.19191], [-1.06875, 46.191753], [-1.069001, 46.191597], [-1.069302, 46.1914], [-1.069598, 46.1912], [-1.073735, 46.188286], [-1.075477, 46.187065], [-1.076873, 46.18608], [-1.077329, 46.18576], [-1.077541, 46.185623], [-1.077756, 46.185486], [-1.078027, 46.185314], [-1.078307, 46.18515], [-1.078763, 46.18489], [-1.079129, 46.18469], [-1.079497, 46.1845], [-1.07976, 46.184372], [-1.080026, 46.184242], [-1.080308, 46.184116], [-1.080595, 46.183987], [-1.080979, 46.18383], [-1.081399, 46.183662], [-1.081582, 46.18359], [-1.081768, 46.183517], [-1.082145, 46.18338], [-1.082453, 46.183273], [-1.082762, 46.183174], [-1.083382, 46.18298], [-1.083992, 46.1828], [-1.08743, 46.181847], [-1.089023, 46.181408], [-1.089818, 46.181183], [-1.090213, 46.181072], [-1.090608, 46.18095], [-1.091036, 46.18083], [-1.093439, 46.180134], [-1.095681, 46.179462], [-1.096399, 46.17926], [-1.097957, 46.178825], [-1.09958, 46.17835], [-1.100136, 46.178185], [-1.100296, 46.17815], [-1.100456, 46.178123], [-1.100622, 46.17811], [-1.100785, 46.17811], [-1.100916, 46.17812], [-1.101043, 46.178143], [-1.101181, 46.178177], [-1.101339, 46.178226], [-1.101449, 46.178276], [-1.10155, 46.178337], [-1.101634, 46.178394], [-1.101715, 46.17845], [-1.101798, 46.178516], [-1.101825, 46.17854], [-1.101921, 46.178608], [-1.102036, 46.178677], [-1.102161, 46.17874], [-1.102278, 46.178787], [-1.102401, 46.178825], [-1.102515, 46.178844], [-1.102628, 46.17886], [-1.102748, 46.178864], [-1.102876, 46.178864], [-1.103241, 46.17886], [-1.103309, 46.178864], [-1.103358, 46.17888], [-1.103396, 46.178886], [-1.103408, 46.1789], [-1.103454, 46.178967], [-1.103461, 46.178974], [-1.103548, 46.17911], [-1.103571, 46.179146], [-1.103591, 46.179173], [-1.103597, 46.17921], [-1.103594, 46.179237], [-1.103596, 46.17927], [-1.103608, 46.1793], [-1.103626, 46.17932], [-1.103643, 46.179337], [-1.103666, 46.17935], [-1.103693, 46.179363], [-1.103726, 46.179375], [-1.103753, 46.17938], [-1.103786, 46.179382], [-1.10382, 46.17938], [-1.103852, 46.179375], [-1.103874, 46.179367], [-1.103896, 46.17936], [-1.103917, 46.17935], [-1.103935, 46.179337], [-1.103961, 46.179314], [-1.103973, 46.1793], [-1.103982, 46.17928], [-1.104117, 46.179203], [-1.104213, 46.179176], [-1.104309, 46.17915], [-1.104505, 46.179092], [-1.104866, 46.178986], [-1.105065, 46.178925], [-1.105115, 46.17891], [-1.105511, 46.178795], [-1.105594, 46.178772], [-1.105888, 46.178688], [-1.105946, 46.178673], [-1.106055, 46.178642], [-1.106114, 46.178627], [-1.106378, 46.178555], [-1.106936, 46.17839], [-1.107892, 46.17811], [-1.108873, 46.17782], [-1.109039, 46.177773], [-1.109309, 46.177692], [-1.109355, 46.177677], [-1.109706, 46.17757], [-1.1103, 46.177395], [-1.110597, 46.177307], [-1.110758, 46.17726], [-1.111026, 46.177185], [-1.111409, 46.17707], [-1.111548, 46.177025], [-1.111601, 46.177006], [-1.111617, 46.177002], [-1.111686, 46.176987], [-1.111795, 46.176964], [-1.111888, 46.17695], [-1.111976, 46.17694], [-1.112067, 46.176937], [-1.112148, 46.176937], [-1.11221, 46.176945], [-1.11228, 46.176952], [-1.112421, 46.17698], [-1.11248, 46.176994], [-1.112501, 46.176964], [-1.112505, 46.176956], [-1.112526, 46.17693], [-1.112546, 46.17691], [-1.113227, 46.17633], [-1.113294, 46.17629], [-1.11332, 46.17627], [-1.113345, 46.176254], [-1.113382, 46.17625], [-1.113419, 46.17625], [-1.113458, 46.176254], [-1.113488, 46.17626], [-1.113541, 46.17627], [-1.11359, 46.17626], [-1.113612, 46.176254], [-1.113634, 46.176247], [-1.113669, 46.176224], [-1.113687, 46.1762], [-1.11369, 46.17619], [-1.113697, 46.17616], [-1.113693, 46.17614], [-1.113688, 46.176125], [-1.113673, 46.176105], [-1.113664, 46.176094], [-1.113705, 46.176], [-1.113733, 46.17593], [-1.11405, 46.17566], [-1.114195, 46.175537], [-1.114305, 46.17544], [-1.114482, 46.175346], [-1.11456, 46.175312], [-1.114617, 46.17529], [-1.11467, 46.17529], [-1.114722, 46.17528], [-1.114806, 46.1753], [-1.114892, 46.17532], [-1.114945, 46.175346], [-1.115021, 46.175354], [-1.115212, 46.17546], [-1.115247, 46.17548], [-1.115363, 46.17555], [-1.115405, 46.175575], [-1.115521, 46.175644], [-1.115563, 46.175667], [-1.115659, 46.175716], [-1.115734, 46.175655], [-1.115764, 46.17563], [-1.115845, 46.17556], [-1.115986, 46.17544], [-1.1160659, 46.175373], [-1.116072, 46.17537], [-1.116121, 46.175327], [-1.116566, 46.174953], [-1.117042, 46.17455], [-1.117178, 46.174435], [-1.117309, 46.17432], [-1.117442, 46.174202], [-1.117574, 46.17409], [-1.117675, 46.17401], [-1.117708, 46.173977], [-1.117751, 46.173958], [-1.117787, 46.173927], [-1.11783, 46.17389], [-1.117852, 46.17384], [-1.117819, 46.173805], [-1.117733, 46.17388], [-1.117709, 46.173904], [-1.117661, 46.17392], [-1.117582, 46.173916], [-1.117565, 46.173916], [-1.117323, 46.173763], [-1.117203, 46.1737], [-1.117147, 46.17368], [-1.117097, 46.17367], [-1.116995, 46.17366], [-1.116909, 46.173668], [-1.116795, 46.173695], [-1.116762, 46.173706], [-1.116728, 46.173717], [-1.116714, 46.1737], [-1.116692, 46.173687], [-1.116666, 46.17368], [-1.116638, 46.17368], [-1.116611, 46.173683], [-1.116587, 46.173695], [-1.116569, 46.17371], [-1.116559, 46.173725], [-1.116558, 46.173748], [-1.116566, 46.173767], [-1.116528, 46.173775], [-1.11643, 46.173805], [-1.116348, 46.17383], [-1.116203, 46.173878], [-1.116078, 46.173943], [-1.115784, 46.174183], [-1.115764, 46.174202], [-1.115674, 46.174255], [-1.115597, 46.174297], [-1.115568, 46.17432], [-1.115553, 46.174316], [-1.115522, 46.17432], [-1.115493, 46.174328], [-1.115469, 46.174343], [-1.115454, 46.174362], [-1.115449, 46.174385], [-1.115455, 46.174408], [-1.115398, 46.17449], [-1.115361, 46.17455], [-1.115327, 46.17458], [-1.114984, 46.174873], [-1.114868, 46.1749], [-1.114804, 46.17494], [-1.114734, 46.174976], [-1.114693, 46.174995], [-1.114634, 46.174995], [-1.114576, 46.175003], [-1.11443, 46.17497], [-1.114416, 46.174965], [-1.114295, 46.174915], [-1.11422, 46.174854], [-1.114081, 46.174763], [-1.114019, 46.174717], [-1.113911, 46.174644], [-1.113824, 46.174576], [-1.113779, 46.174515], [-1.113743, 46.174442], [-1.113731, 46.174362], [-1.113744, 46.174282], [-1.113787, 46.1742], [-1.11386, 46.17412], [-1.113927, 46.174072], [-1.114014, 46.174034], [-1.11439, 46.17387], [-1.117943, 46.172813], [-1.11907, 46.17249], [-1.119233, 46.172443], [-1.120543, 46.172066], [-1.120812, 46.172], [-1.122069, 46.17161], [-1.122157, 46.17159], [-1.123103, 46.171295], [-1.123184, 46.17127], [-1.124436, 46.170826], [-1.124818, 46.17069], [-1.12486, 46.170677], [-1.124908, 46.170662], [-1.125432, 46.170483], [-1.126817, 46.17001], [-1.127691, 46.16972], [-1.129033, 46.169277], [-1.129189, 46.169224], [-1.130037, 46.16894], [-1.131103, 46.168587], [-1.131143, 46.168575], [-1.132111, 46.168255], [-1.132231, 46.168217], [-1.133015, 46.16796], [-1.133191, 46.167904], [-1.133246, 46.167885], [-1.133512, 46.167793], [-1.133634, 46.167755], [-1.134375, 46.167507], [-1.134924, 46.167328], [-1.135118, 46.167263], [-1.136182, 46.166912], [-1.136364, 46.16685], [-1.136585, 46.166782], [-1.136667, 46.166756], [-1.136876, 46.166706], [-1.136927, 46.16669], [-1.137056, 46.16666], [-1.137068, 46.166546], [-1.137085, 46.166363], [-1.137022, 46.166264], [-1.136992, 46.16622], [-1.136954, 46.166153], [-1.136924, 46.166096], [-1.136907, 46.166046], [-1.136896, 46.165997], [-1.136706, 46.164837], [-1.136705, 46.164665], [-1.136707, 46.164616], [-1.136745, 46.16452], [-1.136777, 46.1645], [-1.136802, 46.164482], [-1.136817, 46.164455], [-1.136821, 46.16443], [-1.13693, 46.164318], [-1.137052, 46.164238], [-1.137129, 46.164196], [-1.137274, 46.164124], [-1.137528, 46.164005], [-1.137656, 46.163944], [-1.137722, 46.163914], [-1.137789, 46.163883], [-1.137892, 46.163837], [-1.138048, 46.16377], [-1.138179, 46.163708], [-1.138306, 46.163647], [-1.138381, 46.16361], [-1.138434, 46.16357], [-1.138566, 46.163483], [-1.138622, 46.163483], [-1.13867, 46.163475], [-1.138715, 46.163456], [-1.138938, 46.163345], [-1.139, 46.163307], [-1.139039, 46.163277], [-1.139062, 46.163242], [-1.139062, 46.16321], [-1.139047, 46.16317], [-1.139005, 46.163143], [-1.139, 46.1631], [-1.139, 46.163067], [-1.139006, 46.163025], [-1.139021, 46.16293], [-1.139229, 46.162346], [-1.139311, 46.162174], [-1.139566, 46.161846], [-1.139735, 46.161705], [-1.139778, 46.161655], [-1.13985, 46.16159], [-1.13988, 46.161587], [-1.139909, 46.161583], [-1.139949, 46.161564], [-1.13998, 46.16154], [-1.140001, 46.16151], [-1.140008, 46.161476], [-1.140006, 46.16146], [-1.14003, 46.1614], [-1.140069, 46.161327], [-1.140261, 46.161068], [-1.140373, 46.16092], [-1.140611, 46.16063], [-1.141045, 46.160084], [-1.141078, 46.160046], [-1.141182, 46.159916], [-1.141264, 46.15982], [-1.141281, 46.1598], [-1.141388, 46.15968], [-1.141546, 46.15949], [-1.141578, 46.15945], [-1.141578, 46.15945], [-1.141761, 46.15922], [-1.141786, 46.159184], [-1.141855, 46.159084], [-1.141907, 46.158997], [-1.141938, 46.15893], [-1.141967, 46.15887], [-1.141981, 46.158833], [-1.142012, 46.15876], [-1.142069, 46.158615], [-1.142099, 46.15854], [-1.14213, 46.15843], [-1.142129, 46.158318], [-1.142177, 46.158195], [-1.142237, 46.158035], [-1.142245, 46.158016], [-1.14228, 46.157932], [-1.142341, 46.157803], [-1.142347, 46.157787], [-1.142387, 46.157665], [-1.142529, 46.157394], [-1.142644, 46.157124], [-1.142677, 46.156967], [-1.142694, 46.156925], [-1.142705, 46.156902], [-1.142746, 46.156803], [-1.14277, 46.15675], [-1.142805, 46.156715], [-1.142851, 46.156685], [-1.14292, 46.156654], [-1.143061, 46.156616], [-1.143188, 46.156616], [-1.144021, 46.156776], [-1.14413, 46.156837], [-1.144189, 46.15689], [-1.144229, 46.15696], [-1.144248, 46.15704], [-1.144223, 46.157124], [-1.144187, 46.157173], [-1.144112, 46.15724], [-1.144024, 46.1573], [-1.143949, 46.157322], [-1.1438, 46.157337], [-1.143688, 46.15731], [-1.142959, 46.156933], [-1.142892, 46.1569], [-1.141531, 46.156185], [-1.140266, 46.15547], [-1.140248, 46.15546], [-1.140202, 46.155434], [-1.139952, 46.15528], [-1.13963, 46.154972], [-1.139513, 46.154816], [-1.139412, 46.15464], [-1.139327, 46.154453], [-1.139312, 46.154274], [-1.1393, 46.154156], [-1.139305, 46.15397], [-1.13929, 46.153824], [-1.139295, 46.153427], [-1.139325, 46.153347], [-1.139341, 46.153313], [-1.139443, 46.153034], [-1.139501, 46.15288], [-1.13956, 46.152668], [-1.139618, 46.15236], [-1.13964, 46.152287], [-1.139719, 46.152245], [-1.13978, 46.152184], [-1.139812, 46.152115], [-1.139816, 46.15207], [-1.139809, 46.152023], [-1.139942, 46.151943], [-1.139964, 46.15193], [-1.140082, 46.151897], [-1.140347, 46.151867], [-1.140524, 46.15187], [-1.140623, 46.15188], [-1.14071, 46.151886], [-1.141046, 46.15191], [-1.14105, 46.15196], [-1.141049, 46.151962], [-1.141073, 46.152008], [-1.141116, 46.152046], [-1.141174, 46.152077], [-1.141242, 46.15209], [-1.141312, 46.15209], [-1.141378, 46.152073], [-1.141435, 46.152042], [-1.141487, 46.151993], [-1.141923, 46.152184], [-1.141893, 46.15225], [-1.141878, 46.152298], [-1.141837, 46.152397], [-1.141797, 46.152496], [-1.141738, 46.15267], [-1.141227, 46.152576]]}}, {"type": "Feature", "properties": {"route_short_name": "140E", "route_long_name": "140E - LA ROCHELLE - NIORT", "shape_id": "CHARENTE_MARITIME:JourneyPattern:4995_D7E806A92D293B64AAF2D0D794659918", "n_points": 1816, "n_shape_variants_in_source": 4}, "geometry": {"type": "LineString", "coordinates": [[-1.141221, 46.152576], [-1.141738, 46.15267], [-1.141797, 46.152496], [-1.141837, 46.152397], [-1.141878, 46.152298], [-1.141893, 46.15225], [-1.141923, 46.152184], [-1.141487, 46.151993], [-1.141496, 46.15196], [-1.141497, 46.151913], [-1.141479, 46.15187], [-1.141444, 46.151833], [-1.141394, 46.151802], [-1.141324, 46.15178], [-1.141248, 46.151775], [-1.141175, 46.15179], [-1.141113, 46.15182], [-1.141068, 46.151863], [-1.141046, 46.15191], [-1.14071, 46.151886], [-1.140623, 46.15188], [-1.140524, 46.15187], [-1.140347, 46.151867], [-1.140177, 46.151844], [-1.140018, 46.151863], [-1.139939, 46.151882], [-1.139903, 46.151894], [-1.139795, 46.151913], [-1.139745, 46.151928], [-1.139703, 46.151894], [-1.139652, 46.151867], [-1.139588, 46.151844], [-1.139518, 46.151833], [-1.139445, 46.15183], [-1.139374, 46.151836], [-1.139307, 46.15185], [-1.139247, 46.151875], [-1.139195, 46.15191], [-1.139071, 46.151905], [-1.138838, 46.15188], [-1.138436, 46.151817], [-1.138208, 46.151775], [-1.138084, 46.15176], [-1.13796, 46.15176], [-1.137743, 46.1518], [-1.137568, 46.151867], [-1.137415, 46.15197], [-1.137318, 46.152107], [-1.137051, 46.15275], [-1.136931, 46.15307], [-1.136817, 46.153385], [-1.136607, 46.153976], [-1.136526, 46.15415], [-1.136343, 46.15445], [-1.136253, 46.154552], [-1.136088, 46.15475], [-1.136009, 46.154827], [-1.135994, 46.154842], [-1.135911, 46.154915], [-1.135782, 46.15502], [-1.135751, 46.155045], [-1.135738, 46.155056], [-1.135666, 46.15511], [-1.135427, 46.155277], [-1.1351, 46.15546], [-1.134761, 46.155617], [-1.134378, 46.15576], [-1.13416, 46.15582], [-1.133989, 46.155865], [-1.133716, 46.15592], [-1.133416, 46.155964], [-1.133259, 46.15598], [-1.132915, 46.156013], [-1.131838, 46.156116], [-1.131388, 46.156155], [-1.130998, 46.156185], [-1.130709, 46.15621], [-1.130604, 46.15622], [-1.130081, 46.156265], [-1.128878, 46.156372], [-1.12823, 46.156418], [-1.127358, 46.156498], [-1.126872, 46.156544], [-1.126771, 46.156548], [-1.126617, 46.15656], [-1.12649, 46.156567], [-1.126458, 46.15657], [-1.125924, 46.156616], [-1.125303, 46.156673], [-1.124885, 46.15671], [-1.124876, 46.15671], [-1.123896, 46.1568], [-1.123767, 46.15681], [-1.123629, 46.156815], [-1.123125, 46.15683], [-1.122616, 46.156845], [-1.122506, 46.15685], [-1.122354, 46.15684], [-1.122238, 46.156837], [-1.1218, 46.156815], [-1.121302, 46.156776], [-1.120658, 46.156708], [-1.120638, 46.156708], [-1.120435, 46.156677], [-1.120096, 46.156628], [-1.119919, 46.156593], [-1.119743, 46.156563], [-1.119547, 46.15651], [-1.119255, 46.15642], [-1.118871, 46.15627], [-1.118737, 46.156193], [-1.118652, 46.156143], [-1.118562, 46.156094], [-1.118432, 46.156013], [-1.118415, 46.156006], [-1.118108, 46.15576], [-1.117094, 46.15465], [-1.117025, 46.154575], [-1.11698, 46.154526], [-1.116869, 46.154415], [-1.116603, 46.1541], [-1.1164, 46.153866], [-1.116197, 46.15364], [-1.11617, 46.15361], [-1.116074, 46.15342], [-1.115931, 46.15324], [-1.115857, 46.153168], [-1.115747, 46.153088], [-1.11568, 46.153046], [-1.115621, 46.153008], [-1.115579, 46.152966], [-1.115544, 46.15292], [-1.115513, 46.15285], [-1.115518, 46.152775], [-1.1155, 46.152706], [-1.115463, 46.15265], [-1.11539, 46.15258], [-1.115267, 46.15252], [-1.115157, 46.152496], [-1.115077, 46.15249], [-1.114937, 46.1525], [-1.114897, 46.152515], [-1.114808, 46.15255], [-1.114723, 46.15261], [-1.114663, 46.15268], [-1.114633, 46.15276], [-1.114633, 46.15284], [-1.114505, 46.15294], [-1.114254, 46.153088], [-1.114138, 46.153122], [-1.113556, 46.15331], [-1.113489, 46.153328], [-1.113301, 46.15338], [-1.11296, 46.153408], [-1.112819, 46.153378], [-1.112683, 46.15332], [-1.112476, 46.153187], [-1.11222, 46.1531], [-1.11197, 46.15307], [-1.111683, 46.15309], [-1.11151, 46.153137], [-1.11135, 46.153206], [-1.111129, 46.15336], [-1.111058, 46.153454], [-1.110998, 46.153572], [-1.110971, 46.15369], [-1.110987, 46.153896], [-1.111021, 46.153954], [-1.111167, 46.15415], [-1.111206, 46.154175], [-1.111332, 46.154255], [-1.111364, 46.154408], [-1.111372, 46.154484], [-1.111361, 46.15455], [-1.111336, 46.1546], [-1.11129, 46.154648], [-1.111228, 46.1547], [-1.110741, 46.155014], [-1.110509, 46.155163], [-1.110406, 46.155228], [-1.110119, 46.15542], [-1.109388, 46.155895], [-1.109239, 46.15599], [-1.109239, 46.15599], [-1.109011, 46.15614], [-1.108897, 46.156204], [-1.10881, 46.156235], [-1.108754, 46.15624], [-1.108677, 46.15626], [-1.108616, 46.1563], [-1.108576, 46.15635], [-1.108566, 46.15638], [-1.108565, 46.15641], [-1.108444, 46.156513], [-1.107015, 46.157444], [-1.106775, 46.157597], [-1.10496, 46.15878], [-1.104262, 46.159184], [-1.103713, 46.15946], [-1.103344, 46.15963], [-1.102997, 46.15976], [-1.102864, 46.159782], [-1.10279, 46.159794], [-1.102709, 46.159782], [-1.102628, 46.159794], [-1.102569, 46.159813], [-1.102519, 46.15984], [-1.102482, 46.159878], [-1.102458, 46.15993], [-1.102362, 46.159996], [-1.102293, 46.160023], [-1.102041, 46.160126], [-1.101643, 46.160275], [-1.101391, 46.160362], [-1.100592, 46.16062], [-1.100013, 46.160793], [-1.099551, 46.160896], [-1.097861, 46.161224], [-1.096813, 46.16141], [-1.096196, 46.161522], [-1.095844, 46.161583], [-1.094154, 46.161884], [-1.093991, 46.16189], [-1.093916, 46.16189], [-1.093851, 46.161858], [-1.093775, 46.161842], [-1.093703, 46.161842], [-1.093636, 46.16186], [-1.093579, 46.161892], [-1.09354, 46.16193], [-1.093517, 46.161972], [-1.093451, 46.162], [-1.093328, 46.16203], [-1.093069, 46.162075], [-1.0930648, 46.162075], [-1.093025, 46.162083], [-1.090756, 46.162483], [-1.090473, 46.16252], [-1.090291, 46.16254], [-1.090111, 46.162548], [-1.089979, 46.16255], [-1.089889, 46.162537], [-1.089787, 46.162506], [-1.089714, 46.162487], [-1.089642, 46.162426], [-1.08955, 46.162376], [-1.089444, 46.16235], [-1.089335, 46.16234], [-1.089226, 46.16235], [-1.089125, 46.162376], [-1.089029, 46.162426], [-1.088994, 46.162457], [-1.088857, 46.16248], [-1.088729, 46.162487], [-1.087798, 46.162403], [-1.0874, 46.162327], [-1.087011, 46.16223], [-1.086623, 46.16212], [-1.0841, 46.16129], [-1.081401, 46.1604], [-1.081145, 46.160313], [-1.080382, 46.16005], [-1.080148, 46.15996], [-1.079697, 46.15977], [-1.079379, 46.15963], [-1.074603, 46.157425], [-1.074077, 46.15718], [-1.073283, 46.15676], [-1.072945, 46.156586], [-1.07282, 46.1565], [-1.072762, 46.15646], [-1.07274, 46.156387], [-1.072692, 46.15632], [-1.072621, 46.15626], [-1.072521, 46.156216], [-1.072406, 46.15619], [-1.072285, 46.156185], [-1.072187, 46.1562], [-1.072097, 46.15623], [-1.072011, 46.15628], [-1.071945, 46.15634], [-1.071905, 46.156414], [-1.071893, 46.156494], [-1.071904, 46.156555], [-1.071935, 46.156616], [-1.071974, 46.15666], [-1.071993, 46.15668], [-1.072072, 46.15673], [-1.072166, 46.15677], [-1.072237, 46.15686], [-1.072293, 46.157116], [-1.072267, 46.157658], [-1.072244, 46.15819], [-1.07221, 46.158604], [-1.072089, 46.158993], [-1.071902, 46.159306], [-1.071682, 46.15957], [-1.071448, 46.159782], [-1.07114, 46.159992], [-1.070685, 46.160282], [-1.070352, 46.160553], [-1.070117, 46.160824], [-1.069986, 46.16103], [-1.06984, 46.161316], [-1.069803, 46.16139], [-1.069615, 46.161785], [-1.06927, 46.16246], [-1.069078, 46.162834], [-1.0684, 46.164173], [-1.068321, 46.16437], [-1.067948, 46.165344], [-1.067605, 46.1664], [-1.067216, 46.167744], [-1.067049, 46.16825], [-1.066442, 46.169994], [-1.066377, 46.170162], [-1.066255, 46.17046], [-1.066145, 46.170692], [-1.064956, 46.172485], [-1.064738, 46.172874], [-1.064568, 46.173214], [-1.064482, 46.173508], [-1.064456, 46.173714], [-1.064484, 46.173874], [-1.064542, 46.174023], [-1.06463, 46.174164], [-1.064749, 46.174305], [-1.064814, 46.1744], [-1.064968, 46.174637], [-1.06493, 46.17471], [-1.064928, 46.174786], [-1.064962, 46.17486], [-1.06502, 46.17491], [-1.065097, 46.174953], [-1.065181, 46.174976], [-1.06527, 46.174984], [-1.065359, 46.174973], [-1.065449, 46.17494], [-1.065685, 46.175003], [-1.065804, 46.17503], [-1.065933, 46.17504], [-1.066053, 46.175022], [-1.066203, 46.174965], [-1.066609, 46.174763], [-1.066719, 46.174725], [-1.06684, 46.174713], [-1.06695, 46.17473], [-1.06706, 46.17476], [-1.067262, 46.174927], [-1.067297, 46.174953], [-1.06763, 46.175224], [-1.067778, 46.175343], [-1.068144, 46.175632], [-1.068378, 46.17578], [-1.068428, 46.17581], [-1.068593, 46.175915], [-1.068901, 46.17616], [-1.069114, 46.176304], [-1.069185, 46.176376], [-1.069214, 46.176445], [-1.069209, 46.17648], [-1.069213, 46.176517], [-1.069225, 46.176556], [-1.069261, 46.17661], [-1.069314, 46.176655], [-1.069382, 46.17669], [-1.06946, 46.17671], [-1.069544, 46.176716], [-1.069606, 46.176712], [-1.069667, 46.1767], [-1.069723, 46.17668], [-1.069773, 46.176655], [-1.069814, 46.17662], [-1.070013, 46.176632], [-1.070505, 46.176723], [-1.071573, 46.177032], [-1.071846, 46.1771], [-1.072111, 46.17715], [-1.072383, 46.177185], [-1.072693, 46.177208], [-1.073556, 46.17724], [-1.074405, 46.17728], [-1.075274, 46.177307], [-1.076956, 46.177376], [-1.077732, 46.1774], [-1.078567, 46.177437], [-1.079962, 46.17749], [-1.081532, 46.177563], [-1.081843, 46.177574], [-1.082802, 46.177612], [-1.083771, 46.177635], [-1.084763, 46.177677], [-1.08608, 46.177715], [-1.086442, 46.17774], [-1.08677, 46.177773], [-1.087074, 46.177822], [-1.087384, 46.177906], [-1.087674, 46.178005], [-1.087918, 46.178112], [-1.088142, 46.178234], [-1.088362, 46.17838], [-1.088551, 46.178524], [-1.088832, 46.17877], [-1.089675, 46.17953], [-1.089862, 46.179825], [-1.089957, 46.179966], [-1.089985, 46.180008], [-1.089963, 46.18006], [-1.089959, 46.180115], [-1.089972, 46.18017], [-1.090002, 46.180214], [-1.090069, 46.180275], [-1.090078, 46.18034], [-1.090087, 46.180397], [-1.090082, 46.18046], [-1.090061, 46.180504], [-1.090034, 46.18054], [-1.089998, 46.18057], [-1.089949, 46.1806], [-1.089308, 46.180992], [-1.089189, 46.18106], [-1.089075, 46.18112], [-1.088946, 46.181187], [-1.088817, 46.181244], [-1.088627, 46.18132], [-1.087503, 46.18174], [-1.083957, 46.182724], [-1.083333, 46.1829], [-1.082702, 46.183083], [-1.082393, 46.183174], [-1.082085, 46.18327], [-1.081694, 46.18341], [-1.081501, 46.183483], [-1.081308, 46.18356], [-1.080902, 46.183723], [-1.080513, 46.183884], [-1.08023, 46.18401], [-1.079949, 46.18414], [-1.079674, 46.18427], [-1.079404, 46.1844], [-1.079024, 46.184597], [-1.078654, 46.184795], [-1.078217, 46.185047], [-1.077924, 46.185223], [-1.077636, 46.1854], [-1.077429, 46.185535], [-1.077225, 46.185673], [-1.076748, 46.186], [-1.075352, 46.18698], [-1.073614, 46.188206], [-1.071771, 46.189507], [-1.070058, 46.19071], [-1.069773, 46.190907], [-1.069487, 46.191105], [-1.069197, 46.191303], [-1.068905, 46.191498], [-1.068651, 46.191658], [-1.068397, 46.191814], [-1.068137, 46.191967], [-1.067874, 46.19212], [-1.067603, 46.192276], [-1.06733, 46.19243], [-1.067051, 46.192577], [-1.066772, 46.192726], [-1.066577, 46.192825], [-1.06638, 46.192924], [-1.066181, 46.193024], [-1.065982, 46.19312], [-1.065576, 46.19331], [-1.065168, 46.193493], [-1.064733, 46.193684], [-1.064292, 46.193867], [-1.06385, 46.194042], [-1.063628, 46.194126], [-1.063401, 46.194214], [-1.062987, 46.194363], [-1.062571, 46.194508], [-1.062145, 46.194645], [-1.061714, 46.194786], [-1.06139, 46.194885], [-1.061055, 46.194984], [-1.060743, 46.19507], [-1.060431, 46.19515], [-1.060127, 46.195225], [-1.059822, 46.195297], [-1.059393, 46.195396], [-1.059176, 46.195446], [-1.058958, 46.19549], [-1.058647, 46.195557], [-1.058334, 46.195618], [-1.058019, 46.19568], [-1.057703, 46.195736], [-1.057473, 46.195774], [-1.05724, 46.195812], [-1.056774, 46.19588], [-1.056432, 46.19593], [-1.056088, 46.19598], [-1.054224, 46.196228], [-1.053747, 46.196293], [-1.049863, 46.196823], [-1.047787, 46.197105], [-1.047444, 46.197155], [-1.047101, 46.19721], [-1.046758, 46.197266], [-1.046413, 46.197327], [-1.04607, 46.197395], [-1.045734, 46.19747], [-1.045399, 46.197544], [-1.045066, 46.197624], [-1.044732, 46.197712], [-1.044402, 46.197803], [-1.044072, 46.197895], [-1.042895, 46.198242], [-1.042342, 46.198414], [-1.042064, 46.198494], [-1.041784, 46.198574], [-1.041496, 46.198654], [-1.041207, 46.19873], [-1.040963, 46.19879], [-1.040719, 46.19885], [-1.040469, 46.198906], [-1.040216, 46.198963], [-1.039968, 46.199013], [-1.039718, 46.19906], [-1.039491, 46.1991], [-1.039264, 46.19914], [-1.039063, 46.19917], [-1.038863, 46.1992], [-1.038537, 46.19924], [-1.038209, 46.199284], [-1.03791, 46.199318], [-1.037656, 46.199352], [-1.037415, 46.19938], [-1.037004, 46.199413], [-1.036463, 46.19945], [-1.035762, 46.199505], [-1.03533, 46.19954], [-1.034948, 46.199574], [-1.034418, 46.199627], [-1.034111, 46.19966], [-1.033761, 46.199707], [-1.033421, 46.19974], [-1.033116, 46.199783], [-1.032812, 46.199833], [-1.032373, 46.1999], [-1.031935, 46.199978], [-1.031468, 46.20006], [-1.031, 46.200157], [-1.030446, 46.20028], [-1.029987, 46.20035], [-1.029565, 46.200436], [-1.029313, 46.200455], [-1.029165, 46.20046], [-1.029025, 46.20046], [-1.028875, 46.20045], [-1.028733, 46.20043], [-1.028405, 46.200397], [-1.028219, 46.20037], [-1.027954, 46.200336], [-1.027764, 46.200317], [-1.02759, 46.20032], [-1.027444, 46.200344], [-1.027321, 46.200386], [-1.027225, 46.20043], [-1.02714, 46.2005], [-1.027081, 46.200573], [-1.027053, 46.200626], [-1.02703, 46.200706], [-1.027025, 46.200787], [-1.027048, 46.200882], [-1.027078, 46.20097], [-1.027126, 46.201057], [-1.027315, 46.20144], [-1.027394, 46.201626], [-1.027442, 46.201763], [-1.027473, 46.2019], [-1.027486, 46.202], [-1.027484, 46.202118], [-1.027463, 46.20219], [-1.027445, 46.202236], [-1.02738, 46.202274], [-1.027326, 46.20232], [-1.027286, 46.202374], [-1.02726, 46.20243], [-1.02725, 46.202503], [-1.027263, 46.202576], [-1.027301, 46.202644], [-1.027348, 46.202698], [-1.027408, 46.20274], [-1.027479, 46.202778], [-1.027558, 46.2028], [-1.027634, 46.202816], [-1.027733, 46.20282], [-1.027831, 46.202812], [-1.027924, 46.20279], [-1.028007, 46.20275], [-1.028078, 46.2027], [-1.028139, 46.202637], [-1.028231, 46.202602], [-1.028306, 46.202583], [-1.028381, 46.202564], [-1.028464, 46.202557], [-1.028601, 46.202553], [-1.028654, 46.202545], [-1.028764, 46.202538], [-1.028958, 46.202503], [-1.029152, 46.20248], [-1.029685, 46.20231], [-1.029951, 46.202232], [-1.030277, 46.202126], [-1.030427, 46.202072], [-1.03045, 46.20207], [-1.030471, 46.202065], [-1.0304792, 46.202065], [-1.030538, 46.20206], [-1.030562, 46.202057], [-1.030592, 46.202053], [-1.030759, 46.202], [-1.030859, 46.20197], [-1.030926, 46.20195], [-1.031009, 46.201927], [-1.03111, 46.20188], [-1.031181, 46.20185], [-1.031423, 46.20178], [-1.031443, 46.20177], [-1.031504, 46.201744], [-1.031539, 46.20174], [-1.031572, 46.201733], [-1.031599, 46.201717], [-1.031623, 46.201694], [-1.031635, 46.201668], [-1.031635, 46.20164], [-1.031623, 46.201614], [-1.0316, 46.20159], [-1.031571, 46.201576], [-1.031536, 46.201565], [-1.031498, 46.20153], [-1.031458, 46.201496], [-1.031354, 46.201435], [-1.031263, 46.201397], [-1.031138, 46.201324], [-1.030784, 46.201122], [-1.030771, 46.201115], [-1.030594, 46.20101], [-1.030469, 46.20093], [-1.030348, 46.200848], [-1.03023, 46.200775], [-1.030093, 46.200684], [-1.02949, 46.200256], [-1.029366, 46.20017], [-1.02917, 46.200066], [-1.028976, 46.199966], [-1.028775, 46.199867], [-1.028376, 46.199673], [-1.028174, 46.19957], [-1.027979, 46.19947], [-1.027882, 46.19948], [-1.027818, 46.199497], [-1.027755, 46.19952], [-1.027651, 46.199577], [-1.027596, 46.19964], [-1.027463, 46.19977], [-1.027038, 46.20019], [-1.026944, 46.2003], [-1.026865, 46.20041], [-1.026802, 46.200527], [-1.02675, 46.200645], [-1.026636, 46.200943], [-1.02658, 46.20106], [-1.026508, 46.201183], [-1.026443, 46.20127], [-1.02637, 46.201355], [-1.026312, 46.201405], [-1.02625, 46.201443], [-1.02591, 46.20165], [-1.025642, 46.20175], [-1.025376, 46.201862], [-1.025109, 46.20197], [-1.024845, 46.20208], [-1.024316, 46.202312], [-1.024056, 46.202435], [-1.0238, 46.202557], [-1.023425, 46.202736], [-1.023055, 46.20292], [-1.022413, 46.203243], [-1.021262, 46.203808], [-1.018638, 46.20511], [-1.017575, 46.205597], [-1.016525, 46.206047], [-1.015659, 46.20637], [-1.015206, 46.206524], [-1.014133, 46.20687], [-1.003362, 46.21007], [-1.002188, 46.210434], [-0.992157, 46.21341], [-0.985442, 46.21541], [-0.974034, 46.21879], [-0.950809, 46.225647], [-0.949489, 46.226048], [-0.948333, 46.22646], [-0.94715, 46.2269], [-0.946185, 46.227253], [-0.945605, 46.22745], [-0.944804, 46.227695], [-0.944275, 46.22784], [-0.943671, 46.22799], [-0.943167, 46.228107], [-0.942739, 46.22819], [-0.942285, 46.228275], [-0.941603, 46.228416], [-0.94105, 46.228523], [-0.940322, 46.22863], [-0.939728, 46.228714], [-0.938987, 46.2288], [-0.938237, 46.228886], [-0.937749, 46.22893], [-0.937235, 46.228966], [-0.936712, 46.228996], [-0.935876, 46.229034], [-0.935389, 46.229046], [-0.934517, 46.229046], [-0.933632, 46.22903], [-0.9328, 46.228996], [-0.931886, 46.228935], [-0.931432, 46.2289], [-0.930799, 46.22884], [-0.93032, 46.228783], [-0.929445, 46.228657], [-0.928315, 46.22847], [-0.927723, 46.228363], [-0.92724, 46.228268], [-0.926593, 46.228123], [-0.925946, 46.22797], [-0.925393, 46.22782], [-0.924874, 46.227676], [-0.924352, 46.22752], [-0.923815, 46.227364], [-0.923162, 46.22717], [-0.922718, 46.22704], [-0.922061, 46.226856], [-0.921489, 46.22671], [-0.920742, 46.226547], [-0.920038, 46.226418], [-0.919505, 46.22634], [-0.919003, 46.22628], [-0.918368, 46.22622], [-0.917587, 46.226154], [-0.916839, 46.22611], [-0.91542, 46.22607], [-0.914698, 46.226055], [-0.913845, 46.22606], [-0.913097, 46.226067], [-0.911144, 46.226105], [-0.909192, 46.226147], [-0.907288, 46.226177], [-0.905385, 46.226215], [-0.903078, 46.226265], [-0.901122, 46.226295], [-0.89989, 46.22632], [-0.898602, 46.22635], [-0.897263, 46.22637], [-0.895821, 46.2264], [-0.894541, 46.226425], [-0.893014, 46.22645], [-0.891153, 46.226494], [-0.889249, 46.226524], [-0.887318, 46.226566], [-0.885958, 46.22659], [-0.88561, 46.226597], [-0.884459, 46.226627], [-0.883906, 46.22665], [-0.883094, 46.226692], [-0.882749, 46.22671], [-0.882129, 46.226746], [-0.88186, 46.226757], [-0.881347, 46.226772], [-0.881187, 46.226727], [-0.880897, 46.226727], [-0.880733, 46.226715], [-0.88045, 46.226692], [-0.880297, 46.226665], [-0.880183, 46.226627], [-0.880123, 46.226574], [-0.880081, 46.226505], [-0.880065, 46.226437], [-0.880067, 46.22623], [-0.880087, 46.226093], [-0.88009, 46.225964], [-0.88008, 46.225895], [-0.88008, 46.225815], [-0.88009, 46.225636], [-0.880086, 46.22551], [-0.880057, 46.225388], [-0.87999, 46.22528], [-0.879875, 46.22518], [-0.879687, 46.22505], [-0.879563, 46.224957], [-0.879556, 46.22495], [-0.87946, 46.22486], [-0.879464, 46.224754], [-0.879415, 46.22466], [-0.87932, 46.22458], [-0.87919, 46.224525], [-0.87908, 46.22451], [-0.878968, 46.224514], [-0.878862, 46.22454], [-0.87873, 46.22461], [-0.878648, 46.22471], [-0.878627, 46.224823], [-0.878671, 46.224934], [-0.878773, 46.22502], [-0.878918, 46.22508], [-0.878933, 46.22516], [-0.878952, 46.22525], [-0.878935, 46.225445], [-0.878516, 46.22612], [-0.878408, 46.226353], [-0.878359, 46.22661], [-0.878358, 46.226727], [-0.878376, 46.226948], [-0.878397, 46.227085], [-0.878436, 46.22725], [-0.878785, 46.228584], [-0.878759, 46.22882], [-0.878733, 46.228897], [-0.878629, 46.228954], [-0.878557, 46.22903], [-0.878525, 46.22912], [-0.878536, 46.22921], [-0.878515, 46.229267], [-0.878475, 46.22932], [-0.878443, 46.22936], [-0.878393, 46.22939], [-0.87836, 46.229412], [-0.878311, 46.22943], [-0.878212, 46.229465], [-0.878076, 46.2295], [-0.877951, 46.22952], [-0.877669, 46.229553], [-0.877611, 46.22956], [-0.877573, 46.229565], [-0.877535, 46.22957], [-0.877514, 46.22957], [-0.877414, 46.22954], [-0.877374, 46.22954], [-0.877313, 46.229546], [-0.877288, 46.229557], [-0.877283, 46.22956], [-0.877251, 46.229584], [-0.877169, 46.229607], [-0.877146, 46.22961], [-0.877106, 46.229614], [-0.87705, 46.229607], [-0.876982, 46.229595], [-0.8769527, 46.229588], [-0.876944, 46.229588], [-0.876899, 46.229576], [-0.87681, 46.229553], [-0.876764, 46.22954], [-0.876706, 46.22951], [-0.876677, 46.229485], [-0.876642, 46.229465], [-0.876579, 46.229446], [-0.876514, 46.229446], [-0.87647, 46.229446], [-0.876447, 46.229446], [-0.876421, 46.229473], [-0.876403, 46.229496], [-0.8764, 46.22952], [-0.876428, 46.22954], [-0.876467, 46.229565], [-0.876515, 46.229584], [-0.876583, 46.229588], [-0.876645, 46.22958], [-0.876751, 46.229588], [-0.876789, 46.2296], [-0.876909, 46.22963], [-0.877046, 46.229652], [-0.87717, 46.229664], [-0.877186, 46.229664], [-0.877272, 46.229656], [-0.877331, 46.229675], [-0.877384, 46.229683], [-0.877427, 46.229683], [-0.877448, 46.229683], [-0.877511, 46.229664], [-0.877535, 46.229637], [-0.877684, 46.229607], [-0.877768, 46.22959], [-0.878056, 46.229553], [-0.878205, 46.22953], [-0.878352, 46.229492], [-0.878455, 46.229465], [-0.878516, 46.229446], [-0.878629, 46.229404], [-0.878748, 46.229385], [-0.8788, 46.229404], [-0.878917, 46.229416], [-0.879033, 46.229404], [-0.879154, 46.229362], [-0.879248, 46.229298], [-0.879284, 46.229256], [-0.879304, 46.229214], [-0.879314, 46.2291], [-0.879287, 46.229034], [-0.879276, 46.22901], [-0.879217, 46.22896], [-0.879071, 46.228886], [-0.87899, 46.22887], [-0.878951, 46.228867], [-0.878924, 46.228825], [-0.878785, 46.228584], [-0.878436, 46.22725], [-0.878397, 46.227085], [-0.878376, 46.226948], [-0.878358, 46.226727], [-0.878359, 46.22661], [-0.878408, 46.226353], [-0.878516, 46.22612], [-0.878935, 46.225445], [-0.878992, 46.225372], [-0.879075, 46.225224], [-0.879113, 46.225166], [-0.879174, 46.22508], [-0.879272, 46.225048], [-0.879356, 46.225], [-0.879507, 46.22501], [-0.879687, 46.22505], [-0.879875, 46.22518], [-0.87999, 46.22528], [-0.880057, 46.225388], [-0.880086, 46.22551], [-0.88009, 46.225636], [-0.88008, 46.225815], [-0.88008, 46.225895], [-0.88009, 46.225964], [-0.880087, 46.226093], [-0.880067, 46.22623], [-0.880012, 46.22638], [-0.879961, 46.226536], [-0.879922, 46.226616], [-0.879885, 46.226665], [-0.879828, 46.22671], [-0.87975, 46.226738], [-0.879675, 46.226753], [-0.879328, 46.22676], [-0.879179, 46.22681], [-0.878644, 46.226807], [-0.878314, 46.226803], [-0.878028, 46.226795], [-0.877276, 46.22677], [-0.876446, 46.22671], [-0.875657, 46.22663], [-0.875493, 46.22661], [-0.875295, 46.226585], [-0.874929, 46.226536], [-0.873121, 46.226284], [-0.871228, 46.22602], [-0.869549, 46.22578], [-0.868494, 46.225636], [-0.867176, 46.225452], [-0.865161, 46.225166], [-0.863951, 46.225], [-0.862934, 46.224854], [-0.861029, 46.224586], [-0.859126, 46.224323], [-0.857231, 46.224052], [-0.856087, 46.223896], [-0.855444, 46.22382], [-0.854805, 46.223763], [-0.853997, 46.2237], [-0.853079, 46.22365], [-0.852297, 46.22363], [-0.851146, 46.223625], [-0.850148, 46.22365], [-0.849227, 46.223698], [-0.848244, 46.223774], [-0.84734, 46.223866], [-0.843291, 46.224358], [-0.842305, 46.22448], [-0.841238, 46.22458], [-0.840555, 46.22462], [-0.839886, 46.224648], [-0.839297, 46.224663], [-0.838357, 46.224655], [-0.837671, 46.22463], [-0.837043, 46.22459], [-0.835994, 46.224487], [-0.83505, 46.22437], [-0.833195, 46.224144], [-0.8313, 46.223915], [-0.829372, 46.223686], [-0.82788, 46.2235], [-0.826687, 46.22337], [-0.825236, 46.22319], [-0.82303, 46.222923], [-0.821445, 46.222736], [-0.819592, 46.222507], [-0.817291, 46.222237], [-0.815375, 46.222], [-0.814269, 46.221863], [-0.811597, 46.221542], [-0.809882, 46.221333], [-0.805972, 46.22086], [-0.805119, 46.220753], [-0.803666, 46.220577], [-0.801241, 46.220287], [-0.799575, 46.22008], [-0.797173, 46.219788], [-0.795485, 46.21958], [-0.792636, 46.219223], [-0.79112, 46.21903], [-0.786529, 46.218464], [-0.784377, 46.21819], [-0.781323, 46.217804], [-0.778112, 46.2174], [-0.777061, 46.21725], [-0.776079, 46.21709], [-0.775411, 46.216965], [-0.774578, 46.216785], [-0.773756, 46.216576], [-0.773056, 46.216385], [-0.772514, 46.216225], [-0.771994, 46.216057], [-0.771463, 46.215878], [-0.770929, 46.21568], [-0.770388, 46.215466], [-0.76956, 46.21513], [-0.768646, 46.214706], [-0.767335, 46.214054], [-0.766403, 46.21358], [-0.765746, 46.21328], [-0.765046, 46.212982], [-0.764554, 46.212795], [-0.763828, 46.21254], [-0.762979, 46.21228], [-0.762431, 46.21213], [-0.761506, 46.211914], [-0.760749, 46.211773], [-0.759864, 46.21163], [-0.759085, 46.211536], [-0.758421, 46.21148], [-0.757572, 46.211433], [-0.756871, 46.211414], [-0.755673, 46.211414], [-0.754135, 46.21143], [-0.751709, 46.21146], [-0.750783, 46.21145], [-0.750032, 46.211426], [-0.748991, 46.211357], [-0.748312, 46.21129], [-0.7476, 46.21121], [-0.746426, 46.211044], [-0.745722, 46.210922], [-0.744976, 46.210773], [-0.744409, 46.210655], [-0.743691, 46.210476], [-0.742983, 46.21029], [-0.741685, 46.20991], [-0.739653, 46.209312], [-0.737779, 46.20876], [-0.734164, 46.207687], [-0.732743, 46.20727], [-0.730903, 46.20672], [-0.729195, 46.206207], [-0.727576, 46.205723], [-0.725592, 46.205124], [-0.719237, 46.203213], [-0.714734, 46.20187], [-0.714472, 46.201794], [-0.713107, 46.20138], [-0.709292, 46.200233], [-0.703799, 46.198605], [-0.701678, 46.19796], [-0.701012, 46.197754], [-0.699442, 46.197285], [-0.698112, 46.196884], [-0.697251, 46.196598], [-0.696262, 46.19624], [-0.695435, 46.195965], [-0.694842, 46.19578], [-0.693425, 46.195377], [-0.692091, 46.194992], [-0.691396, 46.19478], [-0.690369, 46.194447], [-0.689688, 46.194206], [-0.689274, 46.194073], [-0.688257, 46.19375], [-0.687666, 46.19355], [-0.68703, 46.19331], [-0.686477, 46.19308], [-0.685866, 46.192806], [-0.685265, 46.19252], [-0.683799, 46.191753], [-0.683081, 46.19134], [-0.681968, 46.190678], [-0.681452, 46.190384], [-0.680671, 46.189915], [-0.679802, 46.189373], [-0.679419, 46.189133], [-0.679069, 46.188915], [-0.678651, 46.188683], [-0.678232, 46.188484], [-0.677818, 46.18832], [-0.677379, 46.18818], [-0.677028, 46.188084], [-0.676574, 46.18798], [-0.675885, 46.18787], [-0.67558, 46.18784], [-0.675017, 46.187805], [-0.674492, 46.18781], [-0.674104, 46.18783], [-0.67376, 46.187862], [-0.673478, 46.187904], [-0.673232, 46.18788], [-0.673018, 46.187874], [-0.672862, 46.187847], [-0.672694, 46.187786], [-0.672554, 46.18768], [-0.672451, 46.187485], [-0.672455, 46.18738], [-0.672479, 46.187298], [-0.672524, 46.187225], [-0.672583, 46.187164], [-0.672683, 46.187103], [-0.672791, 46.187054], [-0.672972, 46.18699], [-0.673312, 46.18691], [-0.673409, 46.186928], [-0.673543, 46.186962], [-0.6736, 46.187], [-0.673815, 46.187668], [-0.673995, 46.188034], [-0.674107, 46.188175], [-0.67424, 46.188305], [-0.674416, 46.188454], [-0.6746, 46.18859], [-0.67489, 46.188744], [-0.675106, 46.18884], [-0.675267, 46.188904], [-0.676894, 46.189487], [-0.676935, 46.189503], [-0.678131, 46.18994], [-0.678356, 46.190025], [-0.678427, 46.19006], [-0.678141, 46.190372], [-0.678092, 46.190426], [-0.677604, 46.190975], [-0.677642, 46.19099], [-0.677782, 46.191105], [-0.677933, 46.191254], [-0.678137, 46.191486], [-0.678167, 46.19154], [-0.677947, 46.19156], [-0.677812, 46.191574], [-0.677603, 46.191593], [-0.67756, 46.19164], [-0.6775543, 46.19164], [-0.677459, 46.191647], [-0.67736, 46.191654], [-0.677267, 46.191612], [-0.677123, 46.1916], [-0.677061, 46.191586], [-0.677604, 46.190975], [-0.678092, 46.190426], [-0.678141, 46.190372], [-0.678427, 46.19006], [-0.678356, 46.190025], [-0.678131, 46.18994], [-0.676935, 46.189503], [-0.676894, 46.189487], [-0.675267, 46.188904], [-0.675106, 46.18884], [-0.67489, 46.188744], [-0.6746, 46.18859], [-0.674416, 46.188454], [-0.67424, 46.188305], [-0.674107, 46.188175], [-0.673995, 46.188034], [-0.673815, 46.187668], [-0.6736, 46.187], [-0.673567, 46.18685], [-0.673491, 46.18687], [-0.673312, 46.18691], [-0.672972, 46.18699], [-0.672791, 46.187054], [-0.672683, 46.187103], [-0.672583, 46.187164], [-0.672524, 46.187225], [-0.672479, 46.187298], [-0.672455, 46.18738], [-0.672451, 46.187485], [-0.672465, 46.187653], [-0.672462, 46.187756], [-0.672426, 46.18787], [-0.672371, 46.18798], [-0.672304, 46.188065], [-0.672231, 46.188118], [-0.672137, 46.188152], [-0.671724, 46.188293], [-0.671607, 46.18839], [-0.671138, 46.18859], [-0.668752, 46.18971], [-0.667915, 46.190083], [-0.666703, 46.190582], [-0.664632, 46.19144], [-0.663549, 46.191887], [-0.663173, 46.192062], [-0.6627, 46.19233], [-0.662226, 46.192635], [-0.661854, 46.192947], [-0.661482, 46.193295], [-0.661205, 46.193645], [-0.661017, 46.19392], [-0.660828, 46.194244], [-0.660669, 46.194626], [-0.660493, 46.19527], [-0.660379, 46.195908], [-0.660313, 46.196274], [-0.660244, 46.19653], [-0.660136, 46.196815], [-0.659998, 46.197113], [-0.659839, 46.197372], [-0.659732, 46.19753], [-0.659602, 46.1977], [-0.659377, 46.197964], [-0.659194, 46.198154], [-0.659023, 46.19831], [-0.658639, 46.198627], [-0.658379, 46.198803], [-0.658059, 46.199], [-0.657428, 46.199314], [-0.656926, 46.199528], [-0.655133, 46.200203], [-0.654, 46.200657], [-0.651122, 46.20186], [-0.647485, 46.20336], [-0.646015, 46.20398], [-0.644355, 46.20466], [-0.643281, 46.2051], [-0.641153, 46.20596], [-0.640024, 46.206448], [-0.639594, 46.206627], [-0.638075, 46.207268], [-0.636063, 46.20813], [-0.633334, 46.209244], [-0.63166, 46.209923], [-0.629838, 46.210693], [-0.627918, 46.211483], [-0.626626, 46.211987], [-0.626076, 46.212193], [-0.622878, 46.21353], [-0.621092, 46.21428], [-0.619756, 46.214836], [-0.616939, 46.21602], [-0.615286, 46.216705], [-0.614039, 46.217228], [-0.612545, 46.217846], [-0.610828, 46.218567], [-0.60947, 46.219143], [-0.608039, 46.219738], [-0.605831, 46.220665], [-0.604945, 46.221027], [-0.603616, 46.22159], [-0.602314, 46.222126], [-0.601723, 46.22238], [-0.601121, 46.22265], [-0.59949, 46.22339], [-0.597537, 46.224224], [-0.596002, 46.224854], [-0.594968, 46.225285], [-0.594536, 46.225468], [-0.593627, 46.225845], [-0.593317, 46.22598], [-0.593002, 46.226112], [-0.592695, 46.22625], [-0.592388, 46.22639], [-0.592131, 46.226517], [-0.591626, 46.226772], [-0.591123, 46.227047], [-0.590508, 46.227432], [-0.590187, 46.227654], [-0.589912, 46.22785], [-0.589663, 46.228054], [-0.589366, 46.228317], [-0.589067, 46.228607], [-0.588804, 46.228893], [-0.588636, 46.229095], [-0.588393, 46.22942], [-0.588115, 46.22983], [-0.587989, 46.23005], [-0.587843, 46.23032], [-0.587717, 46.23058], [-0.587629, 46.230793], [-0.587452, 46.231247], [-0.587216, 46.23186], [-0.587098, 46.23215], [-0.586982, 46.232403], [-0.58686, 46.23265], [-0.58665, 46.233013], [-0.58637, 46.23342], [-0.586167, 46.233673], [-0.585935, 46.233948], [-0.585666, 46.234238], [-0.585375, 46.234512], [-0.585082, 46.234764], [-0.5847, 46.235073], [-0.584237, 46.235382], [-0.583847, 46.235622], [-0.583626, 46.23575], [-0.583251, 46.23597], [-0.582953, 46.23614], [-0.581914, 46.236748], [-0.580953, 46.237293], [-0.580198, 46.237682], [-0.577523, 46.23909], [-0.5769, 46.23947], [-0.5766, 46.239674], [-0.57633, 46.239864], [-0.575228, 46.24069], [-0.573403, 46.24206], [-0.571742, 46.243298], [-0.571545, 46.243435], [-0.571342, 46.24357], [-0.570987, 46.24379], [-0.570664, 46.243965], [-0.5704, 46.244114], [-0.569917, 46.24435], [-0.569472, 46.24454], [-0.56925, 46.244637], [-0.568979, 46.24474], [-0.567866, 46.24516], [-0.564057, 46.246834], [-0.563316, 46.24715], [-0.560696, 46.248245], [-0.557907, 46.2494], [-0.554831, 46.25067], [-0.55203, 46.25185], [-0.550069, 46.252697], [-0.549636, 46.252926], [-0.548756, 46.253456], [-0.547609, 46.254177], [-0.546456, 46.25489], [-0.545522, 46.255474], [-0.544742, 46.25595], [-0.543587, 46.256653], [-0.541983, 46.25767], [-0.541474, 46.257984], [-0.54041, 46.258644], [-0.539325, 46.25931], [-0.538278, 46.25996], [-0.537665, 46.260338], [-0.537331, 46.260532], [-0.536739, 46.260853], [-0.535285, 46.26161], [-0.533395, 46.26262], [-0.532886, 46.26291], [-0.532468, 46.26318], [-0.532076, 46.26347], [-0.531712, 46.26376], [-0.531352, 46.264076], [-0.530912, 46.264553], [-0.530682, 46.264877], [-0.530419, 46.265293], [-0.530256, 46.26566], [-0.529913, 46.26627], [-0.529607, 46.266827], [-0.527863, 46.270237], [-0.527815, 46.27033], [-0.527205, 46.27158], [-0.527107, 46.271774], [-0.525673, 46.274624], [-0.524612, 46.27668], [-0.524553, 46.276802], [-0.52438, 46.277138], [-0.524269, 46.277336], [-0.524161, 46.2775], [-0.524001, 46.277714], [-0.523816, 46.277943], [-0.523619, 46.278156], [-0.523329, 46.278435], [-0.523072, 46.278664], [-0.522878, 46.278816], [-0.522749, 46.278927], [-0.522168, 46.279385], [-0.521253, 46.2801], [-0.520296, 46.280853], [-0.519703, 46.28132], [-0.518871, 46.28197], [-0.51816, 46.282528], [-0.516343, 46.28396], [-0.515063, 46.284958], [-0.513898, 46.285873], [-0.512931, 46.28664], [-0.512364, 46.28708], [-0.509937, 46.288994], [-0.509761, 46.289097], [-0.509665, 46.289154], [-0.509579, 46.2892], [-0.509522, 46.289223], [-0.509489, 46.28923], [-0.509418, 46.28924], [-0.509385, 46.28924], [-0.509352, 46.28924], [-0.509287, 46.289253], [-0.509228, 46.289272], [-0.509177, 46.289307], [-0.50914, 46.289345], [-0.509117, 46.289387], [-0.50911, 46.289433], [-0.509119, 46.28948], [-0.509102, 46.28956], [-0.509075, 46.2896], [-0.50904, 46.289658], [-0.508892, 46.28981], [-0.507315, 46.29106], [-0.505316, 46.29262], [-0.50417, 46.293533], [-0.503482, 46.294075], [-0.502379, 46.294937], [-0.501528, 46.295605], [-0.500225, 46.29662], [-0.500072, 46.296715], [-0.499981, 46.29676], [-0.499931, 46.296787], [-0.499883, 46.296806], [-0.499836, 46.296825], [-0.499793, 46.29682], [-0.499749, 46.29682], [-0.499684, 46.296837], [-0.499629, 46.296864], [-0.499589, 46.2969], [-0.49957, 46.296936], [-0.499565, 46.296974], [-0.499573, 46.297012], [-0.499553, 46.297066], [-0.499529, 46.29711], [-0.499492, 46.29715], [-0.49939, 46.297237], [-0.499196, 46.29743], [-0.497594, 46.298584], [-0.497415, 46.29871], [-0.496785, 46.299152], [-0.495085, 46.300385], [-0.493269, 46.301678], [-0.492903, 46.301945], [-0.492642, 46.302082], [-0.492546, 46.302143], [-0.492523, 46.302155], [-0.492498, 46.30217], [-0.492426, 46.302208], [-0.492323, 46.302254], [-0.49225, 46.302284], [-0.492207, 46.3023], [-0.492127, 46.302273], [-0.492042, 46.302254], [-0.491967, 46.302242], [-0.491837, 46.302246], [-0.491721, 46.30226], [-0.491632, 46.302284], [-0.491549, 46.30232], [-0.49149, 46.302353], [-0.491411, 46.30241], [-0.491359, 46.30247], [-0.491318, 46.302536], [-0.491298, 46.302597], [-0.49129, 46.30266], [-0.491299, 46.302734], [-0.491326, 46.302807], [-0.491371, 46.30287], [-0.49136, 46.30292], [-0.491344, 46.302963], [-0.491319, 46.303], [-0.49094, 46.303352], [-0.490247, 46.303844], [-0.489946, 46.30407], [-0.489738, 46.30421], [-0.48943, 46.304424], [-0.48914, 46.304623], [-0.488983, 46.304684], [-0.488929, 46.304703], [-0.488822, 46.304726], [-0.488771, 46.304733], [-0.488705, 46.30472], [-0.488646, 46.304726], [-0.488583, 46.304745], [-0.488538, 46.30477], [-0.488513, 46.304806], [-0.488502, 46.304848], [-0.488483, 46.304893], [-0.488434, 46.30498], [-0.488353, 46.305073], [-0.488252, 46.305164], [-0.488173, 46.30523], [-0.4881668, 46.305233], [-0.488136, 46.30526], [-0.488006, 46.30535], [-0.487939, 46.305393], [-0.487896, 46.305416], [-0.487742, 46.305485], [-0.48771, 46.305508], [-0.48769, 46.305527], [-0.487671, 46.305565], [-0.487669, 46.305603], [-0.487641, 46.30565], [-0.487614, 46.305676], [-0.487585, 46.305702], [-0.487334, 46.30588], [-0.487172, 46.306004], [-0.487139, 46.306026], [-0.486956, 46.30616], [-0.486865, 46.306225], [-0.486089, 46.306774], [-0.486071, 46.306786], [-0.486042, 46.306805], [-0.485998, 46.30684], [-0.485945, 46.30688], [-0.485873, 46.30696], [-0.485779, 46.306984], [-0.485698, 46.307014], [-0.485487, 46.307182], [-0.484967, 46.30759], [-0.484846, 46.30768], [-0.484781, 46.307743], [-0.484717, 46.30782], [-0.484659, 46.30786], [-0.484548, 46.30794], [-0.484437, 46.30802], [-0.484017, 46.30833], [-0.483773, 46.308502], [-0.483476, 46.308712], [-0.482981, 46.30901], [-0.482258, 46.309525], [-0.482226, 46.309547], [-0.4822, 46.309566], [-0.482187, 46.309574], [-0.482089, 46.30964], [-0.48197, 46.309715], [-0.481903, 46.309757], [-0.48188, 46.309772], [-0.481814, 46.309822], [-0.481584, 46.31], [-0.481128, 46.310318], [-0.480801, 46.310555], [-0.480047, 46.311096], [-0.479945, 46.31117], [-0.479569, 46.31143], [-0.479482, 46.311497], [-0.479434, 46.311535], [-0.479364, 46.311607], [-0.478865, 46.311962], [-0.478767, 46.3121], [-0.478928, 46.312195], [-0.47897, 46.312218], [-0.478978, 46.31222], [-0.47912, 46.31231], [-0.479435, 46.312515], [-0.479775, 46.31274], [-0.479936, 46.312836], [-0.479961, 46.312855], [-0.480067, 46.31294], [-0.480278, 46.313057], [-0.480555, 46.313156], [-0.480771, 46.31322], [-0.480964, 46.31328], [-0.481093, 46.313313], [-0.481242, 46.313362], [-0.481322, 46.31338], [-0.481401, 46.3134], [-0.481444, 46.31342], [-0.481532, 46.313454], [-0.481621, 46.313496], [-0.481657, 46.31351], [-0.481671, 46.313534], [-0.481678, 46.313557], [-0.481679, 46.313583], [-0.481667, 46.31363], [-0.481528, 46.314034], [-0.481411, 46.314346], [-0.481268, 46.31474], [-0.481245, 46.3148], [-0.481222, 46.314857], [-0.4812, 46.314915], [-0.481102, 46.31518], [-0.481078, 46.31525], [-0.481029, 46.3154], [-0.481006, 46.315475], [-0.480999, 46.3155], [-0.480985, 46.315567], [-0.480968, 46.315662], [-0.480919, 46.315815], [-0.480883, 46.31592], [-0.480795, 46.316154], [-0.480663, 46.31653], [-0.480649, 46.316566], [-0.480619, 46.316628], [-0.480598, 46.316658], [-0.480573, 46.316696], [-0.480523, 46.316704], [-0.480476, 46.316715], [-0.48044, 46.316734], [-0.480421, 46.31675], [-0.480405, 46.31677], [-0.480394, 46.316788], [-0.480386, 46.316807], [-0.480381, 46.316826], [-0.480379, 46.316853], [-0.480385, 46.31687], [-0.480401, 46.3169], [-0.480416, 46.316917], [-0.480435, 46.316933], [-0.480457, 46.316944], [-0.480503, 46.316963], [-0.480555, 46.316975], [-0.480609, 46.316975], [-0.480655, 46.316967], [-0.480696, 46.31695], [-0.480732, 46.316933], [-0.480761, 46.316902], [-0.480805, 46.3169], [-0.480862, 46.316902], [-0.481049, 46.316936], [-0.48171, 46.317055], [-0.481938, 46.317104], [-0.482035, 46.31712], [-0.482211, 46.317142], [-0.48284, 46.317253], [-0.4828738, 46.31726], [-0.482883, 46.31726], [-0.483149, 46.31731], [-0.483466, 46.31737], [-0.483754, 46.317436], [-0.483899, 46.317474], [-0.484035, 46.317516], [-0.484166, 46.317562], [-0.484321, 46.317623], [-0.484463, 46.31769], [-0.484522, 46.317726], [-0.484554, 46.317753], [-0.484545, 46.317787], [-0.484547, 46.317818], [-0.484559, 46.317844], [-0.484583, 46.31788], [-0.484617, 46.3179], [-0.484659, 46.31792], [-0.484719, 46.317936], [-0.484783, 46.317936], [-0.484844, 46.317924], [-0.484901, 46.31795], [-0.484959, 46.317986], [-0.48516, 46.318123], [-0.48525, 46.3182], [-0.485477, 46.31842], [-0.485574, 46.318527], [-0.485648, 46.318626], [-0.485763, 46.318825], [-0.48582, 46.318966], [-0.485865, 46.319107], [-0.48595, 46.319416], [-0.485955, 46.319435], [-0.485991, 46.319588], [-0.486013, 46.31968], [-0.486082, 46.319942], [-0.48631, 46.32076], [-0.486366, 46.320976], [-0.486393, 46.321087], [-0.48642, 46.32121], [-0.486442, 46.32132], [-0.48648, 46.32155], [-0.486495, 46.321655], [-0.486506, 46.32176], [-0.486539, 46.3221], [-0.486545, 46.32221], [-0.48655, 46.322334], [-0.486552, 46.322502], [-0.486553, 46.32268], [-0.486551, 46.322796], [-0.486546, 46.322903], [-0.486541, 46.323017], [-0.486532, 46.32316], [-0.486522, 46.323277], [-0.486513, 46.32339], [-0.486495, 46.323593], [-0.48648, 46.323734], [-0.486429, 46.324085], [-0.486383, 46.324387], [-0.486311, 46.324757], [-0.486256, 46.325012], [-0.486202, 46.325214], [-0.486141, 46.325417], [-0.486057, 46.32566], [-0.485964, 46.32594], [-0.485847, 46.32628], [-0.485809, 46.32639], [-0.485767, 46.32651], [-0.485735, 46.32659], [-0.485659, 46.32678], [-0.485445, 46.32729], [-0.485298, 46.32765], [-0.485062, 46.328167], [-0.484833, 46.328636], [-0.484685, 46.328915], [-0.484538, 46.32917], [-0.484366, 46.32946], [-0.48421, 46.329697], [-0.484064, 46.329906], [-0.483843, 46.33019], [-0.483587, 46.330482], [-0.482911, 46.33126], [-0.482827, 46.33136], [-0.482763, 46.33143], [-0.482708, 46.331493], [-0.482833, 46.33156], [-0.482897, 46.331593], [-0.483047, 46.331676], [-0.48323, 46.331722], [-0.485163, 46.332294], [-0.485213, 46.33231], [-0.485402, 46.332367], [-0.48562, 46.332443], [-0.485654, 46.33246], [-0.485679, 46.33248], [-0.485719, 46.332516], [-0.48572, 46.332558], [-0.48573, 46.3326], [-0.48575, 46.33264], [-0.485779, 46.332676], [-0.485813, 46.332706], [-0.485852, 46.332733], [-0.485897, 46.332756], [-0.485946, 46.33277], [-0.485998, 46.332783], [-0.486052, 46.33279], [-0.486107, 46.33279], [-0.486161, 46.332787], [-0.486208, 46.332775], [-0.486253, 46.332764], [-0.486295, 46.332745], [-0.486333, 46.332726], [-0.486367, 46.3327], [-0.486392, 46.332676], [-0.486413, 46.332653], [-0.486429, 46.332626], [-0.486442, 46.3326], [-0.48645, 46.33257], [-0.486453, 46.332554], [-0.486453, 46.332535], [-0.486579, 46.332397], [-0.486642, 46.332355], [-0.48673, 46.33231], [-0.48692, 46.332237], [-0.487164, 46.332146], [-0.487418, 46.332024], [-0.487607, 46.33194], [-0.48772, 46.33188], [-0.487838, 46.3318], [-0.487948, 46.331715], [-0.488071, 46.331604], [-0.488181, 46.331497], [-0.488254, 46.33141], [-0.488333, 46.3313], [-0.488399, 46.33119], [-0.48845, 46.331074], [-0.488734, 46.33035], [-0.489099, 46.32945], [-0.489394, 46.328693], [-0.489426, 46.328575], [-0.48944, 46.328472], [-0.489448, 46.328377], [-0.48945, 46.328297], [-0.489443, 46.32812], [-0.489427, 46.327976], [-0.489399, 46.327854], [-0.489385, 46.32778], [-0.489366, 46.3277], [-0.489405, 46.32764], [-0.489417, 46.3276], [-0.489455, 46.327557], [-0.48952, 46.327534], [-0.489575, 46.327503], [-0.489619, 46.32746], [-0.489649, 46.327415], [-0.489663, 46.327366], [-0.489662, 46.327316], [-0.489703, 46.327267], [-0.489766, 46.327206], [-0.489779, 46.327198], [-0.489809, 46.32718], [-0.489851, 46.327164], [-0.489894, 46.327156], [-0.489971, 46.327156], [-0.490044, 46.327168], [-0.490157, 46.327183], [-0.490261, 46.327187], [-0.490337, 46.327175], [-0.490375, 46.32716], [-0.490407, 46.327137], [-0.49043, 46.327114], [-0.490446, 46.32709], [-0.490458, 46.327065], [-0.490466, 46.327038], [-0.490468, 46.327015], [-0.490462, 46.326992], [-0.490445, 46.32696], [-0.490429, 46.326942], [-0.490408, 46.326923], [-0.490363, 46.326897], [-0.490327, 46.32688], [-0.490289, 46.326874], [-0.490243, 46.32687], [-0.490192, 46.32687], [-0.490147, 46.326878], [-0.490116, 46.32689], [-0.490086, 46.326904], [-0.489986, 46.326984], [-0.489935, 46.327023]]}}, {"type": "Feature", "properties": {"route_short_name": "141", "route_long_name": "141 - MARANS - VILLEDOUX - LA ROCHELLE", "shape_id": "CHARENTE_MARITIME:JourneyPattern:4832_8314F0CC0AB1B59F225FFFFD21DFE12B", "n_points": 1135, "n_shape_variants_in_source": 2}, "geometry": {"type": "LineString", "coordinates": [[-1.141227, 46.152576], [-1.141738, 46.15267], [-1.141797, 46.152496], [-1.141837, 46.152397], [-1.141878, 46.152298], [-1.141893, 46.15225], [-1.141923, 46.152184], [-1.141487, 46.151993], [-1.141496, 46.15196], [-1.141497, 46.151913], [-1.141479, 46.15187], [-1.141444, 46.151833], [-1.141394, 46.151802], [-1.141324, 46.15178], [-1.141248, 46.151775], [-1.141175, 46.15179], [-1.141113, 46.15182], [-1.141068, 46.151863], [-1.141046, 46.15191], [-1.14071, 46.151886], [-1.140623, 46.15188], [-1.140524, 46.15187], [-1.140347, 46.151867], [-1.140177, 46.151844], [-1.140018, 46.151863], [-1.139939, 46.151882], [-1.139903, 46.151894], [-1.139795, 46.151913], [-1.139745, 46.151928], [-1.139703, 46.151894], [-1.139652, 46.151867], [-1.139588, 46.151844], [-1.139518, 46.151833], [-1.139445, 46.15183], [-1.139374, 46.151836], [-1.139307, 46.15185], [-1.139247, 46.151875], [-1.139195, 46.15191], [-1.139132, 46.151978], [-1.139104, 46.152054], [-1.139113, 46.152134], [-1.13914, 46.152184], [-1.139181, 46.15223], [-1.139236, 46.152267], [-1.1393, 46.152294], [-1.139359, 46.152462], [-1.139371, 46.15262], [-1.139325, 46.152855], [-1.139289, 46.15307], [-1.139284, 46.153103], [-1.139295, 46.153427], [-1.13929, 46.153824], [-1.139305, 46.15397], [-1.1393, 46.154156], [-1.139312, 46.154274], [-1.139327, 46.154453], [-1.139412, 46.15464], [-1.139513, 46.154816], [-1.13963, 46.154972], [-1.139952, 46.15528], [-1.140202, 46.155434], [-1.140248, 46.15546], [-1.140266, 46.15547], [-1.141531, 46.156185], [-1.142892, 46.1569], [-1.142959, 46.156933], [-1.143688, 46.15731], [-1.144522, 46.157757], [-1.14464, 46.15785], [-1.144631, 46.15789], [-1.144582, 46.158215], [-1.144568, 46.15825], [-1.144558, 46.158276], [-1.144531, 46.158344], [-1.144442, 46.158325], [-1.144315, 46.158302], [-1.143885, 46.158226], [-1.143725, 46.1582], [-1.143648, 46.158184], [-1.143632, 46.15818], [-1.14357, 46.158173], [-1.143428, 46.158146], [-1.143334, 46.158127], [-1.143279, 46.15812], [-1.143217, 46.158108], [-1.142759, 46.158028], [-1.142576, 46.157993], [-1.142514, 46.15798], [-1.142487, 46.157974], [-1.142469, 46.15797], [-1.14228, 46.157932], [-1.142245, 46.158016], [-1.142237, 46.158035], [-1.142177, 46.158195], [-1.142129, 46.158318], [-1.142084, 46.158398], [-1.142029, 46.158524], [-1.141935, 46.15871], [-1.141905, 46.158768], [-1.141897, 46.158787], [-1.141859, 46.158863], [-1.141804, 46.158966], [-1.141767, 46.15902], [-1.141658, 46.15918], [-1.141455, 46.15946], [-1.141262, 46.159714], [-1.141216, 46.15977], [-1.141201, 46.15979], [-1.141131, 46.159878], [-1.141032, 46.160004], [-1.140984, 46.160057], [-1.14092, 46.160137], [-1.140558, 46.160603], [-1.140313, 46.1609], [-1.140199, 46.161034], [-1.14, 46.16129], [-1.139881, 46.16137], [-1.139841, 46.161366], [-1.139785, 46.161377], [-1.139745, 46.161392], [-1.13971, 46.161423], [-1.13969, 46.161457], [-1.139689, 46.161495], [-1.139706, 46.161533], [-1.139692, 46.1616], [-1.139672, 46.161648], [-1.139609, 46.16174], [-1.139566, 46.161846], [-1.139311, 46.162174], [-1.139229, 46.162346], [-1.139021, 46.16293], [-1.138948, 46.16301], [-1.138906, 46.163097], [-1.138855, 46.163147], [-1.138773, 46.163216], [-1.138723, 46.163246], [-1.138678, 46.163265], [-1.138589, 46.163292], [-1.138532, 46.163315], [-1.138495, 46.16335], [-1.138477, 46.163372], [-1.138473, 46.1634], [-1.138478, 46.163425], [-1.138433, 46.163475], [-1.138394, 46.163513], [-1.138335, 46.16356], [-1.138266, 46.163605], [-1.138174, 46.163654], [-1.137681, 46.16388], [-1.137413, 46.164], [-1.137142, 46.164124], [-1.137006, 46.164185], [-1.136878, 46.16425], [-1.136849, 46.164265], [-1.136717, 46.164337], [-1.136665, 46.164333], [-1.136624, 46.16434], [-1.136588, 46.164356], [-1.136561, 46.16438], [-1.136544, 46.164406], [-1.136539, 46.164433], [-1.136546, 46.164463], [-1.136563, 46.164486], [-1.136581, 46.1645], [-1.136603, 46.164513], [-1.136614, 46.164658], [-1.136616, 46.16484], [-1.136834, 46.166164], [-1.136898, 46.166393], [-1.136968, 46.166527], [-1.136834, 46.166588], [-1.136742, 46.166626], [-1.136676, 46.166656], [-1.136503, 46.166718], [-1.136131, 46.166843], [-1.135769, 46.16696], [-1.134873, 46.16725], [-1.1332, 46.167812], [-1.132702, 46.16798], [-1.132164, 46.16815], [-1.132063, 46.168186], [-1.131666, 46.16832], [-1.131594, 46.168343], [-1.131152, 46.168488], [-1.131093, 46.168507], [-1.12914, 46.16915], [-1.128986, 46.169205], [-1.128511, 46.16936], [-1.128029, 46.169518], [-1.127972, 46.169537], [-1.127911, 46.169556], [-1.126826, 46.169918], [-1.126769, 46.169937], [-1.126704, 46.16996], [-1.126655, 46.169975], [-1.126618, 46.169987], [-1.126582, 46.17], [-1.126323, 46.170086], [-1.125944, 46.170216], [-1.1253924, 46.1704], [-1.12528, 46.170437], [-1.124729, 46.17062], [-1.12463, 46.17065], [-1.123181, 46.17111], [-1.123059, 46.171146], [-1.122948, 46.171185], [-1.122841, 46.17122], [-1.122002, 46.171463], [-1.121043, 46.171734], [-1.120016, 46.17207], [-1.119397, 46.17226], [-1.119154, 46.172333], [-1.118094, 46.17266], [-1.117646, 46.1728], [-1.116947, 46.173008], [-1.113104, 46.174164], [-1.1128, 46.17425], [-1.11255, 46.174324], [-1.1122, 46.174377], [-1.112087, 46.174404], [-1.111975, 46.174423], [-1.111865, 46.17443], [-1.111762, 46.17443], [-1.111656, 46.174416], [-1.11155, 46.174385], [-1.111471, 46.174347], [-1.111379, 46.17429], [-1.111303, 46.17423], [-1.11126, 46.174175], [-1.11123, 46.174126], [-1.111216, 46.174076], [-1.111208, 46.174023], [-1.111214, 46.17397], [-1.111227, 46.17392], [-1.111269, 46.17383], [-1.111323, 46.173775], [-1.111381, 46.173725], [-1.111467, 46.17367], [-1.111543, 46.173637], [-1.111637, 46.173607], [-1.111722, 46.17359], [-1.111815, 46.17359], [-1.111926, 46.1736], [-1.112038, 46.17362], [-1.112175, 46.173664], [-1.112328, 46.173725], [-1.112794, 46.17409], [-1.113139, 46.17437], [-1.113405, 46.17458], [-1.113513, 46.174656], [-1.113595, 46.174706], [-1.113694, 46.17475], [-1.113809, 46.17478], [-1.113901, 46.17481], [-1.114084, 46.174862], [-1.114132, 46.1749], [-1.114199, 46.17494], [-1.11427, 46.174976], [-1.114344, 46.17505], [-1.114402, 46.1751], [-1.114438, 46.17513], [-1.114444, 46.17518], [-1.114468, 46.175217], [-1.114507, 46.17525], [-1.114558, 46.175274], [-1.114617, 46.17529], [-1.11467, 46.17529], [-1.114722, 46.17528], [-1.114773, 46.175262], [-1.114815, 46.175236], [-1.114845, 46.1752], [-1.114861, 46.175163], [-1.114862, 46.17512], [-1.114846, 46.175083], [-1.114893, 46.174988], [-1.114915, 46.17496], [-1.114984, 46.174873], [-1.115327, 46.17458], [-1.115361, 46.17455], [-1.115453, 46.17449], [-1.115507, 46.174473], [-1.11556, 46.17445], [-1.11559, 46.174442], [-1.115615, 46.17443], [-1.115622, 46.174423], [-1.115633, 46.17441], [-1.11564, 46.17437], [-1.11567, 46.174328], [-1.115716, 46.174267], [-1.115764, 46.174202], [-1.115784, 46.174183], [-1.116078, 46.173943], [-1.116203, 46.173878], [-1.116348, 46.17383], [-1.11643, 46.173805], [-1.116528, 46.173775], [-1.116566, 46.173767], [-1.116584, 46.173782], [-1.116611, 46.173798], [-1.116642, 46.1738], [-1.116673, 46.173798], [-1.116701, 46.173786], [-1.11672, 46.173775], [-1.116732, 46.173756], [-1.116735, 46.173737], [-1.116728, 46.173717], [-1.116762, 46.173706], [-1.116795, 46.173695], [-1.116909, 46.173668], [-1.116995, 46.17366], [-1.117097, 46.17367], [-1.117147, 46.17368], [-1.117203, 46.1737], [-1.117323, 46.173763], [-1.117565, 46.173916], [-1.117634, 46.173954], [-1.117649, 46.17396], [-1.117708, 46.173977], [-1.117675, 46.17401], [-1.117574, 46.17409], [-1.117442, 46.174202], [-1.117309, 46.17432], [-1.117178, 46.174435], [-1.117042, 46.17455], [-1.116566, 46.174953], [-1.116121, 46.175327], [-1.116072, 46.17537], [-1.1160659, 46.175373], [-1.115986, 46.17544], [-1.115845, 46.17556], [-1.115764, 46.17563], [-1.115734, 46.175655], [-1.115659, 46.175716], [-1.115543, 46.175816], [-1.115514, 46.175842], [-1.11549, 46.17586], [-1.115413, 46.17593], [-1.115381, 46.175957], [-1.115272, 46.176052], [-1.115244, 46.176075], [-1.115134, 46.17617], [-1.115054, 46.17624], [-1.115024, 46.176266], [-1.114725, 46.17651], [-1.114707, 46.176525], [-1.114671, 46.17655], [-1.114652, 46.176563], [-1.114637, 46.17657], [-1.114618, 46.17658], [-1.114596, 46.176582], [-1.11459, 46.176582], [-1.114542, 46.176556], [-1.114465, 46.176514], [-1.114405, 46.17648], [-1.114088, 46.17629], [-1.113982, 46.176228], [-1.113878, 46.176186], [-1.1138, 46.176155], [-1.113745, 46.176132], [-1.113727, 46.176125], [-1.113673, 46.176105], [-1.113664, 46.176094], [-1.113705, 46.176], [-1.113733, 46.17593], [-1.11405, 46.17566], [-1.114195, 46.175537], [-1.114305, 46.17544], [-1.114482, 46.175346], [-1.11456, 46.175312], [-1.114617, 46.17529], [-1.11467, 46.17529], [-1.114722, 46.17528], [-1.114773, 46.175262], [-1.114815, 46.175236], [-1.114845, 46.1752], [-1.114861, 46.175163], [-1.114862, 46.17512], [-1.114846, 46.175083], [-1.114809, 46.175045], [-1.114756, 46.175014], [-1.114693, 46.174995], [-1.114634, 46.174995], [-1.114576, 46.175003], [-1.11443, 46.17497], [-1.114416, 46.174965], [-1.114295, 46.174915], [-1.114189, 46.174885], [-1.114084, 46.174862], [-1.113901, 46.17481], [-1.113809, 46.17478], [-1.113694, 46.17475], [-1.113595, 46.174706], [-1.113513, 46.174656], [-1.113405, 46.17458], [-1.113139, 46.17437], [-1.112794, 46.17409], [-1.112328, 46.173725], [-1.112205, 46.173615], [-1.11194, 46.173386], [-1.111896, 46.173355], [-1.11185, 46.173332], [-1.111786, 46.173306], [-1.111741, 46.17328], [-1.111692, 46.173244], [-1.111661, 46.173218], [-1.111624, 46.173176], [-1.11161, 46.173134], [-1.111585, 46.173096], [-1.111548, 46.173065], [-1.111502, 46.17304], [-1.111443, 46.173016], [-1.111379, 46.173004], [-1.111312, 46.173004], [-1.111247, 46.173016], [-1.111187, 46.173035], [-1.111136, 46.173065], [-1.111096, 46.173103], [-1.11107, 46.173145], [-1.11106, 46.173183], [-1.111061, 46.173225], [-1.111074, 46.173264], [-1.111104, 46.173306], [-1.111149, 46.173344], [-1.111205, 46.17337], [-1.111224, 46.173424], [-1.111244, 46.173473], [-1.111251, 46.17351], [-1.11125, 46.173546], [-1.111237, 46.173595], [-1.111136, 46.1739], [-1.111121, 46.17399], [-1.111119, 46.17406], [-1.111133, 46.17413], [-1.111164, 46.17419], [-1.111255, 46.174324], [-1.111282, 46.174385], [-1.111287, 46.174442], [-1.111275, 46.174496], [-1.111252, 46.174538], [-1.11121, 46.17459], [-1.111148, 46.17465], [-1.111093, 46.174686], [-1.111037, 46.174717], [-1.110356, 46.174973], [-1.108807, 46.175438], [-1.104958, 46.176598], [-1.101849, 46.177513], [-1.093438, 46.18002], [-1.092942, 46.180126], [-1.092483, 46.18023], [-1.09224, 46.18028], [-1.092141, 46.180294], [-1.092043, 46.1803], [-1.091939, 46.18031], [-1.091835, 46.180313], [-1.091713, 46.180317], [-1.0916, 46.180313], [-1.091491, 46.18031], [-1.091365, 46.180298], [-1.091218, 46.18028], [-1.091079, 46.18026], [-1.090969, 46.18024], [-1.090864, 46.18022], [-1.090788, 46.1802], [-1.09072, 46.180172], [-1.090633, 46.180122], [-1.090631, 46.180065], [-1.090611, 46.180016], [-1.090573, 46.179966], [-1.090525, 46.179928], [-1.090467, 46.179897], [-1.0904, 46.17988], [-1.090329, 46.179867], [-1.090246, 46.17987], [-1.090166, 46.179886], [-1.090094, 46.179913], [-1.09003, 46.179955], [-1.089985, 46.180008], [-1.089963, 46.18006], [-1.089959, 46.180115], [-1.089972, 46.18017], [-1.090002, 46.180214], [-1.090069, 46.180275], [-1.090138, 46.180305], [-1.090216, 46.18033], [-1.090299, 46.180332], [-1.090373, 46.180378], [-1.090462, 46.180443], [-1.090516, 46.180496], [-1.090579, 46.18057], [-1.090672, 46.18066], [-1.09092, 46.18102], [-1.090999, 46.18121], [-1.091027, 46.181267], [-1.091053, 46.181343], [-1.091062, 46.181393], [-1.091064, 46.18145], [-1.091035, 46.18148], [-1.091012, 46.18151], [-1.090997, 46.181545], [-1.090991, 46.181583], [-1.090992, 46.181618], [-1.091001, 46.181656], [-1.091019, 46.18169], [-1.091048, 46.181725], [-1.091086, 46.18176], [-1.091132, 46.181786], [-1.091184, 46.181805], [-1.09124, 46.18182], [-1.091314, 46.181828], [-1.091367, 46.18185], [-1.091419, 46.18188], [-1.091463, 46.18191], [-1.091503, 46.18195], [-1.091536, 46.181984], [-1.091857, 46.182365], [-1.092064, 46.182693], [-1.092254, 46.18301], [-1.09244, 46.18335], [-1.092602, 46.18367], [-1.09276, 46.18402], [-1.092909, 46.18436], [-1.093036, 46.184696], [-1.093144, 46.185013], [-1.093258, 46.185383], [-1.09335, 46.185734], [-1.09343, 46.186073], [-1.093941, 46.188744], [-1.093987, 46.188995], [-1.094702, 46.192665], [-1.095057, 46.194504], [-1.095081, 46.19478], [-1.095054, 46.194984], [-1.094997, 46.19508], [-1.09494, 46.19512], [-1.094896, 46.195183], [-1.094877, 46.195248], [-1.094886, 46.195312], [-1.094925, 46.195377], [-1.094992, 46.195435], [-1.095079, 46.195473], [-1.09517, 46.19556], [-1.095216, 46.195625], [-1.095348, 46.196], [-1.095386, 46.196236], [-1.095429, 46.196583], [-1.095434, 46.196938], [-1.095408, 46.197285], [-1.09535, 46.19763], [-1.095266, 46.197956], [-1.095154, 46.19828], [-1.095003, 46.198612], [-1.094821, 46.198944], [-1.0946, 46.19928], [-1.094352, 46.19959], [-1.094088, 46.19988], [-1.091481, 46.202457], [-1.091195, 46.202747], [-1.09093, 46.203045], [-1.090678, 46.203346], [-1.090451, 46.203655], [-1.090254, 46.20396], [-1.09005, 46.204308], [-1.089882, 46.20465], [-1.089743, 46.20496], [-1.08961, 46.20531], [-1.089507, 46.20564], [-1.089419, 46.205997], [-1.089356, 46.20634], [-1.089319, 46.20671], [-1.089299, 46.207073], [-1.089304, 46.207428], [-1.089327, 46.207775], [-1.08938, 46.208126], [-1.08945, 46.208477], [-1.089537, 46.208817], [-1.089653, 46.209156], [-1.089785, 46.209488], [-1.090417, 46.21107], [-1.090549, 46.211414], [-1.090663, 46.211746], [-1.090755, 46.21209], [-1.090825, 46.212444], [-1.090876, 46.21279], [-1.090902, 46.213135], [-1.090911, 46.213486], [-1.090894, 46.213833], [-1.090852, 46.214184], [-1.090798, 46.214516], [-1.090723, 46.214855], [-1.090617, 46.2152], [-1.090497, 46.215527], [-1.090353, 46.21587], [-1.090136, 46.21635], [-1.089996, 46.2166], [-1.089839, 46.216812], [-1.089797, 46.21687], [-1.089691, 46.216885], [-1.089597, 46.216927], [-1.089524, 46.216988], [-1.089487, 46.217064], [-1.089486, 46.217133], [-1.089513, 46.217197], [-1.089462, 46.217323], [-1.089341, 46.21747], [-1.089052, 46.21777], [-1.088856, 46.217953], [-1.087529, 46.219173], [-1.086971, 46.21969], [-1.086724, 46.21993], [-1.086528, 46.22017], [-1.086378, 46.220394], [-1.086197, 46.220707], [-1.085374, 46.222336], [-1.084827, 46.22342], [-1.08473, 46.2236], [-1.084621, 46.22376], [-1.084416, 46.22403], [-1.084095, 46.22442], [-1.083851, 46.224697], [-1.08362, 46.224945], [-1.083185, 46.225365], [-1.081078, 46.22739], [-1.080588, 46.22786], [-1.078484, 46.22988], [-1.077833, 46.230507], [-1.076728, 46.231567], [-1.075709, 46.232548], [-1.074395, 46.233807], [-1.074109, 46.234043], [-1.073961, 46.234154], [-1.073859, 46.234207], [-1.073757, 46.234257], [-1.073707, 46.23426], [-1.073658, 46.23427], [-1.073613, 46.234287], [-1.073574, 46.234306], [-1.07354, 46.234333], [-1.073515, 46.234364], [-1.073498, 46.234398], [-1.07349, 46.23443], [-1.073492, 46.234467], [-1.073503, 46.2345], [-1.073431, 46.234676], [-1.073275, 46.2349], [-1.072919, 46.23524], [-1.0728, 46.23535], [-1.072524, 46.2356], [-1.072264, 46.235855], [-1.072064, 46.236053], [-1.071993, 46.236126], [-1.071201, 46.236893], [-1.070889, 46.237194], [-1.070609, 46.237473], [-1.070105, 46.237953], [-1.069631, 46.2384], [-1.069631, 46.2384], [-1.069465, 46.238556], [-1.069417, 46.2386], [-1.068485, 46.239494], [-1.067408, 46.24052], [-1.067337, 46.24061], [-1.067277, 46.24068], [-1.067216, 46.240772], [-1.066975, 46.241455], [-1.066913, 46.24151], [-1.066544, 46.24148], [-1.066437, 46.24148], [-1.066359, 46.241543], [-1.066186, 46.24189], [-1.066142, 46.241966], [-1.066069, 46.242035], [-1.065882, 46.242176], [-1.06579, 46.24227], [-1.065695, 46.242416], [-1.065327, 46.243206], [-1.065227, 46.243336], [-1.065111, 46.24345], [-1.06482, 46.243706], [-1.06482, 46.243706], [-1.063706, 46.24468], [-1.06358, 46.24479], [-1.061465, 46.246643], [-1.061292, 46.246788], [-1.061237, 46.246853], [-1.061201, 46.246918], [-1.061164, 46.24701], [-1.061149, 46.247066], [-1.061101, 46.247066], [-1.061009, 46.24707], [-1.060959, 46.24708], [-1.060918, 46.2471], [-1.060869, 46.24714], [-1.060789, 46.247227], [-1.059375, 46.248474], [-1.058113, 46.249523], [-1.057938, 46.249645], [-1.057773, 46.249737], [-1.057521, 46.249832], [-1.057214, 46.24988], [-1.056672, 46.24992], [-1.055229, 46.249996], [-1.05296, 46.25012], [-1.052856, 46.250126], [-1.052774, 46.25013], [-1.052705, 46.25013], [-1.052426, 46.25013], [-1.051067, 46.250084], [-1.050557, 46.250053], [-1.05031, 46.250023], [-1.050057, 46.24998], [-1.049712, 46.24989], [-1.049322, 46.24975], [-1.048945, 46.24959], [-1.048615, 46.249413], [-1.047644, 46.248753], [-1.047411, 46.248623], [-1.047137, 46.248516], [-1.046789, 46.24845], [-1.046557, 46.248413], [-1.044811, 46.248093], [-1.044126, 46.247963], [-1.043936, 46.247932], [-1.043707, 46.247906], [-1.043572, 46.247894], [-1.043457, 46.247894], [-1.043357, 46.247902], [-1.043256, 46.247913], [-1.04317, 46.247932], [-1.042737, 46.248047], [-1.042513, 46.248123], [-1.041179, 46.24855], [-1.039141, 46.249184], [-1.038773, 46.249302], [-1.038418, 46.24944], [-1.038061, 46.249588], [-1.037291, 46.249977], [-1.035022, 46.251118], [-1.033498, 46.25188], [-1.033192, 46.252037], [-1.031824, 46.252743], [-1.031765, 46.25277], [-1.031667, 46.252815], [-1.03156, 46.25286], [-1.031486, 46.25289], [-1.031364, 46.25293], [-1.031182, 46.252968], [-1.03104, 46.252995], [-1.030908, 46.253006], [-1.030653, 46.253017], [-1.030511, 46.25303], [-1.029934, 46.253056], [-1.02978, 46.253063], [-1.029303, 46.253082], [-1.029228, 46.253082], [-1.029011, 46.25309], [-1.028902, 46.253098], [-1.028855, 46.253105], [-1.028816, 46.253113], [-1.028767, 46.253128], [-1.028696, 46.253155], [-1.028666, 46.25317], [-1.028453, 46.253277], [-1.0283233, 46.253326], [-1.028314, 46.25333], [-1.028247, 46.253353], [-1.028169, 46.253376], [-1.027957, 46.25342], [-1.02754, 46.253525], [-1.027434, 46.25337], [-1.027287, 46.253246], [-1.027158, 46.253185], [-1.027026, 46.253143], [-1.026907, 46.253105], [-1.026835, 46.253105], [-1.026677, 46.253063], [-1.026617, 46.253033], [-1.02656, 46.253002], [-1.0265, 46.252983], [-1.02632, 46.252934], [-1.026127, 46.252857], [-1.025921, 46.25271], [-1.025862, 46.25266], [-1.025805, 46.252586], [-1.025704, 46.252483], [-1.025672, 46.25244], [-1.025649, 46.252377], [-1.025626, 46.25232], [-1.025555, 46.25223], [-1.025543, 46.25222], [-1.02551, 46.25219], [-1.025366, 46.251953], [-1.025306, 46.251884], [-1.024943, 46.251595], [-1.024879, 46.251686], [-1.024822, 46.251835], [-1.024708, 46.25216], [-1.024532, 46.25266], [-1.02448, 46.252926], [-1.024423, 46.2533], [-1.024388, 46.253407], [-1.024356, 46.253475], [-1.024323, 46.253548], [-1.024289, 46.25359], [-1.024185, 46.25358], [-1.02408, 46.25359], [-1.023963, 46.253628], [-1.023855, 46.25368], [-1.023737, 46.25378], [-1.023375, 46.25413], [-1.023079, 46.254402], [-1.022809, 46.25463], [-1.022809, 46.25463], [-1.022351, 46.25502], [-1.022175, 46.255146], [-1.022047, 46.255234], [-1.021602, 46.25553], [-1.021225, 46.255733], [-1.019678, 46.256557], [-1.0185, 46.257217], [-1.018351, 46.2573], [-1.016196, 46.25848], [-1.015516, 46.258823], [-1.014794, 46.25924], [-1.014739, 46.25927], [-1.013882, 46.25973], [-1.013802, 46.25978], [-1.013533, 46.259933], [-1.013491, 46.259956], [-1.01339, 46.26002], [-1.013065, 46.2602], [-1.013036, 46.260216], [-1.011835, 46.26084], [-1.011248, 46.26116], [-1.011094, 46.261253], [-1.010949, 46.261353], [-1.010748, 46.261456], [-1.010696, 46.261475], [-1.010644, 46.26148], [-1.010591, 46.261475], [-1.010516, 46.261475], [-1.010478, 46.261448], [-1.010434, 46.261425], [-1.01036, 46.261402], [-1.010282, 46.2614], [-1.010204, 46.26141], [-1.010151, 46.26143], [-1.010104, 46.26145], [-1.010066, 46.261486], [-1.01004, 46.26152], [-1.009963, 46.261555], [-1.009901, 46.26158], [-1.009843, 46.2616], [-1.009768, 46.261665], [-1.009718, 46.261696], [-1.009676, 46.26173], [-1.00953, 46.261894], [-1.009471, 46.261948], [-1.009392, 46.26201], [-1.009193, 46.262123], [-1.009067, 46.2622], [-1.008869, 46.262325], [-1.008792, 46.262367], [-1.008667, 46.262436], [-1.008547, 46.26249], [-1.008373, 46.262558], [-1.008221, 46.262608], [-1.008056, 46.262646], [-1.007846, 46.26269], [-1.007774, 46.262707], [-1.007684, 46.262722], [-1.00755, 46.262737], [-1.007275, 46.262764], [-1.007235, 46.26276], [-1.00715, 46.262756], [-1.006969, 46.262745], [-1.006846, 46.262733], [-1.006721, 46.26272], [-1.006576, 46.26271], [-1.006443, 46.26271], [-1.006352, 46.262714], [-1.006259, 46.26273], [-1.006119, 46.262756], [-1.006034, 46.262775], [-1.005958, 46.262802], [-1.00584, 46.26284], [-1.00577, 46.26287], [-1.00569, 46.262905], [-1.005613, 46.262947], [-1.005564, 46.262974], [-1.005542, 46.26299], [-1.00546, 46.263042], [-1.005332, 46.26298], [-1.00527, 46.26297], [-1.005211, 46.262974], [-1.005154, 46.262993], [-1.004921, 46.263153], [-1.004886, 46.26318], [-1.0048778, 46.26319], [-1.004864, 46.263214], [-1.004866, 46.263256], [-1.004891, 46.263294], [-1.00493, 46.263336], [-1.004968, 46.263374], [-1.005026, 46.26334], [-1.005112, 46.263283], [-1.005235, 46.263195], [-1.005353, 46.26311], [-1.00546, 46.263042], [-1.005542, 46.26299], [-1.005564, 46.262974], [-1.005613, 46.262947], [-1.00569, 46.262905], [-1.00577, 46.26287], [-1.00584, 46.26284], [-1.005958, 46.262802], [-1.006034, 46.262775], [-1.006119, 46.262756], [-1.006259, 46.26273], [-1.006352, 46.262714], [-1.006443, 46.26271], [-1.006576, 46.26271], [-1.006721, 46.26272], [-1.006846, 46.262733], [-1.006969, 46.262745], [-1.00715, 46.262756], [-1.007235, 46.26276], [-1.007275, 46.262764], [-1.00755, 46.262737], [-1.007684, 46.262722], [-1.007774, 46.262707], [-1.007846, 46.26269], [-1.008056, 46.262646], [-1.008183, 46.262615], [-1.008221, 46.262608], [-1.008373, 46.262558], [-1.008547, 46.26249], [-1.008667, 46.262436], [-1.008792, 46.262367], [-1.008869, 46.262325], [-1.009067, 46.2622], [-1.009193, 46.262123], [-1.009392, 46.26201], [-1.009471, 46.261948], [-1.00953, 46.261894], [-1.009676, 46.26173], [-1.009718, 46.261696], [-1.009768, 46.261665], [-1.009856, 46.261646], [-1.00992, 46.26165], [-1.00998, 46.26166], [-1.010055, 46.261677], [-1.010098, 46.26172], [-1.010105, 46.261772], [-1.010106, 46.261814], [-1.010102, 46.26186], [-1.010086, 46.261913], [-1.010052, 46.261997], [-1.009961, 46.262215], [-1.009897, 46.262302], [-1.009763, 46.26249], [-1.009511, 46.262833], [-1.009211, 46.263245], [-1.00881, 46.2638], [-1.008428, 46.26432], [-1.008021, 46.264874], [-1.007683, 46.26536], [-1.007439, 46.2657], [-1.007094, 46.266148], [-1.006874, 46.266445], [-1.006612, 46.266804], [-1.006523, 46.266926], [-1.006381, 46.26712], [-1.006073, 46.267544], [-1.005939, 46.267727], [-1.005831, 46.26787], [-1.005816, 46.26789], [-1.005643, 46.268124], [-1.005442, 46.268406], [-1.004967, 46.26905], [-1.004719, 46.269386], [-1.004471, 46.269726], [-1.004094, 46.270252], [-1.003984, 46.27039], [-1.003396, 46.271187], [-1.003096, 46.271603], [-1.002789, 46.272015], [-1.002482, 46.272434], [-1.002188, 46.272854], [-1.002081, 46.273003], [-1.00168, 46.27352], [-1.001354, 46.273968], [-1.000976, 46.27448], [-1.000607, 46.274982], [-1.000229, 46.275497], [-0.999855, 46.276024], [-0.999479, 46.27653], [-0.999087, 46.277065], [-0.998738, 46.27754], [-0.998334, 46.278088], [-0.997953, 46.278606], [-0.997564, 46.279144], [-0.997206, 46.279625], [-0.996833, 46.280132], [-0.996441, 46.280666], [-0.996056, 46.281185], [-0.995667, 46.281715], [-0.995317, 46.28219], [-0.995007, 46.282608], [-0.994752, 46.28296], [-0.994469, 46.283367], [-0.994357, 46.28353], [-0.994208, 46.283787], [-0.994155, 46.28388], [-0.994104, 46.283974], [-0.994055, 46.284065], [-0.993935, 46.284317], [-0.993875, 46.284454], [-0.993817, 46.284595], [-0.993764, 46.28472], [-0.993672, 46.284977], [-0.993581, 46.28524], [-0.993542, 46.285362], [-0.993506, 46.28549], [-0.993478, 46.285595], [-0.993452, 46.285706], [-0.993267, 46.286568], [-0.993109, 46.287315], [-0.992999, 46.287834], [-0.992861, 46.288498], [-0.992711, 46.28921], [-0.992584, 46.289825], [-0.992574, 46.28987], [-0.992556, 46.28996], [-0.992398, 46.290733], [-0.992275, 46.29133], [-0.992132, 46.29201], [-0.992055, 46.292377], [-0.991934, 46.29296], [-0.991777, 46.293713], [-0.991717, 46.294006], [-0.991611, 46.2945], [-0.991533, 46.294872], [-0.991516, 46.294952], [-0.991496, 46.29503], [-0.991473, 46.29511], [-0.991448, 46.295185], [-0.991434, 46.295223], [-0.991404, 46.295315], [-0.991358, 46.29544], [-0.991292, 46.295513], [-0.991238, 46.29558], [-0.991192, 46.29562], [-0.99115, 46.295635], [-0.991103, 46.295673], [-0.991086, 46.295723], [-0.9911, 46.295773], [-0.991142, 46.29581], [-0.991161, 46.29587], [-0.991183, 46.295948], [-0.991204, 46.296047], [-0.99119, 46.296165], [-0.99118, 46.29624], [-0.991171, 46.29631], [-0.991162, 46.29641], [-0.991128, 46.29677], [-0.991107, 46.29691], [-0.991081, 46.297054], [-0.990894, 46.29796], [-0.990727, 46.2988], [-0.99071, 46.298885], [-0.990663, 46.2991], [-0.990564, 46.299553], [-0.990546, 46.299637], [-0.990513, 46.29979], [-0.990483, 46.29993], [-0.990306, 46.30076], [-0.990226, 46.301132], [-0.990217, 46.301174], [-0.990173, 46.30137], [-0.990121, 46.301605], [-0.990038, 46.301983], [-0.990009, 46.302113], [-0.989951, 46.302402], [-0.9899, 46.302532], [-0.989785, 46.30306], [-0.98975, 46.30327], [-0.989718, 46.303463], [-0.989707, 46.30358], [-0.989703, 46.303696], [-0.989708, 46.30384], [-0.989742, 46.30399], [-0.989781, 46.304077], [-0.989817, 46.304153], [-0.989956, 46.30443], [-0.99015, 46.304787], [-0.99026, 46.304924], [-0.990326, 46.305084], [-0.990546, 46.305515], [-0.990636, 46.30569], [-0.990564, 46.305687], [-0.990487, 46.305683], [-0.990414, 46.305683], [-0.990346, 46.305676], [-0.990266, 46.30566], [-0.989984, 46.30559], [-0.989365, 46.30544], [-0.989029, 46.30536], [-0.989051, 46.305477], [-0.98922, 46.305706], [-0.989306, 46.305847], [-0.989414, 46.305992], [-0.989474, 46.30606], [-0.989565, 46.306164], [-0.989626, 46.30623], [-0.989702, 46.30631], [-0.989728, 46.306335], [-0.989824, 46.306435], [-0.989923, 46.30659], [-0.989971, 46.306667], [-0.990011, 46.306812], [-0.990071, 46.307026], [-0.990091, 46.30715], [-0.990106, 46.307243], [-0.99012, 46.30733], [-0.990136, 46.307476], [-0.990039, 46.30761], [-0.990029, 46.307625], [-0.990007, 46.307648], [-0.989996, 46.30766], [-0.989835, 46.307842], [-0.98971, 46.30797], [-0.989603, 46.308083], [-0.989547, 46.30814], [-0.989297, 46.308125]]}}, {"type": "Feature", "properties": {"route_short_name": "142", "route_long_name": "142 - MARANS - ST OUEN D'AUNIS - LA ROCHELLE", "shape_id": "CHARENTE_MARITIME:JourneyPattern:4820_D3AAD2FD97AAF65F074D6321A2D90E5C", "n_points": 1302, "n_shape_variants_in_source": 3}, "geometry": {"type": "LineString", "coordinates": [[-1.141227, 46.152576], [-1.141738, 46.15267], [-1.141797, 46.152496], [-1.141837, 46.152397], [-1.141878, 46.152298], [-1.141893, 46.15225], [-1.141923, 46.152184], [-1.141487, 46.151993], [-1.141496, 46.15196], [-1.141497, 46.151913], [-1.141479, 46.15187], [-1.141444, 46.151833], [-1.141394, 46.151802], [-1.141324, 46.15178], [-1.141248, 46.151775], [-1.141175, 46.15179], [-1.141113, 46.15182], [-1.141068, 46.151863], [-1.141046, 46.15191], [-1.14071, 46.151886], [-1.140623, 46.15188], [-1.140524, 46.15187], [-1.140347, 46.151867], [-1.140177, 46.151844], [-1.140018, 46.151863], [-1.139939, 46.151882], [-1.139903, 46.151894], [-1.139795, 46.151913], [-1.139745, 46.151928], [-1.139703, 46.151894], [-1.139652, 46.151867], [-1.139588, 46.151844], [-1.139518, 46.151833], [-1.139445, 46.15183], [-1.139374, 46.151836], [-1.139307, 46.15185], [-1.139247, 46.151875], [-1.139195, 46.15191], [-1.139132, 46.151978], [-1.139104, 46.152054], [-1.139113, 46.152134], [-1.13914, 46.152184], [-1.139181, 46.15223], [-1.139236, 46.152267], [-1.1393, 46.152294], [-1.139345, 46.15236], [-1.139359, 46.152462], [-1.139331, 46.15261], [-1.139289, 46.152866], [-1.139273, 46.153065], [-1.139284, 46.153103], [-1.139282, 46.153427], [-1.139268, 46.15397], [-1.139277, 46.15417], [-1.139295, 46.154312], [-1.139334, 46.154453], [-1.139412, 46.15464], [-1.139513, 46.154816], [-1.13963, 46.154972], [-1.139952, 46.15528], [-1.140202, 46.155434], [-1.140248, 46.15546], [-1.140266, 46.15547], [-1.141531, 46.156185], [-1.142892, 46.1569], [-1.142959, 46.156933], [-1.143688, 46.15731], [-1.144522, 46.157757], [-1.14464, 46.15785], [-1.144631, 46.15789], [-1.144582, 46.158215], [-1.144568, 46.15825], [-1.144558, 46.158276], [-1.144531, 46.158344], [-1.144442, 46.158325], [-1.144315, 46.158302], [-1.143885, 46.158226], [-1.143725, 46.1582], [-1.143648, 46.158184], [-1.143632, 46.15818], [-1.14357, 46.158173], [-1.143428, 46.158146], [-1.143334, 46.158127], [-1.143279, 46.15812], [-1.143217, 46.158108], [-1.142759, 46.158028], [-1.142576, 46.157993], [-1.142514, 46.15798], [-1.142487, 46.157974], [-1.142469, 46.15797], [-1.14228, 46.157932], [-1.142245, 46.158016], [-1.142237, 46.158035], [-1.142177, 46.158195], [-1.142129, 46.158318], [-1.142084, 46.158398], [-1.142029, 46.158524], [-1.141935, 46.15871], [-1.141905, 46.158768], [-1.141897, 46.158787], [-1.141859, 46.158863], [-1.141804, 46.158966], [-1.141767, 46.15902], [-1.141658, 46.15918], [-1.141455, 46.15946], [-1.141262, 46.159714], [-1.141216, 46.15977], [-1.141201, 46.15979], [-1.141131, 46.159878], [-1.141032, 46.160004], [-1.140984, 46.160057], [-1.14092, 46.160137], [-1.140558, 46.160603], [-1.140313, 46.1609], [-1.140199, 46.161034], [-1.14, 46.16129], [-1.139881, 46.16137], [-1.139841, 46.161366], [-1.139785, 46.161377], [-1.139745, 46.161392], [-1.13971, 46.161423], [-1.13969, 46.161457], [-1.139689, 46.161495], [-1.139706, 46.161533], [-1.139692, 46.1616], [-1.139672, 46.161648], [-1.139609, 46.16174], [-1.139566, 46.161846], [-1.139311, 46.162174], [-1.139229, 46.162346], [-1.139021, 46.16293], [-1.138948, 46.16301], [-1.138906, 46.163097], [-1.138855, 46.163147], [-1.138773, 46.163216], [-1.138723, 46.163246], [-1.138678, 46.163265], [-1.138589, 46.163292], [-1.138532, 46.163315], [-1.138495, 46.16335], [-1.138477, 46.163372], [-1.138473, 46.1634], [-1.138478, 46.163425], [-1.138433, 46.163475], [-1.138394, 46.163513], [-1.138335, 46.16356], [-1.138266, 46.163605], [-1.138174, 46.163654], [-1.137681, 46.16388], [-1.137413, 46.164], [-1.137142, 46.164124], [-1.137006, 46.164185], [-1.136878, 46.16425], [-1.136849, 46.164265], [-1.136717, 46.164337], [-1.136665, 46.164333], [-1.136624, 46.16434], [-1.136588, 46.164356], [-1.136561, 46.16438], [-1.136544, 46.164406], [-1.136539, 46.164433], [-1.136546, 46.164463], [-1.136563, 46.164486], [-1.136581, 46.1645], [-1.136603, 46.164513], [-1.136614, 46.164658], [-1.136616, 46.16484], [-1.136834, 46.166164], [-1.136898, 46.166393], [-1.136968, 46.166527], [-1.136834, 46.166588], [-1.136742, 46.166626], [-1.136676, 46.166656], [-1.136503, 46.166718], [-1.136118, 46.166847], [-1.135769, 46.16696], [-1.134843, 46.16727], [-1.133153, 46.16783], [-1.132702, 46.16798], [-1.132164, 46.16815], [-1.132063, 46.168186], [-1.131666, 46.16832], [-1.131594, 46.168343], [-1.131152, 46.168488], [-1.131093, 46.168507], [-1.130899, 46.16857], [-1.12914, 46.16915], [-1.128986, 46.169205], [-1.128511, 46.16936], [-1.128029, 46.169518], [-1.127972, 46.169537], [-1.127911, 46.169556], [-1.127639, 46.169647], [-1.126847, 46.16991], [-1.126704, 46.16996], [-1.126655, 46.169975], [-1.126618, 46.169987], [-1.126582, 46.17], [-1.126323, 46.170086], [-1.125944, 46.170216], [-1.124791, 46.170597], [-1.12463, 46.17065], [-1.123181, 46.17111], [-1.123059, 46.171146], [-1.122948, 46.171185], [-1.123103, 46.171295], [-1.123184, 46.17127], [-1.124436, 46.170826], [-1.124753, 46.170715], [-1.12486, 46.170677], [-1.124908, 46.170662], [-1.125432, 46.170483], [-1.126808, 46.170013], [-1.127661, 46.16973], [-1.129033, 46.169277], [-1.129189, 46.169224], [-1.12914, 46.16915], [-1.128986, 46.169205], [-1.128511, 46.16936], [-1.128029, 46.169518], [-1.127972, 46.169537], [-1.127911, 46.169556], [-1.127639, 46.169647], [-1.126847, 46.16991], [-1.126704, 46.16996], [-1.126655, 46.169975], [-1.126618, 46.169987], [-1.126582, 46.17], [-1.126323, 46.170086], [-1.125944, 46.170216], [-1.124791, 46.170597], [-1.12463, 46.17065], [-1.123181, 46.17111], [-1.123059, 46.171146], [-1.122948, 46.171185], [-1.122841, 46.17122], [-1.122002, 46.171463], [-1.121043, 46.171734], [-1.120016, 46.17207], [-1.119397, 46.17226], [-1.119154, 46.172333], [-1.118094, 46.17266], [-1.117646, 46.1728], [-1.116947, 46.173008], [-1.113104, 46.174164], [-1.1128, 46.17425], [-1.11255, 46.174324], [-1.1122, 46.174377], [-1.112087, 46.174404], [-1.111975, 46.174423], [-1.111865, 46.17443], [-1.111762, 46.17443], [-1.111656, 46.174416], [-1.11155, 46.174385], [-1.111471, 46.174347], [-1.111379, 46.17429], [-1.111303, 46.17423], [-1.11126, 46.174175], [-1.11123, 46.174126], [-1.111216, 46.174076], [-1.111208, 46.174023], [-1.111214, 46.17397], [-1.111227, 46.17392], [-1.111269, 46.17383], [-1.111323, 46.173775], [-1.111381, 46.173725], [-1.111467, 46.17367], [-1.111543, 46.173637], [-1.111637, 46.173607], [-1.111722, 46.17359], [-1.111815, 46.17359], [-1.111926, 46.1736], [-1.112038, 46.17362], [-1.112175, 46.173664], [-1.112328, 46.173725], [-1.112794, 46.17409], [-1.113139, 46.17437], [-1.113405, 46.17458], [-1.113513, 46.174656], [-1.113595, 46.174706], [-1.113694, 46.17475], [-1.113809, 46.17478], [-1.113901, 46.17481], [-1.114084, 46.174862], [-1.114132, 46.1749], [-1.114199, 46.17494], [-1.11427, 46.174976], [-1.114344, 46.17505], [-1.114402, 46.1751], [-1.114438, 46.17513], [-1.114444, 46.17518], [-1.114468, 46.175217], [-1.114507, 46.17525], [-1.114558, 46.175274], [-1.114617, 46.17529], [-1.11467, 46.17529], [-1.114722, 46.17528], [-1.114773, 46.175262], [-1.114815, 46.175236], [-1.114845, 46.1752], [-1.114861, 46.175163], [-1.114862, 46.17512], [-1.114846, 46.175083], [-1.114893, 46.174988], [-1.114915, 46.17496], [-1.114984, 46.174873], [-1.115327, 46.17458], [-1.115361, 46.17455], [-1.115453, 46.17449], [-1.115507, 46.174473], [-1.11556, 46.17445], [-1.11559, 46.174442], [-1.115615, 46.17443], [-1.115622, 46.174423], [-1.115633, 46.17441], [-1.11564, 46.17437], [-1.11567, 46.174328], [-1.115716, 46.174267], [-1.115764, 46.174202], [-1.115784, 46.174183], [-1.116078, 46.173943], [-1.116203, 46.173878], [-1.116348, 46.17383], [-1.11643, 46.173805], [-1.116528, 46.173775], [-1.116566, 46.173767], [-1.116584, 46.173782], [-1.116611, 46.173798], [-1.116642, 46.1738], [-1.116673, 46.173798], [-1.116701, 46.173786], [-1.11672, 46.173775], [-1.116732, 46.173756], [-1.116735, 46.173737], [-1.116728, 46.173717], [-1.116762, 46.173706], [-1.116795, 46.173695], [-1.116909, 46.173668], [-1.116995, 46.17366], [-1.117097, 46.17367], [-1.117147, 46.17368], [-1.117203, 46.1737], [-1.117323, 46.173763], [-1.117565, 46.173916], [-1.117634, 46.173954], [-1.117649, 46.17396], [-1.117708, 46.173977], [-1.117675, 46.17401], [-1.117574, 46.17409], [-1.117442, 46.174202], [-1.117309, 46.17432], [-1.117178, 46.174435], [-1.117042, 46.17455], [-1.116566, 46.174953], [-1.116121, 46.175327], [-1.116072, 46.17537], [-1.1160659, 46.175373], [-1.115986, 46.17544], [-1.115845, 46.17556], [-1.115764, 46.17563], [-1.115734, 46.175655], [-1.115659, 46.175716], [-1.115563, 46.175667], [-1.115521, 46.175644], [-1.115363, 46.17555], [-1.115247, 46.17548], [-1.115212, 46.17546], [-1.115021, 46.175354], [-1.114993, 46.175304], [-1.11495, 46.17527], [-1.114905, 46.175224], [-1.114885, 46.175205], [-1.114861, 46.175163], [-1.114862, 46.17512], [-1.114846, 46.175083], [-1.114809, 46.175045], [-1.114756, 46.175014], [-1.114693, 46.174995], [-1.114634, 46.174995], [-1.114576, 46.175003], [-1.11443, 46.17497], [-1.114416, 46.174965], [-1.114295, 46.174915], [-1.114189, 46.174885], [-1.114084, 46.174862], [-1.113901, 46.17481], [-1.113809, 46.17478], [-1.113694, 46.17475], [-1.113595, 46.174706], [-1.113513, 46.174656], [-1.113405, 46.17458], [-1.113139, 46.17437], [-1.112794, 46.17409], [-1.112328, 46.173725], [-1.112205, 46.173615], [-1.11194, 46.173386], [-1.111896, 46.173355], [-1.11185, 46.173332], [-1.111786, 46.173306], [-1.111741, 46.17328], [-1.111692, 46.173244], [-1.111661, 46.173218], [-1.111624, 46.173176], [-1.11161, 46.173134], [-1.111585, 46.173096], [-1.111548, 46.173065], [-1.111502, 46.17304], [-1.111443, 46.173016], [-1.111379, 46.173004], [-1.111312, 46.173004], [-1.111247, 46.173016], [-1.111187, 46.173035], [-1.111136, 46.173065], [-1.111096, 46.173103], [-1.11107, 46.173145], [-1.11106, 46.173183], [-1.111061, 46.173225], [-1.111074, 46.173264], [-1.111104, 46.173306], [-1.111149, 46.173344], [-1.111205, 46.17337], [-1.111224, 46.173424], [-1.111244, 46.173473], [-1.111251, 46.17351], [-1.11125, 46.173546], [-1.111237, 46.173595], [-1.111136, 46.1739], [-1.111121, 46.17399], [-1.111119, 46.17406], [-1.111133, 46.17413], [-1.111164, 46.17419], [-1.111255, 46.174324], [-1.111282, 46.174385], [-1.111287, 46.174442], [-1.111275, 46.174496], [-1.111252, 46.174538], [-1.11121, 46.17459], [-1.111148, 46.17465], [-1.111093, 46.174686], [-1.111037, 46.174717], [-1.110356, 46.174973], [-1.108807, 46.175438], [-1.104958, 46.176598], [-1.101849, 46.177513], [-1.093438, 46.18002], [-1.090981, 46.18075], [-1.090572, 46.180874], [-1.090179, 46.18099], [-1.089786, 46.181107], [-1.088994, 46.181328], [-1.088196, 46.181545], [-1.087503, 46.18174], [-1.083957, 46.182724], [-1.083333, 46.1829], [-1.082702, 46.183083], [-1.082393, 46.183174], [-1.082085, 46.18327], [-1.081694, 46.18341], [-1.081501, 46.183483], [-1.081308, 46.18356], [-1.080902, 46.183723], [-1.080513, 46.183884], [-1.08023, 46.18401], [-1.079949, 46.18414], [-1.079674, 46.18427], [-1.079404, 46.1844], [-1.079024, 46.184597], [-1.078654, 46.184795], [-1.078217, 46.185047], [-1.077924, 46.185223], [-1.077636, 46.1854], [-1.077429, 46.185535], [-1.077225, 46.185673], [-1.076748, 46.186], [-1.075352, 46.18698], [-1.073614, 46.188206], [-1.071771, 46.189507], [-1.070058, 46.19071], [-1.069773, 46.190907], [-1.069487, 46.191105], [-1.069197, 46.191303], [-1.068905, 46.191498], [-1.068651, 46.191658], [-1.068397, 46.191814], [-1.068137, 46.191967], [-1.067874, 46.19212], [-1.067603, 46.192276], [-1.06733, 46.19243], [-1.067051, 46.192577], [-1.066772, 46.192726], [-1.066577, 46.192825], [-1.06638, 46.192924], [-1.066181, 46.193024], [-1.065982, 46.19312], [-1.065576, 46.19331], [-1.065168, 46.193493], [-1.064733, 46.193684], [-1.064292, 46.193867], [-1.06385, 46.194042], [-1.063628, 46.194126], [-1.063401, 46.194214], [-1.062987, 46.194363], [-1.062571, 46.194508], [-1.062145, 46.194645], [-1.061714, 46.194786], [-1.06139, 46.194885], [-1.061055, 46.194984], [-1.060743, 46.19507], [-1.060431, 46.19515], [-1.060127, 46.195225], [-1.059822, 46.195297], [-1.059393, 46.195396], [-1.059176, 46.195446], [-1.058958, 46.19549], [-1.058647, 46.195557], [-1.058334, 46.195618], [-1.058019, 46.19568], [-1.057703, 46.195736], [-1.057473, 46.195774], [-1.05724, 46.195812], [-1.056774, 46.19588], [-1.056432, 46.19593], [-1.056088, 46.19598], [-1.054224, 46.196228], [-1.053747, 46.196293], [-1.049863, 46.196823], [-1.047787, 46.197105], [-1.047444, 46.197155], [-1.047101, 46.19721], [-1.046758, 46.197266], [-1.046413, 46.197327], [-1.04607, 46.197395], [-1.045734, 46.19747], [-1.045399, 46.197544], [-1.045066, 46.197624], [-1.044732, 46.197712], [-1.044402, 46.197803], [-1.044072, 46.197895], [-1.042895, 46.198242], [-1.042342, 46.198414], [-1.042064, 46.198494], [-1.041784, 46.198574], [-1.041496, 46.198654], [-1.041207, 46.19873], [-1.040963, 46.19879], [-1.040719, 46.19885], [-1.040469, 46.198906], [-1.040216, 46.198963], [-1.039968, 46.199013], [-1.039718, 46.19906], [-1.039491, 46.1991], [-1.039264, 46.19914], [-1.039063, 46.19917], [-1.038863, 46.1992], [-1.038537, 46.19924], [-1.038209, 46.199284], [-1.03791, 46.199318], [-1.037656, 46.199352], [-1.037415, 46.19938], [-1.037004, 46.199413], [-1.036463, 46.19945], [-1.035762, 46.199505], [-1.03533, 46.19954], [-1.034948, 46.199574], [-1.034418, 46.199627], [-1.034111, 46.19966], [-1.033761, 46.199707], [-1.033421, 46.19974], [-1.033116, 46.199783], [-1.032812, 46.199833], [-1.032373, 46.1999], [-1.031935, 46.199978], [-1.031468, 46.20006], [-1.031, 46.200157], [-1.030446, 46.20028], [-1.029987, 46.20035], [-1.029565, 46.200436], [-1.029313, 46.200455], [-1.029165, 46.20046], [-1.029025, 46.20046], [-1.028875, 46.20045], [-1.028733, 46.20043], [-1.028405, 46.200397], [-1.028219, 46.20037], [-1.027954, 46.200336], [-1.027764, 46.200317], [-1.02759, 46.20032], [-1.027444, 46.200344], [-1.027321, 46.200386], [-1.027225, 46.20043], [-1.02714, 46.2005], [-1.027081, 46.200573], [-1.027053, 46.200626], [-1.02703, 46.200706], [-1.027025, 46.200787], [-1.027048, 46.200882], [-1.027078, 46.20097], [-1.027126, 46.201057], [-1.027315, 46.20144], [-1.027394, 46.201626], [-1.027442, 46.201763], [-1.027473, 46.2019], [-1.027486, 46.202], [-1.027484, 46.202118], [-1.027463, 46.20219], [-1.027445, 46.202236], [-1.02738, 46.202274], [-1.027326, 46.20232], [-1.027286, 46.202374], [-1.02726, 46.20243], [-1.02725, 46.202503], [-1.027263, 46.202576], [-1.027301, 46.202644], [-1.027348, 46.202698], [-1.027408, 46.20274], [-1.027479, 46.202778], [-1.027558, 46.2028], [-1.027634, 46.202816], [-1.027715, 46.202858], [-1.027778, 46.202896], [-1.027839, 46.20294], [-1.027884, 46.202995], [-1.027908, 46.203056], [-1.027916, 46.203117], [-1.027915, 46.20317], [-1.027904, 46.20323], [-1.027896, 46.203426], [-1.027849, 46.20356], [-1.027734, 46.203945], [-1.02771, 46.20403], [-1.027677, 46.20414], [-1.027472, 46.20485], [-1.027338, 46.205296], [-1.027268, 46.205532], [-1.027131, 46.205994], [-1.027107, 46.206074], [-1.027091, 46.206123], [-1.02707, 46.206196], [-1.026978, 46.20651], [-1.026903, 46.20676], [-1.026836, 46.20699], [-1.026818, 46.207043], [-1.026751, 46.207256], [-1.026743, 46.207283], [-1.026604, 46.20776], [-1.026577, 46.207844], [-1.026218, 46.20903], [-1.025742, 46.2106], [-1.025715, 46.210693], [-1.025669, 46.210842], [-1.02543, 46.211636], [-1.024953, 46.21328], [-1.024754, 46.21377], [-1.024603, 46.214176], [-1.024556, 46.21434], [-1.024524, 46.21447], [-1.024423, 46.2148], [-1.024372, 46.214985], [-1.024292, 46.215282], [-1.024216, 46.215702], [-1.0234, 46.218395], [-1.023225, 46.218796], [-1.023078, 46.21931], [-1.022854, 46.220016], [-1.022957, 46.220024], [-1.023029, 46.220036], [-1.023325, 46.22006], [-1.023509, 46.220074], [-1.023701, 46.2201], [-1.023933, 46.220142], [-1.024411, 46.22024], [-1.025224, 46.22037], [-1.026107, 46.220535], [-1.027212, 46.220726], [-1.028568, 46.220985], [-1.0295, 46.221127], [-1.02984, 46.221146], [-1.03071, 46.221207], [-1.030824, 46.22122], [-1.030988, 46.22124], [-1.032067, 46.221428], [-1.032311, 46.22147], [-1.03276, 46.221508], [-1.033845, 46.22156], [-1.033563, 46.222225], [-1.033309, 46.222744], [-1.033237, 46.222904], [-1.033237, 46.222904], [-1.032925, 46.223637], [-1.03279, 46.223988], [-1.032689, 46.224243], [-1.032582, 46.224564], [-1.032535, 46.224796], [-1.032511, 46.225037], [-1.032568, 46.225487], [-1.032563, 46.225643], [-1.032556, 46.22587], [-1.032533, 46.22655], [-1.03253, 46.22664], [-1.032488, 46.22757], [-1.032484, 46.22765], [-1.032595, 46.227654], [-1.032626, 46.227654], [-1.032774, 46.22762], [-1.033044, 46.22756], [-1.033335, 46.227547], [-1.034264, 46.227524], [-1.034242, 46.2276], [-1.034258, 46.227776], [-1.034302, 46.227886], [-1.034347, 46.22795], [-1.034882, 46.228413], [-1.035005, 46.22857], [-1.035241, 46.22895], [-1.035396, 46.229397], [-1.035403, 46.22943], [-1.035464, 46.23001], [-1.035412, 46.230213], [-1.035068, 46.231556], [-1.035038, 46.231674], [-1.035014, 46.23177], [-1.03501, 46.231785], [-1.034775, 46.232735], [-1.034727, 46.23292], [-1.03446, 46.233414], [-1.034128, 46.23386], [-1.033816, 46.23428], [-1.033604, 46.23459], [-1.03337, 46.234848], [-1.033063, 46.235085], [-1.032835, 46.235264], [-1.032616, 46.235466], [-1.032078, 46.23618], [-1.031014, 46.237442], [-1.030665, 46.23804], [-1.029954, 46.23964], [-1.029899, 46.239777], [-1.029884, 46.23991], [-1.029886, 46.24001], [-1.029962, 46.240067], [-1.03015, 46.240177], [-1.033343, 46.24202], [-1.035304, 46.243153], [-1.036779, 46.244007], [-1.038761, 46.245144], [-1.039146, 46.245384], [-1.03928, 46.245502], [-1.0394, 46.245644], [-1.039529, 46.245846], [-1.039979, 46.24671], [-1.040134, 46.246933], [-1.04029, 46.24707], [-1.040498, 46.247196], [-1.040808, 46.247322], [-1.041142, 46.24739], [-1.041352, 46.24742], [-1.042449, 46.247536], [-1.042625, 46.24756], [-1.042732, 46.247616], [-1.042773, 46.247665], [-1.042779, 46.24782], [-1.042739, 46.248016], [-1.042737, 46.248047], [-1.04317, 46.247932], [-1.043256, 46.247913], [-1.043357, 46.247902], [-1.043457, 46.247894], [-1.043572, 46.247894], [-1.043707, 46.247906], [-1.043936, 46.247932], [-1.044126, 46.247963], [-1.044811, 46.248093], [-1.046557, 46.248413], [-1.046789, 46.24845], [-1.047137, 46.248516], [-1.047411, 46.248623], [-1.047644, 46.248753], [-1.048615, 46.249413], [-1.048945, 46.24959], [-1.049322, 46.24975], [-1.049712, 46.24989], [-1.050057, 46.24998], [-1.05031, 46.250023], [-1.050557, 46.250053], [-1.051067, 46.250084], [-1.052426, 46.25013], [-1.052705, 46.25013], [-1.052774, 46.25013], [-1.052856, 46.250126], [-1.05296, 46.25012], [-1.055229, 46.249996], [-1.056672, 46.24992], [-1.057214, 46.24988], [-1.057521, 46.249832], [-1.057773, 46.249737], [-1.057938, 46.249645], [-1.058113, 46.249523], [-1.059375, 46.248474], [-1.060789, 46.247227], [-1.060895, 46.24718], [-1.060943, 46.247166], [-1.061023, 46.247158], [-1.061122, 46.24716], [-1.061149, 46.247166], [-1.061195, 46.24714], [-1.061229, 46.247124], [-1.061242, 46.247036], [-1.061254, 46.246975], [-1.06127, 46.246933], [-1.061315, 46.24685], [-1.061351, 46.246796], [-1.061465, 46.246643], [-1.06358, 46.24479], [-1.063706, 46.24468], [-1.06482, 46.243706], [-1.065111, 46.24345], [-1.065227, 46.243336], [-1.065327, 46.243206], [-1.065695, 46.242416], [-1.06579, 46.24227], [-1.065882, 46.242176], [-1.066069, 46.242035], [-1.066142, 46.241966], [-1.066186, 46.24189], [-1.066359, 46.241543], [-1.066437, 46.24148], [-1.066544, 46.24148], [-1.066913, 46.24151], [-1.066975, 46.241455], [-1.067216, 46.240772], [-1.067277, 46.24068], [-1.067337, 46.24061], [-1.067408, 46.24052], [-1.068358, 46.239613], [-1.068485, 46.239494], [-1.068545, 46.239433], [-1.069055, 46.23895], [-1.069417, 46.2386], [-1.069465, 46.238556], [-1.069844, 46.238655], [-1.069917, 46.238663], [-1.069991, 46.23865], [-1.070398, 46.23831], [-1.07053, 46.238148], [-1.070586, 46.23809], [-1.070691, 46.238075], [-1.070932, 46.23807], [-1.07098, 46.238064], [-1.071007, 46.238033], [-1.071023, 46.23771], [-1.071002, 46.23766], [-1.070677, 46.237495], [-1.070609, 46.237473], [-1.070105, 46.237953], [-1.069631, 46.2384], [-1.069465, 46.238556], [-1.069417, 46.2386], [-1.069055, 46.23895], [-1.068545, 46.239433], [-1.068485, 46.239494], [-1.068358, 46.239613], [-1.067408, 46.24052], [-1.067337, 46.24061], [-1.067277, 46.24068], [-1.067216, 46.240772], [-1.066975, 46.241455], [-1.066913, 46.24151], [-1.066544, 46.24148], [-1.066437, 46.24148], [-1.066359, 46.241543], [-1.066186, 46.24189], [-1.066142, 46.241966], [-1.066069, 46.242035], [-1.065882, 46.242176], [-1.06579, 46.24227], [-1.065695, 46.242416], [-1.065327, 46.243206], [-1.065227, 46.243336], [-1.065111, 46.24345], [-1.0648029, 46.24372], [-1.065111, 46.24345], [-1.063706, 46.24468], [-1.06358, 46.24479], [-1.061465, 46.246643], [-1.061292, 46.246788], [-1.061237, 46.246853], [-1.061201, 46.246918], [-1.061164, 46.24701], [-1.061149, 46.247066], [-1.061101, 46.247066], [-1.061009, 46.24707], [-1.060959, 46.24708], [-1.060918, 46.2471], [-1.060869, 46.24714], [-1.060789, 46.247227], [-1.059375, 46.248474], [-1.058113, 46.249523], [-1.057938, 46.249645], [-1.057773, 46.249737], [-1.057521, 46.249832], [-1.057214, 46.24988], [-1.056672, 46.24992], [-1.055229, 46.249996], [-1.05296, 46.25012], [-1.052856, 46.250126], [-1.052774, 46.25013], [-1.052705, 46.25013], [-1.052426, 46.25013], [-1.051067, 46.250084], [-1.050557, 46.250053], [-1.05031, 46.250023], [-1.050057, 46.24998], [-1.049712, 46.24989], [-1.049322, 46.24975], [-1.048945, 46.24959], [-1.048615, 46.249413], [-1.047644, 46.248753], [-1.047411, 46.248623], [-1.047137, 46.248516], [-1.046789, 46.24845], [-1.046557, 46.248413], [-1.044811, 46.248093], [-1.044126, 46.247963], [-1.043936, 46.247932], [-1.043707, 46.247906], [-1.043572, 46.247894], [-1.043457, 46.247894], [-1.043357, 46.247902], [-1.043256, 46.247913], [-1.04317, 46.247932], [-1.042737, 46.248047], [-1.042513, 46.248123], [-1.041179, 46.24855], [-1.039141, 46.249184], [-1.038773, 46.249302], [-1.038418, 46.24944], [-1.038061, 46.249588], [-1.037291, 46.249977], [-1.035022, 46.251118], [-1.033498, 46.25188], [-1.033192, 46.252037], [-1.031824, 46.252743], [-1.031765, 46.25277], [-1.031667, 46.252815], [-1.03156, 46.25286], [-1.031486, 46.25289], [-1.031364, 46.25293], [-1.031182, 46.252968], [-1.03104, 46.252995], [-1.030908, 46.253006], [-1.030653, 46.253017], [-1.030511, 46.25303], [-1.029934, 46.253056], [-1.02978, 46.253063], [-1.029303, 46.253082], [-1.029228, 46.253082], [-1.029011, 46.25309], [-1.028902, 46.253098], [-1.028855, 46.253105], [-1.028816, 46.253113], [-1.028767, 46.253128], [-1.028696, 46.253155], [-1.028666, 46.25317], [-1.028453, 46.253277], [-1.0283233, 46.253326], [-1.028314, 46.25333], [-1.028247, 46.253353], [-1.028169, 46.253376], [-1.027957, 46.25342], [-1.02754, 46.253525], [-1.027434, 46.25337], [-1.027287, 46.253246], [-1.027158, 46.253185], [-1.027026, 46.253143], [-1.026907, 46.253105], [-1.026835, 46.253105], [-1.026677, 46.253063], [-1.026617, 46.253033], [-1.02656, 46.253002], [-1.0265, 46.252983], [-1.02632, 46.252934], [-1.026127, 46.252857], [-1.025921, 46.25271], [-1.025862, 46.25266], [-1.025805, 46.252586], [-1.025704, 46.252483], [-1.025672, 46.25244], [-1.025649, 46.252377], [-1.025626, 46.25232], [-1.025555, 46.25223], [-1.025543, 46.25222], [-1.02551, 46.25219], [-1.025366, 46.251953], [-1.025306, 46.251884], [-1.024943, 46.251595], [-1.024879, 46.251686], [-1.024822, 46.251835], [-1.024708, 46.25216], [-1.024532, 46.25266], [-1.02448, 46.252926], [-1.024423, 46.2533], [-1.024388, 46.253407], [-1.024356, 46.253475], [-1.024323, 46.253548], [-1.024289, 46.25359], [-1.024185, 46.25358], [-1.02408, 46.25359], [-1.023963, 46.253628], [-1.023855, 46.25368], [-1.023737, 46.25378], [-1.023375, 46.25413], [-1.023079, 46.254402], [-1.022809, 46.25463], [-1.022809, 46.25463], [-1.022351, 46.25502], [-1.022175, 46.255146], [-1.022047, 46.255234], [-1.021602, 46.25553], [-1.021225, 46.255733], [-1.019678, 46.256557], [-1.0185, 46.257217], [-1.018351, 46.2573], [-1.016196, 46.25848], [-1.015516, 46.258823], [-1.014794, 46.25924], [-1.014739, 46.25927], [-1.013882, 46.25973], [-1.013802, 46.25978], [-1.013533, 46.259933], [-1.013491, 46.259956], [-1.01339, 46.26002], [-1.013065, 46.2602], [-1.013036, 46.260216], [-1.011835, 46.26084], [-1.011248, 46.26116], [-1.011094, 46.261253], [-1.010949, 46.261353], [-1.010748, 46.261456], [-1.010696, 46.261475], [-1.010644, 46.26148], [-1.010591, 46.261475], [-1.010516, 46.261475], [-1.010478, 46.261448], [-1.010434, 46.261425], [-1.01036, 46.261402], [-1.010282, 46.2614], [-1.010204, 46.26141], [-1.010151, 46.26143], [-1.010104, 46.26145], [-1.010066, 46.261486], [-1.01004, 46.26152], [-1.009963, 46.261555], [-1.009901, 46.26158], [-1.009843, 46.2616], [-1.009768, 46.261665], [-1.009718, 46.261696], [-1.009676, 46.26173], [-1.00953, 46.261894], [-1.009471, 46.261948], [-1.009392, 46.26201], [-1.009193, 46.262123], [-1.009067, 46.2622], [-1.008869, 46.262325], [-1.008792, 46.262367], [-1.008667, 46.262436], [-1.008547, 46.26249], [-1.008373, 46.262558], [-1.008221, 46.262608], [-1.008056, 46.262646], [-1.007846, 46.26269], [-1.007774, 46.262707], [-1.007684, 46.262722], [-1.00755, 46.262737], [-1.007275, 46.262764], [-1.007235, 46.26276], [-1.00715, 46.262756], [-1.006969, 46.262745], [-1.006846, 46.262733], [-1.006721, 46.26272], [-1.006576, 46.26271], [-1.006443, 46.26271], [-1.006352, 46.262714], [-1.006259, 46.26273], [-1.006119, 46.262756], [-1.006034, 46.262775], [-1.005958, 46.262802], [-1.00584, 46.26284], [-1.00577, 46.26287], [-1.00569, 46.262905], [-1.005613, 46.262947], [-1.005564, 46.262974], [-1.005542, 46.26299], [-1.00546, 46.263042], [-1.005332, 46.26298], [-1.00527, 46.26297], [-1.005211, 46.262974], [-1.005154, 46.262993], [-1.004921, 46.263153], [-1.004886, 46.26318], [-1.0048778, 46.26319], [-1.004864, 46.263214], [-1.004866, 46.263256], [-1.004891, 46.263294], [-1.00493, 46.263336], [-1.004968, 46.263374], [-1.004851, 46.263435], [-1.0047, 46.263508], [-1.004593, 46.263554], [-1.004577, 46.26356], [-1.004488, 46.263596], [-1.004388, 46.263622], [-1.004255, 46.263657], [-1.00416, 46.26367], [-1.004103, 46.263954], [-1.004092, 46.264153], [-1.004092, 46.26434], [-1.004112, 46.26454], [-1.004156, 46.26477], [-1.004186, 46.264896], [-1.004224, 46.264988], [-1.004331, 46.26527], [-1.004563, 46.265278], [-1.00506, 46.265312], [-1.005089, 46.265316], [-1.005364, 46.265354], [-1.005639, 46.265415], [-1.005746, 46.26543], [-1.00599, 46.26543], [-1.006006, 46.26543], [-1.006244, 46.26543], [-1.006432, 46.26543], [-1.00649, 46.26544], [-1.006547, 46.265465], [-1.006577, 46.2655], [-1.006594, 46.265556], [-1.006609, 46.26573], [-1.006615, 46.26587], [-1.006614, 46.26589], [-1.006611, 46.266014], [-1.006604, 46.26627], [-1.006601, 46.26634], [-1.006594, 46.266476], [-1.006579, 46.266674], [-1.006581, 46.266747], [-1.006593, 46.266773], [-1.006612, 46.266804], [-1.006523, 46.266926], [-1.006381, 46.26712], [-1.006073, 46.267544], [-1.005939, 46.267727], [-1.005831, 46.26787], [-1.005816, 46.26789], [-1.005643, 46.268124], [-1.005442, 46.268406], [-1.004967, 46.26905], [-1.004719, 46.269386], [-1.004471, 46.269726], [-1.004094, 46.270252], [-1.003984, 46.27039], [-1.003396, 46.271187], [-1.003096, 46.271603], [-1.002789, 46.272015], [-1.002482, 46.272434], [-1.002188, 46.272854], [-1.002081, 46.273003], [-1.00168, 46.27352], [-1.001354, 46.273968], [-1.000976, 46.27448], [-1.000607, 46.274982], [-1.000229, 46.275497], [-0.999855, 46.276024], [-0.999479, 46.27653], [-0.999087, 46.277065], [-0.998738, 46.27754], [-0.998334, 46.278088], [-0.997953, 46.278606], [-0.997564, 46.279144], [-0.997206, 46.279625], [-0.996833, 46.280132], [-0.996441, 46.280666], [-0.996056, 46.281185], [-0.995667, 46.281715], [-0.995317, 46.28219], [-0.995007, 46.282608], [-0.994752, 46.28296], [-0.994469, 46.283367], [-0.994357, 46.28353], [-0.994208, 46.283787], [-0.994155, 46.28388], [-0.994104, 46.283974], [-0.994055, 46.284065], [-0.993935, 46.284317], [-0.993875, 46.284454], [-0.993817, 46.284595], [-0.993764, 46.28472], [-0.993672, 46.284977], [-0.993581, 46.28524], [-0.993542, 46.285362], [-0.993506, 46.28549], [-0.993478, 46.285595], [-0.993452, 46.285706], [-0.993267, 46.286568], [-0.993109, 46.287315], [-0.992999, 46.287834], [-0.992861, 46.288498], [-0.992711, 46.28921], [-0.992584, 46.289825], [-0.992574, 46.28987], [-0.992556, 46.28996], [-0.992398, 46.290733], [-0.992275, 46.29133], [-0.992132, 46.29201], [-0.992055, 46.292377], [-0.991934, 46.29296], [-0.991777, 46.293713], [-0.991717, 46.294006], [-0.991611, 46.2945], [-0.991533, 46.294872], [-0.991516, 46.294952], [-0.991496, 46.29503], [-0.991473, 46.29511], [-0.991448, 46.295185], [-0.991434, 46.295223], [-0.991404, 46.295315], [-0.991358, 46.29544], [-0.991292, 46.295513], [-0.991238, 46.29558], [-0.991192, 46.29562], [-0.99115, 46.295635], [-0.991103, 46.295673], [-0.991086, 46.295723], [-0.9911, 46.295773], [-0.991142, 46.29581], [-0.991161, 46.29587], [-0.991183, 46.295948], [-0.991204, 46.296047], [-0.99119, 46.296165], [-0.99118, 46.29624], [-0.991171, 46.29631], [-0.991162, 46.29641], [-0.991128, 46.29677], [-0.991107, 46.29691], [-0.991081, 46.297054], [-0.990894, 46.29796], [-0.990727, 46.2988], [-0.99071, 46.298885], [-0.990663, 46.2991], [-0.990564, 46.299553], [-0.990546, 46.299637], [-0.990513, 46.29979], [-0.990483, 46.29993], [-0.990306, 46.30076], [-0.990226, 46.301132], [-0.990217, 46.301174], [-0.990173, 46.30137], [-0.990121, 46.301605], [-0.990038, 46.301983], [-0.990009, 46.302113], [-0.989951, 46.302402], [-0.9899, 46.302532], [-0.989785, 46.30306], [-0.98975, 46.30327], [-0.989718, 46.303463], [-0.989707, 46.30358], [-0.989703, 46.303696], [-0.989708, 46.30384], [-0.989742, 46.30399], [-0.989781, 46.304077], [-0.989817, 46.304153], [-0.989956, 46.30443], [-0.99015, 46.304787], [-0.99026, 46.304924], [-0.990326, 46.305084], [-0.990546, 46.305515], [-0.990636, 46.30569], [-0.990564, 46.305687], [-0.990487, 46.305683], [-0.990414, 46.305683], [-0.990346, 46.305676], [-0.990266, 46.30566], [-0.989984, 46.30559], [-0.989365, 46.30544], [-0.989029, 46.30536], [-0.989077, 46.30551], [-0.989206, 46.305706], [-0.989414, 46.305992], [-0.989474, 46.30606], [-0.989739, 46.306347], [-0.98996, 46.30663], [-0.990036, 46.306828], [-0.990106, 46.307243], [-0.99012, 46.30733], [-0.990136, 46.307476], [-0.990039, 46.30761], [-0.990029, 46.307625], [-0.990007, 46.307648], [-0.989996, 46.30766], [-0.989835, 46.307842], [-0.98971, 46.30797], [-0.989603, 46.308083], [-0.989547, 46.30814], [-0.989297, 46.308125]]}}, {"type": "Feature", "properties": {"route_short_name": "143", "route_long_name": "143 - SURGERES - LA ROCHELLE", "shape_id": "CHARENTE_MARITIME:JourneyPattern:4841_9371C47E616FC893770E5F8FA3AA3F9C", "n_points": 1541, "n_shape_variants_in_source": 3}, "geometry": {"type": "LineString", "coordinates": [[-1.141221, 46.152576], [-1.141738, 46.15267], [-1.141797, 46.152496], [-1.141837, 46.152397], [-1.141878, 46.152298], [-1.141893, 46.15225], [-1.141923, 46.152184], [-1.141487, 46.151993], [-1.141496, 46.15196], [-1.141497, 46.151913], [-1.141479, 46.15187], [-1.141444, 46.151833], [-1.141394, 46.151802], [-1.141324, 46.15178], [-1.141248, 46.151775], [-1.141175, 46.15179], [-1.141113, 46.15182], [-1.141068, 46.151863], [-1.141046, 46.15191], [-1.14071, 46.151886], [-1.140623, 46.15188], [-1.140524, 46.15187], [-1.140347, 46.151867], [-1.140177, 46.151844], [-1.140018, 46.151863], [-1.139939, 46.151882], [-1.139903, 46.151894], [-1.139795, 46.151913], [-1.139745, 46.151928], [-1.139703, 46.151894], [-1.139652, 46.151867], [-1.139588, 46.151844], [-1.139518, 46.151833], [-1.139445, 46.15183], [-1.139374, 46.151836], [-1.139307, 46.15185], [-1.139247, 46.151875], [-1.139195, 46.15191], [-1.139071, 46.151905], [-1.138838, 46.15188], [-1.138436, 46.151817], [-1.138208, 46.151775], [-1.138084, 46.15176], [-1.13796, 46.15176], [-1.137743, 46.1518], [-1.137568, 46.151867], [-1.137415, 46.15197], [-1.137318, 46.152107], [-1.137051, 46.15275], [-1.136931, 46.15307], [-1.136817, 46.153385], [-1.136607, 46.153976], [-1.136526, 46.15415], [-1.136343, 46.15445], [-1.136253, 46.154552], [-1.136088, 46.15475], [-1.136009, 46.154827], [-1.135994, 46.154842], [-1.135911, 46.154915], [-1.135782, 46.15502], [-1.135751, 46.155045], [-1.135738, 46.155056], [-1.135666, 46.15511], [-1.135427, 46.155277], [-1.1351, 46.15546], [-1.134761, 46.155617], [-1.134378, 46.15576], [-1.13416, 46.15582], [-1.133989, 46.155865], [-1.133716, 46.15592], [-1.133416, 46.155964], [-1.133259, 46.15598], [-1.132915, 46.156013], [-1.131838, 46.156116], [-1.131388, 46.156155], [-1.130998, 46.156185], [-1.130709, 46.15621], [-1.130604, 46.15622], [-1.130081, 46.156265], [-1.128878, 46.156372], [-1.12823, 46.156418], [-1.127358, 46.156498], [-1.126872, 46.156544], [-1.126771, 46.156548], [-1.126617, 46.15656], [-1.12649, 46.156567], [-1.126458, 46.15657], [-1.125924, 46.156616], [-1.125303, 46.156673], [-1.124885, 46.15671], [-1.124876, 46.15671], [-1.123896, 46.1568], [-1.123767, 46.15681], [-1.123629, 46.156815], [-1.123125, 46.15683], [-1.122616, 46.156845], [-1.122506, 46.15685], [-1.122354, 46.15684], [-1.122238, 46.156837], [-1.1218, 46.156815], [-1.121302, 46.156776], [-1.120658, 46.156708], [-1.120638, 46.156708], [-1.120435, 46.156677], [-1.120096, 46.156628], [-1.119919, 46.156593], [-1.119743, 46.156563], [-1.119547, 46.15651], [-1.119255, 46.15642], [-1.118871, 46.15627], [-1.118737, 46.156193], [-1.118652, 46.156143], [-1.118562, 46.156094], [-1.118432, 46.156013], [-1.118415, 46.156006], [-1.118108, 46.15576], [-1.117094, 46.15465], [-1.117025, 46.154575], [-1.11698, 46.154526], [-1.116869, 46.154415], [-1.116603, 46.1541], [-1.1164, 46.153866], [-1.116197, 46.15364], [-1.11617, 46.15361], [-1.116074, 46.15342], [-1.115931, 46.15324], [-1.115857, 46.153168], [-1.115747, 46.153088], [-1.11568, 46.153046], [-1.115621, 46.153008], [-1.115579, 46.152966], [-1.115544, 46.15292], [-1.115513, 46.15285], [-1.115518, 46.152775], [-1.1155, 46.152706], [-1.115463, 46.15265], [-1.11539, 46.15258], [-1.115267, 46.15252], [-1.115157, 46.152496], [-1.115077, 46.15249], [-1.114937, 46.1525], [-1.114897, 46.152515], [-1.114808, 46.15255], [-1.114723, 46.15261], [-1.114663, 46.15268], [-1.114633, 46.15276], [-1.114633, 46.15284], [-1.114505, 46.15294], [-1.114254, 46.153088], [-1.114138, 46.153122], [-1.113556, 46.15331], [-1.113489, 46.153328], [-1.113301, 46.15338], [-1.11296, 46.153408], [-1.112819, 46.153378], [-1.112683, 46.15332], [-1.112476, 46.153187], [-1.11222, 46.1531], [-1.11197, 46.15307], [-1.111683, 46.15309], [-1.11151, 46.153137], [-1.11135, 46.153206], [-1.111129, 46.15336], [-1.111058, 46.153454], [-1.110998, 46.153572], [-1.110971, 46.15369], [-1.110987, 46.153896], [-1.111021, 46.153954], [-1.111167, 46.15415], [-1.111206, 46.154175], [-1.111332, 46.154255], [-1.111364, 46.154408], [-1.111372, 46.154484], [-1.111361, 46.15455], [-1.111336, 46.1546], [-1.11129, 46.154648], [-1.111228, 46.1547], [-1.110741, 46.155014], [-1.110509, 46.155163], [-1.110406, 46.155228], [-1.110119, 46.15542], [-1.109388, 46.155895], [-1.109239, 46.15599], [-1.109239, 46.15599], [-1.109011, 46.15614], [-1.108897, 46.156204], [-1.10881, 46.156235], [-1.108754, 46.15624], [-1.108677, 46.15626], [-1.108616, 46.1563], [-1.108576, 46.15635], [-1.108566, 46.15638], [-1.108565, 46.15641], [-1.108444, 46.156513], [-1.107015, 46.157444], [-1.106775, 46.157597], [-1.10496, 46.15878], [-1.104262, 46.159184], [-1.103713, 46.15946], [-1.103344, 46.15963], [-1.102997, 46.15976], [-1.102864, 46.159782], [-1.10279, 46.159794], [-1.102709, 46.159782], [-1.102628, 46.159794], [-1.102569, 46.159813], [-1.102519, 46.15984], [-1.102482, 46.159878], [-1.102458, 46.15993], [-1.102362, 46.159996], [-1.102293, 46.160023], [-1.102041, 46.160126], [-1.101643, 46.160275], [-1.101391, 46.160362], [-1.100592, 46.16062], [-1.100013, 46.160793], [-1.099551, 46.160896], [-1.097861, 46.161224], [-1.096813, 46.16141], [-1.096196, 46.161522], [-1.095844, 46.161583], [-1.094154, 46.161884], [-1.093991, 46.16189], [-1.093916, 46.16189], [-1.093851, 46.161858], [-1.093775, 46.161842], [-1.093703, 46.161842], [-1.093636, 46.16186], [-1.093579, 46.161892], [-1.09354, 46.16193], [-1.093517, 46.161972], [-1.093515, 46.16203], [-1.093539, 46.162083], [-1.093587, 46.162125], [-1.093637, 46.16215], [-1.093696, 46.162167], [-1.093757, 46.16217], [-1.093818, 46.162163], [-1.093874, 46.162148], [-1.093922, 46.16212], [-1.093958, 46.162086], [-1.09398, 46.162045], [-1.094179, 46.161976], [-1.094953, 46.161842], [-1.095606, 46.16173], [-1.09577, 46.161705], [-1.095963, 46.16167], [-1.095844, 46.161583], [-1.094154, 46.161884], [-1.093991, 46.16189], [-1.093916, 46.16189], [-1.093851, 46.161858], [-1.093775, 46.161842], [-1.093703, 46.161842], [-1.093636, 46.16186], [-1.093579, 46.161892], [-1.09354, 46.16193], [-1.093517, 46.161972], [-1.093451, 46.162], [-1.093328, 46.16203], [-1.093069, 46.162075], [-1.0930648, 46.162075], [-1.093025, 46.162083], [-1.090756, 46.162483], [-1.090473, 46.16252], [-1.090291, 46.16254], [-1.090111, 46.162548], [-1.089979, 46.16255], [-1.089889, 46.162537], [-1.089787, 46.162506], [-1.089714, 46.162487], [-1.089642, 46.162426], [-1.08955, 46.162376], [-1.089444, 46.16235], [-1.089335, 46.16234], [-1.089226, 46.16235], [-1.089125, 46.162376], [-1.089029, 46.162426], [-1.088994, 46.162457], [-1.088857, 46.16248], [-1.088729, 46.162487], [-1.087798, 46.162403], [-1.0874, 46.162327], [-1.087011, 46.16223], [-1.086623, 46.16212], [-1.0841, 46.16129], [-1.081401, 46.1604], [-1.081145, 46.160313], [-1.080382, 46.16005], [-1.080148, 46.15996], [-1.079697, 46.15977], [-1.079379, 46.15963], [-1.074603, 46.157425], [-1.074077, 46.15718], [-1.073283, 46.15676], [-1.072945, 46.156586], [-1.07282, 46.1565], [-1.072762, 46.15646], [-1.07274, 46.156387], [-1.072692, 46.15632], [-1.072621, 46.15626], [-1.072521, 46.156216], [-1.072406, 46.15619], [-1.072285, 46.156185], [-1.072187, 46.1562], [-1.072097, 46.15623], [-1.071939, 46.156216], [-1.071812, 46.15618], [-1.071687, 46.15612], [-1.071519, 46.156006], [-1.071306, 46.155884], [-1.070983, 46.15572], [-1.070682, 46.15559], [-1.070402, 46.15548], [-1.070138, 46.155384], [-1.06785, 46.154667], [-1.066816, 46.15435], [-1.066258, 46.154167], [-1.065755, 46.153984], [-1.065229, 46.15379], [-1.065028, 46.15364], [-1.064978, 46.153603], [-1.064971, 46.15354], [-1.064955, 46.153515], [-1.064937, 46.153484], [-1.064879, 46.15344], [-1.064804, 46.153408], [-1.064719, 46.153397], [-1.064632, 46.153404], [-1.064553, 46.153427], [-1.064237, 46.153397], [-1.060049, 46.15178], [-1.055528, 46.150185], [-1.050331, 46.148216], [-1.048223, 46.147415], [-1.047479, 46.147125], [-1.046806, 46.14684], [-1.046004, 46.146477], [-1.045588, 46.146282], [-1.045418, 46.14616], [-1.044248, 46.14552], [-1.044024, 46.145397], [-1.04393, 46.145344], [-1.042453, 46.144577], [-1.042222, 46.144485], [-1.04069, 46.143673], [-1.039817, 46.14325], [-1.038971, 46.14287], [-1.037279, 46.142128], [-1.034565, 46.140923], [-1.034064, 46.140675], [-1.033754, 46.14055], [-1.033545, 46.14046], [-1.033414, 46.140408], [-1.033248, 46.140347], [-1.033174, 46.140324], [-1.032716, 46.140186], [-1.032362, 46.140083], [-1.03204, 46.140003], [-1.031695, 46.139927], [-1.03155, 46.139896], [-1.031017, 46.13978], [-1.028777, 46.139294], [-1.028518, 46.139236], [-1.028194, 46.139164], [-1.027877, 46.13909], [-1.027768, 46.139065], [-1.027411, 46.138992], [-1.027261, 46.13896], [-1.027229, 46.138954], [-1.027229, 46.138954], [-1.027018, 46.138916], [-1.026799, 46.138878], [-1.026648, 46.138866], [-1.026509, 46.138844], [-1.026295, 46.1388], [-1.025416, 46.138622], [-1.025, 46.138535], [-1.024791, 46.13849], [-1.024109, 46.138344], [-1.024057, 46.13833], [-1.023993, 46.138317], [-1.023223, 46.13811], [-1.023106, 46.13807], [-1.023112, 46.13805], [-1.023108, 46.13803], [-1.023095, 46.138012], [-1.023073, 46.137997], [-1.023046, 46.13799], [-1.023019, 46.13799], [-1.022993, 46.137993], [-1.02297, 46.138], [-1.022952, 46.138016], [-1.02294, 46.13803], [-1.02284, 46.138004], [-1.022321, 46.137875], [-1.02113, 46.137554], [-1.020345, 46.137363], [-1.019869, 46.137257], [-1.019383, 46.137165], [-1.018452, 46.137012], [-1.016468, 46.136696], [-1.016008, 46.13662], [-1.01477, 46.136414], [-1.014559, 46.13638], [-1.014304, 46.136337], [-1.012066, 46.13599], [-1.010747, 46.13576], [-1.009902, 46.13561], [-1.009705, 46.135532], [-1.009627, 46.135506], [-1.00961, 46.135475], [-1.009571, 46.135445], [-1.009519, 46.13543], [-1.009462, 46.13543], [-1.009419, 46.135445], [-1.009153, 46.135452], [-1.009091, 46.13544], [-1.008841, 46.135384], [-1.008576, 46.135323], [-1.007788, 46.135223], [-1.006347, 46.13499], [-1.005597, 46.134842], [-1.004929, 46.13468], [-1.003154, 46.134235], [-1.002496, 46.13404], [-1.002289, 46.133965], [-1.00136, 46.13363], [-0.999979, 46.133137], [-0.999911, 46.133102], [-0.999755, 46.133015], [-0.999678, 46.132977], [-0.999623, 46.13297], [-0.999625, 46.132935], [-0.999611, 46.132904], [-0.999614, 46.13287], [-0.999637, 46.132782], [-0.999674, 46.132706], [-1.000242, 46.131996], [-1.000467, 46.131702], [-1.000537, 46.131615], [-1.000603, 46.13153], [-1.000738, 46.13135], [-1.000786, 46.131287], [-1.001934, 46.131676], [-1.00202, 46.131687], [-1.002108, 46.131668], [-1.002186, 46.131557], [-1.002197, 46.131496], [-1.002114, 46.13145], [-1.001375, 46.131195], [-1.0013452, 46.131184], [-1.000958, 46.13105], [-1.001067, 46.1309], [-1.00119, 46.13075], [-1.001326, 46.130596], [-1.001564, 46.1303], [-1.001642, 46.13022], [-1.001755, 46.130096], [-1.001906, 46.12999], [-1.002063, 46.129906], [-1.002455, 46.129723], [-1.002535, 46.12969], [-1.00256, 46.12968], [-1.00292, 46.129536], [-1.003105, 46.129463], [-1.003176, 46.129436], [-1.003483, 46.129322], [-1.003586, 46.129284], [-1.003684, 46.129242], [-1.00377, 46.129196], [-1.003948, 46.129128], [-1.00446, 46.12894], [-1.004649, 46.12888], [-1.004732, 46.12885], [-1.004728, 46.12882], [-1.004675, 46.12872], [-1.004509, 46.128414], [-1.00428, 46.128], [-1.004202, 46.127857], [-1.004136, 46.127724], [-1.004054, 46.127583], [-1.003859, 46.127266], [-1.003814, 46.12721], [-1.003367, 46.126644], [-1.00321, 46.126453], [-1.003129, 46.12635], [-1.003055, 46.126217], [-1.002967, 46.12602], [-1.002888, 46.125725], [-1.002881, 46.125683], [-1.002883, 46.12566], [-1.002894, 46.12565], [-1.002855, 46.12563], [-1.00281, 46.12562], [-1.002184, 46.125603], [-1.000708, 46.12554], [-0.999514, 46.125492], [-0.999414, 46.125492], [-0.997814, 46.125526], [-0.997187, 46.125546], [-0.996436, 46.12557], [-0.995113, 46.12562], [-0.994056, 46.1257], [-0.993733, 46.125732], [-0.992228, 46.125942], [-0.991198, 46.126095], [-0.990112, 46.126247], [-0.989773, 46.12629], [-0.989505, 46.126324], [-0.988927, 46.126408], [-0.988127, 46.126503], [-0.987686, 46.12656], [-0.987232, 46.126617], [-0.986706, 46.12669], [-0.986021, 46.126778], [-0.985464, 46.126858], [-0.985153, 46.12691], [-0.984926, 46.12695], [-0.984451, 46.12703], [-0.984247, 46.127075], [-0.984055, 46.127113], [-0.983912, 46.127132], [-0.983892, 46.12712], [-0.983866, 46.12711], [-0.983838, 46.12711], [-0.98381, 46.127113], [-0.983784, 46.12712], [-0.983764, 46.127136], [-0.983743, 46.12713], [-0.983627, 46.127075], [-0.9836, 46.127068], [-0.983404, 46.127033], [-0.983259, 46.127003], [-0.983066, 46.12695], [-0.982709, 46.126816], [-0.982236, 46.126637], [-0.982191, 46.126617], [-0.981879, 46.1265], [-0.981868, 46.126495], [-0.980886, 46.126186], [-0.979882, 46.12587], [-0.979773, 46.125835], [-0.97939, 46.125694], [-0.979319, 46.12567], [-0.978995, 46.125553], [-0.97768, 46.125027], [-0.976973, 46.124683], [-0.976685, 46.124535], [-0.975469, 46.123753], [-0.975354, 46.123688], [-0.97492, 46.1234], [-0.974546, 46.123146], [-0.974118, 46.12281], [-0.972764, 46.12152], [-0.97221, 46.121044], [-0.971553, 46.12051], [-0.970154, 46.119286], [-0.969539, 46.11876], [-0.969244, 46.11853], [-0.968646, 46.118137], [-0.968096, 46.117775], [-0.967981, 46.117695], [-0.967221, 46.117214], [-0.96698, 46.11707], [-0.966701, 46.11694], [-0.966074, 46.116688], [-0.964507, 46.11609], [-0.962966, 46.115505], [-0.962358, 46.115288], [-0.961943, 46.115166], [-0.96079, 46.114857], [-0.958967, 46.114365], [-0.958464, 46.114243], [-0.957988, 46.114147], [-0.957429, 46.114075], [-0.956981, 46.114033], [-0.956507, 46.113987], [-0.955952, 46.113934], [-0.955668, 46.113922], [-0.955329, 46.113922], [-0.954994, 46.11397], [-0.954597, 46.114067], [-0.954175, 46.11418], [-0.953988, 46.11425], [-0.95382, 46.114323], [-0.953692, 46.114403], [-0.953572, 46.1145], [-0.953453, 46.114628], [-0.953058, 46.115074], [-0.952935, 46.115177], [-0.952818, 46.11525], [-0.952708, 46.115288], [-0.95252, 46.11533], [-0.952334, 46.11534], [-0.951985, 46.11532], [-0.951116, 46.115246], [-0.950808, 46.115223], [-0.950546, 46.115192], [-0.950494, 46.115185], [-0.950256, 46.115147], [-0.950213, 46.11514], [-0.949825, 46.11503], [-0.949784, 46.11502], [-0.949665, 46.114986], [-0.949017, 46.11478], [-0.948834, 46.114723], [-0.948703, 46.114674], [-0.948594, 46.114624], [-0.948526, 46.11459], [-0.948227, 46.114437], [-0.947987, 46.114315], [-0.94798267, 46.11431], [-0.947912, 46.114277], [-0.947815, 46.114223], [-0.94758, 46.114094], [-0.947525, 46.114063], [-0.947197, 46.113895], [-0.947167, 46.11388], [-0.947122, 46.11386], [-0.9471, 46.113853], [-0.947025, 46.113827], [-0.946889, 46.113792], [-0.946859, 46.11379], [-0.946543, 46.11374], [-0.946494, 46.113735], [-0.946144, 46.113697], [-0.945735, 46.113655], [-0.945524, 46.113632], [-0.945413, 46.113636], [-0.944831, 46.11367], [-0.944677, 46.113705], [-0.944576, 46.113728], [-0.943496, 46.114014], [-0.943285, 46.11407], [-0.942921, 46.114166], [-0.942318, 46.114326], [-0.942263, 46.11434], [-0.942208, 46.114357], [-0.942205, 46.11433], [-0.94219, 46.114307], [-0.942165, 46.11429], [-0.942132, 46.114277], [-0.942097, 46.114273], [-0.942061, 46.114277], [-0.942028, 46.114285], [-0.942001, 46.114304], [-0.941984, 46.114326], [-0.941977, 46.11435], [-0.941982, 46.114376], [-0.941998, 46.114395], [-0.941964, 46.114418], [-0.941906, 46.114452], [-0.941827, 46.114475], [-0.941261, 46.114647], [-0.941191, 46.114666], [-0.941046, 46.11471], [-0.940867, 46.11476], [-0.940458, 46.11488], [-0.940283, 46.114933], [-0.940063, 46.114998], [-0.939964, 46.115025], [-0.939401, 46.115204], [-0.939321, 46.11523], [-0.938915, 46.11535], [-0.938881, 46.115356], [-0.938845, 46.115368], [-0.938392, 46.1155], [-0.93822, 46.115555], [-0.937984, 46.115623], [-0.937862, 46.11566], [-0.937434, 46.115788], [-0.937153, 46.115856], [-0.936894, 46.115902], [-0.936885, 46.11586], [-0.936873, 46.115814], [-0.936785, 46.11548], [-0.936747, 46.11535], [-0.9367414, 46.115326], [-0.93674, 46.115322], [-0.936723, 46.11526], [-0.936688, 46.11517], [-0.936663, 46.11512], [-0.936588, 46.115036], [-0.936447, 46.114944], [-0.936379, 46.11492], [-0.936237, 46.114883], [-0.936052, 46.114853], [-0.935957, 46.114838], [-0.935545, 46.11482], [-0.935458, 46.114815], [-0.9354, 46.11481], [-0.935407, 46.114727], [-0.935419, 46.114582], [-0.935492, 46.11375], [-0.935523, 46.113476], [-0.935599, 46.112812], [-0.935622, 46.11261], [-0.935627, 46.112568], [-0.935645, 46.112396], [-0.935686, 46.112057], [-0.935779, 46.111217], [-0.93579, 46.11112], [-0.935792, 46.1111], [-0.935817, 46.110687], [-0.93584, 46.110497], [-0.935844, 46.11045], [-0.935872, 46.110252], [-0.9359, 46.1101], [-0.935946, 46.109947], [-0.935999, 46.10977], [-0.936181, 46.10944], [-0.936197, 46.10941], [-0.936469, 46.109005], [-0.936697, 46.108665], [-0.936789, 46.10853], [-0.936816, 46.108486], [-0.936933, 46.108315], [-0.937034, 46.108166], [-0.937123, 46.10803], [-0.937224, 46.10788], [-0.937332, 46.107754], [-0.937484, 46.10757], [-0.937727, 46.107285], [-0.93822, 46.106705], [-0.938364, 46.106533], [-0.938747, 46.10608], [-0.938938, 46.105854], [-0.939351, 46.105427], [-0.939635, 46.10506], [-0.940147, 46.10426], [-0.940305, 46.104023], [-0.940449, 46.10393], [-0.940573, 46.103916], [-0.940642, 46.103912], [-0.940635, 46.10382], [-0.940649, 46.103725], [-0.940768, 46.10357], [-0.940831, 46.10349], [-0.94086, 46.10345], [-0.940964, 46.103436], [-0.941054, 46.103394], [-0.94112, 46.103336], [-0.941154, 46.103264], [-0.941151, 46.103188], [-0.941111, 46.10312], [-0.941067, 46.10308], [-0.941011, 46.10305], [-0.940984, 46.102917], [-0.94099, 46.10274], [-0.94102, 46.102406], [-0.941119, 46.10159], [-0.941152, 46.10099], [-0.941267, 46.10098], [-0.941596, 46.10098], [-0.941773, 46.10101], [-0.94215, 46.101048], [-0.942161, 46.101006], [-0.942425, 46.099976], [-0.942462, 46.09983], [-0.942515, 46.099762], [-0.942608, 46.099712], [-0.942713, 46.099697], [-0.943376, 46.099827], [-0.943459, 46.099808], [-0.943522, 46.099766], [-0.943686, 46.09913], [-0.943829, 46.0986], [-0.943848, 46.09856], [-0.943887, 46.098515], [-0.943937, 46.09852], [-0.943988, 46.098515], [-0.944034, 46.0985], [-0.94407, 46.098473], [-0.944094, 46.09844], [-0.944101, 46.098404], [-0.944089, 46.098366], [-0.944065, 46.098335], [-0.944028, 46.098316], [-0.943984, 46.0983], [-0.943935, 46.098297], [-0.943887, 46.098305], [-0.943844, 46.09832], [-0.94381, 46.098343], [-0.943788, 46.098373], [-0.943048, 46.09823], [-0.942933, 46.09818], [-0.942892, 46.098133], [-0.942864, 46.098083], [-0.942851, 46.09802], [-0.942883, 46.097916], [-0.943057, 46.097446], [-0.943087, 46.097366], [-0.943188, 46.09698], [-0.943212, 46.09687], [-0.943253, 46.09635], [-0.943252, 46.09621], [-0.943243, 46.096043], [-0.94324, 46.09586], [-0.943239, 46.095825], [-0.944609, 46.09588], [-0.945096, 46.095932], [-0.945637, 46.096027], [-0.946499, 46.09621], [-0.947588, 46.096428], [-0.948147, 46.096535], [-0.949035, 46.096645], [-0.949412, 46.096684], [-0.94946, 46.09657], [-0.949539, 46.096333], [-0.949834, 46.095196], [-0.949921, 46.094826], [-0.949982, 46.094494], [-0.950023, 46.094128], [-0.95004, 46.093864], [-0.950063, 46.093815], [-0.950123, 46.09378], [-0.950215, 46.093758], [-0.951278, 46.094112], [-0.951377, 46.094143], [-0.951594, 46.094215], [-0.951564, 46.094254], [-0.951537, 46.09429], [-0.951473, 46.094364], [-0.951201, 46.09467], [-0.950351, 46.09583], [-0.949799, 46.096573], [-0.9497, 46.09671], [-0.949597, 46.096703], [-0.949412, 46.096684], [-0.949035, 46.096645], [-0.948147, 46.096535], [-0.947588, 46.096428], [-0.946499, 46.09621], [-0.945637, 46.096027], [-0.945096, 46.095932], [-0.944609, 46.09588], [-0.943239, 46.095825], [-0.943096, 46.09569], [-0.942993, 46.095615], [-0.942837, 46.09553], [-0.94261, 46.095467], [-0.942402, 46.09546], [-0.941959, 46.09541], [-0.941934, 46.095383], [-0.941903, 46.095356], [-0.941868, 46.095333], [-0.941829, 46.095314], [-0.941786, 46.0953], [-0.94175, 46.09529], [-0.941713, 46.095284], [-0.941675, 46.09528], [-0.941636, 46.09528], [-0.941598, 46.09528], [-0.94156, 46.095284], [-0.941523, 46.09529], [-0.941487, 46.095303], [-0.941457, 46.095314], [-0.941428, 46.09533], [-0.941221, 46.095325], [-0.941045, 46.095303], [-0.940926, 46.095303], [-0.940701, 46.095284], [-0.94055, 46.09529], [-0.940365, 46.095314], [-0.939893, 46.09539], [-0.939619, 46.095387], [-0.939345, 46.095356], [-0.938607, 46.09521], [-0.938275, 46.09513], [-0.938005, 46.095055], [-0.937657, 46.09491], [-0.936035, 46.094124], [-0.935841, 46.094025], [-0.935512, 46.093838], [-0.935411, 46.093765], [-0.935352, 46.093716], [-0.935252, 46.093613], [-0.935154, 46.09349], [-0.935024, 46.093277], [-0.934783, 46.092632], [-0.93465, 46.092205], [-0.934559, 46.09189], [-0.934443, 46.091484], [-0.934405, 46.091164], [-0.934383, 46.090755], [-0.934341, 46.09062], [-0.9343, 46.090527], [-0.93415, 46.09035], [-0.934098, 46.090313], [-0.934041, 46.090282], [-0.933761, 46.09014], [-0.93321, 46.08985], [-0.93321, 46.08985], [-0.933155, 46.089825], [-0.932873, 46.08972], [-0.932628, 46.089653], [-0.93223, 46.08955], [-0.932041, 46.089504], [-0.931928, 46.089462], [-0.931865, 46.08942], [-0.931825, 46.08934], [-0.931808, 46.08931], [-0.931588, 46.088882], [-0.931457, 46.08876], [-0.931092, 46.088562], [-0.930437, 46.08824], [-0.930309, 46.088177], [-0.929878, 46.087963], [-0.929669, 46.087856], [-0.92934, 46.08769], [-0.928864, 46.087456], [-0.928772, 46.087414], [-0.928443, 46.087227], [-0.92813, 46.08701], [-0.928102, 46.08699], [-0.927565, 46.086575], [-0.927415, 46.086452], [-0.927248, 46.086334], [-0.92722, 46.086315], [-0.92721635, 46.08631], [-0.927155, 46.08627], [-0.926897, 46.086082], [-0.926281, 46.085613], [-0.926176, 46.08553], [-0.926155, 46.085514], [-0.926113, 46.085476], [-0.925972, 46.085396], [-0.925898, 46.08537], [-0.92575, 46.085346], [-0.925414, 46.085335], [-0.925111, 46.085323], [-0.924988, 46.08531], [-0.9249, 46.085304], [-0.924365, 46.085205], [-0.924354, 46.085205], [-0.924264, 46.08519], [-0.92418, 46.085186], [-0.923637, 46.085194], [-0.923568, 46.085194], [-0.923539, 46.085194], [-0.923218, 46.085197], [-0.923094, 46.085197], [-0.922873, 46.0852], [-0.922611, 46.085217], [-0.922535, 46.08522], [-0.922463, 46.085217], [-0.921911, 46.0852], [-0.921634, 46.085194], [-0.920959, 46.08517], [-0.920566, 46.085155], [-0.920538, 46.08515], [-0.920462, 46.08515], [-0.920253, 46.085144], [-0.919969, 46.085136], [-0.919796, 46.08512], [-0.91957, 46.08509], [-0.919354, 46.08505], [-0.919013, 46.084972], [-0.918176, 46.084755], [-0.91807, 46.08473], [-0.918048, 46.08472], [-0.917957, 46.084698], [-0.91782, 46.084656], [-0.917697, 46.0846], [-0.917621, 46.084557], [-0.917579, 46.08461], [-0.917072, 46.085102], [-0.916981, 46.085194], [-0.9169243, 46.08517], [-0.91653, 46.08502], [-0.916927, 46.08517], [-0.916981, 46.085194], [-0.916889, 46.085262], [-0.916488, 46.085537], [-0.916122, 46.08579], [-0.915925, 46.085968], [-0.915768, 46.086113], [-0.915593, 46.086304], [-0.915491, 46.086437], [-0.915376, 46.08662], [-0.914681, 46.08773], [-0.914505, 46.08804], [-0.91442, 46.088688], [-0.91439, 46.088825], [-0.914123, 46.08941], [-0.914081, 46.089653], [-0.914113, 46.089993], [-0.914257, 46.090767], [-0.914408, 46.091152], [-0.914437, 46.0912], [-0.914517, 46.09135], [-0.915043, 46.09204], [-0.915207, 46.092354], [-0.915294, 46.092644], [-0.915331, 46.09281], [-0.915391, 46.09313], [-0.915422, 46.09336], [-0.915413, 46.093597], [-0.915367, 46.09382], [-0.915295, 46.094032], [-0.915161, 46.09428], [-0.914828, 46.094673], [-0.914254, 46.095253], [-0.914052, 46.095444], [-0.913847, 46.095657], [-0.913483, 46.09601], [-0.913054, 46.096443], [-0.912755, 46.09675], [-0.912591, 46.09692], [-0.912417, 46.097176], [-0.912353, 46.09744], [-0.912272, 46.09852], [-0.912176, 46.098934], [-0.912124, 46.09916], [-0.912113, 46.099194], [-0.911972, 46.09962], [-0.911884, 46.09988], [-0.911881, 46.09989], [-0.911877, 46.099907], [-0.911776, 46.10022], [-0.911764, 46.100258], [-0.911686, 46.100502], [-0.911593, 46.100723], [-0.911524, 46.10086], [-0.911485, 46.10092], [-0.911415, 46.10101], [-0.911345, 46.1011], [-0.911318, 46.101135], [-0.911298, 46.10118], [-0.911232, 46.10135], [-0.911184, 46.101467], [-0.911168, 46.101505], [-0.911151, 46.101547], [-0.911131, 46.1016], [-0.911047, 46.10181], [-0.91102, 46.10188], [-0.910838, 46.10232], [-0.910794, 46.10237], [-0.910728, 46.102432], [-0.910679, 46.102463], [-0.910567, 46.1025], [-0.910413, 46.102535], [-0.909498, 46.102703], [-0.909261, 46.102745], [-0.909261, 46.102745], [-0.906739, 46.103203], [-0.903384, 46.103806], [-0.901096, 46.104214], [-0.901016, 46.10423], [-0.900403, 46.10434], [-0.900403, 46.10434], [-0.900265, 46.104362], [-0.89987, 46.104435], [-0.8998, 46.104446], [-0.899399, 46.10452], [-0.89887, 46.104614], [-0.898745, 46.104637], [-0.898169, 46.10474], [-0.898104, 46.104755], [-0.897985, 46.10478], [-0.897591, 46.104874], [-0.897477, 46.104916], [-0.897457, 46.10489], [-0.897436, 46.104862], [-0.897382, 46.104828], [-0.897307, 46.104797], [-0.897129, 46.104774], [-0.896834, 46.104725], [-0.896621, 46.104687], [-0.896274, 46.10461], [-0.896133, 46.104588], [-0.8958, 46.104565], [-0.894823, 46.104523], [-0.89477, 46.10452], [-0.89482, 46.10418], [-0.894841, 46.10409], [-0.894836, 46.104057], [-0.894812, 46.10403], [-0.894388, 46.10395], [-0.894374, 46.10395], [-0.89435, 46.103943], [-0.893836, 46.10383], [-0.893363, 46.103657], [-0.893029, 46.103504], [-0.892668, 46.10329], [-0.892289, 46.103065], [-0.89195, 46.10282], [-0.89155, 46.10257], [-0.88932, 46.101624], [-0.888847, 46.101425], [-0.888763, 46.101395], [-0.888719, 46.101383], [-0.888659, 46.101368], [-0.888493, 46.101337], [-0.88831, 46.10131], [-0.88802, 46.101246], [-0.887821, 46.101154], [-0.887766, 46.101128], [-0.887389, 46.100845], [-0.887218, 46.10063], [-0.887133, 46.100372], [-0.887127, 46.100216], [-0.887202, 46.10011], [-0.887276, 46.10005], [-0.887336, 46.100033], [-0.887389, 46.100002], [-0.887447, 46.099953], [-0.887484, 46.09989], [-0.887497, 46.099834], [-0.88749, 46.099777], [-0.887464, 46.099724], [-0.88742, 46.099674], [-0.887361, 46.099636], [-0.88728, 46.099606], [-0.88719, 46.099586], [-0.887097, 46.09959], [-0.887008, 46.099606], [-0.886908, 46.09965], [-0.886837, 46.09972], [-0.886803, 46.0998], [-0.886811, 46.099884], [-0.886628, 46.1], [-0.886276, 46.100166], [-0.885618, 46.100372], [-0.884808, 46.100597], [-0.883318, 46.101048], [-0.882772, 46.101177], [-0.882078, 46.101315], [-0.881435, 46.10141], [-0.880731, 46.101456], [-0.880017, 46.101463], [-0.879455, 46.10143], [-0.87887, 46.101364], [-0.878432, 46.101288], [-0.877697, 46.10112], [-0.876711, 46.100925], [-0.876126, 46.100853], [-0.875564, 46.100815], [-0.87482, 46.100803], [-0.87419, 46.10085], [-0.872539, 46.101048], [-0.87178, 46.101147], [-0.870826, 46.10127], [-0.869377, 46.10139], [-0.85584, 46.10235], [-0.852274, 46.102608], [-0.845023, 46.103127], [-0.843761, 46.10322], [-0.841071, 46.103413], [-0.839725, 46.103516], [-0.839384, 46.103535], [-0.839169, 46.10355], [-0.838846, 46.10354], [-0.838784, 46.10353], [-0.83872, 46.10352], [-0.838675, 46.1035], [-0.838617, 46.103462], [-0.838552, 46.10343], [-0.838476, 46.103413], [-0.838407, 46.103413], [-0.83834, 46.103424], [-0.838281, 46.10345], [-0.838233, 46.103485], [-0.838208, 46.103516], [-0.838193, 46.10355], [-0.83817, 46.103565], [-0.838129, 46.103584], [-0.838063, 46.103596], [-0.837971, 46.10361], [-0.837887, 46.10362], [-0.837767, 46.103645], [-0.835996, 46.103786], [-0.821465, 46.10484], [-0.818435, 46.10506], [-0.818128, 46.10508], [-0.810904, 46.105614], [-0.807846, 46.10583], [-0.807737, 46.10584], [-0.802599, 46.106224], [-0.79962, 46.10644], [-0.799416, 46.10644], [-0.797549, 46.10657], [-0.791009, 46.107063], [-0.785005, 46.10749], [-0.784857, 46.107475], [-0.784609, 46.107433], [-0.784574, 46.10741], [-0.784533, 46.10739], [-0.784488, 46.107384], [-0.784433, 46.10738], [-0.784378, 46.107388], [-0.784328, 46.107407], [-0.784286, 46.10743], [-0.784262, 46.107452], [-0.784245, 46.107475], [-0.784232, 46.10751], [-0.784231, 46.107544], [-0.784242, 46.10758], [-0.784264, 46.10761], [-0.784286, 46.10763], [-0.784312, 46.107647], [-0.784392, 46.10776], [-0.784424, 46.107906], [-0.784427, 46.10824], [-0.784497, 46.109173], [-0.78462, 46.110153], [-0.784625, 46.110203], [-0.784196, 46.11018], [-0.784177, 46.11018], [-0.783964, 46.11016], [-0.783665, 46.110138], [-0.782841, 46.11007], [-0.782655, 46.11005], [-0.782514, 46.11003], [-0.781937, 46.109955], [-0.781469, 46.109894], [-0.781356, 46.10988], [-0.781157, 46.10985], [-0.780714, 46.10979], [-0.779727, 46.10967], [-0.779426, 46.109615], [-0.779355, 46.109615], [-0.779357, 46.10965], [-0.779368, 46.109726], [-0.779391, 46.10991], [-0.778999, 46.109947], [-0.776078, 46.110153], [-0.774915, 46.110237], [-0.77395, 46.11031], [-0.773119, 46.11037], [-0.771731, 46.110477], [-0.770738, 46.11055], [-0.770505, 46.110546], [-0.770483, 46.110535], [-0.770457, 46.110527], [-0.770429, 46.110523], [-0.770399, 46.110527], [-0.770371, 46.11054], [-0.770348, 46.11055], [-0.770194, 46.110584], [-0.770016, 46.1106], [-0.769698, 46.11062], [-0.769037, 46.11064], [-0.768865, 46.110596], [-0.768851, 46.110565], [-0.768831, 46.11054], [-0.768788, 46.110504], [-0.768735, 46.110477], [-0.768674, 46.110462], [-0.768609, 46.110462], [-0.768545, 46.11047], [-0.768487, 46.11049], [-0.76845, 46.110508], [-0.768424, 46.110527], [-0.768396, 46.11056], [-0.76838, 46.11059], [-0.768199, 46.110695], [-0.767917, 46.110783], [-0.766651, 46.11087], [-0.766384, 46.11089], [-0.763345, 46.11112], [-0.763043, 46.11115], [-0.762842, 46.111183], [-0.762647, 46.111233], [-0.762502, 46.111294], [-0.762331, 46.11141], [-0.76223, 46.11149], [-0.762159, 46.11157], [-0.762088, 46.111694], [-0.762063, 46.111828], [-0.762059, 46.111946], [-0.762076, 46.112152], [-0.762076, 46.112366], [-0.762075, 46.112583], [-0.762074, 46.112648], [-0.762068, 46.112736], [-0.762061, 46.112957], [-0.761931, 46.11307], [-0.761869, 46.113117], [-0.761748, 46.11318], [-0.761615, 46.113224], [-0.761511, 46.113247], [-0.761417, 46.11327], [-0.760538, 46.11335], [-0.75917, 46.11346], [-0.758976, 46.11347], [-0.758807, 46.11345], [-0.758705, 46.113434], [-0.758595, 46.11339], [-0.758516, 46.113346], [-0.758092, 46.11295], [-0.757898, 46.11273], [-0.75781, 46.112686], [-0.757785, 46.112656], [-0.757722, 46.11261], [-0.757664, 46.112583], [-0.757599, 46.11257], [-0.757531, 46.11257], [-0.757464, 46.11258], [-0.757403, 46.1126], [-0.757333, 46.112644], [-0.757299, 46.112686], [-0.757283, 46.112717], [-0.757273, 46.112755], [-0.757281, 46.11281], [-0.757309, 46.112858], [-0.757357, 46.112904], [-0.75743, 46.112938], [-0.757515, 46.112953], [-0.75759, 46.112953], [-0.757663, 46.11294], [-0.757735, 46.11291], [-0.757941, 46.112915], [-0.758092, 46.11295], [-0.758516, 46.113346], [-0.758595, 46.11339], [-0.758705, 46.113434], [-0.758807, 46.11345], [-0.758976, 46.11347], [-0.75917, 46.11346], [-0.760538, 46.11335], [-0.761417, 46.11327], [-0.761511, 46.113247], [-0.761549, 46.113266], [-0.761639, 46.11327], [-0.761777, 46.11325], [-0.761939, 46.113224], [-0.762076, 46.113216], [-0.762101, 46.113216], [-0.762182, 46.11321], [-0.762189, 46.113132], [-0.762191, 46.11311], [-0.762239, 46.113026], [-0.762304, 46.11294], [-0.762395, 46.112823], [-0.76246, 46.11277], [-0.762448, 46.112614], [-0.762248, 46.112637], [-0.762224, 46.11264], [-0.76219, 46.112644], [-0.762191, 46.112587], [-0.762075, 46.112583], [-0.7619, 46.11259], [-0.761713, 46.112617], [-0.761544, 46.112595], [-0.761498, 46.11258], [-0.76088, 46.11234], [-0.760433, 46.112194], [-0.759941, 46.11203], [-0.758987, 46.111908], [-0.758846, 46.11189], [-0.758602, 46.111855], [-0.758397, 46.111824], [-0.757441, 46.111717], [-0.757329, 46.111706], [-0.757267, 46.11171], [-0.757305, 46.111824], [-0.757333, 46.11189], [-0.757507, 46.112297], [-0.757513, 46.11243], [-0.757504, 46.112465], [-0.757486, 46.112495], [-0.75747, 46.112526], [-0.757403, 46.1126], [-0.757333, 46.112644], [-0.757299, 46.112686], [-0.757283, 46.112717], [-0.757273, 46.112755], [-0.757174, 46.11285], [-0.756947, 46.11303], [-0.756616, 46.113213], [-0.75632, 46.113365], [-0.75615, 46.113445], [-0.756009, 46.113495], [-0.755768, 46.11358], [-0.755478, 46.113663], [-0.753698, 46.114147], [-0.753158, 46.114292], [-0.752762, 46.11439], [-0.75244, 46.114452], [-0.752166, 46.114487], [-0.751898, 46.114506], [-0.751617, 46.114506], [-0.751325, 46.11448], [-0.750992, 46.114433], [-0.750684, 46.114365], [-0.750386, 46.114277], [-0.750243, 46.11422], [-0.749061, 46.113667], [-0.748884, 46.113583], [-0.747762, 46.113056], [-0.747712, 46.113033], [-0.747542, 46.112953], [-0.747357, 46.112865], [-0.747311, 46.112846], [-0.746574, 46.112495], [-0.745679, 46.11207], [-0.745412, 46.11193], [-0.745181, 46.111782], [-0.745101, 46.11173], [-0.744931, 46.11159], [-0.742778, 46.109497], [-0.742616, 46.109306], [-0.742494, 46.109173], [-0.742554, 46.109142], [-0.742592, 46.109097], [-0.742606, 46.10907], [-0.742616, 46.109035], [-0.742629, 46.10898], [-0.742632, 46.10891], [-0.742614, 46.108868], [-0.742599, 46.108826], [-0.74255, 46.108738], [-0.742073, 46.108734], [-0.741938, 46.108727], [-0.741809, 46.108746], [-0.74177, 46.108776], [-0.741709, 46.108803], [-0.741631, 46.10883], [-0.741555, 46.108856], [-0.741517, 46.108875], [-0.741485, 46.108902], [-0.741453, 46.10894], [-0.741431, 46.108986], [-0.741338, 46.10915], [-0.741075, 46.10956], [-0.740761, 46.109997], [-0.740579, 46.110195], [-0.740518, 46.110283], [-0.740483, 46.110264], [-0.740441, 46.110256], [-0.740399, 46.11026], [-0.74036, 46.110275], [-0.740331, 46.110294], [-0.740314, 46.11032], [-0.740311, 46.110348], [-0.74032, 46.11038], [-0.740342, 46.1104], [-0.740374, 46.110416], [-0.740407, 46.110428], [-0.740444, 46.110428], [-0.740479, 46.110424], [-0.74051, 46.11041], [-0.740535, 46.110394], [-0.740551, 46.11037], [-0.740557, 46.110348], [-0.740553, 46.11032], [-0.740544, 46.110306], [-0.74054, 46.1103], [-0.740518, 46.110283], [-0.740579, 46.110195], [-0.740761, 46.109997], [-0.741075, 46.10956], [-0.741338, 46.10915], [-0.741431, 46.108986], [-0.741453, 46.10894], [-0.741485, 46.108902], [-0.741517, 46.108875], [-0.741555, 46.108856], [-0.741631, 46.10883], [-0.741725, 46.10883], [-0.741841, 46.108807], [-0.74206, 46.108856], [-0.742176, 46.10899], [-0.742364, 46.109165], [-0.74253, 46.10932], [-0.742778, 46.109497], [-0.744931, 46.11159], [-0.745101, 46.11173], [-0.745181, 46.111782], [-0.745412, 46.11193], [-0.745679, 46.11207], [-0.746574, 46.112495], [-0.747311, 46.112846], [-0.747357, 46.112865], [-0.747542, 46.112953], [-0.74763, 46.11286], [-0.747655, 46.11283], [-0.748123, 46.112293], [-0.748234, 46.112217], [-0.748762, 46.111614], [-0.748861, 46.111507], [-0.749501, 46.11078], [-0.749564, 46.110706], [-0.749731, 46.110527], [-0.749807, 46.110428], [-0.749937, 46.11018], [-0.749977, 46.110085], [-0.749975, 46.11001], [-0.750094, 46.109676], [-0.750102, 46.109646], [-0.750111, 46.109615], [-0.750144, 46.109505], [-0.750149, 46.10949], [-0.750167, 46.109432], [-0.750171, 46.10942], [-0.750256, 46.109146], [-0.750285, 46.10905], [-0.750303, 46.109005], [-0.750332, 46.108917], [-0.750363, 46.108845], [-0.75047, 46.10872], [-0.75049, 46.108696], [-0.750815, 46.108498], [-0.750872, 46.108463], [-0.750988, 46.108395], [-0.751176, 46.108273], [-0.751249, 46.1082], [-0.751327, 46.108128], [-0.751362, 46.108093], [-0.751583, 46.10788], [-0.751822, 46.10767], [-0.751878, 46.107616], [-0.752076, 46.107403], [-0.752301, 46.107162], [-0.752328, 46.10708], [-0.752335, 46.10706], [-0.752365, 46.10699], [-0.75238, 46.106956], [-0.752442, 46.10682], [-0.752493, 46.106693], [-0.752564, 46.10652], [-0.75259, 46.10638], [-0.752561, 46.10632], [-0.752525, 46.106285], [-0.752367, 46.106255], [-0.752234, 46.10623], [-0.75216, 46.1062], [-0.752136, 46.106155], [-0.752039, 46.105984], [-0.75207, 46.105976], [-0.75208, 46.10597], [-0.752098, 46.105957], [-0.752147, 46.10591], [-0.752194, 46.105843], [-0.752218, 46.105804], [-0.752293, 46.10569], [-0.75237, 46.10557], [-0.752468, 46.105427], [-0.752524, 46.105343]]}}, {"type": "Feature", "properties": {"route_short_name": "150", "route_long_name": "150 - LA ROCHELLE - SAINT MARTIN - LES PORTES EN RE", "shape_id": "CHARENTE_MARITIME:JourneyPattern:4808_9C09CC7F5EEC24B6E8CC05476BA5C233", "n_points": 3027, "n_shape_variants_in_source": 56}, "geometry": {"type": "LineString", "coordinates": [[-1.141227, 46.152576], [-1.141738, 46.15267], [-1.141797, 46.152496], [-1.141837, 46.152397], [-1.141878, 46.152298], [-1.141893, 46.15225], [-1.141923, 46.152184], [-1.141487, 46.151993], [-1.141496, 46.15196], [-1.141497, 46.151913], [-1.141479, 46.15187], [-1.141444, 46.151833], [-1.141394, 46.151802], [-1.141324, 46.15178], [-1.141248, 46.151775], [-1.141175, 46.15179], [-1.141113, 46.15182], [-1.141068, 46.151863], [-1.141046, 46.15191], [-1.14071, 46.151886], [-1.140623, 46.15188], [-1.140524, 46.15187], [-1.140347, 46.151867], [-1.140177, 46.151844], [-1.140018, 46.151863], [-1.139939, 46.151882], [-1.139903, 46.151894], [-1.139795, 46.151913], [-1.139745, 46.151928], [-1.139703, 46.151894], [-1.139652, 46.151867], [-1.139588, 46.151844], [-1.139518, 46.151833], [-1.139445, 46.15183], [-1.139374, 46.151836], [-1.139307, 46.15185], [-1.139247, 46.151875], [-1.139195, 46.15191], [-1.139132, 46.151978], [-1.139104, 46.152054], [-1.139113, 46.152134], [-1.13914, 46.152184], [-1.139181, 46.15223], [-1.139236, 46.152267], [-1.1393, 46.152294], [-1.139345, 46.15236], [-1.139359, 46.152462], [-1.139331, 46.15261], [-1.139289, 46.152866], [-1.139273, 46.153065], [-1.139284, 46.153103], [-1.139282, 46.153427], [-1.139268, 46.15397], [-1.139277, 46.15417], [-1.139295, 46.154312], [-1.139334, 46.154453], [-1.139412, 46.15464], [-1.139513, 46.154816], [-1.13963, 46.154972], [-1.139952, 46.15528], [-1.140202, 46.155434], [-1.140248, 46.15546], [-1.140266, 46.15547], [-1.141531, 46.156185], [-1.142892, 46.1569], [-1.142959, 46.156933], [-1.143688, 46.15731], [-1.144522, 46.157757], [-1.14464, 46.15785], [-1.144631, 46.15789], [-1.144582, 46.158215], [-1.144568, 46.15825], [-1.144558, 46.158276], [-1.144531, 46.158344], [-1.144442, 46.158325], [-1.144315, 46.158302], [-1.143725, 46.1582], [-1.143648, 46.158184], [-1.143632, 46.15818], [-1.14357, 46.158173], [-1.143428, 46.158146], [-1.143334, 46.158127], [-1.143279, 46.15812], [-1.143217, 46.158108], [-1.142759, 46.158028], [-1.142576, 46.157993], [-1.142514, 46.15798], [-1.142487, 46.157974], [-1.142469, 46.15797], [-1.14228, 46.157932], [-1.142245, 46.158016], [-1.142237, 46.158035], [-1.142177, 46.158195], [-1.142129, 46.158318], [-1.142084, 46.158398], [-1.142029, 46.158524], [-1.141935, 46.15871], [-1.141905, 46.158768], [-1.141897, 46.158787], [-1.141859, 46.158863], [-1.141804, 46.158966], [-1.141767, 46.15902], [-1.141658, 46.15918], [-1.141455, 46.15946], [-1.141262, 46.159714], [-1.141216, 46.15977], [-1.141201, 46.15979], [-1.141131, 46.159878], [-1.141032, 46.160004], [-1.140984, 46.160057], [-1.14092, 46.160137], [-1.140558, 46.160603], [-1.140313, 46.1609], [-1.140199, 46.161034], [-1.14, 46.16129], [-1.139881, 46.16137], [-1.139841, 46.161366], [-1.139785, 46.161377], [-1.139745, 46.161392], [-1.13971, 46.161423], [-1.13969, 46.161457], [-1.139689, 46.161495], [-1.139706, 46.161533], [-1.139692, 46.1616], [-1.139672, 46.161648], [-1.139609, 46.16174], [-1.139566, 46.161846], [-1.139311, 46.162174], [-1.139229, 46.162346], [-1.139021, 46.16293], [-1.138948, 46.16301], [-1.138906, 46.163097], [-1.138855, 46.163147], [-1.138773, 46.163216], [-1.138723, 46.163246], [-1.138678, 46.163265], [-1.138589, 46.163292], [-1.138532, 46.163315], [-1.138495, 46.16335], [-1.138477, 46.163372], [-1.138473, 46.1634], [-1.138478, 46.163425], [-1.138433, 46.163475], [-1.138394, 46.163513], [-1.138335, 46.16356], [-1.138266, 46.163605], [-1.138174, 46.163654], [-1.137681, 46.16388], [-1.137413, 46.164], [-1.137142, 46.164124], [-1.137006, 46.164185], [-1.136878, 46.16425], [-1.136849, 46.164265], [-1.136717, 46.164337], [-1.136665, 46.164333], [-1.136624, 46.16434], [-1.136588, 46.164356], [-1.136561, 46.16438], [-1.136544, 46.164406], [-1.136539, 46.164433], [-1.136546, 46.164463], [-1.136563, 46.164486], [-1.136581, 46.1645], [-1.136603, 46.164513], [-1.136614, 46.164658], [-1.136616, 46.16484], [-1.136834, 46.166164], [-1.136898, 46.166393], [-1.136968, 46.166527], [-1.137056, 46.16666], [-1.137148, 46.166744], [-1.137812, 46.166855], [-1.138163, 46.166946], [-1.139179, 46.167213], [-1.139318, 46.16725], [-1.139481, 46.167316], [-1.139582, 46.16736], [-1.139759, 46.167416], [-1.139875, 46.167454], [-1.139933, 46.16747], [-1.139937, 46.167484], [-1.139949, 46.167507], [-1.139967, 46.167526], [-1.139992, 46.16754], [-1.140015, 46.167553], [-1.140041, 46.16756], [-1.14008, 46.167564], [-1.14012, 46.16756], [-1.140156, 46.16755], [-1.140296, 46.167576], [-1.140802, 46.167652], [-1.1410686, 46.167725], [-1.141083, 46.16773], [-1.142382, 46.16807], [-1.14288, 46.1682], [-1.142916, 46.168213], [-1.143184, 46.16833], [-1.143744, 46.168476], [-1.144256, 46.168613], [-1.14448, 46.16863], [-1.14509, 46.168793], [-1.145426, 46.168922], [-1.145774, 46.169018], [-1.146485, 46.169212], [-1.146543, 46.16924], [-1.146593, 46.169273], [-1.146613, 46.16931], [-1.146643, 46.169334], [-1.146679, 46.16935], [-1.14681, 46.169388], [-1.147055, 46.16945], [-1.1471, 46.16945], [-1.147145, 46.16944], [-1.147176, 46.169426], [-1.147241, 46.169426], [-1.147296, 46.16943], [-1.14765, 46.169525], [-1.147749, 46.16956], [-1.147833, 46.16958], [-1.147939, 46.16959], [-1.148021, 46.169594], [-1.148118, 46.16959], [-1.148217, 46.169586], [-1.14833, 46.16958], [-1.148443, 46.169563], [-1.148581, 46.169537], [-1.148703, 46.169502], [-1.148818, 46.16946], [-1.149052, 46.16936], [-1.149104, 46.169342], [-1.149287, 46.16926], [-1.149564, 46.169136], [-1.149655, 46.169106], [-1.149771, 46.169075], [-1.149826, 46.16909], [-1.149887, 46.169094], [-1.149934, 46.169086], [-1.149946, 46.169086], [-1.150017, 46.16905], [-1.150051, 46.169006], [-1.15006, 46.16897], [-1.150055, 46.168938], [-1.150036, 46.168903], [-1.150001, 46.168873], [-1.149971, 46.168858], [-1.14995, 46.16879], [-1.149942, 46.16874], [-1.149943, 46.168694], [-1.149954, 46.16863], [-1.149987, 46.168488], [-1.149997, 46.16837], [-1.150011, 46.16834], [-1.150183, 46.16794], [-1.150275, 46.1677], [-1.150282, 46.167686], [-1.150533, 46.16712], [-1.15054, 46.167107], [-1.150557, 46.167065], [-1.150614, 46.16695], [-1.150677, 46.166847], [-1.150749, 46.166737], [-1.150786, 46.16667], [-1.150886, 46.166485], [-1.150909, 46.166443], [-1.150971, 46.16644], [-1.15114, 46.166424], [-1.151246, 46.166412], [-1.151346, 46.1664], [-1.151826, 46.166332], [-1.151977, 46.16631], [-1.152282, 46.1664], [-1.152614, 46.1665], [-1.15275, 46.166542], [-1.152943, 46.16655], [-1.153147, 46.16657], [-1.153198, 46.16657], [-1.153314, 46.16657], [-1.153316, 46.166546], [-1.153316, 46.16648], [-1.153316, 46.166466], [-1.153422, 46.166286], [-1.15375, 46.165993], [-1.154266, 46.165527], [-1.154445, 46.16549], [-1.154567, 46.165478], [-1.154737, 46.165466], [-1.155007, 46.16538], [-1.15503, 46.16537], [-1.155676, 46.165005], [-1.155754, 46.1648], [-1.155724, 46.164684], [-1.155665, 46.164467], [-1.155541, 46.164005], [-1.155441, 46.163635], [-1.15543, 46.163593], [-1.15525, 46.1631], [-1.155233, 46.16307], [-1.155204, 46.16302], [-1.155131, 46.162846], [-1.155133, 46.16276], [-1.155162, 46.162666], [-1.155225, 46.162483], [-1.155197, 46.162407], [-1.155174, 46.162373], [-1.155157, 46.16235], [-1.155115, 46.16232], [-1.155053, 46.162277], [-1.155071, 46.16223], [-1.154909, 46.162197], [-1.154787, 46.162235], [-1.154693, 46.16222], [-1.154607, 46.16221], [-1.15453, 46.162193], [-1.154391, 46.16217], [-1.154286, 46.162155], [-1.154164, 46.16214], [-1.154068, 46.162125], [-1.153942, 46.162106], [-1.15385, 46.162125], [-1.15385, 46.162125], [-1.153808, 46.162132], [-1.153674, 46.162163], [-1.153659, 46.162205], [-1.15377, 46.162224], [-1.153794, 46.162228], [-1.153881, 46.162243], [-1.153992, 46.16226], [-1.154104, 46.162277], [-1.154215, 46.162296], [-1.154326, 46.16231], [-1.154437, 46.16233], [-1.154549, 46.16235], [-1.154686, 46.162373], [-1.154849, 46.162395], [-1.155007, 46.162422], [-1.154988, 46.1625], [-1.15497, 46.162567], [-1.15495, 46.162647], [-1.154929, 46.16273], [-1.154903, 46.16283], [-1.154856, 46.163017], [-1.154849, 46.163044], [-1.154827, 46.163136], [-1.15501, 46.163162], [-1.155102, 46.16319], [-1.155158, 46.163208], [-1.155202, 46.16324], [-1.155245, 46.16329], [-1.155325, 46.163612], [-1.155339, 46.16367], [-1.155552, 46.16459], [-1.155569, 46.164677], [-1.155589, 46.164764], [-1.155526, 46.164986], [-1.154937, 46.1653], [-1.15484, 46.165348], [-1.154451, 46.165382], [-1.154171, 46.165443], [-1.153295, 46.166245], [-1.153205, 46.16648], [-1.153203, 46.166515], [-1.153198, 46.16657], [-1.153195, 46.166603], [-1.15324, 46.1669], [-1.152993, 46.167324], [-1.152951, 46.167397], [-1.152908, 46.167496], [-1.152823, 46.167698], [-1.152812, 46.167732], [-1.152716, 46.167946], [-1.152492, 46.16836], [-1.152408, 46.16851], [-1.152318, 46.168655], [-1.152168, 46.168896], [-1.152142, 46.168938], [-1.152006, 46.16905], [-1.151893, 46.169155], [-1.151788, 46.169243], [-1.151647, 46.16933], [-1.151562, 46.169388], [-1.151492, 46.1694], [-1.151461, 46.169407], [-1.15139, 46.169434], [-1.15133, 46.169468], [-1.151282, 46.169514], [-1.151249, 46.169563], [-1.151234, 46.169613], [-1.151231, 46.169662], [-1.151242, 46.169704], [-1.151188, 46.169834], [-1.151157, 46.1699], [-1.151123, 46.169956], [-1.151066, 46.170017], [-1.150892, 46.170197], [-1.150815, 46.170277], [-1.150737, 46.170357], [-1.150668, 46.170444], [-1.150604, 46.170532], [-1.150547, 46.170616], [-1.150475, 46.17074], [-1.150417, 46.170856], [-1.150375, 46.170956], [-1.150351, 46.171047], [-1.150335, 46.17113], [-1.150322, 46.17126], [-1.150321, 46.17139], [-1.150337, 46.17228], [-1.150338, 46.173187], [-1.150338, 46.173195], [-1.150338, 46.173283], [-1.150339, 46.17339], [-1.15034, 46.173428], [-1.150341, 46.173504], [-1.150345, 46.17375], [-1.150356, 46.174473], [-1.150366, 46.174686], [-1.150392, 46.174873], [-1.150425, 46.17506], [-1.150466, 46.17523], [-1.150515, 46.1754], [-1.150573, 46.175568], [-1.150636, 46.175735], [-1.15074, 46.176006], [-1.150786, 46.176125], [-1.150854, 46.176273], [-1.150931, 46.176426], [-1.151005, 46.176567], [-1.151093, 46.17671], [-1.151229, 46.17691], [-1.151343, 46.177067], [-1.151383, 46.17712], [-1.151453, 46.177216], [-1.151501, 46.177277], [-1.15155, 46.177338], [-1.151601, 46.1774], [-1.151625, 46.17743], [-1.151673, 46.177483], [-1.15208, 46.177975], [-1.152104, 46.178], [-1.15215, 46.178078], [-1.152196, 46.178154], [-1.152201, 46.178207], [-1.152223, 46.17826], [-1.152262, 46.178303], [-1.152316, 46.17834], [-1.152381, 46.17837], [-1.152422, 46.178436], [-1.152442, 46.17849], [-1.15245, 46.178566], [-1.152435, 46.178898], [-1.152448, 46.17907], [-1.152432, 46.17916], [-1.152415, 46.17922], [-1.152404, 46.179256], [-1.152305, 46.179333], [-1.152232, 46.179413], [-1.152183, 46.17953], [-1.15217, 46.17963], [-1.152138, 46.18002], [-1.152152, 46.18012], [-1.152202, 46.18021], [-1.152205, 46.180214], [-1.152279, 46.180286], [-1.152407, 46.180363], [-1.152559, 46.180424], [-1.1527, 46.180443], [-1.15286, 46.180435], [-1.152996, 46.180412], [-1.153135, 46.180367], [-1.15325, 46.180298], [-1.153339, 46.180214], [-1.153385, 46.180138], [-1.153414, 46.180023], [-1.153493, 46.17993], [-1.15358, 46.179855], [-1.153678, 46.179813], [-1.153709, 46.179802], [-1.153809, 46.17976], [-1.154147, 46.179657], [-1.155216, 46.179325], [-1.155986, 46.179085], [-1.156894, 46.17878], [-1.157209, 46.178677], [-1.157496, 46.178604], [-1.157733, 46.178497], [-1.164114, 46.176983], [-1.164426, 46.17691], [-1.166919, 46.17633], [-1.167423, 46.176212], [-1.175713, 46.174274], [-1.178395, 46.173645], [-1.183499, 46.172436], [-1.187922, 46.171406], [-1.18824, 46.171337], [-1.188541, 46.171276], [-1.188876, 46.171215], [-1.189255, 46.171158], [-1.189507, 46.171127], [-1.189753, 46.171104], [-1.190216, 46.171074], [-1.190709, 46.171055], [-1.19111, 46.17106], [-1.191448, 46.171066], [-1.191746, 46.171085], [-1.192086, 46.171112], [-1.192377, 46.171146], [-1.192629, 46.171177], [-1.192916, 46.17122], [-1.193198, 46.171265], [-1.193471, 46.171318], [-1.193761, 46.171383], [-1.194048, 46.171455], [-1.194287, 46.17152], [-1.194529, 46.171593], [-1.19578, 46.17198], [-1.196075, 46.17213], [-1.19636, 46.17223], [-1.196549, 46.17231], [-1.196849, 46.172443], [-1.197163, 46.172604], [-1.19844, 46.17325], [-1.198588, 46.173325], [-1.198738, 46.173462], [-1.198793, 46.17351], [-1.198849, 46.17354], [-1.198421, 46.17395], [-1.198193, 46.17417], [-1.198133, 46.17423], [-1.19778, 46.17457], [-1.197302, 46.1748], [-1.197015, 46.17493], [-1.196967, 46.17495], [-1.196579, 46.175125], [-1.196214, 46.17529], [-1.1962, 46.175297], [-1.196087, 46.17534], [-1.195803, 46.17545], [-1.195634, 46.175514], [-1.19555, 46.17555], [-1.1954871, 46.175556], [-1.195481, 46.175556], [-1.195422, 46.17555], [-1.195355, 46.17553], [-1.19531, 46.17549], [-1.19525, 46.175426], [-1.194917, 46.175056], [-1.194843, 46.174976], [-1.194807, 46.17494], [-1.194762, 46.17488], [-1.194327, 46.174393], [-1.194301, 46.174362], [-1.19415, 46.17421], [-1.194052, 46.174137], [-1.193815, 46.174057], [-1.194052, 46.174137], [-1.19415, 46.17421], [-1.194301, 46.174362], [-1.194327, 46.174393], [-1.194762, 46.17488], [-1.194807, 46.17494], [-1.194843, 46.174976], [-1.194917, 46.175056], [-1.19525, 46.175426], [-1.19531, 46.17549], [-1.195355, 46.17553], [-1.195422, 46.17555], [-1.195481, 46.175556], [-1.19555, 46.17555], [-1.195634, 46.175514], [-1.195803, 46.17545], [-1.196087, 46.17534], [-1.1962, 46.175297], [-1.196214, 46.17529], [-1.196579, 46.175125], [-1.196967, 46.17495], [-1.197015, 46.17493], [-1.197302, 46.1748], [-1.19778, 46.17457], [-1.197895, 46.174526], [-1.198293, 46.174385], [-1.198455, 46.174328], [-1.198759, 46.17422], [-1.198835, 46.17419], [-1.199089, 46.174084], [-1.199373, 46.173965], [-1.19951, 46.17391], [-1.199643, 46.173843], [-1.199882, 46.17373], [-1.200019, 46.173664], [-1.20014, 46.17362], [-1.200299, 46.173588], [-1.200499, 46.173573], [-1.200673, 46.173573], [-1.200802, 46.173588], [-1.201379, 46.173695], [-1.20347, 46.174335], [-1.203796, 46.17443], [-1.204137, 46.174526], [-1.204673, 46.174664], [-1.20502, 46.174747], [-1.205379, 46.174828], [-1.205632, 46.174885], [-1.205989, 46.174957], [-1.206306, 46.175014], [-1.206595, 46.175064], [-1.206894, 46.17511], [-1.20728, 46.175167], [-1.20767, 46.17522], [-1.208055, 46.175266], [-1.208434, 46.17531], [-1.208761, 46.17534], [-1.209183, 46.175373], [-1.20933, 46.175385], [-1.209591, 46.1754], [-1.211213, 46.1755], [-1.211822, 46.17552], [-1.212286, 46.175545], [-1.212713, 46.175568], [-1.21292, 46.17557], [-1.213141, 46.175575], [-1.213309, 46.17557], [-1.213458, 46.17557], [-1.213599, 46.175568], [-1.213729, 46.17556], [-1.213881, 46.175552], [-1.214067, 46.175537], [-1.214254, 46.175518], [-1.214435, 46.17549], [-1.214609, 46.175465], [-1.214791, 46.175426], [-1.214964, 46.17539], [-1.215118, 46.175346], [-1.215293, 46.175297], [-1.215441, 46.17525], [-1.215694, 46.175148], [-1.215811, 46.1751], [-1.215988, 46.17501], [-1.216183, 46.1749], [-1.216385, 46.174763], [-1.216598, 46.17458], [-1.216781, 46.17439], [-1.21699, 46.174156], [-1.217165, 46.173923], [-1.217324, 46.173687], [-1.217462, 46.17347], [-1.217597, 46.17322], [-1.217639, 46.173153], [-1.217707, 46.173084], [-1.217768, 46.173042], [-1.217802, 46.173016], [-1.2179, 46.173008], [-1.217992, 46.172985], [-1.218074, 46.172947], [-1.218143, 46.172897], [-1.218195, 46.17284], [-1.21827, 46.172825], [-1.218389, 46.17281], [-1.218552, 46.172806], [-1.218714, 46.172802], [-1.218852, 46.17283], [-1.218989, 46.17287], [-1.219055, 46.1729], [-1.219172, 46.17299], [-1.219225, 46.17307], [-1.219267, 46.173145], [-1.219415, 46.1736], [-1.219405, 46.17367], [-1.219402, 46.173725], [-1.219394, 46.173763], [-1.21938, 46.173798], [-1.219358, 46.173824], [-1.219332, 46.173855], [-1.219297, 46.17388], [-1.219259, 46.17391], [-1.219206, 46.173923], [-1.219166, 46.173946], [-1.219133, 46.17398], [-1.219119, 46.174], [-1.219111, 46.17403], [-1.219116, 46.17407], [-1.219132, 46.174103], [-1.219171, 46.17414], [-1.219193, 46.174156], [-1.219231, 46.174187], [-1.219246, 46.174225], [-1.219246, 46.174263], [-1.219237, 46.1743], [-1.219237, 46.1743], [-1.219214, 46.174397], [-1.219198, 46.174435], [-1.219175, 46.174465], [-1.219063, 46.174564], [-1.219049, 46.174625], [-1.219028, 46.174713], [-1.219011, 46.17479], [-1.219005, 46.17481], [-1.218948, 46.17505], [-1.218832, 46.17514], [-1.21876, 46.17518], [-1.218679, 46.175194], [-1.218573, 46.1752], [-1.218395, 46.175194], [-1.21826, 46.175182], [-1.218089, 46.175163], [-1.217941, 46.175156], [-1.217631, 46.175167], [-1.217417, 46.175163], [-1.21695, 46.175137], [-1.216722, 46.17512], [-1.216588, 46.175117], [-1.216516, 46.175125], [-1.21645, 46.175137], [-1.21634, 46.17516], [-1.216245, 46.17519], [-1.216165, 46.175224], [-1.21606, 46.175274], [-1.216002, 46.175297], [-1.215962, 46.17529], [-1.21592, 46.175285], [-1.215878, 46.175285], [-1.215837, 46.17529], [-1.215796, 46.175297], [-1.215757, 46.175304], [-1.21572, 46.17532], [-1.215685, 46.175335], [-1.215654, 46.175354], [-1.215626, 46.175377], [-1.215602, 46.1754], [-1.215582, 46.175426], [-1.215567, 46.175453], [-1.215557, 46.17548], [-1.215551, 46.17551], [-1.21555, 46.175537], [-1.215554, 46.175564], [-1.215561, 46.175587], [-1.215572, 46.175613], [-1.21559, 46.17564], [-1.215615, 46.17567], [-1.215644, 46.175694], [-1.215678, 46.175716], [-1.215715, 46.175735], [-1.215756, 46.17575], [-1.215799, 46.175762], [-1.215843, 46.17577], [-1.215888, 46.17577], [-1.215934, 46.17577], [-1.216002, 46.175762], [-1.216067, 46.175743], [-1.216125, 46.175716], [-1.216174, 46.175682], [-1.2162, 46.175655], [-1.216222, 46.17563], [-1.216238, 46.1756], [-1.216297, 46.17559], [-1.216365, 46.175583], [-1.216422, 46.175583], [-1.217199, 46.17572], [-1.217993, 46.17584], [-1.218566, 46.175858], [-1.218806, 46.175858], [-1.218956, 46.175858], [-1.219027, 46.175854], [-1.220235, 46.17584], [-1.221103, 46.175774], [-1.221333, 46.175755], [-1.221577, 46.175728], [-1.221706, 46.175716], [-1.222143, 46.17566], [-1.222287, 46.17563], [-1.222615, 46.175587], [-1.222869, 46.175556], [-1.223151, 46.17552], [-1.223462, 46.17548], [-1.223772, 46.175438], [-1.224127, 46.175392], [-1.22447, 46.175343], [-1.224825, 46.175293], [-1.225179, 46.17524], [-1.225523, 46.17519], [-1.225873, 46.175133], [-1.226216, 46.17508], [-1.226565, 46.175022], [-1.226907, 46.174965], [-1.227253, 46.174908], [-1.227598, 46.174847], [-1.227954, 46.17478], [-1.228294, 46.17472], [-1.22864, 46.174656], [-1.228981, 46.17459], [-1.229323, 46.174522], [-1.229665, 46.174454], [-1.230006, 46.174385], [-1.230349, 46.174313], [-1.230692, 46.17424], [-1.231033, 46.174168], [-1.231372, 46.17409], [-1.232051, 46.17394], [-1.232389, 46.17386], [-1.232729, 46.17378], [-1.233064, 46.173695], [-1.233402, 46.17361], [-1.233737, 46.173527], [-1.234069, 46.173443], [-1.234403, 46.173355], [-1.234738, 46.173267], [-1.235072, 46.173176], [-1.2354, 46.173088], [-1.235731, 46.172997], [-1.236072, 46.1729], [-1.236407, 46.172806], [-1.236733, 46.17271], [-1.237061, 46.172615], [-1.237378, 46.172516], [-1.237714, 46.172417], [-1.238033, 46.172318], [-1.23836, 46.172215], [-1.238686, 46.17211], [-1.239014, 46.172005], [-1.239337, 46.171898], [-1.239657, 46.17179], [-1.239977, 46.171684], [-1.240298, 46.171577], [-1.240619, 46.171467], [-1.240937, 46.171352], [-1.241254, 46.17124], [-1.24157, 46.171127], [-1.241885, 46.171013], [-1.2422, 46.170895], [-1.242516, 46.170773], [-1.242825, 46.17066], [-1.243139, 46.170536], [-1.243446, 46.170418], [-1.243749, 46.170296], [-1.244061, 46.17017], [-1.244372, 46.170048], [-1.244677, 46.16992], [-1.244992, 46.16979], [-1.245288, 46.169662], [-1.245603, 46.16953], [-1.2459, 46.1694], [-1.246201, 46.16927], [-1.246509, 46.169132], [-1.246805, 46.169], [-1.247107, 46.168865], [-1.24739, 46.168736], [-1.247705, 46.16859], [-1.247997, 46.16845], [-1.248291, 46.168312], [-1.248583, 46.16817], [-1.249163, 46.167885], [-1.249449, 46.167744], [-1.249749, 46.16759], [-1.250035, 46.167446], [-1.250325, 46.167297], [-1.250609, 46.16715], [-1.250892, 46.167], [-1.251173, 46.166847], [-1.251457, 46.166695], [-1.251734, 46.166542], [-1.252013, 46.16639], [-1.252289, 46.166233], [-1.252569, 46.166073], [-1.252844, 46.165916], [-1.253121, 46.165756], [-1.253396, 46.1656], [-1.253664, 46.16544], [-1.25393, 46.16528], [-1.254201, 46.165115], [-1.254469, 46.16495], [-1.254738, 46.164787], [-1.25498, 46.16463], [-1.255276, 46.164448], [-1.255548, 46.164272], [-1.255809, 46.164104], [-1.256015, 46.163967], [-1.256256, 46.163837], [-1.256478, 46.16368], [-1.256504, 46.16366], [-1.256756, 46.16347], [-1.256924, 46.16334], [-1.25704, 46.163242], [-1.257263, 46.163044], [-1.257449, 46.16287], [-1.257637, 46.162685], [-1.257719, 46.16259], [-1.257894, 46.1624], [-1.257955, 46.162354], [-1.258007, 46.162323], [-1.258058, 46.1623], [-1.258107, 46.162273], [-1.258174, 46.162277], [-1.258196, 46.162273], [-1.258238, 46.16227], [-1.25828, 46.162254], [-1.258312, 46.162235], [-1.258344, 46.16222], [-1.258377, 46.162193], [-1.258403, 46.16216], [-1.258423, 46.162117], [-1.258427, 46.162067], [-1.258412, 46.162014], [-1.258374, 46.161964], [-1.258348, 46.161945], [-1.258321, 46.161922], [-1.25826, 46.161896], [-1.258195, 46.161884], [-1.258128, 46.16188], [-1.258061, 46.161884], [-1.258007, 46.1619], [-1.257959, 46.161922], [-1.257917, 46.16195], [-1.257885, 46.161983], [-1.257862, 46.162018], [-1.257851, 46.16206], [-1.25785, 46.162098], [-1.257859, 46.162132], [-1.257887, 46.16217], [-1.257847, 46.162273], [-1.257811, 46.162327], [-1.257763, 46.162395], [-1.257651, 46.162426], [-1.257485, 46.162476], [-1.257429, 46.1625], [-1.257381, 46.16252], [-1.257188, 46.1627], [-1.257015, 46.16287], [-1.256953, 46.16292], [-1.256903, 46.162952], [-1.256845, 46.16297], [-1.256789, 46.16297], [-1.256693, 46.162956], [-1.256592, 46.16292], [-1.256461, 46.162846], [-1.256367, 46.16277], [-1.256296, 46.162697], [-1.256236, 46.162624], [-1.256224, 46.16259], [-1.256219, 46.162563], [-1.256229, 46.16253], [-1.256254, 46.1625], [-1.256288, 46.16247], [-1.256323, 46.162445], [-1.2564, 46.162422], [-1.256493, 46.162407], [-1.256739, 46.162373], [-1.25678, 46.16237], [-1.257236, 46.16231], [-1.257265, 46.162304], [-1.257453, 46.162186], [-1.2574577, 46.16218], [-1.257542, 46.16213], [-1.257575, 46.16211], [-1.25764, 46.16208], [-1.257677, 46.16207], [-1.257695, 46.16207], [-1.257767, 46.16207], [-1.257809, 46.162083], [-1.25785, 46.162098], [-1.257859, 46.162132], [-1.257887, 46.16217], [-1.257921, 46.162212], [-1.25798, 46.162247], [-1.25805, 46.16227], [-1.258107, 46.162273], [-1.258174, 46.162277], [-1.258196, 46.162273], [-1.258238, 46.16227], [-1.25828, 46.162254], [-1.258312, 46.162235], [-1.258344, 46.16222], [-1.258377, 46.162193], [-1.258403, 46.16216], [-1.258423, 46.162117], [-1.258534, 46.16207], [-1.258606, 46.162052], [-1.258786, 46.162018], [-1.259146, 46.161938], [-1.259305, 46.161907], [-1.25946, 46.161873], [-1.259615, 46.16183], [-1.259765, 46.161785], [-1.25992, 46.16173], [-1.260068, 46.16168], [-1.260363, 46.16155], [-1.260649, 46.16142], [-1.260931, 46.161304], [-1.261222, 46.161194], [-1.261527, 46.161083], [-1.261908, 46.160946], [-1.262105, 46.160866], [-1.262229, 46.16082], [-1.262357, 46.160774], [-1.262483, 46.16072], [-1.262636, 46.160652], [-1.262791, 46.160576], [-1.263062, 46.16042], [-1.263334, 46.16026], [-1.263473, 46.16018], [-1.263611, 46.16011], [-1.263767, 46.160053], [-1.263913, 46.160004], [-1.264092, 46.159954], [-1.26425, 46.159916], [-1.265241, 46.15967], [-1.265526, 46.15965], [-1.265626, 46.159645], [-1.265675, 46.15964], [-1.265715, 46.159657], [-1.265758, 46.159664], [-1.265794, 46.159668], [-1.26583, 46.159664], [-1.265865, 46.15966], [-1.265898, 46.159653], [-1.265929, 46.159637], [-1.265953, 46.159622], [-1.265974, 46.159607], [-1.265991, 46.15959], [-1.266005, 46.15957], [-1.266065, 46.15952], [-1.266148, 46.159443], [-1.266274, 46.159348], [-1.266436, 46.159256], [-1.266563, 46.159206], [-1.266695, 46.159157], [-1.266806, 46.159122], [-1.266933, 46.15908], [-1.267581, 46.158962], [-1.268166, 46.158867], [-1.268589, 46.158813], [-1.268944, 46.158783], [-1.26909, 46.158775], [-1.269114, 46.158775], [-1.269404, 46.158775], [-1.2697, 46.15878], [-1.269934, 46.15878], [-1.270145, 46.158787], [-1.270422, 46.158794], [-1.270653, 46.158813], [-1.270742, 46.15882], [-1.271, 46.15885], [-1.271049, 46.158863], [-1.271377, 46.158924], [-1.271471, 46.158947], [-1.271569, 46.15898], [-1.271661, 46.15901], [-1.271699, 46.159027], [-1.271799, 46.159054], [-1.27195, 46.159084], [-1.271991, 46.159092], [-1.2721, 46.159103], [-1.27222, 46.15911], [-1.272238, 46.159115], [-1.272352, 46.15911], [-1.272544, 46.159107], [-1.27265, 46.1591], [-1.272799, 46.159084], [-1.272895, 46.159077], [-1.272904, 46.15909], [-1.272916, 46.159096], [-1.272932, 46.159103], [-1.27295, 46.159107], [-1.272968, 46.159103], [-1.272988, 46.1591], [-1.273005, 46.15909], [-1.273016, 46.159077], [-1.27302, 46.15906], [-1.27334, 46.159058], [-1.27357, 46.159065], [-1.273666, 46.15908], [-1.274009, 46.159203], [-1.274219, 46.159286], [-1.274396, 46.159363], [-1.274772, 46.15955], [-1.275025, 46.159653], [-1.275154, 46.159706], [-1.27538, 46.159794], [-1.275556, 46.15985], [-1.275743, 46.159897], [-1.276411, 46.16005], [-1.276414, 46.16006], [-1.276421, 46.160072], [-1.276433, 46.160076], [-1.276448, 46.160084], [-1.276463, 46.160084], [-1.276479, 46.16008], [-1.276492, 46.160072], [-1.276501, 46.160065], [-1.276505, 46.160053], [-1.276504, 46.16004], [-1.276498, 46.160034], [-1.276487, 46.160027], [-1.276513, 46.15997], [-1.276542, 46.159794], [-1.276484, 46.159466], [-1.276794, 46.159424], [-1.277353, 46.15935], [-1.277893, 46.15928], [-1.278439, 46.159203], [-1.278791, 46.159164], [-1.278895, 46.159153], [-1.27943, 46.159073], [-1.279773, 46.158997], [-1.280044, 46.158894], [-1.280579, 46.15866], [-1.280844, 46.158543], [-1.281262, 46.158398], [-1.281289, 46.158386], [-1.281306, 46.15838], [-1.281616, 46.158245], [-1.282208, 46.158], [-1.282385, 46.15792], [-1.282722, 46.157795], [-1.283278, 46.15761], [-1.283611, 46.157494], [-1.283688, 46.157475], [-1.283748, 46.157455], [-1.283943, 46.157406], [-1.284136, 46.15735], [-1.284694, 46.15714], [-1.28498, 46.157013], [-1.285644, 46.156742], [-1.285829, 46.156643], [-1.286135, 46.15651], [-1.286567, 46.15633], [-1.28703, 46.156124], [-1.287504, 46.155952], [-1.287778, 46.155876], [-1.288241, 46.155804], [-1.288575, 46.155766], [-1.289228, 46.15567], [-1.289776, 46.155525], [-1.290456, 46.15528], [-1.290847, 46.155155], [-1.291378, 46.154907], [-1.291598, 46.154785], [-1.291847, 46.154636], [-1.291878, 46.154617], [-1.292052, 46.15449], [-1.292185, 46.154423], [-1.292341, 46.154312], [-1.292406, 46.15423], [-1.292454, 46.154102], [-1.2929, 46.154022], [-1.293298, 46.153915], [-1.293449, 46.15387], [-1.293534, 46.153843], [-1.293835, 46.15377], [-1.29415, 46.15373], [-1.294592, 46.1537], [-1.294985, 46.153717], [-1.295395, 46.153755], [-1.295605, 46.15377], [-1.295843, 46.153786], [-1.296238, 46.15378], [-1.29645, 46.15377], [-1.296729, 46.153732], [-1.297988, 46.15364], [-1.299644, 46.153526], [-1.300582, 46.15347], [-1.300868, 46.153442], [-1.301152, 46.153408], [-1.301881, 46.153294], [-1.302604, 46.15317], [-1.3029, 46.153137], [-1.303219, 46.15311], [-1.303639, 46.153114], [-1.304071, 46.15313], [-1.30444, 46.153194], [-1.305147, 46.153267], [-1.306066, 46.15334], [-1.306183, 46.153374], [-1.306201, 46.153404], [-1.306226, 46.153427], [-1.306271, 46.153454], [-1.306325, 46.153473], [-1.306383, 46.15348], [-1.306456, 46.153473], [-1.306522, 46.15345], [-1.306692, 46.153458], [-1.3069, 46.15347], [-1.306918, 46.15347], [-1.307282, 46.15346], [-1.307763, 46.15343], [-1.307994, 46.153446], [-1.308317, 46.153477], [-1.308898, 46.15356], [-1.309548, 46.153687], [-1.310596, 46.15392], [-1.311759, 46.15417], [-1.312297, 46.154285], [-1.312809, 46.154396], [-1.312967, 46.154438], [-1.3132, 46.154514], [-1.313482, 46.154617], [-1.31355, 46.154648], [-1.314572, 46.15511], [-1.3146187, 46.155132], [-1.314645, 46.155148], [-1.314862, 46.15526], [-1.314964, 46.155308], [-1.315019, 46.155334], [-1.315038, 46.15538], [-1.315076, 46.155415], [-1.315127, 46.15544], [-1.315188, 46.155457], [-1.315253, 46.155457], [-1.315301, 46.15545], [-1.315432, 46.155502], [-1.315835, 46.155678], [-1.316247, 46.155888], [-1.316673, 46.15608], [-1.317051, 46.156227], [-1.317439, 46.156372], [-1.317957, 46.156544], [-1.319268, 46.156956], [-1.321415, 46.157646], [-1.321819, 46.157776], [-1.322121, 46.15787], [-1.322389, 46.15796], [-1.323101, 46.158215], [-1.323293, 46.158276], [-1.32394, 46.158485], [-1.324103, 46.158543], [-1.324854, 46.15878], [-1.325359, 46.158943], [-1.325909, 46.159107], [-1.326444, 46.159252], [-1.327259, 46.15951], [-1.327697, 46.15964], [-1.327963, 46.159706], [-1.328204, 46.159756], [-1.328419, 46.159798], [-1.328622, 46.15983], [-1.328956, 46.159866], [-1.329276, 46.159897], [-1.329565, 46.15992], [-1.329862, 46.159927], [-1.330153, 46.159924], [-1.330474, 46.159916], [-1.330784, 46.1599], [-1.33128, 46.159866], [-1.33141, 46.159863], [-1.331551, 46.159885], [-1.331607, 46.159912], [-1.331671, 46.15993], [-1.331779, 46.159935], [-1.331879, 46.159904], [-1.331948, 46.15986], [-1.331986, 46.159794], [-1.331986, 46.15972], [-1.331944, 46.159653], [-1.331881, 46.15961], [-1.3318, 46.159584], [-1.331733, 46.15958], [-1.331666, 46.159584], [-1.331367, 46.159447], [-1.331277, 46.15935], [-1.331167, 46.15922], [-1.331484, 46.159153], [-1.3314943, 46.15915], [-1.331607, 46.159126], [-1.331648, 46.159107], [-1.331654, 46.159077], [-1.331623, 46.158974], [-1.331508, 46.158703], [-1.331429, 46.1585], [-1.331405, 46.158405], [-1.33107, 46.15847], [-1.330827, 46.158493], [-1.330842, 46.158695], [-1.330917, 46.15884], [-1.331105, 46.15915], [-1.331167, 46.15922], [-1.331277, 46.15935], [-1.331367, 46.159447], [-1.331461, 46.15957], [-1.331516, 46.15966], [-1.331482, 46.159718], [-1.331476, 46.15978], [-1.3315, 46.159836], [-1.331551, 46.159885], [-1.331607, 46.159912], [-1.331671, 46.15993], [-1.331703, 46.159996], [-1.331714, 46.160023], [-1.331754, 46.16018], [-1.331715, 46.16025], [-1.331691, 46.160305], [-1.331664, 46.160393], [-1.331667, 46.160465], [-1.331698, 46.160664], [-1.331796, 46.161076], [-1.331886, 46.161583], [-1.331893, 46.16164], [-1.331911, 46.16183], [-1.331922, 46.162003], [-1.332022, 46.16269], [-1.332152, 46.16322], [-1.332301, 46.163376], [-1.332572, 46.163666], [-1.332862, 46.16395], [-1.332985, 46.164055], [-1.333449, 46.164455], [-1.333763, 46.165165], [-1.333906, 46.16553], [-1.333854, 46.165737], [-1.333865, 46.166183], [-1.334259, 46.167164], [-1.334346, 46.16753], [-1.334372, 46.16764], [-1.33465, 46.168823], [-1.334916, 46.170277], [-1.334951, 46.170643], [-1.334986, 46.171005], [-1.334889, 46.1716], [-1.334842, 46.17183], [-1.334773, 46.172054], [-1.334646, 46.1724], [-1.334567, 46.172626], [-1.334506, 46.17283], [-1.334488, 46.172916], [-1.334476, 46.173008], [-1.334474, 46.1731], [-1.334483, 46.17319], [-1.334514, 46.17332], [-1.334567, 46.173454], [-1.334644, 46.173626], [-1.334724, 46.17381], [-1.334838, 46.174133], [-1.334875, 46.17436], [-1.334902, 46.174522], [-1.334914, 46.174744], [-1.33492, 46.175465], [-1.334946, 46.175964], [-1.334946, 46.176174], [-1.334952, 46.176373], [-1.334935, 46.176563], [-1.334868, 46.17677], [-1.33475, 46.176994], [-1.334517, 46.177326], [-1.334209, 46.177742], [-1.334093, 46.177906], [-1.334015, 46.17804], [-1.33397, 46.178192], [-1.333932, 46.178394], [-1.333865, 46.178814], [-1.333836, 46.17893], [-1.333749, 46.17903], [-1.333631, 46.179115], [-1.333543, 46.179146], [-1.333405, 46.17918], [-1.333356, 46.179165], [-1.333303, 46.179157], [-1.333225, 46.179165], [-1.333152, 46.17918], [-1.333099, 46.17921], [-1.333057, 46.17924], [-1.333022, 46.1793], [-1.333014, 46.17936], [-1.333026, 46.1794], [-1.333051, 46.17944], [-1.333044, 46.17957], [-1.333016, 46.179684], [-1.333014, 46.179737], [-1.333029, 46.179787], [-1.333035, 46.179897], [-1.333043, 46.18003], [-1.333039, 46.180103], [-1.333034, 46.18017], [-1.332987, 46.18029], [-1.332847, 46.18046], [-1.332364, 46.180885], [-1.331902, 46.18132], [-1.33157, 46.181767], [-1.331521, 46.181866], [-1.331466, 46.181965], [-1.33126, 46.182346], [-1.331213, 46.182438], [-1.331068, 46.182686], [-1.330986, 46.18283], [-1.330974, 46.182854], [-1.330833, 46.183075], [-1.330762, 46.183186], [-1.330573, 46.18343], [-1.33038, 46.183647], [-1.330187, 46.18387], [-1.330118, 46.18394], [-1.330108, 46.183952], [-1.32992, 46.184166], [-1.329856, 46.184242], [-1.329802, 46.184307], [-1.329865, 46.18433], [-1.329931, 46.184357], [-1.329931, 46.184357], [-1.330142, 46.184444], [-1.330353, 46.184544], [-1.330757, 46.18473], [-1.330886, 46.184795], [-1.331061, 46.18489], [-1.331223, 46.184975], [-1.331403, 46.185074], [-1.331835, 46.18533], [-1.332168, 46.18555], [-1.332434, 46.185722], [-1.332807, 46.18599], [-1.333046, 46.18617], [-1.33327, 46.18635], [-1.333397, 46.186466], [-1.333519, 46.186592], [-1.333582, 46.186672], [-1.333628, 46.186737], [-1.333801, 46.187], [-1.334008, 46.187393], [-1.334133, 46.18767], [-1.334242, 46.18804], [-1.334214, 46.188656], [-1.334126, 46.189], [-1.334053, 46.18932], [-1.333931, 46.189774], [-1.333862, 46.190094], [-1.333829, 46.190365], [-1.333821, 46.190434], [-1.333814, 46.190544], [-1.333807, 46.19065], [-1.33379, 46.190754], [-1.33377, 46.19077], [-1.333755, 46.190784], [-1.333747, 46.190807], [-1.333747, 46.190826], [-1.333757, 46.19085], [-1.333773, 46.190865], [-1.333797, 46.19088], [-1.333823, 46.190887], [-1.333852, 46.19089], [-1.333983, 46.190926], [-1.334016, 46.190945], [-1.334339, 46.191128], [-1.334514, 46.19122], [-1.334714, 46.19129], [-1.334821, 46.19134], [-1.33493, 46.191376], [-1.334998, 46.1914], [-1.335739, 46.19158], [-1.33588, 46.191612], [-1.335896, 46.19162], [-1.336742, 46.191807], [-1.337955, 46.192085], [-1.33806, 46.192112], [-1.338977, 46.192333], [-1.340298, 46.192646], [-1.341694, 46.192963], [-1.34241, 46.193134], [-1.343193, 46.19332], [-1.343363, 46.19337], [-1.3437, 46.193466], [-1.34384, 46.19351], [-1.344382, 46.193657], [-1.345192, 46.19386], [-1.346007, 46.194073], [-1.346286, 46.19414], [-1.346439, 46.194195], [-1.346534, 46.194206], [-1.346592, 46.194206], [-1.346861, 46.194176], [-1.346909, 46.1942], [-1.346964, 46.19421], [-1.347021, 46.19421], [-1.347165, 46.194275], [-1.347235, 46.194317], [-1.347401, 46.19442], [-1.347952, 46.194695], [-1.349101, 46.195393], [-1.349744, 46.19579], [-1.349918, 46.195892], [-1.350129, 46.196003], [-1.350515, 46.19619], [-1.351684, 46.196747], [-1.352618, 46.19718], [-1.353159, 46.197433], [-1.354582, 46.19801], [-1.35459, 46.19804], [-1.354612, 46.198067], [-1.354662, 46.19809], [-1.354704, 46.198097], [-1.354747, 46.198093], [-1.354785, 46.19808], [-1.354801, 46.198067], [-1.354956, 46.198124], [-1.355882, 46.198334], [-1.356445, 46.19846], [-1.357338, 46.198696], [-1.357407, 46.198715], [-1.358325, 46.19895], [-1.358482, 46.198967], [-1.358636, 46.19897], [-1.358925, 46.198936], [-1.359538, 46.198803], [-1.359873, 46.19873], [-1.360163, 46.198685], [-1.360339, 46.198685], [-1.360414, 46.19872], [-1.360493, 46.19873], [-1.360572, 46.198715], [-1.360631, 46.198685], [-1.360838, 46.198715], [-1.361139, 46.1988], [-1.361342, 46.198887], [-1.361906, 46.199203], [-1.362044, 46.19928], [-1.362349, 46.199444], [-1.362517, 46.19957], [-1.362574, 46.199642], [-1.362609, 46.199715], [-1.362628, 46.19978], [-1.362636, 46.199894], [-1.362599, 46.200027], [-1.362518, 46.20021], [-1.362347, 46.200645], [-1.362335, 46.200787], [-1.362338, 46.200855], [-1.362352, 46.20092], [-1.362375, 46.20099], [-1.362415, 46.201107], [-1.362425, 46.201153], [-1.362434, 46.201244], [-1.362439, 46.201427], [-1.362449, 46.201866], [-1.362456, 46.202324], [-1.362462, 46.202454], [-1.362472, 46.20252], [-1.362488, 46.20258], [-1.362533, 46.202698], [-1.362609, 46.202843], [-1.36282, 46.203197], [-1.362857, 46.203266], [-1.362893, 46.203346], [-1.362918, 46.203426], [-1.362926, 46.203487], [-1.362934, 46.203564], [-1.36295, 46.20378], [-1.362955, 46.20387], [-1.362962, 46.20399], [-1.362971, 46.204144], [-1.362992, 46.204605], [-1.362993, 46.204643], [-1.362991, 46.205147], [-1.362857, 46.20515], [-1.362814, 46.20515], [-1.362796, 46.20515], [-1.362745, 46.20515], [-1.36276, 46.205444], [-1.362761, 46.20547], [-1.362765, 46.205536], [-1.362673, 46.205666], [-1.362738, 46.20572], [-1.362791, 46.20576], [-1.36288, 46.205734], [-1.362945, 46.205708], [-1.362998, 46.205677], [-1.363022, 46.20569], [-1.36305, 46.205696], [-1.363081, 46.205692], [-1.363103, 46.205685], [-1.363124, 46.20567], [-1.363136, 46.205654], [-1.363139, 46.205635], [-1.363133, 46.205616], [-1.363116, 46.205597], [-1.363093, 46.205585], [-1.363065, 46.205578], [-1.363042, 46.20558], [-1.363024, 46.20553], [-1.363011, 46.205463], [-1.362995, 46.205177], [-1.362991, 46.205147], [-1.362993, 46.204643], [-1.362992, 46.204605], [-1.362971, 46.204144], [-1.362962, 46.20399], [-1.362955, 46.20387], [-1.36295, 46.20378], [-1.362934, 46.203564], [-1.362926, 46.203487], [-1.362918, 46.203426], [-1.362893, 46.203346], [-1.362857, 46.203266], [-1.36282, 46.203197], [-1.362609, 46.202843], [-1.362533, 46.202698], [-1.362488, 46.20258], [-1.362472, 46.20252], [-1.362462, 46.202454], [-1.362456, 46.202324], [-1.362449, 46.201866], [-1.362439, 46.201427], [-1.362434, 46.201244], [-1.362425, 46.201153], [-1.362415, 46.201107], [-1.362375, 46.20099], [-1.362352, 46.20092], [-1.362338, 46.200855], [-1.362335, 46.200787], [-1.362347, 46.200645], [-1.362518, 46.20021], [-1.362599, 46.200027], [-1.362636, 46.199894], [-1.362628, 46.19978], [-1.362609, 46.199715], [-1.3625909, 46.19968], [-1.36259, 46.199677], [-1.362574, 46.199642], [-1.362517, 46.19957], [-1.362349, 46.199444], [-1.362044, 46.19928], [-1.361906, 46.199203], [-1.361342, 46.198887], [-1.361139, 46.1988], [-1.360862, 46.19868], [-1.360687, 46.1986], [-1.360684, 46.19856], [-1.360678, 46.198536], [-1.360722, 46.198475], [-1.360768, 46.19842], [-1.360831, 46.19838], [-1.360944, 46.19835], [-1.36123, 46.198315], [-1.361624, 46.19824], [-1.362033, 46.198128], [-1.363233, 46.19781], [-1.363963, 46.19754], [-1.36437, 46.197395], [-1.364604, 46.19734], [-1.364876, 46.197308], [-1.365116, 46.197304], [-1.365304, 46.197315], [-1.365513, 46.197342], [-1.365904, 46.197422], [-1.366276, 46.197483], [-1.366699, 46.19752], [-1.367746, 46.19759], [-1.36926, 46.19771], [-1.369943, 46.19773], [-1.370196, 46.19775], [-1.370416, 46.197777], [-1.370915, 46.197857], [-1.371065, 46.197903], [-1.371299, 46.19799], [-1.371326, 46.198032], [-1.371369, 46.198063], [-1.371425, 46.198086], [-1.371487, 46.198097], [-1.371558, 46.198093], [-1.371623, 46.198074], [-1.371675, 46.19804], [-1.371708, 46.198], [-1.371722, 46.19796], [-1.371717, 46.197914], [-1.371694, 46.197872], [-1.371655, 46.197838], [-1.371602, 46.19781], [-1.37155, 46.197704], [-1.371523, 46.197582], [-1.371489, 46.197464], [-1.371462, 46.197327], [-1.371376, 46.197147], [-1.371181, 46.196804], [-1.371087, 46.196594], [-1.371021, 46.196358], [-1.370918, 46.19582], [-1.370846, 46.195614], [-1.370585, 46.19495], [-1.370491, 46.194775], [-1.370386, 46.19462], [-1.37025, 46.194416], [-1.369711, 46.193863], [-1.369582, 46.19373], [-1.369455, 46.19359], [-1.368835, 46.1929], [-1.368326, 46.192017], [-1.368269, 46.1919], [-1.368076, 46.191494], [-1.368059, 46.191463], [-1.368034, 46.191425], [-1.367992, 46.191326], [-1.367935, 46.191143], [-1.367871, 46.19089], [-1.367799, 46.190563], [-1.367728, 46.18988], [-1.367725, 46.189735], [-1.367738, 46.189568], [-1.367801, 46.18935], [-1.367864, 46.189194], [-1.367969, 46.189007], [-1.368094, 46.188847], [-1.368249, 46.18868], [-1.368438, 46.18853], [-1.368629, 46.188404], [-1.369023, 46.18818], [-1.369558, 46.187885], [-1.369606, 46.18785], [-1.369714, 46.187794], [-1.369846, 46.187717], [-1.36995, 46.18766], [-1.370239, 46.18748], [-1.370485, 46.187286], [-1.370676, 46.18711], [-1.370861, 46.186905], [-1.370979, 46.18674], [-1.371083, 46.186577], [-1.371209, 46.18631], [-1.371277, 46.186092], [-1.371505, 46.18517], [-1.371614, 46.184715], [-1.371692, 46.184517], [-1.371764, 46.184353], [-1.371862, 46.184177], [-1.371982, 46.184002], [-1.372274, 46.183628], [-1.372565, 46.18325], [-1.37268, 46.183113], [-1.37278, 46.182957], [-1.372873, 46.182793], [-1.372934, 46.182674], [-1.372982, 46.182568], [-1.373036, 46.182446], [-1.373078, 46.182323], [-1.373097, 46.182274], [-1.37315, 46.1821], [-1.37317, 46.18201], [-1.373197, 46.181793], [-1.373234, 46.181526], [-1.373246, 46.181293], [-1.373243, 46.180927], [-1.373241, 46.18068], [-1.373244, 46.18058], [-1.373256, 46.180496], [-1.373284, 46.180393], [-1.373326, 46.18027], [-1.37337, 46.180172], [-1.373483, 46.179985], [-1.373727, 46.179684], [-1.374117, 46.179386], [-1.374204, 46.17933], [-1.374368, 46.179253], [-1.374533, 46.17924], [-1.374673, 46.179195], [-1.374772, 46.179127], [-1.374834, 46.17904], [-1.374853, 46.178944], [-1.374835, 46.178864], [-1.374788, 46.17879], [-1.374702, 46.178722], [-1.374622, 46.178684], [-1.374514, 46.178658], [-1.3744, 46.17865], [-1.374287, 46.17866], [-1.374183, 46.178696], [-1.374095, 46.178745], [-1.374029, 46.17881], [-1.373989, 46.178886], [-1.373979, 46.178963], [-1.373999, 46.179043], [-1.37392, 46.179302], [-1.373874, 46.179455], [-1.373727, 46.179684], [-1.373483, 46.179985], [-1.37337, 46.180172], [-1.373326, 46.18027], [-1.373284, 46.180393], [-1.373256, 46.180496], [-1.373244, 46.18058], [-1.373241, 46.18068], [-1.373243, 46.180927], [-1.373246, 46.181293], [-1.373234, 46.181526], [-1.373197, 46.181793], [-1.373117, 46.182022], [-1.373086, 46.18209], [-1.373022, 46.182224], [-1.372986, 46.18234], [-1.373028, 46.182346], [-1.373078, 46.182323], [-1.373097, 46.182274], [-1.37315, 46.1821], [-1.37317, 46.18201], [-1.373197, 46.181793], [-1.373234, 46.181526], [-1.373246, 46.181293], [-1.373243, 46.180927], [-1.373241, 46.18068], [-1.373244, 46.18058], [-1.373256, 46.180496], [-1.373284, 46.180393], [-1.373326, 46.18027], [-1.37337, 46.180172], [-1.373483, 46.179985], [-1.373727, 46.179684], [-1.374117, 46.179386], [-1.374204, 46.17933], [-1.374368, 46.179253], [-1.374533, 46.17924], [-1.374673, 46.179195], [-1.374998, 46.179157], [-1.375158, 46.179153], [-1.375373, 46.179176], [-1.375545, 46.179214], [-1.375638, 46.17923], [-1.375823, 46.179325], [-1.376049, 46.179474], [-1.376463, 46.179783], [-1.376676, 46.17994], [-1.376884, 46.180073], [-1.377083, 46.18018], [-1.377271, 46.180256], [-1.377561, 46.18035], [-1.377788, 46.180416], [-1.37852, 46.180614], [-1.378678, 46.18066], [-1.3788, 46.180702], [-1.378947, 46.180775], [-1.379051, 46.18083], [-1.37938, 46.181046], [-1.379502, 46.18114], [-1.379593, 46.181213], [-1.379681, 46.181286], [-1.379769, 46.18138], [-1.37985, 46.18149], [-1.380112, 46.181934], [-1.380182, 46.18204], [-1.38025, 46.18213], [-1.380297, 46.182186], [-1.380346, 46.182228], [-1.380469, 46.182327], [-1.380719, 46.182476], [-1.381074, 46.18266], [-1.382087, 46.18322], [-1.383441, 46.18396], [-1.383964, 46.184254], [-1.384089, 46.184326], [-1.384604, 46.1846], [-1.384879, 46.184734], [-1.384963, 46.184772], [-1.385077, 46.18482], [-1.385557, 46.18495], [-1.385721, 46.184982], [-1.385899, 46.185], [-1.386078, 46.185013], [-1.386241, 46.185013], [-1.386721, 46.184982], [-1.386791, 46.184982], [-1.386931, 46.18497], [-1.386937, 46.184994], [-1.386951, 46.185017], [-1.386974, 46.18503], [-1.387004, 46.185043], [-1.387037, 46.18505], [-1.38707, 46.185047], [-1.387102, 46.18504], [-1.387129, 46.185024], [-1.387149, 46.185005], [-1.387158, 46.184982], [-1.387158, 46.18496], [-1.387331, 46.184944], [-1.387621, 46.18493], [-1.38801, 46.18495], [-1.388458, 46.184998], [-1.388667, 46.185024], [-1.388948, 46.185074], [-1.389242, 46.185123], [-1.389363, 46.185146], [-1.389453, 46.185154], [-1.389687, 46.185173], [-1.389799, 46.185173], [-1.389935, 46.185165], [-1.390357, 46.18511], [-1.390596, 46.18508], [-1.390744, 46.185062], [-1.391088, 46.185], [-1.391432, 46.18492], [-1.39192, 46.184795], [-1.392035, 46.184765], [-1.392224, 46.184727], [-1.392314, 46.18471], [-1.392484, 46.184677], [-1.392619, 46.184666], [-1.392739, 46.184723], [-1.393016, 46.184807], [-1.39311, 46.18484], [-1.393137, 46.184853], [-1.393249, 46.18486], [-1.393287, 46.184868], [-1.393414, 46.18485], [-1.393499, 46.18482], [-1.393724, 46.1847], [-1.393881, 46.18461], [-1.394019, 46.18453], [-1.394039, 46.184517], [-1.394277, 46.18439], [-1.394315, 46.18437], [-1.394454, 46.18432], [-1.394805, 46.184185], [-1.395226, 46.184055], [-1.395499, 46.183945], [-1.395622, 46.183895], [-1.395965, 46.18373], [-1.39607, 46.183685], [-1.396231, 46.183613], [-1.396585, 46.183537], [-1.396904, 46.1835], [-1.397034, 46.183483], [-1.397049, 46.183502], [-1.397073, 46.18352], [-1.397104, 46.183533], [-1.397139, 46.183537], [-1.397166, 46.183533], [-1.397192, 46.183525], [-1.397214, 46.183514], [-1.39733, 46.18356], [-1.397439, 46.1836], [-1.397636, 46.18371], [-1.397878, 46.18391], [-1.398275, 46.18426], [-1.39874, 46.18467], [-1.399304, 46.1852], [-1.399548, 46.185406], [-1.39989, 46.18571], [-1.400306, 46.185963], [-1.400496, 46.186077], [-1.400655, 46.18618], [-1.400804, 46.18628], [-1.400925, 46.186344], [-1.4011, 46.18644], [-1.401241, 46.18667], [-1.401308, 46.186737], [-1.401352, 46.186783], [-1.401529, 46.186916], [-1.401564, 46.18693], [-1.401645, 46.186954], [-1.401752, 46.186966], [-1.40217, 46.186974], [-1.402469, 46.186977], [-1.402875, 46.18706], [-1.403026, 46.187088], [-1.403186, 46.187122], [-1.403352, 46.187145], [-1.403477, 46.187153], [-1.403588, 46.187157], [-1.403793, 46.18716], [-1.403962, 46.187157], [-1.404153, 46.18716], [-1.405162, 46.18712], [-1.405647, 46.187164], [-1.405858, 46.187202], [-1.406078, 46.187263], [-1.406289, 46.187332], [-1.406636, 46.18747], [-1.407855, 46.188396], [-1.408165, 46.18857], [-1.408548, 46.188725], [-1.409939, 46.18916], [-1.410531, 46.189327], [-1.412121, 46.189823], [-1.413001, 46.19013], [-1.414179, 46.1905], [-1.41473, 46.190758], [-1.415292, 46.191044], [-1.41583, 46.191246], [-1.417095, 46.191624], [-1.417714, 46.191776], [-1.417986, 46.191826], [-1.418131, 46.191845], [-1.418259, 46.19186], [-1.418425, 46.191875], [-1.41867, 46.191883], [-1.418684, 46.191883], [-1.418925, 46.191895], [-1.419071, 46.1919], [-1.419215, 46.19191], [-1.419343, 46.191936], [-1.419643, 46.192036], [-1.420008, 46.192173], [-1.420913, 46.19245], [-1.421214, 46.19258], [-1.421437, 46.192825], [-1.421525, 46.192917], [-1.421576, 46.192955], [-1.421642, 46.192974], [-1.42171, 46.192955], [-1.421766, 46.19292], [-1.421941, 46.19276], [-1.422168, 46.192616], [-1.42241, 46.192455], [-1.422575, 46.19232], [-1.42273, 46.192192], [-1.423139, 46.191895], [-1.423284, 46.19184], [-1.423511, 46.191826], [-1.423858, 46.19182], [-1.424694, 46.191864], [-1.425542, 46.191925], [-1.425615, 46.19193], [-1.425815, 46.19195], [-1.425952, 46.19196], [-1.426305, 46.191998], [-1.426961, 46.19208], [-1.427193, 46.19211], [-1.427193, 46.19211], [-1.427222, 46.192112], [-1.428094, 46.192207], [-1.428852, 46.192307], [-1.42894, 46.19232], [-1.429013, 46.192345], [-1.429923, 46.192627], [-1.431336, 46.19305], [-1.431404, 46.19307], [-1.431897, 46.193195], [-1.432011, 46.193226], [-1.4320201, 46.19323], [-1.432039, 46.193233], [-1.432358, 46.193314], [-1.432894, 46.193493], [-1.433093, 46.193584], [-1.433271, 46.193703], [-1.433407, 46.193817], [-1.433485, 46.19392], [-1.43354, 46.194046], [-1.433568, 46.194157], [-1.433575, 46.19424], [-1.433563, 46.194286], [-1.433513, 46.194386], [-1.433453, 46.194485], [-1.433412, 46.194527], [-1.432815, 46.194923], [-1.432541, 46.19511], [-1.432178, 46.195324], [-1.431884, 46.195526], [-1.43176, 46.19559], [-1.431657, 46.195663], [-1.431546, 46.19568], [-1.431408, 46.195717], [-1.431335, 46.19574], [-1.431253, 46.195824], [-1.431249, 46.195908], [-1.431308, 46.196003], [-1.431376, 46.19605], [-1.431486, 46.196075], [-1.431641, 46.19608], [-1.431753, 46.19607], [-1.431994, 46.196102], [-1.432167, 46.196167], [-1.432394, 46.19628], [-1.432584, 46.19634], [-1.43274, 46.196404], [-1.432836, 46.19644], [-1.432943, 46.196487], [-1.433389, 46.196682], [-1.434109, 46.19699], [-1.435879, 46.197742], [-1.436585, 46.19807], [-1.437962, 46.198635], [-1.438733, 46.198956], [-1.439082, 46.19911], [-1.439181, 46.19915], [-1.440122, 46.199547], [-1.440379, 46.199657], [-1.440629, 46.199764], [-1.441557, 46.200157], [-1.442232, 46.200405], [-1.443202, 46.200733], [-1.443846, 46.200928], [-1.444321, 46.201054], [-1.444823, 46.201176], [-1.445638, 46.201344], [-1.446534, 46.20149], [-1.446765, 46.201527], [-1.446941, 46.201557], [-1.447203, 46.201603], [-1.447878, 46.20175], [-1.448012, 46.201775], [-1.448181, 46.201797], [-1.448697, 46.201855], [-1.448928, 46.201893], [-1.449981, 46.20206], [-1.450168, 46.202087], [-1.450741, 46.202183], [-1.450741, 46.202183], [-1.451644, 46.202328], [-1.452976, 46.202553], [-1.455149, 46.20291], [-1.455239, 46.202923], [-1.455362, 46.202946], [-1.457404, 46.203274], [-1.457871, 46.203346], [-1.458565, 46.203457], [-1.458669, 46.203476], [-1.458892, 46.20351], [-1.45911, 46.203552], [-1.459227, 46.203587], [-1.459291, 46.203606], [-1.459358, 46.203632], [-1.459409, 46.203663], [-1.459505, 46.203735], [-1.459586, 46.203773], [-1.459695, 46.2038], [-1.459855, 46.20382], [-1.459872, 46.20383], [-1.459885, 46.203835], [-1.459954, 46.20399], [-1.459965, 46.204018], [-1.460025, 46.204273], [-1.460031, 46.20436], [-1.460019, 46.204468], [-1.459993, 46.204674], [-1.459978, 46.204742], [-1.459974, 46.2049], [-1.459979, 46.205025], [-1.459984, 46.20515], [-1.460104, 46.206215], [-1.460121, 46.206432], [-1.460125, 46.20659], [-1.460113, 46.206825], [-1.460101, 46.20709], [-1.460079, 46.20756], [-1.460072, 46.207657], [-1.460061, 46.207752], [-1.460034, 46.20786], [-1.460007, 46.20793], [-1.459977, 46.20801], [-1.459825, 46.20836], [-1.459803, 46.20845], [-1.459787, 46.208546], [-1.459783, 46.208622], [-1.459792, 46.208763], [-1.45986, 46.209293], [-1.459871, 46.209427], [-1.459875, 46.20958], [-1.459869, 46.20972], [-1.459852, 46.209892], [-1.459841, 46.210083], [-1.459847, 46.210182], [-1.459859, 46.210274], [-1.459884, 46.210365], [-1.45992, 46.21046], [-1.460041, 46.21074], [-1.460152, 46.21103], [-1.460194, 46.211193], [-1.460199, 46.21128], [-1.460197, 46.211372], [-1.460184, 46.21151], [-1.460154, 46.211765], [-1.460154, 46.211926], [-1.460175, 46.21225], [-1.460188, 46.212612], [-1.460205, 46.212925], [-1.460235, 46.213062], [-1.460306, 46.21326], [-1.46037, 46.213436], [-1.460539, 46.21392], [-1.460699, 46.214424], [-1.460823, 46.214897], [-1.460861, 46.21508], [-1.460877, 46.21516], [-1.460918, 46.215363], [-1.460936, 46.21548], [-1.460948, 46.215614], [-1.460949, 46.21574], [-1.460933, 46.21588], [-1.46091, 46.215973], [-1.460875, 46.216076], [-1.460831, 46.216167], [-1.460772, 46.216263], [-1.46066, 46.216415], [-1.460474, 46.216637], [-1.460378, 46.21675], [-1.460284, 46.21686], [-1.460178, 46.21702], [-1.460109, 46.217148], [-1.460055, 46.21729], [-1.460013, 46.217438], [-1.45995, 46.21771], [-1.459916, 46.21787], [-1.459834, 46.218254], [-1.459713, 46.218838], [-1.459634, 46.219116], [-1.459599, 46.21922], [-1.459523, 46.219437], [-1.459445, 46.219597], [-1.459394, 46.219673], [-1.459353, 46.21973], [-1.459269, 46.21982], [-1.459188, 46.219868], [-1.459077, 46.219906], [-1.458935, 46.219948], [-1.458647, 46.219994], [-1.45771, 46.220146], [-1.456836, 46.220314], [-1.456701, 46.22034], [-1.456191, 46.22045], [-1.454722, 46.220783], [-1.453232, 46.2211], [-1.45278, 46.221195], [-1.451726, 46.221375], [-1.451506, 46.22142], [-1.451192, 46.221478], [-1.4508, 46.22154], [-1.450358, 46.2216], [-1.450023, 46.221645], [-1.449806, 46.22168], [-1.449639, 46.221718], [-1.449446, 46.221775], [-1.449259, 46.221844], [-1.449074, 46.22192], [-1.448728, 46.22209], [-1.448452, 46.222218], [-1.448224, 46.22233], [-1.448106, 46.222378], [-1.447988, 46.22243], [-1.447906, 46.22247], [-1.447827, 46.222504], [-1.447526, 46.22265], [-1.447454, 46.222683], [-1.447387, 46.222713], [-1.447164, 46.222813], [-1.446861, 46.222923], [-1.44669, 46.222973], [-1.446527, 46.223007], [-1.446379, 46.223026], [-1.446189, 46.22304], [-1.445998, 46.223045], [-1.445753, 46.22303], [-1.445476, 46.22299], [-1.445234, 46.22293], [-1.444646, 46.22275], [-1.444343, 46.22268], [-1.444148, 46.22264], [-1.444038, 46.222626], [-1.443916, 46.222607], [-1.443812, 46.222595], [-1.443192, 46.222546], [-1.442869, 46.22252], [-1.442547, 46.2225], [-1.442423, 46.222492], [-1.441951, 46.222458], [-1.441817, 46.222443], [-1.441782, 46.22234], [-1.441762, 46.2223], [-1.441706, 46.2222], [-1.44165, 46.222134], [-1.4416467, 46.22213], [-1.441616, 46.22208], [-1.441567, 46.22213], [-1.441766, 46.22244], [-1.441817, 46.222443], [-1.441951, 46.222458], [-1.442423, 46.222492], [-1.442547, 46.2225], [-1.442869, 46.22252], [-1.443192, 46.222546], [-1.443812, 46.222595], [-1.443916, 46.222607], [-1.444038, 46.222626], [-1.444148, 46.22264], [-1.444343, 46.22268], [-1.444646, 46.22275], [-1.445234, 46.22293], [-1.445476, 46.22299], [-1.445753, 46.22303], [-1.445998, 46.223045], [-1.446189, 46.22304], [-1.446379, 46.223026], [-1.446527, 46.223007], [-1.44669, 46.222973], [-1.446861, 46.222923], [-1.446995, 46.222897], [-1.44717, 46.222855], [-1.447326, 46.222794], [-1.447343, 46.222786], [-1.447433, 46.222755], [-1.447555, 46.222702], [-1.447712, 46.22263], [-1.447812, 46.22258], [-1.447913, 46.22253], [-1.448121, 46.222424], [-1.448322, 46.222317], [-1.448553, 46.222195], [-1.448728, 46.22209], [-1.449074, 46.22192], [-1.449259, 46.221844], [-1.449446, 46.221775], [-1.449639, 46.221718], [-1.449806, 46.22168], [-1.450023, 46.221645], [-1.450358, 46.2216], [-1.4508, 46.22154], [-1.451192, 46.221478], [-1.451506, 46.22142], [-1.451726, 46.221375], [-1.45278, 46.221195], [-1.453232, 46.2211], [-1.454722, 46.220783], [-1.456191, 46.22045], [-1.456701, 46.22034], [-1.456836, 46.220314], [-1.45771, 46.220146], [-1.458647, 46.219994], [-1.458935, 46.219948], [-1.459077, 46.219906], [-1.459188, 46.219868], [-1.459269, 46.21982], [-1.459353, 46.21973], [-1.459394, 46.219673], [-1.459445, 46.219597], [-1.459523, 46.219437], [-1.459599, 46.21922], [-1.459634, 46.219116], [-1.459713, 46.218838], [-1.459834, 46.218254], [-1.459916, 46.21787], [-1.45995, 46.21771], [-1.460013, 46.217438], [-1.460055, 46.21729], [-1.460109, 46.217148], [-1.460178, 46.21702], [-1.460284, 46.21686], [-1.460378, 46.21675], [-1.460474, 46.216637], [-1.46066, 46.216415], [-1.460772, 46.216263], [-1.460831, 46.216167], [-1.460875, 46.216076], [-1.46091, 46.215973], [-1.460933, 46.21588], [-1.460949, 46.21574], [-1.460948, 46.215614], [-1.460936, 46.21548], [-1.460918, 46.215363], [-1.460877, 46.21516], [-1.460861, 46.21508], [-1.460823, 46.214897], [-1.460699, 46.214424], [-1.460539, 46.21392], [-1.46037, 46.213436], [-1.460306, 46.21326], [-1.460235, 46.213062], [-1.460205, 46.212925], [-1.460188, 46.212612], [-1.460175, 46.21225], [-1.460154, 46.211926], [-1.460154, 46.211765], [-1.460184, 46.21151], [-1.460197, 46.211372], [-1.460199, 46.21128], [-1.460194, 46.211193], [-1.460152, 46.21103], [-1.460041, 46.21074], [-1.45992, 46.21046], [-1.459884, 46.210365], [-1.459859, 46.210274], [-1.459847, 46.210182], [-1.459841, 46.210083], [-1.459852, 46.209892], [-1.459869, 46.20972], [-1.459875, 46.20958], [-1.459871, 46.209427], [-1.45986, 46.209293], [-1.459792, 46.208763], [-1.459783, 46.208622], [-1.459787, 46.208546], [-1.459803, 46.20845], [-1.459825, 46.20836], [-1.459977, 46.20801], [-1.460007, 46.20793], [-1.460034, 46.20786], [-1.460061, 46.207752], [-1.460072, 46.207657], [-1.460079, 46.20756], [-1.460101, 46.20709], [-1.460113, 46.206825], [-1.460125, 46.20659], [-1.460121, 46.206432], [-1.460104, 46.206215], [-1.459984, 46.20515], [-1.459979, 46.205025], [-1.459974, 46.2049], [-1.459978, 46.204742], [-1.459993, 46.204674], [-1.460019, 46.204468], [-1.460031, 46.20436], [-1.460025, 46.204273], [-1.459965, 46.204018], [-1.459954, 46.20399], [-1.459971, 46.203945], [-1.460005, 46.203835], [-1.460024, 46.20382], [-1.460045, 46.203793], [-1.460165, 46.203754], [-1.460323, 46.20372], [-1.460793, 46.20372], [-1.46134, 46.20372], [-1.46189, 46.203724], [-1.462211, 46.203716], [-1.462756, 46.20371], [-1.46333, 46.2037], [-1.463756, 46.203693], [-1.463946, 46.203693], [-1.46408, 46.203693], [-1.464403, 46.2037], [-1.464638, 46.203712], [-1.464986, 46.20374], [-1.465336, 46.203766], [-1.46574, 46.20381], [-1.465999, 46.203846], [-1.466539, 46.2039], [-1.46751, 46.204002], [-1.467787, 46.204018], [-1.467655, 46.204144], [-1.46751, 46.204002], [-1.466539, 46.2039], [-1.465999, 46.203846], [-1.46574, 46.20381], [-1.465336, 46.203766], [-1.464986, 46.20374], [-1.464638, 46.203712], [-1.464403, 46.2037], [-1.46408, 46.203693], [-1.463946, 46.203693], [-1.463756, 46.203693], [-1.46333, 46.2037], [-1.462756, 46.20371], [-1.462211, 46.203716], [-1.46189, 46.203724], [-1.46134, 46.20372], [-1.460793, 46.20372], [-1.460323, 46.20372], [-1.460149, 46.203716], [-1.460129, 46.203712], [-1.459986, 46.20371], [-1.459955, 46.2037], [-1.459915, 46.203705], [-1.459877, 46.203716], [-1.459849, 46.20374], [-1.459836, 46.203762], [-1.459837, 46.203793], [-1.459855, 46.20382], [-1.459872, 46.20383], [-1.459885, 46.203835], [-1.459901, 46.203842], [-1.459943, 46.20385], [-1.459997, 46.20384], [-1.460005, 46.203835], [-1.460024, 46.20382], [-1.460045, 46.203793], [-1.460165, 46.203754], [-1.460323, 46.20372], [-1.460793, 46.20372], [-1.46134, 46.20372], [-1.46189, 46.203724], [-1.462211, 46.203716], [-1.462756, 46.20371], [-1.46333, 46.2037], [-1.463756, 46.203693], [-1.463946, 46.203693], [-1.46408, 46.203693], [-1.464403, 46.2037], [-1.464638, 46.203712], [-1.464986, 46.20374], [-1.465336, 46.203766], [-1.46574, 46.20381], [-1.465999, 46.203846], [-1.466539, 46.2039], [-1.46751, 46.204002], [-1.467787, 46.204018], [-1.467917, 46.204025], [-1.468042, 46.204025], [-1.468174, 46.204025], [-1.468311, 46.204018], [-1.468397, 46.204014], [-1.468647, 46.203987], [-1.469084, 46.203926], [-1.46953, 46.20387], [-1.470485, 46.203716], [-1.471706, 46.203552], [-1.471887, 46.20353], [-1.472365, 46.20346], [-1.472671, 46.203426], [-1.473952, 46.203228], [-1.474233, 46.203182], [-1.474425, 46.203148], [-1.475313, 46.202976], [-1.475883, 46.20287], [-1.477466, 46.20263], [-1.477909, 46.20257], [-1.478397, 46.202503], [-1.479303, 46.202335], [-1.48095, 46.20207], [-1.481153, 46.202038], [-1.481348, 46.202023], [-1.48151, 46.20202], [-1.481679, 46.202023], [-1.481882, 46.202038], [-1.482955, 46.20215], [-1.483201, 46.202168], [-1.483242, 46.202168], [-1.483328, 46.20217], [-1.483464, 46.20217], [-1.483627, 46.202156], [-1.483782, 46.202133], [-1.484967, 46.20192], [-1.485208, 46.201862], [-1.485367, 46.201817], [-1.485571, 46.201744], [-1.48578, 46.20167], [-1.486013, 46.201584], [-1.486154, 46.201523], [-1.48625, 46.201477], [-1.486332, 46.201427], [-1.486412, 46.20137], [-1.486491, 46.201298], [-1.486545, 46.20124], [-1.4865469, 46.201237], [-1.486567, 46.201214], [-1.486628, 46.201122], [-1.486705, 46.200993], [-1.486786, 46.200867], [-1.486844, 46.20077], [-1.486868, 46.20073], [-1.486924, 46.20065], [-1.486987, 46.200596], [-1.487042, 46.20056], [-1.487107, 46.20053], [-1.487216, 46.200497], [-1.4874, 46.200462], [-1.487746, 46.20041], [-1.48793, 46.20038], [-1.488353, 46.2003], [-1.488682, 46.200237], [-1.488876, 46.200195], [-1.489084, 46.20014], [-1.489346, 46.20007], [-1.489618, 46.199966], [-1.489928, 46.199833], [-1.490412, 46.199615], [-1.490712, 46.199455], [-1.490967, 46.199303], [-1.491193, 46.19914], [-1.491445, 46.198948], [-1.49209, 46.19842], [-1.492152, 46.198368], [-1.492258, 46.19828], [-1.492325, 46.198215], [-1.492425, 46.19813], [-1.492672, 46.19791], [-1.492865, 46.197773], [-1.493203, 46.197544], [-1.493555, 46.197315], [-1.493686, 46.19722], [-1.493985, 46.19701], [-1.494159, 46.19689], [-1.494733, 46.19652], [-1.494906, 46.19642], [-1.495134, 46.196304], [-1.495369, 46.19621], [-1.495561, 46.19614], [-1.496004, 46.195988], [-1.496445, 46.195847], [-1.496686, 46.195778], [-1.49698, 46.1957], [-1.497827, 46.195522], [-1.498154, 46.195435], [-1.498457, 46.195343], [-1.498701, 46.195255], [-1.499023, 46.195126], [-1.499251, 46.195026], [-1.499912, 46.194725], [-1.499979, 46.19469], [-1.500072, 46.194675], [-1.500191, 46.194695], [-1.500269, 46.194733], [-1.500334, 46.19479], [-1.500389, 46.19487], [-1.500443, 46.194977], [-1.500489, 46.195114], [-1.50052, 46.195267], [-1.500607, 46.195824], [-1.500649, 46.196026], [-1.500704, 46.196228], [-1.500767, 46.196384], [-1.500846, 46.19655], [-1.500954, 46.196697], [-1.501069, 46.19686], [-1.501401, 46.197247], [-1.501697, 46.197723], [-1.502214, 46.19857], [-1.502313, 46.198723], [-1.502411, 46.198845], [-1.502535, 46.198963], [-1.502651, 46.19906], [-1.50276, 46.199142], [-1.502917, 46.199238], [-1.503102, 46.199333], [-1.503478, 46.199512], [-1.503822, 46.199684], [-1.504283, 46.19992], [-1.504742, 46.200153], [-1.504927, 46.200237], [-1.505112, 46.20032], [-1.505299, 46.200386], [-1.5055, 46.200443], [-1.505719, 46.2005], [-1.506471, 46.20064], [-1.507051, 46.200783], [-1.507506, 46.200893], [-1.507982, 46.201015], [-1.508173, 46.201084], [-1.508335, 46.201168], [-1.508503, 46.201275], [-1.508642, 46.201378], [-1.508948, 46.201645], [-1.509795, 46.20241], [-1.510137, 46.202663], [-1.510529, 46.20292], [-1.510763, 46.203064], [-1.510902, 46.203205], [-1.510923, 46.203236], [-1.510919, 46.203266], [-1.510925, 46.203293], [-1.510943, 46.20332], [-1.510971, 46.203342], [-1.511006, 46.20336], [-1.511046, 46.20337], [-1.511089, 46.20337], [-1.511131, 46.203365], [-1.511295, 46.203403], [-1.511689, 46.203583], [-1.511867, 46.203663], [-1.512094, 46.20376], [-1.512422, 46.20385], [-1.512777, 46.203945], [-1.51368, 46.204178], [-1.514176, 46.204296], [-1.515033, 46.204502], [-1.516289, 46.204803], [-1.517165, 46.205025], [-1.517532, 46.205112], [-1.517986, 46.205246], [-1.518427, 46.20536], [-1.518676, 46.205425], [-1.518699, 46.20543], [-1.518897, 46.205486], [-1.519529, 46.205704], [-1.519922, 46.205814], [-1.520025, 46.205853], [-1.520589, 46.20607], [-1.521058, 46.206264], [-1.52126, 46.206383], [-1.521342, 46.206436], [-1.521378, 46.206455], [-1.521475, 46.206528], [-1.52161, 46.206642], [-1.521684, 46.206738], [-1.521763, 46.206837], [-1.521836, 46.206966], [-1.521904, 46.207134], [-1.521991, 46.207138], [-1.52197, 46.207104], [-1.52196, 46.207077], [-1.521904, 46.206947], [-1.521822, 46.206818], [-1.521746, 46.20672], [-1.521656, 46.20661], [-1.521515, 46.206493], [-1.521422, 46.206417], [-1.521394, 46.206394], [-1.5213, 46.20635], [-1.521194, 46.206303], [-1.521058, 46.206264], [-1.520589, 46.20607], [-1.520025, 46.205853], [-1.519922, 46.205814], [-1.519554, 46.205673], [-1.519516, 46.205658], [-1.518929, 46.205452], [-1.518897, 46.205486], [-1.519529, 46.205704], [-1.519922, 46.205814], [-1.520025, 46.205853], [-1.520589, 46.20607], [-1.521058, 46.206264], [-1.52126, 46.206383], [-1.521342, 46.206436], [-1.521378, 46.206455], [-1.521475, 46.206528], [-1.52161, 46.206642], [-1.521684, 46.206738], [-1.521763, 46.206837], [-1.521836, 46.206966], [-1.521904, 46.207134], [-1.521956, 46.2073], [-1.521972, 46.20745], [-1.521964, 46.20757], [-1.521925, 46.207714], [-1.521901, 46.20789], [-1.521782, 46.2082], [-1.521583, 46.208694], [-1.521384, 46.20921], [-1.521171, 46.209747], [-1.521142, 46.20982], [-1.521081, 46.20997], [-1.520982, 46.210167], [-1.520956, 46.21026], [-1.520947, 46.21036], [-1.520945, 46.210506], [-1.520963, 46.210613], [-1.520987, 46.2107], [-1.521073, 46.210835], [-1.521143, 46.210938], [-1.521203, 46.211018], [-1.521276, 46.2111], [-1.521424, 46.211243], [-1.521548, 46.21136], [-1.522763, 46.212265], [-1.523024, 46.21245], [-1.52349, 46.21287], [-1.523741, 46.21311], [-1.524252, 46.21361], [-1.524406, 46.21375], [-1.524636, 46.213974], [-1.524838, 46.214195], [-1.524995, 46.214397], [-1.52512, 46.21461], [-1.525214, 46.214806], [-1.525286, 46.21499], [-1.525361, 46.215206], [-1.525512, 46.215687], [-1.525534, 46.21576], [-1.525655, 46.21614], [-1.52571, 46.216366], [-1.525761, 46.216686], [-1.525795, 46.216885], [-1.525834, 46.217056], [-1.525916, 46.217304], [-1.526047, 46.217587], [-1.526216, 46.21787], [-1.526556, 46.218388], [-1.526924, 46.21893], [-1.527035, 46.219078], [-1.527143, 46.21921], [-1.527354, 46.21943], [-1.527603, 46.21967], [-1.52806, 46.220043], [-1.528404, 46.220287], [-1.52868, 46.220463], [-1.528953, 46.220596], [-1.52918, 46.220688], [-1.529407, 46.220776], [-1.52971, 46.22089], [-1.530678, 46.221237], [-1.531127, 46.22144], [-1.531346, 46.221558], [-1.531538, 46.221676], [-1.531613, 46.22172], [-1.531794, 46.221893], [-1.532208, 46.22225], [-1.532507, 46.222523], [-1.532608, 46.22262], [-1.532705, 46.222706], [-1.532839, 46.222828], [-1.533052, 46.22303], [-1.533263, 46.22324], [-1.533663, 46.223656], [-1.534226, 46.22423], [-1.53443, 46.22445], [-1.534562, 46.224594], [-1.536271, 46.2264], [-1.537455, 46.227676], [-1.537813, 46.22805], [-1.53878, 46.229103], [-1.53902, 46.22935], [-1.539165, 46.229485], [-1.539325, 46.229614], [-1.539681, 46.229843], [-1.540361, 46.23032], [-1.540529, 46.23043], [-1.540648, 46.23052], [-1.540687, 46.230488], [-1.540732, 46.23042], [-1.540912, 46.230457], [-1.540962, 46.230522], [-1.5409662, 46.23053], [-1.541001, 46.230576], [-1.541103, 46.230705], [-1.541026, 46.230957], [-1.54122, 46.231197], [-1.541586, 46.231655], [-1.541742, 46.23185], [-1.541926, 46.232067], [-1.542165, 46.23234], [-1.542304, 46.232487], [-1.542492, 46.23268], [-1.542912, 46.233105], [-1.543117, 46.2333], [-1.543931, 46.234047], [-1.544193, 46.234283], [-1.544389, 46.234497], [-1.544613, 46.234848], [-1.544744, 46.235214], [-1.544784, 46.23558], [-1.544748, 46.235935], [-1.544668, 46.23636], [-1.544571, 46.236668], [-1.544482, 46.23721], [-1.544445, 46.23783], [-1.544363, 46.23832], [-1.544356, 46.23836], [-1.544303, 46.23871], [-1.544287, 46.238934], [-1.544284, 46.239067], [-1.544297, 46.23916], [-1.5443, 46.23929], [-1.544295, 46.239323], [-1.544263, 46.23934], [-1.54422, 46.239384], [-1.5442, 46.239433], [-1.544204, 46.239487], [-1.544233, 46.239536], [-1.544283, 46.239574], [-1.544343, 46.239597], [-1.54441, 46.23961], [-1.544479, 46.239605], [-1.544535, 46.239594], [-1.544583, 46.239567], [-1.544621, 46.239536], [-1.544646, 46.2395], [-1.545267, 46.239506], [-1.545517, 46.239517], [-1.546161, 46.239628], [-1.547183, 46.2398], [-1.547267, 46.23981], [-1.547267, 46.23981], [-1.548376, 46.24], [-1.548983, 46.240097], [-1.54929, 46.24014], [-1.549748, 46.240215], [-1.550318, 46.240314], [-1.550975, 46.240425], [-1.551814, 46.240562], [-1.552646, 46.240692], [-1.553414, 46.240788], [-1.553654, 46.240818], [-1.554155, 46.24088], [-1.554728, 46.240948], [-1.554826, 46.240963], [-1.554843, 46.240932], [-1.55486, 46.240906], [-1.5549, 46.240837], [-1.55494, 46.240803], [-1.555074, 46.240696], [-1.5551738, 46.24063], [-1.555412, 46.240482], [-1.555459, 46.240456], [-1.55558, 46.24056], [-1.555643, 46.240612], [-1.555695, 46.240658], [-1.555748, 46.240704], [-1.55581, 46.240757], [-1.555862, 46.240803], [-1.55588, 46.240845], [-1.555887, 46.24089], [-1.55589, 46.240967], [-1.555891, 46.240986], [-1.555823, 46.241005], [-1.555694, 46.24104], [-1.55563, 46.241043], [-1.555408, 46.24104], [-1.554826, 46.240963], [-1.554728, 46.240948], [-1.554155, 46.24088], [-1.553654, 46.240818], [-1.553414, 46.240788], [-1.552646, 46.240692], [-1.551814, 46.240562], [-1.550975, 46.240425], [-1.550318, 46.240314], [-1.549748, 46.240215], [-1.54929, 46.24014], [-1.548983, 46.240097], [-1.548376, 46.24], [-1.547183, 46.2398], [-1.546161, 46.239628], [-1.545517, 46.239517], [-1.545221, 46.239468], [-1.544696, 46.239403], [-1.544637, 46.23939], [-1.544605, 46.239353], [-1.54456, 46.239323], [-1.544496, 46.239304], [-1.544445, 46.239292], [-1.544383, 46.239296], [-1.544295, 46.239323], [-1.544263, 46.23934], [-1.54422, 46.239384], [-1.5442, 46.239433], [-1.544204, 46.239487], [-1.544233, 46.239536], [-1.544283, 46.239574], [-1.54426, 46.23966], [-1.544157, 46.240032], [-1.543959, 46.24083], [-1.54376, 46.241875], [-1.543664, 46.24213], [-1.543615, 46.242218], [-1.543557, 46.242275], [-1.543483, 46.24232], [-1.543396, 46.24236], [-1.54328, 46.242386], [-1.542994, 46.24241], [-1.542366, 46.242405], [-1.541208, 46.242413], [-1.540501, 46.24243], [-1.539997, 46.242455], [-1.539834, 46.24247], [-1.539834, 46.24247], [-1.53965, 46.242493], [-1.539063, 46.24255], [-1.538123, 46.242657], [-1.537785, 46.242683], [-1.537117, 46.242744], [-1.53679, 46.24279], [-1.536217, 46.24289], [-1.535666, 46.24301], [-1.534395, 46.243305], [-1.533367, 46.24356], [-1.532668, 46.243736], [-1.531813, 46.243946], [-1.531404, 46.24406], [-1.530973, 46.24419], [-1.53055, 46.244297], [-1.530196, 46.244373], [-1.52932, 46.244526], [-1.528795, 46.244633], [-1.528679, 46.24466], [-1.528089, 46.24481], [-1.527395, 46.244987], [-1.526786, 46.245167], [-1.526221, 46.245354], [-1.52558, 46.245598], [-1.525195, 46.245728], [-1.524846, 46.24582], [-1.523822, 46.246098], [-1.522986, 46.24632], [-1.522403, 46.24643], [-1.522131, 46.24648], [-1.521897, 46.246513], [-1.521638, 46.246525], [-1.521071, 46.24654], [-1.520666, 46.24657], [-1.520267, 46.246613], [-1.519665, 46.246708], [-1.519009, 46.246822], [-1.518451, 46.246937], [-1.517283, 46.24725], [-1.516588, 46.24743], [-1.516295, 46.247494], [-1.516045, 46.247528], [-1.51489, 46.247658], [-1.51477, 46.24767], [-1.51477, 46.24767], [-1.513374, 46.24784], [-1.512865, 46.247868], [-1.512666, 46.247887], [-1.512488, 46.247902], [-1.512223, 46.24792], [-1.511875, 46.247917], [-1.511833, 46.247913], [-1.511233, 46.247875], [-1.510212, 46.247814], [-1.510045, 46.247814], [-1.509828, 46.247826], [-1.509635, 46.247845], [-1.50944, 46.247868], [-1.508949, 46.247936], [-1.508763, 46.247955], [-1.508632, 46.24796], [-1.508503, 46.24796], [-1.508189, 46.247932], [-1.507981, 46.24792], [-1.507778, 46.24792], [-1.507645, 46.247925], [-1.507071, 46.247932], [-1.506644, 46.24791], [-1.506347, 46.247883], [-1.506135, 46.24785], [-1.50591, 46.24781], [-1.505588, 46.24775], [-1.503583, 46.24732], [-1.503375, 46.247276], [-1.502595, 46.24712], [-1.501786, 46.246944], [-1.501404, 46.246864], [-1.500487, 46.246674], [-1.500134, 46.246586], [-1.5, 46.246555], [-1.5, 46.246555], [-1.498987, 46.24631], [-1.498772, 46.24626], [-1.498555, 46.24619], [-1.498453, 46.246155], [-1.498148, 46.24605], [-1.497954, 46.246], [-1.497801, 46.24598], [-1.497639, 46.245964], [-1.497424, 46.245953], [-1.496776, 46.245968], [-1.496516, 46.245968], [-1.495832, 46.245945], [-1.495514, 46.245934], [-1.495375, 46.24593], [-1.494838, 46.245907], [-1.494744, 46.246098], [-1.494727, 46.24613], [-1.494473, 46.246628], [-1.494118, 46.2473], [-1.493664, 46.24823], [-1.4935, 46.248493], [-1.49343, 46.24862], [-1.493303, 46.248653], [-1.493176, 46.24862]]}}, {"type": "Feature", "properties": {"route_short_name": "151", "route_long_name": "151 - LA ROCHELLE - STE MARIE - LES PORTES EN RE", "shape_id": "CHARENTE_MARITIME:JourneyPattern:4819_13AD10D72A271ED4149E9C15C5CE9019", "n_points": 2386, "n_shape_variants_in_source": 6}, "geometry": {"type": "LineString", "coordinates": [[-1.141221, 46.152576], [-1.141738, 46.15267], [-1.141797, 46.152496], [-1.141837, 46.152397], [-1.141878, 46.152298], [-1.141893, 46.15225], [-1.141923, 46.152184], [-1.141487, 46.151993], [-1.141496, 46.15196], [-1.141497, 46.151913], [-1.141479, 46.15187], [-1.141444, 46.151833], [-1.141394, 46.151802], [-1.141324, 46.15178], [-1.141248, 46.151775], [-1.141175, 46.15179], [-1.141113, 46.15182], [-1.141068, 46.151863], [-1.141046, 46.15191], [-1.14071, 46.151886], [-1.140623, 46.15188], [-1.140524, 46.15187], [-1.140347, 46.151867], [-1.140177, 46.151844], [-1.140018, 46.151863], [-1.139939, 46.151882], [-1.139903, 46.151894], [-1.139795, 46.151913], [-1.139745, 46.151928], [-1.139703, 46.151894], [-1.139652, 46.151867], [-1.139588, 46.151844], [-1.139518, 46.151833], [-1.139445, 46.15183], [-1.139374, 46.151836], [-1.139307, 46.15185], [-1.139247, 46.151875], [-1.139195, 46.15191], [-1.139132, 46.151978], [-1.139104, 46.152054], [-1.139113, 46.152134], [-1.13914, 46.152184], [-1.139181, 46.15223], [-1.139236, 46.152267], [-1.1393, 46.152294], [-1.139345, 46.15236], [-1.139355, 46.15241], [-1.139359, 46.152462], [-1.139331, 46.15261], [-1.139289, 46.152866], [-1.139273, 46.153065], [-1.139284, 46.153103], [-1.139282, 46.153427], [-1.139268, 46.15397], [-1.139277, 46.15417], [-1.139295, 46.154312], [-1.139334, 46.154453], [-1.139412, 46.15464], [-1.139513, 46.154816], [-1.13963, 46.154972], [-1.139778, 46.155125], [-1.139954, 46.15528], [-1.140072, 46.15536], [-1.140205, 46.155437], [-1.140248, 46.15546], [-1.140266, 46.15547], [-1.1429, 46.156895], [-1.142965, 46.156925], [-1.143688, 46.15731], [-1.144562, 46.15778], [-1.14464, 46.15785], [-1.144631, 46.15789], [-1.144582, 46.158215], [-1.144568, 46.15825], [-1.144558, 46.158276], [-1.144531, 46.158344], [-1.144442, 46.158325], [-1.144315, 46.158302], [-1.143891, 46.15823], [-1.143725, 46.1582], [-1.143648, 46.158184], [-1.143632, 46.15818], [-1.14357, 46.158173], [-1.143428, 46.158146], [-1.143334, 46.158127], [-1.143279, 46.15812], [-1.143217, 46.158108], [-1.143049, 46.158077], [-1.142759, 46.158028], [-1.142716, 46.158016], [-1.142576, 46.157993], [-1.142537, 46.157986], [-1.142512, 46.15798], [-1.142485, 46.157978], [-1.142302, 46.157936], [-1.142272, 46.158024], [-1.142262, 46.15805], [-1.142206, 46.1582], [-1.142143, 46.15838], [-1.142037, 46.158527], [-1.141976, 46.158653], [-1.141906, 46.158787], [-1.141804, 46.158966], [-1.141749, 46.159058], [-1.141665, 46.159187], [-1.141466, 46.159462], [-1.141251, 46.159733], [-1.141204, 46.15979], [-1.141129, 46.15988], [-1.14103, 46.160004], [-1.140985, 46.16006], [-1.140922, 46.160137], [-1.140558, 46.160603], [-1.140313, 46.1609], [-1.140199, 46.161034], [-1.14, 46.16129], [-1.139881, 46.16137], [-1.139841, 46.161366], [-1.139785, 46.161377], [-1.139745, 46.161392], [-1.13971, 46.161423], [-1.13969, 46.161457], [-1.139689, 46.161495], [-1.139706, 46.161533], [-1.139692, 46.1616], [-1.139672, 46.161648], [-1.139609, 46.16174], [-1.139566, 46.161846], [-1.139311, 46.162174], [-1.139229, 46.162346], [-1.139021, 46.16293], [-1.138948, 46.16301], [-1.138906, 46.163097], [-1.138855, 46.163147], [-1.138773, 46.163216], [-1.138723, 46.163246], [-1.138678, 46.163265], [-1.138589, 46.163292], [-1.138532, 46.163315], [-1.138495, 46.16335], [-1.138477, 46.163372], [-1.138473, 46.1634], [-1.138478, 46.163425], [-1.138434, 46.163486], [-1.1384, 46.16352], [-1.138345, 46.163563], [-1.138271, 46.16361], [-1.138188, 46.163654], [-1.137686, 46.163883], [-1.137149, 46.16413], [-1.136892, 46.164253], [-1.136784, 46.164303], [-1.136698, 46.16434], [-1.136673, 46.16434], [-1.136632, 46.16435], [-1.136597, 46.164364], [-1.136569, 46.164387], [-1.136552, 46.164413], [-1.136547, 46.16444], [-1.136554, 46.164467], [-1.136565, 46.164494], [-1.136589, 46.164513], [-1.136607, 46.164593], [-1.136612, 46.16466], [-1.136611, 46.164764], [-1.136621, 46.164845], [-1.136852, 46.166153], [-1.136898, 46.166393], [-1.136968, 46.166527], [-1.137031, 46.166653], [-1.137152, 46.166748], [-1.137812, 46.166855], [-1.138163, 46.166946], [-1.139179, 46.167213], [-1.139318, 46.16725], [-1.139481, 46.167316], [-1.139582, 46.16736], [-1.139759, 46.167416], [-1.139875, 46.167454], [-1.139933, 46.16747], [-1.139937, 46.167484], [-1.139949, 46.167507], [-1.139967, 46.167526], [-1.139992, 46.16754], [-1.140015, 46.167553], [-1.140041, 46.16756], [-1.14008, 46.167564], [-1.14012, 46.16756], [-1.140156, 46.16755], [-1.140296, 46.167576], [-1.140802, 46.167652], [-1.1410686, 46.167725], [-1.141083, 46.16773], [-1.142382, 46.16807], [-1.14288, 46.1682], [-1.142916, 46.168213], [-1.143184, 46.16833], [-1.143744, 46.168476], [-1.144256, 46.168613], [-1.14448, 46.16863], [-1.14509, 46.168793], [-1.145426, 46.168922], [-1.145774, 46.169018], [-1.146485, 46.169212], [-1.146543, 46.16924], [-1.146593, 46.169273], [-1.146613, 46.16931], [-1.146643, 46.169334], [-1.146679, 46.16935], [-1.14681, 46.169388], [-1.147055, 46.16945], [-1.1471, 46.16945], [-1.147145, 46.16944], [-1.147176, 46.169426], [-1.147241, 46.169426], [-1.147296, 46.16943], [-1.14765, 46.169525], [-1.147749, 46.16956], [-1.147833, 46.16958], [-1.147939, 46.16959], [-1.148021, 46.169594], [-1.148118, 46.16959], [-1.148217, 46.169586], [-1.14833, 46.16958], [-1.148443, 46.169563], [-1.148581, 46.169537], [-1.148703, 46.169502], [-1.148818, 46.16946], [-1.149052, 46.16936], [-1.149104, 46.169342], [-1.149287, 46.16926], [-1.149564, 46.169136], [-1.149655, 46.169106], [-1.149771, 46.169075], [-1.149826, 46.16909], [-1.149887, 46.169094], [-1.149934, 46.169086], [-1.149946, 46.169086], [-1.150017, 46.16905], [-1.150051, 46.169006], [-1.15006, 46.16897], [-1.150055, 46.168938], [-1.150036, 46.168903], [-1.150001, 46.168873], [-1.149971, 46.168858], [-1.14995, 46.16879], [-1.149942, 46.16874], [-1.149943, 46.168694], [-1.149954, 46.16863], [-1.149987, 46.168488], [-1.149997, 46.16837], [-1.150011, 46.16834], [-1.150183, 46.16794], [-1.150275, 46.1677], [-1.150282, 46.167686], [-1.150533, 46.16712], [-1.15054, 46.167107], [-1.150557, 46.167065], [-1.150614, 46.16695], [-1.150677, 46.166847], [-1.150749, 46.166737], [-1.150786, 46.16667], [-1.150886, 46.166485], [-1.150909, 46.166443], [-1.150971, 46.16644], [-1.15114, 46.166424], [-1.151246, 46.166412], [-1.151346, 46.1664], [-1.151826, 46.166332], [-1.151977, 46.16631], [-1.152282, 46.1664], [-1.152614, 46.1665], [-1.15275, 46.166542], [-1.152752, 46.166542], [-1.152819, 46.166546], [-1.152943, 46.16655], [-1.153147, 46.16657], [-1.153198, 46.16657], [-1.153314, 46.16657], [-1.153316, 46.166546], [-1.153316, 46.166508], [-1.153316, 46.16648], [-1.153316, 46.166466], [-1.153422, 46.166286], [-1.15368, 46.166054], [-1.15375, 46.165993], [-1.154266, 46.165527], [-1.154445, 46.16549], [-1.154567, 46.165478], [-1.154737, 46.165466], [-1.155007, 46.16538], [-1.15503, 46.16537], [-1.155676, 46.165005], [-1.155754, 46.16479], [-1.155724, 46.164684], [-1.155665, 46.164467], [-1.155541, 46.164005], [-1.155441, 46.163635], [-1.15543, 46.163593], [-1.15525, 46.1631], [-1.155233, 46.16307], [-1.155204, 46.16302], [-1.155131, 46.162846], [-1.155133, 46.16276], [-1.155162, 46.162666], [-1.155225, 46.162483], [-1.155283, 46.162354], [-1.155338, 46.162277], [-1.155353, 46.16226], [-1.15537, 46.16224], [-1.155419, 46.162212], [-1.155487, 46.162197], [-1.155567, 46.16219], [-1.155788, 46.16219], [-1.156807, 46.162285], [-1.157691, 46.162365], [-1.158113, 46.162407], [-1.15848, 46.16244], [-1.158573, 46.16245], [-1.159801, 46.162563], [-1.159874, 46.16257], [-1.159941, 46.16258], [-1.160367, 46.16262], [-1.160755, 46.16266], [-1.160804, 46.162663], [-1.160862, 46.162666], [-1.160985, 46.16268], [-1.161463, 46.162727], [-1.161606, 46.162743], [-1.162122, 46.162792], [-1.162161, 46.1628], [-1.163314, 46.16291], [-1.163419, 46.16292], [-1.163577, 46.162937], [-1.163769, 46.162956], [-1.164322, 46.163013], [-1.164387, 46.163017], [-1.164436, 46.163025], [-1.164995, 46.16308], [-1.165014, 46.163082], [-1.165037, 46.163082], [-1.165147, 46.163094], [-1.165195, 46.163097], [-1.165239, 46.163105], [-1.165272, 46.16311], [-1.165299, 46.16311], [-1.165765, 46.163155], [-1.166069, 46.163185], [-1.166346, 46.163216], [-1.166411, 46.16322], [-1.166497, 46.16323], [-1.166606, 46.16324], [-1.166719, 46.16325], [-1.167427, 46.163322], [-1.167468, 46.163326], [-1.167607, 46.163338], [-1.168272, 46.163406], [-1.168375, 46.163418], [-1.168562, 46.163433], [-1.168758, 46.163452], [-1.169332, 46.16351], [-1.169431, 46.16352], [-1.169523, 46.16353], [-1.170884, 46.16367], [-1.17101, 46.163677], [-1.17116, 46.163692], [-1.172077, 46.163788], [-1.173641, 46.16395], [-1.173737, 46.16396], [-1.173875, 46.163975], [-1.174271, 46.164017], [-1.174326, 46.16402], [-1.174483, 46.164036], [-1.17488, 46.164078], [-1.175266, 46.164124], [-1.175418, 46.164158], [-1.175513, 46.164177], [-1.17554, 46.164204], [-1.1756, 46.16425], [-1.175606, 46.16428], [-1.17564, 46.164307], [-1.175705, 46.164326], [-1.175775, 46.16433], [-1.175958, 46.16435], [-1.17604, 46.164356], [-1.176101, 46.16435], [-1.176153, 46.16432], [-1.176189, 46.164272], [-1.176243, 46.16426], [-1.176294, 46.16425], [-1.176317, 46.164246], [-1.176407, 46.164227], [-1.176522, 46.164234], [-1.176561, 46.16424], [-1.176632, 46.164246], [-1.17674, 46.164257], [-1.177204, 46.164333], [-1.177403, 46.164364], [-1.177874, 46.16445], [-1.177938, 46.164463], [-1.178678, 46.16458], [-1.178796, 46.1646], [-1.178863, 46.164604], [-1.178922, 46.164604], [-1.179214, 46.16461], [-1.179891, 46.164604], [-1.180001, 46.164604], [-1.180357, 46.164604], [-1.180412, 46.164608], [-1.180481, 46.1646], [-1.180521, 46.1646], [-1.180645, 46.164577], [-1.180954, 46.164577], [-1.181134, 46.164574], [-1.181261, 46.164574], [-1.181515, 46.164562], [-1.181624, 46.164566], [-1.181706, 46.16457], [-1.181751, 46.164574], [-1.181756, 46.164577], [-1.181778, 46.164593], [-1.181792, 46.164597], [-1.181805, 46.1646], [-1.181835, 46.1646], [-1.181864, 46.164597], [-1.18189, 46.164585], [-1.181909, 46.16457], [-1.181916, 46.16456], [-1.182048, 46.16459], [-1.182647, 46.164715], [-1.183251, 46.164845], [-1.183348, 46.164864], [-1.183349, 46.164875], [-1.183358, 46.164894], [-1.183374, 46.16491], [-1.183397, 46.16492], [-1.183423, 46.16493], [-1.183453, 46.16493], [-1.183482, 46.164925], [-1.183506, 46.164913], [-1.183524, 46.164894], [-1.183533, 46.16486], [-1.183625, 46.164856], [-1.183814, 46.164875], [-1.184399, 46.16495], [-1.184535, 46.16497], [-1.184617, 46.16498], [-1.184752, 46.16501], [-1.185024, 46.165062], [-1.185511, 46.165165], [-1.185552, 46.165173], [-1.18559, 46.16518], [-1.186063, 46.16529], [-1.186335, 46.16535], [-1.186406, 46.165367], [-1.186818, 46.165462], [-1.186921, 46.165485], [-1.187257, 46.165558], [-1.187604, 46.165623], [-1.187824, 46.165627], [-1.18792, 46.165646], [-1.187965, 46.165657], [-1.188032, 46.165684], [-1.188045, 46.165688], [-1.188061, 46.16571], [-1.188087, 46.165733], [-1.188122, 46.16575], [-1.188161, 46.165756], [-1.188202, 46.165752], [-1.188262, 46.16576], [-1.188318, 46.16577], [-1.188389, 46.16579], [-1.188653, 46.16585], [-1.188687, 46.16586], [-1.189832, 46.166115], [-1.190761, 46.16632], [-1.190965, 46.166363], [-1.191102, 46.166405], [-1.191196, 46.16644], [-1.191342, 46.1665], [-1.191437, 46.166546], [-1.191779, 46.166706], [-1.192014, 46.16677], [-1.192688, 46.166927], [-1.19276, 46.166943], [-1.192835, 46.166958], [-1.193452, 46.167007], [-1.193752, 46.167038], [-1.193907, 46.16705], [-1.19434, 46.167107], [-1.194846, 46.167217], [-1.195051, 46.167267], [-1.195059, 46.167294], [-1.19506, 46.167316], [-1.195079, 46.16766], [-1.195092, 46.16792], [-1.19513, 46.168503], [-1.195131, 46.16853], [-1.195146, 46.168674], [-1.195158, 46.168835], [-1.195233, 46.169754], [-1.195241, 46.169846], [-1.195255, 46.170002], [-1.195298, 46.170242], [-1.195273, 46.170296], [-1.195281, 46.17036], [-1.195279, 46.17044], [-1.195257, 46.17045], [-1.195223, 46.170464], [-1.195194, 46.17049], [-1.195179, 46.17052], [-1.195178, 46.17055], [-1.19519, 46.17058], [-1.195214, 46.170605], [-1.195248, 46.170624], [-1.195288, 46.170635], [-1.195335, 46.17069], [-1.19543, 46.17081], [-1.195504, 46.170925], [-1.195625, 46.171047], [-1.195655, 46.171135], [-1.1958, 46.17153], [-1.195861, 46.171688], [-1.196076, 46.17228], [-1.196122, 46.17241], [-1.196575, 46.173645], [-1.196814, 46.174305], [-1.196876, 46.174442], [-1.197006, 46.174892], [-1.197032, 46.174923], [-1.196967, 46.17495], [-1.196579, 46.175125], [-1.196214, 46.17529], [-1.1962, 46.175297], [-1.196095, 46.17534], [-1.195929, 46.1754], [-1.195803, 46.17545], [-1.195634, 46.175514], [-1.19555, 46.17555], [-1.1954871, 46.175556], [-1.195481, 46.175556], [-1.195422, 46.17555], [-1.195355, 46.17553], [-1.195249, 46.175415], [-1.194917, 46.175056], [-1.194881, 46.175014], [-1.194756, 46.17506], [-1.194384, 46.17522], [-1.194385, 46.17516], [-1.19454, 46.175106], [-1.194658, 46.175056], [-1.19485, 46.17498], [-1.194881, 46.175014], [-1.194917, 46.175056], [-1.195249, 46.175415], [-1.195355, 46.17553], [-1.195422, 46.17555], [-1.195481, 46.175556], [-1.19555, 46.17555], [-1.195634, 46.175514], [-1.195803, 46.17545], [-1.195929, 46.1754], [-1.196095, 46.17534], [-1.1962, 46.175297], [-1.196214, 46.17529], [-1.196579, 46.175125], [-1.196967, 46.17495], [-1.197032, 46.174923], [-1.197293, 46.17481], [-1.197718, 46.174618], [-1.197818, 46.17454], [-1.197863, 46.174545], [-1.198293, 46.174385], [-1.198455, 46.174328], [-1.198759, 46.17422], [-1.198835, 46.17419], [-1.199089, 46.174084], [-1.199373, 46.173965], [-1.19951, 46.17391], [-1.199643, 46.173843], [-1.199882, 46.17373], [-1.200019, 46.173664], [-1.20014, 46.17362], [-1.200299, 46.173588], [-1.200499, 46.173573], [-1.200673, 46.173573], [-1.200802, 46.173588], [-1.201379, 46.173695], [-1.20347, 46.174335], [-1.203796, 46.17443], [-1.204137, 46.174526], [-1.204673, 46.174664], [-1.20502, 46.174747], [-1.205379, 46.174828], [-1.205632, 46.174885], [-1.205989, 46.174957], [-1.206306, 46.175014], [-1.206595, 46.175064], [-1.206894, 46.17511], [-1.20728, 46.175167], [-1.20767, 46.17522], [-1.208055, 46.175266], [-1.208434, 46.17531], [-1.208761, 46.17534], [-1.209183, 46.175373], [-1.20933, 46.175385], [-1.209591, 46.1754], [-1.211213, 46.1755], [-1.211822, 46.17552], [-1.212286, 46.175545], [-1.212713, 46.175568], [-1.21292, 46.17557], [-1.213141, 46.175575], [-1.213309, 46.17557], [-1.213458, 46.17557], [-1.213599, 46.175568], [-1.213729, 46.17556], [-1.213881, 46.175552], [-1.214067, 46.175537], [-1.214254, 46.175518], [-1.214435, 46.17549], [-1.214609, 46.175465], [-1.214791, 46.175426], [-1.214964, 46.17539], [-1.215118, 46.175346], [-1.215293, 46.175297], [-1.215441, 46.17525], [-1.215694, 46.175148], [-1.215811, 46.1751], [-1.215988, 46.17501], [-1.216183, 46.1749], [-1.216385, 46.174763], [-1.216598, 46.17458], [-1.216781, 46.17439], [-1.21699, 46.174156], [-1.217165, 46.173923], [-1.217324, 46.173687], [-1.217462, 46.17347], [-1.217597, 46.17322], [-1.217639, 46.173153], [-1.217707, 46.173084], [-1.217768, 46.173042], [-1.217811, 46.17302], [-1.217908, 46.17301], [-1.218, 46.17299], [-1.218082, 46.17295], [-1.218149, 46.1729], [-1.218192, 46.17287], [-1.218268, 46.17284], [-1.218352, 46.172825], [-1.218446, 46.172817], [-1.218584, 46.17282], [-1.218856, 46.172836], [-1.218965, 46.17287], [-1.219042, 46.1729], [-1.219115, 46.172947], [-1.21917, 46.172993], [-1.219218, 46.173046], [-1.219257, 46.17312], [-1.219292, 46.1732], [-1.219403, 46.173565], [-1.219395, 46.17367], [-1.219385, 46.173725], [-1.21937, 46.17377], [-1.219354, 46.1738], [-1.219323, 46.173843], [-1.219285, 46.17388], [-1.219231, 46.173923], [-1.21916, 46.17396], [-1.219114, 46.173965], [-1.219071, 46.173977], [-1.219035, 46.173996], [-1.219008, 46.174023], [-1.218992, 46.174053], [-1.21899, 46.174088], [-1.219001, 46.174118], [-1.219026, 46.17415], [-1.219037, 46.174217], [-1.219037, 46.174274], [-1.219016, 46.174355], [-1.218987, 46.174477], [-1.219117, 46.174294], [-1.219142, 46.174263], [-1.219167, 46.174236], [-1.219172, 46.174232], [-1.219232, 46.17418], [-1.219273, 46.174156], [-1.219304, 46.174126], [-1.219319, 46.17409], [-1.219319, 46.174057], [-1.219305, 46.174026], [-1.219281, 46.174], [-1.219246, 46.17398], [-1.219205, 46.173965], [-1.21916, 46.17396], [-1.219114, 46.173965], [-1.219071, 46.173977], [-1.219035, 46.173996], [-1.219008, 46.174023], [-1.218992, 46.174053], [-1.218894, 46.17405], [-1.218688, 46.174114], [-1.218645, 46.17413], [-1.217599, 46.174156], [-1.217525, 46.174175], [-1.217475, 46.174202], [-1.217361, 46.174335], [-1.217251, 46.174484], [-1.217186, 46.174583], [-1.217144, 46.174664], [-1.217103, 46.17475], [-1.217076, 46.174828], [-1.217054, 46.174927], [-1.217011, 46.175217], [-1.217013, 46.175278], [-1.217027, 46.17532], [-1.217054, 46.175365], [-1.217099, 46.17541], [-1.217167, 46.17546], [-1.217258, 46.17549], [-1.217346, 46.17551], [-1.217658, 46.175552], [-1.217821, 46.175587], [-1.218069, 46.175655], [-1.21818, 46.17568], [-1.218332, 46.17569], [-1.218481, 46.175694], [-1.218738, 46.175682], [-1.219333, 46.17568], [-1.219649, 46.175674], [-1.21976, 46.17568], [-1.220067, 46.175697], [-1.220489, 46.175724], [-1.220924, 46.17575], [-1.221028, 46.175755], [-1.221333, 46.175755], [-1.221577, 46.175728], [-1.221706, 46.175716], [-1.222143, 46.17566], [-1.222287, 46.17563], [-1.222615, 46.175587], [-1.222869, 46.175556], [-1.223151, 46.17552], [-1.223462, 46.17548], [-1.223772, 46.175438], [-1.224127, 46.175392], [-1.22447, 46.175343], [-1.224825, 46.175293], [-1.225179, 46.17524], [-1.225523, 46.17519], [-1.225873, 46.175133], [-1.226216, 46.17508], [-1.226565, 46.175022], [-1.226907, 46.174965], [-1.227253, 46.174908], [-1.227598, 46.174847], [-1.227954, 46.17478], [-1.228294, 46.17472], [-1.22864, 46.174656], [-1.228981, 46.17459], [-1.229323, 46.174522], [-1.229665, 46.174454], [-1.230006, 46.174385], [-1.230349, 46.174313], [-1.230692, 46.17424], [-1.231033, 46.174168], [-1.231372, 46.17409], [-1.232051, 46.17394], [-1.232389, 46.17386], [-1.232729, 46.17378], [-1.233064, 46.173695], [-1.233402, 46.17361], [-1.233737, 46.173527], [-1.234069, 46.173443], [-1.234403, 46.173355], [-1.234738, 46.173267], [-1.235072, 46.173176], [-1.2354, 46.173088], [-1.235731, 46.172997], [-1.236072, 46.1729], [-1.236407, 46.172806], [-1.236733, 46.17271], [-1.237061, 46.172615], [-1.237378, 46.172516], [-1.237714, 46.172417], [-1.238033, 46.172318], [-1.23836, 46.172215], [-1.238686, 46.17211], [-1.239014, 46.172005], [-1.239337, 46.171898], [-1.239657, 46.17179], [-1.239977, 46.171684], [-1.240298, 46.171577], [-1.240619, 46.171467], [-1.240937, 46.171352], [-1.241254, 46.17124], [-1.24157, 46.171127], [-1.241885, 46.171013], [-1.2422, 46.170895], [-1.242516, 46.170773], [-1.242825, 46.17066], [-1.243139, 46.170536], [-1.243446, 46.170418], [-1.243749, 46.170296], [-1.244061, 46.17017], [-1.244372, 46.170048], [-1.244677, 46.16992], [-1.244992, 46.16979], [-1.245288, 46.169662], [-1.245603, 46.16953], [-1.2459, 46.1694], [-1.246201, 46.16927], [-1.246509, 46.169132], [-1.246805, 46.169], [-1.247107, 46.168865], [-1.24739, 46.168736], [-1.247705, 46.16859], [-1.247997, 46.16845], [-1.248291, 46.168312], [-1.248583, 46.16817], [-1.249163, 46.167885], [-1.249449, 46.167744], [-1.249749, 46.16759], [-1.250035, 46.167446], [-1.250325, 46.167297], [-1.250609, 46.16715], [-1.250892, 46.167], [-1.251173, 46.166847], [-1.251457, 46.166695], [-1.251734, 46.166542], [-1.252013, 46.16639], [-1.252289, 46.166233], [-1.252569, 46.166073], [-1.252844, 46.165916], [-1.253121, 46.165756], [-1.253396, 46.1656], [-1.253664, 46.16544], [-1.25393, 46.16528], [-1.254201, 46.165115], [-1.254469, 46.16495], [-1.254738, 46.164787], [-1.25498, 46.16463], [-1.255276, 46.164448], [-1.255548, 46.164272], [-1.255809, 46.164104], [-1.256015, 46.163967], [-1.256256, 46.163837], [-1.256478, 46.16368], [-1.256504, 46.16366], [-1.256756, 46.16347], [-1.256924, 46.16334], [-1.25704, 46.163242], [-1.257263, 46.163044], [-1.257449, 46.16287], [-1.257637, 46.162685], [-1.257719, 46.16259], [-1.257894, 46.1624], [-1.257955, 46.162354], [-1.258007, 46.162323], [-1.258058, 46.1623], [-1.258107, 46.162273], [-1.258174, 46.162277], [-1.258196, 46.162273], [-1.258238, 46.16227], [-1.25828, 46.162254], [-1.258312, 46.162235], [-1.258344, 46.16222], [-1.258377, 46.162193], [-1.258403, 46.16216], [-1.258423, 46.162117], [-1.258427, 46.162067], [-1.258412, 46.162014], [-1.258374, 46.161964], [-1.258348, 46.161945], [-1.258321, 46.161922], [-1.25826, 46.161896], [-1.258195, 46.161884], [-1.258128, 46.16188], [-1.258061, 46.161884], [-1.258007, 46.1619], [-1.257959, 46.161922], [-1.257917, 46.16195], [-1.257885, 46.161983], [-1.257862, 46.162018], [-1.257851, 46.16206], [-1.25785, 46.162098], [-1.257859, 46.162132], [-1.257887, 46.16217], [-1.257847, 46.162273], [-1.257811, 46.162327], [-1.257763, 46.162395], [-1.257651, 46.162426], [-1.257597, 46.1624], [-1.257554, 46.162376], [-1.257536, 46.16235], [-1.257532, 46.162323], [-1.257536, 46.1623], [-1.257549, 46.162277], [-1.2575593, 46.162262], [-1.257579, 46.162235], [-1.25761, 46.162193], [-1.257695, 46.16207], [-1.257767, 46.16207], [-1.257809, 46.162083], [-1.25785, 46.162098], [-1.257859, 46.162132], [-1.257887, 46.16217], [-1.257921, 46.162212], [-1.25798, 46.162247], [-1.25805, 46.16227], [-1.258107, 46.162273], [-1.258174, 46.162277], [-1.258196, 46.162273], [-1.258238, 46.16227], [-1.25828, 46.162254], [-1.258312, 46.162235], [-1.258344, 46.16222], [-1.258377, 46.162193], [-1.258403, 46.16216], [-1.258423, 46.162117], [-1.258534, 46.16207], [-1.258606, 46.162052], [-1.258786, 46.162018], [-1.259146, 46.161938], [-1.259305, 46.161907], [-1.25946, 46.161873], [-1.259615, 46.16183], [-1.259765, 46.161785], [-1.25992, 46.16173], [-1.260068, 46.16168], [-1.260363, 46.16155], [-1.260649, 46.16142], [-1.260931, 46.161304], [-1.261222, 46.161194], [-1.261527, 46.161083], [-1.261908, 46.160946], [-1.262105, 46.160866], [-1.262229, 46.16082], [-1.262357, 46.160774], [-1.262483, 46.16072], [-1.262636, 46.160652], [-1.262791, 46.160576], [-1.263062, 46.16042], [-1.263334, 46.16026], [-1.263473, 46.16018], [-1.263611, 46.16011], [-1.263767, 46.160053], [-1.263913, 46.160004], [-1.264092, 46.159954], [-1.26425, 46.159916], [-1.265241, 46.15967], [-1.265526, 46.15965], [-1.265626, 46.159645], [-1.265675, 46.15964], [-1.265715, 46.159657], [-1.265758, 46.159664], [-1.265794, 46.159668], [-1.26583, 46.159664], [-1.265865, 46.15966], [-1.265898, 46.159653], [-1.265929, 46.159637], [-1.265953, 46.159622], [-1.265974, 46.159607], [-1.265991, 46.15959], [-1.266005, 46.15957], [-1.266015, 46.159546], [-1.266019, 46.15952], [-1.266017, 46.159492], [-1.266008, 46.159466], [-1.265992, 46.159443], [-1.265971, 46.15942], [-1.265945, 46.1594], [-1.265915, 46.159386], [-1.265879, 46.159374], [-1.265841, 46.159367], [-1.265801, 46.159363], [-1.265717, 46.15931], [-1.265685, 46.15928], [-1.265533, 46.15909], [-1.26546, 46.15895], [-1.265308, 46.15866], [-1.265267, 46.158577], [-1.265238, 46.158497], [-1.26522, 46.158413], [-1.26521, 46.158337], [-1.265202, 46.158245], [-1.265201, 46.15817], [-1.265211, 46.15808], [-1.265229, 46.15801], [-1.265273, 46.15787], [-1.265304, 46.15779], [-1.265346, 46.15771], [-1.265393, 46.157635], [-1.265445, 46.157562], [-1.26552, 46.15747], [-1.265575, 46.157413], [-1.26566, 46.157337], [-1.265782, 46.157246], [-1.265884, 46.157177], [-1.265995, 46.157116], [-1.266145, 46.157043], [-1.266344, 46.156956], [-1.266773, 46.15677], [-1.266971, 46.156673], [-1.267167, 46.15657], [-1.267366, 46.156467], [-1.26774, 46.15626], [-1.267748, 46.156258], [-1.267901, 46.156174], [-1.268025, 46.156105], [-1.268232, 46.155994], [-1.269048, 46.155533], [-1.269364, 46.155323], [-1.269499, 46.155235], [-1.270324, 46.154644], [-1.270445, 46.15456], [-1.270517, 46.154507], [-1.270549, 46.154484], [-1.2706, 46.154446], [-1.271518, 46.153793], [-1.27171, 46.153656], [-1.272573, 46.15295], [-1.272688, 46.15286], [-1.272819, 46.15274], [-1.272979, 46.152603], [-1.273567, 46.152115], [-1.273789, 46.15192], [-1.273961, 46.15177], [-1.274211, 46.15151], [-1.274384, 46.15128], [-1.274579, 46.150997], [-1.274672, 46.150856], [-1.274761, 46.150764], [-1.274869, 46.150692], [-1.274982, 46.150642], [-1.27513, 46.150585], [-1.275291, 46.15056], [-1.275428, 46.150555], [-1.275567, 46.150574], [-1.275706, 46.15061], [-1.275854, 46.15067], [-1.276278, 46.15085], [-1.276736, 46.15104], [-1.277116, 46.1512], [-1.278714, 46.15187], [-1.279172, 46.152054], [-1.279395, 46.15215], [-1.27981, 46.152306], [-1.280051, 46.15238], [-1.280322, 46.15246], [-1.28061, 46.15254], [-1.280908, 46.1526], [-1.28119, 46.15265], [-1.281575, 46.152702], [-1.28198, 46.152744], [-1.282276, 46.1528], [-1.282332, 46.152817], [-1.282351, 46.152836], [-1.282373, 46.152855], [-1.282412, 46.152874], [-1.282453, 46.152885], [-1.282493, 46.152885], [-1.282543, 46.15288], [-1.282589, 46.152866], [-1.282632, 46.152843], [-1.282786, 46.1528], [-1.283122, 46.152782], [-1.283493, 46.152798], [-1.283834, 46.15282], [-1.284059, 46.152843], [-1.284351, 46.15289], [-1.284623, 46.15295], [-1.284895, 46.153023], [-1.285111, 46.15309], [-1.285408, 46.153206], [-1.285648, 46.153294], [-1.285906, 46.153362], [-1.286126, 46.15341], [-1.286324, 46.15345], [-1.286517, 46.15348], [-1.286754, 46.15351], [-1.288544, 46.153652], [-1.288852, 46.153694], [-1.288977, 46.153717], [-1.289161, 46.15375], [-1.289679, 46.153896], [-1.290041, 46.15401], [-1.290475, 46.1541], [-1.290841, 46.154137], [-1.291251, 46.154156], [-1.291748, 46.15415], [-1.292317, 46.154118], [-1.292454, 46.154102], [-1.2929, 46.154022], [-1.293298, 46.153915], [-1.293449, 46.15387], [-1.293534, 46.153843], [-1.293835, 46.15377], [-1.29415, 46.15373], [-1.294592, 46.1537], [-1.294985, 46.153717], [-1.295395, 46.153755], [-1.295605, 46.15377], [-1.295843, 46.153786], [-1.296238, 46.15378], [-1.29645, 46.15377], [-1.296729, 46.153732], [-1.297988, 46.15364], [-1.299644, 46.153526], [-1.300582, 46.15347], [-1.300868, 46.153442], [-1.301152, 46.153408], [-1.301881, 46.153294], [-1.302604, 46.15317], [-1.3029, 46.153137], [-1.303219, 46.15311], [-1.303639, 46.153114], [-1.304071, 46.15313], [-1.30444, 46.153194], [-1.305147, 46.153267], [-1.306063, 46.153347], [-1.306182, 46.15338], [-1.306199, 46.153408], [-1.306225, 46.153435], [-1.30627, 46.15346], [-1.306323, 46.153477], [-1.306382, 46.153484], [-1.306455, 46.15348], [-1.306521, 46.153458], [-1.306692, 46.153458], [-1.3069, 46.15347], [-1.306918, 46.15347], [-1.307282, 46.15346], [-1.307763, 46.15343], [-1.307994, 46.153446], [-1.308317, 46.153477], [-1.308898, 46.15356], [-1.309548, 46.153687], [-1.310596, 46.15392], [-1.311759, 46.15417], [-1.312297, 46.154285], [-1.312967, 46.154438], [-1.3132, 46.154514], [-1.313482, 46.154617], [-1.31355, 46.154648], [-1.314572, 46.15511], [-1.3146187, 46.155132], [-1.314645, 46.155148], [-1.314862, 46.15526], [-1.314964, 46.155308], [-1.315019, 46.155334], [-1.315038, 46.15538], [-1.315076, 46.155415], [-1.315127, 46.15544], [-1.315188, 46.155457], [-1.315253, 46.155457], [-1.315301, 46.15545], [-1.315432, 46.155502], [-1.315835, 46.155678], [-1.316247, 46.155888], [-1.316673, 46.15608], [-1.317051, 46.156227], [-1.317439, 46.156372], [-1.317957, 46.156544], [-1.319268, 46.156956], [-1.321415, 46.157646], [-1.321819, 46.157776], [-1.322121, 46.15787], [-1.32238, 46.15796], [-1.322457, 46.158005], [-1.323101, 46.158215], [-1.323293, 46.158276], [-1.32394, 46.158485], [-1.324103, 46.158543], [-1.324854, 46.15878], [-1.325025, 46.158836], [-1.325175, 46.158882], [-1.325359, 46.158943], [-1.325909, 46.159107], [-1.326368, 46.15925], [-1.326444, 46.159252], [-1.327259, 46.15951], [-1.327697, 46.15964], [-1.327963, 46.159706], [-1.328204, 46.159756], [-1.328419, 46.159798], [-1.328622, 46.15983], [-1.328956, 46.159866], [-1.329276, 46.159897], [-1.329565, 46.15992], [-1.329862, 46.159927], [-1.330153, 46.159924], [-1.330474, 46.159916], [-1.330784, 46.1599], [-1.33128, 46.159866], [-1.33141, 46.159863], [-1.331551, 46.159885], [-1.331607, 46.159912], [-1.331671, 46.15993], [-1.331779, 46.159935], [-1.331879, 46.159904], [-1.331948, 46.15986], [-1.331986, 46.159794], [-1.331986, 46.15972], [-1.331944, 46.159653], [-1.331881, 46.15961], [-1.3318, 46.159584], [-1.331733, 46.15958], [-1.331666, 46.159584], [-1.331367, 46.159447], [-1.331277, 46.15935], [-1.331167, 46.15922], [-1.331484, 46.159153], [-1.3314943, 46.15915], [-1.331607, 46.159126], [-1.331648, 46.159107], [-1.331654, 46.159077], [-1.331623, 46.158974], [-1.331594, 46.158905], [-1.331577, 46.158863], [-1.331508, 46.158703], [-1.331496, 46.158672], [-1.331429, 46.1585], [-1.331405, 46.158405], [-1.33107, 46.15847], [-1.330827, 46.158493], [-1.330842, 46.158695], [-1.330917, 46.15884], [-1.331105, 46.15915], [-1.331167, 46.15922], [-1.331277, 46.15935], [-1.331367, 46.159447], [-1.331461, 46.15957], [-1.331516, 46.15966], [-1.331482, 46.159718], [-1.331476, 46.15978], [-1.3315, 46.159836], [-1.331551, 46.159885], [-1.331607, 46.159912], [-1.331671, 46.15993], [-1.331779, 46.159935], [-1.331879, 46.159904], [-1.331948, 46.15986], [-1.331986, 46.159794], [-1.332147, 46.15974], [-1.332903, 46.15954], [-1.333255, 46.159485], [-1.333489, 46.159466], [-1.333715, 46.15945], [-1.333977, 46.159447], [-1.334211, 46.159447], [-1.334477, 46.159454], [-1.334766, 46.15947], [-1.335234, 46.15953], [-1.33695, 46.159748], [-1.337223, 46.159782], [-1.338226, 46.159912], [-1.339488, 46.160072], [-1.340304, 46.16018], [-1.340748, 46.160233], [-1.341164, 46.160294], [-1.341448, 46.160355], [-1.341909, 46.160465], [-1.342071, 46.16052], [-1.342416, 46.160645], [-1.342882, 46.160828], [-1.343338, 46.160988], [-1.343696, 46.161087], [-1.344749, 46.16134], [-1.345159, 46.161434], [-1.345666, 46.161568], [-1.346087, 46.161694], [-1.346519, 46.16185], [-1.34716, 46.16213], [-1.3471872, 46.162094], [-1.34719, 46.16209], [-1.34721, 46.162067], [-1.347442, 46.161846], [-1.3475, 46.16187], [-1.347886, 46.162018], [-1.348044, 46.16205], [-1.348623, 46.162094], [-1.349688, 46.162167], [-1.350055, 46.16219], [-1.350466, 46.16229], [-1.350529, 46.162308], [-1.351074, 46.162323], [-1.3517, 46.162113], [-1.351799, 46.162506], [-1.351837, 46.16266], [-1.351809, 46.16285], [-1.351532, 46.162987], [-1.351367, 46.163105], [-1.351292, 46.16318], [-1.351213, 46.16326], [-1.351109, 46.163464], [-1.351027, 46.16372], [-1.350888, 46.163925], [-1.350953, 46.163967], [-1.351132, 46.16408], [-1.351601, 46.164352], [-1.351867, 46.164482], [-1.352106, 46.16458], [-1.352166, 46.164604], [-1.352314, 46.164654], [-1.352551, 46.16472], [-1.352757, 46.16477], [-1.353015, 46.164818], [-1.353419, 46.16488], [-1.353744, 46.164936], [-1.354036, 46.165005], [-1.354565, 46.165176], [-1.355157, 46.165447], [-1.356668, 46.1662], [-1.356958, 46.166336], [-1.357537, 46.1666], [-1.357775, 46.166702], [-1.359568, 46.167496], [-1.359762, 46.167583], [-1.36067, 46.16799], [-1.360949, 46.16812], [-1.361267, 46.168304], [-1.361526, 46.16848], [-1.361699, 46.16863], [-1.361882, 46.1688], [-1.361993, 46.168922], [-1.362199, 46.169212], [-1.362416, 46.169586], [-1.36268, 46.170033], [-1.362772, 46.170197], [-1.362985, 46.17056], [-1.363117, 46.170742], [-1.363268, 46.17092], [-1.363573, 46.171234], [-1.363991, 46.171577], [-1.36454, 46.17214], [-1.36488, 46.17249], [-1.365133, 46.17271], [-1.365525, 46.173008], [-1.365863, 46.173237], [-1.366388, 46.173588], [-1.367153, 46.174], [-1.367322, 46.17412], [-1.367469, 46.174248], [-1.367601, 46.174385], [-1.367727, 46.174538], [-1.367885, 46.174744], [-1.368001, 46.174896], [-1.368151, 46.175095], [-1.368256, 46.175224], [-1.368413, 46.175392], [-1.368566, 46.17553], [-1.368749, 46.175694], [-1.368913, 46.175808], [-1.369169, 46.17598], [-1.369513, 46.17615], [-1.369908, 46.176304], [-1.370303, 46.17645], [-1.370613, 46.176567], [-1.370946, 46.17671], [-1.37137, 46.17694], [-1.371922, 46.177265], [-1.372394, 46.17748], [-1.372642, 46.17759], [-1.372891, 46.177696], [-1.373116, 46.177803], [-1.373404, 46.17796], [-1.373564, 46.178055], [-1.373744, 46.17818], [-1.373744, 46.17818], [-1.373929, 46.17841], [-1.374006, 46.17853], [-1.374026, 46.178577], [-1.374038, 46.178604], [-1.37405, 46.178677], [-1.374029, 46.17881], [-1.373989, 46.178886], [-1.373979, 46.178963], [-1.373999, 46.179043], [-1.374079, 46.179146], [-1.374209, 46.17922], [-1.374368, 46.179253], [-1.374533, 46.17924], [-1.374673, 46.179195], [-1.374998, 46.179157], [-1.375158, 46.179153], [-1.375373, 46.179176], [-1.375545, 46.179214], [-1.375638, 46.17923], [-1.375823, 46.179325], [-1.376049, 46.179474], [-1.376463, 46.179783], [-1.376676, 46.17994], [-1.376884, 46.180073], [-1.377083, 46.18018], [-1.377271, 46.180256], [-1.377561, 46.18035], [-1.377788, 46.180416], [-1.37852, 46.180614], [-1.378678, 46.18066], [-1.3788, 46.180702], [-1.378947, 46.180775], [-1.379051, 46.18083], [-1.37938, 46.181046], [-1.379502, 46.18114], [-1.379593, 46.181213], [-1.379681, 46.181286], [-1.379769, 46.18138], [-1.37985, 46.18149], [-1.380112, 46.181934], [-1.380182, 46.18204], [-1.38025, 46.18213], [-1.380297, 46.182186], [-1.380346, 46.182228], [-1.380469, 46.182327], [-1.380719, 46.182476], [-1.381074, 46.18266], [-1.382087, 46.18322], [-1.383441, 46.18396], [-1.383964, 46.184254], [-1.384089, 46.184326], [-1.384604, 46.1846], [-1.384879, 46.184734], [-1.384963, 46.184772], [-1.385077, 46.18482], [-1.385557, 46.18495], [-1.385721, 46.184982], [-1.385899, 46.185], [-1.386078, 46.185013], [-1.386241, 46.185013], [-1.386721, 46.184982], [-1.386791, 46.184982], [-1.386931, 46.18497], [-1.386937, 46.184994], [-1.386951, 46.185017], [-1.386974, 46.18503], [-1.387004, 46.185043], [-1.387037, 46.18505], [-1.38707, 46.185047], [-1.387102, 46.18504], [-1.387129, 46.185024], [-1.387149, 46.185005], [-1.387158, 46.184982], [-1.387158, 46.18496], [-1.387331, 46.184944], [-1.387621, 46.18493], [-1.38801, 46.18495], [-1.388458, 46.184998], [-1.388667, 46.185024], [-1.388948, 46.185074], [-1.389242, 46.185123], [-1.389363, 46.185146], [-1.389453, 46.185154], [-1.389687, 46.185173], [-1.389799, 46.185173], [-1.389935, 46.185165], [-1.390357, 46.18511], [-1.390563, 46.185085], [-1.390596, 46.18508], [-1.390744, 46.185062], [-1.391088, 46.185], [-1.391234, 46.18497], [-1.391432, 46.18492], [-1.39192, 46.184795], [-1.392035, 46.184765], [-1.392224, 46.184727], [-1.392314, 46.18471], [-1.392484, 46.184677], [-1.392619, 46.184666], [-1.392739, 46.184723], [-1.393016, 46.184807], [-1.39311, 46.18484], [-1.393137, 46.184853], [-1.393249, 46.18486], [-1.393287, 46.184868], [-1.393414, 46.18485], [-1.393499, 46.18482], [-1.393724, 46.1847], [-1.393881, 46.18461], [-1.394019, 46.18453], [-1.394039, 46.184517], [-1.394277, 46.18439], [-1.394315, 46.18437], [-1.394454, 46.18432], [-1.394805, 46.184185], [-1.395072, 46.1841], [-1.395226, 46.184055], [-1.395499, 46.183945], [-1.395622, 46.183895], [-1.395734, 46.18384], [-1.395823, 46.1838], [-1.395883, 46.18377], [-1.395965, 46.18373], [-1.39607, 46.183685], [-1.396231, 46.183613], [-1.396585, 46.183537], [-1.396904, 46.1835], [-1.397034, 46.183483], [-1.397049, 46.183502], [-1.397073, 46.18352], [-1.397104, 46.183533], [-1.397139, 46.183537], [-1.397166, 46.183533], [-1.397192, 46.183525], [-1.397214, 46.183514], [-1.39733, 46.18356], [-1.397439, 46.1836], [-1.397636, 46.18371], [-1.397878, 46.18391], [-1.398275, 46.18426], [-1.39874, 46.18467], [-1.398874, 46.184795], [-1.399124, 46.18503], [-1.399304, 46.1852], [-1.399548, 46.185406], [-1.39989, 46.18571], [-1.400306, 46.185963], [-1.400496, 46.186077], [-1.400655, 46.18618], [-1.400804, 46.18628], [-1.400925, 46.186344], [-1.4011, 46.18644], [-1.401241, 46.18667], [-1.401308, 46.186737], [-1.401352, 46.186783], [-1.401529, 46.186916], [-1.401564, 46.18693], [-1.401645, 46.186954], [-1.401752, 46.186966], [-1.40217, 46.186974], [-1.402469, 46.186977], [-1.402875, 46.18706], [-1.403026, 46.187088], [-1.403186, 46.187122], [-1.403352, 46.187145], [-1.403477, 46.187153], [-1.403588, 46.187157], [-1.403793, 46.18716], [-1.403962, 46.187157], [-1.404153, 46.18716], [-1.405162, 46.18712], [-1.405647, 46.187164], [-1.405858, 46.187202], [-1.406078, 46.187263], [-1.406289, 46.187332], [-1.406636, 46.18747], [-1.407855, 46.188396], [-1.408165, 46.18857], [-1.408548, 46.188725], [-1.409939, 46.18916], [-1.410531, 46.189327], [-1.412121, 46.189823], [-1.413001, 46.19013], [-1.414179, 46.1905], [-1.41473, 46.190758], [-1.415292, 46.191044], [-1.41583, 46.191246], [-1.417095, 46.191624], [-1.417714, 46.191776], [-1.417986, 46.191826], [-1.418131, 46.191845], [-1.418259, 46.19186], [-1.418425, 46.191875], [-1.41867, 46.191883], [-1.418684, 46.191883], [-1.418925, 46.191895], [-1.419071, 46.1919], [-1.419215, 46.19191], [-1.419343, 46.191936], [-1.419643, 46.192036], [-1.420008, 46.192173], [-1.420913, 46.19245], [-1.421214, 46.19258], [-1.421437, 46.192825], [-1.421525, 46.192917], [-1.421576, 46.192955], [-1.421642, 46.192974], [-1.42171, 46.192955], [-1.421766, 46.19292], [-1.421941, 46.19276], [-1.421989, 46.19273], [-1.422168, 46.192616], [-1.42241, 46.192455], [-1.422575, 46.19232], [-1.42273, 46.192192], [-1.423139, 46.191895], [-1.423284, 46.19184], [-1.423511, 46.191826], [-1.423858, 46.19182], [-1.424107, 46.19183], [-1.424259, 46.19184], [-1.424694, 46.191864], [-1.425402, 46.191914], [-1.425542, 46.191925], [-1.425615, 46.19193], [-1.425815, 46.19195], [-1.425952, 46.19196], [-1.426071, 46.19197], [-1.426305, 46.191998], [-1.426411, 46.192013], [-1.426961, 46.19208], [-1.427193, 46.19211], [-1.427193, 46.19211], [-1.427222, 46.192112], [-1.428094, 46.192207], [-1.428852, 46.192307], [-1.42894, 46.19232], [-1.429013, 46.192345], [-1.429923, 46.192627], [-1.430203, 46.19271], [-1.43037, 46.19276], [-1.430967, 46.19294], [-1.431011, 46.19295], [-1.431336, 46.19305], [-1.431404, 46.19307], [-1.431897, 46.193195], [-1.432011, 46.193226], [-1.4320201, 46.19323], [-1.432039, 46.193233], [-1.432358, 46.193314], [-1.432894, 46.193493], [-1.433093, 46.193584], [-1.433271, 46.193703], [-1.433407, 46.193817], [-1.433485, 46.19392], [-1.43354, 46.194046], [-1.433568, 46.194157], [-1.433575, 46.19424], [-1.433563, 46.194286], [-1.433513, 46.194386], [-1.433453, 46.194485], [-1.433412, 46.194527], [-1.432815, 46.194923], [-1.432541, 46.19511], [-1.432178, 46.195324], [-1.431884, 46.195526], [-1.43176, 46.19559], [-1.431657, 46.195663], [-1.431546, 46.19568], [-1.431408, 46.195717], [-1.431335, 46.19574], [-1.431253, 46.195824], [-1.431249, 46.195908], [-1.431308, 46.196003], [-1.431376, 46.19605], [-1.431486, 46.196075], [-1.431641, 46.19608], [-1.431753, 46.19607], [-1.431994, 46.196102], [-1.432167, 46.196167], [-1.432394, 46.19628], [-1.432584, 46.19634], [-1.43274, 46.196404], [-1.432836, 46.19644], [-1.432943, 46.196487], [-1.433389, 46.196682], [-1.434109, 46.19699], [-1.435879, 46.197742], [-1.436585, 46.19807], [-1.437962, 46.198635], [-1.438733, 46.198956], [-1.439082, 46.19911], [-1.439181, 46.19915], [-1.440122, 46.199547], [-1.440379, 46.199657], [-1.440629, 46.199764], [-1.441557, 46.200157], [-1.442232, 46.200405], [-1.443202, 46.200733], [-1.443846, 46.200928], [-1.444321, 46.201054], [-1.444823, 46.201176], [-1.445638, 46.201344], [-1.446534, 46.20149], [-1.446765, 46.201527], [-1.446941, 46.201557], [-1.447203, 46.201603], [-1.447878, 46.20175], [-1.448012, 46.201775], [-1.448181, 46.201797], [-1.448697, 46.201855], [-1.448928, 46.201893], [-1.449981, 46.20206], [-1.450168, 46.202087], [-1.450741, 46.202183], [-1.450741, 46.202183], [-1.451644, 46.202328], [-1.452976, 46.202553], [-1.455149, 46.20291], [-1.455239, 46.202923], [-1.455362, 46.202946], [-1.457404, 46.203274], [-1.457871, 46.203346], [-1.458565, 46.203457], [-1.458669, 46.203476], [-1.458892, 46.20351], [-1.45911, 46.203552], [-1.459227, 46.203587], [-1.459291, 46.203606], [-1.459358, 46.203632], [-1.459409, 46.203663], [-1.459505, 46.203735], [-1.459586, 46.203773], [-1.459695, 46.2038], [-1.459855, 46.20382], [-1.459872, 46.20383], [-1.459885, 46.203835], [-1.459901, 46.203842], [-1.459943, 46.20385], [-1.459997, 46.20384], [-1.460005, 46.203835], [-1.460024, 46.20382], [-1.460045, 46.203793], [-1.460165, 46.203754], [-1.460323, 46.20372], [-1.460793, 46.20372], [-1.46134, 46.20372], [-1.46189, 46.203724], [-1.462211, 46.203716], [-1.462756, 46.20371], [-1.46333, 46.2037], [-1.463756, 46.203693], [-1.463946, 46.203693], [-1.46408, 46.203693], [-1.464403, 46.2037], [-1.464638, 46.203712], [-1.464986, 46.20374], [-1.465336, 46.203766], [-1.46574, 46.20381], [-1.465999, 46.203846], [-1.466539, 46.2039], [-1.467282, 46.203983], [-1.467499, 46.204002], [-1.46738, 46.204124], [-1.467282, 46.203983], [-1.466539, 46.2039], [-1.465999, 46.203846], [-1.46574, 46.20381], [-1.465336, 46.203766], [-1.464986, 46.20374], [-1.464638, 46.203712], [-1.464403, 46.2037], [-1.46408, 46.203693], [-1.463946, 46.203693], [-1.463756, 46.203693], [-1.46333, 46.2037], [-1.462756, 46.20371], [-1.462211, 46.203716], [-1.46189, 46.203724], [-1.46134, 46.20372], [-1.460793, 46.20372], [-1.460323, 46.20372], [-1.460149, 46.203716], [-1.460129, 46.203712], [-1.459986, 46.20371], [-1.459955, 46.2037], [-1.459915, 46.203705], [-1.459877, 46.203716], [-1.459849, 46.20374], [-1.459836, 46.203762], [-1.459837, 46.203793], [-1.459855, 46.20382], [-1.459872, 46.20383], [-1.459885, 46.203835], [-1.459901, 46.203842], [-1.459943, 46.20385], [-1.459997, 46.20384], [-1.460005, 46.203835], [-1.460024, 46.20382], [-1.460045, 46.203793], [-1.460165, 46.203754], [-1.460323, 46.20372], [-1.460793, 46.20372], [-1.46134, 46.20372], [-1.46189, 46.203724], [-1.462211, 46.203716], [-1.462756, 46.20371], [-1.46333, 46.2037], [-1.463756, 46.203693], [-1.463946, 46.203693], [-1.46408, 46.203693], [-1.464403, 46.2037], [-1.464638, 46.203712], [-1.464986, 46.20374], [-1.465336, 46.203766], [-1.46574, 46.20381], [-1.465999, 46.203846], [-1.466539, 46.2039], [-1.467282, 46.203983], [-1.467499, 46.204002], [-1.467917, 46.204025], [-1.468042, 46.204025], [-1.468174, 46.204025], [-1.468311, 46.204018], [-1.468397, 46.204014], [-1.468647, 46.203987], [-1.469084, 46.203926], [-1.46953, 46.20387], [-1.470485, 46.203716], [-1.471706, 46.203552], [-1.471887, 46.20353], [-1.472365, 46.20346], [-1.472671, 46.203426], [-1.473952, 46.203228], [-1.474233, 46.203182], [-1.474425, 46.203148], [-1.475313, 46.202976], [-1.475883, 46.20287], [-1.477466, 46.20263], [-1.477909, 46.20257], [-1.478397, 46.202503], [-1.479303, 46.202335], [-1.48095, 46.20207], [-1.481153, 46.202038], [-1.481348, 46.202023], [-1.48151, 46.20202], [-1.481679, 46.202023], [-1.481882, 46.202038], [-1.482955, 46.20215], [-1.483201, 46.202168], [-1.483242, 46.202168], [-1.483328, 46.20217], [-1.483464, 46.20217], [-1.483627, 46.202156], [-1.483782, 46.202133], [-1.484967, 46.20192], [-1.485208, 46.201862], [-1.485367, 46.201817], [-1.485571, 46.201744], [-1.48578, 46.20167], [-1.486013, 46.201584], [-1.486154, 46.201523], [-1.48625, 46.201477], [-1.486332, 46.201427], [-1.486412, 46.20137], [-1.486491, 46.201298], [-1.486545, 46.20124], [-1.4865469, 46.201237], [-1.486567, 46.201214], [-1.486628, 46.201122], [-1.486705, 46.200993], [-1.486786, 46.200867], [-1.486844, 46.20077], [-1.486868, 46.20073], [-1.486924, 46.20065], [-1.486987, 46.200596], [-1.487042, 46.20056], [-1.487107, 46.20053], [-1.487216, 46.200497], [-1.4874, 46.200462], [-1.487746, 46.20041], [-1.48793, 46.20038], [-1.488353, 46.2003], [-1.488611, 46.20025], [-1.488682, 46.200237], [-1.488876, 46.200195], [-1.489084, 46.20014], [-1.489346, 46.20007], [-1.489618, 46.199966], [-1.489928, 46.199833], [-1.490412, 46.199615], [-1.490712, 46.199455], [-1.490967, 46.199303], [-1.491193, 46.19914], [-1.491445, 46.198948], [-1.49209, 46.19842], [-1.492152, 46.198368], [-1.492258, 46.19828], [-1.492325, 46.198215], [-1.492425, 46.19813], [-1.492672, 46.19791], [-1.492865, 46.197773], [-1.493203, 46.197544], [-1.493555, 46.197315], [-1.493686, 46.19722], [-1.493985, 46.19701], [-1.494159, 46.19689], [-1.494733, 46.19652], [-1.494906, 46.19642], [-1.495134, 46.196304], [-1.495369, 46.19621], [-1.495561, 46.19614], [-1.496004, 46.195988], [-1.496445, 46.195847], [-1.496686, 46.195778], [-1.49698, 46.1957], [-1.497827, 46.195522], [-1.498154, 46.195435], [-1.498457, 46.195343], [-1.498701, 46.195255], [-1.499023, 46.195126], [-1.499251, 46.195026], [-1.499912, 46.194725], [-1.499979, 46.19469], [-1.500072, 46.194675], [-1.500191, 46.194695], [-1.500269, 46.194733], [-1.500334, 46.19479], [-1.500389, 46.19487], [-1.500443, 46.194977], [-1.500489, 46.195114], [-1.50052, 46.195267], [-1.500607, 46.195824], [-1.500649, 46.196026], [-1.500704, 46.196228], [-1.500767, 46.196384], [-1.500846, 46.19655], [-1.500954, 46.196697], [-1.501069, 46.19686], [-1.501401, 46.197247], [-1.501697, 46.197723], [-1.502214, 46.19857], [-1.502313, 46.198723], [-1.502411, 46.198845], [-1.502535, 46.198963], [-1.502651, 46.19906], [-1.50276, 46.199142], [-1.502917, 46.199238], [-1.503102, 46.199333], [-1.503478, 46.199512], [-1.503822, 46.199684], [-1.504283, 46.19992], [-1.504742, 46.200153], [-1.504927, 46.200237], [-1.505112, 46.20032], [-1.505299, 46.200386], [-1.5055, 46.200443], [-1.505719, 46.2005], [-1.506471, 46.20064], [-1.507051, 46.200783], [-1.507506, 46.200893], [-1.507982, 46.201015], [-1.508173, 46.201084], [-1.508335, 46.201168], [-1.508503, 46.201275], [-1.508642, 46.201378], [-1.508948, 46.201645], [-1.509795, 46.20241], [-1.510137, 46.202663], [-1.510529, 46.20292], [-1.510763, 46.203064], [-1.510901, 46.203205], [-1.510923, 46.203236], [-1.510919, 46.203266], [-1.510925, 46.203293], [-1.510943, 46.20332], [-1.510971, 46.203342], [-1.511006, 46.20336], [-1.511046, 46.20337], [-1.511089, 46.20337], [-1.511131, 46.203365], [-1.511295, 46.203403], [-1.511689, 46.203583], [-1.511867, 46.203663], [-1.512094, 46.20376], [-1.512422, 46.20385], [-1.512777, 46.203945], [-1.51368, 46.204178], [-1.514176, 46.204296], [-1.515033, 46.204502], [-1.516289, 46.204803], [-1.517165, 46.205025], [-1.517532, 46.205112], [-1.517986, 46.205246], [-1.518427, 46.20536], [-1.518676, 46.205425], [-1.518699, 46.20543], [-1.518897, 46.205486], [-1.519529, 46.205704], [-1.519922, 46.205814], [-1.520025, 46.205853], [-1.520589, 46.20607], [-1.521058, 46.206264], [-1.52126, 46.206383], [-1.521342, 46.206436], [-1.521378, 46.206455], [-1.521475, 46.206528], [-1.52161, 46.206642], [-1.521684, 46.206738], [-1.521763, 46.206837], [-1.521836, 46.206966], [-1.521904, 46.207134], [-1.521991, 46.207138], [-1.52197, 46.207104], [-1.52196, 46.207077], [-1.521904, 46.206947], [-1.521822, 46.206818], [-1.521746, 46.20672], [-1.521656, 46.20661], [-1.521515, 46.206493], [-1.521422, 46.206417], [-1.521394, 46.206394], [-1.5213, 46.20635], [-1.521194, 46.206303], [-1.521058, 46.206264], [-1.520589, 46.20607], [-1.520025, 46.205853], [-1.519922, 46.205814], [-1.519554, 46.205673], [-1.519516, 46.205658], [-1.518929, 46.205452], [-1.518897, 46.205486], [-1.519529, 46.205704], [-1.519922, 46.205814], [-1.520025, 46.205853], [-1.520589, 46.20607], [-1.521058, 46.206264], [-1.52126, 46.206383], [-1.521342, 46.206436], [-1.521378, 46.206455], [-1.521475, 46.206528], [-1.52161, 46.206642], [-1.521684, 46.206738], [-1.521763, 46.206837], [-1.521836, 46.206966], [-1.521904, 46.207134], [-1.521956, 46.2073], [-1.521972, 46.20745], [-1.521964, 46.20757], [-1.521925, 46.207714], [-1.521901, 46.20789], [-1.521782, 46.2082], [-1.521583, 46.208694], [-1.521384, 46.20921], [-1.521171, 46.209747], [-1.521142, 46.20982], [-1.521081, 46.20997], [-1.520982, 46.210167], [-1.520956, 46.21026], [-1.520947, 46.21036], [-1.520945, 46.210506], [-1.520963, 46.210613], [-1.520987, 46.2107], [-1.521073, 46.210835], [-1.521143, 46.210938], [-1.521203, 46.211018], [-1.521276, 46.2111], [-1.521424, 46.211243], [-1.521548, 46.21136], [-1.522763, 46.212265], [-1.523024, 46.21245], [-1.52349, 46.21287], [-1.523741, 46.21311], [-1.524252, 46.21361], [-1.524406, 46.21375], [-1.524636, 46.213974], [-1.524838, 46.214195], [-1.524995, 46.214397], [-1.52512, 46.21461], [-1.525214, 46.214806], [-1.525286, 46.21499], [-1.525361, 46.215206], [-1.525512, 46.215687], [-1.525534, 46.21576], [-1.525655, 46.21614], [-1.52571, 46.216366], [-1.525761, 46.216686], [-1.525795, 46.216885], [-1.525834, 46.217056], [-1.525916, 46.217304], [-1.526047, 46.217587], [-1.526216, 46.21787], [-1.526556, 46.218388], [-1.526924, 46.21893], [-1.527035, 46.219078], [-1.527143, 46.21921], [-1.527354, 46.21943], [-1.527603, 46.21967], [-1.52806, 46.220043], [-1.528404, 46.220287], [-1.52868, 46.220463], [-1.528953, 46.220596], [-1.52918, 46.220688], [-1.529407, 46.220776], [-1.52971, 46.22089], [-1.530678, 46.221237], [-1.531127, 46.22144], [-1.531346, 46.221558], [-1.531538, 46.221676], [-1.531613, 46.22172], [-1.531794, 46.221893], [-1.532208, 46.22225], [-1.532507, 46.222523], [-1.532608, 46.22262], [-1.532705, 46.222706], [-1.532839, 46.222828], [-1.533052, 46.22303], [-1.533263, 46.22324], [-1.533663, 46.223656], [-1.534226, 46.22423], [-1.53443, 46.22445], [-1.534562, 46.224594], [-1.536271, 46.2264], [-1.537455, 46.227676], [-1.537813, 46.22805], [-1.53878, 46.229103], [-1.538909, 46.22908], [-1.539326, 46.22907], [-1.539597, 46.22906], [-1.539821, 46.22905], [-1.539883, 46.229034], [-1.539923, 46.22902], [-1.539987, 46.229015], [-1.540234, 46.229015], [-1.540403, 46.229027], [-1.540388, 46.22908], [-1.540383, 46.22912], [-1.540383, 46.229153], [-1.540384, 46.2292], [-1.540385, 46.229282], [-1.540375, 46.22942], [-1.540463, 46.229443], [-1.540575, 46.229473], [-1.540661, 46.2295], [-1.540899, 46.22957], [-1.540899, 46.22959], [-1.540912, 46.229706], [-1.540917, 46.22975], [-1.540914, 46.22986], [-1.540905, 46.22993], [-1.540887, 46.230022], [-1.540775, 46.23036], [-1.5407656, 46.23037], [-1.540732, 46.23042], [-1.540722, 46.230434], [-1.540687, 46.230488], [-1.540637, 46.230522], [-1.540557, 46.23056], [-1.540659, 46.23065], [-1.540667, 46.23066], [-1.540958, 46.230976], [-1.541002, 46.23102], [-1.541259, 46.23126], [-1.541586, 46.231655], [-1.541742, 46.23185], [-1.541926, 46.232067], [-1.542165, 46.23234], [-1.542304, 46.232487], [-1.542492, 46.23268], [-1.542912, 46.233105], [-1.543117, 46.2333], [-1.543931, 46.234047], [-1.544193, 46.234283], [-1.544389, 46.234497], [-1.544613, 46.234848], [-1.544744, 46.235214], [-1.544784, 46.23558], [-1.544748, 46.235935], [-1.544668, 46.23636], [-1.544571, 46.236668], [-1.544482, 46.23721], [-1.544445, 46.23783], [-1.544363, 46.23832], [-1.544356, 46.23836], [-1.544303, 46.23871], [-1.544287, 46.238934], [-1.544284, 46.239067], [-1.544297, 46.23916], [-1.5443, 46.23929], [-1.544295, 46.239323], [-1.544263, 46.23934], [-1.54422, 46.239384], [-1.5442, 46.239433], [-1.544204, 46.239487], [-1.544233, 46.239536], [-1.544283, 46.239574], [-1.544343, 46.239597], [-1.54441, 46.23961], [-1.544479, 46.239605], [-1.544535, 46.239594], [-1.544583, 46.239567], [-1.544621, 46.239536], [-1.544646, 46.2395], [-1.545267, 46.239506], [-1.545517, 46.239517], [-1.546161, 46.239628], [-1.547183, 46.2398], [-1.547267, 46.23981], [-1.547267, 46.23981], [-1.548376, 46.24], [-1.548983, 46.240097], [-1.54929, 46.24014], [-1.549748, 46.240215], [-1.550318, 46.240314], [-1.550749, 46.240387], [-1.550975, 46.240425], [-1.551814, 46.240562], [-1.552646, 46.240692], [-1.553414, 46.240788], [-1.553654, 46.240818], [-1.554155, 46.24088], [-1.554728, 46.240948], [-1.554826, 46.240963], [-1.555408, 46.24104], [-1.555599, 46.241154], [-1.555625, 46.24117], [-1.556058, 46.24142], [-1.556148, 46.241467], [-1.556202, 46.241486], [-1.556257, 46.24147], [-1.556316, 46.241432], [-1.556343, 46.2414], [-1.556342, 46.241364], [-1.555986, 46.241035], [-1.555941, 46.241], [-1.555891, 46.240986], [-1.55589, 46.240967], [-1.555887, 46.24089], [-1.55588, 46.240845], [-1.555862, 46.240803], [-1.55581, 46.240757], [-1.555748, 46.240704], [-1.555695, 46.240658], [-1.555643, 46.240612], [-1.55558, 46.24056], [-1.55547, 46.240463], [-1.555459, 46.240456], [-1.5553988, 46.2404], [-1.55522, 46.240223], [-1.555121, 46.240196], [-1.555061, 46.240173], [-1.55403, 46.239742], [-1.553929, 46.239887], [-1.553812, 46.24003], [-1.553488, 46.240414], [-1.553539, 46.2405], [-1.5536, 46.240646], [-1.553627, 46.24073], [-1.553642, 46.240776], [-1.553654, 46.240818], [-1.553414, 46.240788], [-1.552646, 46.240692], [-1.551814, 46.240562], [-1.550975, 46.240425], [-1.550749, 46.240387], [-1.550318, 46.240314], [-1.549748, 46.240215], [-1.54929, 46.24014], [-1.548983, 46.240097], [-1.548376, 46.24], [-1.547183, 46.2398], [-1.546161, 46.239628], [-1.545517, 46.239517], [-1.545221, 46.239468], [-1.544696, 46.239403], [-1.544637, 46.23939], [-1.544605, 46.239353], [-1.54456, 46.239323], [-1.544496, 46.239304], [-1.544445, 46.239292], [-1.544383, 46.239296], [-1.544295, 46.239323], [-1.544263, 46.23934], [-1.54422, 46.239384], [-1.5442, 46.239433], [-1.544204, 46.239487], [-1.544233, 46.239536], [-1.544283, 46.239574], [-1.54426, 46.23966], [-1.544157, 46.240032], [-1.543959, 46.24083], [-1.54376, 46.241875], [-1.543664, 46.24213], [-1.543615, 46.242218], [-1.543557, 46.242275], [-1.543483, 46.24232], [-1.543396, 46.24236], [-1.54328, 46.242386], [-1.542994, 46.24241], [-1.542366, 46.242405], [-1.541208, 46.242413], [-1.540501, 46.24243], [-1.539997, 46.242455], [-1.539834, 46.24247], [-1.539834, 46.24247], [-1.53965, 46.242493], [-1.539063, 46.24255], [-1.538123, 46.242657], [-1.537785, 46.242683], [-1.537117, 46.242744], [-1.53679, 46.24279], [-1.536217, 46.24289], [-1.535666, 46.24301], [-1.534395, 46.243305], [-1.532668, 46.243736], [-1.531813, 46.243946], [-1.531404, 46.24406], [-1.530973, 46.24419], [-1.53055, 46.244297], [-1.530196, 46.244373], [-1.52932, 46.244526], [-1.528795, 46.244633], [-1.528679, 46.24466], [-1.528089, 46.24481], [-1.527395, 46.244987], [-1.526786, 46.245167], [-1.526221, 46.245354], [-1.52558, 46.245598], [-1.525195, 46.245728], [-1.523822, 46.246098], [-1.522986, 46.24632], [-1.522403, 46.24643], [-1.522131, 46.24648], [-1.521897, 46.246513], [-1.521638, 46.246525], [-1.521071, 46.24654], [-1.520666, 46.24657], [-1.520267, 46.246613], [-1.519665, 46.246708], [-1.519009, 46.246822], [-1.518451, 46.246937], [-1.517283, 46.24725], [-1.516588, 46.24743], [-1.516295, 46.247494], [-1.516045, 46.247528], [-1.51489, 46.247658], [-1.51477, 46.24767], [-1.51477, 46.24767], [-1.513374, 46.24784], [-1.512865, 46.247868], [-1.512666, 46.247887], [-1.512488, 46.247902], [-1.512223, 46.24792], [-1.511875, 46.247917], [-1.511833, 46.247913], [-1.511787, 46.24791], [-1.511233, 46.247875], [-1.510826, 46.247852], [-1.510212, 46.247814], [-1.510045, 46.247814], [-1.509828, 46.247826], [-1.509635, 46.247845], [-1.50944, 46.247868], [-1.508949, 46.247936], [-1.508763, 46.247955], [-1.508632, 46.24796], [-1.508503, 46.24796], [-1.508189, 46.247932], [-1.508169, 46.24793], [-1.507981, 46.24792], [-1.507778, 46.24792], [-1.507645, 46.247925], [-1.507071, 46.247932], [-1.506644, 46.24791], [-1.506347, 46.247883], [-1.506135, 46.24785], [-1.50591, 46.24781], [-1.505588, 46.24775], [-1.503583, 46.24732], [-1.503375, 46.247276], [-1.502595, 46.24712], [-1.501786, 46.246944], [-1.501548, 46.246895], [-1.501404, 46.246864], [-1.500487, 46.246674], [-1.500134, 46.246586], [-1.5, 46.246555], [-1.5, 46.246555], [-1.499318, 46.24639], [-1.498987, 46.24631], [-1.498772, 46.24626], [-1.498591, 46.2462], [-1.498555, 46.24619], [-1.498453, 46.246155], [-1.498148, 46.24605], [-1.497954, 46.246], [-1.497801, 46.24598], [-1.497639, 46.245964], [-1.497424, 46.245953], [-1.496941, 46.245964], [-1.496776, 46.245968], [-1.496516, 46.245968], [-1.495832, 46.245945], [-1.495514, 46.245934], [-1.495375, 46.24593], [-1.494838, 46.245907], [-1.494821, 46.24594], [-1.494744, 46.246098], [-1.494727, 46.24613], [-1.494473, 46.246628], [-1.494118, 46.2473], [-1.493664, 46.24823], [-1.4935, 46.248493], [-1.49343, 46.24862], [-1.493303, 46.248653], [-1.493176, 46.24862]]}}, {"type": "Feature", "properties": {"route_short_name": "152", "route_long_name": "152 - LA ROCHELLE - SAINT-MARTIN - LOIX", "shape_id": "CHARENTE_MARITIME:JourneyPattern:4830_9043A8C20C24DC078513E1D8EF1E061E", "n_points": 1913, "n_shape_variants_in_source": 6}, "geometry": {"type": "LineString", "coordinates": [[-1.141221, 46.152576], [-1.141738, 46.15267], [-1.141797, 46.152496], [-1.141837, 46.152397], [-1.141878, 46.152298], [-1.141893, 46.15225], [-1.141923, 46.152184], [-1.141487, 46.151993], [-1.141496, 46.15196], [-1.141497, 46.151913], [-1.141479, 46.15187], [-1.141444, 46.151833], [-1.141394, 46.151802], [-1.141324, 46.15178], [-1.141248, 46.151775], [-1.141175, 46.15179], [-1.141113, 46.15182], [-1.141068, 46.151863], [-1.141046, 46.15191], [-1.14071, 46.151886], [-1.140623, 46.15188], [-1.140524, 46.15187], [-1.140347, 46.151867], [-1.140177, 46.151844], [-1.140018, 46.151863], [-1.139939, 46.151882], [-1.139903, 46.151894], [-1.139795, 46.151913], [-1.139745, 46.151928], [-1.139703, 46.151894], [-1.139652, 46.151867], [-1.139588, 46.151844], [-1.139518, 46.151833], [-1.139445, 46.15183], [-1.139374, 46.151836], [-1.139307, 46.15185], [-1.139247, 46.151875], [-1.139195, 46.15191], [-1.139132, 46.151978], [-1.139104, 46.152054], [-1.139113, 46.152134], [-1.13914, 46.152184], [-1.139181, 46.15223], [-1.139236, 46.152267], [-1.1393, 46.152294], [-1.139345, 46.15236], [-1.139355, 46.15241], [-1.139359, 46.152462], [-1.139331, 46.15261], [-1.139289, 46.152866], [-1.139273, 46.153065], [-1.139284, 46.153103], [-1.139282, 46.153427], [-1.139268, 46.15397], [-1.139277, 46.15417], [-1.139295, 46.154312], [-1.139334, 46.154453], [-1.139412, 46.15464], [-1.139513, 46.154816], [-1.13963, 46.154972], [-1.139778, 46.155125], [-1.139954, 46.15528], [-1.140072, 46.15536], [-1.140205, 46.155437], [-1.140248, 46.15546], [-1.140266, 46.15547], [-1.1429, 46.156895], [-1.142965, 46.156925], [-1.143688, 46.15731], [-1.144562, 46.15778], [-1.14464, 46.15785], [-1.144631, 46.15789], [-1.144582, 46.158215], [-1.144568, 46.15825], [-1.144558, 46.158276], [-1.144531, 46.158344], [-1.144442, 46.158325], [-1.144315, 46.158302], [-1.143891, 46.15823], [-1.143725, 46.1582], [-1.143648, 46.158184], [-1.143632, 46.15818], [-1.14357, 46.158173], [-1.143428, 46.158146], [-1.143334, 46.158127], [-1.143279, 46.15812], [-1.143217, 46.158108], [-1.143049, 46.158077], [-1.142759, 46.158028], [-1.142716, 46.158016], [-1.142576, 46.157993], [-1.142537, 46.157986], [-1.142512, 46.15798], [-1.142485, 46.157978], [-1.142302, 46.157936], [-1.142272, 46.158024], [-1.142262, 46.15805], [-1.142206, 46.1582], [-1.142143, 46.15838], [-1.142037, 46.158527], [-1.141976, 46.158653], [-1.141906, 46.158787], [-1.141804, 46.158966], [-1.141749, 46.159058], [-1.141665, 46.159187], [-1.141466, 46.159462], [-1.141251, 46.159733], [-1.141204, 46.15979], [-1.141129, 46.15988], [-1.14103, 46.160004], [-1.140985, 46.16006], [-1.140922, 46.160137], [-1.140558, 46.160603], [-1.140313, 46.1609], [-1.140199, 46.161034], [-1.14, 46.16129], [-1.139881, 46.16137], [-1.139841, 46.161366], [-1.139785, 46.161377], [-1.139745, 46.161392], [-1.13971, 46.161423], [-1.13969, 46.161457], [-1.139689, 46.161495], [-1.139706, 46.161533], [-1.139692, 46.1616], [-1.139672, 46.161648], [-1.139609, 46.16174], [-1.139566, 46.161846], [-1.139311, 46.162174], [-1.139229, 46.162346], [-1.139021, 46.16293], [-1.138948, 46.16301], [-1.138906, 46.163097], [-1.138855, 46.163147], [-1.138773, 46.163216], [-1.138723, 46.163246], [-1.138678, 46.163265], [-1.138589, 46.163292], [-1.138532, 46.163315], [-1.138495, 46.16335], [-1.138477, 46.163372], [-1.138473, 46.1634], [-1.138478, 46.163425], [-1.138434, 46.163486], [-1.1384, 46.16352], [-1.138345, 46.163563], [-1.138271, 46.16361], [-1.138188, 46.163654], [-1.137686, 46.163883], [-1.137149, 46.16413], [-1.136892, 46.164253], [-1.136784, 46.164303], [-1.136698, 46.16434], [-1.136673, 46.16434], [-1.136632, 46.16435], [-1.136597, 46.164364], [-1.136569, 46.164387], [-1.136552, 46.164413], [-1.136547, 46.16444], [-1.136554, 46.164467], [-1.136565, 46.164494], [-1.136589, 46.164513], [-1.136607, 46.164593], [-1.136612, 46.16466], [-1.136611, 46.164764], [-1.136621, 46.164845], [-1.136852, 46.166153], [-1.136898, 46.166393], [-1.136968, 46.166527], [-1.137031, 46.166653], [-1.137152, 46.166748], [-1.137812, 46.166855], [-1.138163, 46.166946], [-1.139179, 46.167213], [-1.139318, 46.16725], [-1.139481, 46.167316], [-1.139582, 46.16736], [-1.139759, 46.167416], [-1.139875, 46.167454], [-1.139933, 46.16747], [-1.139937, 46.167484], [-1.139949, 46.167507], [-1.139967, 46.167526], [-1.139992, 46.16754], [-1.140015, 46.167553], [-1.140041, 46.16756], [-1.14008, 46.167564], [-1.14012, 46.16756], [-1.140156, 46.16755], [-1.140296, 46.167576], [-1.140802, 46.167652], [-1.1410686, 46.167725], [-1.141083, 46.16773], [-1.142382, 46.16807], [-1.14288, 46.1682], [-1.142916, 46.168213], [-1.143184, 46.16833], [-1.143744, 46.168476], [-1.144256, 46.168613], [-1.14448, 46.16863], [-1.14509, 46.168793], [-1.145426, 46.168922], [-1.145774, 46.169018], [-1.146485, 46.169212], [-1.146543, 46.16924], [-1.146593, 46.169273], [-1.146613, 46.16931], [-1.146643, 46.169334], [-1.146679, 46.16935], [-1.14681, 46.169388], [-1.147055, 46.16945], [-1.1471, 46.16945], [-1.147145, 46.16944], [-1.147176, 46.169426], [-1.147241, 46.169426], [-1.147296, 46.16943], [-1.14765, 46.169525], [-1.147749, 46.16956], [-1.147833, 46.16958], [-1.147939, 46.16959], [-1.148021, 46.169594], [-1.148118, 46.16959], [-1.148217, 46.169586], [-1.14833, 46.16958], [-1.148443, 46.169563], [-1.148581, 46.169537], [-1.148703, 46.169502], [-1.148818, 46.16946], [-1.149052, 46.16936], [-1.149104, 46.169342], [-1.149287, 46.16926], [-1.149564, 46.169136], [-1.149655, 46.169106], [-1.149771, 46.169075], [-1.149826, 46.16909], [-1.149887, 46.169094], [-1.149934, 46.169086], [-1.149946, 46.169086], [-1.150017, 46.16905], [-1.150051, 46.169006], [-1.15006, 46.16897], [-1.150055, 46.168938], [-1.150036, 46.168903], [-1.150001, 46.168873], [-1.149971, 46.168858], [-1.14995, 46.16879], [-1.149942, 46.16874], [-1.149943, 46.168694], [-1.149954, 46.16863], [-1.149987, 46.168488], [-1.149997, 46.16837], [-1.150011, 46.16834], [-1.150183, 46.16794], [-1.150275, 46.1677], [-1.150282, 46.167686], [-1.150533, 46.16712], [-1.15054, 46.167107], [-1.150557, 46.167065], [-1.150614, 46.16695], [-1.150677, 46.166847], [-1.150749, 46.166737], [-1.150786, 46.16667], [-1.150886, 46.166485], [-1.150909, 46.166443], [-1.150971, 46.16644], [-1.15114, 46.166424], [-1.151246, 46.166412], [-1.151346, 46.1664], [-1.151826, 46.166332], [-1.151977, 46.16631], [-1.152282, 46.1664], [-1.152614, 46.1665], [-1.15275, 46.166542], [-1.152752, 46.166542], [-1.152819, 46.166546], [-1.152943, 46.16655], [-1.153147, 46.16657], [-1.153198, 46.16657], [-1.153314, 46.16657], [-1.153316, 46.166546], [-1.153316, 46.166508], [-1.153316, 46.16648], [-1.153316, 46.166466], [-1.153422, 46.166286], [-1.15368, 46.166054], [-1.15375, 46.165993], [-1.154266, 46.165527], [-1.154445, 46.16549], [-1.154567, 46.165478], [-1.154737, 46.165466], [-1.155007, 46.16538], [-1.15503, 46.16537], [-1.155676, 46.165005], [-1.155754, 46.16479], [-1.155724, 46.164684], [-1.155665, 46.164467], [-1.155541, 46.164005], [-1.155441, 46.163635], [-1.15543, 46.163593], [-1.15525, 46.1631], [-1.155233, 46.16307], [-1.155204, 46.16302], [-1.155131, 46.162846], [-1.155133, 46.16276], [-1.155162, 46.162666], [-1.155225, 46.162483], [-1.155283, 46.162354], [-1.155338, 46.162277], [-1.155353, 46.16226], [-1.15537, 46.16224], [-1.155419, 46.162212], [-1.155487, 46.162197], [-1.155567, 46.16219], [-1.155788, 46.16219], [-1.156807, 46.162285], [-1.157691, 46.162365], [-1.158113, 46.162407], [-1.15848, 46.16244], [-1.158573, 46.16245], [-1.159801, 46.162563], [-1.159874, 46.16257], [-1.159941, 46.16258], [-1.160367, 46.16262], [-1.160755, 46.16266], [-1.160804, 46.162663], [-1.160862, 46.162666], [-1.160985, 46.16268], [-1.161463, 46.162727], [-1.161606, 46.162743], [-1.162122, 46.162792], [-1.162161, 46.1628], [-1.163314, 46.16291], [-1.163419, 46.16292], [-1.163577, 46.162937], [-1.163769, 46.162956], [-1.164322, 46.163013], [-1.164387, 46.163017], [-1.164436, 46.163025], [-1.164995, 46.16308], [-1.165014, 46.163082], [-1.165037, 46.163082], [-1.165147, 46.163094], [-1.165195, 46.163097], [-1.165239, 46.163105], [-1.165272, 46.16311], [-1.165299, 46.16311], [-1.165765, 46.163155], [-1.166069, 46.163185], [-1.166346, 46.163216], [-1.166411, 46.16322], [-1.166497, 46.16323], [-1.166606, 46.16324], [-1.166719, 46.16325], [-1.167427, 46.163322], [-1.167468, 46.163326], [-1.167607, 46.163338], [-1.168272, 46.163406], [-1.168375, 46.163418], [-1.168562, 46.163433], [-1.168758, 46.163452], [-1.169332, 46.16351], [-1.169431, 46.16352], [-1.169523, 46.16353], [-1.170884, 46.16367], [-1.17101, 46.163677], [-1.17116, 46.163692], [-1.172077, 46.163788], [-1.173641, 46.16395], [-1.173737, 46.16396], [-1.173875, 46.163975], [-1.174271, 46.164017], [-1.174326, 46.16402], [-1.174483, 46.164036], [-1.17488, 46.164078], [-1.175266, 46.164124], [-1.175418, 46.164158], [-1.175513, 46.164177], [-1.17554, 46.164204], [-1.1756, 46.16425], [-1.175606, 46.16428], [-1.175589, 46.164333], [-1.175575, 46.164356], [-1.175553, 46.164413], [-1.17549, 46.164505], [-1.175326, 46.16474], [-1.17513, 46.16507], [-1.175116, 46.16509], [-1.175051, 46.16517], [-1.175148, 46.165188], [-1.175248, 46.1652], [-1.175269, 46.165203], [-1.175996, 46.1653], [-1.176136, 46.165314], [-1.176198, 46.16532], [-1.176792, 46.16541], [-1.177646, 46.165516], [-1.178269, 46.165596], [-1.178354, 46.165665], [-1.178375, 46.165703], [-1.178392, 46.16575], [-1.178396, 46.165794], [-1.178412, 46.16595], [-1.178433, 46.166164], [-1.178463, 46.166454], [-1.178467, 46.166492], [-1.178496, 46.166733], [-1.178516, 46.1669], [-1.178527, 46.16702], [-1.178551, 46.167313], [-1.178677, 46.167328], [-1.17915, 46.167377], [-1.179258, 46.167404], [-1.17932, 46.167435], [-1.179391, 46.16747], [-1.179391, 46.167496], [-1.179403, 46.167522], [-1.179426, 46.16754], [-1.179458, 46.16756], [-1.179476, 46.167614], [-1.179494, 46.167667], [-1.179512, 46.16781], [-1.179542, 46.16804], [-1.17962, 46.16865], [-1.179697, 46.16923], [-1.179723, 46.16926], [-1.179747, 46.169277], [-1.179772, 46.169296], [-1.179811, 46.169308], [-1.179863, 46.169323], [-1.180016, 46.16934], [-1.180198, 46.16936], [-1.180217, 46.16937], [-1.180235, 46.16938], [-1.180217, 46.169476], [-1.18019, 46.1696], [-1.180164, 46.169724], [-1.180057, 46.17023], [-1.180015, 46.170425], [-1.180004, 46.17048], [-1.179974, 46.17063], [-1.179956, 46.17073], [-1.179834, 46.171257], [-1.179753, 46.17161], [-1.179748, 46.171635], [-1.179734, 46.171696], [-1.179722, 46.17174], [-1.179717, 46.17176], [-1.179693, 46.17186], [-1.179629, 46.172157], [-1.179608, 46.172256], [-1.179528, 46.172573], [-1.179509, 46.172646], [-1.179497, 46.17269], [-1.179393, 46.17313], [-1.179299, 46.173595], [-1.179297, 46.17365], [-1.179244, 46.173965], [-1.179167, 46.174076], [-1.179134, 46.174194], [-1.179099, 46.174286], [-1.179055, 46.174362], [-1.179012, 46.17441], [-1.178933, 46.174488], [-1.178835, 46.174553], [-1.178698, 46.174603], [-1.178543, 46.17463], [-1.178406, 46.174637], [-1.178244, 46.174614], [-1.178135, 46.174576], [-1.178006, 46.174515], [-1.177897, 46.17444], [-1.17782, 46.174347], [-1.177779, 46.17425], [-1.17777, 46.174156], [-1.177789, 46.174034], [-1.177813, 46.17398], [-1.177874, 46.173897], [-1.177953, 46.173832], [-1.178051, 46.17378], [-1.178181, 46.173737], [-1.178395, 46.173645], [-1.183499, 46.172436], [-1.187922, 46.171406], [-1.18824, 46.171337], [-1.188541, 46.171276], [-1.188876, 46.171215], [-1.189255, 46.171158], [-1.189507, 46.171127], [-1.189753, 46.171104], [-1.190216, 46.171074], [-1.190709, 46.171055], [-1.19111, 46.17106], [-1.191448, 46.171066], [-1.191746, 46.171085], [-1.192086, 46.171112], [-1.192377, 46.171146], [-1.192629, 46.171177], [-1.192916, 46.17122], [-1.193198, 46.171265], [-1.193471, 46.171318], [-1.193761, 46.171383], [-1.194048, 46.171455], [-1.194287, 46.17152], [-1.194529, 46.171593], [-1.19578, 46.17198], [-1.201379, 46.173695], [-1.20347, 46.174335], [-1.203796, 46.17443], [-1.204137, 46.174526], [-1.204673, 46.174664], [-1.20502, 46.174747], [-1.205379, 46.174828], [-1.205632, 46.174885], [-1.205989, 46.174957], [-1.206306, 46.175014], [-1.206595, 46.175064], [-1.206894, 46.17511], [-1.20728, 46.175167], [-1.20767, 46.17522], [-1.208055, 46.175266], [-1.208434, 46.17531], [-1.208761, 46.17534], [-1.209183, 46.175373], [-1.20933, 46.175385], [-1.209591, 46.1754], [-1.211213, 46.1755], [-1.211822, 46.17552], [-1.212286, 46.175545], [-1.212713, 46.175568], [-1.21292, 46.17557], [-1.213141, 46.175575], [-1.213309, 46.17557], [-1.213458, 46.17557], [-1.213599, 46.175568], [-1.213729, 46.17556], [-1.213881, 46.175552], [-1.214067, 46.175537], [-1.214254, 46.175518], [-1.214435, 46.17549], [-1.214609, 46.175465], [-1.214791, 46.175426], [-1.214964, 46.17539], [-1.215118, 46.175346], [-1.215293, 46.175297], [-1.215441, 46.17525], [-1.215694, 46.175148], [-1.215811, 46.1751], [-1.215988, 46.17501], [-1.216183, 46.1749], [-1.216385, 46.174763], [-1.216598, 46.17458], [-1.216781, 46.17439], [-1.21699, 46.174156], [-1.217165, 46.173923], [-1.217324, 46.173687], [-1.217462, 46.17347], [-1.217597, 46.17322], [-1.217639, 46.173153], [-1.217707, 46.173084], [-1.217768, 46.173042], [-1.217811, 46.17302], [-1.217908, 46.17301], [-1.218, 46.17299], [-1.218082, 46.17295], [-1.218149, 46.1729], [-1.218192, 46.17287], [-1.218268, 46.17284], [-1.218352, 46.172825], [-1.218446, 46.172817], [-1.218584, 46.17282], [-1.218856, 46.172836], [-1.218965, 46.17287], [-1.219042, 46.1729], [-1.219115, 46.172947], [-1.21917, 46.172993], [-1.219218, 46.173046], [-1.219257, 46.17312], [-1.219292, 46.1732], [-1.219403, 46.173565], [-1.219395, 46.17367], [-1.219385, 46.173725], [-1.21937, 46.17377], [-1.219354, 46.1738], [-1.219323, 46.173843], [-1.219285, 46.17388], [-1.219231, 46.173923], [-1.21916, 46.17396], [-1.219114, 46.173965], [-1.219071, 46.173977], [-1.219035, 46.173996], [-1.219008, 46.174023], [-1.218992, 46.174053], [-1.21899, 46.174088], [-1.219001, 46.174118], [-1.219026, 46.17415], [-1.219037, 46.174217], [-1.219037, 46.174274], [-1.219016, 46.174355], [-1.218987, 46.174477], [-1.219117, 46.174294], [-1.219142, 46.174263], [-1.219167, 46.174236], [-1.219172, 46.174232], [-1.219232, 46.17418], [-1.219273, 46.174156], [-1.219304, 46.174126], [-1.219319, 46.17409], [-1.219319, 46.174057], [-1.219305, 46.174026], [-1.219281, 46.174], [-1.219246, 46.17398], [-1.219205, 46.173965], [-1.21916, 46.17396], [-1.219114, 46.173965], [-1.219071, 46.173977], [-1.219035, 46.173996], [-1.219008, 46.174023], [-1.218992, 46.174053], [-1.218894, 46.17405], [-1.218688, 46.174114], [-1.218645, 46.17413], [-1.217599, 46.174156], [-1.217525, 46.174175], [-1.217475, 46.174202], [-1.217361, 46.174335], [-1.217251, 46.174484], [-1.217186, 46.174583], [-1.217144, 46.174664], [-1.217103, 46.17475], [-1.217076, 46.174828], [-1.217054, 46.174927], [-1.217011, 46.175217], [-1.217013, 46.175278], [-1.217027, 46.17532], [-1.217054, 46.175365], [-1.217099, 46.17541], [-1.217167, 46.17546], [-1.217258, 46.17549], [-1.217346, 46.17551], [-1.217658, 46.175552], [-1.217821, 46.175587], [-1.218069, 46.175655], [-1.21818, 46.17568], [-1.218332, 46.17569], [-1.218481, 46.175694], [-1.218738, 46.175682], [-1.219333, 46.17568], [-1.219649, 46.175674], [-1.21976, 46.17568], [-1.220067, 46.175697], [-1.220489, 46.175724], [-1.220924, 46.17575], [-1.221028, 46.175755], [-1.221333, 46.175755], [-1.221577, 46.175728], [-1.221706, 46.175716], [-1.222143, 46.17566], [-1.222287, 46.17563], [-1.222615, 46.175587], [-1.222869, 46.175556], [-1.223151, 46.17552], [-1.223462, 46.17548], [-1.223772, 46.175438], [-1.224127, 46.175392], [-1.22447, 46.175343], [-1.224825, 46.175293], [-1.225179, 46.17524], [-1.225523, 46.17519], [-1.225873, 46.175133], [-1.226216, 46.17508], [-1.226565, 46.175022], [-1.226907, 46.174965], [-1.227253, 46.174908], [-1.227598, 46.174847], [-1.227954, 46.17478], [-1.228294, 46.17472], [-1.22864, 46.174656], [-1.228981, 46.17459], [-1.229323, 46.174522], [-1.229665, 46.174454], [-1.230006, 46.174385], [-1.230349, 46.174313], [-1.230692, 46.17424], [-1.231033, 46.174168], [-1.231372, 46.17409], [-1.232051, 46.17394], [-1.232389, 46.17386], [-1.232729, 46.17378], [-1.233064, 46.173695], [-1.233402, 46.17361], [-1.233737, 46.173527], [-1.234069, 46.173443], [-1.234403, 46.173355], [-1.234738, 46.173267], [-1.235072, 46.173176], [-1.2354, 46.173088], [-1.235731, 46.172997], [-1.236072, 46.1729], [-1.236407, 46.172806], [-1.236733, 46.17271], [-1.237061, 46.172615], [-1.237378, 46.172516], [-1.237714, 46.172417], [-1.238033, 46.172318], [-1.23836, 46.172215], [-1.238686, 46.17211], [-1.239014, 46.172005], [-1.239337, 46.171898], [-1.239657, 46.17179], [-1.239977, 46.171684], [-1.240298, 46.171577], [-1.240619, 46.171467], [-1.240937, 46.171352], [-1.241254, 46.17124], [-1.24157, 46.171127], [-1.241885, 46.171013], [-1.2422, 46.170895], [-1.242516, 46.170773], [-1.242825, 46.17066], [-1.243139, 46.170536], [-1.243446, 46.170418], [-1.243749, 46.170296], [-1.244061, 46.17017], [-1.244372, 46.170048], [-1.244677, 46.16992], [-1.244992, 46.16979], [-1.245288, 46.169662], [-1.245603, 46.16953], [-1.2459, 46.1694], [-1.246201, 46.16927], [-1.246509, 46.169132], [-1.246805, 46.169], [-1.247107, 46.168865], [-1.24739, 46.168736], [-1.247705, 46.16859], [-1.247997, 46.16845], [-1.248291, 46.168312], [-1.248583, 46.16817], [-1.249163, 46.167885], [-1.249449, 46.167744], [-1.249749, 46.16759], [-1.250035, 46.167446], [-1.250325, 46.167297], [-1.250609, 46.16715], [-1.250892, 46.167], [-1.251173, 46.166847], [-1.251457, 46.166695], [-1.251734, 46.166542], [-1.252013, 46.16639], [-1.252289, 46.166233], [-1.252569, 46.166073], [-1.252844, 46.165916], [-1.253121, 46.165756], [-1.253396, 46.1656], [-1.253664, 46.16544], [-1.25393, 46.16528], [-1.254201, 46.165115], [-1.254469, 46.16495], [-1.254738, 46.164787], [-1.25498, 46.16463], [-1.255276, 46.164448], [-1.255548, 46.164272], [-1.255809, 46.164104], [-1.256015, 46.163967], [-1.256256, 46.163837], [-1.256478, 46.16368], [-1.256504, 46.16366], [-1.256756, 46.16347], [-1.256924, 46.16334], [-1.25704, 46.163242], [-1.257263, 46.163044], [-1.257449, 46.16287], [-1.257637, 46.162685], [-1.257719, 46.16259], [-1.257894, 46.1624], [-1.257955, 46.162354], [-1.258007, 46.162323], [-1.258058, 46.1623], [-1.258107, 46.162273], [-1.258174, 46.162277], [-1.258196, 46.162273], [-1.258238, 46.16227], [-1.25828, 46.162254], [-1.258312, 46.162235], [-1.258344, 46.16222], [-1.258377, 46.162193], [-1.258403, 46.16216], [-1.258423, 46.162117], [-1.258427, 46.162067], [-1.258412, 46.162014], [-1.258374, 46.161964], [-1.258348, 46.161945], [-1.258321, 46.161922], [-1.25826, 46.161896], [-1.258195, 46.161884], [-1.258128, 46.16188], [-1.258061, 46.161884], [-1.258007, 46.1619], [-1.257959, 46.161922], [-1.257917, 46.16195], [-1.257885, 46.161983], [-1.257862, 46.162018], [-1.257851, 46.16206], [-1.25785, 46.162098], [-1.257859, 46.162132], [-1.257887, 46.16217], [-1.257847, 46.162273], [-1.257811, 46.162327], [-1.257763, 46.162395], [-1.257651, 46.162426], [-1.257597, 46.1624], [-1.257554, 46.162376], [-1.257536, 46.16235], [-1.257532, 46.162323], [-1.257536, 46.1623], [-1.257549, 46.162277], [-1.2575593, 46.162262], [-1.257579, 46.162235], [-1.25761, 46.162193], [-1.257695, 46.16207], [-1.257767, 46.16207], [-1.257809, 46.162083], [-1.25785, 46.162098], [-1.257859, 46.162132], [-1.257887, 46.16217], [-1.257921, 46.162212], [-1.25798, 46.162247], [-1.25805, 46.16227], [-1.258107, 46.162273], [-1.258174, 46.162277], [-1.258196, 46.162273], [-1.258238, 46.16227], [-1.25828, 46.162254], [-1.258312, 46.162235], [-1.258344, 46.16222], [-1.258377, 46.162193], [-1.258403, 46.16216], [-1.258423, 46.162117], [-1.258534, 46.16207], [-1.258606, 46.162052], [-1.258786, 46.162018], [-1.259146, 46.161938], [-1.259305, 46.161907], [-1.25946, 46.161873], [-1.259615, 46.16183], [-1.259765, 46.161785], [-1.25992, 46.16173], [-1.260068, 46.16168], [-1.260363, 46.16155], [-1.260649, 46.16142], [-1.260931, 46.161304], [-1.261222, 46.161194], [-1.261527, 46.161083], [-1.261908, 46.160946], [-1.262105, 46.160866], [-1.262229, 46.16082], [-1.262357, 46.160774], [-1.262483, 46.16072], [-1.262636, 46.160652], [-1.262791, 46.160576], [-1.263062, 46.16042], [-1.263334, 46.16026], [-1.263473, 46.16018], [-1.263611, 46.16011], [-1.263767, 46.160053], [-1.263913, 46.160004], [-1.264092, 46.159954], [-1.26425, 46.159916], [-1.265241, 46.15967], [-1.265526, 46.15965], [-1.265626, 46.159645], [-1.265675, 46.15964], [-1.265715, 46.159657], [-1.265758, 46.159664], [-1.265794, 46.159668], [-1.26583, 46.159664], [-1.265865, 46.15966], [-1.265898, 46.159653], [-1.265929, 46.159637], [-1.265953, 46.159622], [-1.265974, 46.159607], [-1.265991, 46.15959], [-1.266005, 46.15957], [-1.266065, 46.15952], [-1.266148, 46.159443], [-1.266274, 46.159348], [-1.266436, 46.159256], [-1.266563, 46.159206], [-1.266695, 46.159157], [-1.266806, 46.159122], [-1.266933, 46.15908], [-1.267581, 46.158962], [-1.268166, 46.158867], [-1.268589, 46.158813], [-1.268944, 46.158783], [-1.26909, 46.158775], [-1.269114, 46.158775], [-1.269404, 46.158775], [-1.2697, 46.15878], [-1.269934, 46.15878], [-1.270145, 46.158787], [-1.270422, 46.158794], [-1.270653, 46.158813], [-1.270742, 46.15882], [-1.271, 46.15885], [-1.271049, 46.158863], [-1.271377, 46.158924], [-1.271471, 46.158947], [-1.271569, 46.15898], [-1.271661, 46.15901], [-1.271713, 46.15903], [-1.271799, 46.159054], [-1.27195, 46.159084], [-1.271991, 46.159092], [-1.2721, 46.159103], [-1.27222, 46.15911], [-1.272238, 46.159115], [-1.272352, 46.15911], [-1.272544, 46.159107], [-1.27265, 46.1591], [-1.272799, 46.159084], [-1.272906, 46.15908], [-1.272914, 46.159092], [-1.272927, 46.1591], [-1.272943, 46.159107], [-1.27296, 46.15911], [-1.272979, 46.159107], [-1.272999, 46.159103], [-1.273016, 46.159096], [-1.273027, 46.15908], [-1.27303, 46.159065], [-1.27334, 46.159058], [-1.27357, 46.159065], [-1.273666, 46.15908], [-1.274009, 46.159203], [-1.274219, 46.159286], [-1.274396, 46.159363], [-1.274772, 46.15955], [-1.275025, 46.159653], [-1.275154, 46.159706], [-1.27538, 46.159794], [-1.275556, 46.15985], [-1.275743, 46.159897], [-1.276411, 46.16005], [-1.276414, 46.16006], [-1.276421, 46.160072], [-1.276433, 46.160076], [-1.276448, 46.160084], [-1.276463, 46.160084], [-1.276479, 46.16008], [-1.276569, 46.160194], [-1.276639, 46.160408], [-1.276656, 46.16047], [-1.276736, 46.160736], [-1.276815, 46.160934], [-1.276927, 46.16119], [-1.276987, 46.161304], [-1.277213, 46.16162], [-1.277314, 46.161766], [-1.277408, 46.1619], [-1.27773, 46.16214], [-1.277772, 46.16217], [-1.277858, 46.162235], [-1.277898, 46.162266], [-1.278032, 46.162357], [-1.27825, 46.162514], [-1.278529, 46.162693], [-1.278636, 46.162754], [-1.278769, 46.162827], [-1.27887, 46.16286], [-1.279509, 46.16299], [-1.280072, 46.163143], [-1.280232, 46.163254], [-1.280515, 46.163445], [-1.281493, 46.164143], [-1.281648, 46.164356], [-1.28173, 46.164474], [-1.281759, 46.164516], [-1.281806, 46.164616], [-1.281857, 46.164722], [-1.281901, 46.16492], [-1.281935, 46.16512], [-1.281948, 46.165195], [-1.281931, 46.165497], [-1.281969, 46.16585], [-1.282022, 46.165974], [-1.282064, 46.166077], [-1.282122, 46.166187], [-1.282237, 46.16635], [-1.282371, 46.166515], [-1.282857, 46.167114], [-1.282963, 46.167244], [-1.283089, 46.16746], [-1.283188, 46.16767], [-1.283246, 46.167835], [-1.283281, 46.168], [-1.283288, 46.168156], [-1.283287, 46.16824], [-1.283287, 46.16824], [-1.283286, 46.168285], [-1.283269, 46.168404], [-1.283197, 46.1686], [-1.283119, 46.168785], [-1.283015, 46.168987], [-1.282916, 46.16918], [-1.282823, 46.169407], [-1.282814, 46.16952], [-1.282832, 46.169643], [-1.282887, 46.16975], [-1.282976, 46.16988], [-1.283344, 46.17034], [-1.283466, 46.170494], [-1.283523, 46.170563], [-1.28521, 46.172638], [-1.285292, 46.17273], [-1.287249, 46.175167], [-1.287491, 46.17547], [-1.289023, 46.177357], [-1.289082, 46.177433], [-1.289312, 46.17772], [-1.289418, 46.17786], [-1.289478, 46.177956], [-1.289538, 46.178055], [-1.289594, 46.178177], [-1.289626, 46.178253], [-1.289718, 46.178547], [-1.289776, 46.178688], [-1.289814, 46.178776], [-1.289851, 46.178844], [-1.289917, 46.178944], [-1.290013, 46.179043], [-1.290131, 46.179157], [-1.290302, 46.1793], [-1.290563, 46.179497], [-1.290699, 46.179596], [-1.290869, 46.179703], [-1.291051, 46.179802], [-1.291179, 46.179863], [-1.291421, 46.17997], [-1.291895, 46.18014], [-1.292291, 46.18029], [-1.292538, 46.18039], [-1.292654, 46.18043], [-1.292885, 46.180527], [-1.293046, 46.180603], [-1.29338, 46.180763], [-1.294096, 46.181145], [-1.294496, 46.18135], [-1.294764, 46.181484], [-1.294974, 46.18158], [-1.295124, 46.181637], [-1.29534, 46.18171], [-1.295691, 46.181824], [-1.296542, 46.182095], [-1.297561, 46.182415], [-1.298504, 46.182716], [-1.299133, 46.182934], [-1.299428, 46.183052], [-1.299856, 46.183243], [-1.300939, 46.183758], [-1.301528, 46.183983], [-1.303572, 46.18474], [-1.303773, 46.18479], [-1.303979, 46.184834], [-1.304317, 46.184875], [-1.305236, 46.18493], [-1.305902, 46.184963], [-1.307172, 46.18504], [-1.307543, 46.185036], [-1.307902, 46.185005], [-1.307958, 46.185], [-1.308384, 46.18498], [-1.308678, 46.18498], [-1.308744, 46.185036], [-1.308788, 46.18504], [-1.308857, 46.185047], [-1.308936, 46.18504], [-1.309012, 46.185005], [-1.309051, 46.18497], [-1.309076, 46.18491], [-1.309194, 46.184837], [-1.30932, 46.1848], [-1.309771, 46.18468], [-1.310275, 46.184536], [-1.310666, 46.1844], [-1.310919, 46.184303], [-1.311175, 46.18419], [-1.311508, 46.18401], [-1.311896, 46.18381], [-1.312666, 46.183403], [-1.313313, 46.18306], [-1.313932, 46.182755], [-1.314276, 46.1826], [-1.314326, 46.182575], [-1.314326, 46.182575], [-1.314459, 46.182518], [-1.3153, 46.18217], [-1.315806, 46.181984], [-1.316497, 46.181744], [-1.317159, 46.181534], [-1.317367, 46.181473], [-1.318077, 46.18128], [-1.322064, 46.180264], [-1.322163, 46.180237], [-1.322706, 46.1801], [-1.323103, 46.179993], [-1.323571, 46.179897], [-1.323734, 46.179886], [-1.323793, 46.179905], [-1.323829, 46.17991], [-1.323851, 46.179913], [-1.323881, 46.17991], [-1.323934, 46.179893], [-1.323964, 46.179874], [-1.323996, 46.179844], [-1.32401, 46.179813], [-1.324147, 46.179756], [-1.324584, 46.179623], [-1.326713, 46.179092], [-1.32758, 46.178883], [-1.32812, 46.178783], [-1.32857, 46.178734], [-1.329007, 46.178703], [-1.329448, 46.17869], [-1.329965, 46.1787], [-1.330437, 46.178738], [-1.330921, 46.178802], [-1.331481, 46.17891], [-1.331932, 46.179028], [-1.332386, 46.179153], [-1.33272, 46.179253], [-1.332903, 46.179314], [-1.333014, 46.17936], [-1.333026, 46.1794], [-1.333051, 46.17944], [-1.333044, 46.17957], [-1.333016, 46.179684], [-1.333014, 46.179737], [-1.333029, 46.179787], [-1.333035, 46.179897], [-1.333043, 46.18003], [-1.333039, 46.180103], [-1.333034, 46.18017], [-1.332987, 46.18029], [-1.332847, 46.18046], [-1.332364, 46.180885], [-1.332006, 46.18122], [-1.331902, 46.18132], [-1.33157, 46.181767], [-1.331521, 46.181866], [-1.331466, 46.181965], [-1.33126, 46.182346], [-1.331213, 46.182438], [-1.331068, 46.182686], [-1.330986, 46.18283], [-1.330974, 46.182854], [-1.330833, 46.183075], [-1.330762, 46.183186], [-1.330573, 46.18343], [-1.33038, 46.183647], [-1.330187, 46.18387], [-1.330118, 46.18394], [-1.330108, 46.183952], [-1.32992, 46.184166], [-1.329856, 46.184242], [-1.329802, 46.184307], [-1.329865, 46.18433], [-1.329931, 46.184357], [-1.329931, 46.184357], [-1.330142, 46.184444], [-1.330353, 46.184544], [-1.330757, 46.18473], [-1.330886, 46.184795], [-1.331061, 46.18489], [-1.331223, 46.184975], [-1.331403, 46.185074], [-1.331835, 46.18533], [-1.332168, 46.18555], [-1.332434, 46.185722], [-1.332685, 46.1859], [-1.332807, 46.18599], [-1.332915, 46.18607], [-1.333046, 46.18617], [-1.333202, 46.186295], [-1.33327, 46.18635], [-1.333397, 46.186466], [-1.333519, 46.186592], [-1.333582, 46.186672], [-1.333628, 46.186737], [-1.333801, 46.187], [-1.334008, 46.187393], [-1.334133, 46.18767], [-1.334184, 46.187843], [-1.334242, 46.18804], [-1.334214, 46.188656], [-1.334126, 46.189], [-1.334053, 46.18932], [-1.333931, 46.189774], [-1.333862, 46.190094], [-1.333829, 46.190365], [-1.333821, 46.190434], [-1.333814, 46.190544], [-1.333807, 46.19065], [-1.33379, 46.190754], [-1.33377, 46.19077], [-1.333755, 46.190784], [-1.333747, 46.190807], [-1.333747, 46.190826], [-1.333757, 46.19085], [-1.333773, 46.190865], [-1.333797, 46.19088], [-1.333823, 46.190887], [-1.333852, 46.19089], [-1.333983, 46.190926], [-1.334016, 46.190945], [-1.334339, 46.191128], [-1.334514, 46.19122], [-1.334714, 46.19129], [-1.334821, 46.19134], [-1.33493, 46.191376], [-1.334998, 46.1914], [-1.335302, 46.191475], [-1.335739, 46.19158], [-1.33588, 46.191612], [-1.335896, 46.19162], [-1.336742, 46.191807], [-1.337039, 46.191875], [-1.337238, 46.19192], [-1.337464, 46.191975], [-1.337955, 46.192085], [-1.33806, 46.192112], [-1.338565, 46.192234], [-1.338977, 46.192333], [-1.340298, 46.192646], [-1.341694, 46.192963], [-1.34241, 46.193134], [-1.343193, 46.19332], [-1.343363, 46.19337], [-1.3437, 46.193466], [-1.34384, 46.19351], [-1.344382, 46.193657], [-1.345192, 46.19386], [-1.346007, 46.194073], [-1.346286, 46.19414], [-1.346439, 46.194195], [-1.346534, 46.194206], [-1.346592, 46.194206], [-1.346796, 46.194183], [-1.346861, 46.194176], [-1.346909, 46.1942], [-1.346964, 46.19421], [-1.347021, 46.19421], [-1.347165, 46.194275], [-1.347235, 46.194317], [-1.347401, 46.19442], [-1.347952, 46.194695], [-1.349101, 46.195393], [-1.349744, 46.19579], [-1.349918, 46.195892], [-1.350129, 46.196003], [-1.350515, 46.19619], [-1.351684, 46.196747], [-1.352618, 46.19718], [-1.353159, 46.197433], [-1.354582, 46.19801], [-1.35459, 46.19804], [-1.354615, 46.198067], [-1.354654, 46.19809], [-1.3547, 46.198097], [-1.354747, 46.198093], [-1.354786, 46.19808], [-1.354956, 46.198124], [-1.355389, 46.198215], [-1.357058, 46.198627], [-1.357338, 46.198696], [-1.357407, 46.198715], [-1.357448, 46.198727], [-1.358325, 46.19895], [-1.358482, 46.198967], [-1.358636, 46.19897], [-1.358925, 46.198933], [-1.359537, 46.1988], [-1.359873, 46.19873], [-1.360163, 46.198685], [-1.360339, 46.198685], [-1.360414, 46.19872], [-1.360494, 46.19873], [-1.360572, 46.198715], [-1.360632, 46.19869], [-1.360838, 46.198715], [-1.361139, 46.1988], [-1.361342, 46.198887], [-1.361906, 46.199203], [-1.362044, 46.19928], [-1.362349, 46.199444], [-1.362436, 46.1995], [-1.362517, 46.19957], [-1.362574, 46.199642], [-1.36262, 46.19975], [-1.362636, 46.199825], [-1.362636, 46.199894], [-1.362599, 46.200027], [-1.362518, 46.20021], [-1.362347, 46.200645], [-1.362335, 46.200787], [-1.362338, 46.200855], [-1.362352, 46.20092], [-1.362375, 46.20099], [-1.362415, 46.201107], [-1.362425, 46.201153], [-1.362434, 46.201244], [-1.362439, 46.201427], [-1.362449, 46.201866], [-1.362456, 46.202324], [-1.362462, 46.202454], [-1.362472, 46.20252], [-1.362488, 46.20258], [-1.362533, 46.202698], [-1.362609, 46.202843], [-1.36282, 46.203197], [-1.362857, 46.203266], [-1.362893, 46.203346], [-1.362918, 46.203426], [-1.362926, 46.203487], [-1.362934, 46.203564], [-1.36295, 46.20378], [-1.362955, 46.20387], [-1.362962, 46.20399], [-1.362971, 46.204144], [-1.362992, 46.204605], [-1.362993, 46.204643], [-1.362991, 46.205147], [-1.362857, 46.20515], [-1.362814, 46.20515], [-1.362796, 46.20515], [-1.362745, 46.20515], [-1.36276, 46.205444], [-1.362761, 46.20547], [-1.362765, 46.205536], [-1.362673, 46.205666], [-1.362738, 46.20572], [-1.362791, 46.20576], [-1.36288, 46.205734], [-1.362945, 46.205708], [-1.362999, 46.205677], [-1.363023, 46.20569], [-1.363052, 46.205692], [-1.363081, 46.205692], [-1.363103, 46.205685], [-1.363125, 46.20567], [-1.363138, 46.205647], [-1.363138, 46.205624], [-1.363129, 46.20561], [-1.363113, 46.205593], [-1.363092, 46.205585], [-1.363067, 46.205578], [-1.363042, 46.20558], [-1.363024, 46.20553], [-1.363011, 46.205463], [-1.362995, 46.205177], [-1.362991, 46.205147], [-1.362993, 46.204643], [-1.362992, 46.204605], [-1.362971, 46.204144], [-1.362962, 46.20399], [-1.362955, 46.20387], [-1.36295, 46.20378], [-1.362934, 46.203564], [-1.362926, 46.203487], [-1.362918, 46.203426], [-1.362893, 46.203346], [-1.362857, 46.203266], [-1.36282, 46.203197], [-1.362609, 46.202843], [-1.362533, 46.202698], [-1.362488, 46.20258], [-1.362472, 46.20252], [-1.362462, 46.202454], [-1.362456, 46.202324], [-1.362449, 46.201866], [-1.362439, 46.201427], [-1.362434, 46.201244], [-1.362425, 46.201153], [-1.362415, 46.201107], [-1.362375, 46.20099], [-1.362352, 46.20092], [-1.362338, 46.200855], [-1.362335, 46.200787], [-1.362347, 46.200645], [-1.362518, 46.20021], [-1.362599, 46.200027], [-1.362636, 46.199894], [-1.362636, 46.199825], [-1.36262, 46.19975], [-1.362574, 46.199642], [-1.362517, 46.19957], [-1.362436, 46.1995], [-1.362349, 46.199444], [-1.362044, 46.19928], [-1.361906, 46.199203], [-1.361342, 46.198887], [-1.361139, 46.1988], [-1.360862, 46.19868], [-1.36069, 46.198605], [-1.360689, 46.19857], [-1.360677, 46.198536], [-1.360722, 46.198475], [-1.360768, 46.19842], [-1.360831, 46.19838], [-1.360944, 46.19835], [-1.36123, 46.198315], [-1.361624, 46.19824], [-1.362033, 46.198128], [-1.363233, 46.19781], [-1.363963, 46.19754], [-1.36437, 46.197395], [-1.364604, 46.19734], [-1.364876, 46.197308], [-1.365116, 46.197304], [-1.365304, 46.197315], [-1.365513, 46.197342], [-1.365904, 46.197422], [-1.366276, 46.197483], [-1.366699, 46.19752], [-1.367746, 46.19759], [-1.36926, 46.19771], [-1.369943, 46.19773], [-1.370196, 46.19775], [-1.370416, 46.197777], [-1.370915, 46.197857], [-1.371065, 46.197903], [-1.371299, 46.19799], [-1.371326, 46.198032], [-1.371369, 46.198063], [-1.371425, 46.198086], [-1.371487, 46.198097], [-1.371558, 46.198093], [-1.371623, 46.198074], [-1.371675, 46.19804], [-1.371708, 46.198], [-1.371722, 46.19796], [-1.371717, 46.197914], [-1.371694, 46.197872], [-1.371655, 46.197838], [-1.371602, 46.19781], [-1.37155, 46.197704], [-1.371523, 46.197582], [-1.371489, 46.197464], [-1.371462, 46.197327], [-1.371376, 46.197147], [-1.371181, 46.196804], [-1.371087, 46.196594], [-1.371021, 46.196358], [-1.370918, 46.19582], [-1.370846, 46.195614], [-1.370585, 46.19495], [-1.370491, 46.194775], [-1.370386, 46.19462], [-1.37025, 46.194416], [-1.369711, 46.193863], [-1.369582, 46.19373], [-1.369455, 46.19359], [-1.368835, 46.1929], [-1.368326, 46.192017], [-1.368269, 46.1919], [-1.368076, 46.191494], [-1.368059, 46.191463], [-1.368034, 46.191425], [-1.367992, 46.191326], [-1.367918, 46.19134], [-1.368006, 46.191513], [-1.368326, 46.192017], [-1.368835, 46.1929], [-1.368918, 46.193073], [-1.369023, 46.19324], [-1.369239, 46.193516], [-1.369364, 46.193645], [-1.369466, 46.19375], [-1.369616, 46.193893], [-1.370084, 46.194336], [-1.370386, 46.19462], [-1.370491, 46.194775], [-1.370585, 46.19495], [-1.370846, 46.195614], [-1.370918, 46.19582], [-1.371021, 46.196358], [-1.371087, 46.196594], [-1.371181, 46.196804], [-1.371376, 46.197147], [-1.371462, 46.197327], [-1.371489, 46.197464], [-1.371465, 46.197636], [-1.371425, 46.19777], [-1.3714, 46.19782], [-1.37137, 46.19783], [-1.371343, 46.19785], [-1.371313, 46.19788], [-1.371295, 46.197914], [-1.37129, 46.197952], [-1.371299, 46.19799], [-1.371326, 46.198032], [-1.371369, 46.198063], [-1.371425, 46.198086], [-1.371487, 46.198097], [-1.371591, 46.198185], [-1.371729, 46.198357], [-1.371834, 46.198505], [-1.372022, 46.19869], [-1.372674, 46.199234], [-1.373201, 46.199696], [-1.373977, 46.200367], [-1.37425, 46.20062], [-1.374355, 46.200768], [-1.374427, 46.20089], [-1.374482, 46.20102], [-1.374465, 46.201042], [-1.374459, 46.201073], [-1.374466, 46.201103], [-1.374484, 46.201126], [-1.374522, 46.201153], [-1.374571, 46.201168], [-1.374618, 46.20117], [-1.374664, 46.201164], [-1.374702, 46.201145], [-1.374731, 46.20112], [-1.375016, 46.201122], [-1.375292, 46.201046], [-1.37703, 46.200592], [-1.377208, 46.200546], [-1.377652, 46.20043], [-1.377731, 46.200413], [-1.379516, 46.199963], [-1.380179, 46.199787], [-1.380516, 46.19973], [-1.380875, 46.199684], [-1.381268, 46.19966], [-1.382505, 46.199623], [-1.383625, 46.199577], [-1.383972, 46.199577], [-1.384324, 46.19959], [-1.385471, 46.19966], [-1.385973, 46.199677], [-1.387135, 46.199684], [-1.388801, 46.19974], [-1.389651, 46.199768], [-1.390012, 46.199787], [-1.39033, 46.199814], [-1.390573, 46.19985], [-1.390862, 46.199917], [-1.391487, 46.20009], [-1.391937, 46.200184], [-1.392319, 46.20025], [-1.392719, 46.200306], [-1.393619, 46.200394], [-1.393678, 46.200397], [-1.395205, 46.200516], [-1.395849, 46.200554], [-1.39632, 46.200577], [-1.39665, 46.200577], [-1.397296, 46.200558], [-1.397662, 46.20054], [-1.398103, 46.20054], [-1.399041, 46.2006], [-1.399483, 46.20062], [-1.399835, 46.200615], [-1.400171, 46.200596], [-1.401578, 46.200394], [-1.402072, 46.200348], [-1.402567, 46.200317], [-1.403567, 46.200294], [-1.403977, 46.20028], [-1.404241, 46.200264], [-1.404594, 46.200222], [-1.404916, 46.20017], [-1.405175, 46.20011], [-1.406027, 46.199898], [-1.406448, 46.199795], [-1.406702, 46.199753], [-1.40731, 46.199673], [-1.409281, 46.19932], [-1.410249, 46.199184], [-1.410628, 46.199127], [-1.410947, 46.19907], [-1.411199, 46.199013], [-1.411495, 46.19893], [-1.412552, 46.1986], [-1.414083, 46.19815], [-1.414583, 46.197998], [-1.414977, 46.197865], [-1.415189, 46.19778], [-1.415373, 46.19768], [-1.415668, 46.19752], [-1.41576, 46.197456], [-1.416452, 46.19699], [-1.416814, 46.196804], [-1.417028, 46.196712], [-1.417259, 46.19662], [-1.417483, 46.19654], [-1.417743, 46.196484], [-1.418247, 46.19641], [-1.418952, 46.19634], [-1.419205, 46.196304], [-1.419328, 46.196285], [-1.419383, 46.196278], [-1.41951, 46.196285], [-1.419633, 46.1963], [-1.419666, 46.19632], [-1.419705, 46.19633], [-1.419747, 46.19633], [-1.419788, 46.196323], [-1.419912, 46.19632], [-1.419941, 46.19632], [-1.420011, 46.196323], [-1.420203, 46.196365], [-1.420373, 46.1964], [-1.420455, 46.19643], [-1.420755, 46.196533], [-1.420889, 46.196598], [-1.421272, 46.1968], [-1.421816, 46.197216], [-1.422101, 46.19743], [-1.422695, 46.197887], [-1.42292, 46.19808], [-1.423261, 46.19833], [-1.423417, 46.19843], [-1.423568, 46.198513], [-1.423754, 46.198593], [-1.423828, 46.19862], [-1.424003, 46.198673], [-1.424167, 46.198715], [-1.424264, 46.198734], [-1.424371, 46.198746], [-1.424477, 46.198753], [-1.424603, 46.19876], [-1.424802, 46.198757], [-1.424967, 46.19875], [-1.425093, 46.198734], [-1.425218, 46.198715], [-1.425331, 46.19869], [-1.425572, 46.19865], [-1.425657, 46.198627], [-1.42577, 46.19859], [-1.426188, 46.198425], [-1.427081, 46.198036], [-1.427129, 46.198017], [-1.427269, 46.19796], [-1.427652, 46.197807], [-1.428883, 46.197296], [-1.4295, 46.19705], [-1.430044, 46.196693], [-1.430512, 46.196392], [-1.430581, 46.196335], [-1.430864, 46.196198], [-1.43118, 46.1961], [-1.431376, 46.19605], [-1.431486, 46.196075], [-1.431641, 46.19608], [-1.431753, 46.19607], [-1.431844, 46.196026], [-1.431892, 46.19597], [-1.431928, 46.195904], [-1.431914, 46.195827], [-1.431884, 46.195766], [-1.431958, 46.19566], [-1.432021, 46.195583], [-1.432087, 46.19551], [-1.432277, 46.195324], [-1.432489, 46.195152], [-1.432541, 46.19511], [-1.432815, 46.194923], [-1.433412, 46.194527], [-1.433453, 46.194485], [-1.433513, 46.194386], [-1.433418, 46.194344], [-1.432344, 46.194084], [-1.432109, 46.194027], [-1.431591, 46.193893], [-1.432358, 46.193314], [-1.432894, 46.193493], [-1.433037, 46.193558], [-1.4330469, 46.19356], [-1.433093, 46.193584], [-1.433271, 46.193703], [-1.433407, 46.193817], [-1.433485, 46.19392], [-1.43354, 46.194046], [-1.433568, 46.194157], [-1.433575, 46.19424], [-1.433563, 46.194286], [-1.433513, 46.194386], [-1.433453, 46.194485], [-1.433412, 46.194527], [-1.432815, 46.194923], [-1.432541, 46.19511], [-1.432178, 46.195324], [-1.431884, 46.195526], [-1.43176, 46.19559], [-1.431657, 46.195663], [-1.431546, 46.19568], [-1.431408, 46.195717], [-1.431335, 46.19574], [-1.431253, 46.195824], [-1.431249, 46.195908], [-1.431308, 46.196003], [-1.431376, 46.19605], [-1.431486, 46.196075], [-1.431641, 46.19608], [-1.431753, 46.19607], [-1.431994, 46.196102], [-1.432167, 46.196167], [-1.432394, 46.19628], [-1.432584, 46.19634], [-1.43274, 46.196404], [-1.432836, 46.19644], [-1.432943, 46.196487], [-1.433389, 46.196682], [-1.434109, 46.19699], [-1.435879, 46.197742], [-1.436585, 46.19807], [-1.437962, 46.198635], [-1.438733, 46.198956], [-1.439082, 46.19911], [-1.439181, 46.19915], [-1.440122, 46.199547], [-1.440379, 46.199657], [-1.440629, 46.199764], [-1.441557, 46.200157], [-1.442232, 46.200405], [-1.443202, 46.200733], [-1.443846, 46.200928], [-1.444321, 46.201054], [-1.444823, 46.201176], [-1.445638, 46.201344], [-1.446534, 46.20149], [-1.446765, 46.201527], [-1.446941, 46.201557], [-1.447203, 46.201603], [-1.447878, 46.20175], [-1.448012, 46.201775], [-1.448181, 46.201797], [-1.448697, 46.201855], [-1.448928, 46.201893], [-1.449981, 46.20206], [-1.450168, 46.202087], [-1.450741, 46.202183], [-1.450741, 46.202183], [-1.451644, 46.202328], [-1.452976, 46.202553], [-1.455149, 46.20291], [-1.455239, 46.202923], [-1.455362, 46.202946], [-1.457404, 46.203274], [-1.457871, 46.203346], [-1.458565, 46.203457], [-1.458669, 46.203476], [-1.458892, 46.20351], [-1.45911, 46.203552], [-1.459227, 46.203587], [-1.459291, 46.203606], [-1.459358, 46.203632], [-1.459409, 46.203663], [-1.459505, 46.203735], [-1.459586, 46.203773], [-1.459695, 46.2038], [-1.459855, 46.20382], [-1.459872, 46.20383], [-1.459885, 46.203835], [-1.459954, 46.20399], [-1.459965, 46.204018], [-1.460025, 46.204273], [-1.460031, 46.20436], [-1.460019, 46.204468], [-1.459999, 46.204628], [-1.459993, 46.204674], [-1.459978, 46.204742], [-1.459976, 46.204823], [-1.459974, 46.2049], [-1.459979, 46.205025], [-1.459984, 46.20515], [-1.460104, 46.206215], [-1.460121, 46.206432], [-1.460125, 46.20659], [-1.460113, 46.206825], [-1.460101, 46.20709], [-1.460079, 46.20756], [-1.460072, 46.207657], [-1.460061, 46.207752], [-1.460034, 46.20786], [-1.460007, 46.20793], [-1.459977, 46.20801], [-1.459825, 46.20836], [-1.459803, 46.20845], [-1.459787, 46.208546], [-1.459783, 46.208622], [-1.459792, 46.208763], [-1.45986, 46.209293], [-1.459871, 46.209427], [-1.459875, 46.20958], [-1.459869, 46.20972], [-1.459852, 46.209892], [-1.459841, 46.210083], [-1.459847, 46.210182], [-1.459859, 46.210274], [-1.459884, 46.210365], [-1.45992, 46.21046], [-1.460041, 46.21074], [-1.460152, 46.21103], [-1.460194, 46.211193], [-1.460199, 46.21128], [-1.460197, 46.211372], [-1.460184, 46.21151], [-1.460154, 46.211765], [-1.460154, 46.211926], [-1.460175, 46.21225], [-1.460188, 46.212612], [-1.460205, 46.212925], [-1.460235, 46.213062], [-1.460306, 46.21326], [-1.46037, 46.213436], [-1.460539, 46.21392], [-1.460699, 46.214424], [-1.460823, 46.214897], [-1.460861, 46.21508], [-1.460877, 46.21516], [-1.460918, 46.215363], [-1.460936, 46.21548], [-1.460948, 46.215614], [-1.460949, 46.21574], [-1.460933, 46.21588], [-1.46091, 46.215973], [-1.460875, 46.216076], [-1.460831, 46.216167], [-1.460772, 46.216263], [-1.46066, 46.216415], [-1.460474, 46.216637], [-1.460378, 46.21675], [-1.460284, 46.21686], [-1.460178, 46.21702], [-1.460109, 46.217148], [-1.460055, 46.21729], [-1.460013, 46.217438], [-1.45995, 46.21771], [-1.459916, 46.21787], [-1.459834, 46.218254], [-1.459713, 46.218838], [-1.459634, 46.219116], [-1.459599, 46.21922], [-1.459523, 46.219437], [-1.459445, 46.219597], [-1.459394, 46.219673], [-1.459353, 46.21973], [-1.459269, 46.21982], [-1.459188, 46.219868], [-1.459077, 46.219906], [-1.458935, 46.219948], [-1.458647, 46.219994], [-1.45771, 46.220146], [-1.456836, 46.220314], [-1.456701, 46.22034], [-1.456191, 46.22045], [-1.454722, 46.220783], [-1.453232, 46.2211], [-1.45278, 46.221195], [-1.451726, 46.221375], [-1.451506, 46.22142], [-1.451192, 46.221478], [-1.4508, 46.22154], [-1.450358, 46.2216], [-1.450023, 46.221645], [-1.449806, 46.22168], [-1.449639, 46.221718], [-1.449446, 46.221775], [-1.449259, 46.221844], [-1.449074, 46.22192], [-1.448728, 46.22209], [-1.448452, 46.222218], [-1.448224, 46.22233], [-1.448106, 46.222378], [-1.447988, 46.22243], [-1.447906, 46.22247], [-1.447827, 46.222504], [-1.447526, 46.22265], [-1.447454, 46.222683], [-1.447387, 46.222713], [-1.447164, 46.222813], [-1.446861, 46.222923], [-1.44669, 46.222973], [-1.446527, 46.223007], [-1.446379, 46.223026], [-1.446189, 46.22304], [-1.445998, 46.223045], [-1.445753, 46.22303], [-1.445476, 46.22299], [-1.445234, 46.22293], [-1.444646, 46.22275], [-1.444343, 46.22268], [-1.444148, 46.22264], [-1.444038, 46.222626], [-1.443916, 46.222607], [-1.443812, 46.222595], [-1.44355, 46.222572], [-1.443194, 46.222546], [-1.443192, 46.222546], [-1.442963, 46.222527], [-1.442869, 46.22252], [-1.442547, 46.2225], [-1.442423, 46.222492], [-1.441951, 46.222458], [-1.441817, 46.222443], [-1.441782, 46.22234], [-1.441762, 46.2223], [-1.441706, 46.2222], [-1.44165, 46.222134]]}}, {"type": "Feature", "properties": {"route_short_name": "153", "route_long_name": "153 - LA ROCHELLE - ROYAN", "shape_id": "CHARENTE_MARITIME:JourneyPattern:4809_3D50F4FFBE31B13839D1EE5C888C9678", "n_points": 2509, "n_shape_variants_in_source": 4}, "geometry": {"type": "LineString", "coordinates": [[-1.141221, 46.152576], [-1.141738, 46.15267], [-1.141797, 46.152496], [-1.141837, 46.152397], [-1.141878, 46.152298], [-1.141893, 46.15225], [-1.141923, 46.152184], [-1.141487, 46.151993], [-1.141496, 46.15196], [-1.141497, 46.151913], [-1.141479, 46.15187], [-1.141444, 46.151833], [-1.141394, 46.151802], [-1.141324, 46.15178], [-1.141248, 46.151775], [-1.141175, 46.15179], [-1.141113, 46.15182], [-1.141068, 46.151863], [-1.141046, 46.15191], [-1.14071, 46.151886], [-1.140623, 46.15188], [-1.140524, 46.15187], [-1.140347, 46.151867], [-1.140177, 46.151844], [-1.140018, 46.151863], [-1.139939, 46.151882], [-1.139903, 46.151894], [-1.139795, 46.151913], [-1.139745, 46.151928], [-1.139703, 46.151894], [-1.139652, 46.151867], [-1.139664, 46.151794], [-1.139669, 46.15176], [-1.139681, 46.15164], [-1.139652, 46.15132], [-1.139599, 46.15101], [-1.139523, 46.150856], [-1.139466, 46.150658], [-1.139416, 46.150524], [-1.139364, 46.15038], [-1.139257, 46.15017], [-1.139139, 46.149963], [-1.139035, 46.14981], [-1.138925, 46.149666], [-1.137331, 46.147507], [-1.137267, 46.147423], [-1.137147, 46.147255], [-1.137049, 46.147083], [-1.136975, 46.14693], [-1.136908, 46.14678], [-1.13687, 46.146626], [-1.13685, 46.14649], [-1.136838, 46.146347], [-1.136839, 46.1462], [-1.136845, 46.146], [-1.136914, 46.145744], [-1.136947, 46.145664], [-1.13697, 46.14561], [-1.137066, 46.145573], [-1.137139, 46.145515], [-1.137181, 46.145443], [-1.137187, 46.145367], [-1.137156, 46.145294], [-1.137119, 46.145252], [-1.137071, 46.145218], [-1.137014, 46.14519], [-1.13692, 46.14517], [-1.13682, 46.14517], [-1.136723, 46.145187], [-1.136639, 46.145226], [-1.136576, 46.145275], [-1.136469, 46.14531], [-1.136428, 46.14532], [-1.136327, 46.145332], [-1.136051, 46.145348], [-1.13508, 46.145294], [-1.134865, 46.145283], [-1.134574, 46.145264], [-1.134192, 46.145218], [-1.133488, 46.145065], [-1.12836, 46.14384], [-1.1276989, 46.143684], [-1.127433, 46.14362], [-1.127223, 46.143543], [-1.127147, 46.143517], [-1.127015, 46.143463], [-1.12696, 46.14342], [-1.126949, 46.1434], [-1.126934, 46.14338], [-1.126913, 46.14336], [-1.12689, 46.143345], [-1.126864, 46.14333], [-1.126836, 46.14332], [-1.126805, 46.143314], [-1.126764, 46.14331], [-1.126722, 46.14331], [-1.126681, 46.14332], [-1.126643, 46.14333], [-1.126609, 46.14335], [-1.126574, 46.143375], [-1.12656, 46.143394], [-1.126549, 46.143414], [-1.126543, 46.143433], [-1.12654, 46.143456], [-1.126542, 46.143475], [-1.126548, 46.143494], [-1.126558, 46.143517], [-1.126576, 46.143536], [-1.126598, 46.14356], [-1.126626, 46.143574], [-1.126656, 46.143585], [-1.12669, 46.143597], [-1.126726, 46.1436], [-1.126762, 46.143604], [-1.126798, 46.1436], [-1.126833, 46.143593], [-1.126865, 46.14358], [-1.126894, 46.143566], [-1.126977, 46.143562], [-1.127115, 46.143578], [-1.127323, 46.143604], [-1.127433, 46.14362], [-1.127223, 46.143543], [-1.127147, 46.143517], [-1.127015, 46.143463], [-1.12696, 46.14342], [-1.126949, 46.1434], [-1.126934, 46.14338], [-1.126913, 46.14336], [-1.12689, 46.143345], [-1.126864, 46.14333], [-1.126836, 46.14332], [-1.126805, 46.143314], [-1.126764, 46.14331], [-1.126722, 46.14331], [-1.126681, 46.14332], [-1.126643, 46.14333], [-1.126609, 46.14335], [-1.126574, 46.143375], [-1.126433, 46.14341], [-1.126252, 46.14342], [-1.124075, 46.14331], [-1.121969, 46.143196], [-1.121867, 46.143177], [-1.121756, 46.143154], [-1.121661, 46.143135], [-1.121638, 46.143093], [-1.121598, 46.14306], [-1.121562, 46.14304], [-1.121506, 46.143024], [-1.121447, 46.14302], [-1.121389, 46.14303], [-1.121362, 46.143036], [-1.121327, 46.14305], [-1.121306, 46.143063], [-1.121286, 46.143078], [-1.12111, 46.14309], [-1.120921, 46.14309], [-1.118702, 46.142887], [-1.117198, 46.14281], [-1.115058, 46.142822], [-1.114369, 46.14282], [-1.113919, 46.142803], [-1.113741, 46.14279], [-1.113495, 46.142773], [-1.112697, 46.14268], [-1.110007, 46.142303], [-1.109518, 46.142235], [-1.109418, 46.14219], [-1.109218, 46.142124], [-1.109194, 46.142063], [-1.109141, 46.142002], [-1.109069, 46.141956], [-1.108983, 46.14193], [-1.108931, 46.141922], [-1.108889, 46.141914], [-1.108793, 46.141922], [-1.108746, 46.141926], [-1.108637, 46.1419], [-1.108578, 46.14188], [-1.108523, 46.14185], [-1.108434, 46.141792], [-1.10787, 46.14142], [-1.107757, 46.14136], [-1.107613, 46.1413], [-1.107108, 46.141155], [-1.10638, 46.140965], [-1.106194, 46.140903], [-1.106094, 46.14085], [-1.106022, 46.140793], [-1.105791, 46.140587], [-1.105102, 46.139515], [-1.104302, 46.13829], [-1.104192, 46.138123], [-1.103351, 46.136837], [-1.103, 46.136284], [-1.102136, 46.134968], [-1.101875, 46.13457], [-1.101669, 46.134197], [-1.101556, 46.13394], [-1.101449, 46.133636], [-1.101369, 46.13336], [-1.101305, 46.133053], [-1.10127, 46.132793], [-1.101247, 46.132526], [-1.10125, 46.132217], [-1.101269, 46.13191], [-1.10131, 46.131557], [-1.101359, 46.131355], [-1.101524, 46.130863], [-1.101734, 46.13042], [-1.101991, 46.129986], [-1.102281, 46.129566], [-1.10242, 46.12939], [-1.102578, 46.129204], [-1.102732, 46.129047], [-1.10318, 46.12864], [-1.103736, 46.12821], [-1.104323, 46.127846], [-1.104998, 46.12749], [-1.106162, 46.12691], [-1.10722, 46.126366], [-1.107885, 46.126], [-1.108333, 46.1257], [-1.108682, 46.1254], [-1.109022, 46.12507], [-1.109304, 46.124725], [-1.109589, 46.124287], [-1.109783, 46.12389], [-1.109923, 46.123466], [-1.109981, 46.12323], [-1.110008, 46.122993], [-1.11003, 46.12272], [-1.110027, 46.122463], [-1.110006, 46.122227], [-1.109951, 46.121914], [-1.109885, 46.121662], [-1.109798, 46.12142], [-1.109648, 46.121082], [-1.109524, 46.120842], [-1.109364, 46.1206], [-1.109017, 46.12017], [-1.108449, 46.11948], [-1.108363, 46.119377], [-1.107641, 46.118496], [-1.106895, 46.117577], [-1.105953, 46.116425], [-1.10464, 46.114815], [-1.104242, 46.114323], [-1.101806, 46.111362], [-1.101354, 46.110756], [-1.100982, 46.11029], [-1.100232, 46.109398], [-1.099035, 46.10803], [-1.098306, 46.1072], [-1.098065, 46.106915], [-1.097402, 46.106163], [-1.096783, 46.105354], [-1.094603, 46.10273], [-1.094071, 46.102066], [-1.092711, 46.100388], [-1.091563, 46.099033], [-1.091324, 46.098743], [-1.090235, 46.097427], [-1.089859, 46.09698], [-1.088303, 46.095066], [-1.087465, 46.094032], [-1.086935, 46.093403], [-1.085719, 46.09191], [-1.084557, 46.090477], [-1.083394, 46.08906], [-1.082193, 46.08761], [-1.080546, 46.08559], [-1.079406, 46.08422], [-1.078265, 46.082684], [-1.076938, 46.08092], [-1.076764, 46.080692], [-1.074846, 46.07818], [-1.074128, 46.0773], [-1.071324, 46.07388], [-1.068736, 46.0707], [-1.065738, 46.067], [-1.063914, 46.064846], [-1.063464, 46.064316], [-1.062503, 46.063168], [-1.061354, 46.061813], [-1.059908, 46.060123], [-1.057707, 46.0576], [-1.055518, 46.054916], [-1.05296, 46.051792], [-1.051463, 46.049942], [-1.051304, 46.04975], [-1.051117, 46.049545], [-1.050958, 46.049377], [-1.050852, 46.049274], [-1.050663, 46.0491], [-1.05048, 46.048943], [-1.050195, 46.04872], [-1.049708, 46.048355], [-1.048995, 46.047825], [-1.048409, 46.047398], [-1.048056, 46.047134], [-1.047593, 46.046783], [-1.047425, 46.04665], [-1.047239, 46.046482], [-1.047074, 46.046307], [-1.046891, 46.04611], [-1.04673, 46.045902], [-1.046647, 46.045795], [-1.046579, 46.04569], [-1.046442, 46.04547], [-1.046375, 46.045357], [-1.046296, 46.045193], [-1.046208, 46.044987], [-1.046156, 46.044846], [-1.046105, 46.044678], [-1.046054, 46.04449], [-1.046028, 46.04434], [-1.046004, 46.04416], [-1.04599, 46.04398], [-1.045983, 46.043797], [-1.045988, 46.043552], [-1.046011, 46.04335], [-1.046045, 46.043137], [-1.046094, 46.042934], [-1.04616, 46.042694], [-1.046253, 46.042416], [-1.046347, 46.04213], [-1.046463, 46.04178], [-1.046526, 46.04153], [-1.046574, 46.04139], [-1.046641, 46.041206], [-1.046744, 46.040897], [-1.046884, 46.040424], [-1.046982, 46.04013], [-1.047089, 46.039803], [-1.047171, 46.039547], [-1.047249, 46.039345], [-1.047331, 46.039154], [-1.047454, 46.038864], [-1.047588, 46.0386], [-1.047777, 46.038296], [-1.047956, 46.038036], [-1.048128, 46.037807], [-1.048264, 46.037632], [-1.048593, 46.037277], [-1.051059, 46.03479], [-1.051546, 46.034294], [-1.051838, 46.034004], [-1.052203, 46.033634], [-1.052646, 46.033184], [-1.053007, 46.032818], [-1.053375, 46.032444], [-1.05377, 46.03204], [-1.054076, 46.03171], [-1.05439, 46.031334], [-1.054637, 46.031006], [-1.054887, 46.030624], [-1.055023, 46.030403], [-1.05516, 46.030155], [-1.055314, 46.02986], [-1.055395, 46.02969], [-1.055465, 46.029533], [-1.055568, 46.029274], [-1.055657, 46.029007], [-1.055741, 46.028732], [-1.055809, 46.028484], [-1.055879, 46.02818], [-1.055931, 46.027897], [-1.055969, 46.02763], [-1.055989, 46.027344], [-1.055997, 46.0271], [-1.055986, 46.026703], [-1.055936, 46.026134], [-1.055837, 46.025585], [-1.055714, 46.0251], [-1.055515, 46.024582], [-1.055303, 46.024082], [-1.054978, 46.023464], [-1.053238, 46.02021], [-1.05198, 46.01778], [-1.050757, 46.015457], [-1.050555, 46.015068], [-1.049451, 46.012905], [-1.048373, 46.010883], [-1.046628, 46.00761], [-1.045145, 46.004787], [-1.04334, 46.001377], [-1.041753, 45.998363], [-1.040302, 45.995777], [-1.039333, 45.99401], [-1.037834, 45.99117], [-1.037589, 45.99073], [-1.037374, 45.9904], [-1.037074, 45.990044], [-1.036649, 45.989635], [-1.036246, 45.98934], [-1.035926, 45.989124], [-1.035535, 45.988884], [-1.034802, 45.988544], [-1.033679, 45.988144], [-1.032164, 45.987583], [-1.030621, 45.98701], [-1.019748, 45.98306], [-1.017105, 45.9821], [-1.015389, 45.98148], [-1.014789, 45.981297], [-1.014221, 45.98114], [-1.013505, 45.980976], [-1.01291, 45.980865], [-1.011931, 45.980717], [-1.010809, 45.980637], [-1.007829, 45.9805], [-1.004543, 45.980366], [-1.003373, 45.980312], [-1.002469, 45.980274], [-1.001759, 45.980232], [-1.001191, 45.98019], [-1.000532, 45.98011], [-1.000032, 45.98003], [-0.999494, 45.9799], [-0.998861, 45.979694], [-0.998432, 45.979507], [-0.997879, 45.979225], [-0.997502, 45.979], [-0.995918, 45.977985], [-0.993909, 45.97671], [-0.99241, 45.97576], [-0.991743, 45.97535], [-0.990853, 45.974777], [-0.990163, 45.97434], [-0.989588, 45.973965], [-0.988599, 45.973335], [-0.98824, 45.9731], [-0.98785, 45.972828], [-0.987753, 45.97275], [-0.987009, 45.97214], [-0.986211, 45.971416], [-0.986138, 45.97135], [-0.985661, 45.970886], [-0.985205, 45.970474], [-0.984754, 45.9701], [-0.984247, 45.96974], [-0.983283, 45.969116], [-0.982509, 45.968582], [-0.981968, 45.968258], [-0.981539, 45.968006], [-0.981376, 45.967903], [-0.981247, 45.967793], [-0.98116, 45.96769], [-0.981067, 45.96757], [-0.980986, 45.967457], [-0.980953, 45.967392], [-0.980926, 45.967316], [-0.980909, 45.967255], [-0.980961, 45.967197], [-0.980986, 45.96713], [-0.980981, 45.967064], [-0.980948, 45.967], [-0.98089, 45.96694], [-0.980827, 45.966908], [-0.980754, 45.966885], [-0.980673, 45.96685], [-0.980595, 45.96677], [-0.980528, 45.96667], [-0.980444, 45.966545], [-0.980382, 45.9664], [-0.980302, 45.96618], [-0.980237, 45.965923], [-0.980237, 45.965675], [-0.980236, 45.965614], [-0.980224, 45.96532], [-0.980175, 45.965004], [-0.98013, 45.964745], [-0.980041, 45.964306], [-0.980021, 45.96422], [-0.979963, 45.963966], [-0.979732, 45.962963], [-0.979664, 45.96267], [-0.979626, 45.9625], [-0.979551, 45.962177], [-0.979337, 45.96125], [-0.979284, 45.961018], [-0.979277, 45.960987], [-0.979191, 45.960613], [-0.979151, 45.960438], [-0.979126, 45.96033], [-0.979039, 45.959953], [-0.979005, 45.959805], [-0.978936, 45.959503], [-0.978873, 45.959225], [-0.978846, 45.959045], [-0.9788456, 45.95904], [-0.978842, 45.959015], [-0.978816, 45.958904], [-0.978778, 45.958714], [-0.978803, 45.958637], [-0.978827, 45.958565], [-0.978846, 45.95853], [-0.978877, 45.95848], [-0.978929, 45.95845], [-0.978971, 45.958424], [-0.979041, 45.95835], [-0.979077, 45.958282], [-0.979094, 45.95819], [-0.979077, 45.95811], [-0.97902, 45.95802], [-0.978927, 45.957943], [-0.97891, 45.957935], [-0.978731, 45.95787], [-0.978615, 45.95775], [-0.978496, 45.957573], [-0.978448, 45.95732], [-0.978377, 45.95695], [-0.97836, 45.95686], [-0.978194, 45.956207], [-0.97821, 45.95603], [-0.978234, 45.955986], [-0.978256, 45.955975], [-0.978271, 45.955956], [-0.978277, 45.955936], [-0.978276, 45.955917], [-0.978264, 45.9559], [-0.978244, 45.955883], [-0.978217, 45.955875], [-0.978121, 45.955803], [-0.97811, 45.95579], [-0.978098, 45.955784], [-0.978101, 45.955734], [-0.978081, 45.95565], [-0.978052, 45.955566], [-0.977897, 45.954906], [-0.977718, 45.954147], [-0.977655, 45.953896], [-0.977709, 45.95377], [-0.977742, 45.95375], [-0.97777, 45.95373], [-0.977789, 45.95371], [-0.977803, 45.953686], [-0.977809, 45.95366], [-0.977808, 45.953632], [-0.977799, 45.953606], [-0.977779, 45.953575], [-0.97775, 45.953552], [-0.977713, 45.953533], [-0.97767, 45.953518], [-0.977624, 45.953514], [-0.977579, 45.95342], [-0.977547, 45.95335], [-0.977365, 45.95252], [-0.977386, 45.95234], [-0.977341, 45.95217], [-0.977255, 45.951797], [-0.977248, 45.951763], [-0.977216, 45.9516], [-0.977192, 45.951466], [-0.977062, 45.951477], [-0.977014, 45.95149], [-0.9769475, 45.951508], [-0.976938, 45.95151], [-0.976897, 45.951523], [-0.976842, 45.951572], [-0.976549, 45.95161], [-0.975984, 45.951637], [-0.975795, 45.951622], [-0.975534, 45.951584], [-0.975262, 45.951546], [-0.9752, 45.95153], [-0.975033, 45.95149], [-0.974865, 45.951427], [-0.974754, 45.95134], [-0.974719, 45.951206], [-0.974717, 45.951042], [-0.974649, 45.950893], [-0.974591, 45.950855], [-0.974548, 45.950813], [-0.974505, 45.95077], [-0.974415, 45.950672], [-0.974282, 45.95052], [-0.974258, 45.950493], [-0.974225, 45.95045], [-0.974014, 45.950207], [-0.973985, 45.950184], [-0.973838, 45.950066], [-0.973725, 45.949974], [-0.973662, 45.949924], [-0.973545, 45.949837], [-0.973375, 45.94972], [-0.973289, 45.94966], [-0.973182, 45.949585], [-0.973145, 45.949562], [-0.972959, 45.949436], [-0.972705, 45.949257], [-0.97253, 45.949127], [-0.972254, 45.94892], [-0.972121, 45.948822], [-0.971874, 45.94886], [-0.971752, 45.94888], [-0.971636, 45.948875], [-0.971643, 45.948765], [-0.971649, 45.9486], [-0.97162, 45.948524], [-0.971564, 45.948483], [-0.971476, 45.94845], [-0.971314, 45.948425], [-0.971153, 45.948376], [-0.971024, 45.9483], [-0.970956, 45.948227], [-0.97094, 45.94805], [-0.970978, 45.947712], [-0.970977, 45.947678], [-0.970976, 45.94762], [-0.970892, 45.947617], [-0.970831, 45.947613], [-0.968905, 45.94752], [-0.968302, 45.9475], [-0.968264, 45.947495], [-0.96817, 45.94749], [-0.968092, 45.947514], [-0.968037, 45.94753], [-0.968018, 45.947536], [-0.967932, 45.94758], [-0.967847, 45.947536], [-0.967818, 45.94752], [-0.967808, 45.947517], [-0.967668, 45.94748], [-0.967301, 45.947456], [-0.967136, 45.94743], [-0.96688, 45.947372], [-0.965753, 45.947193], [-0.965563, 45.94717], [-0.965431, 45.94716], [-0.965404, 45.947155], [-0.965377, 45.947155], [-0.964748, 45.947098], [-0.964297, 45.947056], [-0.964058, 45.947006], [-0.96395, 45.946976], [-0.963707, 45.9469], [-0.963621, 45.946873], [-0.963642, 45.946846], [-0.96365, 45.946815], [-0.963645, 45.94679], [-0.963627, 45.94676], [-0.963595, 45.946735], [-0.963553, 45.94672], [-0.963506, 45.946716], [-0.96346, 45.946724], [-0.963419, 45.94674], [-0.963389, 45.946766], [-0.963337, 45.946728], [-0.963296, 45.946697], [-0.963079, 45.946426], [-0.962637, 45.94587], [-0.962474, 45.945667], [-0.96243, 45.94561], [-0.962367, 45.94553], [-0.961856, 45.945953], [-0.961645, 45.946125], [-0.961548, 45.94621], [-0.96145, 45.946293], [-0.961427, 45.94631], [-0.961409, 45.946323], [-0.961528, 45.94641], [-0.961805, 45.946613], [-0.96194, 45.94672], [-0.962634, 45.947132], [-0.962704, 45.947163], [-0.962796, 45.94717], [-0.962971, 45.947147], [-0.962994, 45.94713], [-0.963076, 45.94715], [-0.96313, 45.947113], [-0.963238, 45.94704], [-0.963317, 45.946983], [-0.96333194, 45.94697], [-0.963357, 45.946953], [-0.963367, 45.946934], [-0.963398, 45.946873], [-0.963432, 45.946896], [-0.963476, 45.946907], [-0.963523, 45.94691], [-0.96356, 45.946903], [-0.963594, 45.94689], [-0.963621, 45.946873], [-0.963642, 45.946846], [-0.96365, 45.946815], [-0.963645, 45.94679], [-0.963627, 45.94676], [-0.963595, 45.946735], [-0.963553, 45.94672], [-0.963506, 45.946716], [-0.96346, 45.946724], [-0.963419, 45.94674], [-0.963389, 45.946766], [-0.963337, 45.946728], [-0.963296, 45.946697], [-0.963079, 45.946426], [-0.962637, 45.94587], [-0.962474, 45.945667], [-0.96243, 45.94561], [-0.962367, 45.94553], [-0.962302, 45.94545], [-0.96223, 45.945362], [-0.961697, 45.94472], [-0.961597, 45.944603], [-0.961516, 45.9445], [-0.960846, 45.943665], [-0.96065, 45.943417], [-0.960628, 45.94329], [-0.960619, 45.943253], [-0.96061, 45.943214], [-0.960631, 45.94318], [-0.960728, 45.94313], [-0.960872, 45.943035], [-0.960946, 45.94295], [-0.961156, 45.94285], [-0.961409, 45.94275], [-0.961505, 45.94272], [-0.961755, 45.94265], [-0.96195, 45.942524], [-0.962109, 45.9424], [-0.962379, 45.942184], [-0.962621, 45.94199], [-0.962843, 45.94184], [-0.96295, 45.941772], [-0.963053, 45.941715], [-0.963199, 45.94169], [-0.963323, 45.941666], [-0.963334, 45.94166], [-0.964046, 45.94158], [-0.96413, 45.941586], [-0.964218, 45.94159], [-0.964392, 45.941624], [-0.964594, 45.94166], [-0.964679, 45.941666], [-0.964731, 45.941647], [-0.964835, 45.941605], [-0.964857, 45.94152], [-0.964881, 45.941475], [-0.965085, 45.94108], [-0.965424, 45.940414], [-0.965512, 45.94025], [-0.965527, 45.94022], [-0.965573, 45.940125], [-0.965606, 45.940063], [-0.965686, 45.93991], [-0.9657, 45.939896], [-0.965815, 45.939667], [-0.965849, 45.939606], [-0.965947, 45.939423], [-0.96596, 45.939396], [-0.965976, 45.939365], [-0.965991, 45.93934], [-0.966023, 45.939278], [-0.966183, 45.938976], [-0.966278, 45.938797], [-0.96633, 45.938698], [-0.966369, 45.938705], [-0.96641, 45.938705], [-0.966448, 45.938698], [-0.966481, 45.93868], [-0.966504, 45.938656], [-0.966515, 45.938625], [-0.966513, 45.9386], [-0.966497, 45.93857], [-0.966469, 45.93855], [-0.966433, 45.938534], [-0.966393, 45.938526], [-0.966351, 45.93853], [-0.966314, 45.93854], [-0.966284, 45.938564], [-0.966264, 45.938587], [-0.966191, 45.93857], [-0.966001, 45.93851], [-0.965544, 45.93833], [-0.965132, 45.93817], [-0.96487, 45.93807], [-0.964816, 45.938046], [-0.964681, 45.937992], [-0.964266, 45.937824], [-0.964177, 45.93775], [-0.964065, 45.937653], [-0.964103, 45.937416], [-0.964152, 45.937206], [-0.964415, 45.937237], [-0.96469, 45.937267], [-0.964937, 45.93729], [-0.965059, 45.937298], [-0.965136, 45.937286], [-0.965222, 45.937275], [-0.96517, 45.937122], [-0.965131, 45.936913], [-0.965127, 45.936844], [-0.965117, 45.93674], [-0.965163, 45.936493], [-0.965185, 45.936394], [-0.965195, 45.936317], [-0.965195, 45.936317], [-0.965218, 45.936207], [-0.965238, 45.93608], [-0.965245, 45.936047], [-0.965249, 45.936024], [-0.965131, 45.935963], [-0.965123, 45.935963], [-0.964684, 45.935913], [-0.964568, 45.9359], [-0.96448, 45.935894], [-0.964455, 45.93589], [-0.964464, 45.93585], [-0.964486, 45.935726], [-0.964572, 45.935238], [-0.965145, 45.93517], [-0.965201, 45.935158], [-0.965306, 45.93512], [-0.965278, 45.935043], [-0.965276, 45.93499], [-0.965315, 45.934696], [-0.965547, 45.93428], [-0.966055, 45.9334], [-0.966261, 45.93309], [-0.966353, 45.932987], [-0.966377, 45.932957], [-0.966393, 45.93284], [-0.966315, 45.93273], [-0.966265, 45.93264], [-0.966124, 45.93239], [-0.965821, 45.931847], [-0.9657353, 45.9317], [-0.965729, 45.93169], [-0.965678, 45.931606], [-0.965628, 45.931435], [-0.965627, 45.93141], [-0.965626, 45.931366], [-0.96564, 45.931313], [-0.965658, 45.931263], [-0.965735, 45.931225], [-0.965773, 45.931194], [-0.965801, 45.931156], [-0.965819, 45.931118], [-0.965825, 45.93108], [-0.96582, 45.931038], [-0.965806, 45.931004], [-0.965784, 45.93097], [-0.965737, 45.93093], [-0.965678, 45.930897], [-0.965609, 45.930878], [-0.965558, 45.930817], [-0.965369, 45.93072], [-0.965278, 45.930687], [-0.965237, 45.930676], [-0.964979, 45.93053], [-0.964884, 45.93046], [-0.964827, 45.930405], [-0.964643, 45.93016], [-0.964497, 45.92993], [-0.964462, 45.929874], [-0.9643, 45.929577], [-0.964256, 45.929207], [-0.96437, 45.92881], [-0.964588, 45.928482], [-0.965711, 45.927216], [-0.966199, 45.926716], [-0.967374, 45.9254], [-0.967864, 45.924835], [-0.96807, 45.924618], [-0.968212, 45.924473], [-0.96836, 45.924324], [-0.96846, 45.924255], [-0.96854, 45.924213], [-0.968609, 45.924187], [-0.968716, 45.9242], [-0.968824, 45.9242], [-0.96893, 45.924183], [-0.969031, 45.924156], [-0.969124, 45.92412], [-0.969207, 45.924072], [-0.969277, 45.924015], [-0.969331, 45.92395], [-0.969368, 45.923878], [-0.969388, 45.923805], [-0.969389, 45.923733], [-0.969372, 45.923656], [-0.969333, 45.92358], [-0.969274, 45.92351], [-0.969232, 45.923473], [-0.969185, 45.923443], [-0.969133, 45.923412], [-0.969012, 45.923363], [-0.968879, 45.923336], [-0.968809, 45.923286], [-0.968755, 45.923252], [-0.968707, 45.923206], [-0.968665, 45.92315], [-0.968604, 45.923004], [-0.968569, 45.922848], [-0.96851, 45.9227], [-0.968444, 45.92255], [-0.96838, 45.922432], [-0.968312, 45.922325], [-0.968213, 45.92219], [-0.968083, 45.92205], [-0.967867, 45.921844], [-0.966434, 45.920586], [-0.966309, 45.920334], [-0.966251, 45.92007], [-0.966257, 45.92001], [-0.966289, 45.919975], [-0.966315, 45.919945], [-0.966336, 45.91991], [-0.966351, 45.919872], [-0.966468, 45.919815], [-0.96654, 45.91979], [-0.966674, 45.91975], [-0.966979, 45.91967], [-0.967489, 45.919613], [-0.967694, 45.919594], [-0.967857, 45.91959], [-0.967995, 45.91959], [-0.968125, 45.91959], [-0.968414, 45.9196], [-0.968609, 45.91962], [-0.968814, 45.919647], [-0.969056, 45.91969], [-0.969331, 45.919758], [-0.969562, 45.919827], [-0.96978, 45.919903], [-0.969993, 45.919987], [-0.970197, 45.920086], [-0.970383, 45.92018], [-0.970568, 45.920296], [-0.970729, 45.920406], [-0.970918, 45.92056], [-0.971052, 45.920685], [-0.971174, 45.9208], [-0.971292, 45.920933], [-0.971428, 45.92111], [-0.971491, 45.9212], [-0.971552, 45.921307], [-0.971586, 45.921497], [-0.971589, 45.921555], [-0.971577, 45.921608], [-0.971552, 45.921665], [-0.97152, 45.92172], [-0.971482, 45.92176], [-0.971457, 45.921783], [-0.971416, 45.921814], [-0.971374, 45.921837], [-0.971326, 45.921856], [-0.971263, 45.92188], [-0.971198, 45.921894], [-0.971127, 45.921906], [-0.971023, 45.921906], [-0.97096, 45.921898], [-0.970889, 45.921883], [-0.970815, 45.92186], [-0.970753, 45.921837], [-0.970693, 45.921803], [-0.970516, 45.921684], [-0.970208, 45.92146], [-0.9699, 45.92119], [-0.969787, 45.92108], [-0.969446, 45.92076], [-0.969224, 45.920547], [-0.968972, 45.920284], [-0.968693, 45.91998], [-0.968275, 45.919495], [-0.968098, 45.919277], [-0.967863, 45.918972], [-0.967643, 45.918667], [-0.967345, 45.91823], [-0.967009, 45.91769], [-0.966771, 45.91726], [-0.966545, 45.916824], [-0.966381, 45.916477], [-0.966146, 45.915936], [-0.965959, 45.915443], [-0.965837, 45.915096], [-0.965689, 45.914627], [-0.965601, 45.914288], [-0.965505, 45.913887], [-0.965434, 45.913532], [-0.965383, 45.913227], [-0.965336, 45.91288], [-0.965311, 45.912674], [-0.96529, 45.912403], [-0.965265, 45.91201], [-0.965255, 45.911774], [-0.96526, 45.91146], [-0.96528, 45.911102], [-0.965304, 45.91082], [-0.965333, 45.91057], [-0.965411, 45.910027], [-0.965454, 45.90958], [-0.965465, 45.909134], [-0.965477, 45.908684], [-0.965528, 45.90831], [-0.965596, 45.907917], [-0.965732, 45.907257], [-0.965844, 45.906895], [-0.965949, 45.906612], [-0.966059, 45.906364], [-0.966181, 45.906143], [-0.96637, 45.90581], [-0.967543, 45.903744], [-0.967845, 45.903217], [-0.968268, 45.90247], [-0.968532, 45.902004], [-0.969054, 45.90109], [-0.969301, 45.900616], [-0.969434, 45.900333], [-0.96953, 45.90008], [-0.969607, 45.899853], [-0.969661, 45.899643], [-0.969711, 45.89943], [-0.969752, 45.899185], [-0.969782, 45.898914], [-0.969796, 45.898674], [-0.969794, 45.898323], [-0.969769, 45.898006], [-0.96973, 45.897755], [-0.96968, 45.89751], [-0.969586, 45.897167], [-0.969503, 45.896935], [-0.969363, 45.896603], [-0.969216, 45.896324], [-0.969061, 45.89606], [-0.968857, 45.895737], [-0.968573, 45.89531], [-0.968004, 45.894466], [-0.967721, 45.894047], [-0.96763, 45.893894], [-0.967438, 45.89362], [-0.967191, 45.89328], [-0.967146, 45.893227], [-0.967037, 45.89309], [-0.966889, 45.892918], [-0.966722, 45.892727], [-0.966523, 45.892536], [-0.966369, 45.89239], [-0.965237, 45.891422], [-0.96499, 45.89122], [-0.964559, 45.890846], [-0.964139, 45.89049], [-0.963664, 45.890076], [-0.963198, 45.889683], [-0.962938, 45.88945], [-0.962226, 45.88884], [-0.961952, 45.888584], [-0.961749, 45.88837], [-0.961591, 45.888187], [-0.961455, 45.888012], [-0.961328, 45.887814], [-0.961264, 45.887714], [-0.961142, 45.88751], [-0.961097, 45.887417], [-0.960979, 45.887177], [-0.960891, 45.886974], [-0.960821, 45.88677], [-0.960764, 45.886555], [-0.960733, 45.8864], [-0.960707, 45.88623], [-0.960681, 45.88601], [-0.960672, 45.885796], [-0.960675, 45.88559], [-0.960691, 45.885372], [-0.960714, 45.885162], [-0.960772, 45.884834], [-0.960828, 45.88461], [-0.960923, 45.884304], [-0.961033, 45.884003], [-0.961129, 45.883774], [-0.961259, 45.88349], [-0.961371, 45.883274], [-0.961537, 45.882984], [-0.961723, 45.882687], [-0.962242, 45.88191], [-0.962704, 45.881226], [-0.962946, 45.880882], [-0.963208, 45.880547], [-0.963409, 45.880302], [-0.963626, 45.88005], [-0.963845, 45.879807], [-0.964084, 45.87956], [-0.964708, 45.87893], [-0.965098, 45.878517], [-0.965292, 45.878273], [-0.965473, 45.87805], [-0.965698, 45.877766], [-0.965946, 45.87742], [-0.966199, 45.877052], [-0.966287, 45.876926], [-0.966522, 45.876545], [-0.966693, 45.87624], [-0.966852, 45.875923], [-0.967002, 45.87565], [-0.967206, 45.87526], [-0.967408, 45.874863], [-0.96757, 45.874546], [-0.967726, 45.874214], [-0.967862, 45.87392], [-0.968256, 45.873123], [-0.968453, 45.872704], [-0.968638, 45.872265], [-0.968885, 45.871574], [-0.968997, 45.87122], [-0.969103, 45.870853], [-0.969208, 45.87042], [-0.969301, 45.869984], [-0.969391, 45.869473], [-0.969457, 45.868942], [-0.969492, 45.868576], [-0.969517, 45.868202], [-0.969531, 45.86754], [-0.969532, 45.867245], [-0.969519, 45.866932], [-0.969504, 45.86663], [-0.969478, 45.866318], [-0.969457, 45.86613], [-0.969383, 45.86563], [-0.969288, 45.865124], [-0.969102, 45.864292], [-0.968976, 45.863857], [-0.968883, 45.863567], [-0.968816, 45.86336], [-0.968663, 45.86293], [-0.968515, 45.862553], [-0.968348, 45.862152], [-0.968208, 45.86184], [-0.968051, 45.86152], [-0.967776, 45.861], [-0.967629, 45.86073], [-0.967503, 45.860565], [-0.967311, 45.860233], [-0.967085, 45.859882], [-0.966884, 45.859592], [-0.966571, 45.859165], [-0.966403, 45.858948], [-0.966203, 45.858696], [-0.965822, 45.85824], [-0.965408, 45.857777], [-0.965014, 45.857353], [-0.964607, 45.856956], [-0.96394, 45.85634], [-0.963258, 45.85573], [-0.959653, 45.852516], [-0.957746, 45.850815], [-0.955867, 45.84914], [-0.95549, 45.848804], [-0.953544, 45.847046], [-0.952842, 45.846443], [-0.952694, 45.84632], [-0.951394, 45.845146], [-0.950439, 45.84429], [-0.94973, 45.843662], [-0.949166, 45.84316], [-0.947452, 45.841625], [-0.946427, 45.84071], [-0.945226, 45.839626], [-0.944956, 45.839382], [-0.944319, 45.838818], [-0.943331, 45.837914], [-0.941312, 45.836147], [-0.940929, 45.835785], [-0.940354, 45.83516], [-0.939837, 45.834526], [-0.939625, 45.834263], [-0.939108, 45.833614], [-0.938197, 45.832237], [-0.93712, 45.83046], [-0.936052, 45.828754], [-0.934108, 45.825596], [-0.933209, 45.82416], [-0.932663, 45.823162], [-0.932209, 45.82214], [-0.932034, 45.82171], [-0.931905, 45.821312], [-0.931889, 45.821255], [-0.931883, 45.82124], [-0.931861, 45.82116], [-0.931568, 45.820164], [-0.931247, 45.818966], [-0.931001, 45.81791], [-0.930929, 45.81725], [-0.930891, 45.816555], [-0.930924, 45.815727], [-0.930965, 45.81537], [-0.93105, 45.814922], [-0.931132, 45.814552], [-0.931221, 45.814224], [-0.931307, 45.813942], [-0.931398, 45.813675], [-0.931475, 45.813496], [-0.931703, 45.81296], [-0.932336, 45.811626], [-0.933182, 45.809727], [-0.933731, 45.808502], [-0.933783, 45.80836], [-0.933921, 45.80798], [-0.93409, 45.807446], [-0.934215, 45.807045], [-0.934291, 45.8068], [-0.934862, 45.8052], [-0.935407, 45.8033], [-0.935659, 45.80244], [-0.93576, 45.801994], [-0.935902, 45.801315], [-0.936002, 45.80078], [-0.936076, 45.8], [-0.936073, 45.79915], [-0.936082, 45.79847], [-0.93609, 45.794987], [-0.936119, 45.790802], [-0.936159, 45.786503], [-0.936149, 45.78422], [-0.936194, 45.779602], [-0.936217, 45.777306], [-0.936216, 45.776638], [-0.936223, 45.77583], [-0.936226, 45.775024], [-0.936254, 45.774235], [-0.936274, 45.77395], [-0.936303, 45.77367], [-0.936342, 45.773323], [-0.936398, 45.772953], [-0.936495, 45.772453], [-0.936624, 45.771862], [-0.936697, 45.771584], [-0.936794, 45.77127], [-0.936969, 45.77072], [-0.93714, 45.770267], [-0.937392, 45.769684], [-0.937865, 45.7687], [-0.938512, 45.767605], [-0.939353, 45.766083], [-0.939831, 45.765232], [-0.940022, 45.764893], [-0.940299, 45.764423], [-0.941269, 45.762684], [-0.941467, 45.76232], [-0.941837, 45.761677], [-0.942604, 45.76038], [-0.943125, 45.759457], [-0.943475, 45.758835], [-0.94365, 45.75852], [-0.94441, 45.757156], [-0.944873, 45.756313], [-0.945351, 45.75546], [-0.945445, 45.755295], [-0.94564, 45.75496], [-0.945892, 45.754475], [-0.946038, 45.754158], [-0.94608, 45.754063], [-0.94614, 45.753933], [-0.946167, 45.753883], [-0.946217, 45.75378], [-0.946309, 45.75356], [-0.946335, 45.753498], [-0.946358, 45.753464], [-0.946382, 45.75341], [-0.9466, 45.752888], [-0.946769, 45.7525], [-0.94685, 45.752308], [-0.94696, 45.752052], [-0.947003, 45.75195], [-0.947146, 45.751633], [-0.947209, 45.75147], [-0.947759, 45.75018], [-0.948174, 45.74921], [-0.948471, 45.748497], [-0.948911, 45.747402], [-0.949189, 45.746696], [-0.949255, 45.746464], [-0.949289, 45.746254], [-0.949297, 45.746075], [-0.949276, 45.745872], [-0.949207, 45.745605], [-0.94898, 45.744736], [-0.948888, 45.744366], [-0.948849, 45.744118], [-0.94883, 45.743835], [-0.94885, 45.743477], [-0.948921, 45.7431], [-0.94901, 45.742805], [-0.949398, 45.741756], [-0.949801, 45.74069], [-0.950077, 45.73993], [-0.950347, 45.739277], [-0.950743, 45.738564], [-0.95155, 45.737183], [-0.951918, 45.73665], [-0.952094, 45.736446], [-0.953245, 45.7353], [-0.953997, 45.734543], [-0.954239, 45.734295], [-0.954415, 45.73408], [-0.954652, 45.73377], [-0.955196, 45.732986], [-0.955539, 45.73253], [-0.955673, 45.73236], [-0.955801, 45.73219], [-0.955992, 45.73198], [-0.956111, 45.731922], [-0.956178, 45.7319], [-0.956252, 45.7319], [-0.956308, 45.73189], [-0.956361, 45.731876], [-0.956408, 45.731853], [-0.956448, 45.731827], [-0.95648, 45.731792], [-0.956501, 45.731754], [-0.956513, 45.7317], [-0.956504, 45.731644], [-0.956474, 45.731594], [-0.95644, 45.73156], [-0.956396, 45.731533], [-0.956345, 45.73151], [-0.956288, 45.731495], [-0.956248, 45.73149], [-0.956105, 45.731472], [-0.956058, 45.73146], [-0.956012, 45.731445], [-0.95588, 45.731384], [-0.955712, 45.731308], [-0.955521, 45.73124], [-0.955181, 45.731083], [-0.954978, 45.730995], [-0.954139, 45.73063], [-0.953968, 45.730556], [-0.953888, 45.730526], [-0.953579, 45.730396], [-0.953516, 45.730373], [-0.953315, 45.730286], [-0.953243, 45.730255], [-0.952796, 45.73007], [-0.952105, 45.729774], [-0.951375, 45.72946], [-0.950914, 45.729256], [-0.950654, 45.729126], [-0.950419, 45.728996], [-0.950124, 45.72882], [-0.94944, 45.728405], [-0.949313, 45.728325], [-0.948606, 45.727894], [-0.948067, 45.727554], [-0.94789, 45.727448], [-0.947734, 45.727356], [-0.947485, 45.72724], [-0.947249, 45.727146], [-0.947151, 45.72711], [-0.947027, 45.72706], [-0.946729, 45.726948], [-0.946621, 45.726906], [-0.9463, 45.726776], [-0.946239, 45.72675], [-0.9459, 45.726643], [-0.945784, 45.72662], [-0.945758, 45.726616], [-0.945594, 45.72659], [-0.945431, 45.726566], [-0.945355, 45.726555], [-0.94522697, 45.726536], [-0.945173, 45.72653], [-0.945116, 45.726524], [-0.945015, 45.72651], [-0.94488, 45.72648], [-0.944784, 45.72646], [-0.94473, 45.72644], [-0.944609, 45.726402], [-0.94417, 45.72626], [-0.944087, 45.726246], [-0.944093, 45.726227], [-0.944092, 45.726208], [-0.944084, 45.726192], [-0.944069, 45.726177], [-0.944049, 45.726166], [-0.944022, 45.72616], [-0.943993, 45.726154], [-0.943965, 45.72616], [-0.943941, 45.72617], [-0.943922, 45.72619], [-0.943911, 45.726208], [-0.94391, 45.726227], [-0.943918, 45.726246], [-0.943936, 45.726265], [-0.94396, 45.726276], [-0.943989, 45.726284], [-0.944019, 45.726284], [-0.944048, 45.726276], [-0.944071, 45.72626], [-0.944087, 45.726246], [-0.94417, 45.72626], [-0.944609, 45.726402], [-0.94473, 45.72644], [-0.944784, 45.72646], [-0.94488, 45.72648], [-0.945015, 45.72651], [-0.945116, 45.726524], [-0.945173, 45.72653], [-0.945227, 45.726536], [-0.945355, 45.726555], [-0.945431, 45.726566], [-0.945589, 45.72659], [-0.945594, 45.72659], [-0.945758, 45.726616], [-0.945784, 45.72662], [-0.9459, 45.726643], [-0.946239, 45.72675], [-0.9463, 45.726776], [-0.946621, 45.726906], [-0.946729, 45.726948], [-0.947027, 45.72706], [-0.947151, 45.72711], [-0.947249, 45.727146], [-0.947485, 45.72724], [-0.947734, 45.727356], [-0.94789, 45.727448], [-0.948067, 45.727554], [-0.948606, 45.727894], [-0.949313, 45.728325], [-0.94944, 45.728405], [-0.950124, 45.72882], [-0.950419, 45.728996], [-0.950654, 45.729126], [-0.950914, 45.729256], [-0.951375, 45.72946], [-0.952105, 45.729774], [-0.952796, 45.73007], [-0.953315, 45.730286], [-0.953516, 45.730373], [-0.953579, 45.730396], [-0.953888, 45.730526], [-0.953968, 45.730556], [-0.954139, 45.73063], [-0.954978, 45.730995], [-0.955181, 45.731083], [-0.955521, 45.73124], [-0.955583, 45.731297], [-0.955617, 45.731323], [-0.95579, 45.73144], [-0.95587, 45.731514], [-0.955911, 45.731567], [-0.955937, 45.731632], [-0.955925, 45.731674], [-0.955924, 45.731716], [-0.955936, 45.731754], [-0.955958, 45.731792], [-0.955998, 45.731834], [-0.95605, 45.731865], [-0.956111, 45.731888], [-0.956178, 45.7319], [-0.956252, 45.7319], [-0.956308, 45.73189], [-0.956361, 45.731876], [-0.956408, 45.731853], [-0.956448, 45.731827], [-0.95648, 45.731792], [-0.956501, 45.731754], [-0.956513, 45.7317], [-0.956504, 45.731644], [-0.956474, 45.731594], [-0.956487, 45.731552], [-0.956502, 45.731506], [-0.956519, 45.73149], [-0.956563, 45.731453], [-0.95666, 45.731365], [-0.95678, 45.731247], [-0.957324, 45.73078], [-0.958741, 45.72975], [-0.959051, 45.72953], [-0.9603, 45.728645], [-0.960465, 45.728523], [-0.960945, 45.728123], [-0.961603, 45.727554], [-0.962058, 45.727123], [-0.962191, 45.72698], [-0.962899, 45.726086], [-0.962969, 45.725998], [-0.963526, 45.725266], [-0.963631, 45.725143], [-0.96402, 45.724644], [-0.964214, 45.724373], [-0.96438, 45.72416], [-0.964804, 45.723644], [-0.965398, 45.7229], [-0.965619, 45.722626], [-0.96646, 45.72159], [-0.96722, 45.72063], [-0.968712, 45.718765], [-0.969629, 45.71764], [-0.970231, 45.71686], [-0.970568, 45.716473], [-0.970818, 45.716232], [-0.971178, 45.715946], [-0.971403, 45.71579], [-0.971558, 45.715687], [-0.971915, 45.715405], [-0.972122, 45.715187], [-0.972387, 45.714867], [-0.972569, 45.714573], [-0.972629, 45.714436], [-0.972671, 45.71434], [-0.972704, 45.714264], [-0.97279, 45.71395], [-0.97283, 45.713673], [-0.972844, 45.71336], [-0.972842, 45.71296], [-0.97283, 45.71252], [-0.972812, 45.71217], [-0.972802, 45.711823], [-0.972784, 45.711433], [-0.972771, 45.71102], [-0.972746, 45.710365], [-0.972735, 45.710117], [-0.972724, 45.709686], [-0.972678, 45.708527], [-0.972673, 45.708347], [-0.972675, 45.708164], [-0.972679, 45.708015], [-0.972707, 45.707794], [-0.972741, 45.70753], [-0.972817, 45.70726], [-0.972938, 45.70694], [-0.973054, 45.70671], [-0.973271, 45.70631], [-0.973404, 45.706127], [-0.973484, 45.706017], [-0.97389, 45.705563], [-0.974142, 45.705307], [-0.974582, 45.704945], [-0.975032, 45.70462], [-0.975655, 45.704277], [-0.975997, 45.70412], [-0.976328, 45.703995], [-0.976596, 45.703896], [-0.977569, 45.70361], [-0.977591, 45.703606], [-0.977659, 45.703594], [-0.977722, 45.703598], [-0.977756, 45.70361], [-0.977793, 45.703617], [-0.977851, 45.703617], [-0.977906, 45.703606], [-0.977951, 45.703583], [-0.977983, 45.70355], [-0.977995, 45.703518], [-0.978117, 45.703445], [-0.97813, 45.703438], [-0.978166, 45.703426], [-0.978335, 45.70337], [-0.978453, 45.70333], [-0.978805, 45.70323], [-0.97905, 45.703163], [-0.979177, 45.703102], [-0.979397, 45.703037], [-0.980334, 45.702755], [-0.982311, 45.70216], [-0.983212, 45.70187], [-0.983641, 45.701694], [-0.98398, 45.70154], [-0.984357, 45.701347], [-0.984644, 45.7012], [-0.985006, 45.70098], [-0.985412, 45.70069], [-0.986666, 45.699745], [-0.986768, 45.69966], [-0.986958, 45.699497], [-0.987358, 45.699196], [-0.987671, 45.69896], [-0.987885, 45.698807], [-0.988067, 45.698692], [-0.98825, 45.69859], [-0.988321, 45.698547], [-0.988398, 45.698505], [-0.989006, 45.698174], [-0.989521, 45.697903], [-0.98974, 45.697784], [-0.990069, 45.697605], [-0.990249, 45.6975], [-0.990414, 45.69739], [-0.990519, 45.697315], [-0.990615, 45.697235], [-0.99063, 45.697224], [-0.99071, 45.697147], [-0.990745, 45.697113], [-0.990937, 45.696903], [-0.991158, 45.696648], [-0.991488, 45.696266], [-0.991859, 45.695824], [-0.992087, 45.695557], [-0.992198, 45.695423], [-0.992531, 45.695038], [-0.992844, 45.694725], [-0.993156, 45.694443], [-0.993534, 45.694115], [-0.993816, 45.693848], [-0.994117, 45.69354], [-0.994533, 45.693096], [-0.995075, 45.69245], [-0.995629, 45.69181], [-0.996081, 45.691277], [-0.996361, 45.690987], [-0.99684, 45.690464], [-0.997267, 45.69001], [-0.997484, 45.689785], [-0.997575, 45.689686], [-0.997966, 45.68928], [-0.998219, 45.689022], [-0.998455, 45.688747], [-0.998664, 45.688446], [-0.998814, 45.688187], [-0.99895, 45.687885], [-0.999038, 45.68754], [-0.999107, 45.687065], [-0.99907, 45.686726], [-0.999024, 45.686466], [-0.998966, 45.686237], [-0.99883, 45.68581], [-0.998646, 45.68525], [-0.998621, 45.685158], [-0.998555, 45.684807], [-0.998402, 45.68413], [-0.998395, 45.68401], [-0.998455, 45.683903], [-0.998516, 45.683853], [-0.998623, 45.683823], [-0.998712, 45.683773], [-0.998768, 45.683716], [-0.998802, 45.68365], [-0.998812, 45.683582], [-0.998784, 45.683495], [-0.998713, 45.683414], [-0.998678, 45.68339], [-0.998639, 45.68337], [-0.998547, 45.683216], [-0.99849, 45.683075], [-0.998435, 45.6828], [-0.998404, 45.682453], [-0.998439, 45.679913], [-0.998446, 45.679398], [-0.998454, 45.679024], [-0.998448, 45.678253], [-0.998444, 45.67786], [-0.998525, 45.676544], [-0.998578, 45.67589], [-0.998628, 45.675682], [-0.998775, 45.675186], [-0.998965, 45.67469], [-0.999135, 45.674286], [-0.999252, 45.67406], [-0.999466, 45.673645], [-0.999815, 45.673046], [-1.000261, 45.672405], [-1.000672, 45.671913], [-1.001215, 45.671314], [-1.00177, 45.67082], [-1.002463, 45.670246], [-1.003285, 45.669685], [-1.004025, 45.66922], [-1.004436, 45.668983], [-1.005026, 45.66869], [-1.006199, 45.66814], [-1.00729, 45.66767], [-1.007537, 45.667557], [-1.009283, 45.6668], [-1.010385, 45.666317], [-1.012043, 45.66556], [-1.012128, 45.66553], [-1.012203, 45.66551], [-1.012277, 45.665485], [-1.012337, 45.665504], [-1.012412, 45.665516], [-1.012431, 45.665516], [-1.012489, 45.665512], [-1.01256, 45.66549], [-1.012615, 45.665455], [-1.012655, 45.66541], [-1.012674, 45.66536], [-1.012722, 45.66527], [-1.012893, 45.665165], [-1.013215, 45.66499], [-1.013641, 45.66474], [-1.013923, 45.664555], [-1.01428, 45.66429], [-1.01462, 45.664032], [-1.014951, 45.663742], [-1.015412, 45.663322], [-1.016145, 45.66269], [-1.016975, 45.661983], [-1.017324, 45.66168], [-1.01743, 45.661606], [-1.017625, 45.661488], [-1.01767, 45.661472], [-1.017748, 45.661446], [-1.017772, 45.661446], [-1.017812, 45.661438], [-1.017852, 45.66143], [-1.017918, 45.661396], [-1.017963, 45.661346], [-1.01797, 45.66131], [-1.017975, 45.661285], [-1.017967, 45.661263], [-1.018009, 45.661133], [-1.0182, 45.660923], [-1.018412, 45.66073], [-1.018589, 45.66057], [-1.019287, 45.659966], [-1.01974, 45.65955], [-1.020272, 45.659115], [-1.020434, 45.658974], [-1.020541, 45.658886], [-1.0207, 45.658752], [-1.021272, 45.65827], [-1.021644, 45.657936], [-1.021804, 45.657787], [-1.022027, 45.65759], [-1.022107, 45.657513], [-1.022181, 45.657433], [-1.022291, 45.65733], [-1.022445, 45.657146], [-1.022546, 45.65703], [-1.022655, 45.656845], [-1.022748, 45.65668], [-1.022781, 45.656616], [-1.022808, 45.656548], [-1.022818, 45.65652], [-1.022873, 45.656265], [-1.022917, 45.65599], [-1.022932, 45.655933], [-1.022957, 45.655758], [-1.022978, 45.655502], [-1.022978, 45.65546], [-1.022999, 45.65523], [-1.023009, 45.65488], [-1.023018, 45.654533], [-1.023097, 45.65399], [-1.023137, 45.65382], [-1.023187, 45.653706], [-1.023198, 45.653645], [-1.023213, 45.6536], [-1.023241, 45.653595], [-1.023267, 45.653584], [-1.023296, 45.653564], [-1.023315, 45.65354], [-1.023321, 45.65351], [-1.023296, 45.65346], [-1.023268, 45.653442], [-1.023233, 45.653427], [-1.023229, 45.653316], [-1.023233, 45.653263], [-1.023265, 45.653145], [-1.023367, 45.65284], [-1.023405, 45.6527], [-1.023444, 45.65257], [-1.023575, 45.652157], [-1.023732, 45.6518], [-1.023807, 45.651623], [-1.023819, 45.651596], [-1.023857, 45.651497], [-1.024011, 45.651173], [-1.024155, 45.650867], [-1.024186, 45.6508], [-1.024359, 45.6504], [-1.024484, 45.650116], [-1.024565, 45.649925], [-1.024573, 45.64976], [-1.024533, 45.649548], [-1.024469, 45.649193], [-1.02449, 45.64905], [-1.024518, 45.649033], [-1.024536, 45.64901], [-1.024542, 45.648987], [-1.024534, 45.64896], [-1.024515, 45.648937], [-1.024486, 45.648922], [-1.02441, 45.648846], [-1.024381, 45.64866], [-1.024353, 45.648457], [-1.024326, 45.648304], [-1.024317, 45.648247], [-1.02432, 45.648018], [-1.024326, 45.647938], [-1.02434, 45.647778], [-1.024355, 45.647587], [-1.024377, 45.64735], [-1.024395, 45.647076], [-1.024399, 45.64683], [-1.024414, 45.646496], [-1.024416, 45.646435], [-1.024441, 45.646095], [-1.02444, 45.64601], [-1.024455, 45.64593], [-1.024481, 45.645733], [-1.02449, 45.645683], [-1.024518, 45.645523], [-1.024522, 45.6455], [-1.024528, 45.645466], [-1.024556, 45.645313], [-1.024575, 45.645203], [-1.024611, 45.64504], [-1.024619, 45.645004], [-1.02463, 45.64496], [-1.024655, 45.644802], [-1.024657, 45.64479], [-1.024661, 45.644764], [-1.024665, 45.64473], [-1.02467, 45.64468], [-1.024689, 45.64455], [-1.024725, 45.6444], [-1.024736, 45.64434], [-1.024761, 45.64421], [-1.024777, 45.643993], [-1.024778, 45.64398], [-1.024784, 45.64381], [-1.024782, 45.643726], [-1.024781, 45.64368], [-1.024777, 45.643364], [-1.024774, 45.6433], [-1.024767, 45.64312], [-1.024769, 45.64309], [-1.024763, 45.642937], [-1.024762, 45.642918], [-1.024758, 45.642757], [-1.024756, 45.64267], [-1.024757, 45.64235], [-1.024755, 45.642326], [-1.024752, 45.642258], [-1.024749, 45.642174], [-1.024747, 45.64212], [-1.024746, 45.642006], [-1.024747, 45.64197], [-1.024742, 45.641884], [-1.024742, 45.641827], [-1.024746, 45.641716], [-1.024749, 45.64167], [-1.024755, 45.641567], [-1.024758, 45.641525], [-1.024765, 45.641373], [-1.02477, 45.64132], [-1.02479, 45.641132], [-1.024807, 45.64102], [-1.024834, 45.64088], [-1.024871, 45.64075], [-1.02493, 45.640545], [-1.024958, 45.640438], [-1.024979, 45.640358], [-1.024988, 45.640324], [-1.025035, 45.64015], [-1.02506, 45.639977], [-1.025065, 45.639954], [-1.025073, 45.639893], [-1.025088, 45.639793], [-1.02511, 45.63973], [-1.025165, 45.639656], [-1.025231, 45.63961], [-1.025311, 45.639565], [-1.025412, 45.639538], [-1.025501, 45.639496], [-1.025593, 45.639423], [-1.025651, 45.639336], [-1.025668, 45.639236], [-1.025663, 45.639194], [-1.025706, 45.639137], [-1.025759, 45.639084], [-1.025859, 45.63902], [-1.026395, 45.63879], [-1.026418, 45.63878], [-1.026601, 45.638676], [-1.026937, 45.63848], [-1.027194, 45.638336], [-1.027299, 45.63827], [-1.027478, 45.638153], [-1.02773, 45.637936], [-1.027805, 45.637867], [-1.028071, 45.63758], [-1.02812, 45.637516], [-1.028133, 45.637493], [-1.028224, 45.637356], [-1.028391, 45.637093], [-1.028578, 45.63673], [-1.028619, 45.636616], [-1.028646, 45.63655], [-1.028682, 45.636536], [-1.028722, 45.63651], [-1.028747, 45.636475], [-1.028755, 45.636436], [-1.028746, 45.636395], [-1.028716, 45.636356], [-1.028671, 45.63633], [-1.028614, 45.636314], [-1.028554, 45.63631], [-1.028496, 45.636326], [-1.028384, 45.636337], [-1.028273, 45.636314], [-1.028188, 45.636284], [-1.027978, 45.636223], [-1.027934, 45.636208], [-1.027852, 45.63617], [-1.027589, 45.636063], [-1.02752, 45.636032], [-1.027373, 45.635975], [-1.027272, 45.635937], [-1.027188, 45.635902], [-1.026987, 45.63583], [-1.026822, 45.635765], [-1.026491, 45.635643], [-1.026372, 45.6356], [-1.026269, 45.635567], [-1.026226, 45.635555], [-1.026139, 45.635525], [-1.026022, 45.635483], [-1.02598, 45.63547], [-1.025769, 45.635403], [-1.025604, 45.635353], [-1.02559, 45.63535], [-1.025502, 45.635323], [-1.025421, 45.635303], [-1.025362, 45.63529], [-1.025305, 45.635277], [-1.025252, 45.635265], [-1.024924, 45.635185], [-1.024777, 45.635147], [-1.024569, 45.635105], [-1.024554, 45.635105], [-1.024476, 45.635086], [-1.024387, 45.635063], [-1.02427, 45.63504], [-1.023815, 45.63493], [-1.023555, 45.63485], [-1.02348, 45.634827], [-1.023296, 45.63477], [-1.023193, 45.634727], [-1.023118, 45.634697], [-1.02303, 45.634666], [-1.023, 45.63466], [-1.022948, 45.634644], [-1.022359, 45.634457], [-1.02231, 45.634445], [-1.022174, 45.6344], [-1.02214, 45.63439], [-1.022059, 45.63437], [-1.021625, 45.634254], [-1.021305, 45.634148], [-1.021173, 45.6341], [-1.020895, 45.633976], [-1.020497, 45.633785], [-1.020422, 45.63375], [-1.02031, 45.633694], [-1.02024, 45.63365], [-1.020221, 45.63364], [-1.020064, 45.633545], [-1.019991, 45.633495], [-1.019672, 45.633244], [-1.019632, 45.633205], [-1.019612, 45.633186], [-1.019603, 45.63318], [-1.019494, 45.633087], [-1.01947, 45.633068], [-1.019341, 45.63297], [-1.019214, 45.63288], [-1.01911, 45.63282], [-1.018993, 45.632755], [-1.018861, 45.632664], [-1.018804, 45.632637], [-1.018791, 45.632587], [-1.018757, 45.632545], [-1.018704, 45.63252], [-1.01864, 45.6325], [-1.018659, 45.632446], [-1.018711, 45.63237], [-1.018745, 45.63231], [-1.018871, 45.632088], [-1.018898, 45.632042], [-1.018909, 45.632023], [-1.018928, 45.63199], [-1.018977, 45.63191], [-1.019009, 45.631847], [-1.019043, 45.631786], [-1.019105, 45.63167], [-1.019125, 45.631634], [-1.018852, 45.631535], [-1.018615, 45.631454], [-1.01835, 45.63138], [-1.018128, 45.6313], [-1.017862, 45.63121], [-1.017768, 45.631157], [-1.017597, 45.631054], [-1.017513, 45.63098], [-1.017322, 45.630802], [-1.01716, 45.63065], [-1.016889, 45.630405], [-1.016661, 45.630196], [-1.016477, 45.630024], [-1.016271, 45.62983], [-1.016067, 45.62964], [-1.01604, 45.629616], [-1.016005, 45.629585], [-1.015861, 45.62953], [-1.015796, 45.62951], [-1.015808, 45.629486], [-1.015813, 45.62946], [-1.01581, 45.629436], [-1.0158, 45.629414], [-1.015885, 45.629253], [-1.015905, 45.629227], [-1.016163, 45.629017], [-1.016322, 45.628887], [-1.016409, 45.628815], [-1.016471, 45.62876], [-1.016549, 45.6287], [-1.016708, 45.628574], [-1.01691, 45.628426], [-1.016966, 45.628384], [-1.017017, 45.62835], [-1.01707, 45.62837], [-1.017128, 45.628376], [-1.017188, 45.628372], [-1.017244, 45.628357], [-1.017291, 45.62833], [-1.017325, 45.6283], [-1.017344, 45.628258], [-1.017345, 45.628216], [-1.017328, 45.628174], [-1.017293, 45.628136], [-1.017243, 45.62811], [-1.017183, 45.628094], [-1.017114, 45.62809], [-1.017049, 45.628105], [-1.016994, 45.628136], [-1.016835, 45.62811], [-1.016604, 45.628075], [-1.016537, 45.628063], [-1.016167, 45.627968], [-1.016102, 45.62795], [-1.016021, 45.627926], [-1.015597, 45.627796], [-1.015359, 45.62773], [-1.014998, 45.627625], [-1.014857, 45.627586], [-1.014736, 45.627552], [-1.014182, 45.62739], [-1.013743, 45.62726], [-1.013681, 45.62724], [-1.013518, 45.62719], [-1.013444, 45.627163], [-1.013391, 45.62715], [-1.013441, 45.62708], [-1.013478, 45.627037], [-1.013555, 45.626984], [-1.014482, 45.62674], [-1.014915, 45.62663], [-1.015017, 45.626617], [-1.015161, 45.626534], [-1.016137, 45.626205], [-1.016418, 45.62611], [-1.016496, 45.626083], [-1.0165054, 45.626083], [-1.016546, 45.626076], [-1.016598, 45.62607], [-1.016733, 45.626144], [-1.016764, 45.626144], [-1.016801, 45.626118], [-1.01682, 45.626106], [-1.017622, 45.625835], [-1.017642, 45.625828], [-1.017678, 45.625816], [-1.017723, 45.625862], [-1.017843, 45.625957], [-1.017975, 45.626076], [-1.018102, 45.626034], [-1.01843, 45.62594], [-1.01854, 45.625908], [-1.018654, 45.625927], [-1.018718, 45.625942], [-1.018782, 45.625957], [-1.018819, 45.6261], [-1.018875, 45.626244], [-1.018881, 45.62636], [-1.018884, 45.62642], [-1.018856, 45.62647], [-1.018808, 45.6267], [-1.018815, 45.62674], [-1.018727, 45.626972], [-1.018295, 45.62732], [-1.018177, 45.627415], [-1.018046, 45.62752], [-1.017893, 45.62764], [-1.017634, 45.627846], [-1.017524, 45.62793], [-1.017414, 45.627987], [-1.017346, 45.628017], [-1.017223, 45.628075], [-1.017183, 45.628094], [-1.017114, 45.62809], [-1.017049, 45.628105], [-1.016994, 45.628136], [-1.016835, 45.62811], [-1.016604, 45.628075], [-1.016537, 45.628063], [-1.016167, 45.627968], [-1.016102, 45.62795], [-1.016021, 45.627926], [-1.015597, 45.627796], [-1.015359, 45.62773], [-1.014998, 45.627625], [-1.014857, 45.627586], [-1.014736, 45.627552], [-1.014182, 45.62739], [-1.013743, 45.62726], [-1.013681, 45.62724], [-1.013518, 45.62719], [-1.013444, 45.627163], [-1.013391, 45.62715], [-1.013278, 45.62713], [-1.01311, 45.627125], [-1.012981, 45.627125], [-1.0129, 45.627117], [-1.012777, 45.6271], [-1.012722, 45.62709], [-1.012661, 45.62708], [-1.012546, 45.627056], [-1.012443, 45.62703], [-1.012285, 45.627148], [-1.012143, 45.627262], [-1.012033, 45.627346], [-1.01124, 45.627945], [-1.011019, 45.628113], [-1.010927, 45.62819], [-1.010833, 45.628273], [-1.01081, 45.628296], [-1.010693, 45.6284], [-1.01063, 45.628452], [-1.01055, 45.628513], [-1.010511, 45.628548], [-1.010436, 45.628567], [-1.010379, 45.628586], [-1.010325, 45.6286], [-1.010306, 45.628597], [-1.010286, 45.628597], [-1.010255, 45.6286], [-1.010228, 45.628613], [-1.010206, 45.628628], [-1.010193, 45.628647], [-1.010189, 45.62867], [-1.010192, 45.628685], [-1.0102, 45.6287], [-1.010213, 45.628716], [-1.010185, 45.628853], [-1.010059, 45.628944], [-1.009641, 45.629208], [-1.009419, 45.629353], [-1.009199, 45.629482], [-1.008975, 45.62961], [-1.008743, 45.629726], [-1.008425, 45.62988], [-1.008333, 45.62992], [-1.007941, 45.630096], [-1.006991, 45.630436], [-1.006697, 45.630535], [-1.00604, 45.630756], [-1.00575, 45.630848], [-1.0055, 45.63093], [-1.005483, 45.630905], [-1.005454, 45.63089], [-1.005419, 45.63088], [-1.00538, 45.63088], [-1.005346, 45.630882], [-1.005318, 45.630898], [-1.005297, 45.630917], [-1.005285, 45.63094], [-1.005285, 45.630966], [-1.005296, 45.63099], [-1.005006, 45.63108], [-1.004558, 45.631233], [-1.004011, 45.63141], [-1.003306, 45.63164], [-1.003057, 45.631702], [-1.002793, 45.631733], [-1.002613, 45.631744], [-1.002407, 45.63174], [-1.002287, 45.63173], [-1.002061, 45.63169], [-1.001937, 45.631664], [-1.001784, 45.631626], [-1.001617, 45.631577], [-1.001354, 45.631496], [-1.001243, 45.631466], [-1.001064, 45.631413], [-1.000771, 45.63133], [-1.00067, 45.631298], [-1.000641, 45.63129], [-1.000236, 45.631172], [-1.000161, 45.631153], [-1.000085, 45.63113], [-0.999986, 45.631104], [-0.99997, 45.6311], [-0.999523, 45.630966], [-0.999246, 45.63089], [-0.999214, 45.630882], [-0.999071, 45.630844], [-0.998967, 45.630825], [-0.99882, 45.630814], [-0.998555, 45.6308], [-0.998495, 45.630802], [-0.998328, 45.63081], [-0.99817, 45.630825], [-0.998105, 45.630833], [-0.998012, 45.630844], [-0.997444, 45.63102], [-0.997291, 45.631077], [-0.99715, 45.631126], [-0.997037, 45.63117], [-0.996855, 45.631233], [-0.99681, 45.63125], [-0.99672, 45.63128], [-0.996646, 45.631306], [-0.996637, 45.63129], [-0.996619, 45.63128], [-0.996596, 45.631275], [-0.996571, 45.631275], [-0.996545, 45.631245], [-0.996497, 45.63118], [-0.996475, 45.63115], [-0.996342, 45.630974], [-0.996267, 45.630875], [-0.996258, 45.630863], [-0.996228, 45.63083], [-0.996149, 45.63073], [-0.996003, 45.630577], [-0.995934, 45.630524], [-0.995892, 45.630493], [-0.995811, 45.63046], [-0.995693, 45.63041], [-0.995676, 45.6304], [-0.995437, 45.630306], [-0.995398, 45.630287], [-0.995347, 45.630264], [-0.99515, 45.630177], [-0.995077, 45.630142], [-0.995012, 45.630116], [-0.994947, 45.630085], [-0.994731, 45.63], [-0.994312, 45.62982], [-0.994267, 45.6298], [-0.994146, 45.62973], [-0.994117, 45.62971], [-0.993938, 45.629475], [-0.993888, 45.629387], [-0.993893, 45.62932], [-0.993866, 45.629253], [-0.993811, 45.629196], [-0.993732, 45.629154], [-0.993638, 45.62913], [-0.993539, 45.62913], [-0.993445, 45.629154], [-0.993366, 45.629196], [-0.993335, 45.629227], [-0.993209, 45.629246], [-0.992885, 45.629295], [-0.992773, 45.62932], [-0.992654, 45.62938], [-0.992534, 45.629433], [-0.99235, 45.629543], [-0.992176, 45.629723], [-0.991977, 45.629948], [-0.991691, 45.63018], [-0.991572, 45.630264], [-0.99117, 45.630466], [-0.990532, 45.630672], [-0.988576, 45.63119], [-0.988505, 45.63121], [-0.986875, 45.63163], [-0.986724, 45.63167], [-0.985865, 45.631893], [-0.985627, 45.631954], [-0.985571, 45.63197], [-0.985479, 45.631996], [-0.985336, 45.63204], [-0.985288, 45.63205], [-0.984453, 45.63228], [-0.982504, 45.6328], [-0.97928, 45.63365], [-0.979149, 45.633686], [-0.978781, 45.633736], [-0.978605, 45.633747], [-0.978551, 45.63376], [-0.978433, 45.633694], [-0.978287, 45.633675], [-0.978182, 45.633686], [-0.978088, 45.633724], [-0.977996, 45.6338], [-0.977959, 45.6339], [-0.977841, 45.633976], [-0.977515, 45.634182], [-0.976832, 45.63444], [-0.976451, 45.63463], [-0.976218, 45.634758], [-0.975478, 45.635254], [-0.974964, 45.635616], [-0.974043, 45.636265], [-0.973497, 45.636658], [-0.973165, 45.636894], [-0.972339, 45.63749], [-0.971599, 45.638012], [-0.971213, 45.638287], [-0.970911, 45.638504], [-0.970845, 45.638554], [-0.970763, 45.638615], [-0.970576, 45.638744], [-0.970313, 45.638947], [-0.970051, 45.63915], [-0.969852, 45.639305], [-0.969756, 45.639393], [-0.969476, 45.639683], [-0.969455, 45.63973], [-0.969062, 45.640175], [-0.969036, 45.64021], [-0.968939, 45.640324], [-0.968848, 45.640427], [-0.968809, 45.64048], [-0.968627, 45.6407], [-0.968577, 45.640762], [-0.968512, 45.640846], [-0.968304, 45.64111], [-0.968148, 45.641315], [-0.968035, 45.641464], [-0.967581, 45.64212], [-0.967351, 45.64238], [-0.967192, 45.642525], [-0.967165, 45.642506], [-0.966989, 45.64245], [-0.966845, 45.642403], [-0.966686, 45.642353], [-0.966434, 45.64228], [-0.96635, 45.642258], [-0.966279, 45.64224], [-0.966167, 45.64221], [-0.966025, 45.64219], [-0.965958, 45.642174], [-0.965889, 45.642212], [-0.965845, 45.64226], [-0.965537, 45.642586], [-0.965442, 45.642685], [-0.965418, 45.642708], [-0.965329, 45.642803], [-0.965276, 45.64286], [-0.965208, 45.642937], [-0.964993, 45.643192], [-0.964906, 45.6433], [-0.964884, 45.643326], [-0.964736, 45.643494], [-0.964736, 45.643494], [-0.964667, 45.643574], [-0.964613, 45.64364], [-0.964561, 45.643707], [-0.964547, 45.64373], [-0.964391, 45.643826], [-0.964353, 45.643845], [-0.964318, 45.643864], [-0.964294, 45.643883], [-0.964211, 45.64394], [-0.964203, 45.64399], [-0.964219, 45.64403], [-0.963992, 45.64413], [-0.963387, 45.64442], [-0.962926, 45.644638], [-0.962877, 45.644665], [-0.962556, 45.644817], [-0.961953, 45.64511], [-0.961898, 45.645138], [-0.961636, 45.645264], [-0.961024, 45.645557], [-0.960725, 45.645733], [-0.960573, 45.645863], [-0.960404, 45.646], [-0.960379, 45.646023], [-0.960354, 45.646046], [-0.960015, 45.646336], [-0.959857, 45.646496], [-0.959527, 45.646816], [-0.959386, 45.646946], [-0.959172, 45.647137], [-0.959159, 45.64715], [-0.959116, 45.64719], [-0.958666, 45.647568], [-0.958367, 45.64774], [-0.958048, 45.64789], [-0.957776, 45.648014], [-0.957397, 45.648186], [-0.957007, 45.648357], [-0.956336, 45.64866], [-0.955586, 45.648975], [-0.954889, 45.649323], [-0.954741, 45.64943], [-0.954548, 45.649563], [-0.954404, 45.6497], [-0.954163, 45.649952], [-0.953656, 45.650913], [-0.953389, 45.6514], [-0.953179, 45.651802], [-0.953054, 45.652023], [-0.952942, 45.652218], [-0.952552, 45.652847], [-0.952534, 45.652878], [-0.951752, 45.65406], [-0.951387, 45.65463], [-0.951092, 45.655083], [-0.950787, 45.6555], [-0.949553, 45.657433], [-0.949483, 45.657536], [-0.948755, 45.658592], [-0.948364, 45.659176], [-0.947709, 45.660213], [-0.947179, 45.66102], [-0.94715, 45.66106], [-0.946783, 45.66163], [-0.946615, 45.661896], [-0.946463, 45.662117], [-0.946104, 45.662663], [-0.94605, 45.662746], [-0.945953, 45.662907], [-0.945417, 45.663708], [-0.944785, 45.66467], [-0.944373, 45.6652], [-0.944038, 45.66554], [-0.943945, 45.66559], [-0.943873, 45.66561], [-0.943789, 45.665634], [-0.943745, 45.665634], [-0.943688, 45.665638], [-0.943578, 45.665623], [-0.943509, 45.665607], [-0.943415, 45.66558], [-0.943356, 45.66556], [-0.943297, 45.66555], [-0.943157, 45.66554], [-0.942994, 45.66553], [-0.94285, 45.66554], [-0.942756, 45.66555], [-0.942622, 45.66558], [-0.942504, 45.665623], [-0.942414, 45.665676], [-0.942314, 45.665733], [-0.942219, 45.665813], [-0.94214, 45.665897], [-0.941922, 45.66621], [-0.941796, 45.666374], [-0.941697, 45.666477], [-0.941582, 45.666576], [-0.941494, 45.666634], [-0.941394, 45.666702], [-0.941313, 45.666756], [-0.941227, 45.6668], [-0.94107, 45.666885], [-0.940898, 45.666965], [-0.94067, 45.667057], [-0.939826, 45.667427], [-0.939346, 45.66761], [-0.939143, 45.667667], [-0.93899, 45.667698], [-0.938815, 45.667717], [-0.938675, 45.667725], [-0.938539, 45.66772], [-0.938399, 45.667713], [-0.938249, 45.667694], [-0.938142, 45.66768], [-0.937932, 45.66765], [-0.93768, 45.667606], [-0.937385, 45.667564], [-0.93711, 45.667534], [-0.936886, 45.667522], [-0.936702, 45.667522], [-0.93647, 45.667534], [-0.936098, 45.667564], [-0.935829, 45.667618], [-0.935316, 45.66776], [-0.93485, 45.66793], [-0.934244, 45.668205], [-0.934177, 45.668243], [-0.933666, 45.668507], [-0.933429, 45.668633], [-0.933277, 45.6687], [-0.933212, 45.66873], [-0.933143, 45.66875], [-0.933058, 45.668777], [-0.932927, 45.6688], [-0.932754, 45.66882], [-0.932702, 45.668823], [-0.932628, 45.66883], [-0.932546, 45.668835], [-0.932364, 45.66883], [-0.93234, 45.6688], [-0.932189, 45.668625], [-0.931832, 45.66833], [-0.931782, 45.66829], [-0.931606, 45.66816], [-0.931477, 45.66805], [-0.930976, 45.667637], [-0.930957, 45.66762], [-0.930691, 45.667393], [-0.930571, 45.66729], [-0.930557, 45.66728], [-0.930441, 45.6672], [-0.930355, 45.667137], [-0.930339, 45.66713], [-0.930177, 45.667057], [-0.930128, 45.667034], [-0.93004, 45.666992], [-0.9298692, 45.66693]]}}, {"type": "Feature", "properties": {"route_short_name": "154", "route_long_name": "154 - SURGERES - SAINT-DENIS-D'OLERON", "shape_id": "CHARENTE_MARITIME:JourneyPattern:4842_CBB24DA3D522593BF00F1FAB0640A0FC", "n_points": 2465, "n_shape_variants_in_source": 6}, "geometry": {"type": "LineString", "coordinates": [[-1.377987, 46.030575], [-1.377987, 46.030613], [-1.377986, 46.030624], [-1.377985, 46.030727], [-1.377984, 46.03083], [-1.377956, 46.03092], [-1.377905, 46.03091], [-1.377874, 46.030907], [-1.377815, 46.030914], [-1.377782, 46.03092], [-1.377493, 46.03097], [-1.377286, 46.030994], [-1.377052, 46.03101], [-1.376865, 46.031013], [-1.376743, 46.03101], [-1.376652, 46.030994], [-1.376552, 46.03097], [-1.376509, 46.03095], [-1.376462, 46.03091], [-1.376392, 46.030838], [-1.376376, 46.03082], [-1.376292, 46.030693], [-1.375767, 46.02974], [-1.375609, 46.029495], [-1.375463, 46.029305], [-1.37528, 46.029106], [-1.374358, 46.028336], [-1.374215, 46.028206], [-1.374131, 46.028076], [-1.374074, 46.027954], [-1.373992, 46.027637], [-1.373925, 46.027473], [-1.373816, 46.027332], [-1.373128, 46.026863], [-1.37244, 46.026394], [-1.372175, 46.02617], [-1.371627, 46.02562], [-1.371507, 46.025505], [-1.371387, 46.025406], [-1.371202, 46.025284], [-1.370999, 46.02517], [-1.370942, 46.02513], [-1.370741, 46.025047], [-1.369965, 46.024723], [-1.369147, 46.024387], [-1.368961, 46.024307], [-1.368587, 46.024147], [-1.366821, 46.02345], [-1.366469, 46.0233], [-1.366127, 46.023136], [-1.365723, 46.022915], [-1.365236, 46.022614], [-1.364239, 46.021957], [-1.363921, 46.021774], [-1.363445, 46.021515], [-1.362505, 46.020943], [-1.362235, 46.020794], [-1.361861, 46.020622], [-1.361753, 46.020565], [-1.361488, 46.020416], [-1.361224, 46.020267], [-1.360971, 46.020123], [-1.360325, 46.019756], [-1.359426, 46.01927], [-1.359115, 46.019108], [-1.358306, 46.01871], [-1.357111, 46.018], [-1.35647, 46.01761], [-1.357515, 46.01664], [-1.356104, 46.015762], [-1.355212, 46.015182], [-1.354812, 46.014977], [-1.354538, 46.01486], [-1.35323, 46.01443], [-1.353135, 46.014397], [-1.353346, 46.01409], [-1.353549, 46.013775], [-1.353658, 46.013615], [-1.353655, 46.01358], [-1.353642, 46.013546], [-1.353728, 46.013348], [-1.353751, 46.013294], [-1.3538136, 46.01316], [-1.353818, 46.013153], [-1.354064, 46.01264], [-1.35411, 46.012554], [-1.354158, 46.01247], [-1.354607, 46.011612], [-1.354651, 46.01152], [-1.354705, 46.011456], [-1.35473, 46.01139], [-1.354743, 46.011337], [-1.354766, 46.011314], [-1.354779, 46.011288], [-1.354781, 46.01127], [-1.354792, 46.01124], [-1.355035, 46.010963], [-1.355073, 46.010933], [-1.355144, 46.010868], [-1.355633, 46.010445], [-1.355848, 46.010277], [-1.356457, 46.009876], [-1.356608, 46.009766], [-1.356692, 46.00969], [-1.356742, 46.00962], [-1.356795, 46.00955], [-1.357008, 46.009212], [-1.357398, 46.008553], [-1.357657, 46.008114], [-1.358571, 46.00657], [-1.35947, 46.005074], [-1.360194, 46.003822], [-1.360317, 46.0036], [-1.36047, 46.003296], [-1.360601, 46.00295], [-1.360717, 46.00255], [-1.360733, 46.0025], [-1.360846, 46.002106], [-1.361029, 46.001564], [-1.361212, 46.00106], [-1.361647, 45.99975], [-1.362277, 45.9978], [-1.362356, 45.99759], [-1.362492, 45.997395], [-1.362625, 45.99727], [-1.362761, 45.997158], [-1.363009, 45.997017], [-1.363254, 45.9969], [-1.363514, 45.996796], [-1.363656, 45.99675], [-1.363762, 45.996696], [-1.363831, 45.996662], [-1.363584, 45.996162], [-1.363524, 45.99604], [-1.362868, 45.994694], [-1.362863, 45.994682], [-1.362839, 45.994633], [-1.362251, 45.993404], [-1.359665, 45.988033], [-1.358506, 45.98564], [-1.357743, 45.984066], [-1.357558, 45.98368], [-1.356389, 45.981262], [-1.356215, 45.980904], [-1.355896, 45.98023], [-1.355731, 45.97991], [-1.355408, 45.979397], [-1.355256, 45.979183], [-1.355114, 45.97899], [-1.354722, 45.978477], [-1.354055, 45.977608], [-1.353717, 45.977154], [-1.352864, 45.975994], [-1.352742, 45.975845], [-1.352763, 45.975834], [-1.352778, 45.975815], [-1.352784, 45.975796], [-1.352782, 45.975777], [-1.352771, 45.975758], [-1.352754, 45.975746], [-1.352733, 45.97574], [-1.352709, 45.97573], [-1.352684, 45.97573], [-1.35266, 45.97574], [-1.352457, 45.97545], [-1.352001, 45.974842], [-1.351826, 45.97461], [-1.351673, 45.9744], [-1.35164, 45.974358], [-1.351367, 45.973915], [-1.351319, 45.97384], [-1.351186, 45.973705], [-1.351119, 45.97364], [-1.351105, 45.973618], [-1.351061, 45.973568], [-1.35102, 45.973476], [-1.351011, 45.973454], [-1.350966, 45.973328], [-1.350961, 45.973316], [-1.350936, 45.97325], [-1.350921, 45.973213], [-1.350886, 45.97311], [-1.350836, 45.97296], [-1.350828, 45.972935], [-1.350796, 45.972843], [-1.350664, 45.972614], [-1.350546, 45.97239], [-1.350503, 45.97231], [-1.350415, 45.972115], [-1.350322, 45.971912], [-1.35024, 45.97173], [-1.350199, 45.971653], [-1.35003, 45.97133], [-1.349983, 45.971252], [-1.349965, 45.971214], [-1.349763, 45.97085], [-1.349744, 45.970818], [-1.349661, 45.97067], [-1.349655, 45.970657], [-1.349586, 45.97053], [-1.349522, 45.970417], [-1.349504, 45.970383], [-1.3494992, 45.970375], [-1.349485, 45.97035], [-1.349469, 45.97032], [-1.349441, 45.97027], [-1.349385, 45.970165], [-1.349316, 45.970036], [-1.349308, 45.97002], [-1.349186, 45.96979], [-1.349171, 45.969765], [-1.34915, 45.969727], [-1.348834, 45.96914], [-1.348808, 45.96909], [-1.34865, 45.968796], [-1.348588, 45.96868], [-1.348579, 45.968662], [-1.34847, 45.968456], [-1.348333, 45.96821], [-1.348228, 45.968018], [-1.34816, 45.967873], [-1.348022, 45.967648], [-1.347976, 45.96757], [-1.34772, 45.96722], [-1.347439, 45.96692], [-1.347376, 45.966843], [-1.346538, 45.965927], [-1.346517, 45.965904], [-1.345807, 45.96513], [-1.344816, 45.964054], [-1.344422, 45.96361], [-1.342989, 45.96204], [-1.341676, 45.960617], [-1.340924, 45.9598], [-1.340408, 45.95923], [-1.340082, 45.958874], [-1.339637, 45.95839], [-1.339335, 45.958076], [-1.338742, 45.957546], [-1.338402, 45.957268], [-1.338348, 45.957226], [-1.337808, 45.956787], [-1.33523, 45.954712], [-1.334893, 45.95445], [-1.334839, 45.95441], [-1.334622, 45.95425], [-1.334323, 45.954044], [-1.334229, 45.953987], [-1.334169, 45.953953], [-1.334038, 45.95387], [-1.333642, 45.953617], [-1.333481, 45.953518], [-1.333417, 45.953472], [-1.333382, 45.953453], [-1.333177, 45.95333], [-1.332963, 45.953205], [-1.332525, 45.952934], [-1.332469, 45.952896], [-1.332301, 45.95278], [-1.332228, 45.95273], [-1.332189, 45.9527], [-1.332079, 45.952614], [-1.331801, 45.95238], [-1.330805, 45.95156], [-1.330418, 45.951244], [-1.329229, 45.95029], [-1.329092, 45.95018], [-1.328944, 45.95008], [-1.328808, 45.94999], [-1.328503, 45.94978], [-1.327782, 45.94929], [-1.326568, 45.94848], [-1.325931, 45.948055], [-1.325662, 45.947876], [-1.325293, 45.94763], [-1.324368, 45.947002], [-1.324292, 45.946953], [-1.324087, 45.94682], [-1.324045, 45.946793], [-1.323729, 45.94658], [-1.323365, 45.946342], [-1.323174, 45.946198], [-1.323067, 45.94613], [-1.3228, 45.945976], [-1.322492, 45.945816], [-1.322447, 45.945793], [-1.322188, 45.945675], [-1.322138, 45.945656], [-1.322128, 45.945652], [-1.322045, 45.945618], [-1.321924, 45.945564], [-1.321749, 45.945488], [-1.321614, 45.945442], [-1.3214, 45.945377], [-1.32124, 45.945312], [-1.321151, 45.94528], [-1.320881, 45.94517], [-1.320703, 45.945103], [-1.320337, 45.944954], [-1.320298, 45.944935], [-1.320006, 45.94482], [-1.31995, 45.944775], [-1.319771, 45.944706], [-1.31961, 45.944653], [-1.319472, 45.9446], [-1.31941, 45.944595], [-1.319399, 45.94458], [-1.319384, 45.944565], [-1.319358, 45.94455], [-1.319327, 45.944542], [-1.319294, 45.94454], [-1.319136, 45.944458], [-1.319115, 45.944447], [-1.318708, 45.94428], [-1.318485, 45.9442], [-1.318034, 45.944035], [-1.318, 45.944023], [-1.317917, 45.94399], [-1.317906, 45.94398], [-1.31769, 45.943893], [-1.317527, 45.94383], [-1.317019, 45.943596], [-1.316791, 45.943493], [-1.316387, 45.94329], [-1.316292, 45.943237], [-1.316157, 45.943165], [-1.316047, 45.943096], [-1.315969, 45.94304], [-1.315831, 45.942917], [-1.315781, 45.94287], [-1.315562, 45.94268], [-1.315298, 45.942455], [-1.314916, 45.94214], [-1.314705, 45.941933], [-1.314605, 45.941822], [-1.314569, 45.941788], [-1.314427, 45.94163], [-1.314337, 45.941525], [-1.314237, 45.941387], [-1.314088, 45.94123], [-1.313942, 45.94107], [-1.313842, 45.94096], [-1.313755, 45.94087], [-1.31369, 45.940807], [-1.313601, 45.940823], [-1.313487, 45.94084], [-1.313393, 45.940872], [-1.31335, 45.9409], [-1.313182, 45.94099], [-1.313015, 45.941044], [-1.312677, 45.941174], [-1.312379, 45.941284], [-1.31227, 45.94133], [-1.312151, 45.94138], [-1.311974, 45.94147], [-1.311846, 45.94156], [-1.311699, 45.9417], [-1.311614, 45.941788], [-1.311533, 45.94189], [-1.31144, 45.942024], [-1.311404, 45.942055], [-1.311343, 45.9421], [-1.311322, 45.94216], [-1.311308, 45.94218], [-1.310862, 45.94272], [-1.310827, 45.942764], [-1.310766, 45.94285], [-1.31072, 45.942917], [-1.310686, 45.942974], [-1.310641, 45.94303], [-1.310509, 45.9432], [-1.310378, 45.943367], [-1.310206, 45.94359], [-1.310171, 45.943634], [-1.310118, 45.943703], [-1.30984, 45.94417], [-1.309787, 45.944263], [-1.309717, 45.94438], [-1.309607, 45.94459], [-1.309584, 45.94467], [-1.309554, 45.944664], [-1.309524, 45.944668], [-1.309496, 45.94467], [-1.309471, 45.944687], [-1.309453, 45.944702], [-1.309443, 45.94472], [-1.309441, 45.944744], [-1.309449, 45.944763], [-1.309466, 45.944782], [-1.30949, 45.944798], [-1.309518, 45.944805], [-1.309547, 45.944805], [-1.309575, 45.9448], [-1.309601, 45.944794], [-1.309622, 45.944782], [-1.309637, 45.944763], [-1.309645, 45.94474], [-1.309642, 45.94472], [-1.309631, 45.9447], [-1.30961, 45.944683], [-1.309584, 45.94467], [-1.309607, 45.94459], [-1.309717, 45.94438], [-1.309787, 45.944263], [-1.30984, 45.94417], [-1.310118, 45.943703], [-1.310171, 45.943634], [-1.310206, 45.94359], [-1.310265, 45.943516], [-1.3102854, 45.94349], [-1.310378, 45.943367], [-1.310509, 45.9432], [-1.310641, 45.94303], [-1.310686, 45.942974], [-1.31072, 45.942917], [-1.310766, 45.94285], [-1.310827, 45.942764], [-1.310862, 45.94272], [-1.311308, 45.94218], [-1.311322, 45.94216], [-1.311343, 45.9421], [-1.311404, 45.942055], [-1.31144, 45.942024], [-1.311533, 45.94189], [-1.311614, 45.941788], [-1.311699, 45.9417], [-1.311846, 45.94156], [-1.311974, 45.94147], [-1.312151, 45.94138], [-1.31227, 45.94133], [-1.312379, 45.941284], [-1.312677, 45.941174], [-1.313015, 45.941044], [-1.313182, 45.94099], [-1.3134, 45.940945], [-1.313497, 45.940933], [-1.313606, 45.94092], [-1.313691, 45.94091], [-1.313755, 45.94087], [-1.31369, 45.940807], [-1.31348, 45.94059], [-1.313184, 45.940296], [-1.313031, 45.940147], [-1.31293, 45.940063], [-1.312752, 45.939907], [-1.312675, 45.93985], [-1.312547, 45.939766], [-1.312323, 45.939617], [-1.312208, 45.939545], [-1.31215, 45.93951], [-1.312125, 45.939495], [-1.311914, 45.939358], [-1.311639, 45.939194], [-1.311576, 45.939156], [-1.311223, 45.938946], [-1.311056, 45.93885], [-1.310998, 45.938812], [-1.310523, 45.938526], [-1.310155, 45.938305], [-1.309793, 45.938087], [-1.309657, 45.93801], [-1.309481, 45.93791], [-1.309316, 45.93781], [-1.309059, 45.937656], [-1.30882, 45.937515], [-1.308633, 45.937405], [-1.308556, 45.93736], [-1.3083, 45.937202], [-1.308085, 45.9371], [-1.307932, 45.936996], [-1.307858, 45.93695], [-1.307817, 45.936928], [-1.307675, 45.936844], [-1.307557, 45.936775], [-1.307537, 45.936764], [-1.307461, 45.936726], [-1.30736, 45.936672], [-1.307305, 45.93664], [-1.307205, 45.93659], [-1.307169, 45.936573], [-1.306884, 45.936462], [-1.306678, 45.93638], [-1.306552, 45.93634], [-1.306172, 45.93622], [-1.305787, 45.936115], [-1.305616, 45.936073], [-1.305347, 45.936012], [-1.304833, 45.93592], [-1.304435, 45.935852], [-1.304267, 45.935818], [-1.30415, 45.935776], [-1.304083, 45.935764], [-1.303935, 45.935726], [-1.303864, 45.935703], [-1.303848, 45.935677], [-1.30382, 45.93565], [-1.303783, 45.93563], [-1.30374, 45.935623], [-1.303695, 45.93562], [-1.303655, 45.93563], [-1.303619, 45.935642], [-1.303591, 45.935665], [-1.303428, 45.93565], [-1.303258, 45.935635], [-1.303106, 45.935596], [-1.302289, 45.935402], [-1.30215, 45.935368], [-1.301916, 45.93531], [-1.301815, 45.935287], [-1.301744, 45.935272], [-1.301657, 45.935246], [-1.301327, 45.935165], [-1.300916, 45.935066], [-1.300808, 45.93504], [-1.3007, 45.935013], [-1.300669, 45.934975], [-1.300432, 45.93491], [-1.30008, 45.934814], [-1.299673, 45.934708], [-1.299371, 45.934628], [-1.299304, 45.93461], [-1.299233, 45.93459], [-1.298873, 45.934498], [-1.298774, 45.934464], [-1.298562, 45.934383], [-1.298462, 45.934345], [-1.298428, 45.934334], [-1.298322, 45.93429], [-1.298276, 45.934277], [-1.298158, 45.934216], [-1.29798, 45.934147], [-1.297943, 45.93413], [-1.297715, 45.934044], [-1.297242, 45.933887], [-1.297103, 45.933838], [-1.29699, 45.9338], [-1.2969, 45.933792], [-1.296864, 45.933777], [-1.296791, 45.93375], [-1.296568, 45.933674], [-1.296529, 45.93366], [-1.296312, 45.933582], [-1.296208, 45.933548], [-1.295789, 45.933395], [-1.295722, 45.93337], [-1.295648, 45.933342], [-1.295199, 45.93318], [-1.295096, 45.933147], [-1.294863, 45.933056], [-1.294693, 45.932983], [-1.294512, 45.93288], [-1.294477, 45.932858], [-1.294347, 45.93279], [-1.294187, 45.93271], [-1.294046, 45.932636], [-1.293858, 45.932552], [-1.293764, 45.93249], [-1.293664, 45.932423], [-1.293572, 45.93236], [-1.293417, 45.93225], [-1.293304, 45.93216], [-1.292993, 45.93186], [-1.292785, 45.931664], [-1.292451, 45.931347], [-1.292031, 45.93101], [-1.291628, 45.930756], [-1.291274, 45.93055], [-1.290875, 45.930367], [-1.290203, 45.93008], [-1.287955, 45.929146], [-1.287407, 45.928886], [-1.287147, 45.92877], [-1.286823, 45.92861], [-1.286534, 45.928474], [-1.285713, 45.928085], [-1.284788, 45.927635], [-1.284318, 45.927395], [-1.283941, 45.92716], [-1.283751, 45.927013], [-1.283583, 45.926857], [-1.283302, 45.92656], [-1.283104, 45.92635], [-1.282941, 45.926167], [-1.282559, 45.92567], [-1.282171, 45.925213], [-1.28193, 45.92493], [-1.281924, 45.924927], [-1.281819, 45.92481], [-1.281323, 45.92425], [-1.281142, 45.92404], [-1.280945, 45.923862], [-1.280797, 45.9237], [-1.280315, 45.923126], [-1.27993, 45.92268], [-1.279192, 45.92183], [-1.277617, 45.92001], [-1.277383, 45.919743], [-1.276729, 45.919], [-1.276458, 45.91868], [-1.276017, 45.91818], [-1.275801, 45.91795], [-1.275651, 45.917805], [-1.275379, 45.917557], [-1.275126, 45.917347], [-1.274732, 45.91698], [-1.274284, 45.916615], [-1.273653, 45.91612], [-1.2734, 45.91592], [-1.273146, 45.915737], [-1.272552, 45.91527], [-1.272359, 45.91512], [-1.272225, 45.915012], [-1.27219, 45.91499], [-1.271481, 45.91447], [-1.271277, 45.914352], [-1.270978, 45.914154], [-1.270835, 45.914074], [-1.270533, 45.9139], [-1.270091, 45.91365], [-1.269548, 45.91335], [-1.269344, 45.913235], [-1.269246, 45.91318], [-1.26921, 45.91316], [-1.269109, 45.913094], [-1.26875, 45.91289], [-1.268479, 45.91274], [-1.268406, 45.912697], [-1.268093, 45.91252], [-1.267988, 45.91246], [-1.26785, 45.912384], [-1.267764, 45.912334], [-1.267463, 45.912167], [-1.267356, 45.912106], [-1.267073, 45.911945], [-1.266919, 45.911858], [-1.266772, 45.911766], [-1.266759, 45.91176], [-1.266544, 45.911613], [-1.266232, 45.911404], [-1.266089, 45.91128], [-1.266069, 45.911255], [-1.266078, 45.911236], [-1.266081, 45.911213], [-1.266077, 45.911194], [-1.266066, 45.911175], [-1.266049, 45.911156], [-1.266027, 45.91114], [-1.266, 45.911133], [-1.265971, 45.911125], [-1.26594, 45.911125], [-1.26591, 45.91113], [-1.26583, 45.911106], [-1.265794, 45.91109], [-1.265621, 45.91097], [-1.265469, 45.910843], [-1.265428, 45.91081], [-1.26538, 45.91077], [-1.26535, 45.910748], [-1.26517, 45.91062], [-1.265106, 45.910587], [-1.264934, 45.910442], [-1.264909, 45.91042], [-1.264715, 45.91025], [-1.264596, 45.91014], [-1.264547, 45.91009], [-1.264329, 45.909893], [-1.264214, 45.9098], [-1.264112, 45.909714], [-1.264097, 45.9097], [-1.263839, 45.909477], [-1.263804, 45.909447], [-1.263789, 45.90943], [-1.263765, 45.90938], [-1.263474, 45.90913], [-1.263415, 45.90908], [-1.263314, 45.909016], [-1.263289, 45.909], [-1.263272, 45.908985], [-1.263244, 45.908962], [-1.263206, 45.90904], [-1.263194, 45.909157], [-1.263291, 45.909245], [-1.263322, 45.90928], [-1.263374, 45.90932], [-1.263381, 45.90933], [-1.263488, 45.909428], [-1.263512, 45.909447], [-1.263718, 45.90947], [-1.263747, 45.909473], [-1.26376, 45.909466], [-1.263804, 45.909447], [-1.263789, 45.90943], [-1.263765, 45.90938], [-1.263474, 45.90913], [-1.263415, 45.90908], [-1.263314, 45.909016], [-1.263289, 45.909], [-1.263272, 45.908985], [-1.263244, 45.908962], [-1.262951, 45.908695], [-1.262905, 45.908653], [-1.262829, 45.908585], [-1.262798, 45.90856], [-1.262614, 45.908398], [-1.262599, 45.908386], [-1.262489, 45.90829], [-1.262463, 45.908264], [-1.26244, 45.90824], [-1.262167, 45.908016], [-1.261974, 45.907833], [-1.261914, 45.907784], [-1.261815, 45.9077], [-1.261781, 45.90767], [-1.26153, 45.907436], [-1.261178, 45.90714], [-1.2611, 45.907074], [-1.260902, 45.906895], [-1.26087, 45.90687], [-1.260827, 45.906837], [-1.260704, 45.90673], [-1.260651, 45.90668], [-1.260511, 45.90655], [-1.260346, 45.9064], [-1.260284, 45.90634], [-1.260116, 45.90618], [-1.260077, 45.906155], [-1.259952, 45.906075], [-1.259822, 45.905994], [-1.259664, 45.90592], [-1.259613, 45.905888], [-1.259554, 45.905846], [-1.259485, 45.9058], [-1.259449, 45.90577], [-1.259419, 45.90571], [-1.259368, 45.905663], [-1.259301, 45.905624], [-1.259221, 45.905598], [-1.259139, 45.90559], [-1.259057, 45.905598], [-1.258929, 45.905586], [-1.258825, 45.90556], [-1.258791, 45.905552], [-1.258558, 45.905453], [-1.258249, 45.905346], [-1.257802, 45.90513], [-1.257643, 45.905018], [-1.257557, 45.90496], [-1.257427, 45.904873], [-1.257208, 45.904728], [-1.256885, 45.904503], [-1.256586, 45.904297], [-1.255717, 45.903683], [-1.25569, 45.903667], [-1.255585, 45.90359], [-1.255105, 45.90324], [-1.2550976, 45.903236], [-1.25508, 45.90322], [-1.254746, 45.90297], [-1.254593, 45.90287], [-1.254485, 45.902817], [-1.254456, 45.902805], [-1.254389, 45.90278], [-1.254324, 45.902752], [-1.254216, 45.902718], [-1.254007, 45.90267], [-1.253886, 45.902657], [-1.253802, 45.90264], [-1.253696, 45.902637], [-1.253148, 45.90261], [-1.253004, 45.902588], [-1.252915, 45.902573], [-1.252826, 45.90255], [-1.25274, 45.90249], [-1.25267, 45.90247], [-1.252594, 45.902466], [-1.252522, 45.90248], [-1.252439, 45.902534], [-1.252393, 45.90259], [-1.252248, 45.902668], [-1.25202, 45.90274], [-1.251679, 45.902782], [-1.251253, 45.902824], [-1.251212, 45.90283], [-1.250788, 45.902813], [-1.250601, 45.902786], [-1.250294, 45.90274], [-1.249892, 45.90263], [-1.24873, 45.902237], [-1.248232, 45.90207], [-1.246767, 45.901585], [-1.24665, 45.901546], [-1.244078, 45.9007], [-1.241496, 45.89984], [-1.240375, 45.899467], [-1.239805, 45.89924], [-1.239212, 45.898975], [-1.238551, 45.89865], [-1.23744, 45.898113], [-1.236189, 45.8975], [-1.233456, 45.896156], [-1.232937, 45.8959], [-1.230494, 45.8947], [-1.229758, 45.89434], [-1.2294, 45.894176], [-1.228986, 45.894], [-1.228092, 45.893665], [-1.227934, 45.89361], [-1.227637, 45.893497], [-1.227331, 45.893383], [-1.226577, 45.8931], [-1.226181, 45.892933], [-1.225587, 45.892654], [-1.225074, 45.89241], [-1.224616, 45.8922], [-1.224339, 45.89208], [-1.224187, 45.892006], [-1.22357, 45.891712], [-1.223416, 45.89164], [-1.222943, 45.891487], [-1.222759, 45.891434], [-1.222681, 45.89141], [-1.222166, 45.89126], [-1.221339, 45.891018], [-1.220635, 45.89081], [-1.220494, 45.890766], [-1.220271, 45.8907], [-1.219971, 45.890614], [-1.219807, 45.89057], [-1.219807, 45.89057], [-1.218275, 45.890186], [-1.218078, 45.890125], [-1.217805, 45.890045], [-1.217628, 45.88998], [-1.21757, 45.889957], [-1.217504, 45.88993], [-1.217346, 45.889847], [-1.216516, 45.88921], [-1.216291, 45.889076], [-1.216163, 45.889015], [-1.216119, 45.888996], [-1.215921, 45.888905], [-1.21532, 45.888603], [-1.214515, 45.888103], [-1.214191, 45.88797], [-1.21401, 45.88791], [-1.212471, 45.88739], [-1.212312, 45.887375], [-1.212023, 45.887367], [-1.211176, 45.88738], [-1.210107, 45.8874], [-1.209768, 45.8874], [-1.209642, 45.8874], [-1.209454, 45.8874], [-1.209286, 45.8874], [-1.208157, 45.887398], [-1.208025, 45.887398], [-1.207673, 45.88739], [-1.207142, 45.88732], [-1.207003, 45.887295], [-1.206878, 45.887276], [-1.206389, 45.887184], [-1.206031, 45.88714], [-1.205743, 45.88713], [-1.20425, 45.887245], [-1.204141, 45.887253], [-1.204055, 45.887257], [-1.203381, 45.887306], [-1.203239, 45.88732], [-1.202951, 45.887352], [-1.202274, 45.88745], [-1.201363, 45.88767], [-1.200705, 45.88784], [-1.200368, 45.88788], [-1.200353, 45.88787], [-1.200337, 45.887867], [-1.200314, 45.887863], [-1.200283, 45.887863], [-1.200261, 45.887867], [-1.200241, 45.887794], [-1.20024, 45.887695], [-1.200289, 45.88756], [-1.200306, 45.88753], [-1.200365, 45.88741], [-1.2004194, 45.88732], [-1.200435, 45.887295], [-1.200536, 45.887127], [-1.200693, 45.88696], [-1.200877, 45.88676], [-1.200943, 45.88663], [-1.20106, 45.88629], [-1.201195, 45.885975], [-1.201196, 45.88592], [-1.201136, 45.885883], [-1.201041, 45.885864], [-1.20043, 45.885765], [-1.200245, 45.885735], [-1.200109, 45.885708], [-1.20001, 45.885666], [-1.199945, 45.88561], [-1.199879, 45.885544], [-1.199804, 45.885414], [-1.19966, 45.885143], [-1.199533, 45.884895], [-1.199408, 45.884754], [-1.199354, 45.884712], [-1.19925, 45.884632], [-1.198671, 45.884205], [-1.197937, 45.883644], [-1.197856, 45.883602], [-1.197775, 45.883568], [-1.19768, 45.883556], [-1.197501, 45.883556], [-1.197239, 45.8836], [-1.19604, 45.883873], [-1.195818, 45.883877], [-1.195384, 45.884174], [-1.19505, 45.88409], [-1.194651, 45.88399], [-1.194178, 45.88387], [-1.194042, 45.88383], [-1.193823, 45.883774], [-1.193671, 45.883736], [-1.193545, 45.883705], [-1.193449, 45.88368], [-1.19342, 45.883675], [-1.193184, 45.88361], [-1.192857, 45.88353], [-1.192658, 45.883484], [-1.192583, 45.883465], [-1.192363, 45.88338], [-1.192228, 45.883316], [-1.1922, 45.883175], [-1.192181, 45.88312], [-1.192154, 45.882996], [-1.19215, 45.88281], [-1.192185, 45.882687], [-1.192287, 45.88252], [-1.192366, 45.882465], [-1.19243, 45.882416], [-1.192969, 45.88203], [-1.19321, 45.881866], [-1.19339, 45.881718], [-1.193419, 45.881687], [-1.193471, 45.88163], [-1.193576, 45.88152], [-1.19371, 45.88133], [-1.19379, 45.88116], [-1.193888, 45.880882], [-1.193934, 45.880676], [-1.194058, 45.879993], [-1.194097, 45.87981], [-1.194125, 45.879677], [-1.194188, 45.879353], [-1.194537, 45.877563], [-1.1947, 45.876728], [-1.194762, 45.87641], [-1.194982, 45.87528], [-1.195071, 45.874847], [-1.195141, 45.874542], [-1.195201, 45.87437], [-1.195271, 45.8742], [-1.195353, 45.874058], [-1.195542, 45.873795], [-1.195773, 45.873535], [-1.196916, 45.87244], [-1.197073, 45.872284], [-1.197482, 45.871864], [-1.199838, 45.869576], [-1.2, 45.869358], [-1.200072, 45.869225], [-1.200134, 45.86909], [-1.200193, 45.86887], [-1.200221, 45.8686], [-1.200232, 45.867535], [-1.200252, 45.86709], [-1.200247, 45.86636], [-1.200193, 45.866108], [-1.200036, 45.865677], [-1.199979, 45.865524], [-1.199949, 45.865376], [-1.199915, 45.86524], [-1.199903, 45.8652], [-1.199814, 45.86491], [-1.199762, 45.86479], [-1.199709, 45.86475], [-1.199461, 45.864555], [-1.19836, 45.8639], [-1.198104, 45.86376], [-1.197842, 45.863625], [-1.19672, 45.863102], [-1.19596, 45.86264], [-1.195041, 45.862106], [-1.188662, 45.85825], [-1.184303, 45.855618], [-1.179895, 45.85295], [-1.176452, 45.850883], [-1.172982, 45.848793], [-1.170202, 45.8471], [-1.169734, 45.84682], [-1.169408, 45.846653], [-1.168906, 45.846424], [-1.16835, 45.846214], [-1.167796, 45.846054], [-1.16724, 45.845936], [-1.166658, 45.845844], [-1.166297, 45.84581], [-1.165985, 45.84579], [-1.165732, 45.845783], [-1.16473, 45.84576], [-1.163934, 45.84578], [-1.16288, 45.845806], [-1.1628, 45.845806], [-1.161778, 45.845848], [-1.161326, 45.845867], [-1.161228, 45.845875], [-1.160342, 45.845905], [-1.15988, 45.845917], [-1.159573, 45.845913], [-1.159394, 45.845913], [-1.159008, 45.845932], [-1.15864, 45.845913], [-1.158581, 45.84591], [-1.158433, 45.845905], [-1.158369, 45.845917], [-1.158312, 45.845955], [-1.158231, 45.846046], [-1.158196, 45.846127], [-1.158153, 45.846237], [-1.158105, 45.846294], [-1.157933, 45.846413], [-1.157629, 45.846523], [-1.157442, 45.846596], [-1.157386, 45.84662], [-1.157274, 45.846664], [-1.1572534, 45.846672], [-1.157194, 45.8467], [-1.156862, 45.84683], [-1.15682, 45.846848], [-1.156776, 45.846874], [-1.156596, 45.846985], [-1.156541, 45.84702], [-1.156362, 45.847134], [-1.156087, 45.847317], [-1.155684, 45.84774], [-1.155422, 45.848064], [-1.155401, 45.8481], [-1.15522, 45.84835], [-1.155188, 45.848396], [-1.15501, 45.848644], [-1.154935, 45.848618], [-1.154615, 45.848534], [-1.154575, 45.848522], [-1.154508, 45.84851], [-1.154294, 45.848473], [-1.153318, 45.848564], [-1.153203, 45.84857], [-1.153079, 45.848583], [-1.152943, 45.848595], [-1.152816, 45.848583], [-1.152332, 45.848545], [-1.152307, 45.848534], [-1.152253, 45.848515], [-1.151994, 45.848423], [-1.151938, 45.848404], [-1.15187, 45.848377], [-1.151789, 45.848324], [-1.151623, 45.848206], [-1.151294, 45.847973], [-1.150833, 45.84765], [-1.150667, 45.847607], [-1.150331, 45.847523], [-1.150179, 45.847485], [-1.149899, 45.847412], [-1.149766, 45.847378], [-1.149436, 45.847294], [-1.149323, 45.847267], [-1.149245, 45.84725], [-1.148921, 45.847157], [-1.148842, 45.84714], [-1.148785, 45.84713], [-1.148788, 45.847046], [-1.148717, 45.847054], [-1.148659, 45.84705], [-1.148604, 45.847065], [-1.148394, 45.847137], [-1.148207, 45.847218], [-1.147993, 45.847347], [-1.14782, 45.847214], [-1.147527, 45.84698], [-1.14748, 45.846943], [-1.147488, 45.846924], [-1.147485, 45.846905], [-1.147472, 45.846886], [-1.14745, 45.846874], [-1.147424, 45.84687], [-1.147396, 45.84687], [-1.147371, 45.84688], [-1.147354, 45.846897], [-1.147346, 45.846912], [-1.147349, 45.846935], [-1.147298, 45.846973], [-1.147249, 45.84705], [-1.1472417, 45.84706], [-1.147191, 45.84714], [-1.146946, 45.847473], [-1.146741, 45.847397], [-1.146683, 45.847378], [-1.146596, 45.847347], [-1.146497, 45.847305], [-1.146408, 45.84725], [-1.146279, 45.8472], [-1.146113, 45.84715], [-1.145974, 45.847122], [-1.145588, 45.84696], [-1.14541, 45.84689], [-1.145184, 45.8468], [-1.144916, 45.846703], [-1.144756, 45.846626], [-1.144578, 45.846535], [-1.143527, 45.846], [-1.142568, 45.845497], [-1.142613, 45.84547], [-1.143004, 45.84531], [-1.143173, 45.84524], [-1.143417, 45.84488], [-1.143563, 45.84467], [-1.143736, 45.844414], [-1.143822, 45.84431], [-1.14385, 45.844276], [-1.14366, 45.84403], [-1.143486, 45.843838], [-1.143152, 45.843475], [-1.141575, 45.841766], [-1.141268, 45.841427], [-1.141034, 45.84117], [-1.140779, 45.840893], [-1.140243, 45.84031], [-1.140031, 45.84008], [-1.140007, 45.840054], [-1.139932, 45.83998], [-1.139148, 45.839203], [-1.139113, 45.83917], [-1.138986, 45.83905], [-1.138821, 45.838898], [-1.138689, 45.83877], [-1.138557, 45.83867], [-1.138445, 45.83858], [-1.138356, 45.83849], [-1.138355, 45.838486], [-1.13828, 45.838406], [-1.138272, 45.838394], [-1.138188, 45.838284], [-1.138064, 45.83809], [-1.138074, 45.83797], [-1.13809, 45.83793], [-1.138118, 45.837875], [-1.138141, 45.837868], [-1.138164, 45.837856], [-1.138185, 45.837845], [-1.13822, 45.837822], [-1.138249, 45.837795], [-1.138272, 45.83777], [-1.138288, 45.837734], [-1.138296, 45.837704], [-1.138297, 45.83767], [-1.138291, 45.83764], [-1.138271, 45.837597], [-1.138241, 45.837563], [-1.138201, 45.83753], [-1.138139, 45.837498], [-1.138069, 45.837482], [-1.137994, 45.837475], [-1.137915, 45.837482], [-1.137841, 45.837505], [-1.13778, 45.837543], [-1.137653, 45.83755], [-1.137603, 45.83755], [-1.137449, 45.837547], [-1.137025, 45.837524], [-1.136785, 45.83748], [-1.136588, 45.837425], [-1.136077, 45.8372], [-1.135854, 45.837112], [-1.135196, 45.836815], [-1.134464, 45.83649], [-1.134372, 45.83645], [-1.133721, 45.836178], [-1.133501, 45.836086], [-1.132853, 45.835793], [-1.132232, 45.83555], [-1.131332, 45.835155], [-1.130791, 45.834915], [-1.129984, 45.834564], [-1.129919, 45.834534], [-1.129805, 45.834484], [-1.129672, 45.834427], [-1.129658, 45.83442], [-1.129264, 45.834248], [-1.129151, 45.834198], [-1.128862, 45.83407], [-1.127855, 45.833622], [-1.126935, 45.833214], [-1.12686, 45.83318], [-1.12674, 45.83313], [-1.126408, 45.83294], [-1.126248, 45.832874], [-1.126023, 45.832794], [-1.125874, 45.832745], [-1.124183, 45.831993], [-1.123744, 45.831795], [-1.123, 45.831455], [-1.122513, 45.831257], [-1.122042, 45.831093], [-1.121616, 45.830914], [-1.121073, 45.830753], [-1.120911, 45.83072], [-1.12045, 45.830658], [-1.120268, 45.830605], [-1.120184, 45.830566], [-1.120129, 45.83052], [-1.120077, 45.830456], [-1.120054, 45.830414], [-1.120078, 45.830376], [-1.120092, 45.830334], [-1.120094, 45.830288], [-1.120085, 45.830246], [-1.120064, 45.830204], [-1.120033, 45.830166], [-1.119992, 45.83013], [-1.119942, 45.8301], [-1.119886, 45.83008], [-1.119833, 45.830067], [-1.119777, 45.83006], [-1.11972, 45.83006], [-1.119664, 45.830067], [-1.119649, 45.83007], [-1.119611, 45.83008], [-1.11956, 45.830097], [-1.119515, 45.83012], [-1.119455, 45.83017], [-1.119415, 45.83023], [-1.1194, 45.830296], [-1.119397, 45.83034], [-1.119308, 45.83041], [-1.11923, 45.83046], [-1.11914, 45.8305], [-1.119059, 45.830524], [-1.118971, 45.83054], [-1.118803, 45.83056], [-1.118544, 45.830574], [-1.117464, 45.83065], [-1.116352, 45.83073], [-1.114945, 45.83083], [-1.114813, 45.830837], [-1.113716, 45.83091], [-1.112926, 45.83097], [-1.112665, 45.830994], [-1.112333, 45.831028], [-1.112082, 45.83105], [-1.111438, 45.831104], [-1.111019, 45.831104], [-1.110707, 45.8311], [-1.110383, 45.83109], [-1.109972, 45.831066], [-1.109582, 45.83104], [-1.109177, 45.831], [-1.108489, 45.830925], [-1.107896, 45.830864], [-1.107199, 45.83079], [-1.106045, 45.83067], [-1.104269, 45.83047], [-1.102973, 45.830334], [-1.102194, 45.83025], [-1.101192, 45.830143], [-1.100656, 45.83008], [-1.100086, 45.82996], [-1.099322, 45.829796], [-1.098886, 45.829697], [-1.098362, 45.829556], [-1.098029, 45.82946], [-1.09805, 45.829422], [-1.09815, 45.82932], [-1.098225, 45.829247], [-1.098714, 45.82888], [-1.098981, 45.828735], [-1.09958, 45.82849], [-1.099815, 45.828392], [-1.100097, 45.828255], [-1.100488, 45.828037], [-1.100779, 45.827843], [-1.10072, 45.827812], [-1.100348, 45.827682], [-1.099962, 45.827538], [-1.099855, 45.8275], [-1.099543, 45.827393], [-1.099487, 45.827374], [-1.099356, 45.827328], [-1.099169, 45.82726], [-1.098996, 45.827183], [-1.098771, 45.827084], [-1.098699, 45.827045], [-1.098675, 45.827034], [-1.098433, 45.826904], [-1.098131, 45.826744], [-1.098125, 45.82674], [-1.097642, 45.826485], [-1.097351, 45.82633], [-1.096918, 45.82608], [-1.096918, 45.82608], [-1.096769, 45.825996], [-1.096386, 45.8258], [-1.096026, 45.82562], [-1.095654, 45.82543], [-1.095365, 45.825287], [-1.095232, 45.825207], [-1.095142, 45.825138], [-1.095118, 45.82511], [-1.095, 45.82514], [-1.094853, 45.825184], [-1.094666, 45.825256], [-1.09447, 45.825356], [-1.094371, 45.825413], [-1.094104, 45.8256], [-1.09376, 45.825874], [-1.093259, 45.826233], [-1.093058, 45.826378], [-1.093032, 45.826397], [-1.092969, 45.826424], [-1.092787, 45.826477], [-1.09272, 45.826492], [-1.092656, 45.82649], [-1.092592, 45.826492], [-1.092347, 45.826385], [-1.091418, 45.82582], [-1.091049, 45.825623], [-1.089785, 45.824844], [-1.08863, 45.82411], [-1.08765, 45.82349], [-1.086816, 45.822956], [-1.086346, 45.822647], [-1.085674, 45.82221], [-1.08561, 45.82216], [-1.085499, 45.822044], [-1.085033, 45.82166], [-1.084617, 45.821335], [-1.0845, 45.821266], [-1.08441, 45.82125], [-1.084372, 45.82126], [-1.084017, 45.82114], [-1.083419, 45.820953], [-1.083149, 45.820892], [-1.082759, 45.820816], [-1.082453, 45.82077], [-1.082115, 45.82072], [-1.081748, 45.820694], [-1.081357, 45.820683], [-1.080927, 45.820698], [-1.080325, 45.820766], [-1.079536, 45.820904], [-1.079499, 45.82091], [-1.078823, 45.821117], [-1.077667, 45.82164], [-1.077275, 45.821815], [-1.076852, 45.821976], [-1.076298, 45.82212], [-1.075594, 45.82224], [-1.074998, 45.822304], [-1.073606, 45.8224], [-1.072134, 45.82253], [-1.072, 45.822536], [-1.071849, 45.822556], [-1.068762, 45.822865], [-1.066182, 45.82312], [-1.056666, 45.824112], [-1.056039, 45.824173], [-1.055922, 45.824184], [-1.05573, 45.824203], [-1.05504, 45.824257], [-1.054508, 45.82427], [-1.049709, 45.824287], [-1.049124, 45.824253], [-1.048046, 45.82414], [-1.047496, 45.8241], [-1.046926, 45.824112], [-1.046351, 45.824165], [-1.045973, 45.82422], [-1.045471, 45.824326], [-1.044947, 45.824474], [-1.044702, 45.824566], [-1.04432, 45.824726], [-1.044048, 45.824856], [-1.043824, 45.824993], [-1.043628, 45.8251], [-1.043311, 45.82532], [-1.042911, 45.825657], [-1.042702, 45.825863], [-1.042555, 45.826], [-1.042215, 45.826336], [-1.04198, 45.826534], [-1.04108, 45.827183], [-1.039852, 45.82802], [-1.038454, 45.828995], [-1.036348, 45.830505], [-1.035358, 45.83119], [-1.033524, 45.832478], [-1.029286, 45.835464], [-1.025901, 45.83785], [-1.023358, 45.83964], [-1.021758, 45.84074], [-1.020708, 45.84148], [-1.020172, 45.841854], [-1.018433, 45.843132], [-1.015951, 45.844845], [-1.015551, 45.84509], [-1.015199, 45.845287], [-1.015136, 45.845318], [-1.014847, 45.84546], [-1.01454, 45.845596], [-1.014156, 45.84576], [-1.013622, 45.845947], [-1.013257, 45.846066], [-1.012873, 45.846165], [-1.011977, 45.846367], [-1.008698, 45.847103], [-1.008253, 45.847202], [-0.985123, 45.852345], [-0.983868, 45.852646], [-0.983411, 45.852776], [-0.98296, 45.85293], [-0.982535, 45.853092], [-0.982319, 45.853176], [-0.981467, 45.853603], [-0.98099, 45.853886], [-0.980608, 45.854153], [-0.980234, 45.85446], [-0.979907, 45.85475], [-0.979479, 45.85519], [-0.9792, 45.85557], [-0.978794, 45.85621], [-0.977697, 45.85853], [-0.97748, 45.8589], [-0.977235, 45.859222], [-0.976927, 45.859547], [-0.976638, 45.859818], [-0.975943, 45.860435], [-0.975546, 45.86077], [-0.973789, 45.862312], [-0.973526, 45.86243], [-0.973164, 45.86255], [-0.972536, 45.862755], [-0.971819, 45.86299], [-0.9717, 45.863033], [-0.969798, 45.86365], [-0.96923, 45.86383], [-0.968499, 45.864067], [-0.96814, 45.864185], [-0.967833, 45.86421], [-0.967738, 45.864204], [-0.967671, 45.864193], [-0.9676, 45.86417], [-0.967538, 45.86414], [-0.967483, 45.864098], [-0.967435, 45.86405], [-0.967398, 45.86401], [-0.96737, 45.86395], [-0.967356, 45.8639], [-0.967355, 45.86384], [-0.967367, 45.863785], [-0.96739, 45.863735], [-0.967426, 45.86369], [-0.967482, 45.86364], [-0.967553, 45.863598], [-0.96763, 45.86356], [-0.967711, 45.863537], [-0.967798, 45.86352], [-0.96789, 45.863518], [-0.967977, 45.863518], [-0.968065, 45.86353], [-0.968141, 45.86355], [-0.96822, 45.863567], [-0.968301, 45.863598], [-0.96838, 45.863636], [-0.968457, 45.86368], [-0.968536, 45.86374], [-0.968614, 45.8638], [-0.968683, 45.863876], [-0.968738, 45.863956], [-0.968802, 45.864082], [-0.96919, 45.865517], [-0.969233, 45.865726], [-0.969306, 45.866287], [-0.969346, 45.866776], [-0.969364, 45.867165], [-0.969369, 45.867542], [-0.969353, 45.86824], [-0.969327, 45.86859], [-0.969294, 45.868935], [-0.969224, 45.869453], [-0.969138, 45.86995], [-0.969047, 45.870388], [-0.968944, 45.87081], [-0.968838, 45.871185], [-0.968724, 45.871548], [-0.96849, 45.87221], [-0.968305, 45.87266], [-0.968116, 45.8731], [-0.967736, 45.87389], [-0.96752, 45.87435], [-0.967304, 45.874794], [-0.967094, 45.87521], [-0.966877, 45.875614], [-0.96671, 45.875927], [-0.966569, 45.8762], [-0.966428, 45.876453], [-0.966223, 45.87679], [-0.965884, 45.87731], [-0.965661, 45.877625], [-0.965477, 45.877857], [-0.965045, 45.878387], [-0.964808, 45.878654], [-0.96464, 45.878838], [-0.964442, 45.87904], [-0.963985, 45.879498], [-0.963747, 45.87975], [-0.963545, 45.879974], [-0.963369, 45.880173], [-0.963142, 45.880447], [-0.96296, 45.88068], [-0.962777, 45.880917], [-0.962616, 45.88115], [-0.96211, 45.8819], [-0.961616, 45.88264], [-0.961394, 45.883], [-0.961238, 45.883274], [-0.961101, 45.88353], [-0.960943, 45.883858], [-0.960804, 45.884163], [-0.960706, 45.884415], [-0.960632, 45.884624], [-0.960567, 45.88483], [-0.960517, 45.885048], [-0.960478, 45.88527], [-0.960446, 45.885498], [-0.960428, 45.885754], [-0.960427, 45.88593], [-0.960432, 45.886078], [-0.960445, 45.88623], [-0.960472, 45.8864], [-0.960506, 45.886547], [-0.960552, 45.886703], [-0.960603, 45.88688], [-0.960672, 45.887054], [-0.960748, 45.887238], [-0.960837, 45.887417], [-0.96096, 45.887634], [-0.96111, 45.887856], [-0.961347, 45.888157], [-0.961477, 45.888298], [-0.96163, 45.888454], [-0.961756, 45.888573], [-0.961927, 45.888725], [-0.962426, 45.889156], [-0.962649, 45.889355], [-0.963344, 45.889946], [-0.964045, 45.89055], [-0.966199, 45.892395], [-0.96646, 45.892635], [-0.966592, 45.89276], [-0.966746, 45.89293], [-0.966899, 45.89311], [-0.967061, 45.893307], [-0.967236, 45.893543], [-0.967413, 45.893803], [-0.967718, 45.89426], [-0.968431, 45.895325], [-0.968933, 45.896084], [-0.969084, 45.89635], [-0.96923, 45.896633], [-0.969361, 45.896996], [-0.96943, 45.8972], [-0.969497, 45.897434], [-0.969556, 45.897694], [-0.969605, 45.89797], [-0.969633, 45.89819], [-0.969648, 45.8984], [-0.96966, 45.89871], [-0.96965, 45.89898], [-0.969586, 45.899406], [-0.969529, 45.899654], [-0.969448, 45.899937], [-0.969336, 45.900238], [-0.969201, 45.900547], [-0.969023, 45.90088], [-0.968032, 45.902626], [-0.967111, 45.90425], [-0.966672, 45.905025], [-0.966262, 45.905743], [-0.966083, 45.90605], [-0.965928, 45.90635], [-0.965835, 45.906548], [-0.965754, 45.906757], [-0.965676, 45.906998], [-0.965468, 45.907597], [-0.965432, 45.90785], [-0.965363, 45.908287], [-0.965322, 45.908665], [-0.965308, 45.909115], [-0.965311, 45.90957], [-0.965281, 45.910015], [-0.965217, 45.91073], [-0.965192, 45.91106], [-0.965174, 45.911427], [-0.965166, 45.91177], [-0.965171, 45.91201], [-0.96518, 45.91214], [-0.965198, 45.9124], [-0.965216, 45.912655], [-0.965241, 45.912857], [-0.965287, 45.9132], [-0.965339, 45.913563], [-0.965409, 45.913895], [-0.965513, 45.914337], [-0.965615, 45.914696], [-0.965752, 45.915146], [-0.965878, 45.915504], [-0.966057, 45.91596], [-0.966248, 45.916405], [-0.966405, 45.91674], [-0.966632, 45.91719], [-0.966872, 45.917625], [-0.96713, 45.91806], [-0.967417, 45.9185], [-0.967679, 45.918865], [-0.967958, 45.91923], [-0.968204, 45.91954], [-0.968526, 45.919914], [-0.968886, 45.920307], [-0.969073, 45.920506], [-0.969389, 45.920822], [-0.969711, 45.921124], [-0.969836, 45.92124], [-0.970158, 45.921516], [-0.970588, 45.921867], [-0.970728, 45.922012], [-0.97079, 45.922085], [-0.970823, 45.92213], [-0.970852, 45.922184], [-0.970875, 45.922245], [-0.970887, 45.922314], [-0.970889, 45.92237], [-0.970879, 45.92243], [-0.97087, 45.92247], [-0.97085, 45.922516], [-0.970824, 45.922554], [-0.970793, 45.922585], [-0.97071, 45.92265], [-0.970486, 45.922775], [-0.969507, 45.92331], [-0.969425, 45.923347], [-0.969328, 45.923386], [-0.969209, 45.9234], [-0.969133, 45.923412], [-0.969012, 45.923363], [-0.968879, 45.923336], [-0.968776, 45.92333], [-0.968673, 45.923332], [-0.968573, 45.923347], [-0.968478, 45.923374], [-0.968393, 45.923412], [-0.968317, 45.92346], [-0.968253, 45.92351], [-0.968201, 45.923573], [-0.968165, 45.923637], [-0.968143, 45.923702], [-0.968137, 45.923775], [-0.968148, 45.923843], [-0.968174, 45.923912], [-0.968215, 45.923973], [-0.96827, 45.92403], [-0.968281, 45.924164], [-0.968275, 45.92421], [-0.968259, 45.92425], [-0.968236, 45.924297], [-0.968184, 45.924377], [-0.968004, 45.924595], [-0.96781, 45.92482], [-0.96767, 45.92498], [-0.967303, 45.92537], [-0.966515, 45.926247], [-0.965711, 45.927216], [-0.964588, 45.928482], [-0.96437, 45.92881], [-0.964256, 45.929207], [-0.9643, 45.929577], [-0.964462, 45.929874], [-0.964497, 45.92993], [-0.964643, 45.93016], [-0.964827, 45.930405], [-0.964884, 45.93046], [-0.964979, 45.93053], [-0.965237, 45.930676], [-0.965283, 45.93078], [-0.965306, 45.93087], [-0.96533, 45.93092], [-0.965288, 45.930954], [-0.965256, 45.930992], [-0.965231, 45.93105], [-0.965233, 45.931114], [-0.965262, 45.93117], [-0.9653, 45.931213], [-0.965321, 45.931225], [-0.965352, 45.931244], [-0.965413, 45.93127], [-0.965501, 45.93138], [-0.965678, 45.931606], [-0.965729, 45.93169], [-0.9657353, 45.9317], [-0.965821, 45.931847], [-0.966124, 45.93239], [-0.966265, 45.93264], [-0.966321, 45.93274], [-0.966367, 45.932796], [-0.966345, 45.932808], [-0.966332, 45.932823], [-0.966331, 45.932846], [-0.966341, 45.93286], [-0.966362, 45.932877], [-0.966348, 45.932938], [-0.966312, 45.932987], [-0.966261, 45.93309], [-0.966051, 45.933426], [-0.965547, 45.93428], [-0.965315, 45.934696], [-0.965276, 45.93499], [-0.965278, 45.935043], [-0.965282, 45.93508], [-0.96526, 45.935093], [-0.965247, 45.93511], [-0.965247, 45.93513], [-0.965259, 45.935146], [-0.965201, 45.935158], [-0.965145, 45.93517], [-0.964572, 45.935238], [-0.964486, 45.935726], [-0.964464, 45.93585], [-0.964455, 45.93589], [-0.96448, 45.935894], [-0.964568, 45.9359], [-0.964684, 45.935913], [-0.965123, 45.935963], [-0.965131, 45.935963], [-0.965249, 45.936024], [-0.965245, 45.936047], [-0.965238, 45.93608], [-0.965218, 45.936207], [-0.965196, 45.936314], [-0.965185, 45.936394], [-0.965163, 45.936493], [-0.965117, 45.93674], [-0.965127, 45.936844], [-0.965131, 45.936913], [-0.96517, 45.937122], [-0.965222, 45.937275], [-0.965257, 45.93736], [-0.965297, 45.93749], [-0.965262, 45.937607], [-0.965088, 45.93782], [-0.964965, 45.93792], [-0.964912, 45.93796], [-0.964816, 45.938046], [-0.964681, 45.937992], [-0.964266, 45.937824], [-0.964154, 45.937847], [-0.96402, 45.937893], [-0.963895, 45.93823], [-0.963873, 45.938328], [-0.963778, 45.938774], [-0.963768, 45.938828], [-0.963751, 45.938904], [-0.963555, 45.939774], [-0.963495, 45.94004], [-0.963485, 45.940083], [-0.963434, 45.940327], [-0.962555, 45.94024], [-0.962413, 45.940975], [-0.962354, 45.941315], [-0.96237, 45.941364], [-0.962407, 45.941402], [-0.96259, 45.9415], [-0.962774, 45.94157], [-0.962862, 45.941597], [-0.962959, 45.94167], [-0.962998, 45.94169], [-0.962989, 45.941708], [-0.962992, 45.941727], [-0.962945, 45.941753], [-0.962813, 45.94183], [-0.962771, 45.941856], [-0.962733, 45.941917], [-0.962621, 45.94199], [-0.962379, 45.942184], [-0.962109, 45.9424], [-0.96195, 45.942524], [-0.961745, 45.94264], [-0.961509, 45.94272], [-0.961505, 45.94272], [-0.961409, 45.94275], [-0.961156, 45.94285], [-0.961113, 45.94287], [-0.9611, 45.94288], [-0.960988, 45.94291], [-0.960873, 45.94295], [-0.960731, 45.94299], [-0.960662, 45.942993], [-0.960611, 45.942986], [-0.960533, 45.94298], [-0.960511, 45.942966], [-0.960457, 45.94294], [-0.960403, 45.94293], [-0.960358, 45.94293], [-0.960307, 45.942932], [-0.960237, 45.94295], [-0.960178, 45.942978], [-0.960143, 45.943005], [-0.960109, 45.94305], [-0.960096, 45.94311], [-0.960094, 45.943184], [-0.960109, 45.94321], [-0.960128, 45.943245], [-0.960154, 45.943275], [-0.960177, 45.9433], [-0.960187, 45.943306], [-0.960208, 45.94332], [-0.960245, 45.943336], [-0.960281, 45.943348], [-0.960312, 45.94335], [-0.96037, 45.943344], [-0.960424, 45.943333], [-0.960557, 45.943363], [-0.96065, 45.943417], [-0.960846, 45.943665], [-0.961179, 45.94408], [-0.961516, 45.9445], [-0.961597, 45.944603], [-0.961697, 45.94472], [-0.96223, 45.945362], [-0.962302, 45.94545], [-0.962367, 45.94553], [-0.961856, 45.945953], [-0.961645, 45.946125], [-0.961548, 45.94621], [-0.96145, 45.946293], [-0.961427, 45.94631], [-0.961409, 45.946323], [-0.961805, 45.946613], [-0.96194, 45.94672], [-0.962367, 45.94697], [-0.962634, 45.947132], [-0.962704, 45.947163], [-0.962796, 45.94717], [-0.962971, 45.947147], [-0.962994, 45.94713], [-0.963076, 45.94715], [-0.96313, 45.947113], [-0.963238, 45.94704], [-0.963317, 45.946983], [-0.96333194, 45.94697], [-0.963357, 45.946953], [-0.963367, 45.946934], [-0.963398, 45.946873], [-0.963432, 45.946896], [-0.963476, 45.946907], [-0.963523, 45.94691], [-0.96356, 45.946903], [-0.963594, 45.94689], [-0.963621, 45.946873], [-0.963642, 45.946846], [-0.96365, 45.946815], [-0.963645, 45.94679], [-0.963627, 45.94676], [-0.963595, 45.946735], [-0.963553, 45.94672], [-0.963506, 45.946716], [-0.96346, 45.946724], [-0.963419, 45.94674], [-0.963389, 45.946766], [-0.963337, 45.946728], [-0.963296, 45.946697], [-0.963256, 45.94665], [-0.9631, 45.946453], [-0.963079, 45.946426], [-0.962637, 45.94587], [-0.962474, 45.945667], [-0.96243, 45.94561], [-0.962367, 45.94553], [-0.962302, 45.94545], [-0.96223, 45.945362], [-0.961697, 45.94472], [-0.961597, 45.944603], [-0.961516, 45.9445], [-0.961179, 45.94408], [-0.960846, 45.943665], [-0.96065, 45.943417], [-0.960627, 45.943287], [-0.960619, 45.943245], [-0.960621, 45.943203], [-0.960628, 45.943188], [-0.960627, 45.943127], [-0.960619, 45.943077], [-0.960581, 45.943027], [-0.960533, 45.94298], [-0.960511, 45.942966], [-0.960457, 45.94294], [-0.960403, 45.94293], [-0.960358, 45.94293], [-0.960307, 45.942932], [-0.960237, 45.94295], [-0.960178, 45.942978], [-0.960143, 45.943005], [-0.960109, 45.94305], [-0.960096, 45.94311], [-0.960094, 45.943184], [-0.960032, 45.94331], [-0.959936, 45.943565], [-0.95985, 45.943653], [-0.959733, 45.94373], [-0.959151, 45.944103], [-0.959048, 45.94417], [-0.958916, 45.94428], [-0.958884, 45.944298], [-0.958875, 45.9443], [-0.958591, 45.94447], [-0.958568, 45.94448], [-0.958348, 45.94457], [-0.958238, 45.944622], [-0.958176, 45.94464], [-0.958014, 45.944702], [-0.957817, 45.94478], [-0.957656, 45.94483], [-0.957513, 45.94488], [-0.957061, 45.945045], [-0.957001, 45.945065], [-0.956741, 45.945156], [-0.956553, 45.945244], [-0.956261, 45.945404], [-0.956105, 45.945477], [-0.955938, 45.94556], [-0.955772, 45.94565], [-0.955566, 45.945763], [-0.955418, 45.94585], [-0.955052, 45.946045], [-0.954714, 45.946228], [-0.95457, 45.946304], [-0.954501, 45.946342], [-0.954286, 45.946465], [-0.954242, 45.94649], [-0.954171, 45.94653], [-0.953707, 45.94679], [-0.953215, 45.947067], [-0.952856, 45.94726], [-0.952469, 45.947475], [-0.951704, 45.947903], [-0.951317, 45.94812], [-0.950916, 45.94832], [-0.950489, 45.948524], [-0.950028, 45.948723], [-0.949567, 45.948902], [-0.948873, 45.94915], [-0.948523, 45.949272], [-0.948222, 45.94938], [-0.948022, 45.949448], [-0.947733, 45.949543], [-0.947597, 45.94959], [-0.947002, 45.949787], [-0.94686, 45.949837], [-0.945871, 45.950153], [-0.94559, 45.950233], [-0.945381, 45.950302], [-0.945226, 45.95035], [-0.945164, 45.95035], [-0.945084, 45.950386], [-0.945013, 45.9504], [-0.94493, 45.950417], [-0.944887, 45.95043], [-0.944859, 45.950462], [-0.944866, 45.950493], [-0.944552, 45.950603], [-0.944371, 45.95069], [-0.944074, 45.950787], [-0.943069, 45.951134], [-0.94246, 45.95134], [-0.94237, 45.951366], [-0.942212, 45.95142], [-0.941098, 45.95179], [-0.940784, 45.951893], [-0.939682, 45.95225], [-0.939639, 45.952267], [-0.939589, 45.952286], [-0.939243, 45.952423], [-0.938944, 45.952583], [-0.938602, 45.95276], [-0.938506, 45.95282], [-0.938254, 45.952972], [-0.937942, 45.953163], [-0.937654, 45.953342], [-0.937543, 45.95344], [-0.937427, 45.95355], [-0.936666, 45.95423], [-0.936415, 45.95446], [-0.936235, 45.95454], [-0.936135, 45.954575], [-0.936078, 45.954567], [-0.936027, 45.95457], [-0.935979, 45.954586], [-0.935939, 45.954605], [-0.935908, 45.954636], [-0.935891, 45.954666], [-0.935886, 45.9547], [-0.935892, 45.95473], [-0.935879, 45.954796], [-0.935836, 45.95487], [-0.935704, 45.95507], [-0.935531, 45.955257], [-0.935442, 45.955353], [-0.93511, 45.95566], [-0.934554, 45.956165], [-0.934349, 45.956326], [-0.933487, 45.95698], [-0.932995, 45.95736], [-0.932639, 45.95767], [-0.932279, 45.958015], [-0.932022, 45.958298], [-0.931314, 45.95911], [-0.930979, 45.959457], [-0.93095, 45.959488], [-0.930648, 45.95979], [-0.930391, 45.960022], [-0.92572, 45.964336], [-0.925669, 45.964382], [-0.925546, 45.96449], [-0.923041, 45.966816], [-0.920299, 45.969364], [-0.91784, 45.971626], [-0.916268, 45.973095], [-0.914693, 45.97454], [-0.911814, 45.9772], [-0.908965, 45.97983], [-0.907924, 45.980797], [-0.905241, 45.983273], [-0.904346, 45.984104], [-0.903034, 45.985313], [-0.901722, 45.98652], [-0.900681, 45.987476], [-0.898245, 45.98973], [-0.896399, 45.991436], [-0.894546, 45.99315], [-0.892132, 45.995373], [-0.891835, 45.995647], [-0.890998, 45.996418], [-0.88862, 45.998623], [-0.887103, 46.000015], [-0.885554, 46.001457], [-0.884607, 46.00233], [-0.883647, 46.003216], [-0.882113, 46.00463], [-0.882068, 46.004673], [-0.881968, 46.00475], [-0.88119, 46.005314], [-0.880747, 46.00557], [-0.880259, 46.00582], [-0.879601, 46.006104], [-0.879143, 46.00627], [-0.878737, 46.0064], [-0.878242, 46.00653], [-0.877712, 46.006645], [-0.876833, 46.00682], [-0.874192, 46.00732], [-0.871682, 46.007805], [-0.867643, 46.008568], [-0.86698, 46.008698], [-0.866584, 46.008797], [-0.866269, 46.00889], [-0.866122, 46.008945], [-0.86585, 46.00904], [-0.865631, 46.00915], [-0.865408, 46.009285], [-0.864415, 46.009842], [-0.863859, 46.010162], [-0.862942, 46.010696], [-0.862722, 46.010826], [-0.862546, 46.01093], [-0.860723, 46.011986], [-0.860365, 46.01219], [-0.858929, 46.013023], [-0.85757, 46.01381], [-0.856866, 46.014217], [-0.85471, 46.015465], [-0.854198, 46.015762], [-0.84579, 46.020622], [-0.844637, 46.021297], [-0.841274, 46.023243], [-0.839452, 46.024307], [-0.83755, 46.02541], [-0.836265, 46.02615], [-0.835771, 46.02644], [-0.835412, 46.02661], [-0.834882, 46.026833], [-0.834603, 46.026947], [-0.833768, 46.027187], [-0.833385, 46.027283], [-0.832712, 46.027412], [-0.832065, 46.02749], [-0.830264, 46.02764], [-0.829707, 46.027702], [-0.829194, 46.027794], [-0.828681, 46.027912], [-0.828226, 46.028034], [-0.827778, 46.02817], [-0.827383, 46.028324], [-0.826979, 46.02849], [-0.82644, 46.028748], [-0.826058, 46.02896], [-0.825437, 46.02927], [-0.825367, 46.029255], [-0.825304, 46.02925], [-0.82523, 46.029263], [-0.825165, 46.02929], [-0.825111, 46.02933], [-0.825079, 46.029385], [-0.825072, 46.029423], [-0.825078, 46.029465], [-0.825098, 46.029503], [-0.825141, 46.029545], [-0.8252, 46.029575], [-0.82527, 46.029594], [-0.825335, 46.0296], [-0.825398, 46.02959], [-0.825501, 46.029716], [-0.82551, 46.0298], [-0.825452, 46.029926], [-0.825436, 46.030033], [-0.825445, 46.030125], [-0.825465, 46.030216], [-0.825506, 46.03031], [-0.82587, 46.030796], [-0.825972, 46.03091], [-0.825773, 46.030846], [-0.825631, 46.03078], [-0.825304, 46.030598], [-0.825123, 46.030514], [-0.824771, 46.030357], [-0.824746, 46.0303], [-0.824751, 46.030212], [-0.824789, 46.030132], [-0.825022, 46.029903], [-0.8251, 46.02988], [-0.825165, 46.0299], [-0.825255, 46.030006], [-0.825165, 46.0299], [-0.8251, 46.02988], [-0.825022, 46.029903], [-0.824789, 46.030132], [-0.824751, 46.030212], [-0.824746, 46.0303], [-0.824771, 46.030357], [-0.825123, 46.030514], [-0.825304, 46.030598], [-0.825631, 46.03078], [-0.825773, 46.030846], [-0.8259003, 46.030888], [-0.825922, 46.030895], [-0.825972, 46.03091], [-0.826055, 46.031002], [-0.826386, 46.031296], [-0.827122, 46.03184], [-0.827349, 46.032], [-0.827447, 46.032066], [-0.827507, 46.032104], [-0.827618, 46.032177], [-0.827717, 46.03223], [-0.827812, 46.032272], [-0.827865, 46.03229], [-0.828064, 46.032345], [-0.828214, 46.03239], [-0.828461, 46.032455], [-0.828927, 46.03258], [-0.829168, 46.032658], [-0.829143, 46.032684], [-0.829131, 46.032715], [-0.829135, 46.03275], [-0.829153, 46.03278], [-0.829184, 46.032803], [-0.829225, 46.032818], [-0.82927, 46.032825], [-0.829316, 46.03282], [-0.829301, 46.032925], [-0.829293, 46.032955], [-0.829253, 46.033142], [-0.829127, 46.03367], [-0.829125, 46.033672], [-0.829084, 46.033806], [-0.829005, 46.034103], [-0.828864, 46.034615], [-0.82886, 46.03481], [-0.828865, 46.034924], [-0.828911, 46.035126], [-0.828921, 46.035183], [-0.828952, 46.0353], [-0.828949, 46.035606], [-0.828925, 46.0358], [-0.828902, 46.035965], [-0.828894, 46.03628], [-0.828901, 46.036343], [-0.828961, 46.036617], [-0.828985, 46.03674], [-0.828992, 46.03695], [-0.828993, 46.036995], [-0.828986, 46.037052], [-0.82896, 46.03716], [-0.828918, 46.037262], [-0.828786, 46.03751], [-0.828757, 46.037544], [-0.828652, 46.037666], [-0.8286341, 46.037685], [-0.828477, 46.03785], [-0.828401, 46.037914], [-0.828166, 46.038143], [-0.827466, 46.03885], [-0.827155, 46.039158], [-0.826914, 46.039406], [-0.826449, 46.039867], [-0.826141, 46.040157], [-0.826082, 46.040215], [-0.825838, 46.04046], [-0.825684, 46.040607], [-0.825536, 46.040726], [-0.825349, 46.040825], [-0.825188, 46.040886], [-0.825041, 46.04093], [-0.824749, 46.040947], [-0.824559, 46.040962], [-0.824357, 46.04094], [-0.824262, 46.04093], [-0.824268, 46.04101], [-0.824272, 46.041084], [-0.824294, 46.04152], [-0.824292, 46.04163], [-0.824251, 46.041973], [-0.824206, 46.04221], [-0.824155, 46.042408], [-0.824066, 46.04272], [-0.823951, 46.043015], [-0.823817, 46.0433], [-0.823632, 46.043613], [-0.822256, 46.045666], [-0.821174, 46.047283], [-0.821005, 46.047535], [-0.820498, 46.048286], [-0.820062, 46.048912], [-0.819887, 46.049164], [-0.819866, 46.0492], [-0.819109, 46.05034], [-0.818903, 46.050556], [-0.818699, 46.05074], [-0.818426, 46.050934], [-0.818201, 46.051067], [-0.817939, 46.051205], [-0.815148, 46.052586], [-0.81505, 46.052635], [-0.812135, 46.054085], [-0.810728, 46.054787], [-0.810635, 46.05483], [-0.806902, 46.05669], [-0.804034, 46.058117], [-0.802551, 46.058853], [-0.801063, 46.059597], [-0.800633, 46.059853], [-0.800295, 46.0601], [-0.800134, 46.06021], [-0.799524, 46.06066], [-0.799385, 46.06076], [-0.798729, 46.061226], [-0.798197, 46.061626], [-0.797642, 46.062084], [-0.797357, 46.062344], [-0.797332, 46.06237], [-0.797004, 46.062675], [-0.795178, 46.06446], [-0.794227, 46.065395], [-0.792747, 46.066833], [-0.790607, 46.06893], [-0.790446, 46.069096], [-0.78907, 46.07043], [-0.784673, 46.074738], [-0.784552, 46.074852], [-0.78471, 46.074944], [-0.784849, 46.075035], [-0.785651, 46.07583], [-0.785956, 46.076138], [-0.786127, 46.0763], [-0.78631, 46.076508], [-0.786515, 46.0768], [-0.786527, 46.076855], [-0.786517, 46.076973], [-0.786496, 46.0771], [-0.786454, 46.07727], [-0.786392, 46.07749], [-0.786387, 46.077553], [-0.786411, 46.077595], [-0.786459, 46.07758], [-0.786623, 46.077545], [-0.786713, 46.077534], [-0.787031, 46.0775], [-0.787056, 46.07743], [-0.787413, 46.077114], [-0.787461, 46.077072], [-0.787493, 46.07708], [-0.787536, 46.077095], [-0.787584, 46.077137], [-0.787588, 46.077183], [-0.78753, 46.07731], [-0.7875266, 46.077316], [-0.787492, 46.07739], [-0.787473, 46.07743], [-0.787426, 46.077534], [-0.787231, 46.07752], [-0.787031, 46.0775], [-0.786713, 46.077534], [-0.786623, 46.077545], [-0.786459, 46.07758], [-0.786411, 46.077595], [-0.786228, 46.07762], [-0.786064, 46.077633], [-0.785503, 46.077663], [-0.785469, 46.077663], [-0.785023, 46.077686], [-0.784644, 46.077663], [-0.784216, 46.077625], [-0.783853, 46.0776], [-0.783069, 46.07748], [-0.782442, 46.07739], [-0.782275, 46.07734], [-0.782171, 46.077293], [-0.782121, 46.077267], [-0.782028, 46.07725], [-0.781957, 46.077312], [-0.781916, 46.077354], [-0.781098, 46.078217], [-0.77793, 46.0813], [-0.774425, 46.08473], [-0.772262, 46.086838], [-0.772202, 46.086895], [-0.770714, 46.088345], [-0.76987, 46.08916], [-0.768354, 46.09063], [-0.768039, 46.090935], [-0.764429, 46.09444], [-0.763622, 46.095245], [-0.763159, 46.095707], [-0.76279, 46.096115], [-0.762549, 46.096287], [-0.7625, 46.096275], [-0.762447, 46.096275], [-0.762396, 46.096283], [-0.762351, 46.096302], [-0.762316, 46.09633], [-0.762292, 46.09636], [-0.762282, 46.096394], [-0.762286, 46.096428], [-0.762302, 46.09646], [-0.76233, 46.096485], [-0.762367, 46.096508], [-0.762423, 46.09653], [-0.762472, 46.09653], [-0.762531, 46.09652], [-0.762663, 46.096546], [-0.762844, 46.09661], [-0.763206, 46.09685], [-0.763636, 46.097115], [-0.763913, 46.097317], [-0.764114, 46.09747], [-0.764313, 46.097637], [-0.764486, 46.097794], [-0.76468, 46.09798], [-0.764953, 46.09825], [-0.765192, 46.09852], [-0.765438, 46.098873], [-0.765713, 46.09931], [-0.765796, 46.099453], [-0.766197, 46.100163], [-0.766264, 46.10028], [-0.766277, 46.100307], [-0.766944, 46.101494], [-0.767296, 46.1021], [-0.767404, 46.102314], [-0.767497, 46.102455], [-0.767574, 46.10259], [-0.768081, 46.103485], [-0.768166, 46.103638], [-0.768239, 46.103767], [-0.768315, 46.1039], [-0.769074, 46.105236], [-0.769226, 46.105534], [-0.769349, 46.10581], [-0.76945, 46.10618], [-0.769509, 46.10676], [-0.769514, 46.106857], [-0.76952, 46.106895], [-0.769524, 46.106983], [-0.769531, 46.10706], [-0.76952, 46.10724], [-0.769503, 46.107376], [-0.769481, 46.10755], [-0.769459, 46.107624], [-0.769421, 46.107815], [-0.769315, 46.108337], [-0.769286, 46.108402], [-0.769273, 46.10843], [-0.769213, 46.10848], [-0.769156, 46.1085], [-0.769111, 46.108532], [-0.769082, 46.10857], [-0.769071, 46.10861], [-0.769074, 46.108646], [-0.76909, 46.10868], [-0.769111, 46.108707], [-0.769145, 46.10873], [-0.769172, 46.10874], [-0.76921, 46.10887], [-0.769205, 46.109016], [-0.768853, 46.11027], [-0.768737, 46.11038], [-0.768609, 46.110462], [-0.768545, 46.11047], [-0.768487, 46.11049], [-0.76845, 46.110508], [-0.768424, 46.110527], [-0.768396, 46.11056], [-0.76838, 46.11059], [-0.768199, 46.110695], [-0.767917, 46.110783], [-0.766651, 46.11087], [-0.766384, 46.11089], [-0.763345, 46.11112], [-0.763043, 46.11115], [-0.762842, 46.111183], [-0.762647, 46.111233], [-0.762502, 46.111294], [-0.762331, 46.11141], [-0.76223, 46.11149], [-0.762159, 46.11157], [-0.762088, 46.111694], [-0.762063, 46.111828], [-0.762059, 46.111946], [-0.762076, 46.112152], [-0.762076, 46.112366], [-0.762075, 46.112583], [-0.762074, 46.112648], [-0.76219, 46.112644], [-0.762224, 46.11264], [-0.762248, 46.112637], [-0.762448, 46.112614], [-0.76246, 46.11277], [-0.76255, 46.112766], [-0.7626196, 46.11281]]}}, {"type": "Feature", "properties": {"route_short_name": "155", "route_long_name": "155 - LA ROCHELLE - SAINT-DENIS-D'OLERON", "shape_id": "CHARENTE_MARITIME:JourneyPattern:4843_3EC734F6048600A0E896E5FBFD3238F5", "n_points": 2612, "n_shape_variants_in_source": 2}, "geometry": {"type": "LineString", "coordinates": [[-1.377987, 46.030575], [-1.377987, 46.030613], [-1.377986, 46.030624], [-1.377985, 46.030727], [-1.377984, 46.03083], [-1.377956, 46.03092], [-1.377905, 46.03091], [-1.377874, 46.030907], [-1.377815, 46.030914], [-1.377782, 46.03092], [-1.377493, 46.03097], [-1.377286, 46.030994], [-1.377052, 46.03101], [-1.376865, 46.031013], [-1.376743, 46.03101], [-1.376652, 46.030994], [-1.376552, 46.03097], [-1.376509, 46.03095], [-1.376462, 46.03091], [-1.376392, 46.030838], [-1.376376, 46.03082], [-1.376292, 46.030693], [-1.375767, 46.02974], [-1.375609, 46.029495], [-1.375463, 46.029305], [-1.37528, 46.029106], [-1.374358, 46.028336], [-1.374215, 46.028206], [-1.374131, 46.028076], [-1.374074, 46.027954], [-1.373992, 46.027637], [-1.373925, 46.027473], [-1.373816, 46.027332], [-1.373128, 46.026863], [-1.37244, 46.026394], [-1.372175, 46.02617], [-1.371627, 46.02562], [-1.371507, 46.025505], [-1.371387, 46.025406], [-1.371202, 46.025284], [-1.370999, 46.02517], [-1.370942, 46.02513], [-1.370741, 46.025047], [-1.369965, 46.024723], [-1.369147, 46.024387], [-1.368961, 46.024307], [-1.368587, 46.024147], [-1.366821, 46.02345], [-1.366469, 46.0233], [-1.366127, 46.023136], [-1.365723, 46.022915], [-1.365236, 46.022614], [-1.364239, 46.021957], [-1.363921, 46.021774], [-1.363445, 46.021515], [-1.362505, 46.020943], [-1.362235, 46.020794], [-1.361861, 46.020622], [-1.361753, 46.020565], [-1.361488, 46.020416], [-1.361224, 46.020267], [-1.360971, 46.020123], [-1.360325, 46.019756], [-1.359426, 46.01927], [-1.359115, 46.019108], [-1.358306, 46.01871], [-1.357111, 46.018], [-1.35647, 46.01761], [-1.357515, 46.01664], [-1.356104, 46.015762], [-1.355212, 46.015182], [-1.354812, 46.014977], [-1.354538, 46.01486], [-1.35323, 46.01443], [-1.353135, 46.014397], [-1.353346, 46.01409], [-1.353549, 46.013775], [-1.353658, 46.013615], [-1.353655, 46.01358], [-1.353642, 46.013546], [-1.353728, 46.013348], [-1.353751, 46.013294], [-1.3538136, 46.01316], [-1.353818, 46.013153], [-1.354064, 46.01264], [-1.35411, 46.012554], [-1.354158, 46.01247], [-1.354607, 46.011612], [-1.354651, 46.01152], [-1.354705, 46.011456], [-1.35473, 46.01139], [-1.354743, 46.011337], [-1.354766, 46.011314], [-1.354779, 46.011288], [-1.354781, 46.01127], [-1.354792, 46.01124], [-1.355035, 46.010963], [-1.355073, 46.010933], [-1.355144, 46.010868], [-1.355633, 46.010445], [-1.355848, 46.010277], [-1.356457, 46.009876], [-1.356608, 46.009766], [-1.356692, 46.00969], [-1.356742, 46.00962], [-1.356795, 46.00955], [-1.357008, 46.009212], [-1.357398, 46.008553], [-1.357657, 46.008114], [-1.358571, 46.00657], [-1.35947, 46.005074], [-1.360194, 46.003822], [-1.360317, 46.0036], [-1.36047, 46.003296], [-1.360601, 46.00295], [-1.360717, 46.00255], [-1.360733, 46.0025], [-1.360846, 46.002106], [-1.361029, 46.001564], [-1.361212, 46.00106], [-1.361647, 45.99975], [-1.362277, 45.9978], [-1.362356, 45.99759], [-1.362492, 45.997395], [-1.362625, 45.99727], [-1.362761, 45.997158], [-1.363009, 45.997017], [-1.363254, 45.9969], [-1.363514, 45.996796], [-1.363656, 45.99675], [-1.363762, 45.996696], [-1.363831, 45.996662], [-1.363584, 45.996162], [-1.363524, 45.99604], [-1.362868, 45.994694], [-1.362863, 45.994682], [-1.362839, 45.994633], [-1.362251, 45.993404], [-1.359665, 45.988033], [-1.358506, 45.98564], [-1.357743, 45.984066], [-1.357558, 45.98368], [-1.356389, 45.981262], [-1.356215, 45.980904], [-1.355896, 45.98023], [-1.355731, 45.97991], [-1.355408, 45.979397], [-1.355256, 45.979183], [-1.355114, 45.97899], [-1.354722, 45.978477], [-1.354055, 45.977608], [-1.353717, 45.977154], [-1.352864, 45.975994], [-1.352742, 45.975845], [-1.352763, 45.975834], [-1.352778, 45.975815], [-1.352784, 45.975796], [-1.352782, 45.975777], [-1.352771, 45.975758], [-1.352754, 45.975746], [-1.352733, 45.97574], [-1.352709, 45.97573], [-1.352684, 45.97573], [-1.35266, 45.97574], [-1.352457, 45.97545], [-1.352001, 45.974842], [-1.351826, 45.97461], [-1.351673, 45.9744], [-1.35164, 45.974358], [-1.351367, 45.973915], [-1.351319, 45.97384], [-1.351186, 45.973705], [-1.351119, 45.97364], [-1.351105, 45.973618], [-1.351061, 45.973568], [-1.35102, 45.973476], [-1.351011, 45.973454], [-1.350966, 45.973328], [-1.350961, 45.973316], [-1.350936, 45.97325], [-1.350921, 45.973213], [-1.350886, 45.97311], [-1.350836, 45.97296], [-1.350828, 45.972935], [-1.350796, 45.972843], [-1.350664, 45.972614], [-1.350546, 45.97239], [-1.350503, 45.97231], [-1.350415, 45.972115], [-1.350322, 45.971912], [-1.35024, 45.97173], [-1.350199, 45.971653], [-1.35003, 45.97133], [-1.349983, 45.971252], [-1.349965, 45.971214], [-1.349763, 45.97085], [-1.349744, 45.970818], [-1.349661, 45.97067], [-1.349655, 45.970657], [-1.349586, 45.97053], [-1.349522, 45.970417], [-1.349504, 45.970383], [-1.3494992, 45.970375], [-1.349485, 45.97035], [-1.349469, 45.97032], [-1.349441, 45.97027], [-1.349385, 45.970165], [-1.349316, 45.970036], [-1.349308, 45.97002], [-1.349186, 45.96979], [-1.349171, 45.969765], [-1.34915, 45.969727], [-1.348834, 45.96914], [-1.348808, 45.96909], [-1.34865, 45.968796], [-1.348588, 45.96868], [-1.348579, 45.968662], [-1.34847, 45.968456], [-1.348333, 45.96821], [-1.348228, 45.968018], [-1.34816, 45.967873], [-1.348022, 45.967648], [-1.347976, 45.96757], [-1.34772, 45.96722], [-1.347439, 45.96692], [-1.347376, 45.966843], [-1.346538, 45.965927], [-1.346517, 45.965904], [-1.345807, 45.96513], [-1.344816, 45.964054], [-1.344422, 45.96361], [-1.342989, 45.96204], [-1.341676, 45.960617], [-1.340924, 45.9598], [-1.340408, 45.95923], [-1.340082, 45.958874], [-1.339637, 45.95839], [-1.339335, 45.958076], [-1.338742, 45.957546], [-1.338402, 45.957268], [-1.338348, 45.957226], [-1.337808, 45.956787], [-1.33523, 45.954712], [-1.334893, 45.95445], [-1.334839, 45.95441], [-1.334622, 45.95425], [-1.334323, 45.954044], [-1.334229, 45.953987], [-1.334169, 45.953953], [-1.334038, 45.95387], [-1.333642, 45.953617], [-1.333481, 45.953518], [-1.333417, 45.953472], [-1.333382, 45.953453], [-1.333177, 45.95333], [-1.332963, 45.953205], [-1.332525, 45.952934], [-1.332469, 45.952896], [-1.332301, 45.95278], [-1.332228, 45.95273], [-1.332189, 45.9527], [-1.332079, 45.952614], [-1.331801, 45.95238], [-1.330805, 45.95156], [-1.330418, 45.951244], [-1.329229, 45.95029], [-1.329092, 45.95018], [-1.328944, 45.95008], [-1.328808, 45.94999], [-1.328503, 45.94978], [-1.327782, 45.94929], [-1.326568, 45.94848], [-1.325931, 45.948055], [-1.325662, 45.947876], [-1.325293, 45.94763], [-1.324368, 45.947002], [-1.324292, 45.946953], [-1.324087, 45.94682], [-1.324045, 45.946793], [-1.323729, 45.94658], [-1.323365, 45.946342], [-1.323174, 45.946198], [-1.323067, 45.94613], [-1.3228, 45.945976], [-1.322492, 45.945816], [-1.322447, 45.945793], [-1.322188, 45.945675], [-1.322138, 45.945656], [-1.322128, 45.945652], [-1.322045, 45.945618], [-1.321924, 45.945564], [-1.321749, 45.945488], [-1.321614, 45.945442], [-1.3214, 45.945377], [-1.32124, 45.945312], [-1.321151, 45.94528], [-1.320881, 45.94517], [-1.320703, 45.945103], [-1.320337, 45.944954], [-1.320298, 45.944935], [-1.320006, 45.94482], [-1.31995, 45.944775], [-1.319771, 45.944706], [-1.31961, 45.944653], [-1.319472, 45.9446], [-1.31941, 45.944595], [-1.319399, 45.94458], [-1.319384, 45.944565], [-1.319358, 45.94455], [-1.319327, 45.944542], [-1.319294, 45.94454], [-1.319136, 45.944458], [-1.319115, 45.944447], [-1.318708, 45.94428], [-1.318485, 45.9442], [-1.318034, 45.944035], [-1.318, 45.944023], [-1.317917, 45.94399], [-1.317906, 45.94398], [-1.31769, 45.943893], [-1.317527, 45.94383], [-1.317019, 45.943596], [-1.316791, 45.943493], [-1.316387, 45.94329], [-1.316292, 45.943237], [-1.316157, 45.943165], [-1.316047, 45.943096], [-1.315969, 45.94304], [-1.315831, 45.942917], [-1.315781, 45.94287], [-1.315562, 45.94268], [-1.315298, 45.942455], [-1.314916, 45.94214], [-1.314705, 45.941933], [-1.314605, 45.941822], [-1.314569, 45.941788], [-1.314427, 45.94163], [-1.314337, 45.941525], [-1.314237, 45.941387], [-1.314088, 45.94123], [-1.313942, 45.94107], [-1.313842, 45.94096], [-1.313755, 45.94087], [-1.31369, 45.940807], [-1.313601, 45.940823], [-1.313487, 45.94084], [-1.313393, 45.940872], [-1.31335, 45.9409], [-1.313182, 45.94099], [-1.313015, 45.941044], [-1.312677, 45.941174], [-1.312379, 45.941284], [-1.31227, 45.94133], [-1.312151, 45.94138], [-1.311974, 45.94147], [-1.311846, 45.94156], [-1.311699, 45.9417], [-1.311614, 45.941788], [-1.311533, 45.94189], [-1.31144, 45.942024], [-1.311404, 45.942055], [-1.311343, 45.9421], [-1.311322, 45.94216], [-1.311308, 45.94218], [-1.310862, 45.94272], [-1.310827, 45.942764], [-1.310766, 45.94285], [-1.31072, 45.942917], [-1.310686, 45.942974], [-1.310641, 45.94303], [-1.310509, 45.9432], [-1.310378, 45.943367], [-1.310206, 45.94359], [-1.310171, 45.943634], [-1.310118, 45.943703], [-1.30984, 45.94417], [-1.309787, 45.944263], [-1.309717, 45.94438], [-1.309607, 45.94459], [-1.309584, 45.94467], [-1.309554, 45.944664], [-1.309524, 45.944668], [-1.309496, 45.94467], [-1.309471, 45.944687], [-1.309453, 45.944702], [-1.309443, 45.94472], [-1.309441, 45.944744], [-1.309449, 45.944763], [-1.309466, 45.944782], [-1.30949, 45.944798], [-1.309518, 45.944805], [-1.309547, 45.944805], [-1.309575, 45.9448], [-1.309601, 45.944794], [-1.309622, 45.944782], [-1.309637, 45.944763], [-1.309645, 45.94474], [-1.309642, 45.94472], [-1.309631, 45.9447], [-1.30961, 45.944683], [-1.309584, 45.94467], [-1.309607, 45.94459], [-1.309717, 45.94438], [-1.309787, 45.944263], [-1.30984, 45.94417], [-1.310118, 45.943703], [-1.310171, 45.943634], [-1.310206, 45.94359], [-1.310265, 45.943516], [-1.3102854, 45.94349], [-1.310378, 45.943367], [-1.310509, 45.9432], [-1.310641, 45.94303], [-1.310686, 45.942974], [-1.31072, 45.942917], [-1.310766, 45.94285], [-1.310827, 45.942764], [-1.310862, 45.94272], [-1.311308, 45.94218], [-1.311322, 45.94216], [-1.311343, 45.9421], [-1.311404, 45.942055], [-1.31144, 45.942024], [-1.311533, 45.94189], [-1.311614, 45.941788], [-1.311699, 45.9417], [-1.311846, 45.94156], [-1.311974, 45.94147], [-1.312151, 45.94138], [-1.31227, 45.94133], [-1.312379, 45.941284], [-1.312677, 45.941174], [-1.313015, 45.941044], [-1.313182, 45.94099], [-1.3134, 45.940945], [-1.313497, 45.940933], [-1.313606, 45.94092], [-1.313691, 45.94091], [-1.313755, 45.94087], [-1.31369, 45.940807], [-1.31348, 45.94059], [-1.313184, 45.940296], [-1.313031, 45.940147], [-1.31293, 45.940063], [-1.312752, 45.939907], [-1.312675, 45.93985], [-1.312547, 45.939766], [-1.312323, 45.939617], [-1.312208, 45.939545], [-1.31215, 45.93951], [-1.312125, 45.939495], [-1.311914, 45.939358], [-1.311639, 45.939194], [-1.311576, 45.939156], [-1.311223, 45.938946], [-1.311056, 45.93885], [-1.310998, 45.938812], [-1.310523, 45.938526], [-1.310155, 45.938305], [-1.309793, 45.938087], [-1.309657, 45.93801], [-1.309481, 45.93791], [-1.309316, 45.93781], [-1.309059, 45.937656], [-1.30882, 45.937515], [-1.308633, 45.937405], [-1.308556, 45.93736], [-1.3083, 45.937202], [-1.308085, 45.9371], [-1.307932, 45.936996], [-1.307858, 45.93695], [-1.307817, 45.936928], [-1.307675, 45.936844], [-1.307557, 45.936775], [-1.307537, 45.936764], [-1.307461, 45.936726], [-1.30736, 45.936672], [-1.307305, 45.93664], [-1.307205, 45.93659], [-1.307169, 45.936573], [-1.306884, 45.936462], [-1.306678, 45.93638], [-1.306552, 45.93634], [-1.306172, 45.93622], [-1.305787, 45.936115], [-1.305616, 45.936073], [-1.305347, 45.936012], [-1.304833, 45.93592], [-1.304435, 45.935852], [-1.304267, 45.935818], [-1.30415, 45.935776], [-1.304083, 45.935764], [-1.303935, 45.935726], [-1.303864, 45.935703], [-1.303848, 45.935677], [-1.30382, 45.93565], [-1.303783, 45.93563], [-1.30374, 45.935623], [-1.303695, 45.93562], [-1.303655, 45.93563], [-1.303619, 45.935642], [-1.303591, 45.935665], [-1.303428, 45.93565], [-1.303258, 45.935635], [-1.303106, 45.935596], [-1.302289, 45.935402], [-1.30215, 45.935368], [-1.301916, 45.93531], [-1.301815, 45.935287], [-1.301744, 45.935272], [-1.301657, 45.935246], [-1.301327, 45.935165], [-1.300916, 45.935066], [-1.300808, 45.93504], [-1.3007, 45.935013], [-1.300669, 45.934975], [-1.300432, 45.93491], [-1.30008, 45.934814], [-1.299673, 45.934708], [-1.299371, 45.934628], [-1.299304, 45.93461], [-1.299233, 45.93459], [-1.298873, 45.934498], [-1.298774, 45.934464], [-1.298562, 45.934383], [-1.298462, 45.934345], [-1.298428, 45.934334], [-1.298322, 45.93429], [-1.298276, 45.934277], [-1.297978, 45.93415], [-1.297941, 45.934135], [-1.297713, 45.934048], [-1.297568, 45.934002], [-1.29725, 45.933903], [-1.297234, 45.933895], [-1.297094, 45.933853], [-1.296871, 45.933784], [-1.296791, 45.93375], [-1.296568, 45.933674], [-1.296529, 45.93366], [-1.296312, 45.933582], [-1.296208, 45.933548], [-1.295789, 45.933395], [-1.295722, 45.93337], [-1.295648, 45.933342], [-1.295199, 45.93318], [-1.295096, 45.933147], [-1.294863, 45.933056], [-1.294693, 45.932983], [-1.294512, 45.93288], [-1.294477, 45.932858], [-1.294347, 45.93279], [-1.294187, 45.93271], [-1.294046, 45.932636], [-1.293858, 45.932552], [-1.293764, 45.93249], [-1.293664, 45.932423], [-1.293572, 45.93236], [-1.293417, 45.93225], [-1.293304, 45.93216], [-1.292993, 45.93186], [-1.292785, 45.931664], [-1.292451, 45.931347], [-1.292031, 45.93101], [-1.291628, 45.930756], [-1.291274, 45.93055], [-1.290875, 45.930367], [-1.290203, 45.93008], [-1.287955, 45.929146], [-1.287407, 45.928886], [-1.287147, 45.92877], [-1.286823, 45.92861], [-1.286534, 45.928474], [-1.285713, 45.928085], [-1.284788, 45.927635], [-1.284318, 45.927395], [-1.283941, 45.92716], [-1.283751, 45.927013], [-1.283583, 45.926857], [-1.283302, 45.92656], [-1.283104, 45.92635], [-1.282941, 45.926167], [-1.282559, 45.92567], [-1.282171, 45.925213], [-1.28193, 45.92493], [-1.281924, 45.924927], [-1.281819, 45.92481], [-1.281323, 45.92425], [-1.281142, 45.92404], [-1.280945, 45.923862], [-1.280797, 45.9237], [-1.280315, 45.923126], [-1.27993, 45.92268], [-1.279192, 45.92183], [-1.277617, 45.92001], [-1.277383, 45.919743], [-1.276729, 45.919], [-1.276458, 45.91868], [-1.276017, 45.91818], [-1.275801, 45.91795], [-1.275651, 45.917805], [-1.275379, 45.917557], [-1.275126, 45.917347], [-1.274732, 45.91698], [-1.274284, 45.916615], [-1.273653, 45.91612], [-1.2734, 45.91592], [-1.273146, 45.915737], [-1.272552, 45.91527], [-1.272359, 45.91512], [-1.272225, 45.915012], [-1.27219, 45.91499], [-1.271481, 45.91447], [-1.271277, 45.914352], [-1.270978, 45.914154], [-1.270835, 45.914074], [-1.270533, 45.9139], [-1.270091, 45.91365], [-1.269548, 45.91335], [-1.269344, 45.913235], [-1.269246, 45.91318], [-1.26921, 45.91316], [-1.269109, 45.913094], [-1.26875, 45.91289], [-1.268479, 45.91274], [-1.268406, 45.912697], [-1.268093, 45.91252], [-1.267988, 45.91246], [-1.26785, 45.912384], [-1.267764, 45.912334], [-1.267463, 45.912167], [-1.267356, 45.912106], [-1.267073, 45.911945], [-1.266919, 45.911858], [-1.266772, 45.911766], [-1.266759, 45.91176], [-1.266544, 45.911613], [-1.266232, 45.911404], [-1.266089, 45.91128], [-1.266069, 45.911255], [-1.266078, 45.911236], [-1.266081, 45.911213], [-1.266077, 45.911194], [-1.266066, 45.911175], [-1.266049, 45.911156], [-1.266027, 45.91114], [-1.266, 45.911133], [-1.265971, 45.911125], [-1.26594, 45.911125], [-1.26591, 45.91113], [-1.26583, 45.911106], [-1.265794, 45.91109], [-1.265621, 45.91097], [-1.265469, 45.910843], [-1.265428, 45.91081], [-1.26538, 45.91077], [-1.26535, 45.910748], [-1.26517, 45.91062], [-1.265106, 45.910587], [-1.264934, 45.910442], [-1.264909, 45.91042], [-1.264715, 45.91025], [-1.264596, 45.91014], [-1.264547, 45.91009], [-1.264329, 45.909893], [-1.264214, 45.9098], [-1.264112, 45.909714], [-1.264097, 45.9097], [-1.263839, 45.909477], [-1.263804, 45.909447], [-1.263789, 45.90943], [-1.263765, 45.90938], [-1.263474, 45.90913], [-1.263415, 45.90908], [-1.263314, 45.909016], [-1.263289, 45.909], [-1.263272, 45.908985], [-1.263244, 45.908962], [-1.263206, 45.90904], [-1.263194, 45.909157], [-1.263291, 45.909245], [-1.263322, 45.90928], [-1.263374, 45.90932], [-1.263381, 45.90933], [-1.263488, 45.909428], [-1.263512, 45.909447], [-1.263718, 45.90947], [-1.263747, 45.909473], [-1.26376, 45.909466], [-1.263804, 45.909447], [-1.263789, 45.90943], [-1.263765, 45.90938], [-1.263474, 45.90913], [-1.263415, 45.90908], [-1.263314, 45.909016], [-1.263289, 45.909], [-1.263272, 45.908985], [-1.263244, 45.908962], [-1.262951, 45.908695], [-1.262905, 45.908653], [-1.262829, 45.908585], [-1.262798, 45.90856], [-1.262614, 45.908398], [-1.262599, 45.908386], [-1.262489, 45.90829], [-1.262463, 45.908264], [-1.26244, 45.90824], [-1.262167, 45.908016], [-1.261974, 45.907833], [-1.261914, 45.907784], [-1.261815, 45.9077], [-1.261781, 45.90767], [-1.26153, 45.907436], [-1.261178, 45.90714], [-1.2611, 45.907074], [-1.260902, 45.906895], [-1.26087, 45.90687], [-1.260827, 45.906837], [-1.260704, 45.90673], [-1.260651, 45.90668], [-1.260511, 45.90655], [-1.260346, 45.9064], [-1.260284, 45.90634], [-1.260116, 45.90618], [-1.260077, 45.906155], [-1.259952, 45.906075], [-1.259822, 45.905994], [-1.259664, 45.90592], [-1.259613, 45.905888], [-1.259554, 45.905846], [-1.259485, 45.9058], [-1.259449, 45.90577], [-1.259419, 45.90571], [-1.259368, 45.905663], [-1.259301, 45.905624], [-1.259221, 45.905598], [-1.259139, 45.90559], [-1.259057, 45.905598], [-1.258929, 45.905586], [-1.258825, 45.90556], [-1.258791, 45.905552], [-1.258558, 45.905453], [-1.258249, 45.905346], [-1.257802, 45.90513], [-1.257643, 45.905018], [-1.257557, 45.90496], [-1.257427, 45.904873], [-1.257208, 45.904728], [-1.256885, 45.904503], [-1.256586, 45.904297], [-1.255717, 45.903683], [-1.25569, 45.903667], [-1.255585, 45.90359], [-1.255105, 45.90324], [-1.2550976, 45.903236], [-1.25508, 45.90322], [-1.254746, 45.90297], [-1.254593, 45.90287], [-1.254485, 45.902817], [-1.254456, 45.902805], [-1.254389, 45.90278], [-1.254324, 45.902752], [-1.254216, 45.902718], [-1.254007, 45.90267], [-1.253886, 45.902657], [-1.253802, 45.90264], [-1.253696, 45.902637], [-1.253148, 45.90261], [-1.253004, 45.902588], [-1.252915, 45.902573], [-1.252826, 45.90255], [-1.25274, 45.90249], [-1.25267, 45.90247], [-1.252594, 45.902466], [-1.252522, 45.90248], [-1.252439, 45.902534], [-1.252393, 45.90259], [-1.252248, 45.902668], [-1.25202, 45.90274], [-1.251679, 45.902782], [-1.251253, 45.902824], [-1.251212, 45.90283], [-1.250788, 45.902813], [-1.250601, 45.902786], [-1.250294, 45.90274], [-1.249892, 45.90263], [-1.24873, 45.902237], [-1.248232, 45.90207], [-1.246767, 45.901585], [-1.24665, 45.901546], [-1.244078, 45.9007], [-1.241496, 45.89984], [-1.240375, 45.899467], [-1.239805, 45.89924], [-1.239212, 45.898975], [-1.238551, 45.89865], [-1.23744, 45.898113], [-1.236189, 45.8975], [-1.233456, 45.896156], [-1.232937, 45.8959], [-1.230494, 45.8947], [-1.229758, 45.89434], [-1.2294, 45.894176], [-1.228986, 45.894], [-1.228092, 45.893665], [-1.227934, 45.89361], [-1.227637, 45.893497], [-1.227331, 45.893383], [-1.226577, 45.8931], [-1.226181, 45.892933], [-1.225587, 45.892654], [-1.225074, 45.89241], [-1.224616, 45.8922], [-1.224339, 45.89208], [-1.224187, 45.892006], [-1.22357, 45.891712], [-1.223416, 45.89164], [-1.222943, 45.891487], [-1.222759, 45.891434], [-1.222681, 45.89141], [-1.222166, 45.89126], [-1.221339, 45.891018], [-1.220635, 45.89081], [-1.220494, 45.890766], [-1.220271, 45.8907], [-1.219971, 45.890614], [-1.219807, 45.89057], [-1.219807, 45.89057], [-1.218275, 45.890186], [-1.218078, 45.890125], [-1.217805, 45.890045], [-1.217628, 45.88998], [-1.21757, 45.889957], [-1.217504, 45.88993], [-1.217346, 45.889847], [-1.216516, 45.88921], [-1.216291, 45.889076], [-1.216163, 45.889015], [-1.216119, 45.888996], [-1.215921, 45.888905], [-1.21532, 45.888603], [-1.214515, 45.888103], [-1.214191, 45.88797], [-1.21401, 45.88791], [-1.212471, 45.88739], [-1.212312, 45.887375], [-1.212023, 45.887367], [-1.211176, 45.88738], [-1.210107, 45.8874], [-1.209768, 45.8874], [-1.209642, 45.8874], [-1.209454, 45.8874], [-1.209286, 45.8874], [-1.208157, 45.887398], [-1.208025, 45.887398], [-1.207673, 45.88739], [-1.207142, 45.88732], [-1.207003, 45.887295], [-1.206878, 45.887276], [-1.206389, 45.887184], [-1.206031, 45.88714], [-1.205743, 45.88713], [-1.20425, 45.887245], [-1.204141, 45.887253], [-1.204055, 45.887257], [-1.203381, 45.887306], [-1.203239, 45.88732], [-1.202951, 45.887352], [-1.202274, 45.88745], [-1.201363, 45.88767], [-1.200705, 45.88784], [-1.200368, 45.88788], [-1.200353, 45.88787], [-1.200337, 45.887867], [-1.200314, 45.887863], [-1.200283, 45.887863], [-1.200261, 45.887867], [-1.200241, 45.887794], [-1.20024, 45.887695], [-1.200289, 45.88756], [-1.200306, 45.88753], [-1.200365, 45.88741], [-1.2004194, 45.88732], [-1.200435, 45.887295], [-1.200536, 45.887127], [-1.200693, 45.88696], [-1.200877, 45.88676], [-1.200943, 45.88663], [-1.20106, 45.88629], [-1.201195, 45.885975], [-1.201196, 45.88592], [-1.201136, 45.885883], [-1.201041, 45.885864], [-1.20043, 45.885765], [-1.200245, 45.885735], [-1.200109, 45.885708], [-1.20001, 45.885666], [-1.199945, 45.88561], [-1.199879, 45.885544], [-1.199804, 45.885414], [-1.19966, 45.885143], [-1.199533, 45.884895], [-1.199408, 45.884754], [-1.199354, 45.884712], [-1.19925, 45.884632], [-1.198671, 45.884205], [-1.197937, 45.883644], [-1.197856, 45.883602], [-1.197775, 45.883568], [-1.19768, 45.883556], [-1.197501, 45.883556], [-1.197239, 45.8836], [-1.19604, 45.883873], [-1.195818, 45.883877], [-1.195384, 45.884174], [-1.19505, 45.88409], [-1.194651, 45.88399], [-1.194178, 45.88387], [-1.194042, 45.88383], [-1.193823, 45.883774], [-1.193671, 45.883736], [-1.193545, 45.883705], [-1.193449, 45.88368], [-1.19342, 45.883675], [-1.193184, 45.88361], [-1.192857, 45.88353], [-1.192658, 45.883484], [-1.192583, 45.883465], [-1.192363, 45.88338], [-1.192228, 45.883316], [-1.1922, 45.883175], [-1.192181, 45.88312], [-1.192154, 45.882996], [-1.19215, 45.88281], [-1.192185, 45.882687], [-1.192287, 45.88252], [-1.192366, 45.882465], [-1.19243, 45.882416], [-1.192969, 45.88203], [-1.19321, 45.881866], [-1.19339, 45.881718], [-1.193419, 45.881687], [-1.193471, 45.88163], [-1.193576, 45.88152], [-1.19371, 45.88133], [-1.19379, 45.88116], [-1.193888, 45.880882], [-1.193934, 45.880676], [-1.194058, 45.879993], [-1.194097, 45.87981], [-1.194125, 45.879677], [-1.194188, 45.879353], [-1.194537, 45.877563], [-1.1947, 45.876728], [-1.194762, 45.87641], [-1.194982, 45.87528], [-1.195071, 45.874847], [-1.195141, 45.874542], [-1.195201, 45.87437], [-1.195271, 45.8742], [-1.195353, 45.874058], [-1.195542, 45.873795], [-1.195773, 45.873535], [-1.196916, 45.87244], [-1.197073, 45.872284], [-1.197482, 45.871864], [-1.199838, 45.869576], [-1.2, 45.869358], [-1.200072, 45.869225], [-1.200134, 45.86909], [-1.200193, 45.86887], [-1.200221, 45.8686], [-1.200232, 45.867535], [-1.200252, 45.86709], [-1.200247, 45.86636], [-1.200193, 45.866108], [-1.200036, 45.865677], [-1.199979, 45.865524], [-1.199949, 45.865376], [-1.199915, 45.86524], [-1.199903, 45.8652], [-1.199814, 45.86491], [-1.199762, 45.86479], [-1.199709, 45.86475], [-1.199461, 45.864555], [-1.19836, 45.8639], [-1.198104, 45.86376], [-1.197842, 45.863625], [-1.19672, 45.863102], [-1.19596, 45.86264], [-1.195041, 45.862106], [-1.188662, 45.85825], [-1.184303, 45.855618], [-1.179895, 45.85295], [-1.176452, 45.850883], [-1.172982, 45.848793], [-1.170202, 45.8471], [-1.169734, 45.84682], [-1.169408, 45.846653], [-1.168906, 45.846424], [-1.16835, 45.846214], [-1.167796, 45.846054], [-1.16724, 45.845936], [-1.166658, 45.845844], [-1.166297, 45.84581], [-1.165985, 45.84579], [-1.165732, 45.845783], [-1.16473, 45.84576], [-1.163934, 45.84578], [-1.16288, 45.845806], [-1.1628, 45.845806], [-1.161778, 45.845848], [-1.161326, 45.845867], [-1.161228, 45.845875], [-1.160342, 45.845905], [-1.15988, 45.845917], [-1.159573, 45.845913], [-1.159394, 45.845913], [-1.159138, 45.845898], [-1.158566, 45.845867], [-1.158373, 45.845856], [-1.15805, 45.845825], [-1.157321, 45.84576], [-1.156838, 45.845695], [-1.156429, 45.8456], [-1.156015, 45.84549], [-1.155791, 45.84542], [-1.155483, 45.845325], [-1.154771, 45.84506], [-1.154356, 45.844875], [-1.154136, 45.84478], [-1.154086, 45.84476], [-1.153837, 45.844635], [-1.153244, 45.844307], [-1.15293, 45.844135], [-1.152813, 45.844063], [-1.152221, 45.843697], [-1.151725, 45.843353], [-1.151246, 45.84299], [-1.150998, 45.842834], [-1.150736, 45.842613], [-1.150681, 45.842552], [-1.150613, 45.842464], [-1.150611, 45.842438], [-1.150555, 45.842384], [-1.150501, 45.842358], [-1.150431, 45.84234], [-1.150405, 45.842342], [-1.15033, 45.842297], [-1.150222, 45.84222], [-1.150115, 45.842133], [-1.149617, 45.841694], [-1.149191, 45.841362], [-1.148417, 45.84071], [-1.147958, 45.840336], [-1.14752, 45.840034], [-1.146966, 45.839725], [-1.146377, 45.839443], [-1.145949, 45.83928], [-1.145515, 45.839127], [-1.14493, 45.838955], [-1.144507, 45.838863], [-1.144067, 45.83878], [-1.142271, 45.83852], [-1.142193, 45.83851], [-1.141179, 45.838367], [-1.140226, 45.83818], [-1.139357, 45.83801], [-1.138963, 45.83791], [-1.138708, 45.83783], [-1.138527, 45.837765], [-1.138354, 45.83768], [-1.138291, 45.83764], [-1.138271, 45.837597], [-1.138241, 45.837563], [-1.138201, 45.83753], [-1.138139, 45.837498], [-1.138069, 45.837482], [-1.137994, 45.837475], [-1.137915, 45.837482], [-1.137841, 45.837505], [-1.13778, 45.837543], [-1.137653, 45.83755], [-1.137603, 45.83755], [-1.137449, 45.837547], [-1.137025, 45.837524], [-1.136785, 45.83748], [-1.136588, 45.837425], [-1.136077, 45.8372], [-1.135854, 45.837112], [-1.135196, 45.836815], [-1.134464, 45.83649], [-1.134372, 45.83645], [-1.133721, 45.836178], [-1.133501, 45.836086], [-1.132853, 45.835793], [-1.132232, 45.83555], [-1.131332, 45.835155], [-1.130791, 45.834915], [-1.129984, 45.834564], [-1.129919, 45.834534], [-1.129805, 45.834484], [-1.129672, 45.834427], [-1.129658, 45.83442], [-1.129264, 45.834248], [-1.129151, 45.834198], [-1.128862, 45.83407], [-1.127855, 45.833622], [-1.126935, 45.833214], [-1.12686, 45.83318], [-1.12674, 45.83313], [-1.126408, 45.83294], [-1.126248, 45.832874], [-1.126023, 45.832794], [-1.125874, 45.832745], [-1.124183, 45.831993], [-1.123744, 45.831795], [-1.123, 45.831455], [-1.122513, 45.831257], [-1.122042, 45.831093], [-1.121616, 45.830914], [-1.121073, 45.830753], [-1.120911, 45.83072], [-1.12045, 45.830658], [-1.120268, 45.830605], [-1.120184, 45.830566], [-1.120129, 45.83052], [-1.120077, 45.830456], [-1.120054, 45.830414], [-1.120078, 45.830376], [-1.120092, 45.830334], [-1.120094, 45.830288], [-1.120085, 45.830246], [-1.120064, 45.830204], [-1.120033, 45.830166], [-1.119992, 45.83013], [-1.119942, 45.8301], [-1.119886, 45.83008], [-1.119833, 45.830067], [-1.119777, 45.83006], [-1.11972, 45.83006], [-1.119664, 45.830067], [-1.119649, 45.83007], [-1.119611, 45.83008], [-1.11956, 45.830097], [-1.119515, 45.83012], [-1.119455, 45.83017], [-1.119415, 45.83023], [-1.1194, 45.830296], [-1.119397, 45.83034], [-1.119308, 45.83041], [-1.11923, 45.83046], [-1.11914, 45.8305], [-1.119059, 45.830524], [-1.118971, 45.83054], [-1.118803, 45.83056], [-1.118544, 45.830574], [-1.117464, 45.83065], [-1.116352, 45.83073], [-1.114945, 45.83083], [-1.114813, 45.830837], [-1.113716, 45.83091], [-1.112926, 45.83097], [-1.112665, 45.830994], [-1.112333, 45.831028], [-1.112082, 45.83105], [-1.111438, 45.831104], [-1.111019, 45.831104], [-1.110707, 45.8311], [-1.110383, 45.83109], [-1.109972, 45.831066], [-1.109582, 45.83104], [-1.109177, 45.831], [-1.108489, 45.830925], [-1.107896, 45.830864], [-1.107199, 45.83079], [-1.106045, 45.83067], [-1.104269, 45.83047], [-1.102973, 45.830334], [-1.102194, 45.83025], [-1.101192, 45.830143], [-1.100656, 45.83008], [-1.100086, 45.82996], [-1.099322, 45.829796], [-1.098886, 45.829697], [-1.098362, 45.829556], [-1.098029, 45.82946], [-1.09805, 45.829422], [-1.09815, 45.82932], [-1.098225, 45.829247], [-1.098714, 45.82888], [-1.098981, 45.828735], [-1.09958, 45.82849], [-1.099815, 45.828392], [-1.100097, 45.828255], [-1.100488, 45.828037], [-1.100779, 45.827843], [-1.10072, 45.827812], [-1.100348, 45.827682], [-1.099962, 45.827538], [-1.099855, 45.8275], [-1.099543, 45.827393], [-1.099487, 45.827374], [-1.099356, 45.827328], [-1.099169, 45.82726], [-1.098996, 45.827183], [-1.098771, 45.827084], [-1.098699, 45.827045], [-1.098675, 45.827034], [-1.098433, 45.826904], [-1.098131, 45.826744], [-1.098125, 45.82674], [-1.097642, 45.826485], [-1.097351, 45.82633], [-1.096918, 45.82608], [-1.096918, 45.82608], [-1.096769, 45.825996], [-1.096386, 45.8258], [-1.096026, 45.82562], [-1.095654, 45.82543], [-1.095365, 45.825287], [-1.095232, 45.825207], [-1.095142, 45.825138], [-1.095118, 45.82511], [-1.095, 45.82514], [-1.094853, 45.825184], [-1.094666, 45.825256], [-1.09447, 45.825356], [-1.094371, 45.825413], [-1.094104, 45.8256], [-1.09376, 45.825874], [-1.093259, 45.826233], [-1.093058, 45.826378], [-1.093032, 45.826397], [-1.092969, 45.826424], [-1.092787, 45.826477], [-1.09272, 45.826492], [-1.092656, 45.82649], [-1.092592, 45.826492], [-1.092347, 45.826385], [-1.091418, 45.82582], [-1.091049, 45.825623], [-1.089785, 45.824844], [-1.08863, 45.82411], [-1.08765, 45.82349], [-1.086816, 45.822956], [-1.086346, 45.822647], [-1.085674, 45.82221], [-1.08561, 45.82216], [-1.085499, 45.822044], [-1.085033, 45.82166], [-1.084617, 45.821335], [-1.0845, 45.821266], [-1.08441, 45.82125], [-1.084372, 45.82126], [-1.084017, 45.82114], [-1.083419, 45.820953], [-1.083149, 45.820892], [-1.082759, 45.820816], [-1.082453, 45.82077], [-1.082115, 45.82072], [-1.081748, 45.820694], [-1.081357, 45.820683], [-1.080927, 45.820698], [-1.080325, 45.820766], [-1.079536, 45.820904], [-1.079499, 45.82091], [-1.078823, 45.821117], [-1.077667, 45.82164], [-1.077275, 45.821815], [-1.076852, 45.821976], [-1.076298, 45.82212], [-1.075594, 45.82224], [-1.074998, 45.822304], [-1.073606, 45.8224], [-1.072134, 45.82253], [-1.072, 45.822536], [-1.071849, 45.822556], [-1.068762, 45.822865], [-1.066182, 45.82312], [-1.056666, 45.824112], [-1.056039, 45.824173], [-1.055922, 45.824184], [-1.05573, 45.824203], [-1.05504, 45.824257], [-1.054508, 45.82427], [-1.049709, 45.824287], [-1.049124, 45.824253], [-1.048046, 45.82414], [-1.047496, 45.8241], [-1.046926, 45.824112], [-1.046351, 45.824165], [-1.045973, 45.82422], [-1.045471, 45.824326], [-1.044947, 45.824474], [-1.044702, 45.824566], [-1.04432, 45.824726], [-1.044048, 45.824856], [-1.043824, 45.824993], [-1.043628, 45.8251], [-1.043311, 45.82532], [-1.042911, 45.825657], [-1.042702, 45.825863], [-1.042555, 45.826], [-1.042215, 45.826336], [-1.04198, 45.826534], [-1.04108, 45.827183], [-1.039852, 45.82802], [-1.038454, 45.828995], [-1.036348, 45.830505], [-1.035358, 45.83119], [-1.033524, 45.832478], [-1.029286, 45.835464], [-1.025901, 45.83785], [-1.023358, 45.83964], [-1.021758, 45.84074], [-1.020708, 45.84148], [-1.020172, 45.841854], [-1.018433, 45.843132], [-1.015951, 45.844845], [-1.015551, 45.84509], [-1.015199, 45.845287], [-1.015136, 45.845318], [-1.014847, 45.84546], [-1.01454, 45.845596], [-1.014156, 45.84576], [-1.013622, 45.845947], [-1.013257, 45.846066], [-1.012873, 45.846165], [-1.011977, 45.846367], [-1.008698, 45.847103], [-1.008253, 45.847202], [-0.985123, 45.852345], [-0.983868, 45.852646], [-0.983411, 45.852776], [-0.98296, 45.85293], [-0.982535, 45.853092], [-0.982319, 45.853176], [-0.981467, 45.853603], [-0.98099, 45.853886], [-0.980608, 45.854153], [-0.980234, 45.85446], [-0.979907, 45.85475], [-0.979479, 45.85519], [-0.9792, 45.85557], [-0.978794, 45.85621], [-0.977697, 45.85853], [-0.97748, 45.8589], [-0.977235, 45.859222], [-0.976927, 45.859547], [-0.976638, 45.859818], [-0.975943, 45.860435], [-0.975546, 45.86077], [-0.973789, 45.862312], [-0.973526, 45.86243], [-0.973164, 45.86255], [-0.972536, 45.862755], [-0.971819, 45.86299], [-0.9717, 45.863033], [-0.969798, 45.86365], [-0.96923, 45.86383], [-0.968499, 45.864067], [-0.96814, 45.864185], [-0.967833, 45.86421], [-0.967738, 45.864204], [-0.967671, 45.864193], [-0.9676, 45.86417], [-0.967538, 45.86414], [-0.967483, 45.864098], [-0.967435, 45.86405], [-0.967398, 45.86401], [-0.96737, 45.86395], [-0.967356, 45.8639], [-0.967355, 45.86384], [-0.967367, 45.863785], [-0.96739, 45.863735], [-0.967426, 45.86369], [-0.967482, 45.86364], [-0.967553, 45.863598], [-0.96763, 45.86356], [-0.967711, 45.863537], [-0.967798, 45.86352], [-0.96789, 45.863518], [-0.967977, 45.863518], [-0.968065, 45.86353], [-0.968141, 45.86355], [-0.96822, 45.863567], [-0.968301, 45.863598], [-0.96838, 45.863636], [-0.968457, 45.86368], [-0.968536, 45.86374], [-0.968614, 45.8638], [-0.968683, 45.863876], [-0.968738, 45.863956], [-0.968802, 45.864082], [-0.96919, 45.865517], [-0.969233, 45.865726], [-0.969306, 45.866287], [-0.969346, 45.866776], [-0.969364, 45.867165], [-0.969369, 45.867542], [-0.969353, 45.86824], [-0.969327, 45.86859], [-0.969294, 45.868935], [-0.969224, 45.869453], [-0.969138, 45.86995], [-0.969047, 45.870388], [-0.968944, 45.87081], [-0.968838, 45.871185], [-0.968724, 45.871548], [-0.96849, 45.87221], [-0.968305, 45.87266], [-0.968116, 45.8731], [-0.967736, 45.87389], [-0.96752, 45.87435], [-0.967304, 45.874794], [-0.967094, 45.87521], [-0.966877, 45.875614], [-0.96671, 45.875927], [-0.966569, 45.8762], [-0.966428, 45.876453], [-0.966223, 45.87679], [-0.965884, 45.87731], [-0.965661, 45.877625], [-0.965477, 45.877857], [-0.965045, 45.878387], [-0.964808, 45.878654], [-0.96464, 45.878838], [-0.964442, 45.87904], [-0.963985, 45.879498], [-0.963747, 45.87975], [-0.963545, 45.879974], [-0.963369, 45.880173], [-0.963142, 45.880447], [-0.96296, 45.88068], [-0.962777, 45.880917], [-0.962616, 45.88115], [-0.96211, 45.8819], [-0.961616, 45.88264], [-0.961394, 45.883], [-0.961238, 45.883274], [-0.961101, 45.88353], [-0.960943, 45.883858], [-0.960804, 45.884163], [-0.960706, 45.884415], [-0.960632, 45.884624], [-0.960567, 45.88483], [-0.960517, 45.885048], [-0.960478, 45.88527], [-0.960446, 45.885498], [-0.960428, 45.885754], [-0.960427, 45.88593], [-0.960432, 45.886078], [-0.960445, 45.88623], [-0.960472, 45.8864], [-0.960506, 45.886547], [-0.960552, 45.886703], [-0.960603, 45.88688], [-0.960672, 45.887054], [-0.960748, 45.887238], [-0.960837, 45.887417], [-0.96096, 45.887634], [-0.96111, 45.887856], [-0.961347, 45.888157], [-0.961477, 45.888298], [-0.96163, 45.888454], [-0.961756, 45.888573], [-0.961927, 45.888725], [-0.962426, 45.889156], [-0.962649, 45.889355], [-0.963344, 45.889946], [-0.964045, 45.89055], [-0.966199, 45.892395], [-0.96646, 45.892635], [-0.966592, 45.89276], [-0.966746, 45.89293], [-0.966899, 45.89311], [-0.967061, 45.893307], [-0.967236, 45.893543], [-0.967413, 45.893803], [-0.967718, 45.89426], [-0.968431, 45.895325], [-0.968933, 45.896084], [-0.969084, 45.89635], [-0.96923, 45.896633], [-0.969361, 45.896996], [-0.96943, 45.8972], [-0.969497, 45.897434], [-0.969556, 45.897694], [-0.969605, 45.89797], [-0.969633, 45.89819], [-0.969648, 45.8984], [-0.96966, 45.89871], [-0.96965, 45.89898], [-0.969586, 45.899406], [-0.969529, 45.899654], [-0.969448, 45.899937], [-0.969336, 45.900238], [-0.969201, 45.900547], [-0.969023, 45.90088], [-0.968032, 45.902626], [-0.967111, 45.90425], [-0.966672, 45.905025], [-0.966262, 45.905743], [-0.966083, 45.90605], [-0.965928, 45.90635], [-0.965835, 45.906548], [-0.965754, 45.906757], [-0.965676, 45.906998], [-0.965468, 45.907597], [-0.965432, 45.90785], [-0.965363, 45.908287], [-0.965322, 45.908665], [-0.965308, 45.909115], [-0.965311, 45.90957], [-0.965281, 45.910015], [-0.965217, 45.91073], [-0.965192, 45.91106], [-0.965174, 45.911427], [-0.965166, 45.91177], [-0.965171, 45.91201], [-0.96518, 45.91214], [-0.965198, 45.9124], [-0.965216, 45.912655], [-0.965241, 45.912857], [-0.965287, 45.9132], [-0.965339, 45.913563], [-0.965409, 45.913895], [-0.965513, 45.914337], [-0.965615, 45.914696], [-0.965752, 45.915146], [-0.965878, 45.915504], [-0.966057, 45.91596], [-0.966248, 45.916405], [-0.966405, 45.91674], [-0.966632, 45.91719], [-0.966872, 45.917625], [-0.96713, 45.91806], [-0.967417, 45.9185], [-0.967679, 45.918865], [-0.967958, 45.91923], [-0.968204, 45.91954], [-0.968526, 45.919914], [-0.968886, 45.920307], [-0.969073, 45.920506], [-0.969389, 45.920822], [-0.969711, 45.921124], [-0.969836, 45.92124], [-0.970158, 45.921516], [-0.970588, 45.921867], [-0.970728, 45.922012], [-0.97079, 45.922085], [-0.970823, 45.92213], [-0.970852, 45.922184], [-0.970875, 45.922245], [-0.970887, 45.922314], [-0.970889, 45.92237], [-0.970879, 45.92243], [-0.97087, 45.92247], [-0.97085, 45.922516], [-0.970824, 45.922554], [-0.970793, 45.922585], [-0.97071, 45.92265], [-0.970486, 45.922775], [-0.969507, 45.92331], [-0.969425, 45.923347], [-0.969328, 45.923386], [-0.969209, 45.9234], [-0.969133, 45.923412], [-0.969012, 45.923363], [-0.968879, 45.923336], [-0.968776, 45.92333], [-0.968673, 45.923332], [-0.968573, 45.923347], [-0.968478, 45.923374], [-0.968393, 45.923412], [-0.968317, 45.92346], [-0.968253, 45.92351], [-0.968201, 45.923573], [-0.968165, 45.923637], [-0.968143, 45.923702], [-0.968137, 45.923775], [-0.968148, 45.923843], [-0.968174, 45.923912], [-0.968215, 45.923973], [-0.96827, 45.92403], [-0.968281, 45.924164], [-0.968275, 45.92421], [-0.968259, 45.92425], [-0.968236, 45.924297], [-0.968184, 45.924377], [-0.968004, 45.924595], [-0.96781, 45.92482], [-0.96767, 45.92498], [-0.967303, 45.92537], [-0.966515, 45.926247], [-0.965711, 45.927216], [-0.964588, 45.928482], [-0.96437, 45.92881], [-0.964256, 45.929207], [-0.9643, 45.929577], [-0.964462, 45.929874], [-0.964497, 45.92993], [-0.964643, 45.93016], [-0.964827, 45.930405], [-0.964884, 45.93046], [-0.964979, 45.93053], [-0.965237, 45.930676], [-0.965283, 45.93078], [-0.965306, 45.93087], [-0.96533, 45.93092], [-0.965288, 45.930954], [-0.965256, 45.930992], [-0.965231, 45.93105], [-0.965233, 45.931114], [-0.965262, 45.93117], [-0.9653, 45.931213], [-0.965321, 45.931225], [-0.965352, 45.931244], [-0.965413, 45.93127], [-0.965501, 45.93138], [-0.965678, 45.931606], [-0.965821, 45.931847], [-0.966124, 45.93239], [-0.966265, 45.93264], [-0.966321, 45.93274], [-0.966393, 45.93284], [-0.966377, 45.932957], [-0.966353, 45.932987], [-0.966336, 45.933006], [-0.966261, 45.93309], [-0.966055, 45.9334], [-0.965547, 45.93428], [-0.965315, 45.934696], [-0.965276, 45.93499], [-0.965278, 45.935043], [-0.965306, 45.93512], [-0.965201, 45.935158], [-0.965145, 45.93517], [-0.964572, 45.935238], [-0.964486, 45.935726], [-0.964464, 45.93585], [-0.964455, 45.93589], [-0.96448, 45.935894], [-0.964568, 45.9359], [-0.964684, 45.935913], [-0.965123, 45.935963], [-0.965131, 45.935963], [-0.965249, 45.936024], [-0.965245, 45.936047], [-0.965238, 45.93608], [-0.965218, 45.936207], [-0.965196, 45.936314], [-0.965185, 45.936394], [-0.965163, 45.936493], [-0.965117, 45.93674], [-0.965127, 45.936844], [-0.965131, 45.936913], [-0.96517, 45.937122], [-0.965222, 45.937275], [-0.965257, 45.93736], [-0.965297, 45.93749], [-0.965262, 45.937607], [-0.965088, 45.93782], [-0.964965, 45.93792], [-0.964912, 45.93796], [-0.964816, 45.938046], [-0.964681, 45.937992], [-0.964266, 45.937824], [-0.964154, 45.937847], [-0.96402, 45.937893], [-0.964024, 45.938057], [-0.96406, 45.93812], [-0.96409, 45.938194], [-0.964629, 45.938133], [-0.964891, 45.93814], [-0.965132, 45.93817], [-0.965544, 45.93833], [-0.965915, 45.938473], [-0.965963, 45.93849], [-0.966009, 45.938507], [-0.966191, 45.93857], [-0.966264, 45.938587], [-0.966257, 45.938614], [-0.966261, 45.93864], [-0.966276, 45.938663], [-0.966299, 45.938683], [-0.96633, 45.938698], [-0.966278, 45.938797], [-0.966183, 45.938976], [-0.966023, 45.939278], [-0.965991, 45.93934], [-0.965976, 45.939365], [-0.96596, 45.939396], [-0.965947, 45.939423], [-0.965849, 45.939606], [-0.965815, 45.939667], [-0.9657, 45.939896], [-0.965686, 45.93991], [-0.965606, 45.940063], [-0.965573, 45.940125], [-0.965527, 45.94022], [-0.965512, 45.94025], [-0.965424, 45.940414], [-0.965085, 45.94108], [-0.964881, 45.941475], [-0.964857, 45.94152], [-0.964835, 45.941605], [-0.964731, 45.941647], [-0.964679, 45.941666], [-0.96461, 45.94167], [-0.964392, 45.941624], [-0.964218, 45.94159], [-0.96413, 45.941586], [-0.964046, 45.94158], [-0.963334, 45.94166], [-0.963323, 45.941666], [-0.963199, 45.94169], [-0.963053, 45.941715], [-0.96295, 45.941772], [-0.962843, 45.94184], [-0.962621, 45.94199], [-0.962379, 45.942184], [-0.962109, 45.9424], [-0.96195, 45.942524], [-0.961755, 45.94265], [-0.961505, 45.94272], [-0.961409, 45.94275], [-0.961156, 45.94285], [-0.961108, 45.94287], [-0.960946, 45.94295], [-0.960759, 45.94298], [-0.960663, 45.94298], [-0.960624, 45.94298], [-0.960533, 45.94298], [-0.960511, 45.942966], [-0.960457, 45.94294], [-0.960403, 45.94293], [-0.960358, 45.94293], [-0.960307, 45.942932], [-0.960237, 45.94295], [-0.960178, 45.942978], [-0.960143, 45.943005], [-0.960109, 45.94305], [-0.960096, 45.94311], [-0.960094, 45.943184], [-0.960109, 45.94321], [-0.960128, 45.943245], [-0.960154, 45.943275], [-0.960177, 45.9433], [-0.960187, 45.943306], [-0.960208, 45.94332], [-0.960245, 45.943336], [-0.960281, 45.943348], [-0.960312, 45.94335], [-0.96037, 45.943344], [-0.960424, 45.943333], [-0.960524, 45.943348], [-0.96065, 45.943417], [-0.960846, 45.943665], [-0.961179, 45.94408], [-0.961516, 45.9445], [-0.961597, 45.944603], [-0.961697, 45.94472], [-0.96223, 45.945362], [-0.962302, 45.94545], [-0.962367, 45.94553], [-0.961856, 45.945953], [-0.961645, 45.946125], [-0.961548, 45.94621], [-0.96145, 45.946293], [-0.961427, 45.94631], [-0.961409, 45.946323], [-0.961805, 45.946613], [-0.96194, 45.94672], [-0.962367, 45.94697], [-0.962634, 45.947132], [-0.962704, 45.947163], [-0.962796, 45.94717], [-0.962971, 45.947147], [-0.962994, 45.94713], [-0.963076, 45.94715], [-0.96313, 45.947113], [-0.963238, 45.94704], [-0.963317, 45.946983], [-0.96333194, 45.94697], [-0.963357, 45.946953], [-0.963367, 45.946934], [-0.963398, 45.946873], [-0.963432, 45.946896], [-0.963476, 45.946907], [-0.963523, 45.94691], [-0.96356, 45.946903], [-0.963594, 45.94689], [-0.963621, 45.946873], [-0.963707, 45.9469], [-0.96395, 45.946976], [-0.964058, 45.947006], [-0.964206, 45.947037], [-0.964297, 45.947056], [-0.964748, 45.947098], [-0.965377, 45.947155], [-0.965404, 45.947155], [-0.965431, 45.94716], [-0.965563, 45.94717], [-0.965753, 45.947193], [-0.96688, 45.947372], [-0.967136, 45.94743], [-0.967301, 45.947456], [-0.967668, 45.94748], [-0.967808, 45.947517], [-0.967818, 45.94752], [-0.967847, 45.947536], [-0.967932, 45.94758], [-0.968018, 45.947536], [-0.968037, 45.94753], [-0.968092, 45.947514], [-0.96817, 45.94749], [-0.968264, 45.947495], [-0.968302, 45.9475], [-0.968905, 45.94752], [-0.970831, 45.947613], [-0.970892, 45.947617], [-0.970976, 45.94762], [-0.971054, 45.947624], [-0.971131, 45.947628], [-0.971827, 45.94766], [-0.973825, 45.947754], [-0.9739, 45.947758], [-0.97396, 45.947758], [-0.974048, 45.94776], [-0.975777, 45.947845], [-0.975962, 45.947853], [-0.976116, 45.94786], [-0.976158, 45.94786], [-0.976185, 45.947865], [-0.976196, 45.947884], [-0.976215, 45.947903], [-0.976242, 45.947914], [-0.976274, 45.94792], [-0.976306, 45.947918], [-0.976317, 45.94795], [-0.976328, 45.94798], [-0.976349, 45.948036], [-0.97636, 45.94809], [-0.976412, 45.948315], [-0.97661, 45.94917], [-0.976587, 45.94936], [-0.976589, 45.949432], [-0.976631, 45.9496], [-0.976654, 45.949684], [-0.976661, 45.949715], [-0.976861, 45.9506], [-0.977001, 45.95116], [-0.977062, 45.951477], [-0.977087, 45.95162], [-0.977126, 45.951775], [-0.977203, 45.952087], [-0.977252, 45.95232], [-0.977365, 45.95252], [-0.977547, 45.95335], [-0.97753, 45.95342], [-0.977501, 45.95354], [-0.977473, 45.953556], [-0.97745, 45.953575], [-0.97743, 45.953606], [-0.97742, 45.953636], [-0.977421, 45.953667], [-0.977432, 45.953697], [-0.977454, 45.953728], [-0.977485, 45.95375], [-0.977524, 45.95377], [-0.977568, 45.95378], [-0.977655, 45.953896], [-0.977718, 45.954147], [-0.977897, 45.954906], [-0.978052, 45.955566], [-0.978044, 45.95566], [-0.978031, 45.955734], [-0.977985, 45.955788], [-0.97797, 45.9558], [-0.97796, 45.955814], [-0.977955, 45.955833], [-0.977957, 45.95585], [-0.977968, 45.955868], [-0.977986, 45.955883], [-0.978011, 45.955894], [-0.978105, 45.955956], [-0.978113, 45.955963], [-0.978127, 45.956043], [-0.978194, 45.956207], [-0.97836, 45.95686], [-0.978377, 45.95695], [-0.978448, 45.95732], [-0.978496, 45.957573], [-0.97844, 45.957867], [-0.978437, 45.957882], [-0.978316, 45.957928], [-0.978219, 45.957993], [-0.978152, 45.958076], [-0.978121, 45.95817], [-0.978128, 45.958263], [-0.978157, 45.958332], [-0.978206, 45.958385], [-0.978297, 45.95846], [-0.978414, 45.95851], [-0.978546, 45.958534], [-0.978644, 45.958656], [-0.978717, 45.958744], [-0.978757, 45.958904], [-0.978796, 45.95904], [-0.978873, 45.959225], [-0.978936, 45.959503], [-0.979005, 45.959805], [-0.979039, 45.959953], [-0.979126, 45.96033], [-0.979151, 45.960438], [-0.979191, 45.960613], [-0.979277, 45.960987], [-0.979284, 45.961018], [-0.979337, 45.96125], [-0.979551, 45.962177], [-0.979626, 45.9625], [-0.979664, 45.96267], [-0.979732, 45.962963], [-0.979963, 45.963966], [-0.980021, 45.96422], [-0.980041, 45.964306], [-0.98013, 45.964745], [-0.980175, 45.965004], [-0.980224, 45.96532], [-0.980236, 45.965614], [-0.980237, 45.965675], [-0.980237, 45.965923], [-0.980224, 45.966187], [-0.98025, 45.96643], [-0.980339, 45.966732], [-0.980381, 45.966866], [-0.980407, 45.96695], [-0.980347, 45.967014], [-0.980321, 45.96709], [-0.980332, 45.967167], [-0.980378, 45.967236], [-0.980455, 45.967293], [-0.980553, 45.967327], [-0.98065, 45.96734], [-0.980747, 45.96733], [-0.980836, 45.9673], [-0.980909, 45.967255], [-0.980961, 45.967197], [-0.980986, 45.96713], [-0.980981, 45.967064], [-0.980948, 45.967], [-0.98089, 45.96694], [-0.980827, 45.966908], [-0.980754, 45.966885], [-0.980673, 45.96685], [-0.980595, 45.96677], [-0.980528, 45.96667], [-0.980444, 45.966545], [-0.980382, 45.9664], [-0.980302, 45.96618], [-0.980237, 45.965923], [-0.980237, 45.965675], [-0.980236, 45.965614], [-0.980224, 45.96532], [-0.980175, 45.965004], [-0.98013, 45.964745], [-0.980041, 45.964306], [-0.980021, 45.96422], [-0.979963, 45.963966], [-0.979732, 45.962963], [-0.979664, 45.96267], [-0.979626, 45.9625], [-0.979551, 45.962177], [-0.979337, 45.96125], [-0.979284, 45.961018], [-0.979277, 45.960987], [-0.979191, 45.960613], [-0.979151, 45.960438], [-0.979126, 45.96033], [-0.979039, 45.959953], [-0.979005, 45.959805], [-0.978936, 45.959503], [-0.978873, 45.959225], [-0.978846, 45.959045], [-0.9788456, 45.95904], [-0.978842, 45.959015], [-0.978816, 45.958904], [-0.978778, 45.958714], [-0.978803, 45.958637], [-0.978827, 45.958565], [-0.978846, 45.95853], [-0.978877, 45.95848], [-0.978929, 45.95845], [-0.978971, 45.958424], [-0.979041, 45.95835], [-0.979077, 45.958282], [-0.979094, 45.95819], [-0.979077, 45.95811], [-0.97902, 45.95802], [-0.978927, 45.957943], [-0.97891, 45.957935], [-0.978731, 45.95787], [-0.978583, 45.95786], [-0.978437, 45.957882], [-0.978316, 45.957928], [-0.978219, 45.957993], [-0.978152, 45.958076], [-0.978121, 45.95817], [-0.978128, 45.958263], [-0.978157, 45.958332], [-0.978206, 45.958385], [-0.978297, 45.95846], [-0.978414, 45.95851], [-0.978546, 45.958534], [-0.978644, 45.958656], [-0.978717, 45.958744], [-0.978757, 45.958904], [-0.978796, 45.95904], [-0.978873, 45.959225], [-0.978936, 45.959503], [-0.979005, 45.959805], [-0.979039, 45.959953], [-0.979126, 45.96033], [-0.979151, 45.960438], [-0.979191, 45.960613], [-0.979277, 45.960987], [-0.979284, 45.961018], [-0.979337, 45.96125], [-0.979551, 45.962177], [-0.979626, 45.9625], [-0.979664, 45.96267], [-0.979732, 45.962963], [-0.979963, 45.963966], [-0.980021, 45.96422], [-0.980041, 45.964306], [-0.98013, 45.964745], [-0.980175, 45.965004], [-0.980224, 45.96532], [-0.980236, 45.965614], [-0.980237, 45.965675], [-0.980237, 45.965923], [-0.980224, 45.966187], [-0.98025, 45.96643], [-0.980339, 45.966732], [-0.980381, 45.966866], [-0.980407, 45.96695], [-0.980347, 45.967014], [-0.980321, 45.96709], [-0.980332, 45.967167], [-0.980378, 45.967236], [-0.980455, 45.967293], [-0.980553, 45.967327], [-0.980659, 45.96742], [-0.980708, 45.967487], [-0.980748, 45.96757], [-0.980774, 45.967648], [-0.980831, 45.96788], [-0.980902, 45.968185], [-0.980948, 45.96838], [-0.980995, 45.968502], [-0.981025, 45.968563], [-0.98107, 45.96863], [-0.981128, 45.9687], [-0.981203, 45.968777], [-0.981284, 45.968834], [-0.981371, 45.968895], [-0.981478, 45.968945], [-0.981601, 45.968994], [-0.98176, 45.969048], [-0.981926, 45.969086], [-0.982381, 45.969177], [-0.982584, 45.969223], [-0.982816, 45.969288], [-0.982964, 45.969337], [-0.983106, 45.96939], [-0.983262, 45.969467], [-0.984241, 45.97003], [-0.984959, 45.970566], [-0.985308, 45.970856], [-0.985753, 45.97125], [-0.986004, 45.97146], [-0.986813, 45.97216], [-0.987331, 45.97261], [-0.987605, 45.972824], [-0.987711, 45.97291], [-0.9881, 45.973213], [-0.988444, 45.97347], [-0.988784, 45.97371], [-0.989792, 45.97437], [-0.990608, 45.974884], [-0.991533, 45.97548], [-0.992143, 45.97587], [-0.993657, 45.976826], [-0.995706, 45.97812], [-0.995745, 45.97814], [-0.997367, 45.97918], [-0.997782, 45.979404], [-0.998181, 45.97959], [-0.998608, 45.97977], [-0.999002, 45.97991], [-0.99946, 45.980038], [-1.000019, 45.980167], [-1.000553, 45.980255], [-1.001138, 45.980305], [-1.001747, 45.980335], [-1.002482, 45.98037], [-1.003382, 45.98041], [-1.00495, 45.980473], [-1.007928, 45.980606], [-1.010779, 45.980778], [-1.011873, 45.980858], [-1.012854, 45.98099], [-1.013429, 45.981083], [-1.014139, 45.981255], [-1.014714, 45.981403], [-1.015313, 45.981575], [-1.016986, 45.98218], [-1.019666, 45.983166], [-1.03054, 45.987144], [-1.032169, 45.987705], [-1.033588, 45.988216], [-1.034515, 45.988625], [-1.034908, 45.988808], [-1.035249, 45.989006], [-1.035471, 45.989178], [-1.03568, 45.989384], [-1.035884, 45.989635], [-1.036035, 45.989872], [-1.036181, 45.99015], [-1.036235, 45.99028], [-1.036283, 45.990456], [-1.036344, 45.990883], [-1.036335, 45.99115], [-1.036346, 45.9914], [-1.036415, 45.99163], [-1.0364, 45.99173], [-1.036385, 45.99176], [-1.036377, 45.991795], [-1.036197, 45.99217], [-1.036167, 45.992214], [-1.036149, 45.99224], [-1.036127, 45.992275], [-1.036022, 45.992435], [-1.035984, 45.99247], [-1.035572, 45.992645], [-1.035397, 45.992733], [-1.03522, 45.992825], [-1.034607, 45.993126], [-1.033668, 45.99361], [-1.033485, 45.99367], [-1.033381, 45.993656], [-1.033287, 45.993633], [-1.033173, 45.993587], [-1.033057, 45.99355], [-1.03303, 45.993546], [-1.032888, 45.993507], [-1.032471, 45.99342], [-1.031958, 45.993355], [-1.031271, 45.993298], [-1.030378, 45.99322], [-1.029798, 45.99318], [-1.029232, 45.993122], [-1.02898, 45.9931], [-1.028652, 45.99305], [-1.02839, 45.992966], [-1.028153, 45.99285], [-1.028046, 45.992798], [-1.027651, 45.992573], [-1.027578, 45.99253], [-1.027364, 45.992393], [-1.027379, 45.99236], [-1.027376, 45.99233], [-1.027351, 45.99229], [-1.027316, 45.992268], [-1.027273, 45.992256], [-1.027226, 45.992256], [-1.027168, 45.99227], [-1.027135, 45.992294], [-1.027115, 45.992325], [-1.027111, 45.992355], [-1.027129, 45.992397], [-1.02716, 45.99242], [-1.0272, 45.992435], [-1.027247, 45.992443], [-1.027293, 45.992435], [-1.027333, 45.99242], [-1.027364, 45.992393], [-1.027578, 45.99253], [-1.027651, 45.992573], [-1.028046, 45.992798], [-1.028153, 45.99285], [-1.02839, 45.992966], [-1.028652, 45.99305], [-1.02898, 45.9931], [-1.029232, 45.993122], [-1.029798, 45.99318], [-1.030378, 45.99322], [-1.031271, 45.993298], [-1.031958, 45.993355], [-1.032471, 45.99342], [-1.032888, 45.993507], [-1.03303, 45.993546], [-1.033057, 45.99355], [-1.033173, 45.993587], [-1.033287, 45.993633], [-1.033381, 45.993656], [-1.033485, 45.99367], [-1.033668, 45.99361], [-1.034607, 45.993126], [-1.03522, 45.992825], [-1.035397, 45.992733], [-1.035572, 45.992645], [-1.035984, 45.99247], [-1.036022, 45.992435], [-1.036127, 45.992275], [-1.036149, 45.99224], [-1.036167, 45.992214], [-1.036197, 45.99217], [-1.036276, 45.992107], [-1.036362, 45.992043], [-1.036473, 45.992], [-1.036553, 45.99198], [-1.036598, 45.991993], [-1.036643, 45.991997], [-1.036694, 45.991993], [-1.036737, 45.991985], [-1.036779, 45.991974], [-1.036827, 45.99195], [-1.036854, 45.991932], [-1.036883, 45.991905], [-1.036904, 45.991875], [-1.036915, 45.99185], [-1.036922, 45.99182], [-1.036922, 45.99179], [-1.036914, 45.991756], [-1.036906, 45.991737], [-1.036878, 45.9917], [-1.036857, 45.99168], [-1.036831, 45.991665], [-1.03678, 45.99164], [-1.036763, 45.991627], [-1.036664, 45.991528], [-1.036607, 45.991417], [-1.036574, 45.991272], [-1.036633, 45.99114], [-1.036799, 45.991013], [-1.03702, 45.99096], [-1.037228, 45.99095], [-1.037445, 45.991013], [-1.037602, 45.99114], [-1.038301, 45.992332], [-1.039205, 45.99404], [-1.041505, 45.998417], [-1.043109, 46.001446], [-1.044887, 46.004826], [-1.046395, 46.007664], [-1.048126, 46.01094], [-1.049061, 46.01273], [-1.050322, 46.01512], [-1.050548, 46.015537], [-1.053067, 46.020283], [-1.054835, 46.02354], [-1.055133, 46.024124], [-1.05535, 46.02466], [-1.055544, 46.02513], [-1.055653, 46.025574], [-1.055755, 46.026173], [-1.055827, 46.026924], [-1.05582, 46.02719], [-1.055808, 46.02743], [-1.055788, 46.027653], [-1.055774, 46.0278], [-1.055747, 46.02799], [-1.055704, 46.028217], [-1.055645, 46.02847], [-1.055574, 46.028713], [-1.055475, 46.029037], [-1.055381, 46.02929], [-1.055286, 46.02951], [-1.05518, 46.02976], [-1.055051, 46.030025], [-1.054894, 46.03031], [-1.05484, 46.03041], [-1.054759, 46.030533], [-1.054576, 46.030815], [-1.054388, 46.03108], [-1.054186, 46.03135], [-1.053971, 46.0316], [-1.053701, 46.0319], [-1.053236, 46.03237], [-1.052963, 46.03265], [-1.052471, 46.033146], [-1.052043, 46.033585], [-1.05167, 46.033962], [-1.051406, 46.034225], [-1.050956, 46.03468], [-1.050419, 46.03523], [-1.04995, 46.0357], [-1.049452, 46.0362], [-1.049178, 46.036484], [-1.048964, 46.0367], [-1.048501, 46.037174], [-1.048208, 46.037514], [-1.047938, 46.037846], [-1.047705, 46.038162], [-1.047547, 46.038418], [-1.047424, 46.03864], [-1.047303, 46.03889], [-1.047202, 46.039104], [-1.047112, 46.039326], [-1.047003, 46.03963], [-1.046912, 46.03992], [-1.046839, 46.04014], [-1.046768, 46.040367], [-1.046642, 46.040775], [-1.046517, 46.041176], [-1.046374, 46.041603], [-1.046311, 46.041817], [-1.046218, 46.04211], [-1.04613, 46.042397], [-1.04603, 46.042694], [-1.045962, 46.042927], [-1.045922, 46.04308], [-1.045902, 46.04319], [-1.045859, 46.043552], [-1.045847, 46.043747], [-1.045857, 46.043926], [-1.045867, 46.044113], [-1.045896, 46.04435], [-1.045927, 46.044502], [-1.045961, 46.04464], [-1.045998, 46.044773], [-1.04605, 46.044933], [-1.04612, 46.0451], [-1.046191, 46.04525], [-1.046286, 46.04545], [-1.046352, 46.04556], [-1.046463, 46.045734], [-1.046534, 46.045837], [-1.046657, 46.046005], [-1.046828, 46.04621], [-1.047018, 46.046413], [-1.047123, 46.046516], [-1.047448, 46.04681], [-1.047798, 46.04707], [-1.048283, 46.047432], [-1.04899, 46.04796], [-1.049711, 46.048492], [-1.050106, 46.048798], [-1.05031, 46.04897], [-1.050466, 46.049118], [-1.050658, 46.049305], [-1.050808, 46.04946], [-1.050979, 46.049656], [-1.05111, 46.049816], [-1.051285, 46.05003], [-1.05279, 46.051865], [-1.055344, 46.05498], [-1.057582, 46.057663], [-1.059744, 46.060204], [-1.060497, 46.061142], [-1.062402, 46.06333], [-1.063965, 46.065285], [-1.065491, 46.067158], [-1.068475, 46.070805], [-1.07107, 46.073994], [-1.073909, 46.077446], [-1.076649, 46.08081], [-1.078136, 46.08277], [-1.078531, 46.083294], [-1.079277, 46.08428], [-1.080421, 46.085663], [-1.082033, 46.087624], [-1.083252, 46.089092], [-1.084425, 46.09052], [-1.085597, 46.09196], [-1.086828, 46.093475], [-1.087329, 46.094074], [-1.088177, 46.095127], [-1.089763, 46.097054], [-1.091571, 46.09927], [-1.093135, 46.101196], [-1.094384, 46.102787], [-1.094699, 46.10316], [-1.095476, 46.1041], [-1.096687, 46.105473], [-1.097443, 46.10649], [-1.098921, 46.108147], [-1.099831, 46.109215], [-1.100831, 46.110435], [-1.102785, 46.112743], [-1.103544, 46.113678], [-1.104052, 46.114304], [-1.104308, 46.114616], [-1.104625, 46.11501], [-1.105884, 46.11654], [-1.107122, 46.11805], [-1.107272, 46.11823], [-1.107901, 46.119], [-1.108092, 46.119232], [-1.108912, 46.12024], [-1.109179, 46.120575], [-1.109403, 46.120914], [-1.109541, 46.121174], [-1.109668, 46.121452], [-1.109756, 46.121708], [-1.109814, 46.121956], [-1.109867, 46.122227], [-1.109884, 46.122475], [-1.10989, 46.12277], [-1.109865, 46.12299], [-1.109838, 46.12322], [-1.109797, 46.123447], [-1.109669, 46.12381], [-1.109466, 46.124233], [-1.109208, 46.124653], [-1.108924, 46.124992], [-1.108612, 46.125317], [-1.108256, 46.125614], [-1.107855, 46.125893], [-1.107207, 46.126263], [-1.10663, 46.126545], [-1.106098, 46.126816], [-1.105525, 46.127098], [-1.104254, 46.127754], [-1.103652, 46.12813], [-1.103371, 46.12835], [-1.103094, 46.12857], [-1.102599, 46.12902], [-1.102456, 46.129166], [-1.102313, 46.129307], [-1.10215, 46.12953], [-1.102001, 46.129726], [-1.101864, 46.129932], [-1.101614, 46.13039], [-1.10139, 46.13086], [-1.101225, 46.13135], [-1.101179, 46.131557], [-1.101123, 46.13191], [-1.101084, 46.132526], [-1.101145, 46.133083], [-1.101325, 46.133694], [-1.101534, 46.13427], [-1.101845, 46.134785], [-1.102828, 46.13626], [-1.103209, 46.136845], [-1.104057, 46.13818], [-1.104166, 46.138355], [-1.104946, 46.1396], [-1.105088, 46.1398], [-1.105186, 46.140022], [-1.105565, 46.14073], [-1.105641, 46.140972], [-1.10561, 46.141193], [-1.105532, 46.141434], [-1.105343, 46.14175], [-1.105134, 46.142162], [-1.105106, 46.142296], [-1.105146, 46.14247], [-1.105243, 46.1426], [-1.105398, 46.14271], [-1.105596, 46.142784], [-1.105761, 46.142826], [-1.106092, 46.14283], [-1.106417, 46.14279], [-1.106626, 46.142735], [-1.106746, 46.142708], [-1.107251, 46.142567], [-1.108306, 46.142273], [-1.108592, 46.142296], [-1.10861, 46.142315], [-1.108678, 46.142357], [-1.10876, 46.142384], [-1.108886, 46.1424], [-1.10901, 46.142384], [-1.109052, 46.142365], [-1.109133, 46.14232], [-1.109194, 46.142254], [-1.109197, 46.142246], [-1.109408, 46.14224], [-1.109518, 46.142235], [-1.110007, 46.142303], [-1.112697, 46.14268], [-1.113495, 46.142773], [-1.113919, 46.142803], [-1.114369, 46.14282], [-1.115058, 46.142822], [-1.117198, 46.14281], [-1.118702, 46.142887], [-1.120921, 46.14309], [-1.121069, 46.14314], [-1.121184, 46.14319], [-1.121261, 46.143227], [-1.121291, 46.14326], [-1.121333, 46.143288], [-1.121381, 46.143307], [-1.121419, 46.14331], [-1.121458, 46.143314], [-1.121508, 46.14331], [-1.121555, 46.143295], [-1.121602, 46.143272], [-1.121632, 46.143246], [-1.12175, 46.143215], [-1.121864, 46.143208], [-1.121969, 46.143196], [-1.124075, 46.14331], [-1.126252, 46.14342], [-1.126388, 46.143456], [-1.126478, 46.143482], [-1.126558, 46.143517], [-1.126576, 46.143536], [-1.126598, 46.14356], [-1.126626, 46.143574], [-1.126656, 46.143585], [-1.12669, 46.143597], [-1.126726, 46.1436], [-1.126762, 46.143604], [-1.126798, 46.1436], [-1.126833, 46.143593], [-1.126865, 46.14358], [-1.126894, 46.143566], [-1.126977, 46.143562], [-1.127115, 46.143578], [-1.127433, 46.14362], [-1.12836, 46.14384], [-1.133488, 46.145065], [-1.134192, 46.145218], [-1.134574, 46.145264], [-1.134865, 46.145283], [-1.13508, 46.145294], [-1.136051, 46.145348], [-1.136258, 46.14539], [-1.136323, 46.1454], [-1.136386, 46.145412], [-1.136534, 46.145435], [-1.136569, 46.145504], [-1.136634, 46.14556], [-1.136721, 46.145603], [-1.136795, 46.145725], [-1.136845, 46.146], [-1.136839, 46.1462], [-1.136838, 46.146347], [-1.13685, 46.14649], [-1.13687, 46.146626], [-1.136908, 46.14678], [-1.136975, 46.14693], [-1.137049, 46.147083], [-1.137147, 46.147255], [-1.137267, 46.147423], [-1.137331, 46.147507], [-1.138925, 46.149666], [-1.139035, 46.14981], [-1.139139, 46.149963], [-1.139257, 46.15017], [-1.139364, 46.15038], [-1.139416, 46.150524], [-1.139466, 46.150658], [-1.139523, 46.150856], [-1.13952, 46.151012], [-1.13954, 46.15134], [-1.139496, 46.151627], [-1.13948, 46.151684], [-1.139471, 46.15171], [-1.139408, 46.1518], [-1.139374, 46.151836], [-1.139307, 46.15185], [-1.139247, 46.151875], [-1.139195, 46.15191], [-1.139132, 46.151978], [-1.139104, 46.152054], [-1.139113, 46.152134], [-1.13914, 46.152184], [-1.139181, 46.15223], [-1.139236, 46.152267], [-1.1393, 46.152294], [-1.139396, 46.152317], [-1.139496, 46.15232], [-1.139571, 46.15231], [-1.13964, 46.152287], [-1.139719, 46.152245], [-1.13978, 46.152184], [-1.139812, 46.152115], [-1.139816, 46.15207], [-1.139809, 46.152023], [-1.139874, 46.151985], [-1.139942, 46.151943], [-1.139964, 46.15193], [-1.140082, 46.151897], [-1.140347, 46.151867], [-1.140524, 46.15187], [-1.140623, 46.15188], [-1.14071, 46.151886], [-1.141046, 46.15191], [-1.14105, 46.15196], [-1.141049, 46.151962], [-1.141073, 46.152008], [-1.141116, 46.152046], [-1.141174, 46.152077], [-1.141242, 46.15209], [-1.141312, 46.15209], [-1.141378, 46.152073], [-1.141435, 46.152042], [-1.141487, 46.151993], [-1.141923, 46.152184], [-1.141893, 46.15225], [-1.141878, 46.152298], [-1.141837, 46.152397], [-1.141797, 46.152496], [-1.141738, 46.15267], [-1.141221, 46.152576]]}}, {"type": "Feature", "properties": {"route_short_name": "175", "route_long_name": "175 - SURGERES - MATHA", "shape_id": "CHARENTE_MARITIME:JourneyPattern:4880_B6E2E709AEB19CDB9FB8F83E55EA44DF", "n_points": 1667, "n_shape_variants_in_source": 2}, "geometry": {"type": "LineString", "coordinates": [[-0.316888, 45.867325], [-0.316871, 45.86728], [-0.317096, 45.867214], [-0.317524, 45.8671], [-0.317755, 45.867054], [-0.317863, 45.867058], [-0.318048, 45.86706], [-0.318084, 45.86707], [-0.318588, 45.8672], [-0.318695, 45.867233], [-0.318723, 45.867245], [-0.318752, 45.867256], [-0.319203, 45.867413], [-0.319808, 45.86755], [-0.319942, 45.867558], [-0.320116, 45.86751], [-0.320319, 45.867435], [-0.320411, 45.86743], [-0.320715, 45.867447], [-0.320919, 45.86745], [-0.32117, 45.867504], [-0.321274, 45.867535], [-0.321434, 45.86756], [-0.321558, 45.867573], [-0.321812, 45.867577], [-0.321883, 45.867584], [-0.32211, 45.867664], [-0.322447, 45.867786], [-0.322786, 45.867912], [-0.322818, 45.867928], [-0.323041, 45.868023], [-0.323143, 45.86806], [-0.323201, 45.86808], [-0.323285, 45.868095], [-0.323354, 45.868103], [-0.323396, 45.868107], [-0.323487, 45.86812], [-0.32355, 45.868122], [-0.323615, 45.86812], [-0.323631, 45.86813], [-0.32365, 45.868137], [-0.323677, 45.86814], [-0.323705, 45.86814], [-0.323732, 45.868137], [-0.323757, 45.86813], [-0.323779, 45.868114], [-0.323847, 45.86811], [-0.323944, 45.86809], [-0.324142, 45.868095], [-0.324343, 45.868107], [-0.324712, 45.868134], [-0.32505, 45.86817], [-0.325233, 45.86821], [-0.325417, 45.868282], [-0.325545, 45.86833], [-0.325769, 45.868412], [-0.326165, 45.86856], [-0.326618, 45.868725], [-0.326925, 45.868824], [-0.327055, 45.86888], [-0.327042, 45.868904], [-0.327037, 45.868923], [-0.327041, 45.868946], [-0.327053, 45.86897], [-0.327073, 45.868984], [-0.327099, 45.869], [-0.327129, 45.869007], [-0.327155, 45.869007], [-0.327182, 45.869007], [-0.327208, 45.869], [-0.32723, 45.868988], [-0.327248, 45.868977], [-0.327262, 45.868958], [-0.327406, 45.86901], [-0.327737, 45.86912], [-0.328025, 45.869232], [-0.329154, 45.869625], [-0.330173, 45.870033], [-0.330546, 45.870182], [-0.330794, 45.870285], [-0.331905, 45.870754], [-0.332251, 45.8709], [-0.33271, 45.871082], [-0.332741, 45.871094], [-0.333141, 45.87125], [-0.333615, 45.87139], [-0.33404, 45.871487], [-0.334659, 45.871593], [-0.33486, 45.871628], [-0.335204, 45.871685], [-0.335467, 45.87174], [-0.335687, 45.87183], [-0.335831, 45.871914], [-0.335925, 45.872005], [-0.335987, 45.87208], [-0.33605, 45.872177], [-0.336173, 45.872566], [-0.336181, 45.872654], [-0.336224, 45.872826], [-0.336216, 45.872887], [-0.336205, 45.87292], [-0.336168, 45.872993], [-0.336148, 45.873005], [-0.336109, 45.873047], [-0.336088, 45.873093], [-0.336088, 45.873142], [-0.336113, 45.873196], [-0.336161, 45.87324], [-0.336227, 45.873276], [-0.336304, 45.873287], [-0.336384, 45.873287], [-0.336459, 45.873264], [-0.336512, 45.873234], [-0.336628, 45.873177], [-0.336798, 45.873123], [-0.336918, 45.873108], [-0.337134, 45.873077], [-0.33771, 45.87304], [-0.338311, 45.872997], [-0.339019, 45.87292], [-0.340032, 45.872795], [-0.340131, 45.8728], [-0.340943, 45.872734], [-0.341192, 45.872734], [-0.341413, 45.872746], [-0.34156, 45.872757], [-0.341818, 45.87279], [-0.342067, 45.872845], [-0.342299, 45.872906], [-0.342605, 45.873], [-0.342678, 45.873028], [-0.343724, 45.87339], [-0.344258, 45.873592], [-0.344641, 45.873722], [-0.345023, 45.87383], [-0.345402, 45.87392], [-0.345796, 45.873978], [-0.348139, 45.87427], [-0.349785, 45.874462], [-0.350087, 45.874493], [-0.350276, 45.87447], [-0.350361, 45.874428], [-0.350484, 45.874443], [-0.350547, 45.874504], [-0.350725, 45.87457], [-0.351965, 45.874706], [-0.352508, 45.87477], [-0.352766, 45.874817], [-0.353371, 45.874924], [-0.354116, 45.875072], [-0.35475, 45.875195], [-0.35607, 45.875465], [-0.356385, 45.875565], [-0.356701, 45.875706], [-0.357032, 45.87588], [-0.358948, 45.87704], [-0.360206, 45.877804], [-0.360763, 45.878117], [-0.361315, 45.8784], [-0.361999, 45.878723], [-0.362285, 45.878857], [-0.363628, 45.87951], [-0.363942, 45.87969], [-0.364676, 45.880154], [-0.366322, 45.881226], [-0.367786, 45.882187], [-0.368868, 45.882904], [-0.369161, 45.88307], [-0.369503, 45.883244], [-0.370254, 45.883556], [-0.371804, 45.88419], [-0.373074, 45.884716], [-0.373582, 45.884937], [-0.37447, 45.885357], [-0.375317, 45.885765], [-0.375625, 45.885937], [-0.375901, 45.88611], [-0.376179, 45.886314], [-0.376714, 45.886723], [-0.377921, 45.88767], [-0.37817, 45.8879], [-0.378407, 45.88817], [-0.378627, 45.88846], [-0.379397, 45.88951], [-0.380341, 45.890816], [-0.380813, 45.89146], [-0.381028, 45.89175], [-0.381142, 45.891884], [-0.381265, 45.892], [-0.381416, 45.892128], [-0.381559, 45.89223], [-0.381834, 45.8924], [-0.381986, 45.89247], [-0.382505, 45.892735], [-0.383597, 45.89327], [-0.38388, 45.893425], [-0.383967, 45.893486], [-0.384255, 45.893673], [-0.384316, 45.893715], [-0.384508, 45.89385], [-0.384769, 45.894047], [-0.385098, 45.894196], [-0.385231, 45.89424], [-0.385389, 45.894306], [-0.385495, 45.89435], [-0.385552, 45.89438], [-0.385585, 45.894394], [-0.385658, 45.894447], [-0.385714, 45.8945], [-0.385777, 45.894585], [-0.385917, 45.894833], [-0.385933, 45.894867], [-0.386044, 45.89509], [-0.386109, 45.895218], [-0.386167, 45.895332], [-0.38632, 45.895256], [-0.386334, 45.895226], [-0.386363, 45.895157], [-0.386314, 45.89507], [-0.386196, 45.895042], [-0.386083, 45.895077], [-0.386044, 45.89509], [-0.386109, 45.895218], [-0.386167, 45.895332], [-0.38633, 45.895638], [-0.386356, 45.895687], [-0.38649, 45.89595], [-0.386515, 45.895992], [-0.386569, 45.896088], [-0.386734, 45.89639], [-0.386856, 45.89655], [-0.386955, 45.89663], [-0.386985, 45.896652], [-0.387065, 45.89671], [-0.387302, 45.89684], [-0.388832, 45.897594], [-0.388835, 45.897594], [-0.389336, 45.89785], [-0.392033, 45.899227], [-0.394873, 45.900673], [-0.396625, 45.90157], [-0.396962, 45.90171], [-0.397309, 45.901836], [-0.397828, 45.901997], [-0.398448, 45.902176], [-0.399933, 45.902603], [-0.401717, 45.903126], [-0.4036, 45.90368], [-0.404924, 45.90406], [-0.40795, 45.90494], [-0.411682, 45.90603], [-0.412315, 45.90621], [-0.412856, 45.90635], [-0.413633, 45.906532], [-0.416355, 45.90709], [-0.41662, 45.907146], [-0.420207, 45.90789], [-0.423367, 45.90854], [-0.424834, 45.908844], [-0.425882, 45.909065], [-0.429159, 45.90973], [-0.4304, 45.909985], [-0.431877, 45.910297], [-0.432265, 45.910423], [-0.432616, 45.91056], [-0.43299, 45.910744], [-0.434435, 45.91151], [-0.437019, 45.912895], [-0.439613, 45.91428], [-0.441794, 45.915455], [-0.443987, 45.91664], [-0.445112, 45.91725], [-0.446526, 45.91801], [-0.448739, 45.919212], [-0.450811, 45.920345], [-0.452834, 45.921482], [-0.453363, 45.92178], [-0.454769, 45.922523], [-0.455328, 45.922825], [-0.455747, 45.923023], [-0.456301, 45.923244], [-0.456911, 45.923485], [-0.457729, 45.92381], [-0.458811, 45.924236], [-0.459462, 45.924496], [-0.460224, 45.9248], [-0.461189, 45.925186], [-0.462941, 45.92588], [-0.465376, 45.92683], [-0.465712, 45.92697], [-0.467028, 45.9275], [-0.467464, 45.92769], [-0.467773, 45.92786], [-0.468083, 45.92807], [-0.46908, 45.928825], [-0.470907, 45.93025], [-0.471139, 45.930428], [-0.478656, 45.936195], [-0.479337, 45.93665], [-0.479829, 45.93693], [-0.480531, 45.93731], [-0.480712, 45.93747], [-0.480896, 45.937653], [-0.480887, 45.93772], [-0.480902, 45.937786], [-0.48095, 45.937862], [-0.481026, 45.937927], [-0.481125, 45.93797], [-0.481251, 45.937996], [-0.481382, 45.937992], [-0.481505, 45.93796], [-0.481643, 45.93798], [-0.481801, 45.938034], [-0.482204, 45.938217], [-0.482755, 45.938515], [-0.485146, 45.939796], [-0.487912, 45.941284], [-0.488261, 45.94147], [-0.488502, 45.9416], [-0.489576, 45.942184], [-0.491682, 45.943317], [-0.49243, 45.94373], [-0.493243, 45.944164], [-0.494002, 45.944572], [-0.495248, 45.945248], [-0.495549, 45.945415], [-0.495851, 45.94559], [-0.496173, 45.945793], [-0.496441, 45.94597], [-0.496735, 45.94618], [-0.496957, 45.94634], [-0.497184, 45.946514], [-0.497418, 45.94671], [-0.497641, 45.946903], [-0.497869, 45.947105], [-0.498081, 45.947304], [-0.498235, 45.94746], [-0.498432, 45.94767], [-0.500011, 45.94934], [-0.500217, 45.94967], [-0.500249, 45.949738], [-0.500263, 45.949802], [-0.50021, 45.94989], [-0.500208, 45.95], [-0.500245, 45.950115], [-0.5003, 45.9502], [-0.500386, 45.950256], [-0.500521, 45.950314], [-0.500671, 45.950344], [-0.500823, 45.95034], [-0.500974, 45.950302], [-0.501123, 45.950233], [-0.50119, 45.950176], [-0.501248, 45.95009], [-0.501268, 45.949986], [-0.501254, 45.9499], [-0.5013, 45.94983], [-0.501336, 45.949776], [-0.501376, 45.949738], [-0.501435, 45.949696], [-0.501586, 45.949596], [-0.502011, 45.949436], [-0.502289, 45.949337], [-0.502834, 45.949142], [-0.503037, 45.94906], [-0.503133, 45.949017], [-0.503223, 45.94897], [-0.503301, 45.94892], [-0.503414, 45.94885], [-0.503488, 45.9488], [-0.503603, 45.948704], [-0.503692, 45.948627], [-0.504167, 45.948215], [-0.504642, 45.947803], [-0.504785, 45.947697], [-0.504952, 45.947582], [-0.505135, 45.947464], [-0.505368, 45.947342], [-0.505658, 45.947212], [-0.506244, 45.946987], [-0.506344, 45.946968], [-0.506397, 45.94696], [-0.506477, 45.946987], [-0.506567, 45.947], [-0.506656, 45.946987], [-0.506736, 45.946957], [-0.506798, 45.94691], [-0.506826, 45.946873], [-0.506841, 45.946835], [-0.506844, 45.946796], [-0.506835, 45.946754], [-0.506936, 45.946674], [-0.507125, 45.94656], [-0.508064, 45.946117], [-0.509529, 45.94547], [-0.509742, 45.94537], [-0.509957, 45.945274], [-0.510278, 45.94513], [-0.510375, 45.945084], [-0.510866, 45.94487], [-0.510903, 45.944855], [-0.511415, 45.944626], [-0.511974, 45.944374], [-0.512371, 45.944202], [-0.512435, 45.944176], [-0.512608, 45.944103], [-0.51255, 45.94406], [-0.512444, 45.943993], [-0.512388, 45.943954], [-0.511747, 45.943523], [-0.511467, 45.9433], [-0.511397, 45.94323], [-0.511345, 45.943142], [-0.511224, 45.942696], [-0.511129, 45.942326], [-0.51096, 45.94156], [-0.510949, 45.941498], [-0.510787, 45.94085], [-0.510756, 45.940716], [-0.510532, 45.94073], [-0.510532, 45.94073], [-0.510174, 45.940758], [-0.510159, 45.940666], [-0.510183, 45.940636], [-0.510237, 45.940617], [-0.510638, 45.940586], [-0.510761, 45.940586], [-0.510774, 45.940556], [-0.510824, 45.94048], [-0.511065, 45.940205], [-0.511152, 45.94009], [-0.511262, 45.940002], [-0.511361, 45.93991], [-0.511442, 45.939857], [-0.511466, 45.939823], [-0.511585, 45.93987], [-0.512575, 45.940224], [-0.514014, 45.940723], [-0.514549, 45.94092], [-0.514575, 45.94093], [-0.515075, 45.941093], [-0.51542, 45.941216], [-0.515713, 45.941284], [-0.515919, 45.941326], [-0.516082, 45.94136], [-0.516773, 45.941505], [-0.516918, 45.941536], [-0.517129, 45.941612], [-0.517459, 45.941757], [-0.517517, 45.941784], [-0.517623, 45.941833], [-0.517702, 45.941875], [-0.517791, 45.94191], [-0.518089, 45.94205], [-0.518244, 45.94212], [-0.518266, 45.94213], [-0.518486, 45.94221], [-0.518559, 45.942238], [-0.518502, 45.942287], [-0.518403, 45.94237], [-0.518268, 45.94248], [-0.518208, 45.942528], [-0.518171, 45.94258], [-0.518145, 45.942623], [-0.518122, 45.942707], [-0.518111, 45.942787], [-0.518104, 45.942844], [-0.518091, 45.942917], [-0.51807, 45.943035], [-0.518055, 45.943123], [-0.517882, 45.94333], [-0.517863, 45.943344], [-0.517827, 45.943386], [-0.517788, 45.94342], [-0.517745, 45.943466], [-0.517605, 45.943607], [-0.517515, 45.943718], [-0.517361, 45.94382], [-0.517298, 45.943863], [-0.517172, 45.943947], [-0.517079, 45.944008], [-0.5170535, 45.94399], [-0.51705, 45.943985], [-0.51693, 45.943905], [-0.516502, 45.944206], [-0.51642, 45.944263], [-0.516362, 45.94431], [-0.516502, 45.9444], [-0.516015, 45.944733], [-0.515942, 45.944782], [-0.515327, 45.945198], [-0.514807, 45.945538], [-0.514733, 45.9456], [-0.514688, 45.945633], [-0.514735, 45.945698], [-0.514783, 45.94593], [-0.514785, 45.94605], [-0.514789, 45.94615], [-0.51479, 45.946205], [-0.514806, 45.946594], [-0.514809, 45.946663], [-0.514807, 45.946766], [-0.514825, 45.946842], [-0.514846, 45.9469], [-0.514871, 45.946926], [-0.514952, 45.94697], [-0.515119, 45.947033], [-0.516116, 45.947365], [-0.516891, 45.94762], [-0.517025, 45.947685], [-0.517085, 45.947716], [-0.517144, 45.94778], [-0.517167, 45.94788], [-0.517148, 45.947933], [-0.517088, 45.948032], [-0.516838, 45.94846], [-0.516909, 45.94848], [-0.517239, 45.948586], [-0.51739, 45.94865], [-0.517449, 45.948692], [-0.517506, 45.94873], [-0.517633, 45.94883], [-0.517844, 45.94906], [-0.517988, 45.949203], [-0.518113, 45.949352], [-0.518174, 45.94942], [-0.518221, 45.949467], [-0.518347, 45.949596], [-0.518428, 45.949673], [-0.518477, 45.949722], [-0.518622, 45.94982], [-0.518671, 45.94985], [-0.518761, 45.949894], [-0.518824, 45.949924], [-0.5189, 45.949955], [-0.519003, 45.95], [-0.519102, 45.950043], [-0.519342, 45.95013], [-0.5196, 45.95021], [-0.519888, 45.950283], [-0.519916, 45.950287], [-0.520583, 45.950447], [-0.521282, 45.95061], [-0.522687, 45.95093], [-0.522765, 45.95095], [-0.522865, 45.95097], [-0.522861, 45.951008], [-0.522874, 45.951042], [-0.522901, 45.951073], [-0.522941, 45.9511], [-0.52299, 45.95111], [-0.523046, 45.951115], [-0.5231, 45.951107], [-0.523148, 45.951084], [-0.523183, 45.951054], [-0.523198, 45.95103], [-0.523204, 45.951], [-0.523201, 45.950974], [-0.523411, 45.95095], [-0.523468, 45.950935], [-0.523548, 45.950905], [-0.523641, 45.950863], [-0.523802, 45.95073], [-0.524103, 45.95045], [-0.524282, 45.950268], [-0.524767, 45.94974], [-0.524941, 45.94949], [-0.525044, 45.94932], [-0.52507925, 45.94927], [-0.525083, 45.94926], [-0.525091, 45.94925], [-0.525151, 45.949146], [-0.525517, 45.94929], [-0.525539, 45.9493], [-0.525693, 45.94936], [-0.525848, 45.949417], [-0.525991, 45.94947], [-0.526055, 45.949493], [-0.526107, 45.949516], [-0.52616, 45.94954], [-0.526365, 45.94963], [-0.526469, 45.94966], [-0.526726, 45.949738], [-0.527191, 45.94994], [-0.527817, 45.950264], [-0.528353, 45.950535], [-0.529136, 45.95097], [-0.529385, 45.95112], [-0.529685, 45.95131], [-0.529741, 45.951363], [-0.529886, 45.951492], [-0.529892, 45.951538], [-0.529984, 45.951553], [-0.530026, 45.951576], [-0.530101, 45.951653], [-0.530178, 45.95173], [-0.530204, 45.951805], [-0.530223, 45.95186], [-0.530263, 45.95197], [-0.530251, 45.952007], [-0.530255, 45.95205], [-0.530276, 45.952087], [-0.530241, 45.952187], [-0.53018, 45.95231], [-0.530114, 45.952393], [-0.529769, 45.95276], [-0.529652, 45.95291], [-0.529556, 45.953056], [-0.529397, 45.95337], [-0.529262, 45.95364], [-0.529149, 45.95387], [-0.529041, 45.953945], [-0.528991, 45.95396], [-0.528949, 45.953987], [-0.528918, 45.954018], [-0.528901, 45.954056], [-0.528899, 45.954094], [-0.528912, 45.954132], [-0.528941, 45.954166], [-0.528945, 45.954266], [-0.528935, 45.95433], [-0.528895, 45.954517], [-0.528766, 45.95478], [-0.528738, 45.95489], [-0.528676, 45.955128], [-0.52864, 45.955784], [-0.528488, 45.956116], [-0.528394, 45.956146], [-0.528315, 45.956196], [-0.528258, 45.956257], [-0.528226, 45.956326], [-0.528224, 45.956398], [-0.52825, 45.95647], [-0.528296, 45.956528], [-0.528359, 45.956573], [-0.528437, 45.956608], [-0.528521, 45.956627], [-0.528609, 45.95663], [-0.528697, 45.956623], [-0.528789, 45.956596], [-0.528869, 45.956554], [-0.52893, 45.9565], [-0.529005, 45.956474], [-0.52913, 45.95644], [-0.529597, 45.956425], [-0.535507, 45.956745], [-0.536073, 45.95679], [-0.536684, 45.956863], [-0.537247, 45.95694], [-0.537968, 45.957077], [-0.538663, 45.957245], [-0.53919, 45.957397], [-0.539717, 45.957565], [-0.540264, 45.957775], [-0.540779, 45.95798], [-0.54126, 45.958195], [-0.54207, 45.958637], [-0.542242, 45.958733], [-0.545206, 45.96054], [-0.545681, 45.96094], [-0.545648, 45.961018], [-0.545644, 45.961098], [-0.545678, 45.96119], [-0.545751, 45.961273], [-0.545838, 45.961327], [-0.545941, 45.96136], [-0.546058, 45.96138], [-0.546176, 45.961376], [-0.546277, 45.961353], [-0.546368, 45.961315], [-0.546595, 45.961315], [-0.546961, 45.961395], [-0.547291, 45.961544], [-0.547643, 45.961723], [-0.550611, 45.96332], [-0.550687, 45.963364], [-0.551519, 45.9638], [-0.552331, 45.964226], [-0.552521, 45.96434], [-0.552759, 45.964493], [-0.552829, 45.964577], [-0.552813, 45.964626], [-0.552812, 45.96468], [-0.552828, 45.96473], [-0.552869, 45.96479], [-0.552933, 45.964836], [-0.553014, 45.964874], [-0.553105, 45.96489], [-0.553179, 45.964893], [-0.553251, 45.96488], [-0.553319, 45.964863], [-0.553438, 45.96488], [-0.553601, 45.96494], [-0.553818, 45.965023], [-0.554285, 45.96529], [-0.555007, 45.965717], [-0.556356, 45.966606], [-0.556715, 45.96685], [-0.558217, 45.96812], [-0.558539, 45.96838], [-0.558853, 45.968597], [-0.559193, 45.968807], [-0.560571, 45.969563], [-0.562156, 45.97046], [-0.562721, 45.97078], [-0.562851, 45.97086], [-0.563015, 45.970997], [-0.5631936, 45.971157], [-0.563209, 45.971172], [-0.563268, 45.971226], [-0.563671, 45.971653], [-0.563786, 45.97176], [-0.563842, 45.971813], [-0.563878, 45.971844], [-0.563922, 45.971867], [-0.564503, 45.97211], [-0.564559, 45.972137], [-0.564626, 45.972164], [-0.566001, 45.972675], [-0.566188, 45.97273], [-0.566418, 45.972775], [-0.566669, 45.972813], [-0.567325, 45.97287], [-0.567728, 45.972908], [-0.568126, 45.97296], [-0.569496, 45.973206], [-0.570179, 45.973335], [-0.570525, 45.973427], [-0.570842, 45.97354], [-0.5711, 45.973682], [-0.571327, 45.973835], [-0.571522, 45.974014], [-0.571708, 45.97421], [-0.571847, 45.97442], [-0.572102, 45.974964], [-0.572229, 45.975132], [-0.572367, 45.97529], [-0.572417, 45.975338], [-0.573307, 45.976204], [-0.573743, 45.976616], [-0.574009, 45.976837], [-0.574264, 45.977028], [-0.574296, 45.97705], [-0.574928, 45.977486], [-0.576088, 45.97828], [-0.576393, 45.97846], [-0.57672, 45.978622], [-0.577191, 45.978832], [-0.580032, 45.980057], [-0.581989, 45.9809], [-0.582317, 45.981056], [-0.582433, 45.981113], [-0.582692, 45.981277], [-0.582917, 45.98144], [-0.582946, 45.981464], [-0.583438, 45.98183], [-0.585972, 45.98378], [-0.58667, 45.984314], [-0.589451, 45.986446], [-0.589775, 45.986687], [-0.589932, 45.98681], [-0.590336, 45.98712], [-0.590323, 45.987255], [-0.590416, 45.987335], [-0.590416, 45.987335], [-0.590577, 45.987476], [-0.590719, 45.98743], [-0.592484, 45.98876], [-0.593275, 45.989376], [-0.593507, 45.98955], [-0.59444, 45.99028], [-0.595147, 45.990856], [-0.595328, 45.991028], [-0.595536, 45.991257], [-0.595958, 45.99177], [-0.59602, 45.991856], [-0.596073, 45.991936], [-0.596131, 45.992004], [-0.596387, 45.99243], [-0.59648, 45.992622], [-0.596519, 45.992718], [-0.596519, 45.992718], [-0.596681, 45.993107], [-0.596701, 45.99315], [-0.596924, 45.99366], [-0.596991, 45.99379], [-0.597042, 45.994007], [-0.59714, 45.994392], [-0.597208, 45.99466], [-0.597397, 45.995377], [-0.597498, 45.995754], [-0.597437, 45.99626], [-0.597285, 45.997738], [-0.597283, 45.997997], [-0.597318, 45.998196], [-0.597429, 45.99852], [-0.597891, 45.999634], [-0.597992, 45.99993], [-0.598043, 46.000137], [-0.598098, 46.00062], [-0.598117, 46.000774], [-0.598198, 46.00136], [-0.598279, 46.00159], [-0.598425, 46.001846], [-0.599697, 46.003727], [-0.599855, 46.003952], [-0.600059, 46.00417], [-0.600297, 46.004387], [-0.601671, 46.005524], [-0.603046, 46.00665], [-0.603242, 46.006786], [-0.603443, 46.00691], [-0.603749, 46.00707], [-0.604241, 46.007305], [-0.606325, 46.008312], [-0.608523, 46.009377], [-0.609085, 46.00966], [-0.609304, 46.009792], [-0.609485, 46.009926], [-0.609676, 46.010075], [-0.609948, 46.010365], [-0.61179, 46.012466], [-0.61296, 46.01378], [-0.61298, 46.013798], [-0.613023, 46.01379], [-0.613177, 46.013756], [-0.613741, 46.013653], [-0.614746, 46.01342], [-0.615016, 46.013348], [-0.615564, 46.013077], [-0.616418, 46.012695], [-0.616689, 46.012566], [-0.616826, 46.012524], [-0.616992, 46.012493], [-0.617288, 46.012463], [-0.617501, 46.012405], [-0.618533, 46.012028], [-0.618693, 46.01197], [-0.619052, 46.011856], [-0.619814, 46.011677], [-0.620554, 46.01153], [-0.620716, 46.011482], [-0.620908, 46.0114], [-0.621072, 46.0113], [-0.621246, 46.011173], [-0.621593, 46.010937], [-0.622402, 46.01046], [-0.623029, 46.01011], [-0.623666, 46.009823], [-0.624662, 46.009403], [-0.625046, 46.009228], [-0.625269, 46.009098], [-0.625492, 46.00894], [-0.625639, 46.008823], [-0.625764, 46.00863], [-0.625869, 46.008553], [-0.626107, 46.00852], [-0.62607, 46.00865], [-0.625972, 46.009037], [-0.625905, 46.009304], [-0.625828, 46.009518], [-0.625632, 46.009884], [-0.625328, 46.0104], [-0.625252, 46.010574], [-0.625212, 46.01076], [-0.625192, 46.010838], [-0.625227, 46.010975], [-0.625314, 46.011173], [-0.626061, 46.01259], [-0.626117, 46.012737], [-0.626139, 46.01286], [-0.626102, 46.012928], [-0.625996, 46.01308], [-0.625848, 46.01323], [-0.625656, 46.013435], [-0.625564, 46.01356], [-0.625535, 46.013615], [-0.625521, 46.013668], [-0.62552, 46.013725], [-0.625532, 46.013786], [-0.625576, 46.01386], [-0.625653, 46.01394], [-0.626021, 46.01425], [-0.626451, 46.014606], [-0.626688, 46.014824], [-0.626806, 46.01498], [-0.626862, 46.01508], [-0.626903, 46.015198], [-0.626917, 46.015324], [-0.626894, 46.01542], [-0.62686, 46.015495], [-0.626808, 46.015568], [-0.626709, 46.01568], [-0.626222, 46.01612], [-0.626107, 46.016228], [-0.625875, 46.016445], [-0.625817, 46.016495], [-0.625772, 46.016525], [-0.625684, 46.01658], [-0.625462, 46.016697], [-0.625434, 46.016716], [-0.625225, 46.016838], [-0.625059, 46.016937], [-0.625059, 46.016937], [-0.624798, 46.017143], [-0.624683, 46.017258], [-0.624543, 46.01741], [-0.624432, 46.017532], [-0.624297, 46.01768], [-0.62417, 46.017815], [-0.624042, 46.017952], [-0.623884, 46.01808], [-0.62373, 46.01818], [-0.623642, 46.018215], [-0.623573, 46.01823], [-0.623521, 46.018234], [-0.62348, 46.018234], [-0.623428, 46.018223], [-0.623296, 46.018166], [-0.623242, 46.018143], [-0.623208, 46.01813], [-0.623186, 46.01813], [-0.623134, 46.01813], [-0.62307, 46.01814], [-0.622977, 46.018154], [-0.622913, 46.018173], [-0.622854, 46.018204], [-0.622711, 46.01829], [-0.622128, 46.018642], [-0.621686, 46.0189], [-0.621509, 46.018986], [-0.62096, 46.019215], [-0.619976, 46.019703], [-0.618592, 46.020424], [-0.615549, 46.021996], [-0.614802, 46.02238], [-0.614735, 46.022404], [-0.614678, 46.022415], [-0.614705, 46.02258], [-0.614783, 46.022926], [-0.614867, 46.023224], [-0.615056, 46.023846], [-0.615247, 46.024364], [-0.615377, 46.024586], [-0.61553, 46.024807], [-0.61614, 46.025562], [-0.616793, 46.02639], [-0.616896, 46.02656], [-0.616907, 46.026577], [-0.61703, 46.02682], [-0.617312, 46.02758], [-0.617452, 46.027985], [-0.617501, 46.028206], [-0.61753, 46.02853], [-0.617501, 46.02945], [-0.617521, 46.029667], [-0.617574, 46.029873], [-0.617722, 46.03024], [-0.617846, 46.03054], [-0.618334, 46.031647], [-0.618468, 46.031853], [-0.618608, 46.032036], [-0.618807, 46.03223], [-0.62068, 46.033638], [-0.620943, 46.033817], [-0.621249, 46.034004], [-0.621904, 46.034374], [-0.623056, 46.035], [-0.624311, 46.03567], [-0.624688, 46.03586], [-0.624881, 46.035954], [-0.625593, 46.036266], [-0.62628, 46.03657], [-0.627284, 46.03699], [-0.627746, 46.03723], [-0.628015, 46.03742], [-0.628273, 46.037678], [-0.628435, 46.03804], [-0.628578, 46.038338], [-0.628632, 46.03846], [-0.62864757, 46.038494], [-0.628656, 46.038513], [-0.628695, 46.038597], [-0.628759, 46.0387], [-0.629023, 46.03903], [-0.629082, 46.0391], [-0.629159, 46.039227], [-0.629231, 46.039227], [-0.629862, 46.039223], [-0.630472, 46.03921], [-0.631378, 46.039196], [-0.631792, 46.039185], [-0.632045, 46.03918], [-0.632265, 46.039185], [-0.632425, 46.039196], [-0.632507, 46.0392], [-0.632685, 46.039227], [-0.632847, 46.039265], [-0.633076, 46.039326], [-0.633918, 46.03958], [-0.634774, 46.039837], [-0.635189, 46.03996], [-0.635538, 46.04005], [-0.635815, 46.040127], [-0.635849, 46.040134], [-0.636127, 46.04023], [-0.636253, 46.040276], [-0.636311, 46.0403], [-0.636452, 46.040344], [-0.63684, 46.040478], [-0.637473, 46.0407], [-0.638503, 46.041073], [-0.638618, 46.041115], [-0.639312, 46.041405], [-0.639693, 46.04158], [-0.639881, 46.041676], [-0.640545, 46.042027], [-0.640988, 46.04224], [-0.641609, 46.042538], [-0.642299, 46.04285], [-0.642781, 46.043076], [-0.643233, 46.0433], [-0.643818, 46.04361], [-0.644021, 46.043713], [-0.644193, 46.043785], [-0.644348, 46.043842], [-0.644486, 46.043888], [-0.644694, 46.043938], [-0.644962, 46.043995], [-0.645113, 46.04401], [-0.645228, 46.044018], [-0.645329, 46.044018], [-0.645405, 46.044014], [-0.645515, 46.044003], [-0.645741, 46.04397], [-0.646291, 46.043884], [-0.646556, 46.043842], [-0.646812, 46.0438], [-0.646986, 46.043785], [-0.647144, 46.04378], [-0.647318, 46.043793], [-0.647625, 46.04382], [-0.648804, 46.04394], [-0.649318, 46.04399], [-0.649889, 46.044033], [-0.650054, 46.044044], [-0.650434, 46.044067], [-0.651338, 46.044113], [-0.65214, 46.04416], [-0.652387, 46.04417], [-0.652564, 46.044178], [-0.653121, 46.044205], [-0.653643, 46.044235], [-0.65498, 46.044304], [-0.656249, 46.044373], [-0.656767, 46.0444], [-0.657027, 46.04442], [-0.65726, 46.04445], [-0.657439, 46.04448], [-0.657624, 46.04452], [-0.657817, 46.044582], [-0.658188, 46.044704], [-0.659193, 46.045055], [-0.660119, 46.045376], [-0.660382, 46.045456], [-0.660575, 46.045513], [-0.660748, 46.04555], [-0.661066, 46.04562], [-0.661412, 46.04569], [-0.661795, 46.045746], [-0.662184, 46.045795], [-0.662798, 46.045853], [-0.6633, 46.04589], [-0.664538, 46.04598], [-0.665051, 46.046017], [-0.6665, 46.04618], [-0.667219, 46.046265], [-0.667313, 46.046272], [-0.667538, 46.04629], [-0.667707, 46.0463], [-0.667852, 46.046303], [-0.66813, 46.046295], [-0.668538, 46.046284], [-0.669126, 46.046265], [-0.669265, 46.04626], [-0.669426, 46.046265], [-0.669631, 46.046276], [-0.669879, 46.0463], [-0.67029, 46.046352], [-0.670988, 46.04645], [-0.671134, 46.04647], [-0.671288, 46.046494], [-0.671474, 46.046516], [-0.671637, 46.04653], [-0.671882, 46.04655], [-0.672149, 46.046562], [-0.672521, 46.046566], [-0.672848, 46.046555], [-0.673204, 46.046535], [-0.673612, 46.04651], [-0.674296, 46.04646], [-0.674962, 46.046413], [-0.675138, 46.046406], [-0.675284, 46.046406], [-0.675448, 46.04641], [-0.675636, 46.04643], [-0.675975, 46.046467], [-0.676145, 46.046486], [-0.676266, 46.0465], [-0.676871, 46.04658], [-0.677798, 46.0467], [-0.679387, 46.046913], [-0.680125, 46.04701], [-0.680943, 46.047104], [-0.682312, 46.04726], [-0.683704, 46.047424], [-0.68573, 46.04762], [-0.69008, 46.04806], [-0.690862, 46.048126], [-0.69151, 46.048183], [-0.692056, 46.04822], [-0.693015, 46.048298], [-0.69316, 46.048313], [-0.693331, 46.04834], [-0.693461, 46.048378], [-0.693842, 46.048492], [-0.693978, 46.048527], [-0.694078, 46.048546], [-0.694221, 46.04856], [-0.694367, 46.04857], [-0.694647, 46.048573], [-0.695271, 46.048584], [-0.696123, 46.04859], [-0.697196, 46.048607], [-0.698177, 46.048622], [-0.698642, 46.048634], [-0.699215, 46.04866], [-0.699338, 46.048668], [-0.699653, 46.048706], [-0.700082, 46.048767], [-0.700629, 46.048878], [-0.70125, 46.049004], [-0.702415, 46.049248], [-0.703294, 46.049423], [-0.703421, 46.049454], [-0.703515, 46.049477], [-0.703845, 46.04956], [-0.704206, 46.04969], [-0.704532, 46.049828], [-0.704848, 46.049965], [-0.705063, 46.05006], [-0.70519, 46.050106], [-0.705377, 46.05016], [-0.7055, 46.0502], [-0.705707, 46.050266], [-0.705763, 46.050285], [-0.705894, 46.050316], [-0.70601, 46.050346], [-0.70613, 46.050385], [-0.706216, 46.05041], [-0.706291, 46.050446], [-0.706435, 46.05051], [-0.706477, 46.050533], [-0.706616, 46.0506], [-0.70664, 46.05061], [-0.706834, 46.050705], [-0.706895, 46.050743], [-0.706895, 46.050743], [-0.706947, 46.050777], [-0.707281, 46.05097], [-0.707411, 46.051044], [-0.707502, 46.051094], [-0.707509, 46.051098], [-0.707594, 46.051144], [-0.707722, 46.051212], [-0.707805, 46.05125], [-0.708167, 46.0514], [-0.708576, 46.051548], [-0.709154, 46.051743], [-0.709136, 46.051773], [-0.708973, 46.05205], [-0.708943, 46.0521], [-0.708854, 46.05225], [-0.708821, 46.052315], [-0.708809, 46.05237], [-0.708804, 46.052414], [-0.708809, 46.052624], [-0.708817, 46.053226], [-0.708761, 46.053528], [-0.708663, 46.05386], [-0.708403, 46.0543], [-0.707784, 46.055374], [-0.707599, 46.055668], [-0.707525, 46.055878], [-0.707471, 46.056145], [-0.707428, 46.05662], [-0.707413, 46.056892], [-0.707443, 46.057182], [-0.707603, 46.058167], [-0.707604, 46.058506], [-0.707532, 46.05879], [-0.70738, 46.05906], [-0.707093, 46.059364], [-0.7067, 46.059757], [-0.706065, 46.060303], [-0.705447, 46.060772], [-0.705001, 46.061184], [-0.704748, 46.06153], [-0.704209, 46.06232], [-0.703591, 46.063225], [-0.703487, 46.063408], [-0.70301, 46.064392], [-0.702572, 46.065323], [-0.70246, 46.066006], [-0.70246, 46.066257], [-0.702482, 46.066593], [-0.702735, 46.067764], [-0.703162, 46.069897], [-0.703293, 46.07047], [-0.703834, 46.073166], [-0.703945, 46.07349], [-0.70416, 46.07376], [-0.70444, 46.07405], [-0.704584, 46.074226], [-0.704718, 46.07442], [-0.705033, 46.074566], [-0.705595, 46.07488], [-0.706701, 46.0753], [-0.70795, 46.075733], [-0.70944, 46.076317], [-0.710511, 46.076717], [-0.711751, 46.077015], [-0.712589, 46.077244], [-0.712904, 46.07733], [-0.71374, 46.07774], [-0.71408, 46.07792], [-0.714353, 46.07813], [-0.714394, 46.07816], [-0.71624, 46.079494], [-0.716366, 46.07959], [-0.716622, 46.079807], [-0.71687, 46.07998], [-0.717111, 46.080215], [-0.71712816, 46.080235], [-0.717239, 46.08036], [-0.717224, 46.080376], [-0.716296, 46.081295], [-0.716039, 46.08155], [-0.715817, 46.0818], [-0.715506, 46.082222], [-0.715227, 46.0826], [-0.715172, 46.08267], [-0.715035, 46.08284], [-0.714637, 46.08332], [-0.714326, 46.083675], [-0.714004, 46.08392], [-0.713744, 46.084084], [-0.713511, 46.084282], [-0.713221, 46.08458], [-0.713055, 46.084732], [-0.71296, 46.084747], [-0.712872, 46.084736], [-0.712819, 46.084698], [-0.712668, 46.084564], [-0.712625, 46.084538], [-0.712547, 46.084503], [-0.712473, 46.084496], [-0.712402, 46.0845], [-0.712338, 46.084507], [-0.712065, 46.084846], [-0.711884, 46.085007], [-0.711825, 46.085056], [-0.711705, 46.08515], [-0.711603, 46.085236], [-0.711603, 46.085236], [-0.711466, 46.08535], [-0.711435, 46.085373], [-0.711423, 46.085384], [-0.711242, 46.08553], [-0.710973, 46.085682], [-0.710855, 46.085747], [-0.710708, 46.08583], [-0.710677, 46.08585], [-0.710651, 46.08586], [-0.710586, 46.0859], [-0.710482, 46.08594], [-0.710335, 46.085983], [-0.710248, 46.086002], [-0.710164, 46.086014], [-0.709681, 46.086063], [-0.70892, 46.08618], [-0.708597, 46.086235], [-0.708359, 46.08629], [-0.70751, 46.086544], [-0.706784, 46.086765], [-0.706505, 46.0869], [-0.706462, 46.08692], [-0.706944, 46.08727], [-0.7073666, 46.08758], [-0.707398, 46.087605], [-0.707744, 46.08786], [-0.707944, 46.088017], [-0.7082, 46.0882], [-0.708248, 46.088234], [-0.709018, 46.088802], [-0.709068, 46.08884], [-0.709151, 46.0889], [-0.709757, 46.089348], [-0.711209, 46.090424], [-0.711587, 46.090603], [-0.712156, 46.09086], [-0.715682, 46.09239], [-0.721215, 46.094795], [-0.730863, 46.098946], [-0.731846, 46.09942], [-0.731898, 46.09948], [-0.731976, 46.09956], [-0.73202, 46.0996], [-0.73202, 46.099613], [-0.732044, 46.09966], [-0.732087, 46.099693], [-0.732145, 46.099716], [-0.732211, 46.099724], [-0.732277, 46.099712], [-0.732295, 46.09971], [-0.73241, 46.09972], [-0.73252, 46.09974], [-0.732598, 46.099747], [-0.733291, 46.100025], [-0.735847, 46.101147], [-0.736096, 46.10138], [-0.736209, 46.101578], [-0.736293, 46.10176], [-0.736334, 46.102013], [-0.736399, 46.102192], [-0.736488, 46.10237], [-0.736624, 46.10255], [-0.736772, 46.102695], [-0.737086, 46.102917], [-0.737651, 46.103317], [-0.737802, 46.103424], [-0.738177, 46.10369], [-0.73827, 46.103752], [-0.738602, 46.103943], [-0.738751, 46.104053], [-0.738829, 46.104122], [-0.738831, 46.10415], [-0.738842, 46.10417], [-0.738852, 46.104183], [-0.738886, 46.10421], [-0.738918, 46.10422], [-0.738953, 46.10423], [-0.739034, 46.104263], [-0.739099, 46.1043], [-0.739193, 46.104355], [-0.739582, 46.10479], [-0.739775, 46.105], [-0.73982, 46.105057], [-0.739915, 46.105167], [-0.740012, 46.105297], [-0.740107, 46.105434], [-0.740209, 46.105595], [-0.740291, 46.105736], [-0.740368, 46.10589], [-0.740647, 46.106525], [-0.740781, 46.10684], [-0.740835, 46.10697], [-0.74089, 46.1071], [-0.741135, 46.1076], [-0.741215, 46.107773], [-0.741292, 46.107925], [-0.741378, 46.10805], [-0.741514, 46.108204], [-0.741565, 46.1083], [-0.741666, 46.108425], [-0.74173, 46.1085], [-0.741758, 46.108536], [-0.741854, 46.108643], [-0.74185, 46.10869], [-0.741834, 46.10872], [-0.741809, 46.108746], [-0.74177, 46.108776], [-0.741709, 46.108803], [-0.741631, 46.10883], [-0.741555, 46.108856], [-0.741517, 46.108875], [-0.741485, 46.108902], [-0.741453, 46.10894], [-0.741431, 46.108986], [-0.741338, 46.10915], [-0.741075, 46.10956], [-0.740761, 46.109997], [-0.740579, 46.110195], [-0.740518, 46.110283], [-0.740483, 46.110264], [-0.740441, 46.110256], [-0.740399, 46.11026], [-0.74036, 46.110275], [-0.740331, 46.110294], [-0.740314, 46.11032], [-0.740311, 46.110348], [-0.74032, 46.11038], [-0.740342, 46.1104], [-0.740374, 46.110416], [-0.740407, 46.110428], [-0.740444, 46.110428], [-0.740479, 46.110424], [-0.74051, 46.11041], [-0.740535, 46.110394], [-0.740551, 46.11037], [-0.740557, 46.110348], [-0.740553, 46.11032], [-0.74054, 46.1103], [-0.740518, 46.110283], [-0.740579, 46.110195], [-0.740761, 46.109997], [-0.741075, 46.10956], [-0.741093, 46.109528], [-0.741338, 46.10915], [-0.741431, 46.108986], [-0.741453, 46.10894], [-0.741485, 46.108902], [-0.741517, 46.108875], [-0.741555, 46.108856], [-0.741631, 46.10883], [-0.741725, 46.10883], [-0.741841, 46.108807], [-0.74206, 46.108856], [-0.742176, 46.10899], [-0.742364, 46.109165], [-0.74253, 46.10932], [-0.742778, 46.109497], [-0.744931, 46.11159], [-0.745101, 46.11173], [-0.744911, 46.112022], [-0.745034, 46.112034], [-0.745149, 46.11184], [-0.745181, 46.111782], [-0.745101, 46.11173], [-0.744931, 46.11159], [-0.742778, 46.109497], [-0.742616, 46.109306], [-0.742494, 46.109173], [-0.742554, 46.109142], [-0.742592, 46.109097], [-0.742606, 46.10907], [-0.742616, 46.109035], [-0.742629, 46.10898], [-0.742632, 46.10891], [-0.742614, 46.108868], [-0.742599, 46.108826], [-0.74255, 46.108738], [-0.742073, 46.108734], [-0.741938, 46.108727], [-0.74206, 46.108856], [-0.742176, 46.10899], [-0.742364, 46.109165], [-0.74253, 46.10932], [-0.742778, 46.109497], [-0.744931, 46.11159], [-0.745101, 46.11173], [-0.745181, 46.111782], [-0.745412, 46.11193], [-0.745679, 46.11207], [-0.745981, 46.112213], [-0.746574, 46.112495], [-0.747311, 46.112846], [-0.747357, 46.112865], [-0.747542, 46.112953], [-0.747712, 46.113033], [-0.747762, 46.113056], [-0.748884, 46.113583], [-0.749061, 46.113667], [-0.750243, 46.11422], [-0.750386, 46.114277], [-0.750684, 46.114365], [-0.750992, 46.114433], [-0.751325, 46.11448], [-0.751617, 46.114506], [-0.751898, 46.114506], [-0.752166, 46.114487], [-0.75244, 46.114452], [-0.752762, 46.11439], [-0.753158, 46.114292], [-0.753698, 46.114147], [-0.755478, 46.113663], [-0.755768, 46.11358], [-0.756009, 46.113495], [-0.75615, 46.113445], [-0.75632, 46.113365], [-0.756616, 46.113213], [-0.756947, 46.11303], [-0.75712, 46.11299], [-0.757292, 46.112946], [-0.75737, 46.112953], [-0.757515, 46.112953], [-0.75759, 46.112953], [-0.757663, 46.11294], [-0.757735, 46.11291], [-0.757941, 46.112915], [-0.758092, 46.11295], [-0.758516, 46.113346], [-0.758595, 46.11339], [-0.758705, 46.113434], [-0.758807, 46.11345], [-0.758976, 46.11347], [-0.75917, 46.11346], [-0.760538, 46.11335], [-0.761417, 46.11327], [-0.761511, 46.113247], [-0.761549, 46.113266], [-0.761639, 46.11327], [-0.761777, 46.11325], [-0.761939, 46.113224], [-0.762076, 46.113216], [-0.762101, 46.113216], [-0.762182, 46.11321], [-0.762189, 46.113132], [-0.762191, 46.11311], [-0.762239, 46.113026], [-0.762304, 46.11294], [-0.762395, 46.112823], [-0.76246, 46.11277], [-0.762448, 46.112614], [-0.762248, 46.112637], [-0.762224, 46.11264], [-0.76219, 46.112644], [-0.762191, 46.112587], [-0.762178, 46.112476], [-0.762153, 46.112377], [-0.762076, 46.112152], [-0.762059, 46.111946], [-0.762063, 46.111828], [-0.762088, 46.111694], [-0.762159, 46.11157], [-0.76223, 46.11149], [-0.762331, 46.11141], [-0.762502, 46.111294], [-0.762647, 46.111233], [-0.762842, 46.111183], [-0.763043, 46.11115], [-0.763345, 46.11112], [-0.766384, 46.11089], [-0.766651, 46.11087], [-0.767917, 46.110783], [-0.768243, 46.110767], [-0.768463, 46.110764], [-0.768508, 46.110786], [-0.768559, 46.110798], [-0.768609, 46.110806], [-0.768658, 46.1108], [-0.768707, 46.110794], [-0.768774, 46.110767], [-0.768827, 46.11073], [-0.768857, 46.110687], [-0.76887, 46.11064], [-0.768865, 46.110596], [-0.768851, 46.110565], [-0.768831, 46.11054], [-0.768853, 46.11027], [-0.769205, 46.109016], [-0.769284, 46.108852], [-0.769338, 46.10876], [-0.769397, 46.108746], [-0.769446, 46.108715], [-0.769479, 46.108677], [-0.769495, 46.10863], [-0.769489, 46.108585], [-0.769462, 46.10854], [-0.769423, 46.10851], [-0.769398, 46.108406], [-0.769398, 46.108315], [-0.769508, 46.107822], [-0.769556, 46.10764], [-0.769574, 46.107555], [-0.769587, 46.107395], [-0.7696, 46.10724], [-0.769601, 46.10706], [-0.769607, 46.106895], [-0.7696, 46.106773], [-0.769569, 46.106503], [-0.769518, 46.106304], [-0.76945, 46.10618], [-0.769349, 46.10581], [-0.769226, 46.105534], [-0.769074, 46.105236], [-0.768315, 46.1039], [-0.768239, 46.103767], [-0.768166, 46.103638], [-0.768081, 46.103485], [-0.767574, 46.10259], [-0.767497, 46.102455], [-0.767404, 46.102314], [-0.767296, 46.1021], [-0.766944, 46.101494], [-0.766277, 46.100307], [-0.766264, 46.10028], [-0.766197, 46.100163], [-0.765796, 46.099453], [-0.765713, 46.09931], [-0.765438, 46.098873], [-0.765192, 46.09852], [-0.764953, 46.09825], [-0.76468, 46.09798], [-0.764486, 46.097794], [-0.764313, 46.097637], [-0.764114, 46.09747], [-0.763913, 46.097317], [-0.763636, 46.097115], [-0.763206, 46.09685], [-0.762844, 46.09661], [-0.762645, 46.096436], [-0.762651, 46.096394], [-0.762639, 46.096355], [-0.762618, 46.09633], [-0.762587, 46.096306], [-0.762549, 46.096287], [-0.7625, 46.096275], [-0.762447, 46.096275], [-0.762396, 46.096283], [-0.762351, 46.096302], [-0.762316, 46.09633], [-0.762292, 46.09636], [-0.762282, 46.096394], [-0.762286, 46.096428], [-0.762302, 46.09646], [-0.762183, 46.096687], [-0.761723, 46.097088], [-0.760934, 46.09785], [-0.759685, 46.099068], [-0.758722, 46.100014], [-0.758297, 46.100414], [-0.757893, 46.100815], [-0.757785, 46.100903], [-0.757635, 46.101013], [-0.757485, 46.101097], [-0.757318, 46.101177], [-0.75715, 46.101234], [-0.756828, 46.10131], [-0.756441, 46.101395], [-0.756046, 46.10146], [-0.755538, 46.101574], [-0.755259, 46.101654], [-0.75514, 46.101707], [-0.755022, 46.101784], [-0.754918, 46.101902], [-0.754638, 46.1023], [-0.754157, 46.10301], [-0.754051, 46.10315], [-0.753875, 46.103416], [-0.753816, 46.103497], [-0.753752, 46.103584], [-0.753654, 46.103718], [-0.753605, 46.103783], [-0.75351, 46.10393], [-0.753459, 46.104004], [-0.753392, 46.1041], [-0.753362, 46.10414], [-0.753063, 46.10457], [-0.753034, 46.10461], [-0.752829, 46.10491], [-0.752817, 46.104923], [-0.752728, 46.10504], [-0.752701, 46.10508], [-0.752636, 46.105164], [-0.752555, 46.105293], [-0.7525312, 46.10533]]}}]}